accuracy,balanced_accuracy,best_params,brier,confusion_matrix,dimension,f1_macro,f1_micro,f1_weighted,fn,fnr,fold,fp,fpr,kappa,log_loss,mcc,mode,model,npv,ppv,pr_auc,precision_macro,precision_micro,precision_weighted,recall_macro,recall_micro,recall_weighted,roc_auc,tn,tnr,tp,tpr
0.625,0.611111111111111,"{""clf__C"": 1.0, ""clf__gamma"": 0.001}",,"[[1, 0, 2], [1, 1, 0], [0, 0, 3]]",valence,0.6055555555555555,0.625,0.5979166666666667,,,0,,,0.41463414634146345,1.2421478190702637,0.4498677054212187,subject_dependent,rbf_svm,,,0.32896825396825397,0.7000000000000001,0.625,0.6625,0.611111111111111,0.625,0.625,0.25555555555555554,,,,
0.25,0.3333333333333333,"{""clf__C"": 1.0, ""clf__gamma"": 0.01}",,"[[0, 0, 2], [0, 0, 4], [0, 0, 2]]",valence,0.13333333333333333,0.25,0.1,,,1,,,0.0,1.3863494924696562,0.0,subject_dependent,rbf_svm,,,0.36071428571428577,0.08333333333333333,0.25,0.0625,0.3333333333333333,0.25,0.25,0.3055555555555556,,,,
0.5,0.3333333333333333,"{""clf__C"": 10.0, ""clf__gamma"": 0.001}",,"[[0, 0, 1], [0, 0, 3], [0, 0, 4]]",valence,0.2222222222222222,0.5,0.3333333333333333,,,2,,,0.0,1.167960699614268,0.0,subject_dependent,rbf_svm,,,0.3662698412698413,0.16666666666666666,0.5,0.25,0.3333333333333333,0.5,0.5,0.2847222222222222,,,,
0.25,0.25,"{""clf__C"": 10.0, ""clf__gamma"": 0.001}",0.30477006544389446,"[[0, 2, 2], [0, 0, 0], [0, 2, 2]]",valence,0.16666666666666666,0.25,0.25,,,3,,,0.0,,0.0,subject_dependent,rbf_svm,,,,0.16666666666666666,0.25,0.25,0.16666666666666666,0.25,0.25,,,,,
0.5,0.3666666666666667,"{""clf__C"": 1.0, ""clf__gamma"": 0.001}",,"[[1, 0, 1], [0, 0, 1], [2, 0, 3]]",valence,0.3333333333333333,0.5,0.475,,,4,,,0.030303030303030276,1.1302298765387095,0.03131121455425748,subject_dependent,rbf_svm,,,0.3423809523809524,0.3111111111111111,0.5,0.4583333333333333,0.3666666666666667,0.5,0.5,0.21428571428571433,,,,
0.5,0.3333333333333333,"{""clf__C"": 10.0, ""clf__gamma"": 0.001}",,"[[0, 0, 2], [0, 0, 2], [0, 0, 4]]",valence,0.2222222222222222,0.5,0.3333333333333333,,,0,,,0.0,1.1221190949156503,0.0,subject_dependent,rbf_svm,,,0.4170634920634921,0.16666666666666666,0.5,0.25,0.3333333333333333,0.5,0.5,0.4444444444444445,,,,
0.5,0.26666666666666666,"{""clf__C"": 1.0, ""clf__gamma"": 0.001}",,"[[0, 1, 1], [0, 0, 1], [0, 1, 4]]",valence,0.24242424242424243,0.5,0.4545454545454546,,,1,,,0.0,0.9833847827483975,0.0,subject_dependent,rbf_svm,,,0.5177777777777778,0.2222222222222222,0.5,0.41666666666666663,0.26666666666666666,0.5,0.5,0.4904761904761905,,,,
0.5,0.3333333333333333,"{""clf__C"": 10.0, ""clf__gamma"": 0.001}",,"[[0, 0, 2], [0, 0, 2], [0, 0, 4]]",valence,0.2222222222222222,0.5,0.3333333333333333,,,2,,,0.0,1.013805920066246,0.0,subject_dependent,rbf_svm,,,0.5448412698412698,0.16666666666666666,0.5,0.25,0.3333333333333333,0.5,0.5,0.5902777777777778,,,,
0.625,0.611111111111111,"{""clf__C"": 1.0, ""clf__gamma"": 0.001}",,"[[1, 1, 0], [0, 2, 1], [0, 1, 2]]",valence,0.6349206349206349,0.625,0.6309523809523809,,,3,,,0.41463414634146345,1.3270985539064435,0.42553224817349505,subject_dependent,rbf_svm,,,0.3275132275132275,0.7222222222222222,0.625,0.6875,0.611111111111111,0.625,0.625,0.24444444444444444,,,,
0.5,0.3611111111111111,"{""clf__C"": 10.0, ""clf__gamma"": 0.001}",,"[[0, 0, 1], [0, 1, 2], [0, 1, 3]]",valence,0.3333333333333333,0.5,0.45,,,4,,,0.05882352941176472,0.9064047318848555,0.06622661785325219,subject_dependent,rbf_svm,,,0.542526455026455,0.3333333333333333,0.5,0.4375,0.3611111111111111,0.5,0.5,0.6654761904761904,,,,
0.75,0.6666666666666666,"{""clf__C"": 1.0, ""clf__gamma"": 0.001}",0.1645149330021937,"[[5, 0], [2, 1]]",valence,0.6666666666666667,0.75,0.7083333333333334,2,0.6666666666666666,0,0,0.0,0.3846153846153846,0.5133934527326542,0.4879500364742666,subject_dependent,rbf_svm,0.7142857142857143,1.0,0.4859523809523809,0.8571428571428572,0.75,0.8214285714285714,0.6666666666666666,0.75,0.75,0.9333333333333333,5,1.0,1,0.3333333333333333
0.875,0.8333333333333333,"{""clf__C"": 1.0, ""clf__gamma"": 0.001}",0.10966359015757733,"[[5, 0], [1, 2]]",valence,0.8545454545454545,0.875,0.8681818181818182,1,0.3333333333333333,1,0,0.0,0.7142857142857143,0.3830511023206641,0.7453559924999299,subject_dependent,rbf_svm,0.8333333333333334,1.0,0.46928571428571425,0.9166666666666667,0.875,0.8958333333333334,0.8333333333333333,0.875,0.875,1.0,5,1.0,2,0.6666666666666666
0.75,0.75,"{""clf__C"": 10.0, ""clf__gamma"": 0.001}",0.17580034341501935,"[[4, 0], [2, 2]]",valence,0.7333333333333334,0.75,0.7333333333333334,2,0.5,2,0,0.0,0.5,0.5526290769746447,0.5773502691896258,subject_dependent,rbf_svm,0.6666666666666666,1.0,0.4303571428571429,0.8333333333333333,0.75,0.8333333333333333,0.75,0.75,0.75,0.75,4,1.0,2,0.5
0.625,0.5,"{""clf__C"": 1.0, ""clf__gamma"": 0.001}",0.10682663405805608,"[[5, 0], [3, 0]]",valence,0.38461538461538464,0.625,0.4807692307692308,3,1.0,3,0,0.0,0.0,0.3796888178712484,0.0,subject_dependent,rbf_svm,0.625,0.0,0.46928571428571425,0.3125,0.625,0.390625,0.5,0.625,0.625,1.0,5,1.0,0,0.0
0.75,0.7333333333333334,"{""clf__C"": 10.0, ""clf__gamma"": 0.001}",0.22063881663472473,"[[4, 1], [1, 2]]",valence,0.7333333333333334,0.75,0.75,1,0.3333333333333333,4,1,0.2,0.4666666666666667,0.6713143855534456,0.4666666666666667,subject_dependent,rbf_svm,0.8,0.6666666666666666,0.5592857142857143,0.7333333333333334,0.75,0.75,0.7333333333333334,0.75,0.75,0.7333333333333333,4,0.8,2,0.6666666666666666
0.25,0.3333333333333333,"{""clf__C"": 10.0, ""clf__gamma"": 0.001}",,"[[2, 0, 0], [3, 0, 0], [3, 0, 0]]",valence,0.13333333333333333,0.25,0.1,,,0,,,0.0,1.2357855588929234,0.0,subject_dependent,rbf_svm,,,0.43743386243386245,0.08333333333333333,0.25,0.0625,0.3333333333333333,0.25,0.25,0.4444444444444444,,,,
0.375,0.375,"{""clf__C"": 1.0, ""clf__gamma"": 0.001}",0.30328894590069555,"[[2, 1, 1], [0, 0, 0], [2, 1, 1]]",valence,0.27777777777777773,0.375,0.41666666666666663,,,1,,,0.0,,0.0,subject_dependent,rbf_svm,,,,0.3333333333333333,0.375,0.5,0.25,0.375,0.375,,,,,
0.5,0.3333333333333333,"{""clf__C"": 1.0, ""clf__gamma"": 0.01}",,"[[4, 0, 0], [3, 0, 0], [1, 0, 0]]",valence,0.2222222222222222,0.5,0.3333333333333333,,,2,,,0.0,1.157525097821534,0.0,subject_dependent,rbf_svm,,,0.8753968253968254,0.16666666666666666,0.5,0.25,0.3333333333333333,0.5,0.5,0.8277777777777778,,,,
0.625,0.5,"{""clf__C"": 10.0, ""clf__gamma"": 0.001}",,"[[4, 0, 0], [2, 0, 0], [1, 0, 1]]",valence,0.4646464646464647,0.625,0.5303030303030303,,,3,,,0.2941176470588235,1.2157289145463053,0.4225771273642583,subject_dependent,rbf_svm,,,0.3527777777777778,0.5238095238095238,0.625,0.5357142857142857,0.5,0.625,0.625,0.2430555555555555,,,,
0.625,0.47222222222222215,"{""clf__C"": 1.0, ""clf__gamma"": 0.001}",,"[[3, 0, 1], [1, 0, 0], [1, 0, 2]]",valence,0.4444444444444444,0.625,0.5833333333333333,,,4,,,0.3142857142857143,1.1096754683143,0.32579188276750076,subject_dependent,rbf_svm,,,0.5029761904761905,0.4222222222222222,0.625,0.55,0.47222222222222215,0.625,0.625,0.582936507936508,,,,
0.375,0.3333333333333333,"{""clf__C"": 1.0, ""clf__gamma"": 0.1}",,"[[0, 0, 1], [0, 0, 4], [0, 0, 3]]",valence,0.1818181818181818,0.375,0.20454545454545453,,,0,,,0.0,1.0780569024223925,0.0,subject_dependent,rbf_svm,,,0.3333333333333333,0.125,0.375,0.140625,0.3333333333333333,0.375,0.375,0.5,,,,
0.75,0.5,"{""clf__C"": 10.0, ""clf__gamma"": 0.001}",,"[[0, 0, 1], [0, 1, 1], [0, 0, 5]]",valence,0.5,0.75,0.6875,,,1,,,0.40740740740740744,0.9786586383900969,0.5041841733655162,subject_dependent,rbf_svm,,,0.3536507936507936,0.5714285714285715,0.75,0.6964285714285714,0.5,0.75,0.75,0.37936507936507935,,,,
0.25,0.3333333333333333,"{""clf__C"": 10.0, ""clf__gamma"": 0.001}",,"[[0, 0, 2], [0, 0, 4], [0, 0, 2]]",valence,0.13333333333333333,0.25,0.1,,,2,,,0.0,1.4104203843699086,0.0,subject_dependent,rbf_svm,,,0.34722222222222215,0.08333333333333333,0.25,0.0625,0.3333333333333333,0.25,0.25,0.375,,,,
0.5,0.26666666666666666,"{""clf__C"": 1.0, ""clf__gamma"": 0.001}",,"[[0, 0, 2], [0, 0, 1], [0, 1, 4]]",valence,0.2222222222222222,0.5,0.41666666666666663,,,3,,,-0.1428571428571428,1.317787890710623,-0.18333969940564226,subject_dependent,rbf_svm,,,0.5588888888888889,0.19047619047619047,0.5,0.3571428571428571,0.26666666666666666,0.5,0.5,0.669047619047619,,,,
0.75,0.6666666666666666,"{""clf__C"": 1.0, ""clf__gamma"": 0.001}",0.2686833837756011,"[[1, 2], [0, 5]]",valence,0.6666666666666667,0.75,0.7083333333333334,0,0.0,4,2,0.6666666666666666,0.3846153846153846,,0.4879500364742666,subject_dependent,rbf_svm,1.0,0.7142857142857143,,0.8571428571428572,0.75,0.8214285714285714,0.6666666666666666,0.75,0.75,,1,0.3333333333333333,5,1.0
0.25,0.25,"{""clf__C"": 10.0, ""clf__gamma"": 0.001}",0.2593874444619947,"[[0, 4], [2, 2]]",valence,0.2,0.25,0.2,2,0.5,0,4,1.0,-0.5,0.7102753875069422,-0.5773502691896258,subject_dependent,rbf_svm,0.0,0.3333333333333333,0.4154761904761905,0.16666666666666666,0.25,0.16666666666666666,0.25,0.25,0.25,0.8125,0,0.0,2,0.5
0.375,0.5,"{""clf__C"": 0.1, ""clf__gamma"": 0.001}",0.26299364527536423,"[[3, 0], [5, 0]]",valence,0.2727272727272727,0.375,0.20454545454545453,5,1.0,1,0,0.0,0.0,0.73681426670061,0.0,subject_dependent,rbf_svm,0.375,0.0,0.4027777777777778,0.1875,0.375,0.140625,0.5,0.375,0.375,0.6000000000000001,3,1.0,0,0.0
0.75,0.5,"{""clf__C"": 1.0, ""clf__gamma"": 0.001}",0.2874996310606461,"[[0, 2], [0, 6]]",valence,0.42857142857142855,0.75,0.6428571428571428,0,0.0,2,2,1.0,0.0,0.7691480239623872,0.0,subject_dependent,rbf_svm,0.0,0.75,0.5,0.375,0.75,0.5625,0.5,0.75,0.75,0.25,0,0.0,6,1.0
0.125,0.08333333333333333,"{""clf__C"": 1.0, ""clf__gamma"": 0.001}",0.20424647425304535,"[[0, 2], [5, 1]]",valence,0.1111111111111111,0.125,0.16666666666666666,5,0.8333333333333334,3,2,1.0,-0.5555555555555556,0.6006077484487476,-0.7453559924999299,subject_dependent,rbf_svm,0.0,0.3333333333333333,0.20833333333333331,0.16666666666666666,0.125,0.25,0.08333333333333333,0.125,0.125,0.9166666666666667,0,0.0,1,0.16666666666666666
0.375,0.5,"{""clf__C"": 10.0, ""clf__gamma"": 0.001}",0.3263033376184254,"[[0, 5], [0, 3]]",valence,0.2727272727272727,0.375,0.20454545454545453,0,0.0,4,5,1.0,0.0,0.8541812832011384,0.0,subject_dependent,rbf_svm,0.0,0.375,0.8761904761904762,0.1875,0.375,0.140625,0.5,0.375,0.375,0.26666666666666666,0,0.0,3,1.0
0.625,0.3333333333333333,"{""clf__C"": 10.0, ""clf__gamma"": 0.001}",,"[[0, 0, 1], [0, 0, 2], [0, 0, 5]]",valence,0.25641025641025644,0.625,0.4807692307692308,,,0,,,0.0,1.3512258891455307,0.0,subject_dependent,rbf_svm,,,0.32928571428571424,0.20833333333333334,0.625,0.390625,0.3333333333333333,0.625,0.625,0.3150793650793651,,,,
0.125,0.3333333333333333,"{""clf__C"": 0.1, ""clf__gamma"": 0.001}",,"[[0, 1, 0], [0, 1, 0], [0, 6, 0]]",valence,0.07407407407407407,0.125,0.027777777777777776,,,1,,,0.0,0.8167439755777285,0.0,subject_dependent,rbf_svm,,,0.6674603174603174,0.041666666666666664,0.125,0.015625,0.3333333333333333,0.125,0.125,0.5952380952380952,,,,
0.5,0.3333333333333333,"{""clf__C"": 1.0, ""clf__gamma"": 0.01}",,"[[0, 0, 1], [0, 0, 3], [0, 0, 4]]",valence,0.2222222222222222,0.5,0.3333333333333333,,,2,,,0.0,1.028164759824653,0.0,subject_dependent,rbf_svm,,,0.5883597883597883,0.16666666666666666,0.5,0.25,0.3333333333333333,0.5,0.5,0.5865079365079365,,,,
0.625,0.5,"{""clf__C"": 1.0, ""clf__gamma"": 0.001}",0.3576046398492542,"[[0, 3], [0, 5]]",valence,0.38461538461538464,0.625,0.4807692307692308,0,0.0,3,3,1.0,0.0,,0.0,subject_dependent,rbf_svm,0.0,0.625,,0.3125,0.625,0.390625,0.5,0.625,0.625,,0,0.0,5,1.0
0.625,0.3333333333333333,"{""clf__C"": 1.0, ""clf__gamma"": 0.01}",,"[[0, 0, 1], [0, 0, 2], [0, 0, 5]]",valence,0.25641025641025644,0.625,0.4807692307692308,,,4,,,0.0,0.9221844514890438,0.0,subject_dependent,rbf_svm,,,0.9888888888888889,0.20833333333333334,0.625,0.390625,0.3333333333333333,0.625,0.625,0.9777777777777779,,,,
0.625,0.43333333333333335,"{""clf__C"": 10.0, ""clf__gamma"": 0.001}",,"[[0, 1, 0], [0, 4, 1], [0, 1, 1]]",valence,0.4090909090909091,0.625,0.5795454545454546,,,0,,,0.19999999999999996,1.025501441657366,0.21004201260420147,subject_dependent,rbf_svm,,,0.3453968253968254,0.38888888888888884,0.625,0.5416666666666666,0.43333333333333335,0.625,0.625,0.2555555555555556,,,,
0.625,0.4444444444444444,"{""clf__C"": 10.0, ""clf__gamma"": 0.001}",,"[[0, 1, 0], [0, 4, 0], [0, 2, 1]]",valence,0.4090909090909091,0.625,0.5511363636363636,,,1,,,0.2727272727272727,0.9938963191800121,0.390199486285854,subject_dependent,rbf_svm,,,0.3819444444444444,0.5238095238095238,0.625,0.6607142857142857,0.4444444444444444,0.625,0.625,0.24623015873015874,,,,
0.625,0.625,"{""clf__C"": 1.0, ""clf__gamma"": 0.001}",0.2493083607536573,"[[4, 0], [3, 1]]",valence,0.5636363636363637,0.625,0.5636363636363637,3,0.75,2,0,0.0,0.25,,0.3779644730092272,subject_dependent,rbf_svm,0.5714285714285714,1.0,,0.7857142857142857,0.625,0.7857142857142857,0.625,0.625,0.625,,4,1.0,1,0.25
0.625,0.6333333333333333,"{""clf__C"": 1.0, ""clf__gamma"": 0.001}",0.24682238689200925,"[[3, 2], [1, 2]]",valence,0.6190476190476191,0.625,0.6309523809523809,1,0.3333333333333333,3,2,0.4,0.25,,0.2581988897471611,subject_dependent,rbf_svm,0.75,0.5,,0.625,0.625,0.65625,0.6333333333333333,0.625,0.625,,3,0.6,2,0.6666666666666666
0.625,0.5555555555555555,"{""clf__C"": 10.0, ""clf__gamma"": 0.001}",,"[[0, 2, 0], [0, 3, 0], [0, 1, 2]]",valence,0.48888888888888893,0.625,0.55,,,4,,,0.4,1.371390820378433,0.5039526306789696,subject_dependent,rbf_svm,,,0.5337301587301587,0.5,0.625,0.5625,0.5555555555555555,0.625,0.625,0.5444444444444444,,,,
0.75,0.42857142857142855,"{""clf__C"": 1.0, ""clf__gamma"": 0.001}",0.43656494465155354,"[[6, 1], [1, 0]]",valence,0.42857142857142855,0.75,0.75,1,1.0,0,1,0.14285714285714285,-0.1428571428571428,,-0.14285714285714285,subject_dependent,rbf_svm,0.8571428571428571,0.0,,0.42857142857142855,0.75,0.75,0.42857142857142855,0.75,0.75,,6,0.8571428571428571,0,0.0
0.5,0.2857142857142857,"{""clf__C"": 1.0, ""clf__gamma"": 0.001}",0.3819160405918061,"[[4, 3], [1, 0]]",valence,0.3333333333333333,0.5,0.5833333333333333,1,1.0,1,3,0.42857142857142855,-0.23076923076923084,,-0.29277002188455997,subject_dependent,rbf_svm,0.8,0.0,,0.4,0.5,0.7000000000000001,0.2857142857142857,0.5,0.5,,4,0.5714285714285714,0,0.0
0.5,0.4444444444444444,"{""clf__C"": 1.0, ""clf__gamma"": 0.001}",,"[[0, 2, 0], [0, 3, 0], [0, 2, 1]]",valence,0.3666666666666667,0.5,0.4125,,,2,,,0.19999999999999996,1.2202900513864008,0.329914439536929,subject_dependent,rbf_svm,,,0.7328042328042329,0.4761904761904762,0.5,0.5357142857142857,0.4444444444444444,0.5,0.5,0.7888888888888889,,,,
0.625,0.5,"{""clf__C"": 1.0, ""clf__gamma"": 0.001}",,"[[0, 1, 0], [0, 2, 2], [0, 0, 3]]",valence,0.44047619047619047,0.625,0.5669642857142857,,,3,,,0.3513513513513513,0.804214835977674,0.38502677054341,subject_dependent,rbf_svm,,,0.6008597883597884,0.4222222222222222,0.625,0.5583333333333333,0.5,0.625,0.625,0.7085317460317461,,,,
0.75,0.7333333333333334,"{""clf__C"": 1.0, ""clf__gamma"": 0.001}",0.4483014456304916,"[[0, 0, 0], [1, 4, 0], [0, 1, 2]]",valence,0.5333333333333333,0.75,0.8,,,4,,,0.5151515151515151,,0.5322906474223771,subject_dependent,rbf_svm,,,,0.6,0.75,0.875,0.48888888888888893,0.75,0.75,,,,,
0.625,0.6666666666666666,"{""clf__C"": 10.0, ""clf__gamma"": 0.001}",,"[[0, 3, 0], [0, 4, 0], [0, 0, 1]]",valence,0.5757575757575758,0.625,0.48863636363636365,,,0,,,0.3142857142857143,1.04363355928891,0.47691048323826596,subject_dependent,rbf_svm,,,0.5832671957671958,0.5238095238095238,0.625,0.4107142857142857,0.6666666666666666,0.625,0.625,0.48333333333333334,,,,
0.5,0.4666666666666666,"{""clf__C"": 10.0, ""clf__gamma"": 0.001}",,"[[0, 1, 0], [0, 2, 0], [0, 3, 2]]",valence,0.35714285714285715,0.5,0.4821428571428571,,,1,,,0.23809523809523814,1.079114023598865,0.3500700210070024,subject_dependent,rbf_svm,,,0.5694444444444444,0.4444444444444444,0.5,0.7083333333333334,0.4666666666666666,0.5,0.5,0.6111111111111112,,,,
0.25,0.25,"{""clf__C"": 1.0, ""clf__gamma"": 0.001}",,"[[0, 2, 0], [1, 1, 2], [0, 1, 1]]",valence,0.21666666666666667,0.25,0.225,,,2,,,-0.19999999999999996,0.9098732663037591,-0.20519567041703082,subject_dependent,rbf_svm,,,0.6726190476190476,0.19444444444444442,0.25,0.20833333333333331,0.25,0.25,0.25,0.7361111111111112,,,,
0.375,0.4444444444444444,"{""clf__C"": 1.0, ""clf__gamma"": 0.001}",,"[[0, 0, 1], [1, 2, 3], [0, 0, 1]]",valence,0.27777777777777773,0.375,0.4166666666666667,,,3,,,0.13043478260869568,1.3301868185176742,0.20180183819889375,subject_dependent,rbf_svm,,,0.5435185185185185,0.39999999999999997,0.375,0.775,0.4444444444444444,0.375,0.375,0.6785714285714285,,,,
0.625,0.611111111111111,"{""clf__C"": 1.0, ""clf__gamma"": 0.001}",,"[[1, 1, 0], [0, 3, 0], [0, 2, 1]]",valence,0.611111111111111,0.625,0.6041666666666666,,,4,,,0.41463414634146345,0.8572263808211626,0.5144434027684821,subject_dependent,rbf_svm,,,0.75,0.8333333333333334,0.625,0.8125,0.611111111111111,0.625,0.625,0.8166666666666668,,,,
0.125,0.3333333333333333,"{""clf__C"": 0.1, ""clf__gamma"": 0.001}",,"[[1, 0, 0], [3, 0, 0], [4, 0, 0]]",valence,0.07407407407407407,0.125,0.027777777777777776,,,0,,,0.0,1.021348978090226,0.0,subject_dependent,rbf_svm,,,0.8375,0.041666666666666664,0.125,0.015625,0.3333333333333333,0.125,0.125,0.8513888888888889,,,,
0.25,0.3333333333333333,"{""clf__C"": 0.1, ""clf__gamma"": 0.001}",,"[[0, 3, 0], [0, 2, 0], [0, 3, 0]]",valence,0.13333333333333333,0.25,0.1,,,1,,,0.0,1.2104998187590557,0.0,subject_dependent,rbf_svm,,,0.4085978835978836,0.08333333333333333,0.25,0.0625,0.3333333333333333,0.25,0.25,0.4611111111111111,,,,
0.375,0.3333333333333333,"{""clf__C"": 1.0, ""clf__gamma"": 0.01}",,"[[0, 1, 0], [0, 3, 0], [0, 4, 0]]",valence,0.1818181818181818,0.375,0.20454545454545453,,,2,,,0.0,1.0039764961785673,0.0,subject_dependent,rbf_svm,,,0.531878306878307,0.125,0.375,0.140625,0.3333333333333333,0.375,0.375,0.5607142857142857,,,,
0.25,0.3333333333333333,"{""clf__C"": 0.1, ""clf__gamma"": 0.001}",,"[[2, 0, 0], [3, 0, 0], [3, 0, 0]]",valence,0.13333333333333333,0.25,0.1,,,3,,,0.0,1.1911038864732175,0.0,subject_dependent,rbf_svm,,,0.4611111111111111,0.08333333333333333,0.25,0.0625,0.3333333333333333,0.25,0.25,0.5388888888888889,,,,
0.625,0.3333333333333333,"{""clf__C"": 0.1, ""clf__gamma"": 0.1}",,"[[0, 1, 0], [0, 5, 0], [0, 2, 0]]",valence,0.25641025641025644,0.625,0.4807692307692308,,,4,,,0.0,1.2224368123570297,0.0,subject_dependent,rbf_svm,,,0.3333333333333333,0.20833333333333334,0.625,0.390625,0.3333333333333333,0.625,0.625,0.5,,,,
0.375,0.3333333333333333,"{""clf__C"": 1.0, ""clf__gamma"": 0.001}",,"[[0, 0, 2], [0, 0, 3], [0, 0, 3]]",valence,0.1818181818181818,0.375,0.20454545454545453,,,0,,,0.0,1.1681127977037011,0.0,subject_dependent,rbf_svm,,,0.3263227513227513,0.125,0.375,0.140625,0.3333333333333333,0.375,0.375,0.3111111111111111,,,,
0.5,0.5833333333333334,"{""clf__C"": 1.0, ""clf__gamma"": 0.001}",,"[[1, 0, 1], [0, 2, 0], [0, 3, 1]]",valence,0.5238095238095238,0.5,0.47619047619047616,,,1,,,0.2727272727272727,1.1269791325282033,0.32539568672798425,subject_dependent,rbf_svm,,,0.33888888888888885,0.6333333333333333,0.5,0.6,0.5833333333333334,0.5,0.5,0.2916666666666667,,,,
0.125,0.1111111111111111,"{""clf__C"": 1.0, ""clf__gamma"": 0.001}",,"[[0, 0, 3], [0, 0, 2], [0, 2, 1]]",valence,0.07407407407407407,0.125,0.08333333333333333,,,2,,,-0.33333333333333326,1.0889504594426587,-0.44095855184409843,subject_dependent,rbf_svm,,,0.5972222222222222,0.05555555555555555,0.125,0.0625,0.1111111111111111,0.125,0.125,0.6166666666666667,,,,
0.375,0.3333333333333333,"{""clf__C"": 10.0, ""clf__gamma"": 0.01}",,"[[0, 0, 2], [0, 0, 3], [0, 0, 3]]",valence,0.1818181818181818,0.375,0.20454545454545453,,,3,,,0.0,1.1151811327022345,0.0,subject_dependent,rbf_svm,,,0.5879629629629629,0.125,0.375,0.140625,0.3333333333333333,0.375,0.375,0.5388888888888889,,,,
0.75,0.6666666666666666,"{""clf__C"": 10.0, ""clf__gamma"": 0.001}",,"[[1, 0, 1], [0, 1, 1], [0, 0, 4]]",valence,0.7111111111111111,0.75,0.7333333333333334,,,4,,,0.5555555555555556,1.2884178604649903,0.6201736729460423,subject_dependent,rbf_svm,,,0.29325396825396827,0.8888888888888888,0.75,0.8333333333333333,0.6666666666666666,0.75,0.75,0.15972222222222224,,,,
0.375,0.16666666666666666,"{""clf__C"": 1.0, ""clf__gamma"": 0.001}",,"[[0, 1, 0], [1, 3, 2], [0, 1, 0]]",valence,0.1818181818181818,0.375,0.40909090909090906,,,0,,,-0.29032258064516125,1.0704002109288961,-0.3027027572983406,subject_dependent,rbf_svm,,,0.4689153439153439,0.19999999999999998,0.375,0.44999999999999996,0.16666666666666666,0.375,0.375,0.5158730158730158,,,,
0.25,0.4166666666666667,"{""clf__C"": 1.0, ""clf__gamma"": 0.001}",,"[[0, 3, 0], [0, 1, 0], [0, 3, 1]]",valence,0.21666666666666667,0.25,0.23125,,,1,,,0.09433962264150941,1.332787017546714,0.21677749238102997,subject_dependent,rbf_svm,,,0.42367724867724865,0.38095238095238093,0.25,0.5178571428571429,0.4166666666666667,0.25,0.25,0.49146825396825394,,,,
0.125,0.3333333333333333,"{""clf__C"": 10.0, ""clf__gamma"": 0.001}",,"[[0, 2, 0], [0, 1, 0], [0, 5, 0]]",valence,0.07407407407407407,0.125,0.027777777777777776,,,2,,,0.0,1.8578824091183144,0.0,subject_dependent,rbf_svm,,,0.6575396825396825,0.041666666666666664,0.125,0.015625,0.3333333333333333,0.125,0.125,0.6801587301587303,,,,
0.625,0.4166666666666667,"{""clf__C"": 1.0, ""clf__gamma"": 0.001}",0.3654482731510867,"[[0, 2], [1, 5]]",valence,0.38461538461538464,0.625,0.576923076923077,1,0.16666666666666666,3,2,1.0,-0.19999999999999996,,-0.2182178902359924,subject_dependent,rbf_svm,0.0,0.7142857142857143,,0.35714285714285715,0.625,0.5357142857142857,0.4166666666666667,0.625,0.625,,0,0.0,5,0.8333333333333334
0.5,0.4444444444444444,"{""clf__C"": 1.0, ""clf__gamma"": 0.001}",,"[[1, 1, 1], [0, 3, 0], [0, 2, 0]]",valence,0.38888888888888884,0.5,0.4375,,,4,,,0.2195121951219512,1.165024392630548,0.2723523897009611,subject_dependent,rbf_svm,,,0.49391534391534386,0.5,0.5,0.5625,0.4444444444444444,0.5,0.5,0.5333333333333333,,,,
0.75,0.7222222222222222,"{""clf__C"": 10.0, ""clf__gamma"": 0.001}",,"[[2, 1, 0], [1, 1, 0], [0, 0, 3]]",valence,0.7222222222222222,0.75,0.75,,,0,,,0.6190476190476191,1.0249362764727188,0.6190476190476191,subject_dependent,rbf_svm,,,0.5939153439153438,0.7222222222222222,0.75,0.75,0.7222222222222222,0.75,0.75,0.6777777777777777,,,,
0.875,0.9,"{""clf__C"": 1.0, ""clf__gamma"": 0.001}",0.3755686924091457,"[[3, 0], [1, 4]]",valence,0.873015873015873,0.875,0.876984126984127,1,0.2,1,0,0.0,0.75,,0.7745966692414834,subject_dependent,rbf_svm,0.75,1.0,,0.875,0.875,0.90625,0.9,0.875,0.875,,3,1.0,4,0.8
0.375,0.5277777777777778,"{""clf__C"": 1.0, ""clf__gamma"": 0.001}",,"[[1, 2, 0], [0, 1, 0], [2, 1, 1]]",valence,0.37777777777777777,0.375,0.375,,,2,,,0.14893617021276595,0.9879774217914239,0.18421052631578946,subject_dependent,rbf_svm,,,0.5782407407407407,0.5277777777777778,0.375,0.65625,0.5277777777777778,0.375,0.375,0.7117063492063492,,,,
0.5,0.3333333333333333,"{""clf__C"": 1.0, ""clf__gamma"": 0.001}",,"[[0, 0, 1], [0, 0, 3], [0, 0, 4]]",valence,0.2222222222222222,0.5,0.3333333333333333,,,3,,,0.0,1.073930785863787,0.0,subject_dependent,rbf_svm,,,0.5795634920634921,0.16666666666666666,0.5,0.25,0.3333333333333333,0.5,0.5,0.6087301587301588,,,,
0.75,0.7777777777777777,"{""clf__C"": 1.0, ""clf__gamma"": 0.001}",,"[[2, 0, 0], [1, 1, 1], [0, 0, 3]]",valence,0.719047619047619,0.75,0.7089285714285714,,,4,,,0.627906976744186,1.1811415245346457,0.6758453353343745,subject_dependent,rbf_svm,,,0.6678571428571428,0.8055555555555555,0.75,0.8229166666666666,0.7777777777777777,0.75,0.75,0.6222222222222222,,,,
0.375,0.3333333333333333,"{""clf__C"": 10.0, ""clf__gamma"": 0.001}",,"[[0, 2, 0], [0, 2, 1], [0, 2, 1]]",valence,0.2814814814814815,0.375,0.31666666666666665,,,0,,,0.0,1.3359806593213266,0.0,subject_dependent,rbf_svm,,,0.5707671957671958,0.27777777777777773,0.375,0.3125,0.3333333333333333,0.375,0.375,0.5388888888888889,,,,
0.875,0.6666666666666666,"{""clf__C"": 1.0, ""clf__gamma"": 0.001}",,"[[0, 0, 1], [0, 3, 0], [0, 0, 4]]",valence,0.6296296296296297,0.875,0.8194444444444444,,,1,,,0.7714285714285715,1.2509714768823916,0.7996709849747746,subject_dependent,rbf_svm,,,0.26137566137566143,0.6,0.875,0.775,0.6666666666666666,0.875,0.875,0.04761904761904764,,,,
0.625,0.5,"{""clf__C"": 10.0, ""clf__gamma"": 0.001}",,"[[0, 1, 0], [0, 3, 0], [0, 2, 2]]",valence,0.4444444444444444,0.625,0.5833333333333333,,,2,,,0.368421052631579,1.0974198817475358,0.4635863249727653,subject_dependent,rbf_svm,,,0.455489417989418,0.5,0.625,0.6875,0.5,0.625,0.625,0.43234126984126986,,,,
0.75,0.7333333333333334,"{""clf__C"": 10.0, ""clf__gamma"": 0.001}",0.4383119160947161,"[[4, 1], [1, 2]]",valence,0.7333333333333334,0.75,0.75,1,0.3333333333333333,3,1,0.2,0.4666666666666667,,0.4666666666666667,subject_dependent,rbf_svm,0.8,0.6666666666666666,,0.7333333333333334,0.75,0.75,0.7333333333333334,0.75,0.75,,4,0.8,2,0.6666666666666666
0.75,0.5833333333333334,"{""clf__C"": 1.0, ""clf__gamma"": 0.001}",,"[[0, 1, 0], [0, 3, 1], [0, 0, 3]]",valence,0.5357142857142857,0.75,0.6964285714285714,,,4,,,0.5555555555555556,0.948811431638616,0.5735393346764044,subject_dependent,rbf_svm,,,0.6916666666666668,0.5,0.75,0.65625,0.5833333333333334,0.75,0.75,0.7261904761904763,,,,
0.375,0.25,"{""clf__C"": 1.0, ""clf__gamma"": 0.001}",,"[[0, 3, 0], [0, 3, 1], [1, 0, 0]]",valence,0.19999999999999998,0.375,0.3,,,0,,,-0.11111111111111116,1.0658040000392235,-0.12725695259515554,subject_dependent,rbf_svm,,,0.4142857142857143,0.16666666666666666,0.375,0.25,0.25,0.375,0.375,0.43650793650793646,,,,
0.25,0.2222222222222222,"{""clf__C"": 1.0, ""clf__gamma"": 0.001}",,"[[0, 3, 0], [0, 2, 1], [0, 2, 0]]",valence,0.13333333333333333,0.25,0.15000000000000002,,,1,,,-0.1707317073170731,1.1523938310308557,-0.28867513459481287,subject_dependent,rbf_svm,,,0.45502645502645506,0.09523809523809523,0.25,0.10714285714285714,0.2222222222222222,0.25,0.25,0.36666666666666664,,,,
0.5,0.3333333333333333,"{""clf__C"": 0.1, ""clf__gamma"": 0.001}",,"[[0, 2, 0], [0, 4, 0], [0, 2, 0]]",valence,0.2222222222222222,0.5,0.3333333333333333,,,2,,,0.0,1.153211111123092,0.0,subject_dependent,rbf_svm,,,0.6138888888888889,0.16666666666666666,0.5,0.25,0.3333333333333333,0.5,0.5,0.5972222222222222,,,,
0.25,0.3333333333333333,"{""clf__C"": 10.0, ""clf__gamma"": 0.001}",,"[[0, 2, 0], [0, 2, 0], [0, 4, 0]]",valence,0.13333333333333333,0.25,0.1,,,3,,,0.0,1.3461569641090645,0.0,subject_dependent,rbf_svm,,,0.4930555555555555,0.08333333333333333,0.25,0.0625,0.3333333333333333,0.25,0.25,0.5069444444444445,,,,
0.375,0.19999999999999998,"{""clf__C"": 10.0, ""clf__gamma"": 0.001}",,"[[0, 2, 0], [1, 3, 1], [1, 0, 0]]",valence,0.19999999999999998,0.375,0.375,,,4,,,-0.17647058823529416,1.0345772024477013,-0.17647058823529413,subject_dependent,rbf_svm,,,0.46309523809523806,0.19999999999999998,0.375,0.375,0.19999999999999998,0.375,0.375,0.5404761904761904,,,,
0.5,0.5,"{""clf__C"": 1.0, ""clf__gamma"": 0.001}",0.2742744129468337,"[[2, 2], [2, 2]]",valence,0.5,0.5,0.5,2,0.5,0,2,0.5,0.0,0.7440406081046134,0.0,subject_dependent,rbf_svm,0.5,0.5,0.7321428571428572,0.5,0.5,0.5,0.5,0.5,0.5,0.5,2,0.5,2,0.5
0.625,0.5,"{""clf__C"": 0.1, ""clf__gamma"": 0.01}",0.4658232927873922,"[[0, 3], [0, 5]]",valence,0.38461538461538464,0.625,0.4807692307692308,0,0.0,1,3,1.0,0.0,1.2698747572583509,0.0,subject_dependent,rbf_svm,0.0,0.625,1.0,0.3125,0.625,0.390625,0.5,0.625,0.625,0.0,0,0.0,5,1.0
0.75,0.7333333333333334,"{""clf__C"": 1.0, ""clf__gamma"": 0.001}",0.2488054285415166,"[[4, 1], [1, 2]]",valence,0.7333333333333334,0.75,0.75,1,0.3333333333333333,2,1,0.2,0.4666666666666667,0.6916627428298616,0.4666666666666667,subject_dependent,rbf_svm,0.8,0.6666666666666666,0.7683333333333333,0.7333333333333334,0.75,0.75,0.7333333333333334,0.75,0.75,0.39999999999999997,4,0.8,2,0.6666666666666666
0.875,0.9166666666666667,"{""clf__C"": 1.0, ""clf__gamma"": 0.001}",0.20367346822181515,"[[5, 1], [0, 2]]",valence,0.8545454545454545,0.875,0.8818181818181818,0,0.0,3,1,0.16666666666666666,0.7142857142857143,0.59902679171943,0.7453559924999299,subject_dependent,rbf_svm,1.0,0.6666666666666666,0.7051587301587301,0.8333333333333333,0.875,0.9166666666666666,0.9166666666666667,0.875,0.875,0.8333333333333334,5,0.8333333333333334,2,1.0
0.75,0.6666666666666667,"{""clf__C"": 1.0, ""clf__gamma"": 0.001}",0.21364229079756764,"[[5, 1], [1, 1]]",valence,0.6666666666666667,0.75,0.75,1,0.5,4,1,0.16666666666666666,0.33333333333333337,0.6195771538243942,0.3333333333333333,subject_dependent,rbf_svm,0.8333333333333334,0.5,0.7579365079365079,0.6666666666666667,0.75,0.75,0.6666666666666667,0.75,0.75,0.6666666666666667,5,0.8333333333333334,1,0.5
0.625,0.5,"{""clf__C"": 1.0, ""clf__gamma"": 0.001}",,"[[0, 1, 0], [0, 3, 0], [0, 2, 2]]",valence,0.4444444444444444,0.625,0.5833333333333333,,,0,,,0.368421052631579,,0.4635863249727653,subject_dependent,rbf_svm,,,,0.5,0.625,0.6875,0.5,0.625,0.625,,,,,
0.875,0.875,"{""clf__C"": 10.0, ""clf__gamma"": 0.001}",0.5060066546352944,"[[3, 1], [0, 4]]",valence,0.873015873015873,0.875,0.873015873015873,0,0.0,1,1,0.25,0.75,,0.7745966692414834,subject_dependent,rbf_svm,1.0,0.8,,0.9,0.875,0.9,0.875,0.875,0.875,,3,0.75,4,1.0
1.0,1.0,"{""clf__C"": 10.0, ""clf__gamma"": 0.001}",0.6096331126821092,"[[5, 0], [0, 3]]",valence,1.0,1.0,1.0,0,0.0,2,0,0.0,1.0,,1.0,subject_dependent,rbf_svm,1.0,1.0,,1.0,1.0,1.0,1.0,1.0,1.0,,5,1.0,3,1.0
0.875,0.8333333333333333,"{""clf__C"": 10.0, ""clf__gamma"": 0.001}",0.44938256229010476,"[[5, 0], [1, 2]]",valence,0.8545454545454545,0.875,0.8681818181818182,1,0.3333333333333333,3,0,0.0,0.7142857142857143,,0.7453559924999299,subject_dependent,rbf_svm,0.8333333333333334,1.0,,0.9166666666666667,0.875,0.8958333333333334,0.8333333333333333,0.875,0.875,,5,1.0,2,0.6666666666666666
0.75,0.8,"{""clf__C"": 1.0, ""clf__gamma"": 0.001}",0.3130282565390625,"[[3, 2], [0, 3]]",valence,0.75,0.75,0.75,0,0.0,4,2,0.4,0.5294117647058824,,0.6,subject_dependent,rbf_svm,1.0,0.6,,0.8,0.75,0.85,0.8,0.75,0.75,,3,0.6,3,1.0
0.375,0.25,"{""clf__C"": 1.0, ""clf__gamma"": 0.001}",,"[[0, 1, 1], [0, 3, 1], [0, 2, 0]]",valence,0.19999999999999998,0.375,0.3,,,0,,,-0.11111111111111116,1.1282673810538082,-0.12909944487358055,subject_dependent,rbf_svm,,,0.4531746031746032,0.16666666666666666,0.375,0.25,0.25,0.375,0.375,0.5486111111111112,,,,
0.625,0.47222222222222215,"{""clf__C"": 1.0, ""clf__gamma"": 0.001}",,"[[0, 0, 1], [0, 3, 1], [0, 1, 2]]",valence,0.44047619047619047,0.625,0.5892857142857143,,,1,,,0.33333333333333337,0.926292688423032,0.3441236008058426,subject_dependent,rbf_svm,,,0.5689814814814814,0.4166666666666667,0.625,0.5625,0.47222222222222215,0.625,0.625,0.6440476190476191,,,,
0.375,0.3,"{""clf__C"": 1.0, ""clf__gamma"": 0.001}",,"[[0, 1, 0], [0, 1, 1], [0, 3, 2]]",valence,0.2619047619047619,0.375,0.3839285714285714,,,2,,,-0.02564102564102555,0.9537613371720322,-0.03131121455425748,subject_dependent,rbf_svm,,,0.7138888888888889,0.2888888888888889,0.375,0.4666666666666666,0.3,0.375,0.375,0.7000000000000001,,,,
0.5,0.5,"{""clf__C"": 10.0, ""clf__gamma"": 0.001}",0.25583017057812535,"[[1, 3], [1, 3]]",valence,0.4666666666666667,0.5,0.4666666666666667,1,0.25,3,3,0.75,0.0,,0.0,subject_dependent,rbf_svm,0.5,0.5,,0.5,0.5,0.5,0.5,0.5,0.5,,1,0.25,3,0.75
0.375,0.19999999999999998,"{""clf__C"": 10.0, ""clf__gamma"": 0.001}",,"[[0, 1, 0], [0, 3, 2], [0, 2, 0]]",valence,0.1818181818181818,0.375,0.3409090909090909,,,4,,,-0.33333333333333326,1.0037909393975784,-0.3500700210070024,subject_dependent,rbf_svm,,,0.5837301587301588,0.16666666666666666,0.375,0.3125,0.19999999999999998,0.375,0.375,0.6015873015873016,,,,
0.375,0.25,"{""clf__C"": 10.0, ""clf__gamma"": 0.001}",,"[[0, 1, 0], [0, 3, 1], [0, 3, 0]]",valence,0.1818181818181818,0.375,0.2727272727272727,,,0,,,-0.21212121212121215,1.1543235752382457,-0.30348848933344197,subject_dependent,rbf_svm,,,0.28425925925925927,0.14285714285714285,0.375,0.21428571428571427,0.25,0.375,0.375,0.16190476190476188,,,,
0.125,0.3333333333333333,"{""clf__C"": 0.1, ""clf__gamma"": 0.001}",,"[[1, 0, 0], [3, 0, 0], [4, 0, 0]]",valence,0.07407407407407407,0.125,0.027777777777777776,,,1,,,0.0,1.036331446466379,0.0,subject_dependent,rbf_svm,,,0.4328703703703704,0.041666666666666664,0.125,0.015625,0.3333333333333333,0.125,0.125,0.46230158730158727,,,,
0.375,0.3333333333333333,"{""clf__C"": 10.0, ""clf__gamma"": 0.001}",,"[[0, 1, 0], [0, 3, 0], [0, 4, 0]]",valence,0.1818181818181818,0.375,0.20454545454545453,,,2,,,0.0,1.129418313479726,0.0,subject_dependent,rbf_svm,,,0.4162037037037037,0.125,0.375,0.140625,0.3333333333333333,0.375,0.375,0.45634920634920634,,,,
0.625,0.5666666666666667,"{""clf__C"": 10.0, ""clf__gamma"": 0.001}",0.2068944379709663,"[[4, 1], [2, 1]]",valence,0.5636363636363637,0.625,0.6045454545454546,2,0.6666666666666666,3,1,0.2,0.1428571428571429,,0.14907119849998599,subject_dependent,rbf_svm,0.6666666666666666,0.5,,0.5833333333333333,0.625,0.6041666666666666,0.5666666666666667,0.625,0.625,,4,0.8,1,0.3333333333333333
0.5,0.5,"{""clf__C"": 10.0, ""clf__gamma"": 0.001}",0.26157720995845823,"[[3, 3], [1, 1]]",valence,0.4666666666666667,0.5,0.5333333333333333,1,0.5,4,3,0.5,0.0,,0.0,subject_dependent,rbf_svm,0.75,0.25,,0.5,0.5,0.625,0.5,0.5,0.5,,3,0.5,1,0.5
0.5,0.3611111111111111,"{""clf__C"": 1.0, ""clf__gamma"": 0.001}",,"[[0, 1, 0], [0, 3, 1], [0, 2, 1]]",valence,0.3333333333333333,0.5,0.45,,,0,,,0.05882352941176472,1.0274974862128894,0.06622661785325219,subject_dependent,rbf_svm,,,0.5558862433862434,0.3333333333333333,0.5,0.4375,0.3611111111111111,0.5,0.5,0.670436507936508,,,,
0.375,0.3333333333333333,"{""clf__C"": 10.0, ""clf__gamma"": 0.01}",,"[[0, 1, 0], [0, 3, 0], [0, 4, 0]]",valence,0.1818181818181818,0.375,0.20454545454545453,,,1,,,0.0,1.0501155125025818,0.0,subject_dependent,rbf_svm,,,0.6291666666666665,0.125,0.375,0.140625,0.3333333333333333,0.375,0.375,0.6803571428571429,,,,
0.625,0.5,"{""clf__C"": 1.0, ""clf__gamma"": 0.001}",0.2420891236825902,"[[5, 0], [3, 0]]",valence,0.38461538461538464,0.625,0.4807692307692308,3,1.0,2,0,0.0,0.0,,0.0,subject_dependent,rbf_svm,0.625,0.0,,0.3125,0.625,0.390625,0.5,0.625,0.625,,5,1.0,0,0.0
0.5,0.3333333333333333,"{""clf__C"": 1.0, ""clf__gamma"": 0.1}",,"[[0, 1, 0], [0, 4, 0], [0, 3, 0]]",valence,0.2222222222222222,0.5,0.3333333333333333,,,3,,,0.0,1.006783901402674,0.0,subject_dependent,rbf_svm,,,0.3333333333333333,0.16666666666666666,0.5,0.25,0.3333333333333333,0.5,0.5,0.5,,,,
0.0,0.0,"{""clf__C"": 0.1, ""clf__gamma"": 0.001}",0.26671550058415205,"[[0, 0, 0], [4, 0, 0], [4, 0, 0]]",valence,0.0,0.0,0.0,,,4,,,0.0,,0.0,subject_dependent,rbf_svm,,,,0.0,0.0,0.0,0.0,0.0,0.0,,,,,
0.5,0.3333333333333333,"{""clf__C"": 0.1, ""clf__gamma"": 0.01}",,"[[4, 0, 0], [2, 0, 0], [2, 0, 0]]",valence,0.2222222222222222,0.5,0.3333333333333333,,,0,,,0.0,1.1939205043792684,0.0,subject_dependent,rbf_svm,,,0.3948412698412698,0.16666666666666666,0.5,0.25,0.3333333333333333,0.5,0.5,0.3888888888888889,,,,
0.625,0.47222222222222215,"{""clf__C"": 1.0, ""clf__gamma"": 0.001}",,"[[2, 0, 1], [1, 0, 0], [0, 1, 3]]",valence,0.47222222222222215,0.625,0.625,,,1,,,0.368421052631579,1.2627829221667501,0.3684210526315789,subject_dependent,rbf_svm,,,0.3706349206349206,0.47222222222222215,0.625,0.625,0.47222222222222215,0.625,0.625,0.3984126984126984,,,,
0.25,0.4444444444444444,"{""clf__C"": 10.0, ""clf__gamma"": 0.001}",,"[[1, 0, 2], [0, 1, 0], [3, 1, 0]]",valence,0.31746031746031744,0.25,0.19047619047619047,,,2,,,-0.1428571428571428,1.0604178203666008,-0.15389675281277312,subject_dependent,rbf_svm,,,0.4051587301587302,0.25,0.25,0.15625,0.4444444444444444,0.25,0.25,0.4279761904761905,,,,
0.125,0.1111111111111111,"{""clf__C"": 1.0, ""clf__gamma"": 0.001}",,"[[0, 1, 1], [1, 1, 1], [3, 0, 0]]",valence,0.13333333333333333,0.125,0.15000000000000002,,,3,,,-0.2727272727272727,1.1499164042981382,-0.29277002188455997,subject_dependent,rbf_svm,,,0.4753968253968253,0.16666666666666666,0.125,0.1875,0.1111111111111111,0.125,0.125,0.6222222222222222,,,,
0.375,0.38888888888888884,"{""clf__C"": 10.0, ""clf__gamma"": 0.001}",,"[[2, 0, 1], [2, 0, 1], [1, 0, 1]]",valence,0.3,0.375,0.2875,,,4,,,0.06976744186046513,1.1108738706253187,0.08451542547285165,subject_dependent,rbf_svm,,,0.523015873015873,0.24444444444444446,0.375,0.23333333333333334,0.38888888888888884,0.375,0.375,0.6,,,,
0.625,0.5833333333333333,"{""clf__C"": 1.0, ""clf__gamma"": 0.001}",0.17912499577051152,"[[4, 2], [1, 1]]",valence,0.5636363636363637,0.625,0.6454545454545454,1,0.5,0,2,0.3333333333333333,0.1428571428571429,,0.14907119849998599,subject_dependent,rbf_svm,0.8,0.3333333333333333,,0.5666666666666667,0.625,0.6833333333333335,0.5833333333333333,0.625,0.625,,4,0.6666666666666666,1,0.5
0.75,0.8333333333333333,"{""clf__C"": 1.0, ""clf__gamma"": 0.001}",0.23871730027928034,"[[2, 0], [2, 4]]",valence,0.7333333333333334,0.75,0.7666666666666667,2,0.3333333333333333,1,0,0.0,0.5,,0.5773502691896258,subject_dependent,rbf_svm,0.5,1.0,,0.75,0.75,0.875,0.8333333333333333,0.75,0.75,,2,1.0,4,0.6666666666666666
0.625,0.625,"{""clf__C"": 10.0, ""clf__gamma"": 0.001}",0.2491157542581334,"[[3, 1], [2, 2]]",valence,0.6190476190476191,0.625,0.6190476190476191,2,0.5,2,1,0.25,0.25,,0.2581988897471611,subject_dependent,rbf_svm,0.6,0.6666666666666666,,0.6333333333333333,0.625,0.6333333333333333,0.625,0.625,0.625,,3,0.75,2,0.5
0.5,0.3333333333333333,"{""clf__C"": 1.0, ""clf__gamma"": 0.001}",,"[[0, 1, 1], [0, 0, 2], [0, 0, 4]]",valence,0.24242424242424243,0.5,0.36363636363636365,,,3,,,0.05882352941176472,1.3371418153826249,0.08451542547285165,subject_dependent,rbf_svm,,,0.5083333333333333,0.19047619047619047,0.5,0.2857142857142857,0.3333333333333333,0.5,0.5,0.5208333333333334,,,,
0.625,0.47222222222222215,"{""clf__C"": 1.0, ""clf__gamma"": 0.001}",,"[[0, 1, 0], [0, 3, 1], [0, 1, 2]]",valence,0.4444444444444444,0.625,0.5833333333333333,,,4,,,0.3142857142857143,1.1784770104613234,0.32579188276750076,subject_dependent,rbf_svm,,,0.33968253968253964,0.4222222222222222,0.625,0.55,0.47222222222222215,0.625,0.625,0.31686507936507935,,,,
0.25,0.2333333333333333,"{""clf__C"": 10.0, ""clf__gamma"": 0.001}",,"[[0, 1, 0], [0, 1, 4], [0, 1, 1]]",valence,0.17857142857142858,0.25,0.22767857142857142,,,0,,,-0.23076923076923084,0.955275840532688,-0.28180093098831727,subject_dependent,rbf_svm,,,0.5111111111111112,0.17777777777777778,0.25,0.2583333333333333,0.2333333333333333,0.25,0.25,0.6484126984126984,,,,
0.375,0.3333333333333333,"{""clf__C"": 1.0, ""clf__gamma"": 0.001}",,"[[0, 2, 0], [0, 1, 1], [0, 2, 2]]",valence,0.2857142857142857,0.375,0.3571428571428571,,,1,,,0.04761904761904767,1.191577713176942,0.05773502691896257,subject_dependent,rbf_svm,,,0.49265873015873013,0.2888888888888889,0.375,0.3833333333333333,0.3333333333333333,0.375,0.375,0.48611111111111116,,,,
0.375,0.4166666666666667,"{""clf__C"": 1.0, ""clf__gamma"": 0.001}",,"[[0, 2, 0], [0, 2, 0], [0, 3, 1]]",valence,0.2814814814814815,0.375,0.3111111111111111,,,2,,,0.13043478260869568,1.2404817398574497,0.253546276418555,subject_dependent,rbf_svm,,,0.5753968253968255,0.42857142857142855,0.375,0.5714285714285714,0.4166666666666667,0.375,0.375,0.5416666666666666,,,,
0.0,0.0,"{""clf__C"": 0.1, ""clf__gamma"": 0.01}",0.2890484846655854,"[[0, 0, 0], [5, 0, 0], [3, 0, 0]]",valence,0.0,0.0,0.0,,,3,,,0.0,,0.0,subject_dependent,rbf_svm,,,,0.0,0.0,0.0,0.0,0.0,0.0,,,,,
0.375,0.3333333333333333,"{""clf__C"": 10.0, ""clf__gamma"": 0.001}",,"[[0, 1, 1], [0, 2, 2], [0, 1, 1]]",valence,0.27777777777777773,0.375,0.3333333333333333,,,4,,,0.0,1.0702974314322633,0.0,subject_dependent,rbf_svm,,,0.6781746031746031,0.25,0.375,0.3125,0.3333333333333333,0.375,0.375,0.6527777777777778,,,,
0.25,0.25,"{""clf__C"": 10.0, ""clf__gamma"": 0.001}",,"[[0, 1, 1], [0, 1, 3], [0, 1, 1]]",valence,0.19047619047619047,0.25,0.21428571428571427,,,0,,,-0.1428571428571428,1.243225730436432,-0.1732050807568877,subject_dependent,rbf_svm,,,0.5666666666666667,0.17777777777777778,0.25,0.21666666666666667,0.25,0.25,0.25,0.6111111111111112,,,,
0.5,0.4444444444444444,"{""clf__C"": 10.0, ""clf__gamma"": 0.001}",,"[[0, 0, 2], [1, 2, 0], [0, 1, 2]]",valence,0.41269841269841273,0.5,0.4642857142857143,,,1,,,0.2195121951219512,1.0479248541390143,0.2252817784447915,subject_dependent,rbf_svm,,,0.6137566137566138,0.38888888888888884,0.5,0.4375,0.4444444444444444,0.5,0.5,0.6555555555555556,,,,
0.375,0.4444444444444444,"{""clf__C"": 10.0, ""clf__gamma"": 0.001}",,"[[0, 1, 2], [0, 2, 0], [1, 1, 1]]",valence,0.3333333333333333,0.375,0.29166666666666663,,,2,,,0.09090909090909094,1.1122190554645148,0.10012523486435178,subject_dependent,rbf_svm,,,0.5046296296296297,0.27777777777777773,0.375,0.25,0.4444444444444444,0.375,0.375,0.5722222222222223,,,,
0.5,0.5,"{""clf__C"": 1.0, ""clf__gamma"": 0.001}",,"[[0, 2, 1], [0, 1, 1], [0, 0, 3]]",valence,0.3833333333333333,0.5,0.38125,,,3,,,0.2558139534883721,1.2431921013846665,0.3098898934004561,subject_dependent,rbf_svm,,,0.39351851851851843,0.3111111111111111,0.5,0.3083333333333333,0.5,0.5,0.5,0.33888888888888885,,,,
0.375,0.5277777777777778,"{""clf__C"": 10.0, ""clf__gamma"": 0.001}",,"[[1, 0, 0], [0, 1, 2], [3, 0, 1]]",valence,0.3952380952380952,0.375,0.38035714285714284,,,4,,,0.11111111111111116,1.2393458543226905,0.13157894736842105,subject_dependent,rbf_svm,,,0.3164021164021164,0.5277777777777778,0.375,0.5729166666666666,0.5277777777777778,0.375,0.375,0.26607142857142857,,,,
0.125,0.1111111111111111,"{""clf__C"": 1.0, ""clf__gamma"": 0.001}",,"[[0, 0, 1], [4, 0, 0], [2, 0, 1]]",valence,0.13333333333333333,0.125,0.15000000000000002,,,0,,,-0.07692307692307687,1.3585627030999834,-0.13245323570650439,subject_dependent,rbf_svm,,,0.9388888888888888,0.16666666666666666,0.125,0.1875,0.1111111111111111,0.125,0.125,0.9347222222222222,,,,
0.5,0.3333333333333333,"{""clf__C"": 1.0, ""clf__gamma"": 0.001}",0.42343851047476755,"[[0, 2], [2, 4]]",valence,0.3333333333333333,0.5,0.5,2,0.3333333333333333,1,2,1.0,-0.33333333333333326,,-0.3333333333333333,subject_dependent,rbf_svm,0.0,0.6666666666666666,,0.3333333333333333,0.5,0.5,0.3333333333333333,0.5,0.5,,0,0.0,4,0.6666666666666666
0.5,0.3333333333333333,"{""clf__C"": 1.0, ""clf__gamma"": 0.01}",,"[[0, 0, 3], [0, 0, 1], [0, 0, 4]]",valence,0.2222222222222222,0.5,0.3333333333333333,,,2,,,0.0,1.0267825747724826,0.0,subject_dependent,rbf_svm,,,0.4402116402116401,0.16666666666666666,0.5,0.25,0.3333333333333333,0.5,0.5,0.508531746031746,,,,
0.625,0.3333333333333333,"{""clf__C"": 1.0, ""clf__gamma"": 0.001}",,"[[0, 0, 2], [0, 0, 1], [0, 0, 5]]",valence,0.25641025641025644,0.625,0.4807692307692308,,,3,,,0.0,0.9637847254692321,0.0,subject_dependent,rbf_svm,,,0.370952380952381,0.20833333333333334,0.625,0.390625,0.3333333333333333,0.625,0.625,0.33968253968253964,,,,
0.625,0.3333333333333333,"{""clf__C"": 1.0, ""clf__gamma"": 0.01}",,"[[0, 0, 2], [0, 0, 1], [0, 0, 5]]",valence,0.25641025641025644,0.625,0.4807692307692308,,,4,,,0.0,0.9210311268282872,0.0,subject_dependent,rbf_svm,,,0.8116666666666666,0.20833333333333334,0.625,0.390625,0.3333333333333333,0.625,0.625,0.7444444444444445,,,,
0.5,0.4166666666666667,"{""clf__C"": 10.0, ""clf__gamma"": 0.001}",,"[[0, 0, 1], [0, 1, 3], [0, 0, 3]]",valence,0.3333333333333333,0.5,0.425,,,0,,,0.17948717948717952,1.1234078155779978,0.30348848933344197,subject_dependent,rbf_svm,,,0.5607142857142856,0.4761904761904762,0.5,0.6607142857142857,0.4166666666666667,0.5,0.5,0.6537698412698413,,,,
0.625,0.3333333333333333,"{""clf__C"": 10.0, ""clf__gamma"": 0.001}",,"[[0, 2, 0], [0, 0, 1], [0, 0, 5]]",valence,0.30303030303030304,0.625,0.5681818181818181,,,1,,,0.25,0.983196476293712,0.28005601680560194,subject_dependent,rbf_svm,,,0.5787301587301587,0.2777777777777778,0.625,0.5208333333333334,0.3333333333333333,0.625,0.625,0.6428571428571429,,,,
0.5,0.26666666666666666,"{""clf__C"": 10.0, ""clf__gamma"": 0.001}",,"[[0, 0, 1], [0, 0, 2], [0, 1, 4]]",valence,0.2222222222222222,0.5,0.41666666666666663,,,2,,,-0.18518518518518512,0.869055771163409,-0.22917462425705284,subject_dependent,rbf_svm,,,0.5727777777777777,0.19047619047619047,0.5,0.3571428571428571,0.26666666666666666,0.5,0.5,0.6968253968253969,,,,
0.375,0.3333333333333333,"{""clf__C"": 1.0, ""clf__gamma"": 0.01}",,"[[0, 0, 1], [0, 0, 4], [0, 0, 3]]",valence,0.1818181818181818,0.375,0.20454545454545453,,,3,,,0.0,1.0607955744018738,0.0,subject_dependent,rbf_svm,,,0.6824074074074074,0.125,0.375,0.140625,0.3333333333333333,0.375,0.375,0.6819444444444445,,,,
0.75,0.5,"{""clf__C"": 10.0, ""clf__gamma"": 0.01}",0.3323967703075001,"[[0, 2], [0, 6]]",valence,0.42857142857142855,0.75,0.6428571428571428,0,0.0,4,2,1.0,0.0,,0.0,subject_dependent,rbf_svm,0.0,0.75,,0.375,0.75,0.5625,0.5,0.75,0.75,,0,0.0,6,1.0
0.25,0.16666666666666666,"{""clf__C"": 1.0, ""clf__gamma"": 0.001}",,"[[0, 0, 2], [1, 0, 1], [2, 0, 2]]",valence,0.14814814814814814,0.25,0.2222222222222222,,,0,,,-0.26315789473684204,1.1132807888913707,-0.28867513459481287,subject_dependent,rbf_svm,,,0.33789682539682536,0.13333333333333333,0.25,0.2,0.16666666666666666,0.25,0.25,0.2569444444444444,,,,
0.25,0.3333333333333333,"{""clf__C"": 1.0, ""clf__gamma"": 0.001}",,"[[2, 0, 0], [0, 0, 3], [3, 0, 0]]",valence,0.19047619047619047,0.25,0.14285714285714285,,,1,,,-0.06666666666666665,1.276370751200016,-0.08451542547285165,subject_dependent,rbf_svm,,,0.611111111111111,0.13333333333333333,0.25,0.1,0.3333333333333333,0.25,0.25,0.6333333333333333,,,,
0.375,0.375,"{""clf__C"": 1.0, ""clf__gamma"": 0.001}",0.4172592308358567,"[[0, 0, 4], [0, 0, 0], [0, 1, 3]]",valence,0.1818181818181818,0.375,0.2727272727272727,,,2,,,-0.11111111111111116,,-0.1889822365046136,subject_dependent,rbf_svm,,,,0.14285714285714285,0.375,0.21428571428571427,0.25,0.375,0.375,,,,,
0.625,0.3333333333333333,"{""clf__C"": 10.0, ""clf__gamma"": 0.001}",,"[[0, 0, 1], [0, 0, 2], [0, 0, 5]]",valence,0.25641025641025644,0.625,0.4807692307692308,,,3,,,0.0,0.9619012855976414,0.0,subject_dependent,rbf_svm,,,0.5452380952380952,0.20833333333333334,0.625,0.390625,0.3333333333333333,0.625,0.625,0.6468253968253969,,,,
0.625,0.3333333333333333,"{""clf__C"": 1.0, ""clf__gamma"": 0.01}",,"[[0, 0, 2], [0, 0, 1], [0, 0, 5]]",valence,0.25641025641025644,0.625,0.4807692307692308,,,4,,,0.0,0.9565387889288475,0.0,subject_dependent,rbf_svm,,,0.47333333333333333,0.20833333333333334,0.625,0.390625,0.3333333333333333,0.625,0.625,0.4690476190476191,,,,
0.375,0.3333333333333333,"{""clf__C"": 1.0, ""clf__gamma"": 0.001}",,"[[0, 1, 1], [0, 1, 1], [0, 2, 2]]",valence,0.27777777777777773,0.375,0.3333333333333333,,,0,,,0.0,1.0691544670838817,0.0,subject_dependent,rbf_svm,,,0.4365079365079365,0.25,0.375,0.3125,0.3333333333333333,0.375,0.375,0.513888888888889,,,,
0.75,0.6666666666666666,"{""clf__C"": 1.0, ""clf__gamma"": 0.001}",0.32497887569638123,"[[1, 2], [0, 5]]",valence,0.6666666666666667,0.75,0.7083333333333334,0,0.0,1,2,0.6666666666666666,0.3846153846153846,,0.4879500364742666,subject_dependent,rbf_svm,1.0,0.7142857142857143,,0.8571428571428572,0.75,0.8214285714285714,0.6666666666666666,0.75,0.75,,1,0.3333333333333333,5,1.0
0.5,0.5,"{""clf__C"": 1.0, ""clf__gamma"": 0.001}",0.24067132225739057,"[[0, 1, 3], [0, 0, 0], [0, 0, 4]]",valence,0.24242424242424243,0.5,0.36363636363636365,,,2,,,0.11111111111111116,,0.1889822365046136,subject_dependent,rbf_svm,,,,0.19047619047619047,0.5,0.2857142857142857,0.3333333333333333,0.5,0.5,,,,,
0.375,0.375,"{""clf__C"": 1.0, ""clf__gamma"": 0.001}",0.33203647629967425,"[[0, 0, 0], [0, 0, 4], [1, 0, 3]]",valence,0.1818181818181818,0.375,0.2727272727272727,,,3,,,-0.11111111111111116,,-0.1889822365046136,subject_dependent,rbf_svm,,,,0.14285714285714285,0.375,0.21428571428571427,0.25,0.375,0.375,,,,,
0.375,0.3333333333333333,"{""clf__C"": 1.0, ""clf__gamma"": 0.001}",,"[[0, 0, 2], [0, 0, 3], [0, 0, 3]]",valence,0.1818181818181818,0.375,0.20454545454545453,,,4,,,0.0,1.1293487181860207,0.0,subject_dependent,rbf_svm,,,0.47407407407407404,0.125,0.375,0.140625,0.3333333333333333,0.375,0.375,0.4666666666666666,,,,
0.5,0.3333333333333333,"{""clf__C"": 1.0, ""clf__gamma"": 0.001}",0.3080993380280756,"[[4, 2], [2, 0]]",valence,0.3333333333333333,0.5,0.5,2,1.0,0,2,0.3333333333333333,-0.33333333333333326,,-0.3333333333333333,subject_dependent,rbf_svm,0.6666666666666666,0.0,,0.3333333333333333,0.5,0.5,0.3333333333333333,0.5,0.5,,4,0.6666666666666666,0,0.0
0.375,0.3333333333333333,"{""clf__C"": 1.0, ""clf__gamma"": 0.01}",,"[[0, 1, 0], [0, 3, 0], [0, 4, 0]]",valence,0.1818181818181818,0.375,0.20454545454545453,,,1,,,0.0,,0.0,subject_dependent,rbf_svm,,,,0.125,0.375,0.140625,0.3333333333333333,0.375,0.375,,,,,
0.375,0.5,"{""clf__C"": 1.0, ""clf__gamma"": 0.01}",0.32140256628314157,"[[0, 5], [0, 3]]",valence,0.2727272727272727,0.375,0.20454545454545453,0,0.0,2,5,1.0,0.0,,0.0,subject_dependent,rbf_svm,0.0,0.375,,0.1875,0.375,0.140625,0.5,0.375,0.375,,0,0.0,3,1.0
0.5,0.4666666666666667,"{""clf__C"": 1.0, ""clf__gamma"": 0.001}",0.307526134323057,"[[3, 2], [2, 1]]",valence,0.4666666666666667,0.5,0.5,2,0.6666666666666666,3,2,0.4,-0.06666666666666665,,-0.06666666666666667,subject_dependent,rbf_svm,0.6,0.3333333333333333,,0.4666666666666667,0.5,0.5,0.4666666666666667,0.5,0.5,,3,0.6,1,0.3333333333333333
0.625,0.4166666666666667,"{""clf__C"": 10.0, ""clf__gamma"": 0.001}",0.319033813353389,"[[5, 1], [2, 0]]",valence,0.38461538461538464,0.625,0.576923076923077,2,1.0,4,1,0.16666666666666666,-0.19999999999999996,,-0.2182178902359924,subject_dependent,rbf_svm,0.7142857142857143,0.0,,0.35714285714285715,0.625,0.5357142857142857,0.4166666666666667,0.625,0.625,,5,0.8333333333333334,0,0.0
0.75,0.75,"{""clf__C"": 10.0, ""clf__gamma"": 0.001}",0.23005433511412482,"[[2, 2], [0, 4]]",valence,0.7333333333333334,0.75,0.7333333333333334,0,0.0,0,2,0.5,0.5,,0.5773502691896258,subject_dependent,rbf_svm,1.0,0.6666666666666666,,0.8333333333333333,0.75,0.8333333333333333,0.75,0.75,0.75,,2,0.5,4,1.0
0.5,0.4166666666666667,"{""clf__C"": 0.1, ""clf__gamma"": 0.001}",,"[[0, 1, 1], [0, 1, 1], [0, 1, 3]]",valence,0.35555555555555557,0.5,0.43333333333333335,,,1,,,0.1578947368421053,1.1143806593982335,0.1732050807568877,subject_dependent,rbf_svm,,,0.28730158730158734,0.3111111111111111,0.5,0.3833333333333333,0.4166666666666667,0.5,0.5,0.14583333333333334,,,,
0.5,0.4166666666666667,"{""clf__C"": 10.0, ""clf__gamma"": 0.001}",,"[[0, 1, 1], [0, 1, 1], [0, 1, 3]]",valence,0.35555555555555557,0.5,0.43333333333333335,,,2,,,0.1578947368421053,0.7716479004890988,0.1732050807568877,subject_dependent,rbf_svm,,,0.8722222222222221,0.3111111111111111,0.5,0.3833333333333333,0.4166666666666667,0.5,0.5,0.8680555555555557,,,,
0.375,0.5,"{""clf__C"": 1.0, ""clf__gamma"": 0.001}",,"[[1, 1, 0], [0, 0, 4], [0, 0, 2]]",valence,0.38888888888888884,0.375,0.29166666666666663,,,3,,,0.13043478260869568,1.127605114004227,0.1860521018838127,subject_dependent,rbf_svm,,,0.6333333333333333,0.4444444444444444,0.375,0.3333333333333333,0.5,0.375,0.375,0.6527777777777778,,,,
0.5,0.5,"{""clf__C"": 1.0, ""clf__gamma"": 0.001}",0.2831595995622947,"[[2, 2], [2, 2]]",valence,0.5,0.5,0.5,2,0.5,4,2,0.5,0.0,,0.0,subject_dependent,rbf_svm,0.5,0.5,,0.5,0.5,0.5,0.5,0.5,0.5,,2,0.5,2,0.5
0.25,0.16666666666666666,"{""clf__C"": 10.0, ""clf__gamma"": 0.001}",,"[[0, 0, 1], [0, 2, 2], [0, 3, 0]]",valence,0.14814814814814814,0.25,0.2222222222222222,,,0,,,-0.37142857142857144,1.0206880525529964,-0.38502677054341,subject_dependent,rbf_svm,,,0.5726190476190477,0.13333333333333333,0.25,0.2,0.16666666666666666,0.25,0.25,0.5716269841269841,,,,
0.375,0.3333333333333333,"{""clf__C"": 10.0, ""clf__gamma"": 0.001}",,"[[0, 1, 0], [0, 3, 0], [0, 4, 0]]",valence,0.1818181818181818,0.375,0.20454545454545453,,,1,,,0.0,1.2417122935875191,0.0,subject_dependent,rbf_svm,,,0.26137566137566143,0.125,0.375,0.140625,0.3333333333333333,0.375,0.375,0.04761904761904764,,,,
0.375,0.5,"{""clf__C"": 1.0, ""clf__gamma"": 0.01}",0.26380487743656494,"[[3, 0], [5, 0]]",valence,0.2727272727272727,0.375,0.20454545454545453,5,1.0,2,0,0.0,0.0,,0.0,subject_dependent,rbf_svm,0.375,0.0,,0.1875,0.375,0.140625,0.5,0.375,0.375,,3,1.0,0,0.0
0.5,0.3611111111111111,"{""clf__C"": 10.0, ""clf__gamma"": 0.001}",,"[[0, 1, 0], [0, 3, 1], [0, 2, 1]]",valence,0.3333333333333333,0.5,0.45,,,3,,,0.05882352941176472,1.043492778631067,0.06622661785325219,subject_dependent,rbf_svm,,,0.38981481481481484,0.3333333333333333,0.5,0.4375,0.3611111111111111,0.5,0.5,0.3549603174603175,,,,
0.5,0.5,"{""clf__C"": 10.0, ""clf__gamma"": 0.001}",0.22244510972281914,"[[3, 3], [1, 1]]",valence,0.4666666666666667,0.5,0.5333333333333333,1,0.5,4,3,0.5,0.0,,0.0,subject_dependent,rbf_svm,0.75,0.25,,0.5,0.5,0.625,0.5,0.5,0.5,,3,0.5,1,0.5
0.5,0.26666666666666666,"{""clf__C"": 1.0, ""clf__gamma"": 0.001}",,"[[0, 0, 1], [0, 0, 2], [0, 1, 4]]",arousal,0.2222222222222222,0.5,0.41666666666666663,,,0,,,-0.18518518518518512,1.183559109875219,-0.22917462425705284,subject_dependent,rbf_svm,,,0.2999206349206349,0.19047619047619047,0.5,0.3571428571428571,0.26666666666666666,0.5,0.5,0.11111111111111112,,,,
0.25,0.3333333333333333,"{""clf__C"": 0.1, ""clf__gamma"": 0.01}",,"[[2, 0, 0], [1, 0, 0], [5, 0, 0]]",arousal,0.13333333333333333,0.25,0.1,,,1,,,0.0,1.017254604950733,0.0,subject_dependent,rbf_svm,,,0.5594444444444444,0.08333333333333333,0.25,0.0625,0.3333333333333333,0.25,0.25,0.5706349206349207,,,,
0.375,0.3333333333333333,"{""clf__C"": 1.0, ""clf__gamma"": 0.001}",,"[[0, 0, 1], [0, 0, 4], [0, 0, 3]]",arousal,0.1818181818181818,0.375,0.20454545454545453,,,2,,,0.0,1.319299877122656,0.0,subject_dependent,rbf_svm,,,0.4888888888888889,0.125,0.375,0.140625,0.3333333333333333,0.375,0.375,0.4619047619047619,,,,
0.625,0.3333333333333333,"{""clf__C"": 1.0, ""clf__gamma"": 0.001}",,"[[0, 0, 2], [0, 0, 1], [0, 0, 5]]",arousal,0.25641025641025644,0.625,0.4807692307692308,,,3,,,0.0,0.9852394750355684,0.0,subject_dependent,rbf_svm,,,0.42738095238095236,0.20833333333333334,0.625,0.390625,0.3333333333333333,0.625,0.625,0.4174603174603175,,,,
0.75,0.3333333333333333,"{""clf__C"": 10.0, ""clf__gamma"": 0.001}",,"[[0, 0, 1], [0, 0, 1], [0, 0, 6]]",arousal,0.2857142857142857,0.75,0.6428571428571428,,,4,,,0.0,0.9174615887259185,0.0,subject_dependent,rbf_svm,,,0.41944444444444445,0.25,0.75,0.5625,0.3333333333333333,0.75,0.75,0.4047619047619048,,,,
0.625,0.3333333333333333,"{""clf__C"": 1.0, ""clf__gamma"": 0.01}",,"[[0, 0, 2], [0, 0, 1], [0, 0, 5]]",arousal,0.25641025641025644,0.625,0.4807692307692308,,,0,,,0.0,0.9762855929006895,0.0,subject_dependent,rbf_svm,,,0.4058730158730159,0.20833333333333334,0.625,0.390625,0.3333333333333333,0.625,0.625,0.36190476190476195,,,,
0.625,0.5,"{""clf__C"": 10.0, ""clf__gamma"": 0.01}",0.38900083609024594,"[[0, 3], [0, 5]]",arousal,0.38461538461538464,0.625,0.4807692307692308,0,0.0,1,3,1.0,0.0,,0.0,subject_dependent,rbf_svm,0.0,0.625,,0.3125,0.625,0.390625,0.5,0.625,0.625,,0,0.0,5,1.0
0.625,0.3333333333333333,"{""clf__C"": 1.0, ""clf__gamma"": 0.01}",,"[[0, 0, 1], [0, 0, 2], [0, 0, 5]]",arousal,0.25641025641025644,0.625,0.4807692307692308,,,2,,,0.0,0.9696980170554791,0.0,subject_dependent,rbf_svm,,,0.5449999999999999,0.20833333333333334,0.625,0.390625,0.3333333333333333,0.625,0.625,0.6174603174603175,,,,
0.5,0.3333333333333333,"{""clf__C"": 1.0, ""clf__gamma"": 0.01}",,"[[0, 0, 2], [0, 0, 2], [0, 0, 4]]",arousal,0.2222222222222222,0.5,0.3333333333333333,,,3,,,0.0,1.0602526629359896,0.0,subject_dependent,rbf_svm,,,0.5579365079365078,0.16666666666666666,0.5,0.25,0.3333333333333333,0.5,0.5,0.5972222222222222,,,,
0.25,0.3333333333333333,"{""clf__C"": 1.0, ""clf__gamma"": 0.01}",,"[[0, 0, 3], [0, 0, 3], [0, 0, 2]]",arousal,0.13333333333333333,0.25,0.1,,,4,,,0.0,1.3990856046268716,0.0,subject_dependent,rbf_svm,,,0.5541005291005291,0.08333333333333333,0.25,0.0625,0.3333333333333333,0.25,0.25,0.5888888888888889,,,,
0.75,0.5,"{""clf__C"": 10.0, ""clf__gamma"": 0.001}",0.33875810349050606,"[[0, 2], [0, 6]]",arousal,0.42857142857142855,0.75,0.6428571428571428,0,0.0,0,2,1.0,0.0,,0.0,subject_dependent,rbf_svm,0.0,0.75,,0.375,0.75,0.5625,0.5,0.75,0.75,,0,0.0,6,1.0
0.375,0.4666666666666666,"{""clf__C"": 1.0, ""clf__gamma"": 0.001}",,"[[1, 0, 0], [3, 2, 0], [0, 2, 0]]",arousal,0.2814814814814815,0.375,0.3277777777777778,,,1,,,0.0,1.135902273752314,0.0,subject_dependent,rbf_svm,,,0.4218253968253968,0.25,0.375,0.34375,0.4666666666666666,0.375,0.375,0.39841269841269833,,,,
0.375,0.5,"{""clf__C"": 1.0, ""clf__gamma"": 0.01}",0.29233453401081755,"[[0, 5], [0, 3]]",arousal,0.2727272727272727,0.375,0.20454545454545453,0,0.0,2,5,1.0,0.0,,0.0,subject_dependent,rbf_svm,0.0,0.375,,0.1875,0.375,0.140625,0.5,0.375,0.375,,0,0.0,3,1.0
0.625,0.3333333333333333,"{""clf__C"": 1.0, ""clf__gamma"": 0.001}",,"[[0, 2, 0], [0, 5, 0], [0, 1, 0]]",arousal,0.25641025641025644,0.625,0.4807692307692308,,,3,,,0.0,0.8852211994244872,0.0,subject_dependent,rbf_svm,,,0.537063492063492,0.20833333333333334,0.625,0.390625,0.3333333333333333,0.625,0.625,0.5698412698412699,,,,
0.5,0.26666666666666666,"{""clf__C"": 1.0, ""clf__gamma"": 0.001}",,"[[0, 2, 0], [1, 4, 0], [0, 1, 0]]",arousal,0.2222222222222222,0.5,0.41666666666666663,,,4,,,-0.18518518518518512,0.8811805297620837,-0.22917462425705284,subject_dependent,rbf_svm,,,0.5731746031746032,0.19047619047619047,0.5,0.3571428571428571,0.26666666666666666,0.5,0.5,0.6095238095238096,,,,
0.125,0.16666666666666666,"{""clf__C"": 1.0, ""clf__gamma"": 0.001}",,"[[1, 1, 0], [3, 0, 0], [2, 1, 0]]",arousal,0.08333333333333333,0.125,0.0625,,,0,,,-0.21739130434782616,1.0548400825957838,-0.314970394174356,subject_dependent,rbf_svm,,,0.65,0.05555555555555555,0.125,0.041666666666666664,0.16666666666666666,0.125,0.125,0.7333333333333334,,,,
0.125,0.08333333333333333,"{""clf__C"": 1.0, ""clf__gamma"": 0.001}",,"[[0, 2, 0], [3, 1, 0], [1, 1, 0]]",arousal,0.08333333333333333,0.125,0.125,,,1,,,-0.3999999999999999,1.094186362129284,-0.4472135954999579,subject_dependent,rbf_svm,,,0.7027777777777778,0.08333333333333333,0.125,0.125,0.08333333333333333,0.125,0.125,0.763888888888889,,,,
0.5,0.4166666666666667,"{""clf__C"": 10.0, ""clf__gamma"": 0.001}",,"[[3, 1, 0], [1, 1, 0], [1, 1, 0]]",arousal,0.35555555555555557,0.5,0.43333333333333335,,,2,,,0.1578947368421053,1.1307753322988487,0.1732050807568877,subject_dependent,rbf_svm,,,0.5638888888888889,0.3111111111111111,0.5,0.3833333333333333,0.4166666666666667,0.5,0.5,0.6041666666666666,,,,
0.375,0.3333333333333333,"{""clf__C"": 0.1, ""clf__gamma"": 0.01}",,"[[0, 3, 0], [0, 3, 0], [0, 2, 0]]",arousal,0.1818181818181818,0.375,0.20454545454545453,,,3,,,0.0,1.1254542202620725,0.0,subject_dependent,rbf_svm,,,0.7518518518518519,0.125,0.375,0.140625,0.3333333333333333,0.375,0.375,0.7999999999999999,,,,
0.25,0.13333333333333333,"{""clf__C"": 1.0, ""clf__gamma"": 0.001}",,"[[2, 1, 2], [1, 0, 1], [1, 0, 0]]",arousal,0.14814814814814814,0.25,0.2777777777777778,,,4,,,-0.23076923076923084,1.0287671571823906,-0.25038669783359574,subject_dependent,rbf_svm,,,0.5838888888888888,0.16666666666666666,0.25,0.3125,0.13333333333333333,0.25,0.25,0.7412698412698413,,,,
0.375,0.3333333333333333,"{""clf__C"": 10.0, ""clf__gamma"": 0.01}",,"[[0, 1, 0], [0, 3, 0], [0, 4, 0]]",arousal,0.1818181818181818,0.375,0.20454545454545453,,,0,,,0.0,1.0324268457895878,0.0,subject_dependent,rbf_svm,,,0.5968253968253968,0.125,0.375,0.140625,0.3333333333333333,0.375,0.375,0.6357142857142858,,,,
0.375,0.6428571428571428,"{""clf__C"": 1.0, ""clf__gamma"": 0.001}",0.19930514613077366,"[[2, 5], [0, 1]]",arousal,0.36507936507936506,0.375,0.42460317460317454,0,0.0,1,5,0.7142857142857143,0.09090909090909094,,0.2182178902359924,subject_dependent,rbf_svm,1.0,0.16666666666666666,,0.5833333333333334,0.375,0.8958333333333334,0.6428571428571428,0.375,0.375,,2,0.2857142857142857,1,1.0
0.625,0.3333333333333333,"{""clf__C"": 1.0, ""clf__gamma"": 0.01}",,"[[0, 1, 0], [0, 5, 0], [0, 2, 0]]",arousal,0.25641025641025644,0.625,0.4807692307692308,,,2,,,0.0,1.0943864236791518,0.0,subject_dependent,rbf_svm,,,0.5174603174603175,0.20833333333333334,0.625,0.390625,0.3333333333333333,0.625,0.625,0.5634920634920636,,,,
0.375,0.4166666666666667,"{""clf__C"": 10.0, ""clf__gamma"": 0.001}",,"[[0, 2, 0], [0, 2, 0], [0, 3, 1]]",arousal,0.2814814814814815,0.375,0.3111111111111111,,,3,,,0.13043478260869568,1.1461961299900825,0.253546276418555,subject_dependent,rbf_svm,,,0.5972222222222222,0.42857142857142855,0.375,0.5714285714285714,0.4166666666666667,0.375,0.375,0.6458333333333334,,,,
0.75,0.5833333333333334,"{""clf__C"": 1.0, ""clf__gamma"": 0.001}",,"[[0, 0, 1], [0, 3, 0], [0, 1, 3]]",arousal,0.5357142857142857,0.75,0.6964285714285714,,,4,,,0.5555555555555556,1.0497095070317726,0.5735393346764044,subject_dependent,rbf_svm,,,0.6130291005291005,0.5,0.75,0.65625,0.5833333333333334,0.75,0.75,0.5527777777777777,,,,
0.75,0.5,"{""clf__C"": 1.0, ""clf__gamma"": 0.001}",0.48249081001315514,"[[6, 0], [2, 0]]",arousal,0.42857142857142855,0.75,0.6428571428571428,2,1.0,0,0,0.0,0.0,,0.0,subject_dependent,rbf_svm,0.75,0.0,,0.375,0.75,0.5625,0.5,0.75,0.75,,6,1.0,0,0.0
0.75,0.5,"{""clf__C"": 1.0, ""clf__gamma"": 0.001}",0.3722236593198257,"[[6, 0], [2, 0]]",arousal,0.42857142857142855,0.75,0.6428571428571428,2,1.0,1,0,0.0,0.0,,0.0,subject_dependent,rbf_svm,0.75,0.0,,0.375,0.75,0.5625,0.5,0.75,0.75,,6,1.0,0,0.0
0.875,0.5,"{""clf__C"": 1.0, ""clf__gamma"": 0.001}",0.1490671197189703,"[[0, 1], [0, 7]]",arousal,0.4666666666666667,0.875,0.8166666666666667,0,0.0,2,1,1.0,0.0,,0.0,subject_dependent,rbf_svm,0.0,0.875,,0.4375,0.875,0.765625,0.5,0.875,0.875,,0,0.0,7,1.0
0.75,0.5,"{""clf__C"": 1.0, ""clf__gamma"": 0.001}",0.4569028807116697,"[[6, 0], [2, 0]]",arousal,0.42857142857142855,0.75,0.6428571428571428,2,1.0,3,0,0.0,0.0,,0.0,subject_dependent,rbf_svm,0.75,0.0,,0.375,0.75,0.5625,0.5,0.75,0.75,,6,1.0,0,0.0
0.625,0.3333333333333333,"{""clf__C"": 1.0, ""clf__gamma"": 0.001}",,"[[0, 1, 0], [0, 5, 0], [0, 2, 0]]",arousal,0.25641025641025644,0.625,0.4807692307692308,,,4,,,0.0,0.9235708618217371,0.0,subject_dependent,rbf_svm,,,0.525,0.20833333333333334,0.625,0.390625,0.3333333333333333,0.625,0.625,0.6658730158730158,,,,
0.625,0.5833333333333333,"{""clf__C"": 1.0, ""clf__gamma"": 0.001}",0.24876420718570835,"[[1, 1], [2, 4]]",arousal,0.5636363636363637,0.625,0.6454545454545454,2,0.3333333333333333,0,1,0.5,0.1428571428571429,,0.14907119849998599,subject_dependent,rbf_svm,0.3333333333333333,0.8,,0.5666666666666667,0.625,0.6833333333333335,0.5833333333333333,0.625,0.625,,1,0.5,4,0.6666666666666666
0.5,0.3333333333333333,"{""clf__C"": 10.0, ""clf__gamma"": 0.01}",,"[[0, 0, 1], [0, 0, 3], [0, 0, 4]]",arousal,0.2222222222222222,0.5,0.3333333333333333,,,1,,,0.0,0.9755642773614693,0.0,subject_dependent,rbf_svm,,,0.4572751322751323,0.16666666666666666,0.5,0.25,0.3333333333333333,0.5,0.5,0.5172619047619048,,,,
0.5,0.5,"{""clf__C"": 1.0, ""clf__gamma"": 0.001}",,"[[0, 0, 2], [0, 2, 2], [0, 0, 2]]",arousal,0.38888888888888884,0.5,0.4583333333333333,,,2,,,0.2727272727272727,1.4877041365072854,0.3872983346207417,subject_dependent,rbf_svm,,,0.39404761904761904,0.4444444444444444,0.5,0.5833333333333334,0.5,0.5,0.5,0.3819444444444445,,,,
0.5,0.4444444444444444,"{""clf__C"": 10.0, ""clf__gamma"": 0.001}",,"[[0, 1, 1], [0, 2, 1], [0, 1, 2]]",arousal,0.38095238095238093,0.5,0.42857142857142855,,,3,,,0.19999999999999996,1.2526894908510655,0.2182178902359924,subject_dependent,rbf_svm,,,0.4193121693121693,0.3333333333333333,0.5,0.375,0.4444444444444444,0.5,0.5,0.41111111111111104,,,,
0.25,0.25,"{""clf__C"": 10.0, ""clf__gamma"": 0.001}",0.23791316968559134,"[[0, 4], [2, 2]]",arousal,0.2,0.25,0.2,2,0.5,4,4,1.0,-0.5,,-0.5773502691896258,subject_dependent,rbf_svm,0.0,0.3333333333333333,,0.16666666666666666,0.25,0.16666666666666666,0.25,0.25,0.25,,0,0.0,2,0.5
0.25,0.16666666666666666,"{""clf__C"": 10.0, ""clf__gamma"": 0.001}",0.2649554468270885,"[[2, 4], [2, 0]]",arousal,0.2,0.25,0.30000000000000004,2,1.0,0,4,0.6666666666666666,-0.5,,-0.5773502691896258,subject_dependent,rbf_svm,0.5,0.0,,0.25,0.25,0.375,0.16666666666666666,0.25,0.25,,2,0.3333333333333333,0,0.0
0.5,0.3333333333333333,"{""clf__C"": 0.1, ""clf__gamma"": 0.01}",,"[[0, 0, 1], [0, 0, 3], [0, 0, 4]]",arousal,0.2222222222222222,0.5,0.3333333333333333,,,1,,,0.0,,0.0,subject_dependent,rbf_svm,,,,0.16666666666666666,0.5,0.25,0.3333333333333333,0.5,0.5,,,,,
0.25,0.2,"{""clf__C"": 10.0, ""clf__gamma"": 0.001}",0.2805679054789061,"[[2, 3], [3, 0]]",arousal,0.2,0.25,0.25,3,1.0,2,3,0.6,-0.6000000000000001,,-0.6,subject_dependent,rbf_svm,0.4,0.0,,0.2,0.25,0.25,0.2,0.25,0.25,,2,0.4,0,0.0
0.625,0.5,"{""clf__C"": 10.0, ""clf__gamma"": 0.01}",0.25524126281978954,"[[5, 0], [3, 0]]",arousal,0.38461538461538464,0.625,0.4807692307692308,3,1.0,3,0,0.0,0.0,,0.0,subject_dependent,rbf_svm,0.625,0.0,,0.3125,0.625,0.390625,0.5,0.625,0.625,,5,1.0,0,0.0
0.375,0.5,"{""clf__C"": 10.0, ""clf__gamma"": 0.01}",0.23518704564228662,"[[3, 0], [5, 0]]",arousal,0.2727272727272727,0.375,0.20454545454545453,5,1.0,4,0,0.0,0.0,,0.0,subject_dependent,rbf_svm,0.375,0.0,,0.1875,0.375,0.140625,0.5,0.375,0.375,,3,1.0,0,0.0
0.375,0.3666666666666667,"{""clf__C"": 10.0, ""clf__gamma"": 0.001}",0.253233292749539,"[[2, 3], [2, 1]]",arousal,0.36507936507936506,0.375,0.38492063492063494,2,0.6666666666666666,0,3,0.6,-0.25,0.7007915887085957,-0.2581988897471611,subject_dependent,rbf_svm,0.5,0.25,0.6416666666666666,0.375,0.375,0.40625,0.3666666666666667,0.375,0.375,0.5333333333333333,2,0.4,1,0.3333333333333333
0.75,0.7333333333333334,"{""clf__C"": 10.0, ""clf__gamma"": 0.001}",0.22494310869641107,"[[4, 1], [1, 2]]",arousal,0.7333333333333334,0.75,0.75,1,0.3333333333333333,1,1,0.2,0.4666666666666667,0.6452785880253549,0.4666666666666667,subject_dependent,rbf_svm,0.8,0.6666666666666666,0.5961904761904762,0.7333333333333334,0.75,0.75,0.7333333333333334,0.75,0.75,0.6,4,0.8,2,0.6666666666666666
0.625,0.625,"{""clf__C"": 10.0, ""clf__gamma"": 0.001}",0.271539601444169,"[[4, 0], [3, 1]]",arousal,0.5636363636363637,0.625,0.5636363636363637,3,0.75,2,0,0.0,0.25,0.736833771931874,0.3779644730092272,subject_dependent,rbf_svm,0.5714285714285714,1.0,0.8041666666666667,0.7857142857142857,0.625,0.7857142857142857,0.625,0.625,0.625,0.1875,4,1.0,1,0.25
0.75,0.75,"{""clf__C"": 10.0, ""clf__gamma"": 0.001}",0.22159243801615836,"[[2, 2], [0, 4]]",arousal,0.7333333333333334,0.75,0.7333333333333334,0,0.0,3,2,0.5,0.5,0.6337420602401898,0.5773502691896258,subject_dependent,rbf_svm,1.0,0.6666666666666666,0.5238095238095237,0.8333333333333333,0.75,0.8333333333333333,0.75,0.75,0.75,0.625,2,0.5,4,1.0
0.875,0.875,"{""clf__C"": 1.0, ""clf__gamma"": 0.001}",0.37547869560238,"[[3, 1], [0, 4]]",arousal,0.873015873015873,0.875,0.873015873015873,0,0.0,4,1,0.25,0.75,0.9592637035569321,0.7745966692414834,subject_dependent,rbf_svm,1.0,0.8,0.9166666666666666,0.9,0.875,0.9,0.875,0.875,0.875,0.125,3,0.75,4,1.0
0.5,0.611111111111111,"{""clf__C"": 1.0, ""clf__gamma"": 0.001}",,"[[1, 0, 0], [2, 2, 0], [0, 2, 1]]",arousal,0.5,0.5,0.5,,,0,,,0.23809523809523814,1.0516027010327034,0.2631578947368421,subject_dependent,rbf_svm,,,0.5851851851851851,0.611111111111111,0.5,0.6666666666666667,0.611111111111111,0.5,0.5,0.7011904761904763,,,,
0.5,0.4166666666666667,"{""clf__C"": 10.0, ""clf__gamma"": 0.001}",,"[[0, 1, 1], [0, 3, 1], [0, 1, 1]]",arousal,0.35555555555555557,0.5,0.43333333333333335,,,1,,,0.1578947368421053,1.1278282826839814,0.1732050807568877,subject_dependent,rbf_svm,,,0.5406746031746031,0.3111111111111111,0.5,0.3833333333333333,0.4166666666666667,0.5,0.5,0.6736111111111112,,,,
0.875,0.875,"{""clf__C"": 1.0, ""clf__gamma"": 0.001}",,"[[7, 1], [0, 0]]",arousal,0.4666666666666667,0.875,0.9333333333333333,,,2,,,0.0,,0.0,subject_dependent,rbf_svm,,,,0.5,0.875,1.0,0.4375,0.875,0.875,,,,,
0.25,0.2222222222222222,"{""clf__C"": 1.0, ""clf__gamma"": 0.001}",,"[[0, 2, 0], [0, 2, 1], [0, 3, 0]]",arousal,0.13333333333333333,0.25,0.15000000000000002,,,3,,,-0.19999999999999996,1.2103362000883562,-0.329914439536929,subject_dependent,rbf_svm,,,0.41111111111111115,0.09523809523809523,0.25,0.10714285714285714,0.2222222222222222,0.25,0.25,0.43333333333333335,,,,
0.25,0.3333333333333333,"{""clf__C"": 10.0, ""clf__gamma"": 0.01}",,"[[0, 2, 0], [0, 2, 0], [0, 4, 0]]",arousal,0.13333333333333333,0.25,0.1,,,4,,,0.0,1.3236754753489097,0.0,subject_dependent,rbf_svm,,,0.3075396825396825,0.08333333333333333,0.25,0.0625,0.3333333333333333,0.25,0.25,0.20833333333333334,,,,
0.25,0.13333333333333333,"{""clf__C"": 10.0, ""clf__gamma"": 0.001}",,"[[2, 2, 1], [0, 0, 1], [2, 0, 0]]",arousal,0.14814814814814814,0.25,0.2777777777777778,,,0,,,-0.26315789473684204,1.0514071986001756,-0.2711630722733202,subject_dependent,rbf_svm,,,0.6098412698412697,0.16666666666666666,0.25,0.3125,0.13333333333333333,0.25,0.25,0.5555555555555557,,,,
0.5,0.4444444444444444,"{""clf__C"": 1.0, ""clf__gamma"": 0.001}",,"[[3, 0, 0], [2, 0, 0], [1, 1, 1]]",arousal,0.38888888888888884,0.5,0.4375,,,1,,,0.2195121951219512,1.2147221709168188,0.2723523897009611,subject_dependent,rbf_svm,,,0.4706349206349206,0.5,0.5,0.5625,0.4444444444444444,0.5,0.5,0.41111111111111115,,,,
0.625,0.4444444444444444,"{""clf__C"": 1.0, ""clf__gamma"": 0.001}",,"[[4, 0, 0], [0, 0, 1], [1, 1, 1]]",arousal,0.4296296296296296,0.625,0.5944444444444444,,,2,,,0.3513513513513513,1.201353458111266,0.3616696746485272,subject_dependent,rbf_svm,,,0.4189153439153439,0.43333333333333335,0.625,0.5875,0.4444444444444444,0.625,0.625,0.33095238095238094,,,,
0.25,0.3333333333333333,"{""clf__C"": 1.0, ""clf__gamma"": 0.001}",,"[[2, 0, 0], [2, 0, 1], [1, 2, 0]]",arousal,0.19047619047619047,0.25,0.14285714285714285,,,3,,,-0.06666666666666665,1.2436964576990253,-0.07938841860374447,subject_dependent,rbf_svm,,,0.31230158730158736,0.13333333333333333,0.25,0.1,0.3333333333333333,0.25,0.25,0.2388888888888889,,,,
0.125,0.3333333333333333,"{""clf__C"": 0.1, ""clf__gamma"": 0.001}",,"[[0, 0, 4], [0, 0, 3], [0, 0, 1]]",arousal,0.07407407407407407,0.125,0.027777777777777776,,,4,,,0.0,1.031687525198692,0.0,subject_dependent,rbf_svm,,,0.37777777777777777,0.041666666666666664,0.125,0.015625,0.3333333333333333,0.125,0.125,0.2569444444444444,,,,
0.875,0.75,"{""clf__C"": 10.0, ""clf__gamma"": 0.001}",0.20400001326169126,"[[1, 1], [0, 6]]",arousal,0.7948717948717949,0.875,0.8589743589743589,0,0.0,0,1,0.5,0.6,,0.6546536707079772,subject_dependent,rbf_svm,1.0,0.8571428571428571,,0.9285714285714286,0.875,0.8928571428571428,0.75,0.875,0.875,,1,0.5,6,1.0
0.375,0.5,"{""clf__C"": 1.0, ""clf__gamma"": 0.01}",0.3487330038573667,"[[3, 0], [5, 0]]",arousal,0.2727272727272727,0.375,0.20454545454545453,5,1.0,1,0,0.0,0.0,,0.0,subject_dependent,rbf_svm,0.375,0.0,,0.1875,0.375,0.140625,0.5,0.375,0.375,,3,1.0,0,0.0
0.625,0.5,"{""clf__C"": 10.0, ""clf__gamma"": 0.001}",0.3245632260375489,"[[0, 3], [0, 5]]",arousal,0.38461538461538464,0.625,0.4807692307692308,0,0.0,2,3,1.0,0.0,,0.0,subject_dependent,rbf_svm,0.0,0.625,,0.3125,0.625,0.390625,0.5,0.625,0.625,,0,0.0,5,1.0
0.625,0.43333333333333335,"{""clf__C"": 1.0, ""clf__gamma"": 0.001}",,"[[0, 1, 0], [0, 1, 1], [0, 1, 4]]",arousal,0.4000000000000001,0.625,0.6,,,3,,,0.2727272727272727,,0.28180093098831727,subject_dependent,rbf_svm,,,,0.37777777777777777,0.625,0.5833333333333334,0.43333333333333335,0.625,0.625,,,,,
0.625,0.625,"{""clf__C"": 10.0, ""clf__gamma"": 0.001}",0.28477483141537663,"[[1, 3], [0, 4]]",arousal,0.5636363636363637,0.625,0.5636363636363637,0,0.0,4,3,0.75,0.25,,0.3779644730092272,subject_dependent,rbf_svm,1.0,0.5714285714285714,,0.7857142857142857,0.625,0.7857142857142857,0.625,0.625,0.625,,1,0.25,4,1.0
0.75,0.42857142857142855,"{""clf__C"": 1.0, ""clf__gamma"": 0.001}",0.4420375545823487,"[[0, 0, 1], [0, 0, 0], [0, 1, 6]]",arousal,0.2857142857142857,0.75,0.75,,,0,,,-0.06666666666666665,,-0.07142857142857142,subject_dependent,rbf_svm,,,,0.2857142857142857,0.75,0.75,0.2857142857142857,0.75,0.75,,,,,
0.625,0.5,"{""clf__C"": 1.0, ""clf__gamma"": 0.001}",0.48920845351969533,"[[0, 3], [0, 5]]",arousal,0.38461538461538464,0.625,0.4807692307692308,0,0.0,1,3,1.0,0.0,,0.0,subject_dependent,rbf_svm,0.0,0.625,,0.3125,0.625,0.390625,0.5,0.625,0.625,,0,0.0,5,1.0
0.75,0.5,"{""clf__C"": 1.0, ""clf__gamma"": 0.001}",0.5177485985283319,"[[0, 2], [0, 6]]",arousal,0.42857142857142855,0.75,0.6428571428571428,0,0.0,2,2,1.0,0.0,,0.0,subject_dependent,rbf_svm,0.0,0.75,,0.375,0.75,0.5625,0.5,0.75,0.75,,0,0.0,6,1.0
0.625,0.5,"{""clf__C"": 1.0, ""clf__gamma"": 0.001}",0.37730857466727863,"[[0, 3], [0, 5]]",arousal,0.38461538461538464,0.625,0.4807692307692308,0,0.0,3,3,1.0,0.0,,0.0,subject_dependent,rbf_svm,0.0,0.625,,0.3125,0.625,0.390625,0.5,0.625,0.625,,0,0.0,5,1.0
0.75,0.3333333333333333,"{""clf__C"": 1.0, ""clf__gamma"": 0.01}",,"[[0, 0, 1], [0, 0, 1], [0, 0, 6]]",arousal,0.2857142857142857,0.75,0.6428571428571428,,,4,,,0.0,0.8838308026273335,0.0,subject_dependent,rbf_svm,,,0.47685185185185186,0.25,0.75,0.5625,0.3333333333333333,0.75,0.75,0.5833333333333334,,,,
0.75,0.7333333333333334,"{""clf__C"": 1.0, ""clf__gamma"": 0.001}",0.24241953929966462,"[[2, 1], [1, 4]]",arousal,0.7333333333333334,0.75,0.75,1,0.2,0,1,0.3333333333333333,0.4666666666666667,,0.4666666666666667,subject_dependent,rbf_svm,0.6666666666666666,0.8,,0.7333333333333334,0.75,0.75,0.7333333333333334,0.75,0.75,,2,0.6666666666666666,4,0.8
0.5,0.4,"{""clf__C"": 1.0, ""clf__gamma"": 0.001}",0.2544317275659893,"[[0, 3], [1, 4]]",arousal,0.3333333333333333,0.5,0.41666666666666663,1,0.2,1,3,1.0,-0.23076923076923084,,-0.29277002188455997,subject_dependent,rbf_svm,0.0,0.5714285714285714,,0.2857142857142857,0.5,0.3571428571428571,0.4,0.5,0.5,,0,0.0,4,0.8
0.375,0.39999999999999997,"{""clf__C"": 1.0, ""clf__gamma"": 0.001}",,"[[0, 0, 1], [2, 1, 2], [0, 0, 2]]",arousal,0.30158730158730157,0.375,0.35119047619047616,,,2,,,0.14893617021276595,0.9977924414383991,0.20588235294117646,subject_dependent,rbf_svm,,,0.7426190476190476,0.4666666666666666,0.375,0.725,0.39999999999999997,0.375,0.375,0.7666666666666666,,,,
0.25,0.3333333333333333,"{""clf__C"": 1.0, ""clf__gamma"": 0.001}",,"[[0, 1, 0], [0, 0, 5], [0, 0, 2]]",arousal,0.14814814814814814,0.25,0.1111111111111111,,,3,,,-0.06666666666666665,1.077137388650125,-0.1375047745542317,subject_dependent,rbf_svm,,,0.43087301587301585,0.09523809523809523,0.25,0.07142857142857142,0.3333333333333333,0.25,0.25,0.41904761904761906,,,,
0.25,0.39999999999999997,"{""clf__C"": 1.0, ""clf__gamma"": 0.001}",,"[[0, 2, 0], [0, 1, 0], [0, 4, 1]]",arousal,0.19444444444444442,0.25,0.23958333333333331,,,4,,,0.07692307692307687,1.3069534166147716,0.18333969940564226,subject_dependent,rbf_svm,,,0.6947619047619048,0.38095238095238093,0.25,0.6428571428571429,0.39999999999999997,0.25,0.25,0.6555555555555556,,,,
0.5,0.5,"{""clf__C"": 1.0, ""clf__gamma"": 0.001}",0.35243400464617136,"[[4, 0], [4, 0]]",arousal,0.3333333333333333,0.5,0.3333333333333333,4,1.0,0,0,0.0,0.0,,0.0,subject_dependent,rbf_svm,0.5,0.0,,0.25,0.5,0.25,0.5,0.5,0.5,,4,1.0,0,0.0
0.625,0.5,"{""clf__C"": 1.0, ""clf__gamma"": 0.01}",0.3367651329812398,"[[5, 0], [3, 0]]",arousal,0.38461538461538464,0.625,0.4807692307692308,3,1.0,1,0,0.0,0.0,,0.0,subject_dependent,rbf_svm,0.625,0.0,,0.3125,0.625,0.390625,0.5,0.625,0.625,,5,1.0,0,0.0
0.875,0.5,"{""clf__C"": 1.0, ""clf__gamma"": 0.001}",0.29267514580893744,"[[7, 0], [1, 0]]",arousal,0.4666666666666667,0.875,0.8166666666666667,1,1.0,2,0,0.0,0.0,,0.0,subject_dependent,rbf_svm,0.875,0.0,,0.4375,0.875,0.765625,0.5,0.875,0.875,,7,1.0,0,0.0
0.5,0.3333333333333333,"{""clf__C"": 1.0, ""clf__gamma"": 0.01}",,"[[0, 3, 0], [0, 4, 0], [0, 1, 0]]",arousal,0.2222222222222222,0.5,0.3333333333333333,,,3,,,0.0,1.544492680521628,0.0,subject_dependent,rbf_svm,,,0.42063492063492064,0.16666666666666666,0.5,0.25,0.3333333333333333,0.5,0.5,0.4251984126984127,,,,
0.625,0.35714285714285715,"{""clf__C"": 1.0, ""clf__gamma"": 0.001}",0.1318002947162969,"[[0, 1, 0], [0, 5, 2], [0, 0, 0]]",arousal,0.25641025641025644,0.625,0.6730769230769231,,,4,,,-0.09090909090909083,,-0.1091089451179962,subject_dependent,rbf_svm,,,,0.2777777777777778,0.625,0.7291666666666667,0.2380952380952381,0.625,0.625,,,,,
0.875,0.75,"{""clf__C"": 1.0, ""clf__gamma"": 0.001}",0.2159495105594976,"[[6, 0], [1, 1]]",arousal,0.7948717948717949,0.875,0.8589743589743589,1,0.5,0,0,0.0,0.6,,0.6546536707079772,subject_dependent,rbf_svm,0.8571428571428571,1.0,,0.9285714285714286,0.875,0.8928571428571428,0.75,0.875,0.875,,6,1.0,1,0.5
0.375,0.25,"{""clf__C"": 1.0, ""clf__gamma"": 0.001}",,"[[0, 2, 0], [0, 3, 1], [0, 2, 0]]",arousal,0.1818181818181818,0.375,0.2727272727272727,,,1,,,-0.17647058823529416,1.3377835593190377,-0.253546276418555,subject_dependent,rbf_svm,,,0.3611111111111111,0.14285714285714285,0.375,0.21428571428571427,0.25,0.375,0.375,0.3680555555555556,,,,
0.625,0.3333333333333333,"{""clf__C"": 10.0, ""clf__gamma"": 0.001}",,"[[0, 2, 0], [0, 5, 0], [0, 1, 0]]",arousal,0.25641025641025644,0.625,0.4807692307692308,,,2,,,0.0,0.9332786822388673,0.0,subject_dependent,rbf_svm,,,0.5384920634920635,0.20833333333333334,0.625,0.390625,0.3333333333333333,0.625,0.625,0.607936507936508,,,,
0.5,0.3333333333333333,"{""clf__C"": 1.0, ""clf__gamma"": 0.001}",,"[[0, 2, 0], [0, 4, 0], [0, 2, 0]]",arousal,0.2222222222222222,0.5,0.3333333333333333,,,3,,,0.0,1.0781973191096146,0.0,subject_dependent,rbf_svm,,,0.49563492063492065,0.16666666666666666,0.5,0.25,0.3333333333333333,0.5,0.5,0.3958333333333333,,,,
0.625,0.3333333333333333,"{""clf__C"": 1.0, ""clf__gamma"": 0.001}",,"[[0, 2, 0], [0, 5, 0], [0, 1, 0]]",arousal,0.25641025641025644,0.625,0.4807692307692308,,,4,,,0.0,0.8469562502754612,0.0,subject_dependent,rbf_svm,,,0.9287301587301587,0.20833333333333334,0.625,0.390625,0.3333333333333333,0.625,0.625,0.888888888888889,,,,
0.625,0.5,"{""clf__C"": 1.0, ""clf__gamma"": 0.001}",0.30777353736371416,"[[5, 0], [3, 0]]",arousal,0.38461538461538464,0.625,0.4807692307692308,3,1.0,0,0,0.0,0.0,,0.0,subject_dependent,rbf_svm,0.625,0.0,,0.3125,0.625,0.390625,0.5,0.625,0.625,,5,1.0,0,0.0
0.5,0.5,"{""clf__C"": 1.0, ""clf__gamma"": 0.001}",0.27885764329988716,"[[4, 0], [4, 0]]",arousal,0.3333333333333333,0.5,0.3333333333333333,4,1.0,1,0,0.0,0.0,,0.0,subject_dependent,rbf_svm,0.5,0.0,,0.25,0.5,0.25,0.5,0.5,0.5,,4,1.0,0,0.0
0.5,0.5,"{""clf__C"": 1.0, ""clf__gamma"": 0.001}",,"[[0, 1, 0], [0, 3, 3], [0, 0, 1]]",arousal,0.3333333333333333,0.5,0.49999999999999994,,,2,,,0.11111111111111116,0.8799245628230171,0.1386750490563073,subject_dependent,rbf_svm,,,0.32222222222222224,0.3333333333333333,0.5,0.59375,0.5,0.5,0.5,0.1388888888888889,,,,
0.5,0.3333333333333333,"{""clf__C"": 1.0, ""clf__gamma"": 0.001}",,"[[0, 1, 0], [0, 4, 0], [0, 3, 0]]",arousal,0.2222222222222222,0.5,0.3333333333333333,,,3,,,0.0,1.225192581220247,0.0,subject_dependent,rbf_svm,,,0.2790343915343915,0.16666666666666666,0.5,0.25,0.3333333333333333,0.5,0.5,0.1369047619047619,,,,
0.375,0.16666666666666666,"{""clf__C"": 1.0, ""clf__gamma"": 0.001}",,"[[0, 1, 0], [0, 3, 3], [0, 1, 0]]",arousal,0.1818181818181818,0.375,0.40909090909090906,,,4,,,-0.29032258064516125,0.8412987642101126,-0.3222516933177448,subject_dependent,rbf_svm,,,0.513888888888889,0.19999999999999998,0.375,0.44999999999999996,0.16666666666666666,0.375,0.375,0.7063492063492064,,,,
0.5,0.5,"{""clf__C"": 1.0, ""clf__gamma"": 0.001}",0.26259201566047563,"[[2, 2], [2, 2]]",arousal,0.5,0.5,0.5,2,0.5,0,2,0.5,0.0,0.7192624274984569,0.0,subject_dependent,rbf_svm,0.5,0.5,0.6083333333333333,0.5,0.5,0.5,0.5,0.5,0.5,0.34375,2,0.5,2,0.5
0.375,0.375,"{""clf__C"": 10.0, ""clf__gamma"": 0.001}",0.2529555423559293,"[[2, 2], [3, 1]]",arousal,0.36507936507936506,0.375,0.36507936507936506,3,0.75,1,2,0.5,-0.25,0.6991034777101154,-0.2581988897471611,subject_dependent,rbf_svm,0.4,0.3333333333333333,0.5178571428571428,0.3666666666666667,0.375,0.3666666666666667,0.375,0.375,0.375,0.5625,2,0.5,1,0.25
0.75,0.8571428571428572,"{""clf__C"": 10.0, ""clf__gamma"": 0.001}",0.3012647682789328,"[[5, 2], [0, 1]]",arousal,0.6666666666666667,0.75,0.7916666666666667,0,0.0,2,2,0.2857142857142857,0.3846153846153846,0.797045687583876,0.4879500364742666,subject_dependent,rbf_svm,1.0,0.3333333333333333,0.9617346938775511,0.6666666666666666,0.75,0.9166666666666666,0.8571428571428572,0.75,0.75,0.2857142857142857,5,0.7142857142857143,1,1.0
0.625,0.625,"{""clf__C"": 1.0, ""clf__gamma"": 0.001}",0.26955459959603134,"[[2, 2], [1, 3]]",arousal,0.6190476190476191,0.625,0.6190476190476191,1,0.25,3,2,0.5,0.25,0.7325405364328879,0.2581988897471611,subject_dependent,rbf_svm,0.6666666666666666,0.6,0.775,0.6333333333333333,0.625,0.6333333333333333,0.625,0.625,0.625,0.375,2,0.5,3,0.75
0.375,0.3666666666666667,"{""clf__C"": 1.0, ""clf__gamma"": 0.001}",0.28146142836284926,"[[1, 2], [3, 2]]",arousal,0.36507936507936506,0.375,0.38492063492063494,3,0.6,4,2,0.6666666666666666,-0.25,0.7568934439233124,-0.2581988897471611,subject_dependent,rbf_svm,0.25,0.5,0.5694444444444444,0.375,0.375,0.40625,0.3666666666666667,0.375,0.375,0.6000000000000001,1,0.3333333333333333,2,0.4
0.25,0.39999999999999997,"{""clf__C"": 10.0, ""clf__gamma"": 0.001}",,"[[0, 0, 2], [0, 1, 0], [0, 4, 1]]",arousal,0.19444444444444442,0.25,0.19791666666666666,,,0,,,-0.09090909090909083,1.2235853161225223,-0.1252448582170299,subject_dependent,rbf_svm,,,0.5376190476190476,0.17777777777777778,0.25,0.2333333333333333,0.39999999999999997,0.25,0.25,0.6357142857142858,,,,
0.25,0.5,"{""clf__C"": 10.0, ""clf__gamma"": 0.001}",0.20560306648348478,"[[0, 6], [0, 2]]",arousal,0.2,0.25,0.1,0,0.0,1,6,1.0,0.0,,0.0,subject_dependent,rbf_svm,0.0,0.25,,0.125,0.25,0.0625,0.5,0.25,0.25,,0,0.0,2,1.0
0.625,0.5555555555555555,"{""clf__C"": 1.0, ""clf__gamma"": 0.001}",,"[[0, 0, 1], [0, 1, 0], [0, 2, 4]]",arousal,0.4090909090909091,0.625,0.6079545454545454,,,2,,,0.22580645161290325,1.1022214034849849,0.25064020591380154,subject_dependent,rbf_svm,,,0.3976190476190476,0.37777777777777777,0.625,0.6416666666666667,0.5555555555555555,0.625,0.625,0.3849206349206349,,,,
0.375,0.3333333333333333,"{""clf__C"": 1.0, ""clf__gamma"": 0.001}",,"[[0, 0, 1], [0, 0, 4], [0, 0, 3]]",arousal,0.1818181818181818,0.375,0.20454545454545453,,,3,,,0.0,1.0012854631405865,0.0,subject_dependent,rbf_svm,,,0.4222222222222222,0.125,0.375,0.140625,0.3333333333333333,0.375,0.375,0.40257936507936504,,,,
0.5,0.26666666666666666,"{""clf__C"": 10.0, ""clf__gamma"": 0.001}",,"[[0, 0, 1], [0, 4, 1], [0, 2, 0]]",arousal,0.24242424242424243,0.5,0.4545454545454546,,,4,,,-0.06666666666666665,1.0818084529226148,-0.07001400420140048,subject_dependent,rbf_svm,,,0.6325396825396825,0.2222222222222222,0.5,0.41666666666666663,0.26666666666666666,0.5,0.5,0.5888888888888889,,,,
0.5,0.3333333333333333,"{""clf__C"": 0.1, ""clf__gamma"": 0.001}",,"[[0, 0, 1], [0, 0, 3], [0, 0, 4]]",arousal,0.2222222222222222,0.5,0.3333333333333333,,,0,,,0.0,,0.0,subject_dependent,rbf_svm,,,,0.16666666666666666,0.5,0.25,0.3333333333333333,0.5,0.5,,,,,
0.375,0.5,"{""clf__C"": 1.0, ""clf__gamma"": 0.01}",0.37462553688600325,"[[0, 5], [0, 3]]",arousal,0.2727272727272727,0.375,0.20454545454545453,0,0.0,1,5,1.0,0.0,,0.0,subject_dependent,rbf_svm,0.0,0.375,,0.1875,0.375,0.140625,0.5,0.375,0.375,,0,0.0,3,1.0
0.375,0.5,"{""clf__C"": 1.0, ""clf__gamma"": 0.01}",0.3221046135759619,"[[0, 5], [0, 3]]",arousal,0.2727272727272727,0.375,0.20454545454545453,0,0.0,2,5,1.0,0.0,,0.0,subject_dependent,rbf_svm,0.0,0.375,,0.1875,0.375,0.140625,0.5,0.375,0.375,,0,0.0,3,1.0
0.125,0.5,"{""clf__C"": 1.0, ""clf__gamma"": 0.001}",0.3440753306648575,"[[0, 7], [0, 1]]",arousal,0.1111111111111111,0.125,0.027777777777777776,0,0.0,3,7,1.0,0.0,,0.0,subject_dependent,rbf_svm,0.0,0.125,,0.0625,0.125,0.015625,0.5,0.125,0.125,,0,0.0,1,1.0
0.375,0.5,"{""clf__C"": 1.0, ""clf__gamma"": 0.01}",0.3359253363508098,"[[0, 5], [0, 3]]",arousal,0.2727272727272727,0.375,0.20454545454545453,0,0.0,4,5,1.0,0.0,,0.0,subject_dependent,rbf_svm,0.0,0.375,,0.1875,0.375,0.140625,0.5,0.375,0.375,,0,0.0,3,1.0
0.625,0.3333333333333333,"{""clf__C"": 1.0, ""clf__gamma"": 0.001}",,"[[0, 0, 1], [0, 0, 2], [0, 0, 5]]",arousal,0.25641025641025644,0.625,0.4807692307692308,,,0,,,0.0,0.8536869617558109,0.0,subject_dependent,rbf_svm,,,0.7894444444444444,0.20833333333333334,0.625,0.390625,0.3333333333333333,0.625,0.625,0.7611111111111111,,,,
0.875,0.5,"{""clf__C"": 1.0, ""clf__gamma"": 0.001}",0.5420065117267514,"[[0, 1], [0, 7]]",arousal,0.4666666666666667,0.875,0.8166666666666667,0,0.0,1,1,1.0,0.0,,0.0,subject_dependent,rbf_svm,0.0,0.875,,0.4375,0.875,0.765625,0.5,0.875,0.875,,0,0.0,7,1.0
0.75,0.5,"{""clf__C"": 1.0, ""clf__gamma"": 0.001}",0.45405285118263705,"[[0, 2], [0, 6]]",arousal,0.42857142857142855,0.75,0.6428571428571428,0,0.0,2,2,1.0,0.0,,0.0,subject_dependent,rbf_svm,0.0,0.75,,0.375,0.75,0.5625,0.5,0.75,0.75,,0,0.0,6,1.0
0.75,0.5,"{""clf__C"": 1.0, ""clf__gamma"": 0.001}",0.4396238539985974,"[[0, 2], [0, 6]]",arousal,0.42857142857142855,0.75,0.6428571428571428,0,0.0,3,2,1.0,0.0,,0.0,subject_dependent,rbf_svm,0.0,0.75,,0.375,0.75,0.5625,0.5,0.75,0.75,,0,0.0,6,1.0
0.5,0.3333333333333333,"{""clf__C"": 1.0, ""clf__gamma"": 0.001}",,"[[0, 0, 1], [0, 0, 3], [0, 0, 4]]",arousal,0.2222222222222222,0.5,0.3333333333333333,,,4,,,0.0,1.024133210797567,0.0,subject_dependent,rbf_svm,,,0.5268518518518518,0.16666666666666666,0.5,0.25,0.3333333333333333,0.5,0.5,0.6301587301587301,,,,
0.375,0.25,"{""clf__C"": 1.0, ""clf__gamma"": 0.001}",,"[[0, 0, 2], [0, 0, 2], [0, 1, 3]]",arousal,0.1818181818181818,0.375,0.2727272727272727,,,0,,,-0.17647058823529416,1.066019484732688,-0.253546276418555,subject_dependent,rbf_svm,,,0.6027777777777777,0.14285714285714285,0.375,0.21428571428571427,0.25,0.375,0.375,0.625,,,,
0.625,0.7857142857142857,"{""clf__C"": 10.0, ""clf__gamma"": 0.001}",0.3447481006989886,"[[1, 0], [3, 4]]",arousal,0.5636363636363637,0.625,0.6863636363636364,3,0.42857142857142855,1,0,0.0,0.25,,0.3779644730092272,subject_dependent,rbf_svm,0.25,1.0,,0.625,0.625,0.90625,0.7857142857142857,0.625,0.625,,1,1.0,4,0.5714285714285714
0.375,0.25,"{""clf__C"": 1.0, ""clf__gamma"": 0.001}",,"[[0, 0, 1], [0, 0, 3], [0, 1, 3]]",arousal,0.1818181818181818,0.375,0.2727272727272727,,,2,,,-0.21212121212121215,1.0971037825103034,-0.30348848933344197,subject_dependent,rbf_svm,,,0.37632275132275134,0.14285714285714285,0.375,0.21428571428571427,0.25,0.375,0.375,0.28234126984126984,,,,
0.375,0.3333333333333333,"{""clf__C"": 1.0, ""clf__gamma"": 0.01}",,"[[0, 0, 1], [0, 0, 4], [0, 0, 3]]",arousal,0.1818181818181818,0.375,0.20454545454545453,,,3,,,0.0,1.0349888102842442,0.0,subject_dependent,rbf_svm,,,0.3104497354497355,0.125,0.375,0.140625,0.3333333333333333,0.375,0.375,0.1708333333333333,,,,
0.25,0.3333333333333333,"{""clf__C"": 10.0, ""clf__gamma"": 0.01}",,"[[0, 0, 2], [0, 0, 4], [0, 0, 2]]",arousal,0.13333333333333333,0.25,0.1,,,4,,,0.0,1.294779577138109,0.0,subject_dependent,rbf_svm,,,0.49444444444444446,0.08333333333333333,0.25,0.0625,0.3333333333333333,0.25,0.25,0.5277777777777778,,,,
0.625,0.35714285714285715,"{""clf__C"": 1.0, ""clf__gamma"": 0.001}",0.12751948553885617,"[[5, 2, 0], [0, 0, 0], [1, 0, 0]]",arousal,0.25641025641025644,0.625,0.6730769230769231,,,0,,,-0.09090909090909083,,-0.1091089451179962,subject_dependent,rbf_svm,,,,0.2777777777777778,0.625,0.7291666666666667,0.2380952380952381,0.625,0.625,,,,,
0.375,0.3333333333333333,"{""clf__C"": 1.0, ""clf__gamma"": 0.001}",,"[[3, 0, 0], [2, 0, 0], [3, 0, 0]]",arousal,0.1818181818181818,0.375,0.20454545454545453,,,1,,,0.0,1.4607485991326183,0.0,subject_dependent,rbf_svm,,,0.36058201058201056,0.125,0.375,0.140625,0.3333333333333333,0.375,0.375,0.37222222222222223,,,,
0.5,0.5,"{""clf__C"": 1.0, ""clf__gamma"": 0.001}",0.3530557756356916,"[[4, 0, 0], [3, 0, 1], [0, 0, 0]]",arousal,0.24242424242424243,0.5,0.36363636363636365,,,2,,,0.11111111111111116,,0.1889822365046136,subject_dependent,rbf_svm,,,,0.19047619047619047,0.5,0.2857142857142857,0.3333333333333333,0.5,0.5,,,,,
0.25,0.2,"{""clf__C"": 1.0, ""clf__gamma"": 0.001}",0.23066025278502716,"[[2, 3, 0], [0, 0, 0], [2, 1, 0]]",arousal,0.14814814814814814,0.25,0.2777777777777778,,,3,,,-0.09090909090909083,,-0.12909944487358055,subject_dependent,rbf_svm,,,,0.16666666666666666,0.25,0.3125,0.13333333333333333,0.25,0.25,,,,,
0.5,0.5833333333333334,"{""clf__C"": 1.0, ""clf__gamma"": 0.001}",,"[[3, 0, 1], [2, 0, 1], [0, 0, 1]]",arousal,0.38888888888888884,0.5,0.3958333333333333,,,4,,,0.2195121951219512,1.250557456539118,0.2665569949915915,subject_dependent,rbf_svm,,,0.2841269841269841,0.3111111111111111,0.5,0.3416666666666667,0.5833333333333334,0.5,0.5,0.15912698412698412,,,,
0.5,0.4166666666666667,"{""clf__C"": 1.0, ""clf__gamma"": 0.001}",,"[[0, 1, 1], [0, 1, 1], [0, 1, 3]]",arousal,0.35555555555555557,0.5,0.43333333333333335,,,0,,,0.1578947368421053,,0.1732050807568877,subject_dependent,rbf_svm,,,,0.3111111111111111,0.5,0.3833333333333333,0.4166666666666667,0.5,0.5,,,,,
0.5,0.4666666666666667,"{""clf__C"": 1.0, ""clf__gamma"": 0.001}",0.27593458471001353,"[[1, 2], [2, 3]]",arousal,0.4666666666666667,0.5,0.5,2,0.4,1,2,0.6666666666666666,-0.06666666666666665,,-0.06666666666666667,subject_dependent,rbf_svm,0.3333333333333333,0.6,,0.4666666666666667,0.5,0.5,0.4666666666666667,0.5,0.5,,1,0.3333333333333333,3,0.6
0.625,0.5833333333333333,"{""clf__C"": 10.0, ""clf__gamma"": 0.001}",0.3344892382122536,"[[1, 1], [2, 4]]",arousal,0.5636363636363637,0.625,0.6454545454545454,2,0.3333333333333333,2,1,0.5,0.1428571428571429,,0.14907119849998599,subject_dependent,rbf_svm,0.3333333333333333,0.8,,0.5666666666666667,0.625,0.6833333333333335,0.5833333333333333,0.625,0.625,,1,0.5,4,0.6666666666666666
0.5,0.5,"{""clf__C"": 0.1, ""clf__gamma"": 0.001}",0.3312014316426172,"[[4, 0], [4, 0]]",arousal,0.3333333333333333,0.5,0.3333333333333333,4,1.0,3,0,0.0,0.0,,0.0,subject_dependent,rbf_svm,0.5,0.0,,0.25,0.5,0.25,0.5,0.5,0.5,,4,1.0,0,0.0
0.625,0.625,"{""clf__C"": 1.0, ""clf__gamma"": 0.001}",0.2704682742217215,"[[3, 1], [2, 2]]",arousal,0.6190476190476191,0.625,0.6190476190476191,2,0.5,4,1,0.25,0.25,,0.2581988897471611,subject_dependent,rbf_svm,0.6,0.6666666666666666,,0.6333333333333333,0.625,0.6333333333333333,0.625,0.625,0.625,,3,0.75,2,0.5
0.375,0.3333333333333333,"{""clf__C"": 1.0, ""clf__gamma"": 0.01}",,"[[0, 0, 1], [0, 0, 4], [0, 0, 3]]",arousal,0.1818181818181818,0.375,0.20454545454545453,,,0,,,0.0,1.2849596878416476,0.0,subject_dependent,rbf_svm,,,0.5169973544973544,0.125,0.375,0.140625,0.3333333333333333,0.375,0.375,0.6214285714285714,,,,
0.5,0.3333333333333333,"{""clf__C"": 1.0, ""clf__gamma"": 0.001}",,"[[0, 1, 1], [0, 0, 2], [0, 0, 4]]",arousal,0.24242424242424243,0.5,0.36363636363636365,,,1,,,0.05882352941176472,1.1734719996007184,0.08451542547285165,subject_dependent,rbf_svm,,,0.42916666666666664,0.19047619047619047,0.5,0.2857142857142857,0.3333333333333333,0.5,0.5,0.3263888888888889,,,,
0.625,0.35714285714285715,"{""clf__C"": 1.0, ""clf__gamma"": 0.001}",0.4810056059627245,"[[0, 1, 0], [0, 0, 0], [0, 2, 5]]",arousal,0.2777777777777778,0.625,0.7291666666666667,,,2,,,0.1724137931034483,,0.2439750182371333,subject_dependent,rbf_svm,,,,0.3333333333333333,0.625,0.875,0.2380952380952381,0.625,0.625,,,,,
0.75,0.3333333333333333,"{""clf__C"": 10.0, ""clf__gamma"": 0.001}",,"[[0, 0, 1], [0, 0, 1], [0, 0, 6]]",arousal,0.2857142857142857,0.75,0.6428571428571428,,,3,,,0.0,0.9265329271642648,0.0,subject_dependent,rbf_svm,,,0.3382275132275132,0.25,0.75,0.5625,0.3333333333333333,0.75,0.75,0.1984126984126984,,,,
0.75,0.5,"{""clf__C"": 1.0, ""clf__gamma"": 0.001}",,"[[0, 0, 1], [0, 1, 1], [0, 0, 5]]",arousal,0.5,0.75,0.6875,,,4,,,0.40740740740740744,1.1560860360325231,0.5041841733655162,subject_dependent,rbf_svm,,,0.27349206349206345,0.5714285714285715,0.75,0.6964285714285714,0.5,0.75,0.75,0.0753968253968254,,,,
0.625,0.4444444444444444,"{""clf__C"": 10.0, ""clf__gamma"": 0.001}",,"[[4, 0, 0], [2, 1, 0], [1, 0, 0]]",arousal,0.4090909090909091,0.625,0.5511363636363636,,,0,,,0.2727272727272727,1.0672146739785902,0.390199486285854,subject_dependent,rbf_svm,,,0.8045634920634921,0.5238095238095238,0.625,0.6607142857142857,0.4444444444444444,0.625,0.625,0.7652777777777778,,,,
0.25,0.4166666666666667,"{""clf__C"": 10.0, ""clf__gamma"": 0.001}",,"[[1, 0, 0], [3, 0, 0], [3, 0, 1]]",arousal,0.21666666666666667,0.25,0.23125,,,1,,,0.09433962264150941,1.3382187678885322,0.21677749238102997,subject_dependent,rbf_svm,,,0.5055555555555555,0.38095238095238093,0.25,0.5178571428571429,0.4166666666666667,0.25,0.25,0.5182539682539682,,,,
0.375,0.4666666666666666,"{""clf__C"": 1.0, ""clf__gamma"": 0.001}",,"[[2, 1, 2], [0, 1, 0], [1, 1, 0]]",arousal,0.3333333333333333,0.375,0.375,,,2,,,0.04761904761904767,1.1950720757791256,0.05292561240249631,subject_dependent,rbf_svm,,,0.38206349206349205,0.3333333333333333,0.375,0.4583333333333333,0.4666666666666666,0.375,0.375,0.34761904761904766,,,,
0.125,0.16666666666666666,"{""clf__C"": 1.0, ""clf__gamma"": 0.001}",,"[[0, 1, 1], [0, 0, 4], [0, 1, 1]]",arousal,0.08333333333333333,0.125,0.0625,,,3,,,-0.2727272727272727,1.1943853045714836,-0.3872983346207417,subject_dependent,rbf_svm,,,0.5347222222222222,0.05555555555555555,0.125,0.041666666666666664,0.16666666666666666,0.125,0.125,0.5625,,,,
0.5,0.49999999999999994,"{""clf__C"": 1.0, ""clf__gamma"": 0.001}",,"[[2, 0, 1], [1, 1, 0], [0, 2, 1]]",arousal,0.48888888888888893,0.5,0.5,,,4,,,0.2558139534883721,1.2143820411842188,0.2619047619047619,subject_dependent,rbf_svm,,,0.5575396825396826,0.5,0.5,0.5208333333333333,0.49999999999999994,0.5,0.5,0.4833333333333332,,,,
0.25,0.4166666666666667,"{""clf__C"": 1.0, ""clf__gamma"": 0.001}",,"[[0, 0, 3], [2, 1, 1], [0, 0, 1]]",arousal,0.24444444444444446,0.25,0.24166666666666667,,,0,,,0.020408163265306145,1.4761410886234445,0.027820744203732862,subject_dependent,rbf_svm,,,0.3768518518518518,0.39999999999999997,0.25,0.525,0.4166666666666667,0.25,0.25,0.33730158730158727,,,,
0.375,0.27777777777777773,"{""clf__C"": 1.0, ""clf__gamma"": 0.001}",,"[[1, 0, 2], [0, 0, 1], [0, 2, 2]]",arousal,0.3148148148148148,0.375,0.4097222222222222,,,1,,,-0.02564102564102555,1.453001366703131,-0.027820744203732862,subject_dependent,rbf_svm,,,0.6957671957671957,0.4666666666666666,0.375,0.575,0.27777777777777773,0.375,0.375,0.6083333333333333,,,,
0.5,0.4666666666666666,"{""clf__C"": 1.0, ""clf__gamma"": 0.001}",,"[[0, 1, 0], [0, 2, 0], [1, 2, 2]]",arousal,0.38095238095238093,0.5,0.49999999999999994,,,2,,,0.2558139534883721,1.1963221596608664,0.3235294117647059,subject_dependent,rbf_svm,,,0.3452380952380952,0.4666666666666666,0.5,0.725,0.4666666666666666,0.5,0.5,0.2825396825396826,,,,
0.5,0.4666666666666666,"{""clf__C"": 1.0, ""clf__gamma"": 0.001}",,"[[0, 1, 0], [1, 2, 2], [0, 0, 2]]",arousal,0.38888888888888884,0.5,0.47916666666666663,,,3,,,0.19999999999999996,1.2824285843490233,0.2225659536298629,subject_dependent,rbf_svm,,,0.4496031746031746,0.38888888888888884,0.5,0.5416666666666666,0.4666666666666666,0.5,0.5,0.4420634920634921,,,,
0.5,0.38888888888888884,"{""clf__C"": 1.0, ""clf__gamma"": 0.1}",,"[[0, 0, 1], [0, 2, 1], [0, 2, 2]]",arousal,0.35714285714285715,0.5,0.4642857142857143,,,4,,,0.11111111111111116,1.026129041499209,0.11470786693528087,subject_dependent,rbf_svm,,,0.3333333333333333,0.3333333333333333,0.5,0.4375,0.38888888888888884,0.5,0.5,0.5,,,,
0.25,0.3333333333333333,"{""clf__C"": 0.1, ""clf__gamma"": 0.001}",,"[[2, 0, 0], [1, 0, 0], [5, 0, 0]]",arousal,0.13333333333333333,0.25,0.1,,,0,,,0.0,1.0281687858602913,0.0,subject_dependent,rbf_svm,,,0.4376190476190476,0.08333333333333333,0.25,0.0625,0.3333333333333333,0.25,0.25,0.4841269841269842,,,,
0.5,0.3333333333333333,"{""clf__C"": 0.1, ""clf__gamma"": 0.01}",,"[[0, 1, 0], [0, 4, 0], [0, 3, 0]]",arousal,0.2222222222222222,0.5,0.3333333333333333,,,1,,,0.0,1.642229394718146,0.0,subject_dependent,rbf_svm,,,0.45039682539682535,0.16666666666666666,0.5,0.25,0.3333333333333333,0.5,0.5,0.46507936507936504,,,,
0.125,0.1111111111111111,"{""clf__C"": 1.0, ""clf__gamma"": 0.001}",,"[[0, 1, 3], [0, 0, 1], [1, 1, 1]]",arousal,0.08333333333333333,0.125,0.09375,,,2,,,-0.30232558139534893,1.0368878325154731,-0.3616696746485272,subject_dependent,rbf_svm,,,0.6407407407407407,0.06666666666666667,0.125,0.07500000000000001,0.1111111111111111,0.125,0.125,0.7488095238095238,,,,
0.25,0.3333333333333333,"{""clf__C"": 1.0, ""clf__gamma"": 0.01}",,"[[2, 0, 0], [2, 0, 0], [4, 0, 0]]",arousal,0.13333333333333333,0.25,0.1,,,3,,,0.0,1.0445227854176602,0.0,subject_dependent,rbf_svm,,,0.35873015873015873,0.08333333333333333,0.25,0.0625,0.3333333333333333,0.25,0.25,0.2569444444444444,,,,
0.375,0.3333333333333333,"{""clf__C"": 1.0, ""clf__gamma"": 0.01}",,"[[0, 0, 4], [0, 0, 1], [0, 0, 3]]",arousal,0.1818181818181818,0.375,0.20454545454545453,,,4,,,0.0,1.0717792885833024,0.0,subject_dependent,rbf_svm,,,0.4791666666666667,0.125,0.375,0.140625,0.3333333333333333,0.375,0.375,0.6214285714285714,,,,
0.25,0.3888888888888889,"{""clf__C"": 1.0, ""clf__gamma"": 0.001}",,"[[1, 0, 0], [0, 0, 1], [4, 1, 1]]",arousal,0.19444444444444442,0.25,0.22916666666666666,,,0,,,-0.04347826086956519,0.7880698402937263,-0.06726727939963124,subject_dependent,rbf_svm,,,0.8194444444444445,0.2333333333333333,0.25,0.4,0.3888888888888889,0.25,0.25,0.8968253968253969,,,,
0.625,0.5555555555555555,"{""clf__C"": 1.0, ""clf__gamma"": 0.001}",,"[[1, 0, 0], [0, 0, 1], [2, 0, 4]]",arousal,0.4090909090909091,0.625,0.6079545454545454,,,1,,,0.22580645161290325,0.8676277991601755,0.25064020591380154,subject_dependent,rbf_svm,,,0.5212962962962963,0.37777777777777777,0.625,0.6416666666666667,0.5555555555555555,0.625,0.625,0.6031746031746031,,,,
0.25,0.3333333333333333,"{""clf__C"": 1.0, ""clf__gamma"": 0.001}",,"[[0, 0, 4], [0, 0, 2], [0, 0, 2]]",arousal,0.13333333333333333,0.25,0.1,,,2,,,0.0,1.382801701129619,0.0,subject_dependent,rbf_svm,,,0.2833333333333333,0.08333333333333333,0.25,0.0625,0.3333333333333333,0.25,0.25,0.15277777777777776,,,,
0.5,0.3333333333333333,"{""clf__C"": 1.0, ""clf__gamma"": 0.01}",,"[[0, 0, 2], [0, 0, 2], [0, 0, 4]]",arousal,0.2222222222222222,0.5,0.3333333333333333,,,3,,,0.0,1.0746082766938254,0.0,subject_dependent,rbf_svm,,,0.5369047619047619,0.16666666666666666,0.5,0.25,0.3333333333333333,0.5,0.5,0.5277777777777778,,,,
0.5,0.3333333333333333,"{""clf__C"": 1.0, ""clf__gamma"": 0.01}",,"[[0, 0, 3], [0, 0, 1], [0, 0, 4]]",arousal,0.2222222222222222,0.5,0.3333333333333333,,,4,,,0.0,1.0041118431198839,0.0,subject_dependent,rbf_svm,,,0.462037037037037,0.16666666666666666,0.5,0.25,0.3333333333333333,0.5,0.5,0.47142857142857136,,,,
0.625,0.5,"{""clf__C"": 10.0, ""clf__gamma"": 0.01}",0.3044514898768992,"[[5, 0], [3, 0]]",arousal,0.38461538461538464,0.625,0.4807692307692308,3,1.0,0,0,0.0,0.0,,0.0,subject_dependent,rbf_svm,0.625,0.0,,0.3125,0.625,0.390625,0.5,0.625,0.625,,5,1.0,0,0.0
0.5,0.5,"{""clf__C"": 1.0, ""clf__gamma"": 0.001}",0.2822266976171538,"[[4, 0], [4, 0]]",arousal,0.3333333333333333,0.5,0.3333333333333333,4,1.0,1,0,0.0,0.0,,0.0,subject_dependent,rbf_svm,0.5,0.0,,0.25,0.5,0.25,0.5,0.5,0.5,,4,1.0,0,0.0
0.75,0.3333333333333333,"{""clf__C"": 10.0, ""clf__gamma"": 0.01}",,"[[0, 1, 0], [0, 6, 0], [0, 1, 0]]",arousal,0.2857142857142857,0.75,0.6428571428571428,,,2,,,0.0,0.86695983735422,0.0,subject_dependent,rbf_svm,,,0.7328042328042329,0.25,0.75,0.5625,0.3333333333333333,0.75,0.75,0.8015873015873015,,,,
0.625,0.5,"{""clf__C"": 10.0, ""clf__gamma"": 0.01}",0.30357310918658553,"[[5, 0], [3, 0]]",arousal,0.38461538461538464,0.625,0.4807692307692308,3,1.0,3,0,0.0,0.0,,0.0,subject_dependent,rbf_svm,0.625,0.0,,0.3125,0.625,0.390625,0.5,0.625,0.625,,5,1.0,0,0.0
0.25,0.4166666666666667,"{""clf__C"": 1.0, ""clf__gamma"": 0.001}",,"[[0, 2, 1], [0, 1, 3], [0, 0, 1]]",arousal,0.20634920634920637,0.25,0.1845238095238095,,,4,,,-0.02127659574468077,1.5246729078228989,-0.029617443887954616,subject_dependent,rbf_svm,,,0.6466269841269842,0.17777777777777778,0.25,0.19166666666666665,0.4166666666666667,0.25,0.25,0.7134920634920635,,,,
0.5,0.38888888888888884,"{""clf__C"": 1.0, ""clf__gamma"": 0.001}",,"[[0, 1, 0], [1, 2, 0], [0, 2, 2]]",arousal,0.38888888888888884,0.5,0.5208333333333333,,,0,,,0.19999999999999996,1.1069086310672642,0.2225659536298629,subject_dependent,rbf_svm,,,0.705026455026455,0.4666666666666666,0.5,0.65,0.38888888888888884,0.5,0.5,0.7996031746031745,,,,
0.625,0.6666666666666666,"{""clf__C"": 10.0, ""clf__gamma"": 0.001}",,"[[1, 2, 0], [0, 2, 0], [0, 1, 2]]",arousal,0.6238095238095238,0.625,0.6303571428571428,,,1,,,0.4666666666666667,1.1362894735486448,0.5557189302262113,subject_dependent,rbf_svm,,,0.4855820105820106,0.7999999999999999,0.625,0.85,0.6666666666666666,0.625,0.625,0.4611111111111111,,,,
0.375,0.3333333333333333,"{""clf__C"": 1.0, ""clf__gamma"": 0.001}",,"[[0, 1, 1], [1, 1, 1], [0, 1, 2]]",arousal,0.30158730158730157,0.375,0.3392857142857143,,,2,,,0.024390243902439046,1.0242582642124773,0.025031308716087945,subject_dependent,rbf_svm,,,0.5879629629629629,0.27777777777777773,0.375,0.3125,0.3333333333333333,0.375,0.375,0.6444444444444444,,,,
0.625,0.611111111111111,"{""clf__C"": 10.0, ""clf__gamma"": 0.001}",,"[[2, 1, 0], [1, 1, 0], [1, 0, 2]]",arousal,0.6238095238095238,0.625,0.6392857142857143,,,3,,,0.4285714285714286,0.9832984408209666,0.43915503282683993,subject_dependent,rbf_svm,,,0.7611111111111111,0.6666666666666666,0.625,0.6875,0.611111111111111,0.625,0.625,0.8444444444444444,,,,
0.375,0.4166666666666667,"{""clf__C"": 10.0, ""clf__gamma"": 0.001}",,"[[1, 0, 1], [2, 1, 1], [1, 0, 1]]",arousal,0.37777777777777777,0.375,0.3833333333333333,,,4,,,0.13043478260869568,0.945664500732961,0.15389675281277312,subject_dependent,rbf_svm,,,0.6013888888888889,0.5277777777777778,0.375,0.6458333333333334,0.4166666666666667,0.375,0.375,0.701388888888889,,,,
0.125,0.3333333333333333,"{""clf__C"": 0.1, ""clf__gamma"": 0.001}",,"[[1, 0, 0], [4, 0, 0], [2, 1, 0]]",arousal,0.08333333333333333,0.125,0.03125,,,0,,,-0.05660377358490565,1.0863885001513518,-0.13006649542861798,subject_dependent,rbf_svm,,,0.4712301587301588,0.047619047619047616,0.125,0.017857142857142856,0.3333333333333333,0.125,0.125,0.4291666666666667,,,,
0.5,0.6666666666666666,"{""clf__C"": 10.0, ""clf__gamma"": 0.001}",0.36613636869385396,"[[2, 0], [4, 2]]",arousal,0.5,0.5,0.5,4,0.6666666666666666,1,0,0.0,0.19999999999999996,,0.3333333333333333,subject_dependent,rbf_svm,0.3333333333333333,1.0,,0.6666666666666666,0.5,0.8333333333333334,0.6666666666666666,0.5,0.5,,2,1.0,2,0.3333333333333333
0.375,0.19999999999999998,"{""clf__C"": 10.0, ""clf__gamma"": 0.001}",,"[[0, 0, 1], [0, 0, 2], [0, 2, 3]]",arousal,0.1818181818181818,0.375,0.3409090909090909,,,2,,,-0.33333333333333326,0.8661467780987571,-0.3500700210070024,subject_dependent,rbf_svm,,,0.7398412698412699,0.16666666666666666,0.375,0.3125,0.19999999999999998,0.375,0.375,0.7722222222222223,,,,
0.5,0.6666666666666666,"{""clf__C"": 0.1, ""clf__gamma"": 0.001}",,"[[1, 0, 0], [0, 3, 0], [1, 3, 0]]",arousal,0.4444444444444444,0.5,0.3333333333333333,,,3,,,0.2727272727272727,1.0397815163562834,0.39735970711951313,subject_dependent,rbf_svm,,,0.5782407407407407,0.3333333333333333,0.5,0.25,0.6666666666666666,0.5,0.5,0.5597222222222222,,,,
0.375,0.5,"{""clf__C"": 10.0, ""clf__gamma"": 0.01}",0.23541198342162548,"[[0, 5], [0, 3]]",arousal,0.2727272727272727,0.375,0.20454545454545453,0,0.0,4,5,1.0,0.0,,0.0,subject_dependent,rbf_svm,0.0,0.375,,0.1875,0.375,0.140625,0.5,0.375,0.375,,0,0.0,3,1.0
0.75,0.6666666666666666,"{""clf__C"": 1.0, ""clf__gamma"": 0.001}",,"[[0, 0, 2], [0, 1, 0], [0, 0, 5]]",dominance,0.6111111111111112,0.75,0.6458333333333334,,,0,,,0.4285714285714286,1.1642990988548247,0.5500190982169268,subject_dependent,rbf_svm,,,0.3218253968253968,0.5714285714285715,0.75,0.5714285714285714,0.6666666666666666,0.75,0.75,0.20000000000000004,,,,
0.625,0.5,"{""clf__C"": 1.0, ""clf__gamma"": 0.01}",0.37007580400128604,"[[0, 3], [0, 5]]",dominance,0.38461538461538464,0.625,0.4807692307692308,0,0.0,1,3,1.0,0.0,,0.0,subject_dependent,rbf_svm,0.0,0.625,,0.3125,0.625,0.390625,0.5,0.625,0.625,,0,0.0,5,1.0
0.625,0.3333333333333333,"{""clf__C"": 1.0, ""clf__gamma"": 0.01}",,"[[0, 0, 1], [0, 0, 2], [0, 0, 5]]",dominance,0.25641025641025644,0.625,0.4807692307692308,,,2,,,0.0,0.9100623907527559,0.0,subject_dependent,rbf_svm,,,0.5592857142857143,0.20833333333333334,0.625,0.390625,0.3333333333333333,0.625,0.625,0.49444444444444446,,,,
0.625,0.5,"{""clf__C"": 1.0, ""clf__gamma"": 0.001}",0.41461241449365527,"[[0, 3], [0, 5]]",dominance,0.38461538461538464,0.625,0.4807692307692308,0,0.0,3,3,1.0,0.0,,0.0,subject_dependent,rbf_svm,0.0,0.625,,0.3125,0.625,0.390625,0.5,0.625,0.625,,0,0.0,5,1.0
0.75,0.3333333333333333,"{""clf__C"": 1.0, ""clf__gamma"": 0.01}",,"[[0, 0, 1], [0, 0, 1], [0, 0, 6]]",dominance,0.2857142857142857,0.75,0.6428571428571428,,,4,,,0.0,0.869921500860674,0.0,subject_dependent,rbf_svm,,,0.35727513227513225,0.25,0.75,0.5625,0.3333333333333333,0.75,0.75,0.2341269841269841,,,,
0.625,0.3333333333333333,"{""clf__C"": 10.0, ""clf__gamma"": 0.001}",,"[[0, 0, 2], [0, 0, 1], [0, 0, 5]]",dominance,0.25641025641025644,0.625,0.4807692307692308,,,0,,,0.0,0.8457289474117207,0.0,subject_dependent,rbf_svm,,,0.6811111111111111,0.20833333333333334,0.625,0.390625,0.3333333333333333,0.625,0.625,0.6952380952380951,,,,
0.75,0.3333333333333333,"{""clf__C"": 1.0, ""clf__gamma"": 0.001}",,"[[0, 0, 1], [0, 0, 1], [0, 0, 6]]",dominance,0.2857142857142857,0.75,0.6428571428571428,,,1,,,0.0,0.7688098907104342,0.0,subject_dependent,rbf_svm,,,0.4601851851851852,0.25,0.75,0.5625,0.3333333333333333,0.75,0.75,0.5833333333333334,,,,
0.625,0.3333333333333333,"{""clf__C"": 1.0, ""clf__gamma"": 0.001}",,"[[0, 0, 2], [0, 0, 1], [0, 0, 5]]",dominance,0.25641025641025644,0.625,0.4807692307692308,,,2,,,0.0,0.9875261558052989,0.0,subject_dependent,rbf_svm,,,0.43111111111111117,0.20833333333333334,0.625,0.390625,0.3333333333333333,0.625,0.625,0.3888888888888889,,,,
0.625,0.611111111111111,"{""clf__C"": 1.0, ""clf__gamma"": 0.001}",,"[[1, 0, 1], [0, 1, 2], [0, 0, 3]]",dominance,0.611111111111111,0.625,0.6041666666666666,,,3,,,0.41463414634146345,1.4055661005633069,0.5144434027684821,subject_dependent,rbf_svm,,,0.4613756613756614,0.8333333333333334,0.625,0.8125,0.611111111111111,0.625,0.625,0.3888888888888889,,,,
0.75,0.5,"{""clf__C"": 1.0, ""clf__gamma"": 0.001}",,"[[0, 0, 1], [0, 1, 1], [0, 0, 5]]",dominance,0.5,0.75,0.6875,,,4,,,0.40740740740740744,0.8661082651858387,0.5041841733655162,subject_dependent,rbf_svm,,,0.562063492063492,0.5714285714285715,0.75,0.6964285714285714,0.5,0.75,0.75,0.6603174603174603,,,,
0.75,0.5,"{""clf__C"": 0.1, ""clf__gamma"": 0.001}",0.22040483704502783,"[[0, 2], [0, 6]]",dominance,0.42857142857142855,0.75,0.6428571428571428,0,0.0,0,2,1.0,0.0,0.7229930183364786,0.0,subject_dependent,rbf_svm,0.0,0.75,0.6218253968253968,0.375,0.75,0.5625,0.5,0.75,0.75,0.08333333333333333,0,0.0,6,1.0
0.875,0.5,"{""clf__C"": 0.1, ""clf__gamma"": 0.001}",0.11107182067091728,"[[0, 1], [0, 7]]",dominance,0.4666666666666667,0.875,0.8166666666666667,0,0.0,1,1,1.0,0.0,0.3853680189431746,0.0,subject_dependent,rbf_svm,0.0,0.875,0.754591836734694,0.4375,0.875,0.765625,0.5,0.875,0.875,0.0,0,0.0,7,1.0
0.875,0.5,"{""clf__C"": 0.1, ""clf__gamma"": 0.001}",0.11218800514934929,"[[0, 1], [0, 7]]",dominance,0.4666666666666667,0.875,0.8166666666666667,0,0.0,2,1,1.0,0.0,0.3938040541700912,0.0,subject_dependent,rbf_svm,0.0,0.875,0.754591836734694,0.4375,0.875,0.765625,0.5,0.875,0.875,0.0,0,0.0,7,1.0
0.0,0.0,"{""clf__C"": 0.1, ""clf__gamma"": 0.001}",,"[[0, 0], [8, 0]]",dominance,0.0,0.0,0.0,,,3,,,0.0,,0.0,subject_dependent,rbf_svm,,,1.0,0.0,0.0,0.0,0.0,0.0,0.0,nan,,,,
0.875,0.5,"{""clf__C"": 0.1, ""clf__gamma"": 0.001}",0.11082304463774964,"[[0, 1], [0, 7]]",dominance,0.4666666666666667,0.875,0.8166666666666667,0,0.0,4,1,1.0,0.0,0.3847429097457891,0.0,subject_dependent,rbf_svm,0.0,0.875,0.9093537414965986,0.4375,0.875,0.765625,0.5,0.875,0.875,0.42857142857142855,0,0.0,7,1.0
0.375,0.19999999999999998,"{""clf__C"": 10.0, ""clf__gamma"": 0.001}",,"[[0, 2, 0], [2, 3, 0], [0, 1, 0]]",dominance,0.1818181818181818,0.375,0.3409090909090909,,,0,,,-0.33333333333333326,0.8779028694671299,-0.3500700210070024,subject_dependent,rbf_svm,,,0.8361111111111111,0.16666666666666666,0.375,0.3125,0.19999999999999998,0.375,0.375,0.8777777777777778,,,,
0.625,0.5,"{""clf__C"": 10.0, ""clf__gamma"": 0.1}",0.24687816564526122,"[[0, 3], [0, 5]]",dominance,0.38461538461538464,0.625,0.4807692307692308,0,0.0,1,3,1.0,0.0,,0.0,subject_dependent,rbf_svm,0.0,0.625,,0.3125,0.625,0.390625,0.5,0.625,0.625,,0,0.0,5,1.0
0.625,0.43333333333333335,"{""clf__C"": 1.0, ""clf__gamma"": 0.001}",,"[[1, 1, 0], [1, 4, 0], [1, 0, 0]]",dominance,0.4000000000000001,0.625,0.6,,,2,,,0.2727272727272727,0.933472997780737,0.28180093098831727,subject_dependent,rbf_svm,,,0.5380952380952381,0.37777777777777777,0.625,0.5833333333333334,0.43333333333333335,0.625,0.625,0.4904761904761905,,,,
0.375,0.3333333333333333,"{""clf__C"": 1.0, ""clf__gamma"": 0.01}",,"[[0, 4, 0], [0, 3, 0], [0, 1, 0]]",dominance,0.1818181818181818,0.375,0.20454545454545453,,,3,,,0.0,1.139473313512833,0.0,subject_dependent,rbf_svm,,,0.3675925925925925,0.125,0.375,0.140625,0.3333333333333333,0.375,0.375,0.31507936507936507,,,,
0.25,0.2222222222222222,"{""clf__C"": 1.0, ""clf__gamma"": 0.001}",,"[[0, 3, 0], [1, 2, 0], [0, 2, 0]]",dominance,0.13333333333333333,0.25,0.15000000000000002,,,4,,,-0.19999999999999996,1.1903497103340324,-0.329914439536929,subject_dependent,rbf_svm,,,0.5198412698412699,0.09523809523809523,0.25,0.10714285714285714,0.2222222222222222,0.25,0.25,0.6,,,,
0.375,0.5,"{""clf__C"": 1.0, ""clf__gamma"": 0.001}",,"[[2, 0, 0], [1, 1, 0], [2, 2, 0]]",dominance,0.3238095238095238,0.375,0.24285714285714285,,,0,,,0.16666666666666663,1.181855147464696,0.23094010767585027,subject_dependent,rbf_svm,,,0.2567460317460318,0.24444444444444446,0.375,0.18333333333333335,0.5,0.375,0.375,0.027777777777777773,,,,
0.5,0.5,"{""clf__C"": 10.0, ""clf__gamma"": 0.001}",,"[[1, 0, 1], [0, 1, 2], [1, 0, 2]]",dominance,0.5,0.5,0.5,,,1,,,0.23809523809523814,1.0998157041887406,0.26462806201248157,subject_dependent,rbf_svm,,,0.4365079365079365,0.6333333333333333,0.5,0.65,0.5,0.5,0.5,0.5499999999999999,,,,
0.5,0.5555555555555555,"{""clf__C"": 10.0, ""clf__gamma"": 0.001}",,"[[2, 0, 0], [0, 0, 3], [0, 1, 2]]",dominance,0.5,0.5,0.4375,,,2,,,0.23809523809523814,1.088785804959564,0.26462806201248157,subject_dependent,rbf_svm,,,0.5284391534391534,0.4666666666666666,0.5,0.4,0.5555555555555555,0.5,0.5,0.4666666666666666,,,,
0.375,0.4444444444444444,"{""clf__C"": 10.0, ""clf__gamma"": 0.001}",,"[[0, 0, 3], [0, 1, 2], [0, 0, 2]]",dominance,0.3148148148148148,0.375,0.2986111111111111,,,3,,,0.14893617021276595,1.247171055451804,0.28867513459481287,subject_dependent,rbf_svm,,,0.3775132275132275,0.42857142857142855,0.375,0.4464285714285714,0.4444444444444444,0.375,0.375,0.38888888888888884,,,,
0.375,0.3333333333333333,"{""clf__C"": 1.0, ""clf__gamma"": 0.001}",,"[[0, 2, 1], [1, 0, 1], [0, 0, 3]]",dominance,0.25,0.375,0.28125,,,4,,,0.04761904761904767,1.2153691294650688,0.05292561240249631,subject_dependent,rbf_svm,,,0.3882275132275132,0.19999999999999998,0.375,0.22499999999999998,0.3333333333333333,0.375,0.375,0.3611111111111111,,,,
0.375,0.5,"{""clf__C"": 10.0, ""clf__gamma"": 0.001}",0.2950758887020345,"[[0, 5], [0, 3]]",dominance,0.2727272727272727,0.375,0.20454545454545453,0,0.0,0,5,1.0,0.0,,0.0,subject_dependent,rbf_svm,0.0,0.375,,0.1875,0.375,0.140625,0.5,0.375,0.375,,0,0.0,3,1.0
0.75,0.5,"{""clf__C"": 1.0, ""clf__gamma"": 0.001}",0.2910407388753242,"[[0, 2], [0, 6]]",dominance,0.42857142857142855,0.75,0.6428571428571428,0,0.0,1,2,1.0,0.0,,0.0,subject_dependent,rbf_svm,0.0,0.75,,0.375,0.75,0.5625,0.5,0.75,0.75,,0,0.0,6,1.0
0.625,0.5,"{""clf__C"": 10.0, ""clf__gamma"": 0.001}",0.2558507458603254,"[[0, 3], [0, 5]]",dominance,0.38461538461538464,0.625,0.4807692307692308,0,0.0,2,3,1.0,0.0,,0.0,subject_dependent,rbf_svm,0.0,0.625,,0.3125,0.625,0.390625,0.5,0.625,0.625,,0,0.0,5,1.0
0.625,0.5,"{""clf__C"": 10.0, ""clf__gamma"": 0.001}",,"[[0, 0, 2], [0, 1, 1], [0, 0, 4]]",dominance,0.4646464646464647,0.625,0.5303030303030303,,,3,,,0.2941176470588235,,0.4225771273642583,subject_dependent,rbf_svm,,,,0.5238095238095238,0.625,0.5357142857142857,0.5,0.625,0.625,,,,,
0.625,0.5,"{""clf__C"": 1.0, ""clf__gamma"": 0.01}",0.2848022201947779,"[[0, 3], [0, 5]]",dominance,0.38461538461538464,0.625,0.4807692307692308,0,0.0,4,3,1.0,0.0,,0.0,subject_dependent,rbf_svm,0.0,0.625,,0.3125,0.625,0.390625,0.5,0.625,0.625,,0,0.0,5,1.0
0.5,0.5833333333333334,"{""clf__C"": 10.0, ""clf__gamma"": 0.001}",,"[[0, 3, 0], [0, 1, 0], [0, 1, 3]]",dominance,0.3968253968253968,0.5,0.47023809523809523,,,0,,,0.3191489361702128,1.3123077740008036,0.44426165831931924,subject_dependent,rbf_svm,,,0.2724867724867725,0.39999999999999997,0.5,0.525,0.5833333333333334,0.5,0.5,0.0892857142857143,,,,
0.375,0.3333333333333333,"{""clf__C"": 10.0, ""clf__gamma"": 0.001}",,"[[0, 1, 1], [0, 1, 1], [0, 2, 2]]",dominance,0.27777777777777773,0.375,0.3333333333333333,,,1,,,0.0,1.152037926635787,0.0,subject_dependent,rbf_svm,,,0.37222222222222223,0.25,0.375,0.3125,0.3333333333333333,0.375,0.375,0.4166666666666667,,,,
0.375,0.27777777777777773,"{""clf__C"": 1.0, ""clf__gamma"": 0.001}",,"[[0, 0, 1], [0, 2, 2], [0, 2, 1]]",dominance,0.2619047619047619,0.375,0.35714285714285715,,,2,,,-0.11111111111111116,1.1858190992009008,-0.11470786693528087,subject_dependent,rbf_svm,,,0.38095238095238093,0.25,0.375,0.34375,0.27777777777777773,0.375,0.375,0.34900793650793654,,,,
0.25,0.2222222222222222,"{""clf__C"": 10.0, ""clf__gamma"": 0.001}",,"[[0, 2, 0], [0, 0, 3], [0, 1, 2]]",dominance,0.16666666666666666,0.25,0.1875,,,3,,,-0.19999999999999996,1.1002740138988283,-0.2253744679276044,subject_dependent,rbf_svm,,,0.43412698412698414,0.13333333333333333,0.25,0.15000000000000002,0.2222222222222222,0.25,0.25,0.4222222222222222,,,,
0.25,0.3333333333333333,"{""clf__C"": 10.0, ""clf__gamma"": 0.001}",,"[[1, 0, 1], [1, 0, 3], [0, 1, 1]]",dominance,0.2619047619047619,0.25,0.19642857142857142,,,4,,,-0.04347826086956519,1.4039525097805075,-0.05423261445466404,subject_dependent,rbf_svm,,,0.325,0.2333333333333333,0.25,0.175,0.3333333333333333,0.25,0.25,0.25,,,,
0.5,0.3333333333333333,"{""clf__C"": 1.0, ""clf__gamma"": 0.01}",,"[[0, 1, 0], [0, 4, 0], [0, 3, 0]]",dominance,0.2222222222222222,0.5,0.3333333333333333,,,0,,,0.0,1.0534602054855964,0.0,subject_dependent,rbf_svm,,,0.41984126984126985,0.16666666666666666,0.5,0.25,0.3333333333333333,0.5,0.5,0.4160714285714286,,,,
0.75,0.8571428571428572,"{""clf__C"": 1.0, ""clf__gamma"": 0.001}",0.35195194189451495,"[[5, 2], [0, 1]]",dominance,0.6666666666666667,0.75,0.7916666666666667,0,0.0,1,2,0.2857142857142857,0.3846153846153846,,0.4879500364742666,subject_dependent,rbf_svm,1.0,0.3333333333333333,,0.6666666666666666,0.75,0.9166666666666666,0.8571428571428572,0.75,0.75,,5,0.7142857142857143,1,1.0
0.75,0.6666666666666667,"{""clf__C"": 1.0, ""clf__gamma"": 0.001}",0.3471337091826323,"[[5, 1], [1, 1]]",dominance,0.6666666666666667,0.75,0.75,1,0.5,2,1,0.16666666666666666,0.33333333333333337,,0.3333333333333333,subject_dependent,rbf_svm,0.8333333333333334,0.5,,0.6666666666666667,0.75,0.75,0.6666666666666667,0.75,0.75,,5,0.8333333333333334,1,0.5
0.625,0.43333333333333335,"{""clf__C"": 1.0, ""clf__gamma"": 0.001}",,"[[0, 1, 0], [0, 4, 1], [0, 1, 1]]",dominance,0.4090909090909091,0.625,0.5795454545454546,,,3,,,0.19999999999999996,1.1803600970311678,0.21004201260420147,subject_dependent,rbf_svm,,,0.37253968253968256,0.38888888888888884,0.625,0.5416666666666666,0.43333333333333335,0.625,0.625,0.33174603174603173,,,,
0.625,0.3333333333333333,"{""clf__C"": 1.0, ""clf__gamma"": 0.001}",,"[[0, 1, 0], [0, 5, 0], [0, 2, 0]]",dominance,0.25641025641025644,0.625,0.4807692307692308,,,4,,,0.0,1.0084912430491602,0.0,subject_dependent,rbf_svm,,,0.4015079365079364,0.20833333333333334,0.625,0.390625,0.3333333333333333,0.625,0.625,0.4373015873015873,,,,
0.875,0.5,"{""clf__C"": 1.0, ""clf__gamma"": 0.001}",0.19580568840790405,"[[0, 1], [0, 7]]",dominance,0.4666666666666667,0.875,0.8166666666666667,0,0.0,0,1,1.0,0.0,,0.0,subject_dependent,rbf_svm,0.0,0.875,,0.4375,0.875,0.765625,0.5,0.875,0.875,,0,0.0,7,1.0
0.75,0.5,"{""clf__C"": 10.0, ""clf__gamma"": 0.001}",0.34793847131174155,"[[6, 0], [2, 0]]",dominance,0.42857142857142855,0.75,0.6428571428571428,2,1.0,1,0,0.0,0.0,,0.0,subject_dependent,rbf_svm,0.75,0.0,,0.375,0.75,0.5625,0.5,0.75,0.75,,6,1.0,0,0.0
0.375,0.3333333333333333,"{""clf__C"": 1.0, ""clf__gamma"": 0.001}",,"[[0, 3, 0], [0, 3, 0], [0, 2, 0]]",dominance,0.1818181818181818,0.375,0.20454545454545453,,,2,,,0.0,1.5955806460687563,0.0,subject_dependent,rbf_svm,,,0.467063492063492,0.125,0.375,0.140625,0.3333333333333333,0.375,0.375,0.5111111111111112,,,,
0.75,0.3333333333333333,"{""clf__C"": 1.0, ""clf__gamma"": 0.01}",,"[[0, 1, 0], [0, 6, 0], [0, 1, 0]]",dominance,0.2857142857142857,0.75,0.6428571428571428,,,3,,,0.0,0.7705683597151084,0.0,subject_dependent,rbf_svm,,,0.48227513227513225,0.25,0.75,0.5625,0.3333333333333333,0.75,0.75,0.5873015873015873,,,,
0.625,0.5,"{""clf__C"": 0.1, ""clf__gamma"": 0.001}",0.2571759435319684,"[[5, 0], [3, 0]]",dominance,0.38461538461538464,0.625,0.4807692307692308,3,1.0,4,0,0.0,0.0,,0.0,subject_dependent,rbf_svm,0.625,0.0,,0.3125,0.625,0.390625,0.5,0.625,0.625,,5,1.0,0,0.0
0.875,0.8333333333333333,"{""clf__C"": 1.0, ""clf__gamma"": 0.001}",0.223260266679196,"[[5, 0], [1, 2]]",dominance,0.8545454545454545,0.875,0.8681818181818182,1,0.3333333333333333,0,0,0.0,0.7142857142857143,,0.7453559924999299,subject_dependent,rbf_svm,0.8333333333333334,1.0,,0.9166666666666667,0.875,0.8958333333333334,0.8333333333333333,0.875,0.875,,5,1.0,2,0.6666666666666666
0.5,0.5333333333333333,"{""clf__C"": 1.0, ""clf__gamma"": 0.001}",0.3073248259409591,"[[2, 1], [3, 2]]",dominance,0.5,0.5,0.5,3,0.6,1,1,0.3333333333333333,0.05882352941176472,,0.06666666666666667,subject_dependent,rbf_svm,0.4,0.6666666666666666,,0.5333333333333333,0.5,0.5666666666666667,0.5333333333333333,0.5,0.5,,2,0.6666666666666666,2,0.4
0.625,0.5555555555555555,"{""clf__C"": 1.0, ""clf__gamma"": 0.001}",,"[[0, 1, 0], [0, 4, 2], [0, 0, 1]]",dominance,0.4090909090909091,0.625,0.6079545454545454,,,2,,,0.22580645161290325,0.8138810610039797,0.25064020591380154,subject_dependent,rbf_svm,,,0.7161375661375661,0.37777777777777777,0.625,0.6416666666666667,0.5555555555555555,0.625,0.625,0.753968253968254,,,,
0.5,0.5,"{""clf__C"": 10.0, ""clf__gamma"": 0.001}",0.33480068247032085,"[[3, 3], [1, 1]]",dominance,0.4666666666666667,0.5,0.5333333333333333,1,0.5,3,3,0.5,0.0,,0.0,subject_dependent,rbf_svm,0.75,0.25,,0.5,0.5,0.625,0.5,0.5,0.5,,3,0.5,1,0.5
0.75,0.6666666666666666,"{""clf__C"": 1.0, ""clf__gamma"": 0.001}",,"[[0, 1, 1], [0, 3, 0], [0, 0, 3]]",dominance,0.5714285714285714,0.75,0.6428571428571428,,,4,,,0.6,1.3745905529138684,0.6546536707079772,subject_dependent,rbf_svm,,,0.5448412698412698,0.5,0.75,0.5625,0.6666666666666666,0.75,0.75,0.5666666666666665,,,,
0.375,0.5,"{""clf__C"": 1.0, ""clf__gamma"": 0.01}",0.24208491655581482,"[[0, 5], [0, 3]]",dominance,0.2727272727272727,0.375,0.20454545454545453,0,0.0,0,5,1.0,0.0,,0.0,subject_dependent,rbf_svm,0.0,0.375,,0.1875,0.375,0.140625,0.5,0.375,0.375,,0,0.0,3,1.0
0.625,0.3333333333333333,"{""clf__C"": 10.0, ""clf__gamma"": 0.01}",,"[[0, 0, 2], [0, 0, 1], [0, 0, 5]]",dominance,0.25641025641025644,0.625,0.4807692307692308,,,1,,,0.0,1.0674034959447016,0.0,subject_dependent,rbf_svm,,,0.41198412698412695,0.20833333333333334,0.625,0.390625,0.3333333333333333,0.625,0.625,0.4626984126984128,,,,
0.125,0.16666666666666666,"{""clf__C"": 1.0, ""clf__gamma"": 0.001}",,"[[0, 0, 1], [0, 1, 1], [0, 5, 0]]",dominance,0.08333333333333333,0.125,0.0625,,,2,,,-0.33333333333333326,0.8922661619653507,-0.4900980294098034,subject_dependent,rbf_svm,,,0.5198412698412699,0.05555555555555555,0.125,0.041666666666666664,0.16666666666666666,0.125,0.125,0.6206349206349207,,,,
0.5,0.26666666666666666,"{""clf__C"": 1.0, ""clf__gamma"": 0.001}",,"[[0, 0, 2], [0, 0, 1], [0, 1, 4]]",dominance,0.2222222222222222,0.5,0.41666666666666663,,,3,,,-0.1428571428571428,1.1109298571129873,-0.18333969940564226,subject_dependent,rbf_svm,,,0.41198412698412695,0.19047619047619047,0.5,0.3571428571428571,0.26666666666666666,0.5,0.5,0.38412698412698415,,,,
0.25,0.3333333333333333,"{""clf__C"": 0.1, ""clf__gamma"": 0.001}",,"[[2, 0, 0], [4, 0, 0], [2, 0, 0]]",dominance,0.13333333333333333,0.25,0.1,,,4,,,0.0,1.3875277955856697,0.0,subject_dependent,rbf_svm,,,0.6517857142857143,0.08333333333333333,0.25,0.0625,0.3333333333333333,0.25,0.25,0.763888888888889,,,,
0.125,0.3333333333333333,"{""clf__C"": 0.1, ""clf__gamma"": 0.001}",,"[[0, 3, 0], [0, 1, 0], [0, 4, 0]]",dominance,0.07407407407407407,0.125,0.027777777777777776,,,0,,,0.0,1.0362250705129203,0.0,subject_dependent,rbf_svm,,,0.6789682539682539,0.041666666666666664,0.125,0.015625,0.3333333333333333,0.125,0.125,0.5694444444444444,,,,
0.125,0.3333333333333333,"{""clf__C"": 0.1, ""clf__gamma"": 0.001}",,"[[0, 3, 0], [0, 1, 0], [0, 4, 0]]",dominance,0.07407407407407407,0.125,0.027777777777777776,,,1,,,0.0,1.028915867827803,0.0,subject_dependent,rbf_svm,,,0.4039682539682539,0.041666666666666664,0.125,0.015625,0.3333333333333333,0.125,0.125,0.35813492063492064,,,,
0.25,0.3333333333333333,"{""clf__C"": 0.1, ""clf__gamma"": 0.001}",,"[[0, 3, 0], [0, 2, 0], [0, 3, 0]]",dominance,0.13333333333333333,0.25,0.1,,,2,,,0.0,1.1831361276854804,0.0,subject_dependent,rbf_svm,,,0.5124338624338624,0.08333333333333333,0.25,0.0625,0.3333333333333333,0.25,0.25,0.6333333333333333,,,,
0.5,0.5833333333333334,"{""clf__C"": 1.0, ""clf__gamma"": 0.001}",,"[[2, 0, 0], [1, 1, 2], [0, 1, 1]]",dominance,0.5111111111111111,0.5,0.4666666666666667,,,3,,,0.2727272727272727,1.1723052189044854,0.29277002188455997,subject_dependent,rbf_svm,,,0.49523809523809526,0.49999999999999994,0.5,0.49999999999999994,0.5833333333333334,0.5,0.5,0.5208333333333334,,,,
0.25,0.2222222222222222,"{""clf__C"": 10.0, ""clf__gamma"": 0.001}",,"[[0, 0, 1], [2, 0, 2], [0, 1, 2]]",dominance,0.16666666666666666,0.25,0.1875,,,4,,,-0.11627906976744184,1.1382949694303632,-0.1391037210186643,subject_dependent,rbf_svm,,,0.8444444444444444,0.13333333333333333,0.25,0.15000000000000002,0.2222222222222222,0.25,0.25,0.8888888888888888,,,,
0.5,0.3333333333333333,"{""clf__C"": 10.0, ""clf__gamma"": 0.01}",,"[[0, 0, 2], [0, 0, 2], [0, 0, 4]]",dominance,0.2222222222222222,0.5,0.3333333333333333,,,0,,,0.0,1.0668713747470577,0.0,subject_dependent,rbf_svm,,,0.5406746031746031,0.16666666666666666,0.5,0.25,0.3333333333333333,0.5,0.5,0.5972222222222222,,,,
0.375,0.5,"{""clf__C"": 0.1, ""clf__gamma"": 0.001}",0.4328156890079529,"[[3, 0], [5, 0]]",dominance,0.2727272727272727,0.375,0.20454545454545453,5,1.0,1,0,0.0,0.0,,0.0,subject_dependent,rbf_svm,0.375,0.0,,0.1875,0.375,0.140625,0.5,0.375,0.375,,3,1.0,0,0.0
0.25,0.3333333333333333,"{""clf__C"": 10.0, ""clf__gamma"": 0.1}",,"[[0, 0, 2], [0, 0, 4], [0, 0, 2]]",dominance,0.13333333333333333,0.25,0.1,,,2,,,0.0,1.3639468494616451,0.0,subject_dependent,rbf_svm,,,0.3333333333333333,0.08333333333333333,0.25,0.0625,0.3333333333333333,0.25,0.25,0.5,,,,
0.5,0.3333333333333333,"{""clf__C"": 0.1, ""clf__gamma"": 0.1}",,"[[0, 0, 3], [0, 0, 1], [0, 0, 4]]",dominance,0.2222222222222222,0.5,0.3333333333333333,,,3,,,0.0,1.1148385813305988,0.0,subject_dependent,rbf_svm,,,0.3333333333333333,0.16666666666666666,0.5,0.25,0.3333333333333333,0.5,0.5,0.5,,,,
0.375,0.3333333333333333,"{""clf__C"": 1.0, ""clf__gamma"": 0.01}",,"[[0, 0, 3], [0, 0, 2], [0, 0, 3]]",dominance,0.1818181818181818,0.375,0.20454545454545453,,,4,,,0.0,1.0997193852834997,0.0,subject_dependent,rbf_svm,,,0.4398148148148147,0.125,0.375,0.140625,0.3333333333333333,0.375,0.375,0.5555555555555555,,,,
0.375,0.3,"{""clf__C"": 10.0, ""clf__gamma"": 0.001}",0.24048701573343967,"[[0, 0, 0], [1, 3, 1], [1, 2, 0]]",dominance,0.19999999999999998,0.375,0.375,,,0,,,-0.11111111111111116,,-0.1252448582170299,subject_dependent,rbf_svm,,,,0.19999999999999998,0.375,0.375,0.19999999999999998,0.375,0.375,,,,,
0.375,0.19999999999999998,"{""clf__C"": 1.0, ""clf__gamma"": 0.001}",,"[[0, 0, 2], [0, 0, 1], [0, 2, 3]]",dominance,0.1818181818181818,0.375,0.3409090909090909,,,1,,,-0.25,1.3080809781825269,-0.28005601680560194,subject_dependent,rbf_svm,,,0.525,0.16666666666666666,0.375,0.3125,0.19999999999999998,0.375,0.375,0.5555555555555556,,,,
0.375,0.4166666666666667,"{""clf__C"": 10.0, ""clf__gamma"": 0.001}",,"[[0, 2, 0], [0, 1, 3], [0, 0, 2]]",dominance,0.2857142857142857,0.375,0.2857142857142857,,,2,,,0.04761904761904767,1.1464194408195998,0.05773502691896257,subject_dependent,rbf_svm,,,0.6865079365079364,0.24444444444444446,0.375,0.26666666666666666,0.4166666666666667,0.375,0.375,0.6736111111111112,,,,
0.75,0.7333333333333334,"{""clf__C"": 1.0, ""clf__gamma"": 0.001}",0.23021105200839015,"[[4, 1], [1, 2]]",dominance,0.7333333333333334,0.75,0.75,1,0.3333333333333333,3,1,0.2,0.4666666666666667,,0.4666666666666667,subject_dependent,rbf_svm,0.8,0.6666666666666666,,0.7333333333333334,0.75,0.75,0.7333333333333334,0.75,0.75,,4,0.8,2,0.6666666666666666
0.5,0.3611111111111111,"{""clf__C"": 1.0, ""clf__gamma"": 0.001}",,"[[0, 1, 0], [0, 3, 1], [0, 2, 1]]",dominance,0.3333333333333333,0.5,0.45,,,4,,,0.05882352941176472,0.96566356647808,0.06622661785325219,subject_dependent,rbf_svm,,,0.6054894179894179,0.3333333333333333,0.5,0.4375,0.3611111111111111,0.5,0.5,0.6496031746031746,,,,
0.625,0.5833333333333334,"{""clf__C"": 10.0, ""clf__gamma"": 0.001}",,"[[0, 0, 2], [0, 2, 0], [0, 1, 3]]",dominance,0.48888888888888893,0.625,0.5333333333333333,,,0,,,0.368421052631579,1.1075561694181317,0.404145188432738,subject_dependent,rbf_svm,,,0.6517857142857143,0.4222222222222222,0.625,0.4666666666666667,0.5833333333333334,0.625,0.625,0.6805555555555557,,,,
0.625,0.6666666666666666,"{""clf__C"": 10.0, ""clf__gamma"": 0.001}",,"[[0, 3, 0], [0, 1, 0], [0, 0, 4]]",dominance,0.4666666666666666,0.625,0.55,,,1,,,0.4545454545454546,1.241100062399911,0.5735393346764044,subject_dependent,rbf_svm,,,0.3952380952380952,0.4166666666666667,0.625,0.53125,0.6666666666666666,0.625,0.625,0.4128968253968253,,,,
0.375,0.3333333333333333,"{""clf__C"": 1.0, ""clf__gamma"": 0.001}",,"[[0, 2, 0], [0, 1, 1], [0, 2, 2]]",dominance,0.2857142857142857,0.375,0.3571428571428571,,,2,,,0.04761904761904767,1.0912831661167532,0.05773502691896257,subject_dependent,rbf_svm,,,0.4666666666666666,0.2888888888888889,0.375,0.3833333333333333,0.3333333333333333,0.375,0.375,0.5208333333333334,,,,
0.375,0.39999999999999997,"{""clf__C"": 10.0, ""clf__gamma"": 0.001}",,"[[0, 1, 0], [1, 1, 3], [0, 0, 2]]",dominance,0.2857142857142857,0.375,0.3214285714285714,,,3,,,0.06976744186046513,1.0203586481672673,0.08823529411764706,subject_dependent,rbf_svm,,,0.8976190476190476,0.3,0.375,0.4125,0.39999999999999997,0.375,0.375,0.9,,,,
0.5,0.4166666666666667,"{""clf__C"": 10.0, ""clf__gamma"": 0.001}",,"[[0, 1, 0], [0, 1, 3], [0, 0, 3]]",dominance,0.3333333333333333,0.5,0.41666666666666663,,,4,,,0.1578947368421053,0.956769556877092,0.19867985355975656,subject_dependent,rbf_svm,,,0.8282407407407407,0.3333333333333333,0.5,0.4375,0.4166666666666667,0.5,0.5,0.8083333333333332,,,,
0.375,0.38888888888888884,"{""clf__C"": 1.0, ""clf__gamma"": 0.001}",,"[[1, 1, 0], [1, 1, 1], [1, 1, 1]]",dominance,0.37777777777777777,0.375,0.375,,,0,,,0.06976744186046513,1.1132387697436612,0.07142857142857142,subject_dependent,rbf_svm,,,0.4318783068783068,0.38888888888888884,0.375,0.3958333333333333,0.38888888888888884,0.375,0.375,0.5055555555555555,,,,
0.5,0.6388888888888888,"{""clf__C"": 10.0, ""clf__gamma"": 0.001}",,"[[1, 3, 0], [0, 2, 1], [0, 0, 1]]",dominance,0.5222222222222223,0.5,0.4708333333333333,,,1,,,0.2558139534883721,1.4516554398182184,0.3060281862410615,subject_dependent,rbf_svm,,,0.307473544973545,0.6333333333333333,0.5,0.7125,0.6388888888888888,0.5,0.5,0.15277777777777776,,,,
0.5,0.4444444444444444,"{""clf__C"": 1.0, ""clf__gamma"": 0.001}",,"[[0, 1, 1], [0, 3, 0], [0, 2, 1]]",dominance,0.35555555555555557,0.5,0.4,,,2,,,0.19999999999999996,1.2892084170215776,0.2519763153394848,subject_dependent,rbf_svm,,,0.30436507936507934,0.3333333333333333,0.5,0.375,0.4444444444444444,0.5,0.5,0.2333333333333333,,,,
0.25,0.16666666666666666,"{""clf__C"": 10.0, ""clf__gamma"": 0.001}",,"[[0, 2, 0], [1, 2, 1], [0, 2, 0]]",dominance,0.13333333333333333,0.25,0.2,,,3,,,-0.33333333333333326,1.1328569641660073,-0.3721042037676254,subject_dependent,rbf_svm,,,0.3107142857142857,0.1111111111111111,0.25,0.16666666666666666,0.16666666666666666,0.25,0.25,0.2569444444444445,,,,
0.625,0.6,"{""clf__C"": 1.0, ""clf__gamma"": 0.001}",,"[[1, 0, 0], [0, 4, 1], [1, 1, 0]]",dominance,0.48888888888888893,0.625,0.5833333333333334,,,4,,,0.3142857142857143,1.0967642000957554,0.3235294117647059,subject_dependent,rbf_svm,,,0.3068253968253968,0.43333333333333335,0.625,0.5625,0.6,0.625,0.625,0.20873015873015877,,,,
1.0,1.0,"{""clf__C"": 0.1, ""clf__gamma"": 0.001}",,[[8]],dominance,1.0,1.0,1.0,,,1,,,nan,,0.0,subject_dependent,rbf_svm,,,1.0,1.0,1.0,1.0,1.0,1.0,1.0,nan,,,,
1.0,1.0,"{""clf__C"": 0.1, ""clf__gamma"": 0.001}",,[[8]],dominance,1.0,1.0,1.0,,,2,,,nan,,0.0,subject_dependent,rbf_svm,,,1.0,1.0,1.0,1.0,1.0,1.0,1.0,nan,,,,
1.0,1.0,"{""clf__C"": 0.1, ""clf__gamma"": 0.001}",,[[8]],dominance,1.0,1.0,1.0,,,3,,,nan,,0.0,subject_dependent,rbf_svm,,,1.0,1.0,1.0,1.0,1.0,1.0,1.0,nan,,,,
1.0,1.0,"{""clf__C"": 0.1, ""clf__gamma"": 0.001}",,[[8]],dominance,1.0,1.0,1.0,,,4,,,nan,,0.0,subject_dependent,rbf_svm,,,1.0,1.0,1.0,1.0,1.0,1.0,1.0,nan,,,,
0.5,0.5,"{""clf__C"": 1.0, ""clf__gamma"": 0.01}",0.2552570831095919,"[[4, 0], [4, 0]]",dominance,0.3333333333333333,0.5,0.3333333333333333,4,1.0,0,0,0.0,0.0,,0.0,subject_dependent,rbf_svm,0.5,0.0,,0.25,0.5,0.25,0.5,0.5,0.5,,4,1.0,0,0.0
0.25,0.19444444444444442,"{""clf__C"": 1.0, ""clf__gamma"": 0.001}",,"[[0, 1, 0], [0, 1, 2], [0, 3, 1]]",dominance,0.17857142857142858,0.25,0.23660714285714285,,,1,,,-0.29729729729729737,,-0.32579188276750076,subject_dependent,rbf_svm,,,,0.17777777777777778,0.25,0.24166666666666667,0.19444444444444442,0.25,0.25,,,,,
0.75,0.8333333333333333,"{""clf__C"": 10.0, ""clf__gamma"": 0.001}",0.21474029488063806,"[[4, 2], [0, 2]]",dominance,0.7333333333333334,0.75,0.7666666666666667,0,0.0,2,2,0.3333333333333333,0.5,,0.5773502691896258,subject_dependent,rbf_svm,1.0,0.5,,0.75,0.75,0.875,0.8333333333333333,0.75,0.75,,4,0.6666666666666666,2,1.0
0.5,0.4666666666666667,"{""clf__C"": 1.0, ""clf__gamma"": 0.001}",0.2294434000094439,"[[1, 2], [2, 3]]",dominance,0.4666666666666667,0.5,0.5,2,0.4,3,2,0.6666666666666666,-0.06666666666666665,,-0.06666666666666667,subject_dependent,rbf_svm,0.3333333333333333,0.6,,0.4666666666666667,0.5,0.5,0.4666666666666667,0.5,0.5,,1,0.3333333333333333,3,0.6
0.375,0.3666666666666667,"{""clf__C"": 10.0, ""clf__gamma"": 0.001}",0.24302679544981406,"[[2, 3], [2, 1]]",dominance,0.36507936507936506,0.375,0.38492063492063494,2,0.6666666666666666,4,3,0.6,-0.25,,-0.2581988897471611,subject_dependent,rbf_svm,0.5,0.25,,0.375,0.375,0.40625,0.3666666666666667,0.375,0.375,,2,0.4,1,0.3333333333333333
0.375,0.3333333333333333,"{""clf__C"": 1.0, ""clf__gamma"": 0.01}",,"[[0, 1, 0], [0, 3, 0], [0, 4, 0]]",dominance,0.1818181818181818,0.375,0.20454545454545453,,,0,,,0.0,1.3506278713938826,0.0,subject_dependent,rbf_svm,,,0.6207671957671957,0.125,0.375,0.140625,0.3333333333333333,0.375,0.375,0.5708333333333333,,,,
0.75,0.3333333333333333,"{""clf__C"": 10.0, ""clf__gamma"": 0.001}",,"[[0, 1, 0], [0, 6, 0], [0, 1, 0]]",dominance,0.2857142857142857,0.75,0.6428571428571428,,,1,,,0.0,0.7770521249516589,0.0,subject_dependent,rbf_svm,,,0.5972222222222222,0.25,0.75,0.5625,0.3333333333333333,0.75,0.75,0.8015873015873017,,,,
0.375,0.3333333333333333,"{""clf__C"": 1.0, ""clf__gamma"": 0.001}",,"[[0, 2, 0], [0, 3, 0], [0, 3, 0]]",dominance,0.1818181818181818,0.375,0.20454545454545453,,,2,,,0.0,1.279678395231765,0.0,subject_dependent,rbf_svm,,,0.6448412698412698,0.125,0.375,0.140625,0.3333333333333333,0.375,0.375,0.6666666666666666,,,,
0.5,0.2857142857142857,"{""clf__C"": 1.0, ""clf__gamma"": 0.001}",0.23909758070671347,"[[4, 3], [1, 0]]",dominance,0.3333333333333333,0.5,0.5833333333333333,1,1.0,3,3,0.42857142857142855,-0.23076923076923084,,-0.29277002188455997,subject_dependent,rbf_svm,0.8,0.0,,0.4,0.5,0.7000000000000001,0.2857142857142857,0.5,0.5,,4,0.5714285714285714,0,0.0
0.75,0.5,"{""clf__C"": 1.0, ""clf__gamma"": 0.001}",0.2069768223319544,"[[0, 2], [0, 6]]",dominance,0.42857142857142855,0.75,0.6428571428571428,0,0.0,4,2,1.0,0.0,,0.0,subject_dependent,rbf_svm,0.0,0.75,,0.375,0.75,0.5625,0.5,0.75,0.75,,0,0.0,6,1.0
0.125,0.3333333333333333,"{""clf__C"": 0.1, ""clf__gamma"": 0.001}",,"[[0, 0, 1], [0, 0, 6], [0, 0, 1]]",dominance,0.07407407407407407,0.125,0.027777777777777776,,,0,,,0.0,0.9277553429877867,0.0,subject_dependent,rbf_svm,,,0.7494708994708995,0.041666666666666664,0.125,0.015625,0.3333333333333333,0.125,0.125,0.8214285714285715,,,,
0.625,0.3333333333333333,"{""clf__C"": 1.0, ""clf__gamma"": 0.001}",,"[[0, 2, 0], [0, 5, 0], [0, 1, 0]]",dominance,0.25641025641025644,0.625,0.4807692307692308,,,1,,,0.0,1.1447457152688303,0.0,subject_dependent,rbf_svm,,,0.5804761904761905,0.20833333333333334,0.625,0.390625,0.3333333333333333,0.625,0.625,0.4222222222222222,,,,
0.625,0.3333333333333333,"{""clf__C"": 0.1, ""clf__gamma"": 0.001}",,"[[0, 1, 0], [0, 5, 0], [0, 2, 0]]",dominance,0.25641025641025644,0.625,0.4807692307692308,,,2,,,0.0,0.9369976543989492,0.0,subject_dependent,rbf_svm,,,0.3114285714285714,0.20833333333333334,0.625,0.390625,0.3333333333333333,0.625,0.625,0.23730158730158726,,,,
0.875,0.5,"{""clf__C"": 1.0, ""clf__gamma"": 0.001}",0.36004634213670605,"[[7, 0], [1, 0]]",dominance,0.4666666666666667,0.875,0.8166666666666667,1,1.0,3,0,0.0,0.0,,0.0,subject_dependent,rbf_svm,0.875,0.0,,0.4375,0.875,0.765625,0.5,0.875,0.875,,7,1.0,0,0.0
0.5,0.3333333333333333,"{""clf__C"": 1.0, ""clf__gamma"": 0.001}",,"[[0, 3, 0], [0, 4, 0], [0, 1, 0]]",dominance,0.2222222222222222,0.5,0.3333333333333333,,,4,,,0.0,1.2941190008433776,0.0,subject_dependent,rbf_svm,,,0.44126984126984126,0.16666666666666666,0.5,0.25,0.3333333333333333,0.5,0.5,0.48154761904761906,,,,
0.5,0.3333333333333333,"{""clf__C"": 10.0, ""clf__gamma"": 0.001}",,"[[0, 0, 1], [0, 0, 3], [0, 0, 4]]",dominance,0.2222222222222222,0.5,0.3333333333333333,,,0,,,0.0,0.9960133486245535,0.0,subject_dependent,rbf_svm,,,0.42030423280423274,0.16666666666666666,0.5,0.25,0.3333333333333333,0.5,0.5,0.41289682539682543,,,,
0.375,0.19999999999999998,"{""clf__C"": 10.0, ""clf__gamma"": 0.001}",,"[[0, 0, 2], [0, 0, 1], [0, 2, 3]]",dominance,0.1818181818181818,0.375,0.3409090909090909,,,1,,,-0.25,1.022259094985317,-0.28005601680560194,subject_dependent,rbf_svm,,,0.6741269841269841,0.16666666666666666,0.375,0.3125,0.19999999999999998,0.375,0.375,0.5888888888888889,,,,
0.5,0.5,"{""clf__C"": 1.0, ""clf__gamma"": 0.01}",0.2876508305089699,"[[0, 4], [0, 4]]",dominance,0.3333333333333333,0.5,0.3333333333333333,0,0.0,2,4,1.0,0.0,,0.0,subject_dependent,rbf_svm,0.0,0.5,,0.25,0.5,0.25,0.5,0.5,0.5,,0,0.0,4,1.0
0.25,0.3333333333333333,"{""clf__C"": 1.0, ""clf__gamma"": 0.01}",,"[[0, 0, 1], [0, 0, 5], [0, 0, 2]]",dominance,0.13333333333333333,0.25,0.1,,,3,,,0.0,1.195699610029215,0.0,subject_dependent,rbf_svm,,,0.49261904761904757,0.08333333333333333,0.25,0.0625,0.3333333333333333,0.25,0.25,0.48888888888888893,,,,
0.75,0.5,"{""clf__C"": 1.0, ""clf__gamma"": 0.01}",0.26260137999392985,"[[0, 2], [0, 6]]",dominance,0.42857142857142855,0.75,0.6428571428571428,0,0.0,4,2,1.0,0.0,,0.0,subject_dependent,rbf_svm,0.0,0.75,,0.375,0.75,0.5625,0.5,0.75,0.75,,0,0.0,6,1.0
0.375,0.39999999999999997,"{""clf__C"": 10.0, ""clf__gamma"": 0.001}",,"[[0, 0, 1], [0, 1, 4], [0, 0, 2]]",dominance,0.25925925925925924,0.375,0.3194444444444444,,,0,,,0.11111111111111116,1.0323409850884935,0.22917462425705284,subject_dependent,rbf_svm,,,0.47253968253968254,0.42857142857142855,0.375,0.6964285714285714,0.39999999999999997,0.375,0.375,0.36111111111111116,,,,
0.375,0.5,"{""clf__C"": 10.0, ""clf__gamma"": 0.01}",0.2450959194607825,"[[3, 0], [5, 0]]",dominance,0.2727272727272727,0.375,0.20454545454545453,5,1.0,1,0,0.0,0.0,,0.0,subject_dependent,rbf_svm,0.375,0.0,,0.1875,0.375,0.140625,0.5,0.375,0.375,,3,1.0,0,0.0
0.5,0.4444444444444444,"{""clf__C"": 1.0, ""clf__gamma"": 0.001}",,"[[0, 0, 2], [0, 2, 1], [0, 1, 2]]",dominance,0.38888888888888884,0.5,0.4375,,,2,,,0.19999999999999996,1.2730840718483045,0.2253744679276044,subject_dependent,rbf_svm,,,0.5740740740740741,0.35555555555555557,0.5,0.4,0.4444444444444444,0.5,0.5,0.5111111111111111,,,,
0.25,0.13333333333333333,"{""clf__C"": 1.0, ""clf__gamma"": 0.001}",,"[[0, 0, 1], [1, 2, 2], [0, 2, 0]]",dominance,0.14814814814814814,0.25,0.2777777777777778,,,3,,,-0.29729729729729737,1.1479124961436655,-0.3060281862410615,subject_dependent,rbf_svm,,,0.4477777777777778,0.16666666666666666,0.25,0.3125,0.13333333333333333,0.25,0.25,0.4222222222222223,,,,
0.25,0.2222222222222222,"{""clf__C"": 10.0, ""clf__gamma"": 0.001}",,"[[0, 1, 0], [0, 2, 1], [0, 4, 0]]",dominance,0.13333333333333333,0.25,0.15000000000000002,,,4,,,-0.23076923076923084,1.0789297820793398,-0.390199486285854,subject_dependent,rbf_svm,,,0.4355820105820105,0.09523809523809523,0.25,0.10714285714285714,0.2222222222222222,0.25,0.25,0.4132936507936507,,,,
0.5,0.5,"{""clf__C"": 1.0, ""clf__gamma"": 0.001}",0.35364679610776306,"[[3, 3], [1, 1]]",dominance,0.4666666666666667,0.5,0.5333333333333333,1,0.5,0,3,0.5,0.0,0.9086544235762477,0.0,subject_dependent,rbf_svm,0.75,0.25,0.7166666666666667,0.5,0.5,0.625,0.5,0.5,0.5,0.5833333333333333,3,0.5,1,0.5
0.75,0.75,"{""clf__C"": 1.0, ""clf__gamma"": 0.001}",,"[[0, 0], [2, 6]]",dominance,0.42857142857142855,0.75,0.8571428571428571,,,1,,,0.0,,0.0,subject_dependent,rbf_svm,,,0.0,0.5,0.75,1.0,0.375,0.75,0.75,nan,,,,
0.625,0.6333333333333333,"{""clf__C"": 1.0, ""clf__gamma"": 0.001}",0.2503526473624764,"[[2, 1], [2, 3]]",dominance,0.6190476190476191,0.625,0.6309523809523809,2,0.4,2,1,0.3333333333333333,0.25,0.6945093833026019,0.2581988897471611,subject_dependent,rbf_svm,0.5,0.75,0.6666666666666667,0.625,0.625,0.65625,0.6333333333333333,0.625,0.625,0.33333333333333337,2,0.6666666666666666,3,0.6
0.625,0.625,"{""clf__C"": 1.0, ""clf__gamma"": 0.001}",0.2680075221578279,"[[1, 3], [0, 4]]",dominance,0.5636363636363637,0.625,0.5636363636363637,0,0.0,3,3,0.75,0.25,0.7304868428666158,0.3779644730092272,subject_dependent,rbf_svm,1.0,0.5714285714285714,0.7678571428571428,0.7857142857142857,0.625,0.7857142857142857,0.625,0.625,0.625,0.375,1,0.25,4,1.0
0.75,0.75,"{""clf__C"": 1.0, ""clf__gamma"": 0.001}",0.354912903613539,"[[2, 2], [0, 4]]",dominance,0.7333333333333334,0.75,0.7333333333333334,0,0.0,4,2,0.5,0.5,0.9283977046306958,0.5773502691896258,subject_dependent,rbf_svm,1.0,0.6666666666666666,0.8541666666666666,0.8333333333333333,0.75,0.8333333333333333,0.75,0.75,0.75,0.1875,2,0.5,4,1.0
0.625,0.625,"{""clf__C"": 1.0, ""clf__gamma"": 0.001}",0.2577677907978169,"[[2, 2], [1, 3]]",dominance,0.6190476190476191,0.625,0.6190476190476191,1,0.25,0,2,0.5,0.25,,0.2581988897471611,subject_dependent,rbf_svm,0.6666666666666666,0.6,,0.6333333333333333,0.625,0.6333333333333333,0.625,0.625,0.625,,2,0.5,3,0.75
0.625,0.5,"{""clf__C"": 10.0, ""clf__gamma"": 0.001}",,"[[0, 1, 0], [0, 3, 0], [0, 2, 2]]",dominance,0.4444444444444444,0.625,0.5833333333333333,,,1,,,0.368421052631579,1.0345211944581671,0.4635863249727653,subject_dependent,rbf_svm,,,0.3453703703703704,0.5,0.625,0.6875,0.5,0.625,0.625,0.34603174603174597,,,,
0.375,0.3333333333333333,"{""clf__C"": 10.0, ""clf__gamma"": 0.001}",,"[[0, 1, 1], [0, 1, 1], [0, 2, 2]]",dominance,0.27777777777777773,0.375,0.3333333333333333,,,2,,,0.0,1.2694604336319935,0.0,subject_dependent,rbf_svm,,,0.3662698412698413,0.25,0.375,0.3125,0.3333333333333333,0.375,0.375,0.3819444444444445,,,,
0.5,0.6,"{""clf__C"": 10.0, ""clf__gamma"": 0.001}",0.19893285202271643,"[[1, 4], [0, 3]]",dominance,0.4666666666666667,0.5,0.4333333333333333,0,0.0,3,4,0.8,0.1578947368421053,,0.29277002188455997,subject_dependent,rbf_svm,1.0,0.42857142857142855,,0.7142857142857143,0.5,0.7857142857142857,0.6,0.5,0.5,,1,0.2,3,1.0
0.125,0.1111111111111111,"{""clf__C"": 1.0, ""clf__gamma"": 0.001}",,"[[0, 1, 1], [0, 0, 3], [0, 2, 1]]",dominance,0.08333333333333333,0.125,0.09375,,,4,,,-0.3999999999999999,1.2261959501005841,-0.4507489358552088,subject_dependent,rbf_svm,,,0.41335978835978837,0.06666666666666667,0.125,0.07500000000000001,0.1111111111111111,0.125,0.125,0.4333333333333333,,,,
0.25,0.5,"{""clf__C"": 0.1, ""clf__gamma"": 0.001}",0.23055082255886167,"[[2, 0], [6, 0]]",dominance,0.2,0.25,0.1,6,1.0,0,0,0.0,0.0,0.8221640134360981,0.0,subject_dependent,rbf_svm,0.25,0.0,0.29166666666666663,0.125,0.25,0.0625,0.5,0.25,0.25,0.6666666666666666,2,1.0,0,0.0
0.875,0.5,"{""clf__C"": 0.1, ""clf__gamma"": 0.001}",0.14529088571493656,"[[0, 1], [0, 7]]",dominance,0.4666666666666667,0.875,0.8166666666666667,0,0.0,1,1,1.0,0.0,0.4750329464150881,0.0,subject_dependent,rbf_svm,0.0,0.875,1.0,0.4375,0.875,0.765625,0.5,0.875,0.875,0.0,0,0.0,7,1.0
1.0,1.0,"{""clf__C"": 0.1, ""clf__gamma"": 0.001}",,[[8]],dominance,1.0,1.0,1.0,,,2,,,nan,,0.0,subject_dependent,rbf_svm,,,0.0,1.0,1.0,1.0,1.0,1.0,1.0,nan,,,,
0.875,0.5,"{""clf__C"": 0.1, ""clf__gamma"": 0.001}",0.16617995319271248,"[[0, 1], [0, 7]]",dominance,0.4666666666666667,0.875,0.8166666666666667,0,0.0,3,1,1.0,0.0,0.5217091425938397,0.0,subject_dependent,rbf_svm,0.0,0.875,0.125,0.4375,0.875,0.765625,0.5,0.875,0.875,1.0,0,0.0,7,1.0
0.625,0.5,"{""clf__C"": 0.1, ""clf__gamma"": 0.001}",0.31805323210109865,"[[0, 3], [0, 5]]",dominance,0.38461538461538464,0.625,0.4807692307692308,0,0.0,4,3,1.0,0.0,0.9773262431875559,0.0,subject_dependent,rbf_svm,0.0,0.625,0.44285714285714284,0.3125,0.625,0.390625,0.5,0.625,0.625,0.5333333333333334,0,0.0,5,1.0
0.375,0.19999999999999998,"{""clf__C"": 10.0, ""clf__gamma"": 0.001}",,"[[0, 1, 1], [0, 3, 2], [0, 1, 0]]",dominance,0.19999999999999998,0.375,0.375,,,0,,,-0.11111111111111116,1.171608420833521,-0.1252448582170299,subject_dependent,rbf_svm,,,0.42817460317460315,0.19999999999999998,0.375,0.375,0.19999999999999998,0.375,0.375,0.5071428571428571,,,,
0.375,0.41666666666666663,"{""clf__C"": 1.0, ""clf__gamma"": 0.001}",0.2466062925257231,"[[0, 0, 0], [0, 1, 1], [1, 3, 2]]",dominance,0.25925925925925924,0.375,0.41666666666666663,,,1,,,-0.05263157894736836,,-0.06622661785325219,subject_dependent,rbf_svm,,,,0.3055555555555555,0.375,0.5625,0.27777777777777773,0.375,0.375,,,,,
0.625,0.5,"{""clf__C"": 10.0, ""clf__gamma"": 0.001}",,"[[0, 1, 0], [0, 3, 0], [0, 2, 2]]",dominance,0.4444444444444444,0.625,0.5833333333333333,,,2,,,0.368421052631579,0.9858617239642595,0.4635863249727653,subject_dependent,rbf_svm,,,0.6073412698412698,0.5,0.625,0.6875,0.5,0.625,0.625,0.5361111111111111,,,,
0.25,0.2222222222222222,"{""clf__C"": 10.0, ""clf__gamma"": 0.001}",,"[[0, 1, 0], [0, 0, 4], [0, 1, 2]]",dominance,0.14814814814814814,0.25,0.16666666666666666,,,3,,,-0.26315789473684204,0.980137262589004,-0.33113308926626095,subject_dependent,rbf_svm,,,0.5559523809523809,0.1111111111111111,0.25,0.125,0.2222222222222222,0.25,0.25,0.6492063492063492,,,,
0.375,0.3055555555555555,"{""clf__C"": 1.0, ""clf__gamma"": 0.001}",,"[[0, 1, 0], [1, 1, 2], [0, 1, 2]]",dominance,0.2857142857142857,0.375,0.3571428571428571,,,4,,,-0.02564102564102555,1.1025634688986452,-0.02631578947368421,subject_dependent,rbf_svm,,,0.37797619047619047,0.27777777777777773,0.375,0.35416666666666663,0.3055555555555555,0.375,0.375,0.3240079365079365,,,,
1.0,1.0,"{""clf__C"": 0.1, ""clf__gamma"": 0.001}",,[[8]],dominance,1.0,1.0,1.0,,,1,,,nan,,0.0,subject_dependent,rbf_svm,,,0.0,1.0,1.0,1.0,1.0,1.0,1.0,nan,,,,
1.0,1.0,"{""clf__C"": 0.1, ""clf__gamma"": 0.001}",,[[8]],dominance,1.0,1.0,1.0,,,2,,,nan,,0.0,subject_dependent,rbf_svm,,,0.0,1.0,1.0,1.0,1.0,1.0,1.0,nan,,,,
1.0,1.0,"{""clf__C"": 0.1, ""clf__gamma"": 0.001}",,[[8]],dominance,1.0,1.0,1.0,,,3,,,nan,,0.0,subject_dependent,rbf_svm,,,0.0,1.0,1.0,1.0,1.0,1.0,1.0,nan,,,,
0.875,0.875,"{""clf__C"": 0.1, ""clf__gamma"": 0.001}",,"[[0, 0], [1, 7]]",dominance,0.4666666666666667,0.875,0.9333333333333333,,,4,,,0.0,,0.0,subject_dependent,rbf_svm,,,0.0,0.5,0.875,1.0,0.4375,0.875,0.875,nan,,,,
0.5,0.26666666666666666,"{""clf__C"": 1.0, ""clf__gamma"": 0.001}",,"[[0, 0, 1], [1, 0, 1], [1, 0, 4]]",dominance,0.24242424242424243,0.5,0.4545454545454546,,,0,,,0.0,0.9079589034917952,0.0,subject_dependent,rbf_svm,,,0.4019047619047618,0.2222222222222222,0.5,0.41666666666666663,0.26666666666666666,0.5,0.5,0.48809523809523814,,,,
0.5,0.3333333333333333,"{""clf__C"": 1.0, ""clf__gamma"": 0.01}",,"[[0, 0, 2], [0, 0, 2], [0, 0, 4]]",dominance,0.2222222222222222,0.5,0.3333333333333333,,,1,,,0.0,1.0557048601745445,0.0,subject_dependent,rbf_svm,,,0.47222222222222215,0.16666666666666666,0.5,0.25,0.3333333333333333,0.5,0.5,0.5625,,,,
0.125,0.1111111111111111,"{""clf__C"": 1.0, ""clf__gamma"": 0.001}",,"[[0, 1, 2], [0, 0, 2], [0, 2, 1]]",dominance,0.08333333333333333,0.125,0.09375,,,2,,,-0.30232558139534893,1.177551956742731,-0.3662335103823572,subject_dependent,rbf_svm,,,0.667989417989418,0.06666666666666667,0.125,0.07500000000000001,0.1111111111111111,0.125,0.125,0.7000000000000001,,,,
0.75,0.5,"{""clf__C"": 1.0, ""clf__gamma"": 0.01}",0.4206037352665563,"[[0, 2], [0, 6]]",dominance,0.42857142857142855,0.75,0.6428571428571428,0,0.0,3,2,1.0,0.0,,0.0,subject_dependent,rbf_svm,0.0,0.75,,0.375,0.75,0.5625,0.5,0.75,0.75,,0,0.0,6,1.0
0.5,0.3333333333333333,"{""clf__C"": 1.0, ""clf__gamma"": 0.001}",,"[[0, 0, 2], [0, 0, 2], [0, 0, 4]]",dominance,0.2222222222222222,0.5,0.3333333333333333,,,4,,,0.0,1.0162293291822144,0.0,subject_dependent,rbf_svm,,,0.5472222222222222,0.16666666666666666,0.5,0.25,0.3333333333333333,0.5,0.5,0.6666666666666666,,,,
0.5,0.3333333333333333,"{""clf__C"": 1.0, ""clf__gamma"": 0.01}",,"[[0, 0, 2], [0, 0, 2], [0, 0, 4]]",dominance,0.2222222222222222,0.5,0.3333333333333333,,,0,,,0.0,1.054319126631082,0.0,subject_dependent,rbf_svm,,,0.3773809523809524,0.16666666666666666,0.5,0.25,0.3333333333333333,0.5,0.5,0.42361111111111116,,,,
0.5,0.4,"{""clf__C"": 1.0, ""clf__gamma"": 0.001}",0.44749708012687717,"[[0, 0, 0], [1, 0, 2], [1, 0, 4]]",dominance,0.24242424242424243,0.5,0.4545454545454546,,,1,,,0.05882352941176472,,0.07453559924999299,subject_dependent,rbf_svm,,,,0.2222222222222222,0.5,0.41666666666666663,0.26666666666666666,0.5,0.5,,,,,
0.375,0.3333333333333333,"{""clf__C"": 1.0, ""clf__gamma"": 0.01}",,"[[0, 0, 4], [0, 0, 1], [0, 0, 3]]",dominance,0.1818181818181818,0.375,0.20454545454545453,,,2,,,0.0,1.2083991412335997,0.0,subject_dependent,rbf_svm,,,0.42738095238095236,0.125,0.375,0.140625,0.3333333333333333,0.375,0.375,0.3757936507936508,,,,
0.5,0.26666666666666666,"{""clf__C"": 1.0, ""clf__gamma"": 0.001}",,"[[0, 0, 1], [0, 0, 2], [1, 0, 4]]",dominance,0.2222222222222222,0.5,0.41666666666666663,,,3,,,-0.1428571428571428,0.9465714809233972,-0.18333969940564226,subject_dependent,rbf_svm,,,0.530952380952381,0.19047619047619047,0.5,0.3571428571428571,0.26666666666666666,0.5,0.5,0.6190476190476192,,,,
0.625,0.5,"{""clf__C"": 1.0, ""clf__gamma"": 0.01}",0.35807060477586294,"[[0, 3], [0, 5]]",dominance,0.38461538461538464,0.625,0.4807692307692308,0,0.0,4,3,1.0,0.0,,0.0,subject_dependent,rbf_svm,0.0,0.625,,0.3125,0.625,0.390625,0.5,0.625,0.625,,0,0.0,5,1.0
0.625,0.5,"{""clf__C"": 1.0, ""clf__gamma"": 0.01}",0.31516277428792716,"[[5, 0], [3, 0]]",dominance,0.38461538461538464,0.625,0.4807692307692308,3,1.0,0,0,0.0,0.0,,0.0,subject_dependent,rbf_svm,0.625,0.0,,0.3125,0.625,0.390625,0.5,0.625,0.625,,5,1.0,0,0.0
0.75,0.5,"{""clf__C"": 1.0, ""clf__gamma"": 0.01}",0.2806710871550684,"[[6, 0], [2, 0]]",dominance,0.42857142857142855,0.75,0.6428571428571428,2,1.0,1,0,0.0,0.0,,0.0,subject_dependent,rbf_svm,0.75,0.0,,0.375,0.75,0.5625,0.5,0.75,0.75,,6,1.0,0,0.0
0.75,0.5,"{""clf__C"": 1.0, ""clf__gamma"": 0.01}",0.24382325732287918,"[[6, 0], [2, 0]]",dominance,0.42857142857142855,0.75,0.6428571428571428,2,1.0,2,0,0.0,0.0,,0.0,subject_dependent,rbf_svm,0.75,0.0,,0.375,0.75,0.5625,0.5,0.75,0.75,,6,1.0,0,0.0
0.25,0.3333333333333333,"{""clf__C"": 0.1, ""clf__gamma"": 0.001}",,"[[0, 0, 1], [0, 0, 5], [0, 0, 2]]",dominance,0.13333333333333333,0.25,0.1,,,3,,,0.0,,0.0,subject_dependent,rbf_svm,,,,0.08333333333333333,0.25,0.0625,0.3333333333333333,0.25,0.25,,,,,
0.75,0.5,"{""clf__C"": 1.0, ""clf__gamma"": 0.001}",0.3477831759323765,"[[6, 0], [2, 0]]",dominance,0.42857142857142855,0.75,0.6428571428571428,2,1.0,4,0,0.0,0.0,,0.0,subject_dependent,rbf_svm,0.75,0.0,,0.375,0.75,0.5625,0.5,0.75,0.75,,6,1.0,0,0.0
0.25,0.25,"{""clf__C"": 1.0, ""clf__gamma"": 0.001}",0.285918703653219,"[[1, 1, 2], [0, 0, 0], [2, 1, 1]]",dominance,0.19047619047619047,0.25,0.2857142857142857,,,0,,,-0.19999999999999996,,-0.2182178902359924,subject_dependent,rbf_svm,,,,0.2222222222222222,0.25,0.3333333333333333,0.16666666666666666,0.25,0.25,,,,,
0.625,0.43333333333333335,"{""clf__C"": 1.0, ""clf__gamma"": 0.001}",,"[[1, 0, 1], [0, 0, 1], [1, 0, 4]]",dominance,0.4090909090909091,0.625,0.5795454545454546,,,1,,,0.19999999999999996,1.0154083867902386,0.21004201260420147,subject_dependent,rbf_svm,,,0.436984126984127,0.38888888888888884,0.625,0.5416666666666666,0.43333333333333335,0.625,0.625,0.33174603174603173,,,,
0.875,0.9166666666666667,"{""clf__C"": 1.0, ""clf__gamma"": 0.001}",0.40961173834659803,"[[2, 0], [1, 5]]",dominance,0.8545454545454545,0.875,0.8818181818181818,1,0.16666666666666666,2,0,0.0,0.7142857142857143,,0.7453559924999299,subject_dependent,rbf_svm,0.6666666666666666,1.0,,0.8333333333333333,0.875,0.9166666666666666,0.9166666666666667,0.875,0.875,,2,1.0,5,0.8333333333333334
0.25,0.3333333333333333,"{""clf__C"": 1.0, ""clf__gamma"": 0.001}",0.5008291917568031,"[[2, 0, 1], [0, 0, 5], [0, 0, 0]]",dominance,0.26666666666666666,0.25,0.30000000000000004,,,3,,,0.1724137931034483,,0.37267799624996495,subject_dependent,rbf_svm,,,,0.3333333333333333,0.25,0.375,0.2222222222222222,0.25,0.25,,,,,
0.5,0.4166666666666667,"{""clf__C"": 1.0, ""clf__gamma"": 0.001}",,"[[1, 0, 1], [0, 0, 2], [0, 1, 3]]",dominance,0.4222222222222222,0.5,0.4666666666666667,,,4,,,0.11111111111111116,1.0661130941995234,0.12403473458920847,subject_dependent,rbf_svm,,,0.5388888888888889,0.5,0.5,0.5,0.4166666666666667,0.5,0.5,0.5,,,,
0.125,0.5,"{""clf__C"": 0.1, ""clf__gamma"": 0.001}",0.11154644343707462,"[[1, 0], [7, 0]]",dominance,0.1111111111111111,0.125,0.027777777777777776,7,1.0,0,0,0.0,0.0,0.3896503809051012,0.0,subject_dependent,rbf_svm,0.125,0.0,0.25,0.0625,0.125,0.015625,0.5,0.125,0.125,0.42857142857142855,1,1.0,0,0.0
0.75,0.5,"{""clf__C"": 0.1, ""clf__gamma"": 0.001}",0.21167255220651376,"[[0, 2], [0, 6]]",dominance,0.42857142857142855,0.75,0.6428571428571428,0,0.0,1,2,1.0,0.0,0.664091535063813,0.0,subject_dependent,rbf_svm,0.0,0.75,0.225,0.375,0.75,0.5625,0.5,0.75,0.75,0.8333333333333333,0,0.0,6,1.0
0.75,0.5,"{""clf__C"": 0.1, ""clf__gamma"": 0.001}",0.21370611024551353,"[[0, 2], [0, 6]]",dominance,0.42857142857142855,0.75,0.6428571428571428,0,0.0,2,2,1.0,0.0,0.6764041715005801,0.0,subject_dependent,rbf_svm,0.0,0.75,0.41666666666666663,0.375,0.75,0.5625,0.5,0.75,0.75,0.3333333333333333,0,0.0,6,1.0
1.0,1.0,"{""clf__C"": 0.1, ""clf__gamma"": 0.01}",,[[8]],dominance,1.0,1.0,1.0,,,3,,,nan,,0.0,subject_dependent,rbf_svm,,,0.0,1.0,1.0,1.0,1.0,1.0,1.0,nan,,,,
0.125,0.5,"{""clf__C"": 0.1, ""clf__gamma"": 0.01}",0.10943885919641799,"[[1, 0], [7, 0]]",dominance,0.1111111111111111,0.125,0.027777777777777776,7,1.0,4,0,0.0,0.0,0.37707330517080084,0.0,subject_dependent,rbf_svm,0.125,0.0,0.125,0.0625,0.125,0.015625,0.5,0.125,0.125,1.0,1,1.0,0,0.0
0.3357142857142857,0.30447140458726724,"{""clf__C"": 10.0, ""clf__gamma"": 0.01}",,"[[4, 21, 22], [15, 63, 23], [27, 78, 27]]",valence,0.2766049467335894,0.3357142857142857,0.3120429282960578,,,0,,,-0.03390772651473051,1.075618313570235,-0.03659413004045061,cross_subject,rbf_svm,,,0.3195405689623659,0.2836151368760064,0.3357142857142857,0.3316597653554175,0.30447140458726724,0.3357142857142857,0.3357142857142857,0.4672805366932949,,,,
0.3535714285714286,0.2888341960300841,"{""clf__C"": 10.0, ""clf__gamma"": 0.01}",,"[[1, 23, 27], [4, 39, 60], [9, 58, 59]]",valence,0.27145618164478624,0.3535714285714286,0.32949250465967694,,,1,,,-0.07990624334114638,1.0775413296873815,-0.0819243507160065,cross_subject,rbf_svm,,,0.31423728590648287,0.2668460534898891,0.3535714285714286,0.31441309057869726,0.2888341960300841,0.3535714285714286,0.3535714285714286,0.46677039017321437,,,,
0.30833333333333335,0.35208795421561384,"{""clf__C"": 10.0, ""clf__gamma"": 0.001}",,"[[18, 14, 3], [48, 33, 30], [42, 29, 23]]",valence,0.30378536496183556,0.30833333333333335,0.32005969194204487,,,2,,,0.006979062811565462,1.0605621059325465,0.007754146789615281,cross_subject,rbf_svm,,,0.3582750640164907,0.33719715956558066,0.30833333333333335,0.3859910192147034,0.35208795421561384,0.30833333333333335,0.30833333333333335,0.5048047527168775,,,,
0.3416666666666667,0.2963809499143152,"{""clf__C"": 1.0, ""clf__gamma"": 0.001}",,"[[2, 0, 51], [8, 3, 82], [10, 7, 77]]",valence,0.20654196503361075,0.3416666666666667,0.23308335987428339,,,3,,,-0.05715082241427383,1.118105498197598,-0.09308781617723287,cross_subject,rbf_svm,,,0.32355860285792465,0.25555555555555554,0.3416666666666667,0.2819444444444444,0.2963809499143152,0.3416666666666667,0.3416666666666667,0.4344524589200154,,,,
0.4083333333333333,0.3106060606060606,"{""clf__C"": 1.0, ""clf__gamma"": 0.01}",,"[[0, 22, 8], [0, 53, 57], [0, 55, 45]]",valence,0.2900793650793651,0.4083333333333333,0.38100198412698405,,,4,,,-0.05510835913312717,1.014871806966395,-0.05658468940145775,cross_subject,rbf_svm,,,0.2951851320454647,0.27226107226107227,0.4083333333333333,0.35731351981351983,0.3106060606060606,0.4083333333333333,0.4083333333333333,0.4028760498760498,,,,
0.3142857142857143,0.30958511535887817,"{""clf__C"": 10.0, ""clf__gamma"": 0.001}",,"[[13, 6, 19], [52, 15, 41], [60, 14, 60]]",arousal,0.2805801190420291,0.3142857142857143,0.32866349630274083,,,0,,,0.000557724484104738,1.0227238794367004,0.0006350159415732681,cross_subject,rbf_svm,,,0.3702994687037216,0.34419047619047616,0.3142857142857143,0.41870612244897953,0.30958511535887817,0.3142857142857143,0.3142857142857143,0.5374617553988084,,,,
0.4857142857142857,0.45499299779930835,"{""clf__C"": 1.0, ""clf__gamma"": 0.01}",,"[[16, 10, 38], [11, 38, 60], [7, 18, 82]]",arousal,0.4440816326530612,0.4857142857142857,0.46206413994169093,,,1,,,0.189873417721519,1.1010377793545234,0.20801482560900844,cross_subject,rbf_svm,,,0.425958692721974,0.5006337888690829,0.4857142857142857,0.5057845259315847,0.45499299779930835,0.4857142857142857,0.4857142857142857,0.5750262316962244,,,,
0.2625,0.2618439457519917,"{""clf__C"": 10.0, ""clf__gamma"": 0.01}",,"[[7, 10, 10], [55, 33, 38], [27, 37, 23]]",arousal,0.24407241506443533,0.2625,0.2873194443855865,,,2,,,-0.09090909090909083,1.1339555045061833,-0.09901784567312723,cross_subject,rbf_svm,,,0.3097090307681092,0.27169844912169644,0.2625,0.34284039207153033,0.2618439457519917,0.2625,0.2625,0.44447814331477603,,,,
0.39166666666666666,0.2889986824769433,"{""clf__C"": 0.1, ""clf__gamma"": 0.01}",,"[[0, 11, 27], [1, 7, 84], [4, 19, 87]]",arousal,0.22448739890600355,0.39166666666666666,0.30053063861203394,,,3,,,-0.08732079687209082,1.0229045898093931,-0.11439258939421108,cross_subject,rbf_svm,,,0.33297679651445755,0.20952770952770952,0.39166666666666666,0.27391141141141145,0.2889986824769433,0.39166666666666666,0.39166666666666666,0.5065873993695607,,,,
0.4125,0.34785367674505413,"{""clf__C"": 1.0, ""clf__gamma"": 0.01}",,"[[0, 49, 2], [3, 86, 6], [1, 80, 13]]",arousal,0.2603085553997195,0.4125,0.30817438055165963,,,4,,,0.03305997656942017,1.1119872954724015,0.05745827162192913,cross_subject,rbf_svm,,,0.3634995392945746,0.33968253968253964,0.4125,0.4007936507936508,0.34785367674505413,0.4125,0.4125,0.5199789167546028,,,,
0.35714285714285715,0.3193579631935796,"{""clf__C"": 1.0, ""clf__gamma"": 0.01}",,"[[0, 25, 10], [1, 84, 14], [18, 112, 16]]",dominance,0.23234767025089606,0.35714285714285715,0.27533314132104453,,,0,,,-0.007677543186180413,1.0846954083844373,-0.010770599607812206,cross_subject,rbf_svm,,,0.2984976395904886,0.2600301659125189,0.35714285714285715,0.3429605688429218,0.3193579631935796,0.35714285714285715,0.35714285714285715,0.438643080030319,,,,
0.29285714285714287,0.3323830409356725,"{""clf__C"": 0.1, ""clf__gamma"": 0.001}",,"[[13, 35, 0], [26, 69, 0], [41, 96, 0]]",dominance,0.22364053672316384,0.29285714285714287,0.19353813559322033,,,1,,,0.002159827213823018,1.0514950620035872,0.0030522752848856916,cross_subject,rbf_svm,,,0.3426552621693865,0.16916666666666666,0.29285714285714287,0.1449107142857143,0.3323830409356725,0.29285714285714287,0.29285714285714287,0.5036270761273451,,,,
0.29583333333333334,0.2400793650793651,"{""clf__C"": 1.0, ""clf__gamma"": 0.001}",,"[[0, 0, 32], [7, 13, 92], [33, 5, 58]]",dominance,0.20575539568345325,0.29583333333333334,0.2602398081534772,,,2,,,-0.10121633362293658,1.110948415284928,-0.1330435839327644,cross_subject,rbf_svm,,,0.30299736830139773,0.34696784696784694,0.29583333333333334,0.46450956450956454,0.2400793650793651,0.29583333333333334,0.29583333333333334,0.4162185952550536,,,,
0.25416666666666665,0.2336182336182336,"{""clf__C"": 10.0, ""clf__gamma"": 0.01}",,"[[0, 15, 30], [0, 19, 98], [0, 36, 42]]",dominance,0.18063941118969581,0.25416666666666665,0.20914481628428497,,,3,,,-0.1883817427385892,1.1741508147587676,-0.23329476268223084,cross_subject,rbf_svm,,,0.2923332581779499,0.17282913165266103,0.25416666666666665,0.2126155462184874,0.2336182336182336,0.25416666666666665,0.25416666666666665,0.38305067210216265,,,,
0.38333333333333336,0.38728004022121665,"{""clf__C"": 1.0, ""clf__gamma"": 0.01}",,"[[13, 14, 3], [26, 54, 39], [38, 28, 25]]",dominance,0.3539239772678293,0.38333333333333336,0.39943305069435464,,,4,,,0.059546188673250566,1.027285223915648,0.062360707138201896,cross_subject,rbf_svm,,,0.32674696950990323,0.36815516572979257,0.38333333333333336,0.4414902456063837,0.38728004022121665,0.38333333333333336,0.38333333333333336,0.5009600840326175,,,,
