accuracy,balanced_accuracy,best_params,brier,confusion_matrix,dimension,f1_macro,f1_micro,f1_weighted,fn,fnr,fold,fp,fpr,kappa,log_loss,mcc,mode,model,npv,ppv,pr_auc,precision_macro,precision_micro,precision_weighted,recall_macro,recall_micro,recall_weighted,roc_auc,tn,tnr,tp,tpr,trial_accuracy,trial_balanced_accuracy,trial_brier,trial_confusion_matrix,trial_f1_macro,trial_f1_micro,trial_f1_weighted,trial_fn,trial_fnr,trial_fp,trial_fpr,trial_kappa,trial_log_loss,trial_mcc,trial_npv,trial_ppv,trial_pr_auc,trial_precision_macro,trial_precision_micro,trial_precision_weighted,trial_recall_macro,trial_recall_micro,trial_recall_weighted,trial_roc_auc,trial_tn,trial_tnr,trial_tp,trial_tpr
0.45161290322580644,0.4795698924731183,"{""clf__C"": 13.411788774467905, ""clf__gamma"": 0.00026210878782654407, ""clf__class_weight"": ""balanced""}",0.3190756515970837,"[[110, 76], [196, 114]]",valence,0.45157723577235775,0.45161290322580644,0.45268292682926836,196,0.632258064516129,,76,0.40860215053763443,-0.036190476190476106,0.867790523226645,-0.04069119585953825,subject_dependent,rbf_svm,0.35947712418300654,0.6,0.6170549393493158,0.47973856209150323,0.45161290322580644,0.5098039215686275,0.4795698924731183,0.45161290322580644,0.45161290322580644,0.5101283385362471,110,0.5913978494623656,114,0.36774193548387096,0.375,0.43333333333333335,0.2897942368082993,"[[2, 1], [4, 1]]",0.36507936507936506,0.375,0.34523809523809523,4,0.8,1,0.3333333333333333,-0.11111111111111116,0.7718672946651539,-0.14907119849998599,0.3333333333333333,0.5,0.6961904761904761,0.41666666666666663,0.375,0.4375,0.43333333333333335,0.375,0.375,0.4666666666666667,2,0.6666666666666666,1,0.2
0.5221774193548387,0.5221774193548387,"{""clf__C"": 1.351144633701368, ""clf__gamma"": 0.015446089075047083, ""clf__class_weight"": ""balanced""}",0.3407013356788973,"[[171, 77], [160, 88]]",valence,0.5084118480974544,0.5221774193548387,0.5084118480974545,160,0.6451612903225806,,77,0.31048387096774194,0.04435483870967738,1.0725856388374126,0.047069189072252306,subject_dependent,rbf_svm,0.5166163141993958,0.5333333333333333,0.5323003435762704,0.5249748237663645,0.5221774193548387,0.5249748237663645,0.5221774193548387,0.5221774193548387,0.5221774193548387,0.5069507674297606,171,0.6895161290322581,88,0.3548387096774194,0.625,0.625,0.2864562045030765,"[[3, 1], [2, 2]]",0.6190476190476191,0.625,0.6190476190476191,2,0.5,1,0.25,0.25,0.7861675080777575,0.2581988897471611,0.6,0.6666666666666666,0.5595238095238095,0.6333333333333333,0.625,0.6333333333333333,0.625,0.625,0.625,0.5,3,0.75,2,0.5
0.6270161290322581,0.5551075268817205,"{""clf__C"": 48.43827864278568, ""clf__gamma"": 0.00039459088111000007, ""clf__class_weight"": ""balanced""}",0.233672763853392,"[[260, 112], [73, 51]]",valence,0.5464946746731905,0.6270161290322581,0.64204166357773,73,0.5887096774193549,,112,0.3010752688172043,0.0997566909975669,0.6621796436469864,0.10160318224457858,subject_dependent,rbf_svm,0.7807807807807807,0.3128834355828221,0.3316308581902094,0.5468321081818014,0.6270161290322581,0.6638064444812911,0.5551075268817205,0.6270161290322581,0.6270161290322581,0.589858654179674,260,0.6989247311827957,51,0.4112903225806452,0.625,0.5833333333333333,0.21102429107196125,"[[4, 2], [1, 1]]",0.5636363636363637,0.625,0.6454545454545454,1,0.5,2,0.3333333333333333,0.1428571428571429,0.6109018503867051,0.14907119849998599,0.8,0.3333333333333333,0.45,0.5666666666666667,0.625,0.6833333333333335,0.5833333333333333,0.625,0.625,0.6666666666666667,4,0.6666666666666666,1,0.5
0.4435483870967742,0.29493087557603687,"{""clf__C"": 0.24298576400577698, ""clf__gamma"": 0.0020797422068521733, ""clf__class_weight"": null}",0.3393194954505477,"[[214, 220], [56, 6]]",valence,0.324810606060606,0.4435483870967742,0.5371685606060604,56,0.9032258064516129,,220,0.5069124423963134,-0.1922246220302375,0.9336510644479693,-0.27235470401032885,subject_dependent,rbf_svm,0.7925925925925926,0.02654867256637168,0.0779433920452358,0.4095706325794822,0.4435483870967742,0.6968371025893149,0.29493087557603687,0.4435483870967742,0.4435483870967742,0.22718150735840642,214,0.4930875576036866,6,0.0967741935483871,0.375,0.21428571428571427,0.32242236246485745,"[[3, 4], [1, 0]]",0.2727272727272727,0.375,0.47727272727272724,1,1.0,4,0.5714285714285714,-0.25,0.8786798662835419,-0.3779644730092272,0.75,0.0,0.14285714285714285,0.375,0.375,0.65625,0.21428571428571427,0.375,0.375,0.1428571428571429,3,0.42857142857142855,0,0.0
0.6008064516129032,0.6008064516129032,"{""clf__C"": 0.4342298948286134, ""clf__gamma"": 0.0008179499475211679, ""clf__class_weight"": ""balanced""}",0.2226688960113225,"[[104, 144], [54, 194]]",valence,0.587215655945796,0.6008064516129032,0.5872156559457961,54,0.21774193548387097,,144,0.5806451612903226,0.2016129032258065,0.6343122262566226,0.21636305787038923,subject_dependent,rbf_svm,0.6582278481012658,0.5739644970414202,0.7656491993737162,0.616096172571343,0.6008064516129032,0.616096172571343,0.6008064516129032,0.6008064516129032,0.6008064516129032,0.718579279396462,104,0.41935483870967744,194,0.782258064516129,0.625,0.625,0.21585761071763648,"[[2, 2], [1, 3]]",0.6190476190476191,0.625,0.6190476190476191,1,0.25,2,0.5,0.25,0.6198884625976981,0.2581988897471611,0.6666666666666666,0.6,0.8928571428571428,0.6333333333333333,0.625,0.6333333333333333,0.625,0.625,0.625,0.8125,2,0.5,3,0.75
0.6633064516129032,0.6922043010752688,"{""clf__C"": 183.42628625395747, ""clf__gamma"": 0.0001005394019469303, ""clf__class_weight"": ""balanced""}",0.24399707216241867,"[[236, 136], [31, 93]]",valence,0.6327831642039837,0.6633064516129032,0.6857186556544174,31,0.25,,136,0.3655913978494624,0.29979035639413,0.735659126910044,0.3338889437460553,subject_dependent,rbf_svm,0.8838951310861424,0.40611353711790393,0.437017753732142,0.6450043341020232,0.6633064516129032,0.7644497325940828,0.6922043010752688,0.6633064516129032,0.6633064516129032,0.7305757891085676,236,0.6344086021505376,93,0.75,0.75,0.8333333333333333,0.21593230385782422,"[[4, 2], [0, 2]]",0.7333333333333334,0.75,0.7666666666666667,0,0.0,2,0.3333333333333333,0.5,0.6500628511687843,0.5773502691896258,1.0,0.5,0.5833333333333333,0.75,0.75,0.875,0.8333333333333333,0.75,0.75,0.8333333333333334,4,0.6666666666666666,2,1.0
0.5907258064516129,0.5059139784946237,"{""clf__C"": 0.40069130793659025, ""clf__gamma"": 0.0014899847475658245, ""clf__class_weight"": ""balanced""}",0.3038145064303239,"[[262, 48], [155, 31]]",valence,0.4773662765046326,0.5907258064516129,0.5382172795930549,155,0.8333333333333334,,48,0.15483870967741936,0.013365735115431376,0.9448426774815379,0.015648239428813177,subject_dependent,rbf_svm,0.6282973621103117,0.3924050632911392,0.363739112037892,0.5103512127007255,0.5907258064516129,0.5398377500531221,0.5059139784946237,0.5907258064516129,0.5907258064516129,0.43657648283038497,262,0.8451612903225807,31,0.16666666666666666,0.625,0.5,0.2608052272348623,"[[5, 0], [3, 0]]",0.38461538461538464,0.625,0.4807692307692308,3,1.0,0,0.0,0.0,0.7323205628988495,0.0,0.625,0.0,0.44285714285714284,0.3125,0.625,0.390625,0.5,0.625,0.625,0.4666666666666666,5,1.0,0,0.0
0.7620967741935484,0.6586021505376344,"{""clf__C"": 0.21466070134458173, ""clf__gamma"": 0.0012955517240662183, ""clf__class_weight"": ""balanced""}",0.1859706041088626,"[[322, 50], [68, 56]]",valence,0.6660504393472555,0.7620967741935484,0.7555973981513181,68,0.5483870967741935,,50,0.13440860215053763,0.33333333333333337,0.5592191401879861,0.33507046148385955,subject_dependent,rbf_svm,0.8256410256410256,0.5283018867924528,0.47447921251842756,0.6769714562167393,0.7620967741935484,0.7513062409288824,0.6586021505376344,0.7620967741935484,0.7620967741935484,0.6901339750260145,322,0.8655913978494624,56,0.45161290322580644,0.75,0.6666666666666667,0.15602195338552965,"[[5, 1], [1, 1]]",0.6666666666666667,0.75,0.75,1,0.5,1,0.16666666666666666,0.33333333333333337,0.49359923804389333,0.3333333333333333,0.8333333333333334,0.5,0.8333333333333333,0.6666666666666667,0.75,0.75,0.6666666666666667,0.75,0.75,0.9166666666666667,5,0.8333333333333334,1,0.5
0.5866935483870968,0.6456989247311828,"{""clf__C"": 0.40069130793659025, ""clf__gamma"": 0.0014899847475658245, ""clf__class_weight"": ""balanced""}",0.2904717209341465,"[[164, 22], [183, 127]]",valence,0.5843807608513492,0.5866935483870968,0.5766297972180325,183,0.5903225806451613,,22,0.11827956989247312,0.2483959670027498,0.820748180445377,0.30772713234722165,subject_dependent,rbf_svm,0.47262247838616717,0.8523489932885906,0.7943305438085486,0.6624857358373789,0.5866935483870968,0.7099515502001819,0.6456989247311828,0.5866935483870968,0.5866935483870968,0.6807752341311134,164,0.8817204301075269,127,0.4096774193548387,0.5,0.6,0.25024601067249863,"[[3, 0], [4, 1]]",0.4666666666666667,0.5,0.4333333333333333,4,0.8,0,0.0,0.1578947368421053,0.6903903836565075,0.29277002188455997,0.42857142857142855,1.0,0.9428571428571428,0.7142857142857143,0.5,0.7857142857142857,0.6,0.5,0.5,0.8666666666666667,3,1.0,1,0.2
0.5383064516129032,0.5309139784946236,"{""clf__C"": 0.6351054340728711, ""clf__gamma"": 0.0005285382203816729, ""clf__class_weight"": ""balanced""}",0.2813823893324685,"[[64, 60], [169, 203]]",valence,0.49895674805355217,0.5383064516129032,0.5691634133968548,169,0.4543010752688172,,60,0.4838709677419355,0.047817047817047764,0.7566518690239741,0.053642791996684126,subject_dependent,rbf_svm,0.27467811158798283,0.7718631178707225,0.8208923712547005,0.5232706147293527,0.5383064516129032,0.6475668663000377,0.5309139784946236,0.5383064516129032,0.5383064516129032,0.576179327089837,64,0.5161290322580645,203,0.5456989247311828,0.25,0.5,0.2801183852955408,"[[2, 0], [6, 0]]",0.2,0.25,0.1,6,1.0,0,0.0,0.0,0.7536725100909529,0.0,0.25,0.0,0.9305555555555556,0.125,0.25,0.0625,0.5,0.25,0.25,0.75,2,1.0,0,0.0
0.5,0.5161290322580645,"{""clf__C"": 262.30889101079146, ""clf__gamma"": 0.0025135566617708314, ""clf__class_weight"": null}",0.3067227170929154,"[[108, 78], [170, 140]]",valence,0.4979101358411703,0.5,0.5060083594566352,170,0.5483870967741935,,78,0.41935483870967744,0.02935420743639927,0.8459455691272694,0.03146480035125726,subject_dependent,rbf_svm,0.38848920863309355,0.6422018348623854,0.6522890257340651,0.5153455217477394,0.5,0.547059600026401,0.5161290322580645,0.5,0.5,0.5156607700312175,108,0.5806451612903226,140,0.45161290322580644,0.5,0.6,0.25327900502213885,"[[3, 0], [4, 1]]",0.4666666666666667,0.5,0.4333333333333333,4,0.8,0,0.0,0.1578947368421053,0.6998558829553991,0.29277002188455997,0.42857142857142855,1.0,0.8583333333333333,0.7142857142857143,0.5,0.7857142857142857,0.6,0.5,0.5,0.6666666666666667,3,1.0,1,0.2
0.5020161290322581,0.46505376344086025,"{""clf__C"": 0.40069130793659025, ""clf__gamma"": 0.0014899847475658245, ""clf__class_weight"": ""balanced""}",0.25831587351970714,"[[190, 120], [127, 59]]",valence,0.4646741386467414,0.5020161290322581,0.5000207555002075,127,0.6827956989247311,,120,0.3870967741935484,-0.07042253521126751,0.7140009945039627,-0.07045496127234734,subject_dependent,rbf_svm,0.5993690851735016,0.329608938547486,0.3372302695660947,0.46448901186049385,0.5020161290322581,0.49820903018874574,0.46505376344086025,0.5020161290322581,0.5020161290322581,0.44413805064169276,190,0.6129032258064516,59,0.3172043010752688,0.625,0.5,0.2474858047656157,"[[5, 0], [3, 0]]",0.38461538461538464,0.625,0.4807692307692308,3,1.0,0,0.0,0.0,0.6889087579168232,0.0,0.625,0.0,0.3694444444444444,0.3125,0.625,0.390625,0.5,0.625,0.625,0.3333333333333333,5,1.0,0,0.0
0.4596774193548387,0.45967741935483875,"{""clf__C"": 0.21466070134458173, ""clf__gamma"": 0.0012955517240662183, ""clf__class_weight"": ""balanced""}",0.3117349636552497,"[[127, 121], [147, 101]]",valence,0.4581886361783647,0.4596774193548387,0.45818863617836475,147,0.592741935483871,,121,0.4879032258064516,-0.08064516129032251,0.8446174857956386,-0.08109204020542403,subject_dependent,rbf_svm,0.4635036496350365,0.45495495495495497,0.42503598980786217,0.4592293022949957,0.4596774193548387,0.4592293022949957,0.45967741935483875,0.4596774193548387,0.4596774193548387,0.42345213319458896,127,0.5120967741935484,101,0.40725806451612906,0.5,0.5,0.2986609785229149,"[[2, 2], [2, 2]]",0.5,0.5,0.5,2,0.5,2,0.5,0.0,0.8034696229147882,0.0,0.5,0.5,0.5178571428571428,0.5,0.5,0.5,0.5,0.5,0.5,0.4375,2,0.5,2,0.5
0.4899193548387097,0.5793010752688172,"{""clf__C"": 32.32518791282502, ""clf__gamma"": 0.0005104518230902811, ""clf__class_weight"": ""balanced""}",0.3011534031182403,"[[94, 30], [223, 149]]",valence,0.48356935030515535,0.4899193548387097,0.5122020980200913,223,0.5994623655913979,,30,0.24193548387096775,0.10442477876106193,0.8195350097757462,0.14299973665642984,subject_dependent,rbf_svm,0.29652996845425866,0.8324022346368715,0.8268659438634528,0.5644661015455651,0.4899193548387097,0.6984341680912183,0.5793010752688172,0.4899193548387097,0.4899193548387097,0.6034295872355185,94,0.7580645161290323,149,0.40053763440860213,0.375,0.5833333333333334,0.2746936198540977,"[[2, 0], [5, 1]]",0.36507936507936506,0.375,0.32539682539682535,5,0.8333333333333334,0,0.0,0.09090909090909094,0.7468200195168389,0.2182178902359924,0.2857142857142857,1.0,0.9305555555555556,0.6428571428571428,0.375,0.8214285714285714,0.5833333333333334,0.375,0.375,0.75,2,1.0,1,0.16666666666666666
0.625,0.5,"{""clf__C"": 0.34866781670451225, ""clf__gamma"": 0.00014936568554617635, ""clf__class_weight"": ""balanced""}",0.28300364124258415,"[[310, 0], [186, 0]]",valence,0.38461538461538464,0.625,0.4807692307692308,186,1.0,,0,0.0,0.0,0.7600898636292591,0.0,subject_dependent,rbf_svm,0.625,0.0,0.34467350106712025,0.3125,0.625,0.390625,0.5,0.625,0.625,0.453295178633368,310,1.0,0,0.0,0.375,0.5,0.2830036078183037,"[[0, 5], [0, 3]]",0.2727272727272727,0.375,0.20454545454545453,0,0.0,5,1.0,0.0,0.7600897796840512,0.0,0.0,0.375,0.5873015873015872,0.1875,0.375,0.140625,0.5,0.375,0.375,0.4666666666666666,0,0.0,3,1.0
0.3286290322580645,0.2854838709677419,"{""clf__C"": 0.21466070134458173, ""clf__gamma"": 0.0012955517240662183, ""clf__class_weight"": ""balanced""}",0.41265621046075157,"[[21, 165], [168, 142]]",valence,0.28614586709886547,0.3286290322580645,0.3296823338735818,168,0.5419354838709678,,165,0.8870967741935484,-0.427652733118971,1.131854823995877,-0.4276881095769099,subject_dependent,rbf_svm,0.1111111111111111,0.46254071661237783,0.5490324555599282,0.2868259138617445,0.3286290322580645,0.3307546145494028,0.2854838709677419,0.3286290322580645,0.3286290322580645,0.2779569892473118,21,0.11290322580645161,142,0.45806451612903226,0.375,0.3,0.3894628839373411,"[[0, 3], [2, 3]]",0.2727272727272727,0.375,0.3409090909090909,2,0.4,3,1.0,-0.4285714285714286,1.0144189527182503,-0.4472135954999579,0.0,0.5,0.6392857142857143,0.25,0.375,0.3125,0.3,0.375,0.375,0.2666666666666667,0,0.0,3,0.6
0.5504032258064516,0.5155913978494624,"{""clf__C"": 0.40069130793659025, ""clf__gamma"": 0.0014899847475658245, ""clf__class_weight"": ""balanced""}",0.23825296544399702,"[[70, 116], [107, 203]]",valence,0.5155719647698258,0.5504032258064516,0.548046223179913,107,0.34516129032258064,,116,0.6236559139784946,0.03148751357220414,0.6696655375454968,0.03151159554826768,subject_dependent,rbf_svm,0.3954802259887006,0.6363636363636364,0.7072877174233722,0.5159219311761685,0.5504032258064516,0.5460323574730355,0.5155913978494624,0.5504032258064516,0.5504032258064516,0.5670828997571973,70,0.3763440860215054,203,0.6548387096774193,0.625,0.5,0.22135749540550997,"[[0, 3], [0, 5]]",0.38461538461538464,0.625,0.4807692307692308,0,0.0,3,1.0,0.0,0.6325541591599463,0.0,0.0,0.625,0.8350000000000001,0.3125,0.625,0.390625,0.5,0.625,0.625,0.6666666666666667,0,0.0,5,1.0
0.3850806451612903,0.3850806451612903,"{""clf__C"": 183.42628625395747, ""clf__gamma"": 0.0001005394019469303, ""clf__class_weight"": ""balanced""}",0.37730874831184863,"[[116, 132], [173, 75]]",valence,0.3808500624143082,0.3850806451612903,0.38085006241430824,173,0.6975806451612904,,132,0.532258064516129,-0.22983870967741926,1.0228240443989485,-0.2330455215932012,subject_dependent,rbf_svm,0.4013840830449827,0.36231884057971014,0.4114877824776991,0.3818514618123464,0.3850806451612903,0.3818514618123464,0.3850806451612903,0.3850806451612903,0.3850806451612903,0.32744211758584807,116,0.46774193548387094,75,0.3024193548387097,0.25,0.25,0.339282764034865,"[[0, 4], [2, 2]]",0.2,0.25,0.2,2,0.5,4,1.0,-0.5,0.8779719565509787,-0.5773502691896258,0.0,0.3333333333333333,0.5654761904761905,0.16666666666666666,0.25,0.16666666666666666,0.25,0.25,0.25,0.25,0,0.0,2,0.5
0.7076612903225806,0.4798387096774193,"{""clf__C"": 2.2463533171675794, ""clf__gamma"": 0.0006516990611177178, ""clf__class_weight"": null}",0.2023241794740643,"[[3, 121], [24, 348]]",valence,0.43366065311715,0.7076612903225806,0.6306234300068507,24,0.06451612903225806,,121,0.9758064516129032,-0.05454545454545445,0.5938807815877292,-0.07695951608993502,subject_dependent,rbf_svm,0.1111111111111111,0.7420042643923241,0.8116386342297783,0.42655768775171765,0.7076612903225806,0.5842809760720208,0.4798387096774193,0.7076612903225806,0.7076612903225806,0.6168270898369754,3,0.024193548387096774,348,0.9354838709677419,0.625,0.4166666666666667,0.19518230495303998,"[[0, 2], [1, 5]]",0.38461538461538464,0.625,0.576923076923077,1,0.16666666666666666,2,1.0,-0.19999999999999996,0.577604561949285,-0.2182178902359924,0.0,0.7142857142857143,0.8,0.35714285714285715,0.625,0.5357142857142857,0.4166666666666667,0.625,0.625,0.5,0,0.0,5,0.8333333333333334
0.5262096774193549,0.538978494623656,"{""clf__C"": 243.14537412227003, ""clf__gamma"": 0.0004992453416923984, ""clf__class_weight"": ""balanced""}",0.23869670924248668,"[[70, 54], [181, 191]]",valence,0.4962290653700703,0.5262096774193549,0.5576769313884388,181,0.48655913978494625,,54,0.43548387096774194,0.05811623246492981,0.6887385032245777,0.067517673267711,subject_dependent,rbf_svm,0.2788844621513944,0.7795918367346939,0.7414717310212255,0.5292381494430441,0.5262096774193549,0.6544149930888691,0.538978494623656,0.5262096774193549,0.5262096774193549,0.5770031217481789,70,0.5645161290322581,191,0.5134408602150538,0.875,0.75,0.2024992531538503,"[[1, 1], [0, 6]]",0.7948717948717949,0.875,0.8589743589743589,0,0.0,1,0.5,0.6,0.5992584498379099,0.6546536707079772,1.0,0.8571428571428571,0.7345238095238095,0.9285714285714286,0.875,0.8928571428571428,0.75,0.875,0.875,0.5,1,0.5,6,1.0
0.6008064516129032,0.6008064516129032,"{""clf__C"": 262.30889101079146, ""clf__gamma"": 0.0025135566617708314, ""clf__class_weight"": null}",0.26537235385720687,"[[129, 119], [79, 169]]",valence,0.5981932443047918,0.6008064516129032,0.5981932443047918,79,0.3185483870967742,,119,0.4798387096774194,0.2016129032258065,0.7809044445997656,0.2042876407689417,subject_dependent,rbf_svm,0.6201923076923077,0.5868055555555556,0.599467553172643,0.6034989316239316,0.6008064516129032,0.6034989316239316,0.6008064516129032,0.6008064516129032,0.6008064516129032,0.6373406607700313,129,0.5201612903225806,169,0.6814516129032258,0.75,0.75,0.2101782733254275,"[[2, 2], [0, 4]]",0.7333333333333334,0.75,0.7333333333333334,0,0.0,2,0.5,0.5,0.6128932459298553,0.5773502691896258,1.0,0.6666666666666666,0.6916666666666667,0.8333333333333333,0.75,0.8333333333333333,0.75,0.75,0.75,0.625,2,0.5,4,1.0
0.5443548387096774,0.5253456221198156,"{""clf__C"": 64.69870699850829, ""clf__gamma"": 0.0008200518402245837, ""clf__class_weight"": null}",0.29857926780336586,"[[239, 195], [31, 31]]",valence,0.44712752525252525,0.5443548387096774,0.6210148358585859,31,0.5,,195,0.44930875576036866,0.023758099352051865,0.8547436401872777,0.03366181734959121,subject_dependent,rbf_svm,0.8851851851851852,0.13716814159292035,0.13913728671657888,0.5111766633890528,0.5443548387096774,0.7916830547361521,0.5253456221198156,0.5443548387096774,0.5443548387096774,0.5193251077746395,239,0.5506912442396313,31,0.5,0.625,0.35714285714285715,0.23828150407614412,"[[5, 2], [1, 0]]",0.38461538461538464,0.625,0.6730769230769231,1,1.0,2,0.2857142857142857,-0.19999999999999996,0.6695798332379617,-0.2182178902359924,0.8333333333333334,0.0,0.3333333333333333,0.4166666666666667,0.625,0.7291666666666667,0.35714285714285715,0.625,0.625,0.7142857142857143,5,0.7142857142857143,0,0.0
0.5201612903225806,0.5201612903225806,"{""clf__C"": 166.2878326769575, ""clf__gamma"": 0.008979064194712979, ""clf__class_weight"": ""balanced""}",0.364077149543651,"[[189, 59], [179, 69]]",valence,0.49032882011605416,0.5201612903225806,0.49032882011605416,179,0.7217741935483871,,59,0.23790322580645162,0.040322580645161255,1.2567248722041364,0.04607561129840535,subject_dependent,rbf_svm,0.5135869565217391,0.5390625,0.5348156309492418,0.5263247282608696,0.5201612903225806,0.5263247282608696,0.5201612903225806,0.5201612903225806,0.5201612903225806,0.5262584547346514,189,0.7620967741935484,69,0.2782258064516129,0.625,0.625,0.2787270817302351,"[[4, 0], [3, 1]]",0.5636363636363637,0.625,0.5636363636363637,3,0.75,0,0.0,0.25,0.7924204652519296,0.3779644730092272,0.5714285714285714,1.0,0.7291666666666666,0.7857142857142857,0.625,0.7857142857142857,0.625,0.625,0.625,0.625,4,1.0,1,0.25
0.41330645161290325,0.5013440860215054,"{""clf__C"": 0.4342298948286134, ""clf__gamma"": 0.0008179499475211679, ""clf__class_weight"": ""balanced""}",0.2843296113243077,"[[121, 251], [40, 84]]",valence,0.4100234215011833,0.41330645161290325,0.4320285963040626,40,0.3225806451612903,,251,0.6747311827956989,0.0017152658662092923,0.7689789075376923,0.0024860166392385126,subject_dependent,rbf_svm,0.7515527950310559,0.2507462686567164,0.25404920274504755,0.5011495318438861,0.41330645161290325,0.626351163437471,0.5013440860215054,0.41330645161290325,0.41330645161290325,0.49889438085327786,121,0.32526881720430106,84,0.6774193548387096,0.25,0.3333333333333333,0.2641618121135932,"[[1, 5], [1, 1]]",0.25,0.25,0.25,1,0.5,5,0.8333333333333334,-0.19999999999999996,0.7205406506660783,-0.3333333333333333,0.5,0.16666666666666666,0.39285714285714285,0.3333333333333333,0.25,0.4166666666666667,0.3333333333333333,0.25,0.25,0.5,1,0.16666666666666666,1,0.5
0.6008064516129032,0.6008064516129032,"{""clf__C"": 0.21466070134458173, ""clf__gamma"": 0.0012955517240662183, ""clf__class_weight"": ""balanced""}",0.25867420419299786,"[[135, 113], [85, 163]]",valence,0.5995302407516148,0.6008064516129032,0.5995302407516149,85,0.34274193548387094,,113,0.45564516129032256,0.2016129032258065,0.720658422825687,0.20291031398236417,subject_dependent,rbf_svm,0.6136363636363636,0.5905797101449275,0.7390592304311554,0.6021080368906455,0.6008064516129032,0.6021080368906456,0.6008064516129032,0.6008064516129032,0.6008064516129032,0.6797118886576483,135,0.5443548387096774,163,0.657258064516129,0.5,0.5,0.2418319201891663,"[[1, 3], [1, 3]]",0.4666666666666667,0.5,0.4666666666666667,1,0.25,3,0.75,0.0,0.6545723899241798,0.0,0.5,0.5,0.7928571428571428,0.5,0.5,0.5,0.5,0.5,0.5,0.6875,1,0.25,3,0.75
0.6431451612903226,0.6948924731182795,"{""clf__C"": 0.6351054340728711, ""clf__gamma"": 0.0005285382203816729, ""clf__class_weight"": ""balanced""}",0.19258507594937435,"[[99, 25], [152, 220]]",valence,0.6205640194489466,0.6431451612903226,0.6668460291734197,152,0.40860215053763443,,25,0.20161290322580644,0.29058116232464926,0.5576025875598739,0.33758836633855505,subject_dependent,rbf_svm,0.3944223107569721,0.8979591836734694,0.915240017870505,0.6461907472152207,0.6431451612903226,0.7720749654443451,0.6948924731182795,0.6431451612903226,0.6431451612903226,0.7616631980575789,99,0.7983870967741935,220,0.5913978494623656,0.75,0.8333333333333333,0.17353978176496226,"[[2, 0], [2, 4]]",0.7333333333333334,0.75,0.7666666666666667,2,0.3333333333333333,0,0.0,0.5,0.5223339698559305,0.5773502691896258,0.5,1.0,0.9583333333333334,0.75,0.75,0.875,0.8333333333333333,0.75,0.75,0.8333333333333334,2,1.0,4,0.6666666666666666
0.6310483870967742,0.6908602150537634,"{""clf__C"": 0.21466070134458173, ""clf__gamma"": 0.0012955517240662183, ""clf__class_weight"": ""balanced""}",0.2087655157247628,"[[173, 13], [170, 140]]",valence,0.6294079460410653,0.6310483870967742,0.6232438644984016,170,0.5483870967741935,,13,0.06989247311827956,0.3265869365225391,0.5955532660968783,0.4001197125179966,subject_dependent,rbf_svm,0.5043731778425656,0.9150326797385621,0.8522998878189519,0.7097029287905638,0.6310483870967742,0.7610353665275633,0.6908602150537634,0.6310483870967742,0.6310483870967742,0.7497918834547346,173,0.9301075268817204,140,0.45161290322580644,0.625,0.6333333333333333,0.19657749220376647,"[[2, 1], [2, 3]]",0.6190476190476191,0.625,0.6309523809523809,2,0.4,1,0.3333333333333333,0.25,0.5672499210965585,0.2581988897471611,0.5,0.75,0.852857142857143,0.625,0.625,0.65625,0.6333333333333333,0.625,0.625,0.7333333333333334,2,0.6666666666666666,3,0.6
0.9395161290322581,0.9408602150537635,"{""clf__C"": 2.2463533171675794, ""clf__gamma"": 0.0006516990611177178, ""clf__class_weight"": null}",0.07929209209350076,"[[176, 10], [20, 290]]",valence,0.9361428203587674,0.9395161290322581,0.9398120333018625,20,0.06451612903225806,,10,0.053763440860215055,0.8723404255319149,0.30044248832437964,0.8731313054999179,subject_dependent,rbf_svm,0.8979591836734694,0.9666666666666667,0.988781467025319,0.932312925170068,0.9395161290322581,0.9409013605442177,0.9408602150537635,0.9395161290322581,0.9395161290322581,0.9830905306971904,176,0.946236559139785,290,0.9354838709677419,1.0,1.0,0.06399515291722901,"[[3, 0], [0, 5]]",1.0,1.0,1.0,0,0.0,0,0.0,1.0,0.2826890648018958,1.0,1.0,1.0,1.0,1.0,1.0,1.0,1.0,1.0,1.0,1.0,3,1.0,5,1.0
0.8467741935483871,0.8655913978494624,"{""clf__C"": 0.26566952561151125, ""clf__gamma"": 0.0030586566669785274, ""clf__class_weight"": null}",0.13063490721395024,"[[245, 65], [11, 175]]",valence,0.8436603128784486,0.8467741935483871,0.8491763300651969,11,0.05913978494623656,,65,0.20967741935483872,0.6910569105691057,0.41793210284345783,0.7083333333333334,subject_dependent,rbf_svm,0.95703125,0.7291666666666666,0.9058075972201112,0.8430989583333333,0.8467741935483871,0.87158203125,0.8655913978494624,0.8467741935483871,0.8467741935483871,0.9444675685050294,245,0.7903225806451613,175,0.9408602150537635,0.875,0.9,0.10273629644992532,"[[4, 1], [0, 3]]",0.873015873015873,0.875,0.876984126984127,0,0.0,1,0.2,0.75,0.35925534640414863,0.7745966692414834,1.0,0.75,1.0,0.875,0.875,0.90625,0.9,0.875,0.875,1.0,4,0.8,3,1.0
0.7641129032258065,0.7564516129032258,"{""clf__C"": 2.2463533171675794, ""clf__gamma"": 0.0006516990611177178, ""clf__class_weight"": null}",0.1681805282863751,"[[244, 66], [51, 135]]",valence,0.7521429944262925,0.7641129032258065,0.7657601383817029,51,0.27419354838709675,,66,0.2129032258064516,0.5047619047619047,0.5143415333542513,0.5057823999249755,subject_dependent,rbf_svm,0.8271186440677966,0.6716417910447762,0.6928916390603929,0.7493802175562864,0.7641129032258065,0.7688148241841639,0.7564516129032258,0.7641129032258065,0.7641129032258065,0.83096600763094,244,0.7870967741935484,135,0.7258064516129032,0.875,0.9,0.13767739058824813,"[[4, 1], [0, 3]]",0.873015873015873,0.875,0.876984126984127,0,0.0,1,0.2,0.75,0.4545834445797347,0.7745966692414834,1.0,0.75,0.8055555555555556,0.875,0.875,0.90625,0.9,0.875,0.875,0.8666666666666667,4,0.8,3,1.0
0.4798387096774194,0.4798387096774194,"{""clf__C"": 243.14537412227003, ""clf__gamma"": 0.0004992453416923984, ""clf__class_weight"": ""balanced""}",0.3402092904186002,"[[151, 97], [161, 87]]",valence,0.471031746031746,0.4798387096774194,0.471031746031746,161,0.6491935483870968,,97,0.3911290322580645,-0.040322580645161255,0.9768309158269831,-0.04173628520588611,subject_dependent,rbf_svm,0.483974358974359,0.47282608695652173,0.4767293234140033,0.4784002229654404,0.4798387096774194,0.4784002229654404,0.4798387096774194,0.4798387096774194,0.4798387096774194,0.45518990634755463,151,0.6088709677419355,87,0.35080645161290325,0.5,0.5,0.2817937808629162,"[[3, 1], [3, 1]]",0.4666666666666667,0.5,0.4666666666666667,3,0.75,1,0.25,0.0,0.7630639754987716,0.0,0.5,0.5,0.5654761904761905,0.5,0.5,0.5,0.5,0.5,0.5,0.25,3,0.75,1,0.25
0.4899193548387097,0.48991935483870963,"{""clf__C"": 5.2117930643778205, ""clf__gamma"": 0.0036999724314638123, ""clf__class_weight"": null}",0.32157445014352365,"[[81, 167], [86, 162]]",valence,0.47594328788290075,0.4899193548387097,0.4759432878829008,86,0.3467741935483871,,167,0.6733870967741935,-0.02016129032258074,0.8974479946601525,-0.02133112790352305,subject_dependent,rbf_svm,0.48502994011976047,0.49240121580547114,0.5006445399102484,0.4887155779626158,0.4899193548387097,0.4887155779626158,0.48991935483870963,0.4899193548387097,0.4899193548387097,0.48180606139438087,81,0.32661290322580644,162,0.6532258064516129,0.5,0.5,0.2738683103193782,"[[0, 4], [0, 4]]",0.3333333333333333,0.5,0.3333333333333333,0,0.0,4,1.0,0.0,0.7418642110862511,0.0,0.0,0.5,0.6071428571428572,0.25,0.5,0.25,0.5,0.5,0.5,0.375,0,0.0,4,1.0
0.5221774193548387,0.5112903225806451,"{""clf__C"": 32.32518791282502, ""clf__gamma"": 0.0005104518230902811, ""clf__class_weight"": ""balanced""}",0.26194538306895493,"[[87, 99], [138, 172]]",valence,0.5077201402062892,0.5221774193548387,0.5288107591994673,138,0.44516129032258067,,99,0.532258064516129,0.021671826625387025,0.7263997081350753,0.021958251789434797,subject_dependent,rbf_svm,0.38666666666666666,0.6346863468634686,0.6956665853894408,0.5106765067650676,0.5221774193548387,0.5416789667896679,0.5112903225806451,0.5221774193548387,0.5221774193548387,0.554205688518904,87,0.46774193548387094,172,0.5548387096774193,0.5,0.4666666666666667,0.22958640780113945,"[[1, 2], [2, 3]]",0.4666666666666667,0.5,0.5,2,0.4,2,0.6666666666666666,-0.06666666666666665,0.6478647307300662,-0.06666666666666667,0.3333333333333333,0.6,0.7592857142857143,0.4666666666666667,0.5,0.5,0.4666666666666667,0.5,0.5,0.4666666666666667,1,0.3333333333333333,3,0.6
0.20161290322580644,0.5092165898617511,"{""clf__C"": 0.21466070134458173, ""clf__gamma"": 0.0012955517240662183, ""clf__class_weight"": ""balanced""}",0.2872490199615663,"[[57, 5], [391, 43]]",valence,0.20097632413961436,0.20161290322580644,0.18406150842079572,391,0.9009216589861752,,5,0.08064516129032258,0.005025125628140725,0.7718540459204449,0.020619652471058063,subject_dependent,rbf_svm,0.12723214285714285,0.8958333333333334,0.8954388690427901,0.5115327380952381,0.20161290322580644,0.7997581845238095,0.5092165898617511,0.20161290322580644,0.20161290322580644,0.5748104652891334,57,0.9193548387096774,43,0.09907834101382489,0.25,0.5714285714285714,0.2754379402562776,"[[1, 0], [6, 1]]",0.25,0.25,0.25,6,0.8571428571428571,0,0.0,0.040000000000000036,0.7444299590104789,0.14285714285714285,0.14285714285714285,1.0,0.9617346938775511,0.5714285714285714,0.25,0.8928571428571429,0.5714285714285714,0.25,0.25,0.7142857142857143,1,1.0,1,0.14285714285714285
0.4596774193548387,0.45483870967741935,"{""clf__C"": 13.411788774467905, ""clf__gamma"": 0.00026210878782654407, ""clf__class_weight"": ""balanced""}",0.2786979895092006,"[[81, 105], [163, 147]]",valence,0.4499379293221882,0.4596774193548387,0.46823636514110734,163,0.5258064516129032,,105,0.5645161290322581,-0.08502024291497978,0.7577348093785905,-0.08746584032663103,subject_dependent,rbf_svm,0.3319672131147541,0.5833333333333334,0.681018093487415,0.4576502732240437,0.4596774193548387,0.4890710382513661,0.45483870967741935,0.4596774193548387,0.4596774193548387,0.4747225112729795,81,0.43548387096774194,147,0.47419354838709676,0.375,0.3,0.2554586476696087,"[[0, 3], [2, 3]]",0.2727272727272727,0.375,0.3409090909090909,2,0.4,3,1.0,-0.4285714285714286,0.6997044324859003,-0.4472135954999579,0.0,0.5,0.7592857142857143,0.25,0.375,0.3125,0.3,0.375,0.375,0.4666666666666667,0,0.0,3,0.6
0.47580645161290325,0.6658986175115207,"{""clf__C"": 32.32518791282502, ""clf__gamma"": 0.0005104518230902811, ""clf__class_weight"": ""balanced""}",0.3158622594727473,"[[179, 255], [5, 57]]",valence,0.4420504300572833,0.47580645161290325,0.5449786269317966,5,0.08064516129032258,,255,0.5875576036866359,0.1216216216216216,0.8701141797355645,0.22715759582215994,subject_dependent,rbf_svm,0.9728260869565217,0.18269230769230768,0.2421904207298325,0.5777591973244147,0.47580645161290325,0.874059364548495,0.6658986175115207,0.47580645161290325,0.47580645161290325,0.744388286011595,179,0.41244239631336405,57,0.9193548387096774,0.5,0.7142857142857143,0.28159337170683557,"[[3, 4], [0, 1]]",0.4666666666666667,0.5,0.5666666666666667,0,0.0,4,0.5714285714285714,0.1578947368421053,0.7626587177058942,0.29277002188455997,1.0,0.2,1.0,0.6,0.5,0.9,0.7142857142857143,0.5,0.5,1.0,3,0.42857142857142855,1,1.0
0.5564516129032258,0.5564516129032258,"{""clf__C"": 48.43827864278568, ""clf__gamma"": 0.00039459088111000007, ""clf__class_weight"": ""balanced""}",0.25877109015367256,"[[151, 97], [123, 125]]",valence,0.5552294774598516,0.5564516129032258,0.5552294774598515,123,0.4959677419354839,,97,0.3911290322580645,0.11290322580645162,0.7196169208789132,0.11352885628759365,subject_dependent,rbf_svm,0.551094890510949,0.5630630630630631,0.586333756678293,0.557078976787006,0.5564516129032258,0.557078976787006,0.5564516129032258,0.5564516129032258,0.5564516129032258,0.5789704734651405,151,0.6088709677419355,125,0.5040322580645161,0.625,0.625,0.2301898561758008,"[[3, 1], [2, 2]]",0.6190476190476191,0.625,0.6190476190476191,2,0.5,1,0.25,0.25,0.6527620293064849,0.2581988897471611,0.6,0.6666666666666666,0.7708333333333333,0.6333333333333333,0.625,0.6333333333333333,0.625,0.625,0.625,0.75,3,0.75,2,0.5
0.5463709677419355,0.5463709677419355,"{""clf__C"": 48.43827864278568, ""clf__gamma"": 0.00039459088111000007, ""clf__class_weight"": ""balanced""}",0.25764523798765276,"[[131, 117], [108, 140]]",valence,0.5462215626080063,0.5463709677419355,0.5462215626080063,108,0.43548387096774194,,117,0.4717741935483871,0.092741935483871,0.711927543703788,0.09280306585693777,subject_dependent,rbf_svm,0.5481171548117155,0.5447470817120622,0.5623797698425392,0.5464321182618889,0.5463709677419355,0.5464321182618889,0.5463709677419355,0.5463709677419355,0.5463709677419355,0.5691987513007284,131,0.5282258064516129,140,0.5645161290322581,0.625,0.625,0.23081970097332316,"[[3, 1], [2, 2]]",0.6190476190476191,0.625,0.6190476190476191,2,0.5,1,0.25,0.25,0.6543604813898537,0.2581988897471611,0.6,0.6666666666666666,0.6791666666666667,0.6333333333333333,0.625,0.6333333333333333,0.625,0.625,0.625,0.75,3,0.75,2,0.5
0.43951612903225806,0.43978494623655917,"{""clf__C"": 48.43827864278568, ""clf__gamma"": 0.00039459088111000007, ""clf__class_weight"": ""balanced""}",0.3483834397456162,"[[82, 104], [174, 136]]",valence,0.43279308926367754,0.43951612903225806,0.44823118058412176,174,0.5612903225806452,,104,0.5591397849462365,-0.1120000000000001,0.9523457175056821,-0.11666666666666667,subject_dependent,rbf_svm,0.3203125,0.5666666666666667,0.5522309702580948,0.4434895833333333,0.43951612903225806,0.47428385416666663,0.43978494623655917,0.43951612903225806,0.43951612903225806,0.41233957682969125,82,0.44086021505376344,136,0.43870967741935485,0.375,0.43333333333333335,0.3156892552076302,"[[2, 1], [4, 1]]",0.36507936507936506,0.375,0.34523809523809523,4,0.8,1,0.3333333333333333,-0.11111111111111116,0.8323593449297884,-0.14907119849998599,0.3333333333333333,0.5,0.5726190476190476,0.41666666666666663,0.375,0.4375,0.43333333333333335,0.375,0.375,0.2666666666666667,2,0.6666666666666666,1,0.2
0.7237903225806451,0.7943548387096774,"{""clf__C"": 32.32518791282502, ""clf__gamma"": 0.0005104518230902811, ""clf__class_weight"": ""balanced""}",0.22330452325276073,"[[243, 129], [8, 116]]",valence,0.7044112977245343,0.7237903225806451,0.742253802955365,8,0.06451612903225806,,129,0.3467741935483871,0.44421906693711966,0.6465334914180672,0.5098748429527142,subject_dependent,rbf_svm,0.9681274900398407,0.47346938775510206,0.8056799342664945,0.7207984388974713,0.7237903225806451,0.844462964468656,0.7943548387096774,0.7237903225806451,0.7237903225806451,0.9136533125216788,243,0.6532258064516129,116,0.9354838709677419,0.5,0.6666666666666666,0.18719265704026433,"[[2, 4], [0, 2]]",0.5,0.5,0.5,0,0.0,4,0.6666666666666666,0.19999999999999996,0.5433335505737372,0.3333333333333333,1.0,0.3333333333333333,1.0,0.6666666666666666,0.5,0.8333333333333334,0.6666666666666666,0.5,0.5,1.0,2,0.3333333333333333,2,1.0
0.7842741935483871,0.784274193548387,"{""clf__C"": 20.12196163610286, ""clf__gamma"": 0.0008612579192594886, ""clf__class_weight"": ""balanced""}",0.1538357337053406,"[[200, 48], [59, 189]]",valence,0.7841680392037251,0.7842741935483871,0.7841680392037251,59,0.23790322580645162,,48,0.1935483870967742,0.5685483870967742,0.46911564766159364,0.5691084809814113,subject_dependent,rbf_svm,0.7722007722007722,0.7974683544303798,0.8829156676728985,0.784834563315576,0.7842741935483871,0.784834563315576,0.784274193548387,0.7842741935483871,0.7842741935483871,0.8547086368366286,200,0.8064516129032258,189,0.7620967741935484,1.0,1.0,0.11004332249546182,"[[4, 0], [0, 4]]",1.0,1.0,1.0,0,0.0,0,0.0,1.0,0.39527189251613937,1.0,1.0,1.0,1.0,1.0,1.0,1.0,1.0,1.0,1.0,1.0,4,1.0,4,1.0
0.7076612903225806,0.7102150537634409,"{""clf__C"": 0.5284919490133119, ""clf__gamma"": 0.005047786565710607, ""clf__class_weight"": null}",0.1870054620686217,"[[134, 52], [93, 217]]",valence,0.6992393163465439,0.7076612903225806,0.711821542527611,93,0.3,,52,0.27956989247311825,0.4026776519052523,0.5756890499187126,0.4085470315044854,subject_dependent,rbf_svm,0.5903083700440529,0.8066914498141264,0.8337665828362121,0.6984999099290896,0.7076612903225806,0.7255477949003489,0.7102150537634409,0.7076612903225806,0.7076612903225806,0.77684703433923,134,0.7204301075268817,217,0.7,0.875,0.8333333333333333,0.1404463429227451,"[[2, 1], [0, 5]]",0.8545454545454545,0.875,0.8681818181818182,0,0.0,1,0.3333333333333333,0.7142857142857143,0.45385616433239956,0.7453559924999299,1.0,0.8333333333333334,0.81,0.9166666666666667,0.875,0.8958333333333334,0.8333333333333333,0.875,0.875,0.7333333333333334,2,0.6666666666666666,5,1.0
0.5282258064516129,0.5795698924731183,"{""clf__C"": 183.42628625395747, ""clf__gamma"": 0.0001005394019469303, ""clf__class_weight"": ""balanced""}",0.27609782046794096,"[[116, 194], [40, 146]]",valence,0.5264935785505638,0.5282258064516129,0.5193337032262275,40,0.21505376344086022,,194,0.6258064516129033,0.13653136531365317,0.783545999761927,0.16592595585242376,subject_dependent,rbf_svm,0.7435897435897436,0.4294117647058823,0.4803831183266015,0.586500754147813,0.5282258064516129,0.6257730015082956,0.5795698924731183,0.5282258064516129,0.5282258064516129,0.6489420742282345,116,0.3741935483870968,146,0.7849462365591398,0.625,0.7,0.23323193847715956,"[[2, 3], [0, 3]]",0.6190476190476191,0.625,0.6071428571428571,0,0.0,3,0.6,0.33333333333333337,0.6594899497062742,0.4472135954999579,1.0,0.5,0.6388888888888888,0.75,0.625,0.8125,0.7,0.625,0.625,0.8,2,0.4,3,1.0
0.6975806451612904,0.7204301075268817,"{""clf__C"": 13.411788774467905, ""clf__gamma"": 0.00026210878782654407, ""clf__class_weight"": ""balanced""}",0.1834012856163139,"[[251, 121], [29, 95]]",valence,0.6643810898592566,0.6975806451612904,0.7171598700830025,29,0.23387096774193547,,121,0.32526881720430106,0.35344827586206895,0.5454439079312501,0.38501471604299087,subject_dependent,rbf_svm,0.8964285714285715,0.4398148148148148,0.49924120399697697,0.6681216931216931,0.6975806451612904,0.7822751322751322,0.7204301075268817,0.6975806451612904,0.6975806451612904,0.7776187998612556,251,0.6747311827956989,95,0.7661290322580645,1.0,1.0,0.1433849608003263,"[[6, 0], [0, 2]]",1.0,1.0,1.0,0,0.0,0,0.0,1.0,0.4709410507331748,1.0,1.0,1.0,1.0,1.0,1.0,1.0,1.0,1.0,1.0,1.0,6,1.0,2,1.0
0.6471774193548387,0.48790322580645157,"{""clf__C"": 32.32518791282502, ""clf__gamma"": 0.0005104518230902811, ""clf__class_weight"": ""balanced""}",0.23198249587499523,"[[300, 72], [103, 21]]",valence,0.4838709677419355,0.6471774193548387,0.6290322580645161,103,0.8306451612903226,,72,0.1935483870967742,-0.02639296187683282,0.6972636168778233,-0.02684033207541431,subject_dependent,rbf_svm,0.7444168734491315,0.22580645161290322,0.27432943533136595,0.4851116625310174,0.6471774193548387,0.6147642679900746,0.48790322580645157,0.6471774193548387,0.6471774193548387,0.5776209677419355,300,0.8064516129032258,21,0.1693548387096774,0.75,0.5,0.18713174470765437,"[[6, 0], [2, 0]]",0.42857142857142855,0.75,0.6428571428571428,2,1.0,0,0.0,0.0,0.5539294201274293,0.0,0.75,0.0,0.45,0.375,0.75,0.5625,0.5,0.75,0.75,0.6666666666666667,6,1.0,0,0.0
0.33064516129032256,0.3193548387096774,"{""clf__C"": 0.11193276985754726, ""clf__gamma"": 0.0003949364447222334, ""clf__class_weight"": ""balanced""}",0.32909072219640917,"[[113, 197], [135, 51]]",valence,0.3200204813108039,0.33064516129032256,0.3412698412698413,135,0.7258064516129032,,197,0.635483870967742,-0.33870967741935476,0.8815596801841491,-0.34981785062518606,subject_dependent,rbf_svm,0.45564516129032256,0.2056451612903226,0.26584319846251697,0.33064516129032256,0.33064516129032256,0.36189516129032256,0.3193548387096774,0.33064516129032256,0.33064516129032256,0.2889351370100589,113,0.36451612903225805,51,0.27419354838709675,0.25,0.2,0.3227368307288727,"[[2, 3], [3, 0]]",0.2,0.25,0.25,3,1.0,3,0.6,-0.6000000000000001,0.858555191432331,-0.6,0.4,0.0,0.3416666666666666,0.2,0.25,0.25,0.2,0.25,0.25,0.26666666666666666,2,0.4,0,0.0
0.4415322580645161,0.4370967741935484,"{""clf__C"": 5.2117930643778205, ""clf__gamma"": 0.0036999724314638123, ""clf__class_weight"": null}",0.39880214871997055,"[[141, 169], [108, 78]]",valence,0.43237470408639644,0.4415322580645161,0.4503990960433304,108,0.5806451612903226,,169,0.5451612903225806,-0.11806256306760843,1.3098337226578127,-0.12181256327121545,subject_dependent,rbf_svm,0.5662650602409639,0.3157894736842105,0.42422554105668003,0.4410272669625872,0.4415322580645161,0.4723367152821814,0.4370967741935484,0.4415322580645161,0.4415322580645161,0.3966527922303157,141,0.45483870967741935,78,0.41935483870967744,0.375,0.3666666666666667,0.34506992479770815,"[[2, 3], [2, 1]]",0.36507936507936506,0.375,0.38492063492063494,2,0.6666666666666666,3,0.6,-0.25,0.9811242019360884,-0.2581988897471611,0.5,0.25,0.5694444444444444,0.375,0.375,0.40625,0.3666666666666667,0.375,0.375,0.39999999999999997,2,0.4,1,0.3333333333333333
0.5866935483870968,0.6069892473118279,"{""clf__C"": 0.40069130793659025, ""clf__gamma"": 0.0014899847475658245, ""clf__class_weight"": ""balanced""}",0.21250279042495307,"[[163, 147], [58, 128]]",valence,0.5846252517453665,0.5866935483870968,0.5919529312760682,58,0.3118279569892473,,147,0.47419354838709676,0.19528949950932284,0.6072597847351572,0.20842267383713972,subject_dependent,rbf_svm,0.7375565610859729,0.46545454545454545,0.7038545011281432,0.6015055532702591,0.5866935483870968,0.6355183052241876,0.6069892473118279,0.5866935483870968,0.5866935483870968,0.7374956642386403,163,0.5258064516129032,128,0.6881720430107527,0.625,0.6333333333333333,0.20061722837011925,"[[3, 2], [1, 2]]",0.6190476190476191,0.625,0.6309523809523809,1,0.3333333333333333,2,0.4,0.25,0.584085354438908,0.2581988897471611,0.75,0.5,0.8333333333333333,0.625,0.625,0.65625,0.6333333333333333,0.625,0.625,0.8,3,0.6,2,0.6666666666666666
0.4032258064516129,0.4032258064516129,"{""clf__C"": 0.21466070134458173, ""clf__gamma"": 0.0012955517240662183, ""clf__class_weight"": ""balanced""}",0.29202589207882396,"[[89, 159], [137, 111]]",valence,0.40204942736588306,0.4032258064516129,0.40204942736588306,137,0.5524193548387096,,159,0.6411290322580645,-0.19354838709677424,0.7823610637922856,-0.19431446702290409,subject_dependent,rbf_svm,0.3938053097345133,0.4111111111111111,0.40349686216236313,0.40245821042281216,0.4032258064516129,0.4024582104228122,0.4032258064516129,0.4032258064516129,0.4032258064516129,0.3697645681581685,89,0.3588709677419355,111,0.4475806451612903,0.375,0.375,0.2852587292747645,"[[1, 3], [2, 2]]",0.36507936507936506,0.375,0.36507936507936506,2,0.5,3,0.75,-0.25,0.7660496259366999,-0.2581988897471611,0.3333333333333333,0.4,0.47619047619047616,0.3666666666666667,0.375,0.3666666666666667,0.375,0.375,0.375,0.375,1,0.25,2,0.5
0.5080645161290323,0.5172043010752688,"{""clf__C"": 183.42628625395747, ""clf__gamma"": 0.0001005394019469303, ""clf__class_weight"": ""balanced""}",0.2581089803884367,"[[103, 83], [161, 149]]",valence,0.5037966379663796,0.5080645161290323,0.5153013530135301,161,0.5193548387096775,,83,0.44623655913978494,0.031746031746031744,0.710655737732681,0.03338553905574229,subject_dependent,rbf_svm,0.39015151515151514,0.6422413793103449,0.6554839207045502,0.51619644723093,0.5080645161290323,0.5477076802507838,0.5172043010752688,0.5080645161290323,0.5080645161290323,0.5273846687478321,103,0.553763440860215,149,0.4806451612903226,0.5,0.5333333333333333,0.24799866618824798,"[[2, 1], [3, 2]]",0.5,0.5,0.5,3,0.6,1,0.3333333333333333,0.05882352941176472,0.6891221359169997,0.06666666666666667,0.4,0.6666666666666666,0.8261904761904763,0.5333333333333333,0.5,0.5666666666666667,0.5333333333333333,0.5,0.5,0.6666666666666667,2,0.6666666666666666,2,0.4
0.4596774193548387,0.3682795698924731,"{""clf__C"": 0.4342298948286134, ""clf__gamma"": 0.0008179499475211679, ""clf__class_weight"": ""balanced""}",0.3006421299887172,"[[23, 101], [167, 205]]",valence,0.3756082896492118,0.4596774193548387,0.4901640268305056,167,0.4489247311827957,,101,0.8145161290322581,-0.22374429223744285,0.8018698740816012,-0.2346539853345574,subject_dependent,rbf_svm,0.12105263157894737,0.6699346405228758,0.6558209901450751,0.3954936360509116,0.4596774193548387,0.5327141382868937,0.3682795698924731,0.4596774193548387,0.45967741935483863,0.31272762747138394,23,0.18548387096774194,205,0.5510752688172043,0.375,0.25,0.2896690979294303,"[[0, 2], [3, 3]]",0.2727272727272727,0.375,0.40909090909090906,3,0.5,2,1.0,-0.4285714285714286,0.7736791866804069,-0.4472135954999579,0.0,0.6,0.594047619047619,0.3,0.375,0.44999999999999996,0.25,0.375,0.375,0.0,0,0.0,3,0.5
0.7096774193548387,0.6720430107526882,"{""clf__C"": 160.49758307716223, ""clf__gamma"": 0.00018427970406864567, ""clf__class_weight"": null}",0.19639253802543366,"[[74, 50], [94, 278]]",valence,0.6505675146771037,0.7096774193548387,0.722426614481409,94,0.25268817204301075,,50,0.4032258064516129,0.3076923076923077,0.5794955448260444,0.31481671258717614,subject_dependent,rbf_svm,0.44047619047619047,0.8475609756097561,0.9027308909727296,0.6440185830429732,0.7096774193548387,0.7457897793263648,0.6720430107526882,0.7096774193548387,0.7096774193548387,0.7388245750953867,74,0.5967741935483871,278,0.7473118279569892,0.875,0.9166666666666667,0.15079483752383682,"[[2, 0], [1, 5]]",0.8545454545454545,0.875,0.8818181818181818,1,0.16666666666666666,0,0.0,0.7142857142857143,0.474269275721854,0.7453559924999299,0.6666666666666666,1.0,0.9761904761904762,0.8333333333333333,0.875,0.9166666666666666,0.9166666666666667,0.875,0.875,0.9166666666666667,2,1.0,5,0.8333333333333334
0.5120967741935484,0.5193548387096774,"{""clf__C"": 0.21466070134458173, ""clf__gamma"": 0.0012955517240662183, ""clf__class_weight"": ""balanced""}",0.32811821973105065,"[[152, 158], [84, 102]]",valence,0.5070878299577851,0.5120967741935484,0.5195100116624781,84,0.45161290322580644,,158,0.5096774193548387,0.03585657370517925,0.9680140450691987,0.03752443793025749,subject_dependent,rbf_svm,0.6440677966101694,0.3923076923076923,0.3496697846908038,0.5181877444589309,0.5120967741935484,0.5496577574967405,0.5193548387096774,0.5120967741935484,0.5120967741935484,0.5133714880332987,152,0.49032258064516127,102,0.5483870967741935,0.625,0.7,0.3035219642348729,"[[2, 3], [0, 3]]",0.6190476190476191,0.625,0.6071428571428571,0,0.0,3,0.6,0.33333333333333337,0.8852790836108346,0.4472135954999579,1.0,0.5,0.41111111111111115,0.75,0.625,0.8125,0.7,0.625,0.625,0.4666666666666667,2,0.4,3,1.0
0.5887096774193549,0.5365591397849462,"{""clf__C"": 0.6351054340728711, ""clf__gamma"": 0.0005285382203816729, ""clf__class_weight"": ""balanced""}",0.2514835181877167,"[[61, 125], [79, 231]]",valence,0.5339634112640248,0.5887096774193549,0.573895981871442,79,0.25483870967741934,,125,0.6720430107526881,0.07692307692307687,0.7163383697928917,0.07864557035006825,subject_dependent,rbf_svm,0.4357142857142857,0.648876404494382,0.7158248635741511,0.5422953451043339,0.5887096774193549,0.5689406099518459,0.5365591397849462,0.5887096774193549,0.5887096774193549,0.5990287894554284,61,0.3279569892473118,231,0.7451612903225806,0.75,0.6666666666666666,0.22023892925333066,"[[1, 2], [0, 5]]",0.6666666666666667,0.75,0.7083333333333334,0,0.0,2,0.6666666666666666,0.3846153846153846,0.6234920488215342,0.4879500364742666,1.0,0.7142857142857143,0.7961904761904761,0.8571428571428572,0.75,0.8214285714285714,0.6666666666666666,0.75,0.75,0.6000000000000001,1,0.3333333333333333,5,1.0
0.6028225806451613,0.6028225806451613,"{""clf__C"": 48.43827864278568, ""clf__gamma"": 0.00039459088111000007, ""clf__class_weight"": ""balanced""}",0.22993468627789768,"[[154, 94], [103, 145]]",valence,0.6026917681501209,0.6028225806451613,0.6026917681501209,103,0.4153225806451613,,94,0.3790322580645161,0.20564516129032262,0.650925555826776,0.20578071124799246,subject_dependent,rbf_svm,0.5992217898832685,0.606694560669456,0.6917192141753297,0.6029581752763622,0.6028225806451613,0.6029581752763622,0.6028225806451613,0.6028225806451613,0.6028225806451613,0.6778908688865765,154,0.6209677419354839,145,0.5846774193548387,0.875,0.875,0.18552296998426812,"[[4, 0], [1, 3]]",0.873015873015873,0.875,0.873015873015873,1,0.25,0,0.0,0.75,0.562404949163632,0.7745966692414834,0.8,1.0,1.0,0.9,0.875,0.9,0.875,0.875,0.875,1.0,4,1.0,3,0.75
0.5120967741935484,0.489247311827957,"{""clf__C"": 0.11193276985754726, ""clf__gamma"": 0.0003949364447222334, ""clf__class_weight"": ""balanced""}",0.2683027153385893,"[[180, 130], [112, 74]]",valence,0.48874691200272596,0.5120967741935484,0.5160618451316126,112,0.6021505376344086,,130,0.41935483870967744,-0.021097046413502074,0.7327555065367906,-0.021158158037397772,subject_dependent,rbf_svm,0.6164383561643836,0.3627450980392157,0.3497387976185027,0.48959172710179966,0.5120967741935484,0.5213033843674456,0.489247311827957,0.5120967741935484,0.5120967741935484,0.5008931668400971,180,0.5806451612903226,74,0.3978494623655914,0.5,0.4666666666666667,0.26326081479763264,"[[3, 2], [2, 1]]",0.4666666666666667,0.5,0.5,2,0.6666666666666666,2,0.4,-0.06666666666666665,0.7212609274827276,-0.06666666666666667,0.6,0.3333333333333333,0.4444444444444445,0.4666666666666667,0.5,0.5,0.4666666666666667,0.5,0.5,0.5333333333333333,3,0.6,1,0.3333333333333333
0.4375,0.482258064516129,"{""clf__C"": 183.42628625395747, ""clf__gamma"": 0.0001005394019469303, ""clf__class_weight"": ""balanced""}",0.37224559552595277,"[[123, 63], [216, 94]]",valence,0.4355705108595901,0.4375,0.4273202814316305,216,0.6967741935483871,,63,0.3387096774193548,-0.030470914127423754,1.0773627257510052,-0.03693334433533396,subject_dependent,rbf_svm,0.36283185840707965,0.5987261146496815,0.643306945797944,0.4807789865283806,0.4375,0.5102657685587058,0.482258064516129,0.4375,0.4375,0.504630593132154,123,0.6612903225806451,94,0.3032258064516129,0.5,0.6,0.33163408822023055,"[[3, 0], [4, 1]]",0.4666666666666667,0.5,0.4333333333333333,4,0.8,0,0.0,0.1578947368421053,0.87855531983324,0.29277002188455997,0.42857142857142855,1.0,0.7295238095238095,0.7142857142857143,0.5,0.7857142857142857,0.6,0.5,0.5,0.5333333333333334,3,1.0,1,0.2
0.5161290322580645,0.49032258064516127,"{""clf__C"": 34.26465148409954, ""clf__gamma"": 0.020597335357437203, ""clf__class_weight"": null}",0.28775378236674287,"[[184, 126], [114, 72]]",valence,0.4901315789473684,0.5161290322580645,0.5189144736842105,114,0.6129032258064516,,126,0.4064516129032258,-0.019108280254777066,0.7968553849226565,-0.01913313555442469,subject_dependent,rbf_svm,0.6174496644295302,0.36363636363636365,0.38499579240051185,0.4905430140329469,0.5161290322580645,0.5222696766320928,0.49032258064516127,0.5161290322580645,0.5161290322580645,0.4937825182101977,184,0.5935483870967742,72,0.3870967741935484,0.625,0.5,0.2411418142200113,"[[5, 0], [3, 0]]",0.38461538461538464,0.625,0.4807692307692308,3,1.0,0,0.0,0.0,0.675645323219751,0.0,0.625,0.0,0.5535714285714286,0.3125,0.625,0.390625,0.5,0.625,0.625,0.3333333333333333,5,1.0,0,0.0
0.5766129032258065,0.5731182795698924,"{""clf__C"": 20.12196163610286, ""clf__gamma"": 0.0008612579192594886, ""clf__class_weight"": ""balanced""}",0.23585931452903983,"[[182, 128], [82, 104]]",valence,0.5658769984829035,0.5766129032258065,0.5829443342280313,82,0.44086021505376344,,128,0.4129032258064516,0.139344262295082,0.664882846530201,0.14188854098690473,subject_dependent,rbf_svm,0.6893939393939394,0.4482758620689655,0.43966256453079544,0.5688349007314525,0.5766129032258065,0.5989746603970743,0.5731182795698924,0.5766129032258065,0.5766129032258064,0.5802202566770724,182,0.5870967741935483,104,0.5591397849462365,0.625,0.5,0.22553805203674382,"[[5, 0], [3, 0]]",0.38461538461538464,0.625,0.4807692307692308,3,1.0,0,0.0,0.0,0.6436069326827267,0.0,0.625,0.0,1.0,0.3125,0.625,0.390625,0.5,0.625,0.625,1.0,5,1.0,0,0.0
0.5403225806451613,0.521505376344086,"{""clf__C"": 183.42628625395747, ""clf__gamma"": 0.0001005394019469303, ""clf__class_weight"": ""balanced""}",0.24526057476066776,"[[208, 164], [64, 60]]",valence,0.4953951595630756,0.5403225806451613,0.5706789462411652,64,0.5161290322580645,,164,0.44086021505376344,0.03389830508474578,0.6843792533878279,0.03742405942825599,subject_dependent,rbf_svm,0.7647058823529411,0.26785714285714285,0.2444845247253254,0.516281512605042,0.5403225806451613,0.6404936974789915,0.521505376344086,0.5403225806451613,0.5403225806451613,0.5029699965313909,208,0.5591397849462365,60,0.4838709677419355,0.75,0.5,0.23528388178180515,"[[6, 0], [2, 0]]",0.42857142857142855,0.75,0.6428571428571428,2,1.0,0,0.0,0.0,0.6636922161798816,0.0,0.75,0.0,0.625,0.375,0.75,0.5625,0.5,0.75,0.75,0.5,6,1.0,0,0.0
0.4717741935483871,0.4806451612903226,"{""clf__C"": 0.40069130793659025, ""clf__gamma"": 0.0014899847475658245, ""clf__class_weight"": ""balanced""}",0.2714756259794743,"[[96, 90], [172, 138]]",valence,0.46795932070157054,0.4717741935483871,0.4792222786302671,172,0.5548387096774193,,90,0.4838709677419355,-0.035573122529644285,0.7366588774529601,-0.03760296155875229,subject_dependent,rbf_svm,0.3582089552238806,0.6052631578947368,0.6296006883213822,0.48173605655930873,0.4717741935483871,0.5126178318931657,0.4806451612903226,0.4717741935483871,0.4717741935483871,0.4923517169614985,96,0.5161290322580645,138,0.44516129032258067,0.375,0.5,0.27020026237895445,"[[3, 0], [5, 0]]",0.2727272727272727,0.375,0.20454545454545453,5,1.0,0,0.0,0.0,0.7337961946739661,0.0,0.375,0.0,0.6683333333333333,0.1875,0.375,0.140625,0.5,0.375,0.375,0.5333333333333334,3,1.0,0,0.0
0.4838709677419355,0.48172043010752685,"{""clf__C"": 0.6351054340728711, ""clf__gamma"": 0.0005285382203816729, ""clf__class_weight"": ""balanced""}",0.2696244488763739,"[[88, 98], [158, 152]]",valence,0.4751322751322751,0.4838709677419355,0.49206349206349204,158,0.5096774193548387,,98,0.5268817204301075,-0.03434343434343434,0.7326877874047065,-0.03539938602808404,subject_dependent,rbf_svm,0.35772357723577236,0.608,0.6225153288586512,0.4828617886178862,0.4838709677419355,0.5141463414634146,0.48172043010752685,0.4838709677419355,0.4838709677419355,0.4977627471383975,88,0.4731182795698925,152,0.49032258064516127,0.375,0.5,0.2692827639687524,"[[3, 0], [5, 0]]",0.2727272727272727,0.375,0.20454545454545453,5,1.0,0,0.0,0.0,0.7319319551084377,0.0,0.375,0.0,0.6961904761904761,0.1875,0.375,0.140625,0.5,0.375,0.375,0.4666666666666667,3,1.0,0,0.0
0.49193548387096775,0.49193548387096775,"{""clf__C"": 13.411788774467905, ""clf__gamma"": 0.00026210878782654407, ""clf__class_weight"": ""balanced""}",0.27068687522145024,"[[113, 135], [117, 131]]",valence,0.49126548686973937,0.49193548387096775,0.49126548686973937,117,0.4717741935483871,,135,0.5443548387096774,-0.016129032258064502,0.737337904841348,-0.016171684317087077,subject_dependent,rbf_svm,0.49130434782608695,0.4924812030075188,0.45961597134501053,0.4918927754168029,0.49193548387096775,0.4918927754168029,0.49193548387096775,0.49193548387096775,0.49193548387096775,0.4556207726326743,113,0.45564516129032256,131,0.5282258064516129,0.5,0.5,0.2601369474936601,"[[2, 2], [2, 2]]",0.5,0.5,0.5,2,0.5,2,0.5,0.0,0.7135226749737436,0.0,0.5,0.5,0.48214285714285715,0.5,0.5,0.5,0.5,0.5,0.5,0.3125,2,0.5,2,0.5
0.5423387096774194,0.5423387096774193,"{""clf__C"": 32.32518791282502, ""clf__gamma"": 0.0005104518230902811, ""clf__class_weight"": ""balanced""}",0.2955290841073832,"[[133, 115], [112, 136]]",valence,0.5423219664481091,0.5423387096774194,0.5423219664481093,112,0.45161290322580644,,115,0.4637096774193548,0.08467741935483875,0.847389266499603,0.0846836155406455,subject_dependent,rbf_svm,0.5428571428571428,0.5418326693227091,0.5680806844542465,0.5423449060899259,0.5423387096774194,0.542344906089926,0.5423387096774193,0.5423387096774194,0.5423387096774194,0.5680199661810614,133,0.5362903225806451,136,0.5483870967741935,0.75,0.75,0.23366470348365925,"[[3, 1], [1, 3]]",0.75,0.75,0.75,1,0.25,1,0.25,0.5,0.6617593739231322,0.5,0.75,0.75,0.6220238095238095,0.75,0.75,0.75,0.75,0.75,0.75,0.625,3,0.75,3,0.75
0.5403225806451613,0.5403225806451613,"{""clf__C"": 0.40069130793659025, ""clf__gamma"": 0.0014899847475658245, ""clf__class_weight"": ""balanced""}",0.3011909572109858,"[[121, 127], [101, 147]]",valence,0.5390560039129371,0.5403225806451613,0.5390560039129372,101,0.40725806451612906,,127,0.5120967741935484,0.08064516129032262,0.838509817646924,0.08109204020542403,subject_dependent,rbf_svm,0.545045045045045,0.5364963503649635,0.5747853240233276,0.5407706977050042,0.5403225806451613,0.5407706977050043,0.5403225806451613,0.5403225806451613,0.5403225806451613,0.5411192767950052,121,0.4879032258064516,147,0.592741935483871,0.5,0.5,0.2659369693232306,"[[1, 3], [1, 3]]",0.4666666666666667,0.5,0.4666666666666667,1,0.25,3,0.75,0.0,0.7258528809377404,0.0,0.5,0.5,0.775,0.5,0.5,0.5,0.5,0.5,0.5,0.625,1,0.25,3,0.75
0.5584677419354839,0.5876344086021505,"{""clf__C"": 0.34866781670451225, ""clf__gamma"": 0.00014936568554617635, ""clf__class_weight"": ""balanced""}",0.2374675165034388,"[[131, 55], [164, 146]]",valence,0.558063558063558,0.5584677419354839,0.5614048114048115,164,0.5290322580645161,,55,0.2956989247311828,0.15688161693936475,0.6677834713207086,0.17283549515255978,subject_dependent,rbf_svm,0.4440677966101695,0.7263681592039801,0.730412960339388,0.5852179779070747,0.5584677419354839,0.6205055232313011,0.5876344086021505,0.5584677419354839,0.5584677419354839,0.6120274020117933,131,0.7043010752688172,146,0.47096774193548385,0.625,0.5666666666666667,0.23572863958837093,"[[1, 2], [1, 4]]",0.5636363636363637,0.625,0.6045454545454546,1,0.2,2,0.6666666666666666,0.1428571428571429,0.6644523340286956,0.14907119849998599,0.5,0.6666666666666666,0.852857142857143,0.5833333333333333,0.625,0.6041666666666666,0.5666666666666667,0.625,0.625,0.7333333333333334,1,0.3333333333333333,4,0.8
0.6008064516129032,0.6008064516129032,"{""clf__C"": 0.4342298948286134, ""clf__gamma"": 0.0008179499475211679, ""clf__class_weight"": ""balanced""}",0.23834775724011104,"[[106, 142], [56, 192]]",valence,0.5884334925823484,0.6008064516129032,0.5884334925823486,56,0.22580645161290322,,142,0.5725806451612904,0.2016129032258065,0.6695276547354224,0.21495089792614913,subject_dependent,rbf_svm,0.654320987654321,0.5748502994011976,0.6087162635263836,0.6145856435277592,0.6008064516129032,0.6145856435277594,0.6008064516129032,0.6008064516129032,0.6008064516129032,0.6313166623309053,106,0.4274193548387097,192,0.7741935483870968,0.625,0.625,0.22308099062133552,"[[3, 1], [2, 2]]",0.6190476190476191,0.625,0.6190476190476191,2,0.5,1,0.25,0.25,0.6368225415829045,0.2581988897471611,0.6,0.6666666666666666,0.7333333333333333,0.6333333333333333,0.625,0.6333333333333333,0.625,0.625,0.625,0.6875,3,0.75,2,0.5
0.5584677419354839,0.6263440860215054,"{""clf__C"": 243.14537412227003, ""clf__gamma"": 0.0004992453416923984, ""clf__class_weight"": ""balanced""}",0.3170381054635524,"[[110, 200], [19, 167]]",valence,0.5525586261724205,0.5584677419354839,0.5397037076703176,19,0.10215053763440861,,200,0.6451612903225806,0.2115211521152115,0.9283951671514856,0.27886521545586146,subject_dependent,rbf_svm,0.8527131782945736,0.4550408719346049,0.41731522383676045,0.6538770251145892,0.5584677419354839,0.7035860634095853,0.6263440860215054,0.5584677419354839,0.5584677419354839,0.6047346514047865,110,0.3548387096774194,167,0.8978494623655914,0.625,0.7,0.28105162637178926,"[[2, 3], [0, 3]]",0.6190476190476191,0.625,0.6071428571428571,0,0.0,3,0.6,0.33333333333333337,0.7737801297975904,0.4472135954999579,1.0,0.5,0.5,0.75,0.625,0.8125,0.7,0.625,0.625,0.6,2,0.4,3,1.0
0.3911290322580645,0.4483870967741935,"{""clf__C"": 12.957079329680445, ""clf__gamma"": 0.00032476735706274504, ""clf__class_weight"": null}",0.37681723782440374,"[[68, 242], [60, 126]]",valence,0.38268796465720456,0.3911290322580645,0.36464154426915907,60,0.3225806451612903,,242,0.7806451612903226,-0.08633093525179847,1.0308547722488874,-0.11420804814403214,subject_dependent,rbf_svm,0.53125,0.3423913043478261,0.3889782215405056,0.4368206521739131,0.3911290322580645,0.4604279891304348,0.4483870967741935,0.3911290322580645,0.3911290322580645,0.45532431494970516,68,0.21935483870967742,126,0.6774193548387096,0.25,0.3333333333333333,0.3429503912280869,"[[0, 5], [1, 2]]",0.2,0.25,0.15000000000000002,1,0.3333333333333333,5,1.0,-0.26315789473684204,0.8858862451372949,-0.4879500364742666,0.0,0.2857142857142857,0.7916666666666666,0.14285714285714285,0.25,0.10714285714285714,0.3333333333333333,0.25,0.25,0.6666666666666666,0,0.0,2,0.6666666666666666
0.6431451612903226,0.646774193548387,"{""clf__C"": 0.4342298948286134, ""clf__gamma"": 0.0008179499475211679, ""clf__class_weight"": ""balanced""}",0.21674109777866468,"[[196, 114], [63, 123]]",valence,0.6352441137244638,0.6431451612903226,0.6486650712335938,63,0.3387096774193548,,114,0.36774193548387096,0.27828746177370034,0.6237198890482316,0.28450700408709645,subject_dependent,rbf_svm,0.7567567567567568,0.5189873417721519,0.6020358381551846,0.6378720492644543,0.6431451612903226,0.66759322613753,0.646774193548387,0.6431451612903226,0.6431451612903226,0.712088102670829,196,0.632258064516129,123,0.6612903225806451,1.0,1.0,0.20156764032343072,"[[5, 0], [0, 3]]",1.0,1.0,1.0,0,0.0,0,0.0,1.0,0.5953117507928113,1.0,1.0,1.0,1.0,1.0,1.0,1.0,1.0,1.0,1.0,1.0,5,1.0,3,1.0
0.5241935483870968,0.6589861751152074,"{""clf__C"": 0.21466070134458173, ""clf__gamma"": 0.0012955517240662183, ""clf__class_weight"": ""balanced""}",0.2328185955651511,"[[208, 226], [10, 52]]",valence,0.4719595813785637,0.5241935483870968,0.5965175027066041,10,0.16129032258064516,,226,0.5207373271889401,0.12754158964879847,0.6568023871820131,0.21187485661091063,subject_dependent,rbf_svm,0.9541284403669725,0.18705035971223022,0.21284604795320897,0.5705894000396013,0.5241935483870968,0.8582436802851298,0.6589861751152074,0.5241935483870968,0.5241935483870968,0.683792924037461,208,0.4792626728110599,52,0.8387096774193549,0.875,0.9285714285714286,0.22081872300134608,"[[6, 1], [0, 1]]",0.7948717948717949,0.875,0.8910256410256411,0,0.0,1,0.14285714285714285,0.6,0.6338424011277219,0.6546536707079772,1.0,0.5,1.0,0.75,0.875,0.9375,0.9285714285714286,0.875,0.875,1.0,6,0.8571428571428571,1,1.0
0.5887096774193549,0.6118279569892473,"{""clf__C"": 0.6351054340728711, ""clf__gamma"": 0.0005285382203816729, ""clf__class_weight"": ""balanced""}",0.23985459366498715,"[[161, 149], [55, 131]]",valence,0.5871995300184403,0.5887096774193549,0.5934414726088872,55,0.2956989247311828,,149,0.4806451612903226,0.203125,0.6724074939634623,0.2183794732942202,subject_dependent,rbf_svm,0.7453703703703703,0.46785714285714286,0.5095700241101132,0.6066137566137566,0.5887096774193549,0.6413029100529101,0.6118279569892473,0.5887096774193549,0.5887096774193549,0.6538328130419702,161,0.5193548387096775,131,0.7043010752688172,0.625,0.7,0.22101230894422258,"[[2, 3], [0, 3]]",0.6190476190476191,0.625,0.6071428571428571,0,0.0,3,0.6,0.33333333333333337,0.6346796925588483,0.4472135954999579,1.0,0.5,0.8055555555555556,0.75,0.625,0.8125,0.7,0.625,0.625,0.8666666666666667,2,0.4,3,1.0
0.5201612903225806,0.5483870967741935,"{""clf__C"": 183.42628625395747, ""clf__gamma"": 0.0001005394019469303, ""clf__class_weight"": ""balanced""}",0.3015019375283281,"[[75, 49], [189, 183]]",valence,0.4962791015224961,0.5201612903225806,0.5511196832115791,189,0.5080645161290323,,49,0.3951612903225806,0.0703125,0.8825856015654624,0.08398387664337814,subject_dependent,rbf_svm,0.2840909090909091,0.7887931034482759,0.7743151840308161,0.5364420062695925,0.5201612903225806,0.6626175548589343,0.5483870967741935,0.5201612903225806,0.5201612903225806,0.5646245230662504,75,0.6048387096774194,183,0.49193548387096775,0.5,0.5,0.2625251702325401,"[[1, 1], [3, 3]]",0.4666666666666667,0.5,0.5333333333333333,3,0.5,1,0.5,0.0,0.7232649805347451,0.0,0.25,0.75,0.8357142857142856,0.5,0.5,0.625,0.5,0.5,0.5,0.5,1,0.5,3,0.5
0.4112903225806452,0.41720430107526885,"{""clf__C"": 183.42628625395747, ""clf__gamma"": 0.0001005394019469303, ""clf__class_weight"": ""balanced""}",0.37757712197206683,"[[82, 104], [188, 122]]",valence,0.40743650170201623,0.4112903225806452,0.4193833464257659,188,0.6064516129032258,,104,0.5591397849462365,-0.15187376725838275,1.0527631241448865,-0.16096779303452666,subject_dependent,rbf_svm,0.3037037037037037,0.5398230088495575,0.5926564026659229,0.4217633562766306,0.4112903225806452,0.4512782694198623,0.41720430107526885,0.4112903225806452,0.4112903225806452,0.3635275754422477,82,0.44086021505376344,122,0.3935483870967742,0.25,0.2,0.3392319633088967,"[[0, 3], [3, 2]]",0.2,0.25,0.25,3,0.6,3,1.0,-0.6000000000000001,0.8785591698999498,-0.6,0.0,0.4,0.6392857142857143,0.2,0.25,0.25,0.2,0.25,0.25,0.2666666666666667,0,0.0,2,0.4
0.5483870967741935,0.4381720430107527,"{""clf__C"": 100.2571297605856, ""clf__gamma"": 0.0074112997810832455, ""clf__class_weight"": ""balanced""}",0.36162118988887015,"[[27, 97], [127, 245]]",valence,0.4402595570602342,0.5483870967741935,0.5632670334320778,127,0.34139784946236557,,97,0.782258064516129,-0.11442786069651745,1.5471795188735653,-0.11572409439544114,subject_dependent,rbf_svm,0.17532467532467533,0.716374269005848,0.7097926867446357,0.44584947216526166,0.5483870967741935,0.5811118705855548,0.4381720430107527,0.5483870967741935,0.5483870967741935,0.4261619840443982,27,0.21774193548387097,245,0.6586021505376344,0.5,0.3333333333333333,0.2761084525422715,"[[0, 2], [2, 4]]",0.3333333333333333,0.5,0.5,2,0.3333333333333333,2,1.0,-0.33333333333333326,0.7698559968404532,-0.3333333333333333,0.0,0.6666666666666666,0.7801587301587302,0.3333333333333333,0.5,0.5,0.3333333333333333,0.5,0.5,0.41666666666666663,0,0.0,4,0.6666666666666666
0.5020161290322581,0.5255376344086022,"{""clf__C"": 160.49758307716223, ""clf__gamma"": 0.00018427970406864567, ""clf__class_weight"": null}",0.2889574415699102,"[[71, 53], [194, 178]]",valence,0.4777099933068164,0.5020161290322581,0.534045709754569,194,0.521505376344086,,53,0.4274193548387097,0.03703703703703709,0.7963223552177834,0.044336769566133895,subject_dependent,rbf_svm,0.2679245283018868,0.7705627705627706,0.7881738315495341,0.5192436494323287,0.5020161290322581,0.6449032099975497,0.5255376344086022,0.5020161290322581,0.5020161290322581,0.5398890045091918,71,0.5725806451612904,178,0.478494623655914,0.5,0.5,0.24768972370952191,"[[1, 1], [3, 3]]",0.4666666666666667,0.5,0.5333333333333333,3,0.5,1,0.5,0.0,0.6889756198362844,0.0,0.25,0.75,0.8773809523809524,0.5,0.5,0.625,0.5,0.5,0.5,0.5833333333333333,1,0.5,3,0.5
0.5665322580645161,0.5665322580645161,"{""clf__C"": 0.40069130793659025, ""clf__gamma"": 0.0014899847475658245, ""clf__class_weight"": ""balanced""}",0.2721128804395214,"[[156, 92], [123, 125]]",valence,0.5648323845667299,0.5665322580645161,0.5648323845667299,123,0.4959677419354839,,92,0.3709677419354839,0.13306451612903225,0.7556005135248146,0.1341164259065,subject_dependent,rbf_svm,0.5591397849462365,0.576036866359447,0.5349995880774258,0.5675883256528418,0.5665322580645161,0.5675883256528418,0.5665322580645161,0.5665322580645161,0.5665322580645161,0.5640283558792923,156,0.6290322580645161,125,0.5040322580645161,0.375,0.375,0.2523023149424421,"[[0, 4], [1, 3]]",0.2727272727272727,0.375,0.2727272727272727,1,0.25,4,1.0,-0.25,0.6973653303593621,-0.3779644730092272,0.0,0.42857142857142855,0.7291666666666666,0.21428571428571427,0.375,0.21428571428571427,0.375,0.375,0.375,0.625,0,0.0,3,0.75
0.46774193548387094,0.43333333333333335,"{""clf__C"": 160.49758307716223, ""clf__gamma"": 0.00018427970406864567, ""clf__class_weight"": null}",0.3302127565438902,"[[55, 131], [133, 177]]",valence,0.43346659051970304,0.46774193548387094,0.4683038263849229,133,0.4290322580645161,,131,0.7043010752688172,-0.1330472103004292,0.9182007209037829,-0.13305211201395922,subject_dependent,rbf_svm,0.2925531914893617,0.5746753246753247,0.5666847029716193,0.4336142580823432,0.46774193548387094,0.4688795247305886,0.43333333333333335,0.46774193548387094,0.46774193548387094,0.401647589316684,55,0.2956989247311828,177,0.5709677419354838,0.375,0.3,0.2856882035589051,"[[0, 3], [2, 3]]",0.2727272727272727,0.375,0.3409090909090909,2,0.4,3,1.0,-0.4285714285714286,0.7723230840431436,-0.4472135954999579,0.0,0.5,0.6226190476190476,0.25,0.375,0.3125,0.3,0.375,0.375,0.4,0,0.0,3,0.6
0.5403225806451613,0.47580645161290325,"{""clf__C"": 1.351144633701368, ""clf__gamma"": 0.015446089075047083, ""clf__class_weight"": ""balanced""}",0.30395739825506896,"[[225, 147], [81, 43]]",valence,0.46880108223888173,0.5403225806451613,0.566258948199087,81,0.6532258064516129,,147,0.3951612903225806,-0.041095890410958846,0.8751735027598053,-0.04309971159206156,subject_dependent,rbf_svm,0.7352941176470589,0.22631578947368422,0.22480558785548693,0.48080495356037156,0.5403225806451613,0.6080495356037152,0.47580645161290325,0.5403225806451613,0.5403225806451613,0.45445282691640654,225,0.6048387096774194,43,0.3467741935483871,0.5,0.3333333333333333,0.2436628768373037,"[[4, 2], [2, 0]]",0.3333333333333333,0.5,0.5,2,1.0,2,0.3333333333333333,-0.33333333333333326,0.6808320310952289,-0.3333333333333333,0.6666666666666666,0.0,0.30952380952380953,0.3333333333333333,0.5,0.5,0.3333333333333333,0.5,0.5,0.41666666666666663,4,0.6666666666666666,0,0.0
0.6270161290322581,0.5766129032258065,"{""clf__C"": 53.72198163554894, ""clf__gamma"": 0.0003972110727381913, ""clf__class_weight"": null}",0.23395960364695503,"[[252, 120], [65, 59]]",valence,0.5604669320342774,0.6270161290322581,0.6459809261042215,65,0.5241935483870968,,120,0.3225806451612903,0.13348946135831385,0.6615407535721712,0.13815228795621187,subject_dependent,rbf_svm,0.7949526813880127,0.329608938547486,0.28833222917571755,0.5622808099677493,0.6270161290322581,0.678616745677881,0.5766129032258065,0.6270161290322581,0.6270161290322581,0.5914737252861603,252,0.6774193548387096,59,0.47580645161290325,0.625,0.4166666666666667,0.20494457030496852,"[[5, 1], [2, 0]]",0.38461538461538464,0.625,0.576923076923077,2,1.0,1,0.16666666666666666,-0.19999999999999996,0.6004560844268265,-0.2182178902359924,0.7142857142857143,0.0,0.5833333333333333,0.35714285714285715,0.625,0.5357142857142857,0.4166666666666667,0.625,0.625,0.8333333333333334,5,0.8333333333333334,0,0.0
0.5826612903225806,0.5389784946236559,"{""clf__C"": 183.42628625395747, ""clf__gamma"": 0.0001005394019469303, ""clf__class_weight"": ""balanced""}",0.25566074872442424,"[[56, 68], [139, 233]]",valence,0.5217595848840405,0.5826612903225806,0.6070907879843679,139,0.3736559139784946,,68,0.5483870967741935,0.06546275395033863,0.7165898359547416,0.06910935139705085,subject_dependent,rbf_svm,0.28717948717948716,0.7740863787375415,0.7361849331080401,0.5306329329585143,0.5826612903225806,0.6523596558480279,0.5389784946236559,0.5826612903225806,0.5826612903225806,0.5385449184876865,56,0.45161290322580644,233,0.6263440860215054,0.625,0.5833333333333333,0.23405706884088479,"[[1, 1], [2, 4]]",0.5636363636363637,0.625,0.6454545454545454,2,0.3333333333333333,1,0.5,0.1428571428571429,0.6634439181071279,0.14907119849998599,0.3333333333333333,0.8,0.7345238095238095,0.5666666666666667,0.625,0.6833333333333335,0.5833333333333333,0.625,0.625,0.5,1,0.5,4,0.6666666666666666
0.5161290322580645,0.5725806451612903,"{""clf__C"": 0.40069130793659025, ""clf__gamma"": 0.0014899847475658245, ""clf__class_weight"": ""balanced""}",0.3565861162403686,"[[171, 201], [39, 85]]",valence,0.5011315061604225,0.5161290322580645,0.5443801860699019,39,0.31451612903225806,,201,0.5403225806451613,0.101123595505618,0.9326151937751546,0.12721562869323952,subject_dependent,rbf_svm,0.8142857142857143,0.2972027972027972,0.26914814716765795,0.5557442557442558,0.5161290322580645,0.685014985014985,0.5725806451612903,0.5161290322580645,0.5161290322580645,0.5619797086368367,171,0.4596774193548387,85,0.6854838709677419,0.25,0.5,0.34875763168840507,"[[0, 6], [0, 2]]",0.2,0.25,0.1,0,0.0,6,1.0,0.0,0.9025391470222692,0.0,0.0,0.25,0.3333333333333333,0.125,0.25,0.0625,0.5,0.25,0.25,0.5,0,0.0,2,1.0
0.4475806451612903,0.42258064516129035,"{""clf__C"": 0.21466070134458173, ""clf__gamma"": 0.0012955517240662183, ""clf__class_weight"": ""balanced""}",0.31073168680945945,"[[162, 148], [126, 60]]",valence,0.4231872739928357,0.4475806451612903,0.4528419605113492,126,0.6774193548387096,,148,0.4774193548387097,-0.15126050420168058,0.828189306558303,-0.15191090506255,subject_dependent,rbf_svm,0.5625,0.28846153846153844,0.2976233397848016,0.4254807692307692,0.4475806451612903,0.45973557692307687,0.42258064516129035,0.4475806451612903,0.4475806451612903,0.3879379118973292,162,0.5225806451612903,60,0.3225806451612903,0.375,0.5,0.30244895142264927,"[[0, 5], [0, 3]]",0.2727272727272727,0.375,0.20454545454545453,0,0.0,5,1.0,0.0,0.8037240582365959,0.0,0.0,0.375,0.38333333333333336,0.1875,0.375,0.140625,0.5,0.375,0.375,0.4,0,0.0,3,1.0
0.5806451612903226,0.5725806451612903,"{""clf__C"": 0.21466070134458173, ""clf__gamma"": 0.0012955517240662183, ""clf__class_weight"": ""balanced""}",0.20739873104349588,"[[69, 55], [153, 219]]",valence,0.5384312532436156,0.5806451612903226,0.6082249145475045,153,0.4112903225806452,,55,0.4435483870967742,0.11489361702127665,0.6043605122214039,0.1264099803526913,subject_dependent,rbf_svm,0.3108108108108108,0.7992700729927007,0.8100301558425701,0.5550404419017557,0.5806451612903226,0.6771552574472282,0.5725806451612903,0.5806451612903226,0.5806451612903226,0.6037114117238986,69,0.5564516129032258,219,0.5887096774193549,0.75,0.5,0.19834290051169537,"[[0, 2], [0, 6]]",0.42857142857142855,0.75,0.6428571428571428,0,0.0,2,1.0,0.0,0.5875516113932064,0.0,0.0,0.75,0.915079365079365,0.375,0.75,0.5625,0.5,0.75,0.75,0.75,0,0.0,6,1.0
0.5745967741935484,0.646774193548387,"{""clf__C"": 183.42628625395747, ""clf__gamma"": 0.0001005394019469303, ""clf__class_weight"": ""balanced""}",0.2915260940118825,"[[111, 199], [12, 174]]",valence,0.5676211644845836,0.5745967741935484,0.5538913929939226,12,0.06451612903225806,,199,0.6419354838709678,0.24440465532676814,0.82667212764621,0.32908648419273695,subject_dependent,rbf_svm,0.9024390243902439,0.46648793565683644,0.612692906023853,0.6844634800235402,0.5745967741935484,0.738957366115216,0.646774193548387,0.5745967741935484,0.5745967741935484,0.7371227887617064,111,0.3580645161290323,174,0.9354838709677419,0.5,0.6,0.26183388526198925,"[[1, 4], [0, 3]]",0.4666666666666667,0.5,0.4333333333333333,0,0.0,4,0.8,0.1578947368421053,0.7119235179021828,0.29277002188455997,1.0,0.42857142857142855,1.0,0.7142857142857143,0.5,0.7857142857142857,0.6,0.5,0.5,1.0,1,0.2,3,1.0
0.6169354838709677,0.663978494623656,"{""clf__C"": 13.411788774467905, ""clf__gamma"": 0.00026210878782654407, ""clf__class_weight"": ""balanced""}",0.2780106807561272,"[[212, 160], [30, 94]]",valence,0.593954121641418,0.6169354838709677,0.6422539337848784,30,0.24193548387096775,,160,0.43010752688172044,0.24302788844621515,0.814359951414939,0.28410224267538325,subject_dependent,rbf_svm,0.8760330578512396,0.3700787401574803,0.40554678024597157,0.62305589900436,0.6169354838709677,0.7495444784277999,0.663978494623656,0.6169354838709677,0.6169354838709677,0.7217741935483871,212,0.5698924731182796,94,0.7580645161290323,0.625,0.75,0.24081209139652648,"[[3, 3], [0, 2]]",0.6190476190476191,0.625,0.6428571428571428,0,0.0,3,0.5,0.33333333333333337,0.6732304069336013,0.4472135954999579,1.0,0.4,0.75,0.7,0.625,0.85,0.75,0.625,0.625,0.8333333333333334,3,0.5,2,1.0
0.5,0.5,"{""clf__C"": 0.40069130793659025, ""clf__gamma"": 0.0014899847475658245, ""clf__class_weight"": ""balanced""}",0.30886956050733405,"[[114, 134], [114, 134]]",valence,0.49918572079994794,0.5,0.49918572079994794,114,0.4596774193548387,,134,0.5403225806451613,0.0,0.84771440920193,0.0,subject_dependent,rbf_svm,0.5,0.5,0.6205921277181318,0.5,0.5,0.5,0.5,0.5,0.5,0.5412981269510926,114,0.4596774193548387,134,0.5403225806451613,0.5,0.5,0.2849819359157216,"[[1, 3], [1, 3]]",0.4666666666666667,0.5,0.4666666666666667,1,0.25,3,0.75,0.0,0.760387978749325,0.0,0.5,0.5,0.75,0.5,0.5,0.5,0.5,0.5,0.5,0.5625,1,0.25,3,0.75
0.42338709677419356,0.4849462365591398,"{""clf__C"": 1.351144633701368, ""clf__gamma"": 0.015446089075047083, ""clf__class_weight"": ""balanced""}",0.39663574289822356,"[[136, 50], [236, 74]]",valence,0.41423451100870456,0.42338709677419356,0.3959293394777266,236,0.7612903225806451,,50,0.26881720430107525,-0.02508960573476693,1.132187612380875,-0.033661238370964575,subject_dependent,rbf_svm,0.3655913978494624,0.5967741935483871,0.6054015478137562,0.48118279569892475,0.42338709677419356,0.5100806451612904,0.4849462365591398,0.42338709677419356,0.42338709677419356,0.46439472771418666,136,0.7311827956989247,74,0.23870967741935484,0.375,0.5,0.3605220288971132,"[[3, 0], [5, 0]]",0.2727272727272727,0.375,0.20454545454545453,5,1.0,0,0.0,0.0,0.9384054256343912,0.0,0.375,0.0,0.6683333333333333,0.1875,0.375,0.140625,0.5,0.375,0.375,0.5333333333333334,3,1.0,0,0.0
0.5241935483870968,0.446236559139785,"{""clf__C"": 0.6351054340728711, ""clf__gamma"": 0.0005285382203816729, ""clf__class_weight"": ""balanced""}",0.22310135830830197,"[[224, 148], [88, 36]]",valence,0.4443684970000759,0.5241935483870968,0.549669628616997,88,0.7096774193548387,,148,0.3978494623655914,-0.09259259259259256,0.6380258232711558,-0.09638582199437337,subject_dependent,rbf_svm,0.717948717948718,0.1956521739130435,0.22938676426976431,0.4568004459308807,0.5241935483870968,0.5873745819397993,0.446236559139785,0.5241935483870968,0.5241935483870968,0.43722901491501914,224,0.6021505376344086,36,0.2903225806451613,0.75,0.5,0.2187630137708071,"[[6, 0], [2, 0]]",0.42857142857142855,0.75,0.6428571428571428,2,1.0,0,0.0,0.0,0.6289193955161501,0.0,0.75,0.0,0.29166666666666663,0.375,0.75,0.5625,0.5,0.75,0.75,0.4166666666666667,6,1.0,0,0.0
0.5443548387096774,0.47526881720430103,"{""clf__C"": 0.4342298948286134, ""clf__gamma"": 0.0008179499475211679, ""clf__class_weight"": ""balanced""}",0.2468448801506898,"[[233, 77], [149, 37]]",valence,0.4600385356454721,0.5443548387096774,0.5133815028901735,149,0.8010752688172043,,77,0.24838709677419354,-0.053613053613053685,0.6900103196097676,-0.05691517755472482,subject_dependent,rbf_svm,0.6099476439790575,0.32456140350877194,0.3537961066353944,0.46725452374391474,0.5443548387096774,0.5029278038027004,0.47526881720430103,0.5443548387096774,0.5443548387096774,0.4695802983003815,233,0.7516129032258064,37,0.1989247311827957,0.625,0.5,0.24179130920786562,"[[5, 0], [3, 0]]",0.38461538461538464,0.625,0.4807692307692308,3,1.0,0,0.0,0.0,0.6767719747017982,0.0,0.625,0.0,0.5,0.3125,0.625,0.390625,0.5,0.625,0.625,0.6,5,1.0,0,0.0
0.4536290322580645,0.42338709677419356,"{""clf__C"": 183.42628625395747, ""clf__gamma"": 0.0001005394019469303, ""clf__class_weight"": ""balanced""}",0.3281356785572101,"[[45, 79], [192, 180]]",valence,0.40991522931107904,0.4536290322580645,0.49021910435443017,192,0.5161290322580645,,79,0.6370967741935484,-0.11752577319587632,0.9126196011903892,-0.1328281650885451,subject_dependent,rbf_svm,0.189873417721519,0.694980694980695,0.7495145543960354,0.442427056351107,0.4536290322580645,0.568703875665901,0.42338709677419356,0.4536290322580645,0.4536290322580645,0.4200485605272286,45,0.3629032258064516,180,0.4838709677419355,0.5,0.5,0.2955898852215467,"[[1, 1], [3, 3]]",0.4666666666666667,0.5,0.5333333333333333,3,0.5,1,0.5,0.0,0.7888657163180652,0.0,0.25,0.75,0.7579365079365079,0.5,0.5,0.625,0.5,0.5,0.5,0.3333333333333333,1,0.5,3,0.5
0.6008064516129032,0.6008064516129032,"{""clf__C"": 13.411788774467905, ""clf__gamma"": 0.00026210878782654407, ""clf__class_weight"": ""balanced""}",0.24293760705163697,"[[131, 117], [81, 167]]",valence,0.5986923831317424,0.6008064516129032,0.5986923831317423,81,0.32661290322580644,,117,0.4717741935483871,0.2016129032258065,0.6853831564940188,0.20377124731683496,subject_dependent,rbf_svm,0.6179245283018868,0.5880281690140845,0.6270916287391931,0.6029763486579857,0.6008064516129032,0.6029763486579857,0.6008064516129032,0.6008064516129032,0.6008064516129032,0.6467140348595214,131,0.5282258064516129,167,0.6733870967741935,0.625,0.625,0.20667708550145403,"[[2, 2], [1, 3]]",0.6190476190476191,0.625,0.6190476190476191,1,0.25,2,0.5,0.25,0.6024305772875719,0.2581988897471611,0.6666666666666666,0.6,0.8541666666666666,0.6333333333333333,0.625,0.6333333333333333,0.625,0.625,0.625,0.8125,2,0.5,3,0.75
0.5625,0.4112903225806452,"{""clf__C"": 243.14537412227003, ""clf__gamma"": 0.0004992453416923984, ""clf__class_weight"": ""balanced""}",0.23832600098564646,"[[13, 49], [168, 266]]",valence,0.4086381293027191,0.5625,0.6348698126995115,168,0.3870967741935484,,49,0.7903225806451613,-0.09734513274336276,0.7806769690191581,-0.12188412414099782,subject_dependent,rbf_svm,0.0718232044198895,0.8444444444444444,0.7923543109195241,0.458133824432167,0.5625,0.7478667894413751,0.4112903225806452,0.5625,0.5625,0.29145607254348155,13,0.20967741935483872,266,0.6129032258064516,0.875,0.5,0.1888498083958483,"[[0, 1], [0, 7]]",0.4666666666666667,0.875,0.8166666666666667,0,0.0,1,1.0,0.0,0.5776754656337241,0.0,0.0,0.875,0.8260204081632654,0.4375,0.875,0.765625,0.5,0.875,0.875,0.14285714285714285,0,0.0,7,1.0
0.5625,0.571505376344086,"{""clf__C"": 243.14537412227003, ""clf__gamma"": 0.0004992453416923984, ""clf__class_weight"": ""balanced""}",0.31587763863508544,"[[166, 144], [73, 113]]",valence,0.5574469484842131,0.5625,0.5692691822192618,73,0.3924731182795699,,144,0.4645161290322581,0.13286713286713292,0.9815867179222005,0.13856083737953928,subject_dependent,rbf_svm,0.694560669456067,0.4396887159533074,0.4029617521484517,0.5671246927046871,0.5625,0.5989836868925321,0.571505376344086,0.5625,0.5625,0.5779916753381895,166,0.535483870967742,113,0.6075268817204301,0.5,0.5333333333333333,0.25321227620528297,"[[2, 3], [1, 2]]",0.5,0.5,0.5,1,0.3333333333333333,3,0.6,0.05882352941176472,0.7031454078234034,0.06666666666666667,0.6666666666666666,0.4,0.5,0.5333333333333333,0.5,0.5666666666666667,0.5333333333333333,0.5,0.5,0.6,2,0.4,2,0.6666666666666666
0.4314516129032258,0.5241935483870968,"{""clf__C"": 20.12196163610286, ""clf__gamma"": 0.0008612579192594886, ""clf__class_weight"": ""balanced""}",0.4166038511043134,"[[126, 246], [36, 88]]",valence,0.4280947941710417,0.4314516129032258,0.45000245326529614,36,0.2903225806451613,,246,0.6612903225806451,0.030927835051546393,1.2791987163049436,0.04467670516087703,subject_dependent,rbf_svm,0.7777777777777778,0.2634730538922156,0.2502572525642713,0.5206254158349967,0.4314516129032258,0.6492015968063872,0.5241935483870968,0.4314516129032258,0.4314516129032258,0.505766562608394,126,0.3387096774193548,88,0.7096774193548387,0.5,0.6666666666666666,0.3602913610959999,"[[2, 4], [0, 2]]",0.5,0.5,0.5,0,0.0,4,0.6666666666666666,0.19999999999999996,0.9743463023502696,0.3333333333333333,1.0,0.3333333333333333,0.3333333333333333,0.6666666666666666,0.5,0.8333333333333334,0.6666666666666666,0.5,0.5,0.5,2,0.3333333333333333,2,1.0
0.46774193548387094,0.510752688172043,"{""clf__C"": 166.2878326769575, ""clf__gamma"": 0.008979064194712979, ""clf__class_weight"": ""balanced""}",0.45226969840609565,"[[158, 214], [50, 74]]",valence,0.4520254435888852,0.46774193548387094,0.49842651489789086,50,0.4032258064516129,,214,0.5752688172043011,0.014925373134328401,2.2216006022806707,0.01887128390240993,subject_dependent,rbf_svm,0.7596153846153846,0.2569444444444444,0.26927999556158544,0.5082799145299145,0.46774193548387094,0.6339476495726495,0.510752688172043,0.46774193548387094,0.46774193548387094,0.5034686090877558,158,0.42473118279569894,74,0.5967741935483871,0.5,0.5,0.35440661236383625,"[[3, 3], [1, 1]]",0.4666666666666667,0.5,0.5333333333333333,1,0.5,3,0.5,0.0,1.006413340237427,0.0,0.75,0.25,0.41666666666666663,0.5,0.5,0.625,0.5,0.5,0.5,0.5833333333333334,3,0.5,1,0.5
0.5846774193548387,0.553763440860215,"{""clf__C"": 183.42628625395747, ""clf__gamma"": 0.0001005394019469303, ""clf__class_weight"": ""balanced""}",0.2612548167055022,"[[80, 106], [100, 210]]",arousal,0.5540424937586201,0.5846774193548387,0.5832634997119364,100,0.3225806451612903,,106,0.5698924731182796,0.10822510822510822,0.7425680978686148,0.10826163374360515,subject_dependent,rbf_svm,0.4444444444444444,0.6645569620253164,0.764560848913243,0.5545007032348804,0.5846774193548387,0.5820147679324894,0.553763440860215,0.5846774193548387,0.5846774193548387,0.6220256677072493,80,0.43010752688172044,210,0.6774193548387096,0.5,0.4,0.22407812342554614,"[[0, 3], [1, 4]]",0.3333333333333333,0.5,0.41666666666666663,1,0.2,3,1.0,-0.23076923076923084,0.6291361078885455,-0.29277002188455997,0.0,0.5714285714285714,0.925,0.2857142857142857,0.5,0.3571428571428571,0.4,0.5,0.5,0.8,0,0.0,4,0.8
0.5201612903225806,0.5311827956989248,"{""clf__C"": 183.42628625395747, ""clf__gamma"": 0.0001005394019469303, ""clf__class_weight"": ""balanced""}",0.3045285180159384,"[[107, 79], [159, 151]]",arousal,0.5163552933464438,0.5201612903225806,0.5270812848246476,159,0.5129032258064516,,79,0.42473118279569894,0.05742574257425748,0.874338328608493,0.06054490857219518,subject_dependent,rbf_svm,0.40225563909774437,0.6565217391304348,0.6928548207168425,0.5293886891140895,0.5201612903225806,0.5611719516181758,0.5311827956989248,0.5201612903225806,0.5201612903225806,0.5243496357960458,107,0.5752688172043011,151,0.4870967741935484,0.5,0.4666666666666667,0.25811711501993495,"[[1, 2], [2, 3]]",0.4666666666666667,0.5,0.5,2,0.4,2,0.6666666666666666,-0.06666666666666665,0.7099631381686132,-0.06666666666666667,0.3333333333333333,0.6,0.7892857142857144,0.4666666666666667,0.5,0.5,0.4666666666666667,0.5,0.5,0.5333333333333333,1,0.3333333333333333,3,0.6
0.5766129032258065,0.5913978494623655,"{""clf__C"": 13.411788774467905, ""clf__gamma"": 0.00026210878782654407, ""clf__class_weight"": ""balanced""}",0.22761939842362758,"[[77, 47], [163, 209]]",arousal,0.5443410093091622,0.5766129032258065,0.6049730524252818,163,0.4381720430107527,,47,0.3790322580645161,0.139344262295082,0.6559236285278442,0.1583881484062351,subject_dependent,rbf_svm,0.32083333333333336,0.81640625,0.8289342132520426,0.5686197916666667,0.5766129032258065,0.6925130208333334,0.5913978494623655,0.5766129032258065,0.5766129032258065,0.6498764308012487,77,0.6209677419354839,209,0.5618279569892473,0.75,0.6666666666666667,0.18700994678562166,"[[1, 1], [1, 5]]",0.6666666666666667,0.75,0.75,1,0.16666666666666666,1,0.5,0.33333333333333337,0.560057063768329,0.3333333333333333,0.5,0.8333333333333334,0.9305555555555556,0.6666666666666667,0.75,0.75,0.6666666666666667,0.75,0.75,0.75,1,0.5,5,0.8333333333333334
0.6733870967741935,0.6733870967741935,"{""clf__C"": 166.2878326769575, ""clf__gamma"": 0.008979064194712979, ""clf__class_weight"": ""balanced""}",0.24532384947416583,"[[133, 115], [47, 201]]",arousal,0.6671306422748061,0.6733870967741935,0.6671306422748061,47,0.18951612903225806,,115,0.4637096774193548,0.3467741935483871,0.845351536141739,0.3605941338890831,subject_dependent,rbf_svm,0.7388888888888889,0.6360759493670886,0.7278401401042418,0.6874824191279887,0.6733870967741935,0.6874824191279887,0.6733870967741935,0.6733870967741935,0.6733870967741935,0.7417728928199792,133,0.5362903225806451,201,0.8104838709677419,0.75,0.75,0.16386620668442942,"[[2, 2], [0, 4]]",0.7333333333333334,0.75,0.7333333333333334,0,0.0,2,0.5,0.5,0.49529171097074065,0.5773502691896258,1.0,0.6666666666666666,0.8875,0.8333333333333333,0.75,0.8333333333333333,0.75,0.75,0.75,0.875,2,0.5,4,1.0
0.6754032258064516,0.660752688172043,"{""clf__C"": 235.1599274057192, ""clf__gamma"": 0.021154290797261225, ""clf__class_weight"": ""balanced""}",0.24024144050427557,"[[112, 74], [87, 223]]",arousal,0.6582896510408867,0.6754032258064516,0.6774075183465629,87,0.2806451612903226,,74,0.3978494623655914,0.31707317073170727,0.7645180389995672,0.3175563459219996,subject_dependent,rbf_svm,0.5628140703517588,0.7508417508417509,0.8351666461709314,0.6568279105967548,0.6754032258064516,0.6803313706580039,0.660752688172043,0.6754032258064516,0.6754032258064516,0.7361515782171351,112,0.6021505376344086,223,0.7193548387096774,0.75,0.7333333333333334,0.162263441115684,"[[2, 1], [1, 4]]",0.7333333333333334,0.75,0.75,1,0.2,1,0.3333333333333333,0.4666666666666667,0.48640515687384095,0.4666666666666667,0.6666666666666666,0.8,0.8766666666666667,0.7333333333333334,0.75,0.75,0.7333333333333334,0.75,0.75,0.8,2,0.6666666666666666,4,0.8
0.5362903225806451,0.5362903225806452,"{""clf__C"": 235.1599274057192, ""clf__gamma"": 0.021154290797261225, ""clf__class_weight"": ""balanced""}",0.3475867731066587,"[[143, 105], [125, 123]]",arousal,0.5355351442902743,0.5362903225806451,0.5355351442902744,125,0.5040322580645161,,105,0.42338709677419356,0.07258064516129037,1.2248800922488938,0.07281782194256264,subject_dependent,rbf_svm,0.5335820895522388,0.5394736842105263,0.5995258869005915,0.5365278868813825,0.5362903225806451,0.5365278868813826,0.5362903225806452,0.5362903225806451,0.5362903225806451,0.5707108480749219,143,0.5766129032258065,123,0.4959677419354839,0.625,0.625,0.2653563247975689,"[[2, 2], [1, 3]]",0.6190476190476191,0.625,0.6190476190476191,1,0.25,2,0.5,0.25,0.795940040340948,0.2581988897471611,0.6666666666666666,0.6,0.7291666666666666,0.6333333333333333,0.625,0.6333333333333333,0.625,0.625,0.625,0.625,2,0.5,3,0.75
0.594758064516129,0.5338709677419355,"{""clf__C"": 0.6351054340728711, ""clf__gamma"": 0.0005285382203816729, ""clf__class_weight"": ""balanced""}",0.25625043559725985,"[[54, 132], [69, 241]]",arousal,0.5276123327979075,0.594758064516129,0.5721367752206854,69,0.22258064516129034,,132,0.7096774193548387,0.0726643598615917,0.7146979411863758,0.07594303481370852,subject_dependent,rbf_svm,0.43902439024390244,0.646112600536193,0.7049395522682016,0.5425684953900477,0.594758064516129,0.5684545216765842,0.5338709677419355,0.594758064516129,0.594758064516129,0.5771245230662505,54,0.2903225806451613,241,0.7774193548387097,0.625,0.6333333333333333,0.23420912535071564,"[[2, 1], [2, 3]]",0.6190476190476191,0.625,0.6309523809523809,2,0.4,1,0.3333333333333333,0.25,0.6615811158241325,0.2581988897471611,0.5,0.75,0.7683333333333333,0.625,0.625,0.65625,0.6333333333333333,0.625,0.625,0.6000000000000001,2,0.6666666666666666,3,0.6
0.5241935483870968,0.543010752688172,"{""clf__C"": 0.40069130793659025, ""clf__gamma"": 0.0014899847475658245, ""clf__class_weight"": ""balanced""}",0.22866153259352787,"[[188, 184], [52, 72]]",arousal,0.4966632266941865,0.5241935483870968,0.5555211558307533,52,0.41935483870967744,,184,0.4946236559139785,0.06349206349206349,0.6473668195271322,0.07453559924999299,subject_dependent,rbf_svm,0.7833333333333333,0.28125,0.37183770804706673,0.5322916666666666,0.5241935483870968,0.6578124999999999,0.543010752688172,0.5241935483870968,0.5241935483870968,0.6174774540409296,188,0.5053763440860215,72,0.5806451612903226,0.75,0.6666666666666667,0.21103783806121743,"[[5, 1], [1, 1]]",0.6666666666666667,0.75,0.75,1,0.5,1,0.16666666666666666,0.33333333333333337,0.6106634672496662,0.3333333333333333,0.8333333333333334,0.5,0.41666666666666663,0.6666666666666667,0.75,0.75,0.6666666666666667,0.75,0.75,0.5833333333333334,5,0.8333333333333334,1,0.5
0.6713709677419355,0.6478494623655914,"{""clf__C"": 64.69870699850829, ""clf__gamma"": 0.0008200518402245837, ""clf__class_weight"": null}",0.22822911261734655,"[[230, 80], [83, 103]]",arousal,0.6483141717452487,0.6713709677419355,0.6708263190176043,83,0.44623655913978494,,80,0.25806451612903225,0.296655879180151,0.6841344272857651,0.29668073800382794,subject_dependent,rbf_svm,0.7348242811501597,0.5628415300546448,0.5878044310819781,0.6488329056024023,0.6713709677419355,0.6703307494893417,0.6478494623655914,0.6713709677419355,0.6713709677419355,0.6821019771071801,230,0.7419354838709677,103,0.553763440860215,0.75,0.6666666666666666,0.17146615474434895,"[[5, 0], [2, 1]]",0.6666666666666667,0.75,0.7083333333333334,2,0.6666666666666666,0,0.0,0.3846153846153846,0.5247681787633808,0.4879500364742666,0.7142857142857143,1.0,0.8055555555555556,0.8571428571428572,0.75,0.8214285714285714,0.6666666666666666,0.75,0.75,0.8666666666666667,5,1.0,1,0.3333333333333333
0.4959677419354839,0.45161290322580644,"{""clf__C"": 20.12196163610286, ""clf__gamma"": 0.0008612579192594886, ""clf__class_weight"": ""balanced""}",0.27934814685660053,"[[45, 79], [171, 201]]",arousal,0.4406351497654276,0.4959677419354839,0.5285997834716708,171,0.4596774193548387,,79,0.6370967741935484,-0.07758620689655182,0.7621977725160722,-0.08451542547285165,subject_dependent,rbf_svm,0.20833333333333334,0.7178571428571429,0.7100178131625554,0.4630952380952381,0.4959677419354839,0.5904761904761905,0.45161290322580644,0.4959677419354839,0.4959677419354839,0.4312565036420395,45,0.3629032258064516,201,0.5403225806451613,0.5,0.3333333333333333,0.2562244277116994,"[[0, 2], [2, 4]]",0.3333333333333333,0.5,0.5,2,0.3333333333333333,2,1.0,-0.33333333333333326,0.7057926256868887,-0.3333333333333333,0.0,0.6666666666666666,0.7579365079365079,0.3333333333333333,0.5,0.5,0.3333333333333333,0.5,0.5,0.3333333333333333,0,0.0,4,0.6666666666666666
0.5262096774193549,0.560752688172043,"{""clf__C"": 1.351144633701368, ""clf__gamma"": 0.015446089075047083, ""clf__class_weight"": ""balanced""}",0.3066515523369174,"[[130, 56], [179, 131]]",arousal,0.5262077515598642,0.5262096774193549,0.5264465581366989,179,0.5774193548387097,,56,0.3010752688172043,0.10731244064577394,0.8462987422717939,0.12137598601271772,subject_dependent,rbf_svm,0.42071197411003236,0.7005347593582888,0.6857022559213337,0.5606233667341606,0.5262096774193549,0.5956012148901926,0.560752688172043,0.5262096774193549,0.5262096774193549,0.5993669788414846,130,0.6989247311827957,131,0.42258064516129035,0.375,0.5,0.2665534640135355,"[[3, 0], [5, 0]]",0.2727272727272727,0.375,0.20454545454545453,5,1.0,0,0.0,0.0,0.7246348860414566,0.0,0.375,0.0,1.0,0.1875,0.375,0.140625,0.5,0.375,0.375,1.0,3,1.0,0,0.0
0.45564516129032256,0.45698924731182794,"{""clf__C"": 0.21466070134458173, ""clf__gamma"": 0.0012955517240662183, ""clf__class_weight"": ""balanced""}",0.28978137394033004,"[[86, 100], [170, 140]]",arousal,0.44911559029206083,0.45564516129032256,0.46410941999177296,170,0.5483870967741935,,100,0.5376344086021505,-0.08000000000000007,0.7750031719908328,-0.08333333333333333,subject_dependent,rbf_svm,0.3359375,0.5833333333333334,0.5724659739629313,0.4596354166666667,0.45564516129032256,0.49055989583333337,0.45698924731182794,0.45564516129032256,0.45564516129032256,0.4305844606312868,86,0.46236559139784944,140,0.45161290322580644,0.375,0.5,0.2871875635656558,"[[3, 0], [5, 0]]",0.2727272727272727,0.375,0.20454545454545453,5,1.0,0,0.0,0.0,0.7687613781679418,0.0,0.375,0.0,0.5192857142857142,0.1875,0.375,0.140625,0.5,0.375,0.375,0.13333333333333336,3,1.0,0,0.0
0.4032258064516129,0.4290322580645161,"{""clf__C"": 0.34866781670451225, ""clf__gamma"": 0.00014936568554617635, ""clf__class_weight"": ""balanced""}",0.3495829839418317,"[[99, 87], [209, 101]]",arousal,0.40321610327951485,0.4032258064516129,0.40381769994959593,209,0.6741935483870968,,87,0.46774193548387094,-0.12547528517110274,0.923477691880568,-0.14163611924066627,subject_dependent,rbf_svm,0.32142857142857145,0.5372340425531915,0.5615496316149085,0.4293313069908815,0.4032258064516129,0.456306990881459,0.4290322580645161,0.4032258064516129,0.4032258064516129,0.42622268470343394,99,0.532258064516129,101,0.3258064516129032,0.375,0.5,0.34116924801339776,"[[3, 0], [5, 0]]",0.2727272727272727,0.375,0.20454545454545453,5,1.0,0,0.0,0.0,0.8916993632950345,0.0,0.375,0.0,0.5783333333333334,0.1875,0.375,0.140625,0.5,0.375,0.375,0.33333333333333337,3,1.0,0,0.0
0.5443548387096774,0.5483870967741935,"{""clf__C"": 0.21466070134458173, ""clf__gamma"": 0.0012955517240662183, ""clf__class_weight"": ""balanced""}",0.2505606699234245,"[[165, 145], [81, 105]]",arousal,0.537588278001452,0.5443548387096774,0.5515725034651178,81,0.43548387096774194,,145,0.46774193548387094,0.0905432595573441,0.6952374115775126,0.09370425713316363,subject_dependent,rbf_svm,0.6707317073170732,0.42,0.3990125746814502,0.5453658536585366,0.5443548387096774,0.5767073170731708,0.5483870967741935,0.5443548387096774,0.5443548387096774,0.5420568851890392,165,0.532258064516129,105,0.5645161290322581,0.625,0.5666666666666667,0.23207170328336457,"[[4, 1], [2, 1]]",0.5636363636363637,0.625,0.6045454545454546,2,0.6666666666666666,1,0.2,0.1428571428571429,0.6556863820023213,0.14907119849998599,0.6666666666666666,0.5,0.5,0.5833333333333333,0.625,0.6041666666666666,0.5666666666666667,0.625,0.625,0.6,4,0.8,1,0.3333333333333333
0.5826612903225806,0.5940860215053763,"{""clf__C"": 0.21466070134458173, ""clf__gamma"": 0.0012955517240662183, ""clf__class_weight"": ""balanced""}",0.22612618785261174,"[[170, 140], [67, 119]]",arousal,0.5782018363699855,0.5826612903225806,0.5890444302939425,67,0.3602150537634409,,140,0.45161290322580644,0.17447657028913255,0.6405952312086959,0.1823762846712157,subject_dependent,rbf_svm,0.7172995780590717,0.4594594594594595,0.4525155191423147,0.5883795187592656,0.5826612903225806,0.6206095335842172,0.5940860215053763,0.5826612903225806,0.5826612903225806,0.6340443981963232,170,0.5483870967741935,119,0.6397849462365591,0.5,0.4,0.21345606626903546,"[[4, 1], [3, 0]]",0.3333333333333333,0.5,0.41666666666666663,3,1.0,1,0.2,-0.23076923076923084,0.6136550112373267,-0.29277002188455997,0.5714285714285714,0.0,0.5555555555555556,0.2857142857142857,0.5,0.3571428571428571,0.4,0.5,0.5,0.6666666666666666,4,0.8,0,0.0
0.3588709677419355,0.42204301075268813,"{""clf__C"": 262.30889101079146, ""clf__gamma"": 0.0025135566617708314, ""clf__class_weight"": null}",0.46279018581136033,"[[68, 56], [262, 110]]",arousal,0.3542407022255703,0.3588709677419355,0.3815813176555361,262,0.7043010752688172,,56,0.45161290322580644,-0.10034602076124566,1.4466330584095846,-0.14307256137762897,subject_dependent,rbf_svm,0.20606060606060606,0.6626506024096386,0.6827319540625291,0.4343556042351223,0.3588709677419355,0.5485031033223805,0.42204301075268813,0.3588709677419355,0.3588709677419355,0.38596947624002775,68,0.5483870967741935,110,0.2956989247311828,0.25,0.3333333333333333,0.3841430291632677,"[[1, 1], [5, 1]]",0.25,0.25,0.25,5,0.8333333333333334,1,0.5,-0.19999999999999996,0.9864758245440255,-0.3333333333333333,0.16666666666666666,0.5,0.6218253968253968,0.3333333333333333,0.25,0.4166666666666667,0.3333333333333333,0.25,0.25,0.08333333333333333,1,0.5,1,0.16666666666666666
0.6149193548387096,0.5854838709677419,"{""clf__C"": 51.4138527229363, ""clf__gamma"": 0.006173770394704574, ""clf__class_weight"": ""balanced""}",0.277662385422087,"[[218, 92], [99, 87]]",arousal,0.5860435647025409,0.6149193548387096,0.6133763736863953,99,0.532258064516129,,92,0.2967741935483871,0.17226435536294693,0.8685776821903632,0.17234367449697272,subject_dependent,rbf_svm,0.6876971608832808,0.4860335195530726,0.5420801657249934,0.5868653402181767,0.6149193548387096,0.6120732953844528,0.5854838709677419,0.6149193548387096,0.6149193548387096,0.6004162330905307,218,0.7032258064516129,87,0.46774193548387094,0.75,0.6666666666666666,0.1883443678047313,"[[5, 0], [2, 1]]",0.6666666666666667,0.75,0.7083333333333334,2,0.6666666666666666,0,0.0,0.3846153846153846,0.5645112466872176,0.4879500364742666,0.7142857142857143,1.0,0.8333333333333333,0.8571428571428572,0.75,0.8214285714285714,0.6666666666666666,0.75,0.75,0.8,5,1.0,1,0.3333333333333333
0.5262096774193549,0.5262096774193548,"{""clf__C"": 13.411788774467905, ""clf__gamma"": 0.00026210878782654407, ""clf__class_weight"": ""balanced""}",0.2852967473006991,"[[161, 87], [148, 100]]",arousal,0.5189335314389484,0.5262096774193549,0.5189335314389483,148,0.5967741935483871,,87,0.35080645161290325,0.05241935483870963,0.783457039914121,0.05408082514989276,subject_dependent,rbf_svm,0.5210355987055016,0.5347593582887701,0.5290791732790976,0.5278974784971359,0.5262096774193549,0.5278974784971359,0.5262096774193548,0.5262096774193549,0.5262096774193549,0.5289086888657648,161,0.6491935483870968,100,0.4032258064516129,0.5,0.5,0.2641087738450605,"[[4, 0], [4, 0]]",0.3333333333333333,0.5,0.3333333333333333,4,1.0,0,0.0,0.0,0.723165252029861,0.0,0.5,0.0,0.6220238095238095,0.25,0.5,0.25,0.5,0.5,0.5,0.625,4,1.0,0,0.0
0.5262096774193549,0.5658602150537635,"{""clf__C"": 183.42628625395747, ""clf__gamma"": 0.0001005394019469303, ""clf__class_weight"": ""balanced""}",0.27194626293135654,"[[80, 44], [191, 181]]",arousal,0.5057142251341094,0.5262096774193549,0.5560396921315438,191,0.5134408602150538,,44,0.3548387096774194,0.09441233140655103,0.746262217411162,0.11456700189254275,subject_dependent,rbf_svm,0.2952029520295203,0.8044444444444444,0.7960248180885128,0.5498236982369824,0.5262096774193549,0.6771340713407134,0.5658602150537635,0.5262096774193549,0.5262096774193549,0.5668574401664932,80,0.6451612903225806,181,0.48655913978494625,0.5,0.5,0.24960933338731672,"[[1, 1], [3, 3]]",0.4666666666666667,0.5,0.5333333333333333,3,0.5,1,0.5,0.0,0.6927922854810403,0.0,0.25,0.75,0.8972222222222223,0.5,0.5,0.625,0.5,0.5,0.5,0.6666666666666667,1,0.5,3,0.5
0.42338709677419356,0.42338709677419356,"{""clf__C"": 243.14537412227003, ""clf__gamma"": 0.0004992453416923984, ""clf__class_weight"": ""balanced""}",0.38343412151951856,"[[105, 143], [143, 105]]",arousal,0.42338709677419356,0.42338709677419356,0.42338709677419356,143,0.5766129032258065,,143,0.5766129032258065,-0.153225806451613,1.3368594592641954,-0.1532258064516129,subject_dependent,rbf_svm,0.42338709677419356,0.42338709677419356,0.401954858513669,0.42338709677419356,0.42338709677419356,0.42338709677419356,0.42338709677419356,0.42338709677419356,0.42338709677419356,0.36574856919875126,105,0.42338709677419356,105,0.42338709677419356,0.25,0.25,0.3436404643720716,"[[0, 4], [2, 2]]",0.2,0.25,0.2,2,0.5,4,1.0,-0.5,0.9680222139958079,-0.5773502691896258,0.0,0.3333333333333333,0.48214285714285715,0.16666666666666666,0.25,0.16666666666666666,0.25,0.25,0.25,0.3125,0,0.0,2,0.5
0.5584677419354839,0.5584677419354839,"{""clf__C"": 183.42628625395747, ""clf__gamma"": 0.0001005394019469303, ""clf__class_weight"": ""balanced""}",0.2600082731109917,"[[137, 111], [108, 140]]",arousal,0.5584515887759292,0.5584677419354839,0.558451588775929,108,0.43548387096774194,,111,0.4475806451612903,0.11693548387096775,0.7186924245379929,0.11694404050851046,subject_dependent,rbf_svm,0.5591836734693878,0.5577689243027888,0.6156613546025439,0.5584762988860883,0.5584677419354839,0.5584762988860883,0.5584677419354839,0.5584677419354839,0.5584677419354839,0.5892299687825182,137,0.5524193548387096,140,0.5645161290322581,0.5,0.5,0.23386791907362398,"[[0, 4], [0, 4]]",0.3333333333333333,0.5,0.3333333333333333,0,0.0,4,1.0,0.0,0.6595823745551073,0.0,0.0,0.5,0.8541666666666666,0.25,0.5,0.25,0.5,0.5,0.5,0.8125,0,0.0,4,1.0
0.3004032258064516,0.37768817204301075,"{""clf__C"": 243.14537412227003, ""clf__gamma"": 0.0004992453416923984, ""clf__class_weight"": ""balanced""}",0.5235131709000832,"[[66, 58], [289, 83]]",arousal,0.29958042868712026,0.3004032258064516,0.31158358666324826,289,0.7768817204301075,,58,0.46774193548387094,-0.15091210613598682,1.6693422023300828,-0.23483186764151212,subject_dependent,rbf_svm,0.18591549295774648,0.5886524822695035,0.6400017069335718,0.387283987613625,0.3004032258064516,0.4879682349415642,0.37768817204301075,0.3004032258064516,0.3004032258064516,0.2834070412764481,66,0.532258064516129,83,0.22311827956989247,0.125,0.25,0.4734465723572274,"[[1, 1], [6, 0]]",0.1111111111111111,0.125,0.05555555555555555,6,1.0,1,0.5,-0.2727272727272727,1.2387509112490744,-0.6546536707079772,0.14285714285714285,0.0,0.6218253968253968,0.07142857142857142,0.125,0.03571428571428571,0.25,0.125,0.125,0.08333333333333333,1,0.5,0,0.0
0.48588709677419356,0.4858870967741935,"{""clf__C"": 0.40069130793659025, ""clf__gamma"": 0.0014899847475658245, ""clf__class_weight"": ""balanced""}",0.2781978633212394,"[[125, 123], [132, 116]]",arousal,0.4857177709557403,0.48588709677419356,0.48571777095574037,132,0.532258064516129,,123,0.4959677419354839,-0.02822580645161299,0.7567487610172017,-0.02824441134776367,subject_dependent,rbf_svm,0.48638132295719844,0.48535564853556484,0.5091369756868309,0.48586848574638164,0.48588709677419356,0.48586848574638164,0.4858870967741935,0.48588709677419356,0.48588709677419356,0.48209059573361085,125,0.5040322580645161,116,0.46774193548387094,0.5,0.5,0.2630295657962788,"[[2, 2], [2, 2]]",0.5,0.5,0.5,2,0.5,2,0.5,0.0,0.7211774537399136,0.0,0.5,0.5,0.6916666666666667,0.5,0.5,0.5,0.5,0.5,0.5,0.5625,2,0.5,2,0.5
0.46975806451612906,0.469758064516129,"{""clf__C"": 0.34866781670451225, ""clf__gamma"": 0.00014936568554617635, ""clf__class_weight"": ""balanced""}",0.2591693690709602,"[[231, 17], [246, 2]]",arousal,0.3261113263592923,0.46975806451612906,0.32611132635929224,246,0.9919354838709677,,17,0.06854838709677419,-0.06048387096774199,0.7117961421348084,-0.1575633729158136,subject_dependent,rbf_svm,0.48427672955974843,0.10526315789473684,0.42742126275949865,0.29476994372724263,0.46975806451612906,0.29476994372724263,0.469758064516129,0.46975806451612906,0.46975806451612906,0.4105749219562955,231,0.9314516129032258,2,0.008064516129032258,0.5,0.5,0.25905217432899846,"[[4, 0], [4, 0]]",0.3333333333333333,0.5,0.3333333333333333,4,1.0,0,0.0,0.0,0.7115658429969725,0.0,0.5,0.0,0.4511904761904762,0.25,0.5,0.25,0.5,0.5,0.5,0.3125,4,1.0,0,0.0
0.5826612903225806,0.6295698924731183,"{""clf__C"": 1.351144633701368, ""clf__gamma"": 0.015446089075047083, ""clf__class_weight"": ""balanced""}",0.3225689954856798,"[[152, 34], [173, 137]]",arousal,0.5822792535121302,0.5826612903225806,0.5791210825457401,173,0.5580645161290323,,34,0.1827956989247312,0.22544434050514495,1.0690259793534718,0.2639560844438328,subject_dependent,rbf_svm,0.4676923076923077,0.8011695906432749,0.7888175285629281,0.6344309491677913,0.5826612903225806,0.6761156095366622,0.6295698924731183,0.5826612903225806,0.5826612903225806,0.6445195976413458,152,0.8172043010752689,137,0.44193548387096776,0.625,0.7,0.25461005223161465,"[[3, 0], [3, 2]]",0.6190476190476191,0.625,0.6071428571428571,3,0.6,0,0.0,0.33333333333333337,0.7485490302094805,0.4472135954999579,0.5,1.0,0.925,0.75,0.625,0.8125,0.7,0.625,0.625,0.8,3,1.0,2,0.4
0.5141129032258065,0.47150537634408607,"{""clf__C"": 48.43827864278568, ""clf__gamma"": 0.00039459088111000007, ""clf__class_weight"": ""balanced""}",0.37485516082285303,"[[56, 130], [111, 199]]",arousal,0.4700643267853897,0.5141129032258065,0.5082602951672895,111,0.3580645161290323,,130,0.6989247311827957,-0.05817782656421522,1.4301688477691898,-0.05838133954249,subject_dependent,rbf_svm,0.33532934131736525,0.6048632218844985,0.5978438240574311,0.47009628160093186,0.5141129032258065,0.5037880166718235,0.47150537634408607,0.5141129032258065,0.5141129032258065,0.46198404439819635,56,0.3010752688172043,199,0.6419354838709678,0.5,0.4,0.3069203056378718,"[[0, 3], [1, 4]]",0.3333333333333333,0.5,0.41666666666666663,1,0.2,3,1.0,-0.23076923076923084,0.8826653181614201,-0.29277002188455997,0.0,0.5714285714285714,0.7416666666666667,0.2857142857142857,0.5,0.3571428571428571,0.4,0.5,0.5,0.5333333333333334,0,0.0,4,0.8
0.6229838709677419,0.721774193548387,"{""clf__C"": 34.26465148409954, ""clf__gamma"": 0.020597335357437203, ""clf__class_weight"": null}",0.27493162601310495,"[[114, 10], [177, 195]]",arousal,0.612653734522144,0.6229838709677419,0.6442818066024931,177,0.47580645161290325,,10,0.08064516129032258,0.30612244897959184,0.9408544571293127,0.3900316873325293,subject_dependent,rbf_svm,0.3917525773195876,0.9512195121951219,0.9341738880367706,0.6714860447573547,0.6229838709677419,0.8113527784762383,0.721774193548387,0.6229838709677419,0.6229838709677419,0.824163198057579,114,0.9193548387096774,195,0.5241935483870968,0.75,0.8333333333333333,0.19016640776275998,"[[2, 0], [2, 4]]",0.7333333333333334,0.75,0.7666666666666667,2,0.3333333333333333,0,0.0,0.5,0.5539870233036513,0.5773502691896258,0.5,1.0,1.0,0.75,0.75,0.875,0.8333333333333333,0.75,0.75,1.0,2,1.0,4,0.6666666666666666
0.5342741935483871,0.5704301075268817,"{""clf__C"": 0.21466070134458173, ""clf__gamma"": 0.0012955517240662183, ""clf__class_weight"": ""balanced""}",0.35817552147805665,"[[132, 178], [53, 133]]",arousal,0.5342723004694836,0.5342741935483871,0.5340375586854459,53,0.2849462365591398,,178,0.5741935483870968,0.12417061611374403,1.0566470870507443,0.1410131478231175,subject_dependent,rbf_svm,0.7135135135135136,0.42765273311897106,0.44306186661560376,0.5705831233162423,0.5342741935483871,0.6063157208655601,0.5704301075268817,0.5342741935483871,0.5342741935483871,0.5899410336455082,132,0.4258064516129032,133,0.7150537634408602,0.5,0.5333333333333333,0.33784466767089333,"[[2, 3], [1, 2]]",0.5,0.5,0.5,1,0.3333333333333333,3,0.6,0.05882352941176472,0.9466383600549326,0.06666666666666667,0.6666666666666666,0.4,0.625,0.5333333333333333,0.5,0.5666666666666667,0.5333333333333333,0.5,0.5,0.5333333333333333,2,0.4,2,0.6666666666666666
0.7016129032258065,0.7354838709677419,"{""clf__C"": 0.6351054340728711, ""clf__gamma"": 0.0005285382203816729, ""clf__class_weight"": ""balanced""}",0.18780978510914412,"[[162, 24], [124, 186]]",arousal,0.7009126466753586,0.7016129032258065,0.7045306388526728,124,0.4,,24,0.12903225806451613,0.425242718446602,0.5545507001413738,0.46146186510594017,subject_dependent,rbf_svm,0.5664335664335665,0.8857142857142857,0.8748265794593972,0.7260739260739261,0.7016129032258065,0.765984015984016,0.7354838709677419,0.7016129032258065,0.7016129032258065,0.7862296219216096,162,0.8709677419354839,186,0.6,0.875,0.9,0.16762218005340102,"[[3, 0], [1, 4]]",0.873015873015873,0.875,0.876984126984127,1,0.2,0,0.0,0.75,0.5138181531533181,0.7745966692414834,0.75,1.0,0.9428571428571428,0.875,0.875,0.90625,0.9,0.875,0.875,0.8666666666666667,3,1.0,4,0.8
0.375,0.2695852534562212,"{""clf__C"": 0.21466070134458173, ""clf__gamma"": 0.0012955517240662183, ""clf__class_weight"": ""balanced""}",0.385701962058354,"[[8, 54], [256, 178]]",arousal,0.2918071445678808,0.375,0.47385268704287115,256,0.5898617511520737,,54,0.8709677419354839,-0.1923076923076923,1.0424175351431384,-0.3054464062492969,subject_dependent,rbf_svm,0.030303030303030304,0.7672413793103449,0.7625559131755446,0.39877220480668757,0.375,0.6751240856844305,0.2695852534562212,0.375,0.375,0.1778281551954809,8,0.12903225806451613,178,0.41013824884792627,0.375,0.21428571428571427,0.3582073312062717,"[[0, 1], [4, 3]]",0.2727272727272727,0.375,0.47727272727272724,4,0.5714285714285714,1,1.0,-0.25,0.9333906658736332,-0.3779644730092272,0.0,0.75,0.754591836734694,0.375,0.375,0.65625,0.21428571428571427,0.375,0.375,0.0,0,0.0,3,0.42857142857142855
0.5625,0.5758064516129032,"{""clf__C"": 13.411788774467905, ""clf__gamma"": 0.00026210878782654407, ""clf__class_weight"": ""balanced""}",0.24779905135448954,"[[162, 148], [69, 117]]",arousal,0.5588689746752954,0.5625,0.5688744666811482,69,0.3709677419354839,,148,0.4774193548387097,0.1397423191278494,0.6906628113762279,0.1471446770738875,subject_dependent,rbf_svm,0.7012987012987013,0.44150943396226416,0.477727558787486,0.5714040676304828,0.5625,0.6038777260475373,0.5758064516129032,0.5625,0.5625,0.5914585501214012,162,0.5225806451612903,117,0.6290322580645161,0.5,0.4666666666666667,0.22391159440534558,"[[3, 2], [2, 1]]",0.4666666666666667,0.5,0.5,2,0.6666666666666666,2,0.4,-0.06666666666666665,0.6403009087927675,-0.06666666666666667,0.6,0.3333333333333333,0.7,0.4666666666666667,0.5,0.5,0.4666666666666667,0.5,0.5,0.7333333333333333,3,0.6,1,0.3333333333333333
0.3588709677419355,0.3473118279569892,"{""clf__C"": 0.40069130793659025, ""clf__gamma"": 0.0014899847475658245, ""clf__class_weight"": ""balanced""}",0.39660072531594387,"[[56, 130], [188, 122]]",arousal,0.34731440867334273,0.3588709677419355,0.3690267317719109,188,0.6064516129032258,,130,0.6989247311827957,-0.28744939271255054,1.0925618005141486,-0.295717841104324,subject_dependent,rbf_svm,0.22950819672131148,0.48412698412698413,0.5379996017292773,0.3568175904241478,0.3588709677419355,0.38864493884985696,0.3473118279569892,0.3588709677419355,0.3588709677419355,0.3107180020811654,56,0.3010752688172043,122,0.3935483870967742,0.375,0.43333333333333335,0.35957065815795775,"[[2, 1], [4, 1]]",0.36507936507936506,0.375,0.34523809523809523,4,0.8,1,0.3333333333333333,-0.11111111111111116,0.9350084482375771,-0.14907119849998599,0.3333333333333333,0.5,0.5192857142857142,0.41666666666666663,0.375,0.4375,0.43333333333333335,0.375,0.375,0.13333333333333336,2,0.6666666666666666,1,0.2
0.3387096774193548,0.4166666666666667,"{""clf__C"": 13.411788774467905, ""clf__gamma"": 0.00026210878782654407, ""clf__class_weight"": ""balanced""}",0.4461982948743147,"[[71, 53], [275, 97]]",arousal,0.3368875845765061,0.3387096774193548,0.35426754707752506,275,0.739247311827957,,53,0.4274193548387097,-0.10437710437710446,1.2239389316883789,-0.1571257570624058,subject_dependent,rbf_svm,0.20520231213872833,0.6466666666666666,0.6558642279323903,0.42593448940269746,0.3387096774193548,0.536300578034682,0.4166666666666667,0.3387096774193548,0.3387096774193548,0.37402445369406867,71,0.5725806451612904,97,0.260752688172043,0.125,0.25,0.4139318720123697,"[[1, 1], [6, 0]]",0.1111111111111111,0.125,0.05555555555555555,6,1.0,1,0.5,-0.2727272727272727,1.049262598332991,-0.6546536707079772,0.14285714285714285,0.0,0.6968253968253968,0.07142857142857142,0.125,0.03571428571428571,0.25,0.125,0.125,0.3333333333333333,1,0.5,0,0.0
0.6088709677419355,0.6088709677419355,"{""clf__C"": 160.49758307716223, ""clf__gamma"": 0.00018427970406864567, ""clf__class_weight"": null}",0.24430372147757526,"[[104, 144], [50, 198]]",arousal,0.5942996880006746,0.6088709677419355,0.5942996880006746,50,0.20161290322580644,,144,0.5806451612903226,0.217741935483871,0.6855803707630339,0.23529914352720097,subject_dependent,rbf_svm,0.6753246753246753,0.5789473684210527,0.6802735661834808,0.627136021872864,0.6088709677419355,0.6271360218728641,0.6088709677419355,0.6088709677419355,0.6088709677419355,0.6697450572320499,104,0.41935483870967744,198,0.7983870967741935,0.625,0.625,0.21776891618726285,"[[1, 3], [0, 4]]",0.5636363636363637,0.625,0.5636363636363637,0,0.0,3,0.75,0.25,0.6217364460230427,0.3779644730092272,1.0,0.5714285714285714,0.8541666666666666,0.7857142857142857,0.625,0.7857142857142857,0.625,0.625,0.625,0.8125,1,0.25,4,1.0
0.5383064516129032,0.571236559139785,"{""clf__C"": 0.40069130793659025, ""clf__gamma"": 0.0014899847475658245, ""clf__class_weight"": ""balanced""}",0.26352899176743727,"[[79, 45], [184, 188]]",arousal,0.5148781685779571,0.5383064516129032,0.568182885941871,184,0.4946236559139785,,45,0.3629032258064516,0.10371819960861062,0.7414168518397494,0.12361165112279386,subject_dependent,rbf_svm,0.30038022813688214,0.8068669527896996,0.8488431194123911,0.5536235904632909,0.5383064516129032,0.6802452716264953,0.571236559139785,0.5383064516129032,0.5383064516129032,0.6207075962539021,79,0.6370967741935484,188,0.5053763440860215,0.625,0.75,0.22884885794708865,"[[2, 0], [3, 3]]",0.6190476190476191,0.625,0.6428571428571428,3,0.5,0,0.0,0.33333333333333337,0.6474746692148209,0.4472135954999579,0.4,1.0,0.8972222222222223,0.7,0.625,0.85,0.75,0.625,0.625,0.6666666666666667,2,1.0,3,0.5
0.6814516129032258,0.6797235023041475,"{""clf__C"": 1.351144633701368, ""clf__gamma"": 0.015446089075047083, ""clf__class_weight"": ""balanced""}",0.1994867896490967,"[[42, 20], [138, 296]]",arousal,0.5682203856749312,0.6814516129032258,0.7340550964187328,138,0.31797235023041476,,20,0.3225806451612903,0.19796954314720816,0.594126780059771,0.24722693486691324,subject_dependent,rbf_svm,0.23333333333333334,0.9367088607594937,0.9564248502717203,0.5850210970464135,0.6814516129032258,0.8487869198312236,0.6797235023041475,0.6814516129032258,0.6814516129032258,0.7604429909320649,42,0.6774193548387096,296,0.6820276497695853,0.875,0.9285714285714286,0.13483090438625697,"[[1, 0], [1, 6]]",0.7948717948717949,0.875,0.8910256410256411,1,0.14285714285714285,0,0.0,0.6,0.4432320944137932,0.6546536707079772,0.5,1.0,1.0,0.75,0.875,0.9375,0.9285714285714286,0.875,0.875,1.0,1,1.0,6,0.8571428571428571
0.5604838709677419,0.5026881720430108,"{""clf__C"": 0.40069130793659025, ""clf__gamma"": 0.0014899847475658245, ""clf__class_weight"": ""balanced""}",0.22437162003762487,"[[48, 76], [142, 230]]",arousal,0.49209928038629913,0.5604838709677419,0.5852826785412322,142,0.3817204301075269,,76,0.6129032258064516,0.004566210045662156,0.6414013380709631,0.0047888568435623955,subject_dependent,rbf_svm,0.25263157894736843,0.7516339869281046,0.7241768129899336,0.5021327829377364,0.5604838709677419,0.6268833849329206,0.5026881720430108,0.5604838709677419,0.5604838709677419,0.48568114810960805,48,0.3870967741935484,230,0.6182795698924731,0.75,0.5,0.2201448924212001,"[[0, 2], [0, 6]]",0.42857142857142855,0.75,0.6428571428571428,0,0.0,2,1.0,0.0,0.6330510208608449,0.0,0.0,0.75,0.7579365079365079,0.375,0.75,0.5625,0.5,0.75,0.75,0.3333333333333333,0,0.0,6,1.0
0.4798387096774194,0.4798387096774194,"{""clf__C"": 243.14537412227003, ""clf__gamma"": 0.0004992453416923984, ""clf__class_weight"": ""balanced""}",0.29604242625379235,"[[107, 141], [117, 131]]",arousal,0.4786179921773142,0.4798387096774194,0.4786179921773142,117,0.4717741935483871,,141,0.5685483870967742,-0.040322580645161255,0.8038827997925126,-0.040512732722010274,subject_dependent,rbf_svm,0.47767857142857145,0.48161764705882354,0.46980413476036775,0.4796481092436975,0.4798387096774194,0.4796481092436975,0.4798387096774194,0.4798387096774194,0.4798387096774194,0.4519868626430801,107,0.4314516129032258,131,0.5282258064516129,0.5,0.5,0.279024894400249,"[[0, 4], [0, 4]]",0.3333333333333333,0.5,0.3333333333333333,0,0.0,4,1.0,0.0,0.7541401834965284,0.0,0.0,0.5,0.44047619047619047,0.25,0.5,0.25,0.5,0.5,0.5,0.1875,0,0.0,4,1.0
0.4112903225806452,0.3935483870967742,"{""clf__C"": 13.411788774467905, ""clf__gamma"": 0.00026210878782654407, ""clf__class_weight"": ""balanced""}",0.3168408765736823,"[[60, 126], [166, 144]]",arousal,0.39390693003013055,0.4112903225806452,0.4195681285570807,166,0.535483870967742,,126,0.6774193548387096,-0.20412371134020613,0.8561753111264815,-0.2069585910443914,subject_dependent,rbf_svm,0.26548672566371684,0.5333333333333333,0.5232188655310734,0.3994100294985251,0.4112903225806452,0.43289085545722716,0.3935483870967742,0.4112903225806452,0.4112903225806452,0.34373916059660076,60,0.3225806451612903,144,0.4645161290322581,0.5,0.4,0.2990308699809286,"[[0, 3], [1, 4]]",0.3333333333333333,0.5,0.41666666666666663,1,0.2,3,1.0,-0.23076923076923084,0.8005143043584209,-0.29277002188455997,0.0,0.5714285714285714,0.6192857142857142,0.2857142857142857,0.5,0.3571428571428571,0.4,0.5,0.5,0.2,0,0.0,4,0.8
0.4536290322580645,0.39086021505376345,"{""clf__C"": 0.1112048883469199, ""clf__gamma"": 0.06708188643346288, ""clf__class_weight"": ""balanced""}",0.26478269083221667,"[[26, 160], [111, 199]]",arousal,0.3779542499086016,0.4536290322580645,0.4321951343671762,111,0.3580645161290323,,160,0.8602150537634409,-0.23041997729852448,0.7318224517260401,-0.23634308522701716,subject_dependent,rbf_svm,0.1897810218978102,0.5543175487465181,0.6066090003734844,0.37204928532216414,0.4536290322580645,0.41761635117825263,0.39086021505376345,0.4536290322580645,0.4536290322580645,0.4131980575789108,26,0.13978494623655913,199,0.6419354838709678,0.625,0.5,0.2609508329410498,"[[0, 3], [0, 5]]",0.38461538461538464,0.625,0.4807692307692308,0,0.0,3,1.0,0.0,0.7218267116662526,0.0,0.0,0.625,0.6726190476190477,0.3125,0.625,0.390625,0.5,0.625,0.625,0.33333333333333337,0,0.0,5,1.0
0.5423387096774194,0.5336021505376344,"{""clf__C"": 1.351144633701368, ""clf__gamma"": 0.015446089075047083, ""clf__class_weight"": ""balanced""}",0.22598485354923342,"[[64, 60], [167, 205]]",arousal,0.5021027262475954,0.5423387096774194,0.5728723992305481,167,0.4489247311827957,,60,0.4838709677419355,0.05219206680584554,0.6392291556271424,0.058337854692281435,subject_dependent,rbf_svm,0.27705627705627706,0.7735849056603774,0.8334915790688291,0.5253205913583272,0.5423387096774194,0.6494527485093523,0.5336021505376344,0.5423387096774194,0.5423387096774194,0.5778052375997225,64,0.5161290322580645,205,0.5510752688172043,0.625,0.4166666666666667,0.19690725754994104,"[[0, 2], [1, 5]]",0.38461538461538464,0.625,0.576923076923077,1,0.16666666666666666,2,1.0,-0.19999999999999996,0.5729145580099899,-0.2182178902359924,0.0,0.7142857142857143,0.8773809523809524,0.35714285714285715,0.625,0.5357142857142857,0.4166666666666667,0.625,0.625,0.5833333333333333,0,0.0,5,0.8333333333333334
0.6209677419354839,0.5618279569892473,"{""clf__C"": 20.12196163610286, ""clf__gamma"": 0.0008612579192594886, ""clf__class_weight"": ""balanced""}",0.2147797591071566,"[[55, 69], [119, 253]]",arousal,0.5491170725102992,0.6209677419354839,0.6391118503761871,119,0.31989247311827956,,69,0.5564516129032258,0.1090047393364929,0.6706447123774073,0.1122004617790247,subject_dependent,rbf_svm,0.3160919540229885,0.7857142857142857,0.7039417985844338,0.5509031198686372,0.6209677419354839,0.6683087027914614,0.5618279569892473,0.6209677419354839,0.6209677419354839,0.5013657648283039,55,0.4435483870967742,253,0.6801075268817204,0.625,0.4166666666666667,0.19934292252877162,"[[0, 2], [1, 5]]",0.38461538461538464,0.625,0.576923076923077,1,0.16666666666666666,2,1.0,-0.19999999999999996,0.6179882250339088,-0.2182178902359924,0.0,0.7142857142857143,0.7166666666666667,0.35714285714285715,0.625,0.5357142857142857,0.4166666666666667,0.625,0.625,0.4166666666666667,0,0.0,5,0.8333333333333334
0.5342741935483871,0.5467741935483871,"{""clf__C"": 243.14537412227003, ""clf__gamma"": 0.0004992453416923984, ""clf__class_weight"": ""balanced""}",0.2869506303027078,"[[111, 75], [156, 154]]",arousal,0.5307473982970672,0.5342741935483871,0.5409176915799432,156,0.5032258064516129,,75,0.4032258064516129,0.08605341246290799,0.8089147825196311,0.09084483725623094,subject_dependent,rbf_svm,0.4157303370786517,0.6724890829694323,0.6867896816937238,0.544109710024042,0.5342741935483871,0.5762045532603897,0.5467741935483871,0.5342741935483871,0.5342741935483871,0.5507891085674643,111,0.5967741935483871,154,0.4967741935483871,0.625,0.6333333333333333,0.24701779282496888,"[[2, 1], [2, 3]]",0.6190476190476191,0.625,0.6309523809523809,2,0.4,1,0.3333333333333333,0.25,0.6873674592601156,0.2581988897471611,0.5,0.75,0.8392857142857143,0.625,0.625,0.65625,0.6333333333333333,0.625,0.625,0.6,2,0.6666666666666666,3,0.6
0.46774193548387094,0.4608294930875576,"{""clf__C"": 166.2878326769575, ""clf__gamma"": 0.008979064194712979, ""clf__class_weight"": ""balanced""}",0.3442480590376743,"[[28, 34], [230, 204]]",arousal,0.3910714285714285,0.46774193548387094,0.5531250000000001,230,0.5299539170506913,,34,0.5483870967741935,-0.03326810176125239,0.976380529732769,-0.05185988692787639,subject_dependent,rbf_svm,0.10852713178294573,0.8571428571428571,0.871874690483298,0.4828349944629014,0.46774193548387094,0.7635658914728682,0.4608294930875576,0.46774193548387094,0.46774193548387094,0.47420841385461576,28,0.45161290322580644,204,0.4700460829493088,0.375,0.21428571428571427,0.2742248579961537,"[[0, 1], [4, 3]]",0.2727272727272727,0.375,0.47727272727272724,4,0.5714285714285714,1,1.0,-0.25,0.7426517935196826,-0.3779644730092272,0.0,0.75,0.9093537414965986,0.375,0.375,0.65625,0.21428571428571427,0.375,0.375,0.42857142857142855,0,0.0,3,0.42857142857142855
0.45161290322580644,0.4516129032258065,"{""clf__C"": 1.351144633701368, ""clf__gamma"": 0.015446089075047083, ""clf__class_weight"": ""balanced""}",0.33162128658450135,"[[80, 168], [104, 144]]",arousal,0.4423280423280423,0.45161290322580644,0.44232804232804235,104,0.41935483870967744,,168,0.6774193548387096,-0.09677419354838701,0.9265123646475615,-0.10016708449412667,subject_dependent,rbf_svm,0.43478260869565216,0.46153846153846156,0.5187984978127176,0.4481605351170569,0.45161290322580644,0.44816053511705684,0.4516129032258065,0.45161290322580644,0.45161290322580644,0.4772209937565036,80,0.3225806451612903,144,0.5806451612903226,0.5,0.5,0.2820671891222868,"[[0, 4], [0, 4]]",0.3333333333333333,0.5,0.3333333333333333,0,0.0,4,1.0,0.0,0.7557609829909784,0.0,0.0,0.5,0.5654761904761905,0.25,0.5,0.25,0.5,0.5,0.5,0.25,0,0.0,4,1.0
0.625,0.6580645161290322,"{""clf__C"": 0.40069130793659025, ""clf__gamma"": 0.0014899847475658245, ""clf__class_weight"": ""balanced""}",0.24435467660719232,"[[147, 39], [147, 163]]",arousal,0.624609375,0.625,0.62763671875,147,0.47419354838709676,,39,0.20967741935483872,0.2832369942196532,0.7254601900356632,0.31149591164298934,subject_dependent,rbf_svm,0.5,0.806930693069307,0.8159221890768837,0.6534653465346535,0.625,0.6918316831683169,0.6580645161290322,0.625,0.625,0.7074228234477974,147,0.7903225806451613,163,0.5258064516129032,0.75,0.8,0.22103604819921552,"[[3, 0], [2, 3]]",0.75,0.75,0.75,2,0.4,0,0.0,0.5294117647058824,0.6577952554595817,0.6,0.6,1.0,0.885,0.8,0.75,0.85,0.8,0.75,0.75,0.7333333333333334,3,1.0,3,0.6
0.7278225806451613,0.7278225806451613,"{""clf__C"": 0.34866781670451225, ""clf__gamma"": 0.00014936568554617635, ""clf__class_weight"": ""balanced""}",0.16926555296054704,"[[232, 16], [119, 129]]",arousal,0.7155564617874575,0.7278225806451613,0.7155564617874575,119,0.4798387096774194,,16,0.06451612903225806,0.4556451612903226,0.5115139634176183,0.5008882963015246,subject_dependent,rbf_svm,0.6609686609686609,0.8896551724137931,0.8589058266007061,0.775311916691227,0.7278225806451613,0.775311916691227,0.7278225806451613,0.7278225806451613,0.7278225806451613,0.8470668574401664,232,0.9354838709677419,129,0.5201612903225806,0.75,0.75,0.15443421468658938,"[[4, 0], [2, 2]]",0.7333333333333334,0.75,0.7333333333333334,2,0.5,0,0.0,0.5,0.4867636896636658,0.5773502691896258,0.6666666666666666,1.0,0.8875,0.8333333333333333,0.75,0.8333333333333333,0.75,0.75,0.75,0.875,4,1.0,2,0.5
0.8084677419354839,0.8424731182795699,"{""clf__C"": 0.34866781670451225, ""clf__gamma"": 0.00014936568554617635, ""clf__class_weight"": ""balanced""}",0.14236071269326256,"[[182, 4], [91, 219]]",arousal,0.8073959623457472,0.8084677419354839,0.8109878723221621,91,0.29354838709677417,,4,0.021505376344086023,0.6263520157325467,0.4563004361184582,0.6665919240612783,subject_dependent,rbf_svm,0.6666666666666666,0.9820627802690582,0.9760088054220473,0.8243647234678624,0.8084677419354839,0.8637892376681614,0.8424731182795699,0.8084677419354839,0.8084677419354839,0.957995143947277,182,0.978494623655914,219,0.7064516129032258,0.875,0.9,0.13272194120099626,"[[3, 0], [1, 4]]",0.873015873015873,0.875,0.876984126984127,1,0.2,0,0.0,0.75,0.44330039562911877,0.7745966692414834,0.75,1.0,1.0,0.875,0.875,0.90625,0.9,0.875,0.875,1.0,3,1.0,4,0.8
0.6713709677419355,0.6682795698924731,"{""clf__C"": 0.40069130793659025, ""clf__gamma"": 0.0014899847475658245, ""clf__class_weight"": ""balanced""}",0.20391342881329486,"[[122, 64], [99, 211]]",arousal,0.6604380604380604,0.6713709677419355,0.6756704256704256,99,0.3193548387096774,,64,0.34408602150537637,0.32435233160621757,0.5985948599322595,0.32782058749258663,subject_dependent,rbf_svm,0.5520361990950227,0.7672727272727272,0.7632721720501761,0.659654463183875,0.6713709677419355,0.686559029206088,0.6682795698924731,0.6713709677419355,0.6713709677419355,0.7155133541449878,122,0.6559139784946236,211,0.6806451612903226,0.875,0.8333333333333333,0.18245343428853517,"[[2, 1], [0, 5]]",0.8545454545454545,0.875,0.8681818181818182,0,0.0,1,0.3333333333333333,0.7142857142857143,0.5526505901684664,0.7453559924999299,1.0,0.8333333333333334,0.8766666666666667,0.9166666666666667,0.875,0.8958333333333334,0.8333333333333333,0.875,0.875,0.8,2,0.6666666666666666,5,1.0
0.594758064516129,0.594758064516129,"{""clf__C"": 0.9020715489795292, ""clf__gamma"": 0.0048275888720946784, ""clf__class_weight"": null}",0.27075912384578055,"[[89, 159], [42, 206]]",arousal,0.5708806983260662,0.594758064516129,0.5708806983260662,42,0.1693548387096774,,159,0.6411290322580645,0.18951612903225812,0.7720852823365829,0.21493927412463631,subject_dependent,rbf_svm,0.6793893129770993,0.5643835616438356,0.5436000897918708,0.6218864373104674,0.594758064516129,0.6218864373104674,0.594758064516129,0.594758064516129,0.594758064516129,0.5923029396462018,89,0.3588709677419355,206,0.8306451612903226,0.625,0.625,0.23300246273270148,"[[1, 3], [0, 4]]",0.5636363636363637,0.625,0.5636363636363637,0,0.0,3,0.75,0.25,0.668537953736395,0.3779644730092272,1.0,0.5714285714285714,0.6458333333333333,0.7857142857142857,0.625,0.7857142857142857,0.625,0.625,0.625,0.6875,1,0.25,4,1.0
0.780241935483871,0.6491935483870968,"{""clf__C"": 0.26566952561151125, ""clf__gamma"": 0.0030586566669785274, ""clf__class_weight"": null}",0.17752198194516203,"[[48, 76], [33, 339]]",arousal,0.664896023801407,0.780241935483871,0.7631976942386959,33,0.08870967741935484,,76,0.6129032258064516,0.33738601823708203,0.538738760876345,0.34953912411350035,subject_dependent,rbf_svm,0.5925925925925926,0.8168674698795181,0.8353635422596528,0.7047300312360554,0.780241935483871,0.7607987505577867,0.6491935483870968,0.780241935483871,0.780241935483871,0.6856031044051336,48,0.3870967741935484,339,0.9112903225806451,0.75,0.6666666666666667,0.15981809472628455,"[[1, 1], [1, 5]]",0.6666666666666667,0.75,0.75,1,0.16666666666666666,1,0.5,0.33333333333333337,0.5027845095180894,0.3333333333333333,0.5,0.8333333333333334,0.915079365079365,0.6666666666666667,0.75,0.75,0.6666666666666667,0.75,0.75,0.75,1,0.5,5,0.8333333333333334
0.5383064516129032,0.5704301075268817,"{""clf__C"": 243.14537412227003, ""clf__gamma"": 0.0004992453416923984, ""clf__class_weight"": ""balanced""}",0.3194847526534646,"[[130, 56], [173, 137]]",arousal,0.5382144759256322,0.5383064516129032,0.5398437595287172,173,0.5580645161290323,,56,0.3010752688172043,0.12511938872970396,0.9727388541807406,0.1398703615132029,subject_dependent,rbf_svm,0.429042904290429,0.7098445595854922,0.7113278364818694,0.5694437319379606,0.5383064516129032,0.6045439388498435,0.5704301075268817,0.5383064516129032,0.5383064516129032,0.5656694415539368,130,0.6989247311827957,137,0.44193548387096776,0.5,0.5333333333333333,0.26577999155635423,"[[2, 1], [3, 2]]",0.5,0.5,0.5,3,0.6,1,0.3333333333333333,0.05882352941176472,0.7372665473508516,0.06666666666666667,0.4,0.6666666666666666,0.7892857142857144,0.5333333333333333,0.5,0.5666666666666667,0.5333333333333333,0.5,0.5,0.5333333333333333,2,0.6666666666666666,2,0.4
0.6270161290322581,0.6284946236559139,"{""clf__C"": 0.40069130793659025, ""clf__gamma"": 0.0014899847475658245, ""clf__class_weight"": ""balanced""}",0.2343310087684914,"[[118, 68], [117, 193]]",arousal,0.6182885382564238,0.6270161290322581,0.6327181550058031,117,0.3774193548387097,,68,0.3655913978494624,0.24412665985699689,0.662287309099874,0.24917133934104913,subject_dependent,rbf_svm,0.502127659574468,0.7394636015325671,0.7354277023008577,0.6207956305535176,0.6270161290322581,0.65046262329828,0.6284946236559139,0.6270161290322581,0.6270161290322581,0.6324141519250781,118,0.6344086021505376,193,0.6225806451612903,0.625,0.6333333333333333,0.22678840153134566,"[[2, 1], [2, 3]]",0.6190476190476191,0.625,0.6309523809523809,2,0.4,1,0.3333333333333333,0.25,0.6446239010305885,0.2581988897471611,0.5,0.75,0.8350000000000001,0.625,0.625,0.65625,0.6333333333333333,0.625,0.625,0.6666666666666667,2,0.6666666666666666,3,0.6
0.5362903225806451,0.4698924731182796,"{""clf__C"": 0.21466070134458173, ""clf__gamma"": 0.0012955517240662183, ""clf__class_weight"": ""balanced""}",0.2890939173197906,"[[38, 148], [82, 228]]",arousal,0.45654452257093314,0.5362903225806451,0.5085891499456926,82,0.2645161290322581,,148,0.7956989247311828,-0.06481481481481488,0.7879169088198735,-0.06807032936568412,subject_dependent,rbf_svm,0.31666666666666665,0.6063829787234043,0.5937055503070809,0.4615248226950355,0.5362903225806451,0.4977393617021277,0.4698924731182796,0.5362903225806451,0.5362903225806451,0.4430454387790496,38,0.20430107526881722,228,0.7354838709677419,0.625,0.5666666666666667,0.27771010599633317,"[[1, 2], [1, 4]]",0.5636363636363637,0.625,0.6045454545454546,1,0.2,2,0.6666666666666666,0.1428571428571429,0.757144081742378,0.14907119849998599,0.5,0.6666666666666666,0.6783333333333333,0.5833333333333333,0.625,0.6041666666666666,0.5666666666666667,0.625,0.625,0.4,1,0.3333333333333333,4,0.8
0.5403225806451613,0.48655913978494625,"{""clf__C"": 0.6351054340728711, ""clf__gamma"": 0.0005285382203816729, ""clf__class_weight"": ""balanced""}",0.23385754635769335,"[[47, 77], [151, 221]]",arousal,0.4758134791879114,0.5403225806451613,0.5677574858626123,151,0.40591397849462363,,77,0.6209677419354839,-0.022421524663677195,0.6846929428431581,-0.023768328734673185,subject_dependent,rbf_svm,0.23737373737373738,0.7416107382550335,0.7176646207547692,0.48949223781438544,0.5403225806451613,0.6155514880347094,0.48655913978494625,0.5403225806451613,0.5403225806451613,0.44216094346167184,47,0.3790322580645161,221,0.5940860215053764,0.625,0.4166666666666667,0.22037623593069236,"[[0, 2], [1, 5]]",0.38461538461538464,0.625,0.576923076923077,1,0.16666666666666666,2,1.0,-0.19999999999999996,0.6568149404194208,-0.2182178902359924,0.0,0.7142857142857143,0.7166666666666667,0.35714285714285715,0.625,0.5357142857142857,0.4166666666666667,0.625,0.625,0.4166666666666667,0,0.0,5,0.8333333333333334
0.4717741935483871,0.4717741935483871,"{""clf__C"": 20.12196163610286, ""clf__gamma"": 0.0008612579192594886, ""clf__class_weight"": ""balanced""}",0.3512321669912779,"[[94, 154], [108, 140]]",arousal,0.46719147191471916,0.4717741935483871,0.46719147191471916,108,0.43548387096774194,,154,0.6209677419354839,-0.056451612903225756,1.047874679003939,-0.05744849896214261,subject_dependent,rbf_svm,0.46534653465346537,0.47619047619047616,0.44841841740811117,0.4707685054219708,0.4717741935483871,0.47076850542197074,0.4717741935483871,0.4717741935483871,0.4717741935483871,0.44897079864724243,94,0.3790322580645161,140,0.5645161290322581,0.5,0.5,0.32312980520345647,"[[0, 4], [0, 4]]",0.3333333333333333,0.5,0.3333333333333333,0,0.0,4,1.0,0.0,0.9020525331789385,0.0,0.0,0.5,0.5,0.25,0.5,0.25,0.5,0.5,0.5,0.375,0,0.0,4,1.0
0.5645161290322581,0.532258064516129,"{""clf__C"": 243.14537412227003, ""clf__gamma"": 0.0004992453416923984, ""clf__class_weight"": ""balanced""}",0.2666746402476392,"[[58, 66], [150, 222]]",arousal,0.5110624315443593,0.5645161290322581,0.5918948521358159,150,0.4032258064516129,,66,0.532258064516129,0.052631578947368474,0.7870314711698367,0.05661385170722979,subject_dependent,rbf_svm,0.27884615384615385,0.7708333333333334,0.7775573127455466,0.5248397435897436,0.5645161290322581,0.6478365384615385,0.532258064516129,0.5645161290322581,0.5645161290322581,0.5354882067291016,58,0.46774193548387094,222,0.5967741935483871,0.625,0.4166666666666667,0.2135918503192474,"[[0, 2], [1, 5]]",0.38461538461538464,0.625,0.576923076923077,1,0.16666666666666666,2,1.0,-0.19999999999999996,0.6110968083308823,-0.2182178902359924,0.0,0.7142857142857143,0.8773809523809524,0.35714285714285715,0.625,0.5357142857142857,0.4166666666666667,0.625,0.625,0.5833333333333333,0,0.0,5,0.8333333333333334
0.4798387096774194,0.5349462365591398,"{""clf__C"": 48.43827864278568, ""clf__gamma"": 0.00039459088111000007, ""clf__class_weight"": ""balanced""}",0.2907435916418949,"[[80, 44], [214, 158]]",arousal,0.4666488838504243,0.4798387096774194,0.508585765967024,214,0.5752688172043011,,44,0.3548387096774194,0.047970479704797064,0.7837655489776741,0.06159754034633266,subject_dependent,rbf_svm,0.272108843537415,0.7821782178217822,0.7785660478726129,0.5271435306795986,0.4798387096774194,0.6546608742506904,0.5349462365591398,0.4798387096774194,0.4798387096774194,0.5526361429066944,80,0.6451612903225806,158,0.42473118279569894,0.375,0.41666666666666663,0.27637104136123436,"[[1, 1], [4, 2]]",0.36507936507936506,0.375,0.40476190476190477,4,0.6666666666666666,1,0.5,-0.11111111111111116,0.7465976181799414,-0.14907119849998599,0.2,0.6666666666666666,0.8734126984126984,0.43333333333333335,0.375,0.55,0.41666666666666663,0.375,0.375,0.6666666666666666,1,0.5,2,0.3333333333333333
0.594758064516129,0.5766129032258065,"{""clf__C"": 0.4342298948286134, ""clf__gamma"": 0.0008179499475211679, ""clf__class_weight"": ""balanced""}",0.23188032773196954,"[[67, 57], [144, 228]]",arousal,0.5470319634703196,0.594758064516129,0.6205479452054795,144,0.3870967741935484,,57,0.4596774193548387,0.12418300653594772,0.6563664580261249,0.1341993989293014,subject_dependent,rbf_svm,0.3175355450236967,0.8,0.79808213520846,0.5587677725118484,0.594758064516129,0.6793838862559242,0.5766129032258065,0.594758064516129,0.594758064516129,0.5807969129379119,67,0.5403225806451613,228,0.6129032258064516,0.75,0.5,0.22551205437714986,"[[0, 2], [0, 6]]",0.42857142857142855,0.75,0.6428571428571428,0,0.0,2,1.0,0.0,0.6439769457030864,0.0,0.0,0.75,0.9305555555555556,0.375,0.75,0.5625,0.5,0.75,0.75,0.75,0,0.0,6,1.0
0.5282258064516129,0.5510752688172043,"{""clf__C"": 2.2463533171675794, ""clf__gamma"": 0.0006516990611177178, ""clf__class_weight"": null}",0.2503881066200597,"[[74, 50], [184, 188]]",arousal,0.5019139987983864,0.5282258064516129,0.5591537207106686,184,0.4946236559139785,,50,0.4032258064516129,0.07509881422924902,0.6943753988373698,0.08853696647447146,subject_dependent,rbf_svm,0.2868217054263566,0.7899159663865546,0.7742350860505658,0.5383688359064556,0.5282258064516129,0.6641424011465051,0.5510752688172043,0.5282258064516129,0.5282258064516129,0.5833550121401319,74,0.5967741935483871,188,0.5053763440860215,0.625,0.75,0.24468622890625458,"[[2, 0], [3, 3]]",0.6190476190476191,0.625,0.6428571428571428,3,0.5,0,0.0,0.33333333333333337,0.6825096464904307,0.4472135954999579,0.4,1.0,0.9761904761904762,0.7,0.625,0.85,0.75,0.625,0.625,0.9166666666666667,2,1.0,3,0.5
0.6169354838709677,0.5510752688172043,"{""clf__C"": 243.14537412227003, ""clf__gamma"": 0.0004992453416923984, ""clf__class_weight"": ""balanced""}",0.19362101679111754,"[[52, 72], [118, 254]]",arousal,0.5407675964368556,0.6169354838709677,0.6342806463559637,118,0.3172043010752688,,72,0.5806451612903226,0.09090909090909094,0.5846954451663356,0.0931943768054613,subject_dependent,rbf_svm,0.3058823529411765,0.7791411042944786,0.7846764023417201,0.5425117286178276,0.6169354838709677,0.660826416456153,0.5510752688172043,0.6169354838709677,0.6169354838709677,0.5670308706208811,52,0.41935483870967744,254,0.6827956989247311,0.75,0.5,0.17317168573050418,"[[0, 2], [0, 6]]",0.42857142857142855,0.75,0.6428571428571428,0,0.0,2,1.0,0.0,0.5248577498113158,0.0,0.0,0.75,0.9761904761904762,0.375,0.75,0.5625,0.5,0.75,0.75,0.9166666666666667,0,0.0,6,1.0
0.5020161290322581,0.5016129032258064,"{""clf__C"": 0.6351054340728711, ""clf__gamma"": 0.0005285382203816729, ""clf__class_weight"": ""balanced""}",0.23458476492779,"[[93, 93], [154, 156]]",arousal,0.49385036790375425,0.5020161290322581,0.509922659648746,154,0.4967741935483871,,93,0.5,0.003027245206861706,0.6620084424337793,0.0031233990582362936,subject_dependent,rbf_svm,0.3765182186234818,0.6265060240963856,0.6313816007264732,0.5015121213599336,0.5020161290322581,0.5327605970440467,0.5016129032258064,0.5020161290322581,0.502016129032258,0.5014394727714186,93,0.5,156,0.5032258064516129,0.625,0.5,0.2344853965891754,"[[0, 3], [0, 5]]",0.38461538461538464,0.625,0.4807692307692308,0,0.0,3,1.0,0.0,0.6617954949484235,0.0,0.0,0.625,0.7783333333333333,0.3125,0.625,0.390625,0.5,0.625,0.625,0.5333333333333334,0,0.0,5,1.0
0.5564516129032258,0.5564516129032258,"{""clf__C"": 183.42628625395747, ""clf__gamma"": 0.0001005394019469303, ""clf__class_weight"": ""balanced""}",,"[[0, 0], [220, 276]]",arousal,0.35751295336787564,0.5564516129032258,0.7150259067357513,,,,,,0.0,,0.0,subject_dependent,rbf_svm,,,1.0,0.5,0.5564516129032258,1.0,0.2782258064516129,0.5564516129032258,0.5564516129032258,nan,,,,,1.0,1.0,,[[8]],1.0,1.0,1.0,,,,,nan,,0.0,,,1.0,1.0,1.0,1.0,1.0,1.0,1.0,nan,,,,
0.4737903225806452,0.45026881720430106,"{""clf__C"": 0.40069130793659025, ""clf__gamma"": 0.0014899847475658245, ""clf__class_weight"": ""balanced""}",0.3374387978942942,"[[50, 74], [187, 185]]",arousal,0.431689575092958,0.4737903225806452,0.5090302075147833,187,0.5026881720430108,,74,0.5967741935483871,-0.07628865979381438,0.9276766943065762,-0.08622179137326613,subject_dependent,rbf_svm,0.2109704641350211,0.7142857142857143,0.7983010121698907,0.4626280892103677,0.4737903225806452,0.5884569017480411,0.45026881720430106,0.4737903225806452,0.4737903225806452,0.45261012833853626,50,0.4032258064516129,185,0.49731182795698925,0.375,0.25,0.3224116577509528,"[[0, 2], [3, 3]]",0.2727272727272727,0.375,0.40909090909090906,3,0.5,2,1.0,-0.4285714285714286,0.8578204540611405,-0.4472135954999579,0.0,0.6,0.8551587301587301,0.3,0.375,0.44999999999999996,0.25,0.375,0.375,0.5,0,0.0,3,0.5
0.5786290322580645,0.5786290322580645,"{""clf__C"": 51.4138527229363, ""clf__gamma"": 0.006173770394704574, ""clf__class_weight"": ""balanced""}",0.34091328427367,"[[95, 153], [56, 192]]",arousal,0.5618726411306512,0.5786290322580645,0.5618726411306513,56,0.22580645161290322,,153,0.6169354838709677,0.157258064516129,1.7639247688185187,0.17087030153941793,subject_dependent,rbf_svm,0.6291390728476821,0.5565217391304348,0.6004490168698937,0.5928304059890585,0.5786290322580645,0.5928304059890585,0.5786290322580645,0.5786290322580645,0.5786290322580645,0.6257316597294486,95,0.38306451612903225,192,0.7741935483870968,0.625,0.625,0.23871912938979875,"[[1, 3], [0, 4]]",0.5636363636363637,0.625,0.5636363636363637,0,0.0,3,0.75,0.25,0.6708152271571082,0.3779644730092272,1.0,0.5714285714285714,0.8166666666666667,0.7857142857142857,0.625,0.7857142857142857,0.625,0.625,0.625,0.75,1,0.25,4,1.0
0.4475806451612903,0.5333333333333333,"{""clf__C"": 51.4138527229363, ""clf__gamma"": 0.006173770394704574, ""clf__class_weight"": ""balanced""}",0.4564946349444803,"[[59, 251], [23, 163]]",arousal,0.42217687074829935,0.4475806451612903,0.39188775510204077,23,0.12365591397849462,,251,0.8096774193548387,0.05354058721934374,2.205275010783223,0.08688383120973898,subject_dependent,rbf_svm,0.7195121951219512,0.39371980676328505,0.48508105975246757,0.5566160009426181,0.4475806451612903,0.5973400494874513,0.5333333333333333,0.4475806451612903,0.4475806451612903,0.5965313909122443,59,0.19032258064516128,163,0.8763440860215054,0.375,0.5,0.38918132599886923,"[[0, 5], [0, 3]]",0.2727272727272727,0.375,0.20454545454545453,0,0.0,5,1.0,0.0,1.0263419297753407,0.0,0.0,0.375,0.7222222222222223,0.1875,0.375,0.140625,0.5,0.375,0.375,0.7333333333333333,0,0.0,3,1.0
0.5504032258064516,0.5504032258064516,"{""clf__C"": 166.2878326769575, ""clf__gamma"": 0.008979064194712979, ""clf__class_weight"": ""balanced""}",0.2824641847927353,"[[169, 79], [144, 104]]",arousal,0.5425470757803227,0.5504032258064516,0.5425470757803227,144,0.5806451612903226,,79,0.3185483870967742,0.10080645161290325,0.8044758745365469,0.10445814158448649,subject_dependent,rbf_svm,0.5399361022364217,0.5683060109289617,0.5717207617542058,0.5541210565826917,0.5504032258064516,0.5541210565826917,0.5504032258064516,0.5504032258064516,0.5504032258064516,0.5947580645161292,169,0.6814516129032258,104,0.41935483870967744,0.625,0.625,0.22538844165589708,"[[4, 0], [3, 1]]",0.5636363636363637,0.625,0.5636363636363637,3,0.75,0,0.0,0.25,0.6415220374935101,0.3779644730092272,0.5714285714285714,1.0,0.8541666666666666,0.7857142857142857,0.625,0.7857142857142857,0.625,0.625,0.625,0.8125,4,1.0,1,0.25
0.4495967741935484,0.5954301075268817,"{""clf__C"": 64.69870699850829, ""clf__gamma"": 0.0008200518402245837, ""clf__class_weight"": null}",0.3672758326042151,"[[113, 259], [14, 110]]",arousal,0.4495766380631445,0.4495967741935484,0.45124122484319557,14,0.11290322580645161,,259,0.696236559139785,0.11507293354943271,1.0501914879505898,0.18935757265404887,subject_dependent,rbf_svm,0.889763779527559,0.2981029810298103,0.261585335684987,0.5939333802786847,0.4495967741935484,0.7418485799031218,0.5954301075268817,0.4495967741935484,0.4495967741935484,0.5698057578910857,113,0.30376344086021506,110,0.8870967741935484,0.5,0.6666666666666666,0.3351088364198991,"[[2, 4], [0, 2]]",0.5,0.5,0.5,0,0.0,4,0.6666666666666666,0.19999999999999996,0.8875371779417303,0.3333333333333333,1.0,0.3333333333333333,0.3333333333333333,0.6666666666666666,0.5,0.8333333333333334,0.6666666666666666,0.5,0.5,0.5,2,0.3333333333333333,2,1.0
0.4475806451612903,0.46451612903225803,"{""clf__C"": 20.12196163610286, ""clf__gamma"": 0.0008612579192594886, ""clf__class_weight"": ""balanced""}",0.296187871836397,"[[123, 187], [87, 99]]",arousal,0.44628422425032593,0.4475806451612903,0.45298239895697523,87,0.46774193548387094,,187,0.603225806451613,-0.06407766990291264,0.8031922711891334,-0.06953534953651154,subject_dependent,rbf_svm,0.5857142857142857,0.34615384615384615,0.32077649885648346,0.46593406593406594,0.4475806451612903,0.4958791208791209,0.46451612903225803,0.4475806451612903,0.4475806451612903,0.42986472424557753,123,0.3967741935483871,99,0.532258064516129,0.625,0.5666666666666667,0.2700203713694739,"[[4, 1], [2, 1]]",0.5636363636363637,0.625,0.6045454545454546,2,0.6666666666666666,1,0.2,0.1428571428571429,0.7347004338931261,0.14907119849998599,0.6666666666666666,0.5,0.4027777777777778,0.5833333333333333,0.625,0.6041666666666666,0.5666666666666667,0.625,0.625,0.3333333333333333,4,0.8,1,0.3333333333333333
0.5645161290322581,0.5,"{""clf__C"": 1.351144633701368, ""clf__gamma"": 0.015446089075047083, ""clf__class_weight"": ""balanced""}",0.3011229352471167,"[[45, 141], [75, 235]]",arousal,0.4896244211970503,0.5645161290322581,0.5385011147316069,75,0.24193548387096775,,141,0.7580645161290323,0.0,0.9043156347272999,0.0,subject_dependent,rbf_svm,0.375,0.625,0.6050639539695084,0.5,0.5645161290322581,0.53125,0.5,0.5645161290322581,0.5645161290322581,0.4696496704821366,45,0.24193548387096775,235,0.7580645161290323,0.625,0.5,0.2643505886541636,"[[0, 3], [0, 5]]",0.38461538461538464,0.625,0.4807692307692308,0,0.0,3,1.0,0.0,0.7412038877285533,0.0,0.0,0.625,0.5783333333333334,0.3125,0.625,0.390625,0.5,0.625,0.625,0.33333333333333337,0,0.0,5,1.0
0.5645161290322581,0.6048387096774193,"{""clf__C"": 0.6351054340728711, ""clf__gamma"": 0.0005285382203816729, ""clf__class_weight"": ""balanced""}",0.18528803545826414,"[[85, 39], [177, 195]]",arousal,0.5419894321038321,0.5645161290322581,0.5927768942697378,177,0.47580645161290325,,39,0.31451612903225806,0.15294117647058825,0.5553237965211566,0.18187600283469144,subject_dependent,rbf_svm,0.3244274809160305,0.8333333333333334,0.8579163248729906,0.5788804071246819,0.5645161290322581,0.7061068702290076,0.6048387096774193,0.5645161290322581,0.5645161290322581,0.6655176899063475,85,0.6854838709677419,195,0.5241935483870968,0.75,0.5,0.17758218668976938,"[[0, 2], [0, 6]]",0.42857142857142855,0.75,0.6428571428571428,0,0.0,2,1.0,0.0,0.5415987086966936,0.0,0.0,0.75,0.9761904761904762,0.375,0.75,0.5625,0.5,0.75,0.75,0.9166666666666667,0,0.0,6,1.0
0.5282258064516129,0.6267281105990783,"{""clf__C"": 0.21466070134458173, ""clf__gamma"": 0.0012955517240662183, ""clf__class_weight"": ""balanced""}",0.16950022688417196,"[[47, 15], [219, 215]]",arousal,0.46708786364972077,0.5282258064516129,0.6024647369967675,219,0.5046082949308756,,15,0.24193548387096775,0.10516252390057357,0.5216192692691195,0.16808885886593355,subject_dependent,rbf_svm,0.17669172932330826,0.9347826086956522,0.945243642143643,0.5557371690094802,0.5282258064516129,0.8400212487741092,0.6267281105990783,0.5282258064516129,0.5282258064516129,0.7022261037609633,47,0.7580645161290323,215,0.49539170506912444,0.875,0.5,0.1597395637479403,"[[0, 1], [0, 7]]",0.4666666666666667,0.875,0.8166666666666667,0,0.0,1,1.0,0.0,0.5072599868134572,0.0,0.0,0.875,1.0,0.4375,0.875,0.765625,0.5,0.875,0.875,1.0,0,0.0,7,1.0
0.6955645161290323,0.7198924731182796,"{""clf__C"": 243.14537412227003, ""clf__gamma"": 0.0004992453416923984, ""clf__class_weight"": ""balanced""}",0.2045596421026509,"[[152, 34], [117, 193]]",arousal,0.6934700309001984,0.6955645161290323,0.6998045715922812,117,0.3774193548387097,,34,0.1827956989247312,0.40375123395853896,0.6231970384255,0.4273548232361497,subject_dependent,rbf_svm,0.5650557620817844,0.8502202643171806,0.8615138128362863,0.7076380131994825,0.6955645161290323,0.743283575978907,0.7198924731182796,0.6955645161290323,0.6955645161290323,0.7833333333333333,152,0.8172043010752689,193,0.6225806451612903,0.875,0.9,0.13314181764334318,"[[3, 0], [1, 4]]",0.873015873015873,0.875,0.876984126984127,1,0.2,0,0.0,0.75,0.43330460719583674,0.7745966692414834,0.75,1.0,0.9666666666666667,0.875,0.875,0.90625,0.9,0.875,0.875,0.9333333333333333,3,1.0,4,0.8
0.7520161290322581,0.7596774193548387,"{""clf__C"": 32.32518791282502, ""clf__gamma"": 0.0005104518230902811, ""clf__class_weight"": ""balanced""}",0.15536396128857322,"[[147, 39], [84, 226]]",arousal,0.7455614638723803,0.7520161290322581,0.7556928370347199,84,0.2709677419354839,,39,0.20967741935483872,0.4953846153846154,0.47002458181622087,0.5040487874233167,subject_dependent,rbf_svm,0.6363636363636364,0.8528301886792453,0.9038126589508373,0.7445969125214409,0.7520161290322581,0.771655231560892,0.7596774193548387,0.7520161290322581,0.7520161290322581,0.8453087062088103,147,0.7903225806451613,226,0.7290322580645161,0.75,0.7333333333333334,0.1163858917491972,"[[2, 1], [1, 4]]",0.7333333333333334,0.75,0.75,1,0.2,1,0.3333333333333333,0.4666666666666667,0.38475252409450866,0.4666666666666667,0.6666666666666666,0.8,0.9666666666666667,0.7333333333333334,0.75,0.75,0.7333333333333334,0.75,0.75,0.9333333333333333,2,0.6666666666666666,4,0.8
0.5806451612903226,0.6962365591397849,"{""clf__C"": 20.12196163610286, ""clf__gamma"": 0.0008612579192594886, ""clf__class_weight"": ""balanced""}",0.41547514231414395,"[[173, 199], [9, 115]]",arousal,0.5748314458566177,0.5806451612903226,0.5996900911593558,9,0.07258064516129033,,199,0.5349462365591398,0.25978647686832745,2.1386577179824515,0.3526076338374195,subject_dependent,rbf_svm,0.9505494505494505,0.3662420382165605,0.4088412621611172,0.6583957443830055,0.5806451612903226,0.8044725974662279,0.6962365591397849,0.5806451612903226,0.5806451612903226,0.7429110301768991,173,0.4650537634408602,115,0.9274193548387096,0.5,0.6666666666666666,0.36587667034817134,"[[2, 4], [0, 2]]",0.5,0.5,0.5,0,0.0,4,0.6666666666666666,0.19999999999999996,1.2226499421331083,0.3333333333333333,1.0,0.3333333333333333,0.5833333333333333,0.6666666666666666,0.5,0.8333333333333334,0.6666666666666666,0.5,0.5,0.8333333333333334,2,0.3333333333333333,2,1.0
0.5221774193548387,0.4994623655913979,"{""clf__C"": 0.5284919490133119, ""clf__gamma"": 0.005047786565710607, ""clf__class_weight"": null}",0.3070844103347687,"[[183, 127], [110, 76]]",arousal,0.49885533770735013,0.5221774193548387,0.525882796812851,110,0.5913978494623656,,127,0.4096774193548387,-0.001055966209081216,0.8664888234502092,-0.0010586990937896154,subject_dependent,rbf_svm,0.6245733788395904,0.37438423645320196,0.35744450072702,0.4994788076463962,0.5221774193548387,0.5307524504446948,0.4994623655913979,0.5221774193548387,0.5221774193548387,0.45951266042317035,183,0.5903225806451613,76,0.40860215053763443,0.5,0.4,0.256743913066289,"[[4, 1], [3, 0]]",0.3333333333333333,0.5,0.41666666666666663,3,1.0,1,0.2,-0.23076923076923084,0.7107581205886366,-0.29277002188455997,0.5714285714285714,0.0,0.4027777777777778,0.2857142857142857,0.5,0.3571428571428571,0.4,0.5,0.5,0.39999999999999997,4,0.8,0,0.0
0.5665322580645161,0.5665322580645161,"{""clf__C"": 0.5284919490133119, ""clf__gamma"": 0.005047786565710607, ""clf__class_weight"": null}",0.27186388707390574,"[[168, 80], [135, 113]]",arousal,0.5611360091526023,0.5665322580645161,0.5611360091526023,135,0.5443548387096774,,80,0.3225806451612903,0.13306451612903225,0.7629195459306976,0.13646270355240692,subject_dependent,rbf_svm,0.5544554455445545,0.5854922279792746,0.5290739613074015,0.5699738367619145,0.5665322580645161,0.5699738367619146,0.5665322580645161,0.5665322580645161,0.5665322580645161,0.5942215140478668,168,0.6774193548387096,113,0.45564516129032256,0.5,0.5,0.23807386152665444,"[[3, 1], [3, 1]]",0.4666666666666667,0.5,0.4666666666666667,3,0.75,1,0.25,0.0,0.6643399407507282,0.0,0.5,0.5,0.6083333333333333,0.5,0.5,0.5,0.5,0.5,0.5,0.625,3,0.75,1,0.25
0.5403225806451613,0.5247311827956989,"{""clf__C"": 262.30889101079146, ""clf__gamma"": 0.0025135566617708314, ""clf__class_weight"": null}",0.33396151578885025,"[[182, 128], [100, 86]]",arousal,0.5224324324324324,0.5403225806451613,0.5455405405405406,100,0.5376344086021505,,128,0.4129032258064516,0.04801670146137782,1.0903416490725104,0.048348250247136605,subject_dependent,rbf_svm,0.6453900709219859,0.40186915887850466,0.3992514769052019,0.5236296149002453,0.5403225806451613,0.5540697289056804,0.5247311827956989,0.5403225806451613,0.5403225806451613,0.541449878598682,182,0.5870967741935483,86,0.46236559139784944,0.5,0.4666666666666667,0.22940773919358054,"[[3, 2], [2, 1]]",0.4666666666666667,0.5,0.5,2,0.6666666666666666,2,0.4,-0.06666666666666665,0.6498728831046102,-0.06666666666666667,0.6,0.3333333333333333,0.5333333333333333,0.4666666666666667,0.5,0.5,0.4666666666666667,0.5,0.5,0.6666666666666666,3,0.6,1,0.3333333333333333
0.6209677419354839,0.5994623655913978,"{""clf__C"": 13.411788774467905, ""clf__gamma"": 0.00026210878782654407, ""clf__class_weight"": ""balanced""}",0.19965734909350716,"[[239, 133], [55, 69]]",arousal,0.5705153005766503,0.6209677419354839,0.6441165091471841,55,0.4435483870967742,,133,0.3575268817204301,0.1644444444444444,0.5842631208928077,0.17531607637033142,subject_dependent,rbf_svm,0.8129251700680272,0.3415841584158416,0.42469826806862093,0.5772546642419344,0.6209677419354839,0.6950899171549808,0.5994623655913978,0.6209677419354839,0.6209677419354839,0.6783732223378426,239,0.6424731182795699,69,0.5564516129032258,0.875,0.75,0.1791268463828704,"[[6, 0], [1, 1]]",0.7948717948717949,0.875,0.8589743589743589,1,0.5,0,0.0,0.6,0.5485670102849253,0.6546536707079772,0.8571428571428571,1.0,1.0,0.9285714285714286,0.875,0.8928571428571428,0.75,0.875,0.875,1.0,6,1.0,1,0.5
0.6270161290322581,0.5794930875576036,"{""clf__C"": 32.32518791282502, ""clf__gamma"": 0.0005104518230902811, ""clf__class_weight"": ""balanced""}",0.20567470295320978,"[[279, 155], [30, 32]]",arousal,0.5040187668574703,0.6270161290322581,0.6892617576632236,30,0.4838709677419355,,155,0.35714285714285715,0.08529048207663781,0.5961002704924391,0.10849257768155023,subject_dependent,rbf_svm,0.9029126213592233,0.1711229946524064,0.16210177010472349,0.5370178080058149,0.6270161290322581,0.8114389180208713,0.5794930875576036,0.6270161290322581,0.6270161290322581,0.6185521034636539,279,0.6428571428571429,32,0.5161290322580645,0.875,0.5,0.17709112149869005,"[[7, 0], [1, 0]]",0.4666666666666667,0.875,0.8166666666666667,1,1.0,0,0.0,0.0,0.5451397447525742,0.0,0.875,0.0,1.0,0.4375,0.875,0.765625,0.5,0.875,0.875,1.0,7,1.0,0,0.0
0.719758064516129,0.6947004608294931,"{""clf__C"": 13.411788774467905, ""clf__gamma"": 0.00026210878782654407, ""clf__class_weight"": ""balanced""}",0.13129655808377366,"[[41, 21], [118, 316]]",arousal,0.5953776901362161,0.719758064516129,0.7636304147519529,118,0.271889400921659,,21,0.3387096774193548,0.23310344827586205,0.41183934246702203,0.27594604378998566,subject_dependent,rbf_svm,0.2578616352201258,0.9376854599406528,0.9621995106606138,0.5977735475803893,0.719758064516129,0.852707481850587,0.6947004608294931,0.719758064516129,0.719758064516129,0.7857514493830831,41,0.6612903225806451,316,0.728110599078341,0.75,0.42857142857142855,0.11075648540792536,"[[0, 1], [1, 6]]",0.42857142857142855,0.75,0.75,1,0.14285714285714285,1,1.0,-0.1428571428571428,0.37249351581726003,-0.14285714285714285,0.0,0.8571428571428571,0.9821428571428572,0.42857142857142855,0.75,0.75,0.42857142857142855,0.75,0.75,0.8571428571428571,0,0.0,6,0.8571428571428571
0.3810483870967742,0.3629032258064516,"{""clf__C"": 0.40069130793659025, ""clf__gamma"": 0.0014899847475658245, ""clf__class_weight"": ""balanced""}",0.2969272740033472,"[[135, 175], [132, 54]]",arousal,0.36408928608715624,0.3810483870967742,0.3900513666450899,132,0.7096774193548387,,175,0.5645161290322581,-0.2620760534429598,0.7909661429859628,-0.2662693505786079,subject_dependent,rbf_svm,0.5056179775280899,0.23580786026200873,0.2920281820246675,0.3707129188950493,0.3810483870967742,0.4044391835533095,0.3629032258064516,0.3810483870967742,0.3810483870967742,0.34274193548387094,135,0.43548387096774194,54,0.2903225806451613,0.375,0.43333333333333335,0.2907895949057359,"[[1, 4], [1, 2]]",0.36507936507936506,0.375,0.34523809523809523,1,0.3333333333333333,4,0.8,-0.11111111111111116,0.7759061298759452,-0.14907119849998599,0.5,0.3333333333333333,0.3194444444444444,0.41666666666666663,0.375,0.4375,0.43333333333333335,0.375,0.375,0.19999999999999998,1,0.2,2,0.6666666666666666
0.5241935483870968,0.5365591397849463,"{""clf__C"": 262.30889101079146, ""clf__gamma"": 0.0025135566617708314, ""clf__class_weight"": null}",0.2844428444563281,"[[151, 159], [77, 109]]",arousal,0.5207572507082849,0.5241935483870968,0.5309025105219201,77,0.41397849462365593,,159,0.5129032258064516,0.06719367588932801,0.7750927112615069,0.07102781627764321,subject_dependent,rbf_svm,0.6622807017543859,0.40671641791044777,0.38382625825290606,0.5344985598324168,0.5241935483870968,0.5664440953129092,0.5365591397849463,0.5241935483870968,0.5241935483870968,0.515894901144641,151,0.4870967741935484,109,0.5860215053763441,0.5,0.6,0.25742426694564524,"[[1, 4], [0, 3]]",0.4666666666666667,0.5,0.4333333333333333,0,0.0,4,0.8,0.1578947368421053,0.7078996323955351,0.29277002188455997,1.0,0.42857142857142855,0.5873015873015872,0.7142857142857143,0.5,0.7857142857142857,0.6,0.5,0.5,0.4666666666666666,1,0.2,3,1.0
0.43548387096774194,0.44623655913978494,"{""clf__C"": 243.14537412227003, ""clf__gamma"": 0.0004992453416923984, ""clf__class_weight"": ""balanced""}",0.29720457781900744,"[[91, 95], [185, 125]]",arousal,0.43281875357347055,0.43548387096774194,0.4425385934819897,185,0.5967741935483871,,95,0.510752688172043,-0.0980392156862746,0.7990289436160876,-0.10478243557698858,subject_dependent,rbf_svm,0.32971014492753625,0.5681818181818182,0.5872806368690456,0.44894598155467724,0.43548387096774194,0.4787549407114625,0.44623655913978494,0.43548387096774194,0.43548387096774194,0.42530350329517863,91,0.489247311827957,125,0.4032258064516129,0.5,0.6,0.28010901867969834,"[[3, 0], [4, 1]]",0.4666666666666667,0.5,0.4333333333333333,4,0.8,0,0.0,0.1578947368421053,0.7546689044209411,0.29277002188455997,0.42857142857142855,1.0,0.6926190476190477,0.7142857142857143,0.5,0.7857142857142857,0.6,0.5,0.5,0.4,3,1.0,1,0.2
0.5705645161290323,0.5510752688172043,"{""clf__C"": 48.43827864278568, ""clf__gamma"": 0.00039459088111000007, ""clf__class_weight"": ""balanced""}",0.2683293799323754,"[[88, 98], [115, 195]]",arousal,0.5496041642686311,0.5705645161290323,0.5738946654900305,115,0.3709677419354839,,98,0.5268817204301075,0.10031678986272441,0.7657793386657465,0.10057641391001346,subject_dependent,rbf_svm,0.43349753694581283,0.6655290102389079,0.7147958874944348,0.5495132735923604,0.5705645161290323,0.5785172077539972,0.5510752688172043,0.5705645161290323,0.5705645161290323,0.5909295872355185,88,0.4731182795698925,195,0.6290322580645161,0.625,0.5666666666666667,0.2222675087575801,"[[1, 2], [1, 4]]",0.5636363636363637,0.625,0.6045454545454546,1,0.2,2,0.6666666666666666,0.1428571428571429,0.6294574132640183,0.14907119849998599,0.5,0.6666666666666666,0.7961904761904761,0.5833333333333333,0.625,0.6041666666666666,0.5666666666666667,0.625,0.625,0.6000000000000001,1,0.3333333333333333,4,0.8
0.6633064516129032,0.6633064516129032,"{""clf__C"": 0.40069130793659025, ""clf__gamma"": 0.0014899847475658245, ""clf__class_weight"": ""balanced""}",0.2188084384269508,"[[176, 72], [95, 153]]",arousal,0.6625809105981172,0.6633064516129032,0.6625809105981172,95,0.38306451612903225,,72,0.2903225806451613,0.3266129032258065,0.6301166338597877,0.328026639184625,subject_dependent,rbf_svm,0.6494464944649446,0.68,0.7089620941724292,0.6647232472324723,0.6633064516129032,0.6647232472324724,0.6633064516129032,0.6633064516129032,0.6633064516129032,0.7119699531737773,176,0.7096774193548387,153,0.6169354838709677,0.75,0.75,0.1834717140050416,"[[3, 1], [1, 3]]",0.75,0.75,0.75,1,0.25,1,0.25,0.5,0.5544988103905137,0.5,0.75,0.75,0.8541666666666666,0.75,0.75,0.75,0.75,0.75,0.75,0.8125,3,0.75,3,0.75
0.5221774193548387,0.41589861751152074,"{""clf__C"": 0.6351054340728711, ""clf__gamma"": 0.0005285382203816729, ""clf__class_weight"": ""balanced""}",0.2117822755707832,"[[17, 45], [192, 242]]",arousal,0.3983755648929582,0.5221774193548387,0.6030612976032673,192,0.4423963133640553,,45,0.7258064516129032,-0.08342857142857141,0.6103766353134938,-0.11265740640221336,subject_dependent,rbf_svm,0.08133971291866028,0.8432055749128919,0.8723611865161491,0.4622726439157761,0.5221774193548387,0.747972342163613,0.41589861751152074,0.5221774193548387,0.5221774193548387,0.43247361379515387,17,0.27419354838709675,242,0.5576036866359447,0.625,0.35714285714285715,0.1928166897434393,"[[0, 1], [2, 5]]",0.38461538461538464,0.625,0.6730769230769231,2,0.2857142857142857,1,1.0,-0.19999999999999996,0.5666735476412648,-0.2182178902359924,0.0,0.8333333333333334,0.8736394557823131,0.4166666666666667,0.625,0.7291666666666667,0.35714285714285715,0.625,0.625,0.2857142857142857,0,0.0,5,0.7142857142857143
0.5463709677419355,0.4771505376344086,"{""clf__C"": 0.40069130793659025, ""clf__gamma"": 0.0014899847475658245, ""clf__class_weight"": ""balanced""}",0.2130859584691607,"[[42, 82], [143, 229]]",arousal,0.4712078352215383,0.5463709677419355,0.57088942273522,143,0.3844086021505376,,82,0.6612903225806451,-0.03926096997690531,0.616964090921445,-0.04091873841460453,subject_dependent,rbf_svm,0.22702702702702704,0.7363344051446945,0.7504356000797978,0.48168071608586077,0.5463709677419355,0.6090075606152777,0.4771505376344086,0.5463709677419355,0.5463709677419355,0.47012660423170305,42,0.3387096774193548,229,0.6155913978494624,0.75,0.5,0.20750750043883945,"[[0, 2], [0, 6]]",0.42857142857142855,0.75,0.6428571428571428,0,0.0,2,1.0,0.0,0.6064380589830273,0.0,0.0,0.75,0.7579365079365079,0.375,0.75,0.5625,0.5,0.75,0.75,0.3333333333333333,0,0.0,6,1.0
0.49193548387096775,0.46881720430107526,"{""clf__C"": 243.14537412227003, ""clf__gamma"": 0.0004992453416923984, ""clf__class_weight"": ""balanced""}",0.29075475278094465,"[[70, 116], [136, 174]]",arousal,0.4685714285714285,0.49193548387096775,0.4964285714285714,136,0.43870967741935485,,116,0.6236559139784946,-0.06105263157894747,0.7964209417225759,-0.061270264463631666,subject_dependent,rbf_svm,0.33980582524271846,0.6,0.6048646589029163,0.4699029126213592,0.49193548387096775,0.5024271844660194,0.46881720430107526,0.49193548387096775,0.49193548387096775,0.4478928199791883,70,0.3763440860215054,174,0.5612903225806452,0.375,0.3,0.26148415645745093,"[[0, 3], [2, 3]]",0.2727272727272727,0.375,0.3409090909090909,2,0.4,3,1.0,-0.4285714285714286,0.7152545184709028,-0.4472135954999579,0.0,0.5,0.6926190476190477,0.25,0.375,0.3125,0.3,0.375,0.375,0.4,0,0.0,3,0.6
0.4939516129032258,0.46102150537634407,"{""clf__C"": 243.14537412227003, ""clf__gamma"": 0.0004992453416923984, ""clf__class_weight"": ""balanced""}",0.24092465140631966,"[[49, 75], [176, 196]]",arousal,0.44522229698717064,0.4939516129032258,0.5274322993489509,176,0.4731182795698925,,75,0.6048387096774194,-0.06131078224101483,0.6761304906493808,-0.06780496030374979,subject_dependent,rbf_svm,0.21777777777777776,0.7232472324723247,0.7365732128422043,0.4705125051250512,0.4939516129032258,0.5968798687986879,0.46102150537634407,0.4939516129032258,0.4939516129032258,0.4478191120360735,49,0.3951612903225806,196,0.5268817204301075,0.75,0.5,0.22062906785149916,"[[0, 2], [0, 6]]",0.42857142857142855,0.75,0.6428571428571428,0,0.0,2,1.0,0.0,0.6342568229823966,0.0,0.0,0.75,0.6968253968253968,0.375,0.75,0.5625,0.5,0.75,0.75,0.3333333333333333,0,0.0,6,1.0
0.7036290322580645,0.7005376344086022,"{""clf__C"": 20.12196163610286, ""clf__gamma"": 0.0008612579192594886, ""clf__class_weight"": ""balanced""}",0.18354182007704878,"[[221, 89], [58, 128]]",arousal,0.6928300901136215,0.7036290322580645,0.7072286796395455,58,0.3118279569892473,,89,0.2870967741935484,0.38813735691987516,0.5414905454564295,0.39140938409656223,subject_dependent,rbf_svm,0.7921146953405018,0.5898617511520737,0.6313831695657759,0.6909882232462878,0.7036290322580645,0.7162698412698413,0.7005376344086022,0.7036290322580645,0.7036290322580645,0.7868453000346861,221,0.7129032258064516,128,0.6881720430107527,0.75,0.7333333333333334,0.14323240485570723,"[[4, 1], [1, 2]]",0.7333333333333334,0.75,0.75,1,0.3333333333333333,1,0.2,0.4666666666666667,0.4577325696498863,0.4666666666666667,0.8,0.6666666666666666,0.9166666666666666,0.7333333333333334,0.75,0.75,0.7333333333333334,0.75,0.75,0.9333333333333333,4,0.8,2,0.6666666666666666
0.7116935483870968,0.7252688172043011,"{""clf__C"": 0.34866781670451225, ""clf__gamma"": 0.00014936568554617635, ""clf__class_weight"": ""balanced""}",0.20248830747128976,"[[208, 102], [41, 145]]",arousal,0.7069660024705946,0.7116935483870968,0.7162710134808529,41,0.22043010752688172,,102,0.32903225806451614,0.4228052472250252,0.5948338370939626,0.436234735133669,subject_dependent,rbf_svm,0.8353413654618473,0.5870445344129555,0.6894254350682936,0.7111929499374015,0.7116935483870968,0.7422300538185129,0.7252688172043011,0.7116935483870968,0.7116935483870968,0.7998265695456122,208,0.6709677419354839,145,0.7795698924731183,0.875,0.9,0.1896379343703004,"[[4, 1], [0, 3]]",0.873015873015873,0.875,0.876984126984127,0,0.0,1,0.2,0.75,0.570933967361678,0.7745966692414834,1.0,0.75,1.0,0.875,0.875,0.90625,0.9,0.875,0.875,1.0,4,0.8,3,1.0
0.6169354838709677,0.6169354838709677,"{""clf__C"": 0.40069130793659025, ""clf__gamma"": 0.0014899847475658245, ""clf__class_weight"": ""balanced""}",0.25369661549319683,"[[123, 125], [65, 183]]",arousal,0.6112467823906013,0.6169354838709677,0.6112467823906013,65,0.2620967741935484,,125,0.5040322580645161,0.2338709677419355,0.7193629890636591,0.24103144848751365,subject_dependent,rbf_svm,0.6542553191489362,0.5941558441558441,0.5551336580555406,0.6242055816523902,0.6169354838709677,0.6242055816523902,0.6169354838709677,0.6169354838709677,0.6169354838709677,0.6141226586888658,123,0.4959677419354839,183,0.7379032258064516,0.625,0.625,0.22745838071338276,"[[2, 2], [1, 3]]",0.6190476190476191,0.625,0.6190476190476191,1,0.25,2,0.5,0.25,0.647399058372444,0.2581988897471611,0.6666666666666666,0.6,0.7333333333333333,0.6333333333333333,0.625,0.6333333333333333,0.625,0.625,0.625,0.6875,2,0.5,3,0.75
0.6370967741935484,0.728494623655914,"{""clf__C"": 0.40069130793659025, ""clf__gamma"": 0.0014899847475658245, ""clf__class_weight"": ""balanced""}",0.1740871554251287,"[[113, 11], [169, 203]]",arousal,0.6247415054052691,0.6370967741935484,0.6587871349551943,169,0.4543010752688172,,11,0.08870967741935484,0.3207547169811321,0.5126056740602849,0.3995368609734921,subject_dependent,rbf_svm,0.40070921985815605,0.9485981308411215,0.9264123504880639,0.6746536753496388,0.6370967741935484,0.8116259030953802,0.728494623655914,0.6370967741935484,0.6370967741935484,0.7841224419007977,113,0.9112903225806451,203,0.5456989247311828,0.625,0.5833333333333333,0.15564927019608998,"[[1, 1], [2, 4]]",0.5636363636363637,0.625,0.6454545454545454,2,0.3333333333333333,1,0.5,0.1428571428571429,0.4745390676404767,0.14907119849998599,0.3333333333333333,0.8,0.9484126984126984,0.5666666666666667,0.625,0.6833333333333335,0.5833333333333333,0.625,0.625,0.8333333333333333,1,0.5,4,0.6666666666666666
0.16733870967741934,0.25460829493087556,"{""clf__C"": 1.351144633701368, ""clf__gamma"": 0.015446089075047083, ""clf__class_weight"": ""balanced""}",0.6176932389056371,"[[23, 39], [374, 60]]",arousal,0.16267928893466913,0.16733870967741934,0.2095253569428605,374,0.8617511520737328,,39,0.6290322580645161,-0.1480194579569145,2.4517621276223998,-0.40608573398225956,subject_dependent,rbf_svm,0.05793450881612091,0.6060606060606061,0.7404507626279666,0.3319975574383635,0.16733870967741934,0.5375448439050455,0.25460829493087556,0.16733870967741934,0.16733870967741934,0.1347926267281106,23,0.3709677419354839,60,0.1382488479262673,0.125,0.07142857142857142,0.5674377128575382,"[[0, 1], [6, 1]]",0.1111111111111111,0.125,0.19444444444444442,6,0.8571428571428571,1,1.0,-0.2727272727272727,1.6948167303476855,-0.6546536707079772,0.0,0.5,0.754591836734694,0.25,0.125,0.4375,0.07142857142857142,0.125,0.125,0.0,0,0.0,1,0.14285714285714285
0.5866935483870968,0.6123655913978494,"{""clf__C"": 235.1599274057192, ""clf__gamma"": 0.021154290797261225, ""clf__class_weight"": ""balanced""}",0.34929491106330207,"[[133, 53], [152, 158]]",arousal,0.5856408751747211,0.5866935483870968,0.5908621343081042,152,0.49032258064516127,,53,0.2849462365591398,0.20310981535471329,1.6645481877749355,0.22005791760005564,subject_dependent,rbf_svm,0.4666666666666667,0.7488151658767772,0.8074097920536268,0.607740916271722,0.5866935483870968,0.6430094786729857,0.6123655913978494,0.5866935483870968,0.5866935483870968,0.6451092611862643,133,0.7150537634408602,158,0.5096774193548387,0.625,0.7,0.2914192748044292,"[[3, 0], [3, 2]]",0.6190476190476191,0.625,0.6071428571428571,3,0.6,0,0.0,0.33333333333333337,0.9305493540320141,0.4472135954999579,0.5,1.0,0.8083333333333333,0.75,0.625,0.8125,0.7,0.625,0.625,0.6,3,1.0,2,0.4
