feature_tag,model,dimension,subject_id,split,train_trials_json,test_trials_json,metrics_json,best_params_json,grid_summary_json
B_features_de_asym,rbf_svm,valence,1,0,"[19, 13, 24, 31, 7, 6, 35, 9, 20, 37, 10, 32, 14, 8, 12, 5, 36, 28, 39, 29, 22, 26, 33, 15, 1, 25, 11, 34, 18, 3, 38, 23]","[30, 2, 27, 17, 16, 21, 0, 4]","{""accuracy"": 0.44375, ""balanced_accuracy"": 0.4816666666666667, ""precision_macro"": 0.4809523809523809, ""precision_micro"": 0.44375, ""precision_weighted"": 0.5107142857142858, ""recall_macro"": 0.4816666666666667, ""recall_micro"": 0.44375, ""recall_weighted"": 0.44375, ""f1_macro"": 0.44320625610948194, ""f1_micro"": 0.44375, ""f1_weighted"": 0.43885630498533723, ""mcc"": -0.03737412737209254, ""kappa"": -0.03188405797101446, ""confusion_matrix"": [[38, 22], [67, 33]], ""tp"": 33, ""tn"": 38, ""fp"": 22, ""fn"": 67, ""tpr"": 0.33, ""tnr"": 0.6333333333333333, ""fpr"": 0.36666666666666664, ""fnr"": 0.67, ""ppv"": 0.6, ""npv"": 0.3619047619047619, ""roc_auc"": 0.5373333333333333, ""pr_auc"": 0.6610897029904425, ""log_loss"": 0.883234169234578, ""brier"": 0.3206693215492826, ""trial_accuracy"": 0.375, ""trial_f1_macro"": 0.36507936507936506}","{""clf__C"": 10.0, ""clf__class_weight"": ""balanced"", ""clf__gamma"": 0.0001}","{""scores"": {""{'clf__C': 0.1, 'clf__class_weight': None, 'clf__gamma': 0.0001}"": 0.3704939736501367, ""{'clf__C': 0.1, 'clf__class_weight': None, 'clf__gamma': 0.001}"": 0.37059679427326486, ""{'clf__C': 0.1, 'clf__class_weight': None, 'clf__gamma': 0.01}"": 0.3670683551198257, ""{'clf__C': 0.1, 'clf__class_weight': None, 'clf__gamma': 0.1}"": 0.3468137254901961, ""{'clf__C': 0.1, 'clf__class_weight': 'balanced', 'clf__gamma': 0.0001}"": 0.3704939736501367, ""{'clf__C': 0.1, 'clf__class_weight': 'balanced', 'clf__gamma': 0.001}"": 0.37059679427326486, ""{'clf__C': 0.1, 'clf__class_weight': 'balanced', 'clf__gamma': 0.01}"": 0.4359453289433622, ""{'clf__C': 0.1, 'clf__class_weight': 'balanced', 'clf__gamma': 0.1}"": 0.3468137254901961, ""{'clf__C': 1.0, 'clf__class_weight': None, 'clf__gamma': 0.0001}"": 0.3704939736501367, ""{'clf__C': 1.0, 'clf__class_weight': None, 'clf__gamma': 0.001}"": 0.5183182071370481, ""{'clf__C': 1.0, 'clf__class_weight': None, 'clf__gamma': 0.01}"": 0.4775144579913551, ""{'clf__C': 1.0, 'clf__class_weight': None, 'clf__gamma': 0.1}"": 0.3375850773068387, ""{'clf__C': 1.0, 'clf__class_weight': 'balanced', 'clf__gamma': 0.0001}"": 0.3747117650611796, ""{'clf__C': 1.0, 'clf__class_weight': 'balanced', 'clf__gamma': 0.001}"": 0.5340776936841483, ""{'clf__C': 1.0, 'clf__class_weight': 'balanced', 'clf__gamma': 0.01}"": 0.479402877420174, ""{'clf__C': 1.0, 'clf__class_weight': 'balanced', 'clf__gamma': 0.1}"": 0.3375850773068387, ""{'clf__C': 10.0, 'clf__class_weight': None, 'clf__gamma': 0.0001}"": 0.5274003974029119, ""{'clf__C': 10.0, 'clf__class_weight': None, 'clf__gamma': 0.001}"": 0.47739620040562486, ""{'clf__C': 10.0, 'clf__class_weight': None, 'clf__gamma': 0.01}"": 0.45855100059403586, ""{'clf__C': 10.0, 'clf__class_weight': None, 'clf__gamma': 0.1}"": 0.3375850773068387, ""{'clf__C': 10.0, 'clf__class_weight': 'balanced', 'clf__gamma': 0.0001}"": 0.5488292117837457, ""{'clf__C': 10.0, 'clf__class_weight': 'balanced', 'clf__gamma': 0.001}"": 0.48892060400172815, ""{'clf__C': 10.0, 'clf__class_weight': 'balanced', 'clf__gamma': 0.01}"": 0.45855100059403586, ""{'clf__C': 10.0, 'clf__class_weight': 'balanced', 'clf__gamma': 0.1}"": 0.3375850773068387, ""{'clf__C': 100.0, 'clf__class_weight': None, 'clf__gamma': 0.0001}"": 0.496909560673683, ""{'clf__C': 100.0, 'clf__class_weight': None, 'clf__gamma': 0.001}"": 0.46528429771370244, ""{'clf__C': 100.0, 'clf__class_weight': None, 'clf__gamma': 0.01}"": 0.45855100059403586, ""{'clf__C': 100.0, 'clf__class_weight': None, 'clf__gamma': 0.1}"": 0.3375850773068387, ""{'clf__C': 100.0, 'clf__class_weight': 'balanced', 'clf__gamma': 0.0001}"": 0.5004940890930402, ""{'clf__C': 100.0, 'clf__class_weight': 'balanced', 'clf__gamma': 0.001}"": 0.4656325921402307, ""{'clf__C': 100.0, 'clf__class_weight': 'balanced', 'clf__gamma': 0.01}"": 0.45855100059403586, ""{'clf__C': 100.0, 'clf__class_weight': 'balanced', 'clf__gamma': 0.1}"": 0.3375850773068387}, ""best_score"": 0.5488292117837457}"
B_features_de_asym,rbf_svm,valence,1,1,"[31, 15, 1, 24, 16, 9, 30, 0, 39, 11, 23, 5, 4, 28, 12, 13, 17, 6, 35, 18, 36, 14, 2, 19, 22, 37, 7, 33, 27, 10, 8, 38]","[21, 26, 29, 25, 34, 3, 32, 20]","{""accuracy"": 0.5875, ""balanced_accuracy"": 0.5875, ""precision_macro"": 0.6166666666666667, ""precision_micro"": 0.5875, ""precision_weighted"": 0.6166666666666667, ""recall_macro"": 0.5875, ""recall_micro"": 0.5875, ""recall_weighted"": 0.5875, ""f1_macro"": 0.56, ""f1_micro"": 0.5875, ""f1_weighted"": 0.5599999999999999, ""mcc"": 0.20207259421636903, ""kappa"": 0.17500000000000004, ""confusion_matrix"": [[67, 13], [53, 27]], ""tp"": 27, ""tn"": 67, ""fp"": 13, ""fn"": 53, ""tpr"": 0.3375, ""tnr"": 0.8375, ""fpr"": 0.1625, ""fnr"": 0.6625, ""ppv"": 0.675, ""npv"": 0.5583333333333333, ""roc_auc"": 0.495, ""pr_auc"": 0.5582053060337452, ""log_loss"": 1.0988745505179165, ""brier"": 0.3365944975754545, ""trial_accuracy"": 0.625, ""trial_f1_macro"": 0.5636363636363637}","{""clf__C"": 1.0, ""clf__class_weight"": ""balanced"", ""clf__gamma"": 0.01}","{""scores"": {""{'clf__C': 0.1, 'clf__class_weight': None, 'clf__gamma': 0.0001}"": 0.34640522875817, ""{'clf__C': 0.1, 'clf__class_weight': None, 'clf__gamma': 0.001}"": 0.34640522875817, ""{'clf__C': 0.1, 'clf__class_weight': None, 'clf__gamma': 0.01}"": 0.34640522875817, ""{'clf__C': 0.1, 'clf__class_weight': None, 'clf__gamma': 0.1}"": 0.34640522875817, ""{'clf__C': 0.1, 'clf__class_weight': 'balanced', 'clf__gamma': 0.0001}"": 0.3194444444444444, ""{'clf__C': 0.1, 'clf__class_weight': 'balanced', 'clf__gamma': 0.001}"": 0.3194444444444444, ""{'clf__C': 0.1, 'clf__class_weight': 'balanced', 'clf__gamma': 0.01}"": 0.4319067152042799, ""{'clf__C': 0.1, 'clf__class_weight': 'balanced', 'clf__gamma': 0.1}"": 0.3194444444444444, ""{'clf__C': 1.0, 'clf__class_weight': None, 'clf__gamma': 0.0001}"": 0.34640522875817, ""{'clf__C': 1.0, 'clf__class_weight': None, 'clf__gamma': 0.001}"": 0.5040154164885029, ""{'clf__C': 1.0, 'clf__class_weight': None, 'clf__gamma': 0.01}"": 0.5304073685525984, ""{'clf__C': 1.0, 'clf__class_weight': None, 'clf__gamma': 0.1}"": 0.34640522875817, ""{'clf__C': 1.0, 'clf__class_weight': 'balanced', 'clf__gamma': 0.0001}"": 0.4291255991651093, ""{'clf__C': 1.0, 'clf__class_weight': 'balanced', 'clf__gamma': 0.001}"": 0.5215177978919606, ""{'clf__C': 1.0, 'clf__class_weight': 'balanced', 'clf__gamma': 0.01}"": 0.5342684532335503, ""{'clf__C': 1.0, 'clf__class_weight': 'balanced', 'clf__gamma': 0.1}"": 0.34640522875817, ""{'clf__C': 10.0, 'clf__class_weight': None, 'clf__gamma': 0.0001}"": 0.5123976360740615, ""{'clf__C': 10.0, 'clf__class_weight': None, 'clf__gamma': 0.001}"": 0.529167996769376, ""{'clf__C': 10.0, 'clf__class_weight': None, 'clf__gamma': 0.01}"": 0.5316961242310939, ""{'clf__C': 10.0, 'clf__class_weight': None, 'clf__gamma': 0.1}"": 0.34640522875817, ""{'clf__C': 10.0, 'clf__class_weight': 'balanced', 'clf__gamma': 0.0001}"": 0.5215986911770091, ""{'clf__C': 10.0, 'clf__class_weight': 'balanced', 'clf__gamma': 0.001}"": 0.5313881663955539, ""{'clf__C': 10.0, 'clf__class_weight': 'balanced', 'clf__gamma': 0.01}"": 0.5316961242310939, ""{'clf__C': 10.0, 'clf__class_weight': 'balanced', 'clf__gamma': 0.1}"": 0.34640522875817, ""{'clf__C': 100.0, 'clf__class_weight': None, 'clf__gamma': 0.0001}"": 0.5231331431551295, ""{'clf__C': 100.0, 'clf__class_weight': None, 'clf__gamma': 0.001}"": 0.5278777666973152, ""{'clf__C': 100.0, 'clf__class_weight': None, 'clf__gamma': 0.01}"": 0.5316961242310939, ""{'clf__C': 100.0, 'clf__class_weight': None, 'clf__gamma': 0.1}"": 0.34640522875817, ""{'clf__C': 100.0, 'clf__class_weight': 'balanced', 'clf__gamma': 0.0001}"": 0.5273596273696536, ""{'clf__C': 100.0, 'clf__class_weight': 'balanced', 'clf__gamma': 0.001}"": 0.5278777666973152, ""{'clf__C': 100.0, 'clf__class_weight': 'balanced', 'clf__gamma': 0.01}"": 0.5316961242310939, ""{'clf__C': 100.0, 'clf__class_weight': 'balanced', 'clf__gamma': 0.1}"": 0.34640522875817}, ""best_score"": 0.5342684532335503}"
B_features_de_asym,rbf_svm,valence,2,0,"[36, 5, 11, 38, 19, 15, 27, 17, 31, 26, 16, 12, 8, 2, 9, 18, 10, 0, 33, 29, 14, 1, 24, 4, 21, 13, 6, 28, 30, 7, 34, 25]","[22, 23, 37, 39, 32, 3, 35, 20]","{""accuracy"": 0.5, ""balanced_accuracy"": 0.2857142857142857, ""precision_macro"": 0.4, ""precision_micro"": 0.5, ""precision_weighted"": 0.7, ""recall_macro"": 0.2857142857142857, ""recall_micro"": 0.5, ""recall_weighted"": 0.5, ""f1_macro"": 0.3333333333333333, ""f1_micro"": 0.5, ""f1_weighted"": 0.5833333333333333, ""mcc"": -0.29277002188455997, ""kappa"": -0.23076923076923084, ""confusion_matrix"": [[80, 60], [20, 0]], ""tp"": 0, ""tn"": 80, ""fp"": 60, ""fn"": 20, ""tpr"": 0.0, ""tnr"": 0.5714285714285714, ""fpr"": 0.42857142857142855, ""fnr"": 1.0, ""ppv"": 0.0, ""npv"": 0.8, ""roc_auc"": 0.2064285714285714, ""pr_auc"": 0.0804397652940067, ""log_loss"": 0.9352791557262785, ""brier"": 0.32778867121947297, ""trial_accuracy"": 0.625, ""trial_f1_macro"": 0.38461538461538464}","{""clf__C"": 1.0, ""clf__class_weight"": null, ""clf__gamma"": 0.001}","{""scores"": {""{'clf__C': 0.1, 'clf__class_weight': None, 'clf__gamma': 0.0001}"": 0.28829365079365077, ""{'clf__C': 0.1, 'clf__class_weight': None, 'clf__gamma': 0.001}"": 0.3610032919797179, ""{'clf__C': 0.1, 'clf__class_weight': None, 'clf__gamma': 0.01}"": 0.4869523749597185, ""{'clf__C': 0.1, 'clf__class_weight': None, 'clf__gamma': 0.1}"": 0.28829365079365077, ""{'clf__C': 0.1, 'clf__class_weight': 'balanced', 'clf__gamma': 0.0001}"": 0.37227668845315903, ""{'clf__C': 0.1, 'clf__class_weight': 'balanced', 'clf__gamma': 0.001}"": 0.5466040419364852, ""{'clf__C': 0.1, 'clf__class_weight': 'balanced', 'clf__gamma': 0.01}"": 0.635060582837277, ""{'clf__C': 0.1, 'clf__class_weight': 'balanced', 'clf__gamma': 0.1}"": 0.37227668845315903, ""{'clf__C': 1.0, 'clf__class_weight': None, 'clf__gamma': 0.0001}"": 0.40737070529587754, ""{'clf__C': 1.0, 'clf__class_weight': None, 'clf__gamma': 0.001}"": 0.6410122890247525, ""{'clf__C': 1.0, 'clf__class_weight': None, 'clf__gamma': 0.01}"": 0.6194396119355168, ""{'clf__C': 1.0, 'clf__class_weight': None, 'clf__gamma': 0.1}"": 0.28829365079365077, ""{'clf__C': 1.0, 'clf__class_weight': 'balanced', 'clf__gamma': 0.0001}"": 0.5876335894940546, ""{'clf__C': 1.0, 'clf__class_weight': 'balanced', 'clf__gamma': 0.001}"": 0.616410928042149, ""{'clf__C': 1.0, 'clf__class_weight': 'balanced', 'clf__gamma': 0.01}"": 0.6159855606264012, ""{'clf__C': 1.0, 'clf__class_weight': 'balanced', 'clf__gamma': 0.1}"": 0.28829365079365077, ""{'clf__C': 10.0, 'clf__class_weight': None, 'clf__gamma': 0.0001}"": 0.6358245487126927, ""{'clf__C': 10.0, 'clf__class_weight': None, 'clf__gamma': 0.001}"": 0.6038062692064944, ""{'clf__C': 10.0, 'clf__class_weight': None, 'clf__gamma': 0.01}"": 0.6224684621770192, ""{'clf__C': 10.0, 'clf__class_weight': None, 'clf__gamma': 0.1}"": 0.28829365079365077, ""{'clf__C': 10.0, 'clf__class_weight': 'balanced', 'clf__gamma': 0.0001}"": 0.631076102048289, ""{'clf__C': 10.0, 'clf__class_weight': 'balanced', 'clf__gamma': 0.001}"": 0.6077555199652108, ""{'clf__C': 10.0, 'clf__class_weight': 'balanced', 'clf__gamma': 0.01}"": 0.6224684621770192, ""{'clf__C': 10.0, 'clf__class_weight': 'balanced', 'clf__gamma': 0.1}"": 0.28829365079365077, ""{'clf__C': 100.0, 'clf__class_weight': None, 'clf__gamma': 0.0001}"": 0.5976578883173842, ""{'clf__C': 100.0, 'clf__class_weight': None, 'clf__gamma': 0.001}"": 0.5882036271423142, ""{'clf__C': 100.0, 'clf__class_weight': None, 'clf__gamma': 0.01}"": 0.6224684621770192, ""{'clf__C': 100.0, 'clf__class_weight': None, 'clf__gamma': 0.1}"": 0.28829365079365077, ""{'clf__C': 100.0, 'clf__class_weight': 'balanced', 'clf__gamma': 0.0001}"": 0.5954451835464479, ""{'clf__C': 100.0, 'clf__class_weight': 'balanced', 'clf__gamma': 0.001}"": 0.5878125494541887, ""{'clf__C': 100.0, 'clf__class_weight': 'balanced', 'clf__gamma': 0.01}"": 0.6224684621770192, ""{'clf__C': 100.0, 'clf__class_weight': 'balanced', 'clf__gamma': 0.1}"": 0.28829365079365077}, ""best_score"": 0.6410122890247525}"
B_features_de_asym,rbf_svm,valence,2,1,"[7, 25, 26, 27, 14, 16, 5, 23, 3, 0, 30, 37, 39, 38, 22, 15, 19, 31, 18, 34, 13, 36, 21, 6, 20, 10, 33, 4, 32, 8, 17, 24]","[9, 35, 11, 2, 12, 1, 29, 28]","{""accuracy"": 0.5375, ""balanced_accuracy"": 0.5375, ""precision_macro"": 0.55859375, ""precision_micro"": 0.5375, ""precision_weighted"": 0.55859375, ""recall_macro"": 0.5375, ""recall_micro"": 0.5375, ""recall_weighted"": 0.5375, ""f1_macro"": 0.4917582417582418, ""f1_micro"": 0.5375, ""f1_weighted"": 0.4917582417582418, ""mcc"": 0.09375, ""kappa"": 0.07499999999999996, ""confusion_matrix"": [[19, 61], [13, 67]], ""tp"": 67, ""tn"": 19, ""fp"": 61, ""fn"": 13, ""tpr"": 0.8375, ""tnr"": 0.2375, ""fpr"": 0.7625, ""fnr"": 0.1625, ""ppv"": 0.5234375, ""npv"": 0.59375, ""roc_auc"": 0.7109375, ""pr_auc"": 0.7722900408815194, ""log_loss"": 0.6786162876307217, ""brier"": 0.24315438856389898, ""trial_accuracy"": 0.5, ""trial_f1_macro"": 0.4666666666666667}","{""clf__C"": 0.1, ""clf__class_weight"": ""balanced"", ""clf__gamma"": 0.01}","{""scores"": {""{'clf__C': 0.1, 'clf__class_weight': None, 'clf__gamma': 0.0001}"": 0.3514955126280319, ""{'clf__C': 0.1, 'clf__class_weight': None, 'clf__gamma': 0.001}"": 0.34666179154478866, ""{'clf__C': 0.1, 'clf__class_weight': None, 'clf__gamma': 0.01}"": 0.37601775815433935, ""{'clf__C': 0.1, 'clf__class_weight': None, 'clf__gamma': 0.1}"": 0.3452194357366771, ""{'clf__C': 0.1, 'clf__class_weight': 'balanced', 'clf__gamma': 0.0001}"": 0.37845629694175736, ""{'clf__C': 0.1, 'clf__class_weight': 'balanced', 'clf__gamma': 0.001}"": 0.3736225758585141, ""{'clf__C': 0.1, 'clf__class_weight': 'balanced', 'clf__gamma': 0.01}"": 0.5357705145090442, ""{'clf__C': 0.1, 'clf__class_weight': 'balanced', 'clf__gamma': 0.1}"": 0.3721802200504027, ""{'clf__C': 1.0, 'clf__class_weight': None, 'clf__gamma': 0.0001}"": 0.34498033136646994, ""{'clf__C': 1.0, 'clf__class_weight': None, 'clf__gamma': 0.001}"": 0.5174403910876765, ""{'clf__C': 1.0, 'clf__class_weight': None, 'clf__gamma': 0.01}"": 0.4796683542661755, ""{'clf__C': 1.0, 'clf__class_weight': None, 'clf__gamma': 0.1}"": 0.3542020373514432, ""{'clf__C': 1.0, 'clf__class_weight': 'balanced', 'clf__gamma': 0.0001}"": 0.5144125321623071, ""{'clf__C': 1.0, 'clf__class_weight': 'balanced', 'clf__gamma': 0.001}"": 0.5224966973995296, ""{'clf__C': 1.0, 'clf__class_weight': 'balanced', 'clf__gamma': 0.01}"": 0.4780173973227029, ""{'clf__C': 1.0, 'clf__class_weight': 'balanced', 'clf__gamma': 0.1}"": 0.3542020373514432, ""{'clf__C': 10.0, 'clf__class_weight': None, 'clf__gamma': 0.0001}"": 0.5032986878523901, ""{'clf__C': 10.0, 'clf__class_weight': None, 'clf__gamma': 0.001}"": 0.46916962929596034, ""{'clf__C': 10.0, 'clf__class_weight': None, 'clf__gamma': 0.01}"": 0.47751276752393457, ""{'clf__C': 10.0, 'clf__class_weight': None, 'clf__gamma': 0.1}"": 0.3542020373514432, ""{'clf__C': 10.0, 'clf__class_weight': 'balanced', 'clf__gamma': 0.0001}"": 0.5143027883589578, ""{'clf__C': 10.0, 'clf__class_weight': 'balanced', 'clf__gamma': 0.001}"": 0.47512083197567073, ""{'clf__C': 10.0, 'clf__class_weight': 'balanced', 'clf__gamma': 0.01}"": 0.47751276752393457, ""{'clf__C': 10.0, 'clf__class_weight': 'balanced', 'clf__gamma': 0.1}"": 0.3542020373514432, ""{'clf__C': 100.0, 'clf__class_weight': None, 'clf__gamma': 0.0001}"": 0.4598953256188449, ""{'clf__C': 100.0, 'clf__class_weight': None, 'clf__gamma': 0.001}"": 0.4991083977946118, ""{'clf__C': 100.0, 'clf__class_weight': None, 'clf__gamma': 0.01}"": 0.47751276752393457, ""{'clf__C': 100.0, 'clf__class_weight': None, 'clf__gamma': 0.1}"": 0.3542020373514432, ""{'clf__C': 100.0, 'clf__class_weight': 'balanced', 'clf__gamma': 0.0001}"": 0.470558959727345, ""{'clf__C': 100.0, 'clf__class_weight': 'balanced', 'clf__gamma': 0.001}"": 0.4975760553595426, ""{'clf__C': 100.0, 'clf__class_weight': 'balanced', 'clf__gamma': 0.01}"": 0.47751276752393457, ""{'clf__C': 100.0, 'clf__class_weight': 'balanced', 'clf__gamma': 0.1}"": 0.3542020373514432}, ""best_score"": 0.5357705145090442}"
B_features_de_asym,rbf_svm,valence,3,0,"[5, 13, 7, 0, 37, 20, 9, 19, 35, 39, 18, 16, 10, 28, 36, 24, 33, 6, 17, 27, 2, 12, 29, 26, 38, 23, 8, 22, 25, 34, 14, 1]","[15, 4, 21, 31, 32, 3, 30, 11]","{""accuracy"": 0.63125, ""balanced_accuracy"": 0.5316666666666667, ""precision_macro"": 0.5873563218390805, ""precision_micro"": 0.63125, ""precision_weighted"": 0.6008620689655172, ""recall_macro"": 0.5316666666666667, ""recall_micro"": 0.63125, ""recall_weighted"": 0.63125, ""f1_macro"": 0.48625850340136056, ""f1_micro"": 0.63125, ""f1_weighted"": 0.5544897959183673, ""mcc"": 0.10519094114807064, ""kappa"": 0.07450980392156858, ""confusion_matrix"": [[93, 7], [52, 8]], ""tp"": 8, ""tn"": 93, ""fp"": 7, ""fn"": 52, ""tpr"": 0.13333333333333333, ""tnr"": 0.93, ""fpr"": 0.07, ""fnr"": 0.8666666666666667, ""ppv"": 0.5333333333333333, ""npv"": 0.6413793103448275, ""roc_auc"": 0.5276666666666667, ""pr_auc"": 0.45569895389089293, ""log_loss"": 0.9414796121415456, ""brier"": 0.2886518484074784, ""trial_accuracy"": 0.625, ""trial_f1_macro"": 0.38461538461538464}","{""clf__C"": 0.1, ""clf__class_weight"": ""balanced"", ""clf__gamma"": 0.01}","{""scores"": {""{'clf__C': 0.1, 'clf__class_weight': None, 'clf__gamma': 0.0001}"": 0.369109047127623, ""{'clf__C': 0.1, 'clf__class_weight': None, 'clf__gamma': 0.001}"": 0.37275641863208214, ""{'clf__C': 0.1, 'clf__class_weight': None, 'clf__gamma': 0.01}"": 0.48290538613119255, ""{'clf__C': 0.1, 'clf__class_weight': None, 'clf__gamma': 0.1}"": 0.369109047127623, ""{'clf__C': 0.1, 'clf__class_weight': 'balanced', 'clf__gamma': 0.0001}"": 0.30018674136321194, ""{'clf__C': 0.1, 'clf__class_weight': 'balanced', 'clf__gamma': 0.001}"": 0.6438249908613917, ""{'clf__C': 0.1, 'clf__class_weight': 'balanced', 'clf__gamma': 0.01}"": 0.7741571720288797, ""{'clf__C': 0.1, 'clf__class_weight': 'balanced', 'clf__gamma': 0.1}"": 0.30018674136321194, ""{'clf__C': 1.0, 'clf__class_weight': None, 'clf__gamma': 0.0001}"": 0.39270507266101107, ""{'clf__C': 1.0, 'clf__class_weight': None, 'clf__gamma': 0.001}"": 0.7419079976187198, ""{'clf__C': 1.0, 'clf__class_weight': None, 'clf__gamma': 0.01}"": 0.748154565302725, ""{'clf__C': 1.0, 'clf__class_weight': None, 'clf__gamma': 0.1}"": 0.369109047127623, ""{'clf__C': 1.0, 'clf__class_weight': 'balanced', 'clf__gamma': 0.0001}"": 0.6474240644346183, ""{'clf__C': 1.0, 'clf__class_weight': 'balanced', 'clf__gamma': 0.001}"": 0.7629988971668703, ""{'clf__C': 1.0, 'clf__class_weight': 'balanced', 'clf__gamma': 0.01}"": 0.7548790846663187, ""{'clf__C': 1.0, 'clf__class_weight': 'balanced', 'clf__gamma': 0.1}"": 0.369109047127623, ""{'clf__C': 10.0, 'clf__class_weight': None, 'clf__gamma': 0.0001}"": 0.7349164078218382, ""{'clf__C': 10.0, 'clf__class_weight': None, 'clf__gamma': 0.001}"": 0.7210749776343942, ""{'clf__C': 10.0, 'clf__class_weight': None, 'clf__gamma': 0.01}"": 0.7413371624815847, ""{'clf__C': 10.0, 'clf__class_weight': None, 'clf__gamma': 0.1}"": 0.369109047127623, ""{'clf__C': 10.0, 'clf__class_weight': 'balanced', 'clf__gamma': 0.0001}"": 0.74652398697241, ""{'clf__C': 10.0, 'clf__class_weight': 'balanced', 'clf__gamma': 0.001}"": 0.7171684221496913, ""{'clf__C': 10.0, 'clf__class_weight': 'balanced', 'clf__gamma': 0.01}"": 0.7413371624815847, ""{'clf__C': 10.0, 'clf__class_weight': 'balanced', 'clf__gamma': 0.1}"": 0.369109047127623, ""{'clf__C': 100.0, 'clf__class_weight': None, 'clf__gamma': 0.0001}"": 0.7211347455559443, ""{'clf__C': 100.0, 'clf__class_weight': None, 'clf__gamma': 0.001}"": 0.7015224628340269, ""{'clf__C': 100.0, 'clf__class_weight': None, 'clf__gamma': 0.01}"": 0.7413371624815847, ""{'clf__C': 100.0, 'clf__class_weight': None, 'clf__gamma': 0.1}"": 0.369109047127623, ""{'clf__C': 100.0, 'clf__class_weight': 'balanced', 'clf__gamma': 0.0001}"": 0.7224641729194371, ""{'clf__C': 100.0, 'clf__class_weight': 'balanced', 'clf__gamma': 0.001}"": 0.7015224628340269, ""{'clf__C': 100.0, 'clf__class_weight': 'balanced', 'clf__gamma': 0.01}"": 0.7413371624815847, ""{'clf__C': 100.0, 'clf__class_weight': 'balanced', 'clf__gamma': 0.1}"": 0.369109047127623}, ""best_score"": 0.7741571720288797}"
B_features_de_asym,rbf_svm,valence,3,1,"[29, 21, 10, 25, 39, 1, 4, 20, 14, 2, 19, 28, 17, 12, 7, 3, 15, 5, 36, 30, 8, 23, 6, 35, 33, 32, 9, 18, 26, 38, 37, 0]","[27, 22, 34, 31, 24, 16, 11, 13]","{""accuracy"": 0.78125, ""balanced_accuracy"": 0.6791666666666667, ""precision_macro"": 0.7052016225244572, ""precision_micro"": 0.78125, ""precision_weighted"": 0.7699236459078979, ""recall_macro"": 0.6791666666666667, ""recall_micro"": 0.78125, ""recall_weighted"": 0.78125, ""f1_macro"": 0.6894237701735899, ""f1_micro"": 0.78125, ""f1_weighted"": 0.7738616826576452, ""mcc"": 0.3834855444592329, ""kappa"": 0.38053097345132747, ""confusion_matrix"": [[106, 14], [21, 19]], ""tp"": 19, ""tn"": 106, ""fp"": 14, ""fn"": 21, ""tpr"": 0.475, ""tnr"": 0.8833333333333333, ""fpr"": 0.11666666666666667, ""fnr"": 0.525, ""ppv"": 0.5757575757575758, ""npv"": 0.8346456692913385, ""roc_auc"": 0.7408333333333333, ""pr_auc"": 0.5195778467327665, ""log_loss"": 0.5186114842279063, ""brier"": 0.1695750482017609, ""trial_accuracy"": 0.875, ""trial_f1_macro"": 0.7948717948717949}","{""clf__C"": 0.1, ""clf__class_weight"": ""balanced"", ""clf__gamma"": 0.01}","{""scores"": {""{'clf__C': 0.1, 'clf__class_weight': None, 'clf__gamma': 0.0001}"": 0.28670634920634924, ""{'clf__C': 0.1, 'clf__class_weight': None, 'clf__gamma': 0.001}"": 0.28670634920634924, ""{'clf__C': 0.1, 'clf__class_weight': None, 'clf__gamma': 0.01}"": 0.33614269933418267, ""{'clf__C': 0.1, 'clf__class_weight': None, 'clf__gamma': 0.1}"": 0.28670634920634924, ""{'clf__C': 0.1, 'clf__class_weight': 'balanced', 'clf__gamma': 0.0001}"": 0.3556286549707602, ""{'clf__C': 0.1, 'clf__class_weight': 'balanced', 'clf__gamma': 0.001}"": 0.5781093566798238, ""{'clf__C': 0.1, 'clf__class_weight': 'balanced', 'clf__gamma': 0.01}"": 0.7013834017061525, ""{'clf__C': 0.1, 'clf__class_weight': 'balanced', 'clf__gamma': 0.1}"": 0.3556286549707602, ""{'clf__C': 1.0, 'clf__class_weight': None, 'clf__gamma': 0.0001}"": 0.30356340649467334, ""{'clf__C': 1.0, 'clf__class_weight': None, 'clf__gamma': 0.001}"": 0.6561398465397333, ""{'clf__C': 1.0, 'clf__class_weight': None, 'clf__gamma': 0.01}"": 0.6757907600849703, ""{'clf__C': 1.0, 'clf__class_weight': None, 'clf__gamma': 0.1}"": 0.28670634920634924, ""{'clf__C': 1.0, 'clf__class_weight': 'balanced', 'clf__gamma': 0.0001}"": 0.626944275016902, ""{'clf__C': 1.0, 'clf__class_weight': 'balanced', 'clf__gamma': 0.001}"": 0.6854420048453415, ""{'clf__C': 1.0, 'clf__class_weight': 'balanced', 'clf__gamma': 0.01}"": 0.6651745210188275, ""{'clf__C': 1.0, 'clf__class_weight': 'balanced', 'clf__gamma': 0.1}"": 0.28670634920634924, ""{'clf__C': 10.0, 'clf__class_weight': None, 'clf__gamma': 0.0001}"": 0.660860085415678, ""{'clf__C': 10.0, 'clf__class_weight': None, 'clf__gamma': 0.001}"": 0.6292462492036891, ""{'clf__C': 10.0, 'clf__class_weight': None, 'clf__gamma': 0.01}"": 0.6488382341920146, ""{'clf__C': 10.0, 'clf__class_weight': None, 'clf__gamma': 0.1}"": 0.28670634920634924, ""{'clf__C': 10.0, 'clf__class_weight': 'balanced', 'clf__gamma': 0.0001}"": 0.6800519954829491, ""{'clf__C': 10.0, 'clf__class_weight': 'balanced', 'clf__gamma': 0.001}"": 0.623548751086167, ""{'clf__C': 10.0, 'clf__class_weight': 'balanced', 'clf__gamma': 0.01}"": 0.6488382341920146, ""{'clf__C': 10.0, 'clf__class_weight': 'balanced', 'clf__gamma': 0.1}"": 0.28670634920634924, ""{'clf__C': 100.0, 'clf__class_weight': None, 'clf__gamma': 0.0001}"": 0.6147291340250395, ""{'clf__C': 100.0, 'clf__class_weight': None, 'clf__gamma': 0.001}"": 0.6023920575063292, ""{'clf__C': 100.0, 'clf__class_weight': None, 'clf__gamma': 0.01}"": 0.6488382341920146, ""{'clf__C': 100.0, 'clf__class_weight': None, 'clf__gamma': 0.1}"": 0.28670634920634924, ""{'clf__C': 100.0, 'clf__class_weight': 'balanced', 'clf__gamma': 0.0001}"": 0.6205164559787628, ""{'clf__C': 100.0, 'clf__class_weight': 'balanced', 'clf__gamma': 0.001}"": 0.600603675822055, ""{'clf__C': 100.0, 'clf__class_weight': 'balanced', 'clf__gamma': 0.01}"": 0.6488382341920146, ""{'clf__C': 100.0, 'clf__class_weight': 'balanced', 'clf__gamma': 0.1}"": 0.28670634920634924}, ""best_score"": 0.7013834017061525}"
B_features_de_asym,rbf_svm,valence,4,0,"[3, 38, 6, 4, 17, 10, 9, 39, 7, 30, 26, 13, 14, 1, 12, 20, 21, 35, 36, 24, 33, 31, 28, 37, 25, 34, 15, 32, 22, 23, 0, 8]","[2, 16, 27, 29, 11, 18, 19, 5]","{""accuracy"": 0.48125, ""balanced_accuracy"": 0.5291666666666667, ""precision_macro"": 0.522468303643075, ""precision_micro"": 0.48125, ""precision_weighted"": 0.6492938533140749, ""recall_macro"": 0.5291666666666667, ""recall_micro"": 0.48125, ""recall_weighted"": 0.48125, ""f1_macro"": 0.4660447911221905, ""f1_micro"": 0.48125, ""f1_weighted"": 0.5110972618712557, ""mcc"": 0.05119865322146743, ""kappa"": 0.040462427745664775, ""confusion_matrix"": [[25, 15], [68, 52]], ""tp"": 52, ""tn"": 25, ""fp"": 15, ""fn"": 68, ""tpr"": 0.43333333333333335, ""tnr"": 0.625, ""fpr"": 0.375, ""fnr"": 0.5666666666666667, ""ppv"": 0.7761194029850746, ""npv"": 0.26881720430107525, ""roc_auc"": 0.5460416666666666, ""pr_auc"": 0.769387564063827, ""log_loss"": 0.9888286501310877, ""brier"": 0.34651015802259977, ""trial_accuracy"": 0.375, ""trial_f1_macro"": 0.36507936507936506}","{""clf__C"": 100.0, ""clf__class_weight"": null, ""clf__gamma"": 0.001}","{""scores"": {""{'clf__C': 0.1, 'clf__class_weight': None, 'clf__gamma': 0.0001}"": 0.35838779956427014, ""{'clf__C': 0.1, 'clf__class_weight': None, 'clf__gamma': 0.001}"": 0.35838779956427014, ""{'clf__C': 0.1, 'clf__class_weight': None, 'clf__gamma': 0.01}"": 0.35838779956427014, ""{'clf__C': 0.1, 'clf__class_weight': None, 'clf__gamma': 0.1}"": 0.35838779956427014, ""{'clf__C': 0.1, 'clf__class_weight': 'balanced', 'clf__gamma': 0.0001}"": 0.30416666666666664, ""{'clf__C': 0.1, 'clf__class_weight': 'balanced', 'clf__gamma': 0.001}"": 0.30416666666666664, ""{'clf__C': 0.1, 'clf__class_weight': 'balanced', 'clf__gamma': 0.01}"": 0.30267524235645044, ""{'clf__C': 0.1, 'clf__class_weight': 'balanced', 'clf__gamma': 0.1}"": 0.30416666666666664, ""{'clf__C': 1.0, 'clf__class_weight': None, 'clf__gamma': 0.0001}"": 0.35838779956427014, ""{'clf__C': 1.0, 'clf__class_weight': None, 'clf__gamma': 0.001}"": 0.4262922428548362, ""{'clf__C': 1.0, 'clf__class_weight': None, 'clf__gamma': 0.01}"": 0.49426179656025543, ""{'clf__C': 1.0, 'clf__class_weight': None, 'clf__gamma': 0.1}"": 0.35838779956427014, ""{'clf__C': 1.0, 'clf__class_weight': 'balanced', 'clf__gamma': 0.0001}"": 0.3765581001834199, ""{'clf__C': 1.0, 'clf__class_weight': 'balanced', 'clf__gamma': 0.001}"": 0.4613027912076677, ""{'clf__C': 1.0, 'clf__class_weight': 'balanced', 'clf__gamma': 0.01}"": 0.48873812058628313, ""{'clf__C': 1.0, 'clf__class_weight': 'balanced', 'clf__gamma': 0.1}"": 0.35838779956427014, ""{'clf__C': 10.0, 'clf__class_weight': None, 'clf__gamma': 0.0001}"": 0.46139992389803336, ""{'clf__C': 10.0, 'clf__class_weight': None, 'clf__gamma': 0.001}"": 0.441440834089415, ""{'clf__C': 10.0, 'clf__class_weight': None, 'clf__gamma': 0.01}"": 0.48047663312487177, ""{'clf__C': 10.0, 'clf__class_weight': None, 'clf__gamma': 0.1}"": 0.35838779956427014, ""{'clf__C': 10.0, 'clf__class_weight': 'balanced', 'clf__gamma': 0.0001}"": 0.4640567595277612, ""{'clf__C': 10.0, 'clf__class_weight': 'balanced', 'clf__gamma': 0.001}"": 0.44738443002572187, ""{'clf__C': 10.0, 'clf__class_weight': 'balanced', 'clf__gamma': 0.01}"": 0.48047663312487177, ""{'clf__C': 10.0, 'clf__class_weight': 'balanced', 'clf__gamma': 0.1}"": 0.35838779956427014, ""{'clf__C': 100.0, 'clf__class_weight': None, 'clf__gamma': 0.0001}"": 0.42999432723276687, ""{'clf__C': 100.0, 'clf__class_weight': None, 'clf__gamma': 0.001}"": 0.4973412189998963, ""{'clf__C': 100.0, 'clf__class_weight': None, 'clf__gamma': 0.01}"": 0.48047663312487177, ""{'clf__C': 100.0, 'clf__class_weight': None, 'clf__gamma': 0.1}"": 0.35838779956427014, ""{'clf__C': 100.0, 'clf__class_weight': 'balanced', 'clf__gamma': 0.0001}"": 0.4261243901310266, ""{'clf__C': 100.0, 'clf__class_weight': 'balanced', 'clf__gamma': 0.001}"": 0.4935291626722007, ""{'clf__C': 100.0, 'clf__class_weight': 'balanced', 'clf__gamma': 0.01}"": 0.48047663312487177, ""{'clf__C': 100.0, 'clf__class_weight': 'balanced', 'clf__gamma': 0.1}"": 0.35838779956427014}, ""best_score"": 0.4973412189998963}"
B_features_de_asym,rbf_svm,valence,4,1,"[1, 32, 37, 8, 23, 13, 10, 19, 11, 24, 28, 35, 34, 38, 21, 2, 27, 17, 20, 6, 25, 5, 14, 33, 4, 3, 31, 36, 15, 9, 29, 26]","[7, 18, 0, 39, 16, 12, 30, 22]","{""accuracy"": 0.50625, ""balanced_accuracy"": 0.5083333333333333, ""precision_macro"": 0.5078137208938897, ""precision_micro"": 0.50625, ""precision_weighted"": 0.5390881387716832, ""recall_macro"": 0.5083333333333333, ""recall_micro"": 0.50625, ""recall_weighted"": 0.50625, ""f1_macro"": 0.4991877649669163, ""f1_micro"": 0.50625, ""f1_weighted"": 0.514055628194461, ""mcc"": 0.016138691493725744, ""kappa"": 0.015576323987538943, ""confusion_matrix"": [[31, 29], [50, 50]], ""tp"": 50, ""tn"": 31, ""fp"": 29, ""fn"": 50, ""tpr"": 0.5, ""tnr"": 0.5166666666666667, ""fpr"": 0.48333333333333334, ""fnr"": 0.5, ""ppv"": 0.6329113924050633, ""npv"": 0.38271604938271603, ""roc_auc"": 0.5520833333333334, ""pr_auc"": 0.6692104771867436, ""log_loss"": 0.7424466608796676, ""brier"": 0.2710914079125738, ""trial_accuracy"": 0.5, ""trial_f1_macro"": 0.5}","{""clf__C"": 10.0, ""clf__class_weight"": ""balanced"", ""clf__gamma"": 0.001}","{""scores"": {""{'clf__C': 0.1, 'clf__class_weight': None, 'clf__gamma': 0.0001}"": 0.34640522875817, ""{'clf__C': 0.1, 'clf__class_weight': None, 'clf__gamma': 0.001}"": 0.34640522875817, ""{'clf__C': 0.1, 'clf__class_weight': None, 'clf__gamma': 0.01}"": 0.34640522875817, ""{'clf__C': 0.1, 'clf__class_weight': None, 'clf__gamma': 0.1}"": 0.34640522875817, ""{'clf__C': 0.1, 'clf__class_weight': 'balanced', 'clf__gamma': 0.0001}"": 0.3194444444444444, ""{'clf__C': 0.1, 'clf__class_weight': 'balanced', 'clf__gamma': 0.001}"": 0.3194444444444444, ""{'clf__C': 0.1, 'clf__class_weight': 'balanced', 'clf__gamma': 0.01}"": 0.3172409188034188, ""{'clf__C': 0.1, 'clf__class_weight': 'balanced', 'clf__gamma': 0.1}"": 0.3194444444444444, ""{'clf__C': 1.0, 'clf__class_weight': None, 'clf__gamma': 0.0001}"": 0.34640522875817, ""{'clf__C': 1.0, 'clf__class_weight': None, 'clf__gamma': 0.001}"": 0.45159915811651813, ""{'clf__C': 1.0, 'clf__class_weight': None, 'clf__gamma': 0.01}"": 0.4802836383918712, ""{'clf__C': 1.0, 'clf__class_weight': None, 'clf__gamma': 0.1}"": 0.34640522875817, ""{'clf__C': 1.0, 'clf__class_weight': 'balanced', 'clf__gamma': 0.0001}"": 0.38191465173692146, ""{'clf__C': 1.0, 'clf__class_weight': 'balanced', 'clf__gamma': 0.001}"": 0.46647743970520184, ""{'clf__C': 1.0, 'clf__class_weight': 'balanced', 'clf__gamma': 0.01}"": 0.4757136380370833, ""{'clf__C': 1.0, 'clf__class_weight': 'balanced', 'clf__gamma': 0.1}"": 0.34640522875817, ""{'clf__C': 10.0, 'clf__class_weight': None, 'clf__gamma': 0.0001}"": 0.44647579565226425, ""{'clf__C': 10.0, 'clf__class_weight': None, 'clf__gamma': 0.001}"": 0.4868963391911955, ""{'clf__C': 10.0, 'clf__class_weight': None, 'clf__gamma': 0.01}"": 0.48547681548811356, ""{'clf__C': 10.0, 'clf__class_weight': None, 'clf__gamma': 0.1}"": 0.34640522875817, ""{'clf__C': 10.0, 'clf__class_weight': 'balanced', 'clf__gamma': 0.0001}"": 0.4589508855914603, ""{'clf__C': 10.0, 'clf__class_weight': 'balanced', 'clf__gamma': 0.001}"": 0.4932822554851552, ""{'clf__C': 10.0, 'clf__class_weight': 'balanced', 'clf__gamma': 0.01}"": 0.48547681548811356, ""{'clf__C': 10.0, 'clf__class_weight': 'balanced', 'clf__gamma': 0.1}"": 0.34640522875817, ""{'clf__C': 100.0, 'clf__class_weight': None, 'clf__gamma': 0.0001}"": 0.4841646943864029, ""{'clf__C': 100.0, 'clf__class_weight': None, 'clf__gamma': 0.001}"": 0.4873851927922757, ""{'clf__C': 100.0, 'clf__class_weight': None, 'clf__gamma': 0.01}"": 0.48547681548811356, ""{'clf__C': 100.0, 'clf__class_weight': None, 'clf__gamma': 0.1}"": 0.34640522875817, ""{'clf__C': 100.0, 'clf__class_weight': 'balanced', 'clf__gamma': 0.0001}"": 0.48276632580590145, ""{'clf__C': 100.0, 'clf__class_weight': 'balanced', 'clf__gamma': 0.001}"": 0.4861300394603623, ""{'clf__C': 100.0, 'clf__class_weight': 'balanced', 'clf__gamma': 0.01}"": 0.48547681548811356, ""{'clf__C': 100.0, 'clf__class_weight': 'balanced', 'clf__gamma': 0.1}"": 0.34640522875817}, ""best_score"": 0.4932822554851552}"
B_features_de_asym,rbf_svm,valence,5,0,"[14, 30, 21, 24, 38, 10, 5, 15, 3, 4, 28, 29, 0, 2, 12, 19, 32, 27, 22, 25, 9, 35, 20, 1, 11, 26, 18, 33, 17, 13, 31, 37]","[34, 23, 16, 36, 8, 39, 6, 7]","{""accuracy"": 0.43125, ""balanced_accuracy"": 0.43125, ""precision_macro"": 0.43071957172098885, ""precision_micro"": 0.43125, ""precision_weighted"": 0.4307195717209888, ""recall_macro"": 0.43125, ""recall_micro"": 0.43125, ""recall_weighted"": 0.43125, ""f1_macro"": 0.430159289264608, ""f1_micro"": 0.43125, ""f1_weighted"": 0.430159289264608, ""mcc"": -0.1380294091008437, ""kappa"": -0.13749999999999996, ""confusion_matrix"": [[38, 42], [49, 31]], ""tp"": 31, ""tn"": 38, ""fp"": 42, ""fn"": 49, ""tpr"": 0.3875, ""tnr"": 0.475, ""fpr"": 0.525, ""fnr"": 0.6125, ""ppv"": 0.4246575342465753, ""npv"": 0.4367816091954023, ""roc_auc"": 0.43015624999999996, ""pr_auc"": 0.4300577768313294, ""log_loss"": 0.9456470707259257, ""brier"": 0.3432658213540819, ""trial_accuracy"": 0.375, ""trial_f1_macro"": 0.36507936507936506}","{""clf__C"": 10.0, ""clf__class_weight"": ""balanced"", ""clf__gamma"": 0.0001}","{""scores"": {""{'clf__C': 0.1, 'clf__class_weight': None, 'clf__gamma': 0.0001}"": 0.3587962962962963, ""{'clf__C': 0.1, 'clf__class_weight': None, 'clf__gamma': 0.001}"": 0.3587962962962963, ""{'clf__C': 0.1, 'clf__class_weight': None, 'clf__gamma': 0.01}"": 0.3587962962962963, ""{'clf__C': 0.1, 'clf__class_weight': None, 'clf__gamma': 0.1}"": 0.3587962962962963, ""{'clf__C': 0.1, 'clf__class_weight': 'balanced', 'clf__gamma': 0.0001}"": 0.28829365079365077, ""{'clf__C': 0.1, 'clf__class_weight': 'balanced', 'clf__gamma': 0.001}"": 0.303596562132418, ""{'clf__C': 0.1, 'clf__class_weight': 'balanced', 'clf__gamma': 0.01}"": 0.41962567007818236, ""{'clf__C': 0.1, 'clf__class_weight': 'balanced', 'clf__gamma': 0.1}"": 0.28829365079365077, ""{'clf__C': 1.0, 'clf__class_weight': None, 'clf__gamma': 0.0001}"": 0.3587962962962963, ""{'clf__C': 1.0, 'clf__class_weight': None, 'clf__gamma': 0.001}"": 0.5567013287239727, ""{'clf__C': 1.0, 'clf__class_weight': None, 'clf__gamma': 0.01}"": 0.546107809187204, ""{'clf__C': 1.0, 'clf__class_weight': None, 'clf__gamma': 0.1}"": 0.3587962962962963, ""{'clf__C': 1.0, 'clf__class_weight': 'balanced', 'clf__gamma': 0.0001}"": 0.4275332603953599, ""{'clf__C': 1.0, 'clf__class_weight': 'balanced', 'clf__gamma': 0.001}"": 0.5766769792936095, ""{'clf__C': 1.0, 'clf__class_weight': 'balanced', 'clf__gamma': 0.01}"": 0.5490424319672527, ""{'clf__C': 1.0, 'clf__class_weight': 'balanced', 'clf__gamma': 0.1}"": 0.3587962962962963, ""{'clf__C': 10.0, 'clf__class_weight': None, 'clf__gamma': 0.0001}"": 0.5563228450311178, ""{'clf__C': 10.0, 'clf__class_weight': None, 'clf__gamma': 0.001}"": 0.5745886219790776, ""{'clf__C': 10.0, 'clf__class_weight': None, 'clf__gamma': 0.01}"": 0.5399507563961364, ""{'clf__C': 10.0, 'clf__class_weight': None, 'clf__gamma': 0.1}"": 0.3587962962962963, ""{'clf__C': 10.0, 'clf__class_weight': 'balanced', 'clf__gamma': 0.0001}"": 0.5779817568088444, ""{'clf__C': 10.0, 'clf__class_weight': 'balanced', 'clf__gamma': 0.001}"": 0.5721900202917185, ""{'clf__C': 10.0, 'clf__class_weight': 'balanced', 'clf__gamma': 0.01}"": 0.5399507563961364, ""{'clf__C': 10.0, 'clf__class_weight': 'balanced', 'clf__gamma': 0.1}"": 0.3587962962962963, ""{'clf__C': 100.0, 'clf__class_weight': None, 'clf__gamma': 0.0001}"": 0.5661617470119606, ""{'clf__C': 100.0, 'clf__class_weight': None, 'clf__gamma': 0.001}"": 0.5432409023014649, ""{'clf__C': 100.0, 'clf__class_weight': None, 'clf__gamma': 0.01}"": 0.5399507563961364, ""{'clf__C': 100.0, 'clf__class_weight': None, 'clf__gamma': 0.1}"": 0.3587962962962963, ""{'clf__C': 100.0, 'clf__class_weight': 'balanced', 'clf__gamma': 0.0001}"": 0.5740897336136547, ""{'clf__C': 100.0, 'clf__class_weight': 'balanced', 'clf__gamma': 0.001}"": 0.5446642252598466, ""{'clf__C': 100.0, 'clf__class_weight': 'balanced', 'clf__gamma': 0.01}"": 0.5399507563961364, ""{'clf__C': 100.0, 'clf__class_weight': 'balanced', 'clf__gamma': 0.1}"": 0.3587962962962963}, ""best_score"": 0.5779817568088444}"
B_features_de_asym,rbf_svm,valence,5,1,"[32, 34, 28, 14, 7, 5, 17, 23, 30, 6, 35, 18, 15, 0, 29, 8, 25, 38, 9, 16, 31, 2, 11, 24, 20, 1, 36, 26, 12, 39, 22, 37]","[3, 4, 13, 10, 19, 21, 27, 33]","{""accuracy"": 0.49375, ""balanced_accuracy"": 0.5791666666666666, ""precision_macro"": 0.5637690887732841, ""precision_micro"": 0.49375, ""precision_weighted"": 0.6971387816747776, ""recall_macro"": 0.5791666666666666, ""recall_micro"": 0.49375, ""recall_weighted"": 0.49375, ""f1_macro"": 0.486508974206585, ""f1_micro"": 0.49375, ""f1_weighted"": 0.5169975038630691, ""mcc"": 0.1421039928299224, ""kappa"": 0.10497237569060769, ""confusion_matrix"": [[30, 10], [71, 49]], ""tp"": 49, ""tn"": 30, ""fp"": 10, ""fn"": 71, ""tpr"": 0.4083333333333333, ""tnr"": 0.75, ""fpr"": 0.25, ""fnr"": 0.5916666666666667, ""ppv"": 0.8305084745762712, ""npv"": 0.297029702970297, ""roc_auc"": 0.6082291666666667, ""pr_auc"": 0.8347359465760297, ""log_loss"": 0.7716504407640435, ""brier"": 0.28340185425391823, ""trial_accuracy"": 0.5, ""trial_f1_macro"": 0.5}","{""clf__C"": 1.0, ""clf__class_weight"": ""balanced"", ""clf__gamma"": 0.001}","{""scores"": {""{'clf__C': 0.1, 'clf__class_weight': None, 'clf__gamma': 0.0001}"": 0.30357142857142855, ""{'clf__C': 0.1, 'clf__class_weight': None, 'clf__gamma': 0.001}"": 0.30357142857142855, ""{'clf__C': 0.1, 'clf__class_weight': None, 'clf__gamma': 0.01}"": 0.30357142857142855, ""{'clf__C': 0.1, 'clf__class_weight': None, 'clf__gamma': 0.1}"": 0.30357142857142855, ""{'clf__C': 0.1, 'clf__class_weight': 'balanced', 'clf__gamma': 0.0001}"": 0.3602941176470589, ""{'clf__C': 0.1, 'clf__class_weight': 'balanced', 'clf__gamma': 0.001}"": 0.3602941176470589, ""{'clf__C': 0.1, 'clf__class_weight': 'balanced', 'clf__gamma': 0.01}"": 0.4533283423535757, ""{'clf__C': 0.1, 'clf__class_weight': 'balanced', 'clf__gamma': 0.1}"": 0.3602941176470589, ""{'clf__C': 1.0, 'clf__class_weight': None, 'clf__gamma': 0.0001}"": 0.30357142857142855, ""{'clf__C': 1.0, 'clf__class_weight': None, 'clf__gamma': 0.001}"": 0.5608761087846389, ""{'clf__C': 1.0, 'clf__class_weight': None, 'clf__gamma': 0.01}"": 0.5490183183395575, ""{'clf__C': 1.0, 'clf__class_weight': None, 'clf__gamma': 0.1}"": 0.30357142857142855, ""{'clf__C': 1.0, 'clf__class_weight': 'balanced', 'clf__gamma': 0.0001}"": 0.5039759156478824, ""{'clf__C': 1.0, 'clf__class_weight': 'balanced', 'clf__gamma': 0.001}"": 0.59599765218527, ""{'clf__C': 1.0, 'clf__class_weight': 'balanced', 'clf__gamma': 0.01}"": 0.5547856617001665, ""{'clf__C': 1.0, 'clf__class_weight': 'balanced', 'clf__gamma': 0.1}"": 0.30357142857142855, ""{'clf__C': 10.0, 'clf__class_weight': None, 'clf__gamma': 0.0001}"": 0.5688263526176472, ""{'clf__C': 10.0, 'clf__class_weight': None, 'clf__gamma': 0.001}"": 0.5625452055748644, ""{'clf__C': 10.0, 'clf__class_weight': None, 'clf__gamma': 0.01}"": 0.5595970914588277, ""{'clf__C': 10.0, 'clf__class_weight': None, 'clf__gamma': 0.1}"": 0.30357142857142855, ""{'clf__C': 10.0, 'clf__class_weight': 'balanced', 'clf__gamma': 0.0001}"": 0.5875766622269833, ""{'clf__C': 10.0, 'clf__class_weight': 'balanced', 'clf__gamma': 0.001}"": 0.5643444552581172, ""{'clf__C': 10.0, 'clf__class_weight': 'balanced', 'clf__gamma': 0.01}"": 0.5595970914588277, ""{'clf__C': 10.0, 'clf__class_weight': 'balanced', 'clf__gamma': 0.1}"": 0.30357142857142855, ""{'clf__C': 100.0, 'clf__class_weight': None, 'clf__gamma': 0.0001}"": 0.5624597030802648, ""{'clf__C': 100.0, 'clf__class_weight': None, 'clf__gamma': 0.001}"": 0.5155603088089126, ""{'clf__C': 100.0, 'clf__class_weight': None, 'clf__gamma': 0.01}"": 0.5595970914588277, ""{'clf__C': 100.0, 'clf__class_weight': None, 'clf__gamma': 0.1}"": 0.30357142857142855, ""{'clf__C': 100.0, 'clf__class_weight': 'balanced', 'clf__gamma': 0.0001}"": 0.5690623801317823, ""{'clf__C': 100.0, 'clf__class_weight': 'balanced', 'clf__gamma': 0.001}"": 0.5170443796186511, ""{'clf__C': 100.0, 'clf__class_weight': 'balanced', 'clf__gamma': 0.01}"": 0.5595970914588277, ""{'clf__C': 100.0, 'clf__class_weight': 'balanced', 'clf__gamma': 0.1}"": 0.30357142857142855}, ""best_score"": 0.59599765218527}"
B_features_de_asym,rbf_svm,valence,6,0,"[26, 3, 36, 9, 24, 25, 23, 37, 11, 35, 32, 5, 1, 30, 19, 13, 38, 21, 10, 20, 18, 2, 15, 8, 7, 31, 14, 22, 33, 29, 12, 16]","[28, 34, 6, 39, 27, 4, 17, 0]","{""accuracy"": 0.33125, ""balanced_accuracy"": 0.315, ""precision_macro"": 0.3263182600531998, ""precision_micro"": 0.33125, ""precision_weighted"": 0.35919652636520105, ""recall_macro"": 0.315, ""recall_micro"": 0.33125, ""recall_weighted"": 0.33125, ""f1_macro"": 0.3171393243189342, ""f1_micro"": 0.33125, ""f1_weighted"": 0.3416796298512225, ""mcc"": -0.358503120712543, ""kappa"": -0.35015772870662465, ""confusion_matrix"": [[15, 45], [62, 38]], ""tp"": 38, ""tn"": 15, ""fp"": 45, ""fn"": 62, ""tpr"": 0.38, ""tnr"": 0.25, ""fpr"": 0.75, ""fnr"": 0.62, ""ppv"": 0.4578313253012048, ""npv"": 0.19480519480519481, ""roc_auc"": 0.27266666666666667, ""pr_auc"": 0.5605645946272055, ""log_loss"": 1.4503146357394827, ""brier"": 0.4908550245361222, ""trial_accuracy"": 0.25, ""trial_f1_macro"": 0.2}","{""clf__C"": 1.0, ""clf__class_weight"": ""balanced"", ""clf__gamma"": 0.001}","{""scores"": {""{'clf__C': 0.1, 'clf__class_weight': None, 'clf__gamma': 0.0001}"": 0.41943910239569, ""{'clf__C': 0.1, 'clf__class_weight': None, 'clf__gamma': 0.001}"": 0.4165567393877896, ""{'clf__C': 0.1, 'clf__class_weight': None, 'clf__gamma': 0.01}"": 0.4432259692665559, ""{'clf__C': 0.1, 'clf__class_weight': None, 'clf__gamma': 0.1}"": 0.3666666666666667, ""{'clf__C': 0.1, 'clf__class_weight': 'balanced', 'clf__gamma': 0.0001}"": 0.41943910239569, ""{'clf__C': 0.1, 'clf__class_weight': 'balanced', 'clf__gamma': 0.001}"": 0.44148478012011116, ""{'clf__C': 0.1, 'clf__class_weight': 'balanced', 'clf__gamma': 0.01}"": 0.567711665577195, ""{'clf__C': 0.1, 'clf__class_weight': 'balanced', 'clf__gamma': 0.1}"": 0.3666666666666667, ""{'clf__C': 1.0, 'clf__class_weight': None, 'clf__gamma': 0.0001}"": 0.41943910239569, ""{'clf__C': 1.0, 'clf__class_weight': None, 'clf__gamma': 0.001}"": 0.4880394008573299, ""{'clf__C': 1.0, 'clf__class_weight': None, 'clf__gamma': 0.01}"": 0.5504813416065809, ""{'clf__C': 1.0, 'clf__class_weight': None, 'clf__gamma': 0.1}"": 0.3666666666666667, ""{'clf__C': 1.0, 'clf__class_weight': 'balanced', 'clf__gamma': 0.0001}"": 0.47687301538379684, ""{'clf__C': 1.0, 'clf__class_weight': 'balanced', 'clf__gamma': 0.001}"": 0.6276052328485591, ""{'clf__C': 1.0, 'clf__class_weight': 'balanced', 'clf__gamma': 0.01}"": 0.5693808291781813, ""{'clf__C': 1.0, 'clf__class_weight': 'balanced', 'clf__gamma': 0.1}"": 0.3666666666666667, ""{'clf__C': 10.0, 'clf__class_weight': None, 'clf__gamma': 0.0001}"": 0.48937859393973754, ""{'clf__C': 10.0, 'clf__class_weight': None, 'clf__gamma': 0.001}"": 0.5778715129476734, ""{'clf__C': 10.0, 'clf__class_weight': None, 'clf__gamma': 0.01}"": 0.5643533587554836, ""{'clf__C': 10.0, 'clf__class_weight': None, 'clf__gamma': 0.1}"": 0.3666666666666667, ""{'clf__C': 10.0, 'clf__class_weight': 'balanced', 'clf__gamma': 0.0001}"": 0.619320379551528, ""{'clf__C': 10.0, 'clf__class_weight': 'balanced', 'clf__gamma': 0.001}"": 0.6061659555755669, ""{'clf__C': 10.0, 'clf__class_weight': 'balanced', 'clf__gamma': 0.01}"": 0.5643533587554836, ""{'clf__C': 10.0, 'clf__class_weight': 'balanced', 'clf__gamma': 0.1}"": 0.3666666666666667, ""{'clf__C': 100.0, 'clf__class_weight': None, 'clf__gamma': 0.0001}"": 0.5849631734670682, ""{'clf__C': 100.0, 'clf__class_weight': None, 'clf__gamma': 0.001}"": 0.5977593430287119, ""{'clf__C': 100.0, 'clf__class_weight': None, 'clf__gamma': 0.01}"": 0.5643533587554836, ""{'clf__C': 100.0, 'clf__class_weight': None, 'clf__gamma': 0.1}"": 0.3666666666666667, ""{'clf__C': 100.0, 'clf__class_weight': 'balanced', 'clf__gamma': 0.0001}"": 0.606781505372824, ""{'clf__C': 100.0, 'clf__class_weight': 'balanced', 'clf__gamma': 0.001}"": 0.5977593430287119, ""{'clf__C': 100.0, 'clf__class_weight': 'balanced', 'clf__gamma': 0.01}"": 0.5643533587554836, ""{'clf__C': 100.0, 'clf__class_weight': 'balanced', 'clf__gamma': 0.1}"": 0.3666666666666667}, ""best_score"": 0.6276052328485591}"
B_features_de_asym,rbf_svm,valence,6,1,"[9, 20, 16, 37, 23, 8, 24, 4, 35, 26, 5, 30, 12, 32, 27, 10, 18, 25, 1, 13, 19, 14, 6, 31, 17, 38, 34, 39, 29, 15, 28, 11]","[33, 3, 0, 7, 36, 21, 2, 22]","{""accuracy"": 0.51875, ""balanced_accuracy"": 0.485, ""precision_macro"": 0.4848967947642222, ""precision_micro"": 0.51875, ""precision_weighted"": 0.5171379426078201, ""recall_macro"": 0.485, ""recall_micro"": 0.51875, ""recall_weighted"": 0.51875, ""f1_macro"": 0.48492829967808015, ""f1_micro"": 0.51875, ""f1_weighted"": 0.5179250804799531, ""mcc"": -0.030103028321859397, ""kappa"": -0.030100334448160515, ""confusion_matrix"": [[21, 39], [38, 62]], ""tp"": 62, ""tn"": 21, ""fp"": 39, ""fn"": 38, ""tpr"": 0.62, ""tnr"": 0.35, ""fpr"": 0.65, ""fnr"": 0.38, ""ppv"": 0.6138613861386139, ""npv"": 0.3559322033898305, ""roc_auc"": 0.5328333333333333, ""pr_auc"": 0.6954139778592667, ""log_loss"": 0.6958703249835939, ""brier"": 0.2498383771762922, ""trial_accuracy"": 0.625, ""trial_f1_macro"": 0.5636363636363637}","{""clf__C"": 10.0, ""clf__class_weight"": ""balanced"", ""clf__gamma"": 0.0001}","{""scores"": {""{'clf__C': 0.1, 'clf__class_weight': None, 'clf__gamma': 0.0001}"": 0.37227668845315903, ""{'clf__C': 0.1, 'clf__class_weight': None, 'clf__gamma': 0.001}"": 0.37227668845315903, ""{'clf__C': 0.1, 'clf__class_weight': None, 'clf__gamma': 0.01}"": 0.37227668845315903, ""{'clf__C': 0.1, 'clf__class_weight': None, 'clf__gamma': 0.1}"": 0.37227668845315903, ""{'clf__C': 0.1, 'clf__class_weight': 'balanced', 'clf__gamma': 0.0001}"": 0.3017740429505135, ""{'clf__C': 0.1, 'clf__class_weight': 'balanced', 'clf__gamma': 0.001}"": 0.2998539870943432, ""{'clf__C': 0.1, 'clf__class_weight': 'balanced', 'clf__gamma': 0.01}"": 0.31579992338518453, ""{'clf__C': 0.1, 'clf__class_weight': 'balanced', 'clf__gamma': 0.1}"": 0.3017740429505135, ""{'clf__C': 1.0, 'clf__class_weight': None, 'clf__gamma': 0.0001}"": 0.37227668845315903, ""{'clf__C': 1.0, 'clf__class_weight': None, 'clf__gamma': 0.001}"": 0.35836067684470946, ""{'clf__C': 1.0, 'clf__class_weight': None, 'clf__gamma': 0.01}"": 0.43835701041458836, ""{'clf__C': 1.0, 'clf__class_weight': None, 'clf__gamma': 0.1}"": 0.37227668845315903, ""{'clf__C': 1.0, 'clf__class_weight': 'balanced', 'clf__gamma': 0.0001}"": 0.28971704623878536, ""{'clf__C': 1.0, 'clf__class_weight': 'balanced', 'clf__gamma': 0.001}"": 0.4806532917705626, ""{'clf__C': 1.0, 'clf__class_weight': 'balanced', 'clf__gamma': 0.01}"": 0.467636235815921, ""{'clf__C': 1.0, 'clf__class_weight': 'balanced', 'clf__gamma': 0.1}"": 0.37227668845315903, ""{'clf__C': 10.0, 'clf__class_weight': None, 'clf__gamma': 0.0001}"": 0.35682568738865444, ""{'clf__C': 10.0, 'clf__class_weight': None, 'clf__gamma': 0.001}"": 0.4434176559846376, ""{'clf__C': 10.0, 'clf__class_weight': None, 'clf__gamma': 0.01}"": 0.4452380415370986, ""{'clf__C': 10.0, 'clf__class_weight': None, 'clf__gamma': 0.1}"": 0.37227668845315903, ""{'clf__C': 10.0, 'clf__class_weight': 'balanced', 'clf__gamma': 0.0001}"": 0.4865444413978097, ""{'clf__C': 10.0, 'clf__class_weight': 'balanced', 'clf__gamma': 0.001}"": 0.45675294571669395, ""{'clf__C': 10.0, 'clf__class_weight': 'balanced', 'clf__gamma': 0.01}"": 0.4452380415370986, ""{'clf__C': 10.0, 'clf__class_weight': 'balanced', 'clf__gamma': 0.1}"": 0.37227668845315903, ""{'clf__C': 100.0, 'clf__class_weight': None, 'clf__gamma': 0.0001}"": 0.44868605558702584, ""{'clf__C': 100.0, 'clf__class_weight': None, 'clf__gamma': 0.001}"": 0.4524949122060325, ""{'clf__C': 100.0, 'clf__class_weight': None, 'clf__gamma': 0.01}"": 0.4452380415370986, ""{'clf__C': 100.0, 'clf__class_weight': None, 'clf__gamma': 0.1}"": 0.37227668845315903, ""{'clf__C': 100.0, 'clf__class_weight': 'balanced', 'clf__gamma': 0.0001}"": 0.44830124725871984, ""{'clf__C': 100.0, 'clf__class_weight': 'balanced', 'clf__gamma': 0.001}"": 0.44987704449018673, ""{'clf__C': 100.0, 'clf__class_weight': 'balanced', 'clf__gamma': 0.01}"": 0.4452380415370986, ""{'clf__C': 100.0, 'clf__class_weight': 'balanced', 'clf__gamma': 0.1}"": 0.37227668845315903}, ""best_score"": 0.4865444413978097}"
B_features_de_asym,rbf_svm,valence,7,0,"[25, 21, 0, 14, 23, 16, 2, 19, 10, 17, 33, 11, 28, 29, 13, 22, 7, 37, 20, 35, 30, 9, 24, 3, 8, 34, 15, 4, 31, 1, 27, 6]","[26, 36, 32, 39, 18, 38, 5, 12]","{""accuracy"": 0.7, ""balanced_accuracy"": 0.4666666666666667, ""precision_macro"": 0.3684210526315789, ""precision_micro"": 0.7, ""precision_weighted"": 0.5526315789473684, ""recall_macro"": 0.4666666666666667, ""recall_micro"": 0.7, ""recall_weighted"": 0.7, ""f1_macro"": 0.4117647058823529, ""f1_micro"": 0.7, ""f1_weighted"": 0.6176470588235293, ""mcc"": -0.13245323570650439, ""kappa"": -0.09090909090909083, ""confusion_matrix"": [[0, 40], [8, 112]], ""tp"": 112, ""tn"": 0, ""fp"": 40, ""fn"": 8, ""tpr"": 0.9333333333333333, ""tnr"": 0.0, ""fpr"": 1.0, ""fnr"": 0.06666666666666667, ""ppv"": 0.7368421052631579, ""npv"": 0.0, ""roc_auc"": 0.6080208333333333, ""pr_auc"": 0.8152853135654328, ""log_loss"": 0.5961871775497037, ""brier"": 0.20355019233298757, ""trial_accuracy"": 0.75, ""trial_f1_macro"": 0.42857142857142855}","{""clf__C"": 1.0, ""clf__class_weight"": null, ""clf__gamma"": 0.001}","{""scores"": {""{'clf__C': 0.1, 'clf__class_weight': None, 'clf__gamma': 0.0001}"": 0.36951754385964913, ""{'clf__C': 0.1, 'clf__class_weight': None, 'clf__gamma': 0.001}"": 0.36951754385964913, ""{'clf__C': 0.1, 'clf__class_weight': None, 'clf__gamma': 0.01}"": 0.39184397163120566, ""{'clf__C': 0.1, 'clf__class_weight': None, 'clf__gamma': 0.1}"": 0.36951754385964913, ""{'clf__C': 0.1, 'clf__class_weight': 'balanced', 'clf__gamma': 0.0001}"": 0.26344086021505375, ""{'clf__C': 0.1, 'clf__class_weight': 'balanced', 'clf__gamma': 0.001}"": 0.28147279369939904, ""{'clf__C': 0.1, 'clf__class_weight': 'balanced', 'clf__gamma': 0.01}"": 0.42759083970823425, ""{'clf__C': 0.1, 'clf__class_weight': 'balanced', 'clf__gamma': 0.1}"": 0.2708333333333333, ""{'clf__C': 1.0, 'clf__class_weight': None, 'clf__gamma': 0.0001}"": 0.36951754385964913, ""{'clf__C': 1.0, 'clf__class_weight': None, 'clf__gamma': 0.001}"": 0.5341563828403418, ""{'clf__C': 1.0, 'clf__class_weight': None, 'clf__gamma': 0.01}"": 0.5024659420724994, ""{'clf__C': 1.0, 'clf__class_weight': None, 'clf__gamma': 0.1}"": 0.36951754385964913, ""{'clf__C': 1.0, 'clf__class_weight': 'balanced', 'clf__gamma': 0.0001}"": 0.4350451843601195, ""{'clf__C': 1.0, 'clf__class_weight': 'balanced', 'clf__gamma': 0.001}"": 0.46754335031561745, ""{'clf__C': 1.0, 'clf__class_weight': 'balanced', 'clf__gamma': 0.01}"": 0.49397369245352657, ""{'clf__C': 1.0, 'clf__class_weight': 'balanced', 'clf__gamma': 0.1}"": 0.36951754385964913, ""{'clf__C': 10.0, 'clf__class_weight': None, 'clf__gamma': 0.0001}"": 0.5296797362902386, ""{'clf__C': 10.0, 'clf__class_weight': None, 'clf__gamma': 0.001}"": 0.4651769971154916, ""{'clf__C': 10.0, 'clf__class_weight': None, 'clf__gamma': 0.01}"": 0.5172421201395911, ""{'clf__C': 10.0, 'clf__class_weight': None, 'clf__gamma': 0.1}"": 0.36951754385964913, ""{'clf__C': 10.0, 'clf__class_weight': 'balanced', 'clf__gamma': 0.0001}"": 0.4721850550710418, ""{'clf__C': 10.0, 'clf__class_weight': 'balanced', 'clf__gamma': 0.001}"": 0.47770511994311887, ""{'clf__C': 10.0, 'clf__class_weight': 'balanced', 'clf__gamma': 0.01}"": 0.5172421201395911, ""{'clf__C': 10.0, 'clf__class_weight': 'balanced', 'clf__gamma': 0.1}"": 0.36951754385964913, ""{'clf__C': 100.0, 'clf__class_weight': None, 'clf__gamma': 0.0001}"": 0.4598326287427377, ""{'clf__C': 100.0, 'clf__class_weight': None, 'clf__gamma': 0.001}"": 0.5253547059955416, ""{'clf__C': 100.0, 'clf__class_weight': None, 'clf__gamma': 0.01}"": 0.5172421201395911, ""{'clf__C': 100.0, 'clf__class_weight': None, 'clf__gamma': 0.1}"": 0.36951754385964913, ""{'clf__C': 100.0, 'clf__class_weight': 'balanced', 'clf__gamma': 0.0001}"": 0.4576842878031351, ""{'clf__C': 100.0, 'clf__class_weight': 'balanced', 'clf__gamma': 0.001}"": 0.5193562119017585, ""{'clf__C': 100.0, 'clf__class_weight': 'balanced', 'clf__gamma': 0.01}"": 0.5172421201395911, ""{'clf__C': 100.0, 'clf__class_weight': 'balanced', 'clf__gamma': 0.1}"": 0.36951754385964913}, ""best_score"": 0.5341563828403418}"
B_features_de_asym,rbf_svm,valence,7,1,"[25, 18, 21, 9, 31, 16, 22, 0, 24, 23, 13, 37, 11, 39, 1, 38, 19, 15, 12, 20, 10, 30, 28, 29, 6, 4, 14, 17, 33, 36, 34, 26]","[35, 7, 2, 3, 5, 8, 27, 32]","{""accuracy"": 0.55, ""balanced_accuracy"": 0.5583333333333333, ""precision_macro"": 0.5437773608505316, ""precision_micro"": 0.55, ""precision_weighted"": 0.6682301438399, ""recall_macro"": 0.5583333333333333, ""recall_micro"": 0.55, ""recall_weighted"": 0.55, ""f1_macro"": 0.5166974324551099, ""f1_micro"": 0.55, ""f1_weighted"": 0.5801308944453767, ""mcc"": 0.10106788575898233, ""kappa"": 0.08860759493670889, ""confusion_matrix"": [[23, 17], [55, 65]], ""tp"": 65, ""tn"": 23, ""fp"": 17, ""fn"": 55, ""tpr"": 0.5416666666666666, ""tnr"": 0.575, ""fpr"": 0.425, ""fnr"": 0.4583333333333333, ""ppv"": 0.7926829268292683, ""npv"": 0.2948717948717949, ""roc_auc"": 0.5375, ""pr_auc"": 0.7262357046892034, ""log_loss"": 1.1125552252022017, ""brier"": 0.32466736782731254, ""trial_accuracy"": 0.625, ""trial_f1_macro"": 0.5636363636363637}","{""clf__C"": 100.0, ""clf__class_weight"": null, ""clf__gamma"": 0.001}","{""scores"": {""{'clf__C': 0.1, 'clf__class_weight': None, 'clf__gamma': 0.0001}"": 0.369109047127623, ""{'clf__C': 0.1, 'clf__class_weight': None, 'clf__gamma': 0.001}"": 0.369109047127623, ""{'clf__C': 0.1, 'clf__class_weight': None, 'clf__gamma': 0.01}"": 0.3470377398271136, ""{'clf__C': 0.1, 'clf__class_weight': None, 'clf__gamma': 0.1}"": 0.369109047127623, ""{'clf__C': 0.1, 'clf__class_weight': 'balanced', 'clf__gamma': 0.0001}"": 0.30018674136321194, ""{'clf__C': 0.1, 'clf__class_weight': 'balanced', 'clf__gamma': 0.001}"": 0.3092908058051149, ""{'clf__C': 0.1, 'clf__class_weight': 'balanced', 'clf__gamma': 0.01}"": 0.3415931899792865, ""{'clf__C': 0.1, 'clf__class_weight': 'balanced', 'clf__gamma': 0.1}"": 0.30018674136321194, ""{'clf__C': 1.0, 'clf__class_weight': None, 'clf__gamma': 0.0001}"": 0.3665359477124183, ""{'clf__C': 1.0, 'clf__class_weight': None, 'clf__gamma': 0.001}"": 0.3587505832909463, ""{'clf__C': 1.0, 'clf__class_weight': None, 'clf__gamma': 0.01}"": 0.3993109316399767, ""{'clf__C': 1.0, 'clf__class_weight': None, 'clf__gamma': 0.1}"": 0.369109047127623, ""{'clf__C': 1.0, 'clf__class_weight': 'balanced', 'clf__gamma': 0.0001}"": 0.3563530184196055, ""{'clf__C': 1.0, 'clf__class_weight': 'balanced', 'clf__gamma': 0.001}"": 0.36090109721366054, ""{'clf__C': 1.0, 'clf__class_weight': 'balanced', 'clf__gamma': 0.01}"": 0.414328244887278, ""{'clf__C': 1.0, 'clf__class_weight': 'balanced', 'clf__gamma': 0.1}"": 0.369109047127623, ""{'clf__C': 10.0, 'clf__class_weight': None, 'clf__gamma': 0.0001}"": 0.3447293779096503, ""{'clf__C': 10.0, 'clf__class_weight': None, 'clf__gamma': 0.001}"": 0.4086493001781942, ""{'clf__C': 10.0, 'clf__class_weight': None, 'clf__gamma': 0.01}"": 0.4405930349968435, ""{'clf__C': 10.0, 'clf__class_weight': None, 'clf__gamma': 0.1}"": 0.369109047127623, ""{'clf__C': 10.0, 'clf__class_weight': 'balanced', 'clf__gamma': 0.0001}"": 0.3634292913719483, ""{'clf__C': 10.0, 'clf__class_weight': 'balanced', 'clf__gamma': 0.001}"": 0.4039229329921561, ""{'clf__C': 10.0, 'clf__class_weight': 'balanced', 'clf__gamma': 0.01}"": 0.4405930349968435, ""{'clf__C': 10.0, 'clf__class_weight': 'balanced', 'clf__gamma': 0.1}"": 0.369109047127623, ""{'clf__C': 100.0, 'clf__class_weight': None, 'clf__gamma': 0.0001}"": 0.38418799431255213, ""{'clf__C': 100.0, 'clf__class_weight': None, 'clf__gamma': 0.001}"": 0.47694440931684645, ""{'clf__C': 100.0, 'clf__class_weight': None, 'clf__gamma': 0.01}"": 0.4405930349968435, ""{'clf__C': 100.0, 'clf__class_weight': None, 'clf__gamma': 0.1}"": 0.369109047127623, ""{'clf__C': 100.0, 'clf__class_weight': 'balanced', 'clf__gamma': 0.0001}"": 0.3960078437485552, ""{'clf__C': 100.0, 'clf__class_weight': 'balanced', 'clf__gamma': 0.001}"": 0.4726256717331063, ""{'clf__C': 100.0, 'clf__class_weight': 'balanced', 'clf__gamma': 0.01}"": 0.4405930349968435, ""{'clf__C': 100.0, 'clf__class_weight': 'balanced', 'clf__gamma': 0.1}"": 0.369109047127623}, ""best_score"": 0.47694440931684645}"
B_features_de_asym,rbf_svm,valence,8,0,"[31, 1, 36, 16, 27, 8, 25, 28, 18, 12, 19, 29, 23, 39, 21, 24, 0, 9, 10, 17, 38, 20, 37, 3, 14, 35, 15, 7, 26, 2, 5, 13]","[22, 34, 6, 4, 30, 33, 11, 32]","{""accuracy"": 0.61875, ""balanced_accuracy"": 0.6107142857142858, ""precision_macro"": 0.5502024291497976, ""precision_micro"": 0.61875, ""precision_weighted"": 0.8243927125506072, ""recall_macro"": 0.6107142857142858, ""recall_micro"": 0.61875, ""recall_weighted"": 0.61875, ""f1_macro"": 0.511389236545682, ""f1_micro"": 0.61875, ""f1_weighted"": 0.6831664580725907, ""mcc"": 0.14910568177560338, ""kappa"": 0.11272727272727268, ""confusion_matrix"": [[87, 53], [8, 12]], ""tp"": 12, ""tn"": 87, ""fp"": 53, ""fn"": 8, ""tpr"": 0.6, ""tnr"": 0.6214285714285714, ""fpr"": 0.37857142857142856, ""fnr"": 0.4, ""ppv"": 0.18461538461538463, ""npv"": 0.9157894736842105, ""roc_auc"": 0.6167857142857143, ""pr_auc"": 0.266021044912175, ""log_loss"": 1.0170129303451074, ""brier"": 0.3302790850602022, ""trial_accuracy"": 0.75, ""trial_f1_macro"": 0.6666666666666667}","{""clf__C"": 1.0, ""clf__class_weight"": null, ""clf__gamma"": 0.01}","{""scores"": {""{'clf__C': 0.1, 'clf__class_weight': None, 'clf__gamma': 0.0001}"": 0.3544973544973545, ""{'clf__C': 0.1, 'clf__class_weight': None, 'clf__gamma': 0.001}"": 0.3544973544973545, ""{'clf__C': 0.1, 'clf__class_weight': None, 'clf__gamma': 0.01}"": 0.3600093136578435, ""{'clf__C': 0.1, 'clf__class_weight': None, 'clf__gamma': 0.1}"": 0.3544973544973545, ""{'clf__C': 0.1, 'clf__class_weight': 'balanced', 'clf__gamma': 0.0001}"": 0.30277777777777776, ""{'clf__C': 0.1, 'clf__class_weight': 'balanced', 'clf__gamma': 0.001}"": 0.30806918318261545, ""{'clf__C': 0.1, 'clf__class_weight': 'balanced', 'clf__gamma': 0.01}"": 0.48451317291568147, ""{'clf__C': 0.1, 'clf__class_weight': 'balanced', 'clf__gamma': 0.1}"": 0.30277777777777776, ""{'clf__C': 1.0, 'clf__class_weight': None, 'clf__gamma': 0.0001}"": 0.3544973544973545, ""{'clf__C': 1.0, 'clf__class_weight': None, 'clf__gamma': 0.001}"": 0.5020992442747007, ""{'clf__C': 1.0, 'clf__class_weight': None, 'clf__gamma': 0.01}"": 0.5897392692691252, ""{'clf__C': 1.0, 'clf__class_weight': None, 'clf__gamma': 0.1}"": 0.3544973544973545, ""{'clf__C': 1.0, 'clf__class_weight': 'balanced', 'clf__gamma': 0.0001}"": 0.406312603164301, ""{'clf__C': 1.0, 'clf__class_weight': 'balanced', 'clf__gamma': 0.001}"": 0.5316870014630476, ""{'clf__C': 1.0, 'clf__class_weight': 'balanced', 'clf__gamma': 0.01}"": 0.5837625911635725, ""{'clf__C': 1.0, 'clf__class_weight': 'balanced', 'clf__gamma': 0.1}"": 0.3544973544973545, ""{'clf__C': 10.0, 'clf__class_weight': None, 'clf__gamma': 0.0001}"": 0.5266961869077317, ""{'clf__C': 10.0, 'clf__class_weight': None, 'clf__gamma': 0.001}"": 0.5689836429105752, ""{'clf__C': 10.0, 'clf__class_weight': None, 'clf__gamma': 0.01}"": 0.5668470021867859, ""{'clf__C': 10.0, 'clf__class_weight': None, 'clf__gamma': 0.1}"": 0.3544973544973545, ""{'clf__C': 10.0, 'clf__class_weight': 'balanced', 'clf__gamma': 0.0001}"": 0.5342199455450977, ""{'clf__C': 10.0, 'clf__class_weight': 'balanced', 'clf__gamma': 0.001}"": 0.56565740118943, ""{'clf__C': 10.0, 'clf__class_weight': 'balanced', 'clf__gamma': 0.01}"": 0.5668470021867859, ""{'clf__C': 10.0, 'clf__class_weight': 'balanced', 'clf__gamma': 0.1}"": 0.3544973544973545, ""{'clf__C': 100.0, 'clf__class_weight': None, 'clf__gamma': 0.0001}"": 0.5719215424917009, ""{'clf__C': 100.0, 'clf__class_weight': None, 'clf__gamma': 0.001}"": 0.56038876593228, ""{'clf__C': 100.0, 'clf__class_weight': None, 'clf__gamma': 0.01}"": 0.5668470021867859, ""{'clf__C': 100.0, 'clf__class_weight': None, 'clf__gamma': 0.1}"": 0.3544973544973545, ""{'clf__C': 100.0, 'clf__class_weight': 'balanced', 'clf__gamma': 0.0001}"": 0.569839996068449, ""{'clf__C': 100.0, 'clf__class_weight': 'balanced', 'clf__gamma': 0.001}"": 0.5605643668227499, ""{'clf__C': 100.0, 'clf__class_weight': 'balanced', 'clf__gamma': 0.01}"": 0.5668470021867859, ""{'clf__C': 100.0, 'clf__class_weight': 'balanced', 'clf__gamma': 0.1}"": 0.3544973544973545}, ""best_score"": 0.5897392692691252}"
B_features_de_asym,rbf_svm,valence,8,1,"[31, 8, 16, 39, 12, 6, 38, 3, 28, 27, 5, 20, 22, 15, 9, 17, 1, 18, 25, 21, 32, 33, 23, 4, 35, 13, 14, 24, 19, 7, 26, 34]","[11, 37, 30, 36, 29, 0, 10, 2]","{""accuracy"": 0.53125, ""balanced_accuracy"": 0.53125, ""precision_macro"": 0.5439463854098001, ""precision_micro"": 0.53125, ""precision_weighted"": 0.5439463854098001, ""recall_macro"": 0.53125, ""recall_micro"": 0.53125, ""recall_weighted"": 0.53125, ""f1_macro"": 0.4947581154477706, ""f1_micro"": 0.53125, ""f1_weighted"": 0.49475811544777065, ""mcc"": 0.07411678741165867, ""kappa"": 0.0625, ""confusion_matrix"": [[64, 16], [59, 21]], ""tp"": 21, ""tn"": 64, ""fp"": 16, ""fn"": 59, ""tpr"": 0.2625, ""tnr"": 0.8, ""fpr"": 0.2, ""fnr"": 0.7375, ""ppv"": 0.5675675675675675, ""npv"": 0.5203252032520326, ""roc_auc"": 0.54421875, ""pr_auc"": 0.5950429597116172, ""log_loss"": 1.497763666318915, ""brier"": 0.35227642570985235, ""trial_accuracy"": 0.5, ""trial_f1_macro"": 0.3333333333333333}","{""clf__C"": 10.0, ""clf__class_weight"": null, ""clf__gamma"": 0.01}","{""scores"": {""{'clf__C': 0.1, 'clf__class_weight': None, 'clf__gamma': 0.0001}"": 0.3954248366013072, ""{'clf__C': 0.1, 'clf__class_weight': None, 'clf__gamma': 0.001}"": 0.3954248366013072, ""{'clf__C': 0.1, 'clf__class_weight': None, 'clf__gamma': 0.01}"": 0.3954248366013072, ""{'clf__C': 0.1, 'clf__class_weight': None, 'clf__gamma': 0.1}"": 0.3954248366013072, ""{'clf__C': 0.1, 'clf__class_weight': 'balanced', 'clf__gamma': 0.0001}"": 0.32050653594771245, ""{'clf__C': 0.1, 'clf__class_weight': 'balanced', 'clf__gamma': 0.001}"": 0.329231062199633, ""{'clf__C': 0.1, 'clf__class_weight': 'balanced', 'clf__gamma': 0.01}"": 0.5224275763720162, ""{'clf__C': 0.1, 'clf__class_weight': 'balanced', 'clf__gamma': 0.1}"": 0.2893518518518518, ""{'clf__C': 1.0, 'clf__class_weight': None, 'clf__gamma': 0.0001}"": 0.3954248366013072, ""{'clf__C': 1.0, 'clf__class_weight': None, 'clf__gamma': 0.001}"": 0.49993653313144043, ""{'clf__C': 1.0, 'clf__class_weight': None, 'clf__gamma': 0.01}"": 0.5440308234816008, ""{'clf__C': 1.0, 'clf__class_weight': None, 'clf__gamma': 0.1}"": 0.3954248366013072, ""{'clf__C': 1.0, 'clf__class_weight': 'balanced', 'clf__gamma': 0.0001}"": 0.3946459483726046, ""{'clf__C': 1.0, 'clf__class_weight': 'balanced', 'clf__gamma': 0.001}"": 0.4903725266756262, ""{'clf__C': 1.0, 'clf__class_weight': 'balanced', 'clf__gamma': 0.01}"": 0.5483301065996429, ""{'clf__C': 1.0, 'clf__class_weight': 'balanced', 'clf__gamma': 0.1}"": 0.3954248366013072, ""{'clf__C': 10.0, 'clf__class_weight': None, 'clf__gamma': 0.0001}"": 0.4969175659684229, ""{'clf__C': 10.0, 'clf__class_weight': None, 'clf__gamma': 0.001}"": 0.5119260830023964, ""{'clf__C': 10.0, 'clf__class_weight': None, 'clf__gamma': 0.01}"": 0.5484974567339326, ""{'clf__C': 10.0, 'clf__class_weight': None, 'clf__gamma': 0.1}"": 0.3954248366013072, ""{'clf__C': 10.0, 'clf__class_weight': 'balanced', 'clf__gamma': 0.0001}"": 0.47973570346462857, ""{'clf__C': 10.0, 'clf__class_weight': 'balanced', 'clf__gamma': 0.001}"": 0.5383262482367877, ""{'clf__C': 10.0, 'clf__class_weight': 'balanced', 'clf__gamma': 0.01}"": 0.5484974567339326, ""{'clf__C': 10.0, 'clf__class_weight': 'balanced', 'clf__gamma': 0.1}"": 0.3954248366013072, ""{'clf__C': 100.0, 'clf__class_weight': None, 'clf__gamma': 0.0001}"": 0.50830396210991, ""{'clf__C': 100.0, 'clf__class_weight': None, 'clf__gamma': 0.001}"": 0.5220064406539746, ""{'clf__C': 100.0, 'clf__class_weight': None, 'clf__gamma': 0.01}"": 0.5484974567339326, ""{'clf__C': 100.0, 'clf__class_weight': None, 'clf__gamma': 0.1}"": 0.3954248366013072, ""{'clf__C': 100.0, 'clf__class_weight': 'balanced', 'clf__gamma': 0.0001}"": 0.5109770270856153, ""{'clf__C': 100.0, 'clf__class_weight': 'balanced', 'clf__gamma': 0.001}"": 0.5347118874071163, ""{'clf__C': 100.0, 'clf__class_weight': 'balanced', 'clf__gamma': 0.01}"": 0.5484974567339326, ""{'clf__C': 100.0, 'clf__class_weight': 'balanced', 'clf__gamma': 0.1}"": 0.3954248366013072}, ""best_score"": 0.5484974567339326}"
B_features_de_asym,rbf_svm,valence,9,0,"[17, 15, 34, 11, 0, 22, 23, 18, 14, 19, 31, 2, 39, 36, 12, 29, 24, 8, 35, 7, 13, 1, 26, 25, 38, 10, 6, 27, 3, 4, 20, 28]","[33, 30, 21, 16, 5, 9, 32, 37]","{""accuracy"": 0.6, ""balanced_accuracy"": 0.6, ""precision_macro"": 0.6005656819610308, ""precision_micro"": 0.6, ""precision_weighted"": 0.6005656819610309, ""recall_macro"": 0.6, ""recall_micro"": 0.6, ""recall_weighted"": 0.6, ""f1_macro"": 0.5994367078704428, ""f1_micro"": 0.6, ""f1_weighted"": 0.5994367078704428, ""mcc"": 0.20056488422556007, ""kappa"": 0.19999999999999996, ""confusion_matrix"": [[45, 35], [29, 51]], ""tp"": 51, ""tn"": 45, ""fp"": 35, ""fn"": 29, ""tpr"": 0.6375, ""tnr"": 0.5625, ""fpr"": 0.4375, ""fnr"": 0.3625, ""ppv"": 0.5930232558139535, ""npv"": 0.6081081081081081, ""roc_auc"": 0.6407812499999999, ""pr_auc"": 0.7108216394188054, ""log_loss"": 0.8506571569479361, ""brier"": 0.2959515754373842, ""trial_accuracy"": 0.5, ""trial_f1_macro"": 0.5}","{""clf__C"": 10.0, ""clf__class_weight"": ""balanced"", ""clf__gamma"": 0.0001}","{""scores"": {""{'clf__C': 0.1, 'clf__class_weight': None, 'clf__gamma': 0.0001}"": 0.35838779956427014, ""{'clf__C': 0.1, 'clf__class_weight': None, 'clf__gamma': 0.001}"": 0.4884192350211091, ""{'clf__C': 0.1, 'clf__class_weight': None, 'clf__gamma': 0.01}"": 0.6457678359893443, ""{'clf__C': 0.1, 'clf__class_weight': None, 'clf__gamma': 0.1}"": 0.35838779956427014, ""{'clf__C': 0.1, 'clf__class_weight': 'balanced', 'clf__gamma': 0.0001}"": 0.30416666666666664, ""{'clf__C': 0.1, 'clf__class_weight': 'balanced', 'clf__gamma': 0.001}"": 0.6607134824240087, ""{'clf__C': 0.1, 'clf__class_weight': 'balanced', 'clf__gamma': 0.01}"": 0.6999230646750424, ""{'clf__C': 0.1, 'clf__class_weight': 'balanced', 'clf__gamma': 0.1}"": 0.30416666666666664, ""{'clf__C': 1.0, 'clf__class_weight': None, 'clf__gamma': 0.0001}"": 0.525705465564638, ""{'clf__C': 1.0, 'clf__class_weight': None, 'clf__gamma': 0.001}"": 0.7063148036455171, ""{'clf__C': 1.0, 'clf__class_weight': None, 'clf__gamma': 0.01}"": 0.6578145294206897, ""{'clf__C': 1.0, 'clf__class_weight': None, 'clf__gamma': 0.1}"": 0.3734804696257977, ""{'clf__C': 1.0, 'clf__class_weight': 'balanced', 'clf__gamma': 0.0001}"": 0.6803041209257943, ""{'clf__C': 1.0, 'clf__class_weight': 'balanced', 'clf__gamma': 0.001}"": 0.7138196677237741, ""{'clf__C': 1.0, 'clf__class_weight': 'balanced', 'clf__gamma': 0.01}"": 0.6766869151352736, ""{'clf__C': 1.0, 'clf__class_weight': 'balanced', 'clf__gamma': 0.1}"": 0.37126965162039377, ""{'clf__C': 10.0, 'clf__class_weight': None, 'clf__gamma': 0.0001}"": 0.7027608152714518, ""{'clf__C': 10.0, 'clf__class_weight': None, 'clf__gamma': 0.001}"": 0.6722502556165334, ""{'clf__C': 10.0, 'clf__class_weight': None, 'clf__gamma': 0.01}"": 0.624431584382321, ""{'clf__C': 10.0, 'clf__class_weight': None, 'clf__gamma': 0.1}"": 0.3749242528183668, ""{'clf__C': 10.0, 'clf__class_weight': 'balanced', 'clf__gamma': 0.0001}"": 0.7268474725606652, ""{'clf__C': 10.0, 'clf__class_weight': 'balanced', 'clf__gamma': 0.001}"": 0.6693548151702968, ""{'clf__C': 10.0, 'clf__class_weight': 'balanced', 'clf__gamma': 0.01}"": 0.624431584382321, ""{'clf__C': 10.0, 'clf__class_weight': 'balanced', 'clf__gamma': 0.1}"": 0.3749242528183668, ""{'clf__C': 100.0, 'clf__class_weight': None, 'clf__gamma': 0.0001}"": 0.6873393117022385, ""{'clf__C': 100.0, 'clf__class_weight': None, 'clf__gamma': 0.001}"": 0.6179347408470943, ""{'clf__C': 100.0, 'clf__class_weight': None, 'clf__gamma': 0.01}"": 0.624431584382321, ""{'clf__C': 100.0, 'clf__class_weight': None, 'clf__gamma': 0.1}"": 0.3749242528183668, ""{'clf__C': 100.0, 'clf__class_weight': 'balanced', 'clf__gamma': 0.0001}"": 0.6863846156484192, ""{'clf__C': 100.0, 'clf__class_weight': 'balanced', 'clf__gamma': 0.001}"": 0.6220153583962912, ""{'clf__C': 100.0, 'clf__class_weight': 'balanced', 'clf__gamma': 0.01}"": 0.624431584382321, ""{'clf__C': 100.0, 'clf__class_weight': 'balanced', 'clf__gamma': 0.1}"": 0.3749242528183668}, ""best_score"": 0.7268474725606652}"
B_features_de_asym,rbf_svm,valence,9,1,"[37, 36, 15, 0, 12, 10, 29, 26, 31, 6, 11, 4, 33, 28, 7, 21, 18, 14, 16, 24, 19, 25, 32, 9, 20, 30, 2, 34, 27, 22, 38, 39]","[1, 35, 23, 5, 13, 8, 3, 17]","{""accuracy"": 0.7375, ""balanced_accuracy"": 0.6833333333333333, ""precision_macro"": 0.6636904761904762, ""precision_micro"": 0.7375, ""precision_weighted"": 0.7559523809523809, ""recall_macro"": 0.6833333333333333, ""recall_micro"": 0.7375, ""recall_weighted"": 0.7375, ""f1_macro"": 0.670846394984326, ""f1_micro"": 0.7375, ""f1_weighted"": 0.7449059561128527, ""mcc"": 0.3464674335917916, ""kappa"": 0.34375, ""confusion_matrix"": [[23, 17], [25, 95]], ""tp"": 95, ""tn"": 23, ""fp"": 17, ""fn"": 25, ""tpr"": 0.7916666666666666, ""tnr"": 0.575, ""fpr"": 0.425, ""fnr"": 0.20833333333333334, ""ppv"": 0.8482142857142857, ""npv"": 0.4791666666666667, ""roc_auc"": 0.7990625, ""pr_auc"": 0.9235203840398274, ""log_loss"": 0.49311905919485105, ""brier"": 0.16370100004329635, ""trial_accuracy"": 0.75, ""trial_f1_macro"": 0.6666666666666667}","{""clf__C"": 0.1, ""clf__class_weight"": ""balanced"", ""clf__gamma"": 0.01}","{""scores"": {""{'clf__C': 0.1, 'clf__class_weight': None, 'clf__gamma': 0.0001}"": 0.32664930555555555, ""{'clf__C': 0.1, 'clf__class_weight': None, 'clf__gamma': 0.001}"": 0.42438240833056384, ""{'clf__C': 0.1, 'clf__class_weight': None, 'clf__gamma': 0.01}"": 0.5045142027866604, ""{'clf__C': 0.1, 'clf__class_weight': None, 'clf__gamma': 0.1}"": 0.3021246952281435, ""{'clf__C': 0.1, 'clf__class_weight': 'balanced', 'clf__gamma': 0.0001}"": 0.3673900462962963, ""{'clf__C': 0.1, 'clf__class_weight': 'balanced', 'clf__gamma': 0.001}"": 0.5635532772282679, ""{'clf__C': 0.1, 'clf__class_weight': 'balanced', 'clf__gamma': 0.01}"": 0.6018421799309063, ""{'clf__C': 0.1, 'clf__class_weight': 'balanced', 'clf__gamma': 0.1}"": 0.34286543596888425, ""{'clf__C': 1.0, 'clf__class_weight': None, 'clf__gamma': 0.0001}"": 0.4317086648983201, ""{'clf__C': 1.0, 'clf__class_weight': None, 'clf__gamma': 0.001}"": 0.5336033399023995, ""{'clf__C': 1.0, 'clf__class_weight': None, 'clf__gamma': 0.01}"": 0.5193881875989871, ""{'clf__C': 1.0, 'clf__class_weight': None, 'clf__gamma': 0.1}"": 0.3336250225345672, ""{'clf__C': 1.0, 'clf__class_weight': 'balanced', 'clf__gamma': 0.0001}"": 0.5796983475245856, ""{'clf__C': 1.0, 'clf__class_weight': 'balanced', 'clf__gamma': 0.001}"": 0.5726648165281429, ""{'clf__C': 1.0, 'clf__class_weight': 'balanced', 'clf__gamma': 0.01}"": 0.5488247589896923, ""{'clf__C': 1.0, 'clf__class_weight': 'balanced', 'clf__gamma': 0.1}"": 0.35114110748474636, ""{'clf__C': 10.0, 'clf__class_weight': None, 'clf__gamma': 0.0001}"": 0.5292902142233675, ""{'clf__C': 10.0, 'clf__class_weight': None, 'clf__gamma': 0.001}"": 0.5418242515159839, ""{'clf__C': 10.0, 'clf__class_weight': None, 'clf__gamma': 0.01}"": 0.5146107818613371, ""{'clf__C': 10.0, 'clf__class_weight': None, 'clf__gamma': 0.1}"": 0.3506718098964072, ""{'clf__C': 10.0, 'clf__class_weight': 'balanced', 'clf__gamma': 0.0001}"": 0.5658013341790187, ""{'clf__C': 10.0, 'clf__class_weight': 'balanced', 'clf__gamma': 0.001}"": 0.5548847713391596, ""{'clf__C': 10.0, 'clf__class_weight': 'balanced', 'clf__gamma': 0.01}"": 0.5162320687198337, ""{'clf__C': 10.0, 'clf__class_weight': 'balanced', 'clf__gamma': 0.1}"": 0.3506718098964072, ""{'clf__C': 100.0, 'clf__class_weight': None, 'clf__gamma': 0.0001}"": 0.5374641621322919, ""{'clf__C': 100.0, 'clf__class_weight': None, 'clf__gamma': 0.001}"": 0.5350357815767989, ""{'clf__C': 100.0, 'clf__class_weight': None, 'clf__gamma': 0.01}"": 0.5146107818613371, ""{'clf__C': 100.0, 'clf__class_weight': None, 'clf__gamma': 0.1}"": 0.3506718098964072, ""{'clf__C': 100.0, 'clf__class_weight': 'balanced', 'clf__gamma': 0.0001}"": 0.5600636038136022, ""{'clf__C': 100.0, 'clf__class_weight': 'balanced', 'clf__gamma': 0.001}"": 0.5411008988816813, ""{'clf__C': 100.0, 'clf__class_weight': 'balanced', 'clf__gamma': 0.01}"": 0.5146107818613371, ""{'clf__C': 100.0, 'clf__class_weight': 'balanced', 'clf__gamma': 0.1}"": 0.3506718098964072}, ""best_score"": 0.6018421799309063}"
B_features_de_asym,rbf_svm,valence,10,0,"[36, 8, 0, 35, 24, 2, 18, 19, 21, 4, 9, 7, 12, 6, 15, 37, 31, 14, 20, 30, 16, 17, 33, 25, 34, 1, 29, 3, 26, 27, 38, 10]","[5, 32, 39, 22, 23, 13, 11, 28]","{""accuracy"": 0.9, ""balanced_accuracy"": 0.9166666666666666, ""precision_macro"": 0.8928346951602766, ""precision_micro"": 0.9, ""precision_weighted"": 0.9167190446260214, ""recall_macro"": 0.9166666666666666, ""recall_micro"": 0.9, ""recall_weighted"": 0.9, ""f1_macro"": 0.8972877547745145, ""f1_micro"": 0.9, ""f1_weighted"": 0.9014604397367998, ""mcc"": 0.8091504754579301, ""kappa"": 0.7961783439490446, ""confusion_matrix"": [[59, 1], [15, 85]], ""tp"": 85, ""tn"": 59, ""fp"": 1, ""fn"": 15, ""tpr"": 0.85, ""tnr"": 0.9833333333333333, ""fpr"": 0.016666666666666666, ""fnr"": 0.15, ""ppv"": 0.9883720930232558, ""npv"": 0.7972972972972973, ""roc_auc"": 0.9838333333333333, ""pr_auc"": 0.9907895452633586, ""log_loss"": 0.43682710196647534, ""brier"": 0.12990242974662272, ""trial_accuracy"": 0.875, ""trial_f1_macro"": 0.873015873015873}","{""clf__C"": 0.1, ""clf__class_weight"": ""balanced"", ""clf__gamma"": 0.001}","{""scores"": {""{'clf__C': 0.1, 'clf__class_weight': None, 'clf__gamma': 0.0001}"": 0.34640522875817, ""{'clf__C': 0.1, 'clf__class_weight': None, 'clf__gamma': 0.001}"": 0.4000119908669563, ""{'clf__C': 0.1, 'clf__class_weight': None, 'clf__gamma': 0.01}"": 0.5952067602359752, ""{'clf__C': 0.1, 'clf__class_weight': None, 'clf__gamma': 0.1}"": 0.34640522875817, ""{'clf__C': 0.1, 'clf__class_weight': 'balanced', 'clf__gamma': 0.0001}"": 0.3194444444444444, ""{'clf__C': 0.1, 'clf__class_weight': 'balanced', 'clf__gamma': 0.001}"": 0.6675460378601416, ""{'clf__C': 0.1, 'clf__class_weight': 'balanced', 'clf__gamma': 0.01}"": 0.6665747164032418, ""{'clf__C': 0.1, 'clf__class_weight': 'balanced', 'clf__gamma': 0.1}"": 0.3194444444444444, ""{'clf__C': 1.0, 'clf__class_weight': None, 'clf__gamma': 0.0001}"": 0.4302089531611247, ""{'clf__C': 1.0, 'clf__class_weight': None, 'clf__gamma': 0.001}"": 0.6637043512043512, ""{'clf__C': 1.0, 'clf__class_weight': None, 'clf__gamma': 0.01}"": 0.6607221306760209, ""{'clf__C': 1.0, 'clf__class_weight': None, 'clf__gamma': 0.1}"": 0.34640522875817, ""{'clf__C': 1.0, 'clf__class_weight': 'balanced', 'clf__gamma': 0.0001}"": 0.6120767424722494, ""{'clf__C': 1.0, 'clf__class_weight': 'balanced', 'clf__gamma': 0.001}"": 0.6552456136006243, ""{'clf__C': 1.0, 'clf__class_weight': 'balanced', 'clf__gamma': 0.01}"": 0.6629925049940132, ""{'clf__C': 1.0, 'clf__class_weight': 'balanced', 'clf__gamma': 0.1}"": 0.34640522875817, ""{'clf__C': 10.0, 'clf__class_weight': None, 'clf__gamma': 0.0001}"": 0.659198504725912, ""{'clf__C': 10.0, 'clf__class_weight': None, 'clf__gamma': 0.001}"": 0.6233011440085089, ""{'clf__C': 10.0, 'clf__class_weight': None, 'clf__gamma': 0.01}"": 0.6406301837919995, ""{'clf__C': 10.0, 'clf__class_weight': None, 'clf__gamma': 0.1}"": 0.34640522875817, ""{'clf__C': 10.0, 'clf__class_weight': 'balanced', 'clf__gamma': 0.0001}"": 0.6574446333501234, ""{'clf__C': 10.0, 'clf__class_weight': 'balanced', 'clf__gamma': 0.001}"": 0.6223122173370841, ""{'clf__C': 10.0, 'clf__class_weight': 'balanced', 'clf__gamma': 0.01}"": 0.6406301837919995, ""{'clf__C': 10.0, 'clf__class_weight': 'balanced', 'clf__gamma': 0.1}"": 0.34640522875817, ""{'clf__C': 100.0, 'clf__class_weight': None, 'clf__gamma': 0.0001}"": 0.6231562714088836, ""{'clf__C': 100.0, 'clf__class_weight': None, 'clf__gamma': 0.001}"": 0.5976328700414633, ""{'clf__C': 100.0, 'clf__class_weight': None, 'clf__gamma': 0.01}"": 0.6406301837919995, ""{'clf__C': 100.0, 'clf__class_weight': None, 'clf__gamma': 0.1}"": 0.34640522875817, ""{'clf__C': 100.0, 'clf__class_weight': 'balanced', 'clf__gamma': 0.0001}"": 0.6201129385003786, ""{'clf__C': 100.0, 'clf__class_weight': 'balanced', 'clf__gamma': 0.001}"": 0.5990439165908645, ""{'clf__C': 100.0, 'clf__class_weight': 'balanced', 'clf__gamma': 0.01}"": 0.6406301837919995, ""{'clf__C': 100.0, 'clf__class_weight': 'balanced', 'clf__gamma': 0.1}"": 0.34640522875817}, ""best_score"": 0.6675460378601416}"
B_features_de_asym,rbf_svm,valence,10,1,"[2, 33, 16, 5, 3, 7, 36, 27, 28, 30, 19, 32, 4, 12, 8, 11, 14, 38, 13, 20, 10, 23, 34, 9, 17, 24, 35, 29, 39, 26, 21, 31]","[15, 22, 25, 6, 18, 37, 1, 0]","{""accuracy"": 0.88125, ""balanced_accuracy"": 0.8983333333333333, ""precision_macro"": 0.8749019607843137, ""precision_micro"": 0.88125, ""precision_weighted"": 0.9002941176470587, ""recall_macro"": 0.8983333333333333, ""recall_micro"": 0.88125, ""recall_weighted"": 0.88125, ""f1_macro"": 0.8782782782782783, ""f1_micro"": 0.88125, ""f1_weighted"": 0.883033033033033, ""mcc"": 0.7728801917824477, ""kappa"": 0.7587301587301587, ""confusion_matrix"": [[83, 17], [2, 58]], ""tp"": 58, ""tn"": 83, ""fp"": 17, ""fn"": 2, ""tpr"": 0.9666666666666667, ""tnr"": 0.83, ""fpr"": 0.17, ""fnr"": 0.03333333333333333, ""ppv"": 0.7733333333333333, ""npv"": 0.9764705882352941, ""roc_auc"": 0.9576666666666667, ""pr_auc"": 0.9199054435236048, ""log_loss"": 0.39768089624604175, ""brier"": 0.12164297986154185, ""trial_accuracy"": 1.0, ""trial_f1_macro"": 1.0}","{""clf__C"": 1.0, ""clf__class_weight"": ""balanced"", ""clf__gamma"": 0.001}","{""scores"": {""{'clf__C': 0.1, 'clf__class_weight': None, 'clf__gamma': 0.0001}"": 0.43390078373110047, ""{'clf__C': 0.1, 'clf__class_weight': None, 'clf__gamma': 0.001}"": 0.43730739805651764, ""{'clf__C': 0.1, 'clf__class_weight': None, 'clf__gamma': 0.01}"": 0.6081453452282024, ""{'clf__C': 0.1, 'clf__class_weight': None, 'clf__gamma': 0.1}"": 0.3468137254901961, ""{'clf__C': 0.1, 'clf__class_weight': 'balanced', 'clf__gamma': 0.0001}"": 0.43390078373110047, ""{'clf__C': 0.1, 'clf__class_weight': 'balanced', 'clf__gamma': 0.001}"": 0.5525657535181001, ""{'clf__C': 0.1, 'clf__class_weight': 'balanced', 'clf__gamma': 0.01}"": 0.7003579625450108, ""{'clf__C': 0.1, 'clf__class_weight': 'balanced', 'clf__gamma': 0.1}"": 0.3468137254901961, ""{'clf__C': 1.0, 'clf__class_weight': None, 'clf__gamma': 0.0001}"": 0.46626629669794467, ""{'clf__C': 1.0, 'clf__class_weight': None, 'clf__gamma': 0.001}"": 0.7155894671778621, ""{'clf__C': 1.0, 'clf__class_weight': None, 'clf__gamma': 0.01}"": 0.6938902344509321, ""{'clf__C': 1.0, 'clf__class_weight': None, 'clf__gamma': 0.1}"": 0.35523617572322475, ""{'clf__C': 1.0, 'clf__class_weight': 'balanced', 'clf__gamma': 0.0001}"": 0.583150600542185, ""{'clf__C': 1.0, 'clf__class_weight': 'balanced', 'clf__gamma': 0.001}"": 0.7175128214738841, ""{'clf__C': 1.0, 'clf__class_weight': 'balanced', 'clf__gamma': 0.01}"": 0.6923963714372322, ""{'clf__C': 1.0, 'clf__class_weight': 'balanced', 'clf__gamma': 0.1}"": 0.35523617572322475, ""{'clf__C': 10.0, 'clf__class_weight': None, 'clf__gamma': 0.0001}"": 0.7111702736641351, ""{'clf__C': 10.0, 'clf__class_weight': None, 'clf__gamma': 0.001}"": 0.6798141244871253, ""{'clf__C': 10.0, 'clf__class_weight': None, 'clf__gamma': 0.01}"": 0.6858454335650546, ""{'clf__C': 10.0, 'clf__class_weight': None, 'clf__gamma': 0.1}"": 0.3544302129453933, ""{'clf__C': 10.0, 'clf__class_weight': 'balanced', 'clf__gamma': 0.0001}"": 0.7159886182945866, ""{'clf__C': 10.0, 'clf__class_weight': 'balanced', 'clf__gamma': 0.001}"": 0.6748317847441085, ""{'clf__C': 10.0, 'clf__class_weight': 'balanced', 'clf__gamma': 0.01}"": 0.6858454335650546, ""{'clf__C': 10.0, 'clf__class_weight': 'balanced', 'clf__gamma': 0.1}"": 0.3544302129453933, ""{'clf__C': 100.0, 'clf__class_weight': None, 'clf__gamma': 0.0001}"": 0.6825077357975055, ""{'clf__C': 100.0, 'clf__class_weight': None, 'clf__gamma': 0.001}"": 0.6679796629936421, ""{'clf__C': 100.0, 'clf__class_weight': None, 'clf__gamma': 0.01}"": 0.6858454335650546, ""{'clf__C': 100.0, 'clf__class_weight': None, 'clf__gamma': 0.1}"": 0.3544302129453933, ""{'clf__C': 100.0, 'clf__class_weight': 'balanced', 'clf__gamma': 0.0001}"": 0.6824394652040521, ""{'clf__C': 100.0, 'clf__class_weight': 'balanced', 'clf__gamma': 0.001}"": 0.6679796629936421, ""{'clf__C': 100.0, 'clf__class_weight': 'balanced', 'clf__gamma': 0.01}"": 0.6858454335650546, ""{'clf__C': 100.0, 'clf__class_weight': 'balanced', 'clf__gamma': 0.1}"": 0.3544302129453933}, ""best_score"": 0.7175128214738841}"
B_features_de_asym,rbf_svm,arousal,1,0,"[19, 13, 24, 31, 7, 6, 35, 9, 20, 37, 10, 32, 14, 8, 12, 5, 36, 28, 39, 29, 22, 26, 33, 15, 1, 25, 11, 34, 18, 3, 38, 23]","[30, 2, 27, 17, 16, 21, 0, 4]","{""accuracy"": 0.66875, ""balanced_accuracy"": 0.645, ""precision_macro"": 0.6459976506125189, ""precision_micro"": 0.66875, ""precision_weighted"": 0.6676665547910723, ""recall_macro"": 0.645, ""recall_micro"": 0.66875, ""recall_weighted"": 0.66875, ""f1_macro"": 0.6454701283498474, ""f1_micro"": 0.66875, ""f1_weighted"": 0.6681821982524353, ""mcc"": 0.29099594044464083, ""kappa"": 0.29096989966555187, ""confusion_matrix"": [[33, 27], [26, 74]], ""tp"": 74, ""tn"": 33, ""fp"": 27, ""fn"": 26, ""tpr"": 0.74, ""tnr"": 0.55, ""fpr"": 0.45, ""fnr"": 0.26, ""ppv"": 0.7326732673267327, ""npv"": 0.559322033898305, ""roc_auc"": 0.7098333333333333, ""pr_auc"": 0.8120751801458383, ""log_loss"": 0.6527734233269249, ""brier"": 0.22289675244587018, ""trial_accuracy"": 0.75, ""trial_f1_macro"": 0.7333333333333334}","{""clf__C"": 10.0, ""clf__class_weight"": ""balanced"", ""clf__gamma"": 0.0001}","{""scores"": {""{'clf__C': 0.1, 'clf__class_weight': None, 'clf__gamma': 0.0001}"": 0.37254901960784315, ""{'clf__C': 0.1, 'clf__class_weight': None, 'clf__gamma': 0.001}"": 0.37254901960784315, ""{'clf__C': 0.1, 'clf__class_weight': None, 'clf__gamma': 0.01}"": 0.37254901960784315, ""{'clf__C': 0.1, 'clf__class_weight': None, 'clf__gamma': 0.1}"": 0.37254901960784315, ""{'clf__C': 0.1, 'clf__class_weight': 'balanced', 'clf__gamma': 0.0001}"": 0.31221719457013575, ""{'clf__C': 0.1, 'clf__class_weight': 'balanced', 'clf__gamma': 0.001}"": 0.496873364104067, ""{'clf__C': 0.1, 'clf__class_weight': 'balanced', 'clf__gamma': 0.01}"": 0.6114662410963588, ""{'clf__C': 0.1, 'clf__class_weight': 'balanced', 'clf__gamma': 0.1}"": 0.31221719457013575, ""{'clf__C': 1.0, 'clf__class_weight': None, 'clf__gamma': 0.0001}"": 0.37254901960784315, ""{'clf__C': 1.0, 'clf__class_weight': None, 'clf__gamma': 0.001}"": 0.5592408351813225, ""{'clf__C': 1.0, 'clf__class_weight': None, 'clf__gamma': 0.01}"": 0.5644994901415018, ""{'clf__C': 1.0, 'clf__class_weight': None, 'clf__gamma': 0.1}"": 0.37254901960784315, ""{'clf__C': 1.0, 'clf__class_weight': 'balanced', 'clf__gamma': 0.0001}"": 0.53274700463326, ""{'clf__C': 1.0, 'clf__class_weight': 'balanced', 'clf__gamma': 0.001}"": 0.6694112821329258, ""{'clf__C': 1.0, 'clf__class_weight': 'balanced', 'clf__gamma': 0.01}"": 0.5725713658863741, ""{'clf__C': 1.0, 'clf__class_weight': 'balanced', 'clf__gamma': 0.1}"": 0.37254901960784315, ""{'clf__C': 10.0, 'clf__class_weight': None, 'clf__gamma': 0.0001}"": 0.5755476236779118, ""{'clf__C': 10.0, 'clf__class_weight': None, 'clf__gamma': 0.001}"": 0.5856854233612387, ""{'clf__C': 10.0, 'clf__class_weight': None, 'clf__gamma': 0.01}"": 0.5565107713142035, ""{'clf__C': 10.0, 'clf__class_weight': None, 'clf__gamma': 0.1}"": 0.37254901960784315, ""{'clf__C': 10.0, 'clf__class_weight': 'balanced', 'clf__gamma': 0.0001}"": 0.6699754345826573, ""{'clf__C': 10.0, 'clf__class_weight': 'balanced', 'clf__gamma': 0.001}"": 0.6016128684708997, ""{'clf__C': 10.0, 'clf__class_weight': 'balanced', 'clf__gamma': 0.01}"": 0.5565107713142035, ""{'clf__C': 10.0, 'clf__class_weight': 'balanced', 'clf__gamma': 0.1}"": 0.37254901960784315, ""{'clf__C': 100.0, 'clf__class_weight': None, 'clf__gamma': 0.0001}"": 0.5961385903205082, ""{'clf__C': 100.0, 'clf__class_weight': None, 'clf__gamma': 0.001}"": 0.5916085927384322, ""{'clf__C': 100.0, 'clf__class_weight': None, 'clf__gamma': 0.01}"": 0.5565107713142035, ""{'clf__C': 100.0, 'clf__class_weight': None, 'clf__gamma': 0.1}"": 0.37254901960784315, ""{'clf__C': 100.0, 'clf__class_weight': 'balanced', 'clf__gamma': 0.0001}"": 0.6061667721981517, ""{'clf__C': 100.0, 'clf__class_weight': 'balanced', 'clf__gamma': 0.001}"": 0.5839776417855572, ""{'clf__C': 100.0, 'clf__class_weight': 'balanced', 'clf__gamma': 0.01}"": 0.5565107713142035, ""{'clf__C': 100.0, 'clf__class_weight': 'balanced', 'clf__gamma': 0.1}"": 0.37254901960784315}, ""best_score"": 0.6699754345826573}"
B_features_de_asym,rbf_svm,arousal,1,1,"[31, 15, 1, 24, 16, 9, 30, 0, 39, 11, 23, 5, 4, 28, 12, 13, 17, 6, 35, 18, 36, 14, 2, 19, 22, 37, 7, 33, 27, 10, 8, 38]","[21, 26, 29, 25, 34, 3, 32, 20]","{""accuracy"": 0.60625, ""balanced_accuracy"": 0.6116666666666666, ""precision_macro"": 0.6047038599781216, ""precision_micro"": 0.60625, ""precision_weighted"": 0.6356266604156899, ""recall_macro"": 0.6116666666666666, ""recall_micro"": 0.60625, ""recall_weighted"": 0.60625, ""f1_macro"": 0.5993481457927581, ""f1_micro"": 0.60625, ""f1_weighted"": 0.6124945347589332, ""mcc"": 0.21625846601592497, ""kappa"": 0.21003134796238243, ""confusion_matrix"": [[38, 22], [41, 59]], ""tp"": 59, ""tn"": 38, ""fp"": 22, ""fn"": 41, ""tpr"": 0.59, ""tnr"": 0.6333333333333333, ""fpr"": 0.36666666666666664, ""fnr"": 0.41, ""ppv"": 0.7283950617283951, ""npv"": 0.4810126582278481, ""roc_auc"": 0.6606666666666667, ""pr_auc"": 0.7708009143394965, ""log_loss"": 0.7911741358300619, ""brier"": 0.2653593238992914, ""trial_accuracy"": 0.5, ""trial_f1_macro"": 0.4666666666666667}","{""clf__C"": 1.0, ""clf__class_weight"": ""balanced"", ""clf__gamma"": 0.001}","{""scores"": {""{'clf__C': 0.1, 'clf__class_weight': None, 'clf__gamma': 0.0001}"": 0.37227668845315903, ""{'clf__C': 0.1, 'clf__class_weight': None, 'clf__gamma': 0.001}"": 0.37227668845315903, ""{'clf__C': 0.1, 'clf__class_weight': None, 'clf__gamma': 0.01}"": 0.37227668845315903, ""{'clf__C': 0.1, 'clf__class_weight': None, 'clf__gamma': 0.1}"": 0.37227668845315903, ""{'clf__C': 0.1, 'clf__class_weight': 'balanced', 'clf__gamma': 0.0001}"": 0.3017740429505135, ""{'clf__C': 0.1, 'clf__class_weight': 'balanced', 'clf__gamma': 0.001}"": 0.48296346245809646, ""{'clf__C': 0.1, 'clf__class_weight': 'balanced', 'clf__gamma': 0.01}"": 0.48887707691173615, ""{'clf__C': 0.1, 'clf__class_weight': 'balanced', 'clf__gamma': 0.1}"": 0.3017740429505135, ""{'clf__C': 1.0, 'clf__class_weight': None, 'clf__gamma': 0.0001}"": 0.37227668845315903, ""{'clf__C': 1.0, 'clf__class_weight': None, 'clf__gamma': 0.001}"": 0.4804669462165938, ""{'clf__C': 1.0, 'clf__class_weight': None, 'clf__gamma': 0.01}"": 0.5555681627187248, ""{'clf__C': 1.0, 'clf__class_weight': None, 'clf__gamma': 0.1}"": 0.37227668845315903, ""{'clf__C': 1.0, 'clf__class_weight': 'balanced', 'clf__gamma': 0.0001}"": 0.4393241726980955, ""{'clf__C': 1.0, 'clf__class_weight': 'balanced', 'clf__gamma': 0.001}"": 0.6243848836267581, ""{'clf__C': 1.0, 'clf__class_weight': 'balanced', 'clf__gamma': 0.01}"": 0.5864636831035924, ""{'clf__C': 1.0, 'clf__class_weight': 'balanced', 'clf__gamma': 0.1}"": 0.37227668845315903, ""{'clf__C': 10.0, 'clf__class_weight': None, 'clf__gamma': 0.0001}"": 0.5240165031118228, ""{'clf__C': 10.0, 'clf__class_weight': None, 'clf__gamma': 0.001}"": 0.573468228913826, ""{'clf__C': 10.0, 'clf__class_weight': None, 'clf__gamma': 0.01}"": 0.5804821075034108, ""{'clf__C': 10.0, 'clf__class_weight': None, 'clf__gamma': 0.1}"": 0.37227668845315903, ""{'clf__C': 10.0, 'clf__class_weight': 'balanced', 'clf__gamma': 0.0001}"": 0.6223237940348659, ""{'clf__C': 10.0, 'clf__class_weight': 'balanced', 'clf__gamma': 0.001}"": 0.5665749796918638, ""{'clf__C': 10.0, 'clf__class_weight': 'balanced', 'clf__gamma': 0.01}"": 0.5804821075034108, ""{'clf__C': 10.0, 'clf__class_weight': 'balanced', 'clf__gamma': 0.1}"": 0.37227668845315903, ""{'clf__C': 100.0, 'clf__class_weight': None, 'clf__gamma': 0.0001}"": 0.5785499966047669, ""{'clf__C': 100.0, 'clf__class_weight': None, 'clf__gamma': 0.001}"": 0.5649858827635974, ""{'clf__C': 100.0, 'clf__class_weight': None, 'clf__gamma': 0.01}"": 0.5804821075034108, ""{'clf__C': 100.0, 'clf__class_weight': None, 'clf__gamma': 0.1}"": 0.37227668845315903, ""{'clf__C': 100.0, 'clf__class_weight': 'balanced', 'clf__gamma': 0.0001}"": 0.5708769521068436, ""{'clf__C': 100.0, 'clf__class_weight': 'balanced', 'clf__gamma': 0.001}"": 0.5635534497363125, ""{'clf__C': 100.0, 'clf__class_weight': 'balanced', 'clf__gamma': 0.01}"": 0.5804821075034108, ""{'clf__C': 100.0, 'clf__class_weight': 'balanced', 'clf__gamma': 0.1}"": 0.37227668845315903}, ""best_score"": 0.6243848836267581}"
B_features_de_asym,rbf_svm,arousal,2,0,"[36, 5, 11, 38, 19, 15, 27, 17, 31, 26, 16, 12, 8, 2, 9, 18, 10, 0, 33, 29, 14, 1, 24, 4, 21, 13, 6, 28, 30, 7, 34, 25]","[22, 23, 37, 39, 32, 3, 35, 20]","{""accuracy"": 0.65625, ""balanced_accuracy"": 0.65625, ""precision_macro"": 0.6655903295247558, ""precision_micro"": 0.65625, ""precision_weighted"": 0.6655903295247558, ""recall_macro"": 0.65625, ""recall_micro"": 0.65625, ""recall_weighted"": 0.65625, ""f1_macro"": 0.6513332540908912, ""f1_micro"": 0.65625, ""f1_weighted"": 0.651333254090891, ""mcc"": 0.32170476520090957, ""kappa"": 0.3125, ""confusion_matrix"": [[43, 37], [18, 62]], ""tp"": 62, ""tn"": 43, ""fp"": 37, ""fn"": 18, ""tpr"": 0.775, ""tnr"": 0.5375, ""fpr"": 0.4625, ""fnr"": 0.225, ""ppv"": 0.6262626262626263, ""npv"": 0.7049180327868853, ""roc_auc"": 0.76625, ""pr_auc"": 0.8087284379689539, ""log_loss"": 0.915870944652565, ""brier"": 0.25561059339213055, ""trial_accuracy"": 0.625, ""trial_f1_macro"": 0.6190476190476191}","{""clf__C"": 10.0, ""clf__class_weight"": null, ""clf__gamma"": 0.01}","{""scores"": {""{'clf__C': 0.1, 'clf__class_weight': None, 'clf__gamma': 0.0001}"": 0.3017740429505135, ""{'clf__C': 0.1, 'clf__class_weight': None, 'clf__gamma': 0.001}"": 0.3017740429505135, ""{'clf__C': 0.1, 'clf__class_weight': None, 'clf__gamma': 0.01}"": 0.3580513353834968, ""{'clf__C': 0.1, 'clf__class_weight': None, 'clf__gamma': 0.1}"": 0.3017740429505135, ""{'clf__C': 0.1, 'clf__class_weight': 'balanced', 'clf__gamma': 0.0001}"": 0.3587962962962963, ""{'clf__C': 0.1, 'clf__class_weight': 'balanced', 'clf__gamma': 0.001}"": 0.36697345443014423, ""{'clf__C': 0.1, 'clf__class_weight': 'balanced', 'clf__gamma': 0.01}"": 0.4682205116015214, ""{'clf__C': 0.1, 'clf__class_weight': 'balanced', 'clf__gamma': 0.1}"": 0.3587962962962963, ""{'clf__C': 1.0, 'clf__class_weight': None, 'clf__gamma': 0.0001}"": 0.3070654483553512, ""{'clf__C': 1.0, 'clf__class_weight': None, 'clf__gamma': 0.001}"": 0.49247677798728007, ""{'clf__C': 1.0, 'clf__class_weight': None, 'clf__gamma': 0.01}"": 0.5576710820225914, ""{'clf__C': 1.0, 'clf__class_weight': None, 'clf__gamma': 0.1}"": 0.3017740429505135, ""{'clf__C': 1.0, 'clf__class_weight': 'balanced', 'clf__gamma': 0.0001}"": 0.5125197476804898, ""{'clf__C': 1.0, 'clf__class_weight': 'balanced', 'clf__gamma': 0.001}"": 0.5389506849160838, ""{'clf__C': 1.0, 'clf__class_weight': 'balanced', 'clf__gamma': 0.01}"": 0.5531885303437039, ""{'clf__C': 1.0, 'clf__class_weight': 'balanced', 'clf__gamma': 0.1}"": 0.3017740429505135, ""{'clf__C': 10.0, 'clf__class_weight': None, 'clf__gamma': 0.0001}"": 0.5029026395831327, ""{'clf__C': 10.0, 'clf__class_weight': None, 'clf__gamma': 0.001}"": 0.5309534626293421, ""{'clf__C': 10.0, 'clf__class_weight': None, 'clf__gamma': 0.01}"": 0.564829859430051, ""{'clf__C': 10.0, 'clf__class_weight': None, 'clf__gamma': 0.1}"": 0.3017740429505135, ""{'clf__C': 10.0, 'clf__class_weight': 'balanced', 'clf__gamma': 0.0001}"": 0.5422472866835801, ""{'clf__C': 10.0, 'clf__class_weight': 'balanced', 'clf__gamma': 0.001}"": 0.5269670378922492, ""{'clf__C': 10.0, 'clf__class_weight': 'balanced', 'clf__gamma': 0.01}"": 0.564829859430051, ""{'clf__C': 10.0, 'clf__class_weight': 'balanced', 'clf__gamma': 0.1}"": 0.3017740429505135, ""{'clf__C': 100.0, 'clf__class_weight': None, 'clf__gamma': 0.0001}"": 0.5131813184397025, ""{'clf__C': 100.0, 'clf__class_weight': None, 'clf__gamma': 0.001}"": 0.5571256495331345, ""{'clf__C': 100.0, 'clf__class_weight': None, 'clf__gamma': 0.01}"": 0.564829859430051, ""{'clf__C': 100.0, 'clf__class_weight': None, 'clf__gamma': 0.1}"": 0.3017740429505135, ""{'clf__C': 100.0, 'clf__class_weight': 'balanced', 'clf__gamma': 0.0001}"": 0.5233480600543325, ""{'clf__C': 100.0, 'clf__class_weight': 'balanced', 'clf__gamma': 0.001}"": 0.5569889582535822, ""{'clf__C': 100.0, 'clf__class_weight': 'balanced', 'clf__gamma': 0.01}"": 0.564829859430051, ""{'clf__C': 100.0, 'clf__class_weight': 'balanced', 'clf__gamma': 0.1}"": 0.3017740429505135}, ""best_score"": 0.564829859430051}"
B_features_de_asym,rbf_svm,arousal,2,1,"[7, 25, 26, 27, 14, 16, 5, 23, 3, 0, 30, 37, 39, 38, 22, 15, 19, 31, 18, 34, 13, 36, 21, 6, 20, 10, 33, 4, 32, 8, 17, 24]","[9, 35, 11, 2, 12, 1, 29, 28]","{""accuracy"": 0.65, ""balanced_accuracy"": 0.6266666666666667, ""precision_macro"": 0.6266666666666667, ""precision_micro"": 0.65, ""precision_weighted"": 0.65, ""recall_macro"": 0.6266666666666667, ""recall_micro"": 0.65, ""recall_weighted"": 0.65, ""f1_macro"": 0.6266666666666667, ""f1_micro"": 0.65, ""f1_weighted"": 0.65, ""mcc"": 0.25333333333333335, ""kappa"": 0.2533333333333333, ""confusion_matrix"": [[32, 28], [28, 72]], ""tp"": 72, ""tn"": 32, ""fp"": 28, ""fn"": 28, ""tpr"": 0.72, ""tnr"": 0.5333333333333333, ""fpr"": 0.4666666666666667, ""fnr"": 0.28, ""ppv"": 0.72, ""npv"": 0.5333333333333333, ""roc_auc"": 0.7444999999999999, ""pr_auc"": 0.8422958549696962, ""log_loss"": 0.7316234811280321, ""brier"": 0.23364607774153864, ""trial_accuracy"": 0.75, ""trial_f1_macro"": 0.7333333333333334}","{""clf__C"": 1.0, ""clf__class_weight"": ""balanced"", ""clf__gamma"": 0.01}","{""scores"": {""{'clf__C': 0.1, 'clf__class_weight': None, 'clf__gamma': 0.0001}"": 0.30357142857142855, ""{'clf__C': 0.1, 'clf__class_weight': None, 'clf__gamma': 0.001}"": 0.30357142857142855, ""{'clf__C': 0.1, 'clf__class_weight': None, 'clf__gamma': 0.01}"": 0.31872404435577173, ""{'clf__C': 0.1, 'clf__class_weight': None, 'clf__gamma': 0.1}"": 0.30357142857142855, ""{'clf__C': 0.1, 'clf__class_weight': 'balanced', 'clf__gamma': 0.0001}"": 0.3602941176470589, ""{'clf__C': 0.1, 'clf__class_weight': 'balanced', 'clf__gamma': 0.001}"": 0.3556349057194763, ""{'clf__C': 0.1, 'clf__class_weight': 'balanced', 'clf__gamma': 0.01}"": 0.5284848123818544, ""{'clf__C': 0.1, 'clf__class_weight': 'balanced', 'clf__gamma': 0.1}"": 0.3602941176470589, ""{'clf__C': 1.0, 'clf__class_weight': None, 'clf__gamma': 0.0001}"": 0.30357142857142855, ""{'clf__C': 1.0, 'clf__class_weight': None, 'clf__gamma': 0.001}"": 0.5583325981327031, ""{'clf__C': 1.0, 'clf__class_weight': None, 'clf__gamma': 0.01}"": 0.6084501550648235, ""{'clf__C': 1.0, 'clf__class_weight': None, 'clf__gamma': 0.1}"": 0.30357142857142855, ""{'clf__C': 1.0, 'clf__class_weight': 'balanced', 'clf__gamma': 0.0001}"": 0.5046714078806519, ""{'clf__C': 1.0, 'clf__class_weight': 'balanced', 'clf__gamma': 0.001}"": 0.5663915065898668, ""{'clf__C': 1.0, 'clf__class_weight': 'balanced', 'clf__gamma': 0.01}"": 0.6086488225214173, ""{'clf__C': 1.0, 'clf__class_weight': 'balanced', 'clf__gamma': 0.1}"": 0.30357142857142855, ""{'clf__C': 10.0, 'clf__class_weight': None, 'clf__gamma': 0.0001}"": 0.569345308061597, ""{'clf__C': 10.0, 'clf__class_weight': None, 'clf__gamma': 0.001}"": 0.590775025058397, ""{'clf__C': 10.0, 'clf__class_weight': None, 'clf__gamma': 0.01}"": 0.6073048416246573, ""{'clf__C': 10.0, 'clf__class_weight': None, 'clf__gamma': 0.1}"": 0.30357142857142855, ""{'clf__C': 10.0, 'clf__class_weight': 'balanced', 'clf__gamma': 0.0001}"": 0.5717621630715327, ""{'clf__C': 10.0, 'clf__class_weight': 'balanced', 'clf__gamma': 0.001}"": 0.586099085651454, ""{'clf__C': 10.0, 'clf__class_weight': 'balanced', 'clf__gamma': 0.01}"": 0.6073048416246573, ""{'clf__C': 10.0, 'clf__class_weight': 'balanced', 'clf__gamma': 0.1}"": 0.30357142857142855, ""{'clf__C': 100.0, 'clf__class_weight': None, 'clf__gamma': 0.0001}"": 0.5652083603539914, ""{'clf__C': 100.0, 'clf__class_weight': None, 'clf__gamma': 0.001}"": 0.6059567276281701, ""{'clf__C': 100.0, 'clf__class_weight': None, 'clf__gamma': 0.01}"": 0.6073048416246573, ""{'clf__C': 100.0, 'clf__class_weight': None, 'clf__gamma': 0.1}"": 0.30357142857142855, ""{'clf__C': 100.0, 'clf__class_weight': 'balanced', 'clf__gamma': 0.0001}"": 0.5766275302118934, ""{'clf__C': 100.0, 'clf__class_weight': 'balanced', 'clf__gamma': 0.001}"": 0.607415996328818, ""{'clf__C': 100.0, 'clf__class_weight': 'balanced', 'clf__gamma': 0.01}"": 0.6073048416246573, ""{'clf__C': 100.0, 'clf__class_weight': 'balanced', 'clf__gamma': 0.1}"": 0.30357142857142855}, ""best_score"": 0.6086488225214173}"
B_features_de_asym,rbf_svm,arousal,3,0,"[5, 13, 7, 0, 37, 20, 9, 19, 35, 39, 18, 16, 10, 28, 36, 24, 33, 6, 17, 27, 2, 12, 29, 26, 38, 23, 8, 22, 25, 34, 14, 1]","[15, 4, 21, 31, 32, 3, 30, 11]","{""accuracy"": 0.63125, ""balanced_accuracy"": 0.5549999999999999, ""precision_macro"": 0.5868649644643327, ""precision_micro"": 0.63125, ""precision_weighted"": 0.6042708607528298, ""recall_macro"": 0.5549999999999999, ""recall_micro"": 0.63125, ""recall_weighted"": 0.63125, ""f1_macro"": 0.5408336981370689, ""f1_micro"": 0.63125, ""f1_weighted"": 0.5917724597499878, ""mcc"": 0.13823998040419855, ""kappa"": 0.12267657992565051, ""confusion_matrix"": [[15, 45], [14, 86]], ""tp"": 86, ""tn"": 15, ""fp"": 45, ""fn"": 14, ""tpr"": 0.86, ""tnr"": 0.25, ""fpr"": 0.75, ""fnr"": 0.14, ""ppv"": 0.6564885496183206, ""npv"": 0.5172413793103449, ""roc_auc"": 0.645, ""pr_auc"": 0.7466770497385584, ""log_loss"": 0.6634926435757699, ""brier"": 0.23207462724996378, ""trial_accuracy"": 0.625, ""trial_f1_macro"": 0.38461538461538464}","{""clf__C"": 10.0, ""clf__class_weight"": ""balanced"", ""clf__gamma"": 0.0001}","{""scores"": {""{'clf__C': 0.1, 'clf__class_weight': None, 'clf__gamma': 0.0001}"": 0.2853174603174603, ""{'clf__C': 0.1, 'clf__class_weight': None, 'clf__gamma': 0.001}"": 0.2853174603174603, ""{'clf__C': 0.1, 'clf__class_weight': None, 'clf__gamma': 0.01}"": 0.28912044646052926, ""{'clf__C': 0.1, 'clf__class_weight': None, 'clf__gamma': 0.1}"": 0.2853174603174603, ""{'clf__C': 0.1, 'clf__class_weight': 'balanced', 'clf__gamma': 0.0001}"": 0.40419965504679406, ""{'clf__C': 0.1, 'clf__class_weight': 'balanced', 'clf__gamma': 0.001}"": 0.5034846118599743, ""{'clf__C': 0.1, 'clf__class_weight': 'balanced', 'clf__gamma': 0.01}"": 0.6101899111431135, ""{'clf__C': 0.1, 'clf__class_weight': 'balanced', 'clf__gamma': 0.1}"": 0.32447786131996653, ""{'clf__C': 1.0, 'clf__class_weight': None, 'clf__gamma': 0.0001}"": 0.2853174603174603, ""{'clf__C': 1.0, 'clf__class_weight': None, 'clf__gamma': 0.001}"": 0.5770673891588924, ""{'clf__C': 1.0, 'clf__class_weight': None, 'clf__gamma': 0.01}"": 0.547346682264983, ""{'clf__C': 1.0, 'clf__class_weight': None, 'clf__gamma': 0.1}"": 0.2853174603174603, ""{'clf__C': 1.0, 'clf__class_weight': 'balanced', 'clf__gamma': 0.0001}"": 0.6141383909703347, ""{'clf__C': 1.0, 'clf__class_weight': 'balanced', 'clf__gamma': 0.001}"": 0.6156030165275136, ""{'clf__C': 1.0, 'clf__class_weight': 'balanced', 'clf__gamma': 0.01}"": 0.5568161002344689, ""{'clf__C': 1.0, 'clf__class_weight': 'balanced', 'clf__gamma': 0.1}"": 0.2853174603174603, ""{'clf__C': 10.0, 'clf__class_weight': None, 'clf__gamma': 0.0001}"": 0.5795081898939124, ""{'clf__C': 10.0, 'clf__class_weight': None, 'clf__gamma': 0.001}"": 0.5321473538330556, ""{'clf__C': 10.0, 'clf__class_weight': None, 'clf__gamma': 0.01}"": 0.531880819824499, ""{'clf__C': 10.0, 'clf__class_weight': None, 'clf__gamma': 0.1}"": 0.2853174603174603, ""{'clf__C': 10.0, 'clf__class_weight': 'balanced', 'clf__gamma': 0.0001}"": 0.6170039715619491, ""{'clf__C': 10.0, 'clf__class_weight': 'balanced', 'clf__gamma': 0.001}"": 0.544204949443937, ""{'clf__C': 10.0, 'clf__class_weight': 'balanced', 'clf__gamma': 0.01}"": 0.531880819824499, ""{'clf__C': 10.0, 'clf__class_weight': 'balanced', 'clf__gamma': 0.1}"": 0.2853174603174603, ""{'clf__C': 100.0, 'clf__class_weight': None, 'clf__gamma': 0.0001}"": 0.5448669717068105, ""{'clf__C': 100.0, 'clf__class_weight': None, 'clf__gamma': 0.001}"": 0.5080027923332868, ""{'clf__C': 100.0, 'clf__class_weight': None, 'clf__gamma': 0.01}"": 0.531880819824499, ""{'clf__C': 100.0, 'clf__class_weight': None, 'clf__gamma': 0.1}"": 0.2853174603174603, ""{'clf__C': 100.0, 'clf__class_weight': 'balanced', 'clf__gamma': 0.0001}"": 0.5446459480889309, ""{'clf__C': 100.0, 'clf__class_weight': 'balanced', 'clf__gamma': 0.001}"": 0.5113766960925666, ""{'clf__C': 100.0, 'clf__class_weight': 'balanced', 'clf__gamma': 0.01}"": 0.531880819824499, ""{'clf__C': 100.0, 'clf__class_weight': 'balanced', 'clf__gamma': 0.1}"": 0.2853174603174603}, ""best_score"": 0.6170039715619491}"
B_features_de_asym,rbf_svm,arousal,3,1,"[29, 21, 10, 25, 39, 1, 4, 20, 14, 2, 19, 28, 17, 12, 7, 3, 15, 5, 36, 30, 8, 23, 6, 35, 33, 32, 9, 18, 26, 38, 37, 0]","[27, 22, 34, 31, 24, 16, 11, 13]","{""accuracy"": 0.6625, ""balanced_accuracy"": 0.6083333333333334, ""precision_macro"": 0.5908455625436757, ""precision_micro"": 0.6625, ""precision_weighted"": 0.7010831586303284, ""recall_macro"": 0.6083333333333334, ""recall_micro"": 0.6625, ""recall_weighted"": 0.6625, ""f1_macro"": 0.593296930898136, ""f1_micro"": 0.6625, ""f1_weighted"": 0.6771794389003953, ""mcc"": 0.19840970348143971, ""kappa"": 0.19402985074626866, ""confusion_matrix"": [[86, 34], [20, 20]], ""tp"": 20, ""tn"": 86, ""fp"": 34, ""fn"": 20, ""tpr"": 0.5, ""tnr"": 0.7166666666666667, ""fpr"": 0.2833333333333333, ""fnr"": 0.5, ""ppv"": 0.37037037037037035, ""npv"": 0.8113207547169812, ""roc_auc"": 0.61875, ""pr_auc"": 0.3426468954665977, ""log_loss"": 0.6772290026266408, ""brier"": 0.2369172942876221, ""trial_accuracy"": 0.75, ""trial_f1_macro"": 0.6666666666666667}","{""clf__C"": 1.0, ""clf__class_weight"": null, ""clf__gamma"": 0.001}","{""scores"": {""{'clf__C': 0.1, 'clf__class_weight': None, 'clf__gamma': 0.0001}"": 0.43510217247472077, ""{'clf__C': 0.1, 'clf__class_weight': None, 'clf__gamma': 0.001}"": 0.4330980299850875, ""{'clf__C': 0.1, 'clf__class_weight': None, 'clf__gamma': 0.01}"": 0.4278761240991786, ""{'clf__C': 0.1, 'clf__class_weight': None, 'clf__gamma': 0.1}"": 0.29873680241327305, ""{'clf__C': 0.1, 'clf__class_weight': 'balanced', 'clf__gamma': 0.0001}"": 0.42162178031785796, ""{'clf__C': 0.1, 'clf__class_weight': 'balanced', 'clf__gamma': 0.001}"": 0.4847508071280607, ""{'clf__C': 0.1, 'clf__class_weight': 'balanced', 'clf__gamma': 0.01}"": 0.577813943503698, ""{'clf__C': 0.1, 'clf__class_weight': 'balanced', 'clf__gamma': 0.1}"": 0.2852564102564103, ""{'clf__C': 1.0, 'clf__class_weight': None, 'clf__gamma': 0.0001}"": 0.43510217247472077, ""{'clf__C': 1.0, 'clf__class_weight': None, 'clf__gamma': 0.001}"": 0.6361940732118512, ""{'clf__C': 1.0, 'clf__class_weight': None, 'clf__gamma': 0.01}"": 0.5943197686850937, ""{'clf__C': 1.0, 'clf__class_weight': None, 'clf__gamma': 0.1}"": 0.31315302800962286, ""{'clf__C': 1.0, 'clf__class_weight': 'balanced', 'clf__gamma': 0.0001}"": 0.5137334900910159, ""{'clf__C': 1.0, 'clf__class_weight': 'balanced', 'clf__gamma': 0.001}"": 0.6052004504797294, ""{'clf__C': 1.0, 'clf__class_weight': 'balanced', 'clf__gamma': 0.01}"": 0.6077159280721909, ""{'clf__C': 1.0, 'clf__class_weight': 'balanced', 'clf__gamma': 0.1}"": 0.31315302800962286, ""{'clf__C': 10.0, 'clf__class_weight': None, 'clf__gamma': 0.0001}"": 0.6235693791496965, ""{'clf__C': 10.0, 'clf__class_weight': None, 'clf__gamma': 0.001}"": 0.5929215688955608, ""{'clf__C': 10.0, 'clf__class_weight': None, 'clf__gamma': 0.01}"": 0.5815752612953641, ""{'clf__C': 10.0, 'clf__class_weight': None, 'clf__gamma': 0.1}"": 0.31315302800962286, ""{'clf__C': 10.0, 'clf__class_weight': 'balanced', 'clf__gamma': 0.0001}"": 0.6014796785015014, ""{'clf__C': 10.0, 'clf__class_weight': 'balanced', 'clf__gamma': 0.001}"": 0.5881630557115611, ""{'clf__C': 10.0, 'clf__class_weight': 'balanced', 'clf__gamma': 0.01}"": 0.5815752612953641, ""{'clf__C': 10.0, 'clf__class_weight': 'balanced', 'clf__gamma': 0.1}"": 0.31315302800962286, ""{'clf__C': 100.0, 'clf__class_weight': None, 'clf__gamma': 0.0001}"": 0.5941816702097618, ""{'clf__C': 100.0, 'clf__class_weight': None, 'clf__gamma': 0.001}"": 0.5454441483339507, ""{'clf__C': 100.0, 'clf__class_weight': None, 'clf__gamma': 0.01}"": 0.5815752612953641, ""{'clf__C': 100.0, 'clf__class_weight': None, 'clf__gamma': 0.1}"": 0.31315302800962286, ""{'clf__C': 100.0, 'clf__class_weight': 'balanced', 'clf__gamma': 0.0001}"": 0.6007971738001839, ""{'clf__C': 100.0, 'clf__class_weight': 'balanced', 'clf__gamma': 0.001}"": 0.543764485295974, ""{'clf__C': 100.0, 'clf__class_weight': 'balanced', 'clf__gamma': 0.01}"": 0.5815752612953641, ""{'clf__C': 100.0, 'clf__class_weight': 'balanced', 'clf__gamma': 0.1}"": 0.31315302800962286}, ""best_score"": 0.6361940732118512}"
B_features_de_asym,rbf_svm,arousal,4,0,"[3, 38, 6, 4, 17, 10, 9, 39, 7, 30, 26, 13, 14, 1, 12, 20, 21, 35, 36, 24, 33, 31, 28, 37, 25, 34, 15, 32, 22, 23, 0, 8]","[2, 16, 27, 29, 11, 18, 19, 5]","{""accuracy"": 0.51875, ""balanced_accuracy"": 0.4708333333333333, ""precision_macro"": 0.47753169635692505, ""precision_micro"": 0.51875, ""precision_weighted"": 0.604357246027925, ""recall_macro"": 0.4708333333333333, ""recall_micro"": 0.51875, ""recall_weighted"": 0.51875, ""f1_macro"": 0.45943574217893024, ""f1_micro"": 0.51875, ""f1_weighted"": 0.5489666973805449, ""mcc"": -0.05119865322146743, ""kappa"": -0.04761904761904767, ""confusion_matrix"": [[15, 25], [52, 68]], ""tp"": 68, ""tn"": 15, ""fp"": 25, ""fn"": 52, ""tpr"": 0.5666666666666667, ""tnr"": 0.375, ""fpr"": 0.625, ""fnr"": 0.43333333333333335, ""ppv"": 0.7311827956989247, ""npv"": 0.22388059701492538, ""roc_auc"": 0.455625, ""pr_auc"": 0.7442352032361028, ""log_loss"": 1.0293166849325077, ""brier"": 0.3406017604150623, ""trial_accuracy"": 0.625, ""trial_f1_macro"": 0.5636363636363637}","{""clf__C"": 100.0, ""clf__class_weight"": null, ""clf__gamma"": 0.001}","{""scores"": {""{'clf__C': 0.1, 'clf__class_weight': None, 'clf__gamma': 0.0001}"": 0.252518315018315, ""{'clf__C': 0.1, 'clf__class_weight': None, 'clf__gamma': 0.001}"": 0.252518315018315, ""{'clf__C': 0.1, 'clf__class_weight': None, 'clf__gamma': 0.01}"": 0.252518315018315, ""{'clf__C': 0.1, 'clf__class_weight': None, 'clf__gamma': 0.1}"": 0.252518315018315, ""{'clf__C': 0.1, 'clf__class_weight': 'balanced', 'clf__gamma': 0.0001}"": 0.32633053221288516, ""{'clf__C': 0.1, 'clf__class_weight': 'balanced', 'clf__gamma': 0.001}"": 0.32633053221288516, ""{'clf__C': 0.1, 'clf__class_weight': 'balanced', 'clf__gamma': 0.01}"": 0.3251703048083138, ""{'clf__C': 0.1, 'clf__class_weight': 'balanced', 'clf__gamma': 0.1}"": 0.32633053221288516, ""{'clf__C': 1.0, 'clf__class_weight': None, 'clf__gamma': 0.0001}"": 0.252518315018315, ""{'clf__C': 1.0, 'clf__class_weight': None, 'clf__gamma': 0.001}"": 0.3202573325395354, ""{'clf__C': 1.0, 'clf__class_weight': None, 'clf__gamma': 0.01}"": 0.47039505047666813, ""{'clf__C': 1.0, 'clf__class_weight': None, 'clf__gamma': 0.1}"": 0.252518315018315, ""{'clf__C': 1.0, 'clf__class_weight': 'balanced', 'clf__gamma': 0.0001}"": 0.3686519525067711, ""{'clf__C': 1.0, 'clf__class_weight': 'balanced', 'clf__gamma': 0.001}"": 0.5022607035756201, ""{'clf__C': 1.0, 'clf__class_weight': 'balanced', 'clf__gamma': 0.01}"": 0.5052050702129217, ""{'clf__C': 1.0, 'clf__class_weight': 'balanced', 'clf__gamma': 0.1}"": 0.252518315018315, ""{'clf__C': 10.0, 'clf__class_weight': None, 'clf__gamma': 0.0001}"": 0.330803891056852, ""{'clf__C': 10.0, 'clf__class_weight': None, 'clf__gamma': 0.001}"": 0.4962949266977826, ""{'clf__C': 10.0, 'clf__class_weight': None, 'clf__gamma': 0.01}"": 0.4945149985607949, ""{'clf__C': 10.0, 'clf__class_weight': None, 'clf__gamma': 0.1}"": 0.252518315018315, ""{'clf__C': 10.0, 'clf__class_weight': 'balanced', 'clf__gamma': 0.0001}"": 0.4866098091385889, ""{'clf__C': 10.0, 'clf__class_weight': 'balanced', 'clf__gamma': 0.001}"": 0.5248380480354949, ""{'clf__C': 10.0, 'clf__class_weight': 'balanced', 'clf__gamma': 0.01}"": 0.4945149985607949, ""{'clf__C': 10.0, 'clf__class_weight': 'balanced', 'clf__gamma': 0.1}"": 0.252518315018315, ""{'clf__C': 100.0, 'clf__class_weight': None, 'clf__gamma': 0.0001}"": 0.48828311791413564, ""{'clf__C': 100.0, 'clf__class_weight': None, 'clf__gamma': 0.001}"": 0.5355092656182998, ""{'clf__C': 100.0, 'clf__class_weight': None, 'clf__gamma': 0.01}"": 0.4945149985607949, ""{'clf__C': 100.0, 'clf__class_weight': None, 'clf__gamma': 0.1}"": 0.252518315018315, ""{'clf__C': 100.0, 'clf__class_weight': 'balanced', 'clf__gamma': 0.0001}"": 0.5208506892915313, ""{'clf__C': 100.0, 'clf__class_weight': 'balanced', 'clf__gamma': 0.001}"": 0.5350861377034747, ""{'clf__C': 100.0, 'clf__class_weight': 'balanced', 'clf__gamma': 0.01}"": 0.4945149985607949, ""{'clf__C': 100.0, 'clf__class_weight': 'balanced', 'clf__gamma': 0.1}"": 0.252518315018315}, ""best_score"": 0.5355092656182998}"
B_features_de_asym,rbf_svm,arousal,4,1,"[1, 32, 37, 8, 23, 13, 10, 19, 11, 24, 28, 35, 34, 38, 21, 2, 27, 17, 20, 6, 25, 5, 14, 33, 4, 3, 31, 36, 15, 9, 29, 26]","[7, 18, 0, 39, 16, 12, 30, 22]","{""accuracy"": 0.525, ""balanced_accuracy"": 0.5599999999999999, ""precision_macro"": 0.5599999999999999, ""precision_micro"": 0.525, ""precision_weighted"": 0.595, ""recall_macro"": 0.5599999999999999, ""recall_micro"": 0.525, ""recall_weighted"": 0.525, ""f1_macro"": 0.525, ""f1_micro"": 0.525, ""f1_weighted"": 0.525, ""mcc"": 0.12, ""kappa"": 0.10588235294117643, ""confusion_matrix"": [[42, 18], [58, 42]], ""tp"": 42, ""tn"": 42, ""fp"": 18, ""fn"": 58, ""tpr"": 0.42, ""tnr"": 0.7, ""fpr"": 0.3, ""fnr"": 0.58, ""ppv"": 0.7, ""npv"": 0.42, ""roc_auc"": 0.5888333333333333, ""pr_auc"": 0.7085774387543149, ""log_loss"": 1.0311581027451067, ""brier"": 0.344535053810735, ""trial_accuracy"": 0.375, ""trial_f1_macro"": 0.2727272727272727}","{""clf__C"": 100.0, ""clf__class_weight"": ""balanced"", ""clf__gamma"": 0.001}","{""scores"": {""{'clf__C': 0.1, 'clf__class_weight': None, 'clf__gamma': 0.0001}"": 0.369109047127623, ""{'clf__C': 0.1, 'clf__class_weight': None, 'clf__gamma': 0.001}"": 0.369109047127623, ""{'clf__C': 0.1, 'clf__class_weight': None, 'clf__gamma': 0.01}"": 0.369109047127623, ""{'clf__C': 0.1, 'clf__class_weight': None, 'clf__gamma': 0.1}"": 0.369109047127623, ""{'clf__C': 0.1, 'clf__class_weight': 'balanced', 'clf__gamma': 0.0001}"": 0.30018674136321194, ""{'clf__C': 0.1, 'clf__class_weight': 'balanced', 'clf__gamma': 0.001}"": 0.30018674136321194, ""{'clf__C': 0.1, 'clf__class_weight': 'balanced', 'clf__gamma': 0.01}"": 0.3064096850861557, ""{'clf__C': 0.1, 'clf__class_weight': 'balanced', 'clf__gamma': 0.1}"": 0.30018674136321194, ""{'clf__C': 1.0, 'clf__class_weight': None, 'clf__gamma': 0.0001}"": 0.369109047127623, ""{'clf__C': 1.0, 'clf__class_weight': None, 'clf__gamma': 0.001}"": 0.3756113167877874, ""{'clf__C': 1.0, 'clf__class_weight': None, 'clf__gamma': 0.01}"": 0.5000665003142565, ""{'clf__C': 1.0, 'clf__class_weight': None, 'clf__gamma': 0.1}"": 0.369109047127623, ""{'clf__C': 1.0, 'clf__class_weight': 'balanced', 'clf__gamma': 0.0001}"": 0.3765409986506539, ""{'clf__C': 1.0, 'clf__class_weight': 'balanced', 'clf__gamma': 0.001}"": 0.504887317344176, ""{'clf__C': 1.0, 'clf__class_weight': 'balanced', 'clf__gamma': 0.01}"": 0.5560209736494206, ""{'clf__C': 1.0, 'clf__class_weight': 'balanced', 'clf__gamma': 0.1}"": 0.369109047127623, ""{'clf__C': 10.0, 'clf__class_weight': None, 'clf__gamma': 0.0001}"": 0.37628069245716306, ""{'clf__C': 10.0, 'clf__class_weight': None, 'clf__gamma': 0.001}"": 0.5255546564075625, ""{'clf__C': 10.0, 'clf__class_weight': None, 'clf__gamma': 0.01}"": 0.5566780736271092, ""{'clf__C': 10.0, 'clf__class_weight': None, 'clf__gamma': 0.1}"": 0.369109047127623, ""{'clf__C': 10.0, 'clf__class_weight': 'balanced', 'clf__gamma': 0.0001}"": 0.49229762355828005, ""{'clf__C': 10.0, 'clf__class_weight': 'balanced', 'clf__gamma': 0.001}"": 0.540059812048476, ""{'clf__C': 10.0, 'clf__class_weight': 'balanced', 'clf__gamma': 0.01}"": 0.5566780736271092, ""{'clf__C': 10.0, 'clf__class_weight': 'balanced', 'clf__gamma': 0.1}"": 0.369109047127623, ""{'clf__C': 100.0, 'clf__class_weight': None, 'clf__gamma': 0.0001}"": 0.508976121760022, ""{'clf__C': 100.0, 'clf__class_weight': None, 'clf__gamma': 0.001}"": 0.5598685607510979, ""{'clf__C': 100.0, 'clf__class_weight': None, 'clf__gamma': 0.01}"": 0.5566780736271092, ""{'clf__C': 100.0, 'clf__class_weight': None, 'clf__gamma': 0.1}"": 0.369109047127623, ""{'clf__C': 100.0, 'clf__class_weight': 'balanced', 'clf__gamma': 0.0001}"": 0.548893244697452, ""{'clf__C': 100.0, 'clf__class_weight': 'balanced', 'clf__gamma': 0.001}"": 0.568580892733025, ""{'clf__C': 100.0, 'clf__class_weight': 'balanced', 'clf__gamma': 0.01}"": 0.5566780736271092, ""{'clf__C': 100.0, 'clf__class_weight': 'balanced', 'clf__gamma': 0.1}"": 0.369109047127623}, ""best_score"": 0.568580892733025}"
B_features_de_asym,rbf_svm,arousal,5,0,"[14, 30, 21, 24, 38, 10, 5, 15, 3, 4, 28, 29, 0, 2, 12, 19, 32, 27, 22, 25, 9, 35, 20, 1, 11, 26, 18, 33, 17, 13, 31, 37]","[34, 23, 16, 36, 8, 39, 6, 7]","{""accuracy"": 0.43125, ""balanced_accuracy"": 0.44166666666666665, ""precision_macro"": 0.4446114891596772, ""precision_micro"": 0.43125, ""precision_weighted"": 0.4743036872922931, ""recall_macro"": 0.44166666666666665, ""recall_micro"": 0.43125, ""recall_weighted"": 0.43125, ""f1_macro"": 0.4285490011381922, ""f1_micro"": 0.43125, ""f1_weighted"": 0.4383708151811295, ""mcc"": -0.1136837097509665, ""kappa"": -0.1063829787234043, ""confusion_matrix"": [[29, 31], [60, 40]], ""tp"": 40, ""tn"": 29, ""fp"": 31, ""fn"": 60, ""tpr"": 0.4, ""tnr"": 0.48333333333333334, ""fpr"": 0.5166666666666667, ""fnr"": 0.6, ""ppv"": 0.5633802816901409, ""npv"": 0.3258426966292135, ""roc_auc"": 0.4013333333333333, ""pr_auc"": 0.5485208217716071, ""log_loss"": 0.9990495577328161, ""brier"": 0.3721884325997187, ""trial_accuracy"": 0.25, ""trial_f1_macro"": 0.25}","{""clf__C"": 1.0, ""clf__class_weight"": ""balanced"", ""clf__gamma"": 0.0001}","{""scores"": {""{'clf__C': 0.1, 'clf__class_weight': None, 'clf__gamma': 0.0001}"": 0.39498050682261204, ""{'clf__C': 0.1, 'clf__class_weight': None, 'clf__gamma': 0.001}"": 0.39498050682261204, ""{'clf__C': 0.1, 'clf__class_weight': None, 'clf__gamma': 0.01}"": 0.39498050682261204, ""{'clf__C': 0.1, 'clf__class_weight': None, 'clf__gamma': 0.1}"": 0.39498050682261204, ""{'clf__C': 0.1, 'clf__class_weight': 'balanced', 'clf__gamma': 0.0001}"": 0.4415413533834586, ""{'clf__C': 0.1, 'clf__class_weight': 'balanced', 'clf__gamma': 0.001}"": 0.5805562598486483, ""{'clf__C': 0.1, 'clf__class_weight': 'balanced', 'clf__gamma': 0.01}"": 0.5794768491447685, ""{'clf__C': 0.1, 'clf__class_weight': 'balanced', 'clf__gamma': 0.1}"": 0.39498050682261204, ""{'clf__C': 1.0, 'clf__class_weight': None, 'clf__gamma': 0.0001}"": 0.39498050682261204, ""{'clf__C': 1.0, 'clf__class_weight': None, 'clf__gamma': 0.001}"": 0.4493937131234282, ""{'clf__C': 1.0, 'clf__class_weight': None, 'clf__gamma': 0.01}"": 0.4603137369377636, ""{'clf__C': 1.0, 'clf__class_weight': None, 'clf__gamma': 0.1}"": 0.39498050682261204, ""{'clf__C': 1.0, 'clf__class_weight': 'balanced', 'clf__gamma': 0.0001}"": 0.5927950898366413, ""{'clf__C': 1.0, 'clf__class_weight': 'balanced', 'clf__gamma': 0.001}"": 0.5760448459828744, ""{'clf__C': 1.0, 'clf__class_weight': 'balanced', 'clf__gamma': 0.01}"": 0.5032810187300892, ""{'clf__C': 1.0, 'clf__class_weight': 'balanced', 'clf__gamma': 0.1}"": 0.39498050682261204, ""{'clf__C': 10.0, 'clf__class_weight': None, 'clf__gamma': 0.0001}"": 0.4460730497861631, ""{'clf__C': 10.0, 'clf__class_weight': None, 'clf__gamma': 0.001}"": 0.5088369000637121, ""{'clf__C': 10.0, 'clf__class_weight': None, 'clf__gamma': 0.01}"": 0.4643151109713124, ""{'clf__C': 10.0, 'clf__class_weight': None, 'clf__gamma': 0.1}"": 0.39498050682261204, ""{'clf__C': 10.0, 'clf__class_weight': 'balanced', 'clf__gamma': 0.0001}"": 0.5661447332184805, ""{'clf__C': 10.0, 'clf__class_weight': 'balanced', 'clf__gamma': 0.001}"": 0.5124263681557908, ""{'clf__C': 10.0, 'clf__class_weight': 'balanced', 'clf__gamma': 0.01}"": 0.4643151109713124, ""{'clf__C': 10.0, 'clf__class_weight': 'balanced', 'clf__gamma': 0.1}"": 0.39498050682261204, ""{'clf__C': 100.0, 'clf__class_weight': None, 'clf__gamma': 0.0001}"": 0.5169164126319669, ""{'clf__C': 100.0, 'clf__class_weight': None, 'clf__gamma': 0.001}"": 0.4732709274313079, ""{'clf__C': 100.0, 'clf__class_weight': None, 'clf__gamma': 0.01}"": 0.4643151109713124, ""{'clf__C': 100.0, 'clf__class_weight': None, 'clf__gamma': 0.1}"": 0.39498050682261204, ""{'clf__C': 100.0, 'clf__class_weight': 'balanced', 'clf__gamma': 0.0001}"": 0.5141303198976755, ""{'clf__C': 100.0, 'clf__class_weight': 'balanced', 'clf__gamma': 0.001}"": 0.474728514704927, ""{'clf__C': 100.0, 'clf__class_weight': 'balanced', 'clf__gamma': 0.01}"": 0.4643151109713124, ""{'clf__C': 100.0, 'clf__class_weight': 'balanced', 'clf__gamma': 0.1}"": 0.39498050682261204}, ""best_score"": 0.5927950898366413}"
B_features_de_asym,rbf_svm,arousal,5,1,"[32, 34, 28, 14, 7, 5, 17, 23, 30, 6, 35, 18, 15, 0, 29, 8, 25, 38, 9, 16, 31, 2, 11, 24, 20, 1, 36, 26, 12, 39, 22, 37]","[3, 4, 13, 10, 19, 21, 27, 33]","{""accuracy"": 0.54375, ""balanced_accuracy"": 0.545, ""precision_macro"": 0.5421940928270041, ""precision_micro"": 0.54375, ""precision_weighted"": 0.5733122362869197, ""recall_macro"": 0.545, ""recall_micro"": 0.54375, ""recall_weighted"": 0.54375, ""f1_macro"": 0.5357526133789101, ""f1_micro"": 0.54375, ""f1_weighted"": 0.5509857307524146, ""mcc"": 0.08714893406611902, ""kappa"": 0.08463949843260188, ""confusion_matrix"": [[54, 46], [27, 33]], ""tp"": 33, ""tn"": 54, ""fp"": 46, ""fn"": 27, ""tpr"": 0.55, ""tnr"": 0.54, ""fpr"": 0.46, ""fnr"": 0.45, ""ppv"": 0.4177215189873418, ""npv"": 0.6666666666666666, ""roc_auc"": 0.529, ""pr_auc"": 0.370528642073257, ""log_loss"": 0.7334342961729299, ""brier"": 0.26631748090050084, ""trial_accuracy"": 0.75, ""trial_f1_macro"": 0.7333333333333334}","{""clf__C"": 0.1, ""clf__class_weight"": ""balanced"", ""clf__gamma"": 0.01}","{""scores"": {""{'clf__C': 0.1, 'clf__class_weight': None, 'clf__gamma': 0.0001}"": 0.25996552467140704, ""{'clf__C': 0.1, 'clf__class_weight': None, 'clf__gamma': 0.001}"": 0.25996552467140704, ""{'clf__C': 0.1, 'clf__class_weight': None, 'clf__gamma': 0.01}"": 0.27767733919597054, ""{'clf__C': 0.1, 'clf__class_weight': None, 'clf__gamma': 0.1}"": 0.25996552467140704, ""{'clf__C': 0.1, 'clf__class_weight': 'balanced', 'clf__gamma': 0.0001}"": 0.29835164835164835, ""{'clf__C': 0.1, 'clf__class_weight': 'balanced', 'clf__gamma': 0.001}"": 0.5205039427949645, ""{'clf__C': 0.1, 'clf__class_weight': 'balanced', 'clf__gamma': 0.01}"": 0.5533720244291723, ""{'clf__C': 0.1, 'clf__class_weight': 'balanced', 'clf__gamma': 0.1}"": 0.29835164835164835, ""{'clf__C': 1.0, 'clf__class_weight': None, 'clf__gamma': 0.0001}"": 0.25996552467140704, ""{'clf__C': 1.0, 'clf__class_weight': None, 'clf__gamma': 0.001}"": 0.44492503324090754, ""{'clf__C': 1.0, 'clf__class_weight': None, 'clf__gamma': 0.01}"": 0.44513179075774706, ""{'clf__C': 1.0, 'clf__class_weight': None, 'clf__gamma': 0.1}"": 0.25996552467140704, ""{'clf__C': 1.0, 'clf__class_weight': 'balanced', 'clf__gamma': 0.0001}"": 0.5235929974806379, ""{'clf__C': 1.0, 'clf__class_weight': 'balanced', 'clf__gamma': 0.001}"": 0.5454913786283414, ""{'clf__C': 1.0, 'clf__class_weight': 'balanced', 'clf__gamma': 0.01}"": 0.48254540011009067, ""{'clf__C': 1.0, 'clf__class_weight': 'balanced', 'clf__gamma': 0.1}"": 0.25996552467140704, ""{'clf__C': 10.0, 'clf__class_weight': None, 'clf__gamma': 0.0001}"": 0.4523443343130449, ""{'clf__C': 10.0, 'clf__class_weight': None, 'clf__gamma': 0.001}"": 0.42995431444445925, ""{'clf__C': 10.0, 'clf__class_weight': None, 'clf__gamma': 0.01}"": 0.4361874381699906, ""{'clf__C': 10.0, 'clf__class_weight': None, 'clf__gamma': 0.1}"": 0.25996552467140704, ""{'clf__C': 10.0, 'clf__class_weight': 'balanced', 'clf__gamma': 0.0001}"": 0.5485611178663437, ""{'clf__C': 10.0, 'clf__class_weight': 'balanced', 'clf__gamma': 0.001}"": 0.45674462394546705, ""{'clf__C': 10.0, 'clf__class_weight': 'balanced', 'clf__gamma': 0.01}"": 0.4361874381699906, ""{'clf__C': 10.0, 'clf__class_weight': 'balanced', 'clf__gamma': 0.1}"": 0.25996552467140704, ""{'clf__C': 100.0, 'clf__class_weight': None, 'clf__gamma': 0.0001}"": 0.4374944770693783, ""{'clf__C': 100.0, 'clf__class_weight': None, 'clf__gamma': 0.001}"": 0.4207299757570319, ""{'clf__C': 100.0, 'clf__class_weight': None, 'clf__gamma': 0.01}"": 0.4361874381699906, ""{'clf__C': 100.0, 'clf__class_weight': None, 'clf__gamma': 0.1}"": 0.25996552467140704, ""{'clf__C': 100.0, 'clf__class_weight': 'balanced', 'clf__gamma': 0.0001}"": 0.47468646034264883, ""{'clf__C': 100.0, 'clf__class_weight': 'balanced', 'clf__gamma': 0.001}"": 0.4199777741724975, ""{'clf__C': 100.0, 'clf__class_weight': 'balanced', 'clf__gamma': 0.01}"": 0.4361874381699906, ""{'clf__C': 100.0, 'clf__class_weight': 'balanced', 'clf__gamma': 0.1}"": 0.25996552467140704}, ""best_score"": 0.5533720244291723}"
B_features_de_asym,rbf_svm,arousal,6,0,"[26, 3, 36, 9, 24, 25, 23, 37, 11, 35, 32, 5, 1, 30, 19, 13, 38, 21, 10, 20, 18, 2, 15, 8, 7, 31, 14, 22, 33, 29, 12, 16]","[28, 34, 6, 39, 27, 4, 17, 0]","{""accuracy"": 0.4875, ""balanced_accuracy"": 0.45, ""precision_macro"": 0.46212121212121215, ""precision_micro"": 0.4875, ""precision_weighted"": 0.5890151515151515, ""recall_macro"": 0.45, ""recall_micro"": 0.4875, ""recall_weighted"": 0.4875, ""f1_macro"": 0.4368131868131868, ""f1_micro"": 0.4875, ""f1_weighted"": 0.5212912087912087, ""mcc"": -0.08703882797784893, ""kappa"": -0.07894736842105265, ""confusion_matrix"": [[15, 25], [57, 63]], ""tp"": 63, ""tn"": 15, ""fp"": 25, ""fn"": 57, ""tpr"": 0.525, ""tnr"": 0.375, ""fpr"": 0.625, ""fnr"": 0.475, ""ppv"": 0.7159090909090909, ""npv"": 0.20833333333333334, ""roc_auc"": 0.42895833333333333, ""pr_auc"": 0.6964414285686173, ""log_loss"": 0.9817021819567893, ""brier"": 0.35923736610838547, ""trial_accuracy"": 0.625, ""trial_f1_macro"": 0.5636363636363637}","{""clf__C"": 100.0, ""clf__class_weight"": ""balanced"", ""clf__gamma"": 0.0001}","{""scores"": {""{'clf__C': 0.1, 'clf__class_weight': None, 'clf__gamma': 0.0001}"": 0.38109161793372315, ""{'clf__C': 0.1, 'clf__class_weight': None, 'clf__gamma': 0.001}"": 0.38109161793372315, ""{'clf__C': 0.1, 'clf__class_weight': None, 'clf__gamma': 0.01}"": 0.38109161793372315, ""{'clf__C': 0.1, 'clf__class_weight': None, 'clf__gamma': 0.1}"": 0.38109161793372315, ""{'clf__C': 0.1, 'clf__class_weight': 'balanced', 'clf__gamma': 0.0001}"": 0.31216931216931215, ""{'clf__C': 0.1, 'clf__class_weight': 'balanced', 'clf__gamma': 0.001}"": 0.31216931216931215, ""{'clf__C': 0.1, 'clf__class_weight': 'balanced', 'clf__gamma': 0.01}"": 0.31216931216931215, ""{'clf__C': 0.1, 'clf__class_weight': 'balanced', 'clf__gamma': 0.1}"": 0.31216931216931215, ""{'clf__C': 1.0, 'clf__class_weight': None, 'clf__gamma': 0.0001}"": 0.38109161793372315, ""{'clf__C': 1.0, 'clf__class_weight': None, 'clf__gamma': 0.001}"": 0.3917958656330749, ""{'clf__C': 1.0, 'clf__class_weight': None, 'clf__gamma': 0.01}"": 0.4146404486315853, ""{'clf__C': 1.0, 'clf__class_weight': None, 'clf__gamma': 0.1}"": 0.38109161793372315, ""{'clf__C': 1.0, 'clf__class_weight': 'balanced', 'clf__gamma': 0.0001}"": 0.31216931216931215, ""{'clf__C': 1.0, 'clf__class_weight': 'balanced', 'clf__gamma': 0.001}"": 0.40820555047841256, ""{'clf__C': 1.0, 'clf__class_weight': 'balanced', 'clf__gamma': 0.01}"": 0.41756551115052915, ""{'clf__C': 1.0, 'clf__class_weight': 'balanced', 'clf__gamma': 0.1}"": 0.38109161793372315, ""{'clf__C': 10.0, 'clf__class_weight': None, 'clf__gamma': 0.0001}"": 0.3844797854652446, ""{'clf__C': 10.0, 'clf__class_weight': None, 'clf__gamma': 0.001}"": 0.42786295869186847, ""{'clf__C': 10.0, 'clf__class_weight': None, 'clf__gamma': 0.01}"": 0.4239509028801837, ""{'clf__C': 10.0, 'clf__class_weight': None, 'clf__gamma': 0.1}"": 0.38109161793372315, ""{'clf__C': 10.0, 'clf__class_weight': 'balanced', 'clf__gamma': 0.0001}"": 0.4102711348297927, ""{'clf__C': 10.0, 'clf__class_weight': 'balanced', 'clf__gamma': 0.001}"": 0.4379561900523113, ""{'clf__C': 10.0, 'clf__class_weight': 'balanced', 'clf__gamma': 0.01}"": 0.4239509028801837, ""{'clf__C': 10.0, 'clf__class_weight': 'balanced', 'clf__gamma': 0.1}"": 0.38109161793372315, ""{'clf__C': 100.0, 'clf__class_weight': None, 'clf__gamma': 0.0001}"": 0.4386393829779875, ""{'clf__C': 100.0, 'clf__class_weight': None, 'clf__gamma': 0.001}"": 0.44757301635968066, ""{'clf__C': 100.0, 'clf__class_weight': None, 'clf__gamma': 0.01}"": 0.4239509028801837, ""{'clf__C': 100.0, 'clf__class_weight': None, 'clf__gamma': 0.1}"": 0.38109161793372315, ""{'clf__C': 100.0, 'clf__class_weight': 'balanced', 'clf__gamma': 0.0001}"": 0.45806294452094964, ""{'clf__C': 100.0, 'clf__class_weight': 'balanced', 'clf__gamma': 0.001}"": 0.4470946540624931, ""{'clf__C': 100.0, 'clf__class_weight': 'balanced', 'clf__gamma': 0.01}"": 0.4239509028801837, ""{'clf__C': 100.0, 'clf__class_weight': 'balanced', 'clf__gamma': 0.1}"": 0.38109161793372315}, ""best_score"": 0.45806294452094964}"
B_features_de_asym,rbf_svm,arousal,6,1,"[9, 20, 16, 37, 23, 8, 24, 4, 35, 26, 5, 30, 12, 32, 27, 10, 18, 25, 1, 13, 19, 14, 6, 31, 17, 38, 34, 39, 29, 15, 28, 11]","[33, 3, 0, 7, 36, 21, 2, 22]","{""accuracy"": 0.61875, ""balanced_accuracy"": 0.5716666666666667, ""precision_macro"": 0.5809640369045378, ""precision_micro"": 0.61875, ""precision_weighted"": 0.6038646205987572, ""recall_macro"": 0.5716666666666667, ""recall_micro"": 0.61875, ""recall_weighted"": 0.61875, ""f1_macro"": 0.5717607827651265, ""f1_micro"": 0.61875, ""f1_weighted"": 0.6072243429423896, ""mcc"": 0.15234726968114928, ""kappa"": 0.14982578397212543, ""confusion_matrix"": [[76, 24], [37, 23]], ""tp"": 23, ""tn"": 76, ""fp"": 24, ""fn"": 37, ""tpr"": 0.38333333333333336, ""tnr"": 0.76, ""fpr"": 0.24, ""fnr"": 0.6166666666666667, ""ppv"": 0.48936170212765956, ""npv"": 0.672566371681416, ""roc_auc"": 0.6068333333333336, ""pr_auc"": 0.5049514378533081, ""log_loss"": 0.6850288119370314, ""brier"": 0.23707118773861965, ""trial_accuracy"": 0.75, ""trial_f1_macro"": 0.6666666666666667}","{""clf__C"": 100.0, ""clf__class_weight"": ""balanced"", ""clf__gamma"": 0.0001}","{""scores"": {""{'clf__C': 0.1, 'clf__class_weight': None, 'clf__gamma': 0.0001}"": 0.3602941176470589, ""{'clf__C': 0.1, 'clf__class_weight': None, 'clf__gamma': 0.001}"": 0.3602941176470589, ""{'clf__C': 0.1, 'clf__class_weight': None, 'clf__gamma': 0.01}"": 0.3602941176470589, ""{'clf__C': 0.1, 'clf__class_weight': None, 'clf__gamma': 0.1}"": 0.3602941176470589, ""{'clf__C': 0.1, 'clf__class_weight': 'balanced', 'clf__gamma': 0.0001}"": 0.30357142857142855, ""{'clf__C': 0.1, 'clf__class_weight': 'balanced', 'clf__gamma': 0.001}"": 0.30357142857142855, ""{'clf__C': 0.1, 'clf__class_weight': 'balanced', 'clf__gamma': 0.01}"": 0.34219129630082196, ""{'clf__C': 0.1, 'clf__class_weight': 'balanced', 'clf__gamma': 0.1}"": 0.30357142857142855, ""{'clf__C': 1.0, 'clf__class_weight': None, 'clf__gamma': 0.0001}"": 0.3602941176470589, ""{'clf__C': 1.0, 'clf__class_weight': None, 'clf__gamma': 0.001}"": 0.43941208712044294, ""{'clf__C': 1.0, 'clf__class_weight': None, 'clf__gamma': 0.01}"": 0.4290737827782382, ""{'clf__C': 1.0, 'clf__class_weight': None, 'clf__gamma': 0.1}"": 0.3602941176470589, ""{'clf__C': 1.0, 'clf__class_weight': 'balanced', 'clf__gamma': 0.0001}"": 0.3081566334169437, ""{'clf__C': 1.0, 'clf__class_weight': 'balanced', 'clf__gamma': 0.001}"": 0.45271974814865396, ""{'clf__C': 1.0, 'clf__class_weight': 'balanced', 'clf__gamma': 0.01}"": 0.4401661296415351, ""{'clf__C': 1.0, 'clf__class_weight': 'balanced', 'clf__gamma': 0.1}"": 0.3602941176470589, ""{'clf__C': 10.0, 'clf__class_weight': None, 'clf__gamma': 0.0001}"": 0.45303790463296695, ""{'clf__C': 10.0, 'clf__class_weight': None, 'clf__gamma': 0.001}"": 0.45566128410406065, ""{'clf__C': 10.0, 'clf__class_weight': None, 'clf__gamma': 0.01}"": 0.44922552672698646, ""{'clf__C': 10.0, 'clf__class_weight': None, 'clf__gamma': 0.1}"": 0.3602941176470589, ""{'clf__C': 10.0, 'clf__class_weight': 'balanced', 'clf__gamma': 0.0001}"": 0.4687742849966238, ""{'clf__C': 10.0, 'clf__class_weight': 'balanced', 'clf__gamma': 0.001}"": 0.4681268896030351, ""{'clf__C': 10.0, 'clf__class_weight': 'balanced', 'clf__gamma': 0.01}"": 0.44922552672698646, ""{'clf__C': 10.0, 'clf__class_weight': 'balanced', 'clf__gamma': 0.1}"": 0.3602941176470589, ""{'clf__C': 100.0, 'clf__class_weight': None, 'clf__gamma': 0.0001}"": 0.4691600170487232, ""{'clf__C': 100.0, 'clf__class_weight': None, 'clf__gamma': 0.001}"": 0.4393762981264288, ""{'clf__C': 100.0, 'clf__class_weight': None, 'clf__gamma': 0.01}"": 0.44922552672698646, ""{'clf__C': 100.0, 'clf__class_weight': None, 'clf__gamma': 0.1}"": 0.3602941176470589, ""{'clf__C': 100.0, 'clf__class_weight': 'balanced', 'clf__gamma': 0.0001}"": 0.4821293027747675, ""{'clf__C': 100.0, 'clf__class_weight': 'balanced', 'clf__gamma': 0.001}"": 0.4399274029386903, ""{'clf__C': 100.0, 'clf__class_weight': 'balanced', 'clf__gamma': 0.01}"": 0.44922552672698646, ""{'clf__C': 100.0, 'clf__class_weight': 'balanced', 'clf__gamma': 0.1}"": 0.3602941176470589}, ""best_score"": 0.4821293027747675}"
B_features_de_asym,rbf_svm,arousal,7,0,"[25, 21, 0, 14, 23, 16, 2, 19, 10, 17, 33, 11, 28, 29, 13, 22, 7, 37, 20, 35, 30, 9, 24, 3, 8, 34, 15, 4, 31, 1, 27, 6]","[26, 36, 32, 39, 18, 38, 5, 12]","{""accuracy"": 0.5125, ""balanced_accuracy"": 0.5666666666666667, ""precision_macro"": 0.551150895140665, ""precision_micro"": 0.5125, ""precision_weighted"": 0.6799872122762148, ""recall_macro"": 0.5666666666666667, ""recall_micro"": 0.5125, ""recall_weighted"": 0.5125, ""f1_macro"": 0.49709864603481624, ""f1_micro"": 0.5125, ""f1_weighted"": 0.5411025145067698, ""mcc"": 0.11679143249475675, ""kappa"": 0.09302325581395354, ""confusion_matrix"": [[27, 13], [65, 55]], ""tp"": 55, ""tn"": 27, ""fp"": 13, ""fn"": 65, ""tpr"": 0.4583333333333333, ""tnr"": 0.675, ""fpr"": 0.325, ""fnr"": 0.5416666666666666, ""ppv"": 0.8088235294117647, ""npv"": 0.29347826086956524, ""roc_auc"": 0.5819791666666666, ""pr_auc"": 0.8299497940404323, ""log_loss"": 0.7755076283847766, ""brier"": 0.2821877639924185, ""trial_accuracy"": 0.625, ""trial_f1_macro"": 0.6190476190476191}","{""clf__C"": 100.0, ""clf__class_weight"": null, ""clf__gamma"": 0.0001}","{""scores"": {""{'clf__C': 0.1, 'clf__class_weight': None, 'clf__gamma': 0.0001}"": 0.28829365079365077, ""{'clf__C': 0.1, 'clf__class_weight': None, 'clf__gamma': 0.001}"": 0.28829365079365077, ""{'clf__C': 0.1, 'clf__class_weight': None, 'clf__gamma': 0.01}"": 0.3216595853358408, ""{'clf__C': 0.1, 'clf__class_weight': None, 'clf__gamma': 0.1}"": 0.28829365079365077, ""{'clf__C': 0.1, 'clf__class_weight': 'balanced', 'clf__gamma': 0.0001}"": 0.37227668845315903, ""{'clf__C': 0.1, 'clf__class_weight': 'balanced', 'clf__gamma': 0.001}"": 0.46538621793115326, ""{'clf__C': 0.1, 'clf__class_weight': 'balanced', 'clf__gamma': 0.01}"": 0.49108211599686014, ""{'clf__C': 0.1, 'clf__class_weight': 'balanced', 'clf__gamma': 0.1}"": 0.37227668845315903, ""{'clf__C': 1.0, 'clf__class_weight': None, 'clf__gamma': 0.0001}"": 0.2906714361057571, ""{'clf__C': 1.0, 'clf__class_weight': None, 'clf__gamma': 0.001}"": 0.5030104288293303, ""{'clf__C': 1.0, 'clf__class_weight': None, 'clf__gamma': 0.01}"": 0.5039962651567725, ""{'clf__C': 1.0, 'clf__class_weight': None, 'clf__gamma': 0.1}"": 0.28829365079365077, ""{'clf__C': 1.0, 'clf__class_weight': 'balanced', 'clf__gamma': 0.0001}"": 0.4795569717994284, ""{'clf__C': 1.0, 'clf__class_weight': 'balanced', 'clf__gamma': 0.001}"": 0.537475669712196, ""{'clf__C': 1.0, 'clf__class_weight': 'balanced', 'clf__gamma': 0.01}"": 0.49467687496923074, ""{'clf__C': 1.0, 'clf__class_weight': 'balanced', 'clf__gamma': 0.1}"": 0.28829365079365077, ""{'clf__C': 10.0, 'clf__class_weight': None, 'clf__gamma': 0.0001}"": 0.5170590154479336, ""{'clf__C': 10.0, 'clf__class_weight': None, 'clf__gamma': 0.001}"": 0.5392204786233336, ""{'clf__C': 10.0, 'clf__class_weight': None, 'clf__gamma': 0.01}"": 0.5013013041055006, ""{'clf__C': 10.0, 'clf__class_weight': None, 'clf__gamma': 0.1}"": 0.28829365079365077, ""{'clf__C': 10.0, 'clf__class_weight': 'balanced', 'clf__gamma': 0.0001}"": 0.5457300546292242, ""{'clf__C': 10.0, 'clf__class_weight': 'balanced', 'clf__gamma': 0.001}"": 0.5406474917138494, ""{'clf__C': 10.0, 'clf__class_weight': 'balanced', 'clf__gamma': 0.01}"": 0.5013013041055006, ""{'clf__C': 10.0, 'clf__class_weight': 'balanced', 'clf__gamma': 0.1}"": 0.28829365079365077, ""{'clf__C': 100.0, 'clf__class_weight': None, 'clf__gamma': 0.0001}"": 0.5543275748147642, ""{'clf__C': 100.0, 'clf__class_weight': None, 'clf__gamma': 0.001}"": 0.5320751572124793, ""{'clf__C': 100.0, 'clf__class_weight': None, 'clf__gamma': 0.01}"": 0.5013013041055006, ""{'clf__C': 100.0, 'clf__class_weight': None, 'clf__gamma': 0.1}"": 0.28829365079365077, ""{'clf__C': 100.0, 'clf__class_weight': 'balanced', 'clf__gamma': 0.0001}"": 0.5492335210564794, ""{'clf__C': 100.0, 'clf__class_weight': 'balanced', 'clf__gamma': 0.001}"": 0.5364284164184374, ""{'clf__C': 100.0, 'clf__class_weight': 'balanced', 'clf__gamma': 0.01}"": 0.5013013041055006, ""{'clf__C': 100.0, 'clf__class_weight': 'balanced', 'clf__gamma': 0.1}"": 0.28829365079365077}, ""best_score"": 0.5543275748147642}"
B_features_de_asym,rbf_svm,arousal,7,1,"[25, 18, 21, 9, 31, 16, 22, 0, 24, 23, 13, 37, 11, 39, 1, 38, 19, 15, 12, 20, 10, 30, 28, 29, 6, 4, 14, 17, 33, 36, 34, 26]","[35, 7, 2, 3, 5, 8, 27, 32]","{""accuracy"": 0.3875, ""balanced_accuracy"": 0.3875, ""precision_macro"": 0.38636363636363635, ""precision_micro"": 0.3875, ""precision_weighted"": 0.38636363636363635, ""recall_macro"": 0.3875, ""recall_micro"": 0.3875, ""recall_weighted"": 0.3875, ""f1_macro"": 0.38596491228070173, ""f1_micro"": 0.3875, ""f1_weighted"": 0.38596491228070173, ""mcc"": -0.22613350843332272, ""kappa"": -0.2250000000000001, ""confusion_matrix"": [[35, 45], [53, 27]], ""tp"": 27, ""tn"": 35, ""fp"": 45, ""fn"": 53, ""tpr"": 0.3375, ""tnr"": 0.4375, ""fpr"": 0.5625, ""fnr"": 0.6625, ""ppv"": 0.375, ""npv"": 0.3977272727272727, ""roc_auc"": 0.345625, ""pr_auc"": 0.407421244545448, ""log_loss"": 1.2181931197851426, ""brier"": 0.4086892418706062, ""trial_accuracy"": 0.5, ""trial_f1_macro"": 0.4666666666666667}","{""clf__C"": 10.0, ""clf__class_weight"": ""balanced"", ""clf__gamma"": 0.001}","{""scores"": {""{'clf__C': 0.1, 'clf__class_weight': None, 'clf__gamma': 0.0001}"": 0.3602941176470589, ""{'clf__C': 0.1, 'clf__class_weight': None, 'clf__gamma': 0.001}"": 0.3602941176470589, ""{'clf__C': 0.1, 'clf__class_weight': None, 'clf__gamma': 0.01}"": 0.38778254357298475, ""{'clf__C': 0.1, 'clf__class_weight': None, 'clf__gamma': 0.1}"": 0.3602941176470589, ""{'clf__C': 0.1, 'clf__class_weight': 'balanced', 'clf__gamma': 0.0001}"": 0.30357142857142855, ""{'clf__C': 0.1, 'clf__class_weight': 'balanced', 'clf__gamma': 0.001}"": 0.4120019897178396, ""{'clf__C': 0.1, 'clf__class_weight': 'balanced', 'clf__gamma': 0.01}"": 0.5472912526846968, ""{'clf__C': 0.1, 'clf__class_weight': 'balanced', 'clf__gamma': 0.1}"": 0.30357142857142855, ""{'clf__C': 1.0, 'clf__class_weight': None, 'clf__gamma': 0.0001}"": 0.3602941176470589, ""{'clf__C': 1.0, 'clf__class_weight': None, 'clf__gamma': 0.001}"": 0.5226119642434764, ""{'clf__C': 1.0, 'clf__class_weight': None, 'clf__gamma': 0.01}"": 0.5806638386177879, ""{'clf__C': 1.0, 'clf__class_weight': None, 'clf__gamma': 0.1}"": 0.3602941176470589, ""{'clf__C': 1.0, 'clf__class_weight': 'balanced', 'clf__gamma': 0.0001}"": 0.4447509430105287, ""{'clf__C': 1.0, 'clf__class_weight': 'balanced', 'clf__gamma': 0.001}"": 0.5942878614988732, ""{'clf__C': 1.0, 'clf__class_weight': 'balanced', 'clf__gamma': 0.01}"": 0.6099032310836984, ""{'clf__C': 1.0, 'clf__class_weight': 'balanced', 'clf__gamma': 0.1}"": 0.3602941176470589, ""{'clf__C': 10.0, 'clf__class_weight': None, 'clf__gamma': 0.0001}"": 0.5308859526017685, ""{'clf__C': 10.0, 'clf__class_weight': None, 'clf__gamma': 0.001}"": 0.6081436322535393, ""{'clf__C': 10.0, 'clf__class_weight': None, 'clf__gamma': 0.01}"": 0.6065495487580111, ""{'clf__C': 10.0, 'clf__class_weight': None, 'clf__gamma': 0.1}"": 0.3602941176470589, ""{'clf__C': 10.0, 'clf__class_weight': 'balanced', 'clf__gamma': 0.0001}"": 0.5883842656070123, ""{'clf__C': 10.0, 'clf__class_weight': 'balanced', 'clf__gamma': 0.001}"": 0.6260918146383104, ""{'clf__C': 10.0, 'clf__class_weight': 'balanced', 'clf__gamma': 0.01}"": 0.6065495487580111, ""{'clf__C': 10.0, 'clf__class_weight': 'balanced', 'clf__gamma': 0.1}"": 0.3602941176470589, ""{'clf__C': 100.0, 'clf__class_weight': None, 'clf__gamma': 0.0001}"": 0.5986051388821627, ""{'clf__C': 100.0, 'clf__class_weight': None, 'clf__gamma': 0.001}"": 0.5942129401875728, ""{'clf__C': 100.0, 'clf__class_weight': None, 'clf__gamma': 0.01}"": 0.6065495487580111, ""{'clf__C': 100.0, 'clf__class_weight': None, 'clf__gamma': 0.1}"": 0.3602941176470589, ""{'clf__C': 100.0, 'clf__class_weight': 'balanced', 'clf__gamma': 0.0001}"": 0.6060995177356191, ""{'clf__C': 100.0, 'clf__class_weight': 'balanced', 'clf__gamma': 0.001}"": 0.601006355507247, ""{'clf__C': 100.0, 'clf__class_weight': 'balanced', 'clf__gamma': 0.01}"": 0.6065495487580111, ""{'clf__C': 100.0, 'clf__class_weight': 'balanced', 'clf__gamma': 0.1}"": 0.3602941176470589}, ""best_score"": 0.6260918146383104}"
B_features_de_asym,rbf_svm,arousal,8,0,"[31, 1, 36, 16, 27, 8, 25, 28, 18, 12, 19, 29, 23, 39, 21, 24, 0, 9, 10, 17, 38, 20, 37, 3, 14, 35, 15, 7, 26, 2, 5, 13]","[22, 34, 6, 4, 30, 33, 11, 32]","{""accuracy"": 0.325, ""balanced_accuracy"": 0.3833333333333333, ""precision_macro"": 0.40028490028490027, ""precision_micro"": 0.325, ""precision_weighted"": 0.5078347578347578, ""recall_macro"": 0.3833333333333333, ""recall_micro"": 0.325, ""recall_weighted"": 0.325, ""f1_macro"": 0.3211816467630421, ""f1_micro"": 0.325, ""f1_weighted"": 0.34663733500942806, ""mcc"": -0.215716742976478, ""kappa"": -0.14893617021276606, ""confusion_matrix"": [[20, 20], [88, 32]], ""tp"": 32, ""tn"": 20, ""fp"": 20, ""fn"": 88, ""tpr"": 0.26666666666666666, ""tnr"": 0.5, ""fpr"": 0.5, ""fnr"": 0.7333333333333333, ""ppv"": 0.6153846153846154, ""npv"": 0.18518518518518517, ""roc_auc"": 0.2814583333333333, ""pr_auc"": 0.6304775149741553, ""log_loss"": 1.3033385412245573, ""brier"": 0.4774665699628285, ""trial_accuracy"": 0.25, ""trial_f1_macro"": 0.25}","{""clf__C"": 1.0, ""clf__class_weight"": ""balanced"", ""clf__gamma"": 0.001}","{""scores"": {""{'clf__C': 0.1, 'clf__class_weight': None, 'clf__gamma': 0.0001}"": 0.37916666666666665, ""{'clf__C': 0.1, 'clf__class_weight': None, 'clf__gamma': 0.001}"": 0.37916666666666665, ""{'clf__C': 0.1, 'clf__class_weight': None, 'clf__gamma': 0.01}"": 0.37916666666666665, ""{'clf__C': 0.1, 'clf__class_weight': None, 'clf__gamma': 0.1}"": 0.37916666666666665, ""{'clf__C': 0.1, 'clf__class_weight': 'balanced', 'clf__gamma': 0.0001}"": 0.26416720534367594, ""{'clf__C': 0.1, 'clf__class_weight': 'balanced', 'clf__gamma': 0.001}"": 0.42763712578124874, ""{'clf__C': 0.1, 'clf__class_weight': 'balanced', 'clf__gamma': 0.01}"": 0.4952246503496503, ""{'clf__C': 0.1, 'clf__class_weight': 'balanced', 'clf__gamma': 0.1}"": 0.26416720534367594, ""{'clf__C': 1.0, 'clf__class_weight': None, 'clf__gamma': 0.0001}"": 0.37916666666666665, ""{'clf__C': 1.0, 'clf__class_weight': None, 'clf__gamma': 0.001}"": 0.42581575947563405, ""{'clf__C': 1.0, 'clf__class_weight': None, 'clf__gamma': 0.01}"": 0.46358403564116735, ""{'clf__C': 1.0, 'clf__class_weight': None, 'clf__gamma': 0.1}"": 0.37916666666666665, ""{'clf__C': 1.0, 'clf__class_weight': 'balanced', 'clf__gamma': 0.0001}"": 0.4535449674062833, ""{'clf__C': 1.0, 'clf__class_weight': 'balanced', 'clf__gamma': 0.001}"": 0.5437196908543814, ""{'clf__C': 1.0, 'clf__class_weight': 'balanced', 'clf__gamma': 0.01}"": 0.48083628379610005, ""{'clf__C': 1.0, 'clf__class_weight': 'balanced', 'clf__gamma': 0.1}"": 0.37916666666666665, ""{'clf__C': 10.0, 'clf__class_weight': None, 'clf__gamma': 0.0001}"": 0.4349743622340876, ""{'clf__C': 10.0, 'clf__class_weight': None, 'clf__gamma': 0.001}"": 0.4817534836537492, ""{'clf__C': 10.0, 'clf__class_weight': None, 'clf__gamma': 0.01}"": 0.4913391606042494, ""{'clf__C': 10.0, 'clf__class_weight': None, 'clf__gamma': 0.1}"": 0.37916666666666665, ""{'clf__C': 10.0, 'clf__class_weight': 'balanced', 'clf__gamma': 0.0001}"": 0.5400257067414853, ""{'clf__C': 10.0, 'clf__class_weight': 'balanced', 'clf__gamma': 0.001}"": 0.5101752944084755, ""{'clf__C': 10.0, 'clf__class_weight': 'balanced', 'clf__gamma': 0.01}"": 0.4913391606042494, ""{'clf__C': 10.0, 'clf__class_weight': 'balanced', 'clf__gamma': 0.1}"": 0.37916666666666665, ""{'clf__C': 100.0, 'clf__class_weight': None, 'clf__gamma': 0.0001}"": 0.49010202391514684, ""{'clf__C': 100.0, 'clf__class_weight': None, 'clf__gamma': 0.001}"": 0.5047932050934487, ""{'clf__C': 100.0, 'clf__class_weight': None, 'clf__gamma': 0.01}"": 0.4913391606042494, ""{'clf__C': 100.0, 'clf__class_weight': None, 'clf__gamma': 0.1}"": 0.37916666666666665, ""{'clf__C': 100.0, 'clf__class_weight': 'balanced', 'clf__gamma': 0.0001}"": 0.49835008872180026, ""{'clf__C': 100.0, 'clf__class_weight': 'balanced', 'clf__gamma': 0.001}"": 0.49987994196064106, ""{'clf__C': 100.0, 'clf__class_weight': 'balanced', 'clf__gamma': 0.01}"": 0.4913391606042494, ""{'clf__C': 100.0, 'clf__class_weight': 'balanced', 'clf__gamma': 0.1}"": 0.37916666666666665}, ""best_score"": 0.5437196908543814}"
B_features_de_asym,rbf_svm,arousal,8,1,"[31, 8, 16, 39, 12, 6, 38, 3, 28, 27, 5, 20, 22, 15, 9, 17, 1, 18, 25, 21, 32, 33, 23, 4, 35, 13, 14, 24, 19, 7, 26, 34]","[11, 37, 30, 36, 29, 0, 10, 2]","{""accuracy"": 0.4125, ""balanced_accuracy"": 0.4125, ""precision_macro"": 0.4125, ""precision_micro"": 0.4125, ""precision_weighted"": 0.4125, ""recall_macro"": 0.4125, ""recall_micro"": 0.4125, ""recall_weighted"": 0.4125, ""f1_macro"": 0.4125, ""f1_micro"": 0.4125, ""f1_weighted"": 0.4125, ""mcc"": -0.175, ""kappa"": -0.17500000000000004, ""confusion_matrix"": [[33, 47], [47, 33]], ""tp"": 33, ""tn"": 33, ""fp"": 47, ""fn"": 47, ""tpr"": 0.4125, ""tnr"": 0.4125, ""fpr"": 0.5875, ""fnr"": 0.5875, ""ppv"": 0.4125, ""npv"": 0.4125, ""roc_auc"": 0.39171875, ""pr_auc"": 0.4787124763651992, ""log_loss"": 1.00218635714699, ""brier"": 0.36767259587335044, ""trial_accuracy"": 0.375, ""trial_f1_macro"": 0.36507936507936506}","{""clf__C"": 100.0, ""clf__class_weight"": ""balanced"", ""clf__gamma"": 0.0001}","{""scores"": {""{'clf__C': 0.1, 'clf__class_weight': None, 'clf__gamma': 0.0001}"": 0.3544973544973545, ""{'clf__C': 0.1, 'clf__class_weight': None, 'clf__gamma': 0.001}"": 0.3544973544973545, ""{'clf__C': 0.1, 'clf__class_weight': None, 'clf__gamma': 0.01}"": 0.39504113937248553, ""{'clf__C': 0.1, 'clf__class_weight': None, 'clf__gamma': 0.1}"": 0.3544973544973545, ""{'clf__C': 0.1, 'clf__class_weight': 'balanced', 'clf__gamma': 0.0001}"": 0.30277777777777776, ""{'clf__C': 0.1, 'clf__class_weight': 'balanced', 'clf__gamma': 0.001}"": 0.4452987033462568, ""{'clf__C': 0.1, 'clf__class_weight': 'balanced', 'clf__gamma': 0.01}"": 0.516285226475843, ""{'clf__C': 0.1, 'clf__class_weight': 'balanced', 'clf__gamma': 0.1}"": 0.30277777777777776, ""{'clf__C': 1.0, 'clf__class_weight': None, 'clf__gamma': 0.0001}"": 0.36335162367319335, ""{'clf__C': 1.0, 'clf__class_weight': None, 'clf__gamma': 0.001}"": 0.43578156301234516, ""{'clf__C': 1.0, 'clf__class_weight': None, 'clf__gamma': 0.01}"": 0.5302905776566189, ""{'clf__C': 1.0, 'clf__class_weight': None, 'clf__gamma': 0.1}"": 0.3544973544973545, ""{'clf__C': 1.0, 'clf__class_weight': 'balanced', 'clf__gamma': 0.0001}"": 0.4456295860375095, ""{'clf__C': 1.0, 'clf__class_weight': 'balanced', 'clf__gamma': 0.001}"": 0.5056260590970134, ""{'clf__C': 1.0, 'clf__class_weight': 'balanced', 'clf__gamma': 0.01}"": 0.5308704921974651, ""{'clf__C': 1.0, 'clf__class_weight': 'balanced', 'clf__gamma': 0.1}"": 0.3544973544973545, ""{'clf__C': 10.0, 'clf__class_weight': None, 'clf__gamma': 0.0001}"": 0.4404547557294462, ""{'clf__C': 10.0, 'clf__class_weight': None, 'clf__gamma': 0.001}"": 0.5191422952013612, ""{'clf__C': 10.0, 'clf__class_weight': None, 'clf__gamma': 0.01}"": 0.48409842094482625, ""{'clf__C': 10.0, 'clf__class_weight': None, 'clf__gamma': 0.1}"": 0.3544973544973545, ""{'clf__C': 10.0, 'clf__class_weight': 'balanced', 'clf__gamma': 0.0001}"": 0.5243909417350702, ""{'clf__C': 10.0, 'clf__class_weight': 'balanced', 'clf__gamma': 0.001}"": 0.5206800723206355, ""{'clf__C': 10.0, 'clf__class_weight': 'balanced', 'clf__gamma': 0.01}"": 0.48409842094482625, ""{'clf__C': 10.0, 'clf__class_weight': 'balanced', 'clf__gamma': 0.1}"": 0.3544973544973545, ""{'clf__C': 100.0, 'clf__class_weight': None, 'clf__gamma': 0.0001}"": 0.5164242273141094, ""{'clf__C': 100.0, 'clf__class_weight': None, 'clf__gamma': 0.001}"": 0.48427560061724195, ""{'clf__C': 100.0, 'clf__class_weight': None, 'clf__gamma': 0.01}"": 0.48409842094482625, ""{'clf__C': 100.0, 'clf__class_weight': None, 'clf__gamma': 0.1}"": 0.3544973544973545, ""{'clf__C': 100.0, 'clf__class_weight': 'balanced', 'clf__gamma': 0.0001}"": 0.5421850208053106, ""{'clf__C': 100.0, 'clf__class_weight': 'balanced', 'clf__gamma': 0.001}"": 0.4913670597102191, ""{'clf__C': 100.0, 'clf__class_weight': 'balanced', 'clf__gamma': 0.01}"": 0.48409842094482625, ""{'clf__C': 100.0, 'clf__class_weight': 'balanced', 'clf__gamma': 0.1}"": 0.3544973544973545}, ""best_score"": 0.5421850208053106}"
B_features_de_asym,rbf_svm,arousal,9,0,"[17, 15, 34, 11, 0, 22, 23, 18, 14, 19, 31, 2, 39, 36, 12, 29, 24, 8, 35, 7, 13, 1, 26, 25, 38, 10, 6, 27, 3, 4, 20, 28]","[33, 30, 21, 16, 5, 9, 32, 37]","{""accuracy"": 0.63125, ""balanced_accuracy"": 0.6916666666666667, ""precision_macro"": 0.71143592572164, ""precision_micro"": 0.63125, ""precision_weighted"": 0.7631687810259239, ""recall_macro"": 0.6916666666666667, ""recall_micro"": 0.63125, ""recall_weighted"": 0.63125, ""f1_macro"": 0.629498802935751, ""f1_micro"": 0.63125, ""f1_weighted"": 0.6231308136112093, ""mcc"": 0.402617531146609, ""kappa"": 0.32763532763532766, ""confusion_matrix"": [[56, 4], [55, 45]], ""tp"": 45, ""tn"": 56, ""fp"": 4, ""fn"": 55, ""tpr"": 0.45, ""tnr"": 0.9333333333333333, ""fpr"": 0.06666666666666667, ""fnr"": 0.55, ""ppv"": 0.9183673469387755, ""npv"": 0.5045045045045045, ""roc_auc"": 0.6903333333333334, ""pr_auc"": 0.8317144620319741, ""log_loss"": 1.0349713307974115, ""brier"": 0.3034436211977635, ""trial_accuracy"": 0.625, ""trial_f1_macro"": 0.6190476190476191}","{""clf__C"": 1.0, ""clf__class_weight"": ""balanced"", ""clf__gamma"": 0.01}","{""scores"": {""{'clf__C': 0.1, 'clf__class_weight': None, 'clf__gamma': 0.0001}"": 0.3017740429505135, ""{'clf__C': 0.1, 'clf__class_weight': None, 'clf__gamma': 0.001}"": 0.2959340732880183, ""{'clf__C': 0.1, 'clf__class_weight': None, 'clf__gamma': 0.01}"": 0.32230012878251935, ""{'clf__C': 0.1, 'clf__class_weight': None, 'clf__gamma': 0.1}"": 0.3017740429505135, ""{'clf__C': 0.1, 'clf__class_weight': 'balanced', 'clf__gamma': 0.0001}"": 0.3587962962962963, ""{'clf__C': 0.1, 'clf__class_weight': 'balanced', 'clf__gamma': 0.001}"": 0.370893899601422, ""{'clf__C': 0.1, 'clf__class_weight': 'balanced', 'clf__gamma': 0.01}"": 0.4245729780949217, ""{'clf__C': 0.1, 'clf__class_weight': 'balanced', 'clf__gamma': 0.1}"": 0.3587962962962963, ""{'clf__C': 1.0, 'clf__class_weight': None, 'clf__gamma': 0.0001}"": 0.3182838995813379, ""{'clf__C': 1.0, 'clf__class_weight': None, 'clf__gamma': 0.001}"": 0.38860842777822063, ""{'clf__C': 1.0, 'clf__class_weight': None, 'clf__gamma': 0.01}"": 0.46008679231313415, ""{'clf__C': 1.0, 'clf__class_weight': None, 'clf__gamma': 0.1}"": 0.32491543465020584, ""{'clf__C': 1.0, 'clf__class_weight': 'balanced', 'clf__gamma': 0.0001}"": 0.41124392483001254, ""{'clf__C': 1.0, 'clf__class_weight': 'balanced', 'clf__gamma': 0.001}"": 0.43865112090387165, ""{'clf__C': 1.0, 'clf__class_weight': 'balanced', 'clf__gamma': 0.01}"": 0.47148381024744596, ""{'clf__C': 1.0, 'clf__class_weight': 'balanced', 'clf__gamma': 0.1}"": 0.32809997588954265, ""{'clf__C': 10.0, 'clf__class_weight': None, 'clf__gamma': 0.0001}"": 0.39034111271998656, ""{'clf__C': 10.0, 'clf__class_weight': None, 'clf__gamma': 0.001}"": 0.40762426414898756, ""{'clf__C': 10.0, 'clf__class_weight': None, 'clf__gamma': 0.01}"": 0.4411802629846863, ""{'clf__C': 10.0, 'clf__class_weight': None, 'clf__gamma': 0.1}"": 0.32809997588954265, ""{'clf__C': 10.0, 'clf__class_weight': 'balanced', 'clf__gamma': 0.0001}"": 0.4332913430294491, ""{'clf__C': 10.0, 'clf__class_weight': 'balanced', 'clf__gamma': 0.001}"": 0.4227047212853521, ""{'clf__C': 10.0, 'clf__class_weight': 'balanced', 'clf__gamma': 0.01}"": 0.4428171904260818, ""{'clf__C': 10.0, 'clf__class_weight': 'balanced', 'clf__gamma': 0.1}"": 0.32809997588954265, ""{'clf__C': 100.0, 'clf__class_weight': None, 'clf__gamma': 0.0001}"": 0.3830991413856419, ""{'clf__C': 100.0, 'clf__class_weight': None, 'clf__gamma': 0.001}"": 0.4042861762634322, ""{'clf__C': 100.0, 'clf__class_weight': None, 'clf__gamma': 0.01}"": 0.44234264077431157, ""{'clf__C': 100.0, 'clf__class_weight': None, 'clf__gamma': 0.1}"": 0.32809997588954265, ""{'clf__C': 100.0, 'clf__class_weight': 'balanced', 'clf__gamma': 0.0001}"": 0.39428202856714223, ""{'clf__C': 100.0, 'clf__class_weight': 'balanced', 'clf__gamma': 0.001}"": 0.4038351236144239, ""{'clf__C': 100.0, 'clf__class_weight': 'balanced', 'clf__gamma': 0.01}"": 0.44234264077431157, ""{'clf__C': 100.0, 'clf__class_weight': 'balanced', 'clf__gamma': 0.1}"": 0.32809997588954265}, ""best_score"": 0.47148381024744596}"
B_features_de_asym,rbf_svm,arousal,9,1,"[37, 36, 15, 0, 12, 10, 29, 26, 31, 6, 11, 4, 33, 28, 7, 21, 18, 14, 16, 24, 19, 25, 32, 9, 20, 30, 2, 34, 27, 22, 38, 39]","[1, 35, 23, 5, 13, 8, 3, 17]","{""accuracy"": 0.54375, ""balanced_accuracy"": 0.5183333333333333, ""precision_macro"": 0.5180003272786777, ""precision_micro"": 0.54375, ""precision_weighted"": 0.548294059891998, ""recall_macro"": 0.5183333333333333, ""recall_micro"": 0.54375, ""recall_weighted"": 0.54375, ""f1_macro"": 0.5179728447030663, ""f1_micro"": 0.54375, ""f1_weighted"": 0.5458400396186703, ""mcc"": 0.03633213454280345, ""kappa"": 0.0363036303630363, ""confusion_matrix"": [[25, 35], [38, 62]], ""tp"": 62, ""tn"": 25, ""fp"": 35, ""fn"": 38, ""tpr"": 0.62, ""tnr"": 0.4166666666666667, ""fpr"": 0.5833333333333334, ""fnr"": 0.38, ""ppv"": 0.6391752577319587, ""npv"": 0.3968253968253968, ""roc_auc"": 0.5, ""pr_auc"": 0.6287425109180773, ""log_loss"": 1.3376576105205285, ""brier"": 0.34909622813441976, ""trial_accuracy"": 0.625, ""trial_f1_macro"": 0.5636363636363637}","{""clf__C"": 100.0, ""clf__class_weight"": ""balanced"", ""clf__gamma"": 0.0001}","{""scores"": {""{'clf__C': 0.1, 'clf__class_weight': None, 'clf__gamma': 0.0001}"": 0.3017740429505135, ""{'clf__C': 0.1, 'clf__class_weight': None, 'clf__gamma': 0.001}"": 0.35849431754652566, ""{'clf__C': 0.1, 'clf__class_weight': None, 'clf__gamma': 0.01}"": 0.37021848739495794, ""{'clf__C': 0.1, 'clf__class_weight': None, 'clf__gamma': 0.1}"": 0.3017740429505135, ""{'clf__C': 0.1, 'clf__class_weight': 'balanced', 'clf__gamma': 0.0001}"": 0.3587962962962963, ""{'clf__C': 0.1, 'clf__class_weight': 'balanced', 'clf__gamma': 0.001}"": 0.49280377740528897, ""{'clf__C': 0.1, 'clf__class_weight': 'balanced', 'clf__gamma': 0.01}"": 0.5033218848327932, ""{'clf__C': 0.1, 'clf__class_weight': 'balanced', 'clf__gamma': 0.1}"": 0.3587962962962963, ""{'clf__C': 1.0, 'clf__class_weight': None, 'clf__gamma': 0.0001}"": 0.3634459335290754, ""{'clf__C': 1.0, 'clf__class_weight': None, 'clf__gamma': 0.001}"": 0.5404097616370386, ""{'clf__C': 1.0, 'clf__class_weight': None, 'clf__gamma': 0.01}"": 0.574731862521263, ""{'clf__C': 1.0, 'clf__class_weight': None, 'clf__gamma': 0.1}"": 0.33275188295268615, ""{'clf__C': 1.0, 'clf__class_weight': 'balanced', 'clf__gamma': 0.0001}"": 0.5331672326506474, ""{'clf__C': 1.0, 'clf__class_weight': 'balanced', 'clf__gamma': 0.001}"": 0.5835472268246765, ""{'clf__C': 1.0, 'clf__class_weight': 'balanced', 'clf__gamma': 0.01}"": 0.5851242068450413, ""{'clf__C': 1.0, 'clf__class_weight': 'balanced', 'clf__gamma': 0.1}"": 0.33993805714057174, ""{'clf__C': 10.0, 'clf__class_weight': None, 'clf__gamma': 0.0001}"": 0.5578421515701109, ""{'clf__C': 10.0, 'clf__class_weight': None, 'clf__gamma': 0.001}"": 0.6450007411088367, ""{'clf__C': 10.0, 'clf__class_weight': None, 'clf__gamma': 0.01}"": 0.5522003670657775, ""{'clf__C': 10.0, 'clf__class_weight': None, 'clf__gamma': 0.1}"": 0.33993805714057174, ""{'clf__C': 10.0, 'clf__class_weight': 'balanced', 'clf__gamma': 0.0001}"": 0.5807852794791081, ""{'clf__C': 10.0, 'clf__class_weight': 'balanced', 'clf__gamma': 0.001}"": 0.6501948554111995, ""{'clf__C': 10.0, 'clf__class_weight': 'balanced', 'clf__gamma': 0.01}"": 0.5522003670657775, ""{'clf__C': 10.0, 'clf__class_weight': 'balanced', 'clf__gamma': 0.1}"": 0.33993805714057174, ""{'clf__C': 100.0, 'clf__class_weight': None, 'clf__gamma': 0.0001}"": 0.6544377380032644, ""{'clf__C': 100.0, 'clf__class_weight': None, 'clf__gamma': 0.001}"": 0.6235407741372169, ""{'clf__C': 100.0, 'clf__class_weight': None, 'clf__gamma': 0.01}"": 0.5522003670657775, ""{'clf__C': 100.0, 'clf__class_weight': None, 'clf__gamma': 0.1}"": 0.33993805714057174, ""{'clf__C': 100.0, 'clf__class_weight': 'balanced', 'clf__gamma': 0.0001}"": 0.6584296054388522, ""{'clf__C': 100.0, 'clf__class_weight': 'balanced', 'clf__gamma': 0.001}"": 0.6219979489767677, ""{'clf__C': 100.0, 'clf__class_weight': 'balanced', 'clf__gamma': 0.01}"": 0.5522003670657775, ""{'clf__C': 100.0, 'clf__class_weight': 'balanced', 'clf__gamma': 0.1}"": 0.33993805714057174}, ""best_score"": 0.6584296054388522}"
B_features_de_asym,rbf_svm,arousal,10,0,"[36, 8, 0, 35, 24, 2, 18, 19, 21, 4, 9, 7, 12, 6, 15, 37, 31, 14, 20, 30, 16, 17, 33, 25, 34, 1, 29, 3, 26, 27, 38, 10]","[5, 32, 39, 22, 23, 13, 11, 28]","{""accuracy"": 0.4625, ""balanced_accuracy"": 0.5133333333333333, ""precision_macro"": 0.5148809523809524, ""precision_micro"": 0.4625, ""precision_weighted"": 0.5476190476190477, ""recall_macro"": 0.5133333333333333, ""recall_micro"": 0.4625, ""recall_weighted"": 0.4625, ""f1_macro"": 0.45945945945945943, ""f1_micro"": 0.4625, ""f1_weighted"": 0.4493243243243244, ""mcc"": 0.028171808490950554, ""kappa"": 0.022727272727272707, ""confusion_matrix"": [[31, 69], [17, 43]], ""tp"": 43, ""tn"": 31, ""fp"": 69, ""fn"": 17, ""tpr"": 0.7166666666666667, ""tnr"": 0.31, ""fpr"": 0.69, ""fnr"": 0.2833333333333333, ""ppv"": 0.38392857142857145, ""npv"": 0.6458333333333334, ""roc_auc"": 0.5483333333333333, ""pr_auc"": 0.42025202080666785, ""log_loss"": 1.5479800322277861, ""brier"": 0.41345271215669144, ""trial_accuracy"": 0.5, ""trial_f1_macro"": 0.5}","{""clf__C"": 10.0, ""clf__class_weight"": ""balanced"", ""clf__gamma"": 0.001}","{""scores"": {""{'clf__C': 0.1, 'clf__class_weight': None, 'clf__gamma': 0.0001}"": 0.37227668845315903, ""{'clf__C': 0.1, 'clf__class_weight': None, 'clf__gamma': 0.001}"": 0.37227668845315903, ""{'clf__C': 0.1, 'clf__class_weight': None, 'clf__gamma': 0.01}"": 0.44078610262151113, ""{'clf__C': 0.1, 'clf__class_weight': None, 'clf__gamma': 0.1}"": 0.37227668845315903, ""{'clf__C': 0.1, 'clf__class_weight': 'balanced', 'clf__gamma': 0.0001}"": 0.3017740429505135, ""{'clf__C': 0.1, 'clf__class_weight': 'balanced', 'clf__gamma': 0.001}"": 0.6095538143394622, ""{'clf__C': 0.1, 'clf__class_weight': 'balanced', 'clf__gamma': 0.01}"": 0.6817082002729782, ""{'clf__C': 0.1, 'clf__class_weight': 'balanced', 'clf__gamma': 0.1}"": 0.3017740429505135, ""{'clf__C': 1.0, 'clf__class_weight': None, 'clf__gamma': 0.0001}"": 0.37227668845315903, ""{'clf__C': 1.0, 'clf__class_weight': None, 'clf__gamma': 0.001}"": 0.6661606445857032, ""{'clf__C': 1.0, 'clf__class_weight': None, 'clf__gamma': 0.01}"": 0.686382816833532, ""{'clf__C': 1.0, 'clf__class_weight': None, 'clf__gamma': 0.1}"": 0.37227668845315903, ""{'clf__C': 1.0, 'clf__class_weight': 'balanced', 'clf__gamma': 0.0001}"": 0.6486373636639734, ""{'clf__C': 1.0, 'clf__class_weight': 'balanced', 'clf__gamma': 0.001}"": 0.6831104417247632, ""{'clf__C': 1.0, 'clf__class_weight': 'balanced', 'clf__gamma': 0.01}"": 0.6912207145065392, ""{'clf__C': 1.0, 'clf__class_weight': 'balanced', 'clf__gamma': 0.1}"": 0.37227668845315903, ""{'clf__C': 10.0, 'clf__class_weight': None, 'clf__gamma': 0.0001}"": 0.6743640460821791, ""{'clf__C': 10.0, 'clf__class_weight': None, 'clf__gamma': 0.001}"": 0.6811556221854773, ""{'clf__C': 10.0, 'clf__class_weight': None, 'clf__gamma': 0.01}"": 0.6890749526506471, ""{'clf__C': 10.0, 'clf__class_weight': None, 'clf__gamma': 0.1}"": 0.37227668845315903, ""{'clf__C': 10.0, 'clf__class_weight': 'balanced', 'clf__gamma': 0.0001}"": 0.6900068320312148, ""{'clf__C': 10.0, 'clf__class_weight': 'balanced', 'clf__gamma': 0.001}"": 0.6916009671446034, ""{'clf__C': 10.0, 'clf__class_weight': 'balanced', 'clf__gamma': 0.01}"": 0.6890749526506471, ""{'clf__C': 10.0, 'clf__class_weight': 'balanced', 'clf__gamma': 0.1}"": 0.37227668845315903, ""{'clf__C': 100.0, 'clf__class_weight': None, 'clf__gamma': 0.0001}"": 0.6902647785542504, ""{'clf__C': 100.0, 'clf__class_weight': None, 'clf__gamma': 0.001}"": 0.683662920602678, ""{'clf__C': 100.0, 'clf__class_weight': None, 'clf__gamma': 0.01}"": 0.6890749526506471, ""{'clf__C': 100.0, 'clf__class_weight': None, 'clf__gamma': 0.1}"": 0.37227668845315903, ""{'clf__C': 100.0, 'clf__class_weight': 'balanced', 'clf__gamma': 0.0001}"": 0.6913204165273704, ""{'clf__C': 100.0, 'clf__class_weight': 'balanced', 'clf__gamma': 0.001}"": 0.6806235748909183, ""{'clf__C': 100.0, 'clf__class_weight': 'balanced', 'clf__gamma': 0.01}"": 0.6890749526506471, ""{'clf__C': 100.0, 'clf__class_weight': 'balanced', 'clf__gamma': 0.1}"": 0.37227668845315903}, ""best_score"": 0.6916009671446034}"
B_features_de_asym,rbf_svm,arousal,10,1,"[2, 33, 16, 5, 3, 7, 36, 27, 28, 30, 19, 32, 4, 12, 8, 11, 14, 38, 13, 20, 10, 23, 34, 9, 17, 24, 35, 29, 39, 26, 21, 31]","[15, 22, 25, 6, 18, 37, 1, 0]","{""accuracy"": 0.71875, ""balanced_accuracy"": 0.7116666666666667, ""precision_macro"": 0.7038196116193227, ""precision_micro"": 0.71875, ""precision_weighted"": 0.7267894398972877, ""recall_macro"": 0.7116666666666667, ""recall_micro"": 0.71875, ""recall_weighted"": 0.71875, ""f1_macro"": 0.7062543347884622, ""f1_micro"": 0.71875, ""f1_weighted"": 0.7214005956509322, ""mcc"": 0.4154121702249786, ""kappa"": 0.4136807817589576, ""confusion_matrix"": [[41, 19], [26, 74]], ""tp"": 74, ""tn"": 41, ""fp"": 19, ""fn"": 26, ""tpr"": 0.74, ""tnr"": 0.6833333333333333, ""fpr"": 0.31666666666666665, ""fnr"": 0.26, ""ppv"": 0.7956989247311828, ""npv"": 0.6119402985074627, ""roc_auc"": 0.7721666666666667, ""pr_auc"": 0.8735610927718234, ""log_loss"": 0.5634877196173106, ""brier"": 0.1922962895843682, ""trial_accuracy"": 0.875, ""trial_f1_macro"": 0.873015873015873}","{""clf__C"": 10.0, ""clf__class_weight"": null, ""clf__gamma"": 0.0001}","{""scores"": {""{'clf__C': 0.1, 'clf__class_weight': None, 'clf__gamma': 0.0001}"": 0.35838779956427014, ""{'clf__C': 0.1, 'clf__class_weight': None, 'clf__gamma': 0.001}"": 0.35838779956427014, ""{'clf__C': 0.1, 'clf__class_weight': None, 'clf__gamma': 0.01}"": 0.41637964298441527, ""{'clf__C': 0.1, 'clf__class_weight': None, 'clf__gamma': 0.1}"": 0.35838779956427014, ""{'clf__C': 0.1, 'clf__class_weight': 'balanced', 'clf__gamma': 0.0001}"": 0.30416666666666664, ""{'clf__C': 0.1, 'clf__class_weight': 'balanced', 'clf__gamma': 0.001}"": 0.37925550519667944, ""{'clf__C': 0.1, 'clf__class_weight': 'balanced', 'clf__gamma': 0.01}"": 0.5320429523185909, ""{'clf__C': 0.1, 'clf__class_weight': 'balanced', 'clf__gamma': 0.1}"": 0.30416666666666664, ""{'clf__C': 1.0, 'clf__class_weight': None, 'clf__gamma': 0.0001}"": 0.35838779956427014, ""{'clf__C': 1.0, 'clf__class_weight': None, 'clf__gamma': 0.001}"": 0.5320863559992285, ""{'clf__C': 1.0, 'clf__class_weight': None, 'clf__gamma': 0.01}"": 0.49105733684630865, ""{'clf__C': 1.0, 'clf__class_weight': None, 'clf__gamma': 0.1}"": 0.35838779956427014, ""{'clf__C': 1.0, 'clf__class_weight': 'balanced', 'clf__gamma': 0.0001}"": 0.5108541612034189, ""{'clf__C': 1.0, 'clf__class_weight': 'balanced', 'clf__gamma': 0.001}"": 0.5292185036224372, ""{'clf__C': 1.0, 'clf__class_weight': 'balanced', 'clf__gamma': 0.01}"": 0.4874485623526992, ""{'clf__C': 1.0, 'clf__class_weight': 'balanced', 'clf__gamma': 0.1}"": 0.35838779956427014, ""{'clf__C': 10.0, 'clf__class_weight': None, 'clf__gamma': 0.0001}"": 0.5379488788924923, ""{'clf__C': 10.0, 'clf__class_weight': None, 'clf__gamma': 0.001}"": 0.48992786278882533, ""{'clf__C': 10.0, 'clf__class_weight': None, 'clf__gamma': 0.01}"": 0.4563877821792657, ""{'clf__C': 10.0, 'clf__class_weight': None, 'clf__gamma': 0.1}"": 0.35838779956427014, ""{'clf__C': 10.0, 'clf__class_weight': 'balanced', 'clf__gamma': 0.0001}"": 0.5190737012423506, ""{'clf__C': 10.0, 'clf__class_weight': 'balanced', 'clf__gamma': 0.001}"": 0.47999198331714976, ""{'clf__C': 10.0, 'clf__class_weight': 'balanced', 'clf__gamma': 0.01}"": 0.4563877821792657, ""{'clf__C': 10.0, 'clf__class_weight': 'balanced', 'clf__gamma': 0.1}"": 0.35838779956427014, ""{'clf__C': 100.0, 'clf__class_weight': None, 'clf__gamma': 0.0001}"": 0.49235202682315776, ""{'clf__C': 100.0, 'clf__class_weight': None, 'clf__gamma': 0.001}"": 0.4391224287573336, ""{'clf__C': 100.0, 'clf__class_weight': None, 'clf__gamma': 0.01}"": 0.4563877821792657, ""{'clf__C': 100.0, 'clf__class_weight': None, 'clf__gamma': 0.1}"": 0.35838779956427014, ""{'clf__C': 100.0, 'clf__class_weight': 'balanced', 'clf__gamma': 0.0001}"": 0.48338987690178453, ""{'clf__C': 100.0, 'clf__class_weight': 'balanced', 'clf__gamma': 0.001}"": 0.4415069110656294, ""{'clf__C': 100.0, 'clf__class_weight': 'balanced', 'clf__gamma': 0.01}"": 0.4563877821792657, ""{'clf__C': 100.0, 'clf__class_weight': 'balanced', 'clf__gamma': 0.1}"": 0.35838779956427014}, ""best_score"": 0.5379488788924923}"
