accuracy,balanced_accuracy,best_params,brier,confusion_matrix,dimension,f1_macro,f1_micro,f1_weighted,fn,fnr,fold,fp,fpr,kappa,log_loss,mcc,mode,model,npv,ppv,pr_auc,precision_macro,precision_micro,precision_weighted,recall_macro,recall_micro,recall_weighted,roc_auc,tn,tnr,tp,tpr
0.625,0.47222222222222215,"{""clf__C"": 10.0, ""clf__gamma"": 0.001}",,"[[3, 0, 1], [1, 0, 0], [1, 0, 2]]",valence,0.4444444444444444,0.625,0.5833333333333333,,,0,,,0.3142857142857143,0.9553977380736711,0.32579188276750076,subject_dependent,rbf_svm,,,0.6194444444444445,0.4222222222222222,0.625,0.55,0.47222222222222215,0.625,0.625,0.689484126984127,,,,
0.375,0.3333333333333333,"{""clf__C"": 1.0, ""clf__gamma"": 0.001}",,"[[3, 0, 0], [1, 0, 2], [2, 0, 0]]",valence,0.2222222222222222,0.375,0.25,,,1,,,0.04761904761904767,1.8377434393961896,0.0629940788348712,subject_dependent,rbf_svm,,,0.48862433862433857,0.16666666666666666,0.375,0.1875,0.3333333333333333,0.375,0.375,0.4777777777777777,,,,
0.375,0.375,"{""clf__C"": 10.0, ""clf__gamma"": 0.001}",0.3951867778726459,"[[0, 4], [1, 3]]",valence,0.2727272727272727,0.375,0.2727272727272727,1,0.25,2,4,1.0,-0.25,,-0.3779644730092272,subject_dependent,rbf_svm,0.0,0.42857142857142855,,0.21428571428571427,0.375,0.21428571428571427,0.375,0.375,0.375,,0,0.0,3,0.75
0.5,0.5,"{""clf__C"": 1.0, ""clf__gamma"": 0.001}",0.37490339441997633,"[[3, 0, 1], [0, 0, 0], [2, 1, 1]]",valence,0.3333333333333333,0.5,0.5,,,3,,,0.11111111111111116,,0.12126781251816648,subject_dependent,rbf_svm,,,,0.3666666666666667,0.5,0.55,0.3333333333333333,0.5,0.5,,,,,
0.625,0.7,"{""clf__C"": 10.0, ""clf__gamma"": 0.001}",0.44870574887264514,"[[3, 0], [3, 2]]",valence,0.6190476190476191,0.625,0.6071428571428571,3,0.6,4,0,0.0,0.33333333333333337,,0.4472135954999579,subject_dependent,rbf_svm,0.5,1.0,,0.75,0.625,0.8125,0.7,0.625,0.625,,3,1.0,2,0.4
0.625,0.6666666666666666,"{""clf__C"": 10.0, ""clf__gamma"": 0.001}",,"[[2, 0, 0], [0, 1, 2], [0, 1, 2]]",valence,0.6571428571428571,0.625,0.6142857142857143,,,0,,,0.4285714285714286,1.160821036127502,0.43915503282683993,subject_dependent,rbf_svm,,,0.49484126984126986,0.6666666666666666,0.625,0.625,0.6666666666666666,0.625,0.625,0.42777777777777776,,,,
0.5,0.5,"{""clf__C"": 10.0, ""clf__gamma"": 0.001}",,"[[0, 0, 2], [0, 2, 0], [0, 2, 2]]",valence,0.38888888888888884,0.5,0.41666666666666663,,,1,,,0.19999999999999996,1.0215341123607677,0.22360679774997896,subject_dependent,rbf_svm,,,0.6875,0.3333333333333333,0.5,0.375,0.5,0.5,0.5,0.7291666666666666,,,,
0.5,0.4166666666666667,"{""clf__C"": 10.0, ""clf__gamma"": 0.001}",,"[[1, 0, 1], [2, 0, 0], [0, 1, 3]]",valence,0.3833333333333333,0.5,0.475,,,2,,,0.19999999999999996,1.1038875192615545,0.20519567041703082,subject_dependent,rbf_svm,,,0.5855158730158729,0.3611111111111111,0.5,0.4583333333333333,0.4166666666666667,0.5,0.5,0.5416666666666666,,,,
0.5,0.49999999999999994,"{""clf__C"": 1.0, ""clf__gamma"": 0.001}",,"[[1, 1, 0], [0, 2, 1], [1, 1, 1]]",valence,0.4904761904761905,0.5,0.4892857142857143,,,3,,,0.23809523809523814,1.2810615806961951,0.2439750182371333,subject_dependent,rbf_svm,,,0.32195767195767194,0.5,0.5,0.5,0.49999999999999994,0.5,0.5,0.2222222222222222,,,,
0.5,0.3611111111111111,"{""clf__C"": 1.0, ""clf__gamma"": 0.001}",,"[[0, 0, 1], [0, 3, 1], [0, 2, 1]]",valence,0.3333333333333333,0.5,0.4583333333333333,,,4,,,0.08571428571428574,1.0913376901389493,0.08885233166386385,subject_dependent,rbf_svm,,,0.41838624338624336,0.3111111111111111,0.5,0.425,0.3611111111111111,0.5,0.5,0.3966269841269841,,,,
0.25,0.25,"{""clf__C"": 10.0, ""clf__gamma"": 0.001}",,"[[1, 2, 1], [1, 0, 1], [0, 1, 1]]",valence,0.24444444444444446,0.25,0.26666666666666666,,,0,,,-0.09090909090909083,1.4306511353078373,-0.09759000729485333,subject_dependent,rbf_svm,,,0.5321428571428571,0.27777777777777773,0.25,0.3333333333333333,0.25,0.25,0.25,0.4930555555555556,,,,
0.625,0.6333333333333333,"{""clf__C"": 10.0, ""clf__gamma"": 0.001}",0.2031682432328594,"[[3, 2, 0], [0, 0, 0], [0, 1, 2]]",valence,0.5166666666666667,0.625,0.76875,,,1,,,0.4418604651162791,,0.5352643613280604,subject_dependent,rbf_svm,,,,0.6666666666666666,0.625,1.0,0.4222222222222222,0.625,0.625,,,,,
0.5,0.38888888888888884,"{""clf__C"": 10.0, ""clf__gamma"": 0.001}",,"[[2, 1, 0], [1, 0, 0], [0, 2, 2]]",valence,0.4444444444444444,0.5,0.5833333333333333,,,2,,,0.2727272727272727,0.803967521365118,0.30037570459305535,subject_dependent,rbf_svm,,,0.8087301587301586,0.5555555555555555,0.5,0.75,0.38888888888888884,0.5,0.5,0.8263888888888888,,,,
0.5,0.4666666666666666,"{""clf__C"": 1.0, ""clf__gamma"": 0.001}",,"[[0, 1, 0], [2, 2, 1], [0, 0, 2]]",valence,0.43333333333333335,0.5,0.5125,,,3,,,0.2195121951219512,1.930507719171188,0.2381652558112334,subject_dependent,rbf_svm,,,0.353968253968254,0.4444444444444444,0.5,0.5833333333333333,0.4666666666666666,0.5,0.5,0.2031746031746032,,,,
0.625,0.611111111111111,"{""clf__C"": 10.0, ""clf__gamma"": 0.001}",,"[[1, 1, 0], [0, 2, 1], [1, 0, 2]]",valence,0.611111111111111,0.625,0.625,,,4,,,0.4285714285714286,1.0350676326468577,0.42857142857142855,subject_dependent,rbf_svm,,,0.6939153439153439,0.611111111111111,0.625,0.625,0.611111111111111,0.625,0.625,0.6888888888888888,,,,
0.375,0.25,"{""clf__C"": 10.0, ""clf__gamma"": 0.001}",,"[[3, 1, 0], [1, 0, 0], [2, 1, 0]]",valence,0.19999999999999998,0.375,0.3,,,0,,,-0.05263157894736836,1.1133669024906563,-0.06622661785325219,subject_dependent,rbf_svm,,,0.5476190476190476,0.16666666666666666,0.375,0.25,0.25,0.375,0.375,0.5285714285714286,,,,
0.5,0.3333333333333333,"{""clf__C"": 1.0, ""clf__gamma"": 0.01}",,"[[4, 0, 0], [2, 0, 0], [2, 0, 0]]",valence,0.2222222222222222,0.5,0.3333333333333333,,,1,,,0.0,1.0494663259048733,0.0,subject_dependent,rbf_svm,,,0.37400793650793646,0.16666666666666666,0.5,0.25,0.3333333333333333,0.5,0.5,0.3819444444444445,,,,
0.25,0.19444444444444442,"{""clf__C"": 1.0, ""clf__gamma"": 0.001}",,"[[1, 1, 2], [2, 1, 0], [1, 0, 0]]",valence,0.21666666666666667,0.25,0.275,,,2,,,-0.19999999999999996,0.9174705281410919,-0.20519567041703082,subject_dependent,rbf_svm,,,0.7902116402116403,0.25,0.25,0.3125,0.19444444444444442,0.25,0.25,0.8013888888888889,,,,
0.375,0.5277777777777778,"{""clf__C"": 1.0, ""clf__gamma"": 0.001}",,"[[1, 1, 2], [0, 1, 2], [0, 0, 1]]",valence,0.37777777777777777,0.375,0.3916666666666667,,,3,,,0.18367346938775508,1.2028011769436695,0.25038669783359574,subject_dependent,rbf_svm,,,0.3267195767195767,0.5666666666666667,0.375,0.7125,0.5277777777777778,0.375,0.375,0.2615079365079365,,,,
0.375,0.4166666666666667,"{""clf__C"": 1.0, ""clf__gamma"": 0.001}",,"[[1, 1, 2], [0, 1, 1], [0, 1, 1]]",valence,0.37777777777777777,0.375,0.38333333333333336,,,4,,,0.13043478260869568,1.1616572943748937,0.15389675281277312,subject_dependent,rbf_svm,,,0.33928571428571425,0.5277777777777778,0.375,0.6458333333333334,0.4166666666666667,0.375,0.375,0.3194444444444445,,,,
0.25,0.27777777777777773,"{""clf__C"": 1.0, ""clf__gamma"": 0.001}",,"[[0, 2, 1], [0, 1, 1], [0, 2, 1]]",valence,0.20634920634920637,0.25,0.19642857142857142,,,0,,,-0.06666666666666665,1.2562535233746612,-0.08451542547285165,subject_dependent,rbf_svm,,,0.4346560846560846,0.17777777777777778,0.25,0.175,0.27777777777777773,0.25,0.25,0.39999999999999997,,,,
0.375,0.27777777777777773,"{""clf__C"": 1.0, ""clf__gamma"": 0.001}",,"[[0, 0, 1], [0, 1, 2], [0, 2, 2]]",valence,0.25925925925925924,0.375,0.3472222222222222,,,1,,,-0.1428571428571428,1.0098543204656703,-0.14808721943977307,subject_dependent,rbf_svm,,,0.4264550264550264,0.24444444444444446,0.375,0.325,0.27777777777777773,0.375,0.375,0.4974206349206349,,,,
0.375,0.4166666666666667,"{""clf__C"": 10.0, ""clf__gamma"": 0.001}",,"[[0, 0, 2], [1, 1, 2], [0, 0, 2]]",valence,0.3,0.375,0.325,,,2,,,0.13043478260869568,1.8104483868842458,0.1860521018838127,subject_dependent,rbf_svm,,,0.31666666666666665,0.4444444444444444,0.375,0.5833333333333334,0.4166666666666667,0.375,0.375,0.28472222222222227,,,,
0.5,0.26666666666666666,"{""clf__C"": 1.0, ""clf__gamma"": 0.001}",,"[[0, 0, 2], [0, 0, 1], [0, 1, 4]]",valence,0.2222222222222222,0.5,0.41666666666666663,,,3,,,-0.1428571428571428,1.2605816168771047,-0.18333969940564226,subject_dependent,rbf_svm,,,0.6686507936507936,0.19047619047619047,0.5,0.3571428571428571,0.26666666666666666,0.5,0.5,0.5777777777777778,,,,
0.75,0.6666666666666666,"{""clf__C"": 10.0, ""clf__gamma"": 0.001}",0.2817886643427608,"[[1, 2], [0, 5]]",valence,0.6666666666666667,0.75,0.7083333333333334,0,0.0,4,2,0.6666666666666666,0.3846153846153846,,0.4879500364742666,subject_dependent,rbf_svm,1.0,0.7142857142857143,,0.8571428571428572,0.75,0.8214285714285714,0.6666666666666666,0.75,0.75,,1,0.3333333333333333,5,1.0
0.5,0.3333333333333333,"{""clf__C"": 1.0, ""clf__gamma"": 0.01}",,"[[0, 0, 2], [0, 0, 2], [0, 0, 4]]",valence,0.2222222222222222,0.5,0.3333333333333333,,,0,,,0.0,1.0497356932713022,0.0,subject_dependent,rbf_svm,,,0.4892857142857143,0.16666666666666666,0.5,0.25,0.3333333333333333,0.5,0.5,0.5138888888888888,,,,
0.625,0.6666666666666666,"{""clf__C"": 10.0, ""clf__gamma"": 0.001}",,"[[0, 0, 3], [0, 2, 0], [0, 0, 3]]",valence,0.5555555555555555,0.625,0.5,,,1,,,0.4285714285714286,1.376856997979483,0.5669467095138409,subject_dependent,rbf_svm,,,0.4984126984126984,0.5,0.625,0.4375,0.6666666666666666,0.625,0.625,0.3833333333333333,,,,
0.5,0.26666666666666666,"{""clf__C"": 10.0, ""clf__gamma"": 0.001}",,"[[0, 0, 2], [0, 0, 1], [0, 1, 4]]",valence,0.2222222222222222,0.5,0.41666666666666663,,,2,,,-0.1428571428571428,1.2253516724058564,-0.18333969940564226,subject_dependent,rbf_svm,,,0.517063492063492,0.19047619047619047,0.5,0.3571428571428571,0.26666666666666666,0.5,0.5,0.4674603174603174,,,,
0.125,0.05555555555555555,"{""clf__C"": 10.0, ""clf__gamma"": 0.001}",,"[[0, 0, 1], [0, 0, 1], [2, 3, 1]]",valence,0.07407407407407407,0.125,0.16666666666666666,,,3,,,-0.36585365853658547,1.0433208914243775,-0.4539206495016019,subject_dependent,rbf_svm,,,0.41005291005291006,0.1111111111111111,0.125,0.25,0.05555555555555555,0.125,0.125,0.35714285714285715,,,,
0.25,0.3333333333333333,"{""clf__C"": 1.0, ""clf__gamma"": 0.01}",,"[[0, 0, 1], [0, 0, 5], [0, 0, 2]]",valence,0.13333333333333333,0.25,0.1,,,4,,,0.0,1.396775353119531,0.0,subject_dependent,rbf_svm,,,0.704047619047619,0.08333333333333333,0.25,0.0625,0.3333333333333333,0.25,0.25,0.5277777777777778,,,,
0.625,0.3333333333333333,"{""clf__C"": 1.0, ""clf__gamma"": 0.01}",,"[[0, 0, 2], [0, 0, 1], [0, 0, 5]]",valence,0.25641025641025644,0.625,0.4807692307692308,,,0,,,0.0,0.9051466221831416,0.0,subject_dependent,rbf_svm,,,0.4055555555555555,0.20833333333333334,0.625,0.390625,0.3333333333333333,0.625,0.625,0.5126984126984127,,,,
0.0,0.0,"{""clf__C"": 0.1, ""clf__gamma"": 0.001}",0.6007320950466869,"[[0, 2, 0], [0, 0, 0], [0, 6, 0]]",valence,0.0,0.0,0.0,,,1,,,0.0,,0.0,subject_dependent,rbf_svm,,,,0.0,0.0,0.0,0.0,0.0,0.0,,,,,
0.5,0.3333333333333333,"{""clf__C"": 10.0, ""clf__gamma"": 0.001}",,"[[0, 1, 1], [0, 0, 2], [0, 0, 4]]",valence,0.24242424242424243,0.5,0.36363636363636365,,,2,,,0.05882352941176472,0.9298494665714722,0.08451542547285165,subject_dependent,rbf_svm,,,0.6448412698412698,0.19047619047619047,0.5,0.2857142857142857,0.3333333333333333,0.5,0.5,0.6805555555555557,,,,
0.625,0.3333333333333333,"{""clf__C"": 1.0, ""clf__gamma"": 0.01}",,"[[0, 0, 1], [0, 0, 2], [0, 0, 5]]",valence,0.25641025641025644,0.625,0.4807692307692308,,,3,,,0.0,1.0926787262433066,0.0,subject_dependent,rbf_svm,,,0.5755555555555555,0.20833333333333334,0.625,0.390625,0.3333333333333333,0.625,0.625,0.6047619047619048,,,,
0.625,0.5,"{""clf__C"": 1.0, ""clf__gamma"": 0.01}",0.47853112587145796,"[[0, 3], [0, 5]]",valence,0.38461538461538464,0.625,0.4807692307692308,0,0.0,4,3,1.0,0.0,,0.0,subject_dependent,rbf_svm,0.0,0.625,,0.3125,0.625,0.390625,0.5,0.625,0.625,,0,0.0,5,1.0
0.25,0.3333333333333333,"{""clf__C"": 1.0, ""clf__gamma"": 0.001}",,"[[0, 2, 2], [0, 1, 1], [0, 1, 1]]",valence,0.2222222222222222,0.25,0.16666666666666666,,,0,,,0.0,1.4370645203861587,0.0,subject_dependent,rbf_svm,,,0.3726190476190476,0.16666666666666666,0.25,0.125,0.3333333333333333,0.25,0.25,0.3888888888888889,,,,
0.625,0.47222222222222215,"{""clf__C"": 1.0, ""clf__gamma"": 0.001}",,"[[0, 0, 1], [1, 3, 0], [0, 1, 2]]",valence,0.47222222222222215,0.625,0.625,,,1,,,0.368421052631579,1.53732254242651,0.3684210526315789,subject_dependent,rbf_svm,,,0.29755291005291,0.47222222222222215,0.625,0.625,0.47222222222222215,0.625,0.625,0.20357142857142854,,,,
0.375,0.27777777777777773,"{""clf__C"": 10.0, ""clf__gamma"": 0.001}",,"[[0, 0, 1], [1, 1, 1], [1, 1, 2]]",valence,0.3,0.375,0.4,,,2,,,0.0,1.0607535320285089,0.0,subject_dependent,rbf_svm,,,0.4351851851851851,0.3333333333333333,0.375,0.4375,0.27777777777777773,0.375,0.375,0.5140873015873016,,,,
0.5,0.5333333333333333,"{""clf__C"": 10.0, ""clf__gamma"": 0.001}",0.2782788357597603,"[[2, 3], [1, 2]]",valence,0.5,0.5,0.5,1,0.3333333333333333,3,3,0.6,0.05882352941176472,,0.06666666666666667,subject_dependent,rbf_svm,0.6666666666666666,0.4,,0.5333333333333333,0.5,0.5666666666666667,0.5333333333333333,0.5,0.5,,2,0.4,2,0.6666666666666666
0.5,0.4444444444444444,"{""clf__C"": 1.0, ""clf__gamma"": 0.001}",,"[[0, 2, 0], [0, 2, 1], [0, 1, 2]]",valence,0.38888888888888884,0.5,0.4375,,,4,,,0.19999999999999996,1.169332842255281,0.2253744679276044,subject_dependent,rbf_svm,,,0.416005291005291,0.35555555555555557,0.5,0.4,0.4444444444444444,0.5,0.5,0.38888888888888884,,,,
0.25,0.26666666666666666,"{""clf__C"": 1.0, ""clf__gamma"": 0.001}",0.3383178888833366,"[[1, 2], [4, 1]]",valence,0.25,0.25,0.25,4,0.8,0,2,0.6666666666666666,-0.41176470588235303,,-0.4666666666666667,subject_dependent,rbf_svm,0.2,0.3333333333333333,,0.26666666666666666,0.25,0.2833333333333333,0.26666666666666666,0.25,0.25,,1,0.3333333333333333,1,0.2
0.375,0.3055555555555555,"{""clf__C"": 10.0, ""clf__gamma"": 0.001}",,"[[1, 3, 0], [1, 2, 0], [0, 1, 0]]",valence,0.25925925925925924,0.375,0.3333333333333333,,,1,,,-0.05263157894736836,0.9195820415108975,-0.06622661785325219,subject_dependent,rbf_svm,,,0.7444444444444445,0.27777777777777773,0.375,0.375,0.3055555555555555,0.375,0.375,0.7430555555555555,,,,
0.5,0.4444444444444444,"{""clf__C"": 10.0, ""clf__gamma"": 0.001}",,"[[2, 1, 0], [1, 2, 0], [0, 2, 0]]",valence,0.38888888888888884,0.5,0.4375,,,2,,,0.19999999999999996,1.041734663892271,0.2253744679276044,subject_dependent,rbf_svm,,,0.6865079365079364,0.35555555555555557,0.5,0.4,0.4444444444444444,0.5,0.5,0.6777777777777777,,,,
0.5,0.5555555555555555,"{""clf__C"": 1.0, ""clf__gamma"": 0.001}",,"[[1, 2, 0], [0, 1, 2], [0, 0, 2]]",valence,0.5,0.5,0.47916666666666663,,,3,,,0.2727272727272727,1.0457348968092997,0.30037570459305535,subject_dependent,rbf_svm,,,0.48611111111111116,0.611111111111111,0.5,0.625,0.5555555555555555,0.5,0.5,0.5333333333333333,,,,
0.5,0.3333333333333333,"{""clf__C"": 10.0, ""clf__gamma"": 0.001}",,"[[4, 0, 0], [2, 0, 0], [0, 2, 0]]",valence,0.26666666666666666,0.5,0.4,,,4,,,0.11111111111111116,0.9275645274564417,0.12909944487358055,subject_dependent,rbf_svm,,,0.8166666666666668,0.2222222222222222,0.5,0.3333333333333333,0.3333333333333333,0.5,0.5,0.888888888888889,,,,
0.75,0.8055555555555555,"{""clf__C"": 10.0, ""clf__gamma"": 0.001}",,"[[2, 1, 0], [1, 3, 0], [0, 0, 1]]",valence,0.8055555555555555,0.75,0.75,,,0,,,0.5789473684210527,0.6936112312912137,0.5789473684210527,subject_dependent,rbf_svm,,,0.8184523809523809,0.8055555555555555,0.75,0.75,0.8055555555555555,0.75,0.75,0.8083333333333332,,,,
0.5,0.6333333333333333,"{""clf__C"": 10.0, ""clf__gamma"": 0.001}",,"[[1, 1, 0], [0, 1, 0], [2, 1, 2]]",valence,0.4904761904761905,0.5,0.5196428571428571,,,1,,,0.28888888888888886,0.6984724175978918,0.34401648061622603,subject_dependent,rbf_svm,,,0.6944444444444443,0.5555555555555555,0.5,0.75,0.6333333333333333,0.5,0.5,0.8968253968253969,,,,
0.375,0.4166666666666667,"{""clf__C"": 10.0, ""clf__gamma"": 0.001}",,"[[1, 1, 0], [3, 1, 0], [1, 0, 1]]",valence,0.42857142857142855,0.375,0.40476190476190477,,,2,,,0.09090909090909094,1.0783657531908903,0.10846522890932808,subject_dependent,rbf_svm,,,0.6638888888888889,0.5666666666666667,0.375,0.55,0.4166666666666667,0.375,0.375,0.6736111111111112,,,,
0.375,0.4666666666666666,"{""clf__C"": 10.0, ""clf__gamma"": 0.001}",,"[[0, 0, 2], [1, 2, 2], [0, 0, 1]]",valence,0.30158730158730157,0.375,0.3988095238095238,,,3,,,0.14893617021276595,1.7174302973016462,0.20588235294117646,subject_dependent,rbf_svm,,,0.5344444444444444,0.39999999999999997,0.375,0.65,0.4666666666666666,0.375,0.375,0.6301587301587303,,,,
0.5,0.4444444444444444,"{""clf__C"": 10.0, ""clf__gamma"": 0.001}",,"[[1, 1, 1], [2, 0, 0], [0, 0, 3]]",valence,0.3968253968253968,0.5,0.4464285714285714,,,4,,,0.2195121951219512,0.8193109888630963,0.2252817784447915,subject_dependent,rbf_svm,,,0.7611111111111111,0.3611111111111111,0.5,0.40625,0.4444444444444444,0.5,0.5,0.8555555555555555,,,,
0.125,0.1111111111111111,"{""clf__C"": 1.0, ""clf__gamma"": 0.001}",,"[[0, 1, 0], [2, 1, 0], [0, 4, 0]]",valence,0.07407407407407407,0.125,0.08333333333333333,,,0,,,-0.2727272727272727,0.8629279376599257,-0.39735970711951313,subject_dependent,rbf_svm,,,0.6299603174603174,0.05555555555555555,0.125,0.0625,0.1111111111111111,0.125,0.125,0.7117063492063492,,,,
0.375,0.3333333333333333,"{""clf__C"": 0.1, ""clf__gamma"": 0.001}",,"[[3, 0, 0], [2, 0, 0], [3, 0, 0]]",valence,0.1818181818181818,0.375,0.20454545454545453,,,1,,,0.0,1.3046067843406104,0.0,subject_dependent,rbf_svm,,,0.42526455026455023,0.125,0.375,0.140625,0.3333333333333333,0.375,0.375,0.4777777777777778,,,,
0.375,0.3333333333333333,"{""clf__C"": 10.0, ""clf__gamma"": 0.001}",,"[[0, 1, 0], [0, 3, 0], [1, 3, 0]]",valence,0.19999999999999998,0.375,0.22499999999999998,,,2,,,0.04761904761904767,0.9969661743085874,0.086710996952412,subject_dependent,rbf_svm,,,0.5962962962962962,0.14285714285714285,0.375,0.1607142857142857,0.3333333333333333,0.375,0.375,0.6718253968253968,,,,
0.25,0.3333333333333333,"{""clf__C"": 0.1, ""clf__gamma"": 0.001}",,"[[2, 0, 0], [3, 0, 0], [3, 0, 0]]",valence,0.13333333333333333,0.25,0.1,,,3,,,0.0,1.1500694792942188,0.0,subject_dependent,rbf_svm,,,0.583994708994709,0.08333333333333333,0.25,0.0625,0.3333333333333333,0.25,0.25,0.5555555555555555,,,,
0.375,0.3333333333333333,"{""clf__C"": 1.0, ""clf__gamma"": 0.001}",,"[[0, 0, 2], [1, 2, 1], [1, 0, 1]]",valence,0.3333333333333333,0.375,0.41666666666666663,,,4,,,0.09090909090909094,1.2249134365165344,0.1,subject_dependent,rbf_svm,,,0.5388888888888889,0.4166666666666667,0.375,0.5625,0.3333333333333333,0.375,0.375,0.5069444444444444,,,,
0.375,0.3333333333333333,"{""clf__C"": 1.0, ""clf__gamma"": 0.01}",,"[[0, 0, 3], [0, 0, 2], [0, 0, 3]]",valence,0.1818181818181818,0.375,0.20454545454545453,,,0,,,0.0,1.108121957636038,0.0,subject_dependent,rbf_svm,,,0.5226190476190476,0.125,0.375,0.140625,0.3333333333333333,0.375,0.375,0.5666666666666668,,,,
0.25,0.2222222222222222,"{""clf__C"": 1.0, ""clf__gamma"": 0.001}",,"[[2, 0, 1], [1, 0, 0], [4, 0, 0]]",valence,0.13333333333333333,0.25,0.15000000000000002,,,1,,,-0.23076923076923084,1.0517499009628395,-0.390199486285854,subject_dependent,rbf_svm,,,0.4365079365079365,0.09523809523809523,0.25,0.10714285714285714,0.2222222222222222,0.25,0.25,0.5408730158730158,,,,
0.25,0.2222222222222222,"{""clf__C"": 1.0, ""clf__gamma"": 0.001}",,"[[1, 0, 2], [1, 0, 1], [1, 1, 1]]",valence,0.20634920634920637,0.25,0.23214285714285715,,,2,,,-0.1707317073170731,1.2065782891320629,-0.17521916101261562,subject_dependent,rbf_svm,,,0.5210317460317461,0.19444444444444442,0.25,0.21875,0.2222222222222222,0.25,0.25,0.5277777777777778,,,,
0.125,0.1111111111111111,"{""clf__C"": 1.0, ""clf__gamma"": 0.001}",,"[[0, 2, 1], [0, 0, 2], [1, 1, 1]]",valence,0.09523809523809523,0.125,0.10714285714285714,,,3,,,-0.30232558139534893,1.0920960968627098,-0.3254070133091433,subject_dependent,rbf_svm,,,0.5318783068783068,0.08333333333333333,0.125,0.09375,0.1111111111111111,0.125,0.125,0.5666666666666667,,,,
0.5,0.3333333333333333,"{""clf__C"": 1.0, ""clf__gamma"": 0.01}",,"[[0, 0, 3], [0, 0, 1], [0, 0, 4]]",valence,0.2222222222222222,0.5,0.3333333333333333,,,4,,,0.0,1.0268400607169128,0.0,subject_dependent,rbf_svm,,,0.5253968253968253,0.16666666666666666,0.5,0.25,0.3333333333333333,0.5,0.5,0.5761904761904763,,,,
0.25,0.13333333333333333,"{""clf__C"": 1.0, ""clf__gamma"": 0.001}",,"[[0, 2, 0], [1, 2, 2], [0, 1, 0]]",valence,0.13333333333333333,0.25,0.25,,,0,,,-0.37142857142857144,1.180620459665639,-0.38235294117647056,subject_dependent,rbf_svm,,,0.4607142857142857,0.13333333333333333,0.25,0.25,0.13333333333333333,0.25,0.25,0.44761904761904764,,,,
0.125,0.08333333333333333,"{""clf__C"": 10.0, ""clf__gamma"": 0.001}",,"[[0, 3, 0], [1, 0, 0], [1, 2, 1]]",valence,0.13333333333333333,0.125,0.2,,,1,,,-0.1428571428571428,1.3139662651444965,-0.19474520942613002,subject_dependent,rbf_svm,,,0.49034391534391536,0.3333333333333333,0.125,0.5,0.08333333333333333,0.125,0.125,0.564484126984127,,,,
0.375,0.19999999999999998,"{""clf__C"": 1.0, ""clf__gamma"": 0.001}",,"[[0, 2, 0], [1, 0, 0], [1, 1, 3]]",valence,0.25,0.375,0.46875,,,2,,,0.04761904761904767,1.8307556415059225,0.05292561240249631,subject_dependent,rbf_svm,,,0.3880952380952381,0.3333333333333333,0.375,0.625,0.19999999999999998,0.375,0.375,0.3166666666666667,,,,
0.625,0.4166666666666667,"{""clf__C"": 1.0, ""clf__gamma"": 0.001}",0.3639158122039324,"[[0, 2], [1, 5]]",valence,0.38461538461538464,0.625,0.576923076923077,1,0.16666666666666666,3,2,1.0,-0.19999999999999996,,-0.2182178902359924,subject_dependent,rbf_svm,0.0,0.7142857142857143,,0.35714285714285715,0.625,0.5357142857142857,0.4166666666666667,0.625,0.625,,0,0.0,5,0.8333333333333334
0.25,0.19444444444444442,"{""clf__C"": 10.0, ""clf__gamma"": 0.001}",,"[[1, 2, 0], [3, 1, 0], [0, 1, 0]]",valence,0.17857142857142858,0.25,0.23214285714285715,,,4,,,-0.33333333333333326,1.0348025809283632,-0.3441236008058426,subject_dependent,rbf_svm,,,0.5569444444444444,0.16666666666666666,0.25,0.21875,0.19444444444444442,0.25,0.25,0.7311507936507936,,,,
0.625,0.5555555555555555,"{""clf__C"": 10.0, ""clf__gamma"": 0.001}",,"[[2, 1, 0], [2, 0, 0], [0, 0, 3]]",valence,0.5238095238095238,0.625,0.5892857142857143,,,0,,,0.41463414634146345,1.197774351825548,0.42553224817349505,subject_dependent,rbf_svm,,,0.3715608465608466,0.5,0.625,0.5625,0.5555555555555555,0.625,0.625,0.3444444444444444,,,,
0.75,0.8,"{""clf__C"": 1.0, ""clf__gamma"": 0.001}",0.38337240759353997,"[[3, 0], [2, 3]]",valence,0.75,0.75,0.75,2,0.4,1,0,0.0,0.5294117647058824,,0.6,subject_dependent,rbf_svm,0.6,1.0,,0.8,0.75,0.85,0.8,0.75,0.75,,3,1.0,3,0.6
0.5,0.5,"{""clf__C"": 1.0, ""clf__gamma"": 0.001}",0.358337873855629,"[[3, 1, 0], [0, 0, 0], [3, 0, 1]]",valence,0.3333333333333333,0.5,0.5,,,2,,,0.11111111111111116,,0.1386750490563073,subject_dependent,rbf_svm,,,,0.5,0.5,0.75,0.3333333333333333,0.5,0.5,,,,,
0.5,0.3333333333333333,"{""clf__C"": 10.0, ""clf__gamma"": 0.001}",,"[[0, 0, 1], [2, 0, 1], [0, 0, 4]]",valence,0.26666666666666666,0.5,0.4,,,3,,,0.1578947368421053,1.2834013022703874,0.19867985355975656,subject_dependent,rbf_svm,,,0.6458333333333334,0.2222222222222222,0.5,0.3333333333333333,0.3333333333333333,0.5,0.5,0.6785714285714285,,,,
0.625,0.5,"{""clf__C"": 1.0, ""clf__gamma"": 0.001}",,"[[2, 0, 2], [1, 0, 0], [0, 0, 3]]",valence,0.44047619047619047,0.625,0.5669642857142857,,,4,,,0.3513513513513513,0.8744124311648672,0.38502677054341,subject_dependent,rbf_svm,,,0.6708333333333334,0.4222222222222222,0.625,0.5583333333333333,0.5,0.625,0.625,0.8214285714285715,,,,
0.5,0.4444444444444444,"{""clf__C"": 10.0, ""clf__gamma"": 0.001}",,"[[2, 0, 1], [2, 0, 0], [1, 0, 2]]",valence,0.38888888888888884,0.5,0.4375,,,0,,,0.19999999999999996,0.9917739696683975,0.2253744679276044,subject_dependent,rbf_svm,,,0.5476190476190476,0.35555555555555557,0.5,0.4,0.4444444444444444,0.5,0.5,0.638888888888889,,,,
0.625,0.625,"{""clf__C"": 10.0, ""clf__gamma"": 0.001}",0.4302500273302126,"[[2, 2, 0], [0, 0, 0], [1, 0, 3]]",valence,0.4761904761904761,0.625,0.7142857142857142,,,1,,,0.4,,0.4364357804719848,subject_dependent,rbf_svm,,,,0.5555555555555555,0.625,0.8333333333333333,0.4166666666666667,0.625,0.625,,,,,
0.625,0.625,"{""clf__C"": 1.0, ""clf__gamma"": 0.001}",0.35178242602149723,"[[3, 1, 0], [0, 0, 0], [1, 1, 2]]",valence,0.47222222222222215,0.625,0.7083333333333333,,,2,,,0.4,,0.4472135954999579,subject_dependent,rbf_svm,,,,0.5833333333333334,0.625,0.875,0.4166666666666667,0.625,0.625,,,,,
0.625,0.6666666666666666,"{""clf__C"": 10.0, ""clf__gamma"": 0.001}",,"[[3, 0, 0], [1, 0, 2], [0, 0, 2]]",valence,0.5079365079365079,0.625,0.488095238095238,,,3,,,0.4545454545454546,1.4514025971180629,0.545544725589981,subject_dependent,rbf_svm,,,0.6462962962962963,0.4166666666666667,0.625,0.40625,0.6666666666666666,0.625,0.625,0.7000000000000001,,,,
0.5,0.3611111111111111,"{""clf__C"": 1.0, ""clf__gamma"": 0.001}",,"[[3, 0, 1], [1, 0, 0], [2, 0, 1]]",valence,0.3333333333333333,0.5,0.45,,,4,,,0.05882352941176472,1.0017306633348848,0.06622661785325219,subject_dependent,rbf_svm,,,0.512962962962963,0.3333333333333333,0.5,0.4375,0.3611111111111111,0.5,0.5,0.6714285714285714,,,,
0.375,0.38888888888888884,"{""clf__C"": 1.0, ""clf__gamma"": 0.001}",,"[[0, 2, 1], [0, 2, 1], [1, 0, 1]]",valence,0.3238095238095238,0.375,0.3142857142857143,,,0,,,0.06976744186046513,1.239179554372165,0.07509392614826384,subject_dependent,rbf_svm,,,0.39999999999999997,0.27777777777777773,0.375,0.2708333333333333,0.38888888888888884,0.375,0.375,0.3444444444444445,,,,
0.25,0.3333333333333333,"{""clf__C"": 0.1, ""clf__gamma"": 0.001}",,"[[0, 0, 3], [0, 0, 3], [0, 0, 2]]",valence,0.13333333333333333,0.25,0.1,,,1,,,0.0,1.1144424475441368,0.0,subject_dependent,rbf_svm,,,0.39576719576719577,0.08333333333333333,0.25,0.0625,0.3333333333333333,0.25,0.25,0.3277777777777778,,,,
0.5,0.4166666666666667,"{""clf__C"": 1.0, ""clf__gamma"": 0.001}",,"[[0, 1, 1], [0, 3, 1], [0, 1, 1]]",valence,0.35555555555555557,0.5,0.43333333333333335,,,2,,,0.1578947368421053,1.2851663436329617,0.1732050807568877,subject_dependent,rbf_svm,,,0.45,0.3111111111111111,0.5,0.3833333333333333,0.4166666666666667,0.5,0.5,0.47916666666666674,,,,
0.125,0.06666666666666667,"{""clf__C"": 1.0, ""clf__gamma"": 0.001}",,"[[0, 1, 1], [0, 0, 1], [1, 3, 1]]",valence,0.08333333333333333,0.125,0.15625,,,3,,,-0.30232558139534893,1.508813911566309,-0.3616696746485272,subject_dependent,rbf_svm,,,0.33738095238095234,0.1111111111111111,0.125,0.20833333333333331,0.06666666666666667,0.125,0.125,0.17777777777777778,,,,
0.25,0.13333333333333333,"{""clf__C"": 10.0, ""clf__gamma"": 0.001}",,"[[0, 1, 1], [1, 2, 2], [1, 0, 0]]",valence,0.16666666666666666,0.25,0.3125,,,4,,,-0.1428571428571428,1.2064780510894715,-0.15877683720748895,subject_dependent,rbf_svm,,,0.36539682539682533,0.2222222222222222,0.25,0.41666666666666663,0.13333333333333333,0.25,0.25,0.40952380952380957,,,,
0.375,0.19999999999999998,"{""clf__C"": 10.0, ""clf__gamma"": 0.001}",,"[[0, 0, 2], [0, 0, 1], [2, 0, 3]]",valence,0.1818181818181818,0.375,0.3409090909090909,,,0,,,-0.33333333333333326,0.953735965710726,-0.3500700210070024,subject_dependent,rbf_svm,,,0.6388888888888888,0.16666666666666666,0.375,0.3125,0.19999999999999998,0.375,0.375,0.7063492063492064,,,,
0.375,0.3,"{""clf__C"": 1.0, ""clf__gamma"": 0.001}",0.5028631686889881,"[[0, 0, 0], [3, 0, 0], [2, 0, 3]]",valence,0.25,0.375,0.46875,,,1,,,0.18367346938775508,,0.3,subject_dependent,rbf_svm,,,,0.3333333333333333,0.375,0.625,0.19999999999999998,0.375,0.375,,,,,
0.375,0.3333333333333333,"{""clf__C"": 1.0, ""clf__gamma"": 0.001}",,"[[1, 0, 2], [1, 0, 1], [1, 0, 2]]",valence,0.27777777777777773,0.375,0.3125,,,2,,,0.0,1.0010588683383463,0.0,subject_dependent,rbf_svm,,,0.6148148148148148,0.24444444444444446,0.375,0.275,0.3333333333333333,0.375,0.375,0.7388888888888889,,,,
0.375,0.5,"{""clf__C"": 10.0, ""clf__gamma"": 0.001}",0.21614899428298856,"[[0, 1, 4], [0, 0, 0], [0, 0, 3]]",valence,0.19999999999999998,0.375,0.22499999999999998,,,3,,,0.06976744186046513,,0.14638501094227999,subject_dependent,rbf_svm,,,,0.14285714285714285,0.375,0.1607142857142857,0.3333333333333333,0.375,0.375,,,,,
0.375,0.3333333333333333,"{""clf__C"": 1.0, ""clf__gamma"": 0.01}",,"[[0, 0, 4], [0, 0, 1], [0, 0, 3]]",valence,0.1818181818181818,0.375,0.20454545454545453,,,4,,,0.0,1.0850811417611563,0.0,subject_dependent,rbf_svm,,,0.566137566137566,0.125,0.375,0.140625,0.3333333333333333,0.375,0.375,0.682142857142857,,,,
0.375,0.39999999999999997,"{""clf__C"": 10.0, ""clf__gamma"": 0.001}",,"[[2, 0, 0], [1, 1, 3], [1, 0, 0]]",valence,0.3333333333333333,0.375,0.375,,,0,,,0.16666666666666663,1.7447505154881608,0.2225659536298629,subject_dependent,rbf_svm,,,0.4797619047619048,0.5,0.375,0.75,0.39999999999999997,0.375,0.375,0.5261904761904762,,,,
0.625,0.7222222222222222,"{""clf__C"": 10.0, ""clf__gamma"": 0.001}",,"[[2, 0, 1], [0, 1, 0], [0, 2, 2]]",valence,0.6238095238095238,0.625,0.6482142857142857,,,1,,,0.4418604651162791,0.7810804454602471,0.47559486560567094,subject_dependent,rbf_svm,,,0.7513888888888888,0.6666666666666666,0.625,0.75,0.7222222222222222,0.625,0.625,0.8662698412698413,,,,
1.0,1.0,"{""clf__C"": 10.0, ""clf__gamma"": 0.001}",,"[[2, 0, 0], [0, 3, 0], [0, 0, 3]]",valence,1.0,1.0,1.0,,,2,,,1.0,0.5818859456362315,1.0,subject_dependent,rbf_svm,,,1.0,1.0,1.0,1.0,1.0,1.0,1.0,1.0,,,,
0.75,0.5833333333333334,"{""clf__C"": 10.0, ""clf__gamma"": 0.001}",,"[[0, 1, 0], [1, 3, 0], [0, 0, 3]]",valence,0.5833333333333334,0.75,0.75,,,3,,,0.5789473684210527,0.7833882124834597,0.5789473684210527,subject_dependent,rbf_svm,,,0.9642857142857143,0.5833333333333334,0.75,0.75,0.5833333333333334,0.75,0.75,0.9375,,,,
0.5,0.4444444444444444,"{""clf__C"": 10.0, ""clf__gamma"": 0.001}",,"[[1, 1, 1], [0, 0, 2], [0, 0, 3]]",valence,0.38888888888888884,0.5,0.4375,,,4,,,0.2195121951219512,1.0624439006829278,0.2723523897009611,subject_dependent,rbf_svm,,,0.6851851851851851,0.5,0.5,0.5625,0.4444444444444444,0.5,0.5,0.7777777777777777,,,,
0.25,0.27777777777777773,"{""clf__C"": 10.0, ""clf__gamma"": 0.001}",,"[[0, 1, 2], [0, 1, 2], [0, 1, 1]]",valence,0.20634920634920637,0.25,0.19642857142857142,,,0,,,-0.06666666666666665,1.2217543585301136,-0.08451542547285165,subject_dependent,rbf_svm,,,0.5383597883597884,0.17777777777777778,0.25,0.175,0.27777777777777773,0.25,0.25,0.5555555555555555,,,,
0.625,0.5833333333333334,"{""clf__C"": 10.0, ""clf__gamma"": 0.001}",,"[[0, 0, 2], [0, 2, 0], [0, 1, 3]]",valence,0.48888888888888893,0.625,0.5333333333333333,,,1,,,0.368421052631579,0.9053801282190009,0.404145188432738,subject_dependent,rbf_svm,,,0.7212301587301587,0.4222222222222222,0.625,0.4666666666666667,0.5833333333333334,0.625,0.625,0.8125,,,,
0.375,0.4666666666666666,"{""clf__C"": 1.0, ""clf__gamma"": 0.001}",,"[[0, 1, 1], [0, 1, 0], [0, 3, 2]]",valence,0.27777777777777773,0.375,0.3541666666666667,,,2,,,0.09090909090909094,1.141766376963664,0.1252448582170299,subject_dependent,rbf_svm,,,0.45515873015873015,0.2888888888888889,0.375,0.44166666666666665,0.4666666666666666,0.375,0.375,0.5325396825396825,,,,
0.5,0.3333333333333333,"{""clf__C"": 10.0, ""clf__gamma"": 0.001}",,"[[0, 0, 1], [0, 0, 3], [0, 0, 4]]",valence,0.2222222222222222,0.5,0.3333333333333333,,,3,,,0.0,1.0536675796251622,0.0,subject_dependent,rbf_svm,,,0.8994708994708995,0.16666666666666666,0.5,0.25,0.3333333333333333,0.5,0.5,0.8930555555555556,,,,
0.5,0.5,"{""clf__C"": 1.0, ""clf__gamma"": 0.001}",,"[[1, 1, 0], [0, 3, 0], [1, 2, 0]]",valence,0.38888888888888884,0.5,0.375,,,4,,,0.23809523809523814,1.0307336464702777,0.314970394174356,subject_dependent,rbf_svm,,,0.6268518518518519,0.3333333333333333,0.5,0.3125,0.5,0.5,0.5,0.6944444444444445,,,,
0.375,0.25,"{""clf__C"": 10.0, ""clf__gamma"": 0.001}",,"[[0, 3, 0], [0, 3, 1], [0, 1, 0]]",valence,0.1818181818181818,0.375,0.2727272727272727,,,0,,,-0.1428571428571428,1.115161184585165,-0.21677749238102997,subject_dependent,rbf_svm,,,0.5731481481481482,0.14285714285714285,0.375,0.21428571428571427,0.25,0.375,0.375,0.669047619047619,,,,
0.25,0.27777777777777773,"{""clf__C"": 10.0, ""clf__gamma"": 0.001}",,"[[1, 0, 1], [0, 1, 2], [1, 2, 0]]",valence,0.27777777777777773,0.25,0.25,,,1,,,-0.1428571428571428,1.1854693212324947,-0.14285714285714285,subject_dependent,rbf_svm,,,0.33280423280423277,0.27777777777777773,0.25,0.25,0.27777777777777773,0.25,0.25,0.3,,,,
0.25,0.3333333333333333,"{""clf__C"": 10.0, ""clf__gamma"": 0.001}",,"[[1, 1, 0], [1, 1, 0], [1, 3, 0]]",valence,0.22857142857142856,0.25,0.17142857142857143,,,2,,,0.0,1.1404850551775558,0.0,subject_dependent,rbf_svm,,,0.4448412698412698,0.17777777777777778,0.25,0.13333333333333333,0.3333333333333333,0.25,0.25,0.46527777777777785,,,,
0.375,0.4166666666666667,"{""clf__C"": 1.0, ""clf__gamma"": 0.001}",,"[[1, 1, 0], [1, 1, 2], [0, 1, 1]]",valence,0.3952380952380952,0.375,0.3678571428571429,,,3,,,0.04761904761904767,1.2876600472294482,0.048795003647426664,subject_dependent,rbf_svm,,,0.4295634920634921,0.38888888888888884,0.375,0.37499999999999994,0.4166666666666667,0.375,0.375,0.46527777777777785,,,,
0.25,0.2222222222222222,"{""clf__C"": 1.0, ""clf__gamma"": 0.001}",,"[[1, 2, 0], [1, 1, 1], [2, 0, 0]]",valence,0.20634920634920637,0.25,0.23214285714285715,,,4,,,-0.1707317073170731,1.1710792388965139,-0.17521916101261562,subject_dependent,rbf_svm,,,0.6092592592592592,0.19444444444444442,0.25,0.21875,0.2222222222222222,0.25,0.25,0.5944444444444444,,,,
0.5,0.3611111111111111,"{""clf__C"": 10.0, ""clf__gamma"": 0.001}",,"[[3, 0, 1], [1, 0, 0], [2, 0, 1]]",valence,0.3333333333333333,0.5,0.45,,,0,,,0.05882352941176472,1.591183646101538,0.06622661785325219,subject_dependent,rbf_svm,,,0.32314814814814813,0.3333333333333333,0.5,0.4375,0.3611111111111111,0.5,0.5,0.2646825396825397,,,,
0.375,0.3333333333333333,"{""clf__C"": 10.0, ""clf__gamma"": 0.001}",,"[[2, 1, 0], [2, 0, 0], [1, 1, 1]]",valence,0.3333333333333333,0.375,0.375,,,1,,,0.04761904761904767,1.0693099585235828,0.05292561240249631,subject_dependent,rbf_svm,,,0.6059523809523809,0.4666666666666666,0.375,0.525,0.3333333333333333,0.375,0.375,0.6111111111111112,,,,
0.375,0.38888888888888884,"{""clf__C"": 1.0, ""clf__gamma"": 0.001}",,"[[2, 1, 0], [0, 1, 1], [3, 0, 0]]",valence,0.3333333333333333,0.375,0.3125,,,2,,,0.04761904761904767,1.090754188014479,0.05292561240249631,subject_dependent,rbf_svm,,,0.4305555555555555,0.3,0.375,0.275,0.38888888888888884,0.375,0.375,0.48333333333333334,,,,
0.625,0.6666666666666666,"{""clf__C"": 1.0, ""clf__gamma"": 0.001}",,"[[3, 0, 0], [3, 0, 0], [0, 0, 2]]",valence,0.5555555555555555,0.625,0.5,,,3,,,0.4285714285714286,1.5149775189058956,0.5669467095138409,subject_dependent,rbf_svm,,,0.253042328042328,0.5,0.625,0.4375,0.6666666666666666,0.625,0.625,0.022222222222222216,,,,
0.125,0.16666666666666666,"{""clf__C"": 10.0, ""clf__gamma"": 0.001}",,"[[1, 0, 1], [1, 0, 2], [2, 1, 0]]",valence,0.1111111111111111,0.125,0.08333333333333333,,,4,,,-0.2727272727272727,1.2258880387680384,-0.30037570459305535,subject_dependent,rbf_svm,,,0.5152116402116402,0.08333333333333333,0.125,0.0625,0.16666666666666666,0.125,0.125,0.5222222222222221,,,,
0.5,0.5,"{""clf__C"": 10.0, ""clf__gamma"": 0.001}",,"[[2, 0, 2], [1, 1, 0], [0, 1, 1]]",valence,0.4904761904761905,0.5,0.5107142857142857,,,0,,,0.23809523809523814,1.2768186282825296,0.2439750182371333,subject_dependent,rbf_svm,,,0.5059523809523809,0.49999999999999994,0.5,0.5416666666666666,0.5,0.5,0.5,0.48611111111111116,,,,
0.5,0.38888888888888884,"{""clf__C"": 10.0, ""clf__gamma"": 0.001}",,"[[2, 1, 0], [1, 0, 0], [0, 2, 2]]",valence,0.4444444444444444,0.5,0.5833333333333333,,,1,,,0.2727272727272727,1.1872671443750846,0.30037570459305535,subject_dependent,rbf_svm,,,0.3193783068783069,0.5555555555555555,0.5,0.75,0.38888888888888884,0.5,0.5,0.22123015873015875,,,,
0.25,0.4166666666666667,"{""clf__C"": 10.0, ""clf__gamma"": 0.001}",,"[[0, 2, 1], [0, 1, 0], [2, 1, 1]]",valence,0.24444444444444446,0.25,0.21666666666666667,,,2,,,-0.04347826086956519,1.2732413446999864,-0.051298917604257706,subject_dependent,rbf_svm,,,0.4128306878306878,0.25,0.25,0.28125,0.4166666666666667,0.25,0.25,0.39345238095238094,,,,
0.5,0.5833333333333334,"{""clf__C"": 10.0, ""clf__gamma"": 0.001}",,"[[2, 0, 0], [1, 1, 2], [1, 0, 1]]",valence,0.48888888888888893,0.5,0.4666666666666667,,,3,,,0.30434782608695654,1.2893880852995516,0.35909242322980395,subject_dependent,rbf_svm,,,0.3952380952380952,0.611111111111111,0.5,0.7083333333333334,0.5833333333333334,0.5,0.5,0.3541666666666667,,,,
0.25,0.2222222222222222,"{""clf__C"": 10.0, ""clf__gamma"": 0.001}",,"[[2, 1, 0], [3, 0, 1], [0, 1, 0]]",valence,0.16666666666666666,0.25,0.1875,,,4,,,-0.19999999999999996,1.256235848346154,-0.2225659536298629,subject_dependent,rbf_svm,,,0.3351851851851852,0.13333333333333333,0.25,0.15000000000000002,0.2222222222222222,0.25,0.25,0.33730158730158727,,,,
0.375,0.3333333333333333,"{""clf__C"": 1.0, ""clf__gamma"": 0.001}",,"[[0, 1, 1], [0, 2, 2], [1, 0, 1]]",valence,0.30158730158730157,0.375,0.369047619047619,,,0,,,0.04761904761904767,1.2840483246846675,0.051298917604257706,subject_dependent,rbf_svm,,,0.398015873015873,0.3055555555555555,0.375,0.3958333333333333,0.3333333333333333,0.375,0.375,0.4583333333333333,,,,
0.5,0.3666666666666667,"{""clf__C"": 10.0, ""clf__gamma"": 0.001}",,"[[0, 0, 1], [0, 1, 1], [0, 2, 3]]",valence,0.3333333333333333,0.5,0.475,,,1,,,0.030303030303030276,1.172952167376152,0.03131121455425748,subject_dependent,rbf_svm,,,0.5027777777777778,0.3111111111111111,0.5,0.4583333333333333,0.3666666666666667,0.5,0.5,0.3976190476190476,,,,
0.5,0.38888888888888884,"{""clf__C"": 10.0, ""clf__gamma"": 0.001}",,"[[0, 0, 1], [1, 2, 0], [0, 2, 2]]",valence,0.38095238095238093,0.5,0.5,,,2,,,0.17948717948717952,1.0008112242329965,0.18421052631578946,subject_dependent,rbf_svm,,,0.631084656084656,0.38888888888888884,0.5,0.5208333333333333,0.38888888888888884,0.5,0.5,0.5694444444444444,,,,
0.5,0.3333333333333333,"{""clf__C"": 10.0, ""clf__gamma"": 0.001}",,"[[0, 1, 1], [0, 0, 2], [0, 0, 4]]",valence,0.24242424242424243,0.5,0.36363636363636365,,,3,,,0.05882352941176472,0.8868827678455669,0.08451542547285165,subject_dependent,rbf_svm,,,0.6777777777777777,0.19047619047619047,0.5,0.2857142857142857,0.3333333333333333,0.5,0.5,0.8333333333333334,,,,
0.375,0.3333333333333333,"{""clf__C"": 1.0, ""clf__gamma"": 0.1}",,"[[0, 0, 1], [0, 0, 4], [0, 0, 3]]",valence,0.1818181818181818,0.375,0.20454545454545453,,,4,,,0.0,1.0080570827383766,0.0,subject_dependent,rbf_svm,,,0.3333333333333333,0.125,0.375,0.140625,0.3333333333333333,0.375,0.375,0.5,,,,
0.25,0.3333333333333333,"{""clf__C"": 1.0, ""clf__gamma"": 0.001}",,"[[2, 0, 0], [1, 0, 4], [0, 1, 0]]",valence,0.26666666666666666,0.25,0.2,,,0,,,0.020408163265306145,1.1106867724910758,0.027820744203732862,subject_dependent,rbf_svm,,,0.5041269841269841,0.2222222222222222,0.25,0.16666666666666666,0.3333333333333333,0.25,0.25,0.5634920634920636,,,,
0.5,0.5555555555555555,"{""clf__C"": 1.0, ""clf__gamma"": 0.001}",,"[[2, 0, 0], [1, 2, 0], [0, 3, 0]]",valence,0.43333333333333335,0.5,0.3875,,,1,,,0.2558139534883721,1.5389033181989227,0.3098898934004561,subject_dependent,rbf_svm,,,0.47632275132275126,0.35555555555555557,0.5,0.31666666666666665,0.5555555555555555,0.5,0.5,0.38888888888888884,,,,
0.25,0.3333333333333333,"{""clf__C"": 1.0, ""clf__gamma"": 0.001}",,"[[1, 1, 0], [1, 1, 0], [0, 4, 0]]",valence,0.25,0.25,0.1875,,,2,,,0.0,1.272365900649109,0.0,subject_dependent,rbf_svm,,,0.6749999999999999,0.2222222222222222,0.25,0.16666666666666666,0.3333333333333333,0.25,0.25,0.625,,,,
0.5,0.38888888888888884,"{""clf__C"": 10.0, ""clf__gamma"": 0.001}",,"[[2, 0, 1], [1, 2, 1], [0, 1, 0]]",valence,0.41269841269841273,0.5,0.5357142857142857,,,3,,,0.2195121951219512,1.0161372509222244,0.2252817784447915,subject_dependent,rbf_svm,,,0.4435185185185186,0.4444444444444444,0.5,0.5833333333333333,0.38888888888888884,0.5,0.5,0.5585317460317459,,,,
0.125,0.16666666666666666,"{""clf__C"": 10.0, ""clf__gamma"": 0.001}",,"[[1, 1, 0], [1, 0, 3], [1, 1, 0]]",valence,0.13333333333333333,0.125,0.1,,,4,,,-0.2727272727272727,1.4936006356615013,-0.29277002188455997,subject_dependent,rbf_svm,,,0.5257936507936508,0.1111111111111111,0.125,0.08333333333333333,0.16666666666666666,0.125,0.125,0.5555555555555555,,,,
0.5,0.5,"{""clf__C"": 10.0, ""clf__gamma"": 0.001}",,"[[2, 1, 0], [2, 1, 0], [0, 1, 1]]",valence,0.5238095238095237,0.5,0.5059523809523809,,,0,,,0.2195121951219512,1.288238876341915,0.2252817784447915,subject_dependent,rbf_svm,,,0.3596560846560846,0.611111111111111,0.5,0.5625,0.5,0.5,0.5,0.3444444444444444,,,,
0.5,0.4444444444444444,"{""clf__C"": 10.0, ""clf__gamma"": 0.001}",,"[[2, 1, 0], [2, 0, 0], [0, 1, 2]]",valence,0.45714285714285713,0.5,0.5142857142857143,,,1,,,0.23809523809523814,1.0429477286305278,0.2439750182371333,subject_dependent,rbf_svm,,,0.8346560846560847,0.5,0.5,0.5625,0.4444444444444444,0.5,0.5,0.8444444444444444,,,,
0.375,0.5277777777777778,"{""clf__C"": 10.0, ""clf__gamma"": 0.001}",,"[[1, 3, 0], [0, 1, 0], [2, 0, 1]]",valence,0.3952380952380952,0.375,0.38035714285714284,,,2,,,0.11111111111111116,1.090370406167707,0.13157894736842105,subject_dependent,rbf_svm,,,0.5763888888888888,0.5277777777777778,0.375,0.5729166666666666,0.5277777777777778,0.375,0.375,0.6658730158730158,,,,
0.25,0.27777777777777773,"{""clf__C"": 0.1, ""clf__gamma"": 0.001}",,"[[0, 2, 1], [0, 1, 2], [0, 1, 1]]",valence,0.20634920634920637,0.25,0.19047619047619047,,,3,,,-0.09090909090909083,1.2250657547028172,-0.1091089451179962,subject_dependent,rbf_svm,,,0.5087301587301587,0.16666666666666666,0.25,0.15625,0.27777777777777773,0.25,0.25,0.6333333333333333,,,,
0.125,0.16666666666666666,"{""clf__C"": 1.0, ""clf__gamma"": 0.001}",,"[[0, 0, 2], [3, 0, 1], [1, 0, 1]]",valence,0.1111111111111111,0.125,0.08333333333333333,,,4,,,-0.16666666666666674,1.3153194197607565,-0.22360679774997896,subject_dependent,rbf_svm,,,0.3361111111111111,0.08333333333333333,0.125,0.0625,0.16666666666666666,0.125,0.125,0.3125,,,,
0.375,0.3333333333333333,"{""clf__C"": 10.0, ""clf__gamma"": 0.001}",,"[[3, 0, 0], [2, 0, 0], [2, 1, 0]]",valence,0.19999999999999998,0.375,0.22499999999999998,,,0,,,0.024390243902439046,1.012852947705458,0.041239304942116126,subject_dependent,rbf_svm,,,0.7564814814814814,0.14285714285714285,0.375,0.1607142857142857,0.3333333333333333,0.375,0.375,0.7555555555555555,,,,
0.25,0.13333333333333333,"{""clf__C"": 10.0, ""clf__gamma"": 0.001}",,"[[0, 0, 2], [1, 0, 0], [3, 0, 2]]",valence,0.14814814814814814,0.25,0.2777777777777778,,,1,,,-0.33333333333333326,0.9637197423968966,-0.36380343755449945,subject_dependent,rbf_svm,,,0.520952380952381,0.16666666666666666,0.25,0.3125,0.13333333333333333,0.25,0.25,0.5968253968253969,,,,
0.625,0.4444444444444444,"{""clf__C"": 1.0, ""clf__gamma"": 0.001}",,"[[1, 1, 1], [1, 0, 0], [0, 0, 4]]",valence,0.4296296296296296,0.625,0.5944444444444444,,,2,,,0.3513513513513513,1.1019800501465782,0.3616696746485272,subject_dependent,rbf_svm,,,0.4342592592592592,0.43333333333333335,0.625,0.5875,0.4444444444444444,0.625,0.625,0.48313492063492064,,,,
0.5,0.4444444444444444,"{""clf__C"": 10.0, ""clf__gamma"": 0.001}",,"[[0, 1, 1], [0, 1, 2], [0, 0, 3]]",valence,0.35555555555555557,0.5,0.4,,,3,,,0.19999999999999996,1.0488353697722648,0.2519763153394848,subject_dependent,rbf_svm,,,0.6772486772486772,0.3333333333333333,0.5,0.375,0.4444444444444444,0.5,0.5,0.7666666666666666,,,,
0.25,0.2222222222222222,"{""clf__C"": 10.0, ""clf__gamma"": 0.001}",,"[[0, 2, 0], [2, 1, 0], [2, 0, 1]]",valence,0.27777777777777773,0.25,0.3125,,,4,,,-0.09090909090909083,1.2119268077235423,-0.10012523486435178,subject_dependent,rbf_svm,,,0.5509259259259259,0.4444444444444444,0.25,0.5,0.2222222222222222,0.25,0.25,0.6,,,,
0.375,0.3,"{""clf__C"": 10.0, ""clf__gamma"": 0.001}",,"[[0, 0, 1], [0, 2, 3], [0, 1, 1]]",valence,0.2619047619047619,0.375,0.3839285714285714,,,0,,,-0.02564102564102555,1.0714434919534717,-0.03131121455425748,subject_dependent,rbf_svm,,,0.688888888888889,0.2888888888888889,0.375,0.4666666666666666,0.3,0.375,0.375,0.6777777777777777,,,,
0.625,0.6,"{""clf__C"": 1.0, ""clf__gamma"": 0.001}",,"[[0, 2, 0], [0, 1, 0], [0, 1, 4]]",valence,0.4296296296296296,0.625,0.6055555555555556,,,1,,,0.4,1.1060032586031454,0.48507125007266594,subject_dependent,rbf_svm,,,0.4953174603174603,0.4166666666666667,0.625,0.65625,0.6,0.625,0.625,0.42301587301587307,,,,
0.5,0.3666666666666667,"{""clf__C"": 10.0, ""clf__gamma"": 0.001}",,"[[0, 1, 0], [0, 1, 1], [0, 2, 3]]",valence,0.3333333333333333,0.5,0.49999999999999994,,,2,,,0.11111111111111116,0.9244053426974214,0.12126781251816648,subject_dependent,rbf_svm,,,0.4435714285714285,0.3333333333333333,0.5,0.53125,0.3666666666666667,0.5,0.5,0.526984126984127,,,,
0.375,0.3333333333333333,"{""clf__C"": 1.0, ""clf__gamma"": 0.01}",,"[[0, 0, 1], [0, 0, 4], [0, 0, 3]]",valence,0.1818181818181818,0.375,0.20454545454545453,,,3,,,0.0,0.9934871059584467,0.0,subject_dependent,rbf_svm,,,0.7518518518518519,0.125,0.375,0.140625,0.3333333333333333,0.375,0.375,0.725,,,,
0.5,0.5,"{""clf__C"": 1.0, ""clf__gamma"": 0.1}",0.26077486795745985,"[[0, 4], [0, 4]]",valence,0.3333333333333333,0.5,0.3333333333333333,0,0.0,4,4,1.0,0.0,,0.0,subject_dependent,rbf_svm,0.0,0.5,,0.25,0.5,0.25,0.5,0.5,0.5,,0,0.0,4,1.0
0.125,0.08333333333333333,"{""clf__C"": 1.0, ""clf__gamma"": 0.001}",,"[[0, 0, 2], [1, 0, 1], [3, 0, 1]]",valence,0.08333333333333333,0.125,0.125,,,0,,,-0.3999999999999999,1.0057622826903874,-0.4472135954999579,subject_dependent,rbf_svm,,,0.6722222222222222,0.08333333333333333,0.125,0.125,0.08333333333333333,0.125,0.125,0.7222222222222223,,,,
0.375,0.3333333333333333,"{""clf__C"": 10.0, ""clf__gamma"": 0.01}",,"[[0, 0, 2], [0, 0, 3], [0, 0, 3]]",valence,0.1818181818181818,0.375,0.20454545454545453,,,1,,,0.0,1.2153915654478324,0.0,subject_dependent,rbf_svm,,,0.6805555555555555,0.125,0.375,0.140625,0.3333333333333333,0.375,0.375,0.7222222222222223,,,,
0.5,0.5,"{""clf__C"": 1.0, ""clf__gamma"": 0.1}",0.3062885774927355,"[[0, 4], [0, 4]]",valence,0.3333333333333333,0.5,0.3333333333333333,0,0.0,2,4,1.0,0.0,,0.0,subject_dependent,rbf_svm,0.0,0.5,,0.25,0.5,0.25,0.5,0.5,0.5,,0,0.0,4,1.0
0.25,0.3333333333333333,"{""clf__C"": 1.0, ""clf__gamma"": 0.1}",,"[[2, 0, 0], [3, 0, 0], [3, 0, 0]]",valence,0.13333333333333333,0.25,0.1,,,3,,,0.0,1.298027253335818,0.0,subject_dependent,rbf_svm,,,0.3333333333333333,0.08333333333333333,0.25,0.0625,0.3333333333333333,0.25,0.25,0.5,,,,
0.375,0.43333333333333335,"{""clf__C"": 1.0, ""clf__gamma"": 0.001}",0.34910530743502144,"[[2, 0, 1], [0, 0, 0], [3, 1, 1]]",valence,0.2619047619047619,0.375,0.36607142857142855,,,4,,,-0.02564102564102555,,-0.03131121455425748,subject_dependent,rbf_svm,,,,0.3,0.375,0.4625,0.2888888888888889,0.375,0.375,,,,,
0.625,0.5555555555555555,"{""clf__C"": 1.0, ""clf__gamma"": 0.001}",,"[[3, 0, 0], [0, 2, 1], [0, 2, 0]]",valence,0.5238095238095238,0.625,0.5892857142857143,,,0,,,0.41463414634146345,1.545348960899191,0.42553224817349505,subject_dependent,rbf_svm,,,0.380026455026455,0.5,0.625,0.5625,0.5555555555555555,0.625,0.625,0.39999999999999997,,,,
0.375,0.375,"{""clf__C"": 10.0, ""clf__gamma"": 0.001}",0.41850508475675224,"[[0, 0, 0], [2, 1, 1], [0, 2, 2]]",valence,0.2857142857142857,0.375,0.42857142857142855,,,1,,,0.0,,0.0,subject_dependent,rbf_svm,,,,0.3333333333333333,0.375,0.5,0.25,0.375,0.375,,,,,
0.125,0.3333333333333333,"{""clf__C"": 1.0, ""clf__gamma"": 0.001}",,"[[0, 2, 2], [0, 1, 0], [1, 2, 0]]",valence,0.1111111111111111,0.125,0.041666666666666664,,,2,,,-0.1428571428571428,1.1601325872219426,-0.19474520942613002,subject_dependent,rbf_svm,,,0.35793650793650794,0.06666666666666667,0.125,0.025,0.3333333333333333,0.125,0.125,0.4071428571428572,,,,
0.125,0.08333333333333333,"{""clf__C"": 1.0, ""clf__gamma"": 0.001}",,"[[0, 1, 0], [1, 1, 2], [2, 1, 0]]",valence,0.09523809523809523,0.125,0.14285714285714285,,,3,,,-0.30232558139534893,1.0667553753210794,-0.3254070133091433,subject_dependent,rbf_svm,,,0.5097222222222222,0.1111111111111111,0.125,0.16666666666666666,0.08333333333333333,0.125,0.125,0.5035714285714286,,,,
0.125,0.16666666666666666,"{""clf__C"": 10.0, ""clf__gamma"": 0.001}",,"[[0, 4, 0], [0, 0, 2], [0, 1, 1]]",valence,0.13333333333333333,0.125,0.1,,,4,,,-0.16666666666666674,1.2023440983433766,-0.23094010767585027,subject_dependent,rbf_svm,,,0.5785714285714286,0.1111111111111111,0.125,0.08333333333333333,0.16666666666666666,0.125,0.125,0.5416666666666666,,,,
0.625,0.3333333333333333,"{""clf__C"": 0.1, ""clf__gamma"": 0.1}",,"[[0, 2, 0], [0, 5, 0], [0, 1, 0]]",valence,0.25641025641025644,0.625,0.4807692307692308,,,0,,,0.0,1.316410107081212,0.0,subject_dependent,rbf_svm,,,0.3333333333333333,0.20833333333333334,0.625,0.390625,0.3333333333333333,0.625,0.625,0.5,,,,
0.25,0.2222222222222222,"{""clf__C"": 10.0, ""clf__gamma"": 0.001}",,"[[0, 1, 0], [1, 2, 0], [1, 3, 0]]",valence,0.14814814814814814,0.25,0.16666666666666666,,,1,,,-0.09090909090909083,1.6440811889351696,-0.13245323570650439,subject_dependent,rbf_svm,,,0.4371031746031746,0.1111111111111111,0.25,0.125,0.2222222222222222,0.25,0.25,0.45436507936507936,,,,
0.25,0.19444444444444442,"{""clf__C"": 10.0, ""clf__gamma"": 0.001}",,"[[1, 2, 0], [2, 1, 1], [0, 1, 0]]",valence,0.19444444444444442,0.25,0.25,,,2,,,-0.26315789473684204,1.4125129515127481,-0.2631578947368421,subject_dependent,rbf_svm,,,0.46428571428571436,0.19444444444444442,0.25,0.25,0.19444444444444442,0.25,0.25,0.46051587301587293,,,,
0.25,0.27777777777777773,"{""clf__C"": 10.0, ""clf__gamma"": 0.001}",,"[[1, 2, 0], [0, 1, 1], [0, 3, 0]]",valence,0.25,0.25,0.25,,,3,,,-0.04347826086956519,1.7932464336282479,-0.060522753266880246,subject_dependent,rbf_svm,,,0.515079365079365,0.3888888888888889,0.25,0.4166666666666667,0.27777777777777773,0.25,0.25,0.38888888888888884,,,,
0.25,0.2,"{""clf__C"": 10.0, ""clf__gamma"": 0.001}",0.2123488880231172,"[[0, 3, 0], [1, 2, 2], [0, 0, 0]]",valence,0.13333333333333333,0.25,0.25,,,4,,,-0.33333333333333326,,-0.3757345746510897,subject_dependent,rbf_svm,,,,0.13333333333333333,0.25,0.25,0.13333333333333333,0.25,0.25,,,,,
0.375,0.16666666666666666,"{""clf__C"": 10.0, ""clf__gamma"": 0.001}",,"[[0, 1, 0], [1, 3, 2], [0, 1, 0]]",valence,0.1818181818181818,0.375,0.40909090909090906,,,0,,,-0.29032258064516125,0.7638587274580891,-0.3027027572983406,subject_dependent,rbf_svm,,,0.548941798941799,0.19999999999999998,0.375,0.44999999999999996,0.16666666666666666,0.375,0.375,0.6626984126984127,,,,
0.5,0.49999999999999994,"{""clf__C"": 10.0, ""clf__gamma"": 0.001}",,"[[1, 1, 0], [0, 2, 1], [0, 2, 1]]",valence,0.5222222222222221,0.5,0.5041666666666667,,,1,,,0.2195121951219512,0.9424845521513547,0.2381652558112334,subject_dependent,rbf_svm,,,0.6925925925925926,0.6333333333333333,0.5,0.5875,0.49999999999999994,0.5,0.5,0.7111111111111111,,,,
0.625,0.6666666666666666,"{""clf__C"": 10.0, ""clf__gamma"": 0.001}",,"[[2, 0, 0], [0, 2, 1], [0, 2, 1]]",valence,0.6571428571428571,0.625,0.6142857142857143,,,2,,,0.4285714285714286,0.9224208622007213,0.43915503282683993,subject_dependent,rbf_svm,,,0.7518518518518519,0.6666666666666666,0.625,0.625,0.6666666666666666,0.625,0.625,0.7999999999999999,,,,
0.375,0.39999999999999997,"{""clf__C"": 1.0, ""clf__gamma"": 0.001}",,"[[2, 0, 0], [0, 1, 4], [0, 1, 0]]",valence,0.42857142857142855,0.375,0.42857142857142855,,,3,,,0.13043478260869568,1.1152231033408495,0.16269784336399212,subject_dependent,rbf_svm,,,0.3444444444444444,0.5,0.375,0.5625,0.39999999999999997,0.375,0.375,0.26666666666666666,,,,
0.5,0.4,"{""clf__C"": 10.0, ""clf__gamma"": 0.001}",0.27077620908147426,"[[4, 1], [3, 0]]",valence,0.3333333333333333,0.5,0.41666666666666663,3,1.0,4,1,0.2,-0.23076923076923084,,-0.29277002188455997,subject_dependent,rbf_svm,0.5714285714285714,0.0,,0.2857142857142857,0.5,0.3571428571428571,0.4,0.5,0.5,,4,0.8,0,0.0
0.25,0.16666666666666666,"{""clf__C"": 10.0, ""clf__gamma"": 0.001}",,"[[0, 0, 1], [0, 2, 2], [0, 3, 0]]",valence,0.14814814814814814,0.25,0.2222222222222222,,,0,,,-0.37142857142857144,1.0202447629067994,-0.38502677054341,subject_dependent,rbf_svm,,,0.44490740740740736,0.13333333333333333,0.25,0.2,0.16666666666666666,0.25,0.25,0.42440476190476195,,,,
0.375,0.3333333333333333,"{""clf__C"": 10.0, ""clf__gamma"": 0.001}",,"[[0, 1, 0], [0, 3, 0], [0, 4, 0]]",valence,0.1818181818181818,0.375,0.20454545454545453,,,1,,,0.0,1.0071413042461757,0.0,subject_dependent,rbf_svm,,,0.6032407407407407,0.125,0.375,0.140625,0.3333333333333333,0.375,0.375,0.6535714285714286,,,,
0.125,0.3333333333333333,"{""clf__C"": 1.0, ""clf__gamma"": 0.01}",,"[[0, 2, 0], [0, 1, 0], [0, 5, 0]]",valence,0.07407407407407407,0.125,0.027777777777777776,,,2,,,0.0,1.171412216413391,0.0,subject_dependent,rbf_svm,,,0.3253174603174603,0.041666666666666664,0.125,0.015625,0.3333333333333333,0.125,0.125,0.22777777777777777,,,,
0.5,0.3611111111111111,"{""clf__C"": 10.0, ""clf__gamma"": 0.001}",,"[[0, 0, 1], [0, 3, 1], [0, 2, 1]]",valence,0.3333333333333333,0.5,0.4583333333333333,,,3,,,0.08571428571428574,0.9452099906074092,0.08885233166386385,subject_dependent,rbf_svm,,,0.5300925925925926,0.3111111111111111,0.5,0.425,0.3611111111111111,0.5,0.5,0.6450396825396826,,,,
0.375,0.25,"{""clf__C"": 10.0, ""clf__gamma"": 0.001}",0.26520142210948433,"[[0, 0, 0], [0, 3, 3], [2, 0, 0]]",valence,0.2222222222222222,0.375,0.5,,,4,,,0.0,,0.0,subject_dependent,rbf_svm,,,,0.3333333333333333,0.375,0.75,0.16666666666666666,0.375,0.375,,,,,
0.5,0.26666666666666666,"{""clf__C"": 1.0, ""clf__gamma"": 0.001}",,"[[0, 0, 2], [1, 0, 0], [1, 0, 4]]",arousal,0.24242424242424243,0.5,0.4545454545454546,,,0,,,-0.06666666666666665,0.9965581298117604,-0.07001400420140048,subject_dependent,rbf_svm,,,0.48055555555555557,0.2222222222222222,0.5,0.41666666666666663,0.26666666666666666,0.5,0.5,0.5682539682539683,,,,
0.625,0.4444444444444444,"{""clf__C"": 10.0, ""clf__gamma"": 0.001}",,"[[1, 0, 2], [0, 0, 1], [0, 0, 4]]",arousal,0.4090909090909091,0.625,0.5511363636363636,,,1,,,0.2727272727272727,1.0356000663364195,0.390199486285854,subject_dependent,rbf_svm,,,0.585515873015873,0.5238095238095238,0.625,0.6607142857142857,0.4444444444444444,0.625,0.625,0.5628968253968254,,,,
0.625,0.7,"{""clf__C"": 1.0, ""clf__gamma"": 0.001}",0.32298707738852317,"[[2, 3], [0, 3]]",arousal,0.6190476190476191,0.625,0.6071428571428571,0,0.0,2,3,0.6,0.33333333333333337,,0.4472135954999579,subject_dependent,rbf_svm,1.0,0.5,,0.75,0.625,0.8125,0.7,0.625,0.625,,2,0.4,3,1.0
0.5,0.4,"{""clf__C"": 1.0, ""clf__gamma"": 0.001}",0.5350596184230427,"[[0, 3], [1, 4]]",arousal,0.3333333333333333,0.5,0.41666666666666663,1,0.2,3,3,1.0,-0.23076923076923084,,-0.29277002188455997,subject_dependent,rbf_svm,0.0,0.5714285714285714,,0.2857142857142857,0.5,0.3571428571428571,0.4,0.5,0.5,,0,0.0,4,0.8
0.5,0.3333333333333333,"{""clf__C"": 1.0, ""clf__gamma"": 0.001}",0.6405156880463373,"[[0, 2], [2, 4]]",arousal,0.3333333333333333,0.5,0.5,2,0.3333333333333333,4,2,1.0,-0.33333333333333326,,-0.3333333333333333,subject_dependent,rbf_svm,0.0,0.6666666666666666,,0.3333333333333333,0.5,0.5,0.3333333333333333,0.5,0.5,,0,0.0,4,0.6666666666666666
0.375,0.3666666666666667,"{""clf__C"": 1.0, ""clf__gamma"": 0.001}",0.3405186707796117,"[[1, 2], [3, 2]]",arousal,0.36507936507936506,0.375,0.38492063492063494,3,0.6,0,2,0.6666666666666666,-0.25,,-0.2581988897471611,subject_dependent,rbf_svm,0.25,0.5,,0.375,0.375,0.40625,0.3666666666666667,0.375,0.375,,1,0.3333333333333333,2,0.4
0.625,0.5666666666666667,"{""clf__C"": 1.0, ""clf__gamma"": 0.001}",0.296045014495242,"[[1, 2], [1, 4]]",arousal,0.5636363636363637,0.625,0.6045454545454546,1,0.2,1,2,0.6666666666666666,0.1428571428571429,,0.14907119849998599,subject_dependent,rbf_svm,0.5,0.6666666666666666,,0.5833333333333333,0.625,0.6041666666666666,0.5666666666666667,0.625,0.625,,1,0.3333333333333333,4,0.8
0.375,0.27777777777777773,"{""clf__C"": 1.0, ""clf__gamma"": 0.001}",,"[[0, 0, 1], [1, 1, 1], [1, 1, 2]]",arousal,0.3,0.375,0.4,,,2,,,0.0,1.534752766309584,0.0,subject_dependent,rbf_svm,,,0.40972222222222215,0.3333333333333333,0.375,0.4375,0.27777777777777773,0.375,0.375,0.46369047619047615,,,,
0.375,0.3333333333333333,"{""clf__C"": 1.0, ""clf__gamma"": 0.01}",,"[[0, 0, 3], [0, 0, 2], [0, 0, 3]]",arousal,0.1818181818181818,0.375,0.20454545454545453,,,3,,,0.0,1.1664960693334723,0.0,subject_dependent,rbf_svm,,,0.3812169312169312,0.125,0.375,0.140625,0.3333333333333333,0.375,0.375,0.28333333333333327,,,,
0.25,0.27777777777777773,"{""clf__C"": 1.0, ""clf__gamma"": 0.001}",,"[[1, 0, 2], [2, 0, 1], [1, 0, 1]]",arousal,0.20634920634920637,0.25,0.19047619047619047,,,4,,,-0.09090909090909083,1.3516759743580034,-0.1091089451179962,subject_dependent,rbf_svm,,,0.37394179894179896,0.16666666666666666,0.25,0.15625,0.27777777777777773,0.25,0.25,0.36666666666666664,,,,
0.5,0.5,"{""clf__C"": 1.0, ""clf__gamma"": 0.001}",0.2876815478193101,"[[2, 2], [2, 2]]",arousal,0.5,0.5,0.5,2,0.5,0,2,0.5,0.0,,0.0,subject_dependent,rbf_svm,0.5,0.5,,0.5,0.5,0.5,0.5,0.5,0.5,,2,0.5,2,0.5
0.625,0.5555555555555555,"{""clf__C"": 1.0, ""clf__gamma"": 0.001}",,"[[3, 0, 0], [1, 2, 0], [0, 2, 0]]",arousal,0.4761904761904761,0.625,0.5357142857142857,,,1,,,0.4,1.5406905133924158,0.4364357804719848,subject_dependent,rbf_svm,,,0.2812169312169312,0.4166666666666667,0.625,0.46875,0.5555555555555555,0.625,0.625,0.14444444444444443,,,,
0.625,0.5666666666666667,"{""clf__C"": 1.0, ""clf__gamma"": 0.001}",0.32710431458843725,"[[4, 1, 0], [1, 1, 1], [0, 0, 0]]",arousal,0.4000000000000001,0.625,0.65,,,2,,,0.2727272727272727,,0.28180093098831727,subject_dependent,rbf_svm,,,,0.43333333333333335,0.625,0.6875,0.37777777777777777,0.625,0.625,,,,,
0.625,0.7999999999999999,"{""clf__C"": 1.0, ""clf__gamma"": 0.001}",,"[[2, 3, 0], [0, 2, 0], [0, 0, 1]]",arousal,0.7142857142857143,0.625,0.625,,,3,,,0.4418604651162791,1.1417617113160854,0.5588235294117647,subject_dependent,rbf_svm,,,0.4336507936507936,0.7999999999999999,0.625,0.85,0.7999999999999999,0.625,0.625,0.35000000000000003,,,,
0.625,0.4444444444444444,"{""clf__C"": 1.0, ""clf__gamma"": 0.001}",,"[[1, 2, 0], [0, 4, 0], [0, 1, 0]]",arousal,0.4090909090909091,0.625,0.5511363636363636,,,4,,,0.2727272727272727,1.1243044474516282,0.390199486285854,subject_dependent,rbf_svm,,,0.3896825396825397,0.5238095238095238,0.625,0.6607142857142857,0.4444444444444444,0.625,0.625,0.3359126984126984,,,,
0.125,0.1111111111111111,"{""clf__C"": 10.0, ""clf__gamma"": 0.001}",,"[[1, 2, 0], [1, 0, 1], [2, 1, 0]]",arousal,0.09523809523809523,0.125,0.10714285714285714,,,0,,,-0.30232558139534893,1.4271326929883137,-0.3254070133091433,subject_dependent,rbf_svm,,,0.5291005291005292,0.08333333333333333,0.125,0.09375,0.1111111111111111,0.125,0.125,0.5222222222222221,,,,
0.25,0.3333333333333333,"{""clf__C"": 1.0, ""clf__gamma"": 0.01}",,"[[2, 0, 0], [4, 0, 0], [2, 0, 0]]",arousal,0.13333333333333333,0.25,0.1,,,1,,,0.0,1.2580740516843154,0.0,subject_dependent,rbf_svm,,,0.5916666666666667,0.08333333333333333,0.25,0.0625,0.3333333333333333,0.25,0.25,0.6805555555555557,,,,
0.125,0.16666666666666666,"{""clf__C"": 1.0, ""clf__gamma"": 0.001}",,"[[0, 1, 3], [0, 1, 1], [1, 1, 0]]",arousal,0.13333333333333333,0.125,0.1,,,2,,,-0.21739130434782616,0.958955573286723,-0.25649458802128855,subject_dependent,rbf_svm,,,0.5615079365079365,0.1111111111111111,0.125,0.08333333333333333,0.16666666666666666,0.125,0.125,0.6597222222222223,,,,
0.5,0.3333333333333333,"{""clf__C"": 1.0, ""clf__gamma"": 0.1}",,"[[4, 0, 0], [1, 0, 0], [3, 0, 0]]",arousal,0.2222222222222222,0.5,0.3333333333333333,,,3,,,0.0,1.0541408403146844,0.0,subject_dependent,rbf_svm,,,0.3333333333333333,0.16666666666666666,0.5,0.25,0.3333333333333333,0.5,0.5,0.5,,,,
0.0,0.0,"{""clf__C"": 1.0, ""clf__gamma"": 0.001}",,"[[0, 3, 2], [0, 0, 2], [0, 1, 0]]",arousal,0.0,0.0,0.0,,,4,,,-0.23076923076923084,0.8514554898336687,-0.36380343755449945,subject_dependent,rbf_svm,,,0.5894444444444444,0.0,0.0,0.0,0.0,0.0,0.0,0.7357142857142858,,,,
0.375,0.3333333333333333,"{""clf__C"": 1.0, ""clf__gamma"": 0.001}",,"[[3, 0, 0], [2, 0, 0], [1, 2, 0]]",arousal,0.2222222222222222,0.375,0.25,,,0,,,0.04761904761904767,1.1377153373672746,0.0629940788348712,subject_dependent,rbf_svm,,,0.4173280423280423,0.16666666666666666,0.375,0.1875,0.3333333333333333,0.375,0.375,0.45,,,,
0.25,0.2333333333333333,"{""clf__C"": 1.0, ""clf__gamma"": 0.001}",,"[[1, 1, 0], [1, 1, 3], [1, 0, 0]]",arousal,0.22857142857142856,0.25,0.2785714285714286,,,1,,,-0.06666666666666665,1.4751955118673892,-0.07938841860374447,subject_dependent,rbf_svm,,,0.4476190476190476,0.27777777777777773,0.25,0.3958333333333333,0.2333333333333333,0.25,0.25,0.526984126984127,,,,
0.625,0.5,"{""clf__C"": 0.1, ""clf__gamma"": 0.001}",,"[[4, 0, 0], [1, 1, 0], [0, 2, 0]]",arousal,0.4296296296296296,0.625,0.5444444444444444,,,2,,,0.368421052631579,1.1316775078635484,0.404145188432738,subject_dependent,rbf_svm,,,0.4152777777777778,0.37777777777777777,0.625,0.48333333333333334,0.5,0.625,0.625,0.2569444444444444,,,,
0.5,0.5,"{""clf__C"": 0.1, ""clf__gamma"": 0.001}",0.2578542838476103,"[[4, 0], [4, 0]]",arousal,0.3333333333333333,0.5,0.3333333333333333,4,1.0,3,0,0.0,0.0,,0.0,subject_dependent,rbf_svm,0.5,0.0,,0.25,0.5,0.25,0.5,0.5,0.5,,4,1.0,0,0.0
0.375,0.5,"{""clf__C"": 10.0, ""clf__gamma"": 0.001}",,"[[1, 1, 0], [4, 0, 0], [0, 0, 2]]",arousal,0.42857142857142855,0.375,0.3214285714285714,,,4,,,0.13043478260869568,1.580537844455039,0.16269784336399212,subject_dependent,rbf_svm,,,0.3531746031746032,0.39999999999999997,0.375,0.3,0.5,0.375,0.375,0.2986111111111111,,,,
0.125,0.1111111111111111,"{""clf__C"": 10.0, ""clf__gamma"": 0.001}",,"[[0, 3, 0], [2, 1, 0], [1, 1, 0]]",arousal,0.08333333333333333,0.125,0.09375,,,0,,,-0.3999999999999999,1.3121271190980737,-0.4507489358552088,subject_dependent,rbf_svm,,,0.3432539682539682,0.06666666666666667,0.125,0.07500000000000001,0.1111111111111111,0.125,0.125,0.3,,,,
0.5,0.5,"{""clf__C"": 10.0, ""clf__gamma"": 0.001}",,"[[2, 0, 0], [2, 2, 0], [2, 0, 0]]",arousal,0.38888888888888884,0.5,0.4583333333333333,,,1,,,0.2727272727272727,1.592002613146603,0.3872983346207417,subject_dependent,rbf_svm,,,0.33015873015873015,0.4444444444444444,0.5,0.5833333333333334,0.5,0.5,0.5,0.22222222222222224,,,,
0.375,0.43333333333333335,"{""clf__C"": 1.0, ""clf__gamma"": 0.001}",0.2146307424475965,"[[1, 4, 0], [0, 2, 1], [0, 0, 0]]",arousal,0.25925925925925924,0.375,0.375,,,2,,,0.024390243902439046,,0.03580574370197165,subject_dependent,rbf_svm,,,,0.4444444444444444,0.375,0.75,0.2888888888888889,0.375,0.375,,,,,
0.5,0.5,"{""clf__C"": 10.0, ""clf__gamma"": 0.001}",,"[[2, 2, 0], [0, 2, 0], [1, 1, 0]]",arousal,0.38095238095238093,0.5,0.42857142857142855,,,3,,,0.23809523809523814,1.2396262015526038,0.28867513459481287,subject_dependent,rbf_svm,,,0.3333333333333333,0.35555555555555557,0.5,0.43333333333333335,0.5,0.5,0.5,0.3055555555555555,,,,
0.25,0.19444444444444442,"{""clf__C"": 1.0, ""clf__gamma"": 0.001}",,"[[1, 1, 2], [2, 1, 0], [0, 1, 0]]",arousal,0.20634920634920637,0.25,0.26785714285714285,,,4,,,-0.1707317073170731,1.0168414308172693,-0.17521916101261562,subject_dependent,rbf_svm,,,0.4980158730158731,0.2222222222222222,0.25,0.29166666666666663,0.19444444444444442,0.25,0.25,0.48273809523809524,,,,
0.25,0.16666666666666666,"{""clf__C"": 10.0, ""clf__gamma"": 0.001}",,"[[0, 1, 1], [2, 0, 0], [1, 1, 2]]",arousal,0.19047619047619047,0.25,0.2857142857142857,,,0,,,-0.1428571428571428,0.9455973931658855,-0.14638501094227999,subject_dependent,rbf_svm,,,0.7694444444444444,0.2222222222222222,0.25,0.3333333333333333,0.16666666666666666,0.25,0.25,0.7916666666666666,,,,
0.0,0.0,"{""clf__C"": 10.0, ""clf__gamma"": 0.001}",,"[[0, 1, 1], [1, 0, 2], [3, 0, 0]]",arousal,0.0,0.0,0.0,,,1,,,-0.4545454545454546,1.050727116714222,-0.5006261743217589,subject_dependent,rbf_svm,,,0.6698412698412698,0.0,0.0,0.0,0.0,0.0,0.0,0.6666666666666666,,,,
0.25,0.2333333333333333,"{""clf__C"": 1.0, ""clf__gamma"": 0.001}",,"[[1, 3, 1], [1, 0, 0], [1, 0, 1]]",arousal,0.25,0.25,0.28125,,,2,,,-0.1428571428571428,1.0913414999527964,-0.15877683720748895,subject_dependent,rbf_svm,,,0.525952380952381,0.27777777777777773,0.25,0.3333333333333333,0.2333333333333333,0.25,0.25,0.6246031746031746,,,,
0.375,0.27777777777777773,"{""clf__C"": 10.0, ""clf__gamma"": 0.001}",,"[[2, 0, 2], [1, 0, 0], [2, 0, 1]]",arousal,0.25925925925925924,0.375,0.3472222222222222,,,3,,,-0.1428571428571428,1.0708792885688165,-0.14808721943977307,subject_dependent,rbf_svm,,,0.45740740740740743,0.24444444444444446,0.375,0.325,0.27777777777777773,0.375,0.375,0.5412698412698412,,,,
0.25,0.3333333333333333,"{""clf__C"": 1.0, ""clf__gamma"": 0.01}",,"[[2, 0, 0], [3, 0, 0], [3, 0, 0]]",arousal,0.13333333333333333,0.25,0.1,,,4,,,0.0,1.1412946146744132,0.0,subject_dependent,rbf_svm,,,0.41878306878306876,0.08333333333333333,0.25,0.0625,0.3333333333333333,0.25,0.25,0.4055555555555555,,,,
0.375,0.3333333333333333,"{""clf__C"": 1.0, ""clf__gamma"": 0.001}",,"[[2, 2, 0], [0, 1, 1], [0, 2, 0]]",arousal,0.31746031746031744,0.375,0.40476190476190477,,,0,,,0.09090909090909094,1.2445819265218034,0.10846522890932808,subject_dependent,rbf_svm,,,0.494047619047619,0.39999999999999997,0.375,0.55,0.3333333333333333,0.375,0.375,0.5277777777777778,,,,
0.375,0.3333333333333333,"{""clf__C"": 1.0, ""clf__gamma"": 0.001}",,"[[2, 1, 0], [1, 0, 1], [0, 2, 1]]",arousal,0.35555555555555557,0.375,0.4,,,1,,,0.06976744186046513,1.1198858687603832,0.07142857142857142,subject_dependent,rbf_svm,,,0.6448412698412699,0.38888888888888884,0.375,0.4375,0.3333333333333333,0.375,0.375,0.6611111111111111,,,,
0.375,0.27777777777777773,"{""clf__C"": 1.0, ""clf__gamma"": 0.001}",,"[[1, 0, 2], [1, 2, 1], [1, 0, 0]]",arousal,0.3333333333333333,0.375,0.4583333333333333,,,2,,,0.09090909090909094,1.1616161334238597,0.10012523486435178,subject_dependent,rbf_svm,,,0.6406084656084655,0.4444444444444444,0.375,0.625,0.27777777777777773,0.375,0.375,0.6097222222222222,,,,
0.25,0.2222222222222222,"{""clf__C"": 0.1, ""clf__gamma"": 0.01}",,"[[0, 0, 2], [0, 0, 3], [1, 0, 2]]",arousal,0.13333333333333333,0.25,0.15000000000000002,,,3,,,-0.1707317073170731,1.2640736631306164,-0.28867513459481287,subject_dependent,rbf_svm,,,0.5674603174603176,0.09523809523809523,0.25,0.10714285714285714,0.2222222222222222,0.25,0.25,0.6222222222222222,,,,
0.25,0.25,"{""clf__C"": 10.0, ""clf__gamma"": 0.001}",0.3322320663891787,"[[0, 0, 0], [3, 0, 1], [1, 1, 2]]",arousal,0.19047619047619047,0.25,0.2857142857142857,,,4,,,0.0,,0.0,subject_dependent,rbf_svm,,,,0.2222222222222222,0.25,0.3333333333333333,0.16666666666666666,0.25,0.25,,,,,
0.125,0.1,"{""clf__C"": 1.0, ""clf__gamma"": 0.01}",0.2875851368040024,"[[1, 0, 4], [0, 0, 3], [0, 0, 0]]",arousal,0.1111111111111111,0.125,0.20833333333333331,,,0,,,0.05084745762711862,,0.14638501094227999,subject_dependent,rbf_svm,,,,0.3333333333333333,0.125,0.625,0.06666666666666667,0.125,0.125,,,,,
0.375,0.25,"{""clf__C"": 10.0, ""clf__gamma"": 0.001}",,"[[3, 1, 0], [1, 0, 0], [2, 1, 0]]",arousal,0.19999999999999998,0.375,0.3,,,1,,,-0.05263157894736836,1.10828061808186,-0.06622661785325219,subject_dependent,rbf_svm,,,0.39391534391534394,0.16666666666666666,0.375,0.25,0.25,0.375,0.375,0.3948412698412698,,,,
0.625,0.625,"{""clf__C"": 10.0, ""clf__gamma"": 0.001}",0.3277588300383659,"[[3, 1, 0], [0, 0, 0], [1, 1, 2]]",arousal,0.47222222222222215,0.625,0.7083333333333333,,,2,,,0.4,,0.4472135954999579,subject_dependent,rbf_svm,,,,0.5833333333333334,0.625,0.875,0.4166666666666667,0.625,0.625,,,,,
0.25,0.2222222222222222,"{""clf__C"": 10.0, ""clf__gamma"": 0.001}",,"[[0, 2, 0], [1, 0, 2], [1, 0, 2]]",arousal,0.19047619047619047,0.25,0.21428571428571427,,,3,,,-0.1428571428571428,1.2451827710146932,-0.14638501094227999,subject_dependent,rbf_svm,,,0.5263227513227512,0.16666666666666666,0.25,0.1875,0.2222222222222222,0.25,0.25,0.5222222222222221,,,,
0.625,0.47222222222222215,"{""clf__C"": 10.0, ""clf__gamma"": 0.001}",,"[[3, 1, 0], [0, 0, 1], [0, 1, 2]]",arousal,0.5079365079365079,0.625,0.6785714285714286,,,4,,,0.41463414634146345,0.9758230801409146,0.42553224817349505,subject_dependent,rbf_svm,,,0.6851851851851851,0.5555555555555555,0.625,0.75,0.47222222222222215,0.625,0.625,0.8440476190476192,,,,
0.75,0.75,"{""clf__C"": 10.0, ""clf__gamma"": 0.001}",,"[[2, 0, 0], [1, 1, 0], [0, 1, 3]]",arousal,0.719047619047619,0.75,0.7535714285714286,,,0,,,0.6190476190476191,1.0241719220417567,0.6343350474165466,subject_dependent,rbf_svm,,,0.37956349206349205,0.7222222222222222,0.75,0.7916666666666666,0.75,0.75,0.75,0.4444444444444445,,,,
0.375,0.25,"{""clf__C"": 1.0, ""clf__gamma"": 0.001}",,"[[0, 1, 1], [1, 0, 1], [1, 0, 3]]",arousal,0.2222222222222222,0.375,0.3333333333333333,,,1,,,-0.05263157894736836,1.2536513883243408,-0.05423261445466404,subject_dependent,rbf_svm,,,0.42123015873015873,0.19999999999999998,0.375,0.3,0.25,0.375,0.375,0.42361111111111116,,,,
0.25,0.13333333333333333,"{""clf__C"": 1.0, ""clf__gamma"": 0.001}",,"[[0, 2, 0], [1, 2, 2], [1, 0, 0]]",arousal,0.14814814814814814,0.25,0.2777777777777778,,,2,,,-0.26315789473684204,1.3735734886093551,-0.2711630722733202,subject_dependent,rbf_svm,,,0.41817460317460314,0.16666666666666666,0.25,0.3125,0.13333333333333333,0.25,0.25,0.4341269841269842,,,,
0.375,0.5,"{""clf__C"": 1.0, ""clf__gamma"": 0.001}",,"[[2, 0, 0], [0, 1, 1], [2, 2, 0]]",arousal,0.35555555555555557,0.375,0.26666666666666666,,,3,,,0.13043478260869568,1.1597356557646696,0.15389675281277312,subject_dependent,rbf_svm,,,0.405952380952381,0.27777777777777773,0.375,0.20833333333333331,0.5,0.375,0.375,0.48611111111111116,,,,
0.75,0.6666666666666666,"{""clf__C"": 10.0, ""clf__gamma"": 0.001}",,"[[1, 1, 0], [0, 1, 1], [0, 0, 4]]",arousal,0.6851851851851851,0.75,0.736111111111111,,,4,,,0.5789473684210527,0.9155248977854028,0.5965587590013045,subject_dependent,rbf_svm,,,0.7601190476190475,0.7666666666666666,0.75,0.775,0.6666666666666666,0.75,0.75,0.7708333333333334,,,,
0.125,0.06666666666666667,"{""clf__C"": 10.0, ""clf__gamma"": 0.001}",,"[[1, 2, 2], [0, 0, 1], [0, 2, 0]]",arousal,0.1111111111111111,0.125,0.20833333333333331,,,0,,,-0.1428571428571428,0.9889529238518029,-0.19474520942613002,subject_dependent,rbf_svm,,,0.4574603174603174,0.3333333333333333,0.125,0.625,0.06666666666666667,0.125,0.125,0.5246031746031746,,,,
0.5,0.4444444444444444,"{""clf__C"": 1.0, ""clf__gamma"": 0.001}",,"[[3, 0, 0], [2, 0, 0], [1, 1, 1]]",arousal,0.38888888888888884,0.5,0.4375,,,1,,,0.2195121951219512,1.266826148715069,0.2723523897009611,subject_dependent,rbf_svm,,,0.4685185185185185,0.5,0.5,0.5625,0.4444444444444444,0.5,0.5,0.4222222222222222,,,,
0.5,0.3611111111111111,"{""clf__C"": 10.0, ""clf__gamma"": 0.001}",,"[[3, 0, 1], [0, 0, 1], [2, 0, 1]]",arousal,0.3333333333333333,0.5,0.4583333333333333,,,2,,,0.08571428571428574,1.2978644485249244,0.08885233166386385,subject_dependent,rbf_svm,,,0.4083333333333334,0.3111111111111111,0.5,0.425,0.3611111111111111,0.5,0.5,0.2833333333333333,,,,
0.375,0.3333333333333333,"{""clf__C"": 1.0, ""clf__gamma"": 0.001}",,"[[3, 0, 0], [0, 0, 2], [1, 2, 0]]",arousal,0.2857142857142857,0.375,0.3214285714285714,,,3,,,0.04761904761904767,1.085702529977884,0.048795003647426664,subject_dependent,rbf_svm,,,0.5064814814814814,0.25,0.375,0.28125,0.3333333333333333,0.375,0.375,0.5222222222222223,,,,
0.5,0.3333333333333333,"{""clf__C"": 1.0, ""clf__gamma"": 0.01}",,"[[4, 0, 0], [3, 0, 0], [1, 0, 0]]",arousal,0.2222222222222222,0.5,0.3333333333333333,,,4,,,0.0,1.2445915580955011,0.0,subject_dependent,rbf_svm,,,0.31746031746031744,0.16666666666666666,0.5,0.25,0.3333333333333333,0.5,0.5,0.1722222222222222,,,,
0.625,0.6333333333333333,"{""clf__C"": 10.0, ""clf__gamma"": 0.001}",0.29793963754620656,"[[2, 1], [2, 3]]",arousal,0.6190476190476191,0.625,0.6309523809523809,2,0.4,0,1,0.3333333333333333,0.25,,0.2581988897471611,subject_dependent,rbf_svm,0.5,0.75,,0.625,0.625,0.65625,0.6333333333333333,0.625,0.625,,2,0.6666666666666666,3,0.6
0.75,0.8333333333333334,"{""clf__C"": 10.0, ""clf__gamma"": 0.001}",,"[[1, 0, 0], [0, 3, 0], [1, 1, 2]]",arousal,0.7301587301587301,0.75,0.738095238095238,,,1,,,0.6190476190476191,0.945060207088079,0.6668859288553503,subject_dependent,rbf_svm,,,0.5198412698412699,0.75,0.75,0.84375,0.8333333333333334,0.75,0.75,0.5378968253968254,,,,
0.375,0.4166666666666667,"{""clf__C"": 10.0, ""clf__gamma"": 0.001}",,"[[0, 0, 2], [1, 1, 2], [0, 0, 2]]",arousal,0.3,0.375,0.325,,,2,,,0.13043478260869568,1.2621799364881277,0.1860521018838127,subject_dependent,rbf_svm,,,0.34880952380952385,0.4444444444444444,0.375,0.5833333333333334,0.4166666666666667,0.375,0.375,0.3125,,,,
0.375,0.3333333333333333,"{""clf__C"": 10.0, ""clf__gamma"": 0.001}",,"[[0, 1, 1], [0, 2, 1], [0, 2, 1]]",arousal,0.27777777777777773,0.375,0.3125,,,3,,,0.0,1.525020577697775,0.0,subject_dependent,rbf_svm,,,0.2808201058201058,0.24444444444444446,0.375,0.275,0.3333333333333333,0.375,0.375,0.14444444444444446,,,,
0.25,0.25,"{""clf__C"": 1.0, ""clf__gamma"": 0.001}",,"[[0, 2, 0], [0, 1, 1], [1, 2, 1]]",arousal,0.20634920634920637,0.25,0.23809523809523808,,,4,,,-0.09090909090909083,1.1780440459637376,-0.10846522890932808,subject_dependent,rbf_svm,,,0.33194444444444443,0.2333333333333333,0.25,0.3,0.25,0.25,0.25,0.23611111111111108,,,,
0.25,0.3333333333333333,"{""clf__C"": 0.1, ""clf__gamma"": 0.001}",,"[[0, 1, 0], [0, 2, 0], [0, 5, 0]]",arousal,0.13333333333333333,0.25,0.1,,,0,,,0.0,0.9485314710587522,0.0,subject_dependent,rbf_svm,,,0.3448412698412698,0.08333333333333333,0.25,0.0625,0.3333333333333333,0.25,0.25,0.26666666666666666,,,,
0.625,0.5,"{""clf__C"": 1.0, ""clf__gamma"": 0.01}",0.3726139315325966,"[[0, 3], [0, 5]]",arousal,0.38461538461538464,0.625,0.4807692307692308,0,0.0,1,3,1.0,0.0,,0.0,subject_dependent,rbf_svm,0.0,0.625,,0.3125,0.625,0.390625,0.5,0.625,0.625,,0,0.0,5,1.0
0.5,0.3333333333333333,"{""clf__C"": 10.0, ""clf__gamma"": 0.001}",0.4326410146378409,"[[0, 2], [2, 4]]",arousal,0.3333333333333333,0.5,0.5,2,0.3333333333333333,2,2,1.0,-0.33333333333333326,,-0.3333333333333333,subject_dependent,rbf_svm,0.0,0.6666666666666666,,0.3333333333333333,0.5,0.5,0.3333333333333333,0.5,0.5,,0,0.0,4,0.6666666666666666
0.5,0.3333333333333333,"{""clf__C"": 1.0, ""clf__gamma"": 0.01}",,"[[0, 0, 1], [0, 0, 3], [0, 0, 4]]",arousal,0.2222222222222222,0.5,0.3333333333333333,,,3,,,0.0,1.0440362586633714,0.0,subject_dependent,rbf_svm,,,0.42063492063492064,0.16666666666666666,0.5,0.25,0.3333333333333333,0.5,0.5,0.3726190476190476,,,,
0.5,0.3333333333333333,"{""clf__C"": 1.0, ""clf__gamma"": 0.01}",,"[[0, 0, 1], [0, 0, 3], [0, 0, 4]]",arousal,0.2222222222222222,0.5,0.3333333333333333,,,4,,,0.0,1.0424541627731616,0.0,subject_dependent,rbf_svm,,,0.41203703703703703,0.16666666666666666,0.5,0.25,0.3333333333333333,0.5,0.5,0.37123015873015874,,,,
0.625,0.5333333333333333,"{""clf__C"": 1.0, ""clf__gamma"": 0.001}",,"[[2, 0, 0], [0, 0, 1], [1, 1, 3]]",arousal,0.48888888888888893,0.625,0.6166666666666667,,,0,,,0.3513513513513513,1.0558044852218533,0.3616696746485272,subject_dependent,rbf_svm,,,0.5037301587301587,0.47222222222222215,0.625,0.6354166666666666,0.5333333333333333,0.625,0.625,0.45,,,,
0.375,0.375,"{""clf__C"": 1.0, ""clf__gamma"": 0.001}",0.33070428678148384,"[[0, 4], [1, 3]]",arousal,0.2727272727272727,0.375,0.2727272727272727,1,0.25,1,4,1.0,-0.25,,-0.3779644730092272,subject_dependent,rbf_svm,0.0,0.42857142857142855,,0.21428571428571427,0.375,0.21428571428571427,0.375,0.375,0.375,,0,0.0,3,0.75
0.25,0.27777777777777773,"{""clf__C"": 1.0, ""clf__gamma"": 0.001}",,"[[1, 1, 1], [2, 0, 1], [1, 0, 1]]",arousal,0.22857142857142856,0.25,0.20714285714285713,,,2,,,-0.11627906976744184,1.4029918182931933,-0.12515654358043973,subject_dependent,rbf_svm,,,0.3326719576719577,0.19444444444444442,0.25,0.17708333333333331,0.27777777777777773,0.25,0.25,0.32222222222222224,,,,
0.5,0.5,"{""clf__C"": 1.0, ""clf__gamma"": 0.001}",,"[[2, 0, 2], [0, 0, 2], [0, 0, 2]]",arousal,0.38888888888888884,0.5,0.4583333333333333,,,3,,,0.2727272727272727,1.3009922739840925,0.3872983346207417,subject_dependent,rbf_svm,,,0.4444444444444445,0.4444444444444444,0.5,0.5833333333333334,0.5,0.5,0.5,0.47916666666666674,,,,
0.5,0.5833333333333334,"{""clf__C"": 10.0, ""clf__gamma"": 0.001}",,"[[2, 0, 0], [1, 1, 0], [1, 2, 1]]",arousal,0.48888888888888893,0.5,0.4666666666666667,,,4,,,0.30434782608695654,1.1440533002059727,0.35909242322980395,subject_dependent,rbf_svm,,,0.5174603174603174,0.611111111111111,0.5,0.7083333333333333,0.5833333333333334,0.5,0.5,0.47222222222222215,,,,
0.375,0.375,"{""clf__C"": 1.0, ""clf__gamma"": 0.001}",0.26771681432795,"[[0, 0, 0], [1, 3, 0], [1, 3, 0]]",arousal,0.19999999999999998,0.375,0.3,,,0,,,0.0,,0.0,subject_dependent,rbf_svm,,,,0.16666666666666666,0.375,0.25,0.25,0.375,0.375,,,,,
0.375,0.25,"{""clf__C"": 1.0, ""clf__gamma"": 0.001}",,"[[0, 0, 1], [1, 3, 0], [1, 2, 0]]",arousal,0.2222222222222222,0.375,0.3333333333333333,,,1,,,-0.02564102564102555,1.4875248134715504,-0.027820744203732862,subject_dependent,rbf_svm,,,0.41111111111111115,0.19999999999999998,0.375,0.3,0.25,0.375,0.375,0.30416666666666664,,,,
0.75,0.42857142857142855,"{""clf__C"": 10.0, ""clf__gamma"": 0.001}",0.175759689745009,"[[0, 0, 0], [0, 6, 1], [1, 0, 0]]",arousal,0.3076923076923077,0.75,0.8076923076923077,,,2,,,0.23809523809523814,,0.2620712091804796,subject_dependent,rbf_svm,,,,0.3333333333333333,0.75,0.875,0.2857142857142857,0.75,0.75,,,,,
0.375,0.3333333333333333,"{""clf__C"": 1.0, ""clf__gamma"": 0.01}",,"[[0, 4, 0], [0, 3, 0], [0, 1, 0]]",arousal,0.1818181818181818,0.375,0.20454545454545453,,,3,,,0.0,1.392985332163893,0.0,subject_dependent,rbf_svm,,,0.3060846560846561,0.125,0.375,0.140625,0.3333333333333333,0.375,0.375,0.2498015873015873,,,,
0.375,0.5,"{""clf__C"": 10.0, ""clf__gamma"": 0.001}",,"[[0, 2, 1], [1, 2, 1], [0, 0, 1]]",arousal,0.3333333333333333,0.375,0.3125,,,4,,,0.04761904761904767,1.4866908640372343,0.05263157894736842,subject_dependent,rbf_svm,,,0.3783068783068783,0.27777777777777773,0.375,0.2916666666666667,0.5,0.375,0.375,0.4057539682539682,,,,
0.75,0.5,"{""clf__C"": 10.0, ""clf__gamma"": 0.001}",,"[[0, 1, 0], [0, 5, 0], [0, 1, 1]]",arousal,0.5,0.75,0.6875,,,0,,,0.40740740740740744,1.5573883940979742,0.5041841733655162,subject_dependent,rbf_svm,,,0.3603174603174603,0.5714285714285715,0.75,0.6964285714285714,0.5,0.75,0.75,0.20000000000000004,,,,
0.5,0.4166666666666667,"{""clf__C"": 10.0, ""clf__gamma"": 0.001}",,"[[1, 0, 1], [0, 3, 1], [0, 2, 0]]",arousal,0.4444444444444444,0.5,0.5,,,1,,,0.1578947368421053,1.2003711364493852,0.16269784336399212,subject_dependent,rbf_svm,,,0.467063492063492,0.5333333333333333,0.5,0.55,0.4166666666666667,0.5,0.5,0.4375,,,,
0.5,0.3611111111111111,"{""clf__C"": 1.0, ""clf__gamma"": 0.001}",,"[[1, 2, 0], [1, 3, 0], [0, 1, 0]]",arousal,0.3333333333333333,0.5,0.45,,,2,,,0.05882352941176472,1.3224925526075895,0.06622661785325219,subject_dependent,rbf_svm,,,0.39298941798941794,0.3333333333333333,0.5,0.4375,0.3611111111111111,0.5,0.5,0.3267857142857143,,,,
0.75,0.6666666666666666,"{""clf__C"": 1.0, ""clf__gamma"": 0.001}",,"[[1, 1, 0], [0, 4, 0], [0, 1, 1]]",arousal,0.7111111111111111,0.75,0.7333333333333333,,,3,,,0.5555555555555556,1.082337277955744,0.6201736729460423,subject_dependent,rbf_svm,,,0.49761904761904757,0.8888888888888888,0.75,0.8333333333333333,0.6666666666666666,0.75,0.75,0.5,,,,
0.625,0.6,"{""clf__C"": 10.0, ""clf__gamma"": 0.001}",,"[[0, 2, 0], [1, 4, 0], [0, 0, 1]]",arousal,0.5757575757575758,0.625,0.5795454545454546,,,4,,,0.22580645161290325,0.8224024780125112,0.23543547789870936,subject_dependent,rbf_svm,,,0.7931746031746032,0.5555555555555555,0.625,0.5416666666666666,0.6,0.625,0.625,0.7666666666666666,,,,
0.375,0.3333333333333333,"{""clf__C"": 1.0, ""clf__gamma"": 0.001}",,"[[0, 3, 0], [0, 3, 0], [0, 2, 0]]",arousal,0.1818181818181818,0.375,0.20454545454545453,,,0,,,0.0,1.0956823388556252,0.0,subject_dependent,rbf_svm,,,0.6685185185185185,0.125,0.375,0.140625,0.3333333333333333,0.375,0.375,0.8000000000000002,,,,
0.375,0.4666666666666666,"{""clf__C"": 10.0, ""clf__gamma"": 0.001}",,"[[1, 0, 0], [3, 2, 0], [1, 1, 0]]",arousal,0.27777777777777773,0.375,0.3541666666666667,,,1,,,0.09090909090909094,1.3020352459854714,0.1252448582170299,subject_dependent,rbf_svm,,,0.7005555555555555,0.2888888888888889,0.375,0.44166666666666665,0.4666666666666666,0.375,0.375,0.7000000000000001,,,,
0.625,0.5666666666666667,"{""clf__C"": 10.0, ""clf__gamma"": 0.001}",0.26671619855037465,"[[1, 2], [1, 4]]",arousal,0.5636363636363637,0.625,0.6045454545454546,1,0.2,2,2,0.6666666666666666,0.1428571428571429,,0.14907119849998599,subject_dependent,rbf_svm,0.5,0.6666666666666666,,0.5833333333333333,0.625,0.6041666666666666,0.5666666666666667,0.625,0.625,,1,0.3333333333333333,4,0.8
0.625,0.6666666666666666,"{""clf__C"": 1.0, ""clf__gamma"": 0.001}",,"[[4, 0, 0], [0, 1, 0], [0, 3, 0]]",arousal,0.4666666666666666,0.625,0.55,,,3,,,0.4545454545454546,1.6010470722935257,0.5735393346764044,subject_dependent,rbf_svm,,,0.2785714285714285,0.4166666666666667,0.625,0.53125,0.6666666666666666,0.625,0.625,0.13968253968253966,,,,
0.75,0.8,"{""clf__C"": 10.0, ""clf__gamma"": 0.001}",0.2830668728518642,"[[3, 0, 0], [1, 3, 1], [0, 0, 0]]",arousal,0.5357142857142857,0.75,0.7901785714285714,,,4,,,0.5675675675675675,,0.6219663216470469,subject_dependent,rbf_svm,,,,0.5833333333333334,0.75,0.90625,0.5333333333333333,0.75,0.75,,,,,
0.0,0.0,"{""clf__C"": 10.0, ""clf__gamma"": 0.01}",0.23775576253189296,"[[0, 0, 0], [5, 0, 0], [3, 0, 0]]",arousal,0.0,0.0,0.0,,,0,,,0.0,,0.0,subject_dependent,rbf_svm,,,,0.0,0.0,0.0,0.0,0.0,0.0,,,,,
0.25,0.25,"{""clf__C"": 10.0, ""clf__gamma"": 0.001}",,"[[1, 1, 2], [0, 1, 1], [0, 2, 0]]",arousal,0.24444444444444446,0.25,0.2833333333333333,,,1,,,-0.04347826086956519,1.255278210683791,-0.051298917604257706,subject_dependent,rbf_svm,,,0.4777777777777778,0.4166666666666667,0.25,0.5625,0.25,0.25,0.25,0.5277777777777778,,,,
0.375,0.4444444444444444,"{""clf__C"": 10.0, ""clf__gamma"": 0.001}",,"[[2, 2, 2], [1, 0, 0], [0, 0, 1]]",arousal,0.3148148148148148,0.375,0.3958333333333333,,,2,,,0.024390243902439046,1.0424861582873468,0.030261376633440123,subject_dependent,rbf_svm,,,0.4572751322751322,0.3333333333333333,0.375,0.5416666666666666,0.4444444444444444,0.375,0.375,0.5317460317460317,,,,
0.375,0.4166666666666667,"{""clf__C"": 1.0, ""clf__gamma"": 0.001}",,"[[2, 0, 0], [0, 1, 3], [2, 0, 0]]",arousal,0.35555555555555557,0.375,0.3666666666666667,,,3,,,0.13043478260869568,1.300608764390401,0.15389675281277312,subject_dependent,rbf_svm,,,0.33749999999999997,0.5,0.375,0.625,0.4166666666666667,0.375,0.375,0.3263888888888889,,,,
0.5,0.5555555555555555,"{""clf__C"": 1.0, ""clf__gamma"": 0.001}",,"[[0, 1, 2], [0, 2, 0], [0, 1, 2]]",arousal,0.41269841269841273,0.5,0.38095238095238093,,,4,,,0.2727272727272727,1.1611261900956868,0.3273268353539886,subject_dependent,rbf_svm,,,0.3961640211640211,0.3333333333333333,0.5,0.3125,0.5555555555555555,0.5,0.5,0.4222222222222222,,,,
0.125,0.1111111111111111,"{""clf__C"": 10.0, ""clf__gamma"": 0.001}",,"[[0, 2, 1], [1, 1, 1], [1, 1, 0]]",arousal,0.09523809523809523,0.125,0.10714285714285714,,,0,,,-0.33333333333333326,1.004493419952023,-0.34156502553198664,subject_dependent,rbf_svm,,,0.6888888888888888,0.08333333333333333,0.125,0.09375,0.1111111111111111,0.125,0.125,0.7833333333333333,,,,
0.125,0.16666666666666666,"{""clf__C"": 1.0, ""clf__gamma"": 0.001}",,"[[0, 0, 2], [2, 0, 2], [1, 0, 1]]",arousal,0.09523809523809523,0.125,0.07142857142857142,,,1,,,-0.16666666666666674,1.053598296692973,-0.23094010767585027,subject_dependent,rbf_svm,,,0.6073412698412698,0.06666666666666667,0.125,0.05,0.16666666666666666,0.125,0.125,0.6944444444444445,,,,
0.125,0.3333333333333333,"{""clf__C"": 1.0, ""clf__gamma"": 0.1}",,"[[0, 2, 0], [0, 1, 0], [0, 5, 0]]",arousal,0.07407407407407407,0.125,0.027777777777777776,,,2,,,0.0,1.1829275935622858,0.0,subject_dependent,rbf_svm,,,0.3369047619047619,0.041666666666666664,0.125,0.015625,0.3333333333333333,0.125,0.125,0.5182539682539682,,,,
0.25,0.2222222222222222,"{""clf__C"": 0.1, ""clf__gamma"": 0.001}",,"[[0, 1, 1], [0, 0, 3], [0, 1, 2]]",arousal,0.14814814814814814,0.25,0.16666666666666666,,,3,,,-0.19999999999999996,1.1076868171013234,-0.2519763153394848,subject_dependent,rbf_svm,,,0.47724867724867726,0.1111111111111111,0.25,0.125,0.2222222222222222,0.25,0.25,0.5111111111111111,,,,
0.375,0.3333333333333333,"{""clf__C"": 0.1, ""clf__gamma"": 0.001}",,"[[0, 3, 0], [0, 3, 0], [0, 2, 0]]",arousal,0.1818181818181818,0.375,0.20454545454545453,,,4,,,0.0,1.1621420467600974,0.0,subject_dependent,rbf_svm,,,0.48148148148148145,0.125,0.375,0.140625,0.3333333333333333,0.375,0.375,0.5666666666666667,,,,
0.375,0.3055555555555555,"{""clf__C"": 1.0, ""clf__gamma"": 0.001}",,"[[0, 1, 0], [0, 2, 1], [0, 3, 1]]",arousal,0.25925925925925924,0.375,0.3333333333333333,,,0,,,-0.05263157894736836,1.057509849329859,-0.06622661785325219,subject_dependent,rbf_svm,,,0.607473544973545,0.27777777777777773,0.375,0.375,0.3055555555555555,0.375,0.375,0.5319444444444444,,,,
0.75,0.5,"{""clf__C"": 1.0, ""clf__gamma"": 0.01}",0.2898293122059294,"[[6, 0], [2, 0]]",arousal,0.42857142857142855,0.75,0.6428571428571428,2,1.0,1,0,0.0,0.0,,0.0,subject_dependent,rbf_svm,0.75,0.0,,0.375,0.75,0.5625,0.5,0.75,0.75,,6,1.0,0,0.0
0.625,0.3333333333333333,"{""clf__C"": 10.0, ""clf__gamma"": 0.01}",,"[[0, 2, 0], [0, 5, 0], [0, 1, 0]]",arousal,0.25641025641025644,0.625,0.4807692307692308,,,2,,,0.0,0.9854462943889577,0.0,subject_dependent,rbf_svm,,,0.7777777777777778,0.20833333333333334,0.625,0.390625,0.3333333333333333,0.625,0.625,0.9047619047619048,,,,
0.125,0.3333333333333333,"{""clf__C"": 0.1, ""clf__gamma"": 0.01}",,"[[1, 0, 0], [6, 0, 0], [1, 0, 0]]",arousal,0.07407407407407407,0.125,0.027777777777777776,,,3,,,0.0,0.8058628233397056,0.0,subject_dependent,rbf_svm,,,0.6239417989417989,0.041666666666666664,0.125,0.015625,0.3333333333333333,0.125,0.125,0.4841269841269842,,,,
0.5,0.3333333333333333,"{""clf__C"": 1.0, ""clf__gamma"": 0.01}",,"[[0, 2, 0], [0, 4, 0], [0, 2, 0]]",arousal,0.2222222222222222,0.5,0.3333333333333333,,,4,,,0.0,1.119410768537136,0.0,subject_dependent,rbf_svm,,,0.7402777777777777,0.16666666666666666,0.5,0.25,0.3333333333333333,0.5,0.5,0.7986111111111112,,,,
0.75,0.5833333333333334,"{""clf__C"": 10.0, ""clf__gamma"": 0.001}",,"[[0, 1, 0], [0, 3, 0], [0, 1, 3]]",arousal,0.5357142857142857,0.75,0.7098214285714286,,,0,,,0.5675675675675675,1.9203152480606187,0.6219663216470469,subject_dependent,rbf_svm,,,0.30469576719576724,0.5333333333333333,0.75,0.725,0.5833333333333334,0.75,0.75,0.1763888888888889,,,,
0.625,0.47222222222222215,"{""clf__C"": 10.0, ""clf__gamma"": 0.001}",,"[[0, 0, 1], [1, 3, 0], [0, 1, 2]]",arousal,0.47222222222222215,0.625,0.625,,,1,,,0.368421052631579,1.2314394597916376,0.3684210526315789,subject_dependent,rbf_svm,,,0.39947089947089937,0.47222222222222215,0.625,0.625,0.47222222222222215,0.625,0.625,0.47281746031746036,,,,
0.375,0.3055555555555555,"{""clf__C"": 10.0, ""clf__gamma"": 0.001}",,"[[0, 0, 1], [0, 1, 3], [0, 1, 2]]",arousal,0.25925925925925924,0.375,0.3333333333333333,,,2,,,-0.05263157894736836,1.000139109804266,-0.06622661785325219,subject_dependent,rbf_svm,,,0.44576719576719576,0.27777777777777773,0.375,0.375,0.3055555555555555,0.375,0.375,0.49047619047619045,,,,
0.125,0.08333333333333333,"{""clf__C"": 10.0, ""clf__gamma"": 0.001}",,"[[0, 1, 1], [0, 1, 3], [0, 2, 0]]",arousal,0.08333333333333333,0.125,0.125,,,3,,,-0.3999999999999999,1.4477712179783448,-0.4472135954999579,subject_dependent,rbf_svm,,,0.40198412698412694,0.08333333333333333,0.125,0.125,0.08333333333333333,0.125,0.125,0.3541666666666667,,,,
0.25,0.16666666666666666,"{""clf__C"": 10.0, ""clf__gamma"": 0.001}",,"[[0, 3, 0], [0, 0, 1], [0, 2, 2]]",arousal,0.19047619047619047,0.25,0.2857142857142857,,,4,,,-0.02127659574468077,1.612504102035761,-0.029617443887954616,subject_dependent,rbf_svm,,,0.3624338624338625,0.2222222222222222,0.25,0.3333333333333333,0.16666666666666666,0.25,0.25,0.40119047619047615,,,,
0.5,0.4166666666666667,"{""clf__C"": 10.0, ""clf__gamma"": 0.001}",,"[[1, 0, 1], [0, 0, 2], [0, 1, 3]]",arousal,0.4222222222222222,0.5,0.4666666666666667,,,0,,,0.11111111111111116,1.109399034217491,0.12403473458920847,subject_dependent,rbf_svm,,,0.4662698412698412,0.5,0.5,0.5,0.4166666666666667,0.5,0.5,0.3611111111111111,,,,
0.625,0.625,"{""clf__C"": 1.0, ""clf__gamma"": 0.001}",,"[[0, 0, 0], [0, 0, 0], [2, 1, 5]]",arousal,0.25641025641025644,0.625,0.7692307692307693,,,1,,,0.0,,0.0,subject_dependent,rbf_svm,,,,0.3333333333333333,0.625,1.0,0.20833333333333334,0.625,0.625,,,,,
0.625,0.6666666666666666,"{""clf__C"": 10.0, ""clf__gamma"": 0.001}",,"[[1, 0, 0], [0, 0, 3], [0, 0, 4]]",arousal,0.5757575757575758,0.625,0.48863636363636365,,,2,,,0.3142857142857143,1.121714069464784,0.47691048323826596,subject_dependent,rbf_svm,,,0.3175925925925926,0.5238095238095238,0.625,0.4107142857142857,0.6666666666666666,0.625,0.625,0.1958333333333333,,,,
0.625,0.6944444444444443,"{""clf__C"": 1.0, ""clf__gamma"": 0.001}",,"[[1, 0, 0], [0, 1, 2], [1, 0, 3]]",arousal,0.611111111111111,0.625,0.6041666666666666,,,3,,,0.3846153846153846,1.1631446873529403,0.4173111630559929,subject_dependent,rbf_svm,,,0.40277777777777773,0.7000000000000001,0.625,0.7375,0.6944444444444443,0.625,0.625,0.28194444444444444,,,,
0.25,0.3333333333333333,"{""clf__C"": 10.0, ""clf__gamma"": 0.001}",,"[[0, 0, 4], [0, 1, 1], [0, 1, 1]]",arousal,0.25,0.25,0.1875,,,4,,,0.0,1.409906244563618,0.0,subject_dependent,rbf_svm,,,0.6073412698412698,0.2222222222222222,0.25,0.16666666666666666,0.3333333333333333,0.25,0.25,0.6180555555555555,,,,
0.75,0.42857142857142855,"{""clf__C"": 10.0, ""clf__gamma"": 0.001}",0.16373654706695928,"[[6, 1], [1, 0]]",arousal,0.42857142857142855,0.75,0.75,1,1.0,0,1,0.14285714285714285,-0.1428571428571428,,-0.14285714285714285,subject_dependent,rbf_svm,0.8571428571428571,0.0,,0.42857142857142855,0.75,0.75,0.42857142857142855,0.75,0.75,,6,0.8571428571428571,0,0.0
0.25,0.2222222222222222,"{""clf__C"": 1.0, ""clf__gamma"": 0.001}",,"[[1, 0, 2], [1, 0, 1], [2, 0, 1]]",arousal,0.19047619047619047,0.25,0.21428571428571427,,,1,,,-0.19999999999999996,1.1778145373565123,-0.2182178902359924,subject_dependent,rbf_svm,,,0.47129629629629627,0.16666666666666666,0.25,0.1875,0.2222222222222222,0.25,0.25,0.4777777777777777,,,,
0.375,0.375,"{""clf__C"": 1.0, ""clf__gamma"": 0.001}",0.37985676931622653,"[[3, 0, 1], [3, 0, 1], [0, 0, 0]]",arousal,0.19999999999999998,0.375,0.3,,,2,,,0.0,,0.0,subject_dependent,rbf_svm,,,,0.16666666666666666,0.375,0.25,0.25,0.375,0.375,,,,,
0.625,0.5,"{""clf__C"": 1.0, ""clf__gamma"": 0.01}",0.23820770258686724,"[[5, 0], [3, 0]]",arousal,0.38461538461538464,0.625,0.4807692307692308,3,1.0,3,0,0.0,0.0,,0.0,subject_dependent,rbf_svm,0.625,0.0,,0.3125,0.625,0.390625,0.5,0.625,0.625,,5,1.0,0,0.0
0.375,0.5,"{""clf__C"": 1.0, ""clf__gamma"": 0.001}",,"[[2, 0, 2], [2, 0, 1], [0, 0, 1]]",arousal,0.3,0.375,0.3,,,4,,,0.09090909090909094,1.7621384041776098,0.11470786693528087,subject_dependent,rbf_svm,,,0.33068783068783064,0.25,0.375,0.28125,0.5,0.375,0.375,0.26011904761904764,,,,
0.375,0.3333333333333333,"{""clf__C"": 1.0, ""clf__gamma"": 0.01}",,"[[0, 0, 2], [0, 0, 3], [0, 0, 3]]",arousal,0.1818181818181818,0.375,0.20454545454545453,,,0,,,0.0,1.2784216294484607,0.0,subject_dependent,rbf_svm,,,0.49246031746031743,0.125,0.375,0.140625,0.3333333333333333,0.375,0.375,0.43333333333333335,,,,
0.625,0.6333333333333333,"{""clf__C"": 10.0, ""clf__gamma"": 0.001}",0.2542536825330629,"[[0, 0, 0], [1, 3, 1], [1, 0, 2]]",arousal,0.47222222222222215,0.625,0.71875,,,1,,,0.4,,0.4507489358552088,subject_dependent,rbf_svm,,,,0.5555555555555555,0.625,0.875,0.4222222222222222,0.625,0.625,,,,,
0.25,0.3888888888888889,"{""clf__C"": 10.0, ""clf__gamma"": 0.001}",,"[[0, 1, 0], [0, 1, 0], [0, 5, 1]]",arousal,0.17857142857142858,0.25,0.24553571428571427,,,2,,,0.05882352941176472,1.0420443929017245,0.15724272550828775,subject_dependent,rbf_svm,,,0.6851851851851851,0.38095238095238093,0.25,0.7678571428571429,0.3888888888888889,0.25,0.25,0.6706349206349206,,,,
0.375,0.3055555555555555,"{""clf__C"": 10.0, ""clf__gamma"": 0.001}",,"[[0, 0, 1], [0, 1, 3], [0, 1, 2]]",arousal,0.25925925925925924,0.375,0.3333333333333333,,,3,,,-0.05263157894736836,0.9713069735175482,-0.06622661785325219,subject_dependent,rbf_svm,,,0.7041005291005291,0.27777777777777773,0.375,0.375,0.3055555555555555,0.375,0.375,0.6555555555555556,,,,
0.5,0.5,"{""clf__C"": 1.0, ""clf__gamma"": 0.001}",0.2714070375708447,"[[0, 0, 0], [1, 2, 1], [0, 2, 2]]",arousal,0.35714285714285715,0.5,0.5357142857142857,,,4,,,0.11111111111111116,,0.11470786693528087,subject_dependent,rbf_svm,,,,0.38888888888888884,0.5,0.5833333333333333,0.3333333333333333,0.5,0.5,,,,,
0.125,0.3333333333333333,"{""clf__C"": 1.0, ""clf__gamma"": 0.001}",,"[[0, 0, 1], [2, 0, 4], [0, 0, 1]]",arousal,0.09523809523809523,0.125,0.03571428571428571,,,0,,,0.0,1.0782476430645302,0.0,subject_dependent,rbf_svm,,,0.35727513227513225,0.05555555555555555,0.125,0.020833333333333332,0.3333333333333333,0.125,0.125,0.36111111111111116,,,,
0.375,0.3333333333333333,"{""clf__C"": 0.1, ""clf__gamma"": 0.001}",,"[[0, 3, 0], [0, 3, 0], [0, 2, 0]]",arousal,0.1818181818181818,0.375,0.20454545454545453,,,1,,,0.0,1.2715600647028167,0.0,subject_dependent,rbf_svm,,,0.4682539682539682,0.125,0.375,0.140625,0.3333333333333333,0.375,0.375,0.4055555555555555,,,,
0.375,0.3055555555555555,"{""clf__C"": 1.0, ""clf__gamma"": 0.001}",,"[[0, 1, 0], [0, 2, 1], [0, 3, 1]]",arousal,0.25925925925925924,0.375,0.3333333333333333,,,2,,,-0.05263157894736836,0.9992561285595973,-0.06622661785325219,subject_dependent,rbf_svm,,,0.6337962962962963,0.27777777777777773,0.375,0.375,0.3055555555555555,0.375,0.375,0.7593253968253969,,,,
0.5,0.3333333333333333,"{""clf__C"": 0.1, ""clf__gamma"": 0.001}",,"[[0, 0, 1], [0, 0, 3], [0, 0, 4]]",arousal,0.2222222222222222,0.5,0.3333333333333333,,,3,,,0.0,1.1048053861036617,0.0,subject_dependent,rbf_svm,,,0.505026455026455,0.16666666666666666,0.5,0.25,0.3333333333333333,0.5,0.5,0.5452380952380952,,,,
0.25,0.3333333333333333,"{""clf__C"": 10.0, ""clf__gamma"": 0.001}",,"[[0, 2, 0], [0, 2, 0], [0, 4, 0]]",arousal,0.13333333333333333,0.25,0.1,,,4,,,0.0,1.2924459975217413,0.0,subject_dependent,rbf_svm,,,0.44920634920634916,0.08333333333333333,0.25,0.0625,0.3333333333333333,0.25,0.25,0.3541666666666667,,,,
0.625,0.3333333333333333,"{""clf__C"": 10.0, ""clf__gamma"": 0.001}",,"[[5, 0, 0], [2, 0, 0], [1, 0, 0]]",arousal,0.25641025641025644,0.625,0.4807692307692308,,,0,,,0.0,1.1630164094917552,0.0,subject_dependent,rbf_svm,,,0.43253968253968256,0.20833333333333334,0.625,0.390625,0.3333333333333333,0.625,0.625,0.4341269841269841,,,,
0.25,0.4166666666666667,"{""clf__C"": 1.0, ""clf__gamma"": 0.001}",,"[[1, 0, 0], [3, 0, 0], [3, 0, 1]]",arousal,0.21666666666666667,0.25,0.23125,,,1,,,0.09433962264150941,1.5742963201516589,0.21677749238102997,subject_dependent,rbf_svm,,,0.34953703703703703,0.38095238095238093,0.25,0.5178571428571429,0.4166666666666667,0.25,0.25,0.3446428571428571,,,,
0.5,0.4666666666666666,"{""clf__C"": 1.0, ""clf__gamma"": 0.001}",,"[[2, 0, 3], [1, 0, 0], [0, 0, 2]]",arousal,0.35714285714285715,0.5,0.45535714285714285,,,2,,,0.17948717948717952,1.1883791631844067,0.21917850187980234,subject_dependent,rbf_svm,,,0.42373015873015873,0.35555555555555557,0.5,0.5166666666666666,0.4666666666666666,0.5,0.5,0.42539682539682544,,,,
0.25,0.3333333333333333,"{""clf__C"": 1.0, ""clf__gamma"": 0.001}",,"[[1, 1, 0], [2, 0, 2], [1, 0, 1]]",arousal,0.24444444444444446,0.25,0.18333333333333335,,,3,,,-0.04347826086956519,1.2118121693007189,-0.051298917604257706,subject_dependent,rbf_svm,,,0.5499999999999999,0.19444444444444442,0.25,0.14583333333333331,0.3333333333333333,0.25,0.25,0.5694444444444445,,,,
0.75,0.5555555555555555,"{""clf__C"": 10.0, ""clf__gamma"": 0.001}",,"[[4, 0, 0], [1, 0, 0], [1, 0, 2]]",arousal,0.5333333333333333,0.75,0.7000000000000001,,,4,,,0.5294117647058824,1.1499891245066065,0.5960395606792697,subject_dependent,rbf_svm,,,0.3216931216931217,0.5555555555555555,0.75,0.7083333333333333,0.5555555555555555,0.75,0.75,0.24067460317460318,,,,
0.25,0.2333333333333333,"{""clf__C"": 10.0, ""clf__gamma"": 0.001}",,"[[1, 2, 2], [1, 1, 0], [0, 1, 0]]",arousal,0.20634920634920637,0.25,0.26190476190476186,,,0,,,-0.09090909090909083,1.5388590776583915,-0.10846522890932808,subject_dependent,rbf_svm,,,0.5007142857142858,0.25,0.25,0.375,0.2333333333333333,0.25,0.25,0.40317460317460324,,,,
0.5,0.4166666666666667,"{""clf__C"": 1.0, ""clf__gamma"": 0.001}",,"[[3, 0, 0], [0, 0, 1], [1, 2, 1]]",arousal,0.3968253968253968,0.5,0.488095238095238,,,1,,,0.23809523809523814,1.470536523634506,0.25649458802128855,subject_dependent,rbf_svm,,,0.285978835978836,0.4166666666666667,0.5,0.53125,0.4166666666666667,0.5,0.5,0.15773809523809523,,,,
0.25,0.25,"{""clf__C"": 1.0, ""clf__gamma"": 0.001}",,"[[0, 2, 0], [1, 1, 0], [1, 2, 1]]",arousal,0.22857142857142856,0.25,0.27142857142857146,,,2,,,-0.04347826086956519,1.2554430105510679,-0.05423261445466404,subject_dependent,rbf_svm,,,0.4615079365079365,0.39999999999999997,0.25,0.55,0.25,0.25,0.25,0.5277777777777778,,,,
0.25,0.5,"{""clf__C"": 0.1, ""clf__gamma"": 0.001}",,"[[1, 0, 0], [1, 0, 4], [1, 0, 1]]",arousal,0.2619047619047619,0.25,0.13392857142857142,,,3,,,0.05882352941176472,1.0131757520160287,0.09393364366277243,subject_dependent,rbf_svm,,,0.33738095238095234,0.17777777777777778,0.25,0.09166666666666667,0.5,0.25,0.25,0.19761904761904767,,,,
0.125,0.3333333333333333,"{""clf__C"": 0.1, ""clf__gamma"": 0.001}",,"[[1, 0, 0], [2, 0, 3], [2, 0, 0]]",arousal,0.1111111111111111,0.125,0.041666666666666664,,,4,,,-0.05660377358490565,0.9919955942078413,-0.09393364366277243,subject_dependent,rbf_svm,,,0.2817460317460317,0.06666666666666667,0.125,0.025,0.3333333333333333,0.125,0.125,0.09206349206349208,,,,
0.125,0.1111111111111111,"{""clf__C"": 10.0, ""clf__gamma"": 0.001}",,"[[1, 0, 2], [1, 0, 0], [3, 1, 0]]",arousal,0.08333333333333333,0.125,0.09375,,,0,,,-0.3999999999999999,0.8920914891654452,-0.4451319072597258,subject_dependent,rbf_svm,,,0.7045634920634921,0.06666666666666667,0.125,0.07500000000000001,0.1111111111111111,0.125,0.125,0.8009920634920635,,,,
0.5,0.3333333333333333,"{""clf__C"": 1.0, ""clf__gamma"": 0.01}",,"[[4, 0, 0], [1, 0, 0], [3, 0, 0]]",arousal,0.2222222222222222,0.5,0.3333333333333333,,,1,,,0.0,1.0031037412661412,0.0,subject_dependent,rbf_svm,,,0.5001984126984127,0.16666666666666666,0.5,0.25,0.3333333333333333,0.5,0.5,0.48313492063492064,,,,
0.5,0.4,"{""clf__C"": 10.0, ""clf__gamma"": 0.01}",0.28309943211529287,"[[4, 1], [3, 0]]",arousal,0.3333333333333333,0.5,0.41666666666666663,3,1.0,2,1,0.2,-0.23076923076923084,,-0.29277002188455997,subject_dependent,rbf_svm,0.5714285714285714,0.0,,0.2857142857142857,0.5,0.3571428571428571,0.4,0.5,0.5,,4,0.8,0,0.0
0.375,0.3333333333333333,"{""clf__C"": 10.0, ""clf__gamma"": 0.01}",,"[[3, 0, 0], [2, 0, 0], [3, 0, 0]]",arousal,0.1818181818181818,0.375,0.20454545454545453,,,3,,,0.0,1.2383332423496323,0.0,subject_dependent,rbf_svm,,,0.5828042328042328,0.125,0.375,0.140625,0.3333333333333333,0.375,0.375,0.5777777777777777,,,,
0.625,0.4444444444444444,"{""clf__C"": 10.0, ""clf__gamma"": 0.01}",,"[[4, 0, 0], [1, 0, 0], [2, 0, 1]]",arousal,0.4090909090909091,0.625,0.5511363636363636,,,4,,,0.2727272727272727,1.0174878378677301,0.390199486285854,subject_dependent,rbf_svm,,,0.4712301587301588,0.5238095238095238,0.625,0.6607142857142857,0.4444444444444444,0.625,0.625,0.48134920634920636,,,,
0.625,0.8333333333333334,"{""clf__C"": 10.0, ""clf__gamma"": 0.001}",,"[[1, 0, 0], [0, 1, 0], [1, 2, 3]]",arousal,0.611111111111111,0.625,0.6458333333333333,,,0,,,0.41463414634146345,0.9955959448873416,0.5144434027684821,subject_dependent,rbf_svm,,,0.9716931216931216,0.611111111111111,0.625,0.8541666666666666,0.8333333333333334,0.625,0.625,0.9166666666666666,,,,
0.5,0.5833333333333334,"{""clf__C"": 10.0, ""clf__gamma"": 0.001}",,"[[1, 0, 0], [0, 0, 3], [1, 0, 3]]",arousal,0.4222222222222222,0.5,0.3833333333333333,,,1,,,0.1578947368421053,0.974998322682713,0.19867985355975656,subject_dependent,rbf_svm,,,0.6435185185185185,0.3333333333333333,0.5,0.3125,0.5833333333333334,0.5,0.5,0.7204365079365079,,,,
0.25,0.3333333333333333,"{""clf__C"": 1.0, ""clf__gamma"": 0.001}",,"[[0, 0, 4], [0, 1, 1], [0, 1, 1]]",arousal,0.25,0.25,0.1875,,,2,,,0.0,1.1266768798352937,0.0,subject_dependent,rbf_svm,,,0.6388888888888888,0.2222222222222222,0.25,0.16666666666666666,0.3333333333333333,0.25,0.25,0.7777777777777778,,,,
0.375,0.3333333333333333,"{""clf__C"": 1.0, ""clf__gamma"": 0.001}",,"[[0, 0, 2], [0, 0, 3], [0, 0, 3]]",arousal,0.1818181818181818,0.375,0.20454545454545453,,,3,,,0.0,1.0196787191110137,0.0,subject_dependent,rbf_svm,,,0.6611111111111111,0.125,0.375,0.140625,0.3333333333333333,0.375,0.375,0.7666666666666666,,,,
0.375,0.3333333333333333,"{""clf__C"": 10.0, ""clf__gamma"": 0.001}",,"[[1, 1, 1], [0, 0, 2], [0, 1, 2]]",arousal,0.3333333333333333,0.375,0.375,,,4,,,0.04761904761904767,1.1748709411357559,0.05292561240249631,subject_dependent,rbf_svm,,,0.5272486772486772,0.4666666666666666,0.375,0.525,0.3333333333333333,0.375,0.375,0.5888888888888889,,,,
0.375,0.3666666666666667,"{""clf__C"": 10.0, ""clf__gamma"": 0.001}",0.29416554842883047,"[[0, 0, 0], [1, 2, 2], [0, 2, 1]]",arousal,0.25925925925925924,0.375,0.4027777777777778,,,0,,,-0.1428571428571428,,-0.14808721943977307,subject_dependent,rbf_svm,,,,0.27777777777777773,0.375,0.4375,0.24444444444444446,0.375,0.375,,,,,
0.375,0.5,"{""clf__C"": 10.0, ""clf__gamma"": 0.001}",0.2543414505288526,"[[3, 0], [5, 0]]",arousal,0.2727272727272727,0.375,0.20454545454545453,5,1.0,1,0,0.0,0.0,,0.0,subject_dependent,rbf_svm,0.375,0.0,,0.1875,0.375,0.140625,0.5,0.375,0.375,,3,1.0,0,0.0
0.5,0.26666666666666666,"{""clf__C"": 1.0, ""clf__gamma"": 0.001}",,"[[0, 1, 0], [0, 4, 1], [0, 2, 0]]",arousal,0.2222222222222222,0.5,0.41666666666666663,,,2,,,-0.18518518518518512,1.046751437349847,-0.22917462425705284,subject_dependent,rbf_svm,,,0.5750000000000001,0.19047619047619047,0.5,0.3571428571428571,0.26666666666666666,0.5,0.5,0.7079365079365081,,,,
0.375,0.3333333333333333,"{""clf__C"": 0.1, ""clf__gamma"": 0.01}",,"[[0, 0, 1], [0, 0, 4], [0, 0, 3]]",arousal,0.1818181818181818,0.375,0.20454545454545453,,,3,,,0.0,1.0120123416519458,0.0,subject_dependent,rbf_svm,,,0.4170634920634921,0.125,0.375,0.140625,0.3333333333333333,0.375,0.375,0.325,,,,
0.375,0.3333333333333333,"{""clf__C"": 1.0, ""clf__gamma"": 0.001}",,"[[0, 3, 0], [0, 3, 0], [0, 2, 0]]",arousal,0.1818181818181818,0.375,0.20454545454545453,,,4,,,0.0,1.7986737188305066,0.0,subject_dependent,rbf_svm,,,0.6059523809523809,0.125,0.375,0.140625,0.3333333333333333,0.375,0.375,0.5888888888888889,,,,
0.625,0.6666666666666666,"{""clf__C"": 1.0, ""clf__gamma"": 0.001}",,"[[1, 2, 0], [0, 2, 0], [0, 1, 2]]",arousal,0.6238095238095238,0.625,0.6303571428571428,,,0,,,0.4666666666666667,0.9349963508132992,0.5557189302262113,subject_dependent,rbf_svm,,,0.6518518518518518,0.7999999999999999,0.625,0.85,0.6666666666666666,0.625,0.625,0.7277777777777779,,,,
0.875,0.8888888888888888,"{""clf__C"": 10.0, ""clf__gamma"": 0.001}",,"[[2, 1, 0], [0, 3, 0], [0, 0, 2]]",arousal,0.8857142857142857,0.875,0.8714285714285714,,,1,,,0.8095238095238095,0.9797608539831983,0.8295150620062532,subject_dependent,rbf_svm,,,0.6365079365079365,0.9166666666666666,0.875,0.90625,0.8888888888888888,0.875,0.875,0.6666666666666666,,,,
0.875,0.8333333333333334,"{""clf__C"": 10.0, ""clf__gamma"": 0.001}",,"[[1, 0, 1], [0, 3, 0], [0, 0, 3]]",arousal,0.8412698412698413,0.875,0.863095238095238,,,2,,,0.8048780487804879,1.0713252882518365,0.8260331876309022,subject_dependent,rbf_svm,,,0.5648148148148148,0.9166666666666666,0.875,0.90625,0.8333333333333334,0.875,0.875,0.638888888888889,,,,
0.625,0.5555555555555555,"{""clf__C"": 10.0, ""clf__gamma"": 0.001}",,"[[3, 0, 0], [2, 0, 0], [1, 0, 2]]",arousal,0.48888888888888893,0.625,0.55,,,3,,,0.4,0.8022676719269679,0.5039526306789696,subject_dependent,rbf_svm,,,0.7333333333333334,0.5,0.625,0.5625,0.5555555555555555,0.625,0.625,0.7944444444444444,,,,
0.25,0.3333333333333333,"{""clf__C"": 10.0, ""clf__gamma"": 0.001}",,"[[1, 0, 1], [4, 0, 0], [1, 0, 1]]",arousal,0.25,0.25,0.1875,,,4,,,0.0,1.1496474957525744,0.0,subject_dependent,rbf_svm,,,0.5763888888888888,0.2222222222222222,0.25,0.16666666666666666,0.3333333333333333,0.25,0.25,0.6597222222222223,,,,
0.5,0.26666666666666666,"{""clf__C"": 10.0, ""clf__gamma"": 0.001}",,"[[0, 0, 1], [0, 0, 2], [0, 1, 4]]",arousal,0.2222222222222222,0.5,0.41666666666666663,,,0,,,-0.18518518518518512,1.1254635793383758,-0.22917462425705284,subject_dependent,rbf_svm,,,0.7005555555555555,0.19047619047619047,0.5,0.3571428571428571,0.26666666666666666,0.5,0.5,0.6666666666666666,,,,
0.75,0.8333333333333333,"{""clf__C"": 10.0, ""clf__gamma"": 0.001}",0.42458758409894015,"[[0, 0, 0], [0, 2, 0], [1, 1, 4]]",arousal,0.5333333333333333,0.75,0.8,,,1,,,0.5294117647058824,,0.5960395606792697,subject_dependent,rbf_svm,,,,0.5555555555555555,0.75,0.9166666666666666,0.5555555555555555,0.75,0.75,,,,,
0.625,0.3333333333333333,"{""clf__C"": 1.0, ""clf__gamma"": 0.01}",,"[[0, 0, 1], [0, 0, 2], [0, 0, 5]]",arousal,0.25641025641025644,0.625,0.4807692307692308,,,2,,,0.0,1.0650421835314623,0.0,subject_dependent,rbf_svm,,,0.3713492063492063,0.20833333333333334,0.625,0.390625,0.3333333333333333,0.625,0.625,0.3,,,,
0.5,0.3333333333333333,"{""clf__C"": 1.0, ""clf__gamma"": 0.01}",,"[[0, 0, 1], [0, 0, 3], [0, 0, 4]]",arousal,0.2222222222222222,0.5,0.3333333333333333,,,3,,,0.0,1.1978716779043421,0.0,subject_dependent,rbf_svm,,,0.3731481481481482,0.16666666666666666,0.5,0.25,0.3333333333333333,0.5,0.5,0.2569444444444444,,,,
0.5,0.26666666666666666,"{""clf__C"": 10.0, ""clf__gamma"": 0.001}",,"[[0, 0, 1], [0, 0, 2], [0, 1, 4]]",arousal,0.2222222222222222,0.5,0.41666666666666663,,,4,,,-0.18518518518518512,1.223208341581846,-0.22917462425705284,subject_dependent,rbf_svm,,,0.27349206349206345,0.19047619047619047,0.5,0.3571428571428571,0.26666666666666666,0.5,0.5,0.0753968253968254,,,,
0.5,0.3611111111111111,"{""clf__C"": 10.0, ""clf__gamma"": 0.001}",,"[[1, 0, 2], [0, 0, 1], [1, 0, 3]]",dominance,0.3333333333333333,0.5,0.45,,,0,,,0.05882352941176472,1.2045519516953438,0.06622661785325219,subject_dependent,rbf_svm,,,0.5218253968253969,0.3333333333333333,0.5,0.4375,0.3611111111111111,0.5,0.5,0.5662698412698413,,,,
0.25,0.16666666666666666,"{""clf__C"": 10.0, ""clf__gamma"": 0.001}",,"[[0, 0, 3], [0, 0, 1], [2, 0, 2]]",dominance,0.13333333333333333,0.25,0.2,,,1,,,-0.41176470588235303,0.9833669239638848,-0.4635863249727653,subject_dependent,rbf_svm,,,0.460978835978836,0.1111111111111111,0.25,0.16666666666666666,0.16666666666666666,0.25,0.25,0.5099206349206349,,,,
0.25,0.27777777777777773,"{""clf__C"": 1.0, ""clf__gamma"": 0.001}",,"[[1, 0, 1], [1, 0, 2], [2, 0, 1]]",dominance,0.20634920634920637,0.25,0.19047619047619047,,,2,,,-0.09090909090909083,1.3061598111918613,-0.1091089451179962,subject_dependent,rbf_svm,,,0.4591269841269841,0.16666666666666666,0.25,0.15625,0.27777777777777773,0.25,0.25,0.4666666666666666,,,,
0.5,0.4666666666666667,"{""clf__C"": 10.0, ""clf__gamma"": 0.001}",0.4463953696240649,"[[1, 1, 1], [0, 0, 0], [2, 0, 3]]",dominance,0.3333333333333333,0.5,0.5416666666666666,,,3,,,0.08571428571428574,,0.08885233166386385,subject_dependent,rbf_svm,,,,0.3611111111111111,0.5,0.59375,0.3111111111111111,0.5,0.5,,,,,
0.5,0.3666666666666667,"{""clf__C"": 1.0, ""clf__gamma"": 0.001}",,"[[1, 0, 1], [1, 0, 0], [2, 0, 3]]",dominance,0.3333333333333333,0.5,0.49999999999999994,,,4,,,0.11111111111111116,1.0152011053310512,0.12126781251816648,subject_dependent,rbf_svm,,,0.46976190476190477,0.3333333333333333,0.5,0.53125,0.3666666666666667,0.5,0.5,0.5206349206349207,,,,
0.75,0.7333333333333334,"{""clf__C"": 1.0, ""clf__gamma"": 0.001}",0.44154425344727355,"[[2, 1], [1, 4]]",dominance,0.7333333333333334,0.75,0.75,1,0.2,0,1,0.3333333333333333,0.4666666666666667,,0.4666666666666667,subject_dependent,rbf_svm,0.6666666666666666,0.8,,0.7333333333333334,0.75,0.75,0.7333333333333334,0.75,0.75,,2,0.6666666666666666,4,0.8
0.5,0.26666666666666666,"{""clf__C"": 1.0, ""clf__gamma"": 0.001}",,"[[0, 0, 1], [2, 0, 0], [1, 0, 4]]",dominance,0.26666666666666666,0.5,0.5,,,1,,,0.11111111111111116,0.9231897245152518,0.1252448582170299,subject_dependent,rbf_svm,,,0.6366666666666666,0.26666666666666666,0.5,0.5,0.26666666666666666,0.5,0.5,0.7150793650793652,,,,
0.75,0.7333333333333334,"{""clf__C"": 1.0, ""clf__gamma"": 0.001}",0.3093439505978547,"[[2, 1], [1, 4]]",dominance,0.7333333333333334,0.75,0.75,1,0.2,2,1,0.3333333333333333,0.4666666666666667,,0.4666666666666667,subject_dependent,rbf_svm,0.6666666666666666,0.8,,0.7333333333333334,0.75,0.75,0.7333333333333334,0.75,0.75,,2,0.6666666666666666,4,0.8
0.625,0.6666666666666666,"{""clf__C"": 1.0, ""clf__gamma"": 0.001}",,"[[2, 1, 0], [1, 1, 1], [0, 0, 2]]",dominance,0.6222222222222222,0.625,0.6000000000000001,,,3,,,0.4418604651162791,1.7900742855181768,0.4523809523809524,subject_dependent,rbf_svm,,,0.3716931216931217,0.611111111111111,0.625,0.6041666666666666,0.6666666666666666,0.625,0.625,0.25555555555555554,,,,
0.75,0.7666666666666666,"{""clf__C"": 1.0, ""clf__gamma"": 0.001}",,"[[1, 0, 0], [0, 1, 1], [0, 1, 4]]",dominance,0.7666666666666666,0.75,0.75,,,4,,,0.5294117647058824,1.0199084880365934,0.5294117647058824,subject_dependent,rbf_svm,,,0.4132539682539682,0.7666666666666666,0.75,0.75,0.7666666666666666,0.75,0.75,0.4603174603174603,,,,
0.625,0.5,"{""clf__C"": 10.0, ""clf__gamma"": 0.001}",,"[[0, 0, 2], [0, 1, 1], [0, 0, 4]]",dominance,0.4646464646464647,0.625,0.5303030303030303,,,0,,,0.2941176470588235,0.9263915299912953,0.4225771273642583,subject_dependent,rbf_svm,,,0.6486111111111111,0.5238095238095238,0.625,0.5357142857142857,0.5,0.625,0.625,0.6527777777777778,,,,
0.5,0.5333333333333333,"{""clf__C"": 1.0, ""clf__gamma"": 0.001}",,"[[0, 0, 2], [0, 1, 0], [0, 2, 3]]",dominance,0.3666666666666667,0.5,0.4375,,,1,,,0.11111111111111116,1.1976911616672348,0.1252448582170299,subject_dependent,rbf_svm,,,0.42373015873015873,0.3111111111111111,0.5,0.4166666666666667,0.5333333333333333,0.5,0.5,0.4428571428571429,,,,
0.375,0.4666666666666666,"{""clf__C"": 10.0, ""clf__gamma"": 0.001}",,"[[0, 0, 2], [0, 1, 0], [0, 3, 2]]",dominance,0.2814814814814815,0.375,0.3277777777777778,,,2,,,0.0,0.9599525036989512,0.0,subject_dependent,rbf_svm,,,0.8653968253968255,0.25,0.375,0.34375,0.4666666666666666,0.375,0.375,0.7999999999999999,,,,
0.5,0.3611111111111111,"{""clf__C"": 10.0, ""clf__gamma"": 0.001}",,"[[0, 0, 1], [0, 1, 2], [0, 1, 3]]",dominance,0.3333333333333333,0.5,0.45,,,3,,,0.05882352941176472,1.0174806974357875,0.06622661785325219,subject_dependent,rbf_svm,,,0.4976190476190476,0.3333333333333333,0.5,0.4375,0.3611111111111111,0.5,0.5,0.43194444444444446,,,,
0.375,0.39999999999999997,"{""clf__C"": 1.0, ""clf__gamma"": 0.001}",,"[[0, 0, 1], [0, 1, 4], [0, 0, 2]]",dominance,0.25925925925925924,0.375,0.3194444444444444,,,4,,,0.11111111111111116,1.215281325242202,0.22917462425705284,subject_dependent,rbf_svm,,,0.6203968253968254,0.42857142857142855,0.375,0.6964285714285714,0.39999999999999997,0.375,0.375,0.6769841269841269,,,,
0.375,0.27777777777777773,"{""clf__C"": 1.0, ""clf__gamma"": 0.1}",,"[[2, 2, 0], [2, 1, 0], [0, 1, 0]]",dominance,0.2619047619047619,0.375,0.35714285714285715,,,0,,,-0.11111111111111116,0.9839754192873021,-0.11470786693528087,subject_dependent,rbf_svm,,,0.3333333333333333,0.25,0.375,0.34375,0.27777777777777773,0.375,0.375,0.5,,,,
0.5,0.3611111111111111,"{""clf__C"": 10.0, ""clf__gamma"": 0.001}",,"[[1, 1, 1], [1, 3, 0], [0, 1, 0]]",dominance,0.35555555555555557,0.5,0.48333333333333334,,,1,,,0.1351351351351351,0.9574638950308187,0.1391037210186643,subject_dependent,rbf_svm,,,0.5545634920634921,0.3666666666666667,0.5,0.4875,0.3611111111111111,0.5,0.5,0.6418650793650793,,,,
0.5,0.4444444444444444,"{""clf__C"": 10.0, ""clf__gamma"": 0.001}",,"[[2, 1, 0], [0, 2, 1], [2, 0, 0]]",dominance,0.41269841269841273,0.5,0.4642857142857143,,,2,,,0.2195121951219512,1.0526785106152332,0.2252817784447915,subject_dependent,rbf_svm,,,0.5914021164021164,0.38888888888888884,0.5,0.4375,0.4444444444444444,0.5,0.5,0.5499999999999999,,,,
0.375,0.3333333333333333,"{""clf__C"": 1.0, ""clf__gamma"": 0.001}",,"[[0, 3, 1], [0, 3, 0], [0, 1, 0]]",dominance,0.19999999999999998,0.375,0.22499999999999998,,,3,,,0.04761904761904767,1.1406252680543356,0.086710996952412,subject_dependent,rbf_svm,,,0.3703703703703703,0.14285714285714285,0.375,0.1607142857142857,0.3333333333333333,0.375,0.375,0.389484126984127,,,,
0.375,0.3333333333333333,"{""clf__C"": 1.0, ""clf__gamma"": 0.001}",,"[[1, 2, 0], [1, 2, 0], [0, 2, 0]]",dominance,0.2814814814814815,0.375,0.31666666666666665,,,4,,,0.0,1.0807967213969984,0.0,subject_dependent,rbf_svm,,,0.5972222222222222,0.27777777777777773,0.375,0.3125,0.3333333333333333,0.375,0.375,0.6722222222222222,,,,
0.375,0.3333333333333333,"{""clf__C"": 10.0, ""clf__gamma"": 0.001}",,"[[3, 0, 0], [1, 0, 0], [4, 0, 0]]",dominance,0.1818181818181818,0.375,0.20454545454545453,,,0,,,0.0,1.4679260144493038,0.0,subject_dependent,rbf_svm,,,0.47288359788359785,0.125,0.375,0.140625,0.3333333333333333,0.375,0.375,0.4613095238095238,,,,
0.25,0.3333333333333333,"{""clf__C"": 10.0, ""clf__gamma"": 0.001}",,"[[1, 0, 1], [1, 0, 3], [1, 0, 1]]",dominance,0.22857142857142856,0.25,0.17142857142857143,,,1,,,0.0,1.4638272440702849,0.0,subject_dependent,rbf_svm,,,0.3587301587301586,0.17777777777777778,0.25,0.13333333333333333,0.3333333333333333,0.25,0.25,0.36111111111111116,,,,
0.625,0.6666666666666666,"{""clf__C"": 1.0, ""clf__gamma"": 0.001}",,"[[3, 0, 0], [1, 0, 2], [0, 0, 2]]",dominance,0.5079365079365079,0.625,0.488095238095238,,,2,,,0.4545454545454546,1.4266404210742438,0.545544725589981,subject_dependent,rbf_svm,,,0.2996031746031746,0.4166666666666667,0.625,0.40625,0.6666666666666666,0.625,0.625,0.16111111111111112,,,,
0.625,0.7000000000000001,"{""clf__C"": 1.0, ""clf__gamma"": 0.001}",,"[[3, 0, 2], [1, 1, 0], [0, 0, 1]]",dominance,0.611111111111111,0.625,0.6458333333333333,,,3,,,0.3846153846153846,1.6583163613577285,0.4173111630559929,subject_dependent,rbf_svm,,,0.31777777777777777,0.6944444444444445,0.625,0.7604166666666666,0.7000000000000001,0.625,0.625,0.19444444444444445,,,,
0.5,0.5555555555555555,"{""clf__C"": 1.0, ""clf__gamma"": 0.001}",,"[[2, 0, 1], [2, 0, 1], [0, 0, 2]]",dominance,0.41269841269841273,0.5,0.38095238095238093,,,4,,,0.2727272727272727,1.1551591638267995,0.3273268353539886,subject_dependent,rbf_svm,,,0.3498677248677248,0.3333333333333333,0.5,0.3125,0.5555555555555555,0.5,0.5,0.32222222222222213,,,,
0.25,0.16666666666666666,"{""clf__C"": 1.0, ""clf__gamma"": 0.001}",,"[[2, 0, 2], [0, 0, 1], [3, 0, 0]]",dominance,0.14814814814814814,0.25,0.2222222222222222,,,0,,,-0.37142857142857144,1.0855152569092734,-0.38502677054341,subject_dependent,rbf_svm,,,0.4970899470899471,0.13333333333333333,0.25,0.2,0.16666666666666666,0.25,0.25,0.5988095238095238,,,,
0.5,0.4166666666666667,"{""clf__C"": 1.0, ""clf__gamma"": 0.001}",,"[[1, 0, 1], [0, 0, 2], [1, 0, 3]]",dominance,0.3666666666666667,0.5,0.425,,,1,,,0.11111111111111116,1.321075221513424,0.12909944487358055,subject_dependent,rbf_svm,,,0.4091269841269842,0.3333333333333333,0.5,0.375,0.4166666666666667,0.5,0.5,0.45138888888888884,,,,
0.375,0.25,"{""clf__C"": 1.0, ""clf__gamma"": 0.001}",,"[[0, 1, 1], [0, 0, 2], [0, 1, 3]]",dominance,0.19999999999999998,0.375,0.3,,,2,,,-0.11111111111111116,1.36043613135234,-0.12909944487358055,subject_dependent,rbf_svm,,,0.41984126984126985,0.16666666666666666,0.375,0.25,0.25,0.375,0.375,0.4444444444444445,,,,
0.125,0.08333333333333333,"{""clf__C"": 1.0, ""clf__gamma"": 0.001}",,"[[0, 0, 3], [1, 0, 0], [3, 0, 1]]",dominance,0.08333333333333333,0.125,0.125,,,3,,,-0.5555555555555556,0.9455702734095505,-0.5735393346764044,subject_dependent,rbf_svm,,,0.8216931216931217,0.08333333333333333,0.125,0.125,0.08333333333333333,0.125,0.125,0.8083333333333332,,,,
0.375,0.25,"{""clf__C"": 10.0, ""clf__gamma"": 0.001}",,"[[0, 1, 2], [1, 0, 0], [0, 1, 3]]",dominance,0.2222222222222222,0.375,0.3333333333333333,,,4,,,-0.02564102564102555,0.956023647928772,-0.027820744203732862,subject_dependent,rbf_svm,,,0.48736772486772484,0.19999999999999998,0.375,0.3,0.25,0.375,0.375,0.5690476190476191,,,,
0.375,0.3333333333333333,"{""clf__C"": 1.0, ""clf__gamma"": 0.01}",,"[[3, 0, 0], [1, 0, 0], [4, 0, 0]]",dominance,0.1818181818181818,0.375,0.20454545454545453,,,0,,,0.0,1.0043752264208183,0.0,subject_dependent,rbf_svm,,,0.5374338624338624,0.125,0.375,0.140625,0.3333333333333333,0.375,0.375,0.5797619047619048,,,,
0.25,0.19444444444444442,"{""clf__C"": 1.0, ""clf__gamma"": 0.001}",,"[[1, 1, 1], [0, 0, 1], [2, 1, 1]]",dominance,0.20634920634920637,0.25,0.26785714285714285,,,1,,,-0.1707317073170731,0.9112723716767507,-0.17521916101261562,subject_dependent,rbf_svm,,,0.49722222222222223,0.2222222222222222,0.25,0.29166666666666663,0.19444444444444442,0.25,0.25,0.6301587301587301,,,,
0.25,0.2222222222222222,"{""clf__C"": 1.0, ""clf__gamma"": 0.001}",,"[[1, 1, 1], [1, 0, 1], [2, 0, 1]]",dominance,0.20634920634920637,0.25,0.23214285714285715,,,2,,,-0.1707317073170731,0.9603882042015326,-0.17521916101261562,subject_dependent,rbf_svm,,,0.6976190476190475,0.19444444444444442,0.25,0.21875,0.2222222222222222,0.25,0.25,0.7444444444444445,,,,
0.25,0.3333333333333333,"{""clf__C"": 0.1, ""clf__gamma"": 0.01}",,"[[0, 3, 0], [0, 2, 0], [0, 3, 0]]",dominance,0.13333333333333333,0.25,0.1,,,3,,,0.0,1.1834535204168062,0.0,subject_dependent,rbf_svm,,,0.6322751322751322,0.08333333333333333,0.25,0.0625,0.3333333333333333,0.25,0.25,0.6388888888888888,,,,
0.25,0.3333333333333333,"{""clf__C"": 10.0, ""clf__gamma"": 0.01}",,"[[0, 0, 4], [0, 0, 2], [0, 0, 2]]",dominance,0.13333333333333333,0.25,0.1,,,4,,,0.0,1.1452196045819047,0.0,subject_dependent,rbf_svm,,,0.4301587301587302,0.08333333333333333,0.25,0.0625,0.3333333333333333,0.25,0.25,0.4513888888888889,,,,
0.375,0.3333333333333333,"{""clf__C"": 1.0, ""clf__gamma"": 0.001}",,"[[0, 2, 0], [0, 3, 0], [0, 3, 0]]",dominance,0.1818181818181818,0.375,0.20454545454545453,,,0,,,0.0,1.120687572440928,0.0,subject_dependent,rbf_svm,,,0.517063492063492,0.125,0.375,0.140625,0.3333333333333333,0.375,0.375,0.5666666666666667,,,,
0.25,0.3333333333333333,"{""clf__C"": 0.1, ""clf__gamma"": 0.01}",,"[[0, 0, 2], [0, 0, 4], [0, 0, 2]]",dominance,0.13333333333333333,0.25,0.1,,,1,,,0.0,1.0497832801616664,0.0,subject_dependent,rbf_svm,,,0.5174603174603174,0.08333333333333333,0.25,0.0625,0.3333333333333333,0.25,0.25,0.4791666666666667,,,,
0.375,0.27777777777777773,"{""clf__C"": 1.0, ""clf__gamma"": 0.001}",,"[[0, 1, 0], [0, 2, 2], [0, 2, 1]]",dominance,0.25925925925925924,0.375,0.3472222222222222,,,2,,,-0.1428571428571428,1.0267969277635611,-0.14808721943977307,subject_dependent,rbf_svm,,,0.5162037037037037,0.24444444444444446,0.375,0.325,0.27777777777777773,0.375,0.375,0.5321428571428571,,,,
0.25,0.3333333333333333,"{""clf__C"": 1.0, ""clf__gamma"": 0.01}",,"[[0, 0, 2], [0, 0, 4], [0, 0, 2]]",dominance,0.13333333333333333,0.25,0.1,,,3,,,0.0,1.0635675982600779,0.0,subject_dependent,rbf_svm,,,0.33055555555555555,0.08333333333333333,0.25,0.0625,0.3333333333333333,0.25,0.25,0.3263888888888889,,,,
0.25,0.2222222222222222,"{""clf__C"": 1.0, ""clf__gamma"": 0.001}",,"[[0, 1, 1], [1, 2, 0], [0, 3, 0]]",dominance,0.14814814814814814,0.25,0.16666666666666666,,,4,,,-0.1707317073170731,1.0997026085464927,-0.21182963643408087,subject_dependent,rbf_svm,,,0.4083333333333334,0.1111111111111111,0.25,0.125,0.2222222222222222,0.25,0.25,0.4666666666666666,,,,
0.625,0.5666666666666667,"{""clf__C"": 10.0, ""clf__gamma"": 0.001}",0.23449589616571553,"[[4, 1, 0], [1, 1, 1], [0, 0, 0]]",dominance,0.4000000000000001,0.625,0.65,,,0,,,0.2727272727272727,,0.28180093098831727,subject_dependent,rbf_svm,,,,0.43333333333333335,0.625,0.6875,0.37777777777777777,0.625,0.625,,,,,
0.25,0.13333333333333333,"{""clf__C"": 1.0, ""clf__gamma"": 0.001}",,"[[2, 3, 0], [2, 0, 0], [1, 0, 0]]",dominance,0.13333333333333333,0.25,0.25,,,1,,,-0.4545454545454546,0.9558921717200987,-0.46966821831386213,subject_dependent,rbf_svm,,,0.4242063492063492,0.13333333333333333,0.25,0.25,0.13333333333333333,0.25,0.25,0.4428571428571429,,,,
0.5,0.3333333333333333,"{""clf__C"": 1.0, ""clf__gamma"": 0.001}",,"[[4, 0, 0], [2, 0, 0], [0, 2, 0]]",dominance,0.26666666666666666,0.5,0.4,,,2,,,0.11111111111111116,1.131709087185527,0.12909944487358055,subject_dependent,rbf_svm,,,0.45734126984126977,0.2222222222222222,0.5,0.3333333333333333,0.3333333333333333,0.5,0.5,0.5277777777777778,,,,
0.375,0.5277777777777778,"{""clf__C"": 1.0, ""clf__gamma"": 0.001}",,"[[1, 3, 0], [0, 1, 2], [0, 0, 1]]",dominance,0.3952380952380952,0.375,0.36964285714285716,,,3,,,0.11111111111111116,0.9392090858719102,0.13157894736842105,subject_dependent,rbf_svm,,,0.5944444444444444,0.5277777777777778,0.375,0.6354166666666666,0.5277777777777778,0.375,0.375,0.746031746031746,,,,
0.375,0.3333333333333333,"{""clf__C"": 10.0, ""clf__gamma"": 0.001}",,"[[3, 0, 0], [2, 0, 0], [2, 1, 0]]",dominance,0.19999999999999998,0.375,0.22499999999999998,,,4,,,0.024390243902439046,1.268744095839341,0.041239304942116126,subject_dependent,rbf_svm,,,0.5212962962962963,0.14285714285714285,0.375,0.1607142857142857,0.3333333333333333,0.375,0.375,0.5777777777777778,,,,
0.25,0.3333333333333333,"{""clf__C"": 1.0, ""clf__gamma"": 0.1}",,"[[0, 4, 0], [0, 2, 0], [0, 2, 0]]",dominance,0.13333333333333333,0.25,0.1,,,0,,,0.0,1.1928773290577441,0.0,subject_dependent,rbf_svm,,,0.31547619047619047,0.08333333333333333,0.25,0.0625,0.3333333333333333,0.25,0.25,0.34722222222222227,,,,
0.25,0.14285714285714285,"{""clf__C"": 10.0, ""clf__gamma"": 0.001}",0.26413730300785054,"[[0, 0, 0], [5, 2, 0], [0, 1, 0]]",dominance,0.13333333333333333,0.25,0.35000000000000003,,,1,,,-0.11627906976744184,,-0.2439750182371333,subject_dependent,rbf_svm,,,,0.2222222222222222,0.25,0.5833333333333333,0.09523809523809523,0.25,0.25,,,,,
0.5,0.5,"{""clf__C"": 10.0, ""clf__gamma"": 0.001}",0.33884956689963885,"[[2, 2], [2, 2]]",dominance,0.5,0.5,0.5,2,0.5,2,2,0.5,0.0,,0.0,subject_dependent,rbf_svm,0.5,0.5,,0.5,0.5,0.5,0.5,0.5,0.5,,2,0.5,2,0.5
0.25,0.2222222222222222,"{""clf__C"": 10.0, ""clf__gamma"": 0.001}",,"[[0, 4, 0], [1, 2, 0], [0, 1, 0]]",dominance,0.13333333333333333,0.25,0.15000000000000002,,,3,,,-0.23076923076923084,1.0784127623602382,-0.390199486285854,subject_dependent,rbf_svm,,,0.3456349206349206,0.09523809523809523,0.25,0.10714285714285714,0.2222222222222222,0.25,0.25,0.3599206349206349,,,,
0.125,0.08333333333333333,"{""clf__C"": 10.0, ""clf__gamma"": 0.001}",,"[[1, 2, 1], [1, 0, 2], [0, 1, 0]]",dominance,0.1111111111111111,0.125,0.16666666666666666,,,4,,,-0.2727272727272727,1.5681759874167005,-0.30037570459305535,subject_dependent,rbf_svm,,,0.36593915343915345,0.16666666666666666,0.125,0.25,0.08333333333333333,0.125,0.125,0.3511904761904762,,,,
0.375,0.5,"{""clf__C"": 1.0, ""clf__gamma"": 0.01}",0.24375279510708187,"[[0, 5], [0, 3]]",dominance,0.2727272727272727,0.375,0.20454545454545453,0,0.0,0,5,1.0,0.0,,0.0,subject_dependent,rbf_svm,0.0,0.375,,0.1875,0.375,0.140625,0.5,0.375,0.375,,0,0.0,3,1.0
0.625,0.3333333333333333,"{""clf__C"": 10.0, ""clf__gamma"": 0.01}",,"[[0, 0, 2], [0, 0, 1], [0, 0, 5]]",dominance,0.25641025641025644,0.625,0.4807692307692308,,,1,,,0.0,1.0799337989939786,0.0,subject_dependent,rbf_svm,,,0.35087301587301584,0.20833333333333334,0.625,0.390625,0.3333333333333333,0.625,0.625,0.3174603174603175,,,,
0.125,0.16666666666666666,"{""clf__C"": 1.0, ""clf__gamma"": 0.001}",,"[[0, 0, 1], [0, 1, 1], [2, 3, 0]]",dominance,0.1111111111111111,0.125,0.08333333333333333,,,2,,,-0.2727272727272727,1.0009850202885968,-0.32539568672798425,subject_dependent,rbf_svm,,,0.4033333333333333,0.08333333333333333,0.125,0.0625,0.16666666666666666,0.125,0.125,0.36111111111111116,,,,
0.375,0.19999999999999998,"{""clf__C"": 1.0, ""clf__gamma"": 0.001}",,"[[0, 0, 2], [0, 0, 1], [1, 1, 3]]",dominance,0.1818181818181818,0.375,0.3409090909090909,,,3,,,-0.29032258064516125,1.334665863856011,-0.3027027572983406,subject_dependent,rbf_svm,,,0.504047619047619,0.16666666666666666,0.375,0.3125,0.19999999999999998,0.375,0.375,0.39206349206349206,,,,
0.125,0.16666666666666666,"{""clf__C"": 1.0, ""clf__gamma"": 0.001}",,"[[0, 0, 2], [1, 0, 3], [1, 0, 1]]",dominance,0.08333333333333333,0.125,0.0625,,,4,,,-0.16666666666666674,1.4835949613249069,-0.2581988897471611,subject_dependent,rbf_svm,,,0.39523809523809517,0.05555555555555555,0.125,0.041666666666666664,0.16666666666666666,0.125,0.125,0.3541666666666667,,,,
0.625,0.625,"{""clf__C"": 10.0, ""clf__gamma"": 0.001}",0.371082124678041,"[[2, 2], [1, 3]]",dominance,0.6190476190476191,0.625,0.6190476190476191,1,0.25,0,2,0.5,0.25,,0.2581988897471611,subject_dependent,rbf_svm,0.6666666666666666,0.6,,0.6333333333333333,0.625,0.6333333333333333,0.625,0.625,0.625,,2,0.5,3,0.75
0.375,0.375,"{""clf__C"": 1.0, ""clf__gamma"": 0.001}",0.32264364557635444,"[[1, 3], [2, 2]]",dominance,0.36507936507936506,0.375,0.36507936507936506,2,0.5,1,3,0.75,-0.25,,-0.2581988897471611,subject_dependent,rbf_svm,0.3333333333333333,0.4,,0.3666666666666667,0.375,0.3666666666666667,0.375,0.375,0.375,,1,0.25,2,0.5
0.625,0.6333333333333333,"{""clf__C"": 1.0, ""clf__gamma"": 0.001}",0.2933275630395939,"[[3, 0, 2], [0, 0, 0], [0, 1, 2]]",dominance,0.44047619047619047,0.625,0.6830357142857143,,,2,,,0.3513513513513513,,0.38502677054341,subject_dependent,rbf_svm,,,,0.5,0.625,0.8125,0.4222222222222222,0.625,0.625,,,,,
0.25,0.2222222222222222,"{""clf__C"": 10.0, ""clf__gamma"": 0.001}",,"[[2, 0, 1], [2, 0, 1], [2, 0, 0]]",dominance,0.14814814814814814,0.25,0.16666666666666666,,,3,,,-0.1428571428571428,1.545633559643838,-0.1889822365046136,subject_dependent,rbf_svm,,,0.6335978835978836,0.1111111111111111,0.25,0.125,0.2222222222222222,0.25,0.25,0.5333333333333333,,,,
0.25,0.16666666666666666,"{""clf__C"": 1.0, ""clf__gamma"": 0.001}",,"[[2, 0, 2], [1, 0, 1], [2, 0, 0]]",dominance,0.14814814814814814,0.25,0.2222222222222222,,,4,,,-0.26315789473684204,1.420947072649139,-0.28867513459481287,subject_dependent,rbf_svm,,,0.4218253968253968,0.13333333333333333,0.25,0.2,0.16666666666666666,0.25,0.25,0.4583333333333333,,,,
0.25,0.3333333333333333,"{""clf__C"": 10.0, ""clf__gamma"": 0.01}",,"[[2, 0, 0], [2, 0, 0], [4, 0, 0]]",dominance,0.13333333333333333,0.25,0.1,,,0,,,0.0,1.1918102699834554,0.0,subject_dependent,rbf_svm,,,0.5063492063492063,0.08333333333333333,0.25,0.0625,0.3333333333333333,0.25,0.25,0.5208333333333334,,,,
0.125,0.3333333333333333,"{""clf__C"": 0.1, ""clf__gamma"": 0.01}",,"[[0, 0, 3], [0, 0, 4], [0, 0, 1]]",dominance,0.07407407407407407,0.125,0.027777777777777776,,,1,,,0.0,1.0578495845573905,0.0,subject_dependent,rbf_svm,,,0.6934523809523809,0.041666666666666664,0.125,0.015625,0.3333333333333333,0.125,0.125,0.8005952380952381,,,,
0.5,0.5,"{""clf__C"": 10.0, ""clf__gamma"": 0.001}",,"[[1, 2, 0], [1, 2, 0], [0, 1, 1]]",dominance,0.5222222222222223,0.5,0.5041666666666667,,,2,,,0.2195121951219512,1.096184273616584,0.2381652558112334,subject_dependent,rbf_svm,,,0.6448412698412699,0.6333333333333333,0.5,0.5875,0.5,0.5,0.5,0.5888888888888889,,,,
0.375,0.25,"{""clf__C"": 0.1, ""clf__gamma"": 0.001}",,"[[3, 1, 0], [2, 0, 0], [2, 0, 0]]",dominance,0.1818181818181818,0.375,0.2727272727272727,,,3,,,-0.17647058823529416,1.0992918568668621,-0.253546276418555,subject_dependent,rbf_svm,,,0.4295634920634921,0.14285714285714285,0.375,0.21428571428571427,0.25,0.375,0.375,0.48611111111111116,,,,
0.125,0.1111111111111111,"{""clf__C"": 10.0, ""clf__gamma"": 0.001}",,"[[1, 2, 0], [0, 0, 2], [3, 0, 0]]",dominance,0.09523809523809523,0.125,0.10714285714285714,,,4,,,-0.33333333333333326,1.044015882466522,-0.34156502553198664,subject_dependent,rbf_svm,,,0.5814814814814815,0.08333333333333333,0.125,0.09375,0.1111111111111111,0.125,0.125,0.6444444444444445,,,,
0.5,0.4166666666666667,"{""clf__C"": 10.0, ""clf__gamma"": 0.001}",,"[[3, 0, 1], [0, 1, 1], [2, 0, 0]]",dominance,0.4444444444444444,0.5,0.5,,,0,,,0.1578947368421053,1.124204950057482,0.16269784336399212,subject_dependent,rbf_svm,,,0.4694444444444444,0.5333333333333333,0.5,0.55,0.4166666666666667,0.5,0.5,0.4236111111111111,,,,
0.5,0.49999999999999994,"{""clf__C"": 1.0, ""clf__gamma"": 0.001}",,"[[2, 0, 1], [0, 1, 1], [0, 2, 1]]",dominance,0.5111111111111112,0.5,0.525,,,1,,,0.2558139534883721,1.3322286498610478,0.2619047619047619,subject_dependent,rbf_svm,,,0.44814814814814813,0.5555555555555555,0.5,0.5833333333333333,0.49999999999999994,0.5,0.5,0.33888888888888885,,,,
0.25,0.13333333333333333,"{""clf__C"": 10.0, ""clf__gamma"": 0.001}",,"[[2, 2, 1], [1, 0, 0], [1, 1, 0]]",dominance,0.14814814814814814,0.25,0.2777777777777778,,,2,,,-0.23076923076923084,0.9353108067696028,-0.25038669783359574,subject_dependent,rbf_svm,,,0.682063492063492,0.16666666666666666,0.25,0.3125,0.13333333333333333,0.25,0.25,0.7238095238095239,,,,
0.375,0.3333333333333333,"{""clf__C"": 10.0, ""clf__gamma"": 0.01}",,"[[3, 0, 0], [3, 0, 0], [2, 0, 0]]",dominance,0.1818181818181818,0.375,0.20454545454545453,,,3,,,0.0,1.240022871720325,0.0,subject_dependent,rbf_svm,,,0.2812169312169312,0.125,0.375,0.140625,0.3333333333333333,0.375,0.375,0.14444444444444443,,,,
0.25,0.16666666666666666,"{""clf__C"": 10.0, ""clf__gamma"": 0.001}",,"[[2, 1, 1], [2, 0, 0], [1, 1, 0]]",dominance,0.14814814814814814,0.25,0.2222222222222222,,,4,,,-0.26315789473684204,1.2459980556251853,-0.2711630722733202,subject_dependent,rbf_svm,,,0.4749999999999999,0.13333333333333333,0.25,0.2,0.16666666666666666,0.25,0.25,0.4305555555555556,,,,
0.5,0.5,"{""clf__C"": 1.0, ""clf__gamma"": 0.001}",,"[[1, 1, 0], [1, 1, 0], [1, 1, 2]]",dominance,0.48888888888888893,0.5,0.5333333333333333,,,0,,,0.2727272727272727,1.4516522738809856,0.29277002188455997,subject_dependent,rbf_svm,,,0.3888888888888889,0.5555555555555555,0.5,0.6666666666666666,0.5,0.5,0.5,0.3819444444444444,,,,
0.625,0.611111111111111,"{""clf__C"": 10.0, ""clf__gamma"": 0.001}",,"[[2, 0, 1], [0, 2, 1], [0, 1, 1]]",dominance,0.6222222222222222,0.625,0.65,,,1,,,0.4418604651162791,1.1915853912124128,0.4523809523809524,subject_dependent,rbf_svm,,,0.528968253968254,0.6666666666666666,0.625,0.7083333333333334,0.611111111111111,0.625,0.625,0.5055555555555555,,,,
0.375,0.38888888888888884,"{""clf__C"": 1.0, ""clf__gamma"": 0.001}",,"[[1, 1, 0], [1, 1, 1], [1, 1, 1]]",dominance,0.37777777777777777,0.375,0.375,,,2,,,0.06976744186046513,1.0929642109956734,0.07142857142857142,subject_dependent,rbf_svm,,,0.655952380952381,0.38888888888888884,0.375,0.3958333333333333,0.38888888888888884,0.375,0.375,0.6055555555555555,,,,
0.375,0.39999999999999997,"{""clf__C"": 10.0, ""clf__gamma"": 0.001}",,"[[2, 0, 0], [2, 1, 2], [0, 1, 0]]",dominance,0.31746031746031744,0.375,0.34523809523809523,,,3,,,0.09090909090909094,1.0488468340535708,0.10846522890932808,subject_dependent,rbf_svm,,,0.775,0.3333333333333333,0.375,0.4375,0.39999999999999997,0.375,0.375,0.7888888888888889,,,,
0.375,0.38888888888888884,"{""clf__C"": 10.0, ""clf__gamma"": 0.001}",,"[[2, 1, 0], [0, 1, 1], [0, 3, 0]]",dominance,0.36190476190476195,0.375,0.37142857142857144,,,4,,,0.11111111111111116,1.4913820975339873,0.13231403100624078,subject_dependent,rbf_svm,,,0.4578042328042328,0.39999999999999997,0.375,0.425,0.38888888888888884,0.375,0.375,0.41111111111111115,,,,
0.5,0.4444444444444444,"{""clf__C"": 10.0, ""clf__gamma"": 0.001}",,"[[0, 2, 0], [1, 2, 0], [0, 1, 2]]",dominance,0.43333333333333335,0.5,0.48750000000000004,,,0,,,0.2195121951219512,1.18144361107072,0.2381652558112334,subject_dependent,rbf_svm,,,0.5694444444444443,0.4666666666666666,0.5,0.525,0.4444444444444444,0.5,0.5,0.6222222222222222,,,,
0.5,0.7333333333333334,"{""clf__C"": 10.0, ""clf__gamma"": 0.001}",,"[[1, 4, 0], [0, 2, 0], [0, 0, 1]]",dominance,0.611111111111111,0.5,0.4583333333333333,,,1,,,0.30434782608695654,1.1259295004205956,0.4708709557974187,subject_dependent,rbf_svm,,,0.6781746031746031,0.7777777777777777,0.5,0.8333333333333334,0.7333333333333334,0.5,0.5,0.6555555555555556,,,,
0.25,0.3333333333333333,"{""clf__C"": 1.0, ""clf__gamma"": 0.001}",,"[[0, 3, 0], [0, 2, 0], [1, 2, 0]]",dominance,0.14814814814814814,0.25,0.1111111111111111,,,2,,,-0.02127659574468077,1.3243980011787149,-0.041239304942116126,subject_dependent,rbf_svm,,,0.5855820105820105,0.09523809523809523,0.25,0.07142857142857142,0.3333333333333333,0.25,0.25,0.5555555555555555,,,,
0.375,0.19999999999999998,"{""clf__C"": 1.0, ""clf__gamma"": 0.001}",,"[[0, 2, 0], [0, 3, 2], [0, 1, 0]]",dominance,0.1818181818181818,0.375,0.3409090909090909,,,3,,,-0.25,1.1869147012331682,-0.28005601680560194,subject_dependent,rbf_svm,,,0.5388888888888889,0.16666666666666666,0.375,0.3125,0.19999999999999998,0.375,0.375,0.6761904761904761,,,,
0.375,0.41666666666666663,"{""clf__C"": 10.0, ""clf__gamma"": 0.001}",0.32301452015747356,"[[1, 0, 1], [3, 2, 1], [0, 0, 0]]",dominance,0.27777777777777773,0.375,0.4583333333333333,,,4,,,0.09090909090909094,,0.12909944487358055,subject_dependent,rbf_svm,,,,0.4166666666666667,0.375,0.8125,0.27777777777777773,0.375,0.375,,,,,
0.625,0.47222222222222215,"{""clf__C"": 10.0, ""clf__gamma"": 0.001}",,"[[0, 1, 0], [0, 3, 1], [0, 1, 2]]",dominance,0.4444444444444444,0.625,0.5833333333333333,,,0,,,0.3142857142857143,1.4954597981110365,0.32579188276750076,subject_dependent,rbf_svm,,,0.5231481481481481,0.4222222222222222,0.625,0.55,0.47222222222222215,0.625,0.625,0.5380952380952381,,,,
0.375,0.3333333333333333,"{""clf__C"": 1.0, ""clf__gamma"": 0.001}",,"[[0, 1, 1], [0, 2, 1], [0, 2, 1]]",dominance,0.27777777777777773,0.375,0.3125,,,1,,,0.0,1.0985815976697768,0.0,subject_dependent,rbf_svm,,,0.5212962962962963,0.24444444444444446,0.375,0.275,0.3333333333333333,0.375,0.375,0.5666666666666668,,,,
0.375,0.3666666666666667,"{""clf__C"": 1.0, ""clf__gamma"": 0.001}",0.3070658030026042,"[[0, 0, 0], [1, 2, 2], [0, 2, 1]]",dominance,0.25925925925925924,0.375,0.4027777777777778,,,2,,,-0.1428571428571428,,-0.14808721943977307,subject_dependent,rbf_svm,,,,0.27777777777777773,0.375,0.4375,0.24444444444444446,0.375,0.375,,,,,
0.5,0.5,"{""clf__C"": 0.1, ""clf__gamma"": 0.01}",0.2625062616341562,"[[0, 4], [0, 4]]",dominance,0.3333333333333333,0.5,0.3333333333333333,0,0.0,3,4,1.0,0.0,,0.0,subject_dependent,rbf_svm,0.0,0.5,,0.25,0.5,0.25,0.5,0.5,0.5,,0,0.0,4,1.0
0.625,0.4444444444444444,"{""clf__C"": 1.0, ""clf__gamma"": 0.001}",,"[[0, 1, 0], [0, 4, 0], [0, 2, 1]]",dominance,0.4090909090909091,0.625,0.5511363636363636,,,4,,,0.2727272727272727,1.2800206988846647,0.390199486285854,subject_dependent,rbf_svm,,,0.41944444444444445,0.5238095238095238,0.625,0.6607142857142857,0.4444444444444444,0.625,0.625,0.3771825396825397,,,,
0.5,0.3333333333333333,"{""clf__C"": 1.0, ""clf__gamma"": 0.01}",,"[[0, 0, 1], [0, 0, 3], [0, 0, 4]]",dominance,0.2222222222222222,0.5,0.3333333333333333,,,0,,,0.0,1.0083012743777506,0.0,subject_dependent,rbf_svm,,,0.48055555555555546,0.16666666666666666,0.5,0.25,0.3333333333333333,0.5,0.5,0.38888888888888884,,,,
0.125,0.08333333333333333,"{""clf__C"": 1.0, ""clf__gamma"": 0.001}",,"[[0, 2, 0], [0, 0, 2], [0, 3, 1]]",dominance,0.09523809523809523,0.125,0.14285714285714285,,,1,,,-0.33333333333333326,1.2203263194793517,-0.404145188432738,subject_dependent,rbf_svm,,,0.5823412698412698,0.1111111111111111,0.125,0.16666666666666666,0.08333333333333333,0.125,0.125,0.6319444444444445,,,,
0.375,0.375,"{""clf__C"": 1.0, ""clf__gamma"": 0.001}",0.32702480745949547,"[[0, 0, 0], [1, 2, 1], [0, 3, 1]]",dominance,0.25925925925925924,0.375,0.38888888888888884,,,2,,,-0.11111111111111116,,-0.12126781251816648,subject_dependent,rbf_svm,,,,0.3,0.375,0.45,0.25,0.375,0.375,,,,,
0.375,0.3666666666666667,"{""clf__C"": 1.0, ""clf__gamma"": 0.001}",0.35900487379288387,"[[1, 2], [3, 2]]",dominance,0.36507936507936506,0.375,0.38492063492063494,3,0.6,3,2,0.6666666666666666,-0.25,,-0.2581988897471611,subject_dependent,rbf_svm,0.25,0.5,,0.375,0.375,0.40625,0.3666666666666667,0.375,0.375,,1,0.3333333333333333,2,0.4
0.25,0.26666666666666666,"{""clf__C"": 1.0, ""clf__gamma"": 0.001}",0.27925419484439556,"[[1, 4], [2, 1]]",dominance,0.25,0.25,0.25,2,0.6666666666666666,4,4,0.8,-0.41176470588235303,,-0.4666666666666667,subject_dependent,rbf_svm,0.3333333333333333,0.2,,0.26666666666666666,0.25,0.2833333333333333,0.26666666666666666,0.25,0.25,,1,0.2,1,0.3333333333333333
0.125,0.3333333333333333,"{""clf__C"": 1.0, ""clf__gamma"": 0.01}",,"[[0, 3, 0], [0, 1, 0], [0, 4, 0]]",dominance,0.07407407407407407,0.125,0.027777777777777776,,,0,,,0.0,1.5527771810797666,0.0,subject_dependent,rbf_svm,,,0.35694444444444445,0.041666666666666664,0.125,0.015625,0.3333333333333333,0.125,0.125,0.2847222222222222,,,,
0.375,0.4444444444444444,"{""clf__C"": 1.0, ""clf__gamma"": 0.001}",,"[[0, 0, 1], [2, 2, 2], [0, 0, 1]]",dominance,0.3,0.375,0.425,,,1,,,0.13043478260869568,1.082693844763846,0.1860521018838127,subject_dependent,rbf_svm,,,0.5396825396825397,0.4166666666666667,0.375,0.78125,0.4444444444444444,0.375,0.375,0.638888888888889,,,,
0.375,0.3333333333333333,"{""clf__C"": 1.0, ""clf__gamma"": 0.01}",,"[[0, 2, 0], [0, 3, 0], [0, 3, 0]]",dominance,0.1818181818181818,0.375,0.20454545454545453,,,2,,,0.0,1.177514533675448,0.0,subject_dependent,rbf_svm,,,0.5398148148148149,0.125,0.375,0.140625,0.3333333333333333,0.375,0.375,0.611111111111111,,,,
0.25,0.13333333333333333,"{""clf__C"": 1.0, ""clf__gamma"": 0.001}",,"[[0, 1, 1], [0, 2, 3], [0, 1, 0]]",dominance,0.14814814814814814,0.25,0.2777777777777778,,,3,,,-0.19999999999999996,1.0401719407770433,-0.24253562503633297,subject_dependent,rbf_svm,,,0.40984126984126984,0.16666666666666666,0.25,0.3125,0.13333333333333333,0.25,0.25,0.45714285714285713,,,,
0.625,0.5,"{""clf__C"": 1.0, ""clf__gamma"": 0.01}",0.2627967372148293,"[[0, 3], [0, 5]]",dominance,0.38461538461538464,0.625,0.4807692307692308,0,0.0,4,3,1.0,0.0,,0.0,subject_dependent,rbf_svm,0.0,0.625,,0.3125,0.625,0.390625,0.5,0.625,0.625,,0,0.0,5,1.0
0.125,0.05555555555555555,"{""clf__C"": 10.0, ""clf__gamma"": 0.001}",,"[[0, 1, 0], [5, 1, 0], [1, 0, 0]]",dominance,0.08333333333333333,0.125,0.1875,,,0,,,-0.21739130434782616,1.4595448776281872,-0.40032038451271784,subject_dependent,rbf_svm,,,0.3498677248677248,0.16666666666666666,0.125,0.375,0.05555555555555555,0.125,0.125,0.2738095238095238,,,,
0.375,0.3333333333333333,"{""clf__C"": 1.0, ""clf__gamma"": 0.01}",,"[[3, 0, 0], [4, 0, 0], [1, 0, 0]]",dominance,0.1818181818181818,0.375,0.20454545454545453,,,1,,,0.0,0.9830563506288292,0.0,subject_dependent,rbf_svm,,,0.42658730158730157,0.125,0.375,0.140625,0.3333333333333333,0.375,0.375,0.446031746031746,,,,
0.5,0.3333333333333333,"{""clf__C"": 1.0, ""clf__gamma"": 0.01}",,"[[0, 2, 0], [0, 4, 0], [0, 2, 0]]",dominance,0.2222222222222222,0.5,0.3333333333333333,,,2,,,0.0,1.1377662746443153,0.0,subject_dependent,rbf_svm,,,0.38650793650793647,0.16666666666666666,0.5,0.25,0.3333333333333333,0.5,0.5,0.34722222222222215,,,,
0.125,0.3333333333333333,"{""clf__C"": 0.1, ""clf__gamma"": 0.001}",,"[[0, 0, 2], [0, 0, 5], [0, 0, 1]]",dominance,0.07407407407407407,0.125,0.027777777777777776,,,3,,,0.0,0.9038647744683378,0.0,subject_dependent,rbf_svm,,,0.5031746031746032,0.041666666666666664,0.125,0.015625,0.3333333333333333,0.125,0.125,0.5730158730158731,,,,
0.125,0.3333333333333333,"{""clf__C"": 1.0, ""clf__gamma"": 0.01}",,"[[0, 6, 0], [0, 1, 0], [0, 1, 0]]",dominance,0.07407407407407407,0.125,0.027777777777777776,,,4,,,0.0,1.2489581121456643,0.0,subject_dependent,rbf_svm,,,0.5285714285714286,0.041666666666666664,0.125,0.015625,0.3333333333333333,0.125,0.125,0.6428571428571429,,,,
0.5,0.49999999999999994,"{""clf__C"": 1.0, ""clf__gamma"": 0.001}",,"[[2, 0, 1], [0, 1, 1], [2, 0, 1]]",dominance,0.5238095238095238,0.5,0.5059523809523809,,,0,,,0.2195121951219512,1.1859836388330738,0.2252817784447915,subject_dependent,rbf_svm,,,0.5259259259259259,0.611111111111111,0.5,0.5625,0.49999999999999994,0.5,0.5,0.4333333333333333,,,,
0.25,0.16666666666666666,"{""clf__C"": 10.0, ""clf__gamma"": 0.001}",,"[[0, 0, 2], [1, 0, 1], [1, 1, 2]]",dominance,0.14814814814814814,0.25,0.2222222222222222,,,1,,,-0.26315789473684204,1.1949641853856452,-0.2711630722733202,subject_dependent,rbf_svm,,,0.4587301587301587,0.13333333333333333,0.25,0.2,0.16666666666666666,0.25,0.25,0.5208333333333334,,,,
0.25,0.3333333333333333,"{""clf__C"": 0.1, ""clf__gamma"": 0.001}",,"[[0, 2, 0], [0, 2, 0], [0, 4, 0]]",dominance,0.13333333333333333,0.25,0.1,,,2,,,0.0,1.0939025669454654,0.0,subject_dependent,rbf_svm,,,0.46249999999999997,0.08333333333333333,0.25,0.0625,0.3333333333333333,0.25,0.25,0.4305555555555556,,,,
0.5,0.7333333333333334,"{""clf__C"": 1.0, ""clf__gamma"": 0.001}",,"[[1, 1, 3], [0, 1, 0], [0, 0, 2]]",dominance,0.5238095238095238,0.5,0.4345238095238095,,,3,,,0.3191489361702128,1.2792832162045027,0.4411764705882353,subject_dependent,rbf_svm,,,0.3107142857142857,0.6333333333333333,0.5,0.7875,0.7333333333333334,0.5,0.5,0.17777777777777778,,,,
0.375,0.4166666666666667,"{""clf__C"": 1.0, ""clf__gamma"": 0.001}",,"[[1, 0, 1], [1, 1, 0], [2, 1, 1]]",dominance,0.38888888888888884,0.375,0.375,,,4,,,0.09090909090909094,1.227703612725443,0.1,subject_dependent,rbf_svm,,,0.375,0.4166666666666667,0.375,0.4375,0.4166666666666667,0.375,0.375,0.3055555555555555,,,,
0.375,0.27777777777777773,"{""clf__C"": 10.0, ""clf__gamma"": 0.001}",,"[[1, 2, 0], [1, 2, 1], [0, 1, 0]]",dominance,0.2814814814814815,0.375,0.37222222222222223,,,0,,,-0.08108108108108114,0.977042109211512,-0.08346223261119859,subject_dependent,rbf_svm,,,0.5361111111111111,0.3,0.375,0.3875,0.27777777777777773,0.375,0.375,0.5511904761904762,,,,
0.5,0.4444444444444444,"{""clf__C"": 10.0, ""clf__gamma"": 0.001}",,"[[1, 2, 0], [0, 3, 0], [1, 1, 0]]",dominance,0.35555555555555557,0.5,0.4,,,1,,,0.19999999999999996,1.5635160959372416,0.2519763153394848,subject_dependent,rbf_svm,,,0.3239417989417989,0.3333333333333333,0.5,0.375,0.4444444444444444,0.5,0.5,0.3,,,,
0.375,0.27777777777777773,"{""clf__C"": 1.0, ""clf__gamma"": 0.001}",,"[[1, 1, 1], [2, 2, 0], [1, 0, 0]]",dominance,0.2857142857142857,0.375,0.39285714285714285,,,2,,,-0.02564102564102555,0.9955584048808148,-0.02631578947368421,subject_dependent,rbf_svm,,,0.39391534391534394,0.3055555555555555,0.375,0.4270833333333333,0.27777777777777773,0.375,0.375,0.41884920634920636,,,,
0.375,0.41666666666666663,"{""clf__C"": 1.0, ""clf__gamma"": 0.001}",0.2221472065813227,"[[1, 1, 0], [2, 2, 2], [0, 0, 0]]",dominance,0.2814814814814815,0.375,0.43333333333333335,,,3,,,0.0,,0.0,subject_dependent,rbf_svm,,,,0.3333333333333333,0.375,0.5833333333333334,0.27777777777777773,0.375,0.375,,,,,
0.625,0.5555555555555555,"{""clf__C"": 1.0, ""clf__gamma"": 0.001}",,"[[1, 0, 0], [2, 4, 0], [0, 1, 0]]",dominance,0.4090909090909091,0.625,0.6079545454545454,,,4,,,0.22580645161290325,0.87240161768198,0.25064020591380154,subject_dependent,rbf_svm,,,0.38505291005291004,0.37777777777777777,0.625,0.6416666666666667,0.5555555555555555,0.625,0.625,0.34920634920634924,,,,
0.125,0.16666666666666666,"{""clf__C"": 1.0, ""clf__gamma"": 0.001}",,"[[0, 1, 4], [0, 0, 1], [0, 1, 1]]",dominance,0.08333333333333333,0.125,0.0625,,,0,,,-0.1200000000000001,1.3701519195316911,-0.21004201260420147,subject_dependent,rbf_svm,,,0.830952380952381,0.05555555555555555,0.125,0.041666666666666664,0.16666666666666666,0.125,0.125,0.8166666666666668,,,,
0.5,0.4666666666666667,"{""clf__C"": 10.0, ""clf__gamma"": 0.001}",0.39591734981873816,"[[0, 0, 0], [0, 1, 2], [2, 0, 3]]",dominance,0.3666666666666667,0.5,0.5625,,,1,,,0.11111111111111116,,0.1252448582170299,subject_dependent,rbf_svm,,,,0.5333333333333333,0.5,0.75,0.3111111111111111,0.5,0.5,,,,,
0.375,0.5555555555555555,"{""clf__C"": 10.0, ""clf__gamma"": 0.001}",,"[[1, 0, 0], [0, 0, 4], [1, 0, 2]]",dominance,0.3703703703703704,0.375,0.25,,,2,,,0.09090909090909094,1.3099032065761775,0.13245323570650439,subject_dependent,rbf_svm,,,0.34298941798941796,0.27777777777777773,0.375,0.1875,0.5555555555555555,0.375,0.375,0.1976190476190476,,,,
0.5,0.3333333333333333,"{""clf__C"": 10.0, ""clf__gamma"": 0.001}",,"[[0, 1, 1], [0, 0, 2], [0, 0, 4]]",dominance,0.24242424242424243,0.5,0.36363636363636365,,,3,,,0.05882352941176472,1.219437087876603,0.08451542547285165,subject_dependent,rbf_svm,,,0.32876984126984127,0.19047619047619047,0.5,0.2857142857142857,0.3333333333333333,0.5,0.5,0.3194444444444445,,,,
0.75,0.75,"{""clf__C"": 1.0, ""clf__gamma"": 0.001}",,"[[1, 1, 0], [0, 2, 0], [0, 1, 3]]",dominance,0.7301587301587301,0.75,0.7619047619047619,,,4,,,0.6190476190476191,1.393083832771207,0.6668859288553503,subject_dependent,rbf_svm,,,0.29563492063492064,0.8333333333333334,0.75,0.875,0.75,0.75,0.75,0.16666666666666666,,,,
0.625,0.6666666666666666,"{""clf__C"": 1.0, ""clf__gamma"": 0.001}",,"[[1, 0, 1], [0, 2, 2], [0, 0, 2]]",dominance,0.6349206349206349,0.625,0.6428571428571428,,,0,,,0.4545454545454546,1.2469385125329304,0.5423261445466404,subject_dependent,rbf_svm,,,0.3755952380952381,0.7999999999999999,0.625,0.85,0.6666666666666666,0.625,0.625,0.3333333333333333,,,,
0.375,0.38888888888888884,"{""clf__C"": 1.0, ""clf__gamma"": 0.001}",,"[[2, 1, 0], [1, 1, 0], [0, 3, 0]]",dominance,0.31746031746031744,0.375,0.3214285714285714,,,1,,,0.11111111111111116,1.3794948838330268,0.14085904245475275,subject_dependent,rbf_svm,,,0.3604497354497354,0.2888888888888889,0.375,0.3,0.38888888888888884,0.375,0.375,0.31666666666666665,,,,
0.625,0.6666666666666666,"{""clf__C"": 1.0, ""clf__gamma"": 0.001}",,"[[0, 2, 1], [0, 3, 0], [0, 0, 2]]",dominance,0.5166666666666667,0.625,0.48125,,,2,,,0.4418604651162791,1.2852238705947212,0.5352643613280604,subject_dependent,rbf_svm,,,0.38161375661375657,0.4222222222222222,0.625,0.3916666666666666,0.6666666666666666,0.625,0.625,0.25555555555555554,,,,
0.5,0.49999999999999994,"{""clf__C"": 1.0, ""clf__gamma"": 0.001}",,"[[2, 0, 1], [0, 1, 1], [0, 2, 1]]",dominance,0.5111111111111112,0.5,0.525,,,3,,,0.2558139534883721,1.1687347651033668,0.2619047619047619,subject_dependent,rbf_svm,,,0.42076719576719573,0.5555555555555555,0.5,0.5833333333333333,0.49999999999999994,0.5,0.5,0.5111111111111111,,,,
0.125,0.1111111111111111,"{""clf__C"": 1.0, ""clf__gamma"": 0.001}",,"[[1, 1, 1], [0, 0, 2], [2, 1, 0]]",dominance,0.1111111111111111,0.125,0.125,,,4,,,-0.33333333333333326,1.0503176278965007,-0.3333333333333333,subject_dependent,rbf_svm,,,0.5462962962962963,0.1111111111111111,0.125,0.125,0.1111111111111111,0.125,0.125,0.6611111111111111,,,,
0.5,0.4166666666666667,"{""clf__C"": 10.0, ""clf__gamma"": 0.001}",,"[[0, 0, 2], [0, 1, 1], [0, 1, 3]]",dominance,0.3666666666666667,0.5,0.425,,,0,,,0.11111111111111116,1.2246816403499747,0.12909944487358055,subject_dependent,rbf_svm,,,0.5347222222222222,0.3333333333333333,0.5,0.375,0.4166666666666667,0.5,0.5,0.5902777777777778,,,,
0.375,0.39999999999999997,"{""clf__C"": 1.0, ""clf__gamma"": 0.001}",,"[[0, 1, 0], [0, 2, 0], [0, 4, 1]]",dominance,0.25925925925925924,0.375,0.3194444444444444,,,1,,,0.11111111111111116,1.1255852446504877,0.22917462425705284,subject_dependent,rbf_svm,,,0.3536507936507936,0.42857142857142855,0.375,0.6964285714285714,0.39999999999999997,0.375,0.375,0.23888888888888893,,,,
0.375,0.3,"{""clf__C"": 10.0, ""clf__gamma"": 0.001}",0.3781950094129805,"[[0, 0, 0], [1, 0, 2], [0, 2, 3]]",dominance,0.19999999999999998,0.375,0.375,,,2,,,-0.21212121212121215,,-0.21917850187980234,subject_dependent,rbf_svm,,,,0.19999999999999998,0.375,0.375,0.19999999999999998,0.375,0.375,,,,,
0.625,0.5833333333333333,"{""clf__C"": 10.0, ""clf__gamma"": 0.001}",0.40413001577980523,"[[1, 1], [2, 4]]",dominance,0.5636363636363637,0.625,0.6454545454545454,2,0.3333333333333333,3,1,0.5,0.1428571428571429,,0.14907119849998599,subject_dependent,rbf_svm,0.3333333333333333,0.8,,0.5666666666666667,0.625,0.6833333333333335,0.5833333333333333,0.625,0.625,,1,0.5,4,0.6666666666666666
0.5,0.3333333333333333,"{""clf__C"": 1.0, ""clf__gamma"": 0.01}",,"[[0, 0, 2], [0, 0, 2], [0, 0, 4]]",dominance,0.2222222222222222,0.5,0.3333333333333333,,,4,,,0.0,1.1658967258337656,0.0,subject_dependent,rbf_svm,,,0.4059523809523809,0.16666666666666666,0.5,0.25,0.3333333333333333,0.5,0.5,0.46527777777777785,,,,
0.25,0.19444444444444442,"{""clf__C"": 10.0, ""clf__gamma"": 0.001}",,"[[1, 1, 1], [1, 1, 2], [1, 0, 0]]",dominance,0.2222222222222222,0.25,0.29166666666666663,,,0,,,-0.09090909090909083,1.2986013512096113,-0.10012523486435178,subject_dependent,rbf_svm,,,0.5031746031746032,0.27777777777777773,0.25,0.375,0.19444444444444442,0.25,0.25,0.533531746031746,,,,
0.25,0.3888888888888889,"{""clf__C"": 10.0, ""clf__gamma"": 0.001}",,"[[0, 1, 0], [0, 1, 0], [2, 3, 1]]",dominance,0.20634920634920637,0.25,0.25595238095238093,,,1,,,0.05882352941176472,1.1638840545365277,0.10090091909944687,subject_dependent,rbf_svm,,,0.40079365079365076,0.39999999999999997,0.25,0.775,0.3888888888888889,0.25,0.25,0.4047619047619048,,,,
0.25,0.16666666666666666,"{""clf__C"": 10.0, ""clf__gamma"": 0.001}",,"[[0, 1, 0], [0, 0, 3], [0, 2, 2]]",dominance,0.14814814814814814,0.25,0.2222222222222222,,,2,,,-0.37142857142857144,0.9972484249608965,-0.38502677054341,subject_dependent,rbf_svm,,,0.43849206349206354,0.13333333333333333,0.25,0.2,0.16666666666666666,0.25,0.25,0.4428571428571429,,,,
0.375,0.25,"{""clf__C"": 10.0, ""clf__gamma"": 0.001}",,"[[0, 1, 0], [0, 0, 3], [1, 0, 3]]",dominance,0.19999999999999998,0.375,0.3,,,3,,,-0.11111111111111116,1.0615051518263323,-0.12725695259515554,subject_dependent,rbf_svm,,,0.4277777777777778,0.16666666666666666,0.375,0.25,0.25,0.375,0.375,0.3948412698412698,,,,
0.5,0.5,"{""clf__C"": 10.0, ""clf__gamma"": 0.001}",,"[[2, 0, 0], [1, 0, 1], [1, 1, 2]]",dominance,0.41269841269841273,0.5,0.45238095238095233,,,4,,,0.23809523809523814,1.1651707693612972,0.25649458802128855,subject_dependent,rbf_svm,,,0.3527777777777778,0.38888888888888884,0.5,0.4583333333333333,0.5,0.5,0.5,0.25,,,,
0.75,0.3333333333333333,"{""clf__C"": 0.1, ""clf__gamma"": 0.01}",,"[[0, 0, 1], [0, 0, 1], [0, 0, 6]]",dominance,0.2857142857142857,0.75,0.6428571428571428,,,0,,,0.0,,0.0,subject_dependent,rbf_svm,,,,0.25,0.75,0.5625,0.3333333333333333,0.75,0.75,,,,,
0.875,0.875,"{""clf__C"": 1.0, ""clf__gamma"": 0.001}",,"[[0, 0], [1, 7]]",dominance,0.4666666666666667,0.875,0.9333333333333333,,,1,,,0.0,,0.0,subject_dependent,rbf_svm,,,,0.5,0.875,1.0,0.4375,0.875,0.875,,,,,
0.875,0.5,"{""clf__C"": 1.0, ""clf__gamma"": 0.01}",0.7929509739453069,"[[0, 1], [0, 7]]",dominance,0.4666666666666667,0.875,0.8166666666666667,0,0.0,2,1,1.0,0.0,,0.0,subject_dependent,rbf_svm,0.0,0.875,,0.4375,0.875,0.765625,0.5,0.875,0.875,,0,0.0,7,1.0
0.875,0.5,"{""clf__C"": 1.0, ""clf__gamma"": 0.01}",0.7851030930120143,"[[0, 1], [0, 7]]",dominance,0.4666666666666667,0.875,0.8166666666666667,0,0.0,3,1,1.0,0.0,,0.0,subject_dependent,rbf_svm,0.0,0.875,,0.4375,0.875,0.765625,0.5,0.875,0.875,,0,0.0,7,1.0
1.0,1.0,"{""clf__C"": 1.0, ""clf__gamma"": 0.01}",,[[8]],dominance,1.0,1.0,1.0,,,4,,,nan,,0.0,subject_dependent,rbf_svm,,,,1.0,1.0,1.0,1.0,1.0,1.0,,,,,
0.125,0.06666666666666667,"{""clf__C"": 1.0, ""clf__gamma"": 0.001}",,"[[0, 1, 1], [1, 0, 0], [4, 0, 1]]",dominance,0.09523809523809523,0.125,0.17857142857142855,,,0,,,-0.30232558139534893,0.9030337725957016,-0.38235294117647056,subject_dependent,rbf_svm,,,0.5115079365079365,0.16666666666666666,0.125,0.3125,0.06666666666666667,0.125,0.125,0.45555555555555555,,,,
0.375,0.27777777777777773,"{""clf__C"": 1.0, ""clf__gamma"": 0.001}",,"[[1, 1, 1], [0, 0, 1], [1, 1, 2]]",dominance,0.3,0.375,0.4,,,1,,,0.0,1.2747564546903347,0.0,subject_dependent,rbf_svm,,,0.34894179894179894,0.3333333333333333,0.375,0.4375,0.27777777777777773,0.375,0.375,0.305952380952381,,,,
0.375,0.3333333333333333,"{""clf__C"": 1.0, ""clf__gamma"": 0.01}",,"[[0, 0, 4], [0, 0, 1], [0, 0, 3]]",dominance,0.1818181818181818,0.375,0.20454545454545453,,,2,,,0.0,1.1064741895359047,0.0,subject_dependent,rbf_svm,,,0.37671957671957673,0.125,0.375,0.140625,0.3333333333333333,0.375,0.375,0.30317460317460315,,,,
0.375,0.3,"{""clf__C"": 1.0, ""clf__gamma"": 0.001}",0.4450520604921795,"[[0, 0, 0], [2, 0, 1], [2, 0, 3]]",dominance,0.2222222222222222,0.375,0.41666666666666663,,,3,,,0.09090909090909094,,0.12909944487358055,subject_dependent,rbf_svm,,,,0.25,0.375,0.46875,0.19999999999999998,0.375,0.375,,,,,
0.125,0.1111111111111111,"{""clf__C"": 1.0, ""clf__gamma"": 0.001}",,"[[0, 0, 3], [0, 0, 2], [2, 0, 1]]",dominance,0.07407407407407407,0.125,0.08333333333333333,,,4,,,-0.3999999999999999,1.188505918875501,-0.5039526306789696,subject_dependent,rbf_svm,,,0.5170634920634921,0.05555555555555555,0.125,0.0625,0.1111111111111111,0.125,0.125,0.49444444444444446,,,,
0.375,0.5277777777777778,"{""clf__C"": 10.0, ""clf__gamma"": 0.001}",,"[[1, 0, 2], [0, 1, 0], [2, 1, 1]]",dominance,0.42857142857142855,0.375,0.35119047619047616,,,0,,,0.024390243902439046,1.0516857131756896,0.025031308716087945,subject_dependent,rbf_svm,,,0.3976190476190476,0.38888888888888884,0.375,0.35416666666666663,0.5277777777777778,0.375,0.375,0.34761904761904766,,,,
0.5,0.26666666666666666,"{""clf__C"": 10.0, ""clf__gamma"": 0.001}",,"[[0, 0, 1], [1, 0, 1], [1, 0, 4]]",dominance,0.24242424242424243,0.5,0.4545454545454546,,,1,,,0.0,1.1621738377321542,0.0,subject_dependent,rbf_svm,,,0.42817460317460315,0.2222222222222222,0.5,0.41666666666666663,0.26666666666666666,0.5,0.5,0.5071428571428571,,,,
0.5,0.611111111111111,"{""clf__C"": 10.0, ""clf__gamma"": 0.001}",,"[[2, 0, 2], [0, 1, 2], [0, 0, 1]]",dominance,0.49999999999999994,0.5,0.5624999999999999,,,2,,,0.33333333333333337,1.4956868193081587,0.4451319072597258,subject_dependent,rbf_svm,,,0.5194444444444445,0.7333333333333334,0.5,0.9,0.611111111111111,0.5,0.5,0.5408730158730158,,,,
0.5,0.26666666666666666,"{""clf__C"": 1.0, ""clf__gamma"": 0.001}",,"[[0, 0, 2], [0, 0, 1], [1, 0, 4]]",dominance,0.2222222222222222,0.5,0.41666666666666663,,,3,,,-0.18518518518518512,1.1145903915739006,-0.22917462425705284,subject_dependent,rbf_svm,,,0.3566666666666667,0.19047619047619047,0.5,0.3571428571428571,0.26666666666666666,0.5,0.5,0.24444444444444446,,,,
0.375,0.27777777777777773,"{""clf__C"": 1.0, ""clf__gamma"": 0.001}",,"[[1, 0, 2], [1, 0, 0], [1, 1, 2]]",dominance,0.27777777777777773,0.375,0.375,,,4,,,-0.05263157894736836,1.0468231013239802,-0.05263157894736842,subject_dependent,rbf_svm,,,0.4587301587301587,0.27777777777777773,0.375,0.375,0.27777777777777773,0.375,0.375,0.5246031746031746,,,,
0.375,0.3333333333333333,"{""clf__C"": 10.0, ""clf__gamma"": 0.001}",,"[[0, 2, 0], [0, 3, 0], [0, 3, 0]]",dominance,0.1818181818181818,0.375,0.20454545454545453,,,0,,,0.0,2.8111866661526044,0.0,subject_dependent,rbf_svm,,,0.30489417989417994,0.125,0.375,0.140625,0.3333333333333333,0.375,0.375,0.18333333333333332,,,,
0.5,0.5,"{""clf__C"": 10.0, ""clf__gamma"": 0.001}",,"[[0, 0, 0], [1, 4, 3], [0, 0, 0]]",dominance,0.2222222222222222,0.5,0.6666666666666666,,,1,,,0.0,,0.0,subject_dependent,rbf_svm,,,,0.3333333333333333,0.5,1.0,0.16666666666666666,0.5,0.5,,,,,
0.375,0.3333333333333333,"{""clf__C"": 1.0, ""clf__gamma"": 0.01}",,"[[0, 4, 0], [0, 3, 0], [0, 1, 0]]",dominance,0.1818181818181818,0.375,0.20454545454545453,,,2,,,0.0,1.211425469775095,0.0,subject_dependent,rbf_svm,,,0.7351851851851853,0.125,0.375,0.140625,0.3333333333333333,0.375,0.375,0.7222222222222222,,,,
0.5,0.3333333333333333,"{""clf__C"": 1.0, ""clf__gamma"": 0.01}",,"[[0, 3, 0], [0, 4, 0], [0, 1, 0]]",dominance,0.2222222222222222,0.5,0.3333333333333333,,,3,,,0.0,1.036840163558258,0.0,subject_dependent,rbf_svm,,,0.3531746031746032,0.16666666666666666,0.5,0.25,0.3333333333333333,0.5,0.5,0.2805555555555555,,,,
0.75,0.42857142857142855,"{""clf__C"": 10.0, ""clf__gamma"": 0.001}",0.2341576990155566,"[[0, 1], [1, 6]]",dominance,0.42857142857142855,0.75,0.75,1,0.14285714285714285,4,1,1.0,-0.1428571428571428,,-0.14285714285714285,subject_dependent,rbf_svm,0.0,0.8571428571428571,,0.42857142857142855,0.75,0.75,0.42857142857142855,0.75,0.75,,0,0.0,6,0.8571428571428571
0.625,0.625,"{""clf__C"": 1.0, ""clf__gamma"": 0.001}",0.3757043634700047,"[[3, 1], [2, 2]]",dominance,0.6190476190476191,0.625,0.6190476190476191,2,0.5,0,1,0.25,0.25,,0.2581988897471611,subject_dependent,rbf_svm,0.6,0.6666666666666666,,0.6333333333333333,0.625,0.6333333333333333,0.625,0.625,0.625,,3,0.75,2,0.5
0.5,0.5,"{""clf__C"": 1.0, ""clf__gamma"": 0.001}",0.5429232229875774,"[[1, 1], [3, 3]]",dominance,0.4666666666666667,0.5,0.5333333333333333,3,0.5,1,1,0.5,0.0,,0.0,subject_dependent,rbf_svm,0.25,0.75,,0.5,0.5,0.625,0.5,0.5,0.5,,1,0.5,3,0.5
0.625,0.75,"{""clf__C"": 1.0, ""clf__gamma"": 0.001}",0.5850855489963311,"[[2, 0], [3, 3]]",dominance,0.6190476190476191,0.625,0.6428571428571428,3,0.5,2,0,0.0,0.33333333333333337,,0.4472135954999579,subject_dependent,rbf_svm,0.4,1.0,,0.7,0.625,0.85,0.75,0.625,0.625,,2,1.0,3,0.5
0.25,0.25,"{""clf__C"": 1.0, ""clf__gamma"": 0.001}",0.47319940282332734,"[[2, 0, 2], [0, 0, 4], [0, 0, 0]]",dominance,0.2222222222222222,0.25,0.3333333333333333,,,3,,,0.1428571428571429,,0.2886751345948129,subject_dependent,rbf_svm,,,,0.3333333333333333,0.25,0.5,0.16666666666666666,0.25,0.25,,,,,
0.5,0.3611111111111111,"{""clf__C"": 1.0, ""clf__gamma"": 0.001}",,"[[1, 0, 2], [0, 0, 1], [1, 0, 3]]",dominance,0.3333333333333333,0.5,0.45,,,4,,,0.05882352941176472,0.8619475532958114,0.06622661785325219,subject_dependent,rbf_svm,,,0.7411375661375662,0.3333333333333333,0.5,0.4375,0.3611111111111111,0.5,0.5,0.7000000000000001,,,,
0.625,0.4166666666666667,"{""clf__C"": 10.0, ""clf__gamma"": 0.001}",0.5019453344226499,"[[0, 0, 2], [0, 0, 0], [0, 1, 5]]",dominance,0.25641025641025644,0.625,0.576923076923077,,,0,,,-0.09090909090909083,,-0.1091089451179962,subject_dependent,rbf_svm,,,,0.2380952380952381,0.625,0.5357142857142857,0.2777777777777778,0.625,0.625,,,,,
0.5,0.26666666666666666,"{""clf__C"": 10.0, ""clf__gamma"": 0.001}",,"[[0, 0, 2], [0, 0, 1], [0, 1, 4]]",dominance,0.2222222222222222,0.5,0.41666666666666663,,,1,,,-0.1428571428571428,0.9936394951669122,-0.18333969940564226,subject_dependent,rbf_svm,,,0.41031746031746036,0.19047619047619047,0.5,0.3571428571428571,0.26666666666666666,0.5,0.5,0.3952380952380952,,,,
0.625,0.3333333333333333,"{""clf__C"": 10.0, ""clf__gamma"": 0.001}",,"[[0, 0, 2], [0, 0, 1], [0, 0, 5]]",dominance,0.25641025641025644,0.625,0.4807692307692308,,,2,,,0.0,1.0232350718516936,0.0,subject_dependent,rbf_svm,,,0.39999999999999997,0.20833333333333334,0.625,0.390625,0.3333333333333333,0.625,0.625,0.41190476190476194,,,,
0.75,0.3333333333333333,"{""clf__C"": 10.0, ""clf__gamma"": 0.001}",,"[[0, 0, 1], [0, 0, 1], [0, 0, 6]]",dominance,0.2857142857142857,0.75,0.6428571428571428,,,3,,,0.0,0.8012702281706687,0.0,subject_dependent,rbf_svm,,,0.4411375661375661,0.25,0.75,0.5625,0.3333333333333333,0.75,0.75,0.4682539682539682,,,,
0.5,0.3333333333333333,"{""clf__C"": 1.0, ""clf__gamma"": 0.01}",,"[[0, 0, 1], [0, 0, 3], [0, 0, 4]]",dominance,0.2222222222222222,0.5,0.3333333333333333,,,4,,,0.0,1.3088748761069546,0.0,subject_dependent,rbf_svm,,,0.7546296296296297,0.16666666666666666,0.5,0.25,0.3333333333333333,0.5,0.5,0.7138888888888889,,,,
0.3107142857142857,0.3022435551720419,"{""clf__C"": 10.0, ""clf__gamma"": 0.001}",,"[[19, 24, 30], [30, 24, 26], [41, 42, 44]]",valence,0.30104899125672807,0.3107142857142857,0.3172861442082306,,,0,,,-0.04063161948777205,1.126333142754174,-0.04107910681010676,cross_subject,rbf_svm,,,0.32904737206588086,0.30592592592592593,0.3107142857142857,0.33080158730158726,0.3022435551720419,0.3107142857142857,0.3107142857142857,0.4783884849784131,,,,
0.325,0.32100873013678083,"{""clf__C"": 1.0, ""clf__gamma"": 0.001}",,"[[24, 25, 33], [39, 27, 23], [32, 37, 40]]",valence,0.3216003765446148,0.325,0.3277638339337388,,,1,,,-0.013307802776448163,1.0895939458061912,-0.013351088208085104,cross_subject,rbf_svm,,,0.3618993714013788,0.32422301071029636,0.325,0.33261591478696745,0.32100873013678083,0.325,0.325,0.5243468935425658,,,,
0.35,0.3493076200907526,"{""clf__C"": 1.0, ""clf__gamma"": 0.001}",,"[[18, 24, 35], [22, 24, 37], [19, 19, 42]]",valence,0.33923185769153025,0.35,0.3399230341621185,,,2,,,0.024390243902438935,1.1001073108029005,0.024961453903919587,cross_subject,rbf_svm,,,0.3741723791656774,0.3439049178727238,0.35,0.34456897049098845,0.3493076200907526,0.35,0.35,0.534542205878285,,,,
0.3375,0.34289174877410167,"{""clf__C"": 10.0, ""clf__gamma"": 0.001}",,"[[14, 35, 36], [15, 30, 32], [20, 21, 37]]",valence,0.32714165602975104,0.3375,0.32352389966090295,,,3,,,0.01198767573725501,1.1059867307202065,0.012326401689155678,cross_subject,rbf_svm,,,0.38497514163918156,0.3289774824658546,0.3375,0.3276328903654485,0.34289174877410167,0.3375,0.3375,0.5343943660237439,,,,
0.3,0.2985722443553769,"{""clf__C"": 1.0, ""clf__gamma"": 0.001}",,"[[19, 26, 21], [33, 24, 26], [45, 17, 29]]",valence,0.30014474119246176,0.3,0.3064637228610264,,,4,,,-0.04129542108933126,1.1102270483231444,-0.042079027155460934,cross_subject,rbf_svm,,,0.34234904294965446,0.3118880637506985,0.3,0.3224285939402283,0.2985722443553769,0.3,0.3,0.483246604050064,,,,
0.2714285714285714,0.2667823044535373,"{""clf__C"": 1.0, ""clf__gamma"": 0.001}",,"[[16, 25, 32], [28, 26, 34], [42, 43, 34]]",arousal,0.26582481015150955,0.2714285714285714,0.2742301883275926,,,0,,,-0.09951876804619841,1.105941585421629,-0.10006857520102554,cross_subject,rbf_svm,,,0.34378441034270923,0.26754741876958604,0.2714285714285714,0.2799350745741147,0.2667823044535373,0.2714285714285714,0.2714285714285714,0.484923339463695,,,,
0.3678571428571429,0.37085771905996623,"{""clf__C"": 1.0, ""clf__gamma"": 0.001}",,"[[27, 38, 35], [19, 30, 40], [14, 31, 46]]",arousal,0.3635370667737187,0.3678571428571429,0.3630172191317314,,,1,,,0.05740043364144709,1.1018814861426014,0.058865124537521143,cross_subject,rbf_svm,,,0.39876238563522026,0.37773186409550047,0.3678571428571429,0.38058835104289646,0.37085771905996623,0.3678571428571429,0.3678571428571429,0.5515816942630943,,,,
0.2625,0.27648892740055203,"{""clf__C"": 10.0, ""clf__gamma"": 0.001}",,"[[16, 15, 21], [44, 21, 44], [35, 18, 26]]",arousal,0.26041271314251674,0.2625,0.2648763472669231,,,2,,,-0.07313376278893524,1.1581941735347316,-0.07808544728601383,cross_subject,rbf_svm,,,0.29770585610215866,0.2810080757449179,0.2625,0.3071592174881649,0.27648892740055203,0.2625,0.2625,0.43033653984466774,,,,
0.3958333333333333,0.3920508239031169,"{""clf__C"": 1.0, ""clf__gamma"": 0.001}",,"[[33, 16, 26], [23, 22, 28], [29, 23, 40]]",arousal,0.3903219119456481,0.3958333333333333,0.39365642386187344,,,3,,,0.08718917217500788,1.096144183836226,0.0874746875097527,cross_subject,rbf_svm,,,0.35419110531759485,0.39147431557206075,0.3958333333333333,0.3941435503395638,0.3920508239031169,0.3958333333333333,0.3958333333333333,0.5237354295733124,,,,
0.35833333333333334,0.369978387998983,"{""clf__C"": 10.0, ""clf__gamma"": 0.001}",,"[[20, 35, 37], [14, 33, 25], [14, 29, 33]]",arousal,0.35407058079122855,0.35833333333333334,0.3489057950596412,,,4,,,0.051821446895844,1.1143136786201486,0.05384764458629993,cross_subject,rbf_svm,,,0.3624395928709497,0.3680804244287695,0.35833333333333334,0.37178407789232537,0.369978387998983,0.35833333333333334,0.35833333333333334,0.5291155360212215,,,,
0.32857142857142857,0.32570806100217864,"{""clf__C"": 10.0, ""clf__gamma"": 0.001}",,"[[19, 23, 30], [24, 27, 21], [43, 47, 46]]",dominance,0.31829424724686145,0.32857142857142857,0.3357926559693446,,,0,,,-0.011685116851168464,1.0875582658280014,-0.011958208103085814,cross_subject,rbf_svm,,,0.3426566608227777,0.32450251738192276,0.32857142857142857,0.3587252114943316,0.32570806100217864,0.32857142857142857,0.32857142857142857,0.5110176282051282,,,,
0.32142857142857145,0.32649018716982475,"{""clf__C"": 1.0, ""clf__gamma"": 0.001}",,"[[23, 37, 25], [22, 28, 21], [39, 46, 39]]",dominance,0.317695799477176,0.32142857142857145,0.32592771600868764,,,1,,,-0.006832074793239773,1.0911645720091303,-0.007040418177428949,cross_subject,rbf_svm,,,0.3555600673114565,0.32829510182451355,0.32142857142857145,0.350277989574208,0.32649018716982475,0.32142857142857145,0.32142857142857145,0.520111826759885,,,,
0.25416666666666665,0.24685034024914662,"{""clf__C"": 1.0, ""clf__gamma"": 0.001}",,"[[9, 24, 40], [27, 33, 43], [24, 21, 19]]",dominance,0.2429649641643882,0.25416666666666665,0.2587013029478442,,,2,,,-0.11128356355734903,1.1459145539927087,-0.11460084479509529,cross_subject,rbf_svm,,,0.3231003313928182,0.25311714429361487,0.25416666666666665,0.2768687154348919,0.24685034024914662,0.25416666666666665,0.25416666666666665,0.47981170005864576,,,,
0.30416666666666664,0.33178150593207223,"{""clf__C"": 10.0, ""clf__gamma"": 0.001}",,"[[11, 28, 56], [11, 24, 44], [10, 18, 38]]",dominance,0.28930833902374914,0.30416666666666664,0.277060802654307,,,3,,,-0.003957717549220918,1.1366154155249457,-0.004488168937995134,cross_subject,rbf_svm,,,0.3474490469226996,0.32065648723257417,0.30416666666666664,0.32464948887163564,0.33178150593207223,0.30416666666666664,0.30416666666666664,0.4999300236008897,,,,
0.32083333333333336,0.3049019190370749,"{""clf__C"": 1.0, ""clf__gamma"": 0.001}",,"[[11, 27, 19], [26, 29, 25], [35, 31, 37]]",dominance,0.3066739793079833,0.32083333333333336,0.32887197672400403,,,4,,,-0.024271463357159684,1.0954662693692871,-0.02451663996454528,cross_subject,rbf_svm,,,0.34555873783899466,0.3143004115226337,0.32083333333333336,0.3434349279835391,0.3049019190370749,0.32083333333333336,0.32083333333333336,0.49135868587520753,,,,
