accuracy,balanced_accuracy,best_params,brier,confusion_matrix,dimension,f1_macro,f1_micro,f1_weighted,fn,fnr,fold,fp,fpr,kappa,log_loss,mcc,mode,model,npv,ppv,pr_auc,precision_macro,precision_micro,precision_weighted,recall_macro,recall_micro,recall_weighted,roc_auc,tn,tnr,tp,tpr,trial_accuracy,trial_balanced_accuracy,trial_brier,trial_confusion_matrix,trial_f1_macro,trial_f1_micro,trial_f1_weighted,trial_fn,trial_fnr,trial_fp,trial_fpr,trial_kappa,trial_log_loss,trial_mcc,trial_npv,trial_ppv,trial_pr_auc,trial_precision_macro,trial_precision_micro,trial_precision_weighted,trial_recall_macro,trial_recall_micro,trial_recall_weighted,trial_roc_auc,trial_tn,trial_tnr,trial_tp,trial_tpr
0.5227272727272727,0.5636363636363637,"{""clf__C"": 235.1599274057192, ""clf__gamma"": 0.021154290797261225, ""clf__class_weight"": ""balanced""}",0.3589316346920542,"[[24, 9], [33, 22]]",valence,0.5224806201550387,0.5227272727272727,0.5197674418604652,33,0.6,,9,0.2727272727272727,0.11111111111111116,1.3322260120919247,0.12898980625943082,subject_dependent,rbf_svm,0.42105263157894735,0.7096774193548387,0.6597814056497388,0.565365025466893,0.5227272727272727,0.6014431239388794,0.5636363636363637,0.5227272727272727,0.5227272727272727,0.5614325068870524,24,0.7272727272727273,22,0.4,0.5,0.5333333333333333,0.28995603537680004,"[[2, 1], [3, 2]]",0.5,0.5,0.5,3,0.6,1,0.3333333333333333,0.05882352941176472,0.7791201087358247,0.06666666666666667,0.4,0.6666666666666666,0.7295238095238095,0.5333333333333333,0.5,0.5666666666666667,0.5333333333333333,0.5,0.5,0.5333333333333334,2,0.6666666666666666,2,0.4
0.5568181818181818,0.5568181818181818,"{""clf__C"": 0.40069130793659025, ""clf__gamma"": 0.0014899847475658245, ""clf__class_weight"": ""balanced""}",0.3170231479536346,"[[34, 10], [29, 15]]",valence,0.5351483136936205,0.5568181818181818,0.5351483136936204,29,0.6590909090909091,,10,0.22727272727272727,0.11363636363636365,0.9019164661058086,0.12598815766974242,subject_dependent,rbf_svm,0.5396825396825397,0.6,0.5642025166079574,0.5698412698412698,0.5568181818181818,0.5698412698412697,0.5568181818181818,0.5568181818181818,0.5568181818181818,0.47520661157024796,34,0.7727272727272727,15,0.3409090909090909,0.625,0.625,0.2967442537113889,"[[4, 0], [3, 1]]",0.5636363636363637,0.625,0.5636363636363637,3,0.75,0,0.0,0.25,0.8149103876470043,0.3779644730092272,0.5714285714285714,1.0,0.6666666666666666,0.7857142857142857,0.625,0.7857142857142857,0.625,0.625,0.625,0.5,4,1.0,1,0.25
0.5681818181818182,0.5151515151515151,"{""clf__C"": 2.2463533171675794, ""clf__gamma"": 0.0006516990611177178, ""clf__class_weight"": null}",0.21126407374026793,"[[41, 25], [13, 9]]",valence,0.5023809523809524,0.5681818181818182,0.5928571428571429,13,0.5909090909090909,,25,0.3787878787878788,0.02564102564102566,0.5997331979190355,0.026948402781814772,subject_dependent,rbf_svm,0.7592592592592593,0.2647058823529412,0.35654936550665234,0.5119825708061002,0.5681818181818182,0.6356209150326797,0.5151515151515151,0.5681818181818182,0.5681818181818182,0.6494490358126721,41,0.6212121212121212,9,0.4090909090909091,0.625,0.5833333333333333,0.19505739032662783,"[[4, 2], [1, 1]]",0.5636363636363637,0.625,0.6454545454545454,1,0.5,2,0.3333333333333333,0.1428571428571429,0.5702523055529265,0.14907119849998599,0.8,0.3333333333333333,0.5,0.5666666666666667,0.625,0.6833333333333335,0.5833333333333333,0.625,0.625,0.7500000000000001,4,0.6666666666666666,1,0.5
0.5227272727272727,0.503030303030303,"{""clf__C"": 0.40069130793659025, ""clf__gamma"": 0.0014899847475658245, ""clf__class_weight"": ""balanced""}",0.25116435366496004,"[[32, 23], [19, 14]]",valence,0.5018867924528302,0.5227272727272727,0.5273584905660378,19,0.5757575757575758,,23,0.41818181818181815,0.00591715976331364,0.6943136998225549,0.0059438579301791,subject_dependent,rbf_svm,0.6274509803921569,0.3783783783783784,0.4076978291232096,0.5029146793852677,0.5227272727272727,0.53404875463699,0.503030303030303,0.5227272727272727,0.5227272727272727,0.5663911845730027,32,0.5818181818181818,14,0.42424242424242425,0.5,0.4666666666666667,0.2400660973345079,"[[3, 2], [2, 1]]",0.4666666666666667,0.5,0.5,2,0.6666666666666666,2,0.4,-0.06666666666666665,0.6670410587340715,-0.06666666666666667,0.6,0.3333333333333333,0.5,0.4666666666666667,0.5,0.5,0.4666666666666667,0.5,0.5,0.6,3,0.6,1,0.3333333333333333
0.5,0.503030303030303,"{""clf__C"": 13.411788774467905, ""clf__gamma"": 0.00026210878782654407, ""clf__class_weight"": ""balanced""}",0.31887223043311225,"[[17, 16], [28, 27]]",valence,0.4934589220303506,0.5,0.5078492935635792,28,0.509090909090909,,16,0.48484848484848486,0.005649717514124242,0.8778106821241721,0.0058696727088374916,subject_dependent,rbf_svm,0.37777777777777777,0.627906976744186,0.6559694409879823,0.5028423772609819,0.5,0.5341085271317829,0.503030303030303,0.5,0.5,0.4754820936639118,17,0.5151515151515151,27,0.4909090909090909,0.375,0.43333333333333335,0.29386736895906257,"[[2, 1], [4, 1]]",0.36507936507936506,0.375,0.34523809523809523,4,0.8,1,0.3333333333333333,-0.11111111111111116,0.7992689563639201,-0.14907119849998599,0.3333333333333333,0.5,0.7416666666666667,0.41666666666666663,0.375,0.4375,0.43333333333333335,0.375,0.375,0.5333333333333334,2,0.6666666666666666,1,0.2
0.48863636363636365,0.2792207792207792,"{""clf__C"": 0.21466070134458173, ""clf__gamma"": 0.0012955517240662183, ""clf__class_weight"": ""balanced""}",0.32216163720291446,"[[43, 34], [11, 0]]",valence,0.3282442748091603,0.48863636363636365,0.5744274809160305,11,1.0,,34,0.44155844155844154,-0.23287671232876717,0.896136601190505,-0.29991180361414577,subject_dependent,rbf_svm,0.7962962962962963,0.0,0.08227977981559746,0.39814814814814814,0.48863636363636365,0.6967592592592593,0.2792207792207792,0.48863636363636365,0.48863636363636365,0.18654073199527746,43,0.5584415584415584,0,0.0,0.5,0.2857142857142857,0.31354585120395306,"[[4, 3], [1, 0]]",0.3333333333333333,0.5,0.5833333333333333,1,1.0,3,0.42857142857142855,-0.23076923076923084,0.8703535447596144,-0.29277002188455997,0.8,0.0,0.14285714285714285,0.4,0.5,0.7000000000000001,0.2857142857142857,0.5,0.5,0.1428571428571429,4,0.5714285714285714,0,0.0
0.6136363636363636,0.6136363636363636,"{""clf__C"": 0.24298576400577698, ""clf__gamma"": 0.0020797422068521733, ""clf__class_weight"": null}",0.21083756562255693,"[[20, 24], [10, 34]]",valence,0.6036036036036037,0.6136363636363636,0.6036036036036037,10,0.22727272727272727,,24,0.5454545454545454,0.2272727272727273,0.6074268922241971,0.23973165074269207,subject_dependent,rbf_svm,0.6666666666666666,0.5862068965517241,0.8199486882305425,0.6264367816091954,0.6136363636363636,0.6264367816091954,0.6136363636363636,0.6136363636363636,0.6136363636363636,0.7644628099173554,20,0.45454545454545453,34,0.7727272727272727,0.625,0.625,0.20718186299431823,"[[2, 2], [1, 3]]",0.6190476190476191,0.625,0.6190476190476191,1,0.25,2,0.5,0.25,0.5991636146770003,0.2581988897471611,0.6666666666666666,0.6,0.8928571428571428,0.6333333333333333,0.625,0.6333333333333333,0.625,0.625,0.625,0.8125,2,0.5,3,0.75
0.7272727272727273,0.7121212121212122,"{""clf__C"": 0.21466070134458173, ""clf__gamma"": 0.0012955517240662183, ""clf__class_weight"": ""balanced""}",0.2082156456193628,"[[49, 17], [7, 15]]",valence,0.6794171220400729,0.7272727272727273,0.7413479052823315,7,0.3181818181818182,,17,0.25757575757575757,0.368421052631579,0.6147255813063084,0.3818813079129867,subject_dependent,rbf_svm,0.875,0.46875,0.4963614164998976,0.671875,0.7272727272727273,0.7734375,0.7121212121212122,0.7272727272727273,0.7272727272727273,0.7830578512396694,49,0.7424242424242424,15,0.6818181818181818,0.625,0.5833333333333333,0.2027243835180753,"[[4, 2], [1, 1]]",0.5636363636363637,0.625,0.6454545454545454,1,0.5,2,0.3333333333333333,0.1428571428571429,0.6030454061228074,0.14907119849998599,0.8,0.3333333333333333,0.5,0.5666666666666667,0.625,0.6833333333333335,0.5833333333333333,0.625,0.625,0.7500000000000001,4,0.6666666666666666,1,0.5
0.7045454545454546,0.7045454545454546,"{""clf__C"": 13.411788774467905, ""clf__gamma"": 0.00026210878782654407, ""clf__class_weight"": ""balanced""}",0.19338026998142005,"[[28, 16], [10, 34]]",valence,0.7031655422937209,0.7045454545454546,0.7031655422937209,10,0.22727272727272727,,16,0.36363636363636365,0.40909090909090906,0.5651274583468345,0.4129483209670112,subject_dependent,rbf_svm,0.7368421052631579,0.68,0.8029919205035532,0.708421052631579,0.7045454545454546,0.708421052631579,0.7045454545454546,0.7045454545454546,0.7045454545454546,0.7866735537190083,28,0.6363636363636364,34,0.7727272727272727,0.625,0.625,0.1690847479986427,"[[2, 2], [1, 3]]",0.6190476190476191,0.625,0.6190476190476191,1,0.25,2,0.5,0.25,0.5097877972020592,0.2581988897471611,0.6666666666666666,0.6,0.8541666666666666,0.6333333333333333,0.625,0.6333333333333333,0.625,0.625,0.625,0.8125,2,0.5,3,0.75
0.7386363636363636,0.7386363636363635,"{""clf__C"": 0.40069130793659025, ""clf__gamma"": 0.0014899847475658245, ""clf__class_weight"": ""balanced""}",0.17292534248495983,"[[24, 20], [3, 41]]",valence,0.7285043594902749,0.7386363636363636,0.7285043594902749,3,0.06818181818181818,,20,0.45454545454545453,0.4772727272727273,0.5242480051210389,0.517454889668201,subject_dependent,rbf_svm,0.8888888888888888,0.6721311475409836,0.7882436583983969,0.7805100182149363,0.7386363636363636,0.7805100182149363,0.7386363636363635,0.7386363636363636,0.7386363636363636,0.8037190082644627,24,0.5454545454545454,41,0.9318181818181818,0.75,0.75,0.16798220684954251,"[[2, 2], [0, 4]]",0.7333333333333334,0.75,0.7333333333333334,0,0.0,2,0.5,0.5,0.5140272584485304,0.5773502691896258,1.0,0.6666666666666666,0.8541666666666666,0.8333333333333333,0.75,0.8333333333333333,0.75,0.75,0.75,0.8125,2,0.5,4,1.0
0.625,0.5181818181818182,"{""clf__C"": 0.40069130793659025, ""clf__gamma"": 0.0014899847475658245, ""clf__class_weight"": ""balanced""}",0.2771401193506278,"[[52, 3], [30, 3]]",valence,0.45648512071869735,0.625,0.5321448624368332,30,0.9090909090909091,,3,0.05454545454545454,0.04347826086956519,0.9001048327518233,0.06984302957695782,subject_dependent,rbf_svm,0.6341463414634146,0.5,0.47666850361890933,0.5670731707317074,0.625,0.5838414634146342,0.5181818181818182,0.625,0.625,0.5267217630853994,52,0.9454545454545454,3,0.09090909090909091,0.625,0.5,0.24110974969200086,"[[5, 0], [3, 0]]",0.38461538461538464,0.625,0.4807692307692308,3,1.0,0,0.0,0.0,0.6977665808185952,0.0,0.625,0.0,0.7916666666666666,0.3125,0.625,0.390625,0.5,0.625,0.625,0.6666666666666666,5,1.0,0,0.0
0.7954545454545454,0.6818181818181818,"{""clf__C"": 0.5284919490133119, ""clf__gamma"": 0.005047786565710607, ""clf__class_weight"": null}",0.15030872837049317,"[[60, 6], [12, 10]]",valence,0.6979405034324943,0.7954545454545454,0.7837528604118993,12,0.5454545454545454,,6,0.09090909090909091,0.4,0.4962020147124397,0.408248290463863,subject_dependent,rbf_svm,0.8333333333333334,0.625,0.5679431270830555,0.7291666666666667,0.7954545454545454,0.78125,0.6818181818181818,0.7954545454545454,0.7954545454545454,0.7754820936639121,60,0.9090909090909091,10,0.45454545454545453,0.75,0.6666666666666667,0.11612464218084219,"[[5, 1], [1, 1]]",0.6666666666666667,0.75,0.75,1,0.5,1,0.16666666666666666,0.33333333333333337,0.38280686409158343,0.3333333333333333,0.8333333333333334,0.5,0.8333333333333333,0.6666666666666667,0.75,0.75,0.6666666666666667,0.75,0.75,0.9166666666666667,5,0.8333333333333334,1,0.5
0.5909090909090909,0.6303030303030303,"{""clf__C"": 0.40069130793659025, ""clf__gamma"": 0.0014899847475658245, ""clf__class_weight"": ""balanced""}",0.2563921843372908,"[[26, 7], [29, 26]]",valence,0.5909090909090909,0.5909090909090909,0.5909090909090909,29,0.5272727272727272,,7,0.21212121212121213,0.22994652406417115,0.7435972004348673,0.2606060606060606,subject_dependent,rbf_svm,0.4727272727272727,0.7878787878787878,0.8158683683709869,0.6303030303030303,0.5909090909090909,0.6696969696969697,0.6303030303030303,0.5909090909090909,0.5909090909090909,0.6853994490358126,26,0.7878787878787878,26,0.4727272727272727,0.75,0.8,0.20956207610571542,"[[3, 0], [2, 3]]",0.75,0.75,0.75,2,0.4,0,0.0,0.5294117647058824,0.6056924098263543,0.6,0.6,1.0,0.9028571428571428,0.8,0.75,0.85,0.8,0.75,0.75,0.8,3,1.0,3,0.6
0.42045454545454547,0.5242424242424243,"{""clf__C"": 166.2878326769575, ""clf__gamma"": 0.008979064194712979, ""clf__class_weight"": ""balanced""}",0.47719815380358843,"[[31, 2], [49, 6]]",valence,0.3695743784239359,0.42045454545454547,0.3247998314369996,49,0.8909090909090909,,2,0.06060606060606061,0.037735849056603765,1.9868488405565232,0.08164965809277261,subject_dependent,rbf_svm,0.3875,0.75,0.720294430995506,0.56875,0.42045454545454547,0.6140625000000001,0.5242424242424243,0.42045454545454547,0.42045454545454547,0.6407713498622589,31,0.9393939393939394,6,0.10909090909090909,0.375,0.5,0.4191872821121775,"[[3, 0], [5, 0]]",0.2727272727272727,0.375,0.20454545454545453,5,1.0,0,0.0,0.0,1.1373009472700217,0.0,0.375,0.0,0.81,0.1875,0.375,0.140625,0.5,0.375,0.375,0.7333333333333334,3,1.0,0,0.0
0.8181818181818182,0.7878787878787878,"{""clf__C"": 0.9020715489795292, ""clf__gamma"": 0.0048275888720946784, ""clf__class_weight"": null}",0.20084166931720995,"[[50, 5], [11, 22]]",valence,0.7977011494252872,0.8181818181818182,0.8137931034482758,11,0.3333333333333333,,5,0.09090909090909091,0.5974842767295597,0.732290821201883,0.6044093528868608,subject_dependent,rbf_svm,0.819672131147541,0.8148148148148148,0.7665946443035472,0.8172434729811779,0.8181818181818182,0.8178506375227687,0.7878787878787878,0.8181818181818182,0.8181818181818182,0.6975206611570247,50,0.9090909090909091,22,0.6666666666666666,0.875,0.8333333333333333,0.1727314586930227,"[[5, 0], [1, 2]]",0.8545454545454545,0.875,0.8681818181818182,1,0.3333333333333333,0,0.0,0.7142857142857143,0.6252682957268179,0.7453559924999299,0.8333333333333334,1.0,0.7916666666666666,0.9166666666666667,0.875,0.8958333333333334,0.8333333333333333,0.875,0.875,0.6666666666666666,5,1.0,2,0.6666666666666666
0.5113636363636364,0.6742424242424243,"{""clf__C"": 1.351144633701368, ""clf__gamma"": 0.015446089075047083, ""clf__class_weight"": ""balanced""}",0.3505516403939325,"[[22, 0], [43, 23]]",valence,0.5113005295105257,0.5113636363636364,0.5140772310473977,43,0.6515151515151515,,0,0.0,0.21100917431192656,1.0709522497566626,0.34343662872314296,subject_dependent,rbf_svm,0.3384615384615385,1.0,0.908981055869488,0.6692307692307693,0.5113636363636364,0.8346153846153846,0.6742424242424243,0.5113636363636364,0.5113636363636364,0.7358815426997245,22,1.0,23,0.3484848484848485,0.375,0.5833333333333334,0.289393626330473,"[[2, 0], [5, 1]]",0.36507936507936506,0.375,0.32539682539682535,5,0.8333333333333334,0,0.0,0.09090909090909094,0.7697326103107001,0.2182178902359924,0.2857142857142857,1.0,1.0,0.6428571428571428,0.375,0.8214285714285714,0.5833333333333334,0.375,0.375,1.0,2,1.0,1,0.16666666666666666
0.5454545454545454,0.5757575757575758,"{""clf__C"": 166.2878326769575, ""clf__gamma"": 0.008979064194712979, ""clf__class_weight"": ""balanced""}",0.3227555509367594,"[[23, 10], [30, 25]]",valence,0.545219638242894,0.5454545454545454,0.5478036175710593,30,0.5454545454545454,,10,0.30303030303030304,0.1351351351351351,0.9580376643402878,0.14987266233254518,subject_dependent,rbf_svm,0.4339622641509434,0.7142857142857143,0.6519017248198669,0.5741239892183289,0.5454545454545454,0.6091644204851753,0.5757575757575758,0.5454545454545454,0.5454545454545454,0.5487603305785124,23,0.696969696969697,25,0.45454545454545453,0.625,0.7,0.2603608428468172,"[[3, 0], [3, 2]]",0.6190476190476191,0.625,0.6071428571428571,3,0.6,0,0.0,0.33333333333333337,0.7185433042613152,0.4472135954999579,0.5,1.0,0.8392857142857143,0.75,0.625,0.8125,0.7,0.625,0.625,0.6,3,1.0,2,0.4
0.5227272727272727,0.44242424242424244,"{""clf__C"": 7.709391232564023, ""clf__gamma"": 0.00026471141828218194, ""clf__class_weight"": null}",0.2948072935104695,"[[42, 13], [29, 4]]",valence,0.41333333333333333,0.5227272727272727,0.4766666666666666,29,0.8787878787878788,,13,0.23636363636363636,-0.12751677852348986,0.824462792884016,-0.14120638548930775,subject_dependent,rbf_svm,0.5915492957746479,0.23529411764705882,0.36416655385591745,0.4134217067108533,0.5227272727272727,0.45795360397680196,0.44242424242424244,0.5227272727272727,0.5227272727272727,0.47493112947658406,42,0.7636363636363637,4,0.12121212121212122,0.5,0.4,0.2659395894198195,"[[4, 1], [3, 0]]",0.3333333333333333,0.5,0.41666666666666663,3,1.0,1,0.2,-0.23076923076923084,0.7252845374959624,-0.29277002188455997,0.5714285714285714,0.0,0.4444444444444445,0.2857142857142857,0.5,0.3571428571428571,0.4,0.5,0.5,0.5333333333333333,4,0.8,0,0.0
0.5340909090909091,0.5075757575757576,"{""clf__C"": 2.2463533171675794, ""clf__gamma"": 0.0006516990611177178, ""clf__class_weight"": null}",0.29187183029804337,"[[37, 29], [12, 10]]",valence,0.4856735566642908,0.5340909090909091,0.564575908766928,12,0.5454545454545454,,29,0.4393939393939394,0.012048192771084376,0.7888992726691015,0.013207147529172122,subject_dependent,rbf_svm,0.7551020408163265,0.2564102564102564,0.2422203303308661,0.5057561486132914,0.5340909090909091,0.6304290947148089,0.5075757575757576,0.5340909090909091,0.5340909090909091,0.5027548209366391,37,0.5606060606060606,10,0.45454545454545453,0.5,0.6666666666666666,0.27729519680551695,"[[2, 4], [0, 2]]",0.5,0.5,0.5,0,0.0,4,0.6666666666666666,0.19999999999999996,0.7508850178175952,0.3333333333333333,1.0,0.3333333333333333,0.41666666666666663,0.6666666666666666,0.5,0.8333333333333334,0.6666666666666666,0.5,0.5,0.6666666666666667,2,0.3333333333333333,2,1.0
0.5,0.5,"{""clf__C"": 5.2117930643778205, ""clf__gamma"": 0.0036999724314638123, ""clf__class_weight"": null}",0.321316058245615,"[[23, 21], [23, 21]]",valence,0.49974160206718343,0.5,0.4997416020671834,23,0.5227272727272727,,21,0.4772727272727273,0.0,0.9252514873715026,0.0,subject_dependent,rbf_svm,0.5,0.5,0.5566192029740512,0.5,0.5,0.5,0.5,0.5,0.5,0.5511363636363636,23,0.5227272727272727,21,0.4772727272727273,0.5,0.5,0.2730234783331264,"[[2, 2], [2, 2]]",0.5,0.5,0.5,2,0.5,2,0.5,0.0,0.7379865169551779,0.0,0.5,0.5,0.6678571428571428,0.5,0.5,0.5,0.5,0.5,0.5,0.5625,2,0.5,2,0.5
0.4090909090909091,0.40909090909090906,"{""clf__C"": 0.40069130793659025, ""clf__gamma"": 0.0014899847475658245, ""clf__class_weight"": ""balanced""}",0.34741173118703106,"[[22, 22], [30, 14]]",valence,0.4041666666666667,0.4090909090909091,0.4041666666666666,30,0.6818181818181818,,22,0.5,-0.18181818181818188,0.945465544608836,-0.1849000654084097,subject_dependent,rbf_svm,0.4230769230769231,0.3888888888888889,0.433450715076047,0.405982905982906,0.4090909090909091,0.405982905982906,0.40909090909090906,0.4090909090909091,0.4090909090909091,0.4230371900826446,22,0.5,14,0.3181818181818182,0.5,0.5,0.33467879681518753,"[[2, 2], [2, 2]]",0.5,0.5,0.5,2,0.5,2,0.5,0.0,0.9076168996050727,0.0,0.5,0.5,0.5428571428571428,0.5,0.5,0.5,0.5,0.5,0.5,0.5,2,0.5,2,0.5
0.5,0.5606060606060606,"{""clf__C"": 13.411788774467905, ""clf__gamma"": 0.00026210878782654407, ""clf__class_weight"": ""balanced""}",0.3054461807624028,"[[15, 7], [37, 29]]",valence,0.4870164281928988,0.5,0.5278219395866455,37,0.5606060606060606,,7,0.3181818181818182,0.08333333333333337,0.8340235387407687,0.10675210253672476,subject_dependent,rbf_svm,0.28846153846153844,0.8055555555555556,0.8057495263854842,0.5470085470085471,0.5,0.6762820512820513,0.5606060606060606,0.5,0.5,0.559228650137741,15,0.6818181818181818,29,0.4393939393939394,0.375,0.5833333333333334,0.28295640134166655,"[[2, 0], [5, 1]]",0.36507936507936506,0.375,0.32539682539682535,5,0.8333333333333334,0,0.0,0.09090909090909094,0.770396980399622,0.2182178902359924,0.2857142857142857,1.0,0.9107142857142857,0.6428571428571428,0.375,0.8214285714285714,0.5833333333333334,0.375,0.375,0.6666666666666666,2,1.0,1,0.16666666666666666
0.5795454545454546,0.5727272727272728,"{""clf__C"": 0.40069130793659025, ""clf__gamma"": 0.0014899847475658245, ""clf__class_weight"": ""balanced""}",0.29395627160636617,"[[33, 22], [15, 18]]",valence,0.5669636919803165,0.5795454545454546,0.585416943742519,15,0.45454545454545453,,22,0.4,0.13953488372093026,0.8009170832664797,0.1414213562373095,subject_dependent,rbf_svm,0.6875,0.45,0.4665136081756759,0.56875,0.5795454545454546,0.5984375000000001,0.5727272727272728,0.5795454545454546,0.5795454545454546,0.5550964187327824,33,0.6,18,0.5454545454545454,0.375,0.43333333333333335,0.28498793463117955,"[[1, 4], [1, 2]]",0.36507936507936506,0.375,0.34523809523809523,1,0.3333333333333333,4,0.8,-0.11111111111111116,0.7783720741475183,-0.14907119849998599,0.5,0.3333333333333333,0.5138888888888888,0.41666666666666663,0.375,0.4375,0.43333333333333335,0.375,0.375,0.5333333333333333,1,0.2,2,0.6666666666666666
0.5340909090909091,0.5340909090909091,"{""clf__C"": 0.4342298948286134, ""clf__gamma"": 0.0008179499475211679, ""clf__class_weight"": ""balanced""}",0.2443962441979652,"[[43, 1], [40, 4]]",valence,0.4202153302265788,0.5340909090909091,0.4202153302265788,40,0.9090909090909091,,1,0.022727272727272728,0.06818181818181823,0.6818938691962075,0.1472642081021448,subject_dependent,rbf_svm,0.5180722891566265,0.8,0.6191103696121372,0.6590361445783133,0.5340909090909091,0.6590361445783133,0.5340909090909091,0.5340909090909091,0.5340909090909091,0.6087293388429752,43,0.9772727272727273,4,0.09090909090909091,0.75,0.75,0.243872764941603,"[[2, 2], [0, 4]]",0.7333333333333334,0.75,0.7333333333333334,0,0.0,2,0.5,0.5,0.6808876356565939,0.5773502691896258,1.0,0.6666666666666666,0.6791666666666667,0.8333333333333333,0.75,0.8333333333333333,0.75,0.75,0.75,0.75,2,0.5,4,1.0
0.5227272727272727,0.5454545454545454,"{""clf__C"": 5.2117930643778205, ""clf__gamma"": 0.0036999724314638123, ""clf__class_weight"": null}",0.3510083706992802,"[[21, 12], [30, 25]]",valence,0.5217391304347826,0.5227272727272727,0.5271739130434783,30,0.5454545454545454,,12,0.36363636363636365,0.08196721311475408,1.0352196935706428,0.0891578689526865,subject_dependent,rbf_svm,0.4117647058823529,0.6756756756756757,0.6888647700034186,0.5437201907790143,0.5227272727272727,0.5767090620031796,0.5454545454545454,0.5227272727272727,0.5227272727272727,0.5041322314049587,21,0.6363636363636364,25,0.45454545454545453,0.5,0.4666666666666667,0.27654124662646573,"[[1, 2], [2, 3]]",0.4666666666666667,0.5,0.5,2,0.4,2,0.6666666666666666,-0.06666666666666665,0.7552974497081497,-0.06666666666666667,0.3333333333333333,0.6,0.7892857142857144,0.4666666666666667,0.5,0.5,0.4666666666666667,0.5,0.5,0.5333333333333333,1,0.3333333333333333,3,0.6
0.4090909090909091,0.3878787878787879,"{""clf__C"": 64.69870699850829, ""clf__gamma"": 0.0008200518402245837, ""clf__class_weight"": null}",0.4865951292245171,"[[10, 23], [29, 26]]",valence,0.3888888888888889,0.4090909090909091,0.41666666666666674,29,0.5272727272727272,,23,0.696969696969697,-0.21637426900584789,1.830560322519083,-0.21853738951431967,subject_dependent,rbf_svm,0.2564102564102564,0.5306122448979592,0.6037869213395037,0.3935112506541078,0.4090909090909091,0.4277864992150706,0.3878787878787879,0.4090909090909091,0.4090909090909091,0.3746556473829201,10,0.30303030303030304,26,0.4727272727272727,0.25,0.2,0.4418417231472569,"[[0, 3], [3, 2]]",0.2,0.25,0.25,3,0.6,3,1.0,-0.6000000000000001,1.227255571044524,-0.6,0.0,0.4,0.7392857142857143,0.2,0.25,0.25,0.2,0.25,0.25,0.4,0,0.0,2,0.4
0.5795454545454546,0.4939393939393939,"{""clf__C"": 0.40069130793659025, ""clf__gamma"": 0.0014899847475658245, ""clf__class_weight"": ""balanced""}",0.24448714633667087,"[[5, 28], [9, 46]]",valence,0.46297212601022597,0.5795454545454546,0.5255236681510804,9,0.16363636363636364,,28,0.8484848484848485,-0.013698630136986356,0.6849195270085109,-0.016043698370396316,subject_dependent,rbf_svm,0.35714285714285715,0.6216216216216216,0.6134574267329094,0.48938223938223935,0.5795454545454546,0.5224420849420849,0.4939393939393939,0.5795454545454546,0.5795454545454546,0.4479338842975207,5,0.15151515151515152,46,0.8363636363636363,0.625,0.5,0.24045257659083147,"[[0, 3], [0, 5]]",0.38461538461538464,0.625,0.4807692307692308,0,0.0,3,1.0,0.0,0.6757003773536293,0.0,0.0,0.625,0.5961904761904762,0.3125,0.625,0.390625,0.5,0.625,0.625,0.4,0,0.0,5,1.0
0.38636363636363635,0.38636363636363635,"{""clf__C"": 160.49758307716223, ""clf__gamma"": 0.00018427970406864567, ""clf__class_weight"": null}",0.49550126165318903,"[[16, 28], [26, 18]]",valence,0.386046511627907,0.38636363636363635,0.386046511627907,26,0.5909090909090909,,28,0.6363636363636364,-0.2272727272727273,1.946208696387876,-0.22750787759664504,subject_dependent,rbf_svm,0.38095238095238093,0.391304347826087,0.4164817317710702,0.3861283643892339,0.38636363636363635,0.3861283643892339,0.38636363636363635,0.38636363636363635,0.38636363636363635,0.33987603305785125,16,0.36363636363636365,18,0.4090909090909091,0.375,0.375,0.419046421903532,"[[1, 3], [2, 2]]",0.36507936507936506,0.375,0.36507936507936506,2,0.5,3,0.75,-0.25,1.1522632725502628,-0.2581988897471611,0.3333333333333333,0.4,0.5821428571428572,0.3666666666666667,0.375,0.3666666666666667,0.375,0.375,0.375,0.3125,1,0.25,2,0.5
0.4318181818181818,0.37575757575757573,"{""clf__C"": 0.40069130793659025, ""clf__gamma"": 0.0014899847475658245, ""clf__class_weight"": ""balanced""}",0.31038638972649346,"[[5, 28], [22, 33]]",valence,0.367816091954023,0.4318181818181818,0.4181034482758621,22,0.4,,28,0.8484848484848485,-0.25786163522012573,0.8385183540328544,-0.26085035229854,subject_dependent,rbf_svm,0.18518518518518517,0.5409836065573771,0.55016791914823,0.36308439587128116,0.4318181818181818,0.4075591985428051,0.37575757575757573,0.4318181818181818,0.4318181818181818,0.312396694214876,5,0.15151515151515152,33,0.6,0.5,0.4,0.29988512605664097,"[[0, 3], [1, 4]]",0.3333333333333333,0.5,0.41666666666666663,1,0.2,3,1.0,-0.23076923076923084,0.8047253142035979,-0.29277002188455997,0.0,0.5714285714285714,0.5726190476190476,0.2857142857142857,0.5,0.3571428571428571,0.4,0.5,0.5,0.2666666666666667,0,0.0,4,0.8
0.5568181818181818,0.5075757575757576,"{""clf__C"": 160.49758307716223, ""clf__gamma"": 0.00018427970406864567, ""clf__class_weight"": null}",0.26093184245539613,"[[9, 13], [26, 40]]",valence,0.4940291906236179,0.5568181818181818,0.5831490490933215,26,0.3939393939393939,,13,0.5909090909090909,0.012658227848101222,0.7265198909344108,0.013405018437777728,subject_dependent,rbf_svm,0.2571428571428571,0.7547169811320755,0.8180730481966589,0.5059299191374663,0.5568181818181818,0.630323450134771,0.5075757575757576,0.5568181818181818,0.5568181818181818,0.5881542699724518,9,0.4090909090909091,40,0.6060606060606061,0.75,0.6666666666666667,0.2000700554453213,"[[1, 1], [1, 5]]",0.6666666666666667,0.75,0.75,1,0.16666666666666666,1,0.5,0.33333333333333337,0.5831824891378334,0.3333333333333333,0.5,0.8333333333333334,0.8734126984126984,0.6666666666666667,0.75,0.75,0.6666666666666667,0.75,0.75,0.6666666666666666,1,0.5,5,0.8333333333333334
0.6022727272727273,0.4772727272727273,"{""clf__C"": 32.32518791282502, ""clf__gamma"": 0.0005104518230902811, ""clf__class_weight"": ""balanced""}",0.2721203171154785,"[[5, 17], [18, 48]]",valence,0.4775233248515691,0.6022727272727273,0.6051738761662425,18,0.2727272727272727,,17,0.7727272727272727,-0.04477611940298498,0.7884774980031928,-0.044796082007366476,subject_dependent,rbf_svm,0.21739130434782608,0.7384615384615385,0.7221474181960181,0.4779264214046823,0.6022727272727273,0.6081939799331104,0.4772727272727273,0.6022727272727273,0.6022727272727273,0.4146005509641873,5,0.22727272727272727,48,0.7272727272727273,0.625,0.4166666666666667,0.2321899317652651,"[[0, 2], [1, 5]]",0.38461538461538464,0.625,0.576923076923077,1,0.16666666666666666,2,1.0,-0.19999999999999996,0.6544104347584627,-0.2182178902359924,0.0,0.7142857142857143,0.732936507936508,0.35714285714285715,0.625,0.5357142857142857,0.4166666666666667,0.625,0.625,0.25,0,0.0,5,0.8333333333333334
0.4431818181818182,0.46212121212121215,"{""clf__C"": 243.14537412227003, ""clf__gamma"": 0.0004992453416923984, ""clf__class_weight"": ""balanced""}",0.3873119328969781,"[[11, 11], [38, 28]]",valence,0.42159624413145536,0.4431818181818182,0.4774647887323944,38,0.5757575757575758,,11,0.5,-0.053763440860215006,1.3419053643394379,-0.06603573764586061,subject_dependent,rbf_svm,0.22448979591836735,0.717948717948718,0.7031275340264881,0.47121925693354266,0.4431818181818182,0.5945839874411303,0.46212121212121215,0.4431818181818182,0.4431818181818182,0.509641873278237,11,0.5,28,0.42424242424242425,0.375,0.41666666666666663,0.299102014511923,"[[1, 1], [4, 2]]",0.36507936507936506,0.375,0.40476190476190477,4,0.6666666666666666,1,0.5,-0.11111111111111116,0.796382248700249,-0.14907119849998599,0.2,0.6666666666666666,0.7345238095238095,0.43333333333333335,0.375,0.55,0.41666666666666663,0.375,0.375,0.5,1,0.5,2,0.3333333333333333
0.6704545454545454,0.6704545454545454,"{""clf__C"": 0.21466070134458173, ""clf__gamma"": 0.0012955517240662183, ""clf__class_weight"": ""balanced""}",0.2576755073739502,"[[22, 22], [7, 37]]",valence,0.6605931639845724,0.6704545454545454,0.6605931639845725,7,0.1590909090909091,,22,0.5,0.34090909090909094,0.7108639480829233,0.3626321077722929,subject_dependent,rbf_svm,0.7586206896551724,0.6271186440677966,0.5552602786027669,0.6928696668614844,0.6704545454545454,0.6928696668614845,0.6704545454545454,0.6704545454545454,0.6704545454545454,0.6415289256198347,22,0.5,37,0.8409090909090909,0.5,0.5,0.2571965677890106,"[[0, 4], [0, 4]]",0.3333333333333333,0.5,0.3333333333333333,0,0.0,4,1.0,0.0,0.7095387918681357,0.0,0.0,0.5,0.5666666666666667,0.25,0.5,0.25,0.5,0.5,0.5,0.5625,0,0.0,4,1.0
0.6363636363636364,0.4545454545454546,"{""clf__C"": 12.957079329680445, ""clf__gamma"": 0.00032476735706274504, ""clf__class_weight"": null}",0.2426082155212369,"[[2, 20], [12, 54]]",valence,0.44126984126984126,0.6363636363636364,0.6063492063492064,12,0.18181818181818182,,20,0.9090909090909091,-0.10344827586206895,0.6892983663584479,-0.10762440050012628,subject_dependent,rbf_svm,0.14285714285714285,0.7297297297297297,0.6846415052582165,0.4362934362934363,0.6363636363636364,0.5830115830115831,0.4545454545454546,0.6363636363636364,0.6363636363636364,0.39325068870523416,2,0.09090909090909091,54,0.8181818181818182,0.75,0.5,0.22384565990158556,"[[0, 2], [0, 6]]",0.42857142857142855,0.75,0.6428571428571428,0,0.0,2,1.0,0.0,0.6407281485242649,0.0,0.0,0.75,0.7051587301587301,0.375,0.75,0.5625,0.5,0.75,0.75,0.16666666666666666,0,0.0,6,1.0
0.5909090909090909,0.5333333333333333,"{""clf__C"": 0.40069130793659025, ""clf__gamma"": 0.0014899847475658245, ""clf__class_weight"": ""balanced""}",0.22524809738635862,"[[10, 23], [13, 42]]",valence,0.5285714285714286,0.5909090909090909,0.5714285714285714,13,0.23636363636363636,,23,0.696969696969697,0.07096774193548383,0.6413798086671203,0.07345586196235955,subject_dependent,rbf_svm,0.43478260869565216,0.6461538461538462,0.7326015031526765,0.5404682274247492,0.5909090909090909,0.5668896321070235,0.5333333333333333,0.5909090909090909,0.5909090909090909,0.6176308539944904,10,0.30303030303030304,42,0.7636363636363637,0.625,0.5666666666666667,0.21873618317663085,"[[1, 2], [1, 4]]",0.5636363636363637,0.625,0.6045454545454546,1,0.2,2,0.6666666666666666,0.1428571428571429,0.6280364277358188,0.14907119849998599,0.5,0.6666666666666666,0.7861904761904762,0.5833333333333333,0.625,0.6041666666666666,0.5666666666666667,0.625,0.625,0.6666666666666667,1,0.3333333333333333,4,0.8
0.5909090909090909,0.6493506493506493,"{""clf__C"": 48.43827864278568, ""clf__gamma"": 0.00039459088111000007, ""clf__class_weight"": ""balanced""}",0.27825041082606294,"[[44, 33], [3, 8]]",valence,0.5086848635235732,0.5909090909090909,0.6594292803970224,3,0.2727272727272727,,33,0.42857142857142855,0.13772455089820357,0.8511722596359729,0.1980331787649829,subject_dependent,rbf_svm,0.9361702127659575,0.1951219512195122,0.19557446802943243,0.5656460819927348,0.5909090909090909,0.8435391800726517,0.6493506493506493,0.5909090909090909,0.5909090909090909,0.6328217237308147,44,0.5714285714285714,8,0.7272727272727273,0.875,0.9285714285714286,0.2001844926556426,"[[6, 1], [0, 1]]",0.7948717948717949,0.875,0.8910256410256411,0,0.0,1,0.14285714285714285,0.6,0.5920259060534165,0.6546536707079772,1.0,0.5,0.5,0.75,0.875,0.9375,0.9285714285714286,0.875,0.875,0.8571428571428572,6,0.8571428571428571,1,1.0
0.4772727272727273,0.4772727272727273,"{""clf__C"": 5.2117930643778205, ""clf__gamma"": 0.0036999724314638123, ""clf__class_weight"": null}",0.43225825077549695,"[[34, 10], [36, 8]]",valence,0.42727787209960383,0.4772727272727273,0.42727787209960383,36,0.8181818181818182,,10,0.22727272727272727,-0.045454545454545414,1.7388362911487254,-0.05634361698190111,subject_dependent,rbf_svm,0.4857142857142857,0.4444444444444444,0.5403327037813455,0.4650793650793651,0.4772727272727273,0.46507936507936504,0.4772727272727273,0.4772727272727273,0.4772727272727273,0.4943181818181819,34,0.7727272727272727,8,0.18181818181818182,0.375,0.375,0.3484727165802943,"[[3, 1], [4, 0]]",0.2727272727272727,0.375,0.2727272727272727,4,1.0,1,0.25,-0.25,1.2521874177043137,-0.3779644730092272,0.42857142857142855,0.0,0.525,0.21428571428571427,0.375,0.21428571428571427,0.375,0.375,0.375,0.4375,3,0.75,0,0.0
0.4772727272727273,0.5454545454545454,"{""clf__C"": 0.40069130793659025, ""clf__gamma"": 0.0014899847475658245, ""clf__class_weight"": ""balanced""}",0.29504107692668574,"[[27, 39], [7, 15]]",valence,0.4673684210526316,0.4772727272727273,0.5036842105263157,7,0.3181818181818182,,39,0.5909090909090909,0.061224489795918324,0.8006372810969445,0.08084520834544433,subject_dependent,rbf_svm,0.7941176470588235,0.2777777777777778,0.3007416746376133,0.5359477124183006,0.4772727272727273,0.6650326797385621,0.5454545454545454,0.4772727272727273,0.4772727272727273,0.5585399449035813,27,0.4090909090909091,15,0.6818181818181818,0.375,0.41666666666666663,0.27789617071370953,"[[2, 4], [1, 1]]",0.36507936507936506,0.375,0.40476190476190477,1,0.5,4,0.6666666666666666,-0.11111111111111116,0.749495649418104,-0.14907119849998599,0.6666666666666666,0.2,0.6428571428571428,0.43333333333333335,0.375,0.55,0.41666666666666663,0.375,0.375,0.5833333333333333,2,0.3333333333333333,1,0.5
0.3977272727272727,0.3977272727272727,"{""clf__C"": 20.12196163610286, ""clf__gamma"": 0.0008612579192594886, ""clf__class_weight"": ""balanced""}",0.41351124477117585,"[[17, 27], [26, 18]]",valence,0.3976494898618107,0.3977272727272727,0.3976494898618107,26,0.5909090909090909,,27,0.6136363636363636,-0.20454545454545459,1.4242460769673126,-0.20459830184114206,subject_dependent,rbf_svm,0.3953488372093023,0.4,0.499456329439045,0.39767441860465114,0.3977272727272727,0.3976744186046512,0.3977272727272727,0.3977272727272727,0.3977272727272727,0.4070247933884298,17,0.38636363636363635,18,0.4090909090909091,0.5,0.5,0.3344277697920559,"[[3, 1], [3, 1]]",0.4666666666666667,0.5,0.4666666666666667,3,0.75,1,0.25,0.0,0.8873752010432825,0.0,0.5,0.5,0.5821428571428572,0.5,0.5,0.5,0.5,0.5,0.5,0.3125,3,0.75,1,0.25
0.5454545454545454,0.48484848484848486,"{""clf__C"": 243.14537412227003, ""clf__gamma"": 0.0004992453416923984, ""clf__class_weight"": ""balanced""}",0.3420391523405913,"[[40, 15], [25, 8]]",valence,0.47619047619047616,0.5454545454545454,0.5238095238095238,25,0.7575757575757576,,15,0.2727272727272727,-0.032258064516129004,1.1280084963920631,-0.03338902816470889,subject_dependent,rbf_svm,0.6153846153846154,0.34782608695652173,0.3676496921941851,0.4816053511705686,0.5454545454545454,0.5150501672240803,0.48484848484848486,0.5454545454545454,0.5454545454545454,0.5019283746556473,40,0.7272727272727273,8,0.24242424242424243,0.625,0.5,0.25897076412319026,"[[5, 0], [3, 0]]",0.38461538461538464,0.625,0.4807692307692308,3,1.0,0,0.0,0.0,0.7377585011508776,0.0,0.625,0.0,0.5535714285714286,0.3125,0.625,0.390625,0.5,0.625,0.625,0.3333333333333333,5,1.0,0,0.0
0.5568181818181818,0.5568181818181819,"{""clf__C"": 0.40069130793659025, ""clf__gamma"": 0.0014899847475658245, ""clf__class_weight"": ""balanced""}",0.2867205260829506,"[[24, 20], [19, 25]]",valence,0.5567609453700116,0.5568181818181818,0.5567609453700116,19,0.4318181818181818,,20,0.45454545454545453,0.11363636363636365,0.8025017309285934,0.11366572324507893,subject_dependent,rbf_svm,0.5581395348837209,0.5555555555555556,0.7445059550979527,0.5568475452196382,0.5568181818181818,0.5568475452196382,0.5568181818181819,0.5568181818181818,0.5568181818181818,0.6508264462809917,24,0.5454545454545454,25,0.5681818181818182,0.375,0.375,0.265297403114017,"[[1, 3], [2, 2]]",0.36507936507936506,0.375,0.36507936507936506,2,0.5,3,0.75,-0.25,0.6915913900214034,-0.2581988897471611,0.3333333333333333,0.4,0.7678571428571428,0.3666666666666667,0.375,0.3666666666666667,0.375,0.375,0.375,0.625,1,0.25,2,0.5
0.5795454545454546,0.7196969696969697,"{""clf__C"": 64.69870699850829, ""clf__gamma"": 0.0008200518402245837, ""clf__class_weight"": null}",0.3487344302906156,"[[22, 0], [37, 29]]",valence,0.5768680961663417,0.5795454545454546,0.5936972059779078,37,0.5606060606060606,,0,0.0,0.2815533980582524,1.257853132441489,0.404773773742327,subject_dependent,rbf_svm,0.3728813559322034,1.0,0.8981032350081644,0.6864406779661016,0.5795454545454546,0.8432203389830508,0.7196969696969697,0.5795454545454546,0.5795454545454546,0.7024793388429753,22,1.0,29,0.4393939393939394,0.5,0.6666666666666666,0.30667748792307575,"[[2, 0], [4, 2]]",0.5,0.5,0.5,4,0.6666666666666666,0,0.0,0.19999999999999996,0.8634461984296089,0.3333333333333333,0.3333333333333333,1.0,0.9107142857142857,0.6666666666666666,0.5,0.8333333333333334,0.6666666666666666,0.5,0.5,0.6666666666666666,2,1.0,2,0.3333333333333333
0.7272727272727273,0.7575757575757576,"{""clf__C"": 0.26052157465743125, ""clf__gamma"": 0.013795402040204185, ""clf__class_weight"": null}",0.20659146166794162,"[[29, 4], [20, 35]]",valence,0.7259989621172807,0.7272727272727273,0.7306694343539181,20,0.36363636363636365,,4,0.12121212121212122,0.4696132596685083,0.6312511598432143,0.5020453542896532,subject_dependent,rbf_svm,0.5918367346938775,0.8974358974358975,0.9147108453899871,0.7446363160648874,0.7272727272727273,0.7828362114076399,0.7575757575757576,0.7272727272727273,0.7272727272727273,0.8446280991735537,29,0.8787878787878788,35,0.6363636363636364,0.75,0.8,0.1738861228479704,"[[3, 0], [2, 3]]",0.75,0.75,0.75,2,0.4,0,0.0,0.5294117647058824,0.5119629598547841,0.6,0.6,1.0,0.9666666666666667,0.8,0.75,0.85,0.8,0.75,0.75,0.9333333333333333,3,1.0,3,0.6
0.5568181818181818,0.5181818181818182,"{""clf__C"": 0.26052157465743125, ""clf__gamma"": 0.013795402040204185, ""clf__class_weight"": null}",0.29529357565704556,"[[12, 21], [18, 37]]",valence,0.5179098187947746,0.5568181818181818,0.552149178255373,18,0.32727272727272727,,21,0.6363636363636364,0.03703703703703709,0.8869138850772859,0.03713906763541037,subject_dependent,rbf_svm,0.4,0.6379310344827587,0.785043645211902,0.5189655172413794,0.5568181818181818,0.5487068965517242,0.5181818181818182,0.5568181818181818,0.5568181818181818,0.6258953168044077,12,0.36363636363636365,37,0.6727272727272727,0.625,0.6333333333333333,0.2629451378523476,"[[2, 1], [2, 3]]",0.6190476190476191,0.625,0.6309523809523809,2,0.4,1,0.3333333333333333,0.25,0.7467189413259092,0.2581988897471611,0.5,0.75,0.8083333333333333,0.625,0.625,0.65625,0.6333333333333333,0.625,0.625,0.6,2,0.6666666666666666,3,0.6
0.7954545454545454,0.8,"{""clf__C"": 0.5284919490133119, ""clf__gamma"": 0.005047786565710607, ""clf__class_weight"": null}",0.14671712413307178,"[[27, 6], [12, 43]]",valence,0.7884615384615384,0.7954545454545454,0.798076923076923,12,0.21818181818181817,,6,0.18181818181818182,0.5789473684210527,0.45714645994324665,0.5847351773491256,subject_dependent,rbf_svm,0.6923076923076923,0.8775510204081632,0.9152460952911505,0.7849293563579278,0.7954545454545454,0.8080847723704866,0.8,0.7954545454545454,0.7954545454545454,0.8776859504132231,27,0.8181818181818182,43,0.7818181818181819,0.875,0.9,0.11615621876110695,"[[3, 0], [1, 4]]",0.873015873015873,0.875,0.876984126984127,1,0.2,0,0.0,0.75,0.4029521584437991,0.7745966692414834,0.75,1.0,1.0,0.875,0.875,0.90625,0.9,0.875,0.875,1.0,3,1.0,4,0.8
0.9772727272727273,0.9818181818181818,"{""clf__C"": 0.40069130793659025, ""clf__gamma"": 0.0014899847475658245, ""clf__class_weight"": ""balanced""}",0.05887558806300703,"[[33, 0], [2, 53]]",valence,0.9760348583877996,0.9772727272727273,0.9773965141612201,2,0.03636363636363636,,0,0.0,0.9520958083832335,0.2525198231771719,0.9531901324349873,subject_dependent,rbf_svm,0.9428571428571428,1.0,0.9996753246753247,0.9714285714285714,0.9772727272727273,0.9785714285714285,0.9818181818181818,0.9772727272727273,0.9772727272727273,0.9994490358126722,33,1.0,53,0.9636363636363636,1.0,1.0,0.05390947209489525,"[[3, 0], [0, 5]]",1.0,1.0,1.0,0,0.0,0,0.0,1.0,0.24761497750709813,1.0,1.0,1.0,1.0,1.0,1.0,1.0,1.0,1.0,1.0,1.0,3,1.0,5,1.0
0.8636363636363636,0.8909090909090909,"{""clf__C"": 1.351144633701368, ""clf__gamma"": 0.015446089075047083, ""clf__class_weight"": ""balanced""}",0.12624197758242003,"[[43, 12], [0, 33]]",valence,0.8618524332810047,0.8636363636363636,0.8657770800627943,0,0.0,,12,0.21818181818181817,0.728813559322034,0.46042732120643753,0.7571877794400365,subject_dependent,rbf_svm,1.0,0.7333333333333333,0.9095843623324026,0.8666666666666667,0.8636363636363636,0.9,0.8909090909090909,0.8636363636363636,0.8636363636363636,0.9498622589531681,43,0.7818181818181819,33,1.0,0.875,0.9,0.07767231042174755,"[[4, 1], [0, 3]]",0.873015873015873,0.875,0.876984126984127,0,0.0,1,0.2,0.75,0.27254452602633716,0.7745966692414834,1.0,0.75,1.0,0.875,0.875,0.90625,0.9,0.875,0.875,1.0,4,0.8,3,1.0
0.7272727272727273,0.696969696969697,"{""clf__C"": 0.40069130793659025, ""clf__gamma"": 0.0014899847475658245, ""clf__class_weight"": ""balanced""}",0.16002957233476067,"[[45, 10], [14, 19]]",valence,0.701188455008489,0.7272727272727273,0.7232597623089982,14,0.42424242424242425,,10,0.18181818181818182,0.40372670807453415,0.50108309622349,0.40573523299174186,subject_dependent,rbf_svm,0.7627118644067796,0.6551724137931034,0.6627768214991103,0.7089421390999415,0.7272727272727273,0.722384570426651,0.696969696969697,0.7272727272727273,0.7272727272727273,0.8418732782369145,45,0.8181818181818182,19,0.5757575757575758,0.875,0.9,0.14179574093871097,"[[4, 1], [0, 3]]",0.873015873015873,0.875,0.876984126984127,0,0.0,1,0.2,0.75,0.4613382605103525,0.7745966692414834,1.0,0.75,0.6388888888888888,0.875,0.875,0.90625,0.9,0.875,0.875,0.8,4,0.8,3,1.0
0.7045454545454546,0.7045454545454546,"{""clf__C"": 0.24298576400577698, ""clf__gamma"": 0.0020797422068521733, ""clf__class_weight"": null}",0.1619410580344819,"[[43, 1], [25, 19]]",valence,0.6808035714285714,0.7045454545454546,0.6808035714285714,25,0.5681818181818182,,1,0.022727272727272728,0.40909090909090906,0.49610656808130815,0.48809353009197637,subject_dependent,rbf_svm,0.6323529411764706,0.95,0.8945740137307233,0.7911764705882353,0.7045454545454546,0.7911764705882353,0.7045454545454546,0.7045454545454546,0.7045454545454546,0.8688016528925621,43,0.9772727272727273,19,0.4318181818181818,0.875,0.875,0.14611136901656166,"[[4, 0], [1, 3]]",0.873015873015873,0.875,0.873015873015873,1,0.25,0,0.0,0.75,0.4723926147971606,0.7745966692414834,0.8,1.0,0.9166666666666666,0.9,0.875,0.9,0.875,0.875,0.875,0.875,4,1.0,3,0.75
0.8068181818181818,0.8068181818181819,"{""clf__C"": 7.709391232564023, ""clf__gamma"": 0.00026471141828218194, ""clf__class_weight"": null}",0.1818939765367194,"[[38, 6], [11, 33]]",valence,0.8061925119834176,0.8068181818181818,0.8061925119834176,11,0.25,,6,0.13636363636363635,0.6136363636363636,0.6804805622583432,0.6176371646767647,subject_dependent,rbf_svm,0.7755102040816326,0.8461538461538461,0.8433300949079648,0.8108320251177394,0.8068181818181818,0.8108320251177393,0.8068181818181819,0.8068181818181818,0.8068181818181818,0.7634297520661157,38,0.8636363636363636,33,0.75,0.875,0.875,0.15415666412782375,"[[4, 0], [1, 3]]",0.873015873015873,0.875,0.873015873015873,1,0.25,0,0.0,0.75,0.5631478305638532,0.7745966692414834,0.8,1.0,0.875,0.9,0.875,0.9,0.875,0.875,0.875,0.75,4,1.0,3,0.75
0.5113636363636364,0.5113636363636364,"{""clf__C"": 166.2878326769575, ""clf__gamma"": 0.008979064194712979, ""clf__class_weight"": ""balanced""}",0.3920734124966314,"[[24, 20], [23, 21]]",valence,0.5107950872656755,0.5113636363636364,0.5107950872656755,23,0.5227272727272727,,20,0.45454545454545453,0.022727272727272707,1.410484779370817,0.02278028445007573,subject_dependent,rbf_svm,0.5106382978723404,0.5121951219512195,0.49799655658333253,0.5114167099117799,0.5113636363636364,0.51141670991178,0.5113636363636364,0.5113636363636364,0.5113636363636364,0.47210743801652894,24,0.5454545454545454,21,0.4772727272727273,0.5,0.5,0.3013987944782851,"[[2, 2], [2, 2]]",0.5,0.5,0.5,2,0.5,2,0.5,0.0,0.8297788764761987,0.0,0.5,0.5,0.5666666666666667,0.5,0.5,0.5,0.5,0.5,0.5,0.5,2,0.5,2,0.5
0.5227272727272727,0.5227272727272727,"{""clf__C"": 53.72198163554894, ""clf__gamma"": 0.0003972110727381913, ""clf__class_weight"": null}",0.29978363540484937,"[[15, 29], [13, 31]]",valence,0.5064102564102564,0.5227272727272727,0.5064102564102565,13,0.29545454545454547,,29,0.6590909090909091,0.045454545454545414,0.8419705323517913,0.04879500364742666,subject_dependent,rbf_svm,0.5357142857142857,0.5166666666666667,0.543509146825703,0.5261904761904762,0.5227272727272727,0.5261904761904762,0.5227272727272727,0.5227272727272727,0.5227272727272727,0.5284090909090909,15,0.3409090909090909,31,0.7045454545454546,0.625,0.625,0.25654832704778774,"[[1, 3], [0, 4]]",0.5636363636363637,0.625,0.5636363636363637,0,0.0,3,0.75,0.25,0.7133392159701817,0.3779644730092272,1.0,0.5714285714285714,0.5595238095238095,0.7857142857142857,0.625,0.7857142857142857,0.625,0.625,0.625,0.5,1,0.25,4,1.0
0.5340909090909091,0.5,"{""clf__C"": 0.40069130793659025, ""clf__gamma"": 0.0014899847475658245, ""clf__class_weight"": ""balanced""}",0.24336722672669248,"[[12, 21], [20, 35]]",valence,0.49993069993069994,0.5340909090909091,0.5326056826056825,20,0.36363636363636365,,21,0.6363636363636364,0.0,0.6801856265673297,0.0,subject_dependent,rbf_svm,0.375,0.625,0.787973528131743,0.5,0.5340909090909091,0.53125,0.5,0.5340909090909091,0.5340909090909091,0.609641873278237,12,0.36363636363636365,35,0.6363636363636364,0.5,0.4666666666666667,0.23751971503658742,"[[1, 2], [2, 3]]",0.4666666666666667,0.5,0.5,2,0.4,2,0.6666666666666666,-0.06666666666666665,0.6657774064662227,-0.06666666666666667,0.3333333333333333,0.6,0.8392857142857143,0.4666666666666667,0.5,0.5,0.4666666666666667,0.5,0.5,0.6,1,0.3333333333333333,3,0.6
0.6363636363636364,0.6727272727272727,"{""clf__C"": 13.411788774467905, ""clf__gamma"": 0.00026210878782654407, ""clf__class_weight"": ""balanced""}",0.2506452214863162,"[[29, 26], [6, 27]]",valence,0.6361757105943153,0.6363636363636364,0.6382428940568476,6,0.18181818181818182,,26,0.4727272727272727,0.30810810810810807,0.7146942311597574,0.34170967011820297,subject_dependent,rbf_svm,0.8285714285714286,0.5094339622641509,0.5192278415086619,0.6690026954177898,0.6363636363636364,0.7088948787061995,0.6727272727272727,0.6363636363636364,0.6363636363636364,0.7055096418732782,29,0.5272727272727272,27,0.8181818181818182,0.5,0.6,0.21980241144528154,"[[1, 4], [0, 3]]",0.4666666666666667,0.5,0.4333333333333333,0,0.0,4,0.8,0.1578947368421053,0.6281045921576754,0.29277002188455997,1.0,0.42857142857142855,1.0,0.7142857142857143,0.5,0.7857142857142857,0.6,0.5,0.5,1.0,1,0.2,3,1.0
0.45454545454545453,0.4787878787878788,"{""clf__C"": 0.5284919490133119, ""clf__gamma"": 0.005047786565710607, ""clf__class_weight"": null}",0.3561224890384711,"[[19, 14], [34, 21]]",valence,0.4542635658914729,0.45454545454545453,0.4573643410852713,34,0.6181818181818182,,14,0.42424242424242425,-0.037837837837837895,1.0055119726404018,-0.041964345453112645,subject_dependent,rbf_svm,0.3584905660377358,0.6,0.6750396789354871,0.47924528301886793,0.45454545454545453,0.5094339622641509,0.4787878787878788,0.45454545454545453,0.45454545454545453,0.437465564738292,19,0.5757575757575758,21,0.38181818181818183,0.625,0.7,0.3302795514647925,"[[3, 0], [3, 2]]",0.6190476190476191,0.625,0.6071428571428571,3,0.6,0,0.0,0.33333333333333337,0.9172378464141092,0.4472135954999579,0.5,1.0,0.7392857142857143,0.75,0.625,0.8125,0.7,0.625,0.625,0.4,3,1.0,2,0.4
0.14772727272727273,0.512987012987013,"{""clf__C"": 0.6351054340728711, ""clf__gamma"": 0.0005285382203816729, ""clf__class_weight"": ""balanced""}",0.275345045796372,"[[11, 0], [75, 2]]",valence,0.13871851755187264,0.14772727272727273,0.07265431293227195,75,0.974025974025974,,0,0.0,0.0066225165562914245,0.7494338338881367,0.0576390417704235,subject_dependent,rbf_svm,0.12790697674418605,1.0,0.928628648514319,0.563953488372093,0.14772727272727273,0.8909883720930233,0.512987012987013,0.14772727272727273,0.14772727272727273,0.6280991735537189,11,1.0,2,0.025974025974025976,0.5,0.7142857142857143,0.26553621779893144,"[[1, 0], [4, 3]]",0.4666666666666667,0.5,0.5666666666666667,4,0.5714285714285714,0,0.0,0.1578947368421053,0.7256487605496362,0.29277002188455997,0.2,1.0,0.9617346938775511,0.6,0.5,0.9,0.7142857142857143,0.5,0.5,0.7142857142857143,1,1.0,3,0.42857142857142855
0.5568181818181818,0.5727272727272728,"{""clf__C"": 0.40069130793659025, ""clf__gamma"": 0.0014899847475658245, ""clf__class_weight"": ""balanced""}",0.2763846604383001,"[[21, 12], [27, 28]]",valence,0.5539961013645224,0.5568181818181818,0.5628654970760234,27,0.4909090909090909,,12,0.36363636363636365,0.1333333333333333,0.7539387468266772,0.1414213562373095,subject_dependent,rbf_svm,0.4375,0.7,0.7395280216739019,0.56875,0.5568181818181818,0.6015625,0.5727272727272728,0.5568181818181818,0.5568181818181818,0.5393939393939393,21,0.6363636363636364,28,0.509090909090909,0.5,0.4,0.25272088137227916,"[[0, 3], [1, 4]]",0.3333333333333333,0.5,0.41666666666666663,1,0.2,3,1.0,-0.23076923076923084,0.6880939528269443,-0.29277002188455997,0.0,0.5714285714285714,0.8392857142857143,0.2857142857142857,0.5,0.3571428571428571,0.4,0.5,0.5,0.6,0,0.0,4,0.8
0.5227272727272727,0.7272727272727273,"{""clf__C"": 243.14537412227003, ""clf__gamma"": 0.0004992453416923984, ""clf__class_weight"": ""balanced""}",0.3240573163957171,"[[35, 42], [0, 11]]",valence,0.484375,0.5227272727272727,0.58984375,0,0.0,,42,0.5454545454545454,0.1724137931034483,1.1337718996081692,0.3071475584169756,subject_dependent,rbf_svm,1.0,0.20754716981132076,0.3134646064290027,0.6037735849056604,0.5227272727272727,0.9009433962264151,0.7272727272727273,0.5227272727272727,0.5227272727272727,0.8170011806375443,35,0.45454545454545453,11,1.0,0.625,0.7857142857142857,0.2718317861725399,"[[4, 3], [0, 1]]",0.5636363636363637,0.625,0.6863636363636364,0,0.0,3,0.42857142857142855,0.25,0.7495643237421122,0.3779644730092272,1.0,0.25,1.0,0.625,0.625,0.90625,0.7857142857142857,0.625,0.625,1.0,4,0.5714285714285714,1,1.0
0.5227272727272727,0.48484848484848486,"{""clf__C"": 13.411788774467905, ""clf__gamma"": 0.00026210878782654407, ""clf__class_weight"": ""balanced""}",0.30344642894835877,"[[35, 20], [22, 11]]",valence,0.484375,0.5227272727272727,0.51953125,22,0.6666666666666666,,20,0.36363636363636365,-0.030674846625766916,0.8570974869123144,-0.030711858633197815,subject_dependent,rbf_svm,0.6140350877192983,0.3548387096774194,0.40565034865337746,0.4844368986983588,0.5227272727272727,0.5168364459535937,0.48484848484848486,0.5227272727272727,0.5227272727272727,0.5344352617079889,35,0.6363636363636364,11,0.3333333333333333,0.5,0.4666666666666667,0.2701326877348942,"[[3, 2], [2, 1]]",0.4666666666666667,0.5,0.5,2,0.6666666666666666,2,0.4,-0.06666666666666665,0.7335730460602624,-0.06666666666666667,0.6,0.3333333333333333,0.6428571428571429,0.4666666666666667,0.5,0.5,0.4666666666666667,0.5,0.5,0.6,3,0.6,1,0.3333333333333333
0.5113636363636364,0.4939393939393939,"{""clf__C"": 13.411788774467905, ""clf__gamma"": 0.00026210878782654407, ""clf__class_weight"": ""balanced""}",0.2900834389415812,"[[31, 24], [19, 14]]",valence,0.49242119382964455,0.5113636363636364,0.516934942991281,19,0.5757575757575758,,24,0.43636363636363634,-0.0117647058823529,0.8200076391502429,-0.011846977555181848,subject_dependent,rbf_svm,0.62,0.3684210526315789,0.4018957417078884,0.49421052631578943,0.5113636363636364,0.5256578947368421,0.4939393939393939,0.5113636363636364,0.5113636363636364,0.5559228650137742,31,0.5636363636363636,14,0.42424242424242425,0.5,0.5333333333333333,0.2503268324924599,"[[2, 3], [1, 2]]",0.5,0.5,0.5,1,0.3333333333333333,3,0.6,0.05882352941176472,0.6951711572835817,0.06666666666666667,0.6666666666666666,0.4,0.6095238095238096,0.5333333333333333,0.5,0.5666666666666667,0.5333333333333333,0.5,0.5,0.5333333333333333,2,0.4,2,0.6666666666666666
0.6136363636363636,0.6136363636363636,"{""clf__C"": 160.49758307716223, ""clf__gamma"": 0.00018427970406864567, ""clf__class_weight"": null}",0.2422381179617748,"[[28, 16], [18, 26]]",valence,0.6134366925064599,0.6136363636363636,0.6134366925064599,18,0.4090909090909091,,16,0.36363636363636365,0.2272727272727273,0.7067372780217871,0.22750787759664504,subject_dependent,rbf_svm,0.6086956521739131,0.6190476190476191,0.7257702406564497,0.6138716356107661,0.6136363636363636,0.6138716356107661,0.6136363636363636,0.6136363636363636,0.6136363636363636,0.6652892561983471,28,0.6363636363636364,26,0.5909090909090909,0.75,0.75,0.19250709968475874,"[[4, 0], [2, 2]]",0.7333333333333334,0.75,0.7333333333333334,2,0.5,0,0.0,0.5,0.5734653758953543,0.5773502691896258,0.6666666666666666,1.0,0.9166666666666666,0.8333333333333333,0.75,0.8333333333333333,0.75,0.75,0.75,0.875,4,1.0,2,0.5
0.6590909090909091,0.6590909090909091,"{""clf__C"": 20.12196163610286, ""clf__gamma"": 0.0008612579192594886, ""clf__class_weight"": ""balanced""}",0.2226230540847921,"[[30, 14], [16, 28]]",valence,0.6589147286821706,0.6590909090909091,0.6589147286821706,16,0.36363636363636365,,14,0.3181818181818182,0.31818181818181823,0.6564681987185703,0.31851102863530306,subject_dependent,rbf_svm,0.6521739130434783,0.6666666666666666,0.7656679873537613,0.6594202898550725,0.6590909090909091,0.6594202898550724,0.6590909090909091,0.6590909090909091,0.6590909090909091,0.7042871900826447,30,0.6818181818181818,28,0.6363636363636364,0.75,0.75,0.176502648899432,"[[3, 1], [1, 3]]",0.75,0.75,0.75,1,0.25,1,0.25,0.5,0.535479063596594,0.5,0.75,0.75,0.8875,0.75,0.75,0.75,0.75,0.75,0.75,0.875,3,0.75,3,0.75
0.5454545454545454,0.5575757575757576,"{""clf__C"": 53.72198163554894, ""clf__gamma"": 0.0003972110727381913, ""clf__class_weight"": null}",0.3006949946361051,"[[20, 13], [27, 28]]",valence,0.5416666666666667,0.5454545454545454,0.5520833333333334,27,0.4909090909090909,,13,0.3939393939393939,0.1061452513966481,0.834282779676635,0.11175503890954738,subject_dependent,rbf_svm,0.425531914893617,0.6829268292682927,0.6433579450846225,0.5542293720809549,0.5454545454545454,0.5864037363777893,0.5575757575757576,0.5454545454545454,0.5454545454545454,0.5228650137741047,20,0.6060606060606061,28,0.509090909090909,0.5,0.5333333333333333,0.26280475863873587,"[[2, 1], [3, 2]]",0.5,0.5,0.5,3,0.6,1,0.3333333333333333,0.05882352941176472,0.7179148292670445,0.06666666666666667,0.4,0.6666666666666666,0.7295238095238095,0.5333333333333333,0.5,0.5666666666666667,0.5333333333333333,0.5,0.5,0.5333333333333334,2,0.6666666666666666,2,0.4
0.6477272727272727,0.6151515151515152,"{""clf__C"": 7.709391232564023, ""clf__gamma"": 0.00026471141828218194, ""clf__class_weight"": null}",0.22714508626353982,"[[41, 14], [17, 16]]",valence,0.6168001123753336,0.6477272727272727,0.64401601348504,17,0.5151515151515151,,14,0.2545454545454545,0.23456790123456794,0.670217913228503,0.23521409502426568,subject_dependent,rbf_svm,0.7068965517241379,0.5333333333333333,0.5139379710869694,0.6201149425287356,0.6477272727272727,0.6418103448275863,0.6151515151515152,0.6477272727272727,0.6477272727272727,0.6738292011019285,41,0.7454545454545455,16,0.48484848484848486,0.625,0.5,0.1858202790577206,"[[5, 0], [3, 0]]",0.38461538461538464,0.625,0.4807692307692308,3,1.0,0,0.0,0.0,0.5538930920244624,0.0,0.625,0.0,0.9166666666666666,0.3125,0.625,0.390625,0.5,0.625,0.625,0.9333333333333333,5,1.0,0,0.0
0.7045454545454546,0.7030303030303031,"{""clf__C"": 32.32518791282502, ""clf__gamma"": 0.0005104518230902811, ""clf__class_weight"": ""balanced""}",0.19110329264519302,"[[39, 16], [10, 23]]",valence,0.6944444444444444,0.7045454545454546,0.7083333333333333,10,0.30303030303030304,,16,0.2909090909090909,0.39181286549707606,0.5563556147867366,0.39572986749890315,subject_dependent,rbf_svm,0.7959183673469388,0.5897435897435898,0.7306276251767314,0.6928309785452642,0.7045454545454546,0.7186028257456829,0.7030303030303031,0.7045454545454546,0.7045454545454546,0.7867768595041322,39,0.7090909090909091,23,0.696969696969697,0.875,0.9,0.1495608926843178,"[[4, 1], [0, 3]]",0.873015873015873,0.875,0.876984126984127,0,0.0,1,0.2,0.75,0.4827738712584563,0.7745966692414834,1.0,0.75,0.9166666666666666,0.875,0.875,0.90625,0.9,0.875,0.875,0.9333333333333333,4,0.8,3,1.0
0.6818181818181818,0.7878787878787878,"{""clf__C"": 0.9020715489795292, ""clf__gamma"": 0.0048275888720946784, ""clf__class_weight"": null}",0.23556452741101316,"[[38, 28], [0, 22]]",valence,0.670940170940171,0.6818181818181818,0.7008547008547008,0,0.0,,28,0.42424242424242425,0.4042553191489362,0.6867269596270981,0.5033222956847166,subject_dependent,rbf_svm,1.0,0.44,0.7973010969294654,0.72,0.6818181818181818,0.8600000000000001,0.7878787878787878,0.6818181818181818,0.6818181818181818,0.9380165289256198,38,0.5757575757575758,22,1.0,0.75,0.8333333333333333,0.2139923744600818,"[[4, 2], [0, 2]]",0.7333333333333334,0.75,0.7666666666666667,0,0.0,2,0.3333333333333333,0.5,0.5994409888158023,0.5773502691896258,1.0,0.5,1.0,0.75,0.75,0.875,0.8333333333333333,0.75,0.75,1.0,4,0.6666666666666666,2,1.0
0.8295454545454546,0.8295454545454546,"{""clf__C"": 53.72198163554894, ""clf__gamma"": 0.0003972110727381913, ""clf__class_weight"": null}",0.12924183210118534,"[[39, 5], [10, 34]]",valence,0.828993392926545,0.8295454545454546,0.8289933929265448,10,0.22727272727272727,,5,0.11363636363636363,0.6590909090909092,0.4116280766404467,0.6633880657639324,subject_dependent,rbf_svm,0.7959183673469388,0.8717948717948718,0.9127020191428696,0.8338566195709053,0.8295454545454546,0.8338566195709053,0.8295454545454546,0.8295454545454546,0.8295454545454546,0.8951446280991736,39,0.8863636363636364,34,0.7727272727272727,1.0,1.0,0.09066900938383192,"[[4, 0], [0, 4]]",1.0,1.0,1.0,0,0.0,0,0.0,1.0,0.3430442627636915,1.0,1.0,1.0,1.0,1.0,1.0,1.0,1.0,1.0,1.0,1.0,4,1.0,4,1.0
0.6477272727272727,0.6696969696969697,"{""clf__C"": 0.34866781670451225, ""clf__gamma"": 0.00014936568554617635, ""clf__class_weight"": ""balanced""}",0.20906045615451072,"[[25, 8], [23, 32]]",valence,0.6454840805717998,0.6477272727272727,0.6525341130604289,23,0.41818181818181815,,8,0.24242424242424243,0.3111111111111111,0.5997990701971482,0.3299831645537222,subject_dependent,rbf_svm,0.5208333333333334,0.8,0.7971506113669452,0.6604166666666667,0.6477272727272727,0.6953125,0.6696969696969697,0.6477272727272727,0.6477272727272727,0.7476584022038568,25,0.7575757575757576,32,0.5818181818181818,0.625,0.6333333333333333,0.1838811999052022,"[[2, 1], [2, 3]]",0.6190476190476191,0.625,0.6309523809523809,2,0.4,1,0.3333333333333333,0.25,0.5350219836698404,0.2581988897471611,0.5,0.75,0.8766666666666667,0.625,0.625,0.65625,0.6333333333333333,0.625,0.625,0.8,2,0.6666666666666666,3,0.6
0.75,0.6212121212121212,"{""clf__C"": 13.411788774467905, ""clf__gamma"": 0.00026210878782654407, ""clf__class_weight"": ""balanced""}",0.18267425508791027,"[[58, 8], [14, 8]]",valence,0.6308161708619374,0.75,0.7356979405034324,14,0.6363636363636364,,8,0.12121212121212122,0.2666666666666667,0.5354671281184666,0.2721655269759087,subject_dependent,rbf_svm,0.8055555555555556,0.5,0.5648662120260577,0.6527777777777778,0.75,0.7291666666666667,0.6212121212121212,0.75,0.75,0.7320936639118457,58,0.8787878787878788,8,0.36363636363636365,0.875,0.75,0.16144717941189102,"[[6, 0], [1, 1]]",0.7948717948717949,0.875,0.8589743589743589,1,0.5,0,0.0,0.6,0.5007119816395049,0.6546536707079772,0.8571428571428571,1.0,0.7,0.9285714285714286,0.875,0.8928571428571428,0.75,0.875,0.875,0.75,6,1.0,1,0.5
0.9090909090909091,0.8848484848484848,"{""clf__C"": 13.411788774467905, ""clf__gamma"": 0.00026210878782654407, ""clf__class_weight"": ""balanced""}",0.10844353072133335,"[[54, 1], [7, 26]]",valence,0.8988505747126436,0.9090909090909091,0.906896551724138,7,0.21212121212121213,,1,0.01818181818181818,0.7987421383647799,0.3689774398304909,0.807999871754014,subject_dependent,rbf_svm,0.8852459016393442,0.9629629629629629,0.9351086405661726,0.9241044323011536,0.9090909090909091,0.9143897996357012,0.8848484848484848,0.9090909090909091,0.9090909090909091,0.9410468319559229,54,0.9818181818181818,26,0.7878787878787878,0.875,0.8333333333333333,0.09656428184046939,"[[5, 0], [1, 2]]",0.8545454545454545,0.875,0.8681818181818182,1,0.3333333333333333,0,0.0,0.7142857142857143,0.35310031016962273,0.7453559924999299,0.8333333333333334,1.0,1.0,0.9166666666666667,0.875,0.8958333333333334,0.8333333333333333,0.875,0.875,1.0,5,1.0,2,0.6666666666666666
0.5113636363636364,0.5484848484848486,"{""clf__C"": 53.72198163554894, ""clf__gamma"": 0.0003972110727381913, ""clf__class_weight"": null}",0.32771007016953885,"[[22, 33], [10, 23]]",valence,0.5113005295105257,0.5113636363636364,0.5099121787420896,10,0.30303030303030304,,33,0.6,0.08510638297872342,1.4625382616230085,0.09759000729485331,subject_dependent,rbf_svm,0.6875,0.4107142857142857,0.4619458035848966,0.5491071428571428,0.5113636363636364,0.5837053571428572,0.5484848484848486,0.5113636363636364,0.5113636363636364,0.6269972451790633,22,0.4,23,0.696969696969697,0.625,0.7,0.24367187356443928,"[[2, 3], [0, 3]]",0.6190476190476191,0.625,0.6071428571428571,0,0.0,3,0.6,0.33333333333333337,0.6922738950754151,0.4472135954999579,1.0,0.5,0.5888888888888888,0.75,0.625,0.8125,0.7,0.625,0.625,0.7333333333333333,2,0.4,3,1.0
0.7045454545454546,0.6818181818181819,"{""clf__C"": 51.4138527229363, ""clf__gamma"": 0.006173770394704574, ""clf__class_weight"": ""balanced""}",0.2157320188689219,"[[48, 18], [8, 14]]",valence,0.652701882210079,0.7045454545454546,0.7197935640558591,8,0.36363636363636365,,18,0.2727272727272727,0.3157894736842105,0.728358751585321,0.3273268353539886,subject_dependent,rbf_svm,0.8571428571428571,0.4375,0.41553490177013563,0.6473214285714286,0.7045454545454546,0.7522321428571428,0.6818181818181819,0.7045454545454546,0.7045454545454546,0.7493112947658402,48,0.7272727272727273,14,0.6363636363636364,1.0,1.0,0.11524162901879513,"[[6, 0], [0, 2]]",1.0,1.0,1.0,0,0.0,0,0.0,1.0,0.3992442510945058,1.0,1.0,1.0,1.0,1.0,1.0,1.0,1.0,1.0,1.0,1.0,6,1.0,2,1.0
0.6931818181818182,0.49242424242424243,"{""clf__C"": 2.2463533171675794, ""clf__gamma"": 0.0006516990611177178, ""clf__class_weight"": null}",0.26135669129727074,"[[59, 7], [20, 2]]",valence,0.471412680756396,0.6931818181818182,0.6426028921023359,20,0.9090909090909091,,7,0.10606060606060606,-0.018867924528301883,0.8591089497441196,-0.02165232674872103,subject_dependent,rbf_svm,0.7468354430379747,0.2222222222222222,0.2280311373656002,0.48452883263009844,0.6931818181818182,0.6156821378340365,0.49242424242424243,0.6931818181818182,0.6931818181818182,0.43388429752066116,59,0.8939393939393939,2,0.09090909090909091,0.75,0.5,0.2216966474577911,"[[6, 0], [2, 0]]",0.42857142857142855,0.75,0.6428571428571428,2,1.0,0,0.0,0.0,0.6571812470130527,0.0,0.75,0.0,0.29166666666666663,0.375,0.75,0.5625,0.5,0.75,0.75,0.4166666666666667,6,1.0,0,0.0
0.75,0.7424242424242424,"{""clf__C"": 183.42628625395747, ""clf__gamma"": 0.0001005394019469303, ""clf__class_weight"": ""balanced""}",0.19137014238878106,"[[50, 16], [6, 16]]",valence,0.7061323618700668,0.75,0.7629022465088039,6,0.2727272727272727,,16,0.24242424242424243,0.42105263157894735,0.5704042744063961,0.4364357804719848,subject_dependent,rbf_svm,0.8928571428571429,0.5,0.5881721201555377,0.6964285714285714,0.75,0.7946428571428572,0.7424242424242424,0.75,0.75,0.7913223140495869,50,0.7575757575757576,16,0.7272727272727273,1.0,1.0,0.12373655501161879,"[[6, 0], [0, 2]]",1.0,1.0,1.0,0,0.0,0,0.0,1.0,0.4120522882652307,1.0,1.0,1.0,1.0,1.0,1.0,1.0,1.0,1.0,1.0,1.0,6,1.0,2,1.0
0.5568181818181818,0.5568181818181819,"{""clf__C"": 48.43827864278568, ""clf__gamma"": 0.00039459088111000007, ""clf__class_weight"": ""balanced""}",0.3229700307631541,"[[24, 20], [19, 25]]",valence,0.5567609453700116,0.5568181818181818,0.5567609453700116,19,0.4318181818181818,,20,0.45454545454545453,0.11363636363636365,0.9734297807429318,0.11366572324507893,subject_dependent,rbf_svm,0.5581395348837209,0.5555555555555556,0.6399607618255181,0.5568475452196382,0.5568181818181818,0.5568475452196382,0.5568181818181819,0.5568181818181818,0.5568181818181818,0.5986570247933884,24,0.5454545454545454,25,0.5681818181818182,0.625,0.625,0.2653260552628646,"[[3, 1], [2, 2]]",0.6190476190476191,0.625,0.6190476190476191,2,0.5,1,0.25,0.25,0.746958180665594,0.2581988897471611,0.6,0.6666666666666666,0.6845238095238095,0.6333333333333333,0.625,0.6333333333333333,0.625,0.625,0.625,0.5625,3,0.75,2,0.5
0.32954545454545453,0.3242424242424242,"{""clf__C"": 0.21466070134458173, ""clf__gamma"": 0.0012955517240662183, ""clf__class_weight"": ""balanced""}",0.3687981296404882,"[[19, 36], [23, 10]]",valence,0.32245856714080645,0.32954545454545453,0.33978206968550173,23,0.696969696969697,,36,0.6545454545454545,-0.3258426966292134,1.0083391982090049,-0.34070523214428333,subject_dependent,rbf_svm,0.4523809523809524,0.21739130434782608,0.26504298765269574,0.33488612836438925,0.32954545454545453,0.36425983436853,0.3242424242424242,0.32954545454545453,0.32954545454545453,0.24738292011019286,19,0.34545454545454546,10,0.30303030303030304,0.25,0.2,0.36351337985381926,"[[2, 3], [3, 0]]",0.2,0.25,0.25,3,1.0,3,0.6,-0.6000000000000001,0.9875175386550558,-0.6,0.4,0.0,0.3416666666666666,0.2,0.25,0.25,0.2,0.25,0.25,0.26666666666666666,2,0.4,0,0.0
0.5227272727272727,0.509090909090909,"{""clf__C"": 48.43827864278568, ""clf__gamma"": 0.00039459088111000007, ""clf__class_weight"": ""balanced""}",0.3808320966418562,"[[31, 24], [18, 15]]",valence,0.5064102564102564,0.5227272727272727,0.5288461538461539,18,0.5454545454545454,,24,0.43636363636363634,0.01754385964912286,1.3591847871811582,0.017719247798458352,subject_dependent,rbf_svm,0.6326530612244898,0.38461538461538464,0.3997583485322277,0.5086342229199372,0.5227272727272727,0.5396389324960754,0.509090909090909,0.5227272727272727,0.5227272727272727,0.4358126721763086,31,0.5636363636363636,15,0.45454545454545453,0.375,0.3666666666666667,0.318974453600209,"[[2, 3], [2, 1]]",0.36507936507936506,0.375,0.38492063492063494,2,0.6666666666666666,3,0.6,-0.25,1.0043805218242556,-0.2581988897471611,0.5,0.25,0.5916666666666666,0.375,0.375,0.40625,0.3666666666666667,0.375,0.375,0.4666666666666667,2,0.4,1,0.3333333333333333
0.5340909090909091,0.5787878787878789,"{""clf__C"": 183.42628625395747, ""clf__gamma"": 0.0001005394019469303, ""clf__class_weight"": ""balanced""}",0.29043099579198345,"[[22, 33], [8, 25]]",valence,0.5335488041370395,0.5340909090909091,0.5295733678086619,8,0.24242424242424243,,33,0.6,0.13684210526315788,0.8168896961930968,0.16093595975344493,subject_dependent,rbf_svm,0.7333333333333333,0.43103448275862066,0.6137831172758881,0.582183908045977,0.5340909090909091,0.619971264367816,0.5787878787878789,0.5340909090909091,0.5340909090909091,0.668870523415978,22,0.4,25,0.7575757575757576,0.5,0.5333333333333333,0.24399557864052163,"[[2, 3], [1, 2]]",0.5,0.5,0.5,1,0.3333333333333333,3,0.6,0.05882352941176472,0.6645199146090288,0.06666666666666667,0.6666666666666666,0.4,0.8095238095238095,0.5333333333333333,0.5,0.5666666666666667,0.5333333333333333,0.5,0.5,0.7333333333333333,2,0.4,2,0.6666666666666666
0.42045454545454547,0.4204545454545454,"{""clf__C"": 5.2117930643778205, ""clf__gamma"": 0.0036999724314638123, ""clf__class_weight"": null}",0.477465267415314,"[[15, 29], [22, 22]]",valence,0.4167641325536062,0.42045454545454547,0.41676413255360617,22,0.5,,29,0.6590909090909091,-0.15909090909090917,2.2320301965486844,-0.1611432394306458,subject_dependent,rbf_svm,0.40540540540540543,0.43137254901960786,0.5058871171462228,0.4183889772125067,0.42045454545454547,0.4183889772125067,0.4204545454545454,0.42045454545454547,0.42045454545454547,0.422004132231405,15,0.3409090909090909,22,0.5,0.375,0.375,0.38496358739387226,"[[1, 3], [2, 2]]",0.36507936507936506,0.375,0.36507936507936506,2,0.5,3,0.75,-0.25,1.3612110802220614,-0.2581988897471611,0.3333333333333333,0.4,0.6,0.3666666666666667,0.375,0.3666666666666667,0.375,0.375,0.375,0.375,1,0.25,2,0.5
0.5,0.5,"{""clf__C"": 0.40069130793659025, ""clf__gamma"": 0.0014899847475658245, ""clf__class_weight"": ""balanced""}",0.2716485008192201,"[[17, 27], [17, 27]]",valence,0.4934589220303506,0.5,0.4934589220303506,17,0.38636363636363635,,27,0.6136363636363636,0.0,0.7437075333182875,0.0,subject_dependent,rbf_svm,0.5,0.5,0.619949128280923,0.5,0.5,0.5,0.5,0.5,0.5,0.5723140495867768,17,0.38636363636363635,27,0.6136363636363636,0.5,0.5,0.26078495405444646,"[[2, 2], [2, 2]]",0.5,0.5,0.5,2,0.5,2,0.5,0.0,0.7146095840031261,0.0,0.5,0.5,0.7095238095238094,0.5,0.5,0.5,0.5,0.5,0.5,0.625,2,0.5,2,0.5
0.4318181818181818,0.4318181818181818,"{""clf__C"": 0.40069130793659025, ""clf__gamma"": 0.0014899847475658245, ""clf__class_weight"": ""balanced""}",0.28991351148242706,"[[21, 23], [27, 17]]",valence,0.43064182194616973,0.4318181818181818,0.43064182194616973,27,0.6136363636363636,,23,0.5227272727272727,-0.13636363636363646,0.7802282418833163,-0.13693063937629152,subject_dependent,rbf_svm,0.4375,0.425,0.4234796091830496,0.43125,0.4318181818181818,0.43125,0.4318181818181818,0.4318181818181818,0.4318181818181818,0.4080578512396694,21,0.4772727272727273,17,0.38636363636363635,0.5,0.5,0.2856301387437842,"[[2, 2], [2, 2]]",0.5,0.5,0.5,2,0.5,2,0.5,0.0,0.7693171079571576,0.0,0.5,0.5,0.47619047619047616,0.5,0.5,0.5,0.5,0.5,0.5,0.375,2,0.5,2,0.5
0.6818181818181818,0.6545454545454545,"{""clf__C"": 0.40069130793659025, ""clf__gamma"": 0.0014899847475658245, ""clf__class_weight"": ""balanced""}",0.22598014441932499,"[[18, 15], [13, 42]]",valence,0.65625,0.6818181818181818,0.6796875,13,0.23636363636363636,,15,0.45454545454545453,0.31288343558282206,0.6442199535343502,0.3132609580586177,subject_dependent,rbf_svm,0.5806451612903226,0.7368421052631579,0.7854037157997343,0.6587436332767402,0.6818181818181818,0.6782682512733447,0.6545454545454545,0.6818181818181818,0.6818181818181818,0.7151515151515151,18,0.5454545454545454,42,0.7636363636363637,0.875,0.9,0.22226660079542687,"[[3, 0], [1, 4]]",0.873015873015873,0.875,0.876984126984127,1,0.2,0,0.0,0.75,0.6375040056591693,0.7745966692414834,0.75,1.0,1.0,0.875,0.875,0.90625,0.9,0.875,0.875,1.0,3,1.0,4,0.8
0.4659090909090909,0.3712121212121212,"{""clf__C"": 0.6351054340728711, ""clf__gamma"": 0.0005285382203816729, ""clf__class_weight"": ""balanced""}",0.329487782173632,"[[4, 18], [29, 37]]",valence,0.3785123966942149,0.4659090909090909,0.49504132231404957,29,0.4393939393939394,,18,0.8181818181818182,-0.22077922077922074,0.8783797829082929,-0.23038276131816016,subject_dependent,rbf_svm,0.12121212121212122,0.6727272727272727,0.6381670046729819,0.396969696969697,0.4659090909090909,0.5348484848484848,0.3712121212121212,0.4659090909090909,0.4659090909090909,0.29338842975206614,4,0.18181818181818182,37,0.5606060606060606,0.375,0.25,0.3102884350074724,"[[0, 2], [3, 3]]",0.2727272727272727,0.375,0.40909090909090906,3,0.5,2,1.0,-0.4285714285714286,0.8217698178731501,-0.4472135954999579,0.0,0.6,0.6218253968253968,0.3,0.375,0.44999999999999996,0.25,0.375,0.375,0.08333333333333333,0,0.0,3,0.5
0.3068181818181818,0.3545454545454545,"{""clf__C"": 0.4342298948286134, ""clf__gamma"": 0.0008179499475211679, ""clf__class_weight"": ""balanced""}",0.28571791256356854,"[[18, 15], [46, 9]]",valence,0.29949106094218975,0.3068181818181818,0.281580321023098,46,0.8363636363636363,,15,0.45454545454545453,-0.24489795918367352,0.765373600726398,-0.31622776601683794,subject_dependent,rbf_svm,0.28125,0.375,0.5369675141915949,0.328125,0.3068181818181818,0.33984375,0.3545454545454545,0.3068181818181818,0.3068181818181818,0.4074380165289256,18,0.5454545454545454,9,0.16363636363636364,0.25,0.3333333333333333,0.2822178829785239,"[[2, 1], [5, 0]]",0.2,0.25,0.15000000000000002,5,1.0,1,0.3333333333333333,-0.26315789473684204,0.7580297506500718,-0.4879500364742666,0.2857142857142857,0.0,0.5961904761904762,0.14285714285714285,0.25,0.10714285714285714,0.3333333333333333,0.25,0.25,0.4,2,0.6666666666666666,0,0.0
0.625,0.5969696969696969,"{""clf__C"": 0.40069130793659025, ""clf__gamma"": 0.0014899847475658245, ""clf__class_weight"": ""balanced""}",0.23998592893487009,"[[16, 17], [16, 39]]",valence,0.5975051975051975,0.625,0.6238045738045739,16,0.2909090909090909,,17,0.5151515151515151,0.19512195121951215,0.672996735242155,0.19518001458970663,subject_dependent,rbf_svm,0.5,0.6964285714285714,0.6862155506426648,0.5982142857142857,0.625,0.6227678571428571,0.5969696969696969,0.625,0.625,0.6093663911845729,16,0.48484848484848486,39,0.7090909090909091,0.625,0.6333333333333333,0.23205350060980562,"[[2, 1], [2, 3]]",0.6190476190476191,0.625,0.6309523809523809,2,0.4,1,0.3333333333333333,0.25,0.6570332118470206,0.2581988897471611,0.5,0.75,0.8350000000000001,0.625,0.625,0.65625,0.6333333333333333,0.625,0.625,0.6666666666666667,2,0.6666666666666666,3,0.6
0.8068181818181818,0.75,"{""clf__C"": 2.2463533171675794, ""clf__gamma"": 0.0006516990611177178, ""clf__class_weight"": null}",0.10752709004258204,"[[14, 8], [9, 57]]",valence,0.746225614927905,0.8068181818181818,0.8082273112807463,9,0.13636363636363635,,8,0.36363636363636365,0.4925373134328358,0.34661329892980675,0.49275690208103123,subject_dependent,rbf_svm,0.6086956521739131,0.8769230769230769,0.9751443456672133,0.742809364548495,0.8068181818181818,0.8098662207357861,0.75,0.8068181818181818,0.8068181818181818,0.9214876033057852,14,0.6363636363636364,57,0.8636363636363636,1.0,1.0,0.08382154650213866,"[[2, 0], [0, 6]]",1.0,1.0,1.0,0,0.0,0,0.0,1.0,0.31295858379168695,1.0,1.0,1.0,1.0,1.0,1.0,1.0,1.0,1.0,1.0,1.0,2,1.0,6,1.0
0.5681818181818182,0.5878787878787879,"{""clf__C"": 0.40069130793659025, ""clf__gamma"": 0.0014899847475658245, ""clf__class_weight"": ""balanced""}",0.299162214160933,"[[28, 27], [11, 22]]",valence,0.5661650233523612,0.5681818181818182,0.5735599377270368,11,0.3333333333333333,,27,0.4909090909090909,0.16022099447513816,0.9451070337533597,0.17128606205176405,subject_dependent,rbf_svm,0.717948717948718,0.4489795918367347,0.40582079034188817,0.5834641548927263,0.5681818181818182,0.6170852956567242,0.5878787878787879,0.5681818181818182,0.5681818181818182,0.6,28,0.509090909090909,22,0.6666666666666666,0.625,0.7,0.27893920018353763,"[[2, 3], [0, 3]]",0.6190476190476191,0.625,0.6071428571428571,0,0.0,3,0.6,0.33333333333333337,0.8965329060430121,0.4472135954999579,1.0,0.5,0.5,0.75,0.625,0.8125,0.7,0.625,0.625,0.6,2,0.4,3,1.0
0.5795454545454546,0.5,"{""clf__C"": 1.4465894873674117, ""clf__gamma"": 0.00026828750938254404, ""clf__class_weight"": null}",0.2504996789642794,"[[6, 27], [10, 45]]",valence,0.476779688253254,0.5795454545454546,0.5347501205206492,10,0.18181818181818182,,27,0.8181818181818182,0.0,0.698277494625103,0.0,subject_dependent,rbf_svm,0.375,0.625,0.7754118253628577,0.5,0.5795454545454546,0.53125,0.5,0.5795454545454546,0.5795454545454546,0.6143250688705234,6,0.18181818181818182,45,0.8181818181818182,0.625,0.5,0.22687010166183036,"[[0, 3], [0, 5]]",0.38461538461538464,0.625,0.4807692307692308,0,0.0,3,1.0,0.0,0.6314192232583884,0.0,0.0,0.625,0.7961904761904761,0.3125,0.625,0.390625,0.5,0.625,0.625,0.6000000000000001,0,0.0,5,1.0
0.9659090909090909,0.9606060606060607,"{""clf__C"": 0.40069130793659025, ""clf__gamma"": 0.0014899847475658245, ""clf__class_weight"": ""balanced""}",0.08712186253986601,"[[31, 2], [1, 54]]",valence,0.9634095634095634,0.9659090909090909,0.9658004158004158,1,0.01818181818181818,,2,0.06060606060606061,0.926829268292683,0.3288353585529607,0.9271050693011065,subject_dependent,rbf_svm,0.96875,0.9642857142857143,0.9946099795338016,0.9665178571428572,0.9659090909090909,0.9659598214285713,0.9606060606060607,0.9659090909090909,0.9659090909090909,0.9900826446280993,31,0.9393939393939394,54,0.9818181818181818,1.0,1.0,0.07894796333448961,"[[3, 0], [0, 5]]",1.0,1.0,1.0,0,0.0,0,0.0,1.0,0.31887047248417005,1.0,1.0,1.0,1.0,1.0,1.0,1.0,1.0,1.0,1.0,1.0,3,1.0,5,1.0
0.6818181818181818,0.696969696969697,"{""clf__C"": 2.2463533171675794, ""clf__gamma"": 0.0006516990611177178, ""clf__class_weight"": null}",0.17328691036759117,"[[16, 6], [22, 44]]",valence,0.6459770114942529,0.6818181818181818,0.7022988505747126,22,0.3333333333333333,,6,0.2727272727272727,0.31707317073170727,0.5107890509495882,0.3443784128369114,subject_dependent,rbf_svm,0.42105263157894735,0.88,0.9369287348549649,0.6505263157894736,0.6818181818181818,0.7652631578947368,0.696969696969697,0.6818181818181818,0.6818181818181818,0.837465564738292,16,0.7272727272727273,44,0.6666666666666666,1.0,1.0,0.12955604074628596,"[[2, 0], [0, 6]]",1.0,1.0,1.0,0,0.0,0,0.0,1.0,0.4342059190504158,1.0,1.0,1.0,1.0,1.0,1.0,1.0,1.0,1.0,1.0,1.0,2,1.0,6,1.0
0.5795454545454546,0.5795454545454546,"{""clf__C"": 0.4342298948286134, ""clf__gamma"": 0.0008179499475211679, ""clf__class_weight"": ""balanced""}",0.24264304821215046,"[[20, 24], [13, 31]]",valence,0.5728715728715729,0.5795454545454546,0.5728715728715729,13,0.29545454545454547,,24,0.5454545454545454,0.15909090909090906,0.6790285679291792,0.16430838438455708,subject_dependent,rbf_svm,0.6060606060606061,0.5636363636363636,0.6171864677229061,0.5848484848484848,0.5795454545454546,0.5848484848484848,0.5795454545454546,0.5795454545454546,0.5795454545454546,0.6337809917355373,20,0.45454545454545453,31,0.7045454545454546,0.75,0.75,0.23055317183513369,"[[3, 1], [1, 3]]",0.75,0.75,0.75,1,0.25,1,0.25,0.5,0.6549083017239246,0.5,0.75,0.75,0.7708333333333333,0.75,0.75,0.75,0.75,0.75,0.75,0.75,3,0.75,3,0.75
0.5454545454545454,0.5575757575757576,"{""clf__C"": 0.26566952561151125, ""clf__gamma"": 0.0030586566669785274, ""clf__class_weight"": null}",0.3006375097297262,"[[28, 27], [13, 20]]",valence,0.5416666666666667,0.5454545454545454,0.5520833333333334,13,0.3939393939393939,,27,0.4909090909090909,0.1061452513966481,0.8380264847551072,0.11175503890954738,subject_dependent,rbf_svm,0.6829268292682927,0.425531914893617,0.4046891353635279,0.5542293720809549,0.5454545454545454,0.5864037363777893,0.5575757575757576,0.5454545454545454,0.5454545454545454,0.5553719008264464,28,0.509090909090909,20,0.6060606060606061,0.625,0.6333333333333333,0.2838001756504899,"[[3, 2], [1, 2]]",0.6190476190476191,0.625,0.6309523809523809,1,0.3333333333333333,2,0.4,0.25,0.7902507022640323,0.2581988897471611,0.75,0.5,0.4444444444444445,0.625,0.625,0.65625,0.6333333333333333,0.625,0.625,0.5333333333333333,3,0.6,2,0.6666666666666666
0.4431818181818182,0.49393939393939396,"{""clf__C"": 32.32518791282502, ""clf__gamma"": 0.0005104518230902811, ""clf__class_weight"": ""balanced""}",0.45545156738910464,"[[23, 10], [39, 16]]",valence,0.43963612735542557,0.4431818181818182,0.42849252761533463,39,0.7090909090909091,,10,0.30303030303030304,-0.010309278350515427,1.6539852237411703,-0.01286180282377182,subject_dependent,rbf_svm,0.3709677419354839,0.6153846153846154,0.6236517067725564,0.49317617866004965,0.4431818181818182,0.5237282878411911,0.49393939393939396,0.4431818181818182,0.4431818181818182,0.4936639118457301,23,0.696969696969697,16,0.2909090909090909,0.375,0.43333333333333335,0.40184605542546703,"[[2, 1], [4, 1]]",0.36507936507936506,0.375,0.34523809523809523,4,0.8,1,0.3333333333333333,-0.11111111111111116,1.0645754321748364,-0.14907119849998599,0.3333333333333333,0.5,0.6595238095238095,0.41666666666666663,0.375,0.4375,0.43333333333333335,0.375,0.375,0.5333333333333333,2,0.6666666666666666,1,0.2
0.4090909090909091,0.4090909090909091,"{""clf__C"": 0.4342298948286134, ""clf__gamma"": 0.0008179499475211679, ""clf__class_weight"": ""balanced""}",0.32759588215459395,"[[9, 13], [39, 27]]",valence,0.38328840970350403,0.4090909090909091,0.4463611859838275,39,0.5909090909090909,,13,0.5909090909090909,-0.13043478260869557,0.8697991132868643,-0.15811388300841897,subject_dependent,rbf_svm,0.1875,0.675,0.8001923084864098,0.43125,0.4090909090909091,0.5531250000000001,0.4090909090909091,0.4090909090909091,0.4090909090909091,0.48691460055096414,9,0.4090909090909091,27,0.4090909090909091,0.375,0.5833333333333334,0.31455750624093426,"[[2, 0], [5, 1]]",0.36507936507936506,0.375,0.32539682539682535,5,0.8333333333333334,0,0.0,0.09090909090909094,0.8268082758750201,0.2182178902359924,0.2857142857142857,1.0,0.7801587301587302,0.6428571428571428,0.375,0.8214285714285714,0.5833333333333334,0.375,0.375,0.41666666666666663,2,1.0,1,0.16666666666666666
0.6477272727272727,0.5848484848484848,"{""clf__C"": 0.21466070134458173, ""clf__gamma"": 0.0012955517240662183, ""clf__class_weight"": ""balanced""}",0.22657196440151992,"[[46, 9], [22, 11]]",valence,0.5815309096487191,0.6477272727272727,0.6231400521552385,22,0.6666666666666666,,9,0.16363636363636364,0.1842105263157895,0.6465034505747899,0.19603921176392136,subject_dependent,rbf_svm,0.6764705882352942,0.55,0.5204775040037815,0.6132352941176471,0.6477272727272727,0.6290441176470588,0.5848484848484848,0.6477272727272727,0.6477272727272727,0.6077134986225895,46,0.8363636363636363,11,0.3333333333333333,0.75,0.6666666666666666,0.21731152627125527,"[[5, 0], [2, 1]]",0.6666666666666667,0.75,0.7083333333333334,2,0.6666666666666666,0,0.0,0.3846153846153846,0.623827718174068,0.4879500364742666,0.7142857142857143,1.0,0.6666666666666667,0.8571428571428572,0.75,0.8214285714285714,0.6666666666666666,0.75,0.75,0.6666666666666666,5,1.0,1,0.3333333333333333
0.5568181818181818,0.5363636363636364,"{""clf__C"": 20.12196163610286, ""clf__gamma"": 0.0008612579192594886, ""clf__class_weight"": ""balanced""}",0.2614560401169611,"[[34, 21], [18, 15]]",valence,0.5351483136936205,0.5568181818181818,0.5602397399431125,18,0.5454545454545454,,21,0.38181818181818183,0.0714285714285714,0.7474758272666387,0.0716114874039433,subject_dependent,rbf_svm,0.6538461538461539,0.4166666666666667,0.38632864837610736,0.5352564102564102,0.5568181818181818,0.5649038461538461,0.5363636363636364,0.5568181818181818,0.5568181818181818,0.559228650137741,34,0.6181818181818182,15,0.45454545454545453,0.5,0.4,0.22961925188194332,"[[4, 1], [3, 0]]",0.3333333333333333,0.5,0.41666666666666663,3,1.0,1,0.2,-0.23076923076923084,0.6463512494205252,-0.29277002188455997,0.5714285714285714,0.0,0.5,0.2857142857142857,0.5,0.3571428571428571,0.4,0.5,0.5,0.6,4,0.8,0,0.0
0.6477272727272727,0.6212121212121212,"{""clf__C"": 262.30889101079146, ""clf__gamma"": 0.0025135566617708314, ""clf__class_weight"": null}",0.2207005415170305,"[[40, 15], [16, 17]]",valence,0.621898821898822,0.6477272727272727,0.6466042966042966,16,0.48484848484848486,,15,0.2727272727272727,0.24390243902439024,0.630546904146095,0.24397501823713327,subject_dependent,rbf_svm,0.7142857142857143,0.53125,0.49881349286775445,0.6227678571428572,0.6477272727272727,0.6456473214285714,0.6212121212121212,0.6477272727272727,0.6477272727272727,0.6831955922865014,40,0.7272727272727273,17,0.5151515151515151,0.75,0.6666666666666666,0.18253856321136858,"[[5, 0], [2, 1]]",0.6666666666666667,0.75,0.7083333333333334,2,0.6666666666666666,0,0.0,0.3846153846153846,0.5488534601389916,0.4879500364742666,0.7142857142857143,1.0,0.8055555555555556,0.8571428571428572,0.75,0.8214285714285714,0.6666666666666666,0.75,0.75,0.8666666666666667,5,1.0,1,0.3333333333333333
0.6022727272727273,0.6136363636363636,"{""clf__C"": 262.30889101079146, ""clf__gamma"": 0.0025135566617708314, ""clf__class_weight"": null}",0.28428156750759953,"[[39, 27], [8, 14]]",valence,0.567354965585054,0.6022727272727273,0.6288102261553589,8,0.36363636363636365,,27,0.4090909090909091,0.17647058823529416,0.8318155613743556,0.19728305039201205,subject_dependent,rbf_svm,0.8297872340425532,0.34146341463414637,0.27603836292121664,0.5856253243383498,0.6022727272727273,0.7077062791904515,0.6136363636363636,0.6022727272727273,0.6022727272727273,0.5853994490358128,39,0.5909090909090909,14,0.6363636363636364,0.625,0.75,0.2358549311149642,"[[3, 3], [0, 2]]",0.6190476190476191,0.625,0.6428571428571428,0,0.0,3,0.5,0.33333333333333337,0.6645715261332066,0.4472135954999579,1.0,0.4,0.3666666666666667,0.7,0.625,0.85,0.75,0.625,0.625,0.5833333333333334,3,0.5,2,1.0
0.5568181818181818,0.474025974025974,"{""clf__C"": 243.14537412227003, ""clf__gamma"": 0.0004992453416923984, ""clf__class_weight"": ""balanced""}",0.2897301931354201,"[[45, 32], [7, 4]]",valence,0.433943592281049,0.5568181818181818,0.6317417120237506,7,0.6363636363636364,,32,0.4155844155844156,-0.026315789473684292,0.8049846578341516,-0.03494282789073061,subject_dependent,rbf_svm,0.8653846153846154,0.1111111111111111,0.1464893026414322,0.4882478632478633,0.5568181818181818,0.7711004273504275,0.474025974025974,0.5568181818181818,0.5568181818181818,0.5017709563164109,45,0.5844155844155844,4,0.36363636363636365,0.375,0.21428571428571427,0.25131257127026785,"[[3, 4], [1, 0]]",0.2727272727272727,0.375,0.47727272727272724,1,1.0,4,0.5714285714285714,-0.25,0.695151927988025,-0.3779644730092272,0.75,0.0,0.2,0.375,0.375,0.65625,0.21428571428571427,0.375,0.375,0.4285714285714286,3,0.42857142857142855,0,0.0
0.48863636363636365,0.5303030303030303,"{""clf__C"": 64.69870699850829, ""clf__gamma"": 0.0008200518402245837, ""clf__class_weight"": null}",0.31235567739002007,"[[23, 10], [35, 20]]",valence,0.48804137039431156,0.48863636363636365,0.4836780866192631,35,0.6363636363636364,,10,0.30303030303030304,0.052631578947368474,0.868092038066554,0.06189844605901729,subject_dependent,rbf_svm,0.39655172413793105,0.6666666666666666,0.7192264231793996,0.5316091954022988,0.48863636363636365,0.5653735632183907,0.5303030303030303,0.48863636363636365,0.48863636363636365,0.5597796143250688,23,0.696969696969697,20,0.36363636363636365,0.625,0.7,0.28433720716527194,"[[3, 0], [3, 2]]",0.6190476190476191,0.625,0.6071428571428571,3,0.6,0,0.0,0.33333333333333337,0.7833181812620044,0.4472135954999579,0.5,1.0,0.7892857142857144,0.75,0.625,0.8125,0.7,0.625,0.625,0.5333333333333333,3,1.0,2,0.4
0.48863636363636365,0.5181818181818182,"{""clf__C"": 32.32518791282502, ""clf__gamma"": 0.0005104518230902811, ""clf__class_weight"": ""balanced""}",0.3058095459518416,"[[21, 12], [33, 22]]",valence,0.4885703215807826,0.48863636363636365,0.4900232468035645,33,0.6,,12,0.36363636363636365,0.032258064516129004,0.8219809282680687,0.036155076303109365,subject_dependent,rbf_svm,0.3888888888888889,0.6470588235294118,0.6184954629610546,0.5179738562091504,0.48863636363636365,0.5502450980392157,0.5181818181818182,0.48863636363636365,0.48863636363636365,0.4829201101928374,21,0.6363636363636364,22,0.4,0.375,0.5,0.284685756276465,"[[3, 0], [5, 0]]",0.2727272727272727,0.375,0.20454545454545453,5,1.0,0,0.0,0.0,0.7633403224483243,0.0,0.375,0.0,0.6961904761904761,0.1875,0.375,0.140625,0.5,0.375,0.375,0.4666666666666667,3,1.0,0,0.0
0.4090909090909091,0.4484848484848485,"{""clf__C"": 100.2571297605856, ""clf__gamma"": 0.0074112997810832455, ""clf__class_weight"": ""balanced""}",0.34911615010684593,"[[20, 13], [39, 16]]",valence,0.4078674948240165,0.4090909090909091,0.40113871635610765,39,0.7090909090909091,,13,0.3939393939393939,-0.08900523560209428,0.9623525458143919,-0.10611536862860942,subject_dependent,rbf_svm,0.3389830508474576,0.5517241379310345,0.609342544991756,0.44535359438924604,0.4090909090909091,0.4719462302746931,0.4484848484848485,0.4090909090909091,0.4090909090909091,0.4666666666666666,20,0.6060606060606061,16,0.2909090909090909,0.25,0.3333333333333333,0.30148381643139455,"[[2, 1], [5, 0]]",0.2,0.25,0.15000000000000002,5,1.0,1,0.3333333333333333,-0.26315789473684204,0.7958691419112609,-0.4879500364742666,0.2857142857142857,0.0,0.6861904761904762,0.14285714285714285,0.25,0.10714285714285714,0.3333333333333333,0.25,0.25,0.6000000000000001,2,0.6666666666666666,0,0.0
0.48863636363636365,0.48863636363636365,"{""clf__C"": 0.40069130793659025, ""clf__gamma"": 0.0014899847475658245, ""clf__class_weight"": ""balanced""}",0.2565790295182371,"[[24, 20], [25, 19]]",valence,0.4869801787796346,0.48863636363636365,0.4869801787796347,25,0.5681818181818182,,20,0.45454545454545453,-0.022727272727272707,0.7064675186453558,-0.022875450543583874,subject_dependent,rbf_svm,0.4897959183673469,0.48717948717948717,0.47565591856584477,0.488487702773417,0.48863636363636365,0.488487702773417,0.48863636363636365,0.48863636363636365,0.48863636363636365,0.4545454545454546,24,0.5454545454545454,19,0.4318181818181818,0.5,0.5,0.2555662309513842,"[[4, 0], [4, 0]]",0.3333333333333333,0.5,0.3333333333333333,4,1.0,0,0.0,0.0,0.7043933957484267,0.0,0.5,0.0,0.6488095238095237,0.25,0.5,0.25,0.5,0.5,0.5,0.4375,4,1.0,0,0.0
0.3522727272727273,0.32575757575757575,"{""clf__C"": 0.40069130793659025, ""clf__gamma"": 0.0014899847475658245, ""clf__class_weight"": ""balanced""}",0.2892657700017832,"[[25, 41], [16, 6]]",valence,0.3206013815522145,0.3522727272727273,0.3939455505891914,16,0.7272727272727273,,41,0.6212121212121212,-0.25274725274725274,0.7732500732082731,-0.3025006772677518,subject_dependent,rbf_svm,0.6097560975609756,0.1276595744680851,0.17154127534744654,0.36870783601453033,0.3522727272727273,0.489231966787753,0.32575757575757575,0.3522727272727273,0.3522727272727273,0.25413223140495866,25,0.3787878787878788,6,0.2727272727272727,0.0,0.0,0.28607824318525,"[[0, 6], [2, 0]]",0.0,0.0,0.0,2,1.0,6,1.0,-0.6000000000000001,0.7655386265236954,-1.0,0.0,0.0,0.19642857142857142,0.0,0.0,0.0,0.0,0.0,0.0,0.0,0,0.0,0,0.0
0.4090909090909091,0.3939393939393939,"{""clf__C"": 53.72198163554894, ""clf__gamma"": 0.0003972110727381913, ""clf__class_weight"": null}",0.36402007026313504,"[[28, 38], [14, 8]]",valence,0.3769063180827886,0.4090909090909091,0.4477124183006536,14,0.6363636363636364,,38,0.5757575757575758,-0.15555555555555545,0.9787755820378954,-0.18389242812245682,subject_dependent,rbf_svm,0.6666666666666666,0.17391304347826086,0.1893917267563053,0.42028985507246375,0.4090909090909091,0.5434782608695653,0.3939393939393939,0.4090909090909091,0.4090909090909091,0.3367768595041322,28,0.42424242424242425,8,0.36363636363636365,0.375,0.25,0.336321788090344,"[[3, 3], [2, 0]]",0.2727272727272727,0.375,0.40909090909090906,2,1.0,3,0.5,-0.4285714285714286,0.8900363693794565,-0.4472135954999579,0.6,0.0,0.225,0.3,0.375,0.44999999999999996,0.25,0.375,0.375,0.16666666666666669,3,0.5,0,0.0
0.5340909090909091,0.5340909090909091,"{""clf__C"": 0.6351054340728711, ""clf__gamma"": 0.0005285382203816729, ""clf__class_weight"": ""balanced""}",0.25414006616012647,"[[29, 15], [26, 18]]",valence,0.5266955266955267,0.5340909090909091,0.5266955266955267,26,0.5909090909090909,,15,0.3409090909090909,0.06818181818181823,0.704447145767036,0.07041787902195304,subject_dependent,rbf_svm,0.5272727272727272,0.5454545454545454,0.5144646095968978,0.5363636363636364,0.5340909090909091,0.5363636363636364,0.5340909090909091,0.5340909090909091,0.5340909090909091,0.5619834710743802,29,0.6590909090909091,18,0.4090909090909091,0.625,0.625,0.24378986334011882,"[[2, 2], [1, 3]]",0.6190476190476191,0.625,0.6190476190476191,1,0.25,2,0.5,0.25,0.6814733200586549,0.2581988897471611,0.6666666666666666,0.6,0.5666666666666667,0.6333333333333333,0.625,0.6333333333333333,0.625,0.625,0.625,0.5625,2,0.5,3,0.75
0.5568181818181818,0.5568181818181819,"{""clf__C"": 0.21466070134458173, ""clf__gamma"": 0.0012955517240662183, ""clf__class_weight"": ""balanced""}",0.24291077507595132,"[[16, 28], [11, 33]]",valence,0.5396378269617707,0.5568181818181818,0.5396378269617707,11,0.25,,28,0.6363636363636364,0.11363636363636365,0.6773528944100715,0.12320354515909547,subject_dependent,rbf_svm,0.5925925925925926,0.5409836065573771,0.7180534722383818,0.5667880995749848,0.5568181818181818,0.5667880995749848,0.5568181818181819,0.5568181818181818,0.5568181818181818,0.6528925619834711,16,0.36363636363636365,33,0.75,0.375,0.375,0.23706758466046157,"[[0, 4], [1, 3]]",0.2727272727272727,0.375,0.2727272727272727,1,0.25,4,1.0,-0.25,0.6644994004053244,-0.3779644730092272,0.0,0.42857142857142855,0.875,0.21428571428571427,0.375,0.21428571428571427,0.375,0.375,0.375,0.75,0,0.0,3,0.75
0.48863636363636365,0.4878787878787879,"{""clf__C"": 243.14537412227003, ""clf__gamma"": 0.0004992453416923984, ""clf__class_weight"": ""balanced""}",0.42752653065689245,"[[16, 17], [28, 27]]",valence,0.4805194805194805,0.48863636363636365,0.49675324675324667,28,0.509090909090909,,17,0.5151515151515151,-0.022727272727272707,2.1803583160815894,-0.02347262634065101,subject_dependent,rbf_svm,0.36363636363636365,0.6136363636363636,0.5901427343370855,0.48863636363636365,0.48863636363636365,0.5198863636363636,0.4878787878787879,0.48863636363636365,0.48863636363636365,0.4451790633608816,16,0.48484848484848486,27,0.4909090909090909,0.375,0.3666666666666667,0.3389412901417471,"[[1, 2], [3, 2]]",0.36507936507936506,0.375,0.38492063492063494,3,0.6,2,0.6666666666666666,-0.25,0.9218828233722589,-0.2581988897471611,0.25,0.5,0.6926190476190477,0.375,0.375,0.40625,0.3666666666666667,0.375,0.375,0.4,1,0.3333333333333333,2,0.4
0.42045454545454547,0.4204545454545454,"{""clf__C"": 0.6351054340728711, ""clf__gamma"": 0.0005285382203816729, ""clf__class_weight"": ""balanced""}",0.342985735937481,"[[8, 36], [15, 29]]",valence,0.3854580309461865,0.42045454545454547,0.38545803094618647,15,0.3409090909090909,,36,0.8181818181818182,-0.15909090909090917,0.924247581624704,-0.1810412100391551,subject_dependent,rbf_svm,0.34782608695652173,0.4461538461538462,0.4041498983041747,0.3969899665551839,0.42045454545454547,0.3969899665551839,0.4204545454545454,0.42045454545454547,0.42045454545454547,0.3527892561983471,8,0.18181818181818182,29,0.6590909090909091,0.375,0.375,0.33026764224678146,"[[0, 4], [1, 3]]",0.2727272727272727,0.375,0.2727272727272727,1,0.25,4,1.0,-0.25,0.8812286878736622,-0.3779644730092272,0.0,0.42857142857142855,0.4583333333333333,0.21428571428571427,0.375,0.21428571428571427,0.375,0.375,0.375,0.3125,0,0.0,3,0.75
0.5340909090909091,0.5060606060606061,"{""clf__C"": 13.411788774467905, ""clf__gamma"": 0.00026210878782654407, ""clf__class_weight"": ""balanced""}",0.3799920214286305,"[[13, 20], [21, 34]]",valence,0.5059564562508558,0.5340909090909091,0.5354306449404355,21,0.38181818181818183,,20,0.6060606060606061,0.012048192771084376,1.1600471932790886,0.012051692101036455,subject_dependent,rbf_svm,0.38235294117647056,0.6296296296296297,0.5382587562073519,0.5059912854030502,0.5340909090909091,0.536900871459695,0.5060606060606061,0.5340909090909091,0.5340909090909091,0.3796143250688705,13,0.3939393939393939,34,0.6181818181818182,0.5,0.4666666666666667,0.35575777333984077,"[[1, 2], [2, 3]]",0.4666666666666667,0.5,0.5,2,0.4,2,0.6666666666666666,-0.06666666666666665,1.0670645419018758,-0.06666666666666667,0.3333333333333333,0.6,0.6116666666666666,0.4666666666666667,0.5,0.5,0.4666666666666667,0.5,0.5,0.4,1,0.3333333333333333,3,0.6
0.625,0.625,"{""clf__C"": 243.14537412227003, ""clf__gamma"": 0.0004992453416923984, ""clf__class_weight"": ""balanced""}",0.25207728400335566,"[[18, 26], [7, 37]]",valence,0.6066639577407558,0.625,0.6066639577407558,7,0.1590909090909091,,26,0.5909090909090909,0.25,0.7432009442104411,0.27717394687343333,subject_dependent,rbf_svm,0.72,0.5873015873015873,0.6565789002944531,0.6536507936507936,0.625,0.6536507936507937,0.625,0.625,0.625,0.6869834710743802,18,0.4090909090909091,37,0.8409090909090909,0.625,0.625,0.19993100094080088,"[[1, 3], [0, 4]]",0.5636363636363637,0.625,0.5636363636363637,0,0.0,3,0.75,0.25,0.5747499875222186,0.3779644730092272,1.0,0.5714285714285714,0.8928571428571428,0.7857142857142857,0.625,0.7857142857142857,0.625,0.625,0.625,0.8125,1,0.25,4,1.0
0.5113636363636364,0.5909090909090908,"{""clf__C"": 13.411788774467905, ""clf__gamma"": 0.00026210878782654407, ""clf__class_weight"": ""balanced""}",0.33577548078685454,"[[15, 40], [3, 30]]",valence,0.4967415879771246,0.5113636363636364,0.4752959170102407,3,0.09090909090909091,,40,0.7272727272727273,0.14851485148514854,0.9661140012378744,0.21821789023599236,subject_dependent,rbf_svm,0.8333333333333334,0.42857142857142855,0.49342340416776054,0.6309523809523809,0.5113636363636364,0.6815476190476191,0.5909090909090908,0.5113636363636364,0.5113636363636364,0.6176308539944904,15,0.2727272727272727,30,0.9090909090909091,0.625,0.7,0.31807364667960214,"[[2, 3], [0, 3]]",0.6190476190476191,0.625,0.6071428571428571,0,0.0,3,0.6,0.33333333333333337,0.8830627119504983,0.4472135954999579,1.0,0.5,0.41111111111111115,0.75,0.625,0.8125,0.7,0.625,0.625,0.4666666666666667,2,0.4,3,1.0
0.3068181818181818,0.3787878787878788,"{""clf__C"": 0.40069130793659025, ""clf__gamma"": 0.0014899847475658245, ""clf__class_weight"": ""balanced""}",0.43815081158426705,"[[5, 50], [11, 22]]",valence,0.2799463447350771,0.3068181818181818,0.24517102615694164,11,0.3333333333333333,,50,0.9090909090909091,-0.196078431372549,1.1751031729302317,-0.3042903097250923,subject_dependent,rbf_svm,0.3125,0.3055555555555556,0.537368458404978,0.3090277777777778,0.3068181818181818,0.30989583333333337,0.3787878787878788,0.3068181818181818,0.3068181818181818,0.5333333333333333,5,0.09090909090909091,22,0.6666666666666666,0.25,0.3333333333333333,0.424996787435737,"[[0, 5], [1, 2]]",0.2,0.25,0.15000000000000002,1,0.3333333333333333,5,1.0,-0.26315789473684204,1.1141235075880631,-0.4879500364742666,0.0,0.2857142857142857,0.6805555555555556,0.14285714285714285,0.25,0.10714285714285714,0.3333333333333333,0.25,0.25,0.6,0,0.0,2,0.6666666666666666
0.6363636363636364,0.7121212121212122,"{""clf__C"": 0.40069130793659025, ""clf__gamma"": 0.0014899847475658245, ""clf__class_weight"": ""balanced""}",0.2413797573857705,"[[37, 29], [3, 19]]",valence,0.6204851752021563,0.6363636363636364,0.6592991913746631,3,0.13636363636363635,,29,0.4393939393939394,0.30434782608695654,0.6742061477456027,0.3689323936863109,subject_dependent,rbf_svm,0.925,0.3958333333333333,0.36422944833191095,0.6604166666666667,0.6363636363636364,0.7927083333333335,0.7121212121212122,0.6363636363636364,0.6363636363636364,0.7162534435261708,37,0.5606060606060606,19,0.8636363636363636,0.5,0.6666666666666666,0.23396413720227136,"[[2, 4], [0, 2]]",0.5,0.5,0.5,0,0.0,4,0.6666666666666666,0.19999999999999996,0.6571969283928765,0.3333333333333333,1.0,0.3333333333333333,0.5,0.6666666666666666,0.5,0.8333333333333334,0.6666666666666666,0.5,0.5,0.7500000000000001,2,0.3333333333333333,2,1.0
0.2840909090909091,0.35454545454545455,"{""clf__C"": 0.26052157465743125, ""clf__gamma"": 0.013795402040204185, ""clf__class_weight"": null}",0.39676202456168214,"[[21, 12], [51, 4]]",valence,0.2563380281690141,0.2840909090909091,0.22042253521126762,51,0.9272727272727272,,12,0.36363636363636365,-0.23529411764705888,1.0537577731554761,-0.36514837167011077,subject_dependent,rbf_svm,0.2916666666666667,0.25,0.5042028245245078,0.27083333333333337,0.2840909090909091,0.265625,0.35454545454545455,0.2840909090909091,0.2840909090909091,0.31404958677685946,21,0.6363636363636364,4,0.07272727272727272,0.25,0.26666666666666666,0.37494154220546305,"[[1, 2], [4, 1]]",0.25,0.25,0.25,4,0.8,2,0.6666666666666666,-0.41176470588235303,0.9666177717302666,-0.4666666666666667,0.2,0.3333333333333333,0.5449999999999999,0.26666666666666666,0.25,0.2833333333333333,0.26666666666666666,0.25,0.25,0.2666666666666667,1,0.3333333333333333,1,0.2
0.8409090909090909,0.8303030303030303,"{""clf__C"": 0.5284919490133119, ""clf__gamma"": 0.005047786565710607, ""clf__class_weight"": null}",0.13342063608352428,"[[48, 7], [7, 26]]",valence,0.8303030303030303,0.8409090909090909,0.8409090909090909,7,0.21212121212121213,,7,0.12727272727272726,0.6606060606060606,0.4279037451821868,0.6606060606060606,subject_dependent,rbf_svm,0.8727272727272727,0.7878787878787878,0.8715917563750705,0.8303030303030303,0.8409090909090909,0.8409090909090909,0.8303030303030303,0.8409090909090909,0.8409090909090909,0.878236914600551,48,0.8727272727272727,26,0.7878787878787878,1.0,1.0,0.09733209240199642,"[[5, 0], [0, 3]]",1.0,1.0,1.0,0,0.0,0,0.0,1.0,0.3623590360984047,1.0,1.0,1.0,1.0,1.0,1.0,1.0,1.0,1.0,1.0,1.0,5,1.0,3,1.0
0.5681818181818182,0.7142857142857142,"{""clf__C"": 262.30889101079146, ""clf__gamma"": 0.0025135566617708314, ""clf__class_weight"": null}",0.3399364353727416,"[[40, 37], [1, 10]]",valence,0.5113968439509059,0.5681818181818182,0.6363237872589129,1,0.09090909090909091,,37,0.4805194805194805,0.17837837837837833,1.1945262382257267,0.28413456083671457,subject_dependent,rbf_svm,0.975609756097561,0.2127659574468085,0.25022616448536783,0.5941878567721848,0.5681818181818182,0.8802542812662169,0.7142857142857142,0.5681818181818182,0.5681818181818181,0.7131050767414404,40,0.5194805194805194,10,0.9090909090909091,0.625,0.7857142857142857,0.25707836619337454,"[[4, 3], [0, 1]]",0.5636363636363637,0.625,0.6863636363636364,0,0.0,3,0.42857142857142855,0.25,0.7330034019612053,0.3779644730092272,1.0,0.25,0.5,0.625,0.625,0.90625,0.7857142857142857,0.625,0.625,0.8571428571428572,4,0.5714285714285714,1,1.0
0.6704545454545454,0.7,"{""clf__C"": 2.2463533171675794, ""clf__gamma"": 0.0006516990611177178, ""clf__class_weight"": null}",0.2112440679634577,"[[32, 23], [6, 27]]",valence,0.6693872263246534,0.6704545454545454,0.6740834304961782,6,0.18181818181818182,,23,0.41818181818181815,0.3626373626373627,0.6121766722624381,0.39095025932100097,subject_dependent,rbf_svm,0.8421052631578947,0.54,0.6300383096457646,0.6910526315789474,0.6704545454545454,0.7288157894736842,0.7,0.6704545454545454,0.6704545454545454,0.7746556473829201,32,0.5818181818181818,27,0.8181818181818182,0.875,0.9,0.17707145515006162,"[[4, 1], [0, 3]]",0.873015873015873,0.875,0.876984126984127,0,0.0,1,0.2,0.75,0.5456862937420294,0.7745966692414834,1.0,0.75,0.6388888888888888,0.875,0.875,0.90625,0.9,0.875,0.875,0.8,4,0.8,3,1.0
0.7159090909090909,0.7666666666666666,"{""clf__C"": 2.2463533171675794, ""clf__gamma"": 0.0006516990611177178, ""clf__class_weight"": null}",0.17178124579266507,"[[32, 1], [24, 31]]",valence,0.7158724008782126,0.7159090909090909,0.7150652201988893,24,0.43636363636363634,,1,0.030303030303030304,0.46808510638297873,0.5136933939617329,0.5367450401216932,subject_dependent,rbf_svm,0.5714285714285714,0.96875,0.9296420828601635,0.7700892857142857,0.7159090909090909,0.8197544642857143,0.7666666666666666,0.7159090909090909,0.7159090909090909,0.8732782369146006,32,0.9696969696969697,31,0.5636363636363636,0.75,0.8,0.13476083954856183,"[[3, 0], [2, 3]]",0.75,0.75,0.75,2,0.4,0,0.0,0.5294117647058824,0.43948199913269564,0.6,0.6,1.0,1.0,0.8,0.75,0.85,0.8,0.75,0.75,1.0,3,1.0,3,0.6
0.4318181818181818,0.4484848484848485,"{""clf__C"": 20.12196163610286, ""clf__gamma"": 0.0008612579192594886, ""clf__class_weight"": ""balanced""}",0.4064723385538187,"[[17, 16], [34, 21]]",valence,0.43064182194616973,0.4318181818181818,0.437111801242236,34,0.6181818181818182,,16,0.48484848484848486,-0.09289617486338808,1.3478476688076517,-0.10104558481304471,subject_dependent,rbf_svm,0.3333333333333333,0.5675675675675675,0.6138656794974839,0.4504504504504504,0.4318181818181818,0.47972972972972966,0.4484848484848485,0.4318181818181818,0.4318181818181818,0.4980716253443526,17,0.5151515151515151,21,0.38181818181818183,0.375,0.43333333333333335,0.32574430718048264,"[[2, 1], [4, 1]]",0.36507936507936506,0.375,0.34523809523809523,4,0.8,1,0.3333333333333333,-0.11111111111111116,0.8599284623858652,-0.14907119849998599,0.3333333333333333,0.5,0.71,0.41666666666666663,0.375,0.4375,0.43333333333333335,0.375,0.375,0.6666666666666667,2,0.6666666666666666,1,0.2
0.5568181818181818,0.5833333333333333,"{""clf__C"": 13.411788774467905, ""clf__gamma"": 0.00026210878782654407, ""clf__class_weight"": ""balanced""}",0.282401535564396,"[[14, 8], [31, 35]]",valence,0.5300561413117897,0.5568181818181818,0.5861289880870875,31,0.4696969696969697,,8,0.36363636363636365,0.1235955056179775,0.8710393438265821,0.1443748590089956,subject_dependent,rbf_svm,0.3111111111111111,0.813953488372093,0.8181062519081896,0.562532299741602,0.5568181818181818,0.6882428940568475,0.5833333333333333,0.5568181818181818,0.5568181818181818,0.6212121212121212,14,0.6363636363636364,35,0.5303030303030303,0.625,0.5833333333333333,0.25642707065720605,"[[1, 1], [2, 4]]",0.5636363636363637,0.625,0.6454545454545454,2,0.3333333333333333,1,0.5,0.1428571428571429,0.7287253344794242,0.14907119849998599,0.3333333333333333,0.8,0.8555555555555556,0.5666666666666667,0.625,0.6833333333333335,0.5833333333333333,0.625,0.625,0.5833333333333334,1,0.5,4,0.6666666666666666
0.5113636363636364,0.5,"{""clf__C"": 20.12196163610286, ""clf__gamma"": 0.0008612579192594886, ""clf__class_weight"": ""balanced""}",0.40958732660459857,"[[15, 18], [25, 30]]",valence,0.4967415879771246,0.5113636363636364,0.5181872589440085,25,0.45454545454545453,,18,0.5454545454545454,0.0,1.605117191507265,0.0,subject_dependent,rbf_svm,0.375,0.625,0.6312288988599348,0.5,0.5113636363636364,0.53125,0.5,0.5113636363636364,0.5113636363636364,0.4308539944903581,15,0.45454545454545453,30,0.5454545454545454,0.375,0.3,0.34466464979008526,"[[0, 3], [2, 3]]",0.2727272727272727,0.375,0.3409090909090909,2,0.4,3,1.0,-0.4285714285714286,0.9913020665646396,-0.4472135954999579,0.0,0.5,0.7226190476190476,0.25,0.375,0.3125,0.3,0.375,0.375,0.4666666666666667,0,0.0,3,0.6
0.6818181818181818,0.6212121212121212,"{""clf__C"": 13.411788774467905, ""clf__gamma"": 0.00026210878782654407, ""clf__class_weight"": ""balanced""}",0.2360700826705581,"[[11, 11], [17, 49]]",valence,0.6088888888888889,0.6818181818181818,0.6933333333333334,17,0.25757575757575757,,11,0.5,0.2222222222222222,0.7136616333647935,0.22537446792760443,subject_dependent,rbf_svm,0.39285714285714285,0.8166666666666667,0.7779473382691979,0.6047619047619047,0.6818181818181818,0.7107142857142857,0.6212121212121212,0.6818181818181818,0.6818181818181818,0.568870523415978,11,0.5,49,0.7424242424242424,0.75,0.6666666666666667,0.20064017016840485,"[[1, 1], [1, 5]]",0.6666666666666667,0.75,0.75,1,0.16666666666666666,1,0.5,0.33333333333333337,0.5870596639306038,0.3333333333333333,0.5,0.8333333333333334,0.8178571428571428,0.6666666666666667,0.75,0.75,0.6666666666666667,0.75,0.75,0.5833333333333334,1,0.5,5,0.8333333333333334
0.5454545454545454,0.4242424242424242,"{""clf__C"": 32.32518791282502, ""clf__gamma"": 0.0005104518230902811, ""clf__class_weight"": ""balanced""}",0.29005255785069495,"[[4, 18], [22, 44]]",valence,0.4270833333333333,0.5454545454545454,0.5572916666666666,22,0.3333333333333333,,18,0.8181818181818182,-0.1428571428571428,0.8882588426156939,-0.14379932713576268,subject_dependent,rbf_svm,0.15384615384615385,0.7096774193548387,0.7337645426532975,0.4317617866004963,0.5454545454545454,0.5707196029776676,0.4242424242424242,0.5454545454545454,0.5454545454545454,0.4132231404958678,4,0.18181818181818182,44,0.6666666666666666,0.625,0.4166666666666667,0.24456253030578673,"[[0, 2], [1, 5]]",0.38461538461538464,0.625,0.576923076923077,1,0.16666666666666666,2,1.0,-0.19999999999999996,0.6819762703088915,-0.2182178902359924,0.0,0.7142857142857143,0.8134920634920635,0.35714285714285715,0.625,0.5357142857142857,0.4166666666666667,0.625,0.625,0.41666666666666663,0,0.0,5,0.8333333333333334
0.6022727272727273,0.5,"{""clf__C"": 13.411788774467905, ""clf__gamma"": 0.00026210878782654407, ""clf__class_weight"": ""balanced""}",0.2375036552028334,"[[4, 7], [28, 49]]",valence,0.4614443084455324,0.6022727272727273,0.6679926560587515,28,0.36363636363636365,,7,0.6363636363636364,0.0,0.6963267244554285,0.0,subject_dependent,rbf_svm,0.125,0.875,0.9274613019822711,0.5,0.6022727272727273,0.78125,0.5,0.6022727272727273,0.6022727272727273,0.5962219598583235,4,0.36363636363636365,49,0.6363636363636364,0.75,0.42857142857142855,0.19777313233734398,"[[0, 1], [1, 6]]",0.42857142857142855,0.75,0.75,1,0.14285714285714285,1,1.0,-0.1428571428571428,0.5809544219284756,-0.14285714285714285,0.0,0.8571428571428571,0.9617346938775511,0.42857142857142855,0.75,0.75,0.42857142857142855,0.75,0.75,0.7142857142857143,0,0.0,6,0.8571428571428571
0.5568181818181818,0.5833333333333333,"{""clf__C"": 243.14537412227003, ""clf__gamma"": 0.0004992453416923984, ""clf__class_weight"": ""balanced""}",0.33751926526383885,"[[14, 8], [31, 35]]",valence,0.5300561413117897,0.5568181818181818,0.5861289880870875,31,0.4696969696969697,,8,0.36363636363636365,0.1235955056179775,1.063932411601022,0.1443748590089956,subject_dependent,rbf_svm,0.3111111111111111,0.813953488372093,0.8296619873489207,0.562532299741602,0.5568181818181818,0.6882428940568475,0.5833333333333333,0.5568181818181818,0.5568181818181818,0.5943526170798898,14,0.6363636363636364,35,0.5303030303030303,0.5,0.5,0.2714177362795267,"[[1, 1], [3, 3]]",0.4666666666666667,0.5,0.5333333333333333,3,0.5,1,0.5,0.0,0.74073658708338,0.0,0.25,0.75,0.915079365079365,0.5,0.5,0.625,0.5,0.5,0.5,0.75,1,0.5,3,0.5
0.5340909090909091,0.5340909090909091,"{""clf__C"": 1.351144633701368, ""clf__gamma"": 0.015446089075047083, ""clf__class_weight"": ""balanced""}",0.321276009570524,"[[15, 29], [12, 32]]",valence,0.5160295103957075,0.5340909090909091,0.5160295103957077,12,0.2727272727272727,,29,0.6590909090909091,0.06818181818181823,1.0046137803238517,0.07392212709545729,subject_dependent,rbf_svm,0.5555555555555556,0.5245901639344263,0.6076388675438549,0.5400728597449909,0.5340909090909091,0.540072859744991,0.5340909090909091,0.5340909090909091,0.5340909090909091,0.6229338842975207,15,0.3409090909090909,32,0.7272727272727273,0.625,0.625,0.2536572046863175,"[[2, 2], [1, 3]]",0.6190476190476191,0.625,0.6190476190476191,1,0.25,2,0.5,0.25,0.7073704145871836,0.2581988897471611,0.6666666666666666,0.6,0.6678571428571428,0.6333333333333333,0.625,0.6333333333333333,0.625,0.625,0.625,0.5625,2,0.5,3,0.75
0.4431818181818182,0.43333333333333335,"{""clf__C"": 183.42628625395747, ""clf__gamma"": 0.0001005394019469303, ""clf__class_weight"": ""balanced""}",0.3982088441767024,"[[13, 20], [29, 26]]",valence,0.43075907590759077,0.4431818181818182,0.45178217821782174,29,0.5272727272727272,,20,0.6060606060606061,-0.12643678160919536,1.2200244253274257,-0.12923301908921092,subject_dependent,rbf_svm,0.30952380952380953,0.5652173913043478,0.6096389479869762,0.43737060041407866,0.4431818181818182,0.469332298136646,0.43333333333333335,0.4431818181818182,0.4431818181818182,0.4352617079889807,13,0.3939393939393939,26,0.4727272727272727,0.5,0.4666666666666667,0.32143875166921143,"[[1, 2], [2, 3]]",0.4666666666666667,0.5,0.5,2,0.4,2,0.6666666666666666,-0.06666666666666665,0.8782335916891248,-0.06666666666666667,0.3333333333333333,0.6,0.6226190476190476,0.4666666666666667,0.5,0.5,0.4666666666666667,0.5,0.5,0.4,1,0.3333333333333333,3,0.6
0.5909090909090909,0.5393939393939394,"{""clf__C"": 0.40069130793659025, ""clf__gamma"": 0.0014899847475658245, ""clf__class_weight"": ""balanced""}",0.23547821518754572,"[[11, 22], [14, 41]]",valence,0.5371127995324372,0.5909090909090909,0.5765634132086499,14,0.2545454545454545,,22,0.6666666666666666,0.08280254777070062,0.6600756168536885,0.0845780063222062,subject_dependent,rbf_svm,0.44,0.6507936507936508,0.7696839040029758,0.5453968253968254,0.5909090909090909,0.5717460317460318,0.5393939393939394,0.5909090909090909,0.5909090909090909,0.6110192837465563,11,0.3333333333333333,41,0.7454545454545455,0.5,0.4,0.2272453201049671,"[[0, 3], [1, 4]]",0.3333333333333333,0.5,0.41666666666666663,1,0.2,3,1.0,-0.23076923076923084,0.640746979712665,-0.29277002188455997,0.0,0.5714285714285714,0.885,0.2857142857142857,0.5,0.3571428571428571,0.4,0.5,0.5,0.7333333333333334,0,0.0,4,0.8
0.48863636363636365,0.48863636363636365,"{""clf__C"": 48.43827864278568, ""clf__gamma"": 0.00039459088111000007, ""clf__class_weight"": ""balanced""}",0.33743374911234186,"[[25, 19], [26, 18]]",valence,0.4853801169590643,0.48863636363636365,0.48538011695906425,26,0.5909090909090909,,19,0.4318181818181818,-0.022727272727272707,0.9809992899329208,-0.023020462775806542,subject_dependent,rbf_svm,0.49019607843137253,0.4864864864864865,0.554140840394788,0.4883412824589295,0.48863636363636365,0.4883412824589295,0.48863636363636365,0.48863636363636365,0.48863636363636365,0.49380165289256195,25,0.5681818181818182,18,0.4090909090909091,0.5,0.5,0.2767985646688482,"[[2, 2], [2, 2]]",0.5,0.5,0.5,2,0.5,2,0.5,0.0,0.7616681526104211,0.0,0.5,0.5,0.75,0.5,0.5,0.5,0.5,0.5,0.5,0.5625,2,0.5,2,0.5
0.5795454545454546,0.4318181818181818,"{""clf__C"": 48.43827864278568, ""clf__gamma"": 0.00039459088111000007, ""clf__class_weight"": ""balanced""}",0.29339820643209236,"[[48, 18], [19, 3]]",valence,0.43066969749956285,0.5795454545454546,0.5762371043888791,19,0.8636363636363636,,18,0.2727272727272727,-0.1384615384615384,0.8581846869413332,-0.13852712896188304,subject_dependent,rbf_svm,0.7164179104477612,0.14285714285714285,0.20409141878134263,0.42963752665245203,0.5795454545454546,0.5730277185501066,0.4318181818181818,0.5795454545454546,0.5795454545454546,0.38636363636363635,48,0.7272727272727273,3,0.13636363636363635,0.625,0.4166666666666667,0.2608646251206899,"[[5, 1], [2, 0]]",0.38461538461538464,0.625,0.576923076923077,2,1.0,1,0.16666666666666666,-0.19999999999999996,0.7176732724395858,-0.2182178902359924,0.7142857142857143,0.0,0.24285714285714285,0.35714285714285715,0.625,0.5357142857142857,0.4166666666666667,0.625,0.625,0.25,5,0.8333333333333334,0,0.0
0.6704545454545454,0.6590909090909091,"{""clf__C"": 20.12196163610286, ""clf__gamma"": 0.0008612579192594886, ""clf__class_weight"": ""balanced""}",0.22063461302558396,"[[45, 21], [8, 14]]",valence,0.623765295591921,0.6704545454545454,0.6900339083001622,8,0.36363636363636365,,21,0.3181818181818182,0.26582278481012656,0.6369919462829272,0.2815053871933323,subject_dependent,rbf_svm,0.8490566037735849,0.4,0.4162222025281475,0.6245283018867924,0.6704545454545454,0.7367924528301887,0.6590909090909091,0.6704545454545454,0.6704545454545454,0.7183195592286501,45,0.6818181818181818,14,0.6363636363636364,0.625,0.75,0.18067489182553764,"[[3, 3], [0, 2]]",0.6190476190476191,0.625,0.6428571428571428,0,0.0,3,0.5,0.33333333333333337,0.5431114059545051,0.4472135954999579,1.0,0.4,0.8333333333333333,0.7,0.625,0.85,0.75,0.625,0.625,0.9166666666666667,3,0.5,2,1.0
0.625,0.5833333333333333,"{""clf__C"": 13.411788774467905, ""clf__gamma"": 0.00026210878782654407, ""clf__class_weight"": ""balanced""}",0.25050865083077223,"[[11, 11], [22, 44]]",valence,0.5636363636363637,0.625,0.6454545454545454,22,0.3333333333333333,,11,0.5,0.1428571428571429,0.7034139304711422,0.14907119849998599,subject_dependent,rbf_svm,0.3333333333333333,0.8,0.7692789172501278,0.5666666666666667,0.625,0.6833333333333335,0.5833333333333333,0.625,0.625,0.5668044077134986,11,0.5,44,0.6666666666666666,0.625,0.5833333333333333,0.23564736099105837,"[[1, 1], [2, 4]]",0.5636363636363637,0.625,0.6454545454545454,2,0.3333333333333333,1,0.5,0.1428571428571429,0.6690811730863584,0.14907119849998599,0.3333333333333333,0.8,0.7345238095238095,0.5666666666666667,0.625,0.6833333333333335,0.5833333333333333,0.625,0.625,0.5,1,0.5,4,0.6666666666666666
0.6931818181818182,0.7045454545454546,"{""clf__C"": 160.49758307716223, ""clf__gamma"": 0.00018427970406864567, ""clf__class_weight"": null}",0.20196377823700165,"[[45, 21], [6, 16]]",valence,0.6558018252933507,0.6931818181818182,0.71251629726206,6,0.2727272727272727,,21,0.3181818181818182,0.33333333333333337,0.6086980001411577,0.358853500273005,subject_dependent,rbf_svm,0.8823529411764706,0.43243243243243246,0.4996516953164759,0.6573926868044515,0.6931818181818182,0.769872813990461,0.7045454545454546,0.6931818181818182,0.6931818181818182,0.7534435261707989,45,0.6818181818181818,16,0.7272727272727273,0.875,0.9166666666666667,0.1631177412392812,"[[5, 1], [0, 2]]",0.8545454545454545,0.875,0.8818181818181818,0,0.0,1,0.16666666666666666,0.7142857142857143,0.5051966880665633,0.7453559924999299,1.0,0.6666666666666666,0.8333333333333333,0.8333333333333333,0.875,0.9166666666666666,0.9166666666666667,0.875,0.875,0.9166666666666667,5,0.8333333333333334,2,1.0
0.5,0.5606060606060606,"{""clf__C"": 243.14537412227003, ""clf__gamma"": 0.0004992453416923984, ""clf__class_weight"": ""balanced""}",0.3467423432545664,"[[15, 7], [37, 29]]",valence,0.4870164281928988,0.5,0.5278219395866455,37,0.5606060606060606,,7,0.3181818181818182,0.08333333333333337,1.037354570913989,0.10675210253672476,subject_dependent,rbf_svm,0.28846153846153844,0.8055555555555556,0.8125932454236594,0.5470085470085471,0.5,0.6762820512820513,0.5606060606060606,0.5,0.5,0.5413223140495868,15,0.6818181818181818,29,0.4393939393939394,0.375,0.5833333333333334,0.2718477770458836,"[[2, 0], [5, 1]]",0.36507936507936506,0.375,0.32539682539682535,5,0.8333333333333334,0,0.0,0.09090909090909094,0.7357020320576408,0.2182178902359924,0.2857142857142857,1.0,0.8773809523809524,0.6428571428571428,0.375,0.8214285714285714,0.5833333333333334,0.375,0.375,0.5833333333333333,2,1.0,1,0.16666666666666666
0.4431818181818182,0.5378787878787878,"{""clf__C"": 243.14537412227003, ""clf__gamma"": 0.0004992453416923984, ""clf__class_weight"": ""balanced""}",0.41265952598138256,"[[23, 43], [6, 16]]",valence,0.43963612735542557,0.4431818181818182,0.4619233268356075,6,0.2727272727272727,,43,0.6515151515151515,0.04854368932038833,1.270837844226391,0.06978858167971155,subject_dependent,rbf_svm,0.7931034482758621,0.2711864406779661,0.3412213827642312,0.5321449444769141,0.4431818181818182,0.662624196376388,0.5378787878787878,0.4431818181818182,0.4431818181818182,0.5736914600550964,23,0.3484848484848485,16,0.7272727272727273,0.375,0.5833333333333334,0.35527361672624835,"[[1, 5], [0, 2]]",0.36507936507936506,0.375,0.32539682539682535,0,0.0,5,0.8333333333333334,0.09090909090909094,0.9272859258855062,0.2182178902359924,1.0,0.2857142857142857,0.6428571428571428,0.6428571428571428,0.375,0.8214285714285714,0.5833333333333334,0.375,0.375,0.5833333333333333,1,0.16666666666666666,2,1.0
0.5340909090909091,0.5606060606060606,"{""clf__C"": 183.42628625395747, ""clf__gamma"": 0.0001005394019469303, ""clf__class_weight"": ""balanced""}",0.30700001820545053,"[[25, 30], [11, 22]]",valence,0.5335488041370395,0.5340909090909091,0.537524240465417,11,0.3333333333333333,,30,0.5454545454545454,0.10869565217391308,0.8446414007280851,0.11935247900657216,subject_dependent,rbf_svm,0.6944444444444444,0.4230769230769231,0.42871826891650977,0.5587606837606838,0.5340909090909091,0.5926816239316239,0.5606060606060606,0.5340909090909091,0.5340909090909091,0.5498622589531681,25,0.45454545454545453,22,0.6666666666666666,0.5,0.6,0.27246381678698817,"[[1, 4], [0, 3]]",0.4666666666666667,0.5,0.4333333333333333,0,0.0,4,0.8,0.1578947368421053,0.7413707220056647,0.29277002188455997,1.0,0.42857142857142855,0.4666666666666667,0.7142857142857143,0.5,0.7857142857142857,0.6,0.5,0.5,0.5333333333333333,1,0.2,3,1.0
0.6022727272727273,0.5075757575757576,"{""clf__C"": 12.957079329680445, ""clf__gamma"": 0.00032476735706274504, ""clf__class_weight"": null}",0.24444661468608092,"[[7, 15], [20, 46]]",valence,0.5050618672665916,0.6022727272727273,0.6147356580427447,20,0.30303030303030304,,15,0.6818181818181818,0.014084507042253502,0.7007662338640204,0.014226319992543996,subject_dependent,rbf_svm,0.25925925925925924,0.7540983606557377,0.8330320538200349,0.5066788099574985,0.6022727272727273,0.6303885853066181,0.5075757575757576,0.6022727272727273,0.6022727272727273,0.5805785123966942,7,0.3181818181818182,46,0.696969696969697,0.625,0.5833333333333333,0.20565447998486192,"[[1, 1], [2, 4]]",0.5636363636363637,0.625,0.6454545454545454,2,0.3333333333333333,1,0.5,0.1428571428571429,0.5997273512841862,0.14907119849998599,0.3333333333333333,0.8,0.8734126984126984,0.5666666666666667,0.625,0.6833333333333335,0.5833333333333333,0.625,0.625,0.6666666666666666,1,0.5,4,0.6666666666666666
0.5340909090909091,0.5545454545454546,"{""clf__C"": 13.411788774467905, ""clf__gamma"": 0.00026210878782654407, ""clf__class_weight"": ""balanced""}",0.32649147323760985,"[[26, 29], [12, 21]]",valence,0.5325819406658894,0.5340909090909091,0.5392214017359761,12,0.36363636363636365,,29,0.5272727272727272,0.09890109890109888,0.9175738197713347,0.10662279799663663,subject_dependent,rbf_svm,0.6842105263157895,0.42,0.4852313211257329,0.5521052631578948,0.5340909090909091,0.5851315789473684,0.5545454545454546,0.5340909090909091,0.5340909090909091,0.5603305785123968,26,0.4727272727272727,21,0.6363636363636364,0.5,0.6,0.28482030901541383,"[[1, 4], [0, 3]]",0.4666666666666667,0.5,0.4333333333333333,0,0.0,4,0.8,0.1578947368421053,0.7584868333566799,0.29277002188455997,1.0,0.42857142857142855,0.5873015873015872,0.7142857142857143,0.5,0.7857142857142857,0.6,0.5,0.5,0.4666666666666666,1,0.2,3,1.0
0.5681818181818182,0.5636363636363636,"{""clf__C"": 100.2571297605856, ""clf__gamma"": 0.0074112997810832455, ""clf__class_weight"": ""balanced""}",0.28754523290743755,"[[18, 15], [23, 32]]",valence,0.5569687334393216,0.5681818181818182,0.5745892951775304,23,0.41818181818181815,,15,0.45454545454545453,0.12138728323699421,0.876760238899246,0.12351872721581553,subject_dependent,rbf_svm,0.43902439024390244,0.6808510638297872,0.7383367465787196,0.5599377270368449,0.5681818181818182,0.5901660612350805,0.5636363636363636,0.5681818181818182,0.5681818181818182,0.609366391184573,18,0.5454545454545454,32,0.5818181818181818,0.5,0.4666666666666667,0.21083207512782026,"[[1, 2], [2, 3]]",0.4666666666666667,0.5,0.5,2,0.4,2,0.6666666666666666,-0.06666666666666665,0.6060427146632617,-0.06666666666666667,0.3333333333333333,0.6,0.7961904761904761,0.4666666666666667,0.5,0.5,0.4666666666666667,0.5,0.5,0.6000000000000001,1,0.3333333333333333,3,0.6
0.48863636363636365,0.5909090909090909,"{""clf__C"": 166.2878326769575, ""clf__gamma"": 0.008979064194712979, ""clf__class_weight"": ""balanced""}",0.3667780642313742,"[[10, 45], [0, 33]]",valence,0.45114345114345117,0.48863636363636365,0.4152806652806653,0,0.0,,45,0.8181818181818182,0.1428571428571429,1.4519560754600926,0.2773500981126146,subject_dependent,rbf_svm,1.0,0.4230769230769231,0.7382761753008806,0.7115384615384616,0.48863636363636365,0.7836538461538463,0.5909090909090909,0.48863636363636365,0.48863636363636365,0.8688705234159779,10,0.18181818181818182,33,1.0,0.5,0.6,0.3435681470248678,"[[1, 4], [0, 3]]",0.4666666666666667,0.5,0.4333333333333333,0,0.0,4,0.8,0.1578947368421053,0.962561748910078,0.29277002188455997,1.0,0.42857142857142855,1.0,0.7142857142857143,0.5,0.7857142857142857,0.6,0.5,0.5,1.0,1,0.2,3,1.0
0.5454545454545454,0.6060606060606061,"{""clf__C"": 100.2571297605856, ""clf__gamma"": 0.0074112997810832455, ""clf__class_weight"": ""balanced""}",0.3494795585096412,"[[32, 34], [6, 16]]",valence,0.5299145299145299,0.5454545454545454,0.5726495726495727,6,0.2727272727272727,,34,0.5151515151515151,0.14893617021276595,1.2079622475077068,0.18543452998910614,subject_dependent,rbf_svm,0.8421052631578947,0.32,0.5587253680831018,0.5810526315789474,0.5454545454545454,0.711578947368421,0.6060606060606061,0.5454545454545454,0.5454545454545454,0.7052341597796143,32,0.48484848484848486,16,0.7272727272727273,0.5,0.5,0.28376046302270663,"[[3, 3], [1, 1]]",0.4666666666666667,0.5,0.5333333333333333,1,0.5,3,0.5,0.0,0.8156871128958827,0.0,0.75,0.25,0.7,0.5,0.5,0.625,0.5,0.5,0.5,0.75,3,0.5,1,0.5
0.5568181818181818,0.5568181818181819,"{""clf__C"": 0.5284919490133119, ""clf__gamma"": 0.005047786565710607, ""clf__class_weight"": null}",0.2986295573239002,"[[18, 26], [13, 31]]",valence,0.546930693069307,0.5568181818181818,0.5469306930693069,13,0.29545454545454547,,26,0.5909090909090909,0.11363636363636365,0.8425962338090565,0.11894651701745163,subject_dependent,rbf_svm,0.5806451612903226,0.543859649122807,0.6556974288428769,0.5622524052065648,0.5568181818181818,0.5622524052065648,0.5568181818181819,0.5568181818181818,0.5568181818181818,0.5955578512396694,18,0.4090909090909091,31,0.7045454545454546,0.5,0.5,0.2705112060215088,"[[2, 2], [2, 2]]",0.5,0.5,0.5,2,0.5,2,0.5,0.0,0.7435243965155862,0.0,0.5,0.5,0.6845238095238095,0.5,0.5,0.5,0.5,0.5,0.5,0.5625,2,0.5,2,0.5
0.45454545454545453,0.4545454545454546,"{""clf__C"": 5.2117930643778205, ""clf__gamma"": 0.0036999724314638123, ""clf__class_weight"": null}",0.39047353686278297,"[[25, 19], [29, 15]]",valence,0.4474097331240189,0.45454545454545453,0.4474097331240188,29,0.6590909090909091,,19,0.4318181818181818,-0.09090909090909083,1.230588819690012,-0.09335200560186732,subject_dependent,rbf_svm,0.46296296296296297,0.4411764705882353,0.49580989006946397,0.45206971677559915,0.45454545454545453,0.4520697167755991,0.4545454545454546,0.45454545454545453,0.45454545454545453,0.5144628099173554,25,0.5681818181818182,15,0.3409090909090909,0.25,0.25,0.313084220707056,"[[2, 2], [4, 0]]",0.2,0.25,0.2,4,1.0,2,0.5,-0.5,0.8208012903118658,-0.5773502691896258,0.3333333333333333,0.0,0.5249999999999999,0.16666666666666666,0.25,0.16666666666666666,0.25,0.25,0.25,0.5,2,0.5,0,0.0
0.6363636363636364,0.6363636363636364,"{""clf__C"": 51.4138527229363, ""clf__gamma"": 0.006173770394704574, ""clf__class_weight"": ""balanced""}",0.2849861566291167,"[[30, 14], [18, 26]]",valence,0.6356107660455487,0.6363636363636364,0.6356107660455487,18,0.4090909090909091,,14,0.3181818181818182,0.2727272727272727,0.956281861211582,0.27386127875258304,subject_dependent,rbf_svm,0.625,0.65,0.6540530817500363,0.6375,0.6363636363636364,0.6375000000000001,0.6363636363636364,0.6363636363636364,0.6363636363636364,0.6761363636363636,30,0.6818181818181818,26,0.5909090909090909,0.75,0.75,0.18323953573823937,"[[3, 1], [1, 3]]",0.75,0.75,0.75,1,0.25,1,0.25,0.5,0.5445299933091421,0.5,0.75,0.75,0.8303571428571428,0.75,0.75,0.75,0.75,0.75,0.75,0.75,3,0.75,3,0.75
0.5,0.5636363636363637,"{""clf__C"": 51.4138527229363, ""clf__gamma"": 0.006173770394704574, ""clf__class_weight"": ""balanced""}",0.40913195794167206,"[[27, 6], [38, 17]]",valence,0.4934589220303506,0.5,0.4790685504971219,38,0.6909090909090909,,6,0.18181818181818182,0.10659898477157359,1.3865141283244442,0.14023391829177734,subject_dependent,rbf_svm,0.4153846153846154,0.7391304347826086,0.6599565044903614,0.577257525083612,0.5,0.6177257525083611,0.5636363636363637,0.5,0.5,0.5498622589531681,27,0.8181818181818182,17,0.3090909090909091,0.375,0.43333333333333335,0.355679285549719,"[[2, 1], [4, 1]]",0.36507936507936506,0.375,0.34523809523809523,4,0.8,1,0.3333333333333333,-0.11111111111111116,0.998580344635246,-0.14907119849998599,0.3333333333333333,0.5,0.7416666666666667,0.41666666666666663,0.375,0.4375,0.43333333333333335,0.375,0.375,0.5333333333333334,2,0.6666666666666666,1,0.2
0.6590909090909091,0.5,"{""clf__C"": 7.709391232564023, ""clf__gamma"": 0.00026471141828218194, ""clf__class_weight"": null}",0.2390195940666267,"[[54, 12], [18, 4]]",valence,0.4965675057208238,0.6590909090909091,0.639588100686499,18,0.8181818181818182,,12,0.18181818181818182,0.0,0.6740633520078034,0.0,subject_dependent,rbf_svm,0.75,0.25,0.27189605387931737,0.5,0.6590909090909091,0.625,0.5,0.6590909090909091,0.6590909090909091,0.5344352617079889,54,0.8181818181818182,4,0.18181818181818182,0.625,0.4166666666666667,0.2124161341675928,"[[5, 1], [2, 0]]",0.38461538461538464,0.625,0.576923076923077,2,1.0,1,0.16666666666666666,-0.19999999999999996,0.614611764058786,-0.2182178902359924,0.7142857142857143,0.0,0.5833333333333333,0.35714285714285715,0.625,0.5357142857142857,0.4166666666666667,0.625,0.625,0.8333333333333334,5,0.8333333333333334,0,0.0
0.5454545454545454,0.4727272727272728,"{""clf__C"": 0.6351054340728711, ""clf__gamma"": 0.0005285382203816729, ""clf__class_weight"": ""balanced""}",0.24292062686267954,"[[42, 13], [27, 6]]",valence,0.4540942928039702,0.5454545454545454,0.5099255583126551,27,0.8181818181818182,,13,0.23636363636363636,-0.0596026490066226,0.6810759243493535,-0.06417938247608371,subject_dependent,rbf_svm,0.6086956521739131,0.3157894736842105,0.3646813928331939,0.4622425629290618,0.5454545454545454,0.4988558352402746,0.4727272727272728,0.5454545454545454,0.5454545454545454,0.4920110192837466,42,0.7636363636363637,6,0.18181818181818182,0.625,0.5,0.24049133419947613,"[[5, 0], [3, 0]]",0.38461538461538464,0.625,0.4807692307692308,3,1.0,0,0.0,0.0,0.6735865901389797,0.0,0.625,0.0,0.41111111111111115,0.3125,0.625,0.390625,0.5,0.625,0.625,0.4666666666666667,5,1.0,0,0.0
0.3522727272727273,0.396969696969697,"{""clf__C"": 183.42628625395747, ""clf__gamma"": 0.0001005394019469303, ""clf__class_weight"": ""balanced""}",0.4637066994047528,"[[19, 14], [43, 12]]",valence,0.34814814814814815,0.3522727272727273,0.33518518518518514,43,0.7818181818181819,,14,0.42424242424242425,-0.17525773195876293,1.4200247232831609,-0.21865064800412096,subject_dependent,rbf_svm,0.3064516129032258,0.46153846153846156,0.55220589341444,0.3839950372208437,0.3522727272727273,0.4033808933002481,0.396969696969697,0.3522727272727273,0.3522727272727273,0.4049586776859504,19,0.5757575757575758,12,0.21818181818181817,0.375,0.5,0.4201292165160894,"[[3, 0], [5, 0]]",0.2727272727272727,0.375,0.20454545454545453,5,1.0,0,0.0,0.0,1.1148956074769316,0.0,0.375,0.0,0.5392857142857144,0.1875,0.375,0.140625,0.5,0.375,0.375,0.2,3,1.0,0,0.0
0.5568181818181818,0.4818181818181818,"{""clf__C"": 53.72198163554894, ""clf__gamma"": 0.0003972110727381913, ""clf__class_weight"": null}",0.27263277671801706,"[[43, 12], [27, 6]]",valence,0.4616470588235294,0.5568181818181818,0.518235294117647,27,0.8181818181818182,,12,0.21818181818181817,-0.040000000000000036,0.7632117804164676,-0.04364357804719848,subject_dependent,rbf_svm,0.6142857142857143,0.3333333333333333,0.3678634144241327,0.4738095238095238,0.5568181818181818,0.5089285714285714,0.4818181818181818,0.5568181818181818,0.5568181818181818,0.49035812672176304,43,0.7818181818181819,6,0.18181818181818182,0.5,0.4,0.24959505949126945,"[[4, 1], [3, 0]]",0.3333333333333333,0.5,0.41666666666666663,3,1.0,1,0.2,-0.23076923076923084,0.6908602090814691,-0.29277002188455997,0.5714285714285714,0.0,0.5555555555555556,0.2857142857142857,0.5,0.3571428571428571,0.4,0.5,0.5,0.6666666666666666,4,0.8,0,0.0
0.42045454545454547,0.38636363636363635,"{""clf__C"": 1.351144633701368, ""clf__gamma"": 0.015446089075047083, ""clf__class_weight"": ""balanced""}",0.4065588206666609,"[[7, 15], [36, 30]]",valence,0.377962577962578,0.42045454545454547,0.45925155925155925,36,0.5454545454545454,,15,0.6818181818181818,-0.17241379310344818,1.3210882436566935,-0.19687480773953944,subject_dependent,rbf_svm,0.16279069767441862,0.6666666666666666,0.6791372925558804,0.4147286821705426,0.42045454545454547,0.5406976744186047,0.38636363636363635,0.42045454545454547,0.42045454545454547,0.37052341597796146,7,0.3181818181818182,30,0.45454545454545453,0.5,0.5,0.3546558426816393,"[[1, 1], [3, 3]]",0.4666666666666667,0.5,0.5333333333333333,3,0.5,1,0.5,0.0,0.9400028286449252,0.0,0.25,0.75,0.7801587301587302,0.5,0.5,0.625,0.5,0.5,0.5,0.41666666666666663,1,0.5,3,0.5
0.4659090909090909,0.46590909090909094,"{""clf__C"": 235.1599274057192, ""clf__gamma"": 0.021154290797261225, ""clf__class_weight"": ""balanced""}",0.35706843887204437,"[[25, 19], [28, 16]]",valence,0.4602636043325068,0.4659090909090909,0.46026360433250685,28,0.6363636363636364,,19,0.4318181818181818,-0.06818181818181812,1.1613732774141752,-0.06965451903188581,subject_dependent,rbf_svm,0.4716981132075472,0.45714285714285713,0.5067966169567183,0.4644204851752022,0.4659090909090909,0.4644204851752022,0.46590909090909094,0.4659090909090909,0.4659090909090909,0.45557851239669417,25,0.5681818181818182,16,0.36363636363636365,0.375,0.375,0.3057204125668071,"[[2, 2], [3, 1]]",0.36507936507936506,0.375,0.36507936507936506,3,0.75,2,0.5,-0.25,0.8286357967951994,-0.2581988897471611,0.4,0.3333333333333333,0.625,0.3666666666666667,0.375,0.3666666666666667,0.375,0.375,0.375,0.4375,2,0.5,1,0.25
0.625,0.35714285714285715,"{""clf__C"": 1.351144633701368, ""clf__gamma"": 0.015446089075047083, ""clf__class_weight"": ""balanced""}",0.25436743992191496,"[[0, 11], [22, 55]]",valence,0.38461538461538464,0.625,0.6730769230769231,22,0.2857142857142857,,11,1.0,-0.19999999999999996,0.8008159173900481,-0.2182178902359924,subject_dependent,rbf_svm,0.0,0.8333333333333334,0.8369438268773728,0.4166666666666667,0.625,0.7291666666666667,0.35714285714285715,0.625,0.625,0.3565525383707202,0,0.0,55,0.7142857142857143,0.875,0.5,0.19351139878203472,"[[0, 1], [0, 7]]",0.4666666666666667,0.875,0.8166666666666667,0,0.0,1,1.0,0.0,0.5795112812353074,0.0,0.0,0.875,0.8260204081632654,0.4375,0.875,0.765625,0.5,0.875,0.875,0.14285714285714285,0,0.0,7,1.0
0.5454545454545454,0.5454545454545454,"{""clf__C"": 1.351144633701368, ""clf__gamma"": 0.015446089075047083, ""clf__class_weight"": ""balanced""}",0.3469518876514756,"[[16, 28], [12, 32]]",valence,0.5299145299145299,0.5454545454545454,0.5299145299145299,12,0.2727272727272727,,28,0.6363636363636364,0.09090909090909094,1.0905981835774439,0.09759000729485331,subject_dependent,rbf_svm,0.5714285714285714,0.5333333333333333,0.5646884692873714,0.5523809523809524,0.5454545454545454,0.5523809523809523,0.5454545454545454,0.5454545454545454,0.5454545454545454,0.5475206611570248,16,0.36363636363636365,32,0.7272727272727273,0.5,0.5,0.29843620778892055,"[[1, 3], [1, 3]]",0.4666666666666667,0.5,0.4666666666666667,1,0.25,3,0.75,0.0,0.850056576084311,0.0,0.5,0.5,0.5428571428571428,0.5,0.5,0.5,0.5,0.5,0.5,0.5,1,0.25,3,0.75
0.5568181818181818,0.5363636363636364,"{""clf__C"": 48.43827864278568, ""clf__gamma"": 0.00039459088111000007, ""clf__class_weight"": ""balanced""}",0.27770670604577763,"[[34, 21], [18, 15]]",valence,0.5351483136936205,0.5568181818181818,0.5602397399431125,18,0.5454545454545454,,21,0.38181818181818183,0.0714285714285714,0.7701661352293683,0.0716114874039433,subject_dependent,rbf_svm,0.6538461538461539,0.4166666666666667,0.5331668142341881,0.5352564102564102,0.5568181818181818,0.5649038461538461,0.5363636363636364,0.5568181818181818,0.5568181818181818,0.609366391184573,34,0.6181818181818182,15,0.45454545454545453,0.5,0.4666666666666667,0.25170412235252504,"[[3, 2], [2, 1]]",0.4666666666666667,0.5,0.5,2,0.6666666666666666,2,0.4,-0.06666666666666665,0.674992664619649,-0.06666666666666667,0.6,0.3333333333333333,0.7,0.4666666666666667,0.5,0.5,0.4666666666666667,0.5,0.5,0.7333333333333333,3,0.6,1,0.3333333333333333
0.5,0.5151515151515151,"{""clf__C"": 160.49758307716223, ""clf__gamma"": 0.00018427970406864567, ""clf__class_weight"": null}",0.41207020032790226,"[[25, 30], [14, 19]]",valence,0.49766476388168135,0.5,0.5062272963155163,14,0.42424242424242425,,30,0.5454545454545454,0.027624309392265234,1.5891968173541209,0.029532079664097252,subject_dependent,rbf_svm,0.6410256410256411,0.3877551020408163,0.3546922904915134,0.5143903715332288,0.5,0.5460491889063319,0.5151515151515151,0.5,0.5,0.47548209366391186,25,0.45454545454545453,19,0.5757575757575758,0.5,0.5333333333333333,0.337391272545435,"[[2, 3], [1, 2]]",0.5,0.5,0.5,1,0.3333333333333333,3,0.6,0.05882352941176472,0.9575989621836518,0.06666666666666667,0.6666666666666666,0.4,0.5138888888888888,0.5333333333333333,0.5,0.5666666666666667,0.5333333333333333,0.5,0.5,0.5333333333333333,2,0.4,2,0.6666666666666666
0.32954545454545453,0.553030303030303,"{""clf__C"": 1.351144633701368, ""clf__gamma"": 0.015446089075047083, ""clf__class_weight"": ""balanced""}",0.5107582737990665,"[[7, 59], [0, 22]]",valence,0.3094826439686128,0.32954545454545453,0.2506317329432105,0,0.0,,59,0.8939393939393939,0.05600000000000005,1.8540726303328974,0.1697250257391052,subject_dependent,rbf_svm,1.0,0.2716049382716049,0.25598853487307394,0.6358024691358024,0.32954545454545453,0.8179012345679012,0.553030303030303,0.32954545454545453,0.32954545454545453,0.5261707988980716,7,0.10606060606060606,22,1.0,0.375,0.5833333333333334,0.48587248559840757,"[[1, 5], [0, 2]]",0.36507936507936506,0.375,0.32539682539682535,0,0.0,5,0.8333333333333334,0.09090909090909094,1.4574387483274536,0.2182178902359924,1.0,0.2857142857142857,0.41666666666666663,0.6428571428571428,0.375,0.8214285714285714,0.5833333333333334,0.375,0.375,0.5833333333333334,1,0.16666666666666666,2,1.0
0.45454545454545453,0.5151515151515151,"{""clf__C"": 243.14537412227003, ""clf__gamma"": 0.0004992453416923984, ""clf__class_weight"": ""balanced""}",0.4496469487355259,"[[26, 40], [8, 14]]",valence,0.4442105263157895,0.45454545454545453,0.4821052631578947,8,0.36363636363636365,,40,0.6060606060606061,0.020408163265306145,2.5018159669068605,0.026948402781814772,subject_dependent,rbf_svm,0.7647058823529411,0.25925925925925924,0.2997358612336161,0.5119825708061002,0.45454545454545453,0.6383442265795206,0.5151515151515151,0.45454545454545453,0.45454545454545453,0.5323691460055097,26,0.3939393939393939,14,0.6363636363636364,0.375,0.41666666666666663,0.3376233441542772,"[[2, 4], [1, 1]]",0.36507936507936506,0.375,0.40476190476190477,1,0.5,4,0.6666666666666666,-0.11111111111111116,1.1778875183354975,-0.14907119849998599,0.6666666666666666,0.2,0.41666666666666663,0.43333333333333335,0.375,0.55,0.41666666666666663,0.375,0.375,0.5833333333333334,2,0.3333333333333333,1,0.5
0.5340909090909091,0.5340909090909091,"{""clf__C"": 262.30889101079146, ""clf__gamma"": 0.0025135566617708314, ""clf__class_weight"": null}",0.37167475392660876,"[[39, 5], [36, 8]]",valence,0.46808196962995724,0.5340909090909091,0.46808196962995724,36,0.8181818181818182,,5,0.11363636363636363,0.06818181818181823,1.9919798744297403,0.09607689228305229,subject_dependent,rbf_svm,0.52,0.6153846153846154,0.6358380534255743,0.5676923076923077,0.5340909090909091,0.5676923076923077,0.5340909090909091,0.5340909090909091,0.5340909090909091,0.609504132231405,39,0.8863636363636364,8,0.18181818181818182,0.5,0.5,0.313945216694108,"[[4, 0], [4, 0]]",0.3333333333333333,0.5,0.3333333333333333,4,1.0,0,0.0,0.0,1.2853248459676019,0.0,0.5,0.0,0.7291666666666666,0.25,0.5,0.25,0.5,0.5,0.5,0.625,4,1.0,0,0.0
0.32954545454545453,0.3303030303030303,"{""clf__C"": 13.411788774467905, ""clf__gamma"": 0.00026210878782654407, ""clf__class_weight"": ""balanced""}",0.4287244282445576,"[[11, 22], [37, 18]]",valence,0.32527615334632876,0.32954545454545453,0.3386939571150097,37,0.6727272727272727,,22,0.6666666666666666,-0.3111111111111111,1.1998206521552133,-0.3299831645537222,subject_dependent,rbf_svm,0.22916666666666666,0.45,0.5616493906990272,0.33958333333333335,0.32954545454545453,0.3671875,0.3303030303030303,0.32954545454545453,0.32954545454545453,0.35757575757575755,11,0.3333333333333333,18,0.32727272727272727,0.25,0.26666666666666666,0.3822315100331264,"[[1, 2], [4, 1]]",0.25,0.25,0.25,4,0.8,2,0.6666666666666666,-0.41176470588235303,0.9948164355924118,-0.4666666666666667,0.2,0.3333333333333333,0.525952380952381,0.26666666666666666,0.25,0.2833333333333333,0.26666666666666666,0.25,0.25,0.2,1,0.3333333333333333,1,0.2
0.6704545454545454,0.6636363636363636,"{""clf__C"": 13.411788774467905, ""clf__gamma"": 0.00026210878782654407, ""clf__class_weight"": ""balanced""}",0.24157472976251107,"[[21, 12], [17, 38]]",arousal,0.6576794097920858,0.6704545454545454,0.6742119382964453,17,0.3090909090909091,,12,0.36363636363636365,0.3176470588235294,0.7220965008120852,0.3198683939899099,subject_dependent,rbf_svm,0.5526315789473685,0.76,0.8238443760741435,0.6563157894736842,0.6704545454545454,0.6822368421052633,0.6636363636363636,0.6704545454545454,0.6704545454545454,0.6837465564738292,21,0.6363636363636364,38,0.6909090909090909,0.75,0.7333333333333334,0.2148464505017103,"[[2, 1], [1, 4]]",0.7333333333333334,0.75,0.75,1,0.2,1,0.3333333333333333,0.4666666666666667,0.613777024294153,0.4666666666666667,0.6666666666666666,0.8,0.885,0.7333333333333334,0.75,0.75,0.7333333333333334,0.75,0.75,0.7333333333333334,2,0.6666666666666666,4,0.8
0.6590909090909091,0.6606060606060606,"{""clf__C"": 0.40069130793659025, ""clf__gamma"": 0.0014899847475658245, ""clf__class_weight"": ""balanced""}",0.26561575184856745,"[[22, 11], [19, 36]]",arousal,0.6502384737678856,0.6590909090909091,0.6641494435612083,19,0.34545454545454546,,11,0.3333333333333333,0.3063583815028902,0.7969489679505055,0.3117377401161059,subject_dependent,rbf_svm,0.5365853658536586,0.7659574468085106,0.7671587063158878,0.6512714063310846,0.6590909090909091,0.679942916450441,0.6606060606060606,0.6590909090909091,0.6590909090909091,0.6462809917355372,22,0.6666666666666666,36,0.6545454545454545,0.5,0.4666666666666667,0.24299657988432344,"[[1, 2], [2, 3]]",0.4666666666666667,0.5,0.5,2,0.4,2,0.6666666666666666,-0.06666666666666665,0.6682325018306177,-0.06666666666666667,0.3333333333333333,0.6,0.8761904761904762,0.4666666666666667,0.5,0.5,0.4666666666666667,0.5,0.5,0.7333333333333334,1,0.3333333333333333,3,0.6
0.5795454545454546,0.5227272727272727,"{""clf__C"": 13.411788774467905, ""clf__gamma"": 0.00026210878782654407, ""clf__class_weight"": ""balanced""}",0.2362805225901347,"[[9, 13], [24, 42]]",arousal,0.5107438016528926,0.5795454545454546,0.6024793388429752,24,0.36363636363636365,,13,0.5909090909090909,0.038961038961038974,0.6912729977050481,0.040655781409087086,subject_dependent,rbf_svm,0.2727272727272727,0.7636363636363637,0.7756134809998155,0.5181818181818182,0.5795454545454546,0.640909090909091,0.5227272727272727,0.5795454545454546,0.5795454545454546,0.5426997245179064,9,0.4090909090909091,42,0.6363636363636364,0.625,0.4166666666666667,0.1979552823975369,"[[0, 2], [1, 5]]",0.38461538461538464,0.625,0.576923076923077,1,0.16666666666666666,2,1.0,-0.19999999999999996,0.5745879552774558,-0.2182178902359924,0.0,0.7142857142857143,0.9305555555555556,0.35714285714285715,0.625,0.5357142857142857,0.4166666666666667,0.625,0.625,0.75,0,0.0,5,0.8333333333333334
0.5227272727272727,0.6493506493506493,"{""clf__C"": 64.69870699850829, ""clf__gamma"": 0.0008200518402245837, ""clf__class_weight"": null}",0.35843315040265156,"[[9, 2], [40, 37]]",arousal,0.46896551724137936,0.5227272727272727,0.5956896551724138,40,0.5194805194805194,,2,0.18181818181818182,0.12041884816753923,1.4008124432569877,0.19886047501974938,subject_dependent,rbf_svm,0.1836734693877551,0.9487179487179487,0.9478797254485771,0.5661957090528519,0.5227272727272727,0.8530873888016743,0.6493506493506493,0.5227272727272727,0.5227272727272727,0.6741440377804014,9,0.8181818181818182,37,0.4805194805194805,0.625,0.7857142857142857,0.3089355738534233,"[[1, 0], [3, 4]]",0.5636363636363637,0.625,0.6863636363636364,3,0.42857142857142855,0,0.0,0.25,1.0269571806607805,0.3779644730092272,0.25,1.0,0.9617346938775511,0.625,0.625,0.90625,0.7857142857142857,0.625,0.625,0.7142857142857143,1,1.0,4,0.5714285714285714
0.5568181818181818,0.5787878787878787,"{""clf__C"": 13.411788774467905, ""clf__gamma"": 0.00026210878782654407, ""clf__class_weight"": ""balanced""}",0.2545994611198694,"[[22, 11], [28, 27]]",arousal,0.5553828216090168,0.5568181818181818,0.5616984065293432,28,0.509090909090909,,11,0.3333333333333333,0.1428571428571429,0.7504610375804542,0.154010708217364,subject_dependent,rbf_svm,0.44,0.7105263157894737,0.7959017614158534,0.5752631578947368,0.5568181818181818,0.609078947368421,0.5787878787878787,0.5568181818181818,0.5568181818181818,0.6429752066115704,22,0.6666666666666666,27,0.4909090909090909,0.625,0.6333333333333333,0.21247303242439727,"[[2, 1], [2, 3]]",0.6190476190476191,0.625,0.6309523809523809,2,0.4,1,0.3333333333333333,0.25,0.6003635007139045,0.2581988897471611,0.5,0.75,0.8392857142857143,0.625,0.625,0.65625,0.6333333333333333,0.625,0.625,0.6,2,0.6666666666666666,3,0.6
0.6363636363636364,0.6363636363636364,"{""clf__C"": 1.351144633701368, ""clf__gamma"": 0.015446089075047083, ""clf__class_weight"": ""balanced""}",0.28010602707147053,"[[19, 25], [7, 37]]",arousal,0.6204851752021563,0.6363636363636364,0.6204851752021563,7,0.1590909090909091,,25,0.5681818181818182,0.2727272727272727,0.9188306442827603,0.29888128883203074,subject_dependent,rbf_svm,0.7307692307692307,0.5967741935483871,0.8395005311038076,0.6637717121588089,0.6363636363636364,0.6637717121588089,0.6363636363636364,0.6363636363636364,0.6363636363636364,0.7977789256198348,19,0.4318181818181818,37,0.8409090909090909,0.75,0.75,0.2451463207563151,"[[2, 2], [0, 4]]",0.7333333333333334,0.75,0.7333333333333334,0,0.0,2,0.5,0.5,0.7077100214122819,0.5773502691896258,1.0,0.6666666666666666,0.8166666666666667,0.8333333333333333,0.75,0.8333333333333333,0.75,0.75,0.75,0.75,2,0.5,4,1.0
0.6022727272727273,0.5848484848484848,"{""clf__C"": 183.42628625395747, ""clf__gamma"": 0.0001005394019469303, ""clf__class_weight"": ""balanced""}",0.28538132708993263,"[[17, 16], [19, 36]]",arousal,0.582825409725044,0.6022727272727273,0.6053433563592036,19,0.34545454545454546,,16,0.48484848484848486,0.16666666666666663,0.870545487882265,0.16709347060920102,subject_dependent,rbf_svm,0.4722222222222222,0.6923076923076923,0.7344877233512026,0.5822649572649572,0.6022727272727273,0.609775641025641,0.5848484848484848,0.6022727272727273,0.6022727272727273,0.6242424242424243,17,0.5151515151515151,36,0.6545454545454545,0.625,0.6333333333333333,0.23025742733090696,"[[2, 1], [2, 3]]",0.6190476190476191,0.625,0.6309523809523809,2,0.4,1,0.3333333333333333,0.25,0.7072334672905072,0.2581988897471611,0.5,0.75,0.81,0.625,0.625,0.65625,0.6333333333333333,0.625,0.625,0.7333333333333334,2,0.6666666666666666,3,0.6
0.4659090909090909,0.46590909090909094,"{""clf__C"": 243.14537412227003, ""clf__gamma"": 0.0004992453416923984, ""clf__class_weight"": ""balanced""}",0.4394382402037092,"[[22, 22], [25, 19]]",arousal,0.46528765352294765,0.4659090909090909,0.4652876535229476,25,0.5681818181818182,,22,0.5,-0.06818181818181812,1.9043454829180042,-0.0683408533502272,subject_dependent,rbf_svm,0.46808510638297873,0.4634146341463415,0.5068922074662505,0.4657498702646601,0.4659090909090909,0.4657498702646601,0.46590909090909094,0.4659090909090909,0.4659090909090909,0.48243801652892565,22,0.5,19,0.4318181818181818,0.5,0.5,0.3585647127563496,"[[2, 2], [2, 2]]",0.5,0.5,0.5,2,0.5,2,0.5,0.0,1.0232600811459307,0.0,0.5,0.5,0.525,0.5,0.5,0.5,0.5,0.5,0.5,0.4375,2,0.5,2,0.5
0.625,0.6151515151515152,"{""clf__C"": 0.40069130793659025, ""clf__gamma"": 0.0014899847475658245, ""clf__class_weight"": ""balanced""}",0.23298063135973168,"[[36, 19], [14, 19]]",arousal,0.6104627766599597,0.625,0.6292756539235412,14,0.42424242424242425,,19,0.34545454545454546,0.22352941176470587,0.658769028072112,0.2250925735484551,subject_dependent,rbf_svm,0.72,0.5,0.5637266881004905,0.61,0.625,0.6375000000000001,0.6151515151515152,0.625,0.625,0.6936639118457301,36,0.6545454545454545,19,0.5757575757575758,0.75,0.8,0.22589987168283865,"[[3, 2], [0, 3]]",0.75,0.75,0.75,0,0.0,2,0.4,0.5294117647058824,0.6441293011808901,0.6,1.0,0.6,0.7,0.8,0.75,0.85,0.8,0.75,0.75,0.7333333333333333,3,0.6,3,1.0
0.5909090909090909,0.5696969696969697,"{""clf__C"": 166.2878326769575, ""clf__gamma"": 0.008979064194712979, ""clf__class_weight"": ""balanced""}",0.30713548370450444,"[[16, 17], [19, 36]]",arousal,0.5686274509803921,0.5909090909090909,0.5931372549019608,19,0.34545454545454546,,17,0.5151515151515151,0.13772455089820357,1.6326624484935486,0.13788284934594155,subject_dependent,rbf_svm,0.45714285714285713,0.6792452830188679,0.589826021391729,0.5681940700808625,0.5909090909090909,0.5959568733153638,0.5696969696969697,0.5909090909090909,0.5909090909090909,0.509090909090909,16,0.48484848484848486,36,0.6545454545454545,0.75,0.6666666666666666,0.2494302309991853,"[[1, 2], [0, 5]]",0.6666666666666667,0.75,0.7083333333333334,0,0.0,2,0.6666666666666666,0.3846153846153846,0.8864489360736773,0.4879500364742666,1.0,0.7142857142857143,0.6595238095238095,0.8571428571428572,0.75,0.8214285714285714,0.6666666666666666,0.75,0.75,0.5333333333333333,1,0.3333333333333333,5,1.0
0.6363636363636364,0.5696969696969697,"{""clf__C"": 0.4342298948286134, ""clf__gamma"": 0.0008179499475211679, ""clf__class_weight"": ""balanced""}",0.22788452670339535,"[[10, 23], [9, 46]]",arousal,0.5632754342431762,0.6363636363636364,0.607940446650124,9,0.16363636363636364,,23,0.696969696969697,0.152317880794702,0.6476936295797239,0.1640139774388806,subject_dependent,rbf_svm,0.5263157894736842,0.6666666666666666,0.8013701476471059,0.5964912280701754,0.6363636363636364,0.6140350877192983,0.5696969696969697,0.6363636363636364,0.6363636363636364,0.6680440771349863,10,0.30303030303030304,46,0.8363636363636363,0.625,0.6333333333333333,0.20792544745237818,"[[2, 1], [2, 3]]",0.6190476190476191,0.625,0.6309523809523809,2,0.4,1,0.3333333333333333,0.25,0.600586495167855,0.2581988897471611,0.5,0.75,0.9028571428571428,0.625,0.625,0.65625,0.6333333333333333,0.625,0.625,0.8,2,0.6666666666666666,3,0.6
0.5681818181818182,0.606060606060606,"{""clf__C"": 0.40069130793659025, ""clf__gamma"": 0.0014899847475658245, ""clf__class_weight"": ""balanced""}",0.21723626468209353,"[[35, 31], [7, 15]]",arousal,0.5446623093681917,0.5681818181818182,0.5964052287581699,7,0.3181818181818182,,31,0.4696969696969697,0.15555555555555556,0.6219323753283426,0.18389242812245682,subject_dependent,rbf_svm,0.8333333333333334,0.32608695652173914,0.4505848190874896,0.5797101449275363,0.5681818181818182,0.7065217391304347,0.606060606060606,0.5681818181818182,0.5681818181818182,0.6673553719008265,35,0.5303030303030303,15,0.6818181818181818,0.75,0.6666666666666667,0.2032428147242115,"[[5, 1], [1, 1]]",0.6666666666666667,0.75,0.75,1,0.5,1,0.16666666666666666,0.33333333333333337,0.5946651585766969,0.3333333333333333,0.8333333333333334,0.5,0.45,0.6666666666666667,0.75,0.75,0.6666666666666667,0.75,0.75,0.6666666666666667,5,0.8333333333333334,1,0.5
0.7727272727272727,0.7515151515151515,"{""clf__C"": 0.4342298948286134, ""clf__gamma"": 0.0008179499475211679, ""clf__class_weight"": ""balanced""}",0.1884166781488723,"[[46, 9], [11, 22]]",arousal,0.7544642857142857,0.7727272727272727,0.771205357142857,11,0.3333333333333333,,9,0.16363636363636364,0.50920245398773,0.5605210240766533,0.5098168533110837,subject_dependent,rbf_svm,0.8070175438596491,0.7096774193548387,0.6185739674486017,0.758347481607244,0.7727272727272727,0.7705149971703452,0.7515151515151515,0.7727272727272727,0.7727272727272727,0.7685950413223142,46,0.8363636363636363,22,0.6666666666666666,0.75,0.6666666666666666,0.16653325464738566,"[[5, 0], [2, 1]]",0.6666666666666667,0.75,0.7083333333333334,2,0.6666666666666666,0,0.0,0.3846153846153846,0.5103779227675193,0.4879500364742666,0.7142857142857143,1.0,0.9166666666666666,0.8571428571428572,0.75,0.8214285714285714,0.6666666666666666,0.75,0.75,0.9333333333333333,5,1.0,1,0.3333333333333333
0.3977272727272727,0.3977272727272727,"{""clf__C"": 0.4342298948286134, ""clf__gamma"": 0.0008179499475211679, ""clf__class_weight"": ""balanced""}",,"[[35, 53], [0, 0]]",arousal,0.2845528455284553,0.3977272727272727,0.5691056910569106,,,,,,0.0,,0.0,subject_dependent,rbf_svm,,,0.0,0.5,0.3977272727272727,1.0,0.19886363636363635,0.3977272727272727,0.3977272727272727,nan,,,,,0.5,0.5,,"[[4, 4], [0, 0]]",0.3333333333333333,0.5,0.6666666666666666,,,,,0.0,,0.0,,,0.0,0.5,0.5,1.0,0.25,0.5,0.5,nan,,,,
0.6590909090909091,0.37662337662337664,"{""clf__C"": 0.40069130793659025, ""clf__gamma"": 0.0014899847475658245, ""clf__class_weight"": ""balanced""}",0.26649822506312293,"[[0, 11], [19, 58]]",arousal,0.3972602739726027,0.6590909090909091,0.6952054794520547,19,0.24675324675324675,,11,1.0,-0.18811881188118806,0.760130303780744,-0.19833676946063938,subject_dependent,rbf_svm,0.0,0.8405797101449275,0.9083247663435489,0.42028985507246375,0.6590909090909091,0.7355072463768116,0.37662337662337664,0.6590909090909091,0.6590909090909091,0.5041322314049587,0,0.0,58,0.7532467532467533,0.625,0.35714285714285715,0.2548522841400134,"[[0, 1], [2, 5]]",0.38461538461538464,0.625,0.6730769230769231,2,0.2857142857142857,1,1.0,-0.19999999999999996,0.7168460913737102,-0.2182178902359924,0.0,0.8333333333333334,0.9617346938775511,0.4166666666666667,0.625,0.7291666666666667,0.35714285714285715,0.625,0.625,0.7142857142857143,0,0.0,5,0.7142857142857143
0.5340909090909091,0.553030303030303,"{""clf__C"": 0.5284919490133119, ""clf__gamma"": 0.005047786565710607, ""clf__class_weight"": null}",0.28851054924574854,"[[13, 9], [32, 34]]",arousal,0.5059564562508558,0.5340909090909091,0.5649048336300151,32,0.48484848484848486,,9,0.4090909090909091,0.0786516853932584,0.7990521023454721,0.09187491027845174,subject_dependent,rbf_svm,0.28888888888888886,0.7906976744186046,0.8498192387156895,0.5397932816537467,0.5340909090909091,0.6652454780361757,0.553030303030303,0.5340909090909091,0.5340909090909091,0.6019283746556474,13,0.5909090909090909,34,0.5151515151515151,0.625,0.75,0.23964425029784509,"[[2, 0], [3, 3]]",0.6190476190476191,0.625,0.6428571428571428,3,0.5,0,0.0,0.33333333333333337,0.6732595657769043,0.4472135954999579,0.4,1.0,0.9583333333333334,0.7,0.625,0.85,0.75,0.625,0.625,0.8333333333333334,2,1.0,3,0.5
0.48863636363636365,0.5181818181818182,"{""clf__C"": 243.14537412227003, ""clf__gamma"": 0.0004992453416923984, ""clf__class_weight"": ""balanced""}",0.30260637612046276,"[[21, 12], [33, 22]]",arousal,0.4885703215807826,0.48863636363636365,0.4900232468035645,33,0.6,,12,0.36363636363636365,0.032258064516129004,0.8429359830343544,0.036155076303109365,subject_dependent,rbf_svm,0.3888888888888889,0.6470588235294118,0.724671122832391,0.5179738562091504,0.48863636363636365,0.5502450980392157,0.5181818181818182,0.48863636363636365,0.48863636363636365,0.6165289256198347,21,0.6363636363636364,22,0.4,0.5,0.6,0.25084898408850087,"[[3, 0], [4, 1]]",0.4666666666666667,0.5,0.4333333333333333,4,0.8,0,0.0,0.1578947368421053,0.6926936132374455,0.29277002188455997,0.42857142857142855,1.0,0.8766666666666667,0.7142857142857143,0.5,0.7857142857142857,0.6,0.5,0.5,0.8,3,1.0,1,0.2
0.4318181818181818,0.4242424242424242,"{""clf__C"": 48.43827864278568, ""clf__gamma"": 0.00039459088111000007, ""clf__class_weight"": ""balanced""}",0.3406541782131271,"[[13, 20], [30, 25]]",arousal,0.42105263157894735,0.4318181818181818,0.44078947368421056,30,0.5454545454545454,,20,0.6060606060606061,-0.1428571428571428,0.9316456130084987,-0.1467418177209373,subject_dependent,rbf_svm,0.3023255813953488,0.5555555555555556,0.5897041659475756,0.4289405684754522,0.4318181818181818,0.46059431524547806,0.4242424242424242,0.4318181818181818,0.4318181818181818,0.4760330578512396,13,0.3939393939393939,25,0.45454545454545453,0.5,0.5333333333333333,0.3045947603842558,"[[2, 1], [3, 2]]",0.5,0.5,0.5,3,0.6,1,0.3333333333333333,0.05882352941176472,0.8123592233377283,0.06666666666666667,0.4,0.6666666666666666,0.7116666666666667,0.5333333333333333,0.5,0.5666666666666667,0.5333333333333333,0.5,0.5,0.46666666666666673,2,0.6666666666666666,2,0.4
0.48863636363636365,0.5075757575757576,"{""clf__C"": 32.32518791282502, ""clf__gamma"": 0.0005104518230902811, ""clf__class_weight"": ""balanced""}",0.2862004473864736,"[[31, 35], [10, 12]]",arousal,0.46363266964648514,0.48863636363636365,0.5215359609914668,10,0.45454545454545453,,35,0.5303030303030303,0.01098901098901095,0.7845420607912733,0.01315220335946747,subject_dependent,rbf_svm,0.7560975609756098,0.2553191489361702,0.2516067977673473,0.50570835495589,0.48863636363636365,0.6309029579657499,0.5075757575757576,0.48863636363636365,0.48863636363636365,0.512741046831956,31,0.4696969696969697,12,0.5454545454545454,0.625,0.75,0.2520583710830972,"[[3, 3], [0, 2]]",0.6190476190476191,0.625,0.6428571428571428,0,0.0,3,0.5,0.33333333333333337,0.6971306851363324,0.4472135954999579,1.0,0.4,0.325,0.7,0.625,0.85,0.75,0.625,0.625,0.5,3,0.5,2,1.0
0.48863636363636365,0.4939393939393939,"{""clf__C"": 183.42628625395747, ""clf__gamma"": 0.0001005394019469303, ""clf__class_weight"": ""balanced""}",0.32934263243192435,"[[17, 16], [29, 26]]",arousal,0.48323111053112355,0.48863636363636365,0.49644395145504366,29,0.5272727272727272,,16,0.48484848484848486,-0.011235955056179803,0.9316472632291131,-0.011748456280837356,subject_dependent,rbf_svm,0.3695652173913043,0.6190476190476191,0.6477780790873517,0.4943064182194617,0.48863636363636365,0.5254917184265011,0.4939393939393939,0.48863636363636365,0.48863636363636365,0.5002754820936639,17,0.5151515151515151,26,0.4727272727272727,0.375,0.43333333333333335,0.2934332731588477,"[[2, 1], [4, 1]]",0.36507936507936506,0.375,0.34523809523809523,4,0.8,1,0.3333333333333333,-0.11111111111111116,0.789414665285139,-0.14907119849998599,0.3333333333333333,0.5,0.7226190476190476,0.41666666666666663,0.375,0.4375,0.43333333333333335,0.375,0.375,0.4666666666666667,2,0.6666666666666666,1,0.2
0.4318181818181818,0.4181818181818182,"{""clf__C"": 0.40069130793659025, ""clf__gamma"": 0.0014899847475658245, ""clf__class_weight"": ""balanced""}",0.4025940657901897,"[[12, 21], [29, 26]]",arousal,0.4170641229464759,0.4318181818181818,0.4402490726020138,29,0.5272727272727272,,21,0.6363636363636364,-0.1560693641618498,1.132692635774032,-0.15880979213461996,subject_dependent,rbf_svm,0.2926829268292683,0.5531914893617021,0.5398232675109921,0.4229372080954852,0.4318181818181818,0.45550077841203945,0.4181818181818182,0.4318181818181818,0.4318181818181818,0.39449035812672173,12,0.36363636363636365,26,0.4727272727272727,0.25,0.26666666666666666,0.3854038015173001,"[[1, 2], [4, 1]]",0.25,0.25,0.25,4,0.8,2,0.6666666666666666,-0.41176470588235303,1.048735735461114,-0.4666666666666667,0.2,0.3333333333333333,0.5783333333333334,0.26666666666666666,0.25,0.2833333333333333,0.26666666666666666,0.25,0.25,0.33333333333333337,1,0.3333333333333333,1,0.2
0.5,0.49090909090909085,"{""clf__C"": 0.21466070134458173, ""clf__gamma"": 0.0012955517240662183, ""clf__class_weight"": ""balanced""}",0.24769453815407863,"[[29, 26], [18, 15]]",arousal,0.4870164281928988,0.5,0.5074191838897721,18,0.5454545454545454,,26,0.4727272727272727,-0.01734104046242768,0.6865012579155846,-0.01764553245940222,subject_dependent,rbf_svm,0.6170212765957447,0.36585365853658536,0.40198986744718535,0.491437467566165,0.5,0.5228334198235599,0.49090909090909085,0.5,0.5,0.5303030303030303,29,0.5272727272727272,15,0.45454545454545453,0.625,0.5666666666666667,0.23735297334673017,"[[4, 1], [2, 1]]",0.5636363636363637,0.625,0.6045454545454546,2,0.6666666666666666,1,0.2,0.1428571428571429,0.6660956744321189,0.14907119849998599,0.6666666666666666,0.5,0.5,0.5833333333333333,0.625,0.6041666666666666,0.5666666666666667,0.625,0.625,0.6,4,0.8,1,0.3333333333333333
0.5681818181818182,0.5575757575757576,"{""clf__C"": 0.21466070134458173, ""clf__gamma"": 0.0012955517240662183, ""clf__class_weight"": ""balanced""}",0.22122361383339478,"[[33, 22], [16, 17]]",arousal,0.5534188034188035,0.5681818181818182,0.5737179487179488,16,0.48484848484848486,,22,0.4,0.11111111111111116,0.6325710625585178,0.11222190272356955,subject_dependent,rbf_svm,0.673469387755102,0.4358974358974359,0.47060234641610166,0.5546834118262689,0.5681818181818182,0.5843799058084772,0.5575757575757576,0.5681818181818182,0.5681818181818182,0.6683195592286502,33,0.6,17,0.5151515151515151,0.625,0.5,0.21961045931880036,"[[5, 0], [3, 0]]",0.38461538461538464,0.625,0.4807692307692308,3,1.0,0,0.0,0.0,0.6291872391656417,0.0,0.625,0.0,0.5555555555555556,0.3125,0.625,0.390625,0.5,0.625,0.625,0.6666666666666666,5,1.0,0,0.0
0.3977272727272727,0.3727272727272727,"{""clf__C"": 0.21466070134458173, ""clf__gamma"": 0.0012955517240662183, ""clf__class_weight"": ""balanced""}",0.3831831937488825,"[[9, 24], [29, 26]]",arousal,0.3743796109993293,0.3977272727272727,0.40459423205902084,29,0.5272727272727272,,24,0.7272727272727273,-0.24705882352941178,1.0110874887625898,-0.2487865286588188,subject_dependent,rbf_svm,0.23684210526315788,0.52,0.5086153174052206,0.37842105263157894,0.3977272727272727,0.41381578947368425,0.3727272727272727,0.3977272727272727,0.3977272727272727,0.31212121212121213,9,0.2727272727272727,26,0.4727272727272727,0.125,0.16666666666666666,0.3614396524127621,"[[1, 2], [5, 0]]",0.1111111111111111,0.125,0.08333333333333333,5,1.0,2,0.6666666666666666,-0.5555555555555556,0.9294919727551887,-0.7453559924999299,0.16666666666666666,0.0,0.5449999999999999,0.08333333333333333,0.125,0.0625,0.16666666666666666,0.125,0.125,0.2666666666666667,1,0.3333333333333333,0,0.0
0.6136363636363636,0.6121212121212121,"{""clf__C"": 0.6351054340728711, ""clf__gamma"": 0.0005285382203816729, ""clf__class_weight"": ""balanced""}",0.27202557229312957,"[[20, 13], [21, 34]]",arousal,0.6036036036036037,0.6136363636363636,0.6193693693693694,21,0.38181818181818183,,13,0.3939393939393939,0.21387283236994215,0.7386107614378526,0.2176282336659607,subject_dependent,rbf_svm,0.4878048780487805,0.723404255319149,0.7842536339626489,0.6056045666839647,0.6136363636363636,0.6350544888427607,0.6121212121212121,0.6136363636363636,0.6136363636363636,0.7019283746556474,20,0.6060606060606061,34,0.6181818181818182,0.5,0.6,0.26380579380643243,"[[3, 0], [4, 1]]",0.4666666666666667,0.5,0.4333333333333333,4,0.8,0,0.0,0.1578947368421053,0.7202397201439588,0.29277002188455997,0.42857142857142855,1.0,0.9028571428571428,0.7142857142857143,0.5,0.7857142857142857,0.6,0.5,0.5,0.8,3,1.0,1,0.2
0.45454545454545453,0.4696969696969697,"{""clf__C"": 262.30889101079146, ""clf__gamma"": 0.0025135566617708314, ""clf__class_weight"": null}",0.3690521402754337,"[[11, 11], [37, 29]]",arousal,0.4307277628032345,0.45454545454545453,0.4889487870619945,37,0.5606060606060606,,11,0.5,-0.04347826086956519,1.277325543069267,-0.05270462766947299,subject_dependent,rbf_svm,0.22916666666666666,0.725,0.7703174773534633,0.4770833333333333,0.45454545454545453,0.6010416666666667,0.4696969696969697,0.45454545454545453,0.45454545454545453,0.522038567493113,11,0.5,29,0.4393939393939394,0.375,0.41666666666666663,0.2860694839137199,"[[1, 1], [4, 2]]",0.36507936507936506,0.375,0.40476190476190477,4,0.6666666666666666,1,0.5,-0.11111111111111116,0.7771495720212119,-0.14907119849998599,0.2,0.6666666666666666,0.8555555555555556,0.43333333333333335,0.375,0.55,0.41666666666666663,0.375,0.375,0.5833333333333334,1,0.5,2,0.3333333333333333
0.6931818181818182,0.6393939393939394,"{""clf__C"": 160.49758307716223, ""clf__gamma"": 0.00018427970406864567, ""clf__class_weight"": null}",0.2334169723886208,"[[47, 8], [19, 14]]",arousal,0.6429752066115701,0.6931818181818182,0.6764462809917355,19,0.5757575757575758,,8,0.14545454545454545,0.2987012987012987,0.7105513573925858,0.3116943241363343,subject_dependent,rbf_svm,0.7121212121212122,0.6363636363636364,0.5539790389468425,0.6742424242424243,0.6931818181818182,0.6837121212121212,0.6393939393939394,0.6931818181818182,0.6931818181818182,0.659504132231405,47,0.8545454545454545,14,0.42424242424242425,0.75,0.6666666666666666,0.18826067644517075,"[[5, 0], [2, 1]]",0.6666666666666667,0.75,0.7083333333333334,2,0.6666666666666666,0,0.0,0.3846153846153846,0.5637171539075991,0.4879500364742666,0.7142857142857143,1.0,0.7222222222222223,0.8571428571428572,0.75,0.8214285714285714,0.6666666666666666,0.75,0.75,0.7333333333333333,5,1.0,1,0.3333333333333333
0.5568181818181818,0.5568181818181819,"{""clf__C"": 0.6351054340728711, ""clf__gamma"": 0.0005285382203816729, ""clf__class_weight"": ""balanced""}",0.2527547491996832,"[[31, 13], [26, 18]]",arousal,0.546930693069307,0.5568181818181818,0.5469306930693069,26,0.5909090909090909,,13,0.29545454545454547,0.11363636363636365,0.6983072595865337,0.11894651701745163,subject_dependent,rbf_svm,0.543859649122807,0.5806451612903226,0.6108919555324566,0.5622524052065648,0.5568181818181818,0.5622524052065648,0.5568181818181819,0.5568181818181818,0.5568181818181818,0.6642561983471075,31,0.7045454545454546,18,0.4090909090909091,0.5,0.5,0.25249676763074813,"[[4, 0], [4, 0]]",0.3333333333333333,0.5,0.3333333333333333,4,1.0,0,0.0,0.0,0.6978005299092628,0.0,0.5,0.0,0.6458333333333333,0.25,0.5,0.25,0.5,0.5,0.5,0.6875,4,1.0,0,0.0
0.5454545454545454,0.5454545454545454,"{""clf__C"": 0.4342298948286134, ""clf__gamma"": 0.0008179499475211679, ""clf__class_weight"": ""balanced""}",0.27232823231168446,"[[41, 3], [37, 7]]",arousal,0.4656952034001214,0.5454545454545454,0.46569520340012144,37,0.8409090909090909,,3,0.06818181818181818,0.09090909090909094,0.7422974049448964,0.14322297480788657,subject_dependent,rbf_svm,0.5256410256410257,0.7,0.6055826571507288,0.6128205128205129,0.5454545454545454,0.6128205128205128,0.5454545454545454,0.5454545454545454,0.5454545454545454,0.6043388429752066,41,0.9318181818181818,7,0.1590909090909091,0.5,0.5,0.269626495538021,"[[4, 0], [4, 0]]",0.3333333333333333,0.5,0.3333333333333333,4,1.0,0,0.0,0.0,0.7347694564378895,0.0,0.5,0.0,0.6845238095238095,0.25,0.5,0.25,0.5,0.5,0.5,0.5625,4,1.0,0,0.0
0.42045454545454547,0.49242424242424243,"{""clf__C"": 160.49758307716223, ""clf__gamma"": 0.00018427970406864567, ""clf__class_weight"": null}",0.35351518360878803,"[[23, 43], [8, 14]]",arousal,0.4143285919352734,0.42045454545454547,0.4442776980294924,8,0.36363636363636365,,43,0.6515151515151515,-0.00990099009900991,0.9640219118802943,-0.013734760723838819,subject_dependent,rbf_svm,0.7419354838709677,0.24561403508771928,0.3572017054289418,0.4937747594793435,0.42045454545454547,0.6178551216751557,0.49242424242424243,0.42045454545454547,0.42045454545454547,0.4958677685950413,23,0.3484848484848485,14,0.6363636363636364,0.375,0.5833333333333334,0.3020623862916354,"[[1, 5], [0, 2]]",0.36507936507936506,0.375,0.32539682539682535,0,0.0,5,0.8333333333333334,0.09090909090909094,0.8080487886892864,0.2182178902359924,1.0,0.2857142857142857,0.30952380952380953,0.6428571428571428,0.375,0.8214285714285714,0.5833333333333334,0.375,0.375,0.41666666666666663,1,0.16666666666666666,2,1.0
0.4659090909090909,0.5227272727272727,"{""clf__C"": 13.411788774467905, ""clf__gamma"": 0.00026210878782654407, ""clf__class_weight"": ""balanced""}",0.300110281480039,"[[14, 8], [39, 27]]",arousal,0.453993399339934,0.4659090909090909,0.4943234323432343,39,0.5909090909090909,,8,0.36363636363636365,0.030927835051546393,0.8375785614601653,0.040215055313333185,subject_dependent,rbf_svm,0.2641509433962264,0.7714285714285715,0.826816891031046,0.517789757412399,0.4659090909090909,0.6446091644204852,0.5227272727272727,0.4659090909090909,0.4659090909090909,0.5661157024793388,14,0.6363636363636364,27,0.4090909090909091,0.5,0.5,0.2766590269372368,"[[1, 1], [3, 3]]",0.4666666666666667,0.5,0.5333333333333333,3,0.5,1,0.5,0.0,0.7585768127083042,0.0,0.25,0.75,0.8555555555555556,0.5,0.5,0.625,0.5,0.5,0.5,0.5833333333333334,1,0.5,3,0.5
0.3977272727272727,0.3977272727272727,"{""clf__C"": 51.4138527229363, ""clf__gamma"": 0.006173770394704574, ""clf__class_weight"": ""balanced""}",0.457298175868052,"[[14, 30], [23, 21]]",arousal,0.3938921377517869,0.3977272727272727,0.39389213775178694,23,0.5227272727272727,,30,0.6818181818181818,-0.20454545454545459,1.4648295871130586,-0.2071841649822589,subject_dependent,rbf_svm,0.3783783783783784,0.4117647058823529,0.4136737334430829,0.39507154213036566,0.3977272727272727,0.3950715421303657,0.3977272727272727,0.3977272727272727,0.3977272727272727,0.36260330578512395,14,0.3181818181818182,21,0.4772727272727273,0.375,0.375,0.3931553063911434,"[[1, 3], [2, 2]]",0.36507936507936506,0.375,0.36507936507936506,2,0.5,3,0.75,-0.25,1.048350686385737,-0.2581988897471611,0.3333333333333333,0.4,0.5238095238095237,0.3666666666666667,0.375,0.3666666666666667,0.375,0.375,0.375,0.375,1,0.25,2,0.5
0.5113636363636364,0.5113636363636364,"{""clf__C"": 183.42628625395747, ""clf__gamma"": 0.0001005394019469303, ""clf__class_weight"": ""balanced""}",0.3101110858803632,"[[14, 30], [13, 31]]",arousal,0.49242119382964455,0.5113636363636364,0.4924211938296445,13,0.29545454545454547,,30,0.6818181818181818,0.022727272727272707,0.8590939278197289,0.024640709031819093,subject_dependent,rbf_svm,0.5185185185185185,0.5081967213114754,0.6130749114495286,0.513357619914997,0.5113636363636364,0.5133576199149968,0.5113636363636364,0.5113636363636364,0.5113636363636364,0.5490702479338844,14,0.3181818181818182,31,0.7045454545454546,0.5,0.5,0.26965513706133354,"[[1, 3], [1, 3]]",0.4666666666666667,0.5,0.4666666666666667,1,0.25,3,0.75,0.0,0.7315193751019861,0.0,0.5,0.5,0.75,0.5,0.5,0.5,0.5,0.5,0.5,0.5625,1,0.25,3,0.75
0.5909090909090909,0.5818181818181818,"{""clf__C"": 13.411788774467905, ""clf__gamma"": 0.00026210878782654407, ""clf__class_weight"": ""balanced""}",0.29058388129929097,"[[34, 21], [15, 18]]",arousal,0.5769230769230769,0.5909090909090909,0.5961538461538461,15,0.45454545454545453,,21,0.38181818181818183,0.1578947368421053,0.7936364944246965,0.15947323018612516,subject_dependent,rbf_svm,0.6938775510204082,0.46153846153846156,0.5366925095041528,0.5777080062794349,0.5909090909090909,0.6067503924646782,0.5818181818181818,0.5909090909090909,0.5909090909090909,0.5710743801652892,34,0.6181818181818182,18,0.5454545454545454,0.5,0.5333333333333333,0.26570167221913044,"[[2, 3], [1, 2]]",0.5,0.5,0.5,1,0.3333333333333333,3,0.6,0.05882352941176472,0.7250535142869797,0.06666666666666667,0.6666666666666666,0.4,0.6805555555555556,0.5333333333333333,0.5,0.5666666666666667,0.5333333333333333,0.5,0.5,0.6,2,0.4,2,0.6666666666666666
0.5909090909090909,0.5303030303030303,"{""clf__C"": 183.42628625395747, ""clf__gamma"": 0.0001005394019469303, ""clf__class_weight"": ""balanced""}",0.2524188050477013,"[[9, 13], [23, 43]]",arousal,0.5191256830601093,0.5909090909090909,0.6120218579234973,23,0.3484848484848485,,13,0.5909090909090909,0.052631578947368474,0.7224933309371576,0.0545544725589981,subject_dependent,rbf_svm,0.28125,0.7678571428571429,0.8319095055662649,0.5245535714285714,0.5909090909090909,0.6462053571428572,0.5303030303030303,0.5909090909090909,0.5909090909090909,0.5757575757575757,9,0.4090909090909091,43,0.6515151515151515,0.5,0.5,0.21441457767535646,"[[1, 1], [3, 3]]",0.4666666666666667,0.5,0.5333333333333333,3,0.5,1,0.5,0.0,0.6127958358430284,0.0,0.25,0.75,0.8134920634920635,0.5,0.5,0.625,0.5,0.5,0.5,0.41666666666666663,1,0.5,3,0.5
0.2727272727272727,0.3939393939393939,"{""clf__C"": 0.40069130793659025, ""clf__gamma"": 0.0014899847475658245, ""clf__class_weight"": ""balanced""}",0.42136449383451335,"[[14, 8], [56, 10]]",arousal,0.27122153209109734,0.2727272727272727,0.2546583850931677,56,0.8484848484848485,,8,0.36363636363636365,-0.12280701754385959,1.1003246602508836,-0.2277100170213244,subject_dependent,rbf_svm,0.2,0.5555555555555556,0.6497912272224073,0.37777777777777777,0.2727272727272727,0.46666666666666673,0.3939393939393939,0.2727272727272727,0.2727272727272727,0.3285123966942149,14,0.6363636363636364,10,0.15151515151515152,0.25,0.5,0.4107574221804881,"[[2, 0], [6, 0]]",0.2,0.25,0.1,6,1.0,0,0.0,0.0,1.0515630535958418,0.0,0.25,0.0,0.6746031746031745,0.125,0.25,0.0625,0.5,0.25,0.25,0.25,2,1.0,0,0.0
0.4431818181818182,0.4431818181818182,"{""clf__C"": 13.411788774467905, ""clf__gamma"": 0.00026210878782654407, ""clf__class_weight"": ""balanced""}",0.33919308347484056,"[[20, 24], [25, 19]]",arousal,0.44310990572129666,0.4431818181818182,0.44310990572129666,25,0.5681818181818182,,24,0.5454545454545454,-0.11363636363636354,0.9318689708348646,-0.11366572324507893,subject_dependent,rbf_svm,0.4444444444444444,0.4418604651162791,0.5161403465353791,0.44315245478036175,0.4431818181818182,0.44315245478036175,0.4431818181818182,0.4431818181818182,0.4431818181818182,0.4230371900826446,20,0.45454545454545453,19,0.4318181818181818,0.5,0.5,0.3054355212631992,"[[2, 2], [2, 2]]",0.5,0.5,0.5,2,0.5,2,0.5,0.0,0.8153748923892072,0.0,0.5,0.5,0.6071428571428572,0.5,0.5,0.5,0.5,0.5,0.5,0.375,2,0.5,2,0.5
0.4090909090909091,0.40909090909090906,"{""clf__C"": 7.709391232564023, ""clf__gamma"": 0.00026471141828218194, ""clf__class_weight"": null}",0.330986203926987,"[[34, 10], [42, 2]]",arousal,0.319047619047619,0.4090909090909091,0.319047619047619,42,0.9545454545454546,,10,0.22727272727272727,-0.18181818181818188,0.9065145357134583,-0.26490647141300877,subject_dependent,rbf_svm,0.4473684210526316,0.16666666666666666,0.44315739315101454,0.30701754385964913,0.4090909090909091,0.30701754385964913,0.40909090909090906,0.4090909090909091,0.4090909090909091,0.42871900826446285,34,0.7727272727272727,2,0.045454545454545456,0.375,0.375,0.3122133101480586,"[[3, 1], [4, 0]]",0.2727272727272727,0.375,0.2727272727272727,4,1.0,1,0.25,-0.25,0.8372757875320458,-0.3779644730092272,0.42857142857142855,0.0,0.4583333333333333,0.21428571428571427,0.375,0.21428571428571427,0.375,0.375,0.375,0.3125,3,0.75,0,0.0
0.48863636363636365,0.48863636363636365,"{""clf__C"": 262.30889101079146, ""clf__gamma"": 0.0025135566617708314, ""clf__class_weight"": null}",0.3581709489700042,"[[25, 19], [26, 18]]",arousal,0.4853801169590643,0.48863636363636365,0.48538011695906425,26,0.5909090909090909,,19,0.4318181818181818,-0.022727272727272707,1.0817300920347166,-0.023020462775806542,subject_dependent,rbf_svm,0.49019607843137253,0.4864864864864865,0.535734587257818,0.4883412824589295,0.48863636363636365,0.4883412824589295,0.48863636363636365,0.48863636363636365,0.48863636363636365,0.512654958677686,25,0.5681818181818182,18,0.4090909090909091,0.625,0.625,0.2795253683545417,"[[3, 1], [2, 2]]",0.6190476190476191,0.625,0.6190476190476191,2,0.5,1,0.25,0.25,0.7668904265510319,0.2581988897471611,0.6,0.6666666666666666,0.5666666666666667,0.6333333333333333,0.625,0.6333333333333333,0.625,0.625,0.625,0.5,3,0.75,2,0.5
0.4659090909090909,0.46212121212121215,"{""clf__C"": 235.1599274057192, ""clf__gamma"": 0.021154290797261225, ""clf__class_weight"": ""balanced""}",0.3366935612489418,"[[31, 35], [12, 10]]",arousal,0.4336574010680542,0.4659090909090909,0.5012323702587977,12,0.5454545454545454,,35,0.5303030303030303,-0.05617977528089879,0.9363671907970468,-0.06562493591317982,subject_dependent,rbf_svm,0.7209302325581395,0.2222222222222222,0.2599485034087844,0.47157622739018085,0.4659090909090909,0.5962532299741601,0.46212121212121215,0.4659090909090909,0.4659090909090909,0.4634986225895317,31,0.4696969696969697,10,0.45454545454545453,0.5,0.5,0.28319831674680546,"[[3, 3], [1, 1]]",0.4666666666666667,0.5,0.5333333333333333,1,0.5,3,0.5,0.0,0.7658619942069762,0.0,0.75,0.25,0.30952380952380953,0.5,0.5,0.625,0.5,0.5,0.5,0.41666666666666663,3,0.5,1,0.5
0.7272727272727273,0.7818181818181817,"{""clf__C"": 183.42628625395747, ""clf__gamma"": 0.0001005394019469303, ""clf__class_weight"": ""balanced""}",0.22609175485877075,"[[33, 0], [24, 31]]",arousal,0.7271317829457364,0.7272727272727273,0.7255813953488371,24,0.43636363636363634,,0,0.0,0.4920634920634921,0.8068860356710129,0.5712405705774793,subject_dependent,rbf_svm,0.5789473684210527,1.0,0.8987997868433135,0.7894736842105263,0.7272727272727273,0.8421052631578948,0.7818181818181817,0.7272727272727273,0.7272727272727273,0.7944903581267218,33,1.0,31,0.5636363636363636,0.625,0.7,0.1941682745254497,"[[3, 0], [3, 2]]",0.6190476190476191,0.625,0.6071428571428571,3,0.6,0,0.0,0.33333333333333337,0.5634686955080945,0.4472135954999579,0.5,1.0,1.0,0.75,0.625,0.8125,0.7,0.625,0.625,1.0,3,1.0,2,0.4
0.4659090909090909,0.42727272727272725,"{""clf__C"": 160.49758307716223, ""clf__gamma"": 0.00018427970406864567, ""clf__class_weight"": null}",0.4133156472546919,"[[9, 24], [23, 32]]",arousal,0.42674982674982676,0.4659090909090909,0.4642065142065142,23,0.41818181818181815,,24,0.7272727272727273,-0.14634146341463405,1.9699893653655252,-0.14638501094227996,subject_dependent,rbf_svm,0.28125,0.5714285714285714,0.6241442560400944,0.4263392857142857,0.4659090909090909,0.46261160714285715,0.42727272727272725,0.4659090909090909,0.4659090909090909,0.4953168044077135,9,0.2727272727272727,32,0.5818181818181818,0.375,0.3,0.3178910494911852,"[[0, 3], [2, 3]]",0.2727272727272727,0.375,0.3409090909090909,2,0.4,3,1.0,-0.4285714285714286,0.9085080106624929,-0.4472135954999579,0.0,0.5,0.7226190476190476,0.25,0.375,0.3125,0.3,0.375,0.375,0.4666666666666667,0,0.0,3,0.6
0.5,0.6515151515151516,"{""clf__C"": 0.9020715489795292, ""clf__gamma"": 0.0048275888720946784, ""clf__class_weight"": null}",0.28558857943217564,"[[21, 1], [43, 23]]",arousal,0.49974160206718343,0.5,0.5054263565891474,43,0.6515151515151515,,1,0.045454545454545456,0.18518518518518523,0.8298714652532966,0.2946278254943948,subject_dependent,rbf_svm,0.328125,0.9583333333333334,0.9168118207892642,0.6432291666666667,0.5,0.80078125,0.6515151515151516,0.5,0.5,0.7623966942148761,21,0.9545454545454546,23,0.3484848484848485,0.5,0.6666666666666666,0.2567616183902768,"[[2, 0], [4, 2]]",0.5,0.5,0.5,4,0.6666666666666666,0,0.0,0.19999999999999996,0.7082271903540334,0.3333333333333333,0.3333333333333333,1.0,0.9761904761904762,0.6666666666666666,0.5,0.8333333333333334,0.6666666666666666,0.5,0.5,0.9166666666666667,2,1.0,2,0.3333333333333333
0.7045454545454546,0.7575757575757576,"{""clf__C"": 64.69870699850829, ""clf__gamma"": 0.0008200518402245837, ""clf__class_weight"": null}",0.21884460533773015,"[[19, 3], [23, 43]]",arousal,0.6808035714285714,0.7045454545454546,0.7243303571428572,23,0.3484848484848485,,3,0.13636363636363635,0.39534883720930236,0.7097377222773062,0.4465958968688237,subject_dependent,rbf_svm,0.4523809523809524,0.9347826086956522,0.9383687762692274,0.6935817805383023,0.7045454545454546,0.8141821946169773,0.7575757575757576,0.7045454545454546,0.7045454545454546,0.8353994490358126,19,0.8636363636363636,43,0.6515151515151515,0.75,0.8333333333333333,0.16204182840848755,"[[2, 0], [2, 4]]",0.7333333333333334,0.75,0.7666666666666667,2,0.3333333333333333,0,0.0,0.5,0.48515610971394474,0.5773502691896258,0.5,1.0,0.9761904761904762,0.75,0.75,0.875,0.8333333333333333,0.75,0.75,0.9166666666666667,2,1.0,4,0.6666666666666666
0.4772727272727273,0.5303030303030303,"{""clf__C"": 32.32518791282502, ""clf__gamma"": 0.0005104518230902811, ""clf__class_weight"": ""balanced""}",0.38358410240933305,"[[28, 38], [8, 14]]",arousal,0.46369899311075785,0.4772727272727273,0.5063593004769475,8,0.36363636363636365,,38,0.5757575757575758,0.04166666666666663,1.8307690011351312,0.05337605126836238,subject_dependent,rbf_svm,0.7777777777777778,0.2692307692307692,0.2902676185053783,0.5235042735042735,0.4772727272727273,0.6506410256410257,0.5303030303030303,0.4772727272727273,0.4772727272727273,0.5571625344352618,28,0.42424242424242425,14,0.6363636363636364,0.5,0.6666666666666666,0.3028745131754884,"[[2, 4], [0, 2]]",0.5,0.5,0.5,0,0.0,4,0.6666666666666666,0.19999999999999996,0.8627700899207563,0.3333333333333333,1.0,0.3333333333333333,0.45,0.6666666666666666,0.5,0.8333333333333334,0.6666666666666666,0.5,0.5,0.6666666666666667,2,0.3333333333333333,2,1.0
0.4772727272727273,0.5575757575757576,"{""clf__C"": 2.2463533171675794, ""clf__gamma"": 0.0006516990611177178, ""clf__class_weight"": null}",0.38431485851327096,"[[13, 42], [4, 29]]",arousal,0.45940170940170943,0.4772727272727273,0.4348290598290598,4,0.12121212121212122,,42,0.7636363636363637,0.09359605911330049,1.2266278777838653,0.14120638548930775,subject_dependent,rbf_svm,0.7647058823529411,0.4084507042253521,0.46153924204749264,0.5865782932891466,0.4772727272727273,0.6311101905550952,0.5575757575757576,0.4772727272727273,0.4772727272727273,0.5823691460055097,13,0.23636363636363636,29,0.8787878787878788,0.375,0.5,0.3599674102887731,"[[0, 5], [0, 3]]",0.2727272727272727,0.375,0.20454545454545453,0,0.0,5,1.0,0.0,1.0317428647944158,0.0,0.0,0.375,0.4027777777777778,0.1875,0.375,0.140625,0.5,0.375,0.375,0.39999999999999997,0,0.0,3,1.0
0.6931818181818182,0.7363636363636363,"{""clf__C"": 0.40069130793659025, ""clf__gamma"": 0.0014899847475658245, ""clf__class_weight"": ""balanced""}",0.19700633439969695,"[[30, 3], [24, 31]]",arousal,0.6931421929484696,0.6931818181818182,0.6940139480821388,24,0.43636363636363634,,3,0.09090909090909091,0.4193548387096774,0.5714109089631078,0.4700159919404217,subject_dependent,rbf_svm,0.5555555555555556,0.9117647058823529,0.8721089212823525,0.7336601307189543,0.6931818181818182,0.7781862745098039,0.7363636363636363,0.6931818181818182,0.6931818181818182,0.7537190082644628,30,0.9090909090909091,31,0.5636363636363636,0.75,0.8,0.18318662883501338,"[[3, 0], [2, 3]]",0.75,0.75,0.75,2,0.4,0,0.0,0.5294117647058824,0.5400025513198984,0.6,0.6,1.0,0.9028571428571428,0.8,0.75,0.85,0.8,0.75,0.75,0.8,3,1.0,3,0.6
0.38636363636363635,0.2597402597402597,"{""clf__C"": 0.6351054340728711, ""clf__gamma"": 0.0005285382203816729, ""clf__class_weight"": ""balanced""}",0.3684943349420594,"[[1, 10], [44, 33]]",arousal,0.29285714285714287,0.38636363636363635,0.48571428571428577,44,0.5714285714285714,,10,0.9090909090909091,-0.2067039106145252,0.9788734522507364,-0.317915878372988,subject_dependent,rbf_svm,0.022222222222222223,0.7674418604651163,0.7744120047425964,0.3948320413436693,0.38636363636363635,0.6742894056847546,0.2597402597402597,0.38636363636363635,0.38636363636363635,0.19008264462809918,1,0.09090909090909091,33,0.42857142857142855,0.375,0.21428571428571427,0.35056742441005384,"[[0, 1], [4, 3]]",0.2727272727272727,0.375,0.47727272727272724,4,0.5714285714285714,1,1.0,-0.25,0.9212499834699049,-0.3779644730092272,0.0,0.75,0.8260204081632654,0.375,0.375,0.65625,0.21428571428571427,0.375,0.375,0.14285714285714285,0,0.0,3,0.42857142857142855
0.5227272727272727,0.5227272727272727,"{""clf__C"": 0.6351054340728711, ""clf__gamma"": 0.0005285382203816729, ""clf__class_weight"": ""balanced""}",0.27808671573324406,"[[25, 19], [23, 21]]",arousal,0.5217391304347826,0.5227272727272727,0.5217391304347826,23,0.5227272727272727,,19,0.4318181818181818,0.045454545454545414,0.7657341089858527,0.04564354645876384,subject_dependent,rbf_svm,0.5208333333333334,0.525,0.5858497069878323,0.5229166666666667,0.5227272727272727,0.5229166666666667,0.5227272727272727,0.5227272727272727,0.5227272727272727,0.5320247933884298,25,0.5681818181818182,21,0.4772727272727273,0.625,0.625,0.26735024187289447,"[[2, 2], [1, 3]]",0.6190476190476191,0.625,0.6190476190476191,1,0.25,2,0.5,0.25,0.7294471739551083,0.2581988897471611,0.6666666666666666,0.6,0.6916666666666667,0.6333333333333333,0.625,0.6333333333333333,0.625,0.625,0.625,0.5625,2,0.5,3,0.75
0.7727272727272727,0.7515151515151515,"{""clf__C"": 0.40069130793659025, ""clf__gamma"": 0.0014899847475658245, ""clf__class_weight"": ""balanced""}",0.19135553151979112,"[[46, 9], [11, 22]]",arousal,0.7544642857142857,0.7727272727272727,0.771205357142857,11,0.3333333333333333,,9,0.16363636363636364,0.50920245398773,0.5506803683745045,0.5098168533110837,subject_dependent,rbf_svm,0.8070175438596491,0.7096774193548387,0.8208459968704798,0.758347481607244,0.7727272727272727,0.7705149971703452,0.7515151515151515,0.7727272727272727,0.7727272727272727,0.8082644628099174,46,0.8363636363636363,22,0.6666666666666666,0.625,0.6333333333333333,0.1834102783360373,"[[3, 2], [1, 2]]",0.6190476190476191,0.625,0.6309523809523809,1,0.3333333333333333,2,0.4,0.25,0.5365878903735416,0.2581988897471611,0.75,0.5,0.8333333333333333,0.625,0.625,0.65625,0.6333333333333333,0.625,0.625,0.8,3,0.6,2,0.6666666666666666
0.5454545454545454,0.5393939393939393,"{""clf__C"": 64.69870699850829, ""clf__gamma"": 0.0008200518402245837, ""clf__class_weight"": null}",0.3441937615939479,"[[31, 24], [16, 17]]",arousal,0.5336512983571807,0.5454545454545454,0.552199258081611,16,0.48484848484848486,,24,0.43636363636363634,0.07514450867052025,1.130479344202065,0.07646397399074295,subject_dependent,rbf_svm,0.6595744680851063,0.4146341463414634,0.5059132775958732,0.5371043072132848,0.5454545454545454,0.5677218474312402,0.5393939393939393,0.5454545454545454,0.5454545454545454,0.5504132231404959,31,0.5636363636363636,17,0.5151515151515151,0.5,0.4666666666666667,0.2707071934812539,"[[3, 2], [2, 1]]",0.4666666666666667,0.5,0.5,2,0.6666666666666666,2,0.4,-0.06666666666666665,0.741824039077909,-0.06666666666666667,0.6,0.3333333333333333,0.625,0.4666666666666667,0.5,0.5,0.4666666666666667,0.5,0.5,0.5333333333333333,3,0.6,1,0.3333333333333333
0.2840909090909091,0.25757575757575757,"{""clf__C"": 0.4342298948286134, ""clf__gamma"": 0.0008179499475211679, ""clf__class_weight"": ""balanced""}",0.45184236406840034,"[[5, 28], [35, 20]]",arousal,0.26266790796648487,0.2840909090909091,0.29408830961564036,35,0.6363636363636364,,28,0.8484848484848485,-0.4651162790697674,1.2530368985630604,-0.4714045207910317,subject_dependent,rbf_svm,0.125,0.4166666666666667,0.5272988602625146,0.27083333333333337,0.2840909090909091,0.3072916666666667,0.25757575757575757,0.2840909090909091,0.2840909090909091,0.24352617079889805,5,0.15151515151515152,20,0.36363636363636365,0.125,0.1,0.43068604196528953,"[[0, 3], [4, 1]]",0.1111111111111111,0.125,0.1388888888888889,4,0.8,3,1.0,-0.75,1.1429633618569897,-0.7745966692414834,0.0,0.25,0.5192857142857142,0.125,0.125,0.15625,0.1,0.125,0.125,0.13333333333333336,0,0.0,1,0.2
0.375,0.46212121212121215,"{""clf__C"": 183.42628625395747, ""clf__gamma"": 0.0001005394019469303, ""clf__class_weight"": ""balanced""}",0.4994982096165146,"[[14, 8], [47, 19]]",arousal,0.37297577406399796,0.375,0.39078896230081617,47,0.7121212121212122,,8,0.36363636363636365,-0.04761904761904767,2.0869261641487573,-0.07113159996271998,subject_dependent,rbf_svm,0.22950819672131148,0.7037037037037037,0.7037218908532725,0.4666059502125076,0.375,0.5851548269581056,0.46212121212121215,0.375,0.375,0.4986225895316805,14,0.6363636363636364,19,0.2878787878787879,0.375,0.41666666666666663,0.43804725871662165,"[[1, 1], [4, 2]]",0.36507936507936506,0.375,0.40476190476190477,4,0.6666666666666666,1,0.5,-0.11111111111111116,1.2462525218792897,-0.14907119849998599,0.2,0.6666666666666666,0.7345238095238095,0.43333333333333335,0.375,0.55,0.41666666666666663,0.375,0.375,0.5,1,0.5,2,0.3333333333333333
0.6590909090909091,0.709090909090909,"{""clf__C"": 20.12196163610286, ""clf__gamma"": 0.0008612579192594886, ""clf__class_weight"": ""balanced""}",0.23676650545935665,"[[28, 27], [3, 30]]",arousal,0.6589147286821706,0.6590909090909091,0.6569767441860465,3,0.09090909090909091,,27,0.4909090909090909,0.3650793650793651,0.7335947788439348,0.42382364913812987,subject_dependent,rbf_svm,0.9032258064516129,0.5263157894736842,0.6633881338497163,0.7147707979626485,0.6590909090909091,0.7618845500848898,0.709090909090909,0.6590909090909091,0.6590909090909091,0.7889807162534435,28,0.509090909090909,30,0.9090909090909091,0.625,0.7,0.18443020996116744,"[[2, 3], [0, 3]]",0.6190476190476191,0.625,0.6071428571428571,0,0.0,3,0.6,0.33333333333333337,0.5395306188962676,0.4472135954999579,1.0,0.5,1.0,0.75,0.625,0.8125,0.7,0.625,0.625,1.0,2,0.4,3,1.0
0.6704545454545454,0.6272727272727273,"{""clf__C"": 48.43827864278568, ""clf__gamma"": 0.00039459088111000007, ""clf__class_weight"": ""balanced""}",0.2168065797238592,"[[44, 11], [18, 15]]",arousal,0.6303056642039693,0.6704545454545454,0.660763436187165,18,0.5454545454545454,,11,0.2,0.26582278481012656,0.6570931235982225,0.2700978592992082,subject_dependent,rbf_svm,0.7096774193548387,0.5769230769230769,0.6554512356964489,0.6433002481389578,0.6704545454545454,0.659894540942928,0.6272727272727273,0.6704545454545454,0.6704545454545454,0.6765840220385675,44,0.8,15,0.45454545454545453,0.75,0.6666666666666666,0.1822016260047486,"[[5, 0], [2, 1]]",0.6666666666666667,0.75,0.7083333333333334,2,0.6666666666666666,0,0.0,0.3846153846153846,0.5461484984780074,0.4879500364742666,0.7142857142857143,1.0,0.8095238095238095,0.8571428571428572,0.75,0.8214285714285714,0.6666666666666666,0.75,0.75,0.7333333333333333,5,1.0,1,0.3333333333333333
0.6590909090909091,0.6590909090909091,"{""clf__C"": 48.43827864278568, ""clf__gamma"": 0.00039459088111000007, ""clf__class_weight"": ""balanced""}",0.23501046362052785,"[[24, 20], [10, 34]]",arousal,0.6546310832025117,0.6590909090909091,0.6546310832025118,10,0.22727272727272727,,20,0.45454545454545453,0.31818181818181823,0.6696768557341355,0.32673201960653564,subject_dependent,rbf_svm,0.7058823529411765,0.6296296296296297,0.8344056672972566,0.6677559912854031,0.6590909090909091,0.6677559912854032,0.6590909090909091,0.6590909090909091,0.6590909090909091,0.7840909090909091,24,0.5454545454545454,34,0.7727272727272727,0.75,0.75,0.18798753745674707,"[[2, 2], [0, 4]]",0.7333333333333334,0.75,0.7333333333333334,0,0.0,2,0.5,0.5,0.5463336456352419,0.5773502691896258,1.0,0.6666666666666666,0.8875,0.8333333333333333,0.75,0.8333333333333333,0.75,0.75,0.75,0.875,2,0.5,4,1.0
0.625,0.6439393939393939,"{""clf__C"": 34.26465148409954, ""clf__gamma"": 0.020597335357437203, ""clf__class_weight"": null}",0.2648305029654146,"[[15, 7], [26, 40]]",arousal,0.5920775389801938,0.625,0.6500210703750526,26,0.3939393939393939,,7,0.3181818181818182,0.22352941176470587,0.8298723911906246,0.24989186382988193,subject_dependent,rbf_svm,0.36585365853658536,0.851063829787234,0.9102856940985451,0.6084587441619097,0.625,0.7297612869745719,0.6439393939393939,0.625,0.625,0.7396694214876033,15,0.6818181818181818,40,0.6060606060606061,0.625,0.75,0.2240682878051148,"[[2, 0], [3, 3]]",0.6190476190476191,0.625,0.6428571428571428,3,0.5,0,0.0,0.33333333333333337,0.6369340078798564,0.4472135954999579,0.4,1.0,0.9484126984126984,0.7,0.625,0.85,0.75,0.625,0.625,0.8333333333333333,2,1.0,3,0.5
0.8636363636363636,0.8441558441558441,"{""clf__C"": 262.30889101079146, ""clf__gamma"": 0.0025135566617708314, ""clf__class_weight"": null}",0.11894960323140377,"[[9, 2], [10, 67]]",arousal,0.7589041095890411,0.8636363636363636,0.8780821917808218,10,0.12987012987012986,,2,0.18181818181818182,0.5247524752475248,0.4276023001277818,0.5532551990217836,subject_dependent,rbf_svm,0.47368421052631576,0.9710144927536232,0.9877480555914704,0.7223493516399695,0.8636363636363636,0.9088482074752098,0.8441558441558441,0.8636363636363636,0.8636363636363636,0.9138134592680047,9,0.8181818181818182,67,0.8701298701298701,1.0,1.0,0.05993910510675755,"[[1, 0], [0, 7]]",1.0,1.0,1.0,0,0.0,0,0.0,1.0,0.2634012368252425,1.0,1.0,1.0,1.0,1.0,1.0,1.0,1.0,1.0,1.0,1.0,1,1.0,7,1.0
0.7613636363636364,0.7077922077922079,"{""clf__C"": 100.2571297605856, ""clf__gamma"": 0.0074112997810832455, ""clf__class_weight"": ""balanced""}",0.1873262923037844,"[[7, 4], [17, 60]]",arousal,0.625531914893617,0.7613636363636364,0.7946808510638299,17,0.22077922077922077,,4,0.36363636363636365,0.27586206896551724,0.6273333222686139,0.3086066999241838,subject_dependent,rbf_svm,0.2916666666666667,0.9375,0.9521564868071412,0.6145833333333334,0.7613636363636364,0.8567708333333333,0.7077922077922079,0.7613636363636364,0.7613636363636364,0.7750885478158206,7,0.6363636363636364,60,0.7792207792207793,0.75,0.8571428571428572,0.1160270559726119,"[[1, 0], [2, 5]]",0.6666666666666667,0.75,0.7916666666666667,2,0.2857142857142857,0,0.0,0.3846153846153846,0.393675795651939,0.4879500364742666,0.3333333333333333,1.0,1.0,0.6666666666666666,0.75,0.9166666666666666,0.8571428571428572,0.75,0.75,1.0,1,1.0,5,0.7142857142857143
0.5,0.5,"{""clf__C"": 0.9020715489795292, ""clf__gamma"": 0.0048275888720946784, ""clf__class_weight"": null}",0.31007166814588183,"[[7, 37], [7, 37]]",arousal,0.4342489772063121,0.5,0.4342489772063121,7,0.1590909090909091,,37,0.8409090909090909,0.0,0.9364439560201775,0.0,subject_dependent,rbf_svm,0.5,0.5,0.5762731055735344,0.5,0.5,0.5,0.5,0.5,0.5,0.5934917355371901,7,0.1590909090909091,37,0.8409090909090909,0.5,0.5,0.2550594724891681,"[[1, 3], [1, 3]]",0.4666666666666667,0.5,0.4666666666666667,1,0.25,3,0.75,0.0,0.7101438129499746,0.0,0.5,0.5,0.6678571428571428,0.5,0.5,0.5,0.5,0.5,0.5,0.5625,1,0.25,3,0.75
0.5568181818181818,0.4621212121212121,"{""clf__C"": 1.351144633701368, ""clf__gamma"": 0.015446089075047083, ""clf__class_weight"": ""balanced""}",0.3157922334406624,"[[6, 16], [23, 43]]",arousal,0.4616470588235294,0.5568181818181818,0.5748235294117646,23,0.3484848484848485,,16,0.7272727272727273,-0.06849315068493156,0.9101211907095448,-0.06978858167971155,subject_dependent,rbf_svm,0.20689655172413793,0.7288135593220338,0.7896174327249459,0.46785505552308587,0.5568181818181818,0.5983343074225599,0.4621212121212121,0.5568181818181818,0.5568181818181818,0.4703856749311295,6,0.2727272727272727,43,0.6515151515151515,0.5,0.3333333333333333,0.25552305809953496,"[[0, 2], [2, 4]]",0.3333333333333333,0.5,0.5,2,0.3333333333333333,2,1.0,-0.33333333333333326,0.6981200938846004,-0.3333333333333333,0.0,0.6666666666666666,0.7051587301587301,0.3333333333333333,0.5,0.5,0.3333333333333333,0.5,0.5,0.16666666666666666,0,0.0,4,0.6666666666666666
0.5454545454545454,0.5454545454545454,"{""clf__C"": 243.14537412227003, ""clf__gamma"": 0.0004992453416923984, ""clf__class_weight"": ""balanced""}",0.33057477097916615,"[[19, 25], [15, 29]]",arousal,0.5395081109366824,0.5454545454545454,0.5395081109366824,15,0.3409090909090909,,25,0.5681818181818182,0.09090909090909094,0.9869836715206634,0.09335200560186732,subject_dependent,rbf_svm,0.5588235294117647,0.5370370370370371,0.5711587993704554,0.5479302832244008,0.5454545454545454,0.547930283224401,0.5454545454545454,0.5454545454545454,0.5454545454545454,0.5387396694214877,19,0.4318181818181818,29,0.6590909090909091,0.5,0.5,0.26121738492750685,"[[0, 4], [0, 4]]",0.3333333333333333,0.5,0.3333333333333333,0,0.0,4,1.0,0.0,0.7174532369712973,0.0,0.0,0.5,0.6916666666666667,0.25,0.5,0.25,0.5,0.5,0.5,0.625,0,0.0,4,1.0
0.5340909090909091,0.4636363636363636,"{""clf__C"": 7.709391232564023, ""clf__gamma"": 0.00026471141828218194, ""clf__class_weight"": null}",0.351647585170168,"[[6, 27], [14, 41]]",arousal,0.44654088050314467,0.5340909090909091,0.5015723270440251,14,0.2545454545454545,,27,0.8181818181818182,-0.07894736842105265,1.0042926557872394,-0.08401680504168059,subject_dependent,rbf_svm,0.3,0.6029411764705882,0.5257697396941272,0.45147058823529407,0.5340909090909091,0.4893382352941176,0.4636363636363636,0.5340909090909091,0.5340909090909091,0.33966942148760326,6,0.18181818181818182,41,0.7454545454545455,0.5,0.4,0.33535708376579654,"[[0, 3], [1, 4]]",0.3333333333333333,0.5,0.41666666666666663,1,0.2,3,1.0,-0.23076923076923084,0.9471744415966754,-0.29277002188455997,0.0,0.5714285714285714,0.6192857142857142,0.2857142857142857,0.5,0.3571428571428571,0.4,0.5,0.5,0.2,0,0.0,4,0.8
0.5568181818181818,0.5568181818181819,"{""clf__C"": 0.21466070134458173, ""clf__gamma"": 0.0012955517240662183, ""clf__class_weight"": ""balanced""}",0.26777598359589533,"[[7, 37], [2, 42]]",arousal,0.4735388863322596,0.5568181818181818,0.47353888633225955,2,0.045454545454545456,,37,0.8409090909090909,0.11363636363636365,0.730381319197074,0.1875146501543373,subject_dependent,rbf_svm,0.7777777777777778,0.5316455696202531,0.5138969963299093,0.6547116736990155,0.5568181818181818,0.6547116736990154,0.5568181818181819,0.5568181818181818,0.5568181818181818,0.5170454545454546,7,0.1590909090909091,42,0.9545454545454546,0.5,0.5,0.2676163650624745,"[[0, 4], [0, 4]]",0.3333333333333333,0.5,0.3333333333333333,0,0.0,4,1.0,0.0,0.7299432706962949,0.0,0.0,0.5,0.5428571428571428,0.25,0.5,0.25,0.5,0.5,0.5,0.5,0,0.0,4,1.0
0.5909090909090909,0.5606060606060606,"{""clf__C"": 0.40069130793659025, ""clf__gamma"": 0.0014899847475658245, ""clf__class_weight"": ""balanced""}",0.22855712011089918,"[[11, 11], [25, 41]]",arousal,0.5371127995324372,0.5909090909090909,0.6160140268848626,25,0.3787878787878788,,11,0.5,0.09999999999999998,0.6502858243113843,0.10675210253672476,subject_dependent,rbf_svm,0.3055555555555556,0.7884615384615384,0.7364554530279048,0.5470085470085471,0.5909090909090909,0.6677350427350427,0.5606060606060606,0.5909090909090909,0.5909090909090909,0.550275482093664,11,0.5,41,0.6212121212121212,0.75,0.6666666666666667,0.22299110840788847,"[[1, 1], [1, 5]]",0.6666666666666667,0.75,0.75,1,0.16666666666666666,1,0.5,0.33333333333333337,0.639411345509425,0.3333333333333333,0.5,0.8333333333333334,0.7345238095238095,0.6666666666666667,0.75,0.75,0.6666666666666667,0.75,0.75,0.5,1,0.5,5,0.8333333333333334
0.4431818181818182,0.4575757575757576,"{""clf__C"": 13.411788774467905, ""clf__gamma"": 0.00026210878782654407, ""clf__class_weight"": ""balanced""}",0.37513893472013843,"[[17, 16], [33, 22]]",arousal,0.44137841689338,0.4431818181818182,0.44931338256250813,33,0.6,,16,0.48484848484848486,-0.07692307692307687,1.0287975473928916,-0.08292884288627293,subject_dependent,rbf_svm,0.34,0.5789473684210527,0.6312506654603294,0.45947368421052637,0.4431818181818182,0.4893421052631579,0.4575757575757576,0.4431818181818182,0.4431818181818182,0.37658402203856745,17,0.5151515151515151,22,0.4,0.25,0.2,0.3573390972190838,"[[0, 3], [3, 2]]",0.2,0.25,0.25,3,0.6,3,1.0,-0.6000000000000001,0.9231161832351233,-0.6,0.0,0.4,0.7392857142857143,0.2,0.25,0.25,0.2,0.25,0.25,0.4,0,0.0,2,0.4
0.5795454545454546,0.5681818181818181,"{""clf__C"": 20.12196163610286, ""clf__gamma"": 0.0008612579192594886, ""clf__class_weight"": ""balanced""}",0.22334924096950878,"[[12, 10], [27, 39]]",arousal,0.5358517462580186,0.5795454545454546,0.6070563079116179,27,0.4090909090909091,,10,0.45454545454545453,0.10843373493975905,0.6174194447045304,0.11886432776254909,subject_dependent,rbf_svm,0.3076923076923077,0.7959183673469388,0.8584968278335323,0.5518053375196232,0.5795454545454546,0.673861852433281,0.5681818181818181,0.5795454545454546,0.5795454545454546,0.5957300275482094,12,0.5454545454545454,39,0.5909090909090909,0.625,0.4166666666666667,0.19664802886593594,"[[0, 2], [1, 5]]",0.38461538461538464,0.625,0.576923076923077,1,0.16666666666666666,2,1.0,-0.19999999999999996,0.5632637606426979,-0.2182178902359924,0.0,0.7142857142857143,0.9107142857142857,0.35714285714285715,0.625,0.5357142857142857,0.4166666666666667,0.625,0.625,0.6666666666666666,0,0.0,5,0.8333333333333334
0.5795454545454546,0.46212121212121215,"{""clf__C"": 262.30889101079146, ""clf__gamma"": 0.0025135566617708314, ""clf__class_weight"": null}",0.3609106562315447,"[[5, 17], [20, 46]]",arousal,0.46297212601022597,0.5795454545454546,0.5880752102919348,20,0.30303030303030304,,17,0.7727272727272727,-0.07246376811594213,1.6158638783804697,-0.07273929674533079,subject_dependent,rbf_svm,0.2,0.7301587301587301,0.689429794943854,0.4650793650793651,0.5795454545454546,0.5976190476190476,0.46212121212121215,0.5795454545454546,0.5795454545454546,0.3546831955922865,5,0.22727272727272727,46,0.696969696969697,0.5,0.3333333333333333,0.29039548927369085,"[[0, 2], [2, 4]]",0.3333333333333333,0.5,0.5,2,0.3333333333333333,2,1.0,-0.33333333333333326,1.09184189887673,-0.3333333333333333,0.0,0.6666666666666666,0.6968253968253968,0.3333333333333333,0.5,0.5,0.3333333333333333,0.5,0.5,0.3333333333333333,0,0.0,4,0.6666666666666666
0.4318181818181818,0.4318181818181818,"{""clf__C"": 51.4138527229363, ""clf__gamma"": 0.006173770394704574, ""clf__class_weight"": ""balanced""}",0.4261451483797886,"[[10, 34], [16, 28]]",arousal,0.40700808625336926,0.4318181818181818,0.4070080862533692,16,0.36363636363636365,,34,0.7727272727272727,-0.13636363636363646,1.42668245500512,-0.14944064441601537,subject_dependent,rbf_svm,0.38461538461538464,0.45161290322580644,0.45749659583181457,0.41811414392059554,0.4318181818181818,0.41811414392059554,0.4318181818181818,0.4318181818181818,0.4318181818181818,0.3915289256198347,10,0.22727272727272727,28,0.6363636363636364,0.5,0.5,0.3602034144248333,"[[0, 4], [0, 4]]",0.3333333333333333,0.5,0.3333333333333333,0,0.0,4,1.0,0.0,1.0112844801583982,0.0,0.0,0.5,0.44047619047619047,0.25,0.5,0.25,0.5,0.5,0.5,0.1875,0,0.0,4,1.0
0.45454545454545453,0.43636363636363634,"{""clf__C"": 100.2571297605856, ""clf__gamma"": 0.0074112997810832455, ""clf__class_weight"": ""balanced""}",0.38562544598111653,"[[12, 21], [27, 28]]",arousal,0.4358974358974359,0.45454545454545453,0.4615384615384615,27,0.4909090909090909,,21,0.6363636363636364,-0.12280701754385959,1.2339377717286337,-0.12403473458920845,subject_dependent,rbf_svm,0.3076923076923077,0.5714285714285714,0.5927438630320467,0.43956043956043955,0.45454545454545453,0.47252747252747257,0.43636363636363634,0.45454545454545453,0.45454545454545453,0.4165289256198347,12,0.36363636363636365,28,0.509090909090909,0.375,0.3,0.3022571826990191,"[[0, 3], [2, 3]]",0.2727272727272727,0.375,0.3409090909090909,2,0.4,3,1.0,-0.4285714285714286,0.8105288489283603,-0.4472135954999579,0.0,0.5,0.6926190476190477,0.25,0.375,0.3125,0.3,0.375,0.375,0.4,0,0.0,3,0.6
0.5909090909090909,0.6,"{""clf__C"": 13.411788774467905, ""clf__gamma"": 0.00026210878782654407, ""clf__class_weight"": ""balanced""}",0.2291791583629885,"[[21, 12], [24, 31]]",arousal,0.5855572998430141,0.5909090909090909,0.5973312401883831,24,0.43636363636363634,,12,0.36363636363636365,0.18644067796610164,0.6556862673451289,0.19369919939163724,subject_dependent,rbf_svm,0.4666666666666667,0.7209302325581395,0.7512463454814386,0.5937984496124031,0.5909090909090909,0.6255813953488372,0.6,0.5909090909090909,0.5909090909090909,0.6809917355371901,21,0.6363636363636364,31,0.5636363636363636,0.5,0.4666666666666667,0.20948417528487068,"[[1, 2], [2, 3]]",0.4666666666666667,0.5,0.5,2,0.4,2,0.6666666666666666,-0.06666666666666665,0.6057068707882101,-0.06666666666666667,0.3333333333333333,0.6,0.8761904761904762,0.4666666666666667,0.5,0.5,0.4666666666666667,0.5,0.5,0.7333333333333334,1,0.3333333333333333,3,0.6
0.48863636363636365,0.512987012987013,"{""clf__C"": 5.2117930643778205, ""clf__gamma"": 0.0036999724314638123, ""clf__class_weight"": null}",0.354831206561256,"[[6, 5], [40, 37]]",arousal,0.416187527642636,0.48863636363636365,0.5704334365325078,40,0.5194805194805194,,5,0.45454545454545453,0.01098901098901095,1.1098246430551768,0.017197979012252743,subject_dependent,rbf_svm,0.13043478260869565,0.8809523809523809,0.9062986669922585,0.5056935817805382,0.48863636363636365,0.7871376811594203,0.512987012987013,0.48863636363636365,0.48863636363636365,0.5218417945690672,6,0.5454545454545454,37,0.4805194805194805,0.375,0.21428571428571427,0.2513568027046187,"[[0, 1], [4, 3]]",0.2727272727272727,0.375,0.47727272727272724,4,0.5714285714285714,1,1.0,-0.25,0.6945133527993307,-0.3779644730092272,0.0,0.75,0.8736394557823131,0.375,0.375,0.65625,0.21428571428571427,0.375,0.375,0.2857142857142857,0,0.0,3,0.42857142857142855
0.5113636363636364,0.5113636363636364,"{""clf__C"": 0.9020715489795292, ""clf__gamma"": 0.0048275888720946784, ""clf__class_weight"": null}",0.3255423780229098,"[[17, 27], [16, 28]]",arousal,0.5036075036075036,0.5113636363636364,0.5036075036075036,16,0.36363636363636365,,27,0.6136363636363636,0.022727272727272707,0.9624110458047315,0.02347262634065101,subject_dependent,rbf_svm,0.5151515151515151,0.509090909090909,0.5954549937768489,0.5121212121212121,0.5113636363636364,0.5121212121212121,0.5113636363636364,0.5113636363636364,0.5113636363636364,0.5242768595041322,17,0.38636363636363635,28,0.6363636363636364,0.375,0.375,0.26346547629697525,"[[1, 3], [2, 2]]",0.36507936507936506,0.375,0.36507936507936506,2,0.5,3,0.75,-0.25,0.7197143574385367,-0.2581988897471611,0.3333333333333333,0.4,0.6666666666666666,0.3666666666666667,0.375,0.3666666666666667,0.375,0.375,0.375,0.5,1,0.25,2,0.5
0.5568181818181818,0.5568181818181819,"{""clf__C"": 32.32518791282502, ""clf__gamma"": 0.0005104518230902811, ""clf__class_weight"": ""balanced""}",0.28206981815383353,"[[27, 17], [22, 22]]",arousal,0.5553828216090168,0.5568181818181818,0.5553828216090168,22,0.5,,17,0.38636363636363635,0.11363636363636365,0.7791529431048034,0.11437725271791938,subject_dependent,rbf_svm,0.5510204081632653,0.5641025641025641,0.5941288984772954,0.5575614861329147,0.5568181818181818,0.5575614861329147,0.5568181818181819,0.5568181818181818,0.5568181818181818,0.5909090909090908,27,0.6136363636363636,22,0.5,0.5,0.5,0.23211026247833338,"[[2, 2], [2, 2]]",0.5,0.5,0.5,2,0.5,2,0.5,0.0,0.6485516274458427,0.0,0.5,0.5,0.7095238095238094,0.5,0.5,0.5,0.5,0.5,0.5,0.625,2,0.5,2,0.5
0.5909090909090909,0.5909090909090908,"{""clf__C"": 13.411788774467905, ""clf__gamma"": 0.00026210878782654407, ""clf__class_weight"": ""balanced""}",0.28668149933549114,"[[23, 21], [15, 29]]",arousal,0.5889984431759212,0.5909090909090909,0.5889984431759211,15,0.3409090909090909,,21,0.4772727272727273,0.18181818181818177,0.8348101468860437,0.18353258709644943,subject_dependent,rbf_svm,0.6052631578947368,0.58,0.5409157063581569,0.5926315789473684,0.5909090909090909,0.5926315789473684,0.5909090909090908,0.5909090909090909,0.5909090909090909,0.5702479338842975,23,0.5227272727272727,29,0.6590909090909091,0.5,0.5,0.2542244783056492,"[[1, 3], [1, 3]]",0.4666666666666667,0.5,0.4666666666666667,1,0.25,3,0.75,0.0,0.7058258437606928,0.0,0.5,0.5,0.5845238095238094,0.5,0.5,0.5,0.5,0.5,0.5,0.5625,1,0.25,3,0.75
0.5568181818181818,0.6212121212121212,"{""clf__C"": 0.4342298948286134, ""clf__gamma"": 0.0008179499475211679, ""clf__class_weight"": ""balanced""}",0.24810648434939123,"[[29, 4], [35, 20]]",arousal,0.5521336291269738,0.5568181818181818,0.540682500326243,35,0.6363636363636364,,4,0.12121212121212122,0.20408163265306123,0.7153364710885868,0.26352313834736496,subject_dependent,rbf_svm,0.453125,0.8333333333333334,0.8296311733210613,0.6432291666666667,0.5568181818181818,0.6907552083333334,0.6212121212121212,0.5568181818181818,0.5568181818181818,0.709366391184573,29,0.8787878787878788,20,0.36363636363636365,0.625,0.7,0.23315037696614435,"[[3, 0], [3, 2]]",0.6190476190476191,0.625,0.6071428571428571,3,0.6,0,0.0,0.33333333333333337,0.6713122563793024,0.4472135954999579,0.5,1.0,0.8350000000000001,0.75,0.625,0.8125,0.7,0.625,0.625,0.6666666666666667,3,1.0,2,0.4
0.7727272727272727,0.7727272727272727,"{""clf__C"": 0.40069130793659025, ""clf__gamma"": 0.0014899847475658245, ""clf__class_weight"": ""balanced""}",0.14882132959201325,"[[44, 0], [20, 24]]",arousal,0.7603485838779956,0.7727272727272727,0.7603485838779956,20,0.45454545454545453,,0,0.0,0.5454545454545454,0.45564998689823355,0.6123724356957945,subject_dependent,rbf_svm,0.6875,1.0,0.9073524012626961,0.84375,0.7727272727272727,0.84375,0.7727272727272727,0.7727272727272727,0.7727272727272727,0.8863636363636364,44,1.0,24,0.5454545454545454,0.875,0.875,0.13485328867637233,"[[4, 0], [1, 3]]",0.873015873015873,0.875,0.873015873015873,1,0.25,0,0.0,0.75,0.43455564340885877,0.7745966692414834,0.8,1.0,0.95,0.9,0.875,0.9,0.875,0.875,0.875,0.9375,4,1.0,3,0.75
0.7386363636363636,0.7606060606060606,"{""clf__C"": 166.2878326769575, ""clf__gamma"": 0.008979064194712979, ""clf__class_weight"": ""balanced""}",0.18589162136820833,"[[28, 5], [18, 37]]",arousal,0.7358736787159076,0.7386363636363636,0.7426269085214667,18,0.32727272727272727,,5,0.15151515151515152,0.4831460674157303,0.6261277073973747,0.5051836200760063,subject_dependent,rbf_svm,0.6086956521739131,0.8809523809523809,0.9196804345513251,0.744824016563147,0.7386363636363636,0.7788561076604555,0.7606060606060606,0.7386363636363636,0.7386363636363636,0.8391184573002755,28,0.8484848484848485,37,0.6727272727272727,0.75,0.8,0.13548717411765684,"[[3, 0], [2, 3]]",0.75,0.75,0.75,2,0.4,0,0.0,0.5294117647058824,0.4263412229118596,0.6,0.6,1.0,0.9666666666666667,0.8,0.75,0.85,0.8,0.75,0.75,0.9333333333333333,3,1.0,3,0.6
0.7272727272727273,0.7272727272727273,"{""clf__C"": 0.5284919490133119, ""clf__gamma"": 0.005047786565710607, ""clf__class_weight"": null}",0.21005864382558428,"[[41, 3], [21, 23]]",arousal,0.7153638814016172,0.7272727272727273,0.7153638814016172,21,0.4772727272727273,,3,0.06818181818181818,0.4545454545454546,0.6616959967654082,0.49813548138671787,subject_dependent,rbf_svm,0.6612903225806451,0.8846153846153846,0.8218836633026959,0.7729528535980148,0.7272727272727273,0.7729528535980148,0.7272727272727273,0.7272727272727273,0.7272727272727273,0.7577479338842977,41,0.9318181818181818,23,0.5227272727272727,0.75,0.75,0.18599030899084984,"[[4, 0], [2, 2]]",0.7333333333333334,0.75,0.7333333333333334,2,0.5,0,0.0,0.5,0.5302197612804985,0.5773502691896258,0.6666666666666666,1.0,0.8166666666666667,0.8333333333333333,0.75,0.8333333333333333,0.75,0.75,0.75,0.75,4,1.0,2,0.5
0.48863636363636365,0.48863636363636365,"{""clf__C"": 13.411788774467905, ""clf__gamma"": 0.00026210878782654407, ""clf__class_weight"": ""balanced""}",0.3441382614068613,"[[15, 29], [16, 28]]",arousal,0.47722772277227726,0.48863636363636365,0.47722772277227726,16,0.36363636363636365,,29,0.6590909090909091,-0.022727272727272707,1.0273474185144957,-0.023789303403490326,subject_dependent,rbf_svm,0.4838709677419355,0.49122807017543857,0.7142341972256814,0.48754951895868703,0.48863636363636365,0.487549518958687,0.48863636363636365,0.48863636363636365,0.48863636363636365,0.6255165289256198,15,0.3409090909090909,28,0.6363636363636364,0.375,0.375,0.318948466798598,"[[1, 3], [2, 2]]",0.36507936507936506,0.375,0.36507936507936506,2,0.5,3,0.75,-0.25,0.8438800396958844,-0.2581988897471611,0.3333333333333333,0.4,0.7678571428571428,0.3666666666666667,0.375,0.3666666666666667,0.375,0.375,0.375,0.625,1,0.25,2,0.5
0.6931818181818182,0.6575757575757576,"{""clf__C"": 2.2463533171675794, ""clf__gamma"": 0.0006516990611177178, ""clf__class_weight"": null}",0.2078959871106644,"[[17, 16], [11, 44]]",arousal,0.6612972202423378,0.6931818181818182,0.6872772630078404,11,0.2,,16,0.48484848484848486,0.32499999999999996,0.5988070863854864,0.32756920994133026,subject_dependent,rbf_svm,0.6071428571428571,0.7333333333333333,0.7858853679838615,0.6702380952380952,0.6931818181818182,0.6860119047619047,0.6575757575757576,0.6931818181818182,0.6931818181818182,0.70633608815427,17,0.5151515151515151,44,0.8,0.875,0.8333333333333333,0.1700198020798145,"[[2, 1], [0, 5]]",0.8545454545454545,0.875,0.8681818181818182,0,0.0,1,0.3333333333333333,0.7142857142857143,0.525468905383851,0.7453559924999299,1.0,0.8333333333333334,0.9266666666666666,0.9166666666666667,0.875,0.8958333333333334,0.8333333333333333,0.875,0.875,0.8666666666666667,2,0.6666666666666666,5,1.0
0.6022727272727273,0.6022727272727273,"{""clf__C"": 0.6351054340728711, ""clf__gamma"": 0.0005285382203816729, ""clf__class_weight"": ""balanced""}",0.26954280249437623,"[[24, 20], [15, 29]]",arousal,0.6009845834952714,0.6022727272727273,0.6009845834952714,15,0.3409090909090909,,20,0.45454545454545453,0.20454545454545459,0.7899404932656204,0.2058790548922549,subject_dependent,rbf_svm,0.6153846153846154,0.5918367346938775,0.528501743808372,0.6036106750392465,0.6022727272727273,0.6036106750392465,0.6022727272727273,0.6022727272727273,0.6022727272727273,0.5883264462809917,24,0.5454545454545454,29,0.6590909090909091,0.625,0.625,0.242835089557093,"[[1, 3], [0, 4]]",0.5636363636363637,0.625,0.5636363636363637,0,0.0,3,0.75,0.25,0.6890669850203268,0.3779644730092272,1.0,0.5714285714285714,0.6220238095238095,0.7857142857142857,0.625,0.7857142857142857,0.625,0.625,0.625,0.625,1,0.25,4,1.0
0.8181818181818182,0.6818181818181819,"{""clf__C"": 2.2463533171675794, ""clf__gamma"": 0.0006516990611177178, ""clf__class_weight"": null}",0.1565207076957783,"[[9, 13], [3, 63]]",arousal,0.7083678541839271,0.8181818181818182,0.7978458989229494,3,0.045454545454545456,,13,0.5909090909090909,0.4285714285714286,0.5128921825297841,0.45883146774112354,subject_dependent,rbf_svm,0.75,0.8289473684210527,0.8110303204876572,0.7894736842105263,0.8181818181818182,0.8092105263157895,0.6818181818181819,0.8181818181818182,0.8181818181818182,0.7176308539944903,9,0.4090909090909091,63,0.9545454545454546,0.875,0.75,0.1392754366880699,"[[1, 1], [0, 6]]",0.7948717948717949,0.875,0.8589743589743589,0,0.0,1,0.5,0.6,0.4457665518953332,0.6546536707079772,1.0,0.8571428571428571,0.915079365079365,0.9285714285714286,0.875,0.8928571428571428,0.75,0.875,0.875,0.75,1,0.5,6,1.0
0.6704545454545454,0.6704545454545454,"{""clf__C"": 183.42628625395747, ""clf__gamma"": 0.0001005394019469303, ""clf__class_weight"": ""balanced""}",0.23390881170395952,"[[37, 7], [22, 22]]",arousal,0.6605931639845724,0.6704545454545454,0.6605931639845725,22,0.5,,7,0.1590909090909091,0.34090909090909094,0.7128187773718565,0.3626321077722929,subject_dependent,rbf_svm,0.6271186440677966,0.7586206896551724,0.7306938856144045,0.6928696668614844,0.6704545454545454,0.6928696668614845,0.6704545454545454,0.6704545454545454,0.6704545454545454,0.6962809917355373,37,0.8409090909090909,22,0.5,0.875,0.875,0.16878544590211877,"[[3, 1], [0, 4]]",0.873015873015873,0.875,0.873015873015873,0,0.0,1,0.25,0.75,0.5207842707726823,0.7745966692414834,1.0,0.8,0.8041666666666667,0.9,0.875,0.9,0.875,0.875,0.875,0.8125,3,0.75,4,1.0
0.6931818181818182,0.6212121212121212,"{""clf__C"": 7.709391232564023, ""clf__gamma"": 0.00026471141828218194, ""clf__class_weight"": null}",0.22095985075128716,"[[11, 22], [5, 50]]",arousal,0.6181905833199421,0.6931818181818182,0.660493331190744,5,0.09090909090909091,,22,0.6666666666666666,0.2702702702702703,0.7099043016438639,0.3042903097250923,subject_dependent,rbf_svm,0.6875,0.6944444444444444,0.7049068223467398,0.6909722222222222,0.6931818181818182,0.6918402777777778,0.6212121212121212,0.6931818181818182,0.6931818181818182,0.6732782369146005,11,0.3333333333333333,50,0.9090909090909091,0.625,0.5666666666666667,0.194960783454537,"[[1, 2], [1, 4]]",0.5636363636363637,0.625,0.6045454545454546,1,0.2,2,0.6666666666666666,0.1428571428571429,0.5743251108804658,0.14907119849998599,0.5,0.6666666666666666,0.7861904761904762,0.5833333333333333,0.625,0.6041666666666666,0.5666666666666667,0.625,0.625,0.6666666666666667,1,0.3333333333333333,4,0.8
0.4431818181818182,0.48787878787878786,"{""clf__C"": 262.30889101079146, ""clf__gamma"": 0.0025135566617708314, ""clf__class_weight"": null}",0.39997424652676733,"[[22, 11], [38, 17]]",arousal,0.44137841689338,0.4431818181818182,0.4334434512242518,38,0.6909090909090909,,11,0.3333333333333333,-0.02083333333333326,1.3479724206262078,-0.025197631533948484,subject_dependent,rbf_svm,0.36666666666666664,0.6071428571428571,0.6429620544494175,0.48690476190476184,0.4431818181818182,0.5169642857142857,0.48787878787878786,0.4431818181818182,0.4431818181818182,0.4550964187327824,22,0.6666666666666666,17,0.3090909090909091,0.5,0.6,0.34762479272591107,"[[3, 0], [4, 1]]",0.4666666666666667,0.5,0.4333333333333333,4,0.8,0,0.0,0.1578947368421053,0.9178628805028656,0.29277002188455997,0.42857142857142855,1.0,0.6192857142857142,0.7142857142857143,0.5,0.7857142857142857,0.6,0.5,0.5,0.2,3,1.0,1,0.2
0.625,0.6090909090909091,"{""clf__C"": 0.6351054340728711, ""clf__gamma"": 0.0005285382203816729, ""clf__class_weight"": ""balanced""}",0.2269889411836851,"[[18, 15], [18, 37]]",arousal,0.6066639577407558,0.625,0.6278951645672491,18,0.32727272727272727,,15,0.45454545454545453,0.2142857142857143,0.644713824879693,0.21483446221182986,subject_dependent,rbf_svm,0.5,0.7115384615384616,0.7906327150774835,0.6057692307692308,0.625,0.6322115384615384,0.6090909090909091,0.625,0.625,0.6534435261707989,18,0.5454545454545454,37,0.6727272727272727,0.625,0.5666666666666667,0.22588903832372864,"[[1, 2], [1, 4]]",0.5636363636363637,0.625,0.6045454545454546,1,0.2,2,0.6666666666666666,0.1428571428571429,0.6422723398947512,0.14907119849998599,0.5,0.6666666666666666,0.8350000000000001,0.5833333333333333,0.625,0.6041666666666666,0.5666666666666667,0.625,0.625,0.6666666666666667,1,0.3333333333333333,4,0.8
0.5909090909090909,0.5454545454545454,"{""clf__C"": 51.4138527229363, ""clf__gamma"": 0.006173770394704574, ""clf__class_weight"": ""balanced""}",0.3091761033896303,"[[12, 21], [15, 40]]",arousal,0.5448275862068965,0.5909090909090909,0.5810344827586208,15,0.2727272727272727,,21,0.6363636363636364,0.09433962264150941,0.9634315351421201,0.09543305571897803,subject_dependent,rbf_svm,0.4444444444444444,0.6557377049180327,0.6620178784704744,0.5500910746812386,0.5909090909090909,0.5765027322404371,0.5454545454545454,0.5909090909090909,0.5909090909090909,0.5289256198347108,12,0.36363636363636365,40,0.7272727272727273,0.625,0.5666666666666667,0.23776791065664146,"[[1, 2], [1, 4]]",0.5636363636363637,0.625,0.6045454545454546,1,0.2,2,0.6666666666666666,0.1428571428571429,0.6600913073475208,0.14907119849998599,0.5,0.6666666666666666,0.7416666666666667,0.5833333333333333,0.625,0.6041666666666666,0.5666666666666667,0.625,0.625,0.5333333333333334,1,0.3333333333333333,4,0.8
0.5909090909090909,0.45454545454545453,"{""clf__C"": 166.2878326769575, ""clf__gamma"": 0.008979064194712979, ""clf__class_weight"": ""balanced""}",0.2730101845927805,"[[3, 8], [28, 49]]",arousal,0.43710021321961623,0.5909090909090909,0.6577825159914712,28,0.36363636363636365,,8,0.7272727272727273,-0.051094890510948954,0.8562681988623745,-0.06294058066909786,subject_dependent,rbf_svm,0.0967741935483871,0.8596491228070176,0.8719197742877859,0.47821165817770234,0.5909090909090909,0.7642897566496888,0.45454545454545453,0.5909090909090909,0.5909090909090909,0.4645808736717828,3,0.2727272727272727,49,0.6363636363636364,0.625,0.35714285714285715,0.21864710753486855,"[[0, 1], [2, 5]]",0.38461538461538464,0.625,0.6730769230769231,2,0.2857142857142857,1,1.0,-0.19999999999999996,0.598299768478491,-0.2182178902359924,0.0,0.8333333333333334,0.9093537414965986,0.4166666666666667,0.625,0.7291666666666667,0.35714285714285715,0.625,0.625,0.42857142857142855,0,0.0,5,0.7142857142857143
0.4090909090909091,0.33939393939393936,"{""clf__C"": 166.2878326769575, ""clf__gamma"": 0.008979064194712979, ""clf__class_weight"": ""balanced""}",0.4679251130081247,"[[2, 31], [21, 34]]",arousal,0.319047619047619,0.4090909090909091,0.3809523809523809,21,0.38181818181818183,,31,0.9393939393939394,-0.34193548387096784,1.805831243692721,-0.3539236985459142,subject_dependent,rbf_svm,0.08695652173913043,0.5230769230769231,0.4996737803256404,0.3050167224080268,0.4090909090909091,0.3595317725752509,0.33939393939393936,0.4090909090909091,0.4090909090909091,0.25730027548209367,2,0.06060606060606061,34,0.6181818181818182,0.375,0.3,0.4282297393157662,"[[0, 3], [2, 3]]",0.2727272727272727,0.375,0.3409090909090909,2,0.4,3,1.0,-0.4285714285714286,1.1730702855549782,-0.4472135954999579,0.0,0.5,0.5059523809523809,0.25,0.375,0.3125,0.3,0.375,0.375,0.13333333333333336,0,0.0,3,0.6
0.5340909090909091,0.5075757575757576,"{""clf__C"": 0.6351054340728711, ""clf__gamma"": 0.0005285382203816729, ""clf__class_weight"": ""balanced""}",0.24599093206921446,"[[10, 12], [29, 37]]",arousal,0.4856735566642908,0.5340909090909091,0.564575908766928,29,0.4393939393939394,,12,0.5454545454545454,0.012048192771084376,0.7410712126535036,0.013207147529172122,subject_dependent,rbf_svm,0.2564102564102564,0.7551020408163265,0.6987651702007669,0.5057561486132914,0.5340909090909091,0.6304290947148089,0.5075757575757576,0.5340909090909091,0.5340909090909091,0.40633608815427,10,0.45454545454545453,37,0.5606060606060606,0.625,0.4166666666666667,0.23466997663662323,"[[0, 2], [1, 5]]",0.38461538461538464,0.625,0.576923076923077,1,0.16666666666666666,2,1.0,-0.19999999999999996,0.7221323278346691,-0.2182178902359924,0.0,0.7142857142857143,0.7801587301587302,0.35714285714285715,0.625,0.5357142857142857,0.4166666666666667,0.625,0.625,0.41666666666666663,0,0.0,5,0.8333333333333334
0.5,0.5,"{""clf__C"": 0.40069130793659025, ""clf__gamma"": 0.0014899847475658245, ""clf__class_weight"": ""balanced""}",0.3616229585780076,"[[17, 27], [17, 27]]",arousal,0.4934589220303506,0.5,0.4934589220303506,17,0.38636363636363635,,27,0.6136363636363636,0.0,1.1274158136767591,0.0,subject_dependent,rbf_svm,0.5,0.5,0.44757511958505214,0.5,0.5,0.5,0.5,0.5,0.5,0.44395661157024796,17,0.38636363636363635,27,0.6136363636363636,0.5,0.5,0.3480741798131881,"[[0, 4], [0, 4]]",0.3333333333333333,0.5,0.3333333333333333,0,0.0,4,1.0,0.0,1.0840066722206712,0.0,0.0,0.5,0.5,0.25,0.5,0.25,0.5,0.5,0.5,0.375,0,0.0,4,1.0
0.5681818181818182,0.45454545454545453,"{""clf__C"": 160.49758307716223, ""clf__gamma"": 0.00018427970406864567, ""clf__class_weight"": null}",0.2987915707872513,"[[5, 17], [21, 45]]",arousal,0.4557291666666667,0.5681818181818182,0.5794270833333334,21,0.3181818181818182,,17,0.7727272727272727,-0.08571428571428563,0.871414947232359,-0.08627959628145762,subject_dependent,rbf_svm,0.19230769230769232,0.7258064516129032,0.712718063388466,0.45905707196029777,0.5681818181818182,0.5924317617866005,0.45454545454545453,0.5681818181818182,0.5681818181818182,0.4132231404958677,5,0.22727272727272727,45,0.6818181818181818,0.5,0.3333333333333333,0.25451000623330533,"[[0, 2], [2, 4]]",0.3333333333333333,0.5,0.5,2,0.3333333333333333,2,1.0,-0.33333333333333326,0.7113355637491603,-0.3333333333333333,0.0,0.6666666666666666,0.6968253968253968,0.3333333333333333,0.5,0.5,0.3333333333333333,0.5,0.5,0.3333333333333333,0,0.0,4,0.6666666666666666
0.5113636363636364,0.4818181818181818,"{""clf__C"": 0.40069130793659025, ""clf__gamma"": 0.0014899847475658245, ""clf__class_weight"": ""balanced""}",0.24964398827366277,"[[12, 21], [22, 33]]",arousal,0.481856771189922,0.5113636363636364,0.5127687251814322,22,0.4,,21,0.6363636363636364,-0.03614457831325302,0.697216171943651,-0.036155076303109365,subject_dependent,rbf_svm,0.35294117647058826,0.6111111111111112,0.6691264890395145,0.48202614379084974,0.5113636363636364,0.5142973856209151,0.4818181818181818,0.5113636363636364,0.5113636363636364,0.50633608815427,12,0.36363636363636365,33,0.6,0.625,0.5,0.23916014905329247,"[[0, 3], [0, 5]]",0.38461538461538464,0.625,0.4807692307692308,0,0.0,3,1.0,0.0,0.6711111121081369,0.0,0.0,0.625,0.7116666666666667,0.3125,0.625,0.390625,0.5,0.625,0.625,0.46666666666666673,0,0.0,5,1.0
0.4772727272727273,0.47727272727272724,"{""clf__C"": 51.4138527229363, ""clf__gamma"": 0.006173770394704574, ""clf__class_weight"": ""balanced""}",0.3559333877790702,"[[12, 32], [14, 30]]",arousal,0.4544474393530997,0.4772727272727273,0.4544474393530997,14,0.3181818181818182,,32,0.7272727272727273,-0.045454545454545414,1.0708423047624507,-0.04981354813867179,subject_dependent,rbf_svm,0.46153846153846156,0.4838709677419355,0.5398236076358058,0.47270471464019853,0.4772727272727273,0.4727047146401986,0.47727272727272724,0.4772727272727273,0.4772727272727273,0.5010330578512396,12,0.2727272727272727,30,0.6818181818181818,0.625,0.625,0.2946115188515879,"[[1, 3], [0, 4]]",0.5636363636363637,0.625,0.5636363636363637,0,0.0,3,0.75,0.25,0.8119696665345841,0.3779644730092272,1.0,0.5714285714285714,0.5178571428571428,0.7857142857142857,0.625,0.7857142857142857,0.625,0.625,0.625,0.4375,1,0.25,4,1.0
0.5113636363636364,0.5681818181818181,"{""clf__C"": 183.42628625395747, ""clf__gamma"": 0.0001005394019469303, ""clf__class_weight"": ""balanced""}",0.2836574194405463,"[[15, 7], [36, 30]]",arousal,0.4967415879771246,0.5113636363636364,0.5396329299108924,36,0.5454545454545454,,7,0.3181818181818182,0.09473684210526312,0.7703636667260852,0.11961783342433499,subject_dependent,rbf_svm,0.29411764705882354,0.8108108108108109,0.836715327680458,0.5524642289348172,0.5113636363636364,0.681637519872814,0.5681818181818181,0.5113636363636364,0.5113636363636364,0.6329201101928374,15,0.6818181818181818,30,0.45454545454545453,0.5,0.6666666666666666,0.2618116271708678,"[[2, 0], [4, 2]]",0.5,0.5,0.5,4,0.6666666666666666,0,0.0,0.19999999999999996,0.7163063544834491,0.3333333333333333,0.3333333333333333,1.0,0.9484126984126984,0.6666666666666666,0.5,0.8333333333333334,0.6666666666666666,0.5,0.5,0.8333333333333333,2,1.0,2,0.3333333333333333
0.6704545454545454,0.643939393939394,"{""clf__C"": 13.411788774467905, ""clf__gamma"": 0.00026210878782654407, ""clf__class_weight"": ""balanced""}",0.2179324667832034,"[[13, 9], [20, 46]]",arousal,0.6165289256198347,0.6704545454545454,0.6884297520661157,20,0.30303030303030304,,9,0.4090909090909091,0.24675324675324672,0.6290745090512885,0.25748661559088487,subject_dependent,rbf_svm,0.3939393939393939,0.8363636363636363,0.8555723977549972,0.6151515151515151,0.6704545454545454,0.7257575757575757,0.643939393939394,0.6704545454545454,0.6704545454545454,0.678374655647383,13,0.5909090909090909,46,0.696969696969697,0.625,0.5833333333333333,0.19134305559303166,"[[1, 1], [2, 4]]",0.5636363636363637,0.625,0.6454545454545454,2,0.3333333333333333,1,0.5,0.1428571428571429,0.5722051050761426,0.14907119849998599,0.3333333333333333,0.8,0.9484126984126984,0.5666666666666667,0.625,0.6833333333333335,0.5833333333333333,0.625,0.625,0.8333333333333333,1,0.5,4,0.6666666666666666
0.5795454545454546,0.47727272727272724,"{""clf__C"": 0.21466070134458173, ""clf__gamma"": 0.0012955517240662183, ""clf__class_weight"": ""balanced""}",0.26390714269436394,"[[6, 16], [21, 45]]",arousal,0.476779688253254,0.5795454545454546,0.5927205527880443,21,0.3181818181818182,,16,0.7272727272727273,-0.04225352112676051,0.7209964401223863,-0.04267895997763199,subject_dependent,rbf_svm,0.2222222222222222,0.7377049180327869,0.7388498649322806,0.47996357012750457,0.5795454545454546,0.6088342440801457,0.47727272727272724,0.5795454545454546,0.5795454545454546,0.4800275482093664,6,0.2727272727272727,45,0.6818181818181818,0.25,0.5,0.26383846559420965,"[[2, 0], [6, 0]]",0.2,0.25,0.1,6,1.0,0,0.0,0.0,0.72085286459762,0.0,0.25,0.0,0.7884920634920635,0.125,0.25,0.0625,0.5,0.25,0.25,0.3333333333333333,2,1.0,0,0.0
0.5795454545454546,0.5984848484848484,"{""clf__C"": 160.49758307716223, ""clf__gamma"": 0.00018427970406864567, ""clf__class_weight"": null}",0.2681083731526431,"[[37, 29], [8, 14]]",arousal,0.5487179487179488,0.5795454545454546,0.6076923076923078,8,0.36363636363636365,,29,0.4393939393939394,0.14942528735632188,0.7384893600375526,0.1706248333742675,subject_dependent,rbf_svm,0.8222222222222222,0.32558139534883723,0.3324357358166174,0.5739018087855297,0.5795454545454546,0.6980620155038759,0.5984848484848484,0.5795454545454546,0.5795454545454546,0.5709366391184573,37,0.5606060606060606,14,0.6363636363636364,0.375,0.41666666666666663,0.24537846005929523,"[[2, 4], [1, 1]]",0.36507936507936506,0.375,0.40476190476190477,1,0.5,4,0.6666666666666666,-0.11111111111111116,0.6822494476018306,-0.14907119849998599,0.6666666666666666,0.2,0.6428571428571428,0.43333333333333335,0.375,0.55,0.41666666666666663,0.375,0.375,0.5833333333333333,2,0.3333333333333333,1,0.5
0.4772727272727273,0.4727272727272727,"{""clf__C"": 0.40069130793659025, ""clf__gamma"": 0.0014899847475658245, ""clf__class_weight"": ""balanced""}",0.26563359220977784,"[[27, 28], [18, 15]]",arousal,0.4673684210526316,0.4772727272727273,0.48552631578947375,18,0.5454545454545454,,28,0.509090909090909,-0.05142857142857138,0.7260072398257834,-0.05282705437953743,subject_dependent,rbf_svm,0.6,0.3488372093023256,0.4972060376636165,0.4744186046511628,0.4772727272727273,0.5058139534883721,0.4727272727272727,0.4772727272727273,0.4772727272727273,0.4964187327823692,27,0.4909090909090909,15,0.45454545454545453,0.5,0.5333333333333333,0.2598006717495255,"[[2, 3], [1, 2]]",0.5,0.5,0.5,1,0.3333333333333333,3,0.6,0.05882352941176472,0.7136065243674208,0.06666666666666667,0.6666666666666666,0.4,0.625,0.5333333333333333,0.5,0.5666666666666667,0.5333333333333333,0.5,0.5,0.5333333333333333,2,0.4,2,0.6666666666666666
0.75,0.5,"{""clf__C"": 2.0059560245279644, ""clf__gamma"": 0.07114476009343425, ""clf__class_weight"": null}",0.18746633059811438,"[[0, 22], [0, 66]]",arousal,0.42857142857142855,0.75,0.6428571428571428,0,0.0,,22,1.0,0.0,0.5622453492078727,0.0,subject_dependent,rbf_svm,0.0,0.75,0.8273650667285755,0.375,0.75,0.5625,0.5,0.75,0.75,0.6432506887052342,0,0.0,66,1.0,0.75,0.5,0.1874662852978698,"[[0, 2], [0, 6]]",0.42857142857142855,0.75,0.6428571428571428,0,0.0,2,1.0,0.0,0.5622452161849522,0.0,0.0,0.75,0.9484126984126984,0.375,0.75,0.5625,0.5,0.75,0.75,0.8333333333333333,0,0.0,6,1.0
0.5681818181818182,0.49090909090909096,"{""clf__C"": 0.40069130793659025, ""clf__gamma"": 0.0014899847475658245, ""clf__class_weight"": ""balanced""}",0.2339953402300545,"[[6, 27], [11, 44]]",arousal,0.4692063492063492,0.5681818181818182,0.5265079365079365,11,0.2,,27,0.8181818181818182,-0.020134228187919545,0.6607470815947302,-0.02229574507725912,subject_dependent,rbf_svm,0.35294117647058826,0.6197183098591549,0.6688879520858794,0.48632974316487154,0.5681818181818182,0.5196768848384424,0.49090909090909096,0.5681818181818182,0.5681818181818182,0.5101928374655647,6,0.18181818181818182,44,0.8,0.625,0.5,0.23394410869329815,"[[0, 3], [0, 5]]",0.38461538461538464,0.625,0.4807692307692308,0,0.0,3,1.0,0.0,0.6606334201971361,0.0,0.0,0.625,0.7226190476190476,0.3125,0.625,0.390625,0.5,0.625,0.625,0.4666666666666667,0,0.0,5,1.0
1.0,1.0,"{""clf__C"": 0.11193276985754726, ""clf__gamma"": 0.0003949364447222334, ""clf__class_weight"": ""balanced""}",,[[88]],arousal,1.0,1.0,1.0,,,,,,nan,,0.0,subject_dependent,rbf_svm,,,1.0,1.0,1.0,1.0,1.0,1.0,1.0,nan,,,,,1.0,1.0,,[[8]],1.0,1.0,1.0,,,,,nan,,0.0,,,1.0,1.0,1.0,1.0,1.0,1.0,1.0,nan,,,,
0.38636363636363635,0.4727272727272728,"{""clf__C"": 7.709391232564023, ""clf__gamma"": 0.00026471141828218194, ""clf__class_weight"": null}",0.3124402758308481,"[[7, 48], [6, 27]]",arousal,0.3529411764705882,0.38636363636363635,0.3161764705882353,6,0.18181818181818182,,48,0.8727272727272727,-0.04347826086956519,0.8403772014447093,-0.07442084075352506,subject_dependent,rbf_svm,0.5384615384615384,0.36,0.3630340745182413,0.4492307692307692,0.38636363636363635,0.47153846153846146,0.4727272727272728,0.38636363636363635,0.38636363636363635,0.4826446280991736,7,0.12727272727272726,27,0.8181818181818182,0.375,0.5,0.29567276162186673,"[[0, 5], [0, 3]]",0.2727272727272727,0.375,0.20454545454545453,0,0.0,5,1.0,0.0,0.7876077678743203,0.0,0.0,0.375,0.42499999999999993,0.1875,0.375,0.140625,0.5,0.375,0.375,0.39999999999999997,0,0.0,3,1.0
0.45454545454545453,0.509090909090909,"{""clf__C"": 5.2117930643778205, ""clf__gamma"": 0.0036999724314638123, ""clf__class_weight"": null}",0.4218966020390976,"[[16, 39], [9, 24]]",arousal,0.45,0.45454545454545453,0.4375,9,0.2727272727272727,,39,0.7090909090909091,0.01538461538461533,1.338121000837319,0.019518001458970664,subject_dependent,rbf_svm,0.64,0.38095238095238093,0.4389915228065618,0.5104761904761905,0.45454545454545453,0.5428571428571428,0.509090909090909,0.45454545454545453,0.45454545454545453,0.4743801652892562,16,0.2909090909090909,24,0.7272727272727273,0.125,0.16666666666666666,0.36097739390783645,"[[0, 5], [2, 1]]",0.1111111111111111,0.125,0.08333333333333333,2,0.6666666666666666,5,1.0,-0.5555555555555556,0.9583496912002115,-0.7453559924999299,0.0,0.16666666666666666,0.5535714285714286,0.08333333333333333,0.125,0.0625,0.16666666666666666,0.125,0.125,0.3333333333333333,0,0.0,1,0.3333333333333333
0.3522727272727273,0.5378787878787878,"{""clf__C"": 0.34866781670451225, ""clf__gamma"": 0.00014936568554617635, ""clf__class_weight"": ""balanced""}",0.19521865299551733,"[[20, 2], [55, 11]]",arousal,0.3454260733394232,0.3522727272727273,0.3119535429988255,55,0.8333333333333334,,2,0.09090909090909091,0.04201680672268904,0.5804674351865429,0.09245003270420485,subject_dependent,rbf_svm,0.26666666666666666,0.8461538461538461,0.8644564177071679,0.5564102564102564,0.3522727272727273,0.7012820512820513,0.5378787878787878,0.3522727272727273,0.3522727272727273,0.6039944903581268,20,0.9090909090909091,11,0.16666666666666666,0.75,0.5,0.19520623103394352,"[[0, 2], [0, 6]]",0.42857142857142855,0.75,0.6428571428571428,0,0.0,2,1.0,0.0,0.5804418202370234,0.0,0.0,0.75,0.8551587301587301,0.375,0.75,0.5625,0.5,0.75,0.75,0.5,0,0.0,6,1.0
0.6022727272727273,0.6022727272727273,"{""clf__C"": 243.14537412227003, ""clf__gamma"": 0.0004992453416923984, ""clf__class_weight"": ""balanced""}",0.32190385195011745,"[[15, 29], [6, 38]]",arousal,0.5731115731115731,0.6022727272727273,0.5731115731115731,6,0.13636363636363635,,29,0.6590909090909091,0.20454545454545459,2.0895935930356035,0.23993602558862753,subject_dependent,rbf_svm,0.7142857142857143,0.5671641791044776,0.691271718134807,0.6407249466950959,0.6022727272727273,0.640724946695096,0.6022727272727273,0.6022727272727273,0.6022727272727273,0.7009297520661156,15,0.3409090909090909,38,0.8636363636363636,0.625,0.625,0.2323292558223063,"[[1, 3], [0, 4]]",0.5636363636363637,0.625,0.5636363636363637,0,0.0,3,0.75,0.25,0.6775109485176203,0.3779644730092272,1.0,0.5714285714285714,0.8875,0.7857142857142857,0.625,0.7857142857142857,0.625,0.625,0.625,0.875,1,0.25,4,1.0
0.4431818181818182,0.5303030303030303,"{""clf__C"": 262.30889101079146, ""clf__gamma"": 0.0025135566617708314, ""clf__class_weight"": null}",0.44982853299378883,"[[10, 45], [4, 29]]",arousal,0.41595557361506164,0.4431818181818182,0.38443044832723816,4,0.12121212121212122,,45,0.8181818181818182,0.04854368932038833,1.877885236479427,0.08021849185198159,subject_dependent,rbf_svm,0.7142857142857143,0.3918918918918919,0.7202805824429045,0.553088803088803,0.4431818181818182,0.5933880308880308,0.5303030303030303,0.4431818181818182,0.4431818181818182,0.7322314049586777,10,0.18181818181818182,29,0.8787878787878788,0.375,0.5,0.3750921104230564,"[[0, 5], [0, 3]]",0.2727272727272727,0.375,0.20454545454545453,0,0.0,5,1.0,0.0,0.9748262690148084,0.0,0.0,0.375,0.8333333333333333,0.1875,0.375,0.140625,0.5,0.375,0.375,0.8,0,0.0,3,1.0
0.5454545454545454,0.5454545454545454,"{""clf__C"": 13.411788774467905, ""clf__gamma"": 0.00026210878782654407, ""clf__class_weight"": ""balanced""}",0.3349391477978187,"[[28, 16], [24, 20]]",arousal,0.5416666666666667,0.5454545454545454,0.5416666666666667,24,0.5454545454545454,,16,0.36363636363636365,0.09090909090909094,0.9962341875604274,0.09245003270420485,subject_dependent,rbf_svm,0.5384615384615384,0.5555555555555556,0.5612821029621222,0.5470085470085471,0.5454545454545454,0.547008547008547,0.5454545454545454,0.5454545454545454,0.5454545454545454,0.5795454545454546,28,0.6363636363636364,20,0.45454545454545453,0.5,0.5,0.31132353247018973,"[[2, 2], [2, 2]]",0.5,0.5,0.5,2,0.5,2,0.5,0.0,0.8572006835622489,0.0,0.5,0.5,0.7095238095238094,0.5,0.5,0.5,0.5,0.5,0.5,0.625,2,0.5,2,0.5
0.5909090909090909,0.7121212121212122,"{""clf__C"": 53.72198163554894, ""clf__gamma"": 0.0003972110727381913, ""clf__class_weight"": null}",0.2801683539815917,"[[31, 35], [1, 21]]",arousal,0.5855572998430141,0.5909090909090909,0.609105180533752,1,0.045454545454545456,,35,0.5303030303030303,0.28,1.154315397572519,0.3818813079129867,subject_dependent,rbf_svm,0.96875,0.375,0.6695118288736299,0.671875,0.5909090909090909,0.8203125,0.7121212121212122,0.5909090909090909,0.5909090909090909,0.8367768595041323,31,0.4696969696969697,21,0.9545454545454546,0.75,0.8333333333333333,0.21337656046806794,"[[4, 2], [0, 2]]",0.7333333333333334,0.75,0.7666666666666667,0,0.0,2,0.3333333333333333,0.5,0.6187864256649312,0.5773502691896258,1.0,0.5,0.8333333333333333,0.75,0.75,0.875,0.8333333333333333,0.75,0.75,0.9166666666666667,4,0.6666666666666666,2,1.0
0.5227272727272727,0.5227272727272727,"{""clf__C"": 183.42628625395747, ""clf__gamma"": 0.0001005394019469303, ""clf__class_weight"": ""balanced""}",0.3187778324309184,"[[23, 21], [21, 23]]",arousal,0.5227272727272727,0.5227272727272727,0.5227272727272727,21,0.4772727272727273,,21,0.4772727272727273,0.045454545454545414,0.9055975081506648,0.045454545454545456,subject_dependent,rbf_svm,0.5227272727272727,0.5227272727272727,0.4993467196074777,0.5227272727272727,0.5227272727272727,0.5227272727272727,0.5227272727272727,0.5227272727272727,0.5227272727272727,0.5180785123966942,23,0.5227272727272727,23,0.5227272727272727,0.5,0.5,0.2607164114447664,"[[2, 2], [2, 2]]",0.5,0.5,0.5,2,0.5,2,0.5,0.0,0.717885311228462,0.0,0.5,0.5,0.75,0.5,0.5,0.5,0.5,0.5,0.5,0.5625,2,0.5,2,0.5
0.3522727272727273,0.5530303030303031,"{""clf__C"": 235.1599274057192, ""clf__gamma"": 0.021154290797261225, ""clf__class_weight"": ""balanced""}",0.5083042951084792,"[[10, 56], [1, 21]]",arousal,0.34199134199134196,0.3522727272727273,0.30086580086580084,1,0.045454545454545456,,56,0.8484848484848485,0.05785123966942152,2.2793141570619566,0.13886593015017698,subject_dependent,rbf_svm,0.9090909090909091,0.2727272727272727,0.3681174666113473,0.5909090909090908,0.3522727272727273,0.75,0.5530303030303031,0.3522727272727273,0.3522727272727273,0.6797520661157025,10,0.15151515151515152,21,0.9545454545454546,0.25,0.5,0.48736997920526814,"[[0, 6], [0, 2]]",0.2,0.25,0.1,0,0.0,6,1.0,0.0,1.4759939899098757,0.0,0.0,0.25,0.75,0.125,0.25,0.0625,0.5,0.25,0.25,0.8333333333333334,0,0.0,2,1.0
0.48863636363636365,0.4818181818181818,"{""clf__C"": 64.69870699850829, ""clf__gamma"": 0.0008200518402245837, ""clf__class_weight"": null}",0.3455709110796919,"[[28, 27], [18, 15]]",arousal,0.47722772277227726,0.48863636363636365,0.49653465346534653,18,0.5454545454545454,,27,0.4909090909090909,-0.034482758620689724,0.9977149526206289,-0.035245368842512066,subject_dependent,rbf_svm,0.6086956521739131,0.35714285714285715,0.39875836516206387,0.48291925465838514,0.48863636363636365,0.5143633540372671,0.4818181818181818,0.48863636363636365,0.48863636363636365,0.4479338842975207,28,0.509090909090909,15,0.45454545454545453,0.375,0.3666666666666667,0.2992544330768795,"[[2, 3], [2, 1]]",0.36507936507936506,0.375,0.38492063492063494,2,0.6666666666666666,3,0.6,-0.25,0.8014336367089541,-0.2581988897471611,0.5,0.25,0.5694444444444444,0.375,0.375,0.40625,0.3666666666666667,0.375,0.375,0.39999999999999997,2,0.4,1,0.3333333333333333
0.3977272727272727,0.29545454545454547,"{""clf__C"": 243.14537412227003, ""clf__gamma"": 0.0004992453416923984, ""clf__class_weight"": ""balanced""}",0.428741803716683,"[[33, 33], [20, 2]]",arousal,0.3123986436679935,0.3977272727272727,0.43351024620374473,20,0.9090909090909091,,33,0.5,-0.3417721518987342,1.4399391232155703,-0.3619354978199987,subject_dependent,rbf_svm,0.6226415094339622,0.05714285714285714,0.17320532347529077,0.3398921832884097,0.3977272727272727,0.481266846361186,0.29545454545454547,0.3977272727272727,0.3977272727272727,0.24999999999999997,33,0.5,2,0.09090909090909091,0.5,0.3333333333333333,0.3728899775928746,"[[4, 2], [2, 0]]",0.3333333333333333,0.5,0.5,2,1.0,2,0.3333333333333333,-0.33333333333333326,1.0258186908667037,-0.3333333333333333,0.6666666666666666,0.0,0.20833333333333331,0.3333333333333333,0.5,0.5,0.3333333333333333,0.5,0.5,0.08333333333333331,4,0.6666666666666666,0,0.0
0.4431818181818182,0.42727272727272725,"{""clf__C"": 243.14537412227003, ""clf__gamma"": 0.0004992453416923984, ""clf__class_weight"": ""balanced""}",0.3707729698110305,"[[27, 28], [21, 12]]",arousal,0.4265194839739327,0.4431818181818182,0.4509575741454981,21,0.6363636363636364,,28,0.509090909090909,-0.13953488372093026,1.183971250624313,-0.1414213562373095,subject_dependent,rbf_svm,0.5625,0.3,0.32801103300407286,0.43125,0.4431818181818182,0.4640625,0.42727272727272725,0.4431818181818182,0.4431818181818182,0.4137741046831956,27,0.4909090909090909,12,0.36363636363636365,0.375,0.3,0.29282308762925024,"[[3, 2], [3, 0]]",0.2727272727272727,0.375,0.3409090909090909,3,1.0,2,0.4,-0.4285714285714286,0.7852933497239052,-0.4472135954999579,0.5,0.0,0.3694444444444444,0.25,0.375,0.3125,0.3,0.375,0.375,0.3333333333333333,3,0.6,0,0.0
0.5909090909090909,0.5575757575757576,"{""clf__C"": 0.40069130793659025, ""clf__gamma"": 0.0014899847475658245, ""clf__class_weight"": ""balanced""}",0.25443894628025493,"[[14, 19], [17, 38]]",arousal,0.5580357142857143,0.5909090909090909,0.5881696428571429,17,0.3090909090909091,,19,0.5757575757575758,0.1165644171779141,0.7337834507214257,0.1167050628061517,subject_dependent,rbf_svm,0.45161290322580644,0.6666666666666666,0.7071616211647217,0.5591397849462365,0.5909090909090909,0.586021505376344,0.5575757575757576,0.5909090909090909,0.5909090909090909,0.5801652892561984,14,0.42424242424242425,38,0.6909090909090909,0.625,0.5666666666666667,0.24180449584273594,"[[1, 2], [1, 4]]",0.5636363636363637,0.625,0.6045454545454546,1,0.2,2,0.6666666666666666,0.1428571428571429,0.6887302288515386,0.14907119849998599,0.5,0.6666666666666666,0.7595238095238095,0.5833333333333333,0.625,0.6041666666666666,0.5666666666666667,0.625,0.625,0.6000000000000001,1,0.3333333333333333,4,0.8
0.6818181818181818,0.7727272727272727,"{""clf__C"": 0.40069130793659025, ""clf__gamma"": 0.0014899847475658245, ""clf__class_weight"": ""balanced""}",0.16247927669727533,"[[21, 1], [27, 39]]",arousal,0.6679245283018868,0.6818181818181818,0.7018867924528301,27,0.4090909090909091,,1,0.045454545454545456,0.3913043478260869,0.5013734666527611,0.4743416490252569,subject_dependent,rbf_svm,0.4375,0.975,0.9341647269489404,0.70625,0.6818181818181818,0.840625,0.7727272727272727,0.6818181818181818,0.6818181818181818,0.8154269972451792,21,0.9545454545454546,39,0.5909090909090909,0.75,0.5,0.15392011375800319,"[[0, 2], [0, 6]]",0.42857142857142855,0.75,0.6428571428571428,0,0.0,2,1.0,0.0,0.4878637595696036,0.0,0.0,0.75,1.0,0.375,0.75,0.5625,0.5,0.75,0.75,1.0,0,0.0,6,1.0
0.6704545454545454,0.7727272727272727,"{""clf__C"": 13.411788774467905, ""clf__gamma"": 0.00026210878782654407, ""clf__class_weight"": ""balanced""}",0.1532217174407808,"[[10, 1], [28, 49]]",arousal,0.5899084043066045,0.6704545454545454,0.7262172585569661,28,0.36363636363636365,,1,0.09090909090909091,0.26582278481012656,0.4728136088337853,0.36418618720013035,subject_dependent,rbf_svm,0.2631578947368421,0.98,0.9697324180986123,0.621578947368421,0.6704545454545454,0.8903947368421051,0.7727272727272727,0.6704545454545454,0.6704545454545454,0.8110979929161747,10,0.9090909090909091,49,0.6363636363636364,1.0,1.0,0.1325232216103888,"[[1, 0], [0, 7]]",1.0,1.0,1.0,0,0.0,0,0.0,1.0,0.43845031646169874,1.0,1.0,1.0,1.0,1.0,1.0,1.0,1.0,1.0,1.0,1.0,1,1.0,7,1.0
0.4090909090909091,0.43636363636363634,"{""clf__C"": 160.49758307716223, ""clf__gamma"": 0.00018427970406864567, ""clf__class_weight"": null}",0.35131972950392526,"[[18, 37], [15, 18]]",arousal,0.4090909090909091,0.4090909090909091,0.4090909090909091,15,0.45454545454545453,,37,0.6727272727272727,-0.11229946524064172,0.9572322495761628,-0.12727272727272726,subject_dependent,rbf_svm,0.5454545454545454,0.32727272727272727,0.499128383079659,0.43636363636363634,0.4090909090909091,0.4636363636363636,0.43636363636363634,0.4090909090909091,0.4090909090909091,0.5305785123966942,18,0.32727272727272727,18,0.5454545454545454,0.125,0.16666666666666666,0.30321854198112486,"[[0, 5], [2, 1]]",0.1111111111111111,0.125,0.08333333333333333,2,0.6666666666666666,5,1.0,-0.5555555555555556,0.793233292373121,-0.7453559924999299,0.0,0.16666666666666666,0.5535714285714286,0.08333333333333333,0.125,0.0625,0.16666666666666666,0.125,0.125,0.3333333333333333,0,0.0,1,0.3333333333333333
0.3068181818181818,0.30681818181818177,"{""clf__C"": 0.40069130793659025, ""clf__gamma"": 0.0014899847475658245, ""clf__class_weight"": ""balanced""}",0.36979894081008563,"[[15, 29], [32, 12]]",arousal,0.30601163542340015,0.3068181818181818,0.30601163542340015,32,0.7272727272727273,,29,0.6590909090909091,-0.38636363636363646,0.9731489294428446,-0.38726483565128744,subject_dependent,rbf_svm,0.3191489361702128,0.2926829268292683,0.38896916408406695,0.3059159314997405,0.3068181818181818,0.30591593149974056,0.30681818181818177,0.3068181818181818,0.3068181818181818,0.2577479338842975,15,0.3409090909090909,12,0.2727272727272727,0.25,0.25,0.356049922133847,"[[0, 4], [2, 2]]",0.2,0.25,0.2,2,0.5,4,1.0,-0.5,0.920110146042362,-0.5773502691896258,0.0,0.3333333333333333,0.44047619047619047,0.16666666666666666,0.25,0.16666666666666666,0.25,0.25,0.25,0.1875,0,0.0,2,0.5
0.7954545454545454,0.8181818181818181,"{""clf__C"": 0.40069130793659025, ""clf__gamma"": 0.0014899847475658245, ""clf__class_weight"": ""balanced""}",0.14128958166186456,"[[30, 3], [15, 40]]",arousal,0.792778649921507,0.7954545454545454,0.7986656200941915,15,0.2727272727272727,,3,0.09090909090909091,0.5932203389830508,0.4383280137420558,0.6163156344279367,subject_dependent,rbf_svm,0.6666666666666666,0.9302325581395349,0.9262191461959479,0.7984496124031008,0.7954545454545454,0.8313953488372092,0.8181818181818181,0.7954545454545454,0.7954545454545454,0.8677685950413223,30,0.9090909090909091,40,0.7272727272727273,0.75,0.7333333333333334,0.1171358926337899,"[[2, 1], [1, 4]]",0.7333333333333334,0.75,0.75,1,0.2,1,0.3333333333333333,0.4666666666666667,0.38707051149585764,0.4666666666666667,0.6666666666666666,0.8,0.9666666666666667,0.7333333333333334,0.75,0.75,0.7333333333333334,0.75,0.75,0.9333333333333333,2,0.6666666666666666,4,0.8
0.8522727272727273,0.8818181818181818,"{""clf__C"": 0.40069130793659025, ""clf__gamma"": 0.0014899847475658245, ""clf__class_weight"": ""balanced""}",0.11407807779286555,"[[33, 0], [13, 42]]",arousal,0.8507112097089913,0.8522727272727273,0.8545282526425683,13,0.23636363636363636,,0,0.0,0.7078651685393258,0.37878958725615,0.7401527456927535,subject_dependent,rbf_svm,0.717391304347826,1.0,0.9746232740842945,0.8586956521739131,0.8522727272727273,0.8940217391304347,0.8818181818181818,0.8522727272727273,0.8522727272727273,0.9515151515151515,33,1.0,42,0.7636363636363637,1.0,1.0,0.09994108741907243,"[[3, 0], [0, 5]]",1.0,1.0,1.0,0,0.0,0,0.0,1.0,0.3616340844737669,1.0,1.0,1.0,1.0,1.0,1.0,1.0,1.0,1.0,1.0,1.0,3,1.0,5,1.0
0.7159090909090909,0.7954545454545454,"{""clf__C"": 0.40069130793659025, ""clf__gamma"": 0.0014899847475658245, ""clf__class_weight"": ""balanced""}",0.3760076991862187,"[[42, 24], [1, 21]]",arousal,0.6987539367383268,0.7159090909090909,0.7346980692865945,1,0.045454545454545456,,24,0.36363636363636365,0.4382022471910112,1.1678547783511253,0.5118745001228026,subject_dependent,rbf_svm,0.9767441860465116,0.4666666666666667,0.5076269503573497,0.7217054263565892,0.7159090909090909,0.8492248062015503,0.7954545454545454,0.7159090909090909,0.7159090909090909,0.8071625344352618,42,0.6363636363636364,21,0.9545454545454546,0.375,0.5833333333333334,0.3555049591813465,"[[1, 5], [0, 2]]",0.36507936507936506,0.375,0.32539682539682535,0,0.0,5,0.8333333333333334,0.09090909090909094,0.9929259116069471,0.2182178902359924,1.0,0.2857142857142857,0.75,0.6428571428571428,0.375,0.8214285714285714,0.5833333333333334,0.375,0.375,0.8333333333333334,1,0.16666666666666666,2,1.0
0.7272727272727273,0.7333333333333334,"{""clf__C"": 13.411788774467905, ""clf__gamma"": 0.00026210878782654407, ""clf__class_weight"": ""balanced""}",0.1889664762118408,"[[25, 8], [16, 39]]",arousal,0.7201907790143084,0.7272727272727273,0.7313195548489666,16,0.2909090909090909,,8,0.24242424242424243,0.4450867052023122,0.5570064582078464,0.4529019997913236,subject_dependent,rbf_svm,0.6097560975609756,0.8297872340425532,0.8782742770211273,0.7197716658017643,0.7272727272727273,0.7472755578619615,0.7333333333333334,0.7272727272727273,0.7272727272727273,0.7845730027548208,25,0.7575757575757576,39,0.7090909090909091,0.875,0.8333333333333333,0.14797375037740243,"[[2, 1], [0, 5]]",0.8545454545454545,0.875,0.8681818181818182,0,0.0,1,0.3333333333333333,0.7142857142857143,0.46053643479852385,0.7453559924999299,1.0,0.8333333333333334,0.9666666666666667,0.9166666666666667,0.875,0.8958333333333334,0.8333333333333333,0.875,0.875,0.9333333333333333,2,0.6666666666666666,5,1.0
0.5909090909090909,0.5575757575757576,"{""clf__C"": 0.40069130793659025, ""clf__gamma"": 0.0014899847475658245, ""clf__class_weight"": ""balanced""}",0.30475880171558395,"[[14, 19], [17, 38]]",arousal,0.5580357142857143,0.5909090909090909,0.5881696428571429,17,0.3090909090909091,,19,0.5757575757575758,0.1165644171779141,0.9202107929837333,0.1167050628061517,subject_dependent,rbf_svm,0.45161290322580644,0.6666666666666666,0.7041297708755005,0.5591397849462365,0.5909090909090909,0.586021505376344,0.5575757575757576,0.5909090909090909,0.5909090909090909,0.5630853994490359,14,0.42424242424242425,38,0.6909090909090909,0.5,0.4,0.2573630603061051,"[[0, 3], [1, 4]]",0.3333333333333333,0.5,0.41666666666666663,1,0.2,3,1.0,-0.23076923076923084,0.7020130360465914,-0.29277002188455997,0.0,0.5714285714285714,0.8583333333333333,0.2857142857142857,0.5,0.3571428571428571,0.4,0.5,0.5,0.6666666666666667,0,0.0,4,0.8
0.4659090909090909,0.4636363636363636,"{""clf__C"": 183.42628625395747, ""clf__gamma"": 0.0001005394019469303, ""clf__class_weight"": ""balanced""}",0.3667320600261188,"[[26, 29], [18, 15]]",arousal,0.45743145743145747,0.4659090909090909,0.4743867243867244,18,0.5454545454545454,,29,0.5272727272727272,-0.06818181818181812,1.1153297688128,-0.07041787902195304,subject_dependent,rbf_svm,0.5909090909090909,0.3409090909090909,0.40575143258861057,0.46590909090909094,0.4659090909090909,0.4971590909090909,0.4636363636363636,0.4659090909090909,0.4659090909090909,0.47823691460055096,26,0.4727272727272727,15,0.45454545454545453,0.5,0.5333333333333333,0.3098340207022992,"[[2, 3], [1, 2]]",0.5,0.5,0.5,1,0.3333333333333333,3,0.6,0.05882352941176472,0.8393085987684846,0.06666666666666667,0.6666666666666666,0.4,0.4583333333333333,0.5333333333333333,0.5,0.5666666666666667,0.5333333333333333,0.5,0.5,0.4666666666666666,2,0.4,2,0.6666666666666666
0.5454545454545454,0.5454545454545454,"{""clf__C"": 20.12196163610286, ""clf__gamma"": 0.0008612579192594886, ""clf__class_weight"": ""balanced""}",0.3240298377236881,"[[30, 14], [26, 18]]",arousal,0.5368421052631579,0.5454545454545454,0.5368421052631579,26,0.5909090909090909,,14,0.3181818181818182,0.09090909090909094,0.9805943928506115,0.09449111825230681,subject_dependent,rbf_svm,0.5357142857142857,0.5625,0.5023293344230906,0.5491071428571428,0.5454545454545454,0.5491071428571428,0.5454545454545454,0.5454545454545454,0.5454545454545454,0.5201446280991736,30,0.6818181818181818,18,0.4090909090909091,0.625,0.625,0.28020160862670096,"[[3, 1], [2, 2]]",0.6190476190476191,0.625,0.6190476190476191,2,0.5,1,0.25,0.25,0.7633934996232864,0.2581988897471611,0.6,0.6666666666666666,0.5845238095238094,0.6333333333333333,0.625,0.6333333333333333,0.625,0.625,0.625,0.5625,3,0.75,2,0.5
0.5113636363636364,0.4575757575757576,"{""clf__C"": 13.411788774467905, ""clf__gamma"": 0.00026210878782654407, ""clf__class_weight"": ""balanced""}",0.3181608514052749,"[[37, 18], [25, 8]]",arousal,0.45183253657829925,0.5113636363636364,0.4969940605533825,25,0.7575757575757576,,18,0.32727272727272727,-0.08860759493670889,0.8814416946310576,-0.09003261976640274,subject_dependent,rbf_svm,0.5967741935483871,0.3076923076923077,0.3483971404401518,0.4522332506203474,0.5113636363636364,0.4883684863523573,0.4575757575757576,0.5113636363636364,0.5113636363636364,0.46115702479338844,37,0.6727272727272727,8,0.24242424242424243,0.5,0.4666666666666667,0.2879655344521576,"[[3, 2], [2, 1]]",0.4666666666666667,0.5,0.5,2,0.6666666666666666,2,0.4,-0.06666666666666665,0.7815269497097186,-0.06666666666666667,0.6,0.3333333333333333,0.42499999999999993,0.4666666666666667,0.5,0.5,0.4666666666666667,0.5,0.5,0.39999999999999997,3,0.6,1,0.3333333333333333
0.6477272727272727,0.6333333333333333,"{""clf__C"": 183.42628625395747, ""clf__gamma"": 0.0001005394019469303, ""clf__class_weight"": ""balanced""}",0.22616288827132047,"[[38, 17], [14, 19]]",arousal,0.6305025057564675,0.6477272727272727,0.6504469727752945,14,0.42424242424242425,,17,0.3090909090909091,0.26190476190476186,0.6757191790320458,0.26257545381445874,subject_dependent,rbf_svm,0.7307692307692307,0.5277777777777778,0.5988498795823489,0.6292735042735043,0.6477272727272727,0.654647435897436,0.6333333333333333,0.6477272727272727,0.6477272727272727,0.6964187327823692,38,0.6909090909090909,19,0.5757575757575758,0.875,0.8333333333333333,0.1770131855903189,"[[5, 0], [1, 2]]",0.8545454545454545,0.875,0.8681818181818182,1,0.3333333333333333,0,0.0,0.7142857142857143,0.5347173758573012,0.7453559924999299,0.8333333333333334,1.0,0.8333333333333333,0.9166666666666667,0.875,0.8958333333333334,0.8333333333333333,0.875,0.875,0.8,5,1.0,2,0.6666666666666666
0.625,0.625,"{""clf__C"": 183.42628625395747, ""clf__gamma"": 0.0001005394019469303, ""clf__class_weight"": ""balanced""}",0.26637330656744795,"[[38, 6], [27, 17]]",arousal,0.6023551964945912,0.625,0.6023551964945913,27,0.6136363636363636,,6,0.13636363636363635,0.25,0.7931680343664108,0.28449333006152944,subject_dependent,rbf_svm,0.5846153846153846,0.7391304347826086,0.7028214349755084,0.6618729096989966,0.625,0.6618729096989967,0.625,0.625,0.625,0.6570247933884297,38,0.8636363636363636,17,0.38636363636363635,0.625,0.625,0.2120535265684163,"[[4, 0], [3, 1]]",0.5636363636363637,0.625,0.5636363636363637,3,0.75,0,0.0,0.25,0.6155723432162751,0.3779644730092272,0.5714285714285714,1.0,0.875,0.7857142857142857,0.625,0.7857142857142857,0.625,0.625,0.625,0.75,4,1.0,1,0.25
0.6818181818181818,0.5303030303030303,"{""clf__C"": 12.957079329680445, ""clf__gamma"": 0.00032476735706274504, ""clf__class_weight"": null}",0.1967307311577427,"[[55, 11], [17, 5]]",arousal,0.5301296720061022,0.6818181818181818,0.6636155606407322,17,0.7727272727272727,,11,0.16666666666666666,0.06666666666666665,0.565708314483295,0.06804138174397717,subject_dependent,rbf_svm,0.7638888888888888,0.3125,0.4105779936680383,0.5381944444444444,0.6818181818181818,0.6510416666666666,0.5303030303030303,0.6818181818181818,0.6818181818181818,0.6900826446280992,55,0.8333333333333334,5,0.22727272727272727,0.625,0.4166666666666667,0.16207244261482526,"[[5, 1], [2, 0]]",0.38461538461538464,0.625,0.576923076923077,2,1.0,1,0.16666666666666666,-0.19999999999999996,0.4924204945881273,-0.2182178902359924,0.7142857142857143,0.0,0.5833333333333333,0.35714285714285715,0.625,0.5357142857142857,0.4166666666666667,0.625,0.625,0.8333333333333334,5,0.8333333333333334,0,0.0
0.6818181818181818,0.7402597402597403,"{""clf__C"": 243.14537412227003, ""clf__gamma"": 0.0004992453416923984, ""clf__class_weight"": ""balanced""}",0.23763526720435324,"[[51, 26], [2, 9]]",arousal,0.5879598662207358,0.6818181818181818,0.7354515050167225,2,0.18181818181818182,,26,0.33766233766233766,0.24832214765100669,0.7371083954803566,0.3246988474693742,subject_dependent,rbf_svm,0.9622641509433962,0.2571428571428571,0.2966350914027286,0.6097035040431267,0.6818181818181818,0.8741239892183288,0.7402597402597403,0.6818181818181818,0.6818181818181818,0.7225501770956316,51,0.6623376623376623,9,0.8181818181818182,0.875,0.9285714285714286,0.16917592502824877,"[[6, 1], [0, 1]]",0.7948717948717949,0.875,0.8910256410256411,0,0.0,1,0.14285714285714285,0.6,0.5129154601423183,0.6546536707079772,1.0,0.5,0.5,0.75,0.875,0.9375,0.9285714285714286,0.875,0.875,0.8571428571428572,6,0.8571428571428571,1,1.0
0.7272727272727273,0.7662337662337663,"{""clf__C"": 13.411788774467905, ""clf__gamma"": 0.00026210878782654407, ""clf__class_weight"": ""balanced""}",0.10741957178279954,"[[9, 2], [22, 55]]",arousal,0.6247334754797441,0.7272727272727273,0.7718550106609808,22,0.2857142857142857,,2,0.18181818181818182,0.2992700729927007,0.3335700892157881,0.3686519724904303,subject_dependent,rbf_svm,0.2903225806451613,0.9649122807017544,0.9830343548561083,0.6276174306734579,0.7272727272727273,0.8805885681946801,0.7662337662337663,0.7272727272727273,0.7272727272727273,0.8890200708382526,9,0.8181818181818182,55,0.7142857142857143,0.875,0.9285714285714286,0.09388350838868026,"[[1, 0], [1, 6]]",0.7948717948717949,0.875,0.8910256410256411,1,0.14285714285714285,0,0.0,0.6,0.3074414980658068,0.6546536707079772,0.5,1.0,1.0,0.75,0.875,0.9375,0.9285714285714286,0.875,0.875,1.0,1,1.0,6,0.8571428571428571
0.7386363636363636,0.7727272727272727,"{""clf__C"": 64.69870699850829, ""clf__gamma"": 0.0008200518402245837, ""clf__class_weight"": null}",0.18851617688911795,"[[56, 21], [2, 9]]",arousal,0.634327009936766,0.7386363636363636,0.7808039747064138,2,0.18181818181818182,,21,0.2727272727272727,0.31343283582089554,0.6040350936417309,0.3805621975536937,subject_dependent,rbf_svm,0.9655172413793104,0.3,0.43087181337181335,0.6327586206896552,0.7386363636363636,0.8823275862068966,0.7727272727272727,0.7386363636363636,0.7386363636363636,0.8063754427390791,56,0.7272727272727273,9,0.8181818181818182,0.875,0.9285714285714286,0.12295151221552007,"[[6, 1], [0, 1]]",0.7948717948717949,0.875,0.8910256410256411,0,0.0,1,0.14285714285714285,0.6,0.41509813582640576,0.6546536707079772,1.0,0.5,1.0,0.75,0.875,0.9375,0.9285714285714286,0.875,0.875,1.0,6,0.8571428571428571,1,1.0
0.6704545454545454,0.8116883116883117,"{""clf__C"": 13.411788774467905, ""clf__gamma"": 0.00026210878782654407, ""clf__class_weight"": ""balanced""}",0.17258565416520602,"[[11, 0], [29, 48]]",arousal,0.5996862745098039,0.6704545454545454,0.7259215686274509,29,0.37662337662337664,,0,0.0,0.29268292682926833,0.5027740114719819,0.41403933560541256,subject_dependent,rbf_svm,0.275,1.0,0.9799044001331976,0.6375,0.6704545454545454,0.909375,0.8116883116883117,0.6704545454545454,0.6704545454545454,0.8606847697756789,11,1.0,48,0.6233766233766234,0.875,0.9285714285714286,0.13477717597739586,"[[1, 0], [1, 6]]",0.7948717948717949,0.875,0.8910256410256411,1,0.14285714285714285,0,0.0,0.6,0.4226364288652339,0.6546536707079772,0.5,1.0,1.0,0.75,0.875,0.9375,0.9285714285714286,0.875,0.875,1.0,1,1.0,6,0.8571428571428571
0.45454545454545453,0.4303030303030303,"{""clf__C"": 0.4342298948286134, ""clf__gamma"": 0.0008179499475211679, ""clf__class_weight"": ""balanced""}",0.3176568116081897,"[[29, 26], [22, 11]]",arousal,0.4307277628032345,0.45454545454545453,0.45983827493261453,22,0.6666666666666666,,26,0.4727272727272727,-0.13609467455621305,0.8427543859192768,-0.1367087323941193,subject_dependent,rbf_svm,0.5686274509803921,0.2972972972972973,0.31450832779879445,0.43296237413884475,0.45454545454545453,0.4668786433492316,0.4303030303030303,0.45454545454545453,0.45454545454545453,0.38236914600550964,29,0.5272727272727272,11,0.3333333333333333,0.375,0.43333333333333335,0.308879068219442,"[[1, 4], [1, 2]]",0.36507936507936506,0.375,0.34523809523809523,1,0.3333333333333333,4,0.8,-0.11111111111111116,0.8169447220459094,-0.14907119849998599,0.5,0.3333333333333333,0.3472222222222222,0.41666666666666663,0.375,0.4375,0.43333333333333335,0.375,0.375,0.2666666666666666,1,0.2,2,0.6666666666666666
0.5681818181818182,0.593939393939394,"{""clf__C"": 13.411788774467905, ""clf__gamma"": 0.00026210878782654407, ""clf__class_weight"": ""balanced""}",0.26166023529085236,"[[27, 28], [10, 23]]",arousal,0.5672877846790891,0.5681818181818182,0.5722049689440994,10,0.30303030303030304,,28,0.509090909090909,0.1693989071038251,0.7238706123958158,0.1842595958355521,subject_dependent,rbf_svm,0.7297297297297297,0.45098039215686275,0.41848313757983613,0.5903550609432963,0.5681818181818182,0.6251987281399046,0.593939393939394,0.5681818181818182,0.5681818181818182,0.5961432506887052,27,0.4909090909090909,23,0.696969696969697,0.5,0.6,0.23844537787655132,"[[1, 4], [0, 3]]",0.4666666666666667,0.5,0.4333333333333333,0,0.0,4,0.8,0.1578947368421053,0.6692907526137849,0.29277002188455997,1.0,0.42857142857142855,0.8666666666666667,0.7142857142857143,0.5,0.7857142857142857,0.6,0.5,0.5,0.8666666666666667,1,0.2,3,1.0
0.45454545454545453,0.4666666666666667,"{""clf__C"": 13.411788774467905, ""clf__gamma"": 0.00026210878782654407, ""clf__class_weight"": ""balanced""}",0.31440373794379395,"[[17, 16], [32, 23]]",arousal,0.4519979242345615,0.45454545454545453,0.46133886870783597,32,0.5818181818181818,,16,0.48484848484848486,-0.06077348066298338,0.8663396099818165,-0.06497057526101395,subject_dependent,rbf_svm,0.3469387755102041,0.5897435897435898,0.6170762289602959,0.46834118262689695,0.45454545454545453,0.4986917844060701,0.4666666666666667,0.45454545454545453,0.45454545454545453,0.4520661157024793,17,0.5151515151515151,23,0.41818181818181815,0.5,0.5333333333333333,0.2958054670144896,"[[2, 1], [3, 2]]",0.5,0.5,0.5,3,0.6,1,0.3333333333333333,0.05882352941176472,0.7931288133533383,0.06666666666666667,0.4,0.6666666666666666,0.7392857142857143,0.5333333333333333,0.5,0.5666666666666667,0.5333333333333333,0.5,0.5,0.4,2,0.6666666666666666,2,0.4
0.625,0.6272727272727272,"{""clf__C"": 13.411788774467905, ""clf__gamma"": 0.00026210878782654407, ""clf__class_weight"": ""balanced""}",0.2538331689011042,"[[21, 12], [21, 34]]",arousal,0.6166336633663367,0.625,0.6307920792079208,21,0.38181818181818183,,12,0.36363636363636365,0.24137931034482762,0.706795107346994,0.24671758189758447,subject_dependent,rbf_svm,0.5,0.7391304347826086,0.6884056518369643,0.6195652173913043,0.625,0.6494565217391304,0.6272727272727272,0.625,0.625,0.6319559228650138,21,0.6363636363636364,34,0.6181818181818182,0.625,0.7,0.23203169542476987,"[[3, 0], [3, 2]]",0.6190476190476191,0.625,0.6071428571428571,3,0.6,0,0.0,0.33333333333333337,0.6559267703358467,0.4472135954999579,0.5,1.0,0.8766666666666667,0.75,0.625,0.8125,0.7,0.625,0.625,0.8,3,1.0,2,0.4
0.48863636363636365,0.4878787878787879,"{""clf__C"": 13.411788774467905, ""clf__gamma"": 0.00026210878782654407, ""clf__class_weight"": ""balanced""}",0.2825535102393238,"[[16, 17], [28, 27]]",arousal,0.4805194805194805,0.48863636363636365,0.49675324675324667,28,0.509090909090909,,17,0.5151515151515151,-0.022727272727272707,0.7645491703909066,-0.02347262634065101,subject_dependent,rbf_svm,0.36363636363636365,0.6136363636363636,0.6278882572554932,0.48863636363636365,0.48863636363636365,0.5198863636363636,0.4878787878787879,0.48863636363636365,0.48863636363636365,0.4829201101928374,16,0.48484848484848486,27,0.4909090909090909,0.5,0.5333333333333333,0.2616314930111539,"[[2, 1], [3, 2]]",0.5,0.5,0.5,3,0.6,1,0.3333333333333333,0.05882352941176472,0.7172151121911414,0.06666666666666667,0.4,0.6666666666666666,0.7592857142857143,0.5333333333333333,0.5,0.5666666666666667,0.5333333333333333,0.5,0.5,0.4666666666666667,2,0.6666666666666666,2,0.4
0.5909090909090909,0.5878787878787879,"{""clf__C"": 32.32518791282502, ""clf__gamma"": 0.0005104518230902811, ""clf__class_weight"": ""balanced""}",0.2537302996897633,"[[19, 14], [22, 33]]",arousal,0.5802861685214626,0.5909090909090909,0.5969793322734499,22,0.4,,14,0.42424242424242425,0.16763005780346818,0.7408552109218575,0.1705734804408881,subject_dependent,rbf_svm,0.4634146341463415,0.7021276595744681,0.8042745979257366,0.5827711468604048,0.5909090909090909,0.6126102750389205,0.5878787878787879,0.5909090909090909,0.5909090909090909,0.6732782369146005,19,0.5757575757575758,33,0.6,0.625,0.5666666666666667,0.20207052502907916,"[[1, 2], [1, 4]]",0.5636363636363637,0.625,0.6045454545454546,1,0.2,2,0.6666666666666666,0.1428571428571429,0.568080191837421,0.14907119849998599,0.5,0.6666666666666666,0.7961904761904761,0.5833333333333333,0.625,0.6041666666666666,0.5666666666666667,0.625,0.625,0.6000000000000001,1,0.3333333333333333,4,0.8
0.6818181818181818,0.6818181818181819,"{""clf__C"": 20.12196163610286, ""clf__gamma"": 0.0008612579192594886, ""clf__class_weight"": ""balanced""}",0.22633255936041555,"[[36, 8], [20, 24]]",arousal,0.6757894736842105,0.6818181818181818,0.6757894736842105,20,0.45454545454545453,,8,0.18181818181818182,0.36363636363636365,0.7042421946283066,0.37796447300922725,subject_dependent,rbf_svm,0.6428571428571429,0.75,0.7747086595767798,0.6964285714285714,0.6818181818181818,0.6964285714285715,0.6818181818181819,0.6818181818181818,0.6818181818181818,0.7629132231404959,36,0.8181818181818182,24,0.5454545454545454,0.75,0.75,0.16337707203864701,"[[4, 0], [2, 2]]",0.7333333333333334,0.75,0.7333333333333334,2,0.5,0,0.0,0.5,0.48670772145061814,0.5773502691896258,0.6666666666666666,1.0,0.8875,0.8333333333333333,0.75,0.8333333333333333,0.75,0.75,0.75,0.875,4,1.0,2,0.5
0.4659090909090909,0.3051948051948052,"{""clf__C"": 0.21466070134458173, ""clf__gamma"": 0.0012955517240662183, ""clf__class_weight"": ""balanced""}",0.19532429491358297,"[[1, 10], [37, 40]]",arousal,0.335368793186566,0.4659090909090909,0.5562831431785312,37,0.4805194805194805,,10,0.9090909090909091,-0.1898734177215189,0.573879380851275,-0.26013299085723596,subject_dependent,rbf_svm,0.02631578947368421,0.8,0.8818465814497527,0.4131578947368421,0.4659090909090909,0.7032894736842106,0.3051948051948052,0.4659090909090909,0.46590909090909083,0.40259740259740256,1,0.09090909090909091,40,0.5194805194805194,0.75,0.42857142857142855,0.18910576478630226,"[[0, 1], [1, 6]]",0.42857142857142855,0.75,0.75,1,0.14285714285714285,1,1.0,-0.1428571428571428,0.5624483765897157,-0.14285714285714285,0.0,0.8571428571428571,0.8736394557823131,0.42857142857142855,0.75,0.75,0.42857142857142855,0.75,0.75,0.2857142857142857,0,0.0,6,0.8571428571428571
0.6704545454545454,0.6704545454545454,"{""clf__C"": 64.69870699850829, ""clf__gamma"": 0.0008200518402245837, ""clf__class_weight"": null}",0.21271086513344697,"[[28, 16], [13, 31]]",arousal,0.6700711053652231,0.6704545454545454,0.6700711053652231,13,0.29545454545454547,,16,0.36363636363636365,0.34090909090909094,0.6150930030273305,0.34170426675113597,subject_dependent,rbf_svm,0.6829268292682927,0.6595744680851063,0.7759354819897166,0.6712506486766996,0.6704545454545454,0.6712506486766995,0.6704545454545454,0.6704545454545454,0.6704545454545454,0.7737603305785125,28,0.6363636363636364,31,0.7045454545454546,0.875,0.875,0.14263617770555712,"[[3, 1], [0, 4]]",0.873015873015873,0.875,0.873015873015873,0,0.0,1,0.25,0.75,0.4502940113055286,0.7745966692414834,1.0,0.8,1.0,0.9,0.875,0.9,0.875,0.875,0.875,1.0,3,0.75,4,1.0
0.5681818181818182,0.5272727272727273,"{""clf__C"": 7.709391232564023, ""clf__gamma"": 0.00026471141828218194, ""clf__class_weight"": null}",0.2888798906380924,"[[12, 21], [17, 38]]",arousal,0.5268817204301075,0.5681818181818182,0.5618279569892473,17,0.3090909090909091,,21,0.6363636363636364,0.05590062111801242,0.816880430258325,0.05617872456808733,subject_dependent,rbf_svm,0.41379310344827586,0.6440677966101694,0.7693642704605296,0.5289304500292227,0.5681818181818182,0.5577147866744594,0.5272727272727273,0.5681818181818182,0.5681818181818182,0.5823691460055097,12,0.36363636363636365,38,0.6909090909090909,0.5,0.4666666666666667,0.25926131030295585,"[[1, 2], [2, 3]]",0.4666666666666667,0.5,0.5,2,0.4,2,0.6666666666666666,-0.06666666666666665,0.702089154668333,-0.06666666666666667,0.3333333333333333,0.6,0.8392857142857143,0.4666666666666667,0.5,0.5,0.4666666666666667,0.5,0.5,0.6,1,0.3333333333333333,3,0.6
0.5340909090909091,0.4772727272727273,"{""clf__C"": 64.69870699850829, ""clf__gamma"": 0.0008200518402245837, ""clf__class_weight"": null}",0.25410436214182613,"[[8, 14], [27, 39]]",arousal,0.46808196962995724,0.5340909090909091,0.5617720772519534,27,0.4090909090909091,,14,0.6363636363636364,-0.03797468354430378,0.7181276529729388,-0.040215055313333185,subject_dependent,rbf_svm,0.22857142857142856,0.7358490566037735,0.7839145610552356,0.48221024258760103,0.5340909090909091,0.6090296495956872,0.4772727272727273,0.5340909090909091,0.5340909090909091,0.5258264462809917,8,0.36363636363636365,39,0.5909090909090909,0.625,0.4166666666666667,0.21837809737540356,"[[0, 2], [1, 5]]",0.38461538461538464,0.625,0.576923076923077,1,0.16666666666666666,2,1.0,-0.19999999999999996,0.6136576403522893,-0.2182178902359924,0.0,0.7142857142857143,0.8134920634920635,0.35714285714285715,0.625,0.5357142857142857,0.4166666666666667,0.625,0.625,0.41666666666666663,0,0.0,5,0.8333333333333334
0.5795454545454546,0.5545454545454546,"{""clf__C"": 64.69870699850829, ""clf__gamma"": 0.0008200518402245837, ""clf__class_weight"": null}",0.30440440796751006,"[[15, 18], [19, 36]]",arousal,0.5541558263727235,0.5795454545454546,0.5807544844584418,19,0.34545454545454546,,18,0.5454545454545454,0.10843373493975905,0.9074348567454077,0.1084652289093281,subject_dependent,rbf_svm,0.4411764705882353,0.6666666666666666,0.635795207958995,0.553921568627451,0.5795454545454546,0.5821078431372548,0.5545454545454546,0.5795454545454546,0.5795454545454546,0.5052341597796143,15,0.45454545454545453,36,0.6545454545454545,0.625,0.5666666666666667,0.2652695937930603,"[[1, 2], [1, 4]]",0.5636363636363637,0.625,0.6045454545454546,1,0.2,2,0.6666666666666666,0.1428571428571429,0.73749033010113,0.14907119849998599,0.5,0.6666666666666666,0.7683333333333333,0.5833333333333333,0.625,0.6041666666666666,0.5666666666666667,0.625,0.625,0.6000000000000001,1,0.3333333333333333,4,0.8
0.6136363636363636,0.45454545454545453,"{""clf__C"": 34.26465148409954, ""clf__gamma"": 0.020597335357437203, ""clf__class_weight"": null}",0.34273462262929005,"[[3, 19], [15, 51]]",arousal,0.45,0.6136363636363636,0.6,15,0.22727272727272727,,19,0.8636363636363636,-0.09677419354838701,0.9711046558908069,-0.09759000729485331,subject_dependent,rbf_svm,0.16666666666666666,0.7285714285714285,0.7145254488663109,0.4476190476190476,0.6136363636363636,0.588095238095238,0.45454545454545453,0.6136363636363636,0.6136363636363636,0.3560606060606061,3,0.13636363636363635,51,0.7727272727272727,0.5,0.3333333333333333,0.2757063988133452,"[[0, 2], [2, 4]]",0.3333333333333333,0.5,0.5,2,0.3333333333333333,2,1.0,-0.33333333333333326,0.7596064005015399,-0.3333333333333333,0.0,0.6666666666666666,0.6746031746031745,0.3333333333333333,0.5,0.5,0.3333333333333333,0.5,0.5,0.25,0,0.0,4,0.6666666666666666
0.4090909090909091,0.4242424242424242,"{""clf__C"": 48.43827864278568, ""clf__gamma"": 0.00039459088111000007, ""clf__class_weight"": ""balanced""}",0.34656932014304415,"[[10, 12], [40, 26]]",arousal,0.3888888888888889,0.4090909090909091,0.4444444444444445,40,0.6060606060606061,,12,0.5454545454545454,-0.1063829787234043,0.9799418894972054,-0.13245323570650439,subject_dependent,rbf_svm,0.2,0.6842105263157895,0.7054416358958898,0.4421052631578948,0.4090909090909091,0.5631578947368422,0.4242424242424242,0.4090909090909091,0.4090909090909091,0.3973829201101928,10,0.45454545454545453,26,0.3939393939393939,0.375,0.25,0.29266637371081106,"[[0, 2], [3, 3]]",0.2727272727272727,0.375,0.40909090909090906,3,0.5,2,1.0,-0.4285714285714286,0.7811934294362123,-0.4472135954999579,0.0,0.6,0.7579365079365079,0.3,0.375,0.44999999999999996,0.25,0.375,0.375,0.3333333333333333,0,0.0,3,0.5
0.3522727272727273,0.38484848484848483,"{""clf__C"": 0.4342298948286134, ""clf__gamma"": 0.0008179499475211679, ""clf__class_weight"": ""balanced""}",0.25532134843016546,"[[17, 16], [41, 14]]",arousal,0.35151906916612796,0.3522727272727273,0.3459922430510666,41,0.7454545454545455,,16,0.48484848484848486,-0.19999999999999996,0.7040139292275037,-0.23521409502426568,subject_dependent,rbf_svm,0.29310344827586204,0.4666666666666667,0.5438089826513708,0.37988505747126433,0.3522727272727273,0.401580459770115,0.38484848484848483,0.3522727272727273,0.3522727272727273,0.30661157024793384,17,0.5151515151515151,14,0.2545454545454545,0.5,0.4,0.25453305492802714,"[[0, 3], [1, 4]]",0.3333333333333333,0.5,0.41666666666666663,1,0.2,3,1.0,-0.23076923076923084,0.7023374650925724,-0.29277002188455997,0.0,0.5714285714285714,0.5726190476190476,0.2857142857142857,0.5,0.3571428571428571,0.4,0.5,0.5,0.2666666666666667,0,0.0,4,0.8
0.7159090909090909,0.6818181818181819,"{""clf__C"": 5.2117930643778205, ""clf__gamma"": 0.0036999724314638123, ""clf__class_weight"": null}",0.21373131935641612,"[[45, 10], [15, 18]]",arousal,0.6863863150392018,0.7159090909090909,0.7104419101924448,15,0.45454545454545453,,10,0.18181818181818182,0.375,0.6980898321699018,0.37796447300922725,subject_dependent,rbf_svm,0.75,0.6428571428571429,0.6091815153552462,0.6964285714285714,0.7159090909090909,0.7098214285714286,0.6818181818181819,0.7159090909090909,0.7159090909090909,0.7526170798898072,45,0.8181818181818182,18,0.5454545454545454,0.75,0.7333333333333334,0.1502646367673502,"[[4, 1], [1, 2]]",0.7333333333333334,0.75,0.75,1,0.3333333333333333,1,0.2,0.4666666666666667,0.4510411016182744,0.4666666666666667,0.8,0.6666666666666666,0.8666666666666667,0.7333333333333334,0.75,0.75,0.7333333333333334,0.75,0.75,0.8666666666666667,4,0.8,2,0.6666666666666666
0.6477272727272727,0.6818181818181819,"{""clf__C"": 183.42628625395747, ""clf__gamma"": 0.0001005394019469303, ""clf__class_weight"": ""balanced""}",0.2759883811478035,"[[30, 25], [6, 27]]",arousal,0.647317388493859,0.6477272727272727,0.6503232062055592,6,0.18181818181818182,,25,0.45454545454545453,0.32608695652173914,0.8196952408180483,0.35805743701971643,subject_dependent,rbf_svm,0.8333333333333334,0.5192307692307693,0.6597444668909969,0.6762820512820513,0.6477272727272727,0.7155448717948718,0.6818181818181819,0.6477272727272727,0.6477272727272727,0.6975206611570249,30,0.5454545454545454,27,0.8181818181818182,0.625,0.7,0.21908749555114548,"[[2, 3], [0, 3]]",0.6190476190476191,0.625,0.6071428571428571,0,0.0,3,0.6,0.33333333333333337,0.6169245036592008,0.4472135954999579,1.0,0.5,0.7222222222222223,0.75,0.625,0.8125,0.7,0.625,0.625,0.7333333333333333,2,0.4,3,1.0
0.6136363636363636,0.6136363636363636,"{""clf__C"": 7.709391232564023, ""clf__gamma"": 0.00026471141828218194, ""clf__class_weight"": null}",0.24311522567982594,"[[22, 22], [12, 32]]",arousal,0.60858189429618,0.6136363636363636,0.60858189429618,12,0.2727272727272727,,22,0.5,0.2272727272727273,0.7006983901527589,0.2333800140046683,subject_dependent,rbf_svm,0.6470588235294118,0.5925925925925926,0.6323807195365246,0.6198257080610021,0.6136363636363636,0.6198257080610022,0.6136363636363636,0.6136363636363636,0.6136363636363636,0.6632231404958678,22,0.5,32,0.7272727272727273,0.75,0.75,0.20644043456212555,"[[2, 2], [0, 4]]",0.7333333333333334,0.75,0.7333333333333334,0,0.0,2,0.5,0.5,0.5970964087143242,0.5773502691896258,1.0,0.6666666666666666,0.8166666666666667,0.8333333333333333,0.75,0.8333333333333333,0.75,0.75,0.75,0.75,2,0.5,4,1.0
0.5681818181818182,0.6121212121212121,"{""clf__C"": 0.6351054340728711, ""clf__gamma"": 0.0005285382203816729, ""clf__class_weight"": ""balanced""}",0.25645302559157696,"[[26, 7], [31, 24]]",arousal,0.5679586563307493,0.5681818181818182,0.5655038759689922,31,0.5636363636363636,,7,0.21212121212121213,0.1957671957671958,0.7082394950696972,0.22726775388566384,subject_dependent,rbf_svm,0.45614035087719296,0.7741935483870968,0.7365114127532759,0.6151669496321448,0.5681818181818182,0.6549235993208828,0.6121212121212121,0.5681818181818182,0.5681818181818182,0.6528925619834711,26,0.7878787878787878,24,0.43636363636363634,0.625,0.7,0.24024302411391288,"[[3, 0], [3, 2]]",0.6190476190476191,0.625,0.6071428571428571,3,0.6,0,0.0,0.33333333333333337,0.6731814013611441,0.4472135954999579,0.5,1.0,0.852857142857143,0.75,0.625,0.8125,0.7,0.625,0.625,0.7333333333333334,3,1.0,2,0.4
0.6704545454545454,0.6515151515151516,"{""clf__C"": 13.411788774467905, ""clf__gamma"": 0.00026210878782654407, ""clf__class_weight"": ""balanced""}",0.19144576469346497,"[[19, 14], [15, 40]]",arousal,0.6505545666164589,0.6704545454545454,0.6714021634944544,15,0.2727272727272727,,14,0.42424242424242425,0.3012048192771084,0.5618320337932978,0.3012923025259114,subject_dependent,rbf_svm,0.5588235294117647,0.7407407407407407,0.8567339466146023,0.6497821350762527,0.6704545454545454,0.6725217864923748,0.6515151515151516,0.6704545454545454,0.6704545454545454,0.7672176308539944,19,0.5757575757575758,40,0.7272727272727273,0.75,0.7333333333333334,0.1613227544178534,"[[2, 1], [1, 4]]",0.7333333333333334,0.75,0.75,1,0.2,1,0.3333333333333333,0.4666666666666667,0.5059455196975864,0.4666666666666667,0.6666666666666666,0.8,0.9666666666666667,0.7333333333333334,0.75,0.75,0.7333333333333334,0.75,0.75,0.9333333333333333,2,0.6666666666666666,4,0.8
0.5909090909090909,0.7272727272727273,"{""clf__C"": 0.40069130793659025, ""clf__gamma"": 0.0014899847475658245, ""clf__class_weight"": ""balanced""}",0.1716451030949095,"[[22, 0], [36, 30]]",arousal,0.5875,0.5909090909090909,0.6062500000000001,36,0.5454545454545454,,0,0.0,0.2941176470588235,0.5136137514144931,0.41522739926869984,subject_dependent,rbf_svm,0.3793103448275862,1.0,0.9260561602336769,0.6896551724137931,0.5909090909090909,0.8448275862068965,0.7272727272727273,0.5909090909090909,0.5909090909090909,0.7754820936639119,22,1.0,30,0.45454545454545453,0.75,0.6666666666666667,0.1668616691201739,"[[1, 1], [1, 5]]",0.6666666666666667,0.75,0.75,1,0.16666666666666666,1,0.5,0.33333333333333337,0.5055852287003433,0.3333333333333333,0.5,0.8333333333333334,0.9484126984126984,0.6666666666666667,0.75,0.75,0.6666666666666667,0.75,0.75,0.8333333333333333,1,0.5,5,0.8333333333333334
0.125,0.11038961038961038,"{""clf__C"": 34.26465148409954, ""clf__gamma"": 0.020597335357437203, ""clf__class_weight"": null}",0.6882765806559353,"[[1, 10], [67, 10]]",arousal,0.1157510113532559,0.125,0.18357692809604592,67,0.8701298701298701,,10,0.9090909090909091,-0.24193548387096775,2.6106910429374377,-0.6149400462680908,subject_dependent,rbf_svm,0.014705882352941176,0.5,0.7226348784178851,0.25735294117647056,0.125,0.4393382352941177,0.11038961038961038,0.125,0.12499999999999999,0.061393152302243216,1,0.09090909090909091,10,0.12987012987012986,0.0,0.0,0.6583032301576877,"[[0, 1], [7, 0]]",0.0,0.0,0.0,7,1.0,1,1.0,-0.28,1.9729143130396025,-1.0,0.0,0.0,0.754591836734694,0.0,0.0,0.0,0.0,0.0,0.0,0.0,0,0.0,0,0.0
0.6022727272727273,0.6212121212121212,"{""clf__C"": 235.1599274057192, ""clf__gamma"": 0.021154290797261225, ""clf__class_weight"": ""balanced""}",0.3256812468247183,"[[23, 10], [25, 30]]",arousal,0.5997400909681612,0.6022727272727273,0.6076998050682261,25,0.45454545454545453,,10,0.30303030303030304,0.2222222222222222,1.397644419088332,0.23570226039551584,subject_dependent,rbf_svm,0.4791666666666667,0.75,0.8101583891292704,0.6145833333333334,0.6022727272727273,0.6484375,0.6212121212121212,0.6022727272727273,0.6022727272727273,0.696969696969697,23,0.696969696969697,30,0.5454545454545454,0.5,0.5333333333333333,0.30566758925574905,"[[2, 1], [3, 2]]",0.5,0.5,0.5,3,0.6,1,0.3333333333333333,0.05882352941176472,0.945815944182125,0.06666666666666667,0.4,0.6666666666666666,0.852857142857143,0.5333333333333333,0.5,0.5666666666666667,0.5333333333333333,0.5,0.5,0.7333333333333334,2,0.6666666666666666,2,0.4
0.6136363636363636,0.6136363636363636,"{""clf__C"": 183.42628625395747, ""clf__gamma"": 0.0001005394019469303, ""clf__class_weight"": ""balanced""}",0.2627748285443129,"[[29, 15], [19, 25]]",arousal,0.6128364389233955,0.6136363636363636,0.6128364389233955,19,0.4318181818181818,,15,0.3409090909090909,0.2272727272727273,0.7401058168775164,0.2282177322938192,subject_dependent,rbf_svm,0.6041666666666666,0.625,0.7539069378469401,0.6145833333333333,0.6136363636363636,0.6145833333333333,0.6136363636363636,0.6136363636363636,0.6136363636363636,0.6704545454545455,29,0.6590909090909091,25,0.5681818181818182,0.625,0.625,0.22364001855122015,"[[2, 2], [1, 3]]",0.6190476190476191,0.625,0.6190476190476191,1,0.25,2,0.5,0.25,0.6171975721023775,0.2581988897471611,0.6666666666666666,0.6,0.775,0.6333333333333333,0.625,0.6333333333333333,0.625,0.625,0.625,0.625,2,0.5,3,0.75
0.6590909090909091,0.6363636363636364,"{""clf__C"": 1.351144633701368, ""clf__gamma"": 0.015446089075047083, ""clf__class_weight"": ""balanced""}",0.25492949926814334,"[[18, 15], [15, 40]]",arousal,0.6363636363636364,0.6590909090909091,0.6590909090909091,15,0.2727272727272727,,15,0.45454545454545453,0.2727272727272727,0.7774221782863623,0.2727272727272727,subject_dependent,rbf_svm,0.5454545454545454,0.7272727272727273,0.8724521870150361,0.6363636363636364,0.6590909090909091,0.6590909090909091,0.6363636363636364,0.6590909090909091,0.6590909090909091,0.7460055096418732,18,0.5454545454545454,40,0.7272727272727273,0.625,0.6333333333333333,0.2148161194170109,"[[2, 1], [2, 3]]",0.6190476190476191,0.625,0.6309523809523809,2,0.4,1,0.3333333333333333,0.25,0.574332628769048,0.2581988897471611,0.5,0.75,0.8761904761904762,0.625,0.625,0.65625,0.6333333333333333,0.625,0.625,0.7333333333333334,2,0.6666666666666666,3,0.6
