accuracy,balanced_accuracy,best_params,brier,confusion_matrix,dimension,f1_macro,f1_micro,f1_weighted,fn,fnr,fold,fp,fpr,kappa,log_loss,mcc,mode,model,npv,ppv,pr_auc,precision_macro,precision_micro,precision_weighted,recall_macro,recall_micro,recall_weighted,roc_auc,tn,tnr,tp,tpr,trial_accuracy,trial_balanced_accuracy,trial_brier,trial_confusion_matrix,trial_f1_macro,trial_f1_micro,trial_f1_weighted,trial_fn,trial_fnr,trial_fp,trial_fpr,trial_kappa,trial_log_loss,trial_mcc,trial_npv,trial_ppv,trial_pr_auc,trial_precision_macro,trial_precision_micro,trial_precision_weighted,trial_recall_macro,trial_recall_micro,trial_recall_weighted,trial_roc_auc,trial_tn,trial_tnr,trial_tp,trial_tpr
0.5113636363636364,0.5484848484848486,"{""clf__C"": 13.411788774467905, ""clf__gamma"": 0.00026210878782654407, ""clf__class_weight"": ""balanced""}",0.3301607763664405,"[[23, 10], [33, 22]]",valence,0.5113005295105257,0.5113636363636364,0.5099121787420896,33,0.6,,10,0.30303030303030304,0.08510638297872342,0.917941117781046,0.09759000729485331,subject_dependent,rbf_svm,0.4107142857142857,0.6875,0.69410509802758,0.5491071428571428,0.5113636363636364,0.5837053571428572,0.5484848484848486,0.5113636363636364,0.5113636363636364,0.5410468319559228,23,0.696969696969697,22,0.4,0.375,0.43333333333333335,0.28927760605896463,"[[2, 1], [4, 1]]",0.36507936507936506,0.375,0.34523809523809523,4,0.8,1,0.3333333333333333,-0.11111111111111116,0.7710010916503485,-0.14907119849998599,0.3333333333333333,0.5,0.7295238095238095,0.41666666666666663,0.375,0.4375,0.43333333333333335,0.375,0.375,0.5333333333333334,2,0.6666666666666666,1,0.2
0.5340909090909091,0.5340909090909091,"{""clf__C"": 235.1599274057192, ""clf__gamma"": 0.021154290797261225, ""clf__class_weight"": ""balanced""}",0.35422463070595445,"[[37, 7], [34, 10]]",valence,0.4856735566642908,0.5340909090909091,0.48567355666429074,34,0.7727272727272727,,7,0.1590909090909091,0.06818181818181823,1.294010348984117,0.08635104937551057,subject_dependent,rbf_svm,0.5211267605633803,0.5882352941176471,0.5135284349533005,0.5546810273405136,0.5340909090909091,0.5546810273405136,0.5340909090909091,0.5340909090909091,0.5340909090909091,0.46642561983471076,37,0.8409090909090909,10,0.22727272727272727,0.625,0.625,0.3124974252751587,"[[4, 0], [3, 1]]",0.5636363636363637,0.625,0.5636363636363637,3,0.75,0,0.0,0.25,0.8623671440233285,0.3779644730092272,0.5714285714285714,1.0,0.6845238095238095,0.7857142857142857,0.625,0.7857142857142857,0.625,0.625,0.625,0.5625,4,1.0,1,0.25
0.6022727272727273,0.553030303030303,"{""clf__C"": 12.957079329680445, ""clf__gamma"": 0.00032476735706274504, ""clf__class_weight"": null}",0.19362700177012437,"[[43, 23], [12, 10]]",valence,0.5371900826446281,0.6022727272727273,0.6239669421487603,12,0.5454545454545454,,23,0.3484848484848485,0.09090909090909094,0.5624077857431629,0.09486348995453653,subject_dependent,rbf_svm,0.7818181818181819,0.30303030303030304,0.4954971942768735,0.5424242424242425,0.6022727272727273,0.6621212121212121,0.553030303030303,0.6022727272727273,0.6022727272727273,0.6887052341597797,43,0.6515151515151515,10,0.45454545454545453,0.75,0.6666666666666667,0.17948712488716118,"[[5, 1], [1, 1]]",0.6666666666666667,0.75,0.75,1,0.5,1,0.16666666666666666,0.33333333333333337,0.5372556568381411,0.3333333333333333,0.8333333333333334,0.5,0.75,0.6666666666666667,0.75,0.75,0.6666666666666667,0.75,0.75,0.8333333333333334,5,0.8333333333333334,1,0.5
0.45454545454545453,0.2597402597402597,"{""clf__C"": 0.26052157465743125, ""clf__gamma"": 0.013795402040204185, ""clf__class_weight"": null}",0.3628235053941028,"[[40, 37], [11, 0]]",valence,0.3125,0.45454545454545453,0.546875,11,1.0,,37,0.4805194805194805,-0.2387096774193549,1.05548471781519,-0.3219339320149913,subject_dependent,rbf_svm,0.7843137254901961,0.0,0.0865242925251701,0.39215686274509803,0.45454545454545453,0.6862745098039216,0.2597402597402597,0.45454545454545453,0.4545454545454545,0.22668240850059035,40,0.5194805194805194,0,0.0,0.5,0.2857142857142857,0.347732060216737,"[[4, 3], [1, 0]]",0.3333333333333333,0.5,0.5833333333333333,1,1.0,3,0.42857142857142855,-0.23076923076923084,1.004316428748333,-0.29277002188455997,0.8,0.0,0.14285714285714285,0.4,0.5,0.7000000000000001,0.2857142857142857,0.5,0.5,0.1428571428571429,4,0.5714285714285714,0,0.0
0.6363636363636364,0.6363636363636364,"{""clf__C"": 0.40069130793659025, ""clf__gamma"": 0.0014899847475658245, ""clf__class_weight"": ""balanced""}",0.2094960804734616,"[[21, 23], [9, 35]]",valence,0.6269210386857446,0.6363636363636364,0.6269210386857446,9,0.20454545454545456,,23,0.5227272727272727,0.2727272727272727,0.6056403091668808,0.2876779808912305,subject_dependent,rbf_svm,0.7,0.603448275862069,0.8322191446627684,0.6517241379310345,0.6363636363636364,0.6517241379310345,0.6363636363636364,0.6363636363636364,0.6363636363636364,0.7753099173553719,21,0.4772727272727273,35,0.7954545454545454,0.625,0.625,0.2058622950532804,"[[2, 2], [1, 3]]",0.6190476190476191,0.625,0.6190476190476191,1,0.25,2,0.5,0.25,0.5978858430327214,0.2581988897471611,0.6666666666666666,0.6,0.875,0.6333333333333333,0.625,0.6333333333333333,0.625,0.625,0.625,0.75,2,0.5,3,0.75
0.6590909090909091,0.7272727272727273,"{""clf__C"": 48.43827864278568, ""clf__gamma"": 0.00039459088111000007, ""clf__class_weight"": ""balanced""}",0.28416617470777417,"[[39, 27], [3, 19]]",valence,0.6405228758169934,0.6590909090909091,0.6813725490196079,3,0.13636363636363635,,27,0.4090909090909091,0.33333333333333337,1.658566151651559,0.39405520311955033,subject_dependent,rbf_svm,0.9285714285714286,0.41304347826086957,0.39400352335112726,0.6708074534161491,0.6590909090909091,0.7996894409937888,0.7272727272727273,0.6590909090909091,0.6590909090909091,0.7203856749311295,39,0.5909090909090909,19,0.8636363636363636,0.875,0.9166666666666667,0.23056923613842173,"[[5, 1], [0, 2]]",0.8545454545454545,0.875,0.8818181818181818,0,0.0,1,0.16666666666666666,0.7142857142857143,0.9812260844760428,0.7453559924999299,1.0,0.6666666666666666,0.5833333333333333,0.8333333333333333,0.875,0.9166666666666666,0.9166666666666667,0.875,0.875,0.8333333333333334,5,0.8333333333333334,2,1.0
0.6363636363636364,0.5333333333333333,"{""clf__C"": 0.5284919490133119, ""clf__gamma"": 0.005047786565710607, ""clf__class_weight"": null}",0.2660316142203398,"[[52, 3], [29, 4]]",valence,0.48235294117647054,0.6363636363636364,0.5529411764705882,29,0.8787878787878788,,3,0.05454545454545454,0.07913669064748197,0.9318106715186419,0.11927667558259851,subject_dependent,rbf_svm,0.6419753086419753,0.5714285714285714,0.5270554289076008,0.6067019400352733,0.6363636363636364,0.6155202821869488,0.5333333333333333,0.6363636363636364,0.6363636363636364,0.5619834710743802,52,0.9454545454545454,4,0.12121212121212122,0.625,0.5,0.22896791096765445,"[[5, 0], [3, 0]]",0.38461538461538464,0.625,0.4807692307692308,3,1.0,0,0.0,0.0,0.7222390158715872,0.0,0.625,0.0,0.7916666666666666,0.3125,0.625,0.390625,0.5,0.625,0.625,0.6666666666666666,5,1.0,0,0.0
0.7159090909090909,0.5833333333333334,"{""clf__C"": 0.40069130793659025, ""clf__gamma"": 0.0014899847475658245, ""clf__class_weight"": ""balanced""}",0.16876183628587355,"[[56, 10], [15, 7]]",valence,0.5882463035747707,0.7159090909090909,0.7028822758749766,15,0.6818181818181818,,10,0.15151515151515152,0.180327868852459,0.5216094750327229,0.18280093920644488,subject_dependent,rbf_svm,0.7887323943661971,0.4117647058823529,0.5253495872994467,0.600248550124275,0.7159090909090909,0.6944904722452361,0.5833333333333334,0.7159090909090909,0.7159090909090909,0.7451790633608815,56,0.8484848484848485,7,0.3181818181818182,0.75,0.6666666666666667,0.1380267173415614,"[[5, 1], [1, 1]]",0.6666666666666667,0.75,0.75,1,0.5,1,0.16666666666666666,0.33333333333333337,0.443448303323296,0.3333333333333333,0.8333333333333334,0.5,0.8333333333333333,0.6666666666666667,0.75,0.75,0.6666666666666667,0.75,0.75,0.9166666666666667,5,0.8333333333333334,1,0.5
0.5681818181818182,0.6060606060606061,"{""clf__C"": 0.40069130793659025, ""clf__gamma"": 0.0014899847475658245, ""clf__class_weight"": ""balanced""}",0.2592657017792421,"[[25, 8], [30, 25]]",valence,0.5681818181818182,0.5681818181818182,0.5681818181818182,30,0.5454545454545454,,8,0.24242424242424243,0.1871657754010695,0.7338176348367521,0.21212121212121213,subject_dependent,rbf_svm,0.45454545454545453,0.7575757575757576,0.7991087438129274,0.6060606060606061,0.5681818181818182,0.6439393939393939,0.6060606060606061,0.5681818181818182,0.5681818181818182,0.6801652892561983,25,0.7575757575757576,25,0.45454545454545453,0.75,0.8,0.2195120798372731,"[[3, 0], [2, 3]]",0.75,0.75,0.75,2,0.4,0,0.0,0.5294117647058824,0.6256238801261135,0.6,0.6,1.0,0.8761904761904762,0.8,0.75,0.85,0.8,0.75,0.75,0.7333333333333334,3,1.0,3,0.6
0.5568181818181818,0.6742424242424242,"{""clf__C"": 1.351144633701368, ""clf__gamma"": 0.015446089075047083, ""clf__class_weight"": ""balanced""}",0.3324733286073616,"[[20, 2], [37, 29]]",valence,0.5521336291269738,0.5568181818181818,0.5750358867284354,37,0.5606060606060606,,2,0.09090909090909091,0.2277227722772277,1.0062455525461338,0.31589949664829287,subject_dependent,rbf_svm,0.3508771929824561,0.9354838709677419,0.8746581109940486,0.643180531975099,0.5568181818181818,0.7893322014714205,0.6742424242424242,0.5568181818181818,0.5568181818181818,0.6721763085399449,20,0.9090909090909091,29,0.4393939393939394,0.375,0.5833333333333334,0.2785040443926332,"[[2, 0], [5, 1]]",0.36507936507936506,0.375,0.32539682539682535,5,0.8333333333333334,0,0.0,0.09090909090909094,0.7547783859459034,0.2182178902359924,0.2857142857142857,1.0,0.9761904761904762,0.6428571428571428,0.375,0.8214285714285714,0.5833333333333334,0.375,0.375,0.9166666666666667,2,1.0,1,0.16666666666666666
0.5227272727272727,0.5393939393939394,"{""clf__C"": 12.957079329680445, ""clf__gamma"": 0.00032476735706274504, ""clf__class_weight"": null}",0.2650812966282581,"[[20, 13], [29, 26]]",valence,0.5204981837052414,0.5227272727272727,0.5286715101193565,29,0.5272727272727272,,13,0.3939393939393939,0.07182320441988954,0.727402369912659,0.07678340712665285,subject_dependent,rbf_svm,0.40816326530612246,0.6666666666666666,0.6421765088813691,0.5374149659863945,0.5227272727272727,0.5697278911564626,0.5393939393939394,0.5227272727272727,0.5227272727272727,0.5212121212121212,20,0.6060606060606061,26,0.4727272727272727,0.375,0.3666666666666667,0.24846097012577772,"[[1, 2], [3, 2]]",0.36507936507936506,0.375,0.38492063492063494,3,0.6,2,0.6666666666666666,-0.25,0.6900362690577536,-0.2581988897471611,0.25,0.5,0.7783333333333333,0.375,0.375,0.40625,0.3666666666666667,0.375,0.375,0.5333333333333334,1,0.3333333333333333,2,0.4
0.5340909090909091,0.4818181818181818,"{""clf__C"": 243.14537412227003, ""clf__gamma"": 0.0004992453416923984, ""clf__class_weight"": ""balanced""}",0.3049495088132174,"[[38, 17], [24, 9]]",valence,0.4773286976676807,0.5340909090909091,0.520389685643923,24,0.7272727272727273,,17,0.3090909090909091,-0.03797468354430378,0.8626792184328409,-0.03858540847131546,subject_dependent,rbf_svm,0.6129032258064516,0.34615384615384615,0.3364133401689644,0.4795285359801489,0.5340909090909091,0.5128722084367247,0.4818181818181818,0.5340909090909091,0.5340909090909091,0.44793388429752073,38,0.6909090909090909,9,0.2727272727272727,0.5,0.4,0.2752940459669175,"[[4, 1], [3, 0]]",0.3333333333333333,0.5,0.41666666666666663,3,1.0,1,0.2,-0.23076923076923084,0.7521861984121347,-0.29277002188455997,0.5714285714285714,0.0,0.4206349206349206,0.2857142857142857,0.5,0.3571428571428571,0.4,0.5,0.5,0.39999999999999997,4,0.8,0,0.0
0.4431818181818182,0.44318181818181823,"{""clf__C"": 0.4342298948286134, ""clf__gamma"": 0.0008179499475211679, ""clf__class_weight"": ""balanced""}",0.2883255064301914,"[[26, 18], [31, 13]]",valence,0.43075907590759077,0.4431818181818182,0.43075907590759077,31,0.7045454545454546,,18,0.4090909090909091,-0.11363636363636354,0.7751950556332029,-0.11894651701745163,subject_dependent,rbf_svm,0.45614035087719296,0.41935483870967744,0.43552747615330367,0.43774759479343517,0.4431818181818182,0.4377475947934352,0.44318181818181823,0.4431818181818182,0.4431818181818182,0.4390495867768595,26,0.5909090909090909,13,0.29545454545454547,0.5,0.5,0.2850522485419982,"[[2, 2], [2, 2]]",0.5,0.5,0.5,2,0.5,2,0.5,0.0,0.7674122275492091,0.0,0.5,0.5,0.5428571428571428,0.5,0.5,0.5,0.5,0.5,0.5,0.5,2,0.5,2,0.5
0.38636363636363635,0.40909090909090906,"{""clf__C"": 0.40069130793659025, ""clf__gamma"": 0.0014899847475658245, ""clf__class_weight"": ""balanced""}",0.2893277437234954,"[[10, 12], [42, 24]]",valence,0.37042925278219396,0.38636363636363635,0.4205087440381558,42,0.6363636363636364,,12,0.5454545454545454,-0.125,0.7775195167218676,-0.16012815380508713,subject_dependent,rbf_svm,0.19230769230769232,0.6666666666666666,0.771133378674703,0.42948717948717946,0.38636363636363635,0.5480769230769231,0.40909090909090906,0.38636363636363635,0.38636363636363635,0.45179063360881544,10,0.45454545454545453,24,0.36363636363636365,0.25,0.3333333333333333,0.28301423993704805,"[[1, 1], [5, 1]]",0.25,0.25,0.25,5,0.8333333333333334,1,0.5,-0.19999999999999996,0.7636248170470259,-0.3333333333333333,0.16666666666666666,0.5,0.7801587301587302,0.3333333333333333,0.25,0.4166666666666667,0.3333333333333333,0.25,0.25,0.41666666666666663,1,0.5,1,0.16666666666666666
0.6022727272727273,0.5787878787878789,"{""clf__C"": 0.40069130793659025, ""clf__gamma"": 0.0014899847475658245, ""clf__class_weight"": ""balanced""}",0.2820900796748406,"[[37, 18], [17, 16]]",valence,0.5782555114336574,0.6022727272727273,0.6034164042174449,17,0.5151515151515151,,18,0.32727272727272727,0.15662650602409633,0.7693345532204039,0.15667199731347392,subject_dependent,rbf_svm,0.6851851851851852,0.47058823529411764,0.45520031249478066,0.5778867102396514,0.6022727272727273,0.604711328976035,0.5787878787878789,0.6022727272727273,0.6022727272727273,0.5421487603305785,37,0.6727272727272727,16,0.48484848484848486,0.5,0.5333333333333333,0.2764905625887562,"[[2, 3], [1, 2]]",0.5,0.5,0.5,1,0.3333333333333333,3,0.6,0.05882352941176472,0.757055768532723,0.06666666666666667,0.6666666666666666,0.4,0.5138888888888888,0.5333333333333333,0.5,0.5666666666666667,0.5333333333333333,0.5,0.5,0.5333333333333333,2,0.4,2,0.6666666666666666
0.32954545454545453,0.26969696969696966,"{""clf__C"": 0.4342298948286134, ""clf__gamma"": 0.0008179499475211679, ""clf__class_weight"": ""balanced""}",0.38485443803968095,"[[1, 32], [27, 28]]",valence,0.25987170349251604,0.32954545454545453,0.31664290805416967,27,0.4909090909090909,,32,0.9696969696969697,-0.4750000000000001,1.0190611898111566,-0.4787549991450212,subject_dependent,rbf_svm,0.03571428571428571,0.4666666666666667,0.5431674768086991,0.2511904761904762,0.32954545454545453,0.3050595238095238,0.26969696969696966,0.32954545454545453,0.32954545454545453,0.28209366391184576,1,0.030303030303030304,28,0.509090909090909,0.375,0.3,0.378204678156129,"[[0, 3], [2, 3]]",0.2727272727272727,0.375,0.3409090909090909,2,0.4,3,1.0,-0.4285714285714286,0.9933984372291387,-0.4472135954999579,0.0,0.5,0.6392857142857143,0.25,0.375,0.3125,0.3,0.375,0.375,0.2666666666666667,0,0.0,3,0.6
0.6022727272727273,0.5606060606060606,"{""clf__C"": 13.411788774467905, ""clf__gamma"": 0.00026210878782654407, ""clf__class_weight"": ""balanced""}",0.26933841187507124,"[[13, 20], [15, 40]]",valence,0.5609408410548824,0.6022727272727273,0.5946186742694226,15,0.2727272727272727,,20,0.6060606060606061,0.125,0.75621547786474,0.12598815766974242,subject_dependent,rbf_svm,0.4642857142857143,0.6666666666666666,0.6204815372455044,0.5654761904761905,0.6022727272727273,0.5907738095238094,0.5606060606060606,0.6022727272727273,0.6022727272727273,0.4705234159779615,13,0.3939393939393939,40,0.7272727272727273,0.625,0.5,0.24942261293098456,"[[0, 3], [0, 5]]",0.38461538461538464,0.625,0.4807692307692308,0,0.0,3,1.0,0.0,0.7008927825551422,0.0,0.0,0.625,0.6226190476190476,0.3125,0.625,0.390625,0.5,0.625,0.625,0.4,0,0.0,5,1.0
0.36363636363636365,0.36363636363636365,"{""clf__C"": 243.14537412227003, ""clf__gamma"": 0.0004992453416923984, ""clf__class_weight"": ""balanced""}",0.5164534024929792,"[[16, 28], [28, 16]]",valence,0.36363636363636365,0.36363636363636365,0.36363636363636365,28,0.6363636363636364,,28,0.6363636363636364,-0.2727272727272727,1.9151478404738271,-0.2727272727272727,subject_dependent,rbf_svm,0.36363636363636365,0.36363636363636365,0.37844208299337245,0.36363636363636365,0.36363636363636365,0.36363636363636365,0.36363636363636365,0.36363636363636365,0.36363636363636365,0.26704545454545453,16,0.36363636363636365,16,0.36363636363636365,0.25,0.25,0.4441655660833499,"[[0, 4], [2, 2]]",0.2,0.25,0.2,2,0.5,4,1.0,-0.5,1.1663828074345226,-0.5773502691896258,0.0,0.3333333333333333,0.5821428571428572,0.16666666666666666,0.25,0.16666666666666666,0.25,0.25,0.25,0.3125,0,0.0,2,0.5
0.6477272727272727,0.49242424242424243,"{""clf__C"": 1.351144633701368, ""clf__gamma"": 0.015446089075047083, ""clf__class_weight"": ""balanced""}",0.2984416031409397,"[[4, 18], [13, 53]]",valence,0.48942541643271575,0.6477272727272727,0.6315740220849709,13,0.19696969696969696,,18,0.8181818181818182,-0.016393442622950838,0.9613426369478966,-0.016618267200585898,subject_dependent,rbf_svm,0.23529411764705882,0.7464788732394366,0.6795972462389228,0.4908864954432477,0.6477272727272727,0.6186826843413422,0.49242424242424243,0.6477272727272727,0.6477272727272727,0.38636363636363635,4,0.18181818181818182,53,0.803030303030303,0.75,0.5,0.23509451749088925,"[[0, 2], [0, 6]]",0.42857142857142855,0.75,0.6428571428571428,0,0.0,2,1.0,0.0,0.6720663859098158,0.0,0.0,0.75,0.6496031746031745,0.375,0.75,0.5625,0.5,0.75,0.75,0.16666666666666666,0,0.0,6,1.0
0.42045454545454547,0.4621212121212121,"{""clf__C"": 262.30889101079146, ""clf__gamma"": 0.0025135566617708314, ""clf__class_weight"": null}",0.409173610093519,"[[12, 10], [41, 25]]",valence,0.40752475247524755,0.42045454545454547,0.45128712871287124,41,0.6212121212121212,,10,0.45454545454545453,-0.05154639175257736,1.3024731776745835,-0.06702509218888864,subject_dependent,rbf_svm,0.22641509433962265,0.7142857142857143,0.7257847878277667,0.4703504043126685,0.42045454545454547,0.5923180592991915,0.4621212121212121,0.42045454545454547,0.42045454545454547,0.5261707988980717,12,0.5454545454545454,25,0.3787878787878788,0.375,0.41666666666666663,0.31754500482964865,"[[1, 1], [4, 2]]",0.36507936507936506,0.375,0.40476190476190477,4,0.6666666666666666,1,0.5,-0.11111111111111116,0.8356083118759181,-0.14907119849998599,0.2,0.6666666666666666,0.7345238095238095,0.43333333333333335,0.375,0.55,0.41666666666666663,0.375,0.375,0.5,1,0.5,2,0.3333333333333333
0.6022727272727273,0.6022727272727273,"{""clf__C"": 51.4138527229363, ""clf__gamma"": 0.006173770394704574, ""clf__class_weight"": ""balanced""}",0.28573553894698267,"[[21, 23], [12, 32]]",valence,0.595959595959596,0.6022727272727273,0.5959595959595959,12,0.2727272727272727,,23,0.5227272727272727,0.20454545454545459,0.9578374266340187,0.2112536370658591,subject_dependent,rbf_svm,0.6363636363636364,0.5818181818181818,0.6249381506912791,0.6090909090909091,0.6022727272727273,0.609090909090909,0.6022727272727273,0.6022727272727273,0.6022727272727273,0.641012396694215,21,0.4772727272727273,32,0.7272727272727273,0.75,0.75,0.2334100205713613,"[[2, 2], [0, 4]]",0.7333333333333334,0.75,0.7333333333333334,0,0.0,2,0.5,0.5,0.6599495314138881,0.5773502691896258,1.0,0.6666666666666666,0.6916666666666667,0.8333333333333333,0.75,0.8333333333333333,0.75,0.75,0.75,0.625,2,0.5,4,1.0
0.6136363636363636,0.6623376623376623,"{""clf__C"": 1.351144633701368, ""clf__gamma"": 0.015446089075047083, ""clf__class_weight"": ""balanced""}",0.30738153329175427,"[[46, 31], [3, 8]]",valence,0.525079365079365,0.6136363636363636,0.6788888888888889,3,0.2727272727272727,,31,0.4025974025974026,0.15527950310559002,1.13037283800438,0.21615269023885803,subject_dependent,rbf_svm,0.9387755102040817,0.20512820512820512,0.20128723782210706,0.5719518576661434,0.6136363636363636,0.8470695970695972,0.6623376623376623,0.6136363636363636,0.6136363636363636,0.6469893742621016,46,0.5974025974025974,8,0.7272727272727273,0.75,0.8571428571428572,0.22507935158229625,"[[5, 2], [0, 1]]",0.6666666666666667,0.75,0.7916666666666667,0,0.0,2,0.2857142857142857,0.3846153846153846,0.6424003580879372,0.4879500364742666,1.0,0.3333333333333333,0.3333333333333333,0.6666666666666666,0.75,0.9166666666666666,0.8571428571428572,0.75,0.75,0.7142857142857143,5,0.7142857142857143,1,1.0
0.5,0.5,"{""clf__C"": 262.30889101079146, ""clf__gamma"": 0.0025135566617708314, ""clf__class_weight"": null}",0.40108669127272023,"[[34, 10], [34, 10]]",valence,0.45982142857142855,0.5,0.4598214285714285,34,0.7727272727272727,,10,0.22727272727272727,0.0,1.5689982184475162,0.0,subject_dependent,rbf_svm,0.5,0.5,0.5638728917498987,0.5,0.5,0.5,0.5,0.5,0.5,0.5454545454545455,34,0.7727272727272727,10,0.22727272727272727,0.625,0.625,0.33223545191163933,"[[4, 0], [3, 1]]",0.5636363636363637,0.625,0.5636363636363637,3,0.75,0,0.0,0.25,1.006026627044814,0.3779644730092272,0.5714285714285714,1.0,0.6916666666666667,0.7857142857142857,0.625,0.7857142857142857,0.625,0.625,0.625,0.5625,4,1.0,1,0.25
0.4318181818181818,0.5303030303030303,"{""clf__C"": 0.40069130793659025, ""clf__gamma"": 0.0014899847475658245, ""clf__class_weight"": ""balanced""}",0.27432721316743136,"[[22, 44], [6, 16]]",valence,0.42916450441100157,0.4318181818181818,0.4486248053969902,6,0.2727272727272727,,44,0.6666666666666666,0.038461538461538436,0.7479807888228323,0.05634361698190111,subject_dependent,rbf_svm,0.7857142857142857,0.26666666666666666,0.2522597638288953,0.5261904761904762,0.4318181818181818,0.655952380952381,0.5303030303030303,0.4318181818181818,0.4318181818181818,0.5020661157024793,22,0.3333333333333333,16,0.7272727272727273,0.375,0.41666666666666663,0.26258710557825726,"[[2, 4], [1, 1]]",0.36507936507936506,0.375,0.40476190476190477,1,0.5,4,0.6666666666666666,-0.11111111111111116,0.7179452432418552,-0.14907119849998599,0.6666666666666666,0.2,0.39285714285714285,0.43333333333333335,0.375,0.55,0.41666666666666663,0.375,0.375,0.5,2,0.3333333333333333,1,0.5
0.5568181818181818,0.5568181818181819,"{""clf__C"": 13.411788774467905, ""clf__gamma"": 0.00026210878782654407, ""clf__class_weight"": ""balanced""}",0.3053813447818808,"[[23, 21], [18, 26]]",valence,0.5563025210084034,0.5568181818181818,0.5563025210084033,18,0.4090909090909091,,21,0.4772727272727273,0.11363636363636365,0.8859406917207262,0.11390142225037866,subject_dependent,rbf_svm,0.5609756097560976,0.5531914893617021,0.6831747419115934,0.5570835495588999,0.5568181818181818,0.5570835495588999,0.5568181818181819,0.5568181818181818,0.5568181818181818,0.6167355371900826,23,0.5227272727272727,26,0.5909090909090909,0.375,0.375,0.283204410778603,"[[1, 3], [2, 2]]",0.36507936507936506,0.375,0.36507936507936506,2,0.5,3,0.75,-0.25,0.7385585315134835,-0.2581988897471611,0.3333333333333333,0.4,0.7678571428571428,0.3666666666666667,0.375,0.3666666666666667,0.375,0.375,0.375,0.625,1,0.25,2,0.5
0.5227272727272727,0.6060606060606061,"{""clf__C"": 20.12196163610286, ""clf__gamma"": 0.0008612579192594886, ""clf__class_weight"": ""balanced""}",0.3588689554118357,"[[17, 5], [37, 29]]",valence,0.5136842105263157,0.5227272727272727,0.5468421052631579,37,0.5606060606060606,,5,0.22727272727272727,0.1428571428571429,1.202579693160317,0.18863881947270342,subject_dependent,rbf_svm,0.3148148148148148,0.8529411764705882,0.8714874778501698,0.5838779956427015,0.5227272727272727,0.7184095860566448,0.6060606060606061,0.5227272727272727,0.5227272727272727,0.6356749311294766,17,0.7727272727272727,29,0.4393939393939394,0.625,0.75,0.30546278109487374,"[[2, 0], [3, 3]]",0.6190476190476191,0.625,0.6428571428571428,3,0.5,0,0.0,0.33333333333333337,0.8624389647528024,0.4472135954999579,0.4,1.0,0.8773809523809524,0.7,0.625,0.85,0.75,0.625,0.625,0.5833333333333333,2,1.0,3,0.5
0.6590909090909091,0.7272727272727273,"{""clf__C"": 0.6351054340728711, ""clf__gamma"": 0.0005285382203816729, ""clf__class_weight"": ""balanced""}",0.1696021229030918,"[[33, 0], [30, 25]]",valence,0.65625,0.6590909090909091,0.6484375,30,0.5454545454545454,,0,0.0,0.3846153846153846,0.5051742239052837,0.4879500364742666,subject_dependent,rbf_svm,0.5238095238095238,1.0,0.9170372931272228,0.7619047619047619,0.6590909090909091,0.8214285714285715,0.7272727272727273,0.6590909090909091,0.6590909090909091,0.846831955922865,33,1.0,25,0.45454545454545453,0.875,0.9,0.15553981926538235,"[[3, 0], [1, 4]]",0.873015873015873,0.875,0.876984126984127,1,0.2,0,0.0,0.75,0.4815389815936955,0.7745966692414834,0.75,1.0,0.9666666666666667,0.875,0.875,0.90625,0.9,0.875,0.875,0.9333333333333333,3,1.0,4,0.8
0.9886363636363636,0.990909090909091,"{""clf__C"": 2.2463533171675794, ""clf__gamma"": 0.0006516990611177178, ""clf__class_weight"": null}",0.057186442193724,"[[33, 0], [1, 54]]",valence,0.9879501574695331,0.9886363636363636,0.9886690401204984,1,0.01818181818181818,,0,0.0,0.9759036144578314,0.25343218460049627,0.9761870601839528,subject_dependent,rbf_svm,0.9705882352941176,1.0,1.0,0.9852941176470589,0.9886363636363636,0.9889705882352942,0.990909090909091,0.9886363636363636,0.9886363636363636,1.0,33,1.0,54,0.9818181818181818,1.0,1.0,0.0538966640290493,"[[3, 0], [0, 5]]",1.0,1.0,1.0,0,0.0,0,0.0,1.0,0.25010837082149673,1.0,1.0,1.0,1.0,1.0,1.0,1.0,1.0,1.0,1.0,1.0,3,1.0,5,1.0
0.8977272727272727,0.9181818181818182,"{""clf__C"": 2.2463533171675794, ""clf__gamma"": 0.0006516990611177178, ""clf__class_weight"": null}",0.10831597640714653,"[[46, 9], [0, 33]]",valence,0.8954455445544555,0.8977272727272727,0.8993069306930692,0,0.0,,9,0.16363636363636364,0.7931034482758621,0.36537319114493516,0.8106434833777776,subject_dependent,rbf_svm,1.0,0.7857142857142857,0.9636528388484378,0.8928571428571428,0.8977272727272727,0.9196428571428572,0.9181818181818182,0.8977272727272727,0.8977272727272727,0.9790633608815427,46,0.8363636363636363,33,1.0,0.875,0.9,0.09692298426430657,"[[4, 1], [0, 3]]",0.873015873015873,0.875,0.876984126984127,0,0.0,1,0.2,0.75,0.33812451097180146,0.7745966692414834,1.0,0.75,1.0,0.875,0.875,0.90625,0.9,0.875,0.875,1.0,4,0.8,3,1.0
0.75,0.7454545454545455,"{""clf__C"": 7.709391232564023, ""clf__gamma"": 0.00026471141828218194, ""clf__class_weight"": null}",0.1598420214063452,"[[42, 13], [9, 24]]",valence,0.7390835579514825,0.75,0.7524258760107817,9,0.2727272727272727,,13,0.23636363636363636,0.47928994082840237,0.4993914371457942,0.4814524923445071,subject_dependent,rbf_svm,0.8235294117647058,0.6486486486486487,0.7237464601537169,0.7360890302066773,0.75,0.7579491255961844,0.7454545454545455,0.75,0.75,0.8484848484848485,42,0.7636363636363637,24,0.7272727272727273,0.875,0.9,0.14199955514556378,"[[4, 1], [0, 3]]",0.873015873015873,0.875,0.876984126984127,0,0.0,1,0.2,0.75,0.46318908247923596,0.7745966692414834,1.0,0.75,0.8055555555555556,0.875,0.875,0.90625,0.9,0.875,0.875,0.8666666666666667,4,0.8,3,1.0
0.45454545454545453,0.4545454545454546,"{""clf__C"": 166.2878326769575, ""clf__gamma"": 0.008979064194712979, ""clf__class_weight"": ""balanced""}",0.3808648434864399,"[[25, 19], [29, 15]]",valence,0.4474097331240189,0.45454545454545453,0.4474097331240188,29,0.6590909090909091,,19,0.4318181818181818,-0.09090909090909083,1.2611481088157932,-0.09335200560186732,subject_dependent,rbf_svm,0.46296296296296297,0.4411764705882353,0.5152907913342123,0.45206971677559915,0.45454545454545453,0.4520697167755991,0.4545454545454546,0.45454545454545453,0.45454545454545453,0.503099173553719,25,0.5681818181818182,15,0.3409090909090909,0.5,0.5,0.29715316038819356,"[[3, 1], [3, 1]]",0.4666666666666667,0.5,0.4666666666666667,3,0.75,1,0.25,0.0,0.8116433257048112,0.0,0.5,0.5,0.5416666666666666,0.5,0.5,0.5,0.5,0.5,0.5,0.4375,3,0.75,1,0.25
0.5681818181818182,0.5681818181818181,"{""clf__C"": 64.69870699850829, ""clf__gamma"": 0.0008200518402245837, ""clf__class_weight"": null}",0.3065671867346602,"[[17, 27], [11, 33]]",valence,0.5534188034188035,0.5681818181818182,0.5534188034188033,11,0.25,,27,0.6136363636363636,0.13636363636363635,0.8966093199174281,0.14638501094227996,subject_dependent,rbf_svm,0.6071428571428571,0.55,0.5593377020515911,0.5785714285714285,0.5681818181818182,0.5785714285714285,0.5681818181818181,0.5681818181818182,0.5681818181818182,0.5609504132231404,17,0.38636363636363635,33,0.75,0.625,0.625,0.252774227246118,"[[1, 3], [0, 4]]",0.5636363636363637,0.625,0.5636363636363637,0,0.0,3,0.75,0.25,0.7020829978108021,0.3779644730092272,1.0,0.5714285714285714,0.7095238095238094,0.7857142857142857,0.625,0.7857142857142857,0.625,0.625,0.625,0.625,1,0.25,4,1.0
0.4772727272727273,0.49090909090909085,"{""clf__C"": 243.14537412227003, ""clf__gamma"": 0.0004992453416923984, ""clf__class_weight"": ""balanced""}",0.30767419765742954,"[[18, 15], [31, 24]]",valence,0.47483134405812144,0.4772727272727273,0.4837830825116761,31,0.5636363636363636,,15,0.45454545454545453,-0.016574585635359185,0.8494814323717516,-0.017719247798458352,subject_dependent,rbf_svm,0.3673469387755102,0.6153846153846154,0.6929770394220196,0.4913657770800628,0.4772727272727273,0.522370486656201,0.49090909090909085,0.4772727272727273,0.4772727272727273,0.5506887052341598,18,0.5454545454545454,24,0.43636363636363634,0.75,0.8,0.2443634904024681,"[[3, 0], [2, 3]]",0.75,0.75,0.75,2,0.4,0,0.0,0.5294117647058824,0.6828426717439968,0.6,0.6,1.0,0.8392857142857143,0.8,0.75,0.85,0.8,0.75,0.75,0.6,3,1.0,3,0.6
0.17045454545454544,0.525974025974026,"{""clf__C"": 0.40069130793659025, ""clf__gamma"": 0.0014899847475658245, ""clf__class_weight"": ""balanced""}",0.2960442431529432,"[[11, 0], [73, 4]]",valence,0.16517218973359324,0.17045454545454544,0.11536712150747239,73,0.948051948051948,,0,0.0,0.013513513513513487,0.7871551206113125,0.08247860988423224,subject_dependent,rbf_svm,0.13095238095238096,1.0,0.8708792216043951,0.5654761904761905,0.17045454545454544,0.8913690476190476,0.525974025974026,0.17045454545454544,0.17045454545454544,0.46517119244391975,11,1.0,4,0.05194805194805195,0.25,0.5714285714285714,0.29420057254717535,"[[1, 0], [6, 1]]",0.25,0.25,0.25,6,0.8571428571428571,0,0.0,0.040000000000000036,0.7824761447259496,0.14285714285714285,0.14285714285714285,1.0,0.9093537414965986,0.5714285714285714,0.25,0.8928571428571429,0.5714285714285714,0.25,0.25,0.42857142857142855,1,1.0,1,0.14285714285714285
0.5,0.49090909090909085,"{""clf__C"": 32.32518791282502, ""clf__gamma"": 0.0005104518230902811, ""clf__class_weight"": ""balanced""}",0.3219413008187198,"[[15, 18], [26, 29]]",valence,0.4870164281928988,0.5,0.5074191838897721,26,0.4727272727272727,,18,0.5454545454545454,-0.01734104046242768,0.9182041700210118,-0.01764553245940222,subject_dependent,rbf_svm,0.36585365853658536,0.6170212765957447,0.7006158820063921,0.491437467566165,0.5,0.5228334198235599,0.49090909090909085,0.5,0.5,0.5024793388429752,15,0.45454545454545453,29,0.5272727272727272,0.5,0.4666666666666667,0.282945108067918,"[[1, 2], [2, 3]]",0.4666666666666667,0.5,0.5,2,0.4,2,0.6666666666666666,-0.06666666666666665,0.7628197469003307,-0.06666666666666667,0.3333333333333333,0.6,0.8392857142857143,0.4666666666666667,0.5,0.5,0.4666666666666667,0.5,0.5,0.6,1,0.3333333333333333,3,0.6
0.48863636363636365,0.7077922077922079,"{""clf__C"": 5.2117930643778205, ""clf__gamma"": 0.0036999724314638123, ""clf__class_weight"": null}",0.37609242975797375,"[[32, 45], [0, 11]]",valence,0.45775708612898813,0.48863636363636365,0.5548062440093112,0,0.0,,45,0.5844155844155844,0.15094339622641506,1.1906703053970313,0.2857142857142857,subject_dependent,rbf_svm,1.0,0.19642857142857142,0.26164936596432325,0.5982142857142857,0.48863636363636365,0.8995535714285715,0.7077922077922079,0.48863636363636365,0.48863636363636365,0.7839433293978748,32,0.4155844155844156,11,1.0,0.5,0.7142857142857143,0.3292313558761777,"[[3, 4], [0, 1]]",0.4666666666666667,0.5,0.5666666666666667,0,0.0,4,0.5714285714285714,0.1578947368421053,0.8900848214476517,0.29277002188455997,1.0,0.2,1.0,0.6,0.5,0.9,0.7142857142857143,0.5,0.5,1.0,3,0.42857142857142855,1,1.0
0.6363636363636364,0.6363636363636364,"{""clf__C"": 13.411788774467905, ""clf__gamma"": 0.00026210878782654407, ""clf__class_weight"": ""balanced""}",0.22879910705444947,"[[26, 18], [14, 30]]",valence,0.6356107660455487,0.6363636363636364,0.6356107660455487,14,0.3181818181818182,,18,0.4090909090909091,0.2727272727272727,0.6683049112772411,0.27386127875258304,subject_dependent,rbf_svm,0.65,0.625,0.7055257461496782,0.6375,0.6363636363636364,0.6375000000000001,0.6363636363636364,0.6363636363636364,0.6363636363636364,0.6890495867768595,26,0.5909090909090909,30,0.6818181818181818,0.875,0.875,0.19367924415424526,"[[4, 0], [1, 3]]",0.873015873015873,0.875,0.873015873015873,1,0.25,0,0.0,0.75,0.5760849205557392,0.7745966692414834,0.8,1.0,0.9166666666666666,0.9,0.875,0.9,0.875,0.875,0.875,0.875,4,1.0,3,0.75
0.6704545454545454,0.6704545454545454,"{""clf__C"": 53.72198163554894, ""clf__gamma"": 0.0003972110727381913, ""clf__class_weight"": null}",0.20831317861711887,"[[31, 13], [16, 28]]",valence,0.6700711053652231,0.6704545454545454,0.6700711053652231,16,0.36363636363636365,,13,0.29545454545454547,0.34090909090909094,0.6052560679082865,0.34170426675113597,subject_dependent,rbf_svm,0.6595744680851063,0.6829268292682927,0.7694481246530382,0.6712506486766996,0.6704545454545454,0.6712506486766995,0.6704545454545454,0.6704545454545454,0.6704545454545454,0.7391528925619835,31,0.7045454545454546,28,0.6363636363636364,0.75,0.75,0.17340571847049835,"[[3, 1], [1, 3]]",0.75,0.75,0.75,1,0.25,1,0.25,0.5,0.5332636612061417,0.5,0.75,0.75,0.8875,0.75,0.75,0.75,0.75,0.75,0.75,0.875,3,0.75,3,0.75
0.4431818181818182,0.4575757575757576,"{""clf__C"": 0.21466070134458173, ""clf__gamma"": 0.0012955517240662183, ""clf__class_weight"": ""balanced""}",0.3392185471522124,"[[17, 16], [33, 22]]",valence,0.44137841689338,0.4431818181818182,0.44931338256250813,33,0.6,,16,0.48484848484848486,-0.07692307692307687,0.8932808639673446,-0.08292884288627293,subject_dependent,rbf_svm,0.34,0.5789473684210527,0.5253093921992096,0.45947368421052637,0.4431818181818182,0.4893421052631579,0.4575757575757576,0.4431818181818182,0.4431818181818182,0.33608815426997246,17,0.5151515151515151,22,0.4,0.375,0.43333333333333335,0.32970163577236683,"[[2, 1], [4, 1]]",0.36507936507936506,0.375,0.34523809523809523,4,0.8,1,0.3333333333333333,-0.11111111111111116,0.8608893645082396,-0.14907119849998599,0.3333333333333333,0.5,0.5192857142857142,0.41666666666666663,0.375,0.4375,0.43333333333333335,0.375,0.375,0.13333333333333336,2,0.6666666666666666,1,0.2
0.7045454545454546,0.7878787878787878,"{""clf__C"": 1.351144633701368, ""clf__gamma"": 0.015446089075047083, ""clf__class_weight"": ""balanced""}",0.2447689201333203,"[[41, 25], [1, 21]]",valence,0.6884531590413944,0.7045454545454546,0.7238562091503269,1,0.045454545454545456,,25,0.3787878787878788,0.4222222222222223,0.7174761512203134,0.4991365906180971,subject_dependent,rbf_svm,0.9761904761904762,0.45652173913043476,0.7680760922647334,0.7163561076604554,0.7045454545454546,0.8462732919254659,0.7878787878787878,0.7045454545454546,0.7045454545454546,0.9159779614325069,41,0.6212121212121212,21,0.9545454545454546,0.75,0.8333333333333333,0.2145978714822946,"[[4, 2], [0, 2]]",0.7333333333333334,0.75,0.7666666666666667,0,0.0,2,0.3333333333333333,0.5,0.6040128319271912,0.5773502691896258,1.0,0.5,1.0,0.75,0.75,0.875,0.8333333333333333,0.75,0.75,1.0,4,0.6666666666666666,2,1.0
0.7727272727272727,0.7727272727272727,"{""clf__C"": 166.2878326769575, ""clf__gamma"": 0.008979064194712979, ""clf__class_weight"": ""balanced""}",0.1710273518730116,"[[38, 6], [14, 30]]",valence,0.7708333333333333,0.7727272727272727,0.7708333333333333,14,0.3181818181818182,,6,0.13636363636363635,0.5454545454545454,0.5472738206669585,0.5547001962252291,subject_dependent,rbf_svm,0.7307692307692307,0.8333333333333334,0.8523686738419368,0.782051282051282,0.7727272727272727,0.782051282051282,0.7727272727272727,0.7727272727272727,0.7727272727272727,0.8548553719008265,38,0.8636363636363636,30,0.6818181818181818,1.0,1.0,0.08386192116951308,"[[4, 0], [0, 4]]",1.0,1.0,1.0,0,0.0,0,0.0,1.0,0.3232519184748438,1.0,1.0,1.0,1.0,1.0,1.0,1.0,1.0,1.0,1.0,1.0,4,1.0,4,1.0
0.8295454545454546,0.803030303030303,"{""clf__C"": 5.2117930643778205, ""clf__gamma"": 0.0036999724314638123, ""clf__class_weight"": null}",0.1472077840253384,"[[23, 10], [5, 50]]",valence,0.8118317890235209,0.8295454545454546,0.8262651461154669,5,0.09090909090909091,,10,0.30303030303030304,0.625,0.46813055931244113,0.629940788348712,subject_dependent,rbf_svm,0.8214285714285714,0.8333333333333334,0.9009104107852969,0.8273809523809523,0.8295454545454546,0.8288690476190476,0.803030303030303,0.8295454545454546,0.8295454545454546,0.8528925619834711,23,0.696969696969697,50,0.9090909090909091,0.875,0.8333333333333333,0.11057464359183705,"[[2, 1], [0, 5]]",0.8545454545454545,0.875,0.8681818181818182,0,0.0,1,0.3333333333333333,0.7142857142857143,0.36553295140935516,0.7453559924999299,1.0,0.8333333333333334,0.9666666666666667,0.9166666666666667,0.875,0.8958333333333334,0.8333333333333333,0.875,0.875,0.9333333333333333,2,0.6666666666666666,5,1.0
0.6022727272727273,0.6515151515151515,"{""clf__C"": 183.42628625395747, ""clf__gamma"": 0.0001005394019469303, ""clf__class_weight"": ""balanced""}",0.3045745510855673,"[[25, 30], [5, 28]]",valence,0.6018099547511313,0.6022727272727273,0.5984162895927603,5,0.15151515151515152,,30,0.5454545454545454,0.26315789473684215,1.2940129171202932,0.30949223029508643,subject_dependent,rbf_svm,0.8333333333333334,0.4827586206896552,0.49133090143199043,0.6580459770114943,0.6022727272727273,0.701867816091954,0.6515151515151515,0.6022727272727273,0.6022727272727273,0.6716253443526171,25,0.45454545454545453,28,0.8484848484848485,0.75,0.8,0.22899819927124895,"[[3, 2], [0, 3]]",0.75,0.75,0.75,0,0.0,2,0.4,0.5294117647058824,0.6574242356245592,0.6,1.0,0.6,0.5888888888888888,0.8,0.75,0.85,0.8,0.75,0.75,0.7333333333333333,3,0.6,3,1.0
0.7727272727272727,0.7727272727272727,"{""clf__C"": 20.12196163610286, ""clf__gamma"": 0.0008612579192594886, ""clf__class_weight"": ""balanced""}",0.16481118296739056,"[[51, 15], [5, 17]]",valence,0.7328476017000607,0.7727272727272727,0.7844565877352762,5,0.22727272727272727,,15,0.22727272727272727,0.4736842105263158,0.5035905640017639,0.49099025303098287,subject_dependent,rbf_svm,0.9107142857142857,0.53125,0.49117943037066003,0.7209821428571428,0.7727272727272727,0.8158482142857143,0.7727272727272727,0.7727272727272727,0.7727272727272727,0.8168044077134986,51,0.7727272727272727,17,0.7727272727272727,1.0,1.0,0.09864993344457301,"[[6, 0], [0, 2]]",1.0,1.0,1.0,0,0.0,0,0.0,1.0,0.3661859665580089,1.0,1.0,1.0,1.0,1.0,1.0,1.0,1.0,1.0,1.0,1.0,6,1.0,2,1.0
0.7272727272727273,0.6060606060606061,"{""clf__C"": 243.14537412227003, ""clf__gamma"": 0.0004992453416923984, ""clf__class_weight"": ""balanced""}",0.21061345741174414,"[[56, 10], [14, 8]]",valence,0.611764705882353,0.7272727272727273,0.7176470588235294,14,0.6363636363636364,,10,0.15151515151515152,0.22580645161290325,0.670521561562715,0.2277100170213244,subject_dependent,rbf_svm,0.8,0.4444444444444444,0.4393657045948623,0.6222222222222222,0.7272727272727273,0.7111111111111111,0.6060606060606061,0.7272727272727273,0.7272727272727273,0.6776859504132232,56,0.8484848484848485,8,0.36363636363636365,0.875,0.75,0.14727813781821006,"[[6, 0], [1, 1]]",0.7948717948717949,0.875,0.8589743589743589,1,0.5,0,0.0,0.6,0.47678494384409265,0.6546536707079772,0.8571428571428571,1.0,0.6428571428571428,0.9285714285714286,0.875,0.8928571428571428,0.75,0.875,0.875,0.5833333333333333,6,1.0,1,0.5
0.3977272727272727,0.3181818181818182,"{""clf__C"": 0.24298576400577698, ""clf__gamma"": 0.0020797422068521733, ""clf__class_weight"": null}",0.3675085116906606,"[[35, 20], [33, 0]]",valence,0.2845528455284553,0.3977272727272727,0.3556910569105691,33,1.0,,20,0.36363636363636365,-0.39473684210526305,0.9979866987931895,-0.42008402520840293,subject_dependent,rbf_svm,0.5147058823529411,0.0,0.26811602878009055,0.25735294117647056,0.3977272727272727,0.3216911764705882,0.3181818181818182,0.3977272727272727,0.3977272727272727,0.2611570247933885,35,0.6363636363636364,0,0.0,0.25,0.2,0.3595713034258266,"[[2, 3], [3, 0]]",0.2,0.25,0.25,3,1.0,3,0.6,-0.6000000000000001,0.9650082010691318,-0.6,0.4,0.0,0.3416666666666666,0.2,0.25,0.25,0.2,0.25,0.25,0.26666666666666666,2,0.4,0,0.0
0.48863636363636365,0.4636363636363636,"{""clf__C"": 32.32518791282502, ""clf__gamma"": 0.0005104518230902811, ""clf__class_weight"": ""balanced""}",0.3904444358534603,"[[31, 24], [21, 12]]",valence,0.46363266964648514,0.48863636363636365,0.492584315318976,21,0.6363636363636364,,24,0.43636363636363634,-0.0714285714285714,1.3084390335161429,-0.0716114874039433,subject_dependent,rbf_svm,0.5961538461538461,0.3333333333333333,0.38406610516764716,0.46474358974358976,0.48863636363636365,0.49759615384615385,0.4636363636363636,0.48863636363636365,0.48863636363636365,0.4099173553719008,31,0.5636363636363636,12,0.36363636363636365,0.375,0.3666666666666667,0.34311555884087874,"[[2, 3], [2, 1]]",0.36507936507936506,0.375,0.38492063492063494,2,0.6666666666666666,3,0.6,-0.25,1.0427067391755163,-0.2581988897471611,0.5,0.25,0.5694444444444444,0.375,0.375,0.40625,0.3666666666666667,0.375,0.375,0.39999999999999997,2,0.4,1,0.3333333333333333
0.5,0.5515151515151515,"{""clf__C"": 183.42628625395747, ""clf__gamma"": 0.0001005394019469303, ""clf__class_weight"": ""balanced""}",0.2724241830783665,"[[19, 36], [8, 25]]",valence,0.49766476388168135,0.5,0.4891022314478464,8,0.24242424242424243,,36,0.6545454545454545,0.08808290155440412,0.7502992215829228,0.1081574631481751,subject_dependent,rbf_svm,0.7037037037037037,0.4098360655737705,0.6808695985417945,0.5567698846387371,0.5,0.5935033394049788,0.5515151515151515,0.5,0.5,0.699724517906336,19,0.34545454545454546,25,0.7575757575757576,0.375,0.43333333333333335,0.2361373348249204,"[[1, 4], [1, 2]]",0.36507936507936506,0.375,0.34523809523809523,1,0.3333333333333333,4,0.8,-0.11111111111111116,0.6454304218001836,-0.14907119849998599,0.5,0.3333333333333333,0.8095238095238095,0.41666666666666663,0.375,0.4375,0.43333333333333335,0.375,0.375,0.7333333333333333,1,0.2,2,0.6666666666666666
0.45454545454545453,0.4545454545454546,"{""clf__C"": 0.40069130793659025, ""clf__gamma"": 0.0014899847475658245, ""clf__class_weight"": ""balanced""}",0.28476969173491035,"[[22, 22], [26, 18]]",valence,0.45341614906832295,0.45454545454545453,0.453416149068323,26,0.5909090909090909,,22,0.5,-0.09090909090909083,0.7688441093988785,-0.09128709291752768,subject_dependent,rbf_svm,0.4583333333333333,0.45,0.43509083998187364,0.45416666666666666,0.45454545454545453,0.45416666666666666,0.4545454545454546,0.45454545454545453,0.45454545454545453,0.42613636363636365,22,0.5,18,0.4090909090909091,0.5,0.5,0.27930092669956696,"[[2, 2], [2, 2]]",0.5,0.5,0.5,2,0.5,2,0.5,0.0,0.7557466596220792,0.0,0.5,0.5,0.5178571428571428,0.5,0.5,0.5,0.5,0.5,0.5,0.4375,2,0.5,2,0.5
0.6818181818181818,0.6484848484848484,"{""clf__C"": 0.40069130793659025, ""clf__gamma"": 0.0014899847475658245, ""clf__class_weight"": ""balanced""}",0.23585617367845246,"[[17, 16], [12, 43]]",valence,0.6513865308432372,0.6818181818181818,0.677136389360498,12,0.21818181818181817,,16,0.48484848484848486,0.30434782608695654,0.6647262267969025,0.30586194487069773,subject_dependent,rbf_svm,0.5862068965517241,0.7288135593220338,0.7960470463720478,0.657510227936879,0.6818181818181818,0.6753360607831677,0.6484848484848484,0.6818181818181818,0.6818181818181818,0.7236914600550964,17,0.5151515151515151,43,0.7818181818181819,1.0,1.0,0.2348722895903371,"[[3, 0], [0, 5]]",1.0,1.0,1.0,0,0.0,0,0.0,1.0,0.6628742329847825,1.0,1.0,1.0,1.0,1.0,1.0,1.0,1.0,1.0,1.0,1.0,3,1.0,5,1.0
0.5113636363636364,0.4166666666666667,"{""clf__C"": 0.6351054340728711, ""clf__gamma"": 0.0005285382203816729, ""clf__class_weight"": ""balanced""}",0.2740570527240622,"[[5, 17], [26, 40]]",valence,0.41954287467402973,0.5113636363636364,0.5349746893695352,26,0.3939393939393939,,17,0.7727272727272727,-0.14666666666666672,0.7416566401952633,-0.15108236796222702,subject_dependent,rbf_svm,0.16129032258064516,0.7017543859649122,0.6237513889718025,0.4315223542727787,0.5113636363636364,0.5666383701188454,0.4166666666666667,0.5113636363636364,0.5113636363636364,0.26997245179063356,5,0.22727272727272727,40,0.6060606060606061,0.25,0.16666666666666666,0.27275887914794295,"[[0, 2], [4, 2]]",0.2,0.25,0.30000000000000004,4,0.6666666666666666,2,1.0,-0.5,0.7388227639395861,-0.5773502691896258,0.0,0.5,0.594047619047619,0.25,0.25,0.375,0.16666666666666666,0.25,0.25,0.0,0,0.0,2,0.3333333333333333
0.7727272727272727,0.6515151515151515,"{""clf__C"": 0.26566952561151125, ""clf__gamma"": 0.0030586566669785274, ""clf__class_weight"": null}",0.1452735668300343,"[[9, 13], [7, 59]]",valence,0.6643783371472158,0.7727272727272727,0.7597254004576659,7,0.10606060606060606,,13,0.5909090909090909,0.33333333333333337,0.4573506472427965,0.34020690871988585,subject_dependent,rbf_svm,0.5625,0.8194444444444444,0.9508956753945793,0.6909722222222222,0.7727272727272727,0.7552083333333333,0.6515151515151515,0.7727272727272727,0.7727272727272727,0.8539944903581267,9,0.4090909090909091,59,0.8939393939393939,0.75,0.6666666666666667,0.13466493646182323,"[[1, 1], [1, 5]]",0.6666666666666667,0.75,0.75,1,0.16666666666666666,1,0.5,0.33333333333333337,0.43947195860609944,0.3333333333333333,0.5,0.8333333333333334,0.9761904761904762,0.6666666666666667,0.75,0.75,0.6666666666666667,0.75,0.75,0.9166666666666667,1,0.5,5,0.8333333333333334
0.5568181818181818,0.5666666666666667,"{""clf__C"": 0.40069130793659025, ""clf__gamma"": 0.0014899847475658245, ""clf__class_weight"": ""balanced""}",0.30279214654896885,"[[29, 26], [13, 20]]",valence,0.5521336291269738,0.5568181818181818,0.5635847579277045,13,0.3939393939393939,,26,0.4727272727272727,0.1235955056179775,0.9525679119620626,0.12923301908921092,subject_dependent,rbf_svm,0.6904761904761905,0.43478260869565216,0.3978517542481521,0.5626293995859213,0.5568181818181818,0.5945910973084886,0.5666666666666667,0.5568181818181818,0.5568181818181818,0.5867768595041323,29,0.5272727272727272,20,0.6060606060606061,0.625,0.7,0.2852496533453909,"[[2, 3], [0, 3]]",0.6190476190476191,0.625,0.6071428571428571,0,0.0,3,0.6,0.33333333333333337,0.9053210797080883,0.4472135954999579,1.0,0.5,0.4666666666666667,0.75,0.625,0.8125,0.7,0.625,0.625,0.5333333333333333,2,0.4,3,1.0
0.5568181818181818,0.49393939393939396,"{""clf__C"": 0.4342298948286134, ""clf__gamma"": 0.0008179499475211679, ""clf__class_weight"": ""balanced""}",0.25337302858768546,"[[8, 25], [14, 41]]",valence,0.484297520661157,0.5568181818181818,0.5326446280991736,14,0.2545454545454545,,25,0.7575757575757576,-0.01298701298701288,0.7086506625348636,-0.01355192713636236,subject_dependent,rbf_svm,0.36363636363636365,0.6212121212121212,0.7500258111002142,0.49242424242424243,0.5568181818181818,0.524621212121212,0.49393939393939396,0.5568181818181818,0.5568181818181818,0.590358126721763,8,0.24242424242424243,41,0.7454545454545455,0.625,0.5,0.23607742069044038,"[[0, 3], [0, 5]]",0.38461538461538464,0.625,0.4807692307692308,0,0.0,3,1.0,0.0,0.6583441791019928,0.0,0.0,0.625,0.7961904761904761,0.3125,0.625,0.390625,0.5,0.625,0.625,0.6000000000000001,0,0.0,5,1.0
0.6136363636363636,0.6136363636363636,"{""clf__C"": 13.411788774467905, ""clf__gamma"": 0.00026210878782654407, ""clf__class_weight"": ""balanced""}",0.2299511454808912,"[[23, 21], [13, 31]]",valence,0.6104166666666666,0.6136363636363636,0.6104166666666667,13,0.29545454545454547,,21,0.4772727272727273,0.2272727272727273,0.6468509679032294,0.23112508176051214,subject_dependent,rbf_svm,0.6388888888888888,0.5961538461538461,0.7079752671585251,0.6175213675213675,0.6136363636363636,0.6175213675213675,0.6136363636363636,0.6136363636363636,0.6136363636363636,0.668646694214876,23,0.5227272727272727,31,0.7045454545454546,0.625,0.625,0.20420588388143823,"[[2, 2], [1, 3]]",0.6190476190476191,0.625,0.6190476190476191,1,0.25,2,0.5,0.25,0.5964193810061051,0.2581988897471611,0.6666666666666666,0.6,0.8303571428571428,0.6333333333333333,0.625,0.6333333333333333,0.625,0.625,0.625,0.75,2,0.5,3,0.75
0.5340909090909091,0.5242424242424242,"{""clf__C"": 0.21466070134458173, ""clf__gamma"": 0.0012955517240662183, ""clf__class_weight"": ""balanced""}",0.29425204675101907,"[[31, 24], [17, 16]]",valence,0.5201489559781886,0.5340909090909091,0.5405971538768454,17,0.5151515151515151,,24,0.43636363636363634,0.046511627906976716,0.8042391259931175,0.04714045207910317,subject_dependent,rbf_svm,0.6458333333333334,0.4,0.36819750567222376,0.5229166666666667,0.5340909090909091,0.5536458333333334,0.5242424242424242,0.5340909090909091,0.5340909090909091,0.5294765840220386,31,0.5636363636363636,16,0.48484848484848486,0.5,0.5333333333333333,0.2863140969046657,"[[2, 3], [1, 2]]",0.5,0.5,0.5,1,0.3333333333333333,3,0.6,0.05882352941176472,0.7846478122638869,0.06666666666666667,0.6666666666666666,0.4,0.4444444444444445,0.5333333333333333,0.5,0.5666666666666667,0.5333333333333333,0.5,0.5,0.5333333333333333,2,0.4,2,0.6666666666666666
0.4318181818181818,0.4909090909090909,"{""clf__C"": 160.49758307716223, ""clf__gamma"": 0.00018427970406864567, ""clf__class_weight"": null}",0.4187202384456626,"[[24, 9], [41, 14]]",valence,0.4243851386708529,0.4318181818181818,0.4080324437467295,41,0.7454545454545455,,9,0.2727272727272727,-0.015228426395939021,1.4016743322582919,-0.020033416898825335,subject_dependent,rbf_svm,0.36923076923076925,0.6086956521739131,0.6468041530439742,0.48896321070234117,0.4318181818181818,0.5188963210702341,0.4909090909090909,0.4318181818181818,0.4318181818181818,0.5173553719008264,24,0.7272727272727273,14,0.2545454545454545,0.375,0.43333333333333335,0.35787659464168603,"[[2, 1], [4, 1]]",0.36507936507936506,0.375,0.34523809523809523,4,0.8,1,0.3333333333333333,-0.11111111111111116,0.9277825734731407,-0.14907119849998599,0.3333333333333333,0.5,0.6295238095238094,0.41666666666666663,0.375,0.4375,0.43333333333333335,0.375,0.375,0.4666666666666667,2,0.6666666666666666,1,0.2
0.5795454545454546,0.5363636363636364,"{""clf__C"": 51.4138527229363, ""clf__gamma"": 0.006173770394704574, ""clf__class_weight"": ""balanced""}",0.31518126447072403,"[[39, 16], [21, 12]]",valence,0.5358517462580186,0.5795454545454546,0.5714540270848182,21,0.6363636363636364,,16,0.2909090909090909,0.07499999999999996,0.9225937613841562,0.07559289460184544,subject_dependent,rbf_svm,0.65,0.42857142857142855,0.4192196781799649,0.5392857142857143,0.5795454545454546,0.5669642857142857,0.5363636363636364,0.5795454545454546,0.5795454545454546,0.5278236914600551,39,0.7090909090909091,12,0.36363636363636365,0.375,0.3,0.24374170063605016,"[[3, 2], [3, 0]]",0.2727272727272727,0.375,0.3409090909090909,3,1.0,2,0.4,-0.4285714285714286,0.6707700922601798,-0.4472135954999579,0.5,0.0,0.3873015873015873,0.25,0.375,0.3125,0.3,0.375,0.375,0.39999999999999997,3,0.6,0,0.0
0.6363636363636364,0.6121212121212121,"{""clf__C"": 183.42628625395747, ""clf__gamma"": 0.0001005394019469303, ""clf__class_weight"": ""balanced""}",0.2259754972159319,"[[39, 16], [16, 17]]",valence,0.6121212121212121,0.6363636363636364,0.6363636363636364,16,0.48484848484848486,,16,0.2909090909090909,0.22424242424242424,0.6427545521216881,0.22424242424242424,subject_dependent,rbf_svm,0.7090909090909091,0.5151515151515151,0.5162725391393055,0.6121212121212121,0.6363636363636364,0.6363636363636364,0.6121212121212121,0.6363636363636364,0.6363636363636364,0.6358126721763085,39,0.7090909090909091,17,0.5151515151515151,0.625,0.5,0.20100580890241276,"[[5, 0], [3, 0]]",0.38461538461538464,0.625,0.4807692307692308,3,1.0,0,0.0,0.0,0.5918188666509686,0.0,0.625,0.0,0.8666666666666667,0.3125,0.625,0.390625,0.5,0.625,0.625,0.8666666666666667,5,1.0,0,0.0
0.5340909090909091,0.5378787878787878,"{""clf__C"": 183.42628625395747, ""clf__gamma"": 0.0001005394019469303, ""clf__class_weight"": ""balanced""}",0.25980551935225155,"[[35, 31], [10, 12]]",valence,0.49993069993069994,0.5340909090909091,0.5652806652806652,10,0.45454545454545453,,31,0.4696969696969697,0.05747126436781613,0.723688741320317,0.06562493591317982,subject_dependent,rbf_svm,0.7777777777777778,0.27906976744186046,0.3377177403464171,0.5284237726098191,0.5340909090909091,0.6531007751937985,0.5378787878787878,0.5340909090909091,0.5340909090909091,0.5668044077134986,35,0.5303030303030303,12,0.5454545454545454,0.5,0.5,0.23185091493983143,"[[3, 3], [1, 1]]",0.4666666666666667,0.5,0.5333333333333333,1,0.5,3,0.5,0.0,0.6559960104971321,0.0,0.75,0.25,0.45,0.5,0.5,0.625,0.5,0.5,0.5,0.6666666666666667,3,0.5,1,0.5
0.4318181818181818,0.45454545454545453,"{""clf__C"": 13.411788774467905, ""clf__gamma"": 0.00026210878782654407, ""clf__class_weight"": ""balanced""}",0.30975488506251253,"[[18, 15], [35, 20]]",valence,0.4315245478036176,0.4318181818181818,0.43475452196382425,35,0.6363636363636364,,15,0.45454545454545453,-0.08108108108108114,0.8286087494955457,-0.0899235973995271,subject_dependent,rbf_svm,0.33962264150943394,0.5714285714285714,0.6097517825670787,0.45552560646900264,0.4318181818181818,0.4845013477088949,0.45454545454545453,0.4318181818181818,0.4318181818181818,0.44628099173553715,18,0.5454545454545454,20,0.36363636363636365,0.375,0.5,0.2850785894303579,"[[3, 0], [5, 0]]",0.2727272727272727,0.375,0.20454545454545453,5,1.0,0,0.0,0.0,0.7639671149620445,0.0,0.375,0.0,0.5628571428571427,0.1875,0.375,0.140625,0.5,0.375,0.375,0.33333333333333337,3,1.0,0,0.0
0.45454545454545453,0.4787878787878788,"{""clf__C"": 262.30889101079146, ""clf__gamma"": 0.0025135566617708314, ""clf__class_weight"": null}",0.35814503787142243,"[[19, 14], [34, 21]]",valence,0.4542635658914729,0.45454545454545453,0.4573643410852713,34,0.6181818181818182,,14,0.42424242424242425,-0.037837837837837895,1.0035172062768183,-0.041964345453112645,subject_dependent,rbf_svm,0.3584905660377358,0.6,0.6157998444679192,0.47924528301886793,0.45454545454545453,0.5094339622641509,0.4787878787878788,0.45454545454545453,0.45454545454545453,0.48154269972451785,19,0.5757575757575758,21,0.38181818181818183,0.25,0.3333333333333333,0.30613944340696,"[[2, 1], [5, 0]]",0.2,0.25,0.15000000000000002,5,1.0,1,0.3333333333333333,-0.26315789473684204,0.805438444806714,-0.4879500364742666,0.2857142857142857,0.0,0.6295238095238094,0.14285714285714285,0.25,0.10714285714285714,0.3333333333333333,0.25,0.25,0.4666666666666667,2,0.6666666666666666,0,0.0
0.45454545454545453,0.45454545454545453,"{""clf__C"": 100.2571297605856, ""clf__gamma"": 0.0074112997810832455, ""clf__class_weight"": ""balanced""}",0.3737714947959189,"[[16, 28], [20, 24]]",valence,0.45,0.45454545454545453,0.45,20,0.45454545454545453,,28,0.6363636363636364,-0.09090909090909083,1.087778757071032,-0.09245003270420485,subject_dependent,rbf_svm,0.4444444444444444,0.46153846153846156,0.4366272121712094,0.452991452991453,0.45454545454545453,0.452991452991453,0.45454545454545453,0.45454545454545453,0.45454545454545453,0.3977272727272727,16,0.36363636363636365,24,0.5454545454545454,0.375,0.375,0.32631730034472506,"[[1, 3], [2, 2]]",0.36507936507936506,0.375,0.36507936507936506,2,0.5,3,0.75,-0.25,0.8552358971970884,-0.2581988897471611,0.3333333333333333,0.4,0.4571428571428572,0.3666666666666667,0.375,0.3666666666666667,0.375,0.375,0.375,0.25,1,0.25,2,0.5
0.48863636363636365,0.48863636363636365,"{""clf__C"": 0.4342298948286134, ""clf__gamma"": 0.0008179499475211679, ""clf__class_weight"": ""balanced""}",0.25098972136352227,"[[23, 21], [24, 20]]",valence,0.48804137039431156,0.48863636363636365,0.4880413703943116,24,0.5454545454545454,,21,0.4772727272727273,-0.022727272727272707,0.6960318420868936,-0.02278028445007573,subject_dependent,rbf_svm,0.48936170212765956,0.4878048780487805,0.5277814877033,0.48858329008822,0.48863636363636365,0.48858329008822,0.48863636363636365,0.48863636363636365,0.48863636363636365,0.5542355371900827,23,0.5227272727272727,20,0.45454545454545453,0.75,0.75,0.24781261216544584,"[[2, 2], [0, 4]]",0.7333333333333334,0.75,0.7333333333333334,0,0.0,2,0.5,0.5,0.6894237318719836,0.5773502691896258,1.0,0.6666666666666666,0.6916666666666667,0.8333333333333333,0.75,0.8333333333333333,0.75,0.75,0.75,0.625,2,0.5,4,1.0
0.5681818181818182,0.5681818181818181,"{""clf__C"": 0.6351054340728711, ""clf__gamma"": 0.0005285382203816729, ""clf__class_weight"": ""balanced""}",0.24094937788501827,"[[15, 29], [9, 35]]",valence,0.5446623093681917,0.5681818181818182,0.5446623093681917,9,0.20454545454545456,,29,0.6590909090909091,0.13636363636363635,0.6735560330146696,0.15309310892394862,subject_dependent,rbf_svm,0.625,0.546875,0.710620899436369,0.5859375,0.5681818181818182,0.5859375,0.5681818181818181,0.5681818181818182,0.5681818181818182,0.6570247933884297,15,0.3409090909090909,35,0.7954545454545454,0.375,0.375,0.23701635347078637,"[[0, 4], [1, 3]]",0.2727272727272727,0.375,0.2727272727272727,1,0.25,4,1.0,-0.25,0.6649046872826567,-0.3779644730092272,0.0,0.42857142857142855,0.875,0.21428571428571427,0.375,0.21428571428571427,0.375,0.375,0.375,0.75,0,0.0,3,0.75
0.48863636363636365,0.4878787878787879,"{""clf__C"": 243.14537412227003, ""clf__gamma"": 0.0004992453416923984, ""clf__class_weight"": ""balanced""}",0.4235810827580994,"[[16, 17], [28, 27]]",valence,0.4805194805194805,0.48863636363636365,0.49675324675324667,28,0.509090909090909,,17,0.5151515151515151,-0.022727272727272707,1.7850158659811983,-0.02347262634065101,subject_dependent,rbf_svm,0.36363636363636365,0.6136363636363636,0.5790158743171401,0.48863636363636365,0.48863636363636365,0.5198863636363636,0.4878787878787879,0.48863636363636365,0.48863636363636365,0.43140495867768597,16,0.48484848484848486,27,0.4909090909090909,0.375,0.3666666666666667,0.34129917333006493,"[[1, 2], [3, 2]]",0.36507936507936506,0.375,0.38492063492063494,3,0.6,2,0.6666666666666666,-0.25,0.9211067503943651,-0.2581988897471611,0.25,0.5,0.6926190476190477,0.375,0.375,0.40625,0.3666666666666667,0.375,0.375,0.4,1,0.3333333333333333,2,0.4
0.5568181818181818,0.5568181818181819,"{""clf__C"": 0.4342298948286134, ""clf__gamma"": 0.0008179499475211679, ""clf__class_weight"": ""balanced""}",0.2417778853278498,"[[18, 26], [13, 31]]",valence,0.546930693069307,0.5568181818181818,0.5469306930693069,13,0.29545454545454547,,26,0.5909090909090909,0.11363636363636365,0.674068478873114,0.11894651701745163,subject_dependent,rbf_svm,0.5806451612903226,0.543859649122807,0.6224566241383381,0.5622524052065648,0.5568181818181818,0.5622524052065648,0.5568181818181819,0.5568181818181818,0.5568181818181818,0.6275826446280992,18,0.4090909090909091,31,0.7045454545454546,0.625,0.625,0.23285674959319447,"[[3, 1], [2, 2]]",0.6190476190476191,0.625,0.6190476190476191,2,0.5,1,0.25,0.25,0.6556463907005607,0.2581988897471611,0.6,0.6666666666666666,0.6845238095238095,0.6333333333333333,0.625,0.6333333333333333,0.625,0.625,0.625,0.5625,3,0.75,2,0.5
0.4772727272727273,0.5757575757575758,"{""clf__C"": 48.43827864278568, ""clf__gamma"": 0.00039459088111000007, ""clf__class_weight"": ""balanced""}",0.3566418478703883,"[[10, 45], [1, 32]]",valence,0.4424242424242424,0.4772727272727273,0.4075757575757576,1,0.030303030303030304,,45,0.8181818181818182,0.11961722488038273,1.0488067630084301,0.22179547112466663,subject_dependent,rbf_svm,0.9090909090909091,0.4155844155844156,0.5632082577118542,0.6623376623376623,0.4772727272727273,0.724025974025974,0.5757575757575758,0.4772727272727273,0.4772727272727273,0.6798898071625344,10,0.18181818181818182,32,0.9696969696969697,0.625,0.7,0.34381185707463613,"[[2, 3], [0, 3]]",0.6190476190476191,0.625,0.6071428571428571,0,0.0,3,0.6,0.33333333333333337,0.9637696005356514,0.4472135954999579,1.0,0.5,0.7222222222222223,0.75,0.625,0.8125,0.7,0.625,0.625,0.7333333333333333,2,0.4,3,1.0
0.29545454545454547,0.3696969696969697,"{""clf__C"": 12.957079329680445, ""clf__gamma"": 0.00032476735706274504, ""clf__class_weight"": null}",0.4642634979611163,"[[4, 51], [11, 22]]",valence,0.2646900269541779,0.29545454545454547,0.22708894878706198,11,0.3333333333333333,,51,0.9272727272727272,-0.20975609756097557,1.2430165417813432,-0.33551795529557427,subject_dependent,rbf_svm,0.26666666666666666,0.3013698630136986,0.6001068257724904,0.28401826484018267,0.29545454545454547,0.2796803652968036,0.3696969696969697,0.29545454545454547,0.29545454545454547,0.5487603305785124,4,0.07272727272727272,22,0.6666666666666666,0.25,0.3333333333333333,0.451263411956553,"[[0, 5], [1, 2]]",0.2,0.25,0.15000000000000002,1,0.3333333333333333,5,1.0,-0.26315789473684204,1.1622215300005643,-0.4879500364742666,0.0,0.2857142857142857,0.7916666666666666,0.14285714285714285,0.25,0.10714285714285714,0.3333333333333333,0.25,0.25,0.6666666666666666,0,0.0,2,0.6666666666666666
0.75,0.7515151515151515,"{""clf__C"": 32.32518791282502, ""clf__gamma"": 0.0005104518230902811, ""clf__class_weight"": ""balanced""}",0.1693557739341949,"[[41, 14], [8, 25]]",valence,0.7414529914529915,0.75,0.7532051282051281,8,0.24242424242424243,,14,0.2545454545454545,0.48538011695906436,0.5111838165067725,0.4902325224240144,subject_dependent,rbf_svm,0.8367346938775511,0.6410256410256411,0.7740590798593434,0.7388801674515961,0.75,0.7633437990580848,0.7515151515151515,0.75,0.75,0.8137741046831956,41,0.7454545454545455,25,0.7575757575757576,1.0,1.0,0.12607429372030524,"[[5, 0], [0, 3]]",1.0,1.0,1.0,0,0.0,0,0.0,1.0,0.43086038592188103,1.0,1.0,1.0,1.0,1.0,1.0,1.0,1.0,1.0,1.0,1.0,5,1.0,3,1.0
0.6136363636363636,0.7402597402597402,"{""clf__C"": 0.6351054340728711, ""clf__gamma"": 0.0005285382203816729, ""clf__class_weight"": ""balanced""}",0.2145095948016049,"[[44, 33], [1, 10]]",valence,0.5458409228901032,0.6136363636363636,0.6774438372799029,1,0.09090909090909091,,33,0.42857142857142855,0.21387283236994215,0.6205995763591958,0.317915878372988,subject_dependent,rbf_svm,0.9777777777777777,0.23255813953488372,0.32344602234554387,0.6051679586563308,0.6136363636363636,0.884625322997416,0.7402597402597402,0.6136363636363636,0.6136363636363636,0.8063754427390791,44,0.5714285714285714,10,0.9090909090909091,0.875,0.9285714285714286,0.21253174811306674,"[[6, 1], [0, 1]]",0.7948717948717949,0.875,0.8910256410256411,0,0.0,1,0.14285714285714285,0.6,0.6171591839511488,0.6546536707079772,1.0,0.5,0.5,0.75,0.875,0.9375,0.9285714285714286,0.875,0.875,0.8571428571428572,6,0.8571428571428571,1,1.0
0.6931818181818182,0.7181818181818183,"{""clf__C"": 0.9020715489795292, ""clf__gamma"": 0.0048275888720946784, ""clf__class_weight"": null}",0.21054040410283428,"[[34, 21], [6, 27]]",valence,0.6912280701754385,0.6931818181818182,0.6973684210526316,6,0.18181818181818182,,21,0.38181818181818183,0.4,0.6198642828979994,0.4242640687119285,subject_dependent,rbf_svm,0.85,0.5625,0.6406373436821118,0.70625,0.6931818181818182,0.7421875,0.7181818181818183,0.6931818181818182,0.6931818181818182,0.771900826446281,34,0.6181818181818182,27,0.8181818181818182,0.875,0.9,0.17062775223525697,"[[4, 1], [0, 3]]",0.873015873015873,0.875,0.876984126984127,0,0.0,1,0.2,0.75,0.5269840472380443,0.7745966692414834,1.0,0.75,0.6388888888888888,0.875,0.875,0.90625,0.9,0.875,0.875,0.8,4,0.8,3,1.0
0.5681818181818182,0.5606060606060606,"{""clf__C"": 7.709391232564023, ""clf__gamma"": 0.00026471141828218194, ""clf__class_weight"": null}",0.28752076041991825,"[[12, 10], [28, 38]]",valence,0.5268817204301075,0.5681818181818182,0.5967741935483871,28,0.42424242424242425,,10,0.45454545454545453,0.09523809523809523,0.8312508891693327,0.10540925533894598,subject_dependent,rbf_svm,0.3,0.7916666666666666,0.833300199172446,0.5458333333333333,0.5681818181818182,0.6687500000000001,0.5606060606060606,0.5681818181818182,0.5681818181818182,0.5977961432506887,12,0.5454545454545454,38,0.5757575757575758,0.625,0.5833333333333333,0.26423029300911827,"[[1, 1], [2, 4]]",0.5636363636363637,0.625,0.6454545454545454,2,0.3333333333333333,1,0.5,0.1428571428571429,0.7348385699523133,0.14907119849998599,0.3333333333333333,0.8,0.8773809523809524,0.5666666666666667,0.625,0.6833333333333335,0.5833333333333333,0.625,0.625,0.5833333333333333,1,0.5,4,0.6666666666666666
0.4659090909090909,0.4818181818181818,"{""clf__C"": 13.411788774467905, ""clf__gamma"": 0.00026210878782654407, ""clf__class_weight"": ""balanced""}",0.32881148613650363,"[[18, 15], [32, 23]]",valence,0.46417929783650735,0.4659090909090909,0.4717903873558751,32,0.5818181818181818,,15,0.45454545454545453,-0.03296703296703307,0.9683973989211132,-0.03554093266554555,subject_dependent,rbf_svm,0.36,0.6052631578947368,0.6757481649309316,0.4826315789473684,0.4659090909090909,0.5132894736842105,0.4818181818181818,0.4659090909090909,0.4659090909090909,0.49421487603305786,18,0.5454545454545454,23,0.41818181818181815,0.375,0.3666666666666667,0.2928916317942428,"[[1, 2], [3, 2]]",0.36507936507936506,0.375,0.38492063492063494,3,0.6,2,0.6666666666666666,-0.25,0.7989052109300447,-0.2581988897471611,0.25,0.5,0.7116666666666667,0.375,0.375,0.40625,0.3666666666666667,0.375,0.375,0.46666666666666673,1,0.3333333333333333,2,0.4
0.6477272727272727,0.5984848484848485,"{""clf__C"": 13.411788774467905, ""clf__gamma"": 0.00026210878782654407, ""clf__class_weight"": ""balanced""}",0.24775349887487047,"[[11, 11], [20, 46]]",valence,0.5815309096487191,0.6477272727272727,0.6647491946617579,20,0.30303030303030304,,11,0.5,0.17333333333333334,0.7304540727583688,0.17855188940990466,subject_dependent,rbf_svm,0.3548387096774194,0.8070175438596491,0.7920797830780215,0.5809281267685342,0.6477272727272727,0.6939728353140917,0.5984848484848485,0.6477272727272727,0.6477272727272727,0.5619834710743803,11,0.5,46,0.696969696969697,0.75,0.6666666666666667,0.214304164784013,"[[1, 1], [1, 5]]",0.6666666666666667,0.75,0.75,1,0.16666666666666666,1,0.5,0.33333333333333337,0.6134521076586028,0.3333333333333333,0.5,0.8333333333333334,0.8734126984126984,0.6666666666666667,0.75,0.75,0.6666666666666667,0.75,0.75,0.6666666666666666,1,0.5,5,0.8333333333333334
0.5227272727272727,0.5757575757575757,"{""clf__C"": 32.32518791282502, ""clf__gamma"": 0.0005104518230902811, ""clf__class_weight"": ""balanced""}",0.32148441970767955,"[[15, 7], [35, 31]]",valence,0.5064102564102564,0.5227272727272727,0.5512820512820512,35,0.5303030303030303,,7,0.3181818181818182,0.1063829787234043,1.014310724440098,0.13245323570650439,subject_dependent,rbf_svm,0.3,0.8157894736842105,0.8545148733921315,0.5578947368421052,0.5227272727272727,0.6868421052631578,0.5757575757575757,0.5227272727272727,0.5227272727272727,0.6019283746556474,15,0.6818181818181818,31,0.4696969696969697,0.5,0.5,0.2736703800790512,"[[1, 1], [3, 3]]",0.4666666666666667,0.5,0.5333333333333333,3,0.5,1,0.5,0.0,0.7576350214313632,0.0,0.25,0.75,0.8773809523809524,0.5,0.5,0.625,0.5,0.5,0.5,0.5833333333333333,1,0.5,3,0.5
0.6022727272727273,0.6022727272727273,"{""clf__C"": 13.411788774467905, ""clf__gamma"": 0.00026210878782654407, ""clf__class_weight"": ""balanced""}",0.28518617292924886,"[[26, 18], [17, 27]]",valence,0.6022213612294977,0.6022727272727273,0.6022213612294977,17,0.38636363636363635,,18,0.4090909090909091,0.20454545454545459,0.8085144535015888,0.20459830184114206,subject_dependent,rbf_svm,0.6046511627906976,0.6,0.6063882665548791,0.6023255813953488,0.6022727272727273,0.6023255813953488,0.6022727272727273,0.6022727272727273,0.6022727272727273,0.5865185950413223,26,0.5909090909090909,27,0.6136363636363636,0.5,0.5,0.24601074315305752,"[[1, 3], [1, 3]]",0.4666666666666667,0.5,0.4666666666666667,1,0.25,3,0.75,0.0,0.677134788615387,0.0,0.5,0.5,0.6916666666666667,0.5,0.5,0.5,0.5,0.5,0.5,0.5625,1,0.25,3,0.75
0.4772727272727273,0.47878787878787876,"{""clf__C"": 183.42628625395747, ""clf__gamma"": 0.0001005394019469303, ""clf__class_weight"": ""balanced""}",0.3822710356938614,"[[16, 17], [29, 26]]",valence,0.47043432757718473,0.4772727272727273,0.4854788069073784,29,0.5272727272727272,,17,0.5151515151515151,-0.039548022598870025,1.165713803099579,-0.041087708961862444,subject_dependent,rbf_svm,0.35555555555555557,0.6046511627906976,0.6459776106107524,0.48010335917312663,0.4772727272727273,0.5112403100775194,0.47878787878787876,0.4772727272727273,0.4772727272727273,0.4699724517906336,16,0.48484848484848486,26,0.4727272727272727,0.5,0.4666666666666667,0.30605374510740435,"[[1, 2], [2, 3]]",0.4666666666666667,0.5,0.5,2,0.4,2,0.6666666666666666,-0.06666666666666665,0.840173016573735,-0.06666666666666667,0.3333333333333333,0.6,0.7226190476190476,0.4666666666666667,0.5,0.5,0.4666666666666667,0.5,0.5,0.4666666666666667,1,0.3333333333333333,3,0.6
0.5795454545454546,0.446969696969697,"{""clf__C"": 100.2571297605856, ""clf__gamma"": 0.0074112997810832455, ""clf__class_weight"": ""balanced""}",0.3434299014237013,"[[47, 19], [18, 4]]",valence,0.44766751484308737,0.5795454545454546,0.5826123833757421,18,0.8181818181818182,,19,0.2878787878787879,-0.10447761194029859,1.1432240862198548,-0.10452419135052178,subject_dependent,rbf_svm,0.7230769230769231,0.17391304347826086,0.19606057792993511,0.44849498327759196,0.5795454545454546,0.5857859531772576,0.446969696969697,0.5795454545454546,0.5795454545454546,0.35192837465564736,47,0.7121212121212122,4,0.18181818181818182,0.5,0.3333333333333333,0.2981695485284827,"[[4, 2], [2, 0]]",0.3333333333333333,0.5,0.5,2,1.0,2,0.3333333333333333,-0.33333333333333326,0.8169276155095143,-0.3333333333333333,0.6666666666666666,0.0,0.26785714285714285,0.3333333333333333,0.5,0.5,0.3333333333333333,0.5,0.5,0.3333333333333333,4,0.6666666666666666,0,0.0
0.6477272727272727,0.6439393939393939,"{""clf__C"": 53.72198163554894, ""clf__gamma"": 0.0003972110727381913, ""clf__class_weight"": null}",0.21234521276827936,"[[43, 23], [8, 14]]",valence,0.6048095031145879,0.6477272727272727,0.6699261190786615,8,0.36363636363636365,,23,0.3484848484848485,0.23456790123456794,0.6181443260707166,0.25252653722915164,subject_dependent,rbf_svm,0.8431372549019608,0.3783783783783784,0.44079555838910295,0.6107578166401696,0.6477272727272727,0.7269475357710652,0.6439393939393939,0.6477272727272727,0.6477272727272727,0.7307162534435262,43,0.6515151515151515,14,0.6363636363636364,0.75,0.8333333333333333,0.1788023033589421,"[[4, 2], [0, 2]]",0.7333333333333334,0.75,0.7666666666666667,0,0.0,2,0.3333333333333333,0.5,0.5418570437478758,0.5773502691896258,1.0,0.5,0.8333333333333333,0.75,0.75,0.875,0.8333333333333333,0.75,0.75,0.9166666666666667,4,0.6666666666666666,2,1.0
0.6704545454545454,0.6136363636363636,"{""clf__C"": 0.40069130793659025, ""clf__gamma"": 0.0014899847475658245, ""clf__class_weight"": ""balanced""}",0.22881247277413683,"[[11, 11], [18, 48]]",valence,0.5996862745098039,0.6704545454545454,0.683843137254902,18,0.2727272727272727,,11,0.5,0.20547945205479456,0.6502490786511662,0.20936574503913466,subject_dependent,rbf_svm,0.3793103448275862,0.8135593220338984,0.7812339517142116,0.5964348334307423,0.6704545454545454,0.7049970777323203,0.6136363636363636,0.6704545454545454,0.6704545454545454,0.56267217630854,11,0.5,48,0.7272727272727273,0.75,0.6666666666666667,0.2279457561868557,"[[1, 1], [1, 5]]",0.6666666666666667,0.75,0.75,1,0.16666666666666666,1,0.5,0.33333333333333337,0.6487529630853837,0.3333333333333333,0.5,0.8333333333333334,0.7166666666666667,0.6666666666666667,0.75,0.75,0.6666666666666667,0.75,0.75,0.4166666666666667,1,0.5,5,0.8333333333333334
0.375,0.47727272727272724,"{""clf__C"": 64.69870699850829, ""clf__gamma"": 0.0008200518402245837, ""clf__class_weight"": null}",0.38813772395134605,"[[18, 48], [7, 15]]",valence,0.3742727860374919,0.375,0.3849385908209438,7,0.3181818181818182,,48,0.7272727272727273,-0.028037383177569986,1.097389076345428,-0.04364357804719848,subject_dependent,rbf_svm,0.72,0.23809523809523808,0.4140406011092026,0.47904761904761906,0.375,0.5995238095238095,0.47727272727272724,0.375,0.375,0.5902203856749311,18,0.2727272727272727,15,0.6818181818181818,0.375,0.5833333333333334,0.34588358905806255,"[[1, 5], [0, 2]]",0.36507936507936506,0.375,0.32539682539682535,0,0.0,5,0.8333333333333334,0.09090909090909094,0.9031420641951866,0.2182178902359924,1.0,0.2857142857142857,0.6428571428571428,0.6428571428571428,0.375,0.8214285714285714,0.5833333333333334,0.375,0.375,0.5833333333333333,1,0.16666666666666666,2,1.0
0.3977272727272727,0.3424242424242424,"{""clf__C"": 0.40069130793659025, ""clf__gamma"": 0.0014899847475658245, ""clf__class_weight"": ""balanced""}",0.33607782558357235,"[[31, 24], [29, 4]]",valence,0.33513898788310764,0.3977272727272727,0.3861368496079829,29,0.8787878787878788,,24,0.43636363636363634,-0.32499999999999996,0.8972307571591568,-0.32756920994133026,subject_dependent,rbf_svm,0.5166666666666667,0.14285714285714285,0.2878994045898709,0.3297619047619048,0.3977272727272727,0.37648809523809523,0.3424242424242424,0.3977272727272727,0.3977272727272727,0.3377410468319559,31,0.5636363636363636,4,0.12121212121212122,0.625,0.7,0.32915697513823655,"[[2, 3], [0, 3]]",0.6190476190476191,0.625,0.6071428571428571,0,0.0,3,0.6,0.33333333333333337,0.8720655775119968,0.4472135954999579,1.0,0.5,0.38333333333333336,0.75,0.625,0.8125,0.7,0.625,0.625,0.4,2,0.4,3,1.0
0.5340909090909091,0.5681818181818181,"{""clf__C"": 0.40069130793659025, ""clf__gamma"": 0.0014899847475658245, ""clf__class_weight"": ""balanced""}",0.2107576790987591,"[[14, 8], [33, 33]]",valence,0.5113097656779086,0.5340909090909091,0.5640660977922253,33,0.5,,8,0.36363636363636365,0.09890109890109888,0.606389604255055,0.11836983023520722,subject_dependent,rbf_svm,0.2978723404255319,0.8048780487804879,0.8468392389134753,0.5513751946030099,0.5340909090909091,0.6781266216917489,0.5681818181818181,0.5340909090909091,0.5340909090909091,0.6129476584022038,14,0.6363636363636364,33,0.5,0.75,0.6666666666666667,0.19969315709092847,"[[1, 1], [1, 5]]",0.6666666666666667,0.75,0.75,1,0.16666666666666666,1,0.5,0.33333333333333337,0.5891525396044797,0.3333333333333333,0.5,0.8333333333333334,0.915079365079365,0.6666666666666667,0.75,0.75,0.6666666666666667,0.75,0.75,0.75,1,0.5,5,0.8333333333333334
0.4772727272727273,0.5818181818181818,"{""clf__C"": 1.351144633701368, ""clf__gamma"": 0.015446089075047083, ""clf__class_weight"": ""balanced""}",0.43229192481034323,"[[9, 46], [0, 33]]",valence,0.43526785714285715,0.4772727272727273,0.39676339285714285,0,0.0,,46,0.8363636363636363,0.12796208530805686,1.9609375242800902,0.26144680219835703,subject_dependent,rbf_svm,1.0,0.4177215189873418,0.691960900959647,0.7088607594936709,0.4772727272727273,0.7816455696202531,0.5818181818181818,0.4772727272727273,0.4772727272727273,0.8225895316804408,9,0.16363636363636364,33,1.0,0.5,0.6,0.4068868592993786,"[[1, 4], [0, 3]]",0.4666666666666667,0.5,0.4333333333333333,0,0.0,4,0.8,0.1578947368421053,1.2523370176121529,0.29277002188455997,1.0,0.42857142857142855,1.0,0.7142857142857143,0.5,0.7857142857142857,0.6,0.5,0.5,1.0,1,0.2,3,1.0
0.5227272727272727,0.5757575757575757,"{""clf__C"": 166.2878326769575, ""clf__gamma"": 0.008979064194712979, ""clf__class_weight"": ""balanced""}",0.35739211516972846,"[[31, 35], [7, 15]]",valence,0.5064102564102564,0.5227272727272727,0.5512820512820512,7,0.3181818181818182,,35,0.5303030303030303,0.1063829787234043,1.2610501112126962,0.13245323570650439,subject_dependent,rbf_svm,0.8157894736842105,0.3,0.463150616687126,0.5578947368421052,0.5227272727272727,0.6868421052631578,0.5757575757575757,0.5227272727272727,0.5227272727272727,0.6425619834710744,31,0.4696969696969697,15,0.6818181818181818,0.625,0.75,0.29356270580203775,"[[3, 3], [0, 2]]",0.6190476190476191,0.625,0.6428571428571428,0,0.0,3,0.5,0.33333333333333337,0.8947908833600462,0.4472135954999579,1.0,0.4,0.45,0.7,0.625,0.85,0.75,0.625,0.625,0.6666666666666667,3,0.5,2,1.0
0.6022727272727273,0.6022727272727273,"{""clf__C"": 7.709391232564023, ""clf__gamma"": 0.00026471141828218194, ""clf__class_weight"": null}",0.2721534840074595,"[[15, 29], [6, 38]]",valence,0.5731115731115731,0.6022727272727273,0.5731115731115731,6,0.13636363636363635,,29,0.6590909090909091,0.20454545454545459,0.7607866668761957,0.23993602558862753,subject_dependent,rbf_svm,0.7142857142857143,0.5671641791044776,0.6695726413614329,0.6407249466950959,0.6022727272727273,0.640724946695096,0.6022727272727273,0.6022727272727273,0.6022727272727273,0.6234504132231405,15,0.3409090909090909,38,0.8636363636363636,0.5,0.5,0.24285539684208202,"[[1, 3], [1, 3]]",0.4666666666666667,0.5,0.4666666666666667,1,0.25,3,0.75,0.0,0.6733452319638258,0.0,0.5,0.5,0.7470238095238095,0.5,0.5,0.5,0.5,0.5,0.5,0.6875,1,0.25,3,0.75
0.4431818181818182,0.5121212121212121,"{""clf__C"": 100.2571297605856, ""clf__gamma"": 0.0074112997810832455, ""clf__class_weight"": ""balanced""}",0.4193989868657861,"[[26, 7], [42, 13]]",valence,0.43075907590759077,0.4431818181818182,0.40973597359735975,42,0.7636363636363637,,7,0.21212121212121213,0.020000000000000018,1.2530165376993936,0.028005601680560193,subject_dependent,rbf_svm,0.38235294117647056,0.65,0.610392600825538,0.5161764705882352,0.4431818181818182,0.5496323529411765,0.5121212121212121,0.4431818181818182,0.4431818181818182,0.474931129476584,26,0.7878787878787878,13,0.23636363636363636,0.375,0.5,0.37391280534520555,"[[3, 0], [5, 0]]",0.2727272727272727,0.375,0.20454545454545453,5,1.0,0,0.0,0.0,1.0150201942442463,0.0,0.375,0.0,0.7116666666666667,0.1875,0.375,0.140625,0.5,0.375,0.375,0.46666666666666673,3,1.0,0,0.0
0.625,0.4772727272727273,"{""clf__C"": 0.40069130793659025, ""clf__gamma"": 0.0014899847475658245, ""clf__class_weight"": ""balanced""}",0.2199304624112238,"[[51, 15], [18, 4]]",valence,0.47533875338753384,0.625,0.6154471544715446,18,0.8181818181818182,,15,0.22727272727272727,-0.04761904761904767,0.6314185504809221,-0.047836487323493986,subject_dependent,rbf_svm,0.7391304347826086,0.21052631578947367,0.21537071879512412,0.47482837528604116,0.625,0.606979405034325,0.4772727272727273,0.625,0.625,0.42148760330578516,51,0.7727272727272727,4,0.18181818181818182,0.625,0.4166666666666667,0.21801510457141232,"[[5, 1], [2, 0]]",0.38461538461538464,0.625,0.576923076923077,2,1.0,1,0.16666666666666666,-0.19999999999999996,0.6271669637490107,-0.2182178902359924,0.7142857142857143,0.0,0.325,0.35714285714285715,0.625,0.5357142857142857,0.4166666666666667,0.625,0.625,0.5,5,0.8333333333333334,0,0.0
0.4772727272727273,0.38181818181818183,"{""clf__C"": 0.40069130793659025, ""clf__gamma"": 0.0014899847475658245, ""clf__class_weight"": ""balanced""}",0.24141603894186112,"[[42, 13], [33, 0]]",valence,0.3230769230769231,0.4772727272727273,0.40384615384615385,33,1.0,,13,0.23636363636363636,-0.2689655172413794,0.6766949156990459,-0.32249030993194194,subject_dependent,rbf_svm,0.56,0.0,0.3183099857802862,0.28,0.4772727272727273,0.35000000000000003,0.38181818181818183,0.4772727272727273,0.4772727272727273,0.4143250688705234,42,0.7636363636363637,0,0.0,0.625,0.5,0.24099863970170082,"[[5, 0], [3, 0]]",0.38461538461538464,0.625,0.4807692307692308,3,1.0,0,0.0,0.0,0.6755842501952465,0.0,0.625,0.0,0.3595238095238095,0.3125,0.625,0.390625,0.5,0.625,0.625,0.3333333333333333,5,1.0,0,0.0
0.4318181818181818,0.40909090909090906,"{""clf__C"": 32.32518791282502, ""clf__gamma"": 0.0005104518230902811, ""clf__class_weight"": ""balanced""}",0.4081447236862703,"[[8, 14], [36, 30]]",valence,0.3939393939393939,0.4318181818181818,0.4696969696969697,36,0.5454545454545454,,14,0.6363636363636364,-0.13636363636363646,1.3116983019541908,-0.1574591643244434,subject_dependent,rbf_svm,0.18181818181818182,0.6818181818181818,0.6687323362522078,0.43181818181818177,0.4318181818181818,0.5568181818181818,0.40909090909090906,0.4318181818181818,0.4318181818181818,0.3243801652892562,8,0.36363636363636365,30,0.45454545454545453,0.5,0.5,0.379320386793778,"[[1, 1], [3, 3]]",0.4666666666666667,0.5,0.5333333333333333,3,0.5,1,0.5,0.0,1.0703240638257232,0.0,0.25,0.75,0.6968253968253968,0.5,0.5,0.625,0.5,0.5,0.5,0.3333333333333333,1,0.5,3,0.5
0.5909090909090909,0.5909090909090908,"{""clf__C"": 5.2117930643778205, ""clf__gamma"": 0.0036999724314638123, ""clf__class_weight"": null}",0.2617562317459729,"[[29, 15], [21, 23]]",valence,0.5889984431759212,0.5909090909090909,0.5889984431759211,21,0.4772727272727273,,15,0.3409090909090909,0.18181818181818177,0.757196757674689,0.18353258709644943,subject_dependent,rbf_svm,0.58,0.6052631578947368,0.6259914849977186,0.5926315789473684,0.5909090909090909,0.5926315789473684,0.5909090909090908,0.5909090909090909,0.5909090909090909,0.6389462809917356,29,0.6590909090909091,23,0.5227272727272727,0.5,0.5,0.2230158766912192,"[[2, 2], [2, 2]]",0.5,0.5,0.5,2,0.5,2,0.5,0.0,0.6174564787252188,0.0,0.5,0.5,0.6916666666666667,0.5,0.5,0.5,0.5,0.5,0.5,0.625,2,0.5,2,0.5
0.6704545454545454,0.38311688311688313,"{""clf__C"": 166.2878326769575, ""clf__gamma"": 0.008979064194712979, ""clf__class_weight"": ""balanced""}",0.2396771425750476,"[[0, 11], [18, 59]]",valence,0.4013605442176871,0.6704545454545454,0.7023809523809524,18,0.23376623376623376,,11,1.0,-0.18367346938775508,1.1802555797250434,-0.191662969499982,subject_dependent,rbf_svm,0.0,0.8428571428571429,0.7640338109707376,0.42142857142857143,0.6704545454545454,0.7375,0.38311688311688313,0.6704545454545454,0.6704545454545454,0.21723730814639908,0,0.0,59,0.7662337662337663,0.875,0.5,0.19130247708937548,"[[0, 1], [0, 7]]",0.4666666666666667,0.875,0.8166666666666667,0,0.0,1,1.0,0.0,0.6146092131116516,0.0,0.0,0.875,0.8260204081632654,0.4375,0.875,0.765625,0.5,0.875,0.875,0.14285714285714285,0,0.0,7,1.0
0.5227272727272727,0.5393939393939394,"{""clf__C"": 48.43827864278568, ""clf__gamma"": 0.00039459088111000007, ""clf__class_weight"": ""balanced""}",0.3726419479699867,"[[26, 29], [13, 20]]",valence,0.5204981837052414,0.5227272727272727,0.5286715101193565,13,0.3939393939393939,,29,0.5272727272727272,0.07182320441988954,1.2324583061690568,0.07678340712665285,subject_dependent,rbf_svm,0.6666666666666666,0.40816326530612246,0.3507629790008052,0.5374149659863945,0.5227272727272727,0.5697278911564626,0.5393939393939394,0.5227272727272727,0.5227272727272727,0.49146005509641877,26,0.4727272727272727,20,0.6060606060606061,0.5,0.5333333333333333,0.30917259853685786,"[[2, 3], [1, 2]]",0.5,0.5,0.5,1,0.3333333333333333,3,0.6,0.05882352941176472,0.844473788609492,0.06666666666666667,0.6666666666666666,0.4,0.4444444444444445,0.5333333333333333,0.5,0.5666666666666667,0.5333333333333333,0.5,0.5,0.5333333333333333,2,0.4,2,0.6666666666666666
0.3977272727272727,0.5075757575757576,"{""clf__C"": 32.32518791282502, ""clf__gamma"": 0.0005104518230902811, ""clf__class_weight"": ""balanced""}",0.44439272449829337,"[[19, 47], [6, 16]]",valence,0.3970265029088559,0.3977272727272727,0.4073044602456367,6,0.2727272727272727,,47,0.7121212121212122,0.009345794392523366,1.4631933488019422,0.014547859349066158,subject_dependent,rbf_svm,0.76,0.25396825396825395,0.21273718337434228,0.506984126984127,0.3977272727272727,0.6334920634920636,0.5075757575757576,0.3977272727272727,0.3977272727272727,0.43044077134986225,19,0.2878787878787879,16,0.7272727272727273,0.5,0.6666666666666666,0.40090728168565853,"[[2, 4], [0, 2]]",0.5,0.5,0.5,0,0.0,4,0.6666666666666666,0.19999999999999996,1.2131023287960083,0.3333333333333333,1.0,0.3333333333333333,0.325,0.6666666666666666,0.5,0.8333333333333334,0.6666666666666666,0.5,0.5,0.5,2,0.3333333333333333,2,1.0
0.4431818181818182,0.5075757575757576,"{""clf__C"": 5.2117930643778205, ""clf__gamma"": 0.0036999724314638123, ""clf__class_weight"": null}",0.48967573458322744,"[[25, 41], [8, 14]]",valence,0.43434343434343436,0.4431818181818182,0.4696969696969697,8,0.36363636363636365,,41,0.6212121212121212,0.010101010101010055,2.052095594673908,0.01355192713636236,subject_dependent,rbf_svm,0.7575757575757576,0.2545454545454545,0.25168537929039236,0.5060606060606061,0.4431818181818182,0.6318181818181818,0.5075757575757576,0.4431818181818182,0.4431818181818182,0.4414600550964187,25,0.3787878787878788,14,0.6363636363636364,0.375,0.41666666666666663,0.4047797012575759,"[[2, 4], [1, 1]]",0.36507936507936506,0.375,0.40476190476190477,1,0.5,4,0.6666666666666666,-0.11111111111111116,1.3434684899318121,-0.14907119849998599,0.6666666666666666,0.2,0.30952380952380953,0.43333333333333335,0.375,0.55,0.41666666666666663,0.375,0.375,0.41666666666666663,2,0.3333333333333333,1,0.5
0.6477272727272727,0.6333333333333333,"{""clf__C"": 13.411788774467905, ""clf__gamma"": 0.00026210878782654407, ""clf__class_weight"": ""balanced""}",0.26716305735179197,"[[19, 14], [17, 38]]",arousal,0.6305025057564675,0.6477272727272727,0.6504469727752945,17,0.3090909090909091,,14,0.42424242424242425,0.26190476190476186,0.7774691598817515,0.26257545381445874,subject_dependent,rbf_svm,0.5277777777777778,0.7307692307692307,0.8034973144764327,0.6292735042735043,0.6477272727272727,0.654647435897436,0.6333333333333333,0.6477272727272727,0.6477272727272727,0.6449035812672176,19,0.5757575757575758,38,0.6909090909090909,0.75,0.7333333333333334,0.23661856881087423,"[[2, 1], [1, 4]]",0.7333333333333334,0.75,0.75,1,0.2,1,0.3333333333333333,0.4666666666666667,0.6582731631444305,0.4666666666666667,0.6666666666666666,0.8,0.885,0.7333333333333334,0.75,0.75,0.7333333333333334,0.75,0.75,0.7333333333333334,2,0.6666666666666666,4,0.8
0.625,0.6272727272727272,"{""clf__C"": 13.411788774467905, ""clf__gamma"": 0.00026210878782654407, ""clf__class_weight"": ""balanced""}",0.28022848654730587,"[[21, 12], [21, 34]]",arousal,0.6166336633663367,0.625,0.6307920792079208,21,0.38181818181818183,,12,0.36363636363636365,0.24137931034482762,0.8657819380009175,0.24671758189758447,subject_dependent,rbf_svm,0.5,0.7391304347826086,0.7932266599580684,0.6195652173913043,0.625,0.6494565217391304,0.6272727272727272,0.625,0.625,0.659504132231405,21,0.6363636363636364,34,0.6181818181818182,0.5,0.4666666666666667,0.24804958263786814,"[[1, 2], [2, 3]]",0.4666666666666667,0.5,0.5,2,0.4,2,0.6666666666666666,-0.06666666666666665,0.6759560869530367,-0.06666666666666667,0.3333333333333333,0.6,0.8761904761904762,0.4666666666666667,0.5,0.5,0.4666666666666667,0.5,0.5,0.7333333333333334,1,0.3333333333333333,3,0.6
0.6363636363636364,0.5454545454545454,"{""clf__C"": 13.411788774467905, ""clf__gamma"": 0.00026210878782654407, ""clf__class_weight"": ""balanced""}",0.21548649482749732,"[[8, 14], [18, 48]]",arousal,0.5416666666666666,0.6363636363636364,0.6458333333333334,18,0.2727272727272727,,14,0.6363636363636364,0.08571428571428574,0.6310247802895088,0.08627959628145762,subject_dependent,rbf_svm,0.3076923076923077,0.7741935483870968,0.8049853873262105,0.5409429280397022,0.6363636363636364,0.6575682382133995,0.5454545454545454,0.6363636363636364,0.6363636363636364,0.5867768595041322,8,0.36363636363636365,48,0.7272727272727273,0.625,0.4166666666666667,0.18420052750649107,"[[0, 2], [1, 5]]",0.38461538461538464,0.625,0.576923076923077,1,0.16666666666666666,2,1.0,-0.19999999999999996,0.547643945299016,-0.2182178902359924,0.0,0.7142857142857143,0.9305555555555556,0.35714285714285715,0.625,0.5357142857142857,0.4166666666666667,0.625,0.625,0.75,0,0.0,5,0.8333333333333334
0.625,0.625,"{""clf__C"": 1.351144633701368, ""clf__gamma"": 0.015446089075047083, ""clf__class_weight"": ""balanced""}",0.28227525450868307,"[[20, 24], [9, 35]]",arousal,0.6137784279824445,0.625,0.6137784279824444,9,0.20454545454545456,,24,0.5454545454545454,0.25,0.8719781158969998,0.2659302123663481,subject_dependent,rbf_svm,0.6896551724137931,0.5932203389830508,0.7931684637276287,0.641437755698422,0.625,0.641437755698422,0.625,0.625,0.625,0.7407024793388429,20,0.45454545454545453,35,0.7954545454545454,0.5,0.5,0.24916891553308396,"[[1, 3], [1, 3]]",0.4666666666666667,0.5,0.4666666666666667,1,0.25,3,0.75,0.0,0.6691008113275632,0.0,0.5,0.5,0.8303571428571428,0.5,0.5,0.5,0.5,0.5,0.5,0.75,1,0.25,3,0.75
0.5795454545454546,0.5606060606060606,"{""clf__C"": 0.9020715489795292, ""clf__gamma"": 0.0048275888720946784, ""clf__class_weight"": null}",0.2629568178748556,"[[16, 17], [20, 35]]",arousal,0.5589868617093322,0.5795454545454546,0.5827915481511581,20,0.36363636363636365,,17,0.5151515151515151,0.11904761904761907,0.7608349062062266,0.11935247900657216,subject_dependent,rbf_svm,0.4444444444444444,0.6730769230769231,0.7823904180782523,0.5587606837606838,0.5795454545454546,0.5873397435897436,0.5606060606060606,0.5795454545454546,0.5795454545454546,0.6449035812672176,16,0.48484848484848486,35,0.6363636363636364,0.75,0.7333333333333334,0.22796301894412307,"[[2, 1], [1, 4]]",0.7333333333333334,0.75,0.75,1,0.2,1,0.3333333333333333,0.4666666666666667,0.6630126049993106,0.4666666666666667,0.6666666666666666,0.8,0.7861904761904762,0.7333333333333334,0.75,0.75,0.7333333333333334,0.75,0.75,0.6666666666666667,2,0.6666666666666666,4,0.8
0.6022727272727273,0.6022727272727273,"{""clf__C"": 34.26465148409954, ""clf__gamma"": 0.020597335357437203, ""clf__class_weight"": null}",0.30582676212439935,"[[30, 14], [21, 23]]",arousal,0.5997400909681612,0.6022727272727273,0.5997400909681612,21,0.4772727272727273,,14,0.3181818181818182,0.20454545454545459,1.1391500811501556,0.2071841649822589,subject_dependent,rbf_svm,0.5882352941176471,0.6216216216216216,0.6661298097148731,0.6049284578696343,0.6022727272727273,0.6049284578696343,0.6022727272727273,0.6022727272727273,0.6022727272727273,0.6136363636363635,30,0.6818181818181818,23,0.5227272727272727,0.75,0.75,0.23736783243610354,"[[4, 0], [2, 2]]",0.7333333333333334,0.75,0.7333333333333334,2,0.5,0,0.0,0.5,0.798956293655858,0.5773502691896258,0.6666666666666666,1.0,0.8125,0.8333333333333333,0.75,0.8333333333333333,0.75,0.75,0.75,0.6875,4,1.0,2,0.5
0.5909090909090909,0.509090909090909,"{""clf__C"": 0.21466070134458173, ""clf__gamma"": 0.0012955517240662183, ""clf__class_weight"": ""balanced""}",0.23896843686586344,"[[6, 27], [9, 46]]",arousal,0.484375,0.5909090909090909,0.54296875,9,0.16363636363636364,,27,0.8181818181818182,0.020408163265306145,0.6696296709597145,0.023408229439226113,subject_dependent,rbf_svm,0.4,0.6301369863013698,0.7478286598784427,0.5150684931506849,0.5909090909090909,0.5438356164383561,0.509090909090909,0.5909090909090909,0.5909090909090909,0.6005509641873278,6,0.18181818181818182,46,0.8363636363636363,0.625,0.6333333333333333,0.22798187814255533,"[[2, 1], [2, 3]]",0.6190476190476191,0.625,0.6309523809523809,2,0.4,1,0.3333333333333333,0.25,0.6463322930185254,0.2581988897471611,0.5,0.75,0.8083333333333333,0.625,0.625,0.65625,0.6333333333333333,0.625,0.625,0.6,2,0.6666666666666666,3,0.6
0.5,0.5454545454545454,"{""clf__C"": 0.40069130793659025, ""clf__gamma"": 0.0014899847475658245, ""clf__class_weight"": ""balanced""}",0.22924644098094404,"[[30, 36], [8, 14]]",arousal,0.48290598290598286,0.5,0.5299145299145299,8,0.36363636363636365,,36,0.5454545454545454,0.06382978723404253,0.6478275596122317,0.07947194142390263,subject_dependent,rbf_svm,0.7894736842105263,0.28,0.47114742394257164,0.5347368421052632,0.5,0.6621052631578948,0.5454545454545454,0.5,0.5,0.6528925619834711,30,0.45454545454545453,14,0.6363636363636364,0.75,0.6666666666666667,0.21670357330780135,"[[5, 1], [1, 1]]",0.6666666666666667,0.75,0.75,1,0.5,1,0.16666666666666666,0.33333333333333337,0.6237368124927922,0.3333333333333333,0.8333333333333334,0.5,0.41666666666666663,0.6666666666666667,0.75,0.75,0.6666666666666667,0.75,0.75,0.5833333333333334,5,0.8333333333333334,1,0.5
0.7159090909090909,0.6757575757575758,"{""clf__C"": 13.411788774467905, ""clf__gamma"": 0.00026210878782654407, ""clf__class_weight"": ""balanced""}",0.19145881029391126,"[[46, 9], [16, 17]]",arousal,0.6812979863827322,0.7159090909090909,0.7075546863682457,16,0.48484848484848486,,9,0.16363636363636364,0.36708860759493667,0.5606292317745186,0.37299228188938277,subject_dependent,rbf_svm,0.7419354838709677,0.6538461538461539,0.6676846744801885,0.6978908188585609,0.7159090909090909,0.7089019851116625,0.6757575757575758,0.7159090909090909,0.7159090909090909,0.7663911845730028,46,0.8363636363636363,17,0.5151515151515151,0.75,0.6666666666666666,0.15990615775322325,"[[5, 0], [2, 1]]",0.6666666666666667,0.75,0.7083333333333334,2,0.6666666666666666,0,0.0,0.3846153846153846,0.49089011296112955,0.4879500364742666,0.7142857142857143,1.0,1.0,0.8571428571428572,0.75,0.8214285714285714,0.6666666666666666,0.75,0.75,1.0,5,1.0,1,0.3333333333333333
0.4772727272727273,0.4545454545454546,"{""clf__C"": 20.12196163610286, ""clf__gamma"": 0.0008612579192594886, ""clf__class_weight"": ""balanced""}",0.32422619963529686,"[[9, 13], [33, 33]]",arousal,0.43526785714285715,0.4772727272727273,0.5122767857142857,33,0.5,,13,0.5909090909090909,-0.06976744186046502,0.900383418829436,-0.07881104062391008,subject_dependent,rbf_svm,0.21428571428571427,0.717391304347826,0.7133519085598667,0.4658385093167702,0.4772727272727273,0.5916149068322981,0.4545454545454546,0.4772727272727273,0.4772727272727273,0.4352617079889807,9,0.4090909090909091,33,0.5,0.625,0.5833333333333333,0.2713191487591473,"[[1, 1], [2, 4]]",0.5636363636363637,0.625,0.6454545454545454,2,0.3333333333333333,1,0.5,0.1428571428571429,0.7402565046192806,0.14907119849998599,0.3333333333333333,0.8,0.7166666666666667,0.5666666666666667,0.625,0.6833333333333335,0.5833333333333333,0.625,0.625,0.4166666666666667,1,0.5,4,0.6666666666666666
0.5454545454545454,0.5575757575757576,"{""clf__C"": 243.14537412227003, ""clf__gamma"": 0.0004992453416923984, ""clf__class_weight"": ""balanced""}",0.2721727217640706,"[[20, 13], [27, 28]]",arousal,0.5416666666666667,0.5454545454545454,0.5520833333333334,27,0.4909090909090909,,13,0.3939393939393939,0.1061452513966481,0.7518352997161171,0.11175503890954738,subject_dependent,rbf_svm,0.425531914893617,0.6829268292682927,0.7445932342092838,0.5542293720809549,0.5454545454545454,0.5864037363777893,0.5575757575757576,0.5454545454545454,0.5454545454545454,0.6319559228650138,20,0.6060606060606061,28,0.509090909090909,0.375,0.43333333333333335,0.23254381451384465,"[[2, 1], [4, 1]]",0.36507936507936506,0.375,0.34523809523809523,4,0.8,1,0.3333333333333333,-0.11111111111111116,0.6535781722782026,-0.14907119849998599,0.3333333333333333,0.5,0.81,0.41666666666666663,0.375,0.4375,0.43333333333333335,0.375,0.375,0.7333333333333334,2,0.6666666666666666,1,0.2
0.4431818181818182,0.45151515151515154,"{""clf__C"": 243.14537412227003, ""clf__gamma"": 0.0004992453416923984, ""clf__class_weight"": ""balanced""}",0.3653889481826932,"[[16, 17], [32, 23]]",arousal,0.43963612735542557,0.4431818181818182,0.45077972709551656,32,0.5818181818181818,,17,0.5151515151515151,-0.0888888888888888,1.053282553559435,-0.09428090415820634,subject_dependent,rbf_svm,0.3333333333333333,0.575,0.6095540108919771,0.4541666666666666,0.4431818181818182,0.484375,0.45151515151515154,0.4431818181818182,0.4431818181818182,0.4765840220385675,16,0.48484848484848486,23,0.41818181818181815,0.5,0.5333333333333333,0.31375991966317607,"[[2, 1], [3, 2]]",0.5,0.5,0.5,3,0.6,1,0.3333333333333333,0.05882352941176472,0.84756093864362,0.06666666666666667,0.4,0.6666666666666666,0.6726190476190477,0.5333333333333333,0.5,0.5666666666666667,0.5333333333333333,0.5,0.5,0.33333333333333337,2,0.6666666666666666,2,0.4
0.4318181818181818,0.4242424242424242,"{""clf__C"": 0.4342298948286134, ""clf__gamma"": 0.0008179499475211679, ""clf__class_weight"": ""balanced""}",0.38955669146805116,"[[13, 20], [30, 25]]",arousal,0.42105263157894735,0.4318181818181818,0.44078947368421056,30,0.5454545454545454,,20,0.6060606060606061,-0.1428571428571428,1.0742332710814222,-0.1467418177209373,subject_dependent,rbf_svm,0.3023255813953488,0.5555555555555556,0.5460235498365659,0.4289405684754522,0.4318181818181818,0.46059431524547806,0.4242424242424242,0.4318181818181818,0.4318181818181818,0.3977961432506887,13,0.3939393939393939,25,0.45454545454545453,0.25,0.26666666666666666,0.37413053717131195,"[[1, 2], [4, 1]]",0.25,0.25,0.25,4,0.8,2,0.6666666666666666,-0.41176470588235303,1.0020581507516955,-0.4666666666666667,0.2,0.3333333333333333,0.5783333333333334,0.26666666666666666,0.25,0.2833333333333333,0.26666666666666666,0.25,0.25,0.33333333333333337,1,0.3333333333333333,1,0.2
0.5227272727272727,0.5151515151515151,"{""clf__C"": 0.4342298948286134, ""clf__gamma"": 0.0008179499475211679, ""clf__class_weight"": ""balanced""}",0.23836624631536918,"[[30, 25], [17, 16]]",arousal,0.5103338632750398,0.5227272727272727,0.5298092209856915,17,0.5151515151515151,,25,0.45454545454545453,0.028901734104046284,0.6656993733184395,0.029409220765670364,subject_dependent,rbf_svm,0.6382978723404256,0.3902439024390244,0.4006558574706644,0.514270887389725,0.5227272727272727,0.5452776336274,0.5151515151515151,0.5227272727272727,0.5227272727272727,0.5663911845730029,30,0.5454545454545454,16,0.48484848484848486,0.5,0.4,0.2279744913366128,"[[4, 1], [3, 0]]",0.3333333333333333,0.5,0.41666666666666663,3,1.0,1,0.2,-0.23076923076923084,0.6455884019465102,-0.29277002188455997,0.5714285714285714,0.0,0.5555555555555556,0.2857142857142857,0.5,0.3571428571428571,0.4,0.5,0.5,0.6666666666666666,4,0.8,0,0.0
0.6136363636363636,0.6121212121212121,"{""clf__C"": 0.21466070134458173, ""clf__gamma"": 0.0012955517240662183, ""clf__class_weight"": ""balanced""}",0.21878866846528877,"[[34, 21], [13, 20]]",arousal,0.6036036036036037,0.6136363636363636,0.6193693693693694,13,0.3939393939393939,,21,0.38181818181818183,0.21387283236994215,0.6281949538209037,0.2176282336659607,subject_dependent,rbf_svm,0.723404255319149,0.4878048780487805,0.5310636530657215,0.6056045666839647,0.6136363636363636,0.6350544888427607,0.6121212121212121,0.6136363636363636,0.6136363636363636,0.70633608815427,34,0.6181818181818182,20,0.6060606060606061,0.625,0.5,0.21777234768213932,"[[5, 0], [3, 0]]",0.38461538461538464,0.625,0.4807692307692308,3,1.0,0,0.0,0.0,0.6260864366117451,0.0,0.625,0.0,0.5888888888888888,0.3125,0.625,0.390625,0.5,0.625,0.625,0.7333333333333333,5,1.0,0,0.0
0.5909090909090909,0.5454545454545454,"{""clf__C"": 183.42628625395747, ""clf__gamma"": 0.0001005394019469303, ""clf__class_weight"": ""balanced""}",0.3548519845504551,"[[10, 12], [24, 42]]",arousal,0.5285714285714286,0.5909090909090909,0.6142857142857142,24,0.36363636363636365,,12,0.5454545454545454,0.07692307692307687,1.008206479548823,0.08084520834544433,subject_dependent,rbf_svm,0.29411764705882354,0.7777777777777778,0.7318868098085032,0.5359477124183006,0.5909090909090909,0.6568627450980392,0.5454545454545454,0.5909090909090909,0.5909090909090909,0.4628099173553719,10,0.45454545454545453,42,0.6363636363636364,0.375,0.41666666666666663,0.3129275031093221,"[[1, 1], [4, 2]]",0.36507936507936506,0.375,0.40476190476190477,4,0.6666666666666666,1,0.5,-0.11111111111111116,0.8278311951744821,-0.14907119849998599,0.2,0.6666666666666666,0.8,0.43333333333333335,0.375,0.55,0.41666666666666663,0.375,0.375,0.5,1,0.5,2,0.3333333333333333
0.6931818181818182,0.6090909090909091,"{""clf__C"": 0.40069130793659025, ""clf__gamma"": 0.0014899847475658245, ""clf__class_weight"": ""balanced""}",0.21706324605105393,"[[52, 3], [24, 9]]",arousal,0.5969465648854961,0.6931818181818182,0.6461832061068703,24,0.7272727272727273,,3,0.05454545454545454,0.25,0.6254098822968064,0.30779350562554625,subject_dependent,rbf_svm,0.6842105263157895,0.75,0.6583678389450781,0.7171052631578947,0.6931818181818182,0.7088815789473685,0.6090909090909091,0.6931818181818182,0.6931818181818182,0.7559228650137741,52,0.9454545454545454,9,0.2727272727272727,0.625,0.5,0.21480654679150452,"[[5, 0], [3, 0]]",0.38461538461538464,0.625,0.4807692307692308,3,1.0,0,0.0,0.0,0.620515520054307,0.0,0.625,0.0,1.0,0.3125,0.625,0.390625,0.5,0.625,0.625,1.0,5,1.0,0,0.0
0.5909090909090909,0.5909090909090908,"{""clf__C"": 0.40069130793659025, ""clf__gamma"": 0.0014899847475658245, ""clf__class_weight"": ""balanced""}",0.26119542779699645,"[[35, 9], [27, 17]]",arousal,0.5730458221024258,0.5909090909090909,0.5730458221024258,27,0.6136363636363636,,9,0.20454545454545456,0.18181818181818177,0.7160124141946471,0.19925419255468715,subject_dependent,rbf_svm,0.5645161290322581,0.6538461538461539,0.3859615064765709,0.609181141439206,0.5909090909090909,0.609181141439206,0.5909090909090908,0.5909090909090909,0.5909090909090909,0.306301652892562,35,0.7954545454545454,17,0.38636363636363635,0.5,0.5,0.2611636270411428,"[[4, 0], [4, 0]]",0.3333333333333333,0.5,0.3333333333333333,4,1.0,0,0.0,0.0,0.7159476415089305,0.0,0.5,0.0,0.4571428571428572,0.25,0.5,0.25,0.5,0.5,0.5,0.25,4,1.0,0,0.0
0.4090909090909091,0.4090909090909091,"{""clf__C"": 0.40069130793659025, ""clf__gamma"": 0.0014899847475658245, ""clf__class_weight"": ""balanced""}",0.3192169117000849,"[[9, 13], [39, 27]]",arousal,0.38328840970350403,0.4090909090909091,0.4463611859838275,39,0.5909090909090909,,13,0.5909090909090909,-0.13043478260869557,0.8626225577770955,-0.15811388300841897,subject_dependent,rbf_svm,0.1875,0.675,0.7640720278272446,0.43125,0.4090909090909091,0.5531250000000001,0.4090909090909091,0.4090909090909091,0.4090909090909091,0.47176308539944906,9,0.4090909090909091,27,0.4090909090909091,0.5,0.5,0.30452858089495766,"[[1, 1], [3, 3]]",0.4666666666666667,0.5,0.5333333333333333,3,0.5,1,0.5,0.0,0.817049480086046,0.0,0.25,0.75,0.8,0.5,0.5,0.625,0.5,0.5,0.5,0.5,1,0.5,3,0.5
0.38636363636363635,0.38636363636363635,"{""clf__C"": 262.30889101079146, ""clf__gamma"": 0.0025135566617708314, ""clf__class_weight"": null}",0.4889131968830735,"[[13, 31], [23, 21]]",arousal,0.38125,0.38636363636363635,0.38125,23,0.5227272727272727,,31,0.7045454545454546,-0.2272727272727273,2.0075416916286577,-0.23112508176051214,subject_dependent,rbf_svm,0.3611111111111111,0.40384615384615385,0.40181982863438775,0.38247863247863245,0.38636363636363635,0.3824786324786325,0.38636363636363635,0.38636363636363635,0.38636363636363635,0.34762396694214875,13,0.29545454545454547,21,0.4772727272727273,0.25,0.25,0.4163593548436533,"[[0, 4], [2, 2]]",0.2,0.25,0.2,2,0.5,4,1.0,-0.5,1.2146874862271695,-0.5773502691896258,0.0,0.3333333333333333,0.5238095238095237,0.16666666666666666,0.25,0.16666666666666666,0.25,0.25,0.25,0.375,0,0.0,2,0.5
0.5,0.5,"{""clf__C"": 48.43827864278568, ""clf__gamma"": 0.00039459088111000007, ""clf__class_weight"": ""balanced""}",0.2908062467786136,"[[15, 29], [15, 29]]",arousal,0.4870164281928988,0.5,0.48701642819289875,15,0.3409090909090909,,29,0.6590909090909091,0.0,0.8009524545661002,0.0,subject_dependent,rbf_svm,0.5,0.5,0.6096658742402423,0.5,0.5,0.5,0.5,0.5,0.5,0.5655991735537191,15,0.3409090909090909,29,0.6590909090909091,0.625,0.625,0.2533966392731199,"[[1, 3], [0, 4]]",0.5636363636363637,0.625,0.5636363636363637,0,0.0,3,0.75,0.25,0.698700303291347,0.3779644730092272,1.0,0.5714285714285714,0.7678571428571428,0.7857142857142857,0.625,0.7857142857142857,0.625,0.625,0.625,0.625,1,0.25,4,1.0
0.2159090909090909,0.34090909090909094,"{""clf__C"": 0.40069130793659025, ""clf__gamma"": 0.0014899847475658245, ""clf__class_weight"": ""balanced""}",0.42388203111345457,"[[13, 9], [60, 6]]",arousal,0.21091617933723197,0.2159090909090909,0.17953216374269007,60,0.9090909090909091,,9,0.4090909090909091,-0.17948717948717952,1.1136068549667941,-0.3663967458131496,subject_dependent,rbf_svm,0.1780821917808219,0.4,0.6551200239203093,0.28904109589041094,0.2159090909090909,0.3445205479452055,0.34090909090909094,0.2159090909090909,0.2159090909090909,0.32920110192837465,13,0.5909090909090909,6,0.09090909090909091,0.25,0.5,0.411925713118726,"[[2, 0], [6, 0]]",0.2,0.25,0.1,6,1.0,0,0.0,0.0,1.0568163127787544,0.0,0.25,0.0,0.6746031746031745,0.125,0.25,0.0625,0.5,0.25,0.25,0.25,2,1.0,0,0.0
0.3181818181818182,0.3181818181818182,"{""clf__C"": 243.14537412227003, ""clf__gamma"": 0.0004992453416923984, ""clf__class_weight"": ""balanced""}",0.43120038980461656,"[[12, 32], [28, 16]]",arousal,0.3167701863354037,0.3181818181818182,0.31677018633540377,28,0.6363636363636364,,32,0.7272727272727273,-0.36363636363636354,1.2074184608437852,-0.3651483716701107,subject_dependent,rbf_svm,0.3,0.3333333333333333,0.3994140078147673,0.31666666666666665,0.3181818181818182,0.31666666666666665,0.3181818181818182,0.3181818181818182,0.3181818181818182,0.3052685950413223,12,0.2727272727272727,16,0.36363636363636365,0.375,0.375,0.3702079180503671,"[[1, 3], [2, 2]]",0.36507936507936506,0.375,0.36507936507936506,2,0.5,3,0.75,-0.25,0.958253418274862,-0.2581988897471611,0.3333333333333333,0.4,0.3946428571428572,0.3666666666666667,0.375,0.3666666666666667,0.375,0.375,0.375,0.125,1,0.25,2,0.5
0.45454545454545453,0.4545454545454546,"{""clf__C"": 0.34866781670451225, ""clf__gamma"": 0.00014936568554617635, ""clf__class_weight"": ""balanced""}",0.2536060294456105,"[[19, 25], [23, 21]]",arousal,0.4542635658914729,0.45454545454545453,0.4542635658914728,23,0.5227272727272727,,25,0.5681818181818182,-0.09090909090909083,0.7004110576556587,-0.09100315103865801,subject_dependent,rbf_svm,0.4523809523809524,0.45652173913043476,0.6220055858768777,0.45445134575569357,0.45454545454545453,0.4544513457556936,0.4545454545454546,0.45454545454545453,0.45454545454545453,0.6286157024793388,19,0.4318181818181818,21,0.4772727272727273,0.5,0.5,0.25360480615469216,"[[4, 0], [4, 0]]",0.3333333333333333,0.5,0.3333333333333333,4,1.0,0,0.0,0.0,0.7004087594097197,0.0,0.5,0.0,0.7470238095238095,0.25,0.5,0.25,0.5,0.5,0.5,0.6875,4,1.0,0,0.0
0.6931818181818182,0.7484848484848485,"{""clf__C"": 0.4342298948286134, ""clf__gamma"": 0.0008179499475211679, ""clf__class_weight"": ""balanced""}",0.22624169510003167,"[[32, 1], [26, 29]]",arousal,0.6928248222365869,0.6931818181818182,0.690206851971558,26,0.4727272727272727,,1,0.030303030303030304,0.43157894736842106,0.64459300015911,0.5075672576839417,subject_dependent,rbf_svm,0.5517241379310345,0.9666666666666667,0.9096413566840093,0.7591954022988505,0.6931818181818182,0.8110632183908045,0.7484848484848485,0.6931818181818182,0.6931818181818182,0.8286501377410469,32,0.9696969696969697,29,0.5272727272727272,0.625,0.7,0.22464502637863992,"[[3, 0], [3, 2]]",0.6190476190476191,0.625,0.6071428571428571,3,0.6,0,0.0,0.33333333333333337,0.6416314791578964,0.4472135954999579,0.5,1.0,0.9428571428571428,0.75,0.625,0.8125,0.7,0.625,0.625,0.8666666666666667,3,1.0,2,0.4
0.4772727272727273,0.4484848484848485,"{""clf__C"": 48.43827864278568, ""clf__gamma"": 0.00039459088111000007, ""clf__class_weight"": ""balanced""}",0.4006456949979574,"[[11, 22], [24, 31]]",arousal,0.44880174291939,0.4772727272727273,0.480119825708061,24,0.43636363636363634,,22,0.6666666666666666,-0.10179640718562877,1.7448222994989158,-0.1019134103861307,subject_dependent,rbf_svm,0.3142857142857143,0.5849056603773585,0.6000278846248192,0.4495956873315364,0.4772727272727273,0.48342318059299194,0.4484848484848485,0.4772727272727273,0.4772727272727273,0.4754820936639118,11,0.3333333333333333,31,0.5636363636363636,0.625,0.6333333333333333,0.31622109752664235,"[[2, 1], [2, 3]]",0.6190476190476191,0.625,0.6309523809523809,2,0.4,1,0.3333333333333333,0.25,0.9325024357852685,0.2581988897471611,0.5,0.75,0.7226190476190476,0.625,0.625,0.65625,0.6333333333333333,0.625,0.625,0.4666666666666667,2,0.6666666666666666,3,0.6
0.5909090909090909,0.696969696969697,"{""clf__C"": 64.69870699850829, ""clf__gamma"": 0.0008200518402245837, ""clf__class_weight"": null}",0.2774561042807728,"[[20, 2], [34, 32]]",arousal,0.5831578947368421,0.5909090909090909,0.611578947368421,34,0.5151515151515151,,2,0.09090909090909091,0.26530612244897955,0.8504280632514795,0.3503292361635921,subject_dependent,rbf_svm,0.37037037037037035,0.9411764705882353,0.9099610489348456,0.6557734204793029,0.5909090909090909,0.7984749455337691,0.696969696969697,0.5909090909090909,0.5909090909090909,0.7479338842975207,20,0.9090909090909091,32,0.48484848484848486,0.625,0.75,0.23754304476380808,"[[2, 0], [3, 3]]",0.6190476190476191,0.625,0.6428571428571428,3,0.5,0,0.0,0.33333333333333337,0.6829212429732027,0.4472135954999579,0.4,1.0,0.9583333333333334,0.7,0.625,0.85,0.75,0.625,0.625,0.8333333333333334,2,1.0,3,0.5
0.4431818181818182,0.5060606060606061,"{""clf__C"": 160.49758307716223, ""clf__gamma"": 0.00018427970406864567, ""clf__class_weight"": null}",0.4118433898214471,"[[14, 41], [8, 25]]",arousal,0.43434343434343436,0.4431818181818182,0.41666666666666674,8,0.24242424242424243,,41,0.7454545454545455,0.010101010101010055,1.588930498171552,0.01355192713636236,subject_dependent,rbf_svm,0.6363636363636364,0.3787878787878788,0.436198827585148,0.5075757575757576,0.4431818181818182,0.5397727272727273,0.5060606060606061,0.4431818181818182,0.4431818181818182,0.5493112947658402,14,0.2545454545454545,25,0.7575757575757576,0.5,0.6,0.3548085589441865,"[[1, 4], [0, 3]]",0.4666666666666667,0.5,0.4333333333333333,0,0.0,4,0.8,0.1578947368421053,1.051541971662972,0.29277002188455997,1.0,0.42857142857142855,0.4206349206349207,0.7142857142857143,0.5,0.7857142857142857,0.6,0.5,0.5,0.4666666666666666,1,0.2,3,1.0
0.6818181818181818,0.6909090909090909,"{""clf__C"": 0.5284919490133119, ""clf__gamma"": 0.005047786565710607, ""clf__class_weight"": null}",0.22797579816537336,"[[24, 9], [19, 36]]",arousal,0.6757894736842105,0.6818181818181818,0.6868421052631579,19,0.34545454545454546,,9,0.2727272727272727,0.36,0.673552942611509,0.369789380656762,subject_dependent,rbf_svm,0.5581395348837209,0.8,0.8490320682755379,0.6790697674418604,0.6818181818181818,0.7093023255813954,0.6909090909090909,0.6818181818181818,0.6818181818181818,0.699724517906336,24,0.7272727272727273,36,0.6545454545454545,0.75,0.8,0.19585617102873804,"[[3, 0], [2, 3]]",0.75,0.75,0.75,2,0.4,0,0.0,0.5294117647058824,0.5666738685740289,0.6,0.6,1.0,0.8583333333333333,0.8,0.75,0.85,0.8,0.75,0.75,0.6666666666666667,3,1.0,3,0.6
0.36363636363636365,0.24675324675324678,"{""clf__C"": 0.6351054340728711, ""clf__gamma"": 0.0005285382203816729, ""clf__class_weight"": ""balanced""}",0.3901122931695374,"[[1, 10], [46, 31]]",arousal,0.2799532437171245,0.36363636363636365,0.46405610753945065,46,0.5974025974025974,,10,0.9090909090909091,-0.21081081081081088,1.0431291097787672,-0.33579539007975356,subject_dependent,rbf_svm,0.02127659574468085,0.7560975609756098,0.7717049869279604,0.3886870783601453,0.36363636363636365,0.6642449403217436,0.24675324675324678,0.36363636363636365,0.36363636363636365,0.1959858323494687,1,0.09090909090909091,31,0.4025974025974026,0.375,0.21428571428571427,0.3715153994948862,"[[0, 1], [4, 3]]",0.2727272727272727,0.375,0.47727272727272724,4,0.5714285714285714,1,1.0,-0.25,0.9752582159843622,-0.3779644730092272,0.0,0.75,0.8260204081632654,0.375,0.375,0.65625,0.21428571428571427,0.375,0.375,0.14285714285714285,0,0.0,3,0.42857142857142855
0.625,0.5727272727272728,"{""clf__C"": 0.21466070134458173, ""clf__gamma"": 0.0012955517240662183, ""clf__class_weight"": ""balanced""}",0.24306590485154136,"[[43, 12], [21, 12]]",arousal,0.5718708536045998,0.625,0.6095754091110128,21,0.6363636363636364,,12,0.21818181818181817,0.15384615384615385,0.6792616402514953,0.15811388300841897,subject_dependent,rbf_svm,0.671875,0.5,0.5211692391071214,0.5859375,0.625,0.607421875,0.5727272727272728,0.625,0.625,0.578512396694215,43,0.7818181818181819,12,0.36363636363636365,0.625,0.5,0.24306567375777038,"[[5, 0], [3, 0]]",0.38461538461538464,0.625,0.4807692307692308,3,1.0,0,0.0,0.0,0.6792611866443841,0.0,0.625,0.0,0.7,0.3125,0.625,0.390625,0.5,0.625,0.625,0.7333333333333333,5,1.0,0,0.0
0.3068181818181818,0.28181818181818186,"{""clf__C"": 13.411788774467905, ""clf__gamma"": 0.00026210878782654407, ""clf__class_weight"": ""balanced""}",0.4995524819803185,"[[6, 27], [34, 21]]",arousal,0.2860752759675489,0.3068181818181818,0.31649820454847716,34,0.6181818181818182,,27,0.8181818181818182,-0.4186046511627908,1.5946343091401098,-0.4242640687119285,subject_dependent,rbf_svm,0.15,0.4375,0.5133419483207322,0.29375,0.3068181818181818,0.32968749999999997,0.28181818181818186,0.3068181818181818,0.3068181818181818,0.2308539944903581,6,0.18181818181818182,21,0.38181818181818183,0.25,0.26666666666666666,0.4542394729652028,"[[1, 2], [4, 1]]",0.25,0.25,0.25,4,0.8,2,0.6666666666666666,-0.41176470588235303,1.2165712299981661,-0.4666666666666667,0.2,0.3333333333333333,0.4859523809523809,0.26666666666666666,0.25,0.2833333333333333,0.26666666666666666,0.25,0.25,0.06666666666666668,1,0.3333333333333333,1,0.2
0.3181818181818182,0.4090909090909091,"{""clf__C"": 13.411788774467905, ""clf__gamma"": 0.00026210878782654407, ""clf__class_weight"": ""balanced""}",0.48323948913708076,"[[13, 9], [51, 15]]",arousal,0.3178294573643411,0.3181818181818182,0.32558139534883723,51,0.7727272727272727,,9,0.4090909090909091,-0.11111111111111116,1.4512830407680684,-0.1767766952966369,subject_dependent,rbf_svm,0.203125,0.625,0.6798989553739732,0.4140625,0.3181818181818182,0.51953125,0.4090909090909091,0.3181818181818182,0.3181818181818182,0.4435261707988981,13,0.5909090909090909,15,0.22727272727272727,0.25,0.3333333333333333,0.45235263006364057,"[[1, 1], [5, 1]]",0.25,0.25,0.25,5,0.8333333333333334,1,0.5,-0.19999999999999996,1.1772762544802515,-0.3333333333333333,0.16666666666666666,0.5,0.7345238095238095,0.3333333333333333,0.25,0.4166666666666667,0.3333333333333333,0.25,0.25,0.5,1,0.5,1,0.16666666666666666
0.625,0.625,"{""clf__C"": 5.2117930643778205, ""clf__gamma"": 0.0036999724314638123, ""clf__class_weight"": null}",0.2303085947373278,"[[20, 24], [9, 35]]",arousal,0.6137784279824445,0.625,0.6137784279824444,9,0.20454545454545456,,24,0.5454545454545454,0.25,0.6880431673654789,0.2659302123663481,subject_dependent,rbf_svm,0.6896551724137931,0.5932203389830508,0.8210037105656129,0.641437755698422,0.625,0.641437755698422,0.625,0.625,0.625,0.7670454545454546,20,0.45454545454545453,35,0.7954545454545454,0.75,0.75,0.16252627903514436,"[[3, 1], [1, 3]]",0.75,0.75,0.75,1,0.25,1,0.25,0.5,0.4889339331560194,0.5,0.75,0.75,0.95,0.75,0.75,0.75,0.75,0.75,0.75,0.9375,3,0.75,3,0.75
0.5909090909090909,0.6212121212121211,"{""clf__C"": 20.12196163610286, ""clf__gamma"": 0.0008612579192594886, ""clf__class_weight"": ""balanced""}",0.29402789737991086,"[[15, 7], [29, 37]]",arousal,0.5636363636363636,0.5909090909090909,0.6181818181818182,29,0.4393939393939394,,7,0.3181818181818182,0.18181818181818177,1.007136069525948,0.2099455524325912,subject_dependent,rbf_svm,0.3409090909090909,0.8409090909090909,0.8826544150584131,0.5909090909090909,0.5909090909090909,0.7159090909090909,0.6212121212121211,0.5909090909090909,0.5909090909090909,0.650137741046832,15,0.6818181818181818,37,0.5606060606060606,0.625,0.75,0.23969745835303838,"[[2, 0], [3, 3]]",0.6190476190476191,0.625,0.6428571428571428,3,0.5,0,0.0,0.33333333333333337,0.6649884286270321,0.4472135954999579,0.4,1.0,0.8972222222222223,0.7,0.625,0.85,0.75,0.625,0.625,0.6666666666666667,2,1.0,3,0.5
0.8409090909090909,0.8311688311688312,"{""clf__C"": 0.9020715489795292, ""clf__gamma"": 0.0048275888720946784, ""clf__class_weight"": null}",0.13232925789791236,"[[9, 2], [12, 65]]",arousal,0.7326388888888888,0.8409090909090909,0.8602430555555555,12,0.15584415584415584,,2,0.18181818181818182,0.47663551401869164,0.42065557060191544,0.513894662982693,subject_dependent,rbf_svm,0.42857142857142855,0.9701492537313433,0.9870956105296321,0.6993603411513859,0.8409090909090909,0.902452025586354,0.8311688311688312,0.8409090909090909,0.8409090909090909,0.9161747343565525,9,0.8181818181818182,65,0.8441558441558441,0.875,0.9285714285714286,0.10297362727842557,"[[1, 0], [1, 6]]",0.7948717948717949,0.875,0.8910256410256411,1,0.14285714285714285,0,0.0,0.6,0.3751049284108388,0.6546536707079772,0.5,1.0,1.0,0.75,0.875,0.9375,0.9285714285714286,0.875,0.875,1.0,1,1.0,6,0.8571428571428571
0.5,0.43939393939393934,"{""clf__C"": 1.351144633701368, ""clf__gamma"": 0.015446089075047083, ""clf__class_weight"": ""balanced""}",0.3201120185960756,"[[7, 15], [29, 37]]",arousal,0.4342489772063121,0.5,0.5306838106370543,29,0.4393939393939394,,15,0.6818181818181818,-0.10000000000000009,0.9232016123607519,-0.10675210253672476,subject_dependent,rbf_svm,0.19444444444444445,0.7115384615384616,0.7657478675427223,0.452991452991453,0.5,0.5822649572649573,0.43939393939393934,0.5,0.5,0.4607438016528925,7,0.3181818181818182,37,0.5606060606060606,0.5,0.3333333333333333,0.2621504124479713,"[[0, 2], [2, 4]]",0.3333333333333333,0.5,0.5,2,0.3333333333333333,2,1.0,-0.33333333333333326,0.7142565898659254,-0.3333333333333333,0.0,0.6666666666666666,0.732936507936508,0.3333333333333333,0.5,0.5,0.3333333333333333,0.5,0.5,0.25,0,0.0,4,0.6666666666666666
0.4772727272727273,0.4772727272727273,"{""clf__C"": 183.42628625395747, ""clf__gamma"": 0.0001005394019469303, ""clf__class_weight"": ""balanced""}",0.3056822866051014,"[[16, 28], [18, 26]]",arousal,0.47043432757718473,0.4772727272727273,0.47043432757718473,18,0.4090909090909091,,28,0.6363636363636364,-0.045454545454545414,0.8318160814400564,-0.04667600280093366,subject_dependent,rbf_svm,0.47058823529411764,0.48148148148148145,0.5439059802483089,0.4760348583877996,0.4772727272727273,0.4760348583877996,0.4772727272727273,0.4772727272727273,0.4772727272727273,0.4927685950413223,16,0.36363636363636365,26,0.5909090909090909,0.5,0.5,0.2779401511342501,"[[0, 4], [0, 4]]",0.3333333333333333,0.5,0.3333333333333333,0,0.0,4,1.0,0.0,0.7535281766722179,0.0,0.0,0.5,0.5011904761904762,0.25,0.5,0.25,0.5,0.5,0.5,0.4375,0,0.0,4,1.0
0.3977272727272727,0.3545454545454545,"{""clf__C"": 13.411788774467905, ""clf__gamma"": 0.00026210878782654407, ""clf__class_weight"": ""balanced""}",0.36306639341876124,"[[6, 27], [26, 29]]",arousal,0.35356895356895357,0.3977272727272727,0.39580734580734583,26,0.4727272727272727,,27,0.8181818181818182,-0.29268292682926833,1.021861632182918,-0.2927700218845599,subject_dependent,rbf_svm,0.1875,0.5178571428571429,0.496209549124248,0.35267857142857145,0.3977272727272727,0.39397321428571436,0.3545454545454545,0.3977272727272727,0.3977272727272727,0.27713498622589533,6,0.18181818181818182,29,0.5272727272727272,0.5,0.4,0.3469100262671052,"[[0, 3], [1, 4]]",0.3333333333333333,0.5,0.41666666666666663,1,0.2,3,1.0,-0.23076923076923084,0.9498077118958015,-0.29277002188455997,0.0,0.5714285714285714,0.6192857142857142,0.2857142857142857,0.5,0.3571428571428571,0.4,0.5,0.5,0.2,0,0.0,4,0.8
0.4431818181818182,0.45151515151515154,"{""clf__C"": 1.351144633701368, ""clf__gamma"": 0.015446089075047083, ""clf__class_weight"": ""balanced""}",0.3671875178409431,"[[16, 17], [32, 23]]",arousal,0.43963612735542557,0.4431818181818182,0.45077972709551656,32,0.5818181818181818,,17,0.5151515151515151,-0.0888888888888888,1.0288668592277241,-0.09428090415820634,subject_dependent,rbf_svm,0.3333333333333333,0.575,0.6375554826724373,0.4541666666666666,0.4431818181818182,0.484375,0.45151515151515154,0.4431818181818182,0.4431818181818182,0.4170798898071625,16,0.48484848484848486,23,0.41818181818181815,0.25,0.2,0.3406200185317324,"[[0, 3], [3, 2]]",0.2,0.25,0.25,3,0.6,3,1.0,-0.6000000000000001,0.8785893720303171,-0.6,0.0,0.4,0.7392857142857143,0.2,0.25,0.25,0.2,0.25,0.25,0.4,0,0.0,2,0.4
0.7045454545454546,0.6212121212121212,"{""clf__C"": 160.49758307716223, ""clf__gamma"": 0.00018427970406864567, ""clf__class_weight"": null}",0.16976787232815807,"[[10, 12], [14, 52]]",arousal,0.6173913043478261,0.7045454545454546,0.7086956521739132,14,0.21212121212121213,,12,0.5454545454545454,0.23529411764705888,0.49632908451468105,0.23570226039551584,subject_dependent,rbf_svm,0.4166666666666667,0.8125,0.9155487770016015,0.6145833333333334,0.7045454545454546,0.7135416666666667,0.6212121212121212,0.7045454545454546,0.7045454545454546,0.747245179063361,10,0.45454545454545453,52,0.7878787878787878,0.75,0.5,0.1523959363148115,"[[0, 2], [0, 6]]",0.42857142857142855,0.75,0.6428571428571428,0,0.0,2,1.0,0.0,0.4677011872743986,0.0,0.0,0.75,0.9305555555555556,0.375,0.75,0.5625,0.5,0.75,0.75,0.75,0,0.0,6,1.0
0.5227272727272727,0.42424242424242425,"{""clf__C"": 34.26465148409954, ""clf__gamma"": 0.020597335357437203, ""clf__class_weight"": null}",0.3231297645906945,"[[5, 17], [25, 41]]",arousal,0.4267990074441687,0.5227272727272727,0.5440446650124069,25,0.3787878787878788,,17,0.7727272727272727,-0.1351351351351351,0.9731681914841478,-0.13840913308956662,subject_dependent,rbf_svm,0.16666666666666666,0.7068965517241379,0.7317371652267118,0.43678160919540227,0.5227272727272727,0.57183908045977,0.42424242424242425,0.5227272727272727,0.5227272727272727,0.42217630853994487,5,0.22727272727272727,41,0.6212121212121212,0.5,0.3333333333333333,0.2670938152102967,"[[0, 2], [2, 4]]",0.3333333333333333,0.5,0.5,2,0.3333333333333333,2,1.0,-0.33333333333333326,0.789864581681121,-0.3333333333333333,0.0,0.6666666666666666,0.6968253968253968,0.3333333333333333,0.5,0.5,0.3333333333333333,0.5,0.5,0.3333333333333333,0,0.0,4,0.6666666666666666
0.5454545454545454,0.5333333333333333,"{""clf__C"": 64.69870699850829, ""clf__gamma"": 0.0008200518402245837, ""clf__class_weight"": null}",0.2834088633821684,"[[16, 17], [23, 32]]",arousal,0.5299145299145299,0.5454545454545454,0.5512820512820512,23,0.41818181818181815,,17,0.5151515151515151,0.06432748538011701,0.8028546525070823,0.06497057526101395,subject_dependent,rbf_svm,0.41025641025641024,0.6530612244897959,0.7224631621527952,0.531658817373103,0.5454545454545454,0.5620094191522763,0.5333333333333333,0.5454545454545454,0.5454545454545454,0.5730027548209367,16,0.48484848484848486,32,0.5818181818181818,0.625,0.6333333333333333,0.2418136248740135,"[[2, 1], [2, 3]]",0.6190476190476191,0.625,0.6309523809523809,2,0.4,1,0.3333333333333333,0.25,0.6688266167167286,0.2581988897471611,0.5,0.75,0.8392857142857143,0.625,0.625,0.65625,0.6333333333333333,0.625,0.625,0.6,2,0.6666666666666666,3,0.6
0.5113636363636364,0.564935064935065,"{""clf__C"": 100.2571297605856, ""clf__gamma"": 0.0074112997810832455, ""clf__class_weight"": ""balanced""}",0.3619180889536154,"[[7, 4], [39, 38]]",arousal,0.4421347486362966,0.5113636363636364,0.5895252837977295,39,0.5064935064935064,,4,0.36363636363636365,0.05494505494505497,1.1428151843952732,0.08598989506126371,subject_dependent,rbf_svm,0.15217391304347827,0.9047619047619048,0.8987151392137738,0.5284679089026916,0.5113636363636364,0.8106884057971016,0.564935064935065,0.5113636363636364,0.5113636363636364,0.5814639905548997,7,0.6363636363636364,38,0.4935064935064935,0.5,0.7142857142857143,0.26282862249608596,"[[1, 0], [4, 3]]",0.4666666666666667,0.5,0.5666666666666667,4,0.5714285714285714,0,0.0,0.1578947368421053,0.7211471062898929,0.29277002188455997,0.2,1.0,0.9821428571428572,0.6,0.5,0.9,0.7142857142857143,0.5,0.5,0.8571428571428571,1,1.0,3,0.42857142857142855
0.4772727272727273,0.4772727272727273,"{""clf__C"": 51.4138527229363, ""clf__gamma"": 0.006173770394704574, ""clf__class_weight"": ""balanced""}",0.43792209589033065,"[[15, 29], [17, 27]]",arousal,0.4673684210526316,0.4772727272727273,0.4673684210526316,17,0.38636363636363635,,29,0.6590909090909091,-0.045454545454545414,1.6242082779491092,-0.04724555912615341,subject_dependent,rbf_svm,0.46875,0.48214285714285715,0.48100833397495835,0.4754464285714286,0.4772727272727273,0.4754464285714286,0.4772727272727273,0.4772727272727273,0.4772727272727273,0.42458677685950413,15,0.3409090909090909,27,0.6136363636363636,0.25,0.25,0.33225418411775304,"[[0, 4], [2, 2]]",0.2,0.25,0.2,2,0.5,4,1.0,-0.5,0.8560704349322561,-0.5773502691896258,0.0,0.3333333333333333,0.6071428571428572,0.16666666666666666,0.25,0.16666666666666666,0.25,0.25,0.25,0.375,0,0.0,2,0.5
0.6136363636363636,0.6424242424242423,"{""clf__C"": 5.2117930643778205, ""clf__gamma"": 0.0036999724314638123, ""clf__class_weight"": null}",0.2944132088543275,"[[25, 8], [26, 29]]",arousal,0.6128364389233955,0.6136363636363636,0.6172360248447205,26,0.4727272727272727,,8,0.24242424242424243,0.2568306010928961,1.0959086021194853,0.2793613227184177,subject_dependent,rbf_svm,0.49019607843137253,0.7837837837837838,0.822765101312748,0.6369899311075782,0.6136363636363636,0.6736883942766295,0.6424242424242423,0.6136363636363636,0.6136363636363636,0.6674931129476583,25,0.7575757575757576,29,0.5272727272727272,0.75,0.7333333333333334,0.2349746945655048,"[[2, 1], [1, 4]]",0.7333333333333334,0.75,0.75,1,0.2,1,0.3333333333333333,0.4666666666666667,0.7379695964841068,0.4666666666666667,0.6666666666666666,0.8,0.8350000000000001,0.7333333333333334,0.75,0.75,0.7333333333333334,0.75,0.75,0.6666666666666667,2,0.6666666666666666,4,0.8
0.75,0.75,"{""clf__C"": 0.21466070134458173, ""clf__gamma"": 0.0012955517240662183, ""clf__class_weight"": ""balanced""}",0.14372084948023123,"[[42, 2], [20, 24]]",arousal,0.7390835579514825,0.75,0.7390835579514825,20,0.45454545454545453,,2,0.045454545454545456,0.5,0.4499205615538234,0.5479490295253897,subject_dependent,rbf_svm,0.6774193548387096,0.9230769230769231,0.9302923578840524,0.8002481389578164,0.75,0.8002481389578164,0.75,0.75,0.75,0.9287190082644629,42,0.9545454545454546,24,0.5454545454545454,0.75,0.75,0.13200653667200363,"[[4, 0], [2, 2]]",0.7333333333333334,0.75,0.7333333333333334,2,0.5,0,0.0,0.5,0.4326682144204903,0.5773502691896258,0.6666666666666666,1.0,1.0,0.8333333333333333,0.75,0.8333333333333333,0.75,0.75,0.75,1.0,4,1.0,2,0.5
0.7272727272727273,0.7515151515151515,"{""clf__C"": 1.351144633701368, ""clf__gamma"": 0.015446089075047083, ""clf__class_weight"": ""balanced""}",0.1790202420288808,"[[28, 5], [19, 36]]",arousal,0.725,0.7272727272727273,0.73125,19,0.34545454545454546,,5,0.15151515151515152,0.46368715083798884,0.568996252096317,0.488193064710128,subject_dependent,rbf_svm,0.5957446808510638,0.8780487804878049,0.9245086830640852,0.7368967306694343,0.7272727272727273,0.772184743124027,0.7515151515151515,0.7272727272727273,0.7272727272727273,0.8573002754820936,28,0.8484848484848485,36,0.6545454545454545,0.75,0.8,0.12673200815525867,"[[3, 0], [2, 3]]",0.75,0.75,0.75,2,0.4,0,0.0,0.5294117647058824,0.3934543209518576,0.6,0.6,1.0,0.9666666666666667,0.8,0.75,0.85,0.8,0.75,0.75,0.9333333333333333,3,1.0,3,0.6
0.6704545454545454,0.6272727272727273,"{""clf__C"": 0.5284919490133119, ""clf__gamma"": 0.005047786565710607, ""clf__class_weight"": null}",0.1974138452881813,"[[15, 18], [11, 44]]",arousal,0.6303056642039693,0.6704545454545454,0.660763436187165,11,0.2,,18,0.5454545454545454,0.26582278481012656,0.5715222125239013,0.2700978592992082,subject_dependent,rbf_svm,0.5769230769230769,0.7096774193548387,0.8099992978989611,0.6433002481389578,0.6704545454545454,0.659894540942928,0.6272727272727273,0.6704545454545454,0.6704545454545454,0.7418732782369146,15,0.45454545454545453,44,0.8,0.75,0.7333333333333334,0.1654028202793444,"[[2, 1], [1, 4]]",0.7333333333333334,0.75,0.75,1,0.2,1,0.3333333333333333,0.4666666666666667,0.511695398366056,0.4666666666666667,0.6666666666666666,0.8,0.9266666666666666,0.7333333333333334,0.75,0.75,0.7333333333333334,0.75,0.75,0.8666666666666667,2,0.6666666666666666,4,0.8
0.6363636363636364,0.6363636363636364,"{""clf__C"": 7.709391232564023, ""clf__gamma"": 0.00026471141828218194, ""clf__class_weight"": null}",0.2605971613871171,"[[16, 28], [4, 40]]",arousal,0.6071428571428572,0.6363636363636364,0.6071428571428572,4,0.09090909090909091,,28,0.6363636363636364,0.2727272727272727,0.7856684511200206,0.32539568672798425,subject_dependent,rbf_svm,0.8,0.5882352941176471,0.5493651663760857,0.6941176470588235,0.6363636363636364,0.6941176470588236,0.6363636363636364,0.6363636363636364,0.6363636363636364,0.618801652892562,16,0.36363636363636365,40,0.9090909090909091,0.625,0.625,0.23033064194971994,"[[1, 3], [0, 4]]",0.5636363636363637,0.625,0.5636363636363637,0,0.0,3,0.75,0.25,0.6677422791576638,0.3779644730092272,1.0,0.5714285714285714,0.6791666666666667,0.7857142857142857,0.625,0.7857142857142857,0.625,0.625,0.625,0.75,1,0.25,4,1.0
0.8068181818181818,0.6742424242424243,"{""clf__C"": 2.2463533171675794, ""clf__gamma"": 0.0006516990611177178, ""clf__class_weight"": null}",0.15728949529561034,"[[9, 13], [4, 62]]",arousal,0.6968591691995947,0.8068181818181818,0.788145896656535,4,0.06060606060606061,,13,0.5909090909090909,0.4035087719298246,0.5054820705402595,0.4252701504393423,subject_dependent,rbf_svm,0.6923076923076923,0.8266666666666667,0.8172884003177026,0.7594871794871795,0.8068181818181818,0.793076923076923,0.6742424242424243,0.8068181818181818,0.8068181818181818,0.7155647382920111,9,0.4090909090909091,62,0.9393939393939394,0.875,0.75,0.13936211883832314,"[[1, 1], [0, 6]]",0.7948717948717949,0.875,0.8589743589743589,0,0.0,1,0.5,0.6,0.44627949975756764,0.6546536707079772,1.0,0.8571428571428571,0.9484126984126984,0.9285714285714286,0.875,0.8928571428571428,0.75,0.875,0.875,0.8333333333333333,1,0.5,6,1.0
0.4318181818181818,0.4484848484848485,"{""clf__C"": 1.351144633701368, ""clf__gamma"": 0.015446089075047083, ""clf__class_weight"": ""balanced""}",0.40259448027306227,"[[17, 16], [34, 21]]",arousal,0.43064182194616973,0.4318181818181818,0.437111801242236,34,0.6181818181818182,,16,0.48484848484848486,-0.09289617486338808,1.25688936800192,-0.10104558481304471,subject_dependent,rbf_svm,0.3333333333333333,0.5675675675675675,0.6227960410465417,0.4504504504504504,0.4318181818181818,0.47972972972972966,0.4484848484848485,0.4318181818181818,0.4318181818181818,0.4396694214876033,17,0.5151515151515151,21,0.38181818181818183,0.375,0.43333333333333335,0.3521380572429197,"[[2, 1], [4, 1]]",0.36507936507936506,0.375,0.34523809523809523,4,0.8,1,0.3333333333333333,-0.11111111111111116,0.9422520454752176,-0.14907119849998599,0.3333333333333333,0.5,0.6592857142857143,0.41666666666666663,0.375,0.4375,0.43333333333333335,0.375,0.375,0.33333333333333337,2,0.6666666666666666,1,0.2
0.375,0.5,"{""clf__C"": 0.34866781670451225, ""clf__gamma"": 0.00014936568554617635, ""clf__class_weight"": ""balanced""}",0.2365871376313469,"[[33, 0], [55, 0]]",arousal,0.2727272727272727,0.375,0.20454545454545456,55,1.0,,0,0.0,0.0,0.666156301627699,0.0,subject_dependent,rbf_svm,0.375,0.0,0.5928734279107465,0.1875,0.375,0.140625,0.5,0.375,0.375,0.36418732782369145,33,1.0,0,0.0,0.625,0.5,0.23658616355884898,"[[0, 3], [0, 5]]",0.38461538461538464,0.625,0.4807692307692308,0,0.0,3,1.0,0.0,0.6661544467612506,0.0,0.0,0.625,0.6592857142857143,0.3125,0.625,0.390625,0.5,0.625,0.625,0.33333333333333337,0,0.0,5,1.0
0.5340909090909091,0.4575757575757576,"{""clf__C"": 0.40069130793659025, ""clf__gamma"": 0.0014899847475658245, ""clf__class_weight"": ""balanced""}",0.28907369996527216,"[[5, 28], [13, 42]]",arousal,0.4340392156862745,0.5340909090909091,0.4935294117647059,13,0.23636363636363636,,28,0.8484848484848485,-0.09333333333333327,0.7858588515053584,-0.1018350154434631,subject_dependent,rbf_svm,0.2777777777777778,0.6,0.5799641236122827,0.4388888888888889,0.5340909090909091,0.47916666666666674,0.4575757575757576,0.5340909090909091,0.5340909090909091,0.43250688705234164,5,0.15151515151515152,42,0.7636363636363637,0.625,0.5666666666666667,0.28257153435089666,"[[1, 2], [1, 4]]",0.5636363636363637,0.625,0.6045454545454546,1,0.2,2,0.6666666666666666,0.1428571428571429,0.7690032486294179,0.14907119849998599,0.5,0.6666666666666666,0.5783333333333334,0.5833333333333333,0.625,0.6041666666666666,0.5666666666666667,0.625,0.625,0.33333333333333337,1,0.3333333333333333,4,0.8
0.5795454545454546,0.5378787878787878,"{""clf__C"": 13.411788774467905, ""clf__gamma"": 0.00026210878782654407, ""clf__class_weight"": ""balanced""}",0.2517011067014161,"[[10, 12], [25, 41]]",arousal,0.5199764116172785,0.5795454545454546,0.6045260209346897,25,0.3787878787878788,,12,0.5454545454545454,0.06329113924050633,0.7912759321967833,0.06702509218888864,subject_dependent,rbf_svm,0.2857142857142857,0.7735849056603774,0.6830335048954402,0.5296495956873315,0.5795454545454546,0.6516172506738545,0.5378787878787878,0.5795454545454546,0.5795454545454546,0.44834710743801653,10,0.45454545454545453,41,0.6212121212121212,0.75,0.6666666666666667,0.22974662687440578,"[[1, 1], [1, 5]]",0.6666666666666667,0.75,0.75,1,0.16666666666666666,1,0.5,0.33333333333333337,0.7342220432549338,0.3333333333333333,0.5,0.8333333333333334,0.7166666666666667,0.6666666666666667,0.75,0.75,0.6666666666666667,0.75,0.75,0.4166666666666667,1,0.5,5,0.8333333333333334
0.45454545454545453,0.4545454545454546,"{""clf__C"": 64.69870699850829, ""clf__gamma"": 0.0008200518402245837, ""clf__class_weight"": null}",0.3692203755028389,"[[9, 35], [13, 31]]",arousal,0.41818181818181815,0.45454545454545453,0.41818181818181815,13,0.29545454545454547,,35,0.7954545454545454,-0.09090909090909083,1.1274075492357967,-0.1049727762162956,subject_dependent,rbf_svm,0.4090909090909091,0.4696969696969697,0.4799980768917863,0.43939393939393945,0.45454545454545453,0.43939393939393945,0.4545454545454546,0.45454545454545453,0.45454545454545453,0.4121900826446281,9,0.20454545454545456,31,0.7045454545454546,0.5,0.5,0.34147981681477163,"[[1, 3], [1, 3]]",0.4666666666666667,0.5,0.4666666666666667,1,0.25,3,0.75,0.0,0.9537501304674483,0.0,0.5,0.5,0.4928571428571429,0.5,0.5,0.5,0.5,0.5,0.5,0.375,1,0.25,3,0.75
0.5227272727272727,0.42424242424242425,"{""clf__C"": 160.49758307716223, ""clf__gamma"": 0.00018427970406864567, ""clf__class_weight"": null}",0.3140530697272493,"[[5, 17], [25, 41]]",arousal,0.4267990074441687,0.5227272727272727,0.5440446650124069,25,0.3787878787878788,,17,0.7727272727272727,-0.1351351351351351,0.924540908958006,-0.13840913308956662,subject_dependent,rbf_svm,0.16666666666666666,0.7068965517241379,0.7292459577880335,0.43678160919540227,0.5227272727272727,0.57183908045977,0.42424242424242425,0.5227272727272727,0.5227272727272727,0.4070247933884298,5,0.22727272727272727,41,0.6212121212121212,0.5,0.3333333333333333,0.2686779015012199,"[[0, 2], [2, 4]]",0.3333333333333333,0.5,0.5,2,0.3333333333333333,2,1.0,-0.33333333333333326,0.7440525714209907,-0.3333333333333333,0.0,0.6666666666666666,0.6746031746031745,0.3333333333333333,0.5,0.5,0.3333333333333333,0.5,0.5,0.25,0,0.0,4,0.6666666666666666
0.5,0.5757575757575758,"{""clf__C"": 160.49758307716223, ""clf__gamma"": 0.00018427970406864567, ""clf__class_weight"": null}",0.29791935851535395,"[[16, 6], [38, 28]]",arousal,0.4905263157894737,0.5,0.5252631578947369,38,0.5757575757575758,,6,0.2727272727272727,0.10204081632653061,0.8109272602605819,0.13474201390907387,subject_dependent,rbf_svm,0.2962962962962963,0.8235294117647058,0.8356939904886206,0.5599128540305011,0.5,0.6917211328976035,0.5757575757575758,0.5,0.5,0.6377410468319559,16,0.7272727272727273,28,0.42424242424242425,0.625,0.75,0.26807389441058704,"[[2, 0], [3, 3]]",0.6190476190476191,0.625,0.6428571428571428,3,0.5,0,0.0,0.33333333333333337,0.7276055820034082,0.4472135954999579,0.4,1.0,0.915079365079365,0.7,0.625,0.85,0.75,0.625,0.625,0.75,2,1.0,3,0.5
0.6363636363636364,0.606060606060606,"{""clf__C"": 13.411788774467905, ""clf__gamma"": 0.00026210878782654407, ""clf__class_weight"": ""balanced""}",0.2156937481092371,"[[12, 10], [22, 44]]",arousal,0.5809523809523809,0.6363636363636364,0.6571428571428571,22,0.3333333333333333,,10,0.45454545454545453,0.17948717948717952,0.6211593189918543,0.18863881947270342,subject_dependent,rbf_svm,0.35294117647058826,0.8148148148148148,0.8612513905594901,0.5838779956427015,0.6363636363636364,0.6993464052287581,0.606060606060606,0.6363636363636364,0.6363636363636364,0.6735537190082647,12,0.5454545454545454,44,0.6666666666666666,0.75,0.6666666666666667,0.19356234032060382,"[[1, 1], [1, 5]]",0.6666666666666667,0.75,0.75,1,0.16666666666666666,1,0.5,0.33333333333333337,0.5776168170146002,0.3333333333333333,0.5,0.8333333333333334,0.9761904761904762,0.6666666666666667,0.75,0.75,0.6666666666666667,0.75,0.75,0.9166666666666667,1,0.5,5,0.8333333333333334
0.6590909090909091,0.5757575757575758,"{""clf__C"": 7.709391232564023, ""clf__gamma"": 0.00026471141828218194, ""clf__class_weight"": null}",0.22772485676477142,"[[9, 13], [17, 49]]",arousal,0.5703125,0.6590909090909091,0.66796875,17,0.25757575757575757,,13,0.5909090909090909,0.1428571428571429,0.6496809246866408,0.14379932713576268,subject_dependent,rbf_svm,0.34615384615384615,0.7903225806451613,0.7920595879059682,0.5682382133995036,0.6590909090909091,0.6792803970223324,0.5757575757575758,0.6590909090909091,0.6590909090909091,0.5633608815426998,9,0.4090909090909091,49,0.7424242424242424,0.875,0.75,0.20546388563519005,"[[1, 1], [0, 6]]",0.7948717948717949,0.875,0.8589743589743589,0,0.0,1,0.5,0.6,0.6029392567322681,0.6546536707079772,1.0,0.8571428571428571,0.915079365079365,0.9285714285714286,0.875,0.8928571428571428,0.75,0.875,0.875,0.75,1,0.5,6,1.0
0.7045454545454546,0.5454545454545454,"{""clf__C"": 5.2117930643778205, ""clf__gamma"": 0.0036999724314638123, ""clf__class_weight"": null}",0.2110946629810788,"[[5, 17], [9, 57]]",arousal,0.5460317460317461,0.7045454545454546,0.6801587301587302,9,0.13636363636363635,,17,0.7727272727272727,0.10344827586206895,0.6377237656819756,0.10762440050012628,subject_dependent,rbf_svm,0.35714285714285715,0.7702702702702703,0.7948300435326507,0.5637065637065637,0.7045454545454546,0.666988416988417,0.5454545454545454,0.7045454545454546,0.7045454545454546,0.5606060606060607,5,0.22727272727272727,57,0.8636363636363636,0.75,0.5,0.1802076459613769,"[[0, 2], [0, 6]]",0.42857142857142855,0.75,0.6428571428571428,0,0.0,2,1.0,0.0,0.5322408407463558,0.0,0.0,0.75,0.8972222222222223,0.375,0.75,0.5625,0.5,0.75,0.75,0.6666666666666667,0,0.0,6,1.0
0.5909090909090909,0.5393939393939394,"{""clf__C"": 5.2117930643778205, ""clf__gamma"": 0.0036999724314638123, ""clf__class_weight"": null}",0.27735309825796667,"[[11, 22], [14, 41]]",arousal,0.5371127995324372,0.5909090909090909,0.5765634132086499,14,0.2545454545454545,,22,0.6666666666666666,0.08280254777070062,0.7799917028448817,0.0845780063222062,subject_dependent,rbf_svm,0.44,0.6507936507936508,0.614774250039851,0.5453968253968254,0.5909090909090909,0.5717460317460318,0.5393939393939394,0.5909090909090909,0.5909090909090909,0.5008264462809917,11,0.3333333333333333,41,0.7454545454545455,0.625,0.5666666666666667,0.24219111543061794,"[[1, 2], [1, 4]]",0.5636363636363637,0.625,0.6045454545454546,1,0.2,2,0.6666666666666666,0.1428571428571429,0.6831867422777627,0.14907119849998599,0.5,0.6666666666666666,0.6595238095238095,0.5833333333333333,0.625,0.6041666666666666,0.5666666666666667,0.625,0.625,0.5333333333333333,1,0.3333333333333333,4,0.8
0.8409090909090909,0.8409090909090909,"{""clf__C"": 5.2117930643778205, ""clf__gamma"": 0.0036999724314638123, ""clf__class_weight"": null}",,"[[0, 0], [14, 74]]",arousal,0.4567901234567901,0.8409090909090909,0.9135802469135803,,,,,,0.0,,0.0,subject_dependent,rbf_svm,,,1.0,0.5,0.8409090909090909,1.0,0.42045454545454547,0.8409090909090909,0.8409090909090909,nan,,,,,0.875,0.875,,"[[0, 0], [1, 7]]",0.4666666666666667,0.875,0.9333333333333333,,,,,0.0,,0.0,,,1.0,0.5,0.875,1.0,0.4375,0.875,0.875,nan,,,,
0.4772727272727273,0.4545454545454546,"{""clf__C"": 13.411788774467905, ""clf__gamma"": 0.00026210878782654407, ""clf__class_weight"": ""balanced""}",0.3458092739107117,"[[9, 13], [33, 33]]",arousal,0.43526785714285715,0.4772727272727273,0.5122767857142857,33,0.5,,13,0.5909090909090909,-0.06976744186046502,0.9515160090481707,-0.07881104062391008,subject_dependent,rbf_svm,0.21428571428571427,0.717391304347826,0.8333142007121199,0.4658385093167702,0.4772727272727273,0.5916149068322981,0.4545454545454546,0.4772727272727273,0.4772727272727273,0.4965564738292011,9,0.4090909090909091,33,0.5,0.375,0.25,0.33567549943529396,"[[0, 2], [3, 3]]",0.2727272727272727,0.375,0.40909090909090906,3,0.5,2,1.0,-0.4285714285714286,0.8855469122601489,-0.4472135954999579,0.0,0.6,0.8551587301587301,0.3,0.375,0.44999999999999996,0.25,0.375,0.375,0.5,0,0.0,3,0.5
0.625,0.625,"{""clf__C"": 262.30889101079146, ""clf__gamma"": 0.0025135566617708314, ""clf__class_weight"": null}",0.3060324941892914,"[[16, 28], [5, 39]]",arousal,0.5975051975051975,0.625,0.5975051975051975,5,0.11363636363636363,,28,0.6363636363636364,0.25,1.6484034457478816,0.29325514238610034,subject_dependent,rbf_svm,0.7619047619047619,0.582089552238806,0.7536568871064576,0.671997157071784,0.625,0.6719971570717839,0.625,0.625,0.625,0.7603305785123967,16,0.36363636363636365,39,0.8863636363636364,0.625,0.625,0.21702826715704537,"[[1, 3], [0, 4]]",0.5636363636363637,0.625,0.5636363636363637,0,0.0,3,0.75,0.25,0.6156646760495602,0.3779644730092272,1.0,0.5714285714285714,0.95,0.7857142857142857,0.625,0.7857142857142857,0.625,0.625,0.625,0.9375,1,0.25,4,1.0
0.4090909090909091,0.49696969696969695,"{""clf__C"": 166.2878326769575, ""clf__gamma"": 0.008979064194712979, ""clf__class_weight"": ""balanced""}",0.49496733113132996,"[[8, 47], [5, 28]]",arousal,0.3769063180827886,0.4090909090909091,0.3415032679738562,5,0.15151515151515152,,47,0.8545454545454545,-0.004830917874396157,2.4741545175121074,-0.00826898230594723,subject_dependent,rbf_svm,0.6153846153846154,0.37333333333333335,0.7042131641214131,0.49435897435897436,0.4090909090909091,0.5246153846153846,0.49696969696969695,0.4090909090909091,0.4090909090909091,0.7057851239669423,8,0.14545454545454545,28,0.8484848484848485,0.375,0.5,0.4270146454598344,"[[0, 5], [0, 3]]",0.2727272727272727,0.375,0.20454545454545453,0,0.0,5,1.0,0.0,1.1193795745276758,0.0,0.0,0.375,0.625,0.1875,0.375,0.140625,0.5,0.375,0.375,0.5333333333333333,0,0.0,3,1.0
0.5568181818181818,0.5568181818181819,"{""clf__C"": 183.42628625395747, ""clf__gamma"": 0.0001005394019469303, ""clf__class_weight"": ""balanced""}",0.3140084630859077,"[[25, 19], [20, 24]]",arousal,0.5567609453700116,0.5568181818181818,0.5567609453700116,20,0.45454545454545453,,19,0.4318181818181818,0.11363636363636365,0.9005015562568293,0.11366572324507893,subject_dependent,rbf_svm,0.5555555555555556,0.5581395348837209,0.5043518998202242,0.5568475452196382,0.5568181818181818,0.5568475452196382,0.5568181818181819,0.5568181818181818,0.5568181818181818,0.5216942148760331,25,0.5681818181818182,24,0.5454545454545454,0.5,0.5,0.25818478586683574,"[[2, 2], [2, 2]]",0.5,0.5,0.5,2,0.5,2,0.5,0.0,0.7143088270714192,0.0,0.5,0.5,0.75,0.5,0.5,0.5,0.5,0.5,0.5,0.5625,2,0.5,2,0.5
0.4772727272727273,0.6515151515151515,"{""clf__C"": 0.26052157465743125, ""clf__gamma"": 0.013795402040204185, ""clf__class_weight"": null}",0.45673270468675237,"[[20, 46], [0, 22]]",arousal,0.47700258397932815,0.4772727272727273,0.4710594315245478,0,0.0,,46,0.696969696969697,0.1785714285714286,1.3085406817788299,0.3131121455425747,subject_dependent,rbf_svm,1.0,0.3235294117647059,0.3674256062695429,0.6617647058823529,0.4772727272727273,0.8308823529411765,0.6515151515151515,0.4772727272727273,0.4772727272727273,0.6928374655647384,20,0.30303030303030304,22,1.0,0.375,0.5833333333333334,0.44806899113114784,"[[1, 5], [0, 2]]",0.36507936507936506,0.375,0.32539682539682535,0,0.0,5,0.8333333333333334,0.09090909090909094,1.2183994464445678,0.2182178902359924,1.0,0.2857142857142857,0.41666666666666663,0.6428571428571428,0.375,0.8214285714285714,0.5833333333333334,0.375,0.375,0.6666666666666667,1,0.16666666666666666,2,1.0
0.42045454545454547,0.4212121212121212,"{""clf__C"": 183.42628625395747, ""clf__gamma"": 0.0001005394019469303, ""clf__class_weight"": ""balanced""}",0.34151973428184373,"[[23, 32], [19, 14]]",arousal,0.4143285919352734,0.42045454545454547,0.42930314498238287,19,0.5757575757575758,,32,0.5818181818181818,-0.146067415730337,0.9364228252764956,-0.15272993165088564,subject_dependent,rbf_svm,0.5476190476190477,0.30434782608695654,0.33755543731971077,0.4259834368530021,0.42045454545454547,0.45639233954451347,0.4212121212121212,0.42045454545454547,0.42045454545454547,0.3779614325068871,23,0.41818181818181815,14,0.42424242424242425,0.375,0.3666666666666667,0.30223080870833513,"[[2, 3], [2, 1]]",0.36507936507936506,0.375,0.38492063492063494,2,0.6666666666666666,3,0.6,-0.25,0.8050834691686726,-0.2581988897471611,0.5,0.25,0.5535714285714286,0.375,0.375,0.40625,0.3666666666666667,0.375,0.375,0.3333333333333333,2,0.4,1,0.3333333333333333
0.6022727272727273,0.5181818181818182,"{""clf__C"": 53.72198163554894, ""clf__gamma"": 0.0003972110727381913, ""clf__class_weight"": null}",0.2719757765816991,"[[6, 27], [8, 47]]",arousal,0.4920006597394029,0.6022727272727273,0.5511710374402111,8,0.14545454545454545,,27,0.8181818181818182,0.04109589041095896,0.8019674340623034,0.04813109511118895,subject_dependent,rbf_svm,0.42857142857142855,0.6351351351351351,0.7257950658801667,0.5318532818532818,0.6022727272727273,0.5576737451737451,0.5181818181818182,0.6022727272727273,0.6022727272727273,0.5859504132231405,6,0.18181818181818182,47,0.8545454545454545,0.625,0.5,0.23588130013265243,"[[0, 3], [0, 5]]",0.38461538461538464,0.625,0.4807692307692308,0,0.0,3,1.0,0.0,0.6520753359138037,0.0,0.0,0.625,0.925,0.3125,0.625,0.390625,0.5,0.625,0.625,0.8,0,0.0,5,1.0
0.6363636363636364,0.7272727272727273,"{""clf__C"": 0.34866781670451225, ""clf__gamma"": 0.00014936568554617635, ""clf__class_weight"": ""balanced""}",0.1991236054925776,"[[20, 2], [30, 36]]",arousal,0.6239316239316239,0.6363636363636364,0.6581196581196581,30,0.45454545454545453,,2,0.09090909090909091,0.3191489361702128,0.5890991536873379,0.39735970711951313,subject_dependent,rbf_svm,0.4,0.9473684210526315,0.6136175933011498,0.6736842105263158,0.6363636363636364,0.8105263157894737,0.7272727272727273,0.6363636363636364,0.6363636363636364,0.21831955922865012,20,0.9090909090909091,36,0.5454545454545454,0.75,0.5,0.1991179696147759,"[[0, 2], [0, 6]]",0.42857142857142855,0.75,0.6428571428571428,0,0.0,2,1.0,0.0,0.5890887251674564,0.0,0.0,0.75,0.6218253968253968,0.375,0.75,0.5625,0.5,0.75,0.75,0.08333333333333333,0,0.0,6,1.0
0.5454545454545454,0.7402597402597403,"{""clf__C"": 0.4342298948286134, ""clf__gamma"": 0.0008179499475211679, ""clf__class_weight"": ""balanced""}",0.16274337963932764,"[[11, 0], [40, 37]]",arousal,0.5019807583474816,0.5454545454545454,0.6123372948500283,40,0.5194805194805194,,0,0.0,0.18781725888324874,0.5118593757885441,0.3219339320149913,subject_dependent,rbf_svm,0.21568627450980393,1.0,0.9709505176773727,0.607843137254902,0.5454545454545454,0.9019607843137255,0.7402597402597403,0.5454545454545454,0.5454545454545454,0.8099173553719008,11,1.0,37,0.4805194805194805,0.875,0.5,0.1608009787359192,"[[0, 1], [0, 7]]",0.4666666666666667,0.875,0.8166666666666667,0,0.0,1,1.0,0.0,0.5091153060380309,0.0,0.0,0.875,1.0,0.4375,0.875,0.765625,0.5,0.875,0.875,1.0,0,0.0,7,1.0
0.7727272727272727,0.7696969696969698,"{""clf__C"": 5.2117930643778205, ""clf__gamma"": 0.0036999724314638123, ""clf__class_weight"": null}",0.1591713689848564,"[[25, 8], [12, 43]]",arousal,0.7628032345013478,0.7727272727272727,0.7749326145552561,12,0.21818181818181817,,8,0.24242424242424243,0.5266272189349113,0.4858624095467239,0.5290033557859399,subject_dependent,rbf_svm,0.6756756756756757,0.8431372549019608,0.919052559714941,0.7594064652888182,0.7727272727272727,0.7803391626921038,0.7696969696969698,0.7727272727272727,0.7727272727272727,0.8628099173553718,25,0.7575757575757576,43,0.7818181818181819,0.75,0.7333333333333334,0.11211198801786434,"[[2, 1], [1, 4]]",0.7333333333333334,0.75,0.75,1,0.2,1,0.3333333333333333,0.4666666666666667,0.3557494971871382,0.4666666666666667,0.6666666666666666,0.8,0.9666666666666667,0.7333333333333334,0.75,0.75,0.7333333333333334,0.75,0.75,0.9333333333333333,2,0.6666666666666666,4,0.8
0.8636363636363636,0.8787878787878789,"{""clf__C"": 13.411788774467905, ""clf__gamma"": 0.00026210878782654407, ""clf__class_weight"": ""balanced""}",0.10521963213701259,"[[31, 2], [10, 45]]",arousal,0.8600953895071541,0.8636363636363636,0.8656597774244833,10,0.18181818181818182,,2,0.06060606060606061,0.7225433526011561,0.3507870664669425,0.7352305191417591,subject_dependent,rbf_svm,0.7560975609756098,0.9574468085106383,0.9745126880961231,0.856772184743124,0.8636363636363636,0.8819408406850027,0.8787878787878789,0.8636363636363636,0.8636363636363636,0.9553719008264463,31,0.9393939393939394,45,0.8181818181818182,1.0,1.0,0.08796284081668215,"[[3, 0], [0, 5]]",1.0,1.0,1.0,0,0.0,0,0.0,1.0,0.3291091243211865,1.0,1.0,1.0,1.0,1.0,1.0,1.0,1.0,1.0,1.0,1.0,3,1.0,5,1.0
0.5340909090909091,0.6136363636363636,"{""clf__C"": 13.411788774467905, ""clf__gamma"": 0.00026210878782654407, ""clf__class_weight"": ""balanced""}",0.44390029764761985,"[[30, 36], [5, 17]]",arousal,0.5236963696369636,0.5340909090909091,0.5588778877887788,5,0.22727272727272727,,36,0.5454545454545454,0.15463917525773196,1.6645977757709198,0.20107527656666593,subject_dependent,rbf_svm,0.8571428571428571,0.32075471698113206,0.5277357300417043,0.5889487870619946,0.5340909090909091,0.7230458221024259,0.6136363636363636,0.5340909090909091,0.5340909090909091,0.7465564738292011,30,0.45454545454545453,17,0.7727272727272727,0.375,0.5833333333333334,0.4098561352604995,"[[1, 5], [0, 2]]",0.36507936507936506,0.375,0.32539682539682535,0,0.0,5,0.8333333333333334,0.09090909090909094,1.1626399841756943,0.2182178902359924,1.0,0.2857142857142857,0.75,0.6428571428571428,0.375,0.8214285714285714,0.5833333333333334,0.375,0.375,0.8333333333333334,1,0.16666666666666666,2,1.0
0.5,0.49696969696969695,"{""clf__C"": 53.72198163554894, ""clf__gamma"": 0.0003972110727381913, ""clf__class_weight"": null}",0.35782427268327394,"[[28, 27], [17, 16]]",arousal,0.4905263157894737,0.5,0.5078947368421053,17,0.5151515151515151,,27,0.4909090909090909,-0.005714285714285783,1.1061520091496495,-0.0058696727088374916,subject_dependent,rbf_svm,0.6222222222222222,0.37209302325581395,0.42640301709589057,0.4971576227390181,0.5,0.5284237726098191,0.49696969696969695,0.5,0.5,0.48815426997245176,28,0.509090909090909,16,0.48484848484848486,0.5,0.5333333333333333,0.28828004457607725,"[[2, 3], [1, 2]]",0.5,0.5,0.5,1,0.3333333333333333,3,0.6,0.05882352941176472,0.7810075508782105,0.06666666666666667,0.6666666666666666,0.4,0.5916666666666666,0.5333333333333333,0.5,0.5666666666666667,0.5333333333333333,0.5,0.5,0.4666666666666667,2,0.4,2,0.6666666666666666
0.5909090909090909,0.5909090909090909,"{""clf__C"": 5.2117930643778205, ""clf__gamma"": 0.0036999724314638123, ""clf__class_weight"": null}",0.2982539506809218,"[[25, 19], [17, 27]]",arousal,0.5906976744186047,0.5909090909090909,0.5906976744186047,17,0.38636363636363635,,19,0.4318181818181818,0.18181818181818177,0.8754464365548209,0.18200630207731602,subject_dependent,rbf_svm,0.5952380952380952,0.5869565217391305,0.5384212254191589,0.5910973084886129,0.5909090909090909,0.5910973084886129,0.5909090909090909,0.5909090909090909,0.5909090909090909,0.568698347107438,25,0.5681818181818182,27,0.6136363636363636,0.5,0.5,0.24659786980898457,"[[2, 2], [2, 2]]",0.5,0.5,0.5,2,0.5,2,0.5,0.0,0.6834353390799003,0.0,0.5,0.5,0.7095238095238094,0.5,0.5,0.5,0.5,0.5,0.5,0.625,2,0.5,2,0.5
0.4772727272727273,0.4484848484848485,"{""clf__C"": 166.2878326769575, ""clf__gamma"": 0.008979064194712979, ""clf__class_weight"": ""balanced""}",0.3344967547608084,"[[31, 24], [22, 11]]",arousal,0.44880174291939,0.4772727272727273,0.480119825708061,22,0.6666666666666666,,24,0.43636363636363634,-0.10179640718562877,1.0371276441806077,-0.1019134103861307,subject_dependent,rbf_svm,0.5849056603773585,0.3142857142857143,0.4177988318581609,0.4495956873315364,0.4772727272727273,0.48342318059299194,0.4484848484848485,0.4772727272727273,0.4772727272727273,0.49724517906336096,31,0.5636363636363636,11,0.3333333333333333,0.375,0.3666666666666667,0.26804701425257493,"[[2, 3], [2, 1]]",0.36507936507936506,0.375,0.38492063492063494,2,0.6666666666666666,3,0.6,-0.25,0.726487965086927,-0.2581988897471611,0.5,0.25,0.6095238095238096,0.375,0.375,0.40625,0.3666666666666667,0.375,0.375,0.5333333333333333,2,0.4,1,0.3333333333333333
0.6704545454545454,0.643939393939394,"{""clf__C"": 183.42628625395747, ""clf__gamma"": 0.0001005394019469303, ""clf__class_weight"": ""balanced""}",0.2065987256938415,"[[46, 20], [9, 13]]",arousal,0.6165289256198347,0.6704545454545454,0.6884297520661157,9,0.4090909090909091,,20,0.30303030303030304,0.24675324675324672,0.6020819894129993,0.25748661559088487,subject_dependent,rbf_svm,0.8363636363636363,0.3939393939393939,0.42908172310497034,0.6151515151515151,0.6704545454545454,0.7257575757575757,0.643939393939394,0.6704545454545454,0.6704545454545454,0.7107438016528926,46,0.696969696969697,13,0.5909090909090909,0.75,0.6666666666666667,0.16695031199203336,"[[5, 1], [1, 1]]",0.6666666666666667,0.75,0.75,1,0.5,1,0.16666666666666666,0.33333333333333337,0.5124060730184896,0.3333333333333333,0.8333333333333334,0.5,0.5833333333333333,0.6666666666666667,0.75,0.75,0.6666666666666667,0.75,0.75,0.8333333333333334,5,0.8333333333333334,1,0.5
0.6704545454545454,0.6948051948051948,"{""clf__C"": 160.49758307716223, ""clf__gamma"": 0.00018427970406864567, ""clf__class_weight"": null}",0.2313786715962027,"[[51, 26], [3, 8]]",arousal,0.5670907548770144,0.6704545454545454,0.7257421543681085,3,0.2727272727272727,,26,0.33766233766233766,0.20547945205479456,0.6733383388982381,0.26462806201248157,subject_dependent,rbf_svm,0.9444444444444444,0.23529411764705882,0.4298325475005317,0.5898692810457516,0.6704545454545454,0.8558006535947712,0.6948051948051948,0.6704545454545454,0.6704545454545454,0.7697756788665879,51,0.6623376623376623,8,0.7272727272727273,0.875,0.9285714285714286,0.1749542309773368,"[[6, 1], [0, 1]]",0.7948717948717949,0.875,0.8910256410256411,0,0.0,1,0.14285714285714285,0.6,0.539153419407681,0.6546536707079772,1.0,0.5,0.5,0.75,0.875,0.9375,0.9285714285714286,0.875,0.875,0.8571428571428572,6,0.8571428571428571,1,1.0
0.8181818181818182,0.8571428571428572,"{""clf__C"": 183.42628625395747, ""clf__gamma"": 0.0001005394019469303, ""clf__class_weight"": ""balanced""}",0.09831028668757455,"[[10, 1], [15, 62]]",arousal,0.7206349206349206,0.8181818181818182,0.8444444444444446,15,0.19480519480519481,,1,0.09090909090909091,0.46218487394957986,0.32078373339046456,0.5238095238095238,subject_dependent,rbf_svm,0.4,0.9841269841269841,0.9879888780150878,0.692063492063492,0.8181818181818182,0.9111111111111111,0.8571428571428572,0.8181818181818182,0.8181818181818182,0.9149940968122785,10,0.9090909090909091,62,0.8051948051948052,0.875,0.9285714285714286,0.0869478210409107,"[[1, 0], [1, 6]]",0.7948717948717949,0.875,0.8910256410256411,1,0.14285714285714285,0,0.0,0.6,0.29544766055832294,0.6546536707079772,0.5,1.0,0.9821428571428572,0.75,0.875,0.9375,0.9285714285714286,0.875,0.875,0.8571428571428571,1,1.0,6,0.8571428571428571
0.4318181818181818,0.4303030303030303,"{""clf__C"": 13.411788774467905, ""clf__gamma"": 0.00026210878782654407, ""clf__class_weight"": ""balanced""}",0.3090777796239551,"[[24, 31], [19, 14]]",arousal,0.4243851386708529,0.4318181818181818,0.4407378335949765,19,0.5757575757575758,,31,0.5636363636363636,-0.12994350282485878,0.826950574513961,-0.13500247230326232,subject_dependent,rbf_svm,0.5581395348837209,0.3111111111111111,0.35267238601180106,0.434625322997416,0.4318181818181818,0.4655038759689923,0.4303030303030303,0.4318181818181818,0.4318181818181818,0.40192837465564735,24,0.43636363636363634,14,0.42424242424242425,0.5,0.5333333333333333,0.2860809644268554,"[[2, 3], [1, 2]]",0.5,0.5,0.5,1,0.3333333333333333,3,0.6,0.05882352941176472,0.7666721128234969,0.06666666666666667,0.6666666666666666,0.4,0.3416666666666666,0.5333333333333333,0.5,0.5666666666666667,0.5333333333333333,0.5,0.5,0.26666666666666666,2,0.4,2,0.6666666666666666
0.5113636363636364,0.5424242424242424,"{""clf__C"": 262.30889101079146, ""clf__gamma"": 0.0025135566617708314, ""clf__class_weight"": null}",0.3392321550106242,"[[23, 32], [11, 22]]",arousal,0.5113005295105257,0.5113636363636364,0.5126888802789616,11,0.3333333333333333,,32,0.5818181818181818,0.07526881720430112,1.0425194032944298,0.08436184470725518,subject_dependent,rbf_svm,0.6764705882352942,0.4074074074074074,0.4350225266990092,0.5419389978213508,0.5113636363636364,0.5755718954248367,0.5424242424242424,0.5113636363636364,0.5113636363636364,0.5630853994490359,23,0.41818181818181815,22,0.6666666666666666,0.5,0.6,0.2754077863215924,"[[1, 4], [0, 3]]",0.4666666666666667,0.5,0.4333333333333333,0,0.0,4,0.8,0.1578947368421053,0.7452829743067757,0.29277002188455997,1.0,0.42857142857142855,0.6428571428571429,0.7142857142857143,0.5,0.7857142857142857,0.6,0.5,0.5,0.6,1,0.2,3,1.0
0.45454545454545453,0.4606060606060606,"{""clf__C"": 243.14537412227003, ""clf__gamma"": 0.0004992453416923984, ""clf__class_weight"": ""balanced""}",0.3308062618820867,"[[16, 17], [31, 24]]",arousal,0.45,0.45454545454545453,0.4625,31,0.5636363636363636,,17,0.5151515151515151,-0.07262569832402233,0.9476026698061656,-0.07646397399074295,subject_dependent,rbf_svm,0.3404255319148936,0.5853658536585366,0.6161407662336925,0.46289569278671505,0.45454545454545453,0.49351323300467054,0.4606060606060606,0.45454545454545453,0.45454545454545453,0.4589531680440771,16,0.48484848484848486,24,0.43636363636363634,0.375,0.3666666666666667,0.30263111905638224,"[[1, 2], [3, 2]]",0.36507936507936506,0.375,0.38492063492063494,3,0.6,2,0.6666666666666666,-0.25,0.8136218468529189,-0.2581988897471611,0.25,0.5,0.7592857142857143,0.375,0.375,0.40625,0.3666666666666667,0.375,0.375,0.4666666666666667,1,0.3333333333333333,2,0.4
0.6590909090909091,0.5878787878787879,"{""clf__C"": 0.4342298948286134, ""clf__gamma"": 0.0008179499475211679, ""clf__class_weight"": ""balanced""}",0.22598271116058938,"[[10, 23], [7, 48]]",arousal,0.5809523809523809,0.6590909090909091,0.6261904761904762,7,0.12727272727272726,,23,0.696969696969697,0.19463087248322153,0.6442665290752928,0.21552553574683816,subject_dependent,rbf_svm,0.5882352941176471,0.676056338028169,0.7187933922902249,0.6321458160729081,0.6590909090909091,0.6431234465617233,0.5878787878787879,0.6590909090909091,0.6590909090909091,0.6358126721763087,10,0.30303030303030304,48,0.8727272727272727,0.75,0.6666666666666666,0.22028460937907457,"[[1, 2], [0, 5]]",0.6666666666666667,0.75,0.7083333333333334,0,0.0,2,0.6666666666666666,0.3846153846153846,0.6330604316842191,0.4879500364742666,1.0,0.7142857142857143,0.8766666666666667,0.8571428571428572,0.75,0.8214285714285714,0.6666666666666666,0.75,0.75,0.8,1,0.3333333333333333,5,1.0
0.6931818181818182,0.6931818181818181,"{""clf__C"": 1.351144633701368, ""clf__gamma"": 0.015446089075047083, ""clf__class_weight"": ""balanced""}",0.2078940436923576,"[[33, 11], [16, 28]]",arousal,0.6921881072677808,0.6931818181818182,0.6921881072677808,16,0.36363636363636365,,11,0.25,0.38636363636363635,0.6727799688572577,0.3888826592409259,subject_dependent,rbf_svm,0.673469387755102,0.717948717948718,0.7594090346941305,0.69570905285191,0.6931818181818182,0.69570905285191,0.6931818181818181,0.6931818181818182,0.6931818181818182,0.7773760330578512,33,0.75,28,0.6363636363636364,0.875,0.875,0.1332386343079124,"[[4, 0], [1, 3]]",0.873015873015873,0.875,0.873015873015873,1,0.25,0,0.0,0.75,0.43540683349787573,0.7745966692414834,0.8,1.0,0.9166666666666666,0.9,0.875,0.9,0.875,0.875,0.875,0.875,4,1.0,3,0.75
0.6704545454545454,0.6168831168831168,"{""clf__C"": 262.30889101079146, ""clf__gamma"": 0.0025135566617708314, ""clf__class_weight"": null}",0.25955963994279585,"[[6, 5], [24, 53]]",arousal,0.5389340560072268,0.6704545454545454,0.7236224028906956,24,0.3116883116883117,,5,0.45454545454545453,0.13432835820895528,0.9545391576545881,0.16309808466586873,subject_dependent,rbf_svm,0.2,0.9137931034482759,0.9533222017132671,0.556896551724138,0.6704545454545454,0.8245689655172413,0.6168831168831168,0.6704545454545454,0.6704545454545454,0.7119244391971664,6,0.5454545454545454,53,0.6883116883116883,0.75,0.8571428571428572,0.18358161218710434,"[[1, 0], [2, 5]]",0.6666666666666667,0.75,0.7916666666666667,2,0.2857142857142857,0,0.0,0.3846153846153846,0.5294951213905225,0.4879500364742666,0.3333333333333333,1.0,0.9617346938775511,0.6666666666666666,0.75,0.9166666666666666,0.8571428571428572,0.75,0.75,0.7142857142857143,1,1.0,5,0.7142857142857143
0.5568181818181818,0.43181818181818177,"{""clf__C"": 53.72198163554894, ""clf__gamma"": 0.0003972110727381913, ""clf__class_weight"": null}",0.26229175485576495,"[[4, 18], [21, 45]]",arousal,0.433943592281049,0.5568181818181818,0.5658090054428502,21,0.3181818181818182,,18,0.8181818181818182,-0.13043478260869557,0.7283092608880616,-0.13093073414159542,subject_dependent,rbf_svm,0.16,0.7142857142857143,0.7929415367321844,0.43714285714285717,0.5568181818181818,0.5757142857142857,0.43181818181818177,0.5568181818181818,0.5568181818181818,0.4579889807162535,4,0.18181818181818182,45,0.6818181818181818,0.625,0.4166666666666667,0.23071801435945033,"[[0, 2], [1, 5]]",0.38461538461538464,0.625,0.576923076923077,1,0.16666666666666666,2,1.0,-0.19999999999999996,0.6434851882643277,-0.2182178902359924,0.0,0.7142857142857143,0.7884920634920635,0.35714285714285715,0.625,0.5357142857142857,0.4166666666666667,0.625,0.625,0.3333333333333333,0,0.0,5,0.8333333333333334
0.5340909090909091,0.5060606060606061,"{""clf__C"": 160.49758307716223, ""clf__gamma"": 0.00018427970406864567, ""clf__class_weight"": null}",0.27625768444855914,"[[13, 20], [21, 34]]",arousal,0.5059564562508558,0.5340909090909091,0.5354306449404355,21,0.38181818181818183,,20,0.6060606060606061,0.012048192771084376,0.7753553932349114,0.012051692101036455,subject_dependent,rbf_svm,0.38235294117647056,0.6296296296296297,0.6346899593307684,0.5059912854030502,0.5340909090909091,0.536900871459695,0.5060606060606061,0.5340909090909091,0.5340909090909091,0.5195592286501377,13,0.3939393939393939,34,0.6181818181818182,0.5,0.4666666666666667,0.24824958518118578,"[[1, 2], [2, 3]]",0.4666666666666667,0.5,0.5,2,0.4,2,0.6666666666666666,-0.06666666666666665,0.6916279122560048,-0.06666666666666667,0.3333333333333333,0.6,0.7416666666666667,0.4666666666666667,0.5,0.5,0.4666666666666667,0.5,0.5,0.5333333333333334,1,0.3333333333333333,3,0.6
0.75,0.5,"{""clf__C"": 0.5284919490133119, ""clf__gamma"": 0.005047786565710607, ""clf__class_weight"": null}",0.24935499771334885,"[[0, 22], [0, 66]]",arousal,0.42857142857142855,0.75,0.6428571428571428,0,0.0,,22,1.0,0.0,0.6923167894738659,0.0,subject_dependent,rbf_svm,0.0,0.75,0.7744222127696736,0.375,0.75,0.5625,0.5,0.75,0.75,0.4931129476584022,0,0.0,66,1.0,0.625,0.4166666666666667,0.23019667708624342,"[[0, 2], [1, 5]]",0.38461538461538464,0.625,0.576923076923077,1,0.16666666666666666,2,1.0,-0.19999999999999996,0.6527442686453184,-0.2182178902359924,0.0,0.7142857142857143,0.8,0.35714285714285715,0.625,0.5357142857142857,0.4166666666666667,0.625,0.625,0.5,0,0.0,5,0.8333333333333334
0.6590909090909091,0.6242424242424243,"{""clf__C"": 243.14537412227003, ""clf__gamma"": 0.0004992453416923984, ""clf__class_weight"": ""balanced""}",0.2161335956519246,"[[42, 13], [17, 16]]",arousal,0.6264855687606112,0.6590909090909091,0.6540747028862479,17,0.5151515151515151,,13,0.23636363636363636,0.25465838509316774,0.6600123899578935,0.2559253008101756,subject_dependent,rbf_svm,0.711864406779661,0.5517241379310345,0.6634377219734734,0.6317942723553478,0.6590909090909091,0.6518118059614261,0.6242424242424243,0.6590909090909091,0.6590909090909091,0.7322314049586777,42,0.7636363636363637,16,0.48484848484848486,0.75,0.7333333333333334,0.15855223720374645,"[[4, 1], [1, 2]]",0.7333333333333334,0.75,0.75,1,0.3333333333333333,1,0.2,0.4666666666666667,0.480096322726178,0.4666666666666667,0.8,0.6666666666666666,0.8333333333333333,0.7333333333333334,0.75,0.75,0.7333333333333334,0.75,0.75,0.8,4,0.8,2,0.6666666666666666
0.75,0.7575757575757576,"{""clf__C"": 7.709391232564023, ""clf__gamma"": 0.00026471141828218194, ""clf__class_weight"": null}",0.178031262112685,"[[40, 15], [7, 26]]",arousal,0.7435082140964494,0.75,0.753709591944886,7,0.21212121212121213,,15,0.2727272727272727,0.49132947976878616,0.5316863609532301,0.4999567530163962,subject_dependent,rbf_svm,0.851063829787234,0.6341463414634146,0.7688717364244746,0.7426050856253243,0.75,0.7697197716658017,0.7575757575757576,0.75,0.75,0.8319559228650137,40,0.7272727272727273,26,0.7878787878787878,0.875,0.9,0.14803988830304896,"[[4, 1], [0, 3]]",0.873015873015873,0.875,0.876984126984127,0,0.0,1,0.2,0.75,0.4754470923422193,0.7745966692414834,1.0,0.75,1.0,0.875,0.875,0.90625,0.9,0.875,0.875,1.0,4,0.8,3,1.0
0.6704545454545454,0.6704545454545454,"{""clf__C"": 0.40069130793659025, ""clf__gamma"": 0.0014899847475658245, ""clf__class_weight"": ""balanced""}",0.22655071612794708,"[[23, 21], [8, 36]]",arousal,0.6631023102310231,0.6704545454545454,0.6631023102310231,8,0.18181818181818182,,21,0.4772727272727273,0.34090909090909094,0.6557945674067432,0.3568395510523549,subject_dependent,rbf_svm,0.7419354838709677,0.631578947368421,0.6672565386234567,0.6867572156196944,0.6704545454545454,0.6867572156196945,0.6704545454545454,0.6704545454545454,0.6704545454545454,0.7019628099173555,23,0.5227272727272727,36,0.8181818181818182,0.75,0.75,0.19426470775759896,"[[2, 2], [0, 4]]",0.7333333333333334,0.75,0.7333333333333334,0,0.0,2,0.5,0.5,0.5710098733203257,0.5773502691896258,1.0,0.6666666666666666,0.7708333333333333,0.8333333333333333,0.75,0.8333333333333333,0.75,0.75,0.75,0.75,2,0.5,4,1.0
0.6363636363636364,0.5,"{""clf__C"": 262.30889101079146, ""clf__gamma"": 0.0025135566617708314, ""clf__class_weight"": null}",0.274581218492366,"[[5, 17], [15, 51]]",arousal,0.4996446339729922,0.6363636363636364,0.6304193319118693,15,0.22727272727272727,,17,0.7727272727272727,0.0,1.2498437301687828,0.0,subject_dependent,rbf_svm,0.25,0.75,0.83528731410152,0.5,0.6363636363636364,0.625,0.5,0.6363636363636364,0.6363636363636364,0.6219008264462811,5,0.22727272727272727,51,0.7727272727272727,0.625,0.4166666666666667,0.21169160121394792,"[[0, 2], [1, 5]]",0.38461538461538464,0.625,0.576923076923077,1,0.16666666666666666,2,1.0,-0.19999999999999996,0.5645703813581293,-0.2182178902359924,0.0,0.7142857142857143,0.9107142857142857,0.35714285714285715,0.625,0.5357142857142857,0.4166666666666667,0.625,0.625,0.6666666666666666,0,0.0,5,0.8333333333333334
0.17045454545454544,0.17532467532467533,"{""clf__C"": 235.1599274057192, ""clf__gamma"": 0.021154290797261225, ""clf__class_weight"": ""balanced""}",0.6717269086138821,"[[2, 9], [64, 13]]",arousal,0.1572871572871573,0.17045454545454544,0.23629148629148633,64,0.8311688311688312,,9,0.8181818181818182,-0.20661157024793386,2.6478446426246105,-0.4959497505363463,subject_dependent,rbf_svm,0.030303030303030304,0.5909090909090909,0.7394271395754308,0.3106060606060606,0.17045454545454544,0.5208333333333334,0.17532467532467533,0.17045454545454544,0.17045454545454544,0.12160566706021252,2,0.18181818181818182,13,0.16883116883116883,0.0,0.0,0.6392619606778425,"[[0, 1], [7, 0]]",0.0,0.0,0.0,7,1.0,1,1.0,-0.28,2.0825596757269604,-1.0,0.0,0.0,0.754591836734694,0.0,0.0,0.0,0.0,0.0,0.0,0.0,0,0.0,0,0.0
0.5681818181818182,0.6,"{""clf__C"": 34.26465148409954, ""clf__gamma"": 0.020597335357437203, ""clf__class_weight"": null}",0.35444497096211003,"[[24, 9], [29, 26]]",arousal,0.5679586563307493,0.5681818181818182,0.5704134366925064,29,0.5272727272727272,,9,0.2727272727272727,0.17837837837837833,1.5868218158983105,0.1978319142789596,subject_dependent,rbf_svm,0.4528301886792453,0.7428571428571429,0.7783681095301594,0.597843665768194,0.5681818181818182,0.6340970350404314,0.6,0.5681818181818182,0.5681818181818182,0.6710743801652892,24,0.7272727272727273,26,0.4727272727272727,0.5,0.5333333333333333,0.3290737403911384,"[[2, 1], [3, 2]]",0.5,0.5,0.5,3,0.6,1,0.3333333333333333,0.05882352941176472,1.047484834164903,0.06666666666666667,0.4,0.6666666666666666,0.852857142857143,0.5333333333333333,0.5,0.5666666666666667,0.5333333333333333,0.5,0.5,0.7333333333333334,2,0.6666666666666666,2,0.4
