accuracy,balanced_accuracy,best_params,brier,confusion_matrix,dimension,f1_macro,f1_micro,f1_weighted,fn,fnr,fold,fp,fpr,kappa,log_loss,mcc,mode,model,npv,ppv,pr_auc,precision_macro,precision_micro,precision_weighted,recall_macro,recall_micro,recall_weighted,roc_auc,tn,tnr,tp,tpr,trial_accuracy,trial_balanced_accuracy,trial_confusion_matrix,trial_f1_macro,trial_f1_micro,trial_f1_weighted,trial_fn,trial_fnr,trial_fp,trial_fpr,trial_kappa,trial_mcc,trial_npv,trial_ppv,trial_precision_macro,trial_precision_micro,trial_precision_weighted,trial_recall_macro,trial_recall_micro,trial_recall_weighted,trial_tn,trial_tnr,trial_tp,trial_tpr
0.475,0.5066666666666666,"{""clf__colsample_bytree"": 1.0, ""clf__learning_rate"": 0.1, ""clf__max_depth"": 3, ""clf__n_estimators"": 400, ""clf__subsample"": 1.0}",0.3638833165168762,"[[38, 22], [62, 38]]",valence,0.475,0.475,0.475,62,0.62,,22,0.36666666666666664,0.0117647058823529,1.1567978481355978,0.013333333333333334,subject_dependent,xgb,0.38,0.6333333333333333,0.6107743564292624,0.5066666666666666,0.475,0.5383333333333333,0.5066666666666666,0.475,0.475,0.5068333333333334,38,0.6333333333333333,38,0.38,0.375,0.43333333333333335,"[[2, 1], [4, 1]]",0.36507936507936506,0.375,0.34523809523809523,4,0.8,1,0.3333333333333333,-0.11111111111111116,-0.14907119849998599,0.3333333333333333,0.5,0.41666666666666663,0.375,0.4375,0.43333333333333335,0.375,0.375,2,0.6666666666666666,1,0.2
0.4625,0.4866666666666667,"{""clf__colsample_bytree"": 1.0, ""clf__learning_rate"": 0.1, ""clf__max_depth"": 5, ""clf__n_estimators"": 400, ""clf__subsample"": 0.8}",0.41334056854248047,"[[35, 25], [61, 39]]",valence,0.4621638524077548,0.4625,0.4655253283302064,61,0.61,,25,0.4166666666666667,-0.023809523809523725,1.406234732808516,-0.026352313834736497,subject_dependent,xgb,0.3645833333333333,0.609375,0.5818609080672301,0.48697916666666663,0.4625,0.517578125,0.4866666666666667,0.4625,0.4625,0.43933333333333335,35,0.5833333333333334,39,0.39,0.5,0.5333333333333333,"[[2, 1], [3, 2]]",0.5,0.5,0.5,3,0.6,1,0.3333333333333333,0.05882352941176472,0.06666666666666667,0.4,0.6666666666666666,0.5333333333333333,0.5,0.5666666666666667,0.5333333333333333,0.5,0.5,2,0.6666666666666666,2,0.4
0.5625,0.5666666666666667,"{""clf__colsample_bytree"": 1.0, ""clf__learning_rate"": 0.05, ""clf__max_depth"": 3, ""clf__n_estimators"": 200, ""clf__subsample"": 1.0}",0.2754517197608948,"[[55, 45], [25, 35]]",valence,0.5555555555555556,0.5625,0.5694444444444444,25,0.4166666666666667,,45,0.45,0.125,0.7560433377451943,0.12909944487358058,subject_dependent,xgb,0.6875,0.4375,0.3808793264197631,0.5625,0.5625,0.59375,0.5666666666666667,0.5625,0.5625,0.5241666666666667,55,0.55,35,0.5833333333333334,0.75,0.7333333333333334,"[[4, 1], [1, 2]]",0.7333333333333334,0.75,0.75,1,0.3333333333333333,1,0.2,0.4666666666666667,0.4666666666666667,0.8,0.6666666666666666,0.7333333333333334,0.75,0.75,0.7333333333333334,0.75,0.75,4,0.8,2,0.6666666666666666
0.5375,0.5566666666666666,"{""clf__colsample_bytree"": 0.8, ""clf__learning_rate"": 0.05, ""clf__max_depth"": 3, ""clf__n_estimators"": 400, ""clf__subsample"": 1.0}",0.28475841879844666,"[[48, 52], [22, 38]]",valence,0.5356862745098039,0.5375,0.5429411764705883,22,0.36666666666666664,,52,0.52,0.10303030303030303,0.8143878711552223,0.11060200826750043,subject_dependent,xgb,0.6857142857142857,0.4222222222222222,0.40517344387873866,0.553968253968254,0.5375,0.5869047619047618,0.5566666666666666,0.5375,0.5375,0.5828333333333333,48,0.48,38,0.6333333333333333,0.5,0.5333333333333333,"[[2, 3], [1, 2]]",0.5,0.5,0.5,1,0.3333333333333333,3,0.6,0.05882352941176472,0.06666666666666667,0.6666666666666666,0.4,0.5333333333333333,0.5,0.5666666666666667,0.5333333333333333,0.5,0.5,2,0.4,2,0.6666666666666666
0.39375,0.3783333333333333,"{""clf__colsample_bytree"": 0.8, ""clf__learning_rate"": 0.1, ""clf__max_depth"": 3, ""clf__n_estimators"": 200, ""clf__subsample"": 1.0}",0.3608384132385254,"[[19, 41], [56, 44]]",valence,0.3785785785785786,0.39375,0.4028528528528529,56,0.56,,41,0.6833333333333333,-0.2317460317460318,1.0139734798648934,-0.23606800836869743,subject_dependent,xgb,0.25333333333333335,0.5176470588235295,0.5329112845138496,0.3854901960784314,0.39375,0.4185294117647059,0.3783333333333333,0.39375,0.39375,0.36716666666666664,19,0.31666666666666665,44,0.44,0.375,0.3,"[[0, 3], [2, 3]]",0.2727272727272727,0.375,0.3409090909090909,2,0.4,3,1.0,-0.4285714285714286,-0.4472135954999579,0.0,0.5,0.25,0.375,0.3125,0.3,0.375,0.375,0,0.0,3,0.6
0.5125,0.44666666666666666,"{""clf__colsample_bytree"": 1.0, ""clf__learning_rate"": 0.1, ""clf__max_depth"": 5, ""clf__n_estimators"": 400, ""clf__subsample"": 1.0}",0.40208369493484497,"[[11, 49], [29, 71]]",valence,0.43272727272727274,0.5125,0.48590909090909096,29,0.29,,49,0.8166666666666667,-0.11428571428571432,1.5213476522735,-0.11925695879998878,subject_dependent,xgb,0.275,0.5916666666666667,0.6417219585230793,0.43333333333333335,0.5125,0.4729166666666666,0.44666666666666666,0.5125,0.5125,0.46166666666666667,11,0.18333333333333332,71,0.71,0.5,0.4666666666666667,"[[1, 2], [2, 3]]",0.4666666666666667,0.5,0.5,2,0.4,2,0.6666666666666666,-0.06666666666666665,-0.06666666666666667,0.3333333333333333,0.6,0.4666666666666667,0.5,0.5,0.4666666666666667,0.5,0.5,1,0.3333333333333333,3,0.6
0.75,0.5833333333333333,"{""clf__colsample_bytree"": 0.8, ""clf__learning_rate"": 0.1, ""clf__max_depth"": 5, ""clf__n_estimators"": 200, ""clf__subsample"": 0.8}",0.1774403303861618,"[[10, 30], [10, 110]]",valence,0.5897435897435898,0.75,0.7179487179487178,10,0.08333333333333333,,30,0.75,0.19999999999999996,0.5981787667337158,0.2182178902359924,subject_dependent,xgb,0.5,0.7857142857142857,0.8622174571237515,0.6428571428571428,0.75,0.7142857142857142,0.5833333333333333,0.75,0.75,0.6941666666666667,10,0.25,110,0.9166666666666666,0.75,0.5,"[[0, 2], [0, 6]]",0.42857142857142855,0.75,0.6428571428571428,0,0.0,2,1.0,0.0,0.0,0.0,0.75,0.375,0.75,0.5625,0.5,0.75,0.75,0,0.0,6,1.0
0.61875,0.61875,"{""clf__colsample_bytree"": 1.0, ""clf__learning_rate"": 0.1, ""clf__max_depth"": 3, ""clf__n_estimators"": 400, ""clf__subsample"": 1.0}",0.2765602767467499,"[[25, 55], [6, 74]]",valence,0.5792922108711582,0.61875,0.5792922108711582,6,0.075,,55,0.6875,0.23750000000000004,0.8659709108996617,0.3004539368056866,subject_dependent,xgb,0.8064516129032258,0.5736434108527132,0.7677395132058717,0.6900475118779694,0.61875,0.6900475118779695,0.61875,0.61875,0.61875,0.755625,25,0.3125,74,0.925,0.625,0.625,"[[1, 3], [0, 4]]",0.5636363636363637,0.625,0.5636363636363637,0,0.0,3,0.75,0.25,0.3779644730092272,1.0,0.5714285714285714,0.7857142857142857,0.625,0.7857142857142857,0.625,0.625,0.625,1,0.25,4,1.0
0.63125,0.5216666666666666,"{""clf__colsample_bytree"": 0.8, ""clf__learning_rate"": 0.1, ""clf__max_depth"": 5, ""clf__n_estimators"": 400, ""clf__subsample"": 0.8}",0.30728334188461304,"[[5, 55], [4, 96]]",valence,0.45493388763785436,0.63125,0.532435475489347,4,0.04,,55,0.9166666666666666,0.052208835341365445,1.1816909717914186,0.09105168650229893,subject_dependent,xgb,0.5555555555555556,0.6357615894039735,0.7677721863677118,0.5956585724797645,0.63125,0.6056843267108168,0.5216666666666666,0.63125,0.63125,0.6575000000000001,5,0.08333333333333333,96,0.96,0.625,0.5,"[[0, 3], [0, 5]]",0.38461538461538464,0.625,0.4807692307692308,0,0.0,3,1.0,0.0,0.0,0.0,0.625,0.3125,0.625,0.390625,0.5,0.625,0.625,0,0.0,5,1.0
0.66875,0.5716666666666667,"{""clf__colsample_bytree"": 1.0, ""clf__learning_rate"": 0.05, ""clf__max_depth"": 5, ""clf__n_estimators"": 200, ""clf__subsample"": 1.0}",0.24611611664295197,"[[11, 49], [4, 96]]",valence,0.5385034013605442,0.66875,0.5997959183673469,4,0.04,,49,0.8166666666666667,0.1686274509803921,0.7889635826561008,0.2380637089140546,subject_dependent,xgb,0.7333333333333333,0.6620689655172414,0.764226014284874,0.6977011494252874,0.66875,0.6887931034482759,0.5716666666666667,0.66875,0.66875,0.6905,11,0.18333333333333332,96,0.96,0.75,0.6666666666666666,"[[1, 2], [0, 5]]",0.6666666666666667,0.75,0.7083333333333334,0,0.0,2,0.6666666666666666,0.3846153846153846,0.4879500364742666,1.0,0.7142857142857143,0.8571428571428572,0.75,0.8214285714285714,0.6666666666666666,0.75,0.75,1,0.3333333333333333,5,1.0
0.66875,0.5125,"{""clf__colsample_bytree"": 1.0, ""clf__learning_rate"": 0.05, ""clf__max_depth"": 5, ""clf__n_estimators"": 400, ""clf__subsample"": 1.0}",0.23272454738616943,"[[8, 32], [21, 99]]",valence,0.5103643397424793,0.66875,0.6496044806282117,21,0.175,,32,0.8,0.02752293577981646,0.772909728946202,0.02810127212654789,subject_dependent,xgb,0.27586206896551724,0.7557251908396947,0.8417972230605903,0.515793629902606,0.66875,0.6357594103711504,0.5125,0.66875,0.66875,0.6114583333333332,8,0.2,99,0.825,0.75,0.5,"[[0, 2], [0, 6]]",0.42857142857142855,0.75,0.6428571428571428,0,0.0,2,1.0,0.0,0.0,0.0,0.75,0.375,0.75,0.5625,0.5,0.75,0.75,0,0.0,6,1.0
0.575,0.5333333333333333,"{""clf__colsample_bytree"": 1.0, ""clf__learning_rate"": 0.05, ""clf__max_depth"": 3, ""clf__n_estimators"": 400, ""clf__subsample"": 1.0}",0.29683932662010193,"[[22, 38], [30, 70]]",valence,0.532967032967033,0.575,0.5679945054945055,30,0.3,,38,0.6333333333333333,0.06849315068493156,0.8934974234014768,0.06890818588289359,subject_dependent,xgb,0.4230769230769231,0.6481481481481481,0.7904027688431772,0.5356125356125356,0.575,0.5637464387464387,0.5333333333333333,0.575,0.575,0.6268333333333334,22,0.36666666666666664,70,0.7,0.625,0.5666666666666667,"[[1, 2], [1, 4]]",0.5636363636363637,0.625,0.6045454545454546,1,0.2,2,0.6666666666666666,0.1428571428571429,0.14907119849998599,0.5,0.6666666666666666,0.5833333333333333,0.625,0.6041666666666666,0.5666666666666667,0.625,0.625,1,0.3333333333333333,4,0.8
0.80625,0.48214285714285715,"{""clf__colsample_bytree"": 1.0, ""clf__learning_rate"": 0.1, ""clf__max_depth"": 5, ""clf__n_estimators"": 200, ""clf__subsample"": 0.8}",0.1518179476261139,"[[1, 19], [12, 128]]",valence,0.4762960616619153,0.80625,0.7880635624538064,12,0.08571428571428572,,19,0.95,-0.04201680672268915,0.5188752572316995,-0.0432305380477716,subject_dependent,xgb,0.07692307692307693,0.8707482993197279,0.9149646303170105,0.4738356881214024,0.80625,0.7715201465201464,0.48214285714285715,0.80625,0.80625,0.565,1,0.05,128,0.9142857142857143,0.875,0.5,"[[0, 1], [0, 7]]",0.4666666666666667,0.875,0.8166666666666667,0,0.0,1,1.0,0.0,0.0,0.0,0.875,0.4375,0.875,0.765625,0.5,0.875,0.875,0,0.0,7,1.0
0.86875,0.7964285714285715,"{""clf__colsample_bytree"": 1.0, ""clf__learning_rate"": 0.1, ""clf__max_depth"": 5, ""clf__n_estimators"": 200, ""clf__subsample"": 1.0}",0.09541607648134232,"[[14, 6], [15, 125]]",valence,0.7469688982604112,0.86875,0.8786241433842908,15,0.10714285714285714,,6,0.3,0.4970059880239521,0.3059623390437585,0.5089726262614307,subject_dependent,xgb,0.4827586206896552,0.9541984732824428,0.9851133565073654,0.718478546986049,0.86875,0.8952684917083443,0.7964285714285715,0.86875,0.86875,0.9089285714285715,14,0.7,125,0.8928571428571429,1.0,1.0,"[[1, 0], [0, 7]]",1.0,1.0,1.0,0,0.0,0,0.0,1.0,1.0,1.0,1.0,1.0,1.0,1.0,1.0,1.0,1.0,1,1.0,7,1.0
0.80625,0.525,"{""clf__colsample_bytree"": 1.0, ""clf__learning_rate"": 0.05, ""clf__max_depth"": 3, ""clf__n_estimators"": 400, ""clf__subsample"": 0.8}",0.1356305629014969,"[[3, 17], [14, 126]]",valence,0.5263107630598797,0.80625,0.7994222137331678,14,0.1,,17,0.85,0.05343511450381677,0.4067545919769443,0.053660725560774544,subject_dependent,xgb,0.17647058823529413,0.8811188811188811,0.9550926351719735,0.5287947346770876,0.80625,0.7930378445084327,0.525,0.80625,0.80625,0.7214285714285714,3,0.15,126,0.9,0.875,0.5,"[[0, 1], [0, 7]]",0.4666666666666667,0.875,0.8166666666666667,0,0.0,1,1.0,0.0,0.0,0.0,0.875,0.4375,0.875,0.765625,0.5,0.875,0.875,0,0.0,7,1.0
0.45,0.5666666666666667,"{""clf__colsample_bytree"": 0.8, ""clf__learning_rate"": 0.05, ""clf__max_depth"": 5, ""clf__n_estimators"": 200, ""clf__subsample"": 1.0}",0.37089085578918457,"[[32, 8], [80, 40]]",valence,0.44862155388471175,0.45,0.46240601503759393,80,0.6666666666666666,,8,0.2,0.08333333333333337,1.0640888460786997,0.12598815766974242,subject_dependent,xgb,0.2857142857142857,0.8333333333333334,0.7853218915099578,0.5595238095238095,0.45,0.6964285714285714,0.5666666666666667,0.45,0.45,0.5529166666666667,32,0.8,40,0.3333333333333333,0.375,0.5833333333333334,"[[2, 0], [5, 1]]",0.36507936507936506,0.375,0.32539682539682535,5,0.8333333333333334,0,0.0,0.09090909090909094,0.2182178902359924,0.2857142857142857,1.0,0.6428571428571428,0.375,0.8214285714285714,0.5833333333333334,0.375,0.375,2,1.0,1,0.16666666666666666
0.6375,0.6375,"{""clf__colsample_bytree"": 1.0, ""clf__learning_rate"": 0.05, ""clf__max_depth"": 5, ""clf__n_estimators"": 400, ""clf__subsample"": 1.0}",0.2580069899559021,"[[61, 19], [39, 41]]",valence,0.6317460317460317,0.6375,0.6317460317460318,39,0.4875,,19,0.2375,0.275,0.7601436775921312,0.28401877872187725,subject_dependent,xgb,0.61,0.6833333333333333,0.6672239454369542,0.6466666666666667,0.6375,0.6466666666666667,0.6375,0.6375,0.6375,0.69609375,61,0.7625,41,0.5125,0.625,0.625,"[[4, 0], [3, 1]]",0.5636363636363637,0.625,0.5636363636363637,3,0.75,0,0.0,0.25,0.3779644730092272,0.5714285714285714,1.0,0.7857142857142857,0.625,0.7857142857142857,0.625,0.625,0.625,4,1.0,1,0.25
0.65,0.6000000000000001,"{""clf__colsample_bytree"": 0.8, ""clf__learning_rate"": 0.1, ""clf__max_depth"": 3, ""clf__n_estimators"": 200, ""clf__subsample"": 0.8}",0.23540422320365906,"[[80, 20], [36, 24]]",valence,0.6011396011396011,0.65,0.636039886039886,36,0.6,,20,0.2,0.21126760563380287,0.7013375359429064,0.21684543705982776,subject_dependent,xgb,0.6896551724137931,0.5454545454545454,0.5257919202484168,0.6175548589341693,0.65,0.6355799373040754,0.6000000000000001,0.65,0.65,0.6981666666666667,80,0.8,24,0.4,0.75,0.6666666666666666,"[[5, 0], [2, 1]]",0.6666666666666667,0.75,0.7083333333333334,2,0.6666666666666666,0,0.0,0.3846153846153846,0.4879500364742666,0.7142857142857143,1.0,0.8571428571428572,0.75,0.8214285714285714,0.6666666666666666,0.75,0.75,5,1.0,1,0.3333333333333333
0.64375,0.6041666666666667,"{""clf__colsample_bytree"": 1.0, ""clf__learning_rate"": 0.1, ""clf__max_depth"": 5, ""clf__n_estimators"": 400, ""clf__subsample"": 0.8}",0.26394835114479065,"[[82, 38], [19, 21]]",valence,0.5831619361031126,0.64375,0.6626216920334567,19,0.475,,38,0.31666666666666665,0.17985611510791366,0.8869808016494252,0.1869789379341084,subject_dependent,xgb,0.8118811881188119,0.3559322033898305,0.33236752187818863,0.5839066957543212,0.64375,0.6978939419365665,0.6041666666666667,0.64375,0.64375,0.6597916666666667,82,0.6833333333333333,21,0.525,0.625,0.5833333333333333,"[[4, 2], [1, 1]]",0.5636363636363637,0.625,0.6454545454545454,1,0.5,2,0.3333333333333333,0.1428571428571429,0.14907119849998599,0.8,0.3333333333333333,0.5666666666666667,0.625,0.6833333333333335,0.5833333333333333,0.625,0.625,4,0.6666666666666666,1,0.5
0.59375,0.59375,"{""clf__colsample_bytree"": 1.0, ""clf__learning_rate"": 0.05, ""clf__max_depth"": 3, ""clf__n_estimators"": 200, ""clf__subsample"": 0.8}",0.24620206654071808,"[[55, 25], [40, 40]]",valence,0.5901477832512315,0.59375,0.5901477832512315,40,0.5,,25,0.3125,0.1875,0.6891447163362975,0.19088542889273333,subject_dependent,xgb,0.5789473684210527,0.6153846153846154,0.6208989605891589,0.597165991902834,0.59375,0.597165991902834,0.59375,0.59375,0.59375,0.655,55,0.6875,40,0.5,0.625,0.625,"[[3, 1], [2, 2]]",0.6190476190476191,0.625,0.6190476190476191,2,0.5,1,0.25,0.25,0.2581988897471611,0.6,0.6666666666666666,0.6333333333333333,0.625,0.6333333333333333,0.625,0.625,0.625,3,0.75,2,0.5
0.71875,0.5875,"{""clf__colsample_bytree"": 1.0, ""clf__learning_rate"": 0.05, ""clf__max_depth"": 3, ""clf__n_estimators"": 200, ""clf__subsample"": 0.8}",0.19868412613868713,"[[13, 27], [18, 102]]",valence,0.5927371457661632,0.71875,0.7060071270999491,18,0.15,,27,0.675,0.18918918918918914,0.5838729811455096,0.19172686248267187,subject_dependent,xgb,0.41935483870967744,0.7906976744186046,0.836074762246807,0.605026256564141,0.71875,0.6978619654913729,0.5875,0.71875,0.71875,0.6285416666666667,13,0.325,102,0.85,0.75,0.5,"[[0, 2], [0, 6]]",0.42857142857142855,0.75,0.6428571428571428,0,0.0,2,1.0,0.0,0.0,0.0,0.75,0.375,0.75,0.5625,0.5,0.75,0.75,0,0.0,6,1.0
0.69375,0.5375,"{""clf__colsample_bytree"": 1.0, ""clf__learning_rate"": 0.1, ""clf__max_depth"": 3, ""clf__n_estimators"": 400, ""clf__subsample"": 1.0}",0.23504190146923065,"[[9, 31], [18, 102]]",valence,0.5374904135449237,0.69375,0.6719072621084301,18,0.15,,31,0.775,0.08411214953271029,0.7882222222890685,0.086710996952412,subject_dependent,xgb,0.3333333333333333,0.7669172932330827,0.8068561282592928,0.550125313283208,0.69375,0.6585213032581453,0.5375,0.69375,0.69375,0.5575000000000001,9,0.225,102,0.85,0.75,0.5,"[[0, 2], [0, 6]]",0.42857142857142855,0.75,0.6428571428571428,0,0.0,2,1.0,0.0,0.0,0.0,0.75,0.375,0.75,0.5625,0.5,0.75,0.75,0,0.0,6,1.0
0.54375,0.4816666666666667,"{""clf__colsample_bytree"": 1.0, ""clf__learning_rate"": 0.1, ""clf__max_depth"": 5, ""clf__n_estimators"": 400, ""clf__subsample"": 0.8}",0.36202675104141235,"[[14, 46], [27, 73]]",valence,0.47194719471947194,0.54375,0.5206270627062706,27,0.27,,46,0.7666666666666667,-0.039145907473309594,1.3287331586533604,-0.04066133623646771,subject_dependent,xgb,0.34146341463414637,0.6134453781512605,0.6595592007368991,0.4774543963927035,0.54375,0.5114521418323428,0.4816666666666667,0.54375,0.54375,0.5061666666666667,14,0.23333333333333334,73,0.73,0.625,0.5,"[[0, 3], [0, 5]]",0.38461538461538464,0.625,0.4807692307692308,0,0.0,3,1.0,0.0,0.0,0.0,0.625,0.3125,0.625,0.390625,0.5,0.625,0.625,0,0.0,5,1.0
0.56875,0.5083333333333333,"{""clf__colsample_bytree"": 0.8, ""clf__learning_rate"": 0.1, ""clf__max_depth"": 3, ""clf__n_estimators"": 400, ""clf__subsample"": 0.8}",0.30190932750701904,"[[16, 44], [25, 75]]",valence,0.5008815950088159,0.56875,0.5468940729689408,25,0.25,,44,0.7333333333333333,0.017793594306049876,0.9057031905975232,0.018482425562030776,subject_dependent,xgb,0.3902439024390244,0.6302521008403361,0.6920946984898415,0.5102480016396802,0.56875,0.5402490264398442,0.5083333333333333,0.56875,0.56875,0.5368333333333334,16,0.26666666666666666,75,0.75,0.5,0.4,"[[0, 3], [1, 4]]",0.3333333333333333,0.5,0.41666666666666663,1,0.2,3,1.0,-0.23076923076923084,-0.29277002188455997,0.0,0.5714285714285714,0.2857142857142857,0.5,0.3571428571428571,0.4,0.5,0.5,0,0.0,4,0.8
0.64375,0.49583333333333335,"{""clf__colsample_bytree"": 1.0, ""clf__learning_rate"": 0.05, ""clf__max_depth"": 5, ""clf__n_estimators"": 200, ""clf__subsample"": 1.0}",0.26316243410110474,"[[8, 32], [25, 95]]",valence,0.49420442571127504,0.64375,0.6317175974710221,25,0.20833333333333334,,32,0.8,-0.008849557522123908,0.7784096115160832,-0.008918268475796114,subject_dependent,xgb,0.24242424242424243,0.7480314960629921,0.7723877146820244,0.4952278692436173,0.64375,0.6216296826533048,0.49583333333333335,0.64375,0.64375,0.4633333333333333,8,0.2,95,0.7916666666666666,0.625,0.4166666666666667,"[[0, 2], [1, 5]]",0.38461538461538464,0.625,0.576923076923077,1,0.16666666666666666,2,1.0,-0.19999999999999996,-0.2182178902359924,0.0,0.7142857142857143,0.35714285714285715,0.625,0.5357142857142857,0.4166666666666667,0.625,0.625,0,0.0,5,0.8333333333333334
0.56875,0.37916666666666665,"{""clf__colsample_bytree"": 1.0, ""clf__learning_rate"": 0.05, ""clf__max_depth"": 3, ""clf__n_estimators"": 400, ""clf__subsample"": 1.0}",0.38088491559028625,"[[0, 40], [29, 91]]",valence,0.36254980079681276,0.56875,0.5438247011952192,29,0.24166666666666667,,40,1.0,-0.2660550458715596,1.6338335818455056,-0.2716456305566296,subject_dependent,xgb,0.0,0.6946564885496184,0.663829468712141,0.3473282442748092,0.56875,0.5209923664122138,0.37916666666666665,0.56875,0.56875,0.32875,0,0.0,91,0.7583333333333333,0.5,0.3333333333333333,"[[0, 2], [2, 4]]",0.3333333333333333,0.5,0.5,2,0.3333333333333333,2,1.0,-0.33333333333333326,-0.3333333333333333,0.0,0.6666666666666666,0.3333333333333333,0.5,0.5,0.3333333333333333,0.5,0.5,0,0.0,4,0.6666666666666666
0.725,0.4916666666666667,"{""clf__colsample_bytree"": 0.8, ""clf__learning_rate"": 0.1, ""clf__max_depth"": 5, ""clf__n_estimators"": 400, ""clf__subsample"": 1.0}",0.24935059249401093,"[[1, 39], [5, 115]]",valence,0.4414471596318629,0.725,0.6404316090130118,5,0.041666666666666664,,39,0.975,-0.023255813953488413,1.3892242630153153,-0.037986858819879316,subject_dependent,xgb,0.16666666666666666,0.7467532467532467,0.7387034694208595,0.4567099567099567,0.725,0.6017316017316017,0.4916666666666667,0.725,0.725,0.45520833333333327,1,0.025,115,0.9583333333333334,0.75,0.5,"[[0, 2], [0, 6]]",0.42857142857142855,0.75,0.6428571428571428,0,0.0,2,1.0,0.0,0.0,0.0,0.75,0.375,0.75,0.5625,0.5,0.75,0.75,0,0.0,6,1.0
0.90625,0.90625,"{""clf__colsample_bytree"": 1.0, ""clf__learning_rate"": 0.05, ""clf__max_depth"": 5, ""clf__n_estimators"": 200, ""clf__subsample"": 1.0}",,"[[0, 0], [15, 145]]",valence,0.47540983606557374,0.90625,0.9508196721311475,,,,,,0.0,,0.0,subject_dependent,xgb,,,1.0,0.5,0.90625,1.0,0.453125,0.90625,0.90625,nan,,,,,0.875,0.875,"[[0, 0], [1, 7]]",0.4666666666666667,0.875,0.9333333333333333,,,,,0.0,0.0,,,0.5,0.875,1.0,0.4375,0.875,0.875,,,,
0.74375,0.5041666666666667,"{""clf__colsample_bytree"": 0.8, ""clf__learning_rate"": 0.1, ""clf__max_depth"": 3, ""clf__n_estimators"": 400, ""clf__subsample"": 0.8}",0.24485249817371368,"[[1, 39], [2, 118]]",valence,0.44924859373688186,0.74375,0.6506170766518344,2,0.016666666666666666,,39,0.975,0.012048192771084376,1.1787659712962593,0.026602896148920738,subject_dependent,xgb,0.3333333333333333,0.7515923566878981,0.7711243674251097,0.5424628450106157,0.74375,0.6470276008492569,0.5041666666666667,0.74375,0.74375,0.5241666666666667,1,0.025,118,0.9833333333333333,0.75,0.5,"[[0, 2], [0, 6]]",0.42857142857142855,0.75,0.6428571428571428,0,0.0,2,1.0,0.0,0.0,0.0,0.75,0.375,0.75,0.5625,0.5,0.75,0.75,0,0.0,6,1.0
0.875,0.5642857142857143,"{""clf__colsample_bytree"": 1.0, ""clf__learning_rate"": 0.1, ""clf__max_depth"": 3, ""clf__n_estimators"": 200, ""clf__subsample"": 1.0}",0.1195380687713623,"[[3, 17], [3, 137]]",valence,0.5813710099424385,0.875,0.8443223443223443,3,0.02142857142857143,,17,0.85,0.18367346938775508,0.42692680604825173,0.2238141290858972,subject_dependent,xgb,0.5,0.8896103896103896,0.9163291245205234,0.6948051948051948,0.875,0.840909090909091,0.5642857142857143,0.875,0.875,0.6142857142857143,3,0.15,137,0.9785714285714285,0.875,0.5,"[[0, 1], [0, 7]]",0.4666666666666667,0.875,0.8166666666666667,0,0.0,1,1.0,0.0,0.0,0.0,0.875,0.4375,0.875,0.765625,0.5,0.875,0.875,0,0.0,7,1.0
0.9125,0.9125,"{""clf__colsample_bytree"": 1.0, ""clf__learning_rate"": 0.05, ""clf__max_depth"": 5, ""clf__n_estimators"": 200, ""clf__subsample"": 1.0}",,"[[0, 0], [14, 146]]",valence,0.477124183006536,0.9125,0.9542483660130718,,,,,,0.0,,0.0,subject_dependent,xgb,,,1.0,0.5,0.9125,1.0,0.45625,0.9125,0.9125,nan,,,,,1.0,1.0,[[8]],1.0,1.0,1.0,,,,,nan,0.0,,,1.0,1.0,1.0,1.0,1.0,1.0,,,,
0.75625,0.45357142857142857,"{""clf__colsample_bytree"": 0.8, ""clf__learning_rate"": 0.05, ""clf__max_depth"": 3, ""clf__n_estimators"": 400, ""clf__subsample"": 1.0}",0.18123941123485565,"[[1, 19], [20, 120]]",valence,0.4544977707841595,0.75625,0.7587857330186205,20,0.14285714285714285,,19,0.95,-0.09090909090909083,0.579083628948176,-0.09094467699095847,subject_dependent,xgb,0.047619047619047616,0.8633093525179856,0.9144935709792203,0.4554642000685166,0.75625,0.7613480644056183,0.45357142857142857,0.75625,0.75625,0.5700000000000001,1,0.05,120,0.8571428571428571,0.875,0.5,"[[0, 1], [0, 7]]",0.4666666666666667,0.875,0.8166666666666667,0,0.0,1,1.0,0.0,0.0,0.0,0.875,0.4375,0.875,0.765625,0.5,0.875,0.875,0,0.0,7,1.0
0.6125,0.6071428571428572,"{""clf__colsample_bytree"": 1.0, ""clf__learning_rate"": 0.05, ""clf__max_depth"": 3, ""clf__n_estimators"": 400, ""clf__subsample"": 1.0}",0.2682603597640991,"[[12, 8], [54, 86]]",valence,0.5070562512422978,0.6125,0.6780461140926257,54,0.38571428571428573,,8,0.4,0.1079136690647482,0.8212952697606279,0.14395817758699803,subject_dependent,xgb,0.18181818181818182,0.9148936170212766,0.9241919212777325,0.5483558994197292,0.6125,0.8232591876208897,0.6071428571428572,0.6125,0.6125,0.6314285714285713,12,0.6,86,0.6142857142857143,0.625,0.7857142857142857,"[[1, 0], [3, 4]]",0.5636363636363637,0.625,0.6863636363636364,3,0.42857142857142855,0,0.0,0.25,0.3779644730092272,0.25,1.0,0.625,0.625,0.90625,0.7857142857142857,0.625,0.625,1,1.0,4,0.5714285714285714
0.7375,0.6142857142857143,"{""clf__colsample_bytree"": 1.0, ""clf__learning_rate"": 0.1, ""clf__max_depth"": 3, ""clf__n_estimators"": 200, ""clf__subsample"": 0.8}",0.22826378047466278,"[[9, 11], [31, 109]]",valence,0.5692307692307692,0.7375,0.7711538461538462,31,0.22142857142857142,,11,0.55,0.16000000000000003,0.77707963586224,0.1745743121887939,subject_dependent,xgb,0.225,0.9083333333333333,0.8723717676425273,0.5666666666666667,0.7375,0.8229166666666667,0.6142857142857143,0.7375,0.7375,0.5464285714285714,9,0.45,109,0.7785714285714286,0.75,0.42857142857142855,"[[0, 1], [1, 6]]",0.42857142857142855,0.75,0.75,1,0.14285714285714285,1,1.0,-0.1428571428571428,-0.14285714285714285,0.0,0.8571428571428571,0.42857142857142855,0.75,0.75,0.42857142857142855,0.75,0.75,0,0.0,6,0.8571428571428571
0.8875,0.6142857142857143,"{""clf__colsample_bytree"": 1.0, ""clf__learning_rate"": 0.05, ""clf__max_depth"": 3, ""clf__n_estimators"": 200, ""clf__subsample"": 1.0}",0.09772387146949768,"[[5, 15], [3, 137]]",valence,0.6477495107632094,0.8875,0.8657045009784735,3,0.02142857142857143,,15,0.75,0.3076923076923077,0.33141297729119956,0.346843987809648,subject_dependent,xgb,0.625,0.9013157894736842,0.9624930935018474,0.763157894736842,0.8875,0.8667763157894737,0.6142857142857143,0.8875,0.8875,0.8078571428571428,5,0.25,137,0.9785714285714285,0.875,0.5,"[[0, 1], [0, 7]]",0.4666666666666667,0.875,0.8166666666666667,0,0.0,1,1.0,0.0,0.0,0.0,0.875,0.4375,0.875,0.765625,0.5,0.875,0.875,0,0.0,7,1.0
0.38125,0.47833333333333333,"{""clf__colsample_bytree"": 0.8, ""clf__learning_rate"": 0.05, ""clf__max_depth"": 5, ""clf__n_estimators"": 200, ""clf__subsample"": 1.0}",0.46273842453956604,"[[9, 91], [8, 52]]",valence,0.33308071239105724,0.38125,0.2882720727548314,8,0.13333333333333333,,91,0.91,-0.03394255874673635,1.5010951879303458,-0.06807775778600042,subject_dependent,xgb,0.5294117647058824,0.36363636363636365,0.4449254946676641,0.446524064171123,0.38125,0.46724598930481287,0.47833333333333333,0.38125,0.38125,0.5489999999999999,9,0.09,52,0.8666666666666667,0.375,0.5,"[[0, 5], [0, 3]]",0.2727272727272727,0.375,0.20454545454545453,0,0.0,5,1.0,0.0,0.0,0.0,0.375,0.1875,0.375,0.140625,0.5,0.375,0.375,0,0.0,3,1.0
0.68125,0.5208333333333334,"{""clf__colsample_bytree"": 1.0, ""clf__learning_rate"": 0.1, ""clf__max_depth"": 5, ""clf__n_estimators"": 200, ""clf__subsample"": 0.8}",0.20723286271095276,"[[8, 32], [19, 101]]",valence,0.5186124712406348,0.68125,0.6585157217863253,19,0.15833333333333333,,32,0.8,0.04672897196261683,0.6392680573005599,0.04817277608467333,subject_dependent,xgb,0.2962962962962963,0.7593984962406015,0.8790066657538566,0.5278473962684489,0.68125,0.6436229462545252,0.5208333333333334,0.68125,0.68125,0.6789583333333333,8,0.2,101,0.8416666666666667,0.75,0.5,"[[0, 2], [0, 6]]",0.42857142857142855,0.75,0.6428571428571428,0,0.0,2,1.0,0.0,0.0,0.0,0.75,0.375,0.75,0.5625,0.5,0.75,0.75,0,0.0,6,1.0
0.525,0.525,"{""clf__colsample_bytree"": 1.0, ""clf__learning_rate"": 0.1, ""clf__max_depth"": 3, ""clf__n_estimators"": 400, ""clf__subsample"": 1.0}",0.36289435625076294,"[[15, 65], [11, 69]]",valence,0.4639393405043202,0.525,0.4639393405043203,11,0.1375,,65,0.8125,0.050000000000000044,1.2352294000765107,0.06776741475716973,subject_dependent,xgb,0.5769230769230769,0.5149253731343284,0.6473355514563991,0.5459242250287026,0.525,0.5459242250287026,0.525,0.525,0.525,0.60625,15,0.1875,69,0.8625,0.5,0.5,"[[0, 4], [0, 4]]",0.3333333333333333,0.5,0.3333333333333333,0,0.0,4,1.0,0.0,0.0,0.0,0.5,0.25,0.5,0.25,0.5,0.5,0.5,0,0.0,4,1.0
0.70625,0.6416666666666667,"{""clf__colsample_bytree"": 0.8, ""clf__learning_rate"": 0.05, ""clf__max_depth"": 3, ""clf__n_estimators"": 400, ""clf__subsample"": 1.0}",0.19106002151966095,"[[23, 37], [10, 90]]",valence,0.6437875988820994,0.70625,0.6810785846241296,10,0.1,,37,0.6166666666666667,0.31135531135531136,0.5602170814119464,0.3390115274090504,subject_dependent,xgb,0.696969696969697,0.7086614173228346,0.8817810580351193,0.7028155571462658,0.70625,0.704277022190408,0.6416666666666667,0.70625,0.70625,0.8068333333333334,23,0.38333333333333336,90,0.9,0.625,0.5,"[[0, 3], [0, 5]]",0.38461538461538464,0.625,0.4807692307692308,0,0.0,3,1.0,0.0,0.0,0.0,0.625,0.3125,0.625,0.390625,0.5,0.625,0.625,0,0.0,5,1.0
0.4625,0.4625,"{""clf__colsample_bytree"": 1.0, ""clf__learning_rate"": 0.1, ""clf__max_depth"": 3, ""clf__n_estimators"": 200, ""clf__subsample"": 0.8}",0.3516603708267212,"[[15, 65], [21, 59]]",valence,0.4185260311020961,0.4625,0.4185260311020961,21,0.2625,,65,0.8125,-0.07499999999999996,1.0478699648709484,-0.08980265101338746,subject_dependent,xgb,0.4166666666666667,0.47580645161290325,0.5633346161485533,0.446236559139785,0.4625,0.446236559139785,0.4625,0.4625,0.4625,0.5284375,15,0.1875,59,0.7375,0.25,0.25,"[[0, 4], [2, 2]]",0.2,0.25,0.2,2,0.5,4,1.0,-0.5,-0.5773502691896258,0.0,0.3333333333333333,0.16666666666666666,0.25,0.16666666666666666,0.25,0.25,0.25,0,0.0,2,0.5
0.5375,0.5375,"{""clf__colsample_bytree"": 1.0, ""clf__learning_rate"": 0.05, ""clf__max_depth"": 3, ""clf__n_estimators"": 200, ""clf__subsample"": 0.8}",0.325722873210907,"[[26, 54], [20, 60]]",valence,0.5156275568646702,0.5375,0.5156275568646702,20,0.25,,54,0.675,0.07499999999999996,0.9627422215964663,0.08285522649991613,subject_dependent,xgb,0.5652173913043478,0.5263157894736842,0.5963883819339189,0.545766590389016,0.5375,0.545766590389016,0.5375,0.5375,0.5375,0.5804687500000001,26,0.325,60,0.75,0.5,0.5,"[[1, 3], [1, 3]]",0.4666666666666667,0.5,0.4666666666666667,1,0.25,3,0.75,0.0,0.0,0.5,0.5,0.5,0.5,0.5,0.5,0.5,0.5,1,0.25,3,0.75
0.6875,0.7166666666666667,"{""clf__colsample_bytree"": 0.8, ""clf__learning_rate"": 0.05, ""clf__max_depth"": 3, ""clf__n_estimators"": 200, ""clf__subsample"": 1.0}",0.19939586520195007,"[[31, 9], [41, 79]]",valence,0.6565934065934066,0.6875,0.7081043956043956,41,0.3416666666666667,,9,0.225,0.3421052631578947,0.5790483898168006,0.37716825457067865,subject_dependent,xgb,0.4305555555555556,0.8977272727272727,0.9104907246767986,0.6641414141414141,0.6875,0.7809343434343434,0.7166666666666667,0.6875,0.6875,0.7641666666666667,31,0.775,79,0.6583333333333333,0.625,0.75,"[[2, 0], [3, 3]]",0.6190476190476191,0.625,0.6428571428571428,3,0.5,0,0.0,0.33333333333333337,0.4472135954999579,0.4,1.0,0.7,0.625,0.85,0.75,0.625,0.625,2,1.0,3,0.5
0.63125,0.635,"{""clf__colsample_bytree"": 0.8, ""clf__learning_rate"": 0.05, ""clf__max_depth"": 3, ""clf__n_estimators"": 200, ""clf__subsample"": 0.8}",0.23097185790538788,"[[39, 21], [38, 62]]",valence,0.6234693470543655,0.63125,0.6370009173945993,38,0.38,,21,0.35,0.25552050473186116,0.66068505311974,0.26161038538482867,subject_dependent,xgb,0.5064935064935064,0.7469879518072289,0.8149353143807043,0.6267407291503677,0.63125,0.656802534814583,0.635,0.63125,0.63125,0.6936666666666667,39,0.65,62,0.62,0.625,0.6333333333333333,"[[2, 1], [2, 3]]",0.6190476190476191,0.625,0.6309523809523809,2,0.4,1,0.3333333333333333,0.25,0.2581988897471611,0.5,0.75,0.625,0.625,0.65625,0.6333333333333333,0.625,0.625,2,0.6666666666666666,3,0.6
0.55,0.5366666666666666,"{""clf__colsample_bytree"": 0.8, ""clf__learning_rate"": 0.05, ""clf__max_depth"": 3, ""clf__n_estimators"": 200, ""clf__subsample"": 0.8}",0.30944570899009705,"[[29, 31], [41, 59]]",valence,0.5336032388663968,0.55,0.5554655870445344,41,0.41,,31,0.5166666666666667,0.07096774193548383,0.8925272015044599,0.07156600534955909,subject_dependent,xgb,0.4142857142857143,0.6555555555555556,0.7402985463252517,0.5349206349206349,0.55,0.5650793650793651,0.5366666666666666,0.55,0.55,0.5716666666666667,29,0.48333333333333334,59,0.59,0.625,0.6333333333333333,"[[2, 1], [2, 3]]",0.6190476190476191,0.625,0.6309523809523809,2,0.4,1,0.3333333333333333,0.25,0.2581988897471611,0.5,0.75,0.625,0.625,0.65625,0.6333333333333333,0.625,0.625,2,0.6666666666666666,3,0.6
0.64375,0.6541666666666667,"{""clf__colsample_bytree"": 0.8, ""clf__learning_rate"": 0.05, ""clf__max_depth"": 5, ""clf__n_estimators"": 400, ""clf__subsample"": 1.0}",0.24927563965320587,"[[27, 13], [44, 76]]",valence,0.606879606879607,0.64375,0.6670761670761671,44,0.36666666666666664,,13,0.325,0.2450331125827815,0.7975365205823871,0.26873047453394633,subject_dependent,xgb,0.38028169014084506,0.8539325842696629,0.877847853735763,0.617107137205254,0.64375,0.7355198607374585,0.6541666666666667,0.64375,0.64375,0.7295833333333334,27,0.675,76,0.6333333333333333,0.75,0.8333333333333333,"[[2, 0], [2, 4]]",0.7333333333333334,0.75,0.7666666666666667,2,0.3333333333333333,0,0.0,0.5,0.5773502691896258,0.5,1.0,0.75,0.75,0.875,0.8333333333333333,0.75,0.75,2,1.0,4,0.6666666666666666
0.68125,0.6708333333333334,"{""clf__colsample_bytree"": 1.0, ""clf__learning_rate"": 0.1, ""clf__max_depth"": 5, ""clf__n_estimators"": 400, ""clf__subsample"": 1.0}",0.26187682151794434,"[[26, 14], [37, 83]]",valence,0.6349156637286922,0.68125,0.699946311127019,37,0.30833333333333335,,14,0.35,0.28671328671328666,1.0069957498368396,0.30280782062004064,subject_dependent,xgb,0.4126984126984127,0.8556701030927835,0.9081044014720159,0.6341842578955981,0.68125,0.7449271804941907,0.6708333333333334,0.68125,0.68125,0.7197916666666667,26,0.65,83,0.6916666666666667,0.75,0.8333333333333333,"[[2, 0], [2, 4]]",0.7333333333333334,0.75,0.7666666666666667,2,0.3333333333333333,0,0.0,0.5,0.5773502691896258,0.5,1.0,0.75,0.75,0.875,0.8333333333333333,0.75,0.75,2,1.0,4,0.6666666666666666
0.7,0.7,"{""clf__colsample_bytree"": 0.8, ""clf__learning_rate"": 0.05, ""clf__max_depth"": 3, ""clf__n_estimators"": 200, ""clf__subsample"": 1.0}",0.2065240889787674,"[[40, 40], [8, 72]]",valence,0.6875,0.7,0.6875,8,0.1,,40,0.5,0.4,0.6157873679156466,0.4364357804719848,subject_dependent,xgb,0.8333333333333334,0.6428571428571429,0.8486119038805366,0.7380952380952381,0.7,0.7380952380952381,0.7,0.7,0.7,0.8240625,40,0.5,72,0.9,0.75,0.75,"[[2, 2], [0, 4]]",0.7333333333333334,0.75,0.7333333333333334,0,0.0,2,0.5,0.5,0.5773502691896258,1.0,0.6666666666666666,0.8333333333333333,0.75,0.8333333333333333,0.75,0.75,0.75,2,0.5,4,1.0
0.50625,0.5062500000000001,"{""clf__colsample_bytree"": 1.0, ""clf__learning_rate"": 0.05, ""clf__max_depth"": 5, ""clf__n_estimators"": 200, ""clf__subsample"": 1.0}",0.3400983214378357,"[[44, 36], [43, 37]]",valence,0.5053031192516927,0.50625,0.5053031192516928,43,0.5375,,36,0.45,0.012499999999999956,1.0057257793650667,0.012548128100076699,subject_dependent,xgb,0.5057471264367817,0.5068493150684932,0.534648394851083,0.5062982207526374,0.50625,0.5062982207526374,0.5062500000000001,0.50625,0.50625,0.4951562500000001,44,0.55,37,0.4625,0.625,0.625,"[[3, 1], [2, 2]]",0.6190476190476191,0.625,0.6190476190476191,2,0.5,1,0.25,0.25,0.2581988897471611,0.6,0.6666666666666666,0.6333333333333333,0.625,0.6333333333333333,0.625,0.625,0.625,3,0.75,2,0.5
0.6125,0.6125,"{""clf__colsample_bytree"": 0.8, ""clf__learning_rate"": 0.05, ""clf__max_depth"": 5, ""clf__n_estimators"": 400, ""clf__subsample"": 1.0}",0.3014466166496277,"[[48, 32], [30, 50]]",valence,0.6124394436630723,0.6125,0.6124394436630723,30,0.375,,32,0.4,0.22499999999999998,1.0088776351108042,0.22507034547615992,subject_dependent,xgb,0.6153846153846154,0.6097560975609756,0.6376015470034121,0.6125703564727956,0.6125,0.6125703564727955,0.6125,0.6125,0.6125,0.63046875,48,0.6,50,0.625,0.75,0.75,"[[3, 1], [1, 3]]",0.75,0.75,0.75,1,0.25,1,0.25,0.5,0.5,0.75,0.75,0.75,0.75,0.75,0.75,0.75,0.75,3,0.75,3,0.75
0.63125,0.63125,"{""clf__colsample_bytree"": 1.0, ""clf__learning_rate"": 0.05, ""clf__max_depth"": 5, ""clf__n_estimators"": 200, ""clf__subsample"": 0.8}",0.26359495520591736,"[[39, 41], [18, 62]]",valence,0.6234693470543655,0.63125,0.6234693470543655,18,0.225,,41,0.5125,0.26249999999999996,0.7870572525774866,0.2740711073713514,subject_dependent,xgb,0.6842105263157895,0.6019417475728155,0.7780156419991012,0.6430761369443025,0.63125,0.6430761369443024,0.63125,0.63125,0.63125,0.718125,39,0.4875,62,0.775,0.875,0.875,"[[3, 1], [0, 4]]",0.873015873015873,0.875,0.873015873015873,0,0.0,1,0.25,0.75,0.7745966692414834,1.0,0.8,0.9,0.875,0.9,0.875,0.875,0.875,3,0.75,4,1.0
0.575,0.4916666666666667,"{""clf__colsample_bytree"": 0.8, ""clf__learning_rate"": 0.1, ""clf__max_depth"": 3, ""clf__n_estimators"": 200, ""clf__subsample"": 1.0}",0.28247612714767456,"[[13, 27], [41, 79]]",valence,0.48785539446431936,0.575,0.5934852193560535,41,0.3416666666666667,,27,0.675,-0.014925373134328401,0.826007489076743,-0.01526228488318767,subject_dependent,xgb,0.24074074074074073,0.7452830188679245,0.7561177429434968,0.4930118798043326,0.575,0.6191474493361285,0.4916666666666667,0.575,0.575,0.5004166666666666,13,0.325,79,0.6583333333333333,0.5,0.3333333333333333,"[[0, 2], [2, 4]]",0.3333333333333333,0.5,0.5,2,0.3333333333333333,2,1.0,-0.33333333333333326,-0.3333333333333333,0.0,0.6666666666666666,0.3333333333333333,0.5,0.5,0.3333333333333333,0.5,0.5,0,0.0,4,0.6666666666666666
0.6,0.4285714285714286,"{""clf__colsample_bytree"": 1.0, ""clf__learning_rate"": 0.1, ""clf__max_depth"": 3, ""clf__n_estimators"": 200, ""clf__subsample"": 1.0}",0.22229942679405212,"[[4, 16], [48, 92]]",valence,0.42652329749103945,0.6,0.6630824372759857,48,0.34285714285714286,,16,0.8,-0.0847457627118644,0.6441324629248006,-0.1008712554448004,subject_dependent,xgb,0.07692307692307693,0.8518518518518519,0.8763172567962811,0.46438746438746437,0.6,0.754985754985755,0.4285714285714286,0.6,0.6,0.48857142857142855,4,0.2,92,0.6571428571428571,0.75,0.42857142857142855,"[[0, 1], [1, 6]]",0.42857142857142855,0.75,0.75,1,0.14285714285714285,1,1.0,-0.1428571428571428,-0.14285714285714285,0.0,0.8571428571428571,0.42857142857142855,0.75,0.75,0.42857142857142855,0.75,0.75,0,0.0,6,0.8571428571428571
0.575,0.43333333333333335,"{""clf__colsample_bytree"": 1.0, ""clf__learning_rate"": 0.1, ""clf__max_depth"": 5, ""clf__n_estimators"": 400, ""clf__subsample"": 0.8}",0.3099418878555298,"[[6, 34], [34, 86]]",valence,0.43333333333333335,0.575,0.575,34,0.2833333333333333,,34,0.85,-0.1333333333333333,0.9514440043297887,-0.13333333333333333,subject_dependent,xgb,0.15,0.7166666666666667,0.7694174676767638,0.43333333333333335,0.575,0.575,0.43333333333333335,0.575,0.575,0.4535416666666667,6,0.15,86,0.7166666666666667,0.75,0.5,"[[0, 2], [0, 6]]",0.42857142857142855,0.75,0.6428571428571428,0,0.0,2,1.0,0.0,0.0,0.0,0.75,0.375,0.75,0.5625,0.5,0.75,0.75,0,0.0,6,1.0
0.6125,0.5533333333333333,"{""clf__colsample_bytree"": 0.8, ""clf__learning_rate"": 0.1, ""clf__max_depth"": 5, ""clf__n_estimators"": 400, ""clf__subsample"": 1.0}",0.30655986070632935,"[[19, 41], [21, 79]]",valence,0.5490909090909091,0.6125,0.5913636363636363,21,0.21,,41,0.6833333333333333,0.11428571428571432,1.090210783504848,0.11925695879998878,subject_dependent,xgb,0.475,0.6583333333333333,0.6408529714253794,0.5666666666666667,0.6125,0.5895833333333333,0.5533333333333333,0.6125,0.6125,0.5326666666666666,19,0.31666666666666665,79,0.79,0.625,0.5,"[[0, 3], [0, 5]]",0.38461538461538464,0.625,0.4807692307692308,0,0.0,3,1.0,0.0,0.0,0.0,0.625,0.3125,0.625,0.390625,0.5,0.625,0.625,0,0.0,5,1.0
0.5625,0.5333333333333333,"{""clf__colsample_bytree"": 1.0, ""clf__learning_rate"": 0.1, ""clf__max_depth"": 5, ""clf__n_estimators"": 400, ""clf__subsample"": 0.8}",0.3308659493923187,"[[19, 21], [49, 71]]",valence,0.5108315863032844,0.5625,0.5903214535290007,49,0.4083333333333333,,21,0.525,0.05405405405405406,1.0848968367084648,0.058395716247378375,subject_dependent,xgb,0.27941176470588236,0.7717391304347826,0.7828006607276544,0.5255754475703325,0.5625,0.6486572890025575,0.5333333333333333,0.5625,0.5625,0.54,19,0.475,71,0.5916666666666667,0.5,0.5,"[[1, 1], [3, 3]]",0.4666666666666667,0.5,0.5333333333333333,3,0.5,1,0.5,0.0,0.0,0.25,0.75,0.5,0.5,0.625,0.5,0.5,0.5,1,0.5,3,0.5
0.39375,0.3107142857142857,"{""clf__colsample_bytree"": 1.0, ""clf__learning_rate"": 0.05, ""clf__max_depth"": 5, ""clf__n_estimators"": 200, ""clf__subsample"": 0.8}",0.38317450881004333,"[[4, 16], [81, 59]]",valence,0.3125138427464009,0.39375,0.4897563676633444,81,0.5785714285714286,,16,0.8,-0.15820895522388057,1.0909169476790415,-0.25089196621550997,subject_dependent,xgb,0.047058823529411764,0.7866666666666666,0.8252654082174404,0.4168627450980392,0.39375,0.6942156862745097,0.3107142857142857,0.39375,0.39375,0.31285714285714283,4,0.2,59,0.42142857142857143,0.25,0.14285714285714285,"[[0, 1], [5, 2]]",0.2,0.25,0.35000000000000003,5,0.7142857142857143,1,1.0,-0.26315789473684204,-0.4879500364742666,0.0,0.6666666666666666,0.3333333333333333,0.25,0.5833333333333333,0.14285714285714285,0.25,0.25,0,0.0,2,0.2857142857142857
0.55625,0.5483333333333333,"{""clf__colsample_bytree"": 1.0, ""clf__learning_rate"": 0.05, ""clf__max_depth"": 5, ""clf__n_estimators"": 400, ""clf__subsample"": 0.8}",0.3035608232021332,"[[31, 29], [42, 58]]",valence,0.543243134574404,0.55625,0.5625125648345464,42,0.42,,29,0.48333333333333334,0.09265175718849838,0.9052905572045546,0.09395746957150379,subject_dependent,xgb,0.4246575342465753,0.6666666666666666,0.7967441201244967,0.545662100456621,0.55625,0.5759132420091324,0.5483333333333333,0.55625,0.55625,0.6155,31,0.5166666666666667,58,0.58,0.625,0.6333333333333333,"[[2, 1], [2, 3]]",0.6190476190476191,0.625,0.6309523809523809,2,0.4,1,0.3333333333333333,0.25,0.2581988897471611,0.5,0.75,0.625,0.625,0.65625,0.6333333333333333,0.625,0.625,2,0.6666666666666666,3,0.6
0.475,0.5133333333333333,"{""clf__colsample_bytree"": 1.0, ""clf__learning_rate"": 0.05, ""clf__max_depth"": 3, ""clf__n_estimators"": 400, ""clf__subsample"": 1.0}",0.3149491250514984,"[[36, 64], [20, 40]]",valence,0.474671669793621,0.475,0.47138836772983106,20,0.3333333333333333,,64,0.64,0.023255813953488413,0.8682300761094177,0.027066598098038335,subject_dependent,xgb,0.6428571428571429,0.38461538461538464,0.41634654110475217,0.5137362637362638,0.475,0.5460164835164836,0.5133333333333333,0.475,0.475,0.517,36,0.36,40,0.6666666666666666,0.5,0.5333333333333333,"[[2, 3], [1, 2]]",0.5,0.5,0.5,1,0.3333333333333333,3,0.6,0.05882352941176472,0.06666666666666667,0.6666666666666666,0.4,0.5333333333333333,0.5,0.5666666666666667,0.5333333333333333,0.5,0.5,2,0.4,2,0.6666666666666666
0.5,0.5266666666666666,"{""clf__colsample_bytree"": 1.0, ""clf__learning_rate"": 0.05, ""clf__max_depth"": 5, ""clf__n_estimators"": 200, ""clf__subsample"": 1.0}",0.3117311894893646,"[[42, 58], [22, 38]]",valence,0.4996873045653534,0.5,0.5028142589118199,22,0.36666666666666664,,58,0.58,0.04761904761904767,0.8747551374183032,0.052704627669472995,subject_dependent,xgb,0.65625,0.3958333333333333,0.4030000193459873,0.5260416666666666,0.5,0.55859375,0.5266666666666666,0.5,0.5,0.5368333333333334,42,0.42,38,0.6333333333333333,0.625,0.7,"[[2, 3], [0, 3]]",0.6190476190476191,0.625,0.6071428571428571,0,0.0,3,0.6,0.33333333333333337,0.4472135954999579,1.0,0.5,0.75,0.625,0.8125,0.7,0.625,0.625,2,0.4,3,1.0
0.71875,0.71875,"{""clf__colsample_bytree"": 1.0, ""clf__learning_rate"": 0.05, ""clf__max_depth"": 5, ""clf__n_estimators"": 200, ""clf__subsample"": 1.0}",0.2056540697813034,"[[42, 38], [7, 73]]",valence,0.7077803482284184,0.71875,0.7077803482284184,7,0.0875,,38,0.475,0.4375,0.5997814621399554,0.4745789978762495,subject_dependent,xgb,0.8571428571428571,0.6576576576576577,0.8199415341919198,0.7574002574002574,0.71875,0.7574002574002574,0.71875,0.71875,0.71875,0.80390625,42,0.525,73,0.9125,1.0,1.0,"[[4, 0], [0, 4]]",1.0,1.0,1.0,0,0.0,0,0.0,1.0,1.0,1.0,1.0,1.0,1.0,1.0,1.0,1.0,1.0,4,1.0,4,1.0
0.68125,0.68125,"{""clf__colsample_bytree"": 0.8, ""clf__learning_rate"": 0.1, ""clf__max_depth"": 5, ""clf__n_estimators"": 200, ""clf__subsample"": 0.8}",0.23462387919425964,"[[62, 18], [33, 47]]",valence,0.678423645320197,0.68125,0.678423645320197,33,0.4125,,18,0.225,0.36250000000000004,0.7065504725598984,0.3690451625259511,subject_dependent,xgb,0.6526315789473685,0.7230769230769231,0.8046993469388106,0.6878542510121457,0.68125,0.6878542510121457,0.68125,0.68125,0.68125,0.7509374999999999,62,0.775,47,0.5875,0.75,0.75,"[[4, 0], [2, 2]]",0.7333333333333334,0.75,0.7333333333333334,2,0.5,0,0.0,0.5,0.5773502691896258,0.6666666666666666,1.0,0.8333333333333333,0.75,0.8333333333333333,0.75,0.75,0.75,4,1.0,2,0.5
0.6125,0.6666666666666666,"{""clf__colsample_bytree"": 1.0, ""clf__learning_rate"": 0.1, ""clf__max_depth"": 5, ""clf__n_estimators"": 200, ""clf__subsample"": 0.8}",0.28623631596565247,"[[53, 7], [55, 45]]",valence,0.6115288220551378,0.6125,0.606672932330827,55,0.55,,7,0.11666666666666667,0.28735632183908044,0.9174003660654997,0.34454092941446796,subject_dependent,xgb,0.49074074074074076,0.8653846153846154,0.8278215896561653,0.6780626780626781,0.6125,0.7248931623931625,0.6666666666666666,0.6125,0.6125,0.6771666666666667,53,0.8833333333333333,45,0.45,0.625,0.7,"[[3, 0], [3, 2]]",0.6190476190476191,0.625,0.6071428571428571,3,0.6,0,0.0,0.33333333333333337,0.4472135954999579,0.5,1.0,0.75,0.625,0.8125,0.7,0.625,0.625,3,1.0,2,0.4
0.46875,0.4916666666666667,"{""clf__colsample_bytree"": 1.0, ""clf__learning_rate"": 0.05, ""clf__max_depth"": 3, ""clf__n_estimators"": 400, ""clf__subsample"": 0.8}",0.35313817858695984,"[[35, 25], [60, 40]]",valence,0.4682306940371457,0.46875,0.4723851417399804,60,0.6,,25,0.4166666666666667,-0.014925373134328401,0.9939022017341037,-0.01642880193633814,subject_dependent,xgb,0.3684210526315789,0.6153846153846154,0.7309474789443708,0.4919028340080972,0.46875,0.5227732793522267,0.4916666666666667,0.46875,0.46875,0.5533333333333333,35,0.5833333333333334,40,0.4,0.5,0.5333333333333333,"[[2, 1], [3, 2]]",0.5,0.5,0.5,3,0.6,1,0.3333333333333333,0.05882352941176472,0.06666666666666667,0.4,0.6666666666666666,0.5333333333333333,0.5,0.5666666666666667,0.5333333333333333,0.5,0.5,2,0.6666666666666666,2,0.4
0.7,0.6966666666666667,"{""clf__colsample_bytree"": 1.0, ""clf__learning_rate"": 0.05, ""clf__max_depth"": 3, ""clf__n_estimators"": 400, ""clf__subsample"": 1.0}",0.18374735116958618,"[[71, 29], [19, 41]]",valence,0.6890688259109312,0.7,0.7036437246963562,19,0.31666666666666665,,29,0.29,0.38064516129032255,0.542208557620407,0.3838540286930897,subject_dependent,xgb,0.7888888888888889,0.5857142857142857,0.7955091388460501,0.6873015873015873,0.7,0.7126984126984126,0.6966666666666667,0.7,0.7,0.79,71,0.71,41,0.6833333333333333,0.75,0.7333333333333334,"[[4, 1], [1, 2]]",0.7333333333333334,0.75,0.75,1,0.3333333333333333,1,0.2,0.4666666666666667,0.4666666666666667,0.8,0.6666666666666666,0.7333333333333334,0.75,0.75,0.7333333333333334,0.75,0.75,4,0.8,2,0.6666666666666666
0.55625,0.5562499999999999,"{""clf__colsample_bytree"": 1.0, ""clf__learning_rate"": 0.05, ""clf__max_depth"": 5, ""clf__n_estimators"": 200, ""clf__subsample"": 0.8}",0.28516411781311035,"[[48, 32], [39, 41]]",valence,0.5553990059097491,0.55625,0.5553990059097491,39,0.4875,,32,0.4,0.11250000000000004,0.8024085370426945,0.1129331529006903,subject_dependent,xgb,0.5517241379310345,0.5616438356164384,0.6981020689247066,0.5566839867737364,0.55625,0.5566839867737364,0.5562499999999999,0.55625,0.55625,0.62125,48,0.6,41,0.5125,0.625,0.625,"[[3, 1], [2, 2]]",0.6190476190476191,0.625,0.6190476190476191,2,0.5,1,0.25,0.25,0.2581988897471611,0.6,0.6666666666666666,0.6333333333333333,0.625,0.6333333333333333,0.625,0.625,0.625,3,0.75,2,0.5
0.5375,0.6916666666666667,"{""clf__colsample_bytree"": 1.0, ""clf__learning_rate"": 0.1, ""clf__max_depth"": 3, ""clf__n_estimators"": 200, ""clf__subsample"": 1.0}",0.29666513204574585,"[[46, 74], [0, 40]]",valence,0.5368486934751995,0.5375,0.5455327804725395,0,0.0,,74,0.6166666666666667,0.23711340206185572,0.8570905153664995,0.3667464028134539,subject_dependent,xgb,1.0,0.3508771929824561,0.7088160680720292,0.6754385964912281,0.5375,0.8377192982456141,0.6916666666666667,0.5375,0.5375,0.8860416666666666,46,0.38333333333333336,40,1.0,0.5,0.6666666666666666,"[[2, 4], [0, 2]]",0.5,0.5,0.5,0,0.0,4,0.6666666666666666,0.19999999999999996,0.3333333333333333,1.0,0.3333333333333333,0.6666666666666666,0.5,0.8333333333333334,0.6666666666666666,0.5,0.5,2,0.3333333333333333,2,1.0
0.68125,0.68125,"{""clf__colsample_bytree"": 1.0, ""clf__learning_rate"": 0.05, ""clf__max_depth"": 5, ""clf__n_estimators"": 400, ""clf__subsample"": 1.0}",0.23502707481384277,"[[49, 31], [20, 60]]",valence,0.6797362533851408,0.68125,0.6797362533851408,20,0.25,,31,0.3875,0.36250000000000004,0.7622559708736834,0.3659761266023688,subject_dependent,xgb,0.7101449275362319,0.6593406593406593,0.7714536633021906,0.6847427934384456,0.68125,0.6847427934384456,0.68125,0.68125,0.68125,0.74953125,49,0.6125,60,0.75,0.875,0.875,"[[3, 1], [0, 4]]",0.873015873015873,0.875,0.873015873015873,0,0.0,1,0.25,0.75,0.7745966692414834,1.0,0.8,0.9,0.875,0.9,0.875,0.875,0.875,3,0.75,4,1.0
0.74375,0.745,"{""clf__colsample_bytree"": 0.8, ""clf__learning_rate"": 0.1, ""clf__max_depth"": 5, ""clf__n_estimators"": 200, ""clf__subsample"": 1.0}",0.21573825180530548,"[[45, 15], [26, 74]]",valence,0.7350458419160709,0.74375,0.747051577204249,26,0.26,,15,0.25,0.4726688102893891,0.7912258790411971,0.47747158095405934,subject_dependent,xgb,0.6338028169014085,0.8314606741573034,0.7885462717324017,0.732631745529356,0.74375,0.7573389776863428,0.745,0.74375,0.74375,0.7471666666666668,45,0.75,74,0.74,0.75,0.7333333333333334,"[[2, 1], [1, 4]]",0.7333333333333334,0.75,0.75,1,0.2,1,0.3333333333333333,0.4666666666666667,0.4666666666666667,0.6666666666666666,0.8,0.7333333333333334,0.75,0.75,0.7333333333333334,0.75,0.75,2,0.6666666666666666,4,0.8
0.575,0.55,"{""clf__colsample_bytree"": 1.0, ""clf__learning_rate"": 0.1, ""clf__max_depth"": 5, ""clf__n_estimators"": 200, ""clf__subsample"": 1.0}",0.3125089704990387,"[[72, 48], [20, 20]]",valence,0.5248078266946191,0.575,0.6020265548567434,20,0.5,,48,0.4,0.08108108108108103,0.9493145471272125,0.08759357437106757,subject_dependent,xgb,0.782608695652174,0.29411764705882354,0.3558498682556188,0.5383631713554987,0.575,0.6604859335038363,0.55,0.575,0.575,0.5816666666666666,72,0.6,20,0.5,0.625,0.5833333333333333,"[[4, 2], [1, 1]]",0.5636363636363637,0.625,0.6454545454545454,1,0.5,2,0.3333333333333333,0.1428571428571429,0.14907119849998599,0.8,0.3333333333333333,0.5666666666666667,0.625,0.6833333333333335,0.5833333333333333,0.625,0.625,4,0.6666666666666666,1,0.5
0.6875,0.6966666666666667,"{""clf__colsample_bytree"": 1.0, ""clf__learning_rate"": 0.05, ""clf__max_depth"": 3, ""clf__n_estimators"": 200, ""clf__subsample"": 0.8}",0.1859235167503357,"[[66, 34], [16, 44]]",valence,0.6814779423475075,0.6875,0.692427138079312,16,0.26666666666666666,,34,0.34,0.37106918238993714,0.5419328930302862,0.3809624317444793,subject_dependent,xgb,0.8048780487804879,0.5641025641025641,0.7681209382972619,0.684490306441526,0.6875,0.7145872420262664,0.6966666666666667,0.6875,0.6875,0.808,66,0.66,44,0.7333333333333333,0.875,0.8333333333333333,"[[5, 0], [1, 2]]",0.8545454545454545,0.875,0.8681818181818182,1,0.3333333333333333,0,0.0,0.7142857142857143,0.7453559924999299,0.8333333333333334,1.0,0.9166666666666667,0.875,0.8958333333333334,0.8333333333333333,0.875,0.875,5,1.0,2,0.6666666666666666
0.50625,0.50625,"{""clf__colsample_bytree"": 0.8, ""clf__learning_rate"": 0.05, ""clf__max_depth"": 3, ""clf__n_estimators"": 400, ""clf__subsample"": 1.0}",0.37199562788009644,"[[26, 54], [25, 55]]",valence,0.4894785734480391,0.50625,0.4894785734480391,25,0.3125,,54,0.675,0.012499999999999956,1.4603911604727906,0.013412250711537104,subject_dependent,xgb,0.5098039215686274,0.5045871559633027,0.7231466033194218,0.507195538765965,0.50625,0.5071955387659651,0.50625,0.50625,0.50625,0.59515625,26,0.325,55,0.6875,0.5,0.5,"[[1, 3], [1, 3]]",0.4666666666666667,0.5,0.4666666666666667,1,0.25,3,0.75,0.0,0.0,0.5,0.5,0.5,0.5,0.5,0.5,0.5,0.5,1,0.25,3,0.75
0.7125,0.75,"{""clf__colsample_bytree"": 0.8, ""clf__learning_rate"": 0.1, ""clf__max_depth"": 3, ""clf__n_estimators"": 400, ""clf__subsample"": 0.8}",0.19510483741760254,"[[81, 39], [7, 33]]",valence,0.6840659340659341,0.7125,0.731456043956044,7,0.175,,39,0.325,0.39473684210526316,0.616498154646211,0.4351941398892446,subject_dependent,xgb,0.9204545454545454,0.4583333333333333,0.7668414551296964,0.6893939393939393,0.7125,0.8049242424242424,0.75,0.7125,0.7125,0.8708333333333333,81,0.675,33,0.825,0.875,0.9166666666666667,"[[5, 1], [0, 2]]",0.8545454545454545,0.875,0.8818181818181818,0,0.0,1,0.16666666666666666,0.7142857142857143,0.7453559924999299,1.0,0.6666666666666666,0.8333333333333333,0.875,0.9166666666666666,0.9166666666666667,0.875,0.875,5,0.8333333333333334,2,1.0
0.45625,0.5183333333333333,"{""clf__colsample_bytree"": 0.8, ""clf__learning_rate"": 0.05, ""clf__max_depth"": 3, ""clf__n_estimators"": 200, ""clf__subsample"": 1.0}",0.4098447263240814,"[[46, 14], [73, 27]]",valence,0.44847260192559135,0.45625,0.4320991322952573,73,0.73,,14,0.23333333333333334,0.03064066852367686,1.3630523856850185,0.04066133623646771,subject_dependent,xgb,0.3865546218487395,0.6585365853658537,0.6548021593675615,0.5225456036072966,0.45625,0.5565433490469359,0.5183333333333333,0.45625,0.45625,0.48483333333333334,46,0.7666666666666667,27,0.27,0.5,0.6,"[[3, 0], [4, 1]]",0.4666666666666667,0.5,0.4333333333333333,4,0.8,0,0.0,0.1578947368421053,0.29277002188455997,0.42857142857142855,1.0,0.7142857142857143,0.5,0.7857142857142857,0.6,0.5,0.5,3,1.0,1,0.2
0.59375,0.59375,"{""clf__colsample_bytree"": 0.8, ""clf__learning_rate"": 0.05, ""clf__max_depth"": 3, ""clf__n_estimators"": 200, ""clf__subsample"": 0.8}",0.2980250418186188,"[[61, 19], [46, 34]]",valence,0.5818423063005107,0.59375,0.5818423063005106,46,0.575,,19,0.2375,0.1875,0.9685088052135213,0.19918720398763196,subject_dependent,xgb,0.5700934579439252,0.6415094339622641,0.6517062373516824,0.6058014459530947,0.59375,0.6058014459530947,0.59375,0.59375,0.59375,0.596875,61,0.7625,34,0.425,0.75,0.75,"[[4, 0], [2, 2]]",0.7333333333333334,0.75,0.7333333333333334,2,0.5,0,0.0,0.5,0.5773502691896258,0.6666666666666666,1.0,0.8333333333333333,0.75,0.8333333333333333,0.75,0.75,0.75,4,1.0,2,0.5
0.60625,0.5683333333333334,"{""clf__colsample_bytree"": 1.0, ""clf__learning_rate"": 0.05, ""clf__max_depth"": 5, ""clf__n_estimators"": 200, ""clf__subsample"": 0.8}",0.3187674582004547,"[[25, 35], [28, 72]]",valence,0.5690650250096191,0.60625,0.6007118122354751,28,0.28,,35,0.5833333333333334,0.13993174061433444,1.1319241345007969,0.14057510078529087,subject_dependent,xgb,0.4716981132075472,0.6728971962616822,0.815151663025275,0.5722976547346147,0.60625,0.5974475401163816,0.5683333333333334,0.60625,0.60625,0.6453333333333333,25,0.4166666666666667,72,0.72,0.625,0.5666666666666667,"[[1, 2], [1, 4]]",0.5636363636363637,0.625,0.6045454545454546,1,0.2,2,0.6666666666666666,0.1428571428571429,0.14907119849998599,0.5,0.6666666666666666,0.5833333333333333,0.625,0.6041666666666666,0.5666666666666667,0.625,0.625,1,0.3333333333333333,4,0.8
0.53125,0.4583333333333333,"{""clf__colsample_bytree"": 0.8, ""clf__learning_rate"": 0.1, ""clf__max_depth"": 5, ""clf__n_estimators"": 400, ""clf__subsample"": 0.8}",0.4164930284023285,"[[75, 25], [50, 10]]",valence,0.43859649122807015,0.53125,0.4956140350877193,50,0.8333333333333334,,25,0.25,-0.09090909090909083,1.9379358858090001,-0.09759000729485331,subject_dependent,xgb,0.6,0.2857142857142857,0.29392780281834396,0.44285714285714284,0.53125,0.4821428571428571,0.4583333333333333,0.53125,0.53125,0.32416666666666666,75,0.75,10,0.16666666666666666,0.5,0.4,"[[4, 1], [3, 0]]",0.3333333333333333,0.5,0.41666666666666663,3,1.0,1,0.2,-0.23076923076923084,-0.29277002188455997,0.5714285714285714,0.0,0.2857142857142857,0.5,0.3571428571428571,0.4,0.5,0.5,4,0.8,0,0.0
0.6125,0.5466666666666666,"{""clf__colsample_bytree"": 0.8, ""clf__learning_rate"": 0.05, ""clf__max_depth"": 5, ""clf__n_estimators"": 400, ""clf__subsample"": 0.8}",0.34015560150146484,"[[81, 19], [43, 17]]",valence,0.5386904761904762,0.6125,0.5848214285714286,43,0.7166666666666667,,19,0.19,0.10144927536231885,1.5350368418173461,0.10820574234403926,subject_dependent,xgb,0.6532258064516129,0.4722222222222222,0.48204246333958445,0.5627240143369175,0.6125,0.5853494623655913,0.5466666666666666,0.6125,0.6125,0.38666666666666666,81,0.81,17,0.2833333333333333,0.75,0.6666666666666666,"[[5, 0], [2, 1]]",0.6666666666666667,0.75,0.7083333333333334,2,0.6666666666666666,0,0.0,0.3846153846153846,0.4879500364742666,0.7142857142857143,1.0,0.8571428571428572,0.75,0.8214285714285714,0.6666666666666666,0.75,0.75,5,1.0,1,0.3333333333333333
0.73125,0.7050000000000001,"{""clf__colsample_bytree"": 1.0, ""clf__learning_rate"": 0.1, ""clf__max_depth"": 5, ""clf__n_estimators"": 200, ""clf__subsample"": 1.0}",0.19577474892139435,"[[81, 19], [24, 36]]",valence,0.7081654294803819,0.73125,0.7286850477200424,24,0.4,,19,0.19,0.41694915254237286,0.6003232200491525,0.4179106969788529,subject_dependent,xgb,0.7714285714285715,0.6545454545454545,0.7560705557537422,0.7129870129870131,0.73125,0.7275974025974026,0.7050000000000001,0.73125,0.73125,0.7765000000000001,81,0.81,36,0.6,0.875,0.8333333333333333,"[[5, 0], [1, 2]]",0.8545454545454545,0.875,0.8681818181818182,1,0.3333333333333333,0,0.0,0.7142857142857143,0.7453559924999299,0.8333333333333334,1.0,0.9166666666666667,0.875,0.8958333333333334,0.8333333333333333,0.875,0.875,5,1.0,2,0.6666666666666666
0.56875,0.56875,"{""clf__colsample_bytree"": 0.8, ""clf__learning_rate"": 0.1, ""clf__max_depth"": 5, ""clf__n_estimators"": 400, ""clf__subsample"": 0.8}",0.3588840365409851,"[[50, 30], [39, 41]]",valence,0.5673811669736275,0.56875,0.5673811669736275,39,0.4875,,30,0.375,0.13749999999999996,1.6660844112007367,0.1383784645887509,subject_dependent,xgb,0.5617977528089888,0.5774647887323944,0.6867482918995331,0.5696312707706916,0.56875,0.5696312707706916,0.56875,0.56875,0.56875,0.57828125,50,0.625,41,0.5125,0.625,0.625,"[[3, 1], [2, 2]]",0.6190476190476191,0.625,0.6190476190476191,2,0.5,1,0.25,0.25,0.2581988897471611,0.6,0.6666666666666666,0.6333333333333333,0.625,0.6333333333333333,0.625,0.625,0.625,3,0.75,2,0.5
0.75625,0.7516666666666667,"{""clf__colsample_bytree"": 1.0, ""clf__learning_rate"": 0.05, ""clf__max_depth"": 5, ""clf__n_estimators"": 200, ""clf__subsample"": 0.8}",0.1787395179271698,"[[77, 23], [16, 44]]",valence,0.7454204234833339,0.75625,0.7585471828974746,16,0.26666666666666666,,23,0.23,0.49185667752442996,0.5377294108038613,0.4939152575115887,subject_dependent,xgb,0.8279569892473119,0.6567164179104478,0.7476688471153683,0.7423367035788798,0.75625,0.7637417749959878,0.7516666666666667,0.75625,0.75625,0.8078333333333334,77,0.77,44,0.7333333333333333,0.875,0.8333333333333333,"[[5, 0], [1, 2]]",0.8545454545454545,0.875,0.8681818181818182,1,0.3333333333333333,0,0.0,0.7142857142857143,0.7453559924999299,0.8333333333333334,1.0,0.9166666666666667,0.875,0.8958333333333334,0.8333333333333333,0.875,0.875,5,1.0,2,0.6666666666666666
0.44375,0.4016666666666666,"{""clf__colsample_bytree"": 1.0, ""clf__learning_rate"": 0.1, ""clf__max_depth"": 5, ""clf__n_estimators"": 400, ""clf__subsample"": 1.0}",0.4334631860256195,"[[14, 46], [43, 57]]",valence,0.40044629699802115,0.44375,0.44072881141846654,43,0.43,,46,0.7666666666666667,-0.19865319865319875,1.7677850549999683,-0.19881554678421032,subject_dependent,xgb,0.24561403508771928,0.5533980582524272,0.4915567091232541,0.3995060466700732,0.44375,0.4379790495656617,0.4016666666666666,0.44375,0.44375,0.2986666666666667,14,0.23333333333333334,57,0.57,0.5,0.4666666666666667,"[[1, 2], [2, 3]]",0.4666666666666667,0.5,0.5,2,0.4,2,0.6666666666666666,-0.06666666666666665,-0.06666666666666667,0.3333333333333333,0.6,0.4666666666666667,0.5,0.5,0.4666666666666667,0.5,0.5,1,0.3333333333333333,3,0.6
0.6125,0.52,"{""clf__colsample_bytree"": 0.8, ""clf__learning_rate"": 0.05, ""clf__max_depth"": 3, ""clf__n_estimators"": 200, ""clf__subsample"": 0.8}",0.23594336211681366,"[[9, 51], [11, 89]]",valence,0.48333333333333334,0.6125,0.5479166666666667,11,0.11,,51,0.85,0.0461538461538461,0.6752146673472208,0.058554004376911994,subject_dependent,xgb,0.45,0.6357142857142857,0.7381837459512707,0.5428571428571428,0.6125,0.5660714285714286,0.52,0.6125,0.6125,0.6464999999999999,9,0.15,89,0.89,0.625,0.5,"[[0, 3], [0, 5]]",0.38461538461538464,0.625,0.4807692307692308,0,0.0,3,1.0,0.0,0.0,0.0,0.625,0.3125,0.625,0.390625,0.5,0.625,0.625,0,0.0,5,1.0
0.5875,0.425,"{""clf__colsample_bytree"": 1.0, ""clf__learning_rate"": 0.1, ""clf__max_depth"": 3, ""clf__n_estimators"": 200, ""clf__subsample"": 1.0}",0.2762657403945923,"[[4, 36], [30, 90]]",valence,0.4199077125906394,0.5875,0.5758075148319051,30,0.25,,36,0.9,-0.1578947368421053,0.8087493085580126,-0.15877683720748895,subject_dependent,xgb,0.11764705882352941,0.7142857142857143,0.7244046603030079,0.41596638655462187,0.5875,0.5651260504201681,0.425,0.5875,0.5875,0.41604166666666664,4,0.1,90,0.75,0.625,0.4166666666666667,"[[0, 2], [1, 5]]",0.38461538461538464,0.625,0.576923076923077,1,0.16666666666666666,2,1.0,-0.19999999999999996,-0.2182178902359924,0.0,0.7142857142857143,0.35714285714285715,0.625,0.5357142857142857,0.4166666666666667,0.625,0.625,0,0.0,5,0.8333333333333334
0.5,0.43666666666666665,"{""clf__colsample_bytree"": 1.0, ""clf__learning_rate"": 0.05, ""clf__max_depth"": 3, ""clf__n_estimators"": 200, ""clf__subsample"": 1.0}",0.30978232622146606,"[[11, 49], [31, 69]]",valence,0.42435689872279186,0.5,0.47652455477603883,31,0.31,,49,0.8166666666666667,-0.13475177304964547,0.8662037296078697,-0.1393709685762928,subject_dependent,xgb,0.2619047619047619,0.5847457627118644,0.5829631385198422,0.42332526230831313,0.5,0.463680387409201,0.43666666666666665,0.5,0.5,0.40249999999999997,11,0.18333333333333332,69,0.69,0.5,0.4,"[[0, 3], [1, 4]]",0.3333333333333333,0.5,0.41666666666666663,1,0.2,3,1.0,-0.23076923076923084,-0.29277002188455997,0.0,0.5714285714285714,0.2857142857142857,0.5,0.3571428571428571,0.4,0.5,0.5,0,0.0,4,0.8
0.6,0.4714285714285714,"{""clf__colsample_bytree"": 0.8, ""clf__learning_rate"": 0.1, ""clf__max_depth"": 3, ""clf__n_estimators"": 400, ""clf__subsample"": 0.8}",0.2569541931152344,"[[6, 14], [50, 90]]",valence,0.44779982743744606,0.6,0.6652286453839518,50,0.35714285714285715,,14,0.7,-0.032258064516129004,0.7899391233026573,-0.03962144258751637,subject_dependent,xgb,0.10714285714285714,0.8653846153846154,0.8596973906887205,0.48626373626373626,0.6,0.7706043956043956,0.4714285714285714,0.6,0.6,0.4753571428571428,6,0.3,90,0.6428571428571429,0.75,0.42857142857142855,"[[0, 1], [1, 6]]",0.42857142857142855,0.75,0.75,1,0.14285714285714285,1,1.0,-0.1428571428571428,-0.14285714285714285,0.0,0.8571428571428571,0.42857142857142855,0.75,0.75,0.42857142857142855,0.75,0.75,0,0.0,6,0.8571428571428571
0.78125,0.6041666666666667,"{""clf__colsample_bytree"": 0.8, ""clf__learning_rate"": 0.1, ""clf__max_depth"": 5, ""clf__n_estimators"": 200, ""clf__subsample"": 1.0}",0.16927392780780792,"[[10, 30], [5, 115]]",valence,0.6157804459691252,0.78125,0.7418524871355061,5,0.041666666666666664,,30,0.75,0.26315789473684215,0.6211018608795328,0.30949223029508643,subject_dependent,xgb,0.6666666666666666,0.7931034482758621,0.9532707259566677,0.7298850574712643,0.78125,0.7614942528735632,0.6041666666666667,0.78125,0.78125,0.8659375,10,0.25,115,0.9583333333333334,0.75,0.5,"[[0, 2], [0, 6]]",0.42857142857142855,0.75,0.6428571428571428,0,0.0,2,1.0,0.0,0.0,0.0,0.75,0.375,0.75,0.5625,0.5,0.75,0.75,0,0.0,6,1.0
0.7875,0.65,"{""clf__colsample_bytree"": 0.8, ""clf__learning_rate"": 0.05, ""clf__max_depth"": 5, ""clf__n_estimators"": 400, ""clf__subsample"": 0.8}",0.1616932451725006,"[[15, 25], [9, 111]]",valence,0.66796875,0.7875,0.767578125,9,0.075,,25,0.625,0.34615384615384615,0.5984547781782368,0.36380343755449945,subject_dependent,xgb,0.625,0.8161764705882353,0.898884862985489,0.7205882352941176,0.7875,0.7683823529411764,0.65,0.7875,0.7875,0.7922916666666667,15,0.375,111,0.925,0.75,0.5,"[[0, 2], [0, 6]]",0.42857142857142855,0.75,0.6428571428571428,0,0.0,2,1.0,0.0,0.0,0.0,0.75,0.375,0.75,0.5625,0.5,0.75,0.75,0,0.0,6,1.0
0.8,0.6583333333333333,"{""clf__colsample_bytree"": 0.8, ""clf__learning_rate"": 0.1, ""clf__max_depth"": 3, ""clf__n_estimators"": 200, ""clf__subsample"": 1.0}",0.15447898209095,"[[15, 25], [7, 113]]",valence,0.6799199799949988,0.8,0.7779444861215304,7,0.058333333333333334,,25,0.625,0.37254901960784315,0.5576839863996252,0.39817325519255664,subject_dependent,xgb,0.6818181818181818,0.8188405797101449,0.9252836812743959,0.7503293807641633,0.8,0.7845849802371541,0.6583333333333333,0.8,0.8,0.8095833333333334,15,0.375,113,0.9416666666666667,0.75,0.5,"[[0, 2], [0, 6]]",0.42857142857142855,0.75,0.6428571428571428,0,0.0,2,1.0,0.0,0.0,0.0,0.75,0.375,0.75,0.5625,0.5,0.75,0.75,0,0.0,6,1.0
0.725,0.575,"{""clf__colsample_bytree"": 1.0, ""clf__learning_rate"": 0.05, ""clf__max_depth"": 5, ""clf__n_estimators"": 200, ""clf__subsample"": 1.0}",0.2068517953157425,"[[11, 29], [15, 105]]",valence,0.5800524934383202,0.725,0.7034120734908136,15,0.125,,29,0.725,0.16981132075471694,0.6937308153822301,0.1760649081855163,subject_dependent,xgb,0.4230769230769231,0.7835820895522388,0.9143077179162933,0.6033295063145809,0.725,0.69345579793341,0.575,0.725,0.725,0.7464583333333333,11,0.275,105,0.875,0.75,0.6666666666666667,"[[1, 1], [1, 5]]",0.6666666666666667,0.75,0.75,1,0.16666666666666666,1,0.5,0.33333333333333337,0.3333333333333333,0.5,0.8333333333333334,0.6666666666666667,0.75,0.75,0.6666666666666667,0.75,0.75,1,0.5,5,0.8333333333333334
0.7875,0.7071428571428571,"{""clf__colsample_bytree"": 0.8, ""clf__learning_rate"": 0.05, ""clf__max_depth"": 3, ""clf__n_estimators"": 200, ""clf__subsample"": 0.8}",0.1420595347881317,"[[12, 8], [26, 114]]",valence,0.6420110555409319,0.7875,0.8131745196104238,26,0.18571428571428572,,8,0.4,0.2989690721649485,0.4274144206693505,0.3219639596640728,subject_dependent,xgb,0.3157894736842105,0.9344262295081968,0.9710255200567295,0.6251078515962036,0.7875,0.8570966350301985,0.7071428571428571,0.7875,0.7875,0.8260714285714286,12,0.6,114,0.8142857142857143,1.0,1.0,"[[1, 0], [0, 7]]",1.0,1.0,1.0,0,0.0,0,0.0,1.0,1.0,1.0,1.0,1.0,1.0,1.0,1.0,1.0,1.0,1,1.0,7,1.0
0.63125,0.63125,"{""clf__colsample_bytree"": 0.8, ""clf__learning_rate"": 0.05, ""clf__max_depth"": 3, ""clf__n_estimators"": 400, ""clf__subsample"": 0.8}",0.2667063772678375,"[[24, 56], [3, 77]]",valence,0.5858014128384011,0.63125,0.5858014128384011,3,0.0375,,56,0.7,0.26249999999999996,0.8234519886154945,0.3504383220252312,subject_dependent,xgb,0.8888888888888888,0.5789473684210527,0.7570700580113974,0.7339181286549707,0.63125,0.7339181286549709,0.63125,0.63125,0.63125,0.7664062500000001,24,0.3,77,0.9625,0.625,0.625,"[[1, 3], [0, 4]]",0.5636363636363637,0.625,0.5636363636363637,0,0.0,3,0.75,0.25,0.3779644730092272,1.0,0.5714285714285714,0.7857142857142857,0.625,0.7857142857142857,0.625,0.625,0.625,1,0.25,4,1.0
0.63125,0.6312500000000001,"{""clf__colsample_bytree"": 0.8, ""clf__learning_rate"": 0.05, ""clf__max_depth"": 3, ""clf__n_estimators"": 400, ""clf__subsample"": 1.0}",0.23825331032276154,"[[32, 48], [11, 69]]",valence,0.6104164087326153,0.63125,0.6104164087326153,11,0.1375,,48,0.6,0.26249999999999996,0.7464764682866534,0.2960684541064695,subject_dependent,xgb,0.7441860465116279,0.5897435897435898,0.7074808474041484,0.6669648181276089,0.63125,0.6669648181276088,0.6312500000000001,0.63125,0.63125,0.7446875000000001,32,0.4,69,0.8625,0.75,0.75,"[[2, 2], [0, 4]]",0.7333333333333334,0.75,0.7333333333333334,0,0.0,2,0.5,0.5,0.5773502691896258,1.0,0.6666666666666666,0.8333333333333333,0.75,0.8333333333333333,0.75,0.75,0.75,2,0.5,4,1.0
0.65625,0.6041666666666667,"{""clf__colsample_bytree"": 1.0, ""clf__learning_rate"": 0.1, ""clf__max_depth"": 3, ""clf__n_estimators"": 400, ""clf__subsample"": 1.0}",0.256223201751709,"[[20, 20], [35, 85]]",valence,0.5883040935672514,0.65625,0.6719298245614034,35,0.2916666666666667,,20,0.5,0.18518518518518523,0.8136292689704552,0.18993429409939658,subject_dependent,xgb,0.36363636363636365,0.8095238095238095,0.8329043890531709,0.5865800865800865,0.65625,0.698051948051948,0.6041666666666667,0.65625,0.65625,0.6358333333333334,20,0.5,85,0.7083333333333334,0.625,0.5833333333333333,"[[1, 1], [2, 4]]",0.5636363636363637,0.625,0.6454545454545454,2,0.3333333333333333,1,0.5,0.1428571428571429,0.14907119849998599,0.3333333333333333,0.8,0.5666666666666667,0.625,0.6833333333333335,0.5833333333333333,0.625,0.625,1,0.5,4,0.6666666666666666
0.8,0.6833333333333333,"{""clf__colsample_bytree"": 1.0, ""clf__learning_rate"": 0.05, ""clf__max_depth"": 3, ""clf__n_estimators"": 200, ""clf__subsample"": 1.0}",0.15155799686908722,"[[18, 22], [10, 110]]",valence,0.7012138188608776,0.8,0.7871148459383753,10,0.08333333333333333,,22,0.55,0.40740740740740744,0.4640404967795799,0.41785544701867244,subject_dependent,xgb,0.6428571428571429,0.8333333333333334,0.9169218792047689,0.7380952380952381,0.8,0.7857142857142858,0.6833333333333333,0.8,0.8,0.7885416666666667,18,0.45,110,0.9166666666666666,0.875,0.75,"[[1, 1], [0, 6]]",0.7948717948717949,0.875,0.8589743589743589,0,0.0,1,0.5,0.6,0.6546536707079772,1.0,0.8571428571428571,0.9285714285714286,0.875,0.8928571428571428,0.75,0.875,0.875,1,0.5,6,1.0
0.675,0.6333333333333333,"{""clf__colsample_bytree"": 1.0, ""clf__learning_rate"": 0.05, ""clf__max_depth"": 3, ""clf__n_estimators"": 200, ""clf__subsample"": 0.8}",0.20543208718299866,"[[22, 18], [34, 86]]",valence,0.6130952380952381,0.675,0.6904761904761905,34,0.2833333333333333,,18,0.45,0.23529411764705888,0.5973955646938668,0.24209101306752098,subject_dependent,xgb,0.39285714285714285,0.8269230769230769,0.8650862077329262,0.6098901098901098,0.675,0.7184065934065933,0.6333333333333333,0.675,0.675,0.6877083333333334,22,0.55,86,0.7166666666666667,0.875,0.75,"[[1, 1], [0, 6]]",0.7948717948717949,0.875,0.8589743589743589,0,0.0,1,0.5,0.6,0.6546536707079772,1.0,0.8571428571428571,0.9285714285714286,0.875,0.8928571428571428,0.75,0.875,0.875,1,0.5,6,1.0
0.5875,0.5875,"{""clf__colsample_bytree"": 1.0, ""clf__learning_rate"": 0.1, ""clf__max_depth"": 5, ""clf__n_estimators"": 400, ""clf__subsample"": 0.8}",0.34754735231399536,"[[16, 64], [2, 78]]",valence,0.5146166574738004,0.5875,0.5146166574738003,2,0.025,,64,0.8,0.17500000000000004,1.3597572564755322,0.2769157202452324,subject_dependent,xgb,0.8888888888888888,0.5492957746478874,0.692722757943404,0.7190923317683882,0.5875,0.7190923317683882,0.5875,0.5875,0.5875,0.729375,16,0.2,78,0.975,0.5,0.5,"[[0, 4], [0, 4]]",0.3333333333333333,0.5,0.3333333333333333,0,0.0,4,1.0,0.0,0.0,0.0,0.5,0.25,0.5,0.25,0.5,0.5,0.5,0,0.0,4,1.0
0.6,0.5266666666666666,"{""clf__colsample_bytree"": 0.8, ""clf__learning_rate"": 0.1, ""clf__max_depth"": 5, ""clf__n_estimators"": 400, ""clf__subsample"": 0.8}",0.27320364117622375,"[[14, 46], [18, 82]]",valence,0.5118230358504958,0.6,0.5636918382913806,18,0.18,,46,0.7666666666666667,0.05882352941176472,0.8631265771161193,0.06454972243679029,subject_dependent,xgb,0.4375,0.640625,0.796660897579143,0.5390625,0.6,0.564453125,0.5266666666666666,0.6,0.6,0.6643333333333333,14,0.23333333333333334,82,0.82,0.5,0.4,"[[0, 3], [1, 4]]",0.3333333333333333,0.5,0.41666666666666663,1,0.2,3,1.0,-0.23076923076923084,-0.29277002188455997,0.0,0.5714285714285714,0.2857142857142857,0.5,0.3571428571428571,0.4,0.5,0.5,0,0.0,4,0.8
0.63125,0.5625,"{""clf__colsample_bytree"": 1.0, ""clf__learning_rate"": 0.05, ""clf__max_depth"": 3, ""clf__n_estimators"": 400, ""clf__subsample"": 1.0}",0.2538464665412903,"[[17, 23], [36, 84]]",valence,0.5528397517881674,0.63125,0.6464639287575198,36,0.3,,23,0.575,0.1127819548872181,0.7318876189707219,0.11500078584138822,subject_dependent,xgb,0.32075471698113206,0.7850467289719626,0.8058345920715559,0.5529007229765474,0.63125,0.668973725974255,0.5625,0.63125,0.63125,0.5547916666666667,17,0.425,84,0.7,0.75,0.6666666666666667,"[[1, 1], [1, 5]]",0.6666666666666667,0.75,0.75,1,0.16666666666666666,1,0.5,0.33333333333333337,0.3333333333333333,0.5,0.8333333333333334,0.6666666666666667,0.75,0.75,0.6666666666666667,0.75,0.75,1,0.5,5,0.8333333333333334
0.58125,0.46249999999999997,"{""clf__colsample_bytree"": 0.8, ""clf__learning_rate"": 0.1, ""clf__max_depth"": 3, ""clf__n_estimators"": 400, ""clf__subsample"": 0.8}",0.29366135597229004,"[[9, 31], [36, 84]]",valence,0.4633291614518148,0.58125,0.5891113892365457,36,0.3,,31,0.775,-0.07200000000000006,0.9405617424683601,-0.07223151185146151,subject_dependent,xgb,0.2,0.7304347826086957,0.7832791352191689,0.4652173913043478,0.58125,0.5978260869565217,0.46249999999999997,0.58125,0.58125,0.4866666666666667,9,0.225,84,0.7,0.5,0.3333333333333333,"[[0, 2], [2, 4]]",0.3333333333333333,0.5,0.5,2,0.3333333333333333,2,1.0,-0.33333333333333326,-0.3333333333333333,0.0,0.6666666666666666,0.3333333333333333,0.5,0.5,0.3333333333333333,0.5,0.5,0,0.0,4,0.6666666666666666
0.70625,0.5535714285714286,"{""clf__colsample_bytree"": 1.0, ""clf__learning_rate"": 0.1, ""clf__max_depth"": 3, ""clf__n_estimators"": 200, ""clf__subsample"": 0.8}",0.18486568331718445,"[[7, 13], [34, 106]]",valence,0.524020507627065,0.70625,0.7449047408063801,34,0.24285714285714285,,13,0.65,0.07389162561576357,0.5450366993067388,0.08116650204413252,subject_dependent,xgb,0.17073170731707318,0.8907563025210085,0.9315266092272129,0.5307440049190408,0.70625,0.8007532281205165,0.5535714285714286,0.70625,0.70625,0.6321428571428571,7,0.35,106,0.7571428571428571,0.75,0.42857142857142855,"[[0, 1], [1, 6]]",0.42857142857142855,0.75,0.75,1,0.14285714285714285,1,1.0,-0.1428571428571428,-0.14285714285714285,0.0,0.8571428571428571,0.42857142857142855,0.75,0.75,0.42857142857142855,0.75,0.75,0,0.0,6,0.8571428571428571
0.71875,0.6208333333333333,"{""clf__colsample_bytree"": 0.8, ""clf__learning_rate"": 0.05, ""clf__max_depth"": 3, ""clf__n_estimators"": 400, ""clf__subsample"": 0.8}",0.20131221413612366,"[[17, 23], [22, 98]]",valence,0.6218288775670991,0.71875,0.7175534429329271,22,0.18333333333333332,,23,0.575,0.24369747899159666,0.5897628276156913,0.2437319044019946,subject_dependent,xgb,0.4358974358974359,0.8099173553719008,0.84736813477138,0.6229073956346683,0.71875,0.7164123755032845,0.6208333333333333,0.71875,0.71875,0.655,17,0.425,98,0.8166666666666667,0.875,0.75,"[[1, 1], [0, 6]]",0.7948717948717949,0.875,0.8589743589743589,0,0.0,1,0.5,0.6,0.6546536707079772,1.0,0.8571428571428571,0.9285714285714286,0.875,0.8928571428571428,0.75,0.875,0.875,1,0.5,6,1.0
0.7125,0.6,"{""clf__colsample_bytree"": 0.8, ""clf__learning_rate"": 0.05, ""clf__max_depth"": 3, ""clf__n_estimators"": 200, ""clf__subsample"": 1.0}",0.1736520230770111,"[[9, 11], [35, 105]]",valence,0.55078125,0.7125,0.7529296875,35,0.25,,11,0.55,0.13207547169811318,0.5222005795764051,0.14813363449166972,subject_dependent,xgb,0.20454545454545456,0.9051724137931034,0.9583716225679908,0.554858934169279,0.7125,0.8175940438871473,0.6,0.7125,0.7125,0.7625000000000001,9,0.45,105,0.75,0.625,0.35714285714285715,"[[0, 1], [2, 5]]",0.38461538461538464,0.625,0.6730769230769231,2,0.2857142857142857,1,1.0,-0.19999999999999996,-0.2182178902359924,0.0,0.8333333333333334,0.4166666666666667,0.625,0.7291666666666667,0.35714285714285715,0.625,0.625,0,0.0,5,0.7142857142857143
0.65,0.56,"{""clf__colsample_bytree"": 1.0, ""clf__learning_rate"": 0.05, ""clf__max_depth"": 3, ""clf__n_estimators"": 200, ""clf__subsample"": 1.0}",0.25961747765541077,"[[12, 48], [8, 92]]",valence,0.5333333333333333,0.65,0.5916666666666667,8,0.08,,48,0.8,0.1384615384615384,0.8029418957837638,0.17566201313073598,subject_dependent,xgb,0.6,0.6571428571428571,0.6435915185647785,0.6285714285714286,0.65,0.6357142857142857,0.56,0.65,0.65,0.5569999999999999,12,0.2,92,0.92,0.75,0.6666666666666666,"[[1, 2], [0, 5]]",0.6666666666666667,0.75,0.7083333333333334,0,0.0,2,0.6666666666666666,0.3846153846153846,0.4879500364742666,1.0,0.7142857142857143,0.8571428571428572,0.75,0.8214285714285714,0.6666666666666666,0.75,0.75,1,0.3333333333333333,5,1.0
0.51875,0.51875,"{""clf__colsample_bytree"": 1.0, ""clf__learning_rate"": 0.1, ""clf__max_depth"": 5, ""clf__n_estimators"": 400, ""clf__subsample"": 1.0}",0.40349969267845154,"[[23, 57], [20, 60]]",valence,0.49156039783748096,0.51875,0.49156039783748096,20,0.25,,57,0.7125,0.03749999999999998,1.633009800815523,0.042295493443781355,subject_dependent,xgb,0.5348837209302325,0.5128205128205128,0.526689168519354,0.5238521168753727,0.51875,0.5238521168753726,0.51875,0.51875,0.51875,0.5065625,23,0.2875,60,0.75,0.5,0.5,"[[1, 3], [1, 3]]",0.4666666666666667,0.5,0.4666666666666667,1,0.25,3,0.75,0.0,0.0,0.5,0.5,0.5,0.5,0.5,0.5,0.5,0.5,1,0.25,3,0.75
0.54375,0.54375,"{""clf__colsample_bytree"": 1.0, ""clf__learning_rate"": 0.1, ""clf__max_depth"": 3, ""clf__n_estimators"": 400, ""clf__subsample"": 1.0}",0.3642857074737549,"[[29, 51], [22, 58]]",valence,0.5282523526798336,0.54375,0.5282523526798336,22,0.275,,51,0.6375,0.08750000000000002,1.1945748584378357,0.09388575498075973,subject_dependent,xgb,0.5686274509803921,0.5321100917431193,0.5841190211180526,0.5503687713617558,0.54375,0.5503687713617558,0.54375,0.54375,0.54375,0.549375,29,0.3625,58,0.725,0.5,0.5,"[[1, 3], [1, 3]]",0.4666666666666667,0.5,0.4666666666666667,1,0.25,3,0.75,0.0,0.0,0.5,0.5,0.5,0.5,0.5,0.5,0.5,0.5,1,0.25,3,0.75
0.68125,0.68125,"{""clf__colsample_bytree"": 0.8, ""clf__learning_rate"": 0.05, ""clf__max_depth"": 3, ""clf__n_estimators"": 200, ""clf__subsample"": 0.8}",0.19725283980369568,"[[45, 35], [16, 64]]",valence,0.6766908356115535,0.68125,0.6766908356115536,16,0.2,,35,0.4375,0.36250000000000004,0.5785358690101463,0.37317752763305506,subject_dependent,xgb,0.7377049180327869,0.6464646464646465,0.7974655949976965,0.6920847822487167,0.68125,0.6920847822487167,0.68125,0.68125,0.68125,0.78734375,45,0.5625,64,0.8,0.75,0.75,"[[2, 2], [0, 4]]",0.7333333333333334,0.75,0.7333333333333334,0,0.0,2,0.5,0.5,0.5773502691896258,1.0,0.6666666666666666,0.8333333333333333,0.75,0.8333333333333333,0.75,0.75,0.75,2,0.5,4,1.0
0.60625,0.60625,"{""clf__colsample_bytree"": 1.0, ""clf__learning_rate"": 0.1, ""clf__max_depth"": 3, ""clf__n_estimators"": 200, ""clf__subsample"": 1.0}",0.295615017414093,"[[38, 42], [21, 59]]",valence,0.5993481457927581,0.60625,0.5993481457927581,21,0.2625,,42,0.525,0.21250000000000002,0.914144340405793,0.22022277390405753,subject_dependent,xgb,0.6440677966101694,0.5841584158415841,0.5097226492623655,0.6141131062258768,0.60625,0.6141131062258769,0.60625,0.60625,0.60625,0.5667187499999999,38,0.475,59,0.7375,0.75,0.75,"[[2, 2], [0, 4]]",0.7333333333333334,0.75,0.7333333333333334,0,0.0,2,0.5,0.5,0.5773502691896258,1.0,0.6666666666666666,0.8333333333333333,0.75,0.8333333333333333,0.75,0.75,0.75,2,0.5,4,1.0
0.59375,0.5583333333333333,"{""clf__colsample_bytree"": 0.8, ""clf__learning_rate"": 0.05, ""clf__max_depth"": 5, ""clf__n_estimators"": 400, ""clf__subsample"": 0.8}",0.2769002616405487,"[[25, 35], [30, 70]]",valence,0.5588547189819725,0.59375,0.5898727465535525,30,0.3,,35,0.5833333333333334,0.11864406779661019,0.8317036969660088,0.11891767800211261,subject_dependent,xgb,0.45454545454545453,0.6666666666666666,0.8004030396463659,0.5606060606060606,0.59375,0.5871212121212122,0.5583333333333333,0.59375,0.59375,0.6805,25,0.4166666666666667,70,0.7,0.625,0.5666666666666667,"[[1, 2], [1, 4]]",0.5636363636363637,0.625,0.6045454545454546,1,0.2,2,0.6666666666666666,0.1428571428571429,0.14907119849998599,0.5,0.6666666666666666,0.5833333333333333,0.625,0.6041666666666666,0.5666666666666667,0.625,0.625,1,0.3333333333333333,4,0.8
0.58125,0.58125,"{""clf__colsample_bytree"": 1.0, ""clf__learning_rate"": 0.1, ""clf__max_depth"": 3, ""clf__n_estimators"": 200, ""clf__subsample"": 1.0}",0.2647806406021118,"[[34, 46], [21, 59]]",valence,0.5707707707707708,0.58125,0.5707707707707708,21,0.2625,,46,0.575,0.16249999999999998,0.8013385104547346,0.17106744068953994,subject_dependent,xgb,0.6181818181818182,0.5619047619047619,0.6690948848163607,0.59004329004329,0.58125,0.59004329004329,0.58125,0.58125,0.58125,0.6657812500000001,34,0.425,59,0.7375,0.5,0.5,"[[1, 3], [1, 3]]",0.4666666666666667,0.5,0.4666666666666667,1,0.25,3,0.75,0.0,0.0,0.5,0.5,0.5,0.5,0.5,0.5,0.5,0.5,1,0.25,3,0.75
0.59375,0.5983333333333334,"{""clf__colsample_bytree"": 0.8, ""clf__learning_rate"": 0.05, ""clf__max_depth"": 5, ""clf__n_estimators"": 200, ""clf__subsample"": 1.0}",0.2712346017360687,"[[37, 23], [42, 58]]",valence,0.5866290393099884,0.59375,0.6001927739576296,42,0.42,,23,0.38333333333333336,0.1849529780564263,0.7701337268832423,0.19043655962596379,subject_dependent,xgb,0.46835443037974683,0.7160493827160493,0.7606955681956604,0.5922019065478981,0.59375,0.623163775589936,0.5983333333333334,0.59375,0.59375,0.6541666666666667,37,0.6166666666666667,58,0.58,0.625,0.6333333333333333,"[[2, 1], [2, 3]]",0.6190476190476191,0.625,0.6309523809523809,2,0.4,1,0.3333333333333333,0.25,0.2581988897471611,0.5,0.75,0.625,0.625,0.65625,0.6333333333333333,0.625,0.625,2,0.6666666666666666,3,0.6
0.70625,0.4708333333333333,"{""clf__colsample_bytree"": 1.0, ""clf__learning_rate"": 0.05, ""clf__max_depth"": 5, ""clf__n_estimators"": 200, ""clf__subsample"": 1.0}",0.28219589591026306,"[[0, 40], [7, 113]]",valence,0.4139194139194139,0.70625,0.6208791208791208,7,0.058333333333333334,,40,1.0,-0.08045977011494254,1.3443795674233505,-0.12349309560582473,subject_dependent,xgb,0.0,0.738562091503268,0.5948033520619198,0.369281045751634,0.70625,0.553921568627451,0.4708333333333333,0.70625,0.70625,0.170625,0,0.0,113,0.9416666666666667,0.75,0.5,"[[0, 2], [0, 6]]",0.42857142857142855,0.75,0.6428571428571428,0,0.0,2,1.0,0.0,0.0,0.0,0.75,0.375,0.75,0.5625,0.5,0.75,0.75,0,0.0,6,1.0
0.64375,0.525,"{""clf__colsample_bytree"": 1.0, ""clf__learning_rate"": 0.05, ""clf__max_depth"": 3, ""clf__n_estimators"": 200, ""clf__subsample"": 1.0}",0.319824755191803,"[[3, 57], [0, 100]]",valence,0.4367241059848064,0.64375,0.5220956086714842,0,0.0,,57,0.95,0.06172839506172845,1.3444062771087157,0.17845765256206242,subject_dependent,xgb,1.0,0.6369426751592356,0.5714804278040493,0.8184713375796178,0.64375,0.7730891719745223,0.525,0.64375,0.64375,0.4553333333333333,3,0.05,100,1.0,0.625,0.5,"[[0, 3], [0, 5]]",0.38461538461538464,0.625,0.4807692307692308,0,0.0,3,1.0,0.0,0.0,0.0,0.625,0.3125,0.625,0.390625,0.5,0.625,0.625,0,0.0,5,1.0
0.625,0.5033333333333333,"{""clf__colsample_bytree"": 0.8, ""clf__learning_rate"": 0.1, ""clf__max_depth"": 3, ""clf__n_estimators"": 200, ""clf__subsample"": 0.8}",0.35317176580429077,"[[1, 59], [1, 99]]",valence,0.39984996249062266,0.625,0.49174793698424607,1,0.01,,59,0.9833333333333333,0.008264462809917328,1.7662996092793375,0.029049644688706338,subject_dependent,xgb,0.5,0.6265822784810127,0.6760220626080843,0.5632911392405063,0.625,0.5791139240506329,0.5033333333333333,0.625,0.625,0.5326666666666666,1,0.016666666666666666,99,0.99,0.625,0.5,"[[0, 3], [0, 5]]",0.38461538461538464,0.625,0.4807692307692308,0,0.0,3,1.0,0.0,0.0,0.0,0.625,0.3125,0.625,0.390625,0.5,0.625,0.625,0,0.0,5,1.0
0.58125,0.4716666666666667,"{""clf__colsample_bytree"": 1.0, ""clf__learning_rate"": 0.05, ""clf__max_depth"": 5, ""clf__n_estimators"": 200, ""clf__subsample"": 1.0}",0.373665988445282,"[[2, 58], [9, 91]]",valence,0.3936308614740653,0.58125,0.47795406980032806,9,0.09,,58,0.9666666666666667,-0.06772908366533859,1.6611103643804532,-0.10842110147507325,subject_dependent,xgb,0.18181818181818182,0.610738255033557,0.6586459138334977,0.3962782184258694,0.58125,0.4498932275777913,0.4716666666666667,0.58125,0.58125,0.497,2,0.03333333333333333,91,0.91,0.625,0.5,"[[0, 3], [0, 5]]",0.38461538461538464,0.625,0.4807692307692308,0,0.0,3,1.0,0.0,0.0,0.0,0.625,0.3125,0.625,0.390625,0.5,0.625,0.625,0,0.0,5,1.0
0.75,0.5416666666666667,"{""clf__colsample_bytree"": 1.0, ""clf__learning_rate"": 0.1, ""clf__max_depth"": 3, ""clf__n_estimators"": 400, ""clf__subsample"": 0.8}",0.22108860313892365,"[[5, 35], [5, 115]]",valence,0.5259259259259259,0.75,0.6888888888888889,5,0.041666666666666664,,35,0.875,0.11111111111111116,0.9584902896598434,0.14907119849998596,subject_dependent,xgb,0.5,0.7666666666666667,0.7376330022098905,0.6333333333333333,0.75,0.7,0.5416666666666667,0.75,0.75,0.5077083333333333,5,0.125,115,0.9583333333333334,0.75,0.5,"[[0, 2], [0, 6]]",0.42857142857142855,0.75,0.6428571428571428,0,0.0,2,1.0,0.0,0.0,0.0,0.75,0.375,0.75,0.5625,0.5,0.75,0.75,0,0.0,6,1.0
0.575,0.5866666666666667,"{""clf__colsample_bytree"": 1.0, ""clf__learning_rate"": 0.1, ""clf__max_depth"": 3, ""clf__n_estimators"": 200, ""clf__subsample"": 0.8}",0.2516137957572937,"[[54, 46], [22, 38]]",valence,0.5707070707070707,0.575,0.5814393939393939,22,0.36666666666666664,,46,0.46,0.16049382716049387,0.7028450037473293,0.16803945910472096,subject_dependent,xgb,0.7105263157894737,0.4523809523809524,0.5158844660001907,0.581453634085213,0.575,0.6137218045112782,0.5866666666666667,0.575,0.575,0.6325000000000001,54,0.54,38,0.6333333333333333,0.625,0.7,"[[2, 3], [0, 3]]",0.6190476190476191,0.625,0.6071428571428571,0,0.0,3,0.6,0.33333333333333337,0.4472135954999579,1.0,0.5,0.75,0.625,0.8125,0.7,0.625,0.625,2,0.4,3,1.0
0.45,0.5,"{""clf__colsample_bytree"": 1.0, ""clf__learning_rate"": 0.1, ""clf__max_depth"": 5, ""clf__n_estimators"": 400, ""clf__subsample"": 0.8}",0.39573389291763306,"[[48, 72], [16, 24]]",valence,0.4373401534526854,0.45,0.479539641943734,16,0.4,,72,0.6,0.0,1.2135458279296536,0.0,subject_dependent,xgb,0.75,0.25,0.33383169592618644,0.5,0.45,0.625,0.5,0.45,0.45,0.5085416666666667,48,0.4,24,0.6,0.375,0.41666666666666663,"[[2, 4], [1, 1]]",0.36507936507936506,0.375,0.40476190476190477,1,0.5,4,0.6666666666666666,-0.11111111111111116,-0.14907119849998599,0.6666666666666666,0.2,0.43333333333333335,0.375,0.55,0.41666666666666663,0.375,0.375,2,0.3333333333333333,1,0.5
0.6,0.5900000000000001,"{""clf__colsample_bytree"": 0.8, ""clf__learning_rate"": 0.1, ""clf__max_depth"": 3, ""clf__n_estimators"": 400, ""clf__subsample"": 0.8}",0.2630729079246521,"[[63, 37], [27, 33]]",valence,0.5854251012145748,0.6,0.6048582995951417,27,0.45,,37,0.37,0.17419354838709677,0.7480300504861361,0.17566201313073596,subject_dependent,xgb,0.7,0.4714285714285714,0.5397972769861058,0.5857142857142856,0.6,0.6142857142857142,0.5900000000000001,0.6,0.6,0.6251666666666666,63,0.63,33,0.55,0.875,0.8333333333333333,"[[5, 0], [1, 2]]",0.8545454545454545,0.875,0.8681818181818182,1,0.3333333333333333,0,0.0,0.7142857142857143,0.7453559924999299,0.8333333333333334,1.0,0.9166666666666667,0.875,0.8958333333333334,0.8333333333333333,0.875,0.875,5,1.0,2,0.6666666666666666
0.5625,0.5766666666666667,"{""clf__colsample_bytree"": 0.8, ""clf__learning_rate"": 0.05, ""clf__max_depth"": 3, ""clf__n_estimators"": 200, ""clf__subsample"": 1.0}",0.2712242007255554,"[[38, 22], [48, 52]]",valence,0.5591245473153834,0.5625,0.5687686978428594,48,0.48,,22,0.36666666666666664,0.14110429447852757,0.7478963581981283,0.14888368748425912,subject_dependent,xgb,0.4418604651162791,0.7027027027027027,0.7023081995227214,0.5722815839094909,0.5625,0.6048868636077939,0.5766666666666667,0.5625,0.5625,0.5623333333333334,38,0.6333333333333333,52,0.52,0.5,0.6,"[[3, 0], [4, 1]]",0.4666666666666667,0.5,0.4333333333333333,4,0.8,0,0.0,0.1578947368421053,0.29277002188455997,0.42857142857142855,1.0,0.7142857142857143,0.5,0.7857142857142857,0.6,0.5,0.5,3,1.0,1,0.2
0.44375,0.4883333333333333,"{""clf__colsample_bytree"": 1.0, ""clf__learning_rate"": 0.05, ""clf__max_depth"": 3, ""clf__n_estimators"": 400, ""clf__subsample"": 0.8}",0.3452962040901184,"[[40, 20], [69, 31]]",valence,0.4419844037775775,0.44375,0.43413730945569967,69,0.69,,20,0.3333333333333333,-0.02005730659025784,0.981308270012104,-0.02424119769910616,subject_dependent,xgb,0.3669724770642202,0.6078431372549019,0.6455305565500493,0.48740780715956106,0.44375,0.5175166396833963,0.4883333333333333,0.44375,0.44375,0.49650000000000005,40,0.6666666666666666,31,0.31,0.5,0.6,"[[3, 0], [4, 1]]",0.4666666666666667,0.5,0.4333333333333333,4,0.8,0,0.0,0.1578947368421053,0.29277002188455997,0.42857142857142855,1.0,0.7142857142857143,0.5,0.7857142857142857,0.6,0.5,0.5,3,1.0,1,0.2
0.66875,0.6375,"{""clf__colsample_bytree"": 1.0, ""clf__learning_rate"": 0.1, ""clf__max_depth"": 3, ""clf__n_estimators"": 400, ""clf__subsample"": 1.0}",0.22521421313285828,"[[23, 17], [36, 84]]",valence,0.6124137300607888,0.66875,0.686297362767951,36,0.3,,17,0.425,0.237410071942446,0.6863624897034639,0.2468121980730231,subject_dependent,xgb,0.3898305084745763,0.8316831683168316,0.8124276356625483,0.6107568383957039,0.66875,0.7212200033562677,0.6375,0.66875,0.66875,0.6624999999999999,23,0.575,84,0.7,1.0,1.0,"[[2, 0], [0, 6]]",1.0,1.0,1.0,0,0.0,0,0.0,1.0,1.0,1.0,1.0,1.0,1.0,1.0,1.0,1.0,1.0,2,1.0,6,1.0
0.5375,0.5,"{""clf__colsample_bytree"": 0.8, ""clf__learning_rate"": 0.05, ""clf__max_depth"": 3, ""clf__n_estimators"": 400, ""clf__subsample"": 1.0}",0.31222671270370483,"[[21, 39], [35, 65]]",valence,0.4996619337390128,0.5375,0.5340601757944556,35,0.35,,39,0.65,0.0,0.8983889795696332,0.0,subject_dependent,xgb,0.375,0.625,0.5767897531829826,0.5,0.5375,0.53125,0.5,0.5375,0.5375,0.44966666666666666,21,0.35,65,0.65,0.625,0.5666666666666667,"[[1, 2], [1, 4]]",0.5636363636363637,0.625,0.6045454545454546,1,0.2,2,0.6666666666666666,0.1428571428571429,0.14907119849998599,0.5,0.6666666666666666,0.5833333333333333,0.625,0.6041666666666666,0.5666666666666667,0.625,0.625,1,0.3333333333333333,4,0.8
0.4875,0.36666666666666664,"{""clf__colsample_bytree"": 0.8, ""clf__learning_rate"": 0.1, ""clf__max_depth"": 3, ""clf__n_estimators"": 200, ""clf__subsample"": 1.0}",0.3505086600780487,"[[5, 35], [47, 73]]",valence,0.37452326468344777,0.4875,0.507437070938215,47,0.39166666666666666,,35,0.875,-0.24242424242424243,1.0181869668850887,-0.24653342054454627,subject_dependent,xgb,0.09615384615384616,0.6759259259259259,0.6733444811409318,0.38603988603988604,0.4875,0.530982905982906,0.36666666666666664,0.4875,0.4875,0.308125,5,0.125,73,0.6083333333333333,0.625,0.4166666666666667,"[[0, 2], [1, 5]]",0.38461538461538464,0.625,0.576923076923077,1,0.16666666666666666,2,1.0,-0.19999999999999996,-0.2182178902359924,0.0,0.7142857142857143,0.35714285714285715,0.625,0.5357142857142857,0.4166666666666667,0.625,0.625,0,0.0,5,0.8333333333333334
0.63125,0.5791666666666666,"{""clf__colsample_bytree"": 1.0, ""clf__learning_rate"": 0.1, ""clf__max_depth"": 3, ""clf__n_estimators"": 200, ""clf__subsample"": 1.0}",0.2547338604927063,"[[19, 21], [38, 82]]",valence,0.5635892931440988,0.63125,0.6495076510563543,38,0.31666666666666665,,21,0.525,0.13868613138686137,0.7334319021717205,0.14316502498766773,subject_dependent,xgb,0.3333333333333333,0.7961165048543689,0.8242901052751953,0.5647249190938511,0.63125,0.6804207119741099,0.5791666666666666,0.63125,0.63125,0.5958333333333333,19,0.475,82,0.6833333333333333,0.875,0.75,"[[1, 1], [0, 6]]",0.7948717948717949,0.875,0.8589743589743589,0,0.0,1,0.5,0.6,0.6546536707079772,1.0,0.8571428571428571,0.9285714285714286,0.875,0.8928571428571428,0.75,0.875,0.875,1,0.5,6,1.0
0.6375,0.4285714285714286,"{""clf__colsample_bytree"": 0.8, ""clf__learning_rate"": 0.1, ""clf__max_depth"": 5, ""clf__n_estimators"": 400, ""clf__subsample"": 1.0}",0.2709609866142273,"[[3, 17], [41, 99]]",valence,0.43359375,0.6375,0.6884765625,41,0.29285714285714287,,17,0.85,-0.09433962264150941,0.8676305358506184,-0.10580973892262123,subject_dependent,xgb,0.06818181818181818,0.853448275862069,0.8695264567511205,0.46081504702194354,0.6375,0.7552899686520376,0.4285714285714286,0.6375,0.6375,0.4235714285714286,3,0.15,99,0.7071428571428572,0.75,0.42857142857142855,"[[0, 1], [1, 6]]",0.42857142857142855,0.75,0.75,1,0.14285714285714285,1,1.0,-0.1428571428571428,-0.14285714285714285,0.0,0.8571428571428571,0.42857142857142855,0.75,0.75,0.42857142857142855,0.75,0.75,0,0.0,6,0.8571428571428571
0.6375,0.5333333333333333,"{""clf__colsample_bytree"": 1.0, ""clf__learning_rate"": 0.1, ""clf__max_depth"": 5, ""clf__n_estimators"": 400, ""clf__subsample"": 0.8}",0.2752293646335602,"[[13, 27], [31, 89]]",valence,0.5318805488297014,0.6375,0.6430589184826473,31,0.25833333333333336,,27,0.675,0.06451612903225812,0.8828398523858185,0.06465081838352359,subject_dependent,xgb,0.29545454545454547,0.7672413793103449,0.7829758517900809,0.5313479623824452,0.6375,0.6492946708463949,0.5333333333333333,0.6375,0.6375,0.5354166666666668,13,0.325,89,0.7416666666666667,0.75,0.5,"[[0, 2], [0, 6]]",0.42857142857142855,0.75,0.6428571428571428,0,0.0,2,1.0,0.0,0.0,0.0,0.75,0.375,0.75,0.5625,0.5,0.75,0.75,0,0.0,6,1.0
0.5875,0.5066666666666666,"{""clf__colsample_bytree"": 0.8, ""clf__learning_rate"": 0.1, ""clf__max_depth"": 3, ""clf__n_estimators"": 200, ""clf__subsample"": 1.0}",0.26426467299461365,"[[11, 49], [17, 83]]",valence,0.4827586206896552,0.5875,0.540948275862069,17,0.17,,49,0.8166666666666667,0.014925373134328401,0.7560333774870361,0.01698823971458752,subject_dependent,xgb,0.39285714285714285,0.6287878787878788,0.6988977272178081,0.5108225108225108,0.5875,0.5403138528138528,0.5066666666666666,0.5875,0.5875,0.5670000000000001,11,0.18333333333333332,83,0.83,0.625,0.5,"[[0, 3], [0, 5]]",0.38461538461538464,0.625,0.4807692307692308,0,0.0,3,1.0,0.0,0.0,0.0,0.625,0.3125,0.625,0.390625,0.5,0.625,0.625,0,0.0,5,1.0
0.6375,0.4916666666666667,"{""clf__colsample_bytree"": 1.0, ""clf__learning_rate"": 0.05, ""clf__max_depth"": 5, ""clf__n_estimators"": 200, ""clf__subsample"": 0.8}",0.23730382323265076,"[[8, 32], [26, 94]]",valence,0.4902219292463195,0.6375,0.6272247857613712,26,0.21666666666666667,,32,0.8,-0.01754385964912286,0.6960176092155418,-0.017641870800832106,subject_dependent,xgb,0.23529411764705882,0.746031746031746,0.7839257865713839,0.49066293183940246,0.6375,0.6183473389355741,0.4916666666666667,0.6375,0.6375,0.5322916666666666,8,0.2,94,0.7833333333333333,0.75,0.5,"[[0, 2], [0, 6]]",0.42857142857142855,0.75,0.6428571428571428,0,0.0,2,1.0,0.0,0.0,0.0,0.75,0.375,0.75,0.5625,0.5,0.75,0.75,0,0.0,6,1.0
0.70625,0.5458333333333334,"{""clf__colsample_bytree"": 0.8, ""clf__learning_rate"": 0.05, ""clf__max_depth"": 3, ""clf__n_estimators"": 200, ""clf__subsample"": 0.8}",0.19162419438362122,"[[9, 31], [16, 104]]",valence,0.5463046757164405,0.70625,0.6809954751131222,16,0.13333333333333333,,31,0.775,0.10476190476190472,0.5695634584002612,0.10931887889998972,subject_dependent,xgb,0.36,0.7703703703703704,0.8273813564256199,0.5651851851851852,0.70625,0.6677777777777777,0.5458333333333334,0.70625,0.70625,0.6291666666666667,9,0.225,104,0.8666666666666667,0.75,0.5,"[[0, 2], [0, 6]]",0.42857142857142855,0.75,0.6428571428571428,0,0.0,2,1.0,0.0,0.0,0.0,0.75,0.375,0.75,0.5625,0.5,0.75,0.75,0,0.0,6,1.0
0.59375,0.5216666666666667,"{""clf__colsample_bytree"": 1.0, ""clf__learning_rate"": 0.1, ""clf__max_depth"": 5, ""clf__n_estimators"": 400, ""clf__subsample"": 1.0}",0.3103957176208496,"[[14, 46], [19, 81]]",valence,0.5073658282412012,0.59375,0.5589384680972005,19,0.19,,46,0.7666666666666667,0.04761904761904767,1.14669899941723,0.05184882183903123,subject_dependent,xgb,0.42424242424242425,0.6377952755905512,0.6341424456008629,0.5310188499164877,0.59375,0.5577129563350036,0.5216666666666667,0.59375,0.59375,0.5328333333333334,14,0.23333333333333334,81,0.81,0.625,0.5,"[[0, 3], [0, 5]]",0.38461538461538464,0.625,0.4807692307692308,0,0.0,3,1.0,0.0,0.0,0.0,0.625,0.3125,0.625,0.390625,0.5,0.625,0.625,0,0.0,5,1.0
0.625,0.5066666666666667,"{""clf__colsample_bytree"": 0.8, ""clf__learning_rate"": 0.05, ""clf__max_depth"": 5, ""clf__n_estimators"": 200, ""clf__subsample"": 1.0}",0.3413379490375519,"[[2, 58], [2, 98]]",valence,0.4140625,0.625,0.501953125,2,0.02,,58,0.9666666666666667,0.016393442622950838,1.5100761902154642,0.04134491152973615,subject_dependent,xgb,0.5,0.6282051282051282,0.627784810215192,0.5641025641025641,0.625,0.5801282051282051,0.5066666666666667,0.625,0.625,0.4756666666666667,2,0.03333333333333333,98,0.98,0.625,0.5,"[[0, 3], [0, 5]]",0.38461538461538464,0.625,0.4807692307692308,0,0.0,3,1.0,0.0,0.0,0.0,0.625,0.3125,0.625,0.390625,0.5,0.625,0.625,0,0.0,5,1.0
0.6,0.48333333333333334,"{""clf__colsample_bytree"": 0.8, ""clf__learning_rate"": 0.05, ""clf__max_depth"": 5, ""clf__n_estimators"": 200, ""clf__subsample"": 0.8}",0.36143267154693604,"[[1, 59], [5, 95]]",valence,0.3891672631830112,0.6,0.47888332140300643,5,0.05,,59,0.9833333333333333,-0.04065040650406515,1.4605062058149108,-0.0849411985729376,subject_dependent,xgb,0.16666666666666666,0.6168831168831169,0.6249018295760307,0.3917748917748918,0.6,0.44805194805194815,0.48333333333333334,0.6,0.6,0.45749999999999996,1,0.016666666666666666,95,0.95,0.625,0.5,"[[0, 3], [0, 5]]",0.38461538461538464,0.625,0.4807692307692308,0,0.0,3,1.0,0.0,0.0,0.0,0.625,0.3125,0.625,0.390625,0.5,0.625,0.625,0,0.0,5,1.0
0.9,0.9,"{""clf__colsample_bytree"": 0.8, ""clf__learning_rate"": 0.05, ""clf__max_depth"": 3, ""clf__n_estimators"": 200, ""clf__subsample"": 0.8}",,"[[0, 0], [16, 144]]",valence,0.47368421052631576,0.9,0.9473684210526315,,,,,,0.0,,0.0,subject_dependent,xgb,,,1.0,0.5,0.9,1.0,0.45,0.9,0.9,nan,,,,,1.0,1.0,[[8]],1.0,1.0,1.0,,,,,nan,0.0,,,1.0,1.0,1.0,1.0,1.0,1.0,,,,
0.7125,0.5166666666666666,"{""clf__colsample_bytree"": 1.0, ""clf__learning_rate"": 0.1, ""clf__max_depth"": 3, ""clf__n_estimators"": 400, ""clf__subsample"": 1.0}",0.2595278322696686,"[[5, 35], [11, 109]]",valence,0.5021645021645021,0.7125,0.663961038961039,11,0.09166666666666666,,35,0.875,0.04166666666666663,1.2976370338978434,0.048112522432468816,subject_dependent,xgb,0.3125,0.7569444444444444,0.7085057703320697,0.5347222222222222,0.7125,0.6458333333333333,0.5166666666666666,0.7125,0.7125,0.4045833333333333,5,0.125,109,0.9083333333333333,0.75,0.5,"[[0, 2], [0, 6]]",0.42857142857142855,0.75,0.6428571428571428,0,0.0,2,1.0,0.0,0.0,0.0,0.75,0.375,0.75,0.5625,0.5,0.75,0.75,0,0.0,6,1.0
0.85625,0.5321428571428571,"{""clf__colsample_bytree"": 0.8, ""clf__learning_rate"": 0.05, ""clf__max_depth"": 3, ""clf__n_estimators"": 200, ""clf__subsample"": 1.0}",0.1300041377544403,"[[2, 18], [5, 135]]",valence,0.534824927316395,0.85625,0.82483251169258,5,0.03571428571428571,,18,0.9,0.08910891089108908,0.44515017928310885,0.10394383930128556,subject_dependent,xgb,0.2857142857142857,0.8823529411764706,0.8912924667819453,0.5840336134453781,0.85625,0.8077731092436975,0.5321428571428571,0.85625,0.85625,0.5378571428571428,2,0.1,135,0.9642857142857143,0.875,0.5,"[[0, 1], [0, 7]]",0.4666666666666667,0.875,0.8166666666666667,0,0.0,1,1.0,0.0,0.0,0.0,0.875,0.4375,0.875,0.765625,0.5,0.875,0.875,0,0.0,7,1.0
0.575,0.52,"{""clf__colsample_bytree"": 1.0, ""clf__learning_rate"": 0.1, ""clf__max_depth"": 3, ""clf__n_estimators"": 200, ""clf__subsample"": 0.8}",0.29151925444602966,"[[18, 42], [26, 74]]",valence,0.5156695156695157,0.575,0.5580484330484331,26,0.26,,42,0.7,0.04225352112676062,0.9648704949327769,0.04336908741196555,subject_dependent,xgb,0.4090909090909091,0.6379310344827587,0.6422047288347256,0.5235109717868339,0.575,0.552115987460815,0.52,0.575,0.575,0.5506666666666667,18,0.3,74,0.74,0.75,0.6666666666666666,"[[1, 2], [0, 5]]",0.6666666666666667,0.75,0.7083333333333334,0,0.0,2,0.6666666666666666,0.3846153846153846,0.4879500364742666,1.0,0.7142857142857143,0.8571428571428572,0.75,0.8214285714285714,0.6666666666666666,0.75,0.75,1,0.3333333333333333,5,1.0
0.51875,0.51875,"{""clf__colsample_bytree"": 1.0, ""clf__learning_rate"": 0.1, ""clf__max_depth"": 5, ""clf__n_estimators"": 400, ""clf__subsample"": 0.8}",0.37361982464790344,"[[30, 50], [27, 53]]",valence,0.5085955885285789,0.51875,0.5085955885285788,27,0.3375,,50,0.625,0.03749999999999998,1.433222053792991,0.03915301533876448,subject_dependent,xgb,0.5263157894736842,0.5145631067961165,0.5025342532867987,0.5204394481349004,0.51875,0.5204394481349004,0.51875,0.51875,0.51875,0.5096875,30,0.375,53,0.6625,0.625,0.625,"[[1, 3], [0, 4]]",0.5636363636363637,0.625,0.5636363636363637,0,0.0,3,0.75,0.25,0.3779644730092272,1.0,0.5714285714285714,0.7857142857142857,0.625,0.7857142857142857,0.625,0.625,0.625,1,0.25,4,1.0
0.725,0.675,"{""clf__colsample_bytree"": 1.0, ""clf__learning_rate"": 0.05, ""clf__max_depth"": 3, ""clf__n_estimators"": 400, ""clf__subsample"": 1.0}",0.18696808815002441,"[[23, 17], [27, 93]]",valence,0.659903381642512,0.725,0.7342995169082125,27,0.225,,17,0.425,0.32307692307692304,0.5474401300968784,0.32696955654783966,subject_dependent,xgb,0.46,0.8454545454545455,0.9072592563333336,0.6527272727272727,0.725,0.7490909090909091,0.675,0.725,0.725,0.7477083333333334,23,0.575,93,0.775,0.75,0.6666666666666667,"[[1, 1], [1, 5]]",0.6666666666666667,0.75,0.75,1,0.16666666666666666,1,0.5,0.33333333333333337,0.3333333333333333,0.5,0.8333333333333334,0.6666666666666667,0.75,0.75,0.6666666666666667,0.75,0.75,1,0.5,5,0.8333333333333334
0.5125,0.5125,"{""clf__colsample_bytree"": 0.8, ""clf__learning_rate"": 0.05, ""clf__max_depth"": 5, ""clf__n_estimators"": 200, ""clf__subsample"": 1.0}",0.34188351035118103,"[[21, 59], [19, 61]]",valence,0.48,0.5125,0.48,19,0.2375,,59,0.7375,0.025000000000000022,1.0076123490206956,0.02886751345948129,subject_dependent,xgb,0.525,0.5083333333333333,0.6378580420135966,0.5166666666666666,0.5125,0.5166666666666666,0.5125,0.5125,0.5125,0.5645312499999999,21,0.2625,61,0.7625,0.625,0.625,"[[1, 3], [0, 4]]",0.5636363636363637,0.625,0.5636363636363637,0,0.0,3,0.75,0.25,0.3779644730092272,1.0,0.5714285714285714,0.7857142857142857,0.625,0.7857142857142857,0.625,0.625,0.625,1,0.25,4,1.0
0.6,0.56,"{""clf__colsample_bytree"": 0.8, ""clf__learning_rate"": 0.05, ""clf__max_depth"": 5, ""clf__n_estimators"": 200, ""clf__subsample"": 1.0}",0.2554781436920166,"[[24, 36], [28, 72]]",valence,0.5604395604395604,0.6,0.5934065934065933,28,0.28,,36,0.6,0.12328767123287676,0.7388921265109645,0.12403473458920845,subject_dependent,xgb,0.46153846153846156,0.6666666666666666,0.7500437650181175,0.5641025641025641,0.6,0.5897435897435896,0.56,0.6,0.6,0.6283333333333333,24,0.4,72,0.72,0.625,0.5,"[[0, 3], [0, 5]]",0.38461538461538464,0.625,0.4807692307692308,0,0.0,3,1.0,0.0,0.0,0.0,0.625,0.3125,0.625,0.390625,0.5,0.625,0.625,0,0.0,5,1.0
0.64375,0.575,"{""clf__colsample_bytree"": 0.8, ""clf__learning_rate"": 0.05, ""clf__max_depth"": 5, ""clf__n_estimators"": 200, ""clf__subsample"": 0.8}",0.24867911636829376,"[[18, 42], [15, 85]]",valence,0.5679977263038227,0.64375,0.6132229643313913,15,0.15,,42,0.7,0.1648351648351648,0.73056997474919,0.17947669098126195,subject_dependent,xgb,0.5454545454545454,0.6692913385826772,0.767231324963016,0.6073729420186114,0.64375,0.6228525411596278,0.575,0.64375,0.64375,0.6538333333333334,18,0.3,85,0.85,0.625,0.5,"[[0, 3], [0, 5]]",0.38461538461538464,0.625,0.4807692307692308,0,0.0,3,1.0,0.0,0.0,0.0,0.625,0.3125,0.625,0.390625,0.5,0.625,0.625,0,0.0,5,1.0
0.5,0.5533333333333333,"{""clf__colsample_bytree"": 1.0, ""clf__learning_rate"": 0.1, ""clf__max_depth"": 5, ""clf__n_estimators"": 200, ""clf__subsample"": 0.8}",0.3725166916847229,"[[34, 66], [14, 46]]",valence,0.497171590194846,0.5,0.48774355751099935,14,0.23333333333333334,,66,0.66,0.09090909090909094,1.2122539014124438,0.11268723396380222,subject_dependent,xgb,0.7083333333333334,0.4107142857142857,0.49702058547109845,0.5595238095238095,0.5,0.5967261904761905,0.5533333333333333,0.5,0.5,0.6198333333333333,34,0.34,46,0.7666666666666667,0.5,0.6,"[[1, 4], [0, 3]]",0.4666666666666667,0.5,0.4333333333333333,0,0.0,4,0.8,0.1578947368421053,0.29277002188455997,1.0,0.42857142857142855,0.7142857142857143,0.5,0.7857142857142857,0.6,0.5,0.5,1,0.2,3,1.0
0.55625,0.55625,"{""clf__colsample_bytree"": 0.8, ""clf__learning_rate"": 0.05, ""clf__max_depth"": 5, ""clf__n_estimators"": 200, ""clf__subsample"": 0.8}",0.28423771262168884,"[[27, 53], [18, 62]]",valence,0.5339487179487179,0.55625,0.5339487179487179,18,0.225,,53,0.6625,0.11250000000000004,0.8330239268272571,0.12510864843424485,subject_dependent,xgb,0.6,0.5391304347826087,0.6601132441959768,0.5695652173913044,0.55625,0.5695652173913043,0.55625,0.55625,0.55625,0.6439062499999999,27,0.3375,62,0.775,0.625,0.625,"[[1, 3], [0, 4]]",0.5636363636363637,0.625,0.5636363636363637,0,0.0,3,0.75,0.25,0.3779644730092272,1.0,0.5714285714285714,0.7857142857142857,0.625,0.7857142857142857,0.625,0.625,0.625,1,0.25,4,1.0
0.59375,0.5916666666666667,"{""clf__colsample_bytree"": 1.0, ""clf__learning_rate"": 0.1, ""clf__max_depth"": 3, ""clf__n_estimators"": 200, ""clf__subsample"": 0.8}",0.2747268080711365,"[[35, 25], [40, 60]]",valence,0.5835835835835836,0.59375,0.5998498498498499,40,0.4,,25,0.4166666666666667,0.17460317460317465,0.8013939502130201,0.17785945835997752,subject_dependent,xgb,0.4666666666666667,0.7058823529411765,0.692421314980612,0.5862745098039216,0.59375,0.6161764705882353,0.5916666666666667,0.59375,0.59375,0.6104999999999999,35,0.5833333333333334,60,0.6,0.75,0.7333333333333334,"[[2, 1], [1, 4]]",0.7333333333333334,0.75,0.75,1,0.2,1,0.3333333333333333,0.4666666666666667,0.4666666666666667,0.6666666666666666,0.8,0.7333333333333334,0.75,0.75,0.7333333333333334,0.75,0.75,2,0.6666666666666666,4,0.8
0.5625,0.5625,"{""clf__colsample_bytree"": 1.0, ""clf__learning_rate"": 0.05, ""clf__max_depth"": 3, ""clf__n_estimators"": 400, ""clf__subsample"": 1.0}",0.28971582651138306,"[[29, 51], [19, 61]]",valence,0.5442708333333333,0.5625,0.5442708333333333,19,0.2375,,51,0.6375,0.125,0.8276117986449393,0.13638618139749525,subject_dependent,xgb,0.6041666666666666,0.5446428571428571,0.6522059014020836,0.5744047619047619,0.5625,0.5744047619047619,0.5625,0.5625,0.5625,0.6209374999999999,29,0.3625,61,0.7625,0.5,0.5,"[[1, 3], [1, 3]]",0.4666666666666667,0.5,0.4666666666666667,1,0.25,3,0.75,0.0,0.0,0.5,0.5,0.5,0.5,0.5,0.5,0.5,0.5,1,0.25,3,0.75
0.625,0.55,"{""clf__colsample_bytree"": 1.0, ""clf__learning_rate"": 0.1, ""clf__max_depth"": 5, ""clf__n_estimators"": 400, ""clf__subsample"": 1.0}",0.27547287940979004,"[[16, 24], [36, 84]]",valence,0.5423340961098397,0.625,0.6395881006864989,36,0.3,,24,0.6,0.09090909090909094,0.8797553769611721,0.09245003270420486,subject_dependent,xgb,0.3076923076923077,0.7777777777777778,0.7709082361149346,0.5427350427350428,0.625,0.6602564102564102,0.55,0.625,0.625,0.5260416666666666,16,0.4,84,0.7,0.875,0.75,"[[1, 1], [0, 6]]",0.7948717948717949,0.875,0.8589743589743589,0,0.0,1,0.5,0.6,0.6546536707079772,1.0,0.8571428571428571,0.9285714285714286,0.875,0.8928571428571428,0.75,0.875,0.875,1,0.5,6,1.0
0.675,0.5083333333333333,"{""clf__colsample_bytree"": 0.8, ""clf__learning_rate"": 0.1, ""clf__max_depth"": 5, ""clf__n_estimators"": 400, ""clf__subsample"": 0.8}",0.24005499482154846,"[[7, 33], [19, 101]]",valence,0.5036984013361966,0.675,0.6494869959436889,19,0.15833333333333333,,33,0.825,0.018867924528301883,0.8212888862650694,0.019562767576168476,subject_dependent,xgb,0.2692307692307692,0.753731343283582,0.7647848005051292,0.5114810562571757,0.675,0.6326061997703789,0.5083333333333333,0.675,0.675,0.5216666666666667,7,0.175,101,0.8416666666666667,0.75,0.5,"[[0, 2], [0, 6]]",0.42857142857142855,0.75,0.6428571428571428,0,0.0,2,1.0,0.0,0.0,0.0,0.75,0.375,0.75,0.5625,0.5,0.75,0.75,0,0.0,6,1.0
0.7,0.5071428571428571,"{""clf__colsample_bytree"": 1.0, ""clf__learning_rate"": 0.1, ""clf__max_depth"": 3, ""clf__n_estimators"": 400, ""clf__subsample"": 0.8}",0.2063850462436676,"[[5, 15], [33, 107]]",valence,0.49460384311660965,0.7,0.7362463806264807,33,0.2357142857142857,,15,0.75,0.010309278350515427,0.6193265485041767,0.011102205505657683,subject_dependent,xgb,0.13157894736842105,0.8770491803278688,0.9047968091594061,0.5043140638481449,0.7,0.7838654012079378,0.5071428571428571,0.7,0.7,0.5528571428571428,5,0.25,107,0.7642857142857142,0.75,0.42857142857142855,"[[0, 1], [1, 6]]",0.42857142857142855,0.75,0.75,1,0.14285714285714285,1,1.0,-0.1428571428571428,-0.14285714285714285,0.0,0.8571428571428571,0.42857142857142855,0.75,0.75,0.42857142857142855,0.75,0.75,0,0.0,6,0.8571428571428571
0.54375,0.4291666666666667,"{""clf__colsample_bytree"": 0.8, ""clf__learning_rate"": 0.1, ""clf__max_depth"": 3, ""clf__n_estimators"": 400, ""clf__subsample"": 0.8}",0.31886211037635803,"[[8, 32], [41, 79]]",valence,0.4318789824407802,0.54375,0.5579308332117321,41,0.3416666666666667,,32,0.8,-0.13178294573643412,0.9971384778134196,-0.13308489448528923,subject_dependent,xgb,0.16326530612244897,0.7117117117117117,0.75015911629375,0.4374885089170803,0.54375,0.574600110314396,0.4291666666666667,0.54375,0.54375,0.4566666666666666,8,0.2,79,0.6583333333333333,0.625,0.4166666666666667,"[[0, 2], [1, 5]]",0.38461538461538464,0.625,0.576923076923077,1,0.16666666666666666,2,1.0,-0.19999999999999996,-0.2182178902359924,0.0,0.7142857142857143,0.35714285714285715,0.625,0.5357142857142857,0.4166666666666667,0.625,0.625,0,0.0,5,0.8333333333333334
0.675,0.5166666666666667,"{""clf__colsample_bytree"": 1.0, ""clf__learning_rate"": 0.05, ""clf__max_depth"": 5, ""clf__n_estimators"": 400, ""clf__subsample"": 1.0}",0.23123769462108612,"[[8, 32], [20, 100]]",valence,0.5144724556489262,0.675,0.6540616246498598,20,0.16666666666666666,,32,0.8,0.03703703703703709,0.732647182560241,0.037986858819879316,subject_dependent,xgb,0.2857142857142857,0.7575757575757576,0.7893618856272487,0.5216450216450217,0.675,0.6396103896103896,0.5166666666666667,0.675,0.675,0.5477083333333334,8,0.2,100,0.8333333333333334,0.75,0.5,"[[0, 2], [0, 6]]",0.42857142857142855,0.75,0.6428571428571428,0,0.0,2,1.0,0.0,0.0,0.0,0.75,0.375,0.75,0.5625,0.5,0.75,0.75,0,0.0,6,1.0
0.73125,0.48214285714285715,"{""clf__colsample_bytree"": 0.8, ""clf__learning_rate"": 0.05, ""clf__max_depth"": 3, ""clf__n_estimators"": 400, ""clf__subsample"": 0.8}",0.18747155368328094,"[[3, 17], [26, 114]]",valence,0.4818886964379848,0.73125,0.7514684840725958,26,0.18571428571428572,,17,0.85,-0.029940119760478945,0.5609697003195491,-0.0306610015820139,subject_dependent,xgb,0.10344827586206896,0.8702290076335878,0.9130193008403349,0.48683864174782837,0.73125,0.774381416162148,0.48214285714285715,0.73125,0.73125,0.5635714285714286,3,0.15,114,0.8142857142857143,0.75,0.42857142857142855,"[[0, 1], [1, 6]]",0.42857142857142855,0.75,0.75,1,0.14285714285714285,1,1.0,-0.1428571428571428,-0.14285714285714285,0.0,0.8571428571428571,0.42857142857142855,0.75,0.75,0.42857142857142855,0.75,0.75,0,0.0,6,0.8571428571428571
0.66875,0.5716666666666667,"{""clf__colsample_bytree"": 1.0, ""clf__learning_rate"": 0.05, ""clf__max_depth"": 5, ""clf__n_estimators"": 400, ""clf__subsample"": 0.8}",0.25682172179222107,"[[11, 49], [4, 96]]",valence,0.5385034013605442,0.66875,0.5997959183673469,4,0.04,,49,0.8166666666666667,0.1686274509803921,0.8721494232789206,0.2380637089140546,subject_dependent,xgb,0.7333333333333333,0.6620689655172414,0.7583601577084379,0.6977011494252874,0.66875,0.6887931034482759,0.5716666666666667,0.66875,0.66875,0.663,11,0.18333333333333332,96,0.96,0.625,0.5,"[[0, 3], [0, 5]]",0.38461538461538464,0.625,0.4807692307692308,0,0.0,3,1.0,0.0,0.0,0.0,0.625,0.3125,0.625,0.390625,0.5,0.625,0.625,0,0.0,5,1.0
0.71875,0.47500000000000003,"{""clf__colsample_bytree"": 1.0, ""clf__learning_rate"": 0.1, ""clf__max_depth"": 5, ""clf__n_estimators"": 200, ""clf__subsample"": 1.0}",0.20955291390419006,"[[3, 17], [28, 112]]",valence,0.4751804067351848,0.71875,0.7433304176689264,28,0.2,,17,0.85,-0.040462427745664664,0.656504589651159,-0.04183823143253489,subject_dependent,xgb,0.0967741935483871,0.8682170542635659,0.8747589945950623,0.4824956239059765,0.71875,0.7717866966741685,0.47500000000000003,0.71875,0.71875,0.40321428571428575,3,0.15,112,0.8,0.875,0.5,"[[0, 1], [0, 7]]",0.4666666666666667,0.875,0.8166666666666667,0,0.0,1,1.0,0.0,0.0,0.0,0.875,0.4375,0.875,0.765625,0.5,0.875,0.875,0,0.0,7,1.0
0.55,0.55,"{""clf__colsample_bytree"": 0.8, ""clf__learning_rate"": 0.05, ""clf__max_depth"": 5, ""clf__n_estimators"": 200, ""clf__subsample"": 1.0}",0.36265403032302856,"[[10, 70], [2, 78]]",valence,0.45080091533180777,0.55,0.45080091533180777,2,0.025,,70,0.875,0.09999999999999998,1.3476946597729758,0.1898315991504998,subject_dependent,xgb,0.8333333333333334,0.527027027027027,0.6418078265804059,0.6801801801801801,0.55,0.6801801801801802,0.55,0.55,0.55,0.64859375,10,0.125,78,0.975,0.5,0.5,"[[0, 4], [0, 4]]",0.3333333333333333,0.5,0.3333333333333333,0,0.0,4,1.0,0.0,0.0,0.0,0.5,0.25,0.5,0.25,0.5,0.5,0.5,0,0.0,4,1.0
0.55,0.55,"{""clf__colsample_bytree"": 1.0, ""clf__learning_rate"": 0.05, ""clf__max_depth"": 5, ""clf__n_estimators"": 200, ""clf__subsample"": 0.8}",0.31428492069244385,"[[11, 69], [3, 77]]",valence,0.45772924119751457,0.55,0.45772924119751457,3,0.0375,,69,0.8625,0.09999999999999998,0.9445933037384009,0.17694958208152353,subject_dependent,xgb,0.7857142857142857,0.5273972602739726,0.7151477937924205,0.6565557729941291,0.55,0.6565557729941291,0.55,0.55,0.55,0.70453125,11,0.1375,77,0.9625,0.5,0.5,"[[0, 4], [0, 4]]",0.3333333333333333,0.5,0.3333333333333333,0,0.0,4,1.0,0.0,0.0,0.0,0.5,0.25,0.5,0.25,0.5,0.5,0.5,0,0.0,4,1.0
0.46875,0.5216666666666666,"{""clf__colsample_bytree"": 0.8, ""clf__learning_rate"": 0.1, ""clf__max_depth"": 5, ""clf__n_estimators"": 200, ""clf__subsample"": 0.8}",0.4173469543457031,"[[31, 69], [16, 44]]",valence,0.46521961385710353,0.46875,0.454356887263576,16,0.26666666666666666,,69,0.69,0.03682719546742208,1.4284700670072987,0.046058476880347456,subject_dependent,xgb,0.6595744680851063,0.3893805309734513,0.3428945191293836,0.5244774995292788,0.46875,0.5582517416682358,0.5216666666666666,0.46875,0.46875,0.4563333333333333,31,0.31,44,0.7333333333333333,0.375,0.5,"[[0, 5], [0, 3]]",0.2727272727272727,0.375,0.20454545454545453,0,0.0,5,1.0,0.0,0.0,0.0,0.375,0.1875,0.375,0.140625,0.5,0.375,0.375,0,0.0,3,1.0
0.34375,0.4791666666666667,"{""clf__colsample_bytree"": 0.8, ""clf__learning_rate"": 0.05, ""clf__max_depth"": 3, ""clf__n_estimators"": 200, ""clf__subsample"": 1.0}",0.45236197113990784,"[[25, 95], [10, 30]]",valence,0.343108504398827,0.34375,0.3328445747800587,10,0.25,,95,0.7916666666666666,-0.024390243902439046,1.3342976865200744,-0.04364357804719848,subject_dependent,xgb,0.7142857142857143,0.24,0.23039916243389885,0.47714285714285715,0.34375,0.5957142857142858,0.4791666666666667,0.34375,0.34375,0.448125,25,0.20833333333333334,30,0.75,0.25,0.5,"[[0, 6], [0, 2]]",0.2,0.25,0.1,0,0.0,6,1.0,0.0,0.0,0.0,0.25,0.125,0.25,0.0625,0.5,0.25,0.25,0,0.0,2,1.0
0.44375,0.5541666666666667,"{""clf__colsample_bytree"": 1.0, ""clf__learning_rate"": 0.1, ""clf__max_depth"": 3, ""clf__n_estimators"": 200, ""clf__subsample"": 1.0}",0.3536052107810974,"[[40, 80], [9, 31]]",valence,0.4419844037775775,0.44375,0.4576785924213331,9,0.225,,80,0.6666666666666666,0.0680628272251309,0.9799486455688979,0.10177080166522118,subject_dependent,xgb,0.8163265306122449,0.27927927927927926,0.2826142356399514,0.5478029049457621,0.44375,0.6820647177790036,0.5541666666666667,0.44375,0.44375,0.5495833333333333,40,0.3333333333333333,31,0.775,0.5,0.6666666666666666,"[[2, 4], [0, 2]]",0.5,0.5,0.5,0,0.0,4,0.6666666666666666,0.19999999999999996,0.3333333333333333,1.0,0.3333333333333333,0.6666666666666666,0.5,0.8333333333333334,0.6666666666666666,0.5,0.5,2,0.3333333333333333,2,1.0
0.6625,0.6366666666666667,"{""clf__colsample_bytree"": 1.0, ""clf__learning_rate"": 0.05, ""clf__max_depth"": 3, ""clf__n_estimators"": 200, ""clf__subsample"": 1.0}",0.20780649781227112,"[[32, 28], [26, 74]]",valence,0.6375230743413325,0.6625,0.6613106225876825,26,0.26,,28,0.4666666666666667,0.2751677852348994,0.6029117294039368,0.27526699395784326,subject_dependent,xgb,0.5517241379310345,0.7254901960784313,0.8217979255316414,0.6386071670047329,0.6625,0.6603279242731576,0.6366666666666667,0.6625,0.6625,0.7221666666666667,32,0.5333333333333333,74,0.74,0.625,0.5666666666666667,"[[1, 2], [1, 4]]",0.5636363636363637,0.625,0.6045454545454546,1,0.2,2,0.6666666666666666,0.1428571428571429,0.14907119849998599,0.5,0.6666666666666666,0.5833333333333333,0.625,0.6041666666666666,0.5666666666666667,0.625,0.625,1,0.3333333333333333,4,0.8
0.5875,0.5666666666666667,"{""clf__colsample_bytree"": 0.8, ""clf__learning_rate"": 0.05, ""clf__max_depth"": 3, ""clf__n_estimators"": 200, ""clf__subsample"": 0.8}",0.2646476626396179,"[[29, 31], [35, 65]]",valence,0.56550362080316,0.5875,0.5899440421329822,35,0.35,,31,0.5166666666666667,0.13157894736842102,0.7525351740744493,0.13176156917368248,subject_dependent,xgb,0.453125,0.6770833333333334,0.6682862759794364,0.5651041666666667,0.5875,0.5930989583333334,0.5666666666666667,0.5875,0.5875,0.5751666666666666,29,0.48333333333333334,65,0.65,0.625,0.6333333333333333,"[[2, 1], [2, 3]]",0.6190476190476191,0.625,0.6309523809523809,2,0.4,1,0.3333333333333333,0.25,0.2581988897471611,0.5,0.75,0.625,0.625,0.65625,0.6333333333333333,0.625,0.625,2,0.6666666666666666,3,0.6
0.64375,0.565,"{""clf__colsample_bytree"": 0.8, ""clf__learning_rate"": 0.05, ""clf__max_depth"": 3, ""clf__n_estimators"": 200, ""clf__subsample"": 0.8}",0.24771323800086975,"[[15, 45], [12, 88]]",arousal,0.5500961965369247,0.64375,0.6014133491194318,12,0.12,,45,0.75,0.1460674157303371,0.7243055218524812,0.16803945910472096,subject_dependent,xgb,0.5555555555555556,0.6616541353383458,0.7205734723367774,0.6086048454469507,0.64375,0.6218671679197995,0.565,0.64375,0.64375,0.6265,15,0.25,88,0.88,0.625,0.5,"[[0, 3], [0, 5]]",0.38461538461538464,0.625,0.4807692307692308,0,0.0,3,1.0,0.0,0.0,0.0,0.625,0.3125,0.625,0.390625,0.5,0.625,0.625,0,0.0,5,1.0
0.575,0.55,"{""clf__colsample_bytree"": 1.0, ""clf__learning_rate"": 0.05, ""clf__max_depth"": 5, ""clf__n_estimators"": 200, ""clf__subsample"": 1.0}",0.3046419620513916,"[[27, 33], [35, 65]]",arousal,0.5495943036926644,0.575,0.5763371419109125,35,0.35,,33,0.55,0.09933774834437081,0.9428018340755531,0.09937262052003606,subject_dependent,xgb,0.43548387096774194,0.6632653061224489,0.6502010434534683,0.5493745885450955,0.575,0.5778472679394338,0.55,0.575,0.575,0.5525,27,0.45,65,0.65,0.625,0.6333333333333333,"[[2, 1], [2, 3]]",0.6190476190476191,0.625,0.6309523809523809,2,0.4,1,0.3333333333333333,0.25,0.2581988897471611,0.5,0.75,0.625,0.625,0.65625,0.6333333333333333,0.625,0.625,2,0.6666666666666666,3,0.6
0.6875,0.6083333333333334,"{""clf__colsample_bytree"": 0.8, ""clf__learning_rate"": 0.1, ""clf__max_depth"": 3, ""clf__n_estimators"": 200, ""clf__subsample"": 0.8}",0.21602311730384827,"[[18, 22], [28, 92]]",arousal,0.6024647187437885,0.6875,0.6943947525342874,28,0.23333333333333334,,22,0.55,0.2063492063492064,0.6684762923460644,0.20729144506847394,subject_dependent,xgb,0.391304347826087,0.8070175438596491,0.7914701897970504,0.599160945842868,0.6875,0.7030892448512586,0.6083333333333334,0.6875,0.6875,0.6177083333333333,18,0.45,92,0.7666666666666667,0.875,0.75,"[[1, 1], [0, 6]]",0.7948717948717949,0.875,0.8589743589743589,0,0.0,1,0.5,0.6,0.6546536707079772,1.0,0.8571428571428571,0.9285714285714286,0.875,0.8928571428571428,0.75,0.875,0.875,1,0.5,6,1.0
0.69375,0.6535714285714286,"{""clf__colsample_bytree"": 1.0, ""clf__learning_rate"": 0.05, ""clf__max_depth"": 3, ""clf__n_estimators"": 200, ""clf__subsample"": 1.0}",0.20567603409290314,"[[12, 8], [41, 99]]",arousal,0.5651932782430259,0.69375,0.7425128944595418,41,0.29285714285714287,,8,0.4,0.17991631799163177,0.5987885394318433,0.21581896821138472,subject_dependent,xgb,0.22641509433962265,0.9252336448598131,0.9328237889262913,0.5758243695997178,0.69375,0.8378813260447894,0.6535714285714286,0.69375,0.69375,0.6782142857142857,12,0.6,99,0.7071428571428572,0.875,0.9285714285714286,"[[1, 0], [1, 6]]",0.7948717948717949,0.875,0.8910256410256411,1,0.14285714285714285,0,0.0,0.6,0.6546536707079772,0.5,1.0,0.75,0.875,0.9375,0.9285714285714286,0.875,0.875,1,1.0,6,0.8571428571428571
0.65625,0.6041666666666667,"{""clf__colsample_bytree"": 1.0, ""clf__learning_rate"": 0.05, ""clf__max_depth"": 3, ""clf__n_estimators"": 200, ""clf__subsample"": 1.0}",0.21867012977600098,"[[20, 20], [35, 85]]",arousal,0.5883040935672514,0.65625,0.6719298245614034,35,0.2916666666666667,,20,0.5,0.18518518518518523,0.6316656816621137,0.18993429409939658,subject_dependent,xgb,0.36363636363636365,0.8095238095238095,0.8507129298658804,0.5865800865800865,0.65625,0.698051948051948,0.6041666666666667,0.65625,0.65625,0.6541666666666667,20,0.5,85,0.7083333333333334,0.75,0.6666666666666667,"[[1, 1], [1, 5]]",0.6666666666666667,0.75,0.75,1,0.16666666666666666,1,0.5,0.33333333333333337,0.3333333333333333,0.5,0.8333333333333334,0.6666666666666667,0.75,0.75,0.6666666666666667,0.75,0.75,1,0.5,5,0.8333333333333334
0.58125,0.58125,"{""clf__colsample_bytree"": 0.8, ""clf__learning_rate"": 0.1, ""clf__max_depth"": 3, ""clf__n_estimators"": 200, ""clf__subsample"": 1.0}",0.2908695340156555,"[[25, 55], [12, 68]]",arousal,0.5486505831333417,0.58125,0.5486505831333417,12,0.15,,55,0.6875,0.16249999999999998,0.8521008792730281,0.19270364727031256,subject_dependent,xgb,0.6756756756756757,0.5528455284552846,0.5942336563480402,0.6142606020654802,0.58125,0.6142606020654802,0.58125,0.58125,0.58125,0.61109375,25,0.3125,68,0.85,0.5,0.5,"[[1, 3], [1, 3]]",0.4666666666666667,0.5,0.4666666666666667,1,0.25,3,0.75,0.0,0.0,0.5,0.5,0.5,0.5,0.5,0.5,0.5,0.5,1,0.25,3,0.75
0.71875,0.5875,"{""clf__colsample_bytree"": 0.8, ""clf__learning_rate"": 0.05, ""clf__max_depth"": 5, ""clf__n_estimators"": 200, ""clf__subsample"": 1.0}",0.18368080258369446,"[[13, 27], [18, 102]]",arousal,0.5927371457661632,0.71875,0.7060071270999491,18,0.15,,27,0.675,0.18918918918918914,0.5559559647980894,0.19172686248267187,subject_dependent,xgb,0.41935483870967744,0.7906976744186046,0.8517877391052583,0.605026256564141,0.71875,0.6978619654913729,0.5875,0.71875,0.71875,0.68625,13,0.325,102,0.85,0.75,0.5,"[[0, 2], [0, 6]]",0.42857142857142855,0.75,0.6428571428571428,0,0.0,2,1.0,0.0,0.0,0.0,0.75,0.375,0.75,0.5625,0.5,0.75,0.75,0,0.0,6,1.0
0.61875,0.5283333333333333,"{""clf__colsample_bytree"": 1.0, ""clf__learning_rate"": 0.1, ""clf__max_depth"": 5, ""clf__n_estimators"": 200, ""clf__subsample"": 1.0}",0.30106401443481445,"[[10, 50], [11, 89]]",arousal,0.4958417273619505,0.61875,0.5580737641407096,11,0.11,,50,0.8333333333333334,0.06513409961685823,1.0287059918674495,0.0812430547097008,subject_dependent,xgb,0.47619047619047616,0.6402877697841727,0.6768381802811636,0.5582391229873245,0.61875,0.5787512846865365,0.5283333333333333,0.61875,0.61875,0.5511666666666666,10,0.16666666666666666,89,0.89,0.625,0.5,"[[0, 3], [0, 5]]",0.38461538461538464,0.625,0.4807692307692308,0,0.0,3,1.0,0.0,0.0,0.0,0.625,0.3125,0.625,0.390625,0.5,0.625,0.625,0,0.0,5,1.0
0.625,0.49166666666666664,"{""clf__colsample_bytree"": 0.8, ""clf__learning_rate"": 0.05, ""clf__max_depth"": 3, ""clf__n_estimators"": 200, ""clf__subsample"": 0.8}",0.25164419412612915,"[[9, 31], [29, 91]]",arousal,0.49141767323585506,0.625,0.6217418944691672,29,0.24166666666666667,,31,0.775,-0.016949152542372836,0.7359872740934746,-0.01695889903687727,subject_dependent,xgb,0.23684210526315788,0.7459016393442623,0.7268772140003587,0.4913718723037101,0.625,0.6186367558239863,0.49166666666666664,0.625,0.625,0.45645833333333335,9,0.225,91,0.7583333333333333,0.625,0.4166666666666667,"[[0, 2], [1, 5]]",0.38461538461538464,0.625,0.576923076923077,1,0.16666666666666666,2,1.0,-0.19999999999999996,-0.2182178902359924,0.0,0.7142857142857143,0.35714285714285715,0.625,0.5357142857142857,0.4166666666666667,0.625,0.625,0,0.0,5,0.8333333333333334
0.725,0.675,"{""clf__colsample_bytree"": 0.8, ""clf__learning_rate"": 0.05, ""clf__max_depth"": 5, ""clf__n_estimators"": 200, ""clf__subsample"": 0.8}",0.2125856876373291,"[[23, 17], [27, 93]]",arousal,0.659903381642512,0.725,0.7342995169082125,27,0.225,,17,0.425,0.32307692307692304,0.6381630156544258,0.32696955654783966,subject_dependent,xgb,0.46,0.8454545454545455,0.8720225506215044,0.6527272727272727,0.725,0.7490909090909091,0.675,0.725,0.725,0.701875,23,0.575,93,0.775,0.875,0.9166666666666667,"[[2, 0], [1, 5]]",0.8545454545454545,0.875,0.8818181818181818,1,0.16666666666666666,0,0.0,0.7142857142857143,0.7453559924999299,0.6666666666666666,1.0,0.8333333333333333,0.875,0.9166666666666666,0.9166666666666667,0.875,0.875,2,1.0,5,0.8333333333333334
0.69375,0.69375,"{""clf__colsample_bytree"": 1.0, ""clf__learning_rate"": 0.05, ""clf__max_depth"": 3, ""clf__n_estimators"": 400, ""clf__subsample"": 0.8}",,"[[111, 49], [0, 0]]",arousal,0.4095940959409594,0.69375,0.8191881918819188,,,,,,0.0,,0.0,subject_dependent,xgb,,,0.0,0.5,0.69375,1.0,0.346875,0.69375,0.69375,nan,,,,,0.875,0.875,"[[7, 1], [0, 0]]",0.4666666666666667,0.875,0.9333333333333333,,,,,0.0,0.0,,,0.5,0.875,1.0,0.4375,0.875,0.875,,,,
0.75,0.4714285714285714,"{""clf__colsample_bytree"": 0.8, ""clf__learning_rate"": 0.1, ""clf__max_depth"": 3, ""clf__n_estimators"": 400, ""clf__subsample"": 1.0}",0.19107255339622498,"[[118, 22], [18, 2]]",arousal,0.47299077733860345,0.75,0.7595520421607378,18,0.9,,22,0.15714285714285714,-0.05263157894736836,0.7339529576157486,-0.05292561240249632,subject_dependent,xgb,0.8676470588235294,0.08333333333333333,0.15188003948877943,0.4754901960784314,0.75,0.7696078431372549,0.4714285714285714,0.75,0.75,0.3985714285714286,118,0.8428571428571429,2,0.1,0.875,0.5,"[[7, 0], [1, 0]]",0.4666666666666667,0.875,0.8166666666666667,1,1.0,0,0.0,0.0,0.0,0.875,0.0,0.4375,0.875,0.765625,0.5,0.875,0.875,7,1.0,0,0.0
0.9,0.9,"{""clf__colsample_bytree"": 0.8, ""clf__learning_rate"": 0.1, ""clf__max_depth"": 5, ""clf__n_estimators"": 200, ""clf__subsample"": 0.8}",,"[[144, 16], [0, 0]]",arousal,0.47368421052631576,0.9,0.9473684210526315,,,,,,0.0,,0.0,subject_dependent,xgb,,,0.0,0.5,0.9,1.0,0.45,0.9,0.9,nan,,,,,1.0,1.0,[[8]],1.0,1.0,1.0,,,,,nan,0.0,,,1.0,1.0,1.0,1.0,1.0,1.0,,,,
0.8625,0.8625,"{""clf__colsample_bytree"": 1.0, ""clf__learning_rate"": 0.05, ""clf__max_depth"": 5, ""clf__n_estimators"": 400, ""clf__subsample"": 1.0}",,"[[138, 22], [0, 0]]",arousal,0.46308724832214765,0.8625,0.9261744966442953,,,,,,0.0,,0.0,subject_dependent,xgb,,,0.0,0.5,0.8625,1.0,0.43125,0.8625,0.8625,nan,,,,,1.0,1.0,[[8]],1.0,1.0,1.0,,,,,nan,0.0,,,1.0,1.0,1.0,1.0,1.0,1.0,,,,
0.65625,0.5041666666666667,"{""clf__colsample_bytree"": 1.0, ""clf__learning_rate"": 0.1, ""clf__max_depth"": 3, ""clf__n_estimators"": 400, ""clf__subsample"": 0.8}",0.25781145691871643,"[[97, 23], [32, 8]]",arousal,0.5022342892697551,0.65625,0.6406753775666044,32,0.8,,23,0.19166666666666668,0.009009009009009028,1.0203725961241723,0.009129850594412946,subject_dependent,xgb,0.751937984496124,0.25806451612903225,0.2672528400178884,0.5050012503125781,0.65625,0.6284696174043511,0.5041666666666667,0.65625,0.65625,0.5,97,0.8083333333333333,8,0.2,0.75,0.5,"[[6, 0], [2, 0]]",0.42857142857142855,0.75,0.6428571428571428,2,1.0,0,0.0,0.0,0.0,0.75,0.0,0.375,0.75,0.5625,0.5,0.75,0.75,6,1.0,0,0.0
0.475,0.575,"{""clf__colsample_bytree"": 1.0, ""clf__learning_rate"": 0.1, ""clf__max_depth"": 3, ""clf__n_estimators"": 200, ""clf__subsample"": 1.0}",0.3395135998725891,"[[31, 9], [75, 45]]",arousal,0.4709494567784601,0.475,0.4940954180444025,75,0.625,,9,0.225,0.09677419354838712,0.9678206915476544,0.13736056394868904,subject_dependent,xgb,0.29245283018867924,0.8333333333333334,0.8330905350933857,0.5628930817610063,0.475,0.6981132075471698,0.575,0.475,0.475,0.618125,31,0.775,45,0.375,0.375,0.5833333333333334,"[[2, 0], [5, 1]]",0.36507936507936506,0.375,0.32539682539682535,5,0.8333333333333334,0,0.0,0.09090909090909094,0.2182178902359924,0.2857142857142857,1.0,0.6428571428571428,0.375,0.8214285714285714,0.5833333333333334,0.375,0.375,2,1.0,1,0.16666666666666666
0.6,0.63,"{""clf__colsample_bytree"": 1.0, ""clf__learning_rate"": 0.1, ""clf__max_depth"": 3, ""clf__n_estimators"": 400, ""clf__subsample"": 0.8}",0.25360625982284546,"[[45, 15], [49, 51]]",arousal,0.5994367078704428,0.6,0.6031919887341574,49,0.49,,15,0.25,0.23353293413173648,0.715507957802606,0.2556896087358145,subject_dependent,xgb,0.4787234042553192,0.7727272727272727,0.7834700818073361,0.625725338491296,0.6,0.6624758220502901,0.63,0.6,0.6,0.767,45,0.75,51,0.51,0.625,0.7,"[[3, 0], [3, 2]]",0.6190476190476191,0.625,0.6071428571428571,3,0.6,0,0.0,0.33333333333333337,0.4472135954999579,0.5,1.0,0.75,0.625,0.8125,0.7,0.625,0.625,3,1.0,2,0.4
0.6,0.64,"{""clf__colsample_bytree"": 1.0, ""clf__learning_rate"": 0.1, ""clf__max_depth"": 5, ""clf__n_estimators"": 400, ""clf__subsample"": 0.8}",0.2924287021160126,"[[48, 12], [52, 48]]",arousal,0.6,0.6,0.6,52,0.52,,12,0.2,0.24705882352941178,1.024162095399311,0.28,subject_dependent,xgb,0.48,0.8,0.8334167041848602,0.64,0.6,0.6799999999999999,0.64,0.6,0.6,0.7668333333333334,48,0.8,48,0.48,0.75,0.8,"[[3, 0], [2, 3]]",0.75,0.75,0.75,2,0.4,0,0.0,0.5294117647058824,0.6,0.6,1.0,0.8,0.75,0.85,0.8,0.75,0.75,3,1.0,3,0.6
0.60625,0.6125,"{""clf__colsample_bytree"": 1.0, ""clf__learning_rate"": 0.05, ""clf__max_depth"": 5, ""clf__n_estimators"": 200, ""clf__subsample"": 0.8}",0.2525993287563324,"[[72, 48], [15, 25]]",arousal,0.5690650250096191,0.60625,0.6323585994613313,15,0.375,,48,0.4,0.17647058823529416,0.7419446793282496,0.19560595868294015,subject_dependent,xgb,0.8275862068965517,0.3424657534246575,0.3951897570751727,0.5850259801606046,0.60625,0.7063060935285781,0.6125,0.60625,0.60625,0.671875,72,0.6,25,0.625,0.625,0.5833333333333333,"[[4, 2], [1, 1]]",0.5636363636363637,0.625,0.6454545454545454,1,0.5,2,0.3333333333333333,0.1428571428571429,0.14907119849998599,0.8,0.3333333333333333,0.5666666666666667,0.625,0.6833333333333335,0.5833333333333333,0.625,0.625,4,0.6666666666666666,1,0.5
0.575,0.61,"{""clf__colsample_bytree"": 0.8, ""clf__learning_rate"": 0.05, ""clf__max_depth"": 3, ""clf__n_estimators"": 200, ""clf__subsample"": 0.8}",0.2634336054325104,"[[45, 15], [53, 47]]",arousal,0.574933583372402,0.575,0.5762619159243633,53,0.53,,15,0.25,0.1952662721893491,0.7440241138787875,0.21861976514407935,subject_dependent,xgb,0.45918367346938777,0.7580645161290323,0.7597325977314883,0.60862409479921,0.575,0.6459842001316656,0.61,0.575,0.575,0.654,45,0.75,47,0.47,0.625,0.7,"[[3, 0], [3, 2]]",0.6190476190476191,0.625,0.6071428571428571,3,0.6,0,0.0,0.33333333333333337,0.4472135954999579,0.5,1.0,0.75,0.625,0.8125,0.7,0.625,0.625,3,1.0,2,0.4
0.46875,0.46071428571428574,"{""clf__colsample_bytree"": 1.0, ""clf__learning_rate"": 0.1, ""clf__max_depth"": 5, ""clf__n_estimators"": 200, ""clf__subsample"": 1.0}",0.3396247923374176,"[[9, 11], [74, 66]]",arousal,0.3915261062144871,0.46875,0.5541027247103039,74,0.5285714285714286,,11,0.55,-0.033434650455927084,0.9672348690198923,-0.05200669511097462,subject_dependent,xgb,0.10843373493975904,0.8571428571428571,0.8557562796501208,0.4827882960413081,0.46875,0.7635542168674699,0.46071428571428574,0.46875,0.46875,0.43321428571428566,9,0.45,66,0.4714285714285714,0.25,0.14285714285714285,"[[0, 1], [5, 2]]",0.2,0.25,0.35000000000000003,5,0.7142857142857143,1,1.0,-0.26315789473684204,-0.4879500364742666,0.0,0.6666666666666666,0.3333333333333333,0.25,0.5833333333333333,0.14285714285714285,0.25,0.25,0,0.0,2,0.2857142857142857
0.49375,0.49374999999999997,"{""clf__colsample_bytree"": 1.0, ""clf__learning_rate"": 0.1, ""clf__max_depth"": 3, ""clf__n_estimators"": 400, ""clf__subsample"": 1.0}",0.3701712489128113,"[[13, 67], [14, 66]]",arousal,0.4313544820323812,0.49375,0.4313544820323812,14,0.175,,67,0.8375,-0.012499999999999956,1.1834839402027195,-0.016687539144058627,subject_dependent,xgb,0.48148148148148145,0.49624060150375937,0.4632475620828803,0.48886104149262044,0.49375,0.48886104149262044,0.49374999999999997,0.49375,0.49375,0.45718749999999997,13,0.1625,66,0.825,0.5,0.5,"[[0, 4], [0, 4]]",0.3333333333333333,0.5,0.3333333333333333,0,0.0,4,1.0,0.0,0.0,0.0,0.5,0.25,0.5,0.25,0.5,0.5,0.5,0,0.0,4,1.0
0.41875,0.3716666666666667,"{""clf__colsample_bytree"": 0.8, ""clf__learning_rate"": 0.1, ""clf__max_depth"": 5, ""clf__n_estimators"": 400, ""clf__subsample"": 1.0}",0.4294202923774719,"[[11, 49], [44, 56]]",arousal,0.3688229056203606,0.41875,0.413202545068929,44,0.44,,49,0.8166666666666667,-0.2610169491525425,1.4505253480088107,-0.26161889160464774,subject_dependent,xgb,0.2,0.5333333333333333,0.5176830080799425,0.3666666666666667,0.41875,0.4083333333333334,0.3716666666666667,0.41875,0.41875,0.33116666666666666,11,0.18333333333333332,56,0.56,0.375,0.3,"[[0, 3], [2, 3]]",0.2727272727272727,0.375,0.3409090909090909,2,0.4,3,1.0,-0.4285714285714286,-0.4472135954999579,0.0,0.5,0.25,0.375,0.3125,0.3,0.375,0.375,0,0.0,3,0.6
0.4625,0.3666666666666667,"{""clf__colsample_bytree"": 1.0, ""clf__learning_rate"": 0.1, ""clf__max_depth"": 3, ""clf__n_estimators"": 400, ""clf__subsample"": 1.0}",0.34381604194641113,"[[7, 33], [53, 67]]",arousal,0.37454545454545457,0.4625,0.4918181818181818,53,0.44166666666666665,,33,0.825,-0.22857142857142865,0.9783813950857791,-0.23851391759997756,subject_dependent,xgb,0.11666666666666667,0.67,0.679565076248107,0.39333333333333337,0.4625,0.5316666666666667,0.3666666666666667,0.4625,0.4625,0.33437500000000003,7,0.175,67,0.5583333333333333,0.375,0.25,"[[0, 2], [3, 3]]",0.2727272727272727,0.375,0.40909090909090906,3,0.5,2,1.0,-0.4285714285714286,-0.4472135954999579,0.0,0.6,0.3,0.375,0.44999999999999996,0.25,0.375,0.375,0,0.0,3,0.5
0.55625,0.4035714285714286,"{""clf__colsample_bytree"": 1.0, ""clf__learning_rate"": 0.1, ""clf__max_depth"": 3, ""clf__n_estimators"": 400, ""clf__subsample"": 1.0}",0.2954222559928894,"[[4, 16], [55, 85]]",arousal,0.4033300068280897,0.55625,0.6298781448605494,55,0.39285714285714285,,16,0.8,-0.10505836575875493,0.8711375516534074,-0.13219896390873453,subject_dependent,xgb,0.06779661016949153,0.8415841584158416,0.8498663470581799,0.45469038429266656,0.55625,0.7448607148850478,0.4035714285714286,0.55625,0.55625,0.3785714285714285,4,0.2,85,0.6071428571428571,0.625,0.35714285714285715,"[[0, 1], [2, 5]]",0.38461538461538464,0.625,0.6730769230769231,2,0.2857142857142857,1,1.0,-0.19999999999999996,-0.2182178902359924,0.0,0.8333333333333334,0.4166666666666667,0.625,0.7291666666666667,0.35714285714285715,0.625,0.625,0,0.0,5,0.7142857142857143
0.39375,0.48750000000000004,"{""clf__colsample_bytree"": 1.0, ""clf__learning_rate"": 0.1, ""clf__max_depth"": 5, ""clf__n_estimators"": 400, ""clf__subsample"": 0.8}",0.4864247739315033,"[[27, 13], [84, 36]]",arousal,0.3918256984991575,0.39375,0.40893060072886867,84,0.7,,13,0.325,-0.015706806282722585,1.8061843620643525,-0.023485569615051043,subject_dependent,xgb,0.24324324324324326,0.7346938775510204,0.7353746986699281,0.4889685603971319,0.39375,0.6118312189740761,0.48750000000000004,0.39375,0.39375,0.45166666666666666,27,0.675,36,0.3,0.375,0.5833333333333334,"[[2, 0], [5, 1]]",0.36507936507936506,0.375,0.32539682539682535,5,0.8333333333333334,0,0.0,0.09090909090909094,0.2182178902359924,0.2857142857142857,1.0,0.6428571428571428,0.375,0.8214285714285714,0.5833333333333334,0.375,0.375,2,1.0,1,0.16666666666666666
0.48125,0.47833333333333333,"{""clf__colsample_bytree"": 1.0, ""clf__learning_rate"": 0.1, ""clf__max_depth"": 5, ""clf__n_estimators"": 400, ""clf__subsample"": 1.0}",0.3724974989891052,"[[49, 51], [32, 28]]",arousal,0.47215708096506215,0.48125,0.489476926745896,32,0.5333333333333333,,51,0.51,-0.040752351097178785,1.1779607954358156,-0.04196059788368693,subject_dependent,xgb,0.6049382716049383,0.35443037974683544,0.38876220928615374,0.47968432567588687,0.48125,0.5109978121581497,0.47833333333333333,0.48125,0.48125,0.504,49,0.49,28,0.4666666666666667,0.375,0.3666666666666667,"[[2, 3], [2, 1]]",0.36507936507936506,0.375,0.38492063492063494,2,0.6666666666666666,3,0.6,-0.25,-0.2581988897471611,0.5,0.25,0.375,0.375,0.40625,0.3666666666666667,0.375,0.375,2,0.4,1,0.3333333333333333
0.46875,0.505,"{""clf__colsample_bytree"": 0.8, ""clf__learning_rate"": 0.1, ""clf__max_depth"": 3, ""clf__n_estimators"": 200, ""clf__subsample"": 0.8}",0.3466632068157196,"[[39, 21], [64, 36]]",arousal,0.46856316673830645,0.46875,0.46607205658239226,64,0.64,,21,0.35,0.008746355685131157,0.9948328593221923,0.010109265090722559,subject_dependent,xgb,0.3786407766990291,0.631578947368421,0.6733044987704925,0.5051098620337251,0.46875,0.5367271333673991,0.505,0.46875,0.46875,0.5359999999999999,39,0.65,36,0.36,0.625,0.7,"[[3, 0], [3, 2]]",0.6190476190476191,0.625,0.6071428571428571,3,0.6,0,0.0,0.33333333333333337,0.4472135954999579,0.5,1.0,0.75,0.625,0.8125,0.7,0.625,0.625,3,1.0,2,0.4
0.43125,0.43125,"{""clf__colsample_bytree"": 1.0, ""clf__learning_rate"": 0.05, ""clf__max_depth"": 5, ""clf__n_estimators"": 400, ""clf__subsample"": 0.8}",0.4011886715888977,"[[50, 30], [61, 19]]",arousal,0.4090669264174682,0.43125,0.4090669264174682,61,0.7625,,30,0.375,-0.13749999999999996,1.3726332214353634,-0.14915339933253557,subject_dependent,xgb,0.45045045045045046,0.3877551020408163,0.4512262885470596,0.4191027762456334,0.43125,0.41910277624563336,0.43125,0.43125,0.43125,0.44328125,50,0.625,19,0.2375,0.375,0.375,"[[3, 1], [4, 0]]",0.2727272727272727,0.375,0.2727272727272727,4,1.0,1,0.25,-0.25,-0.3779644730092272,0.42857142857142855,0.0,0.21428571428571427,0.375,0.21428571428571427,0.375,0.375,0.375,3,0.75,0,0.0
0.51875,0.5291666666666667,"{""clf__colsample_bytree"": 0.8, ""clf__learning_rate"": 0.05, ""clf__max_depth"": 5, ""clf__n_estimators"": 400, ""clf__subsample"": 1.0}",0.36196380853652954,"[[61, 59], [18, 22]]",arousal,0.48835084513476473,0.51875,0.5507080858839652,18,0.45,,59,0.49166666666666664,0.04347826086956519,1.243208865043902,0.05052209574701574,subject_dependent,xgb,0.7721518987341772,0.2716049382716049,0.24001626030843304,0.5218784185028911,0.51875,0.6470151586185342,0.5291666666666667,0.51875,0.51875,0.5075000000000001,61,0.5083333333333333,22,0.55,0.625,0.5833333333333333,"[[4, 2], [1, 1]]",0.5636363636363637,0.625,0.6454545454545454,1,0.5,2,0.3333333333333333,0.1428571428571429,0.14907119849998599,0.8,0.3333333333333333,0.5666666666666667,0.625,0.6833333333333335,0.5833333333333333,0.625,0.625,4,0.6666666666666666,1,0.5
0.55,0.5166666666666667,"{""clf__colsample_bytree"": 1.0, ""clf__learning_rate"": 0.05, ""clf__max_depth"": 5, ""clf__n_estimators"": 200, ""clf__subsample"": 1.0}",0.3103032112121582,"[[18, 22], [50, 70]]",arousal,0.4968553459119497,0.55,0.5786163522012578,50,0.4166666666666667,,22,0.55,0.027027027027026973,0.9059607979814175,0.029197858123689188,subject_dependent,xgb,0.2647058823529412,0.7608695652173914,0.7655910472805891,0.5127877237851662,0.55,0.6368286445012789,0.5166666666666667,0.55,0.55,0.5027083333333333,18,0.45,70,0.5833333333333334,0.625,0.5833333333333333,"[[1, 1], [2, 4]]",0.5636363636363637,0.625,0.6454545454545454,2,0.3333333333333333,1,0.5,0.1428571428571429,0.14907119849998599,0.3333333333333333,0.8,0.5666666666666667,0.625,0.6833333333333335,0.5833333333333333,0.625,0.625,1,0.5,4,0.6666666666666666
0.59375,0.5316666666666667,"{""clf__colsample_bytree"": 0.8, ""clf__learning_rate"": 0.05, ""clf__max_depth"": 3, ""clf__n_estimators"": 200, ""clf__subsample"": 1.0}",0.29546862840652466,"[[17, 43], [22, 78]]",arousal,0.52465834818776,0.59375,0.5699643493761142,22,0.22,,43,0.7166666666666667,0.06810035842293904,0.9442831443771016,0.07141393809681698,subject_dependent,xgb,0.4358974358974359,0.6446280991735537,0.5594523282437773,0.5402627675354947,0.59375,0.5663541004450096,0.5316666666666667,0.59375,0.59375,0.45566666666666666,17,0.2833333333333333,78,0.78,0.625,0.5666666666666667,"[[1, 2], [1, 4]]",0.5636363636363637,0.625,0.6045454545454546,1,0.2,2,0.6666666666666666,0.1428571428571429,0.14907119849998599,0.5,0.6666666666666666,0.5833333333333333,0.625,0.6041666666666666,0.5666666666666667,0.625,0.625,1,0.3333333333333333,4,0.8
0.38125,0.38125,"{""clf__colsample_bytree"": 0.8, ""clf__learning_rate"": 0.1, ""clf__max_depth"": 3, ""clf__n_estimators"": 400, ""clf__subsample"": 1.0}",0.45596760511398315,"[[24, 56], [43, 37]]",arousal,0.3771381384923912,0.38125,0.37713813849239114,43,0.5375,,56,0.7,-0.23750000000000004,1.4445533807063273,-0.2406992435021357,subject_dependent,xgb,0.3582089552238806,0.3978494623655914,0.44131604371639555,0.378029208794736,0.38125,0.378029208794736,0.38125,0.38125,0.38125,0.3446874999999999,24,0.3,37,0.4625,0.25,0.25,"[[0, 4], [2, 2]]",0.2,0.25,0.2,2,0.5,4,1.0,-0.5,-0.5773502691896258,0.0,0.3333333333333333,0.16666666666666666,0.25,0.16666666666666666,0.25,0.25,0.25,0,0.0,2,0.5
0.41875,0.495,"{""clf__colsample_bytree"": 1.0, ""clf__learning_rate"": 0.1, ""clf__max_depth"": 5, ""clf__n_estimators"": 200, ""clf__subsample"": 0.8}",0.4540334641933441,"[[19, 81], [12, 48]]",arousal,0.39900642190718527,0.41875,0.3717739003998546,12,0.2,,81,0.81,-0.008130081300812941,1.4632421776049207,-0.012248979932114525,subject_dependent,xgb,0.6129032258064516,0.37209302325581395,0.36283457289589094,0.4924981245311328,0.41875,0.5225993998499625,0.495,0.41875,0.41875,0.4355,19,0.19,48,0.8,0.375,0.5,"[[0, 5], [0, 3]]",0.2727272727272727,0.375,0.20454545454545453,0,0.0,5,1.0,0.0,0.0,0.0,0.375,0.1875,0.375,0.140625,0.5,0.375,0.375,0,0.0,3,1.0
0.70625,0.5791666666666667,"{""clf__colsample_bytree"": 0.8, ""clf__learning_rate"": 0.1, ""clf__max_depth"": 3, ""clf__n_estimators"": 200, ""clf__subsample"": 0.8}",0.19731482863426208,"[[13, 27], [20, 100]]",arousal,0.5829404913759636,0.70625,0.6963285452831235,20,0.16666666666666666,,27,0.675,0.16814159292035402,0.6026858928371206,0.16944710104012617,subject_dependent,xgb,0.3939393939393939,0.7874015748031497,0.8260400151100011,0.5906704843712718,0.70625,0.6890360295872107,0.5791666666666667,0.70625,0.70625,0.6629166666666667,13,0.325,100,0.8333333333333334,0.75,0.5,"[[0, 2], [0, 6]]",0.42857142857142855,0.75,0.6428571428571428,0,0.0,2,1.0,0.0,0.0,0.0,0.75,0.375,0.75,0.5625,0.5,0.75,0.75,0,0.0,6,1.0
0.75,0.4714285714285714,"{""clf__colsample_bytree"": 1.0, ""clf__learning_rate"": 0.1, ""clf__max_depth"": 3, ""clf__n_estimators"": 400, ""clf__subsample"": 1.0}",0.18718890845775604,"[[2, 18], [22, 118]]",arousal,0.47299077733860345,0.75,0.7595520421607378,22,0.15714285714285714,,18,0.9,-0.05263157894736836,0.6068636122354085,-0.05292561240249632,subject_dependent,xgb,0.08333333333333333,0.8676470588235294,0.9157517760909721,0.4754901960784314,0.75,0.7696078431372549,0.4714285714285714,0.75,0.75,0.5924999999999999,2,0.1,118,0.8428571428571429,0.875,0.5,"[[0, 1], [0, 7]]",0.4666666666666667,0.875,0.8166666666666667,0,0.0,1,1.0,0.0,0.0,0.0,0.875,0.4375,0.875,0.765625,0.5,0.875,0.875,0,0.0,7,1.0
0.6875,0.5166666666666666,"{""clf__colsample_bytree"": 1.0, ""clf__learning_rate"": 0.1, ""clf__max_depth"": 3, ""clf__n_estimators"": 400, ""clf__subsample"": 1.0}",0.24359571933746338,"[[7, 33], [17, 103]]",arousal,0.51171875,0.6875,0.658203125,17,0.14166666666666666,,33,0.825,0.038461538461538436,0.8804640244697912,0.040422604172722164,subject_dependent,xgb,0.2916666666666667,0.7573529411764706,0.7664792465127844,0.5245098039215687,0.6875,0.6409313725490196,0.5166666666666666,0.6875,0.6875,0.5270833333333333,7,0.175,103,0.8583333333333333,0.75,0.5,"[[0, 2], [0, 6]]",0.42857142857142855,0.75,0.6428571428571428,0,0.0,2,1.0,0.0,0.0,0.0,0.75,0.375,0.75,0.5625,0.5,0.75,0.75,0,0.0,6,1.0
0.53125,0.45166666666666666,"{""clf__colsample_bytree"": 1.0, ""clf__learning_rate"": 0.1, ""clf__max_depth"": 3, ""clf__n_estimators"": 400, ""clf__subsample"": 0.8}",0.3668106496334076,"[[8, 52], [23, 77]]",arousal,0.4241566293968041,0.53125,0.4862397427899611,23,0.23,,52,0.8666666666666667,-0.10701107011070121,1.4988648615653002,-0.1184068060104404,subject_dependent,xgb,0.25806451612903225,0.5968992248062015,0.5384401727152128,0.4274818704676169,0.53125,0.4698362090522631,0.45166666666666666,0.53125,0.53125,0.39183333333333337,8,0.13333333333333333,77,0.77,0.5,0.4,"[[0, 3], [1, 4]]",0.3333333333333333,0.5,0.41666666666666663,1,0.2,3,1.0,-0.23076923076923084,-0.29277002188455997,0.0,0.5714285714285714,0.2857142857142857,0.5,0.3571428571428571,0.4,0.5,0.5,0,0.0,4,0.8
0.85,0.5499999999999999,"{""clf__colsample_bytree"": 0.8, ""clf__learning_rate"": 0.05, ""clf__max_depth"": 5, ""clf__n_estimators"": 200, ""clf__subsample"": 1.0}",0.12389519065618515,"[[3, 17], [7, 133]]",arousal,0.5586206896551724,0.85,0.8275862068965516,7,0.05,,17,0.85,0.12727272727272732,0.41330754801934366,0.13662601021279466,subject_dependent,xgb,0.3,0.8866666666666667,0.9242057076651053,0.5933333333333334,0.85,0.8133333333333332,0.5499999999999999,0.85,0.85,0.6453571428571427,3,0.15,133,0.95,0.875,0.5,"[[0, 1], [0, 7]]",0.4666666666666667,0.875,0.8166666666666667,0,0.0,1,1.0,0.0,0.0,0.0,0.875,0.4375,0.875,0.765625,0.5,0.875,0.875,0,0.0,7,1.0
0.60625,0.48833333333333334,"{""clf__colsample_bytree"": 0.8, ""clf__learning_rate"": 0.05, ""clf__max_depth"": 3, ""clf__n_estimators"": 200, ""clf__subsample"": 1.0}",0.2990945875644684,"[[1, 59], [4, 96]]",arousal,0.3918552036199095,0.60625,0.48212669683257914,4,0.04,,59,0.9833333333333333,-0.02857142857142847,0.8790831840465054,-0.06492344540642356,subject_dependent,xgb,0.2,0.6193548387096774,0.6183896109020492,0.4096774193548387,0.60625,0.4620967741935484,0.48833333333333334,0.60625,0.60625,0.44966666666666666,1,0.016666666666666666,96,0.96,0.625,0.5,"[[0, 3], [0, 5]]",0.38461538461538464,0.625,0.4807692307692308,0,0.0,3,1.0,0.0,0.0,0.0,0.625,0.3125,0.625,0.390625,0.5,0.625,0.625,0,0.0,5,1.0
0.69375,0.6216666666666667,"{""clf__colsample_bytree"": 0.8, ""clf__learning_rate"": 0.1, ""clf__max_depth"": 5, ""clf__n_estimators"": 400, ""clf__subsample"": 1.0}",0.23293296992778778,"[[20, 40], [9, 91]]",arousal,0.6186584950629894,0.69375,0.660963568266939,9,0.09,,40,0.6666666666666666,0.27137546468401486,0.8776806748750718,0.3058035930153483,subject_dependent,xgb,0.6896551724137931,0.6946564885496184,0.7737601988601708,0.6921558304817057,0.69375,0.692780994998684,0.6216666666666667,0.69375,0.69375,0.7168333333333333,20,0.3333333333333333,91,0.91,0.75,0.6666666666666666,"[[1, 2], [0, 5]]",0.6666666666666667,0.75,0.7083333333333334,0,0.0,2,0.6666666666666666,0.3846153846153846,0.4879500364742666,1.0,0.7142857142857143,0.8571428571428572,0.75,0.8214285714285714,0.6666666666666666,0.75,0.75,1,0.3333333333333333,5,1.0
0.8125,0.5285714285714286,"{""clf__colsample_bytree"": 1.0, ""clf__learning_rate"": 0.1, ""clf__max_depth"": 3, ""clf__n_estimators"": 200, ""clf__subsample"": 0.8}",0.15138164162635803,"[[3, 17], [13, 127]]",arousal,0.5305164319248826,0.8125,0.8034037558685446,13,0.09285714285714286,,17,0.85,0.0625,0.5552547473067052,0.06299407883487121,subject_dependent,xgb,0.1875,0.8819444444444444,0.8566921226004165,0.5347222222222222,0.8125,0.7951388888888888,0.5285714285714286,0.8125,0.8125,0.44,3,0.15,127,0.9071428571428571,0.875,0.5,"[[0, 1], [0, 7]]",0.4666666666666667,0.875,0.8166666666666667,0,0.0,1,1.0,0.0,0.0,0.0,0.875,0.4375,0.875,0.765625,0.5,0.875,0.875,0,0.0,7,1.0
0.81875,0.6958333333333333,"{""clf__colsample_bytree"": 1.0, ""clf__learning_rate"": 0.1, ""clf__max_depth"": 3, ""clf__n_estimators"": 400, ""clf__subsample"": 1.0}",0.14709225296974182,"[[18, 22], [7, 113]]",arousal,0.7200603318250377,0.81875,0.8031674208144797,7,0.058333333333333334,,22,0.55,0.4476190476190476,0.47109021980609034,0.46708975529995606,subject_dependent,xgb,0.72,0.837037037037037,0.9228338850638583,0.7785185185185185,0.81875,0.8077777777777777,0.6958333333333333,0.81875,0.81875,0.8052083333333334,18,0.45,113,0.9416666666666667,0.875,0.75,"[[1, 1], [0, 6]]",0.7948717948717949,0.875,0.8589743589743589,0,0.0,1,0.5,0.6,0.6546536707079772,1.0,0.8571428571428571,0.9285714285714286,0.875,0.8928571428571428,0.75,0.875,0.875,1,0.5,6,1.0
0.86875,0.7107142857142856,"{""clf__colsample_bytree"": 0.8, ""clf__learning_rate"": 0.1, ""clf__max_depth"": 5, ""clf__n_estimators"": 400, ""clf__subsample"": 1.0}",0.10622899234294891,"[[10, 10], [11, 129]]",arousal,0.7062680304222397,0.86875,0.8701153947023341,11,0.07857142857142857,,10,0.5,0.4125874125874126,0.3394641145372579,0.41274891865127306,subject_dependent,xgb,0.47619047619047616,0.9280575539568345,0.9778381509116807,0.7021240150736554,0.86875,0.8715741692360398,0.7107142857142856,0.86875,0.86875,0.8571428571428571,10,0.5,129,0.9214285714285714,1.0,1.0,"[[1, 0], [0, 7]]",1.0,1.0,1.0,0,0.0,0,0.0,1.0,1.0,1.0,1.0,1.0,1.0,1.0,1.0,1.0,1.0,1,1.0,7,1.0
0.625,0.5433333333333333,"{""clf__colsample_bytree"": 0.8, ""clf__learning_rate"": 0.05, ""clf__max_depth"": 5, ""clf__n_estimators"": 200, ""clf__subsample"": 0.8}",0.28740447759628296,"[[13, 47], [13, 87]]",arousal,0.5229576624925463,0.625,0.5781156827668456,13,0.13,,47,0.7833333333333333,0.09774436090225569,1.0004513531365002,0.11373356313368793,subject_dependent,xgb,0.5,0.6492537313432836,0.6800619069195236,0.5746268656716418,0.625,0.5932835820895522,0.5433333333333333,0.625,0.625,0.6005,13,0.21666666666666667,87,0.87,0.625,0.5666666666666667,"[[1, 2], [1, 4]]",0.5636363636363637,0.625,0.6045454545454546,1,0.2,2,0.6666666666666666,0.1428571428571429,0.14907119849998599,0.5,0.6666666666666666,0.5833333333333333,0.625,0.6041666666666666,0.5666666666666667,0.625,0.625,1,0.3333333333333333,4,0.8
0.53125,0.53125,"{""clf__colsample_bytree"": 0.8, ""clf__learning_rate"": 0.05, ""clf__max_depth"": 3, ""clf__n_estimators"": 200, ""clf__subsample"": 1.0}",0.36467862129211426,"[[22, 58], [17, 63]]",arousal,0.4983067854007275,0.53125,0.4983067854007275,17,0.2125,,58,0.725,0.0625,1.1620547183511931,0.07278552445685779,subject_dependent,xgb,0.5641025641025641,0.5206611570247934,0.47598634639747317,0.5423818605636788,0.53125,0.5423818605636788,0.53125,0.53125,0.53125,0.46671874999999996,22,0.275,63,0.7875,0.625,0.625,"[[1, 3], [0, 4]]",0.5636363636363637,0.625,0.5636363636363637,0,0.0,3,0.75,0.25,0.3779644730092272,1.0,0.5714285714285714,0.7857142857142857,0.625,0.7857142857142857,0.625,0.625,0.625,1,0.25,4,1.0
0.56875,0.5516666666666666,"{""clf__colsample_bytree"": 0.8, ""clf__learning_rate"": 0.05, ""clf__max_depth"": 3, ""clf__n_estimators"": 200, ""clf__subsample"": 0.8}",0.26372283697128296,"[[29, 31], [38, 62]]",arousal,0.5495899800089755,0.56875,0.5728142466647628,38,0.38,,31,0.5166666666666667,0.10097719869706845,0.7313877339093121,0.10139982107853808,subject_dependent,xgb,0.43283582089552236,0.6666666666666666,0.7186930782912961,0.5497512437810945,0.56875,0.5789800995024874,0.5516666666666666,0.56875,0.56875,0.584,29,0.48333333333333334,62,0.62,0.5,0.4666666666666667,"[[1, 2], [2, 3]]",0.4666666666666667,0.5,0.5,2,0.4,2,0.6666666666666666,-0.06666666666666665,-0.06666666666666667,0.3333333333333333,0.6,0.4666666666666667,0.5,0.5,0.4666666666666667,0.5,0.5,1,0.3333333333333333,3,0.6
0.44375,0.3392857142857143,"{""clf__colsample_bytree"": 0.8, ""clf__learning_rate"": 0.05, ""clf__max_depth"": 3, ""clf__n_estimators"": 200, ""clf__subsample"": 0.8}",0.3445758819580078,"[[4, 16], [73, 67]]",arousal,0.3416855438953354,0.44375,0.5360940317137441,73,0.5214285714285715,,16,0.8,-0.144694533762058,0.9562460320735603,-0.21275466181762345,subject_dependent,xgb,0.05194805194805195,0.8072289156626506,0.8364877383716484,0.4295884838053513,0.44375,0.7128188076983257,0.3392857142857143,0.44375,0.44375,0.3482142857142857,4,0.2,67,0.4785714285714286,0.375,0.21428571428571427,"[[0, 1], [4, 3]]",0.2727272727272727,0.375,0.47727272727272724,4,0.5714285714285714,1,1.0,-0.25,-0.3779644730092272,0.0,0.75,0.375,0.375,0.65625,0.21428571428571427,0.375,0.375,0,0.0,3,0.42857142857142855
0.53125,0.53125,"{""clf__colsample_bytree"": 0.8, ""clf__learning_rate"": 0.05, ""clf__max_depth"": 3, ""clf__n_estimators"": 200, ""clf__subsample"": 0.8}",0.3081578314304352,"[[26, 54], [21, 59]]",arousal,0.5104238913141038,0.53125,0.5104238913141039,21,0.2625,,54,0.675,0.0625,0.8591252210260747,0.0686091207343327,subject_dependent,xgb,0.5531914893617021,0.5221238938053098,0.5998855739587516,0.537657691583506,0.53125,0.537657691583506,0.53125,0.53125,0.53125,0.5639843749999999,26,0.325,59,0.7375,0.5,0.5,"[[1, 3], [1, 3]]",0.4666666666666667,0.5,0.4666666666666667,1,0.25,3,0.75,0.0,0.0,0.5,0.5,0.5,0.5,0.5,0.5,0.5,0.5,1,0.25,3,0.75
0.4125,0.46,"{""clf__colsample_bytree"": 0.8, ""clf__learning_rate"": 0.05, ""clf__max_depth"": 3, ""clf__n_estimators"": 200, ""clf__subsample"": 1.0}",0.33660000562667847,"[[27, 73], [21, 39]]",arousal,0.40917661847894404,0.4125,0.3980986800754242,21,0.35,,73,0.73,-0.06818181818181812,0.9129457194127053,-0.08451542547285167,subject_dependent,xgb,0.5625,0.3482142857142857,0.5495277811833524,0.45535714285714285,0.4125,0.4821428571428571,0.46,0.4125,0.4125,0.5515,27,0.27,39,0.65,0.375,0.43333333333333335,"[[1, 4], [1, 2]]",0.36507936507936506,0.375,0.34523809523809523,1,0.3333333333333333,4,0.8,-0.11111111111111116,-0.14907119849998599,0.5,0.3333333333333333,0.41666666666666663,0.375,0.4375,0.43333333333333335,0.375,0.375,1,0.2,2,0.6666666666666666
0.65625,0.625,"{""clf__colsample_bytree"": 1.0, ""clf__learning_rate"": 0.1, ""clf__max_depth"": 3, ""clf__n_estimators"": 400, ""clf__subsample"": 1.0}",0.23641011118888855,"[[75, 25], [30, 30]]",arousal,0.6267232237539766,0.65625,0.6529692470837751,30,0.5,,25,0.25,0.2542372881355932,0.6998960185024676,0.25482359571881275,subject_dependent,xgb,0.7142857142857143,0.5454545454545454,0.5370392902380633,0.6298701298701299,0.65625,0.650974025974026,0.625,0.65625,0.65625,0.6885,75,0.75,30,0.5,0.75,0.6666666666666666,"[[5, 0], [2, 1]]",0.6666666666666667,0.75,0.7083333333333334,2,0.6666666666666666,0,0.0,0.3846153846153846,0.4879500364742666,0.7142857142857143,1.0,0.8571428571428572,0.75,0.8214285714285714,0.6666666666666666,0.75,0.75,5,1.0,1,0.3333333333333333
0.51875,0.565,"{""clf__colsample_bytree"": 0.8, ""clf__learning_rate"": 0.05, ""clf__max_depth"": 5, ""clf__n_estimators"": 200, ""clf__subsample"": 0.8}",0.3384946286678314,"[[45, 15], [62, 38]]",arousal,0.5178270909162068,0.51875,0.5125533247231029,62,0.62,,15,0.25,0.11239193083573484,0.9923527930248396,0.1337177787957645,subject_dependent,xgb,0.4205607476635514,0.7169811320754716,0.6896967743819505,0.5687709398695115,0.51875,0.6058234879210016,0.565,0.51875,0.51875,0.5695,45,0.75,38,0.38,0.625,0.7,"[[3, 0], [3, 2]]",0.6190476190476191,0.625,0.6071428571428571,3,0.6,0,0.0,0.33333333333333337,0.4472135954999579,0.5,1.0,0.75,0.625,0.8125,0.7,0.625,0.625,3,1.0,2,0.4
0.4125,0.55,"{""clf__colsample_bytree"": 1.0, ""clf__learning_rate"": 0.05, ""clf__max_depth"": 3, ""clf__n_estimators"": 200, ""clf__subsample"": 0.8}",0.4198344647884369,"[[33, 7], [87, 33]]",arousal,0.4125,0.4125,0.4125,87,0.725,,7,0.175,0.06000000000000005,1.2364416634932271,0.1,subject_dependent,xgb,0.275,0.825,0.8083907280268037,0.55,0.4125,0.6875,0.55,0.4125,0.4125,0.6308333333333334,33,0.825,33,0.275,0.375,0.5833333333333334,"[[2, 0], [5, 1]]",0.36507936507936506,0.375,0.32539682539682535,5,0.8333333333333334,0,0.0,0.09090909090909094,0.2182178902359924,0.2857142857142857,1.0,0.6428571428571428,0.375,0.8214285714285714,0.5833333333333334,0.375,0.375,2,1.0,1,0.16666666666666666
0.64375,0.645,"{""clf__colsample_bytree"": 0.8, ""clf__learning_rate"": 0.05, ""clf__max_depth"": 5, ""clf__n_estimators"": 400, ""clf__subsample"": 1.0}",0.23761864006519318,"[[64, 36], [21, 39]]",arousal,0.6348348348348348,0.64375,0.649099099099099,21,0.35,,36,0.36,0.2761904761904762,0.7205034727583471,0.28134132504214626,subject_dependent,xgb,0.7529411764705882,0.52,0.6182982130203669,0.6364705882352941,0.64375,0.6655882352941177,0.645,0.64375,0.64375,0.7353333333333333,64,0.64,39,0.65,0.75,0.7333333333333334,"[[4, 1], [1, 2]]",0.7333333333333334,0.75,0.75,1,0.3333333333333333,1,0.2,0.4666666666666667,0.4666666666666667,0.8,0.6666666666666666,0.7333333333333334,0.75,0.75,0.7333333333333334,0.75,0.75,4,0.8,2,0.6666666666666666
0.6,0.57,"{""clf__colsample_bytree"": 1.0, ""clf__learning_rate"": 0.1, ""clf__max_depth"": 5, ""clf__n_estimators"": 400, ""clf__subsample"": 1.0}",0.3099265992641449,"[[69, 31], [33, 27]]",arousal,0.5703977177378755,0.6,0.5985903675113274,33,0.55,,31,0.31,0.14093959731543626,1.2458073387787008,0.14099041153938313,subject_dependent,xgb,0.6764705882352942,0.46551724137931033,0.42535129309697073,0.5709939148073022,0.6,0.5973630831643002,0.57,0.6,0.6,0.571,69,0.69,27,0.45,0.75,0.7333333333333334,"[[4, 1], [1, 2]]",0.7333333333333334,0.75,0.75,1,0.3333333333333333,1,0.2,0.4666666666666667,0.4666666666666667,0.8,0.6666666666666666,0.7333333333333334,0.75,0.75,0.7333333333333334,0.75,0.75,4,0.8,2,0.6666666666666666
0.8375,0.5,"{""clf__colsample_bytree"": 1.0, ""clf__learning_rate"": 0.1, ""clf__max_depth"": 3, ""clf__n_estimators"": 200, ""clf__subsample"": 1.0}",0.13257618248462677,"[[1, 19], [7, 133]]",arousal,0.4911937377690802,0.8375,0.8060176125244618,7,0.05,,19,0.95,0.0,0.5168528130321999,0.0,subject_dependent,xgb,0.125,0.875,0.859196974718383,0.5,0.8375,0.78125,0.5,0.8375,0.8375,0.4792857142857143,1,0.05,133,0.95,0.875,0.5,"[[0, 1], [0, 7]]",0.4666666666666667,0.875,0.8166666666666667,0,0.0,1,1.0,0.0,0.0,0.0,0.875,0.4375,0.875,0.765625,0.5,0.875,0.875,0,0.0,7,1.0
0.86875,0.49642857142857144,"{""clf__colsample_bytree"": 0.8, ""clf__learning_rate"": 0.1, ""clf__max_depth"": 3, ""clf__n_estimators"": 400, ""clf__subsample"": 0.8}",0.12859350442886353,"[[0, 20], [1, 139]]",arousal,0.46488294314381273,0.86875,0.8135451505016723,1,0.007142857142857143,,20,1.0,-0.012048192771084265,0.7540130179044762,-0.02997453246650903,subject_dependent,xgb,0.0,0.8742138364779874,0.8192418789376859,0.4371069182389937,0.86875,0.764937106918239,0.49642857142857144,0.86875,0.86875,0.36178571428571427,0,0.0,139,0.9928571428571429,0.875,0.5,"[[0, 1], [0, 7]]",0.4666666666666667,0.875,0.8166666666666667,0,0.0,1,1.0,0.0,0.0,0.0,0.875,0.4375,0.875,0.765625,0.5,0.875,0.875,0,0.0,7,1.0
0.875,0.5,"{""clf__colsample_bytree"": 1.0, ""clf__learning_rate"": 0.1, ""clf__max_depth"": 3, ""clf__n_estimators"": 200, ""clf__subsample"": 1.0}",0.1138221025466919,"[[0, 20], [0, 140]]",arousal,0.4666666666666667,0.875,0.8166666666666667,0,0.0,,20,1.0,0.0,0.4725784077506593,0.0,subject_dependent,xgb,0.0,0.875,0.8667845421464968,0.4375,0.875,0.765625,0.5,0.875,0.875,0.5357142857142857,0,0.0,140,1.0,0.875,0.5,"[[0, 1], [0, 7]]",0.4666666666666667,0.875,0.8166666666666667,0,0.0,1,1.0,0.0,0.0,0.0,0.875,0.4375,0.875,0.765625,0.5,0.875,0.875,0,0.0,7,1.0
0.99375,0.99375,"{""clf__colsample_bytree"": 0.8, ""clf__learning_rate"": 0.1, ""clf__max_depth"": 5, ""clf__n_estimators"": 400, ""clf__subsample"": 1.0}",,"[[0, 0], [1, 159]]",arousal,0.49843260188087773,0.99375,0.9968652037617554,,,,,,0.0,,0.0,subject_dependent,xgb,,,1.0,0.5,0.99375,1.0,0.496875,0.99375,0.99375,nan,,,,,1.0,1.0,[[8]],1.0,1.0,1.0,,,,,nan,0.0,,,1.0,1.0,1.0,1.0,1.0,1.0,,,,
0.74375,0.49583333333333335,"{""clf__colsample_bytree"": 0.8, ""clf__learning_rate"": 0.05, ""clf__max_depth"": 5, ""clf__n_estimators"": 400, ""clf__subsample"": 0.8}",0.24552679061889648,"[[0, 40], [1, 119]]",arousal,0.4265232974910394,0.74375,0.6397849462365591,1,0.008333333333333333,,40,1.0,-0.012345679012345734,1.3388955816394421,-0.04578685464956301,subject_dependent,xgb,0.0,0.7484276729559748,0.6957413089114031,0.3742138364779874,0.74375,0.5613207547169811,0.49583333333333335,0.74375,0.74375,0.38937499999999997,0,0.0,119,0.9916666666666667,0.75,0.5,"[[0, 2], [0, 6]]",0.42857142857142855,0.75,0.6428571428571428,0,0.0,2,1.0,0.0,0.0,0.0,0.75,0.375,0.75,0.5625,0.5,0.75,0.75,0,0.0,6,1.0
0.975,0.975,"{""clf__colsample_bytree"": 1.0, ""clf__learning_rate"": 0.1, ""clf__max_depth"": 5, ""clf__n_estimators"": 400, ""clf__subsample"": 1.0}",,"[[0, 0], [4, 156]]",arousal,0.4936708860759494,0.975,0.9873417721518989,,,,,,0.0,,0.0,subject_dependent,xgb,,,1.0,0.5,0.975,1.0,0.4875,0.975,0.975,nan,,,,,1.0,1.0,[[8]],1.0,1.0,1.0,,,,,nan,0.0,,,1.0,1.0,1.0,1.0,1.0,1.0,,,,
0.975,0.975,"{""clf__colsample_bytree"": 0.8, ""clf__learning_rate"": 0.1, ""clf__max_depth"": 5, ""clf__n_estimators"": 200, ""clf__subsample"": 0.8}",,"[[0, 0], [4, 156]]",arousal,0.4936708860759494,0.975,0.9873417721518989,,,,,,0.0,,0.0,subject_dependent,xgb,,,1.0,0.5,0.975,1.0,0.4875,0.975,0.975,nan,,,,,1.0,1.0,[[8]],1.0,1.0,1.0,,,,,nan,0.0,,,1.0,1.0,1.0,1.0,1.0,1.0,,,,
0.83125,0.475,"{""clf__colsample_bytree"": 1.0, ""clf__learning_rate"": 0.1, ""clf__max_depth"": 3, ""clf__n_estimators"": 400, ""clf__subsample"": 1.0}",0.1460474729537964,"[[0, 20], [7, 133]]",arousal,0.4539249146757679,0.83125,0.7943686006825939,7,0.05,,20,1.0,-0.06930693069306937,0.7464487156880565,-0.08084520834544433,subject_dependent,xgb,0.0,0.869281045751634,0.8927144951179204,0.434640522875817,0.83125,0.7606209150326798,0.475,0.83125,0.83125,0.4960714285714286,0,0.0,133,0.95,0.875,0.5,"[[0, 1], [0, 7]]",0.4666666666666667,0.875,0.8166666666666667,0,0.0,1,1.0,0.0,0.0,0.0,0.875,0.4375,0.875,0.765625,0.5,0.875,0.875,0,0.0,7,1.0
0.75,0.5,"{""clf__colsample_bytree"": 0.8, ""clf__learning_rate"": 0.05, ""clf__max_depth"": 3, ""clf__n_estimators"": 200, ""clf__subsample"": 1.0}",0.20571470260620117,"[[0, 40], [0, 120]]",arousal,0.42857142857142855,0.75,0.6428571428571428,0,0.0,,40,1.0,0.0,0.7564126621030691,0.0,subject_dependent,xgb,0.0,0.75,0.9214740197653961,0.375,0.75,0.5625,0.5,0.75,0.75,0.8170833333333334,0,0.0,120,1.0,0.75,0.5,"[[0, 2], [0, 6]]",0.42857142857142855,0.75,0.6428571428571428,0,0.0,2,1.0,0.0,0.0,0.0,0.75,0.375,0.75,0.5625,0.5,0.75,0.75,0,0.0,6,1.0
0.81875,0.46785714285714286,"{""clf__colsample_bytree"": 0.8, ""clf__learning_rate"": 0.05, ""clf__max_depth"": 5, ""clf__n_estimators"": 200, ""clf__subsample"": 0.8}",0.16218993067741394,"[[0, 20], [9, 131]]",arousal,0.45017182130584193,0.81875,0.7878006872852235,9,0.06428571428571428,,20,1.0,-0.08411214953271018,0.7393923209724557,-0.09227493778812976,subject_dependent,xgb,0.0,0.8675496688741722,0.8675718900450118,0.4337748344370861,0.81875,0.7591059602649006,0.46785714285714286,0.81875,0.81875,0.3678571428571429,0,0.0,131,0.9357142857142857,0.875,0.5,"[[0, 1], [0, 7]]",0.4666666666666667,0.875,0.8166666666666667,0,0.0,1,1.0,0.0,0.0,0.0,0.875,0.4375,0.875,0.765625,0.5,0.875,0.875,0,0.0,7,1.0
0.4,0.3733333333333333,"{""clf__colsample_bytree"": 1.0, ""clf__learning_rate"": 0.1, ""clf__max_depth"": 3, ""clf__n_estimators"": 200, ""clf__subsample"": 1.0}",0.3869529366493225,"[[16, 44], [52, 48]]",arousal,0.375,0.4,0.40625,52,0.52,,44,0.7333333333333333,-0.24675324675324672,1.1473105518641806,-0.24809590313546123,subject_dependent,xgb,0.23529411764705882,0.5217391304347826,0.6328554066933939,0.3785166240409207,0.4,0.41432225063938616,0.3733333333333333,0.4,0.4,0.4166666666666667,16,0.26666666666666666,48,0.48,0.25,0.2,"[[0, 3], [3, 2]]",0.2,0.25,0.25,3,0.6,3,1.0,-0.6000000000000001,-0.6,0.0,0.4,0.2,0.25,0.25,0.2,0.25,0.25,0,0.0,2,0.4
0.6625,0.55,"{""clf__colsample_bytree"": 0.8, ""clf__learning_rate"": 0.05, ""clf__max_depth"": 5, ""clf__n_estimators"": 400, ""clf__subsample"": 0.8}",0.23398447036743164,"[[13, 27], [27, 93]]",arousal,0.55,0.6625,0.6625,27,0.225,,27,0.675,0.09999999999999998,0.7132896077970416,0.1,subject_dependent,xgb,0.325,0.775,0.8054091099620688,0.55,0.6625,0.6625,0.55,0.6625,0.6625,0.5858333333333334,13,0.325,93,0.775,0.75,0.5,"[[0, 2], [0, 6]]",0.42857142857142855,0.75,0.6428571428571428,0,0.0,2,1.0,0.0,0.0,0.0,0.75,0.375,0.75,0.5625,0.5,0.75,0.75,0,0.0,6,1.0
0.7,0.525,"{""clf__colsample_bytree"": 0.8, ""clf__learning_rate"": 0.05, ""clf__max_depth"": 3, ""clf__n_estimators"": 400, ""clf__subsample"": 0.8}",0.26160547137260437,"[[7, 33], [15, 105]]",arousal,0.5198799699924981,0.7,0.6669167291822956,15,0.125,,33,0.825,0.05882352941176472,0.8860279808573754,0.06286946134619315,subject_dependent,xgb,0.3181818181818182,0.7608695652173914,0.6565017631090798,0.5395256916996047,0.7,0.650197628458498,0.525,0.7,0.7,0.3760416666666666,7,0.175,105,0.875,0.625,0.4166666666666667,"[[0, 2], [1, 5]]",0.38461538461538464,0.625,0.576923076923077,1,0.16666666666666666,2,1.0,-0.19999999999999996,-0.2182178902359924,0.0,0.7142857142857143,0.35714285714285715,0.625,0.5357142857142857,0.4166666666666667,0.625,0.625,0,0.0,5,0.8333333333333334
0.55625,0.5562499999999999,"{""clf__colsample_bytree"": 1.0, ""clf__learning_rate"": 0.1, ""clf__max_depth"": 3, ""clf__n_estimators"": 200, ""clf__subsample"": 1.0}",0.31983479857444763,"[[23, 57], [14, 66]]",arousal,0.5217043492905562,0.55625,0.5217043492905562,14,0.175,,57,0.7125,0.11250000000000004,0.9976230485290649,0.1334102173409856,subject_dependent,xgb,0.6216216216216216,0.5365853658536586,0.5252539766161333,0.57910349373764,0.55625,0.57910349373764,0.5562499999999999,0.55625,0.55625,0.5637499999999999,23,0.2875,66,0.825,0.5,0.5,"[[0, 4], [0, 4]]",0.3333333333333333,0.5,0.3333333333333333,0,0.0,4,1.0,0.0,0.0,0.0,0.5,0.25,0.5,0.25,0.5,0.5,0.5,0,0.0,4,1.0
0.63125,0.5783333333333334,"{""clf__colsample_bytree"": 0.8, ""clf__learning_rate"": 0.1, ""clf__max_depth"": 3, ""clf__n_estimators"": 200, ""clf__subsample"": 0.8}",0.25447946786880493,"[[22, 38], [21, 79]]",arousal,0.5776475325488792,0.63125,0.6152632991812446,21,0.21,,38,0.6333333333333333,0.16607773851590102,0.7566824908139369,0.17109017469305196,subject_dependent,xgb,0.5116279069767442,0.6752136752136753,0.6613256205654885,0.5934207910952097,0.63125,0.613869012124826,0.5783333333333334,0.63125,0.63125,0.5823333333333334,22,0.36666666666666664,79,0.79,0.75,0.6666666666666666,"[[1, 2], [0, 5]]",0.6666666666666667,0.75,0.7083333333333334,0,0.0,2,0.6666666666666666,0.3846153846153846,0.4879500364742666,1.0,0.7142857142857143,0.8571428571428572,0.75,0.8214285714285714,0.6666666666666666,0.75,0.75,1,0.3333333333333333,5,1.0
0.55625,0.555,"{""clf__colsample_bytree"": 1.0, ""clf__learning_rate"": 0.05, ""clf__max_depth"": 5, ""clf__n_estimators"": 400, ""clf__subsample"": 0.8}",0.3187815546989441,"[[33, 27], [44, 56]]",arousal,0.5468868413705078,0.55625,0.5631705955087551,44,0.44,,27,0.45,0.10410094637223977,0.9829256601385726,0.10658200886048574,subject_dependent,xgb,0.42857142857142855,0.6746987951807228,0.7801856382336968,0.5516351118760757,0.55625,0.5824010327022375,0.555,0.55625,0.55625,0.5866666666666667,33,0.55,56,0.56,0.625,0.6333333333333333,"[[2, 1], [2, 3]]",0.6190476190476191,0.625,0.6309523809523809,2,0.4,1,0.3333333333333333,0.25,0.2581988897471611,0.5,0.75,0.625,0.625,0.65625,0.6333333333333333,0.625,0.625,2,0.6666666666666666,3,0.6
0.59375,0.575,"{""clf__colsample_bytree"": 1.0, ""clf__learning_rate"": 0.1, ""clf__max_depth"": 3, ""clf__n_estimators"": 400, ""clf__subsample"": 0.8}",0.285039484500885,"[[11, 9], [56, 84]]",arousal,0.4869518030684229,0.59375,0.6625104829559469,56,0.4,,9,0.45,0.07473309608540923,0.8737325050263539,0.10055215880021537,subject_dependent,xgb,0.16417910447761194,0.9032258064516129,0.9257725544462135,0.5337024554646124,0.59375,0.8108449687048628,0.575,0.59375,0.59375,0.6282142857142857,11,0.55,84,0.6,0.625,0.7857142857142857,"[[1, 0], [3, 4]]",0.5636363636363637,0.625,0.6863636363636364,3,0.42857142857142855,0,0.0,0.25,0.3779644730092272,0.25,1.0,0.625,0.625,0.90625,0.7857142857142857,0.625,0.625,1,1.0,4,0.5714285714285714
0.59375,0.59375,"{""clf__colsample_bytree"": 1.0, ""clf__learning_rate"": 0.1, ""clf__max_depth"": 5, ""clf__n_estimators"": 400, ""clf__subsample"": 0.8}",0.3168444037437439,"[[32, 48], [17, 63]]",arousal,0.5779049474410487,0.59375,0.5779049474410487,17,0.2125,,48,0.6,0.1875,1.041072753890284,0.20339099908982122,subject_dependent,xgb,0.6530612244897959,0.5675675675675675,0.7076624148783595,0.6103143960286816,0.59375,0.6103143960286816,0.59375,0.59375,0.59375,0.6475,32,0.4,63,0.7875,0.625,0.625,"[[2, 2], [1, 3]]",0.6190476190476191,0.625,0.6190476190476191,1,0.25,2,0.5,0.25,0.2581988897471611,0.6666666666666666,0.6,0.6333333333333333,0.625,0.6333333333333333,0.625,0.625,0.625,2,0.5,3,0.75
0.65625,0.65625,"{""clf__colsample_bytree"": 0.8, ""clf__learning_rate"": 0.05, ""clf__max_depth"": 3, ""clf__n_estimators"": 200, ""clf__subsample"": 0.8}",0.2357703447341919,"[[41, 39], [16, 64]]",arousal,0.6489968489489849,0.65625,0.6489968489489849,16,0.2,,39,0.4875,0.3125,0.6788569912608781,0.32627512782303736,subject_dependent,xgb,0.7192982456140351,0.6213592233009708,0.7699527254776518,0.670328734457503,0.65625,0.670328734457503,0.65625,0.65625,0.65625,0.73234375,41,0.5125,64,0.8,0.625,0.625,"[[2, 2], [1, 3]]",0.6190476190476191,0.625,0.6190476190476191,1,0.25,2,0.5,0.25,0.2581988897471611,0.6666666666666666,0.6,0.6333333333333333,0.625,0.6333333333333333,0.625,0.625,0.625,2,0.5,3,0.75
0.49375,0.49374999999999997,"{""clf__colsample_bytree"": 1.0, ""clf__learning_rate"": 0.1, ""clf__max_depth"": 3, ""clf__n_estimators"": 400, ""clf__subsample"": 0.8}",0.3913179337978363,"[[33, 47], [34, 46]]",arousal,0.4903857496755928,0.49375,0.49038574967559273,34,0.425,,47,0.5875,-0.012499999999999956,1.521115429304625,-0.01266838123695451,subject_dependent,xgb,0.4925373134328358,0.4946236559139785,0.5391887720544972,0.49358048467340715,0.49375,0.49358048467340715,0.49374999999999997,0.49375,0.49375,0.51390625,33,0.4125,46,0.575,0.5,0.5,"[[2, 2], [2, 2]]",0.5,0.5,0.5,2,0.5,2,0.5,0.0,0.0,0.5,0.5,0.5,0.5,0.5,0.5,0.5,0.5,2,0.5,2,0.5
0.6375,0.69,"{""clf__colsample_bytree"": 1.0, ""clf__learning_rate"": 0.1, ""clf__max_depth"": 5, ""clf__n_estimators"": 200, ""clf__subsample"": 0.8}",0.2859954237937927,"[[54, 6], [52, 48]]",arousal,0.6369895165075887,0.6375,0.6335862932248475,52,0.52,,6,0.1,0.32947976878612717,1.0259666918792605,0.3890535739948357,subject_dependent,xgb,0.5094339622641509,0.8888888888888888,0.8041486012380821,0.69916142557652,0.6375,0.7465932914046121,0.69,0.6375,0.6375,0.7191666666666666,54,0.9,48,0.48,0.75,0.8,"[[3, 0], [2, 3]]",0.75,0.75,0.75,2,0.4,0,0.0,0.5294117647058824,0.6,0.6,1.0,0.8,0.75,0.85,0.8,0.75,0.75,3,1.0,3,0.6
0.725,0.7250000000000001,"{""clf__colsample_bytree"": 0.8, ""clf__learning_rate"": 0.1, ""clf__max_depth"": 5, ""clf__n_estimators"": 200, ""clf__subsample"": 0.8}",0.19536013901233673,"[[69, 11], [33, 47]]",arousal,0.7197005892658066,0.725,0.7197005892658066,33,0.4125,,11,0.1375,0.44999999999999996,0.6154377685491379,0.4680458707431094,subject_dependent,xgb,0.6764705882352942,0.8103448275862069,0.8492270301523138,0.7434077079107505,0.725,0.7434077079107505,0.7250000000000001,0.725,0.725,0.8221875000000001,69,0.8625,47,0.5875,0.75,0.75,"[[4, 0], [2, 2]]",0.7333333333333334,0.75,0.7333333333333334,2,0.5,0,0.0,0.5,0.5773502691896258,0.6666666666666666,1.0,0.8333333333333333,0.75,0.8333333333333333,0.75,0.75,0.75,4,1.0,2,0.5
0.74375,0.7849999999999999,"{""clf__colsample_bytree"": 0.8, ""clf__learning_rate"": 0.05, ""clf__max_depth"": 3, ""clf__n_estimators"": 400, ""clf__subsample"": 0.8}",0.17338216304779053,"[[57, 3], [38, 62]]",arousal,0.7434995112414466,0.74375,0.7455034213098728,38,0.38,,3,0.05,0.5104477611940299,0.5158151504758646,0.5618650262227644,subject_dependent,xgb,0.6,0.9538461538461539,0.9366999455532374,0.7769230769230769,0.74375,0.8211538461538461,0.7849999999999999,0.74375,0.74375,0.8878333333333334,57,0.95,62,0.62,0.75,0.8,"[[3, 0], [2, 3]]",0.75,0.75,0.75,2,0.4,0,0.0,0.5294117647058824,0.6,0.6,1.0,0.8,0.75,0.85,0.8,0.75,0.75,3,1.0,3,0.6
0.66875,0.66875,"{""clf__colsample_bytree"": 1.0, ""clf__learning_rate"": 0.1, ""clf__max_depth"": 3, ""clf__n_estimators"": 400, ""clf__subsample"": 1.0}",0.21732035279273987,"[[58, 22], [31, 49]]",arousal,0.6676985775304675,0.66875,0.6676985775304675,31,0.3875,,22,0.275,0.3375,0.6840412901701965,0.3396562312632976,subject_dependent,xgb,0.651685393258427,0.6901408450704225,0.8127899284949691,0.6709131191644248,0.66875,0.6709131191644249,0.66875,0.66875,0.66875,0.7689062499999999,58,0.725,49,0.6125,0.625,0.625,"[[3, 1], [2, 2]]",0.6190476190476191,0.625,0.6190476190476191,2,0.5,1,0.25,0.25,0.2581988897471611,0.6,0.6666666666666666,0.6333333333333333,0.625,0.6333333333333333,0.625,0.625,0.625,3,0.75,2,0.5
0.5625,0.5625,"{""clf__colsample_bytree"": 0.8, ""clf__learning_rate"": 0.05, ""clf__max_depth"": 3, ""clf__n_estimators"": 400, ""clf__subsample"": 1.0}",0.3394344449043274,"[[32, 48], [22, 58]]",arousal,0.550633927138501,0.5625,0.550633927138501,22,0.275,,48,0.6,0.125,1.1720438439460839,0.13217526428635734,subject_dependent,xgb,0.5925925925925926,0.5471698113207547,0.7216681649848796,0.5698812019566737,0.5625,0.5698812019566736,0.5625,0.5625,0.5625,0.6456249999999999,32,0.4,58,0.725,0.625,0.625,"[[2, 2], [1, 3]]",0.6190476190476191,0.625,0.6190476190476191,1,0.25,2,0.5,0.25,0.2581988897471611,0.6666666666666666,0.6,0.6333333333333333,0.625,0.6333333333333333,0.625,0.625,0.625,2,0.5,3,0.75
0.6625,0.6166666666666667,"{""clf__colsample_bytree"": 1.0, ""clf__learning_rate"": 0.1, ""clf__max_depth"": 3, ""clf__n_estimators"": 200, ""clf__subsample"": 1.0}",0.22635336220264435,"[[26, 34], [20, 80]]",arousal,0.6191147945688591,0.6625,0.6512519837771116,20,0.2,,34,0.5666666666666667,0.2447552447552448,0.6946147072421598,0.2495864874069922,subject_dependent,xgb,0.5652173913043478,0.7017543859649122,0.7957455456427764,0.63348588863463,0.6625,0.6505530129672005,0.6166666666666667,0.6625,0.6625,0.7156666666666667,26,0.43333333333333335,80,0.8,0.75,0.7333333333333334,"[[2, 1], [1, 4]]",0.7333333333333334,0.75,0.75,1,0.2,1,0.3333333333333333,0.4666666666666667,0.4666666666666667,0.6666666666666666,0.8,0.7333333333333334,0.75,0.75,0.7333333333333334,0.75,0.75,2,0.6666666666666666,4,0.8
0.63125,0.63125,"{""clf__colsample_bytree"": 1.0, ""clf__learning_rate"": 0.05, ""clf__max_depth"": 5, ""clf__n_estimators"": 200, ""clf__subsample"": 1.0}",0.2333458960056305,"[[33, 47], [12, 68]]",arousal,0.6127179487179487,0.63125,0.6127179487179488,12,0.15,,47,0.5875,0.26249999999999996,0.6913741106994157,0.2919201796799047,subject_dependent,xgb,0.7333333333333333,0.591304347826087,0.759788129550159,0.6623188405797101,0.63125,0.6623188405797101,0.63125,0.63125,0.63125,0.75078125,33,0.4125,68,0.85,0.625,0.625,"[[2, 2], [1, 3]]",0.6190476190476191,0.625,0.6190476190476191,1,0.25,2,0.5,0.25,0.2581988897471611,0.6666666666666666,0.6,0.6333333333333333,0.625,0.6333333333333333,0.625,0.625,0.625,2,0.5,3,0.75
0.7625,0.6666666666666666,"{""clf__colsample_bytree"": 1.0, ""clf__learning_rate"": 0.05, ""clf__max_depth"": 3, ""clf__n_estimators"": 200, ""clf__subsample"": 0.8}",0.16266165673732758,"[[19, 21], [17, 103]]",arousal,0.6721311475409837,0.7625,0.7581967213114755,17,0.14166666666666666,,21,0.525,0.3448275862068966,0.4859480205496629,0.34565056491014173,subject_dependent,xgb,0.5277777777777778,0.8306451612903226,0.9234246971575563,0.6792114695340502,0.7625,0.7549283154121864,0.6666666666666666,0.7625,0.7625,0.78875,19,0.475,103,0.8583333333333333,0.75,0.6666666666666667,"[[1, 1], [1, 5]]",0.6666666666666667,0.75,0.75,1,0.16666666666666666,1,0.5,0.33333333333333337,0.3333333333333333,0.5,0.8333333333333334,0.6666666666666667,0.75,0.75,0.6666666666666667,0.75,0.75,1,0.5,5,0.8333333333333334
0.61875,0.6316666666666666,"{""clf__colsample_bytree"": 0.8, ""clf__learning_rate"": 0.1, ""clf__max_depth"": 3, ""clf__n_estimators"": 400, ""clf__subsample"": 1.0}",0.27866727113723755,"[[41, 19], [42, 58]]",arousal,0.6143969025324958,0.61875,0.6246394848089762,42,0.42,,19,0.31666666666666665,0.2445820433436533,0.92017812720205,0.25515086969631434,subject_dependent,xgb,0.4939759036144578,0.7532467532467533,0.7903919847035142,0.6236113284306055,0.61875,0.6560201846346425,0.6316666666666666,0.61875,0.61875,0.6873333333333334,41,0.6833333333333333,58,0.58,0.625,0.7,"[[3, 0], [3, 2]]",0.6190476190476191,0.625,0.6071428571428571,3,0.6,0,0.0,0.33333333333333337,0.4472135954999579,0.5,1.0,0.75,0.625,0.8125,0.7,0.625,0.625,3,1.0,2,0.4
0.6625,0.5833333333333334,"{""clf__colsample_bytree"": 1.0, ""clf__learning_rate"": 0.05, ""clf__max_depth"": 3, ""clf__n_estimators"": 200, ""clf__subsample"": 1.0}",0.24378183484077454,"[[17, 23], [31, 89]]",arousal,0.5768025078369906,0.6625,0.6720219435736677,31,0.25833333333333336,,23,0.575,0.15625,0.7340715929558432,0.157485197087178,subject_dependent,xgb,0.3541666666666667,0.7946428571428571,0.8187218820667352,0.5744047619047619,0.6625,0.6845238095238095,0.5833333333333334,0.6625,0.6625,0.6033333333333333,17,0.425,89,0.7416666666666667,0.75,0.6666666666666667,"[[1, 1], [1, 5]]",0.6666666666666667,0.75,0.75,1,0.16666666666666666,1,0.5,0.33333333333333337,0.3333333333333333,0.5,0.8333333333333334,0.6666666666666667,0.75,0.75,0.6666666666666667,0.75,0.75,1,0.5,5,0.8333333333333334
0.5625,0.4766666666666666,"{""clf__colsample_bytree"": 1.0, ""clf__learning_rate"": 0.1, ""clf__max_depth"": 5, ""clf__n_estimators"": 400, ""clf__subsample"": 1.0}",0.325692355632782,"[[8, 52], [18, 82]]",arousal,0.4434506062413039,0.5625,0.5078016298946532,18,0.18,,52,0.8666666666666667,-0.05263157894736836,1.124367215172141,-0.06124114937967812,subject_dependent,xgb,0.3076923076923077,0.6119402985074627,0.7201819541728509,0.4598163030998852,0.5625,0.49784730195177956,0.4766666666666666,0.5625,0.5625,0.5636666666666666,8,0.13333333333333333,82,0.82,0.625,0.5,"[[0, 3], [0, 5]]",0.38461538461538464,0.625,0.4807692307692308,0,0.0,3,1.0,0.0,0.0,0.0,0.625,0.3125,0.625,0.390625,0.5,0.625,0.625,0,0.0,5,1.0
0.69375,0.5291666666666667,"{""clf__colsample_bytree"": 1.0, ""clf__learning_rate"": 0.1, ""clf__max_depth"": 5, ""clf__n_estimators"": 200, ""clf__subsample"": 0.8}",0.24111299216747284,"[[8, 32], [17, 103]]",arousal,0.5269984917043741,0.69375,0.667420814479638,17,0.14166666666666666,,32,0.8,0.06666666666666665,0.8425998432668221,0.06956655929999346,subject_dependent,xgb,0.32,0.762962962962963,0.7244970648736974,0.5414814814814815,0.69375,0.6522222222222223,0.5291666666666667,0.69375,0.69375,0.4925,8,0.2,103,0.8583333333333333,0.625,0.4166666666666667,"[[0, 2], [1, 5]]",0.38461538461538464,0.625,0.576923076923077,1,0.16666666666666666,2,1.0,-0.19999999999999996,-0.2182178902359924,0.0,0.7142857142857143,0.35714285714285715,0.625,0.5357142857142857,0.4166666666666667,0.625,0.625,0,0.0,5,0.8333333333333334
0.7,0.4642857142857143,"{""clf__colsample_bytree"": 1.0, ""clf__learning_rate"": 0.1, ""clf__max_depth"": 5, ""clf__n_estimators"": 400, ""clf__subsample"": 0.8}",0.22155816853046417,"[[3, 17], [31, 109]]",arousal,0.46532999164578115,0.7,0.7309941520467838,31,0.22142857142857142,,17,0.85,-0.05494505494505497,0.7769201574352387,-0.05774657738960309,subject_dependent,xgb,0.08823529411764706,0.8650793650793651,0.8577823104555417,0.4766573295985061,0.7,0.7679738562091504,0.4642857142857143,0.7,0.7,0.39857142857142863,3,0.15,109,0.7785714285714286,0.875,0.5,"[[0, 1], [0, 7]]",0.4666666666666667,0.875,0.8166666666666667,0,0.0,1,1.0,0.0,0.0,0.0,0.875,0.4375,0.875,0.765625,0.5,0.875,0.875,0,0.0,7,1.0
0.66875,0.3821428571428571,"{""clf__colsample_bytree"": 0.8, ""clf__learning_rate"": 0.05, ""clf__max_depth"": 3, ""clf__n_estimators"": 400, ""clf__subsample"": 0.8}",0.2546089291572571,"[[0, 20], [33, 107]]",arousal,0.40074906367041196,0.66875,0.7013108614232209,33,0.2357142857142857,,20,1.0,-0.18435754189944142,0.8274345760911975,-0.19266644740329236,subject_dependent,xgb,0.0,0.84251968503937,0.7439147605903559,0.421259842519685,0.66875,0.7372047244094488,0.3821428571428571,0.66875,0.66875,0.13642857142857143,0,0.0,107,0.7642857142857142,0.875,0.5,"[[0, 1], [0, 7]]",0.4666666666666667,0.875,0.8166666666666667,0,0.0,1,1.0,0.0,0.0,0.0,0.875,0.4375,0.875,0.765625,0.5,0.875,0.875,0,0.0,7,1.0
0.53125,0.3464285714285714,"{""clf__colsample_bytree"": 0.8, ""clf__learning_rate"": 0.05, ""clf__max_depth"": 3, ""clf__n_estimators"": 400, ""clf__subsample"": 1.0}",0.30940282344818115,"[[2, 18], [57, 83]]",arousal,0.3697147959451652,0.53125,0.6090262093597353,57,0.40714285714285714,,18,0.9,-0.16731517509727634,0.8942881978769066,-0.21053909066946613,subject_dependent,xgb,0.03389830508474576,0.8217821782178217,0.812121795021546,0.42784024165128376,0.53125,0.7232966940761874,0.3464285714285714,0.53125,0.53125,0.2867857142857143,2,0.1,83,0.5928571428571429,0.375,0.21428571428571427,"[[0, 1], [4, 3]]",0.2727272727272727,0.375,0.47727272727272724,4,0.5714285714285714,1,1.0,-0.25,-0.3779644730092272,0.0,0.75,0.375,0.375,0.65625,0.21428571428571427,0.375,0.375,0,0.0,3,0.42857142857142855
0.7,0.48333333333333334,"{""clf__colsample_bytree"": 0.8, ""clf__learning_rate"": 0.05, ""clf__max_depth"": 3, ""clf__n_estimators"": 200, ""clf__subsample"": 0.8}",0.21806757152080536,"[[2, 38], [10, 110]]",arousal,0.44890929965556836,0.7,0.634902411021814,10,0.08333333333333333,,38,0.95,-0.04347826086956519,0.6722528020361918,-0.05479966243511909,subject_dependent,xgb,0.16666666666666666,0.7432432432432432,0.784084548971241,0.4549549549549549,0.7,0.5990990990990991,0.48333333333333334,0.7,0.7,0.5345833333333333,2,0.05,110,0.9166666666666666,0.75,0.5,"[[0, 2], [0, 6]]",0.42857142857142855,0.75,0.6428571428571428,0,0.0,2,1.0,0.0,0.0,0.0,0.75,0.375,0.75,0.5625,0.5,0.75,0.75,0,0.0,6,1.0
0.55625,0.4816666666666667,"{""clf__colsample_bytree"": 0.8, ""clf__learning_rate"": 0.1, ""clf__max_depth"": 3, ""clf__n_estimators"": 400, ""clf__subsample"": 1.0}",0.3403656482696533,"[[11, 49], [22, 78]]",arousal,0.46189190469423524,0.55625,0.5182250959215574,22,0.22,,49,0.8166666666666667,-0.04029304029304037,1.185856976054086,-0.04387208001764181,subject_dependent,xgb,0.3333333333333333,0.6141732283464567,0.6357632289104855,0.473753280839895,0.55625,0.5088582677165354,0.4816666666666667,0.55625,0.55625,0.47533333333333333,11,0.18333333333333332,78,0.78,0.5,0.4,"[[0, 3], [1, 4]]",0.3333333333333333,0.5,0.41666666666666663,1,0.2,3,1.0,-0.23076923076923084,-0.29277002188455997,0.0,0.5714285714285714,0.2857142857142857,0.5,0.3571428571428571,0.4,0.5,0.5,0,0.0,4,0.8
0.65625,0.4791666666666667,"{""clf__colsample_bytree"": 1.0, ""clf__learning_rate"": 0.1, ""clf__max_depth"": 3, ""clf__n_estimators"": 200, ""clf__subsample"": 0.8}",0.25112149119377136,"[[5, 35], [20, 100]]",arousal,0.46907993966817496,0.65625,0.6266968325791855,20,0.16666666666666666,,35,0.875,-0.04761904761904767,0.7681382249619133,-0.049690399499995326,subject_dependent,xgb,0.2,0.7407407407407407,0.7655910750265889,0.4703703703703703,0.65625,0.6055555555555555,0.4791666666666667,0.65625,0.65625,0.4691666666666667,5,0.125,100,0.8333333333333334,0.75,0.5,"[[0, 2], [0, 6]]",0.42857142857142855,0.75,0.6428571428571428,0,0.0,2,1.0,0.0,0.0,0.0,0.75,0.375,0.75,0.5625,0.5,0.75,0.75,0,0.0,6,1.0
0.5125,0.41,"{""clf__colsample_bytree"": 0.8, ""clf__learning_rate"": 0.1, ""clf__max_depth"": 3, ""clf__n_estimators"": 400, ""clf__subsample"": 1.0}",0.36863571405410767,"[[0, 60], [18, 82]]",arousal,0.33884297520661155,0.5125,0.42355371900826444,18,0.18,,60,1.0,-0.20930232558139528,1.2832904689394224,-0.27578313586615305,subject_dependent,xgb,0.0,0.5774647887323944,0.6142190458359476,0.2887323943661972,0.5125,0.3609154929577465,0.41,0.5125,0.5125,0.4448333333333333,0,0.0,82,0.82,0.625,0.5,"[[0, 3], [0, 5]]",0.38461538461538464,0.625,0.4807692307692308,0,0.0,3,1.0,0.0,0.0,0.0,0.625,0.3125,0.625,0.390625,0.5,0.625,0.625,0,0.0,5,1.0
0.58125,0.505,"{""clf__colsample_bytree"": 0.8, ""clf__learning_rate"": 0.05, ""clf__max_depth"": 3, ""clf__n_estimators"": 400, ""clf__subsample"": 1.0}",0.3098716139793396,"[[12, 48], [19, 81]]",arousal,0.485579922261145,0.58125,0.5410408368923653,19,0.19,,48,0.8,0.011070110701106972,0.9114081013632017,0.012248979932114525,subject_dependent,xgb,0.3870967741935484,0.627906976744186,0.6698350536762966,0.5075018754688672,0.58125,0.5376031507876969,0.505,0.58125,0.58125,0.4875,12,0.2,81,0.81,0.625,0.5,"[[0, 3], [0, 5]]",0.38461538461538464,0.625,0.4807692307692308,0,0.0,3,1.0,0.0,0.0,0.0,0.625,0.3125,0.625,0.390625,0.5,0.625,0.625,0,0.0,5,1.0
0.98125,0.98125,"{""clf__colsample_bytree"": 1.0, ""clf__learning_rate"": 0.1, ""clf__max_depth"": 3, ""clf__n_estimators"": 200, ""clf__subsample"": 1.0}",,"[[0, 0], [3, 157]]",arousal,0.4952681388012618,0.98125,0.9905362776025235,,,,,,0.0,,0.0,subject_dependent,xgb,,,1.0,0.5,0.98125,1.0,0.490625,0.98125,0.98125,nan,,,,,1.0,1.0,[[8]],1.0,1.0,1.0,,,,,nan,0.0,,,1.0,1.0,1.0,1.0,1.0,1.0,,,,
0.975,0.975,"{""clf__colsample_bytree"": 0.8, ""clf__learning_rate"": 0.05, ""clf__max_depth"": 3, ""clf__n_estimators"": 200, ""clf__subsample"": 0.8}",,"[[0, 0], [4, 156]]",arousal,0.4936708860759494,0.975,0.9873417721518989,,,,,,0.0,,0.0,subject_dependent,xgb,,,1.0,0.5,0.975,1.0,0.4875,0.975,0.975,nan,,,,,1.0,1.0,[[8]],1.0,1.0,1.0,,,,,nan,0.0,,,1.0,1.0,1.0,1.0,1.0,1.0,,,,
0.75,0.5,"{""clf__colsample_bytree"": 0.8, ""clf__learning_rate"": 0.05, ""clf__max_depth"": 3, ""clf__n_estimators"": 200, ""clf__subsample"": 1.0}",0.20333722233772278,"[[0, 40], [0, 120]]",arousal,0.42857142857142855,0.75,0.6428571428571428,0,0.0,,40,1.0,0.0,0.67952387027241,0.0,subject_dependent,xgb,0.0,0.75,0.847783660728269,0.375,0.75,0.5625,0.5,0.75,0.75,0.6614583333333334,0,0.0,120,1.0,0.75,0.5,"[[0, 2], [0, 6]]",0.42857142857142855,0.75,0.6428571428571428,0,0.0,2,1.0,0.0,0.0,0.0,0.75,0.375,0.75,0.5625,0.5,0.75,0.75,0,0.0,6,1.0
0.61875,0.49833333333333335,"{""clf__colsample_bytree"": 0.8, ""clf__learning_rate"": 0.05, ""clf__max_depth"": 5, ""clf__n_estimators"": 200, ""clf__subsample"": 1.0}",0.36286237835884094,"[[1, 59], [2, 98]]",arousal,0.39719597307145943,0.61875,0.4885584584028163,2,0.02,,59,0.9833333333333333,-0.004115226337448652,1.824938689326488,-0.011897176837470828,subject_dependent,xgb,0.3333333333333333,0.6242038216560509,0.5624140348693712,0.47876857749469215,0.61875,0.5151273885350318,0.49833333333333335,0.61875,0.61875,0.4355,1,0.016666666666666666,98,0.98,0.625,0.5,"[[0, 3], [0, 5]]",0.38461538461538464,0.625,0.4807692307692308,0,0.0,3,1.0,0.0,0.0,0.0,0.625,0.3125,0.625,0.390625,0.5,0.625,0.625,0,0.0,5,1.0
0.86875,0.5178571428571429,"{""clf__colsample_bytree"": 0.8, ""clf__learning_rate"": 0.05, ""clf__max_depth"": 5, ""clf__n_estimators"": 200, ""clf__subsample"": 1.0}",0.11256766319274902,"[[1, 19], [2, 138]]",arousal,0.5081247255160298,0.86875,0.8240008783487044,2,0.014285714285714285,,19,0.95,0.0561797752808989,0.42683808757265973,0.08707841807677036,subject_dependent,xgb,0.3333333333333333,0.8789808917197452,0.91694107771475,0.6061571125265393,0.86875,0.8107749469214438,0.5178571428571429,0.86875,0.86875,0.5892857142857143,1,0.05,138,0.9857142857142858,0.875,0.5,"[[0, 1], [0, 7]]",0.4666666666666667,0.875,0.8166666666666667,0,0.0,1,1.0,0.0,0.0,0.0,0.875,0.4375,0.875,0.765625,0.5,0.875,0.875,0,0.0,7,1.0
0.6875,0.48333333333333334,"{""clf__colsample_bytree"": 0.8, ""clf__learning_rate"": 0.1, ""clf__max_depth"": 3, ""clf__n_estimators"": 200, ""clf__subsample"": 1.0}",0.21165156364440918,"[[3, 37], [13, 107]]",arousal,0.4588744588744588,0.6875,0.6347402597402597,13,0.10833333333333334,,37,0.925,-0.04166666666666674,0.683448999397077,-0.048112522432468816,subject_dependent,xgb,0.1875,0.7430555555555556,0.7998619042921125,0.4652777777777778,0.6875,0.6041666666666667,0.48333333333333334,0.6875,0.6875,0.5839583333333334,3,0.075,107,0.8916666666666667,0.75,0.5,"[[0, 2], [0, 6]]",0.42857142857142855,0.75,0.6428571428571428,0,0.0,2,1.0,0.0,0.0,0.0,0.75,0.375,0.75,0.5625,0.5,0.75,0.75,0,0.0,6,1.0
0.61875,0.5016666666666667,"{""clf__colsample_bytree"": 1.0, ""clf__learning_rate"": 0.05, ""clf__max_depth"": 3, ""clf__n_estimators"": 400, ""clf__subsample"": 0.8}",0.30654197931289673,"[[2, 58], [3, 97]]",arousal,0.41116138763197585,0.61875,0.49856711915535445,3,0.03,,58,0.9666666666666667,0.004081632653061273,1.0735763820338786,0.009274777915203366,subject_dependent,xgb,0.4,0.6258064516129033,0.6240651449132959,0.5129032258064516,0.61875,0.5411290322580646,0.5016666666666667,0.61875,0.61875,0.5031666666666667,2,0.03333333333333333,97,0.97,0.625,0.5,"[[0, 3], [0, 5]]",0.38461538461538464,0.625,0.4807692307692308,0,0.0,3,1.0,0.0,0.0,0.0,0.625,0.3125,0.625,0.390625,0.5,0.625,0.625,0,0.0,5,1.0
0.91875,0.91875,"{""clf__colsample_bytree"": 1.0, ""clf__learning_rate"": 0.1, ""clf__max_depth"": 3, ""clf__n_estimators"": 400, ""clf__subsample"": 0.8}",,"[[0, 0], [13, 147]]",arousal,0.4788273615635179,0.91875,0.9576547231270357,,,,,,0.0,,0.0,subject_dependent,xgb,,,1.0,0.5,0.91875,1.0,0.459375,0.91875,0.91875,nan,,,,,1.0,1.0,[[8]],1.0,1.0,1.0,,,,,nan,0.0,,,1.0,1.0,1.0,1.0,1.0,1.0,,,,
0.59375,0.47833333333333333,"{""clf__colsample_bytree"": 0.8, ""clf__learning_rate"": 0.05, ""clf__max_depth"": 5, ""clf__n_estimators"": 400, ""clf__subsample"": 0.8}",0.34488025307655334,"[[1, 59], [6, 94]]",arousal,0.38646687511061295,0.59375,0.47562090732110207,6,0.06,,59,0.9833333333333333,-0.05263157894736836,1.3949498767795283,-0.10256589813841602,subject_dependent,xgb,0.14285714285714285,0.6143790849673203,0.6900150157357527,0.37861811391223155,0.59375,0.4375583566760038,0.47833333333333333,0.59375,0.59375,0.5351666666666667,1,0.016666666666666666,94,0.94,0.625,0.5,"[[0, 3], [0, 5]]",0.38461538461538464,0.625,0.4807692307692308,0,0.0,3,1.0,0.0,0.0,0.0,0.625,0.3125,0.625,0.390625,0.5,0.625,0.625,0,0.0,5,1.0
0.74375,0.5125,"{""clf__colsample_bytree"": 1.0, ""clf__learning_rate"": 0.05, ""clf__max_depth"": 5, ""clf__n_estimators"": 200, ""clf__subsample"": 1.0}",0.23060102760791779,"[[2, 38], [3, 117]]",arousal,0.4698989898989899,0.74375,0.6604040404040404,3,0.025,,38,0.95,0.03529411764705881,0.9440686646546222,0.062217101683825514,subject_dependent,xgb,0.4,0.7548387096774194,0.7354149817431044,0.5774193548387097,0.74375,0.6661290322580646,0.5125,0.74375,0.74375,0.4266666666666667,2,0.05,117,0.975,0.75,0.5,"[[0, 2], [0, 6]]",0.42857142857142855,0.75,0.6428571428571428,0,0.0,2,1.0,0.0,0.0,0.0,0.75,0.375,0.75,0.5625,0.5,0.75,0.75,0,0.0,6,1.0
0.64375,0.5125,"{""clf__colsample_bytree"": 0.8, ""clf__learning_rate"": 0.1, ""clf__max_depth"": 5, ""clf__n_estimators"": 200, ""clf__subsample"": 1.0}",0.2675085663795471,"[[10, 30], [27, 93]]",arousal,0.5125861792528459,0.64375,0.639009139009139,27,0.225,,30,0.75,0.02564102564102566,0.868121412868196,0.02567480829815484,subject_dependent,xgb,0.2702702702702703,0.7560975609756098,0.7876284850037223,0.5131839156229401,0.64375,0.6346407382992749,0.5125,0.64375,0.64375,0.5033333333333333,10,0.25,93,0.775,0.75,0.5,"[[0, 2], [0, 6]]",0.42857142857142855,0.75,0.6428571428571428,0,0.0,2,1.0,0.0,0.0,0.0,0.75,0.375,0.75,0.5625,0.5,0.75,0.75,0,0.0,6,1.0
0.58125,0.485,"{""clf__colsample_bytree"": 1.0, ""clf__learning_rate"": 0.05, ""clf__max_depth"": 3, ""clf__n_estimators"": 200, ""clf__subsample"": 1.0}",0.2783859968185425,"[[6, 54], [13, 87]]",arousal,0.43694521771101424,0.58125,0.508206838594464,13,0.13,,54,0.9,-0.03474903474903468,0.8353059465358426,-0.04489629708117746,subject_dependent,xgb,0.3157894736842105,0.6170212765957447,0.5999892365857011,0.4664053751399776,0.58125,0.5040593505039194,0.485,0.58125,0.58125,0.4873333333333333,6,0.1,87,0.87,0.625,0.5,"[[0, 3], [0, 5]]",0.38461538461538464,0.625,0.4807692307692308,0,0.0,3,1.0,0.0,0.0,0.0,0.625,0.3125,0.625,0.390625,0.5,0.625,0.625,0,0.0,5,1.0
0.51875,0.51875,"{""clf__colsample_bytree"": 1.0, ""clf__learning_rate"": 0.1, ""clf__max_depth"": 5, ""clf__n_estimators"": 200, ""clf__subsample"": 1.0}",0.42128705978393555,"[[8, 72], [5, 75]]",arousal,0.41641798114726924,0.51875,0.41641798114726924,5,0.0625,,72,0.9,0.03749999999999998,1.762885599892524,0.06862635163075163,subject_dependent,xgb,0.6153846153846154,0.5102040816326531,0.538945848446385,0.5627943485086342,0.51875,0.5627943485086343,0.51875,0.51875,0.51875,0.52109375,8,0.1,75,0.9375,0.5,0.5,"[[0, 4], [0, 4]]",0.3333333333333333,0.5,0.3333333333333333,0,0.0,4,1.0,0.0,0.0,0.0,0.5,0.25,0.5,0.25,0.5,0.5,0.5,0,0.0,4,1.0
0.73125,0.5892857142857143,"{""clf__colsample_bytree"": 1.0, ""clf__learning_rate"": 0.1, ""clf__max_depth"": 5, ""clf__n_estimators"": 400, ""clf__subsample"": 1.0}",0.1719186156988144,"[[8, 12], [31, 109]]",arousal,0.55321774141178,0.73125,0.7647412169621404,31,0.22142857142857142,,12,0.6,0.12690355329949243,0.5269618149299451,0.13755171197018237,subject_dependent,xgb,0.20512820512820512,0.9008264462809917,0.9449591095372092,0.5529773257045985,0.73125,0.8138641661368933,0.5892857142857143,0.73125,0.73125,0.6942857142857143,8,0.4,109,0.7785714285714286,0.875,0.5,"[[0, 1], [0, 7]]",0.4666666666666667,0.875,0.8166666666666667,0,0.0,1,1.0,0.0,0.0,0.0,0.875,0.4375,0.875,0.765625,0.5,0.875,0.875,0,0.0,7,1.0
0.49375,0.49374999999999997,"{""clf__colsample_bytree"": 0.8, ""clf__learning_rate"": 0.1, ""clf__max_depth"": 5, ""clf__n_estimators"": 400, ""clf__subsample"": 0.8}",0.39623579382896423,"[[13, 67], [14, 66]]",arousal,0.4313544820323812,0.49375,0.4313544820323812,14,0.175,,67,0.8375,-0.012499999999999956,1.681904698242065,-0.016687539144058627,subject_dependent,xgb,0.48148148148148145,0.49624060150375937,0.5059922580440956,0.48886104149262044,0.49375,0.48886104149262044,0.49374999999999997,0.49375,0.49375,0.5453125,13,0.1625,66,0.825,0.5,0.5,"[[0, 4], [0, 4]]",0.3333333333333333,0.5,0.3333333333333333,0,0.0,4,1.0,0.0,0.0,0.0,0.5,0.25,0.5,0.25,0.5,0.5,0.5,0,0.0,4,1.0
0.66875,0.66875,"{""clf__colsample_bytree"": 0.8, ""clf__learning_rate"": 0.05, ""clf__max_depth"": 3, ""clf__n_estimators"": 400, ""clf__subsample"": 1.0}",0.24049754440784454,"[[66, 14], [39, 41]]",arousal,0.6604604604604605,0.66875,0.6604604604604605,39,0.4875,,14,0.175,0.3375,0.727590938358856,0.35529391527827525,subject_dependent,xgb,0.6285714285714286,0.7454545454545455,0.7160611440850364,0.6870129870129871,0.66875,0.6870129870129871,0.66875,0.66875,0.66875,0.69859375,66,0.825,41,0.5125,0.625,0.625,"[[4, 0], [3, 1]]",0.5636363636363637,0.625,0.5636363636363637,3,0.75,0,0.0,0.25,0.3779644730092272,0.5714285714285714,1.0,0.7857142857142857,0.625,0.7857142857142857,0.625,0.625,0.625,4,1.0,1,0.25
0.5625,0.75,"{""clf__colsample_bytree"": 1.0, ""clf__learning_rate"": 0.1, ""clf__max_depth"": 5, ""clf__n_estimators"": 400, ""clf__subsample"": 0.8}",0.36733609437942505,"[[70, 70], [0, 20]]",arousal,0.5151515151515151,0.5625,0.6287878787878787,0,0.0,,70,0.5,0.19999999999999996,1.3907778253359284,0.3333333333333333,subject_dependent,xgb,1.0,0.2222222222222222,0.5658893101113706,0.6111111111111112,0.5625,0.9027777777777779,0.75,0.5625,0.5625,0.8521428571428572,70,0.5,20,1.0,0.5,0.7142857142857143,"[[3, 4], [0, 1]]",0.4666666666666667,0.5,0.5666666666666667,0,0.0,4,0.5714285714285714,0.1578947368421053,0.29277002188455997,1.0,0.2,0.6,0.5,0.9,0.7142857142857143,0.5,0.5,3,0.42857142857142855,1,1.0
0.4625,0.43666666666666665,"{""clf__colsample_bytree"": 1.0, ""clf__learning_rate"": 0.05, ""clf__max_depth"": 5, ""clf__n_estimators"": 400, ""clf__subsample"": 0.8}",0.36919429898262024,"[[54, 46], [40, 20]]",arousal,0.43708067419407626,0.4625,0.46698576337751596,40,0.6666666666666666,,46,0.46,-0.12418300653594772,1.1133641216895733,-0.12456673246103782,subject_dependent,xgb,0.574468085106383,0.30303030303030304,0.3744034391808365,0.438749194068343,0.4625,0.47267891682785307,0.43666666666666665,0.4625,0.4625,0.46233333333333326,54,0.54,20,0.3333333333333333,0.25,0.2,"[[2, 3], [3, 0]]",0.2,0.25,0.25,3,1.0,3,0.6,-0.6000000000000001,-0.6,0.4,0.0,0.2,0.25,0.25,0.2,0.25,0.25,2,0.4,0,0.0
0.58125,0.4541666666666667,"{""clf__colsample_bytree"": 0.8, ""clf__learning_rate"": 0.05, ""clf__max_depth"": 5, ""clf__n_estimators"": 200, ""clf__subsample"": 0.8}",0.31153178215026855,"[[85, 35], [32, 8]]",arousal,0.4550353311982106,0.58125,0.5861674546286412,32,0.8,,35,0.2916666666666667,-0.08943089430894302,0.9246430112168535,-0.0895374865926758,subject_dependent,xgb,0.7264957264957265,0.18604651162790697,0.20586264389756612,0.4562711190618167,0.58125,0.5913834227787717,0.4541666666666667,0.58125,0.58125,0.4145833333333333,85,0.7083333333333334,8,0.2,0.625,0.4166666666666667,"[[5, 1], [2, 0]]",0.38461538461538464,0.625,0.576923076923077,2,1.0,1,0.16666666666666666,-0.19999999999999996,-0.2182178902359924,0.7142857142857143,0.0,0.35714285714285715,0.625,0.5357142857142857,0.4166666666666667,0.625,0.625,5,0.8333333333333334,0,0.0
0.6,0.55,"{""clf__colsample_bytree"": 0.8, ""clf__learning_rate"": 0.05, ""clf__max_depth"": 3, ""clf__n_estimators"": 200, ""clf__subsample"": 0.8}",0.24842014908790588,"[[75, 25], [39, 21]]",arousal,0.548580497266796,0.6,0.58666901780991,39,0.65,,25,0.25,0.1048951048951049,0.7210508316644118,0.10696563746013953,subject_dependent,xgb,0.6578947368421053,0.45652173913043476,0.4400175997518151,0.5572082379862701,0.6,0.5823798627002288,0.55,0.6,0.6,0.606,75,0.75,21,0.35,0.75,0.6666666666666666,"[[5, 0], [2, 1]]",0.6666666666666667,0.75,0.7083333333333334,2,0.6666666666666666,0,0.0,0.3846153846153846,0.4879500364742666,0.7142857142857143,1.0,0.8571428571428572,0.75,0.8214285714285714,0.6666666666666666,0.75,0.75,5,1.0,1,0.3333333333333333
0.86875,0.49642857142857144,"{""clf__colsample_bytree"": 1.0, ""clf__learning_rate"": 0.1, ""clf__max_depth"": 5, ""clf__n_estimators"": 200, ""clf__subsample"": 1.0}",0.1280706822872162,"[[0, 20], [1, 139]]",arousal,0.46488294314381273,0.86875,0.8135451505016723,1,0.007142857142857143,,20,1.0,-0.012048192771084265,0.6391844431930075,-0.02997453246650903,subject_dependent,xgb,0.0,0.8742138364779874,0.8429885413614575,0.4371069182389937,0.86875,0.764937106918239,0.49642857142857144,0.86875,0.86875,0.4267857142857143,0,0.0,139,0.9928571428571429,0.875,0.5,"[[0, 1], [0, 7]]",0.4666666666666667,0.875,0.8166666666666667,0,0.0,1,1.0,0.0,0.0,0.0,0.875,0.4375,0.875,0.765625,0.5,0.875,0.875,0,0.0,7,1.0
0.8625,0.4928571428571429,"{""clf__colsample_bytree"": 0.8, ""clf__learning_rate"": 0.1, ""clf__max_depth"": 5, ""clf__n_estimators"": 200, ""clf__subsample"": 0.8}",0.1287575662136078,"[[0, 20], [2, 138]]",arousal,0.46308724832214765,0.8625,0.8104026845637584,2,0.014285714285714285,,20,1.0,-0.023255813953488413,0.5686365600063066,-0.04252432555625622,subject_dependent,xgb,0.0,0.8734177215189873,0.8820151941933225,0.43670886075949367,0.8625,0.764240506329114,0.4928571428571429,0.8625,0.8625,0.5057142857142857,0,0.0,138,0.9857142857142858,0.875,0.5,"[[0, 1], [0, 7]]",0.4666666666666667,0.875,0.8166666666666667,0,0.0,1,1.0,0.0,0.0,0.0,0.875,0.4375,0.875,0.765625,0.5,0.875,0.875,0,0.0,7,1.0
0.95,0.95,"{""clf__colsample_bytree"": 1.0, ""clf__learning_rate"": 0.05, ""clf__max_depth"": 5, ""clf__n_estimators"": 400, ""clf__subsample"": 0.8}",,"[[0, 0], [8, 152]]",arousal,0.48717948717948717,0.95,0.9743589743589742,,,,,,0.0,,0.0,subject_dependent,xgb,,,0.9999999999999998,0.5,0.95,1.0,0.475,0.95,0.95,nan,,,,,1.0,1.0,[[8]],1.0,1.0,1.0,,,,,nan,0.0,,,1.0,1.0,1.0,1.0,1.0,1.0,,,,
0.7375,0.49166666666666664,"{""clf__colsample_bytree"": 0.8, ""clf__learning_rate"": 0.05, ""clf__max_depth"": 3, ""clf__n_estimators"": 200, ""clf__subsample"": 0.8}",0.23374152183532715,"[[0, 40], [2, 118]]",arousal,0.4244604316546763,0.7375,0.6366906474820144,2,0.016666666666666666,,40,1.0,-0.024390243902439046,0.854059900268588,-0.06495698024616309,subject_dependent,xgb,0.0,0.7468354430379747,0.7831440019296918,0.37341772151898733,0.7375,0.560126582278481,0.49166666666666664,0.7375,0.7375,0.5220833333333333,0,0.0,118,0.9833333333333333,0.75,0.5,"[[0, 2], [0, 6]]",0.42857142857142855,0.75,0.6428571428571428,0,0.0,2,1.0,0.0,0.0,0.0,0.75,0.375,0.75,0.5625,0.5,0.75,0.75,0,0.0,6,1.0
0.7375,0.49166666666666664,"{""clf__colsample_bytree"": 1.0, ""clf__learning_rate"": 0.05, ""clf__max_depth"": 3, ""clf__n_estimators"": 200, ""clf__subsample"": 0.8}",0.23486754298210144,"[[0, 40], [2, 118]]",arousal,0.4244604316546763,0.7375,0.6366906474820144,2,0.016666666666666666,,40,1.0,-0.024390243902439046,0.8939814325442731,-0.06495698024616309,subject_dependent,xgb,0.0,0.7468354430379747,0.767925544686707,0.37341772151898733,0.7375,0.560126582278481,0.49166666666666664,0.7375,0.7375,0.481875,0,0.0,118,0.9833333333333333,0.75,0.5,"[[0, 2], [0, 6]]",0.42857142857142855,0.75,0.6428571428571428,0,0.0,2,1.0,0.0,0.0,0.0,0.75,0.375,0.75,0.5625,0.5,0.75,0.75,0,0.0,6,1.0
0.625,0.5066666666666667,"{""clf__colsample_bytree"": 1.0, ""clf__learning_rate"": 0.05, ""clf__max_depth"": 3, ""clf__n_estimators"": 200, ""clf__subsample"": 0.8}",0.2845871150493622,"[[2, 58], [2, 98]]",arousal,0.4140625,0.625,0.501953125,2,0.02,,58,0.9666666666666667,0.016393442622950838,0.8657790856273341,0.04134491152973615,subject_dependent,xgb,0.5,0.6282051282051282,0.6886636419817772,0.5641025641025641,0.625,0.5801282051282051,0.5066666666666667,0.625,0.625,0.5421666666666667,2,0.03333333333333333,98,0.98,0.625,0.5,"[[0, 3], [0, 5]]",0.38461538461538464,0.625,0.4807692307692308,0,0.0,3,1.0,0.0,0.0,0.0,0.625,0.3125,0.625,0.390625,0.5,0.625,0.625,0,0.0,5,1.0
0.75625,0.5375,"{""clf__colsample_bytree"": 1.0, ""clf__learning_rate"": 0.05, ""clf__max_depth"": 5, ""clf__n_estimators"": 200, ""clf__subsample"": 1.0}",0.21709784865379333,"[[4, 36], [3, 117]]",arousal,0.5136778115501519,0.75625,0.6854103343465046,3,0.025,,36,0.9,0.10344827586206895,0.7419313848469162,0.15877683720748895,subject_dependent,xgb,0.5714285714285714,0.7647058823529411,0.7230851821519955,0.6680672268907563,0.75625,0.7163865546218486,0.5375,0.75625,0.75625,0.451875,4,0.1,117,0.975,0.75,0.5,"[[0, 2], [0, 6]]",0.42857142857142855,0.75,0.6428571428571428,0,0.0,2,1.0,0.0,0.0,0.0,0.75,0.375,0.75,0.5625,0.5,0.75,0.75,0,0.0,6,1.0
0.5125,0.5125,"{""clf__colsample_bytree"": 0.8, ""clf__learning_rate"": 0.05, ""clf__max_depth"": 3, ""clf__n_estimators"": 200, ""clf__subsample"": 0.8}",0.394500195980072,"[[2, 78], [0, 80]]",arousal,0.3605246976839517,0.5125,0.3605246976839517,0,0.0,,78,0.975,0.025000000000000022,1.2961774780777557,0.1125087900926024,subject_dependent,xgb,1.0,0.5063291139240507,0.5143494062938386,0.7531645569620253,0.5125,0.7531645569620253,0.5125,0.5125,0.5125,0.5184375,2,0.025,80,1.0,0.5,0.5,"[[0, 4], [0, 4]]",0.3333333333333333,0.5,0.3333333333333333,0,0.0,4,1.0,0.0,0.0,0.0,0.5,0.25,0.5,0.25,0.5,0.5,0.5,0,0.0,4,1.0
0.71875,0.5208333333333333,"{""clf__colsample_bytree"": 1.0, ""clf__learning_rate"": 0.05, ""clf__max_depth"": 5, ""clf__n_estimators"": 400, ""clf__subsample"": 0.8}",0.23994001746177673,"[[5, 35], [10, 110]]",arousal,0.5060034305317325,0.71875,0.6680960548885077,10,0.08333333333333333,,35,0.875,0.052631578947368474,0.9892836422342605,0.06189844605901729,subject_dependent,xgb,0.3333333333333333,0.7586206896551724,0.6926949886905536,0.5459770114942528,0.71875,0.6522988505747126,0.5208333333333333,0.71875,0.71875,0.43708333333333327,5,0.125,110,0.9166666666666666,0.75,0.5,"[[0, 2], [0, 6]]",0.42857142857142855,0.75,0.6428571428571428,0,0.0,2,1.0,0.0,0.0,0.0,0.75,0.375,0.75,0.5625,0.5,0.75,0.75,0,0.0,6,1.0
0.71875,0.43214285714285716,"{""clf__colsample_bytree"": 1.0, ""clf__learning_rate"": 0.1, ""clf__max_depth"": 5, ""clf__n_estimators"": 400, ""clf__subsample"": 0.8}",0.21177339553833008,"[[1, 19], [26, 114]]",arousal,0.4388590133270984,0.71875,0.7360883797054011,26,0.18571428571428572,,19,0.95,-0.11801242236024834,0.7977833384652379,-0.11983864182969445,subject_dependent,xgb,0.037037037037037035,0.8571428571428571,0.8473809768036112,0.4470899470899471,0.71875,0.7546296296296297,0.43214285714285716,0.71875,0.71875,0.3839285714285714,1,0.05,114,0.8142857142857143,0.875,0.5,"[[0, 1], [0, 7]]",0.4666666666666667,0.875,0.8166666666666667,0,0.0,1,1.0,0.0,0.0,0.0,0.875,0.4375,0.875,0.765625,0.5,0.875,0.875,0,0.0,7,1.0
0.5125,0.5,"{""clf__colsample_bytree"": 0.8, ""clf__learning_rate"": 0.1, ""clf__max_depth"": 3, ""clf__n_estimators"": 200, ""clf__subsample"": 0.8}",0.2967967391014099,"[[55, 45], [33, 27]]",arousal,0.49709864603481624,0.5125,0.5191005802707931,33,0.55,,45,0.45,0.0,0.8281775906125113,0.0,subject_dependent,xgb,0.625,0.375,0.41307261842409315,0.5,0.5125,0.53125,0.5,0.5125,0.5125,0.5068333333333332,55,0.55,27,0.45,0.625,0.5666666666666667,"[[4, 1], [2, 1]]",0.5636363636363637,0.625,0.6045454545454546,2,0.6666666666666666,1,0.2,0.1428571428571429,0.14907119849998599,0.6666666666666666,0.5,0.5833333333333333,0.625,0.6041666666666666,0.5666666666666667,0.625,0.625,4,0.8,1,0.3333333333333333
0.4625,0.4625,"{""clf__colsample_bytree"": 1.0, ""clf__learning_rate"": 0.1, ""clf__max_depth"": 5, ""clf__n_estimators"": 200, ""clf__subsample"": 0.8}",0.32551926374435425,"[[37, 43], [43, 37]]",arousal,0.4625,0.4625,0.4625,43,0.5375,,43,0.5375,-0.07499999999999996,0.935494204125955,-0.075,subject_dependent,xgb,0.4625,0.4625,0.5321021153948584,0.4625,0.4625,0.4625,0.4625,0.4625,0.4625,0.5109374999999999,37,0.4625,37,0.4625,0.25,0.25,"[[1, 3], [3, 1]]",0.25,0.25,0.25,3,0.75,3,0.75,-0.5,-0.5,0.25,0.25,0.25,0.25,0.25,0.25,0.25,0.25,1,0.25,1,0.25
0.5625,0.56,"{""clf__colsample_bytree"": 0.8, ""clf__learning_rate"": 0.1, ""clf__max_depth"": 3, ""clf__n_estimators"": 200, ""clf__subsample"": 0.8}",0.2895951271057129,"[[57, 43], [27, 33]]",arousal,0.5524296675191815,0.5625,0.5692135549872123,27,0.45,,43,0.43,0.11392405063291144,0.8488474457913116,0.11633501014942219,subject_dependent,xgb,0.6785714285714286,0.4342105263157895,0.42108033863583627,0.5563909774436091,0.5625,0.5869360902255639,0.56,0.5625,0.5625,0.5728333333333334,57,0.57,33,0.55,0.625,0.6333333333333333,"[[3, 2], [1, 2]]",0.6190476190476191,0.625,0.6309523809523809,1,0.3333333333333333,2,0.4,0.25,0.2581988897471611,0.75,0.5,0.625,0.625,0.65625,0.6333333333333333,0.625,0.625,3,0.6,2,0.6666666666666666
0.55,0.5833333333333334,"{""clf__colsample_bytree"": 0.8, ""clf__learning_rate"": 0.1, ""clf__max_depth"": 3, ""clf__n_estimators"": 400, ""clf__subsample"": 1.0}",0.31629806756973267,"[[45, 55], [17, 43]]",arousal,0.549929676511955,0.55,0.5513361462728552,17,0.2833333333333333,,55,0.55,0.14792899408284022,0.9637639728416516,0.1656210342000601,subject_dependent,xgb,0.7258064516129032,0.4387755102040816,0.458991003542605,0.5822909809084924,0.55,0.6181698485845951,0.5833333333333334,0.55,0.55,0.5973333333333333,45,0.45,43,0.7166666666666667,0.625,0.7,"[[2, 3], [0, 3]]",0.6190476190476191,0.625,0.6071428571428571,0,0.0,3,0.6,0.33333333333333337,0.4472135954999579,1.0,0.5,0.75,0.625,0.8125,0.7,0.625,0.625,2,0.4,3,1.0
0.5625,0.5625,"{""clf__colsample_bytree"": 0.8, ""clf__learning_rate"": 0.1, ""clf__max_depth"": 5, ""clf__n_estimators"": 400, ""clf__subsample"": 0.8}",0.3131851553916931,"[[48, 32], [38, 42]]",arousal,0.5618838992332968,0.5625,0.5618838992332968,38,0.475,,32,0.4,0.125,1.04453217598595,0.12535305264097504,subject_dependent,xgb,0.5581395348837209,0.5675675675675675,0.548702998907006,0.5628535512256443,0.5625,0.5628535512256443,0.5625,0.5625,0.5625,0.5843750000000001,48,0.6,42,0.525,0.5,0.5,"[[2, 2], [2, 2]]",0.5,0.5,0.5,2,0.5,2,0.5,0.0,0.0,0.5,0.5,0.5,0.5,0.5,0.5,0.5,0.5,2,0.5,2,0.5
0.575,0.575,"{""clf__colsample_bytree"": 1.0, ""clf__learning_rate"": 0.1, ""clf__max_depth"": 3, ""clf__n_estimators"": 400, ""clf__subsample"": 1.0}",0.32100579142570496,"[[22, 58], [10, 70]]",arousal,0.532967032967033,0.575,0.5329670329670331,10,0.125,,58,0.725,0.15000000000000002,1.1264820482255855,0.1875,subject_dependent,xgb,0.6875,0.546875,0.6506581550958117,0.6171875,0.575,0.6171875,0.575,0.575,0.575,0.6615624999999999,22,0.275,70,0.875,0.5,0.5,"[[0, 4], [0, 4]]",0.3333333333333333,0.5,0.3333333333333333,0,0.0,4,1.0,0.0,0.0,0.0,0.5,0.25,0.5,0.25,0.5,0.5,0.5,0,0.0,4,1.0
0.6125,0.5666666666666667,"{""clf__colsample_bytree"": 0.8, ""clf__learning_rate"": 0.05, ""clf__max_depth"": 3, ""clf__n_estimators"": 200, ""clf__subsample"": 0.8}",0.2471924126148224,"[[23, 37], [25, 75]]",arousal,0.5667365478686233,0.6125,0.6019392033542977,25,0.25,,37,0.6166666666666667,0.13888888888888884,0.7044770197645991,0.14085904245475275,subject_dependent,xgb,0.4791666666666667,0.6696428571428571,0.7581315076934574,0.5744047619047619,0.6125,0.5982142857142857,0.5666666666666667,0.6125,0.6125,0.6321666666666667,23,0.38333333333333336,75,0.75,0.75,0.6666666666666666,"[[1, 2], [0, 5]]",0.6666666666666667,0.75,0.7083333333333334,0,0.0,2,0.6666666666666666,0.3846153846153846,0.4879500364742666,1.0,0.7142857142857143,0.8571428571428572,0.75,0.8214285714285714,0.6666666666666666,0.75,0.75,1,0.3333333333333333,5,1.0
0.76875,0.675,"{""clf__colsample_bytree"": 0.8, ""clf__learning_rate"": 0.1, ""clf__max_depth"": 3, ""clf__n_estimators"": 400, ""clf__subsample"": 0.8}",0.16244445741176605,"[[11, 9], [28, 112]]",arousal,0.6155594519124619,0.76875,0.7975680238976557,28,0.2,,9,0.45,0.24873096446700504,0.5101276956914471,0.26960135546155745,subject_dependent,xgb,0.28205128205128205,0.9256198347107438,0.9615140966916541,0.6038355583810129,0.76875,0.8451737656283111,0.675,0.76875,0.76875,0.7746428571428572,11,0.55,112,0.8,0.75,0.8571428571428572,"[[1, 0], [2, 5]]",0.6666666666666667,0.75,0.7916666666666667,2,0.2857142857142857,0,0.0,0.3846153846153846,0.4879500364742666,0.3333333333333333,1.0,0.6666666666666666,0.75,0.9166666666666666,0.8571428571428572,0.75,0.75,1,1.0,5,0.7142857142857143
0.525,0.6066666666666667,"{""clf__colsample_bytree"": 0.8, ""clf__learning_rate"": 0.1, ""clf__max_depth"": 3, ""clf__n_estimators"": 400, ""clf__subsample"": 1.0}",0.3966347873210907,"[[28, 72], [4, 56]]",arousal,0.5099935525467441,0.525,0.488555770470664,4,0.06666666666666667,,72,0.72,0.17391304347826086,1.4622538005599603,0.25819888974716115,subject_dependent,xgb,0.875,0.4375,0.4646338881187459,0.65625,0.525,0.7109375,0.6066666666666667,0.525,0.525,0.6081666666666666,28,0.28,56,0.9333333333333333,0.375,0.5,"[[0, 5], [0, 3]]",0.2727272727272727,0.375,0.20454545454545453,0,0.0,5,1.0,0.0,0.0,0.0,0.375,0.1875,0.375,0.140625,0.5,0.375,0.375,0,0.0,3,1.0
0.69375,0.5678571428571428,"{""clf__colsample_bytree"": 0.8, ""clf__learning_rate"": 0.1, ""clf__max_depth"": 3, ""clf__n_estimators"": 400, ""clf__subsample"": 0.8}",0.20850487053394318,"[[8, 12], [37, 103]]",arousal,0.5269984917043741,0.69375,0.7376319758672699,37,0.2642857142857143,,12,0.6,0.08837209302325577,0.694045909612268,0.09982731812361942,subject_dependent,xgb,0.17777777777777778,0.8956521739130435,0.8931473017323077,0.5367149758454106,0.69375,0.8059178743961353,0.5678571428571428,0.69375,0.69375,0.6021428571428571,8,0.4,103,0.7357142857142858,0.75,0.42857142857142855,"[[0, 1], [1, 6]]",0.42857142857142855,0.75,0.75,1,0.14285714285714285,1,1.0,-0.1428571428571428,-0.14285714285714285,0.0,0.8571428571428571,0.42857142857142855,0.75,0.75,0.42857142857142855,0.75,0.75,0,0.0,6,0.8571428571428571
0.44375,0.46166666666666667,"{""clf__colsample_bytree"": 1.0, ""clf__learning_rate"": 0.05, ""clf__max_depth"": 5, ""clf__n_estimators"": 200, ""clf__subsample"": 1.0}",0.35298874974250793,"[[39, 61], [28, 32]]",arousal,0.44268326092912214,0.44375,0.44877891276270987,28,0.4666666666666667,,61,0.61,-0.06906906906906918,0.970789701984739,-0.0752321253163347,subject_dependent,xgb,0.582089552238806,0.34408602150537637,0.33328268625928653,0.4630877868720912,0.44375,0.4928382282137699,0.46166666666666667,0.44375,0.44375,0.4393333333333333,39,0.39,32,0.5333333333333333,0.25,0.26666666666666666,"[[1, 4], [2, 1]]",0.25,0.25,0.25,2,0.6666666666666666,4,0.8,-0.41176470588235303,-0.4666666666666667,0.3333333333333333,0.2,0.26666666666666666,0.25,0.2833333333333333,0.26666666666666666,0.25,0.25,1,0.2,1,0.3333333333333333
0.5125,0.5333333333333333,"{""clf__colsample_bytree"": 1.0, ""clf__learning_rate"": 0.05, ""clf__max_depth"": 3, ""clf__n_estimators"": 200, ""clf__subsample"": 0.8}",0.28784888982772827,"[[45, 55], [23, 37]]",arousal,0.5112781954887218,0.5125,0.5173872180451128,23,0.38333333333333336,,55,0.55,0.06024096385542166,0.7864963106408893,0.06528839556196349,subject_dependent,xgb,0.6617647058823529,0.40217391304347827,0.39338597215870397,0.5319693094629157,0.5125,0.564418158567775,0.5333333333333333,0.5125,0.5125,0.5251666666666667,45,0.45,37,0.6166666666666667,0.625,0.7,"[[2, 3], [0, 3]]",0.6190476190476191,0.625,0.6071428571428571,0,0.0,3,0.6,0.33333333333333337,0.4472135954999579,1.0,0.5,0.75,0.625,0.8125,0.7,0.625,0.625,2,0.4,3,1.0
0.4125,0.43,"{""clf__colsample_bytree"": 0.8, ""clf__learning_rate"": 0.1, ""clf__max_depth"": 3, ""clf__n_estimators"": 400, ""clf__subsample"": 1.0}",0.4143582284450531,"[[30, 30], [64, 36]]",arousal,0.41167266468471286,0.4125,0.41718823345329364,64,0.64,,30,0.5,-0.12574850299401197,1.297844054809941,-0.13767902008851549,subject_dependent,xgb,0.3191489361702128,0.5454545454545454,0.5466273437076377,0.4323017408123791,0.4125,0.4605899419729207,0.43,0.4125,0.4125,0.393,30,0.5,36,0.36,0.375,0.43333333333333335,"[[2, 1], [4, 1]]",0.36507936507936506,0.375,0.34523809523809523,4,0.8,1,0.3333333333333333,-0.11111111111111116,-0.14907119849998599,0.3333333333333333,0.5,0.41666666666666663,0.375,0.4375,0.43333333333333335,0.375,0.375,2,0.6666666666666666,1,0.2
0.44375,0.45166666666666666,"{""clf__colsample_bytree"": 1.0, ""clf__learning_rate"": 0.1, ""clf__max_depth"": 5, ""clf__n_estimators"": 400, ""clf__subsample"": 0.8}",0.4174450933933258,"[[29, 31], [58, 42]]",arousal,0.4400534780386143,0.44375,0.4514273917659549,58,0.58,,31,0.5166666666666667,-0.08868501529051986,1.3842270381910085,-0.09395746957150379,subject_dependent,xgb,0.3333333333333333,0.5753424657534246,0.5907367662341202,0.454337899543379,0.44375,0.4845890410958904,0.45166666666666666,0.44375,0.44375,0.44083333333333335,29,0.48333333333333334,42,0.42,0.375,0.43333333333333335,"[[2, 1], [4, 1]]",0.36507936507936506,0.375,0.34523809523809523,4,0.8,1,0.3333333333333333,-0.11111111111111116,-0.14907119849998599,0.3333333333333333,0.5,0.41666666666666663,0.375,0.4375,0.43333333333333335,0.375,0.375,2,0.6666666666666666,1,0.2
0.45,0.45666666666666667,"{""clf__colsample_bytree"": 1.0, ""clf__learning_rate"": 0.05, ""clf__max_depth"": 5, ""clf__n_estimators"": 400, ""clf__subsample"": 1.0}",0.3721359968185425,"[[29, 31], [57, 43]]",arousal,0.44575657376791056,0.45,0.4578806487167375,57,0.57,,31,0.5166666666666667,-0.07975460122699385,1.1245687339932164,-0.08415164944762472,subject_dependent,xgb,0.3372093023255814,0.581081081081081,0.6266930332610956,0.45914519170333123,0.45,0.4896291640477687,0.45666666666666667,0.45,0.45,0.4498333333333334,29,0.48333333333333334,43,0.43,0.375,0.43333333333333335,"[[2, 1], [4, 1]]",0.36507936507936506,0.375,0.34523809523809523,4,0.8,1,0.3333333333333333,-0.11111111111111116,-0.14907119849998599,0.3333333333333333,0.5,0.41666666666666663,0.375,0.4375,0.43333333333333335,0.375,0.375,2,0.6666666666666666,1,0.2
0.7,0.5333333333333333,"{""clf__colsample_bytree"": 1.0, ""clf__learning_rate"": 0.05, ""clf__max_depth"": 5, ""clf__n_estimators"": 200, ""clf__subsample"": 1.0}",0.22486281394958496,"[[8, 32], [16, 104]]",arousal,0.53125,0.7,0.671875,16,0.13333333333333333,,32,0.8,0.07692307692307687,0.7339636374140416,0.08084520834544433,subject_dependent,xgb,0.3333333333333333,0.7647058823529411,0.77140758162728,0.5490196078431372,0.7,0.6568627450980391,0.5333333333333333,0.7,0.7,0.5666666666666667,8,0.2,104,0.8666666666666667,0.75,0.5,"[[0, 2], [0, 6]]",0.42857142857142855,0.75,0.6428571428571428,0,0.0,2,1.0,0.0,0.0,0.0,0.75,0.375,0.75,0.5625,0.5,0.75,0.75,0,0.0,6,1.0
0.66875,0.6216666666666667,"{""clf__colsample_bytree"": 1.0, ""clf__learning_rate"": 0.05, ""clf__max_depth"": 3, ""clf__n_estimators"": 200, ""clf__subsample"": 1.0}",0.24766667187213898,"[[26, 34], [19, 81]]",arousal,0.6243632336655592,0.66875,0.6566445182724252,19,0.19,,34,0.5666666666666667,0.256140350877193,0.7167651060085352,0.26201252566830724,subject_dependent,xgb,0.5777777777777777,0.7043478260869566,0.6848261200711265,0.6410628019323672,0.66875,0.6568840579710145,0.6216666666666667,0.66875,0.66875,0.5994999999999999,26,0.43333333333333335,81,0.81,0.875,0.8333333333333333,"[[2, 1], [0, 5]]",0.8545454545454545,0.875,0.8681818181818182,0,0.0,1,0.3333333333333333,0.7142857142857143,0.7453559924999299,1.0,0.8333333333333334,0.9166666666666667,0.875,0.8958333333333334,0.8333333333333333,0.875,0.875,2,0.6666666666666666,5,1.0
0.7625,0.6071428571428572,"{""clf__colsample_bytree"": 1.0, ""clf__learning_rate"": 0.05, ""clf__max_depth"": 5, ""clf__n_estimators"": 200, ""clf__subsample"": 0.8}",0.17145398259162903,"[[8, 12], [26, 114]]",arousal,0.5767195767195767,0.7625,0.787037037037037,26,0.18571428571428572,,12,0.6,0.1648351648351648,0.5623735415710607,0.17323973216880928,subject_dependent,xgb,0.23529411764705882,0.9047619047619048,0.9078856303279426,0.5700280112044818,0.7625,0.821078431372549,0.6071428571428572,0.7625,0.7625,0.6428571428571428,8,0.4,114,0.8142857142857143,0.75,0.42857142857142855,"[[0, 1], [1, 6]]",0.42857142857142855,0.75,0.75,1,0.14285714285714285,1,1.0,-0.1428571428571428,-0.14285714285714285,0.0,0.8571428571428571,0.42857142857142855,0.75,0.75,0.42857142857142855,0.75,0.75,0,0.0,6,0.8571428571428571
0.675,0.6133333333333333,"{""clf__colsample_bytree"": 1.0, ""clf__learning_rate"": 0.1, ""clf__max_depth"": 3, ""clf__n_estimators"": 200, ""clf__subsample"": 1.0}",0.21156978607177734,"[[22, 38], [14, 86]]",arousal,0.6130952380952381,0.675,0.6517857142857143,14,0.14,,38,0.6333333333333333,0.24637681159420288,0.6363739920469846,0.2627853742640953,subject_dependent,xgb,0.6111111111111112,0.6935483870967742,0.7890990131926399,0.6523297491039427,0.675,0.6626344086021506,0.6133333333333333,0.675,0.675,0.7193333333333334,22,0.36666666666666664,86,0.86,0.625,0.5,"[[0, 3], [0, 5]]",0.38461538461538464,0.625,0.4807692307692308,0,0.0,3,1.0,0.0,0.0,0.0,0.625,0.3125,0.625,0.390625,0.5,0.625,0.625,0,0.0,5,1.0
0.675,0.5966666666666667,"{""clf__colsample_bytree"": 1.0, ""clf__learning_rate"": 0.1, ""clf__max_depth"": 3, ""clf__n_estimators"": 200, ""clf__subsample"": 0.8}",0.22191718220710754,"[[17, 43], [9, 91]]",arousal,0.58656330749354,0.675,0.6343669250645995,9,0.09,,43,0.7166666666666667,0.21804511278195493,0.6971418034135968,0.25371333314438077,subject_dependent,xgb,0.6538461538461539,0.6791044776119403,0.7945467337128913,0.6664753157290471,0.675,0.6696326061997704,0.5966666666666667,0.675,0.675,0.721,17,0.2833333333333333,91,0.91,0.625,0.5,"[[0, 3], [0, 5]]",0.38461538461538464,0.625,0.4807692307692308,0,0.0,3,1.0,0.0,0.0,0.0,0.625,0.3125,0.625,0.390625,0.5,0.625,0.625,0,0.0,5,1.0
0.6375,0.5333333333333333,"{""clf__colsample_bytree"": 1.0, ""clf__learning_rate"": 0.05, ""clf__max_depth"": 5, ""clf__n_estimators"": 400, ""clf__subsample"": 1.0}",0.26041287183761597,"[[13, 27], [31, 89]]",arousal,0.5318805488297014,0.6375,0.6430589184826473,31,0.25833333333333336,,27,0.675,0.06451612903225812,0.8015333765494613,0.06465081838352359,subject_dependent,xgb,0.29545454545454547,0.7672413793103449,0.7623500838934968,0.5313479623824452,0.6375,0.6492946708463949,0.5333333333333333,0.6375,0.6375,0.5360416666666667,13,0.325,89,0.7416666666666667,0.625,0.4166666666666667,"[[0, 2], [1, 5]]",0.38461538461538464,0.625,0.576923076923077,1,0.16666666666666666,2,1.0,-0.19999999999999996,-0.2182178902359924,0.0,0.7142857142857143,0.35714285714285715,0.625,0.5357142857142857,0.4166666666666667,0.625,0.625,0,0.0,5,0.8333333333333334
0.45,0.38333333333333336,"{""clf__colsample_bytree"": 0.8, ""clf__learning_rate"": 0.05, ""clf__max_depth"": 3, ""clf__n_estimators"": 200, ""clf__subsample"": 1.0}",0.33348673582077026,"[[7, 53], [35, 65]]",arousal,0.366792588595071,0.45,0.42417701025364274,35,0.35,,53,0.8833333333333333,-0.24822695035460995,0.9121535869036688,-0.25673599474580255,subject_dependent,xgb,0.16666666666666666,0.5508474576271186,0.5261292087462419,0.3587570621468926,0.45,0.4067796610169491,0.38333333333333336,0.45,0.45,0.29816666666666664,7,0.11666666666666667,65,0.65,0.5,0.4,"[[0, 3], [1, 4]]",0.3333333333333333,0.5,0.41666666666666663,1,0.2,3,1.0,-0.23076923076923084,-0.29277002188455997,0.0,0.5714285714285714,0.2857142857142857,0.5,0.3571428571428571,0.4,0.5,0.5,0,0.0,4,0.8
0.5875,0.5166666666666666,"{""clf__colsample_bytree"": 0.8, ""clf__learning_rate"": 0.1, ""clf__max_depth"": 5, ""clf__n_estimators"": 200, ""clf__subsample"": 1.0}",0.3037290573120117,"[[15, 25], [41, 79]]",arousal,0.5089285714285714,0.5875,0.6071428571428572,41,0.3416666666666667,,25,0.625,0.02941176470588236,0.9106526770910438,0.030261376633440123,subject_dependent,xgb,0.26785714285714285,0.7596153846153846,0.7537677837015987,0.5137362637362637,0.5875,0.6366758241758241,0.5166666666666666,0.5875,0.5875,0.5302083333333334,15,0.375,79,0.6583333333333333,0.75,0.6666666666666667,"[[1, 1], [1, 5]]",0.6666666666666667,0.75,0.75,1,0.16666666666666666,1,0.5,0.33333333333333337,0.3333333333333333,0.5,0.8333333333333334,0.6666666666666667,0.75,0.75,0.6666666666666667,0.75,0.75,1,0.5,5,0.8333333333333334
0.56875,0.5041666666666667,"{""clf__colsample_bytree"": 1.0, ""clf__learning_rate"": 0.1, ""clf__max_depth"": 5, ""clf__n_estimators"": 200, ""clf__subsample"": 0.8}",0.291323721408844,"[[15, 25], [44, 76]]",arousal,0.4954065542300836,0.56875,0.591594679829974,44,0.36666666666666664,,25,0.625,0.007194244604316502,0.865807990963772,0.0074791575173643364,subject_dependent,xgb,0.2542372881355932,0.7524752475247525,0.7731662257023622,0.5033562678301728,0.56875,0.6279157576774625,0.5041666666666667,0.56875,0.56875,0.518125,15,0.375,76,0.6333333333333333,0.5,0.3333333333333333,"[[0, 2], [2, 4]]",0.3333333333333333,0.5,0.5,2,0.3333333333333333,2,1.0,-0.33333333333333326,-0.3333333333333333,0.0,0.6666666666666666,0.3333333333333333,0.5,0.5,0.3333333333333333,0.5,0.5,0,0.0,4,0.6666666666666666
0.39375,0.355,"{""clf__colsample_bytree"": 1.0, ""clf__learning_rate"": 0.1, ""clf__max_depth"": 5, ""clf__n_estimators"": 200, ""clf__subsample"": 1.0}",0.40976008772850037,"[[12, 48], [49, 51]]",arousal,0.35545496075418415,0.39375,0.394731924083226,49,0.49,,48,0.8,-0.28903654485049834,1.2463574989382282,-0.2890620699403361,subject_dependent,xgb,0.19672131147540983,0.5151515151515151,0.5972961421436646,0.3559364133134625,0.39375,0.3957401887729756,0.355,0.39375,0.39375,0.3703333333333333,12,0.2,51,0.51,0.375,0.3,"[[0, 3], [2, 3]]",0.2727272727272727,0.375,0.3409090909090909,2,0.4,3,1.0,-0.4285714285714286,-0.4472135954999579,0.0,0.5,0.25,0.375,0.3125,0.3,0.375,0.375,0,0.0,3,0.6
0.5125,0.54,"{""clf__colsample_bytree"": 0.8, ""clf__learning_rate"": 0.1, ""clf__max_depth"": 5, ""clf__n_estimators"": 400, ""clf__subsample"": 1.0}",0.3420519232749939,"[[43, 57], [21, 39]]",arousal,0.5121951219512195,0.5125,0.5152439024390244,21,0.35,,57,0.57,0.0714285714285714,1.061561002261405,0.07905694150420949,subject_dependent,xgb,0.671875,0.40625,0.5288302730074398,0.5390625,0.5125,0.572265625,0.54,0.5125,0.5125,0.5996666666666667,43,0.43,39,0.65,0.5,0.6,"[[1, 4], [0, 3]]",0.4666666666666667,0.5,0.4333333333333333,0,0.0,4,0.8,0.1578947368421053,0.29277002188455997,1.0,0.42857142857142855,0.7142857142857143,0.5,0.7857142857142857,0.6,0.5,0.5,1,0.2,3,1.0
0.55,0.5966666666666667,"{""clf__colsample_bytree"": 1.0, ""clf__learning_rate"": 0.05, ""clf__max_depth"": 3, ""clf__n_estimators"": 200, ""clf__subsample"": 0.8}",0.27564889192581177,"[[41, 59], [13, 47]]",arousal,0.5493662963542482,0.55,0.5451416053825693,13,0.21666666666666667,,59,0.59,0.16763005780346818,0.7693458887507629,0.19793953764649536,subject_dependent,xgb,0.7592592592592593,0.44339622641509435,0.5144208534102326,0.6013277428371768,0.55,0.6408106219426974,0.5966666666666667,0.55,0.55,0.6449999999999999,41,0.41,47,0.7833333333333333,0.625,0.7,"[[2, 3], [0, 3]]",0.6190476190476191,0.625,0.6071428571428571,0,0.0,3,0.6,0.33333333333333337,0.4472135954999579,1.0,0.5,0.75,0.625,0.8125,0.7,0.625,0.625,2,0.4,3,1.0
0.51875,0.51875,"{""clf__colsample_bytree"": 0.8, ""clf__learning_rate"": 0.05, ""clf__max_depth"": 5, ""clf__n_estimators"": 200, ""clf__subsample"": 0.8}",0.32922524213790894,"[[25, 55], [22, 58]]",arousal,0.49736852841581336,0.51875,0.4973685284158133,22,0.275,,55,0.6875,0.03749999999999998,0.955185768601068,0.04116547244059962,subject_dependent,xgb,0.5319148936170213,0.5132743362831859,0.49996520202274697,0.5225946149501035,0.51875,0.5225946149501036,0.51875,0.51875,0.51875,0.5165625,25,0.3125,58,0.725,0.5,0.5,"[[1, 3], [1, 3]]",0.4666666666666667,0.5,0.4666666666666667,1,0.25,3,0.75,0.0,0.0,0.5,0.5,0.5,0.5,0.5,0.5,0.5,0.5,1,0.25,3,0.75
0.48125,0.505,"{""clf__colsample_bytree"": 1.0, ""clf__learning_rate"": 0.05, ""clf__max_depth"": 5, ""clf__n_estimators"": 200, ""clf__subsample"": 1.0}",0.29239001870155334,"[[36, 24], [59, 41]]",arousal,0.4807429130009775,0.48125,0.4847996089931573,59,0.59,,24,0.4,0.008955223880596996,0.7993956567173159,0.009857281161802884,subject_dependent,xgb,0.37894736842105264,0.6307692307692307,0.7020162570659544,0.5048582995951417,0.48125,0.5363360323886639,0.505,0.48125,0.48125,0.5646666666666667,36,0.6,41,0.41,0.5,0.6,"[[3, 0], [4, 1]]",0.4666666666666667,0.5,0.4333333333333333,4,0.8,0,0.0,0.1578947368421053,0.29277002188455997,0.42857142857142855,1.0,0.7142857142857143,0.5,0.7857142857142857,0.6,0.5,0.5,3,1.0,1,0.2
0.64375,0.6283333333333333,"{""clf__colsample_bytree"": 1.0, ""clf__learning_rate"": 0.1, ""clf__max_depth"": 5, ""clf__n_estimators"": 400, ""clf__subsample"": 1.0}",0.2666478157043457,"[[34, 26], [31, 69]]",arousal,0.6258461538461539,0.64375,0.6463076923076924,31,0.31,,26,0.43333333333333335,0.2524590163934426,0.8824803531740173,0.2530035498196074,subject_dependent,xgb,0.5230769230769231,0.7263157894736842,0.7024607820985329,0.6246963562753036,0.64375,0.6501012145748988,0.6283333333333333,0.64375,0.64375,0.6386666666666666,34,0.5666666666666667,69,0.69,0.875,0.8333333333333333,"[[2, 1], [0, 5]]",0.8545454545454545,0.875,0.8681818181818182,0,0.0,1,0.3333333333333333,0.7142857142857143,0.7453559924999299,1.0,0.8333333333333334,0.9166666666666667,0.875,0.8958333333333334,0.8333333333333333,0.875,0.875,2,0.6666666666666666,5,1.0
0.61875,0.3535714285714286,"{""clf__colsample_bytree"": 0.8, ""clf__learning_rate"": 0.1, ""clf__max_depth"": 3, ""clf__n_estimators"": 400, ""clf__subsample"": 1.0}",0.2822733521461487,"[[0, 20], [41, 99]]",arousal,0.38223938223938225,0.61875,0.668918918918919,41,0.29285714285714287,,20,1.0,-0.20197044334975378,1.1694558894390956,-0.22185510558729554,subject_dependent,xgb,0.0,0.8319327731092437,0.7379760094314358,0.41596638655462187,0.61875,0.7279411764705883,0.3535714285714286,0.61875,0.61875,0.10678571428571429,0,0.0,99,0.7071428571428572,0.75,0.42857142857142855,"[[0, 1], [1, 6]]",0.42857142857142855,0.75,0.75,1,0.14285714285714285,1,1.0,-0.1428571428571428,-0.14285714285714285,0.0,0.8571428571428571,0.42857142857142855,0.75,0.75,0.42857142857142855,0.75,0.75,0,0.0,6,0.8571428571428571
0.7375,0.4642857142857143,"{""clf__colsample_bytree"": 0.8, ""clf__learning_rate"": 0.1, ""clf__max_depth"": 3, ""clf__n_estimators"": 400, ""clf__subsample"": 1.0}",0.20335760712623596,"[[2, 18], [24, 116]]",arousal,0.46683592510314187,0.7375,0.7517454776261504,24,0.17142857142857143,,18,0.9,-0.06329113924050622,0.6725367998641743,-0.06403418801472845,subject_dependent,xgb,0.07692307692307693,0.8656716417910447,0.8768121155379665,0.47129735935706085,0.7375,0.7670780711825487,0.4642857142857143,0.7375,0.7375,0.42499999999999993,2,0.1,116,0.8285714285714286,0.875,0.5,"[[0, 1], [0, 7]]",0.4666666666666667,0.875,0.8166666666666667,0,0.0,1,1.0,0.0,0.0,0.0,0.875,0.4375,0.875,0.765625,0.5,0.875,0.875,0,0.0,7,1.0
0.65625,0.5549999999999999,"{""clf__colsample_bytree"": 1.0, ""clf__learning_rate"": 0.1, ""clf__max_depth"": 5, ""clf__n_estimators"": 200, ""clf__subsample"": 0.8}",0.2441430389881134,"[[9, 51], [4, 96]]",arousal,0.5119516388442127,0.65625,0.5782957129388275,4,0.04,,51,0.85,0.13043478260869568,0.7778539972758844,0.19491172578304186,subject_dependent,xgb,0.6923076923076923,0.6530612244897959,0.8787706207793837,0.6726844583987441,0.65625,0.667778649921507,0.5549999999999999,0.65625,0.65625,0.7938333333333333,9,0.15,96,0.96,0.625,0.5,"[[0, 3], [0, 5]]",0.38461538461538464,0.625,0.4807692307692308,0,0.0,3,1.0,0.0,0.0,0.0,0.625,0.3125,0.625,0.390625,0.5,0.625,0.625,0,0.0,5,1.0
0.56875,0.5083333333333333,"{""clf__colsample_bytree"": 0.8, ""clf__learning_rate"": 0.05, ""clf__max_depth"": 5, ""clf__n_estimators"": 200, ""clf__subsample"": 1.0}",0.2917765974998474,"[[16, 44], [25, 75]]",arousal,0.5008815950088159,0.56875,0.5468940729689408,25,0.25,,44,0.7333333333333333,0.017793594306049876,0.8724144842372896,0.018482425562030776,subject_dependent,xgb,0.3902439024390244,0.6302521008403361,0.7852582389058395,0.5102480016396802,0.56875,0.5402490264398442,0.5083333333333333,0.56875,0.56875,0.6290000000000001,16,0.26666666666666666,75,0.75,0.625,0.5666666666666667,"[[1, 2], [1, 4]]",0.5636363636363637,0.625,0.6045454545454546,1,0.2,2,0.6666666666666666,0.1428571428571429,0.14907119849998599,0.5,0.6666666666666666,0.5833333333333333,0.625,0.6041666666666666,0.5666666666666667,0.625,0.625,1,0.3333333333333333,4,0.8
0.61875,0.535,"{""clf__colsample_bytree"": 0.8, ""clf__learning_rate"": 0.1, ""clf__max_depth"": 5, ""clf__n_estimators"": 200, ""clf__subsample"": 0.8}",0.2998175621032715,"[[12, 48], [13, 87]]",arousal,0.511389236545682,0.61875,0.5686483103879849,13,0.13,,48,0.8,0.0792452830188679,1.225237830907575,0.09333333333333334,subject_dependent,xgb,0.48,0.6444444444444445,0.6771152654744336,0.5622222222222222,0.61875,0.5827777777777777,0.535,0.61875,0.61875,0.5716666666666668,12,0.2,87,0.87,0.75,0.6666666666666666,"[[1, 2], [0, 5]]",0.6666666666666667,0.75,0.7083333333333334,0,0.0,2,0.6666666666666666,0.3846153846153846,0.4879500364742666,1.0,0.7142857142857143,0.8571428571428572,0.75,0.8214285714285714,0.6666666666666666,0.75,0.75,1,0.3333333333333333,5,1.0
