accuracy,balanced_accuracy,best_params,brier,confusion_matrix,dimension,f1_macro,f1_micro,f1_weighted,fn,fnr,fold,fp,fpr,kappa,log_loss,mcc,mode,model,npv,ppv,pr_auc,precision_macro,precision_micro,precision_weighted,recall_macro,recall_micro,recall_weighted,roc_auc,tn,tnr,tp,tpr
0.75,0.75,"{""clf__C"": 1.0, ""clf__gamma"": 0.001}",0.27367878065749074,"[[4, 0], [2, 2]]",valence,0.7333333333333334,0.75,0.7333333333333334,2,0.5,0,0,0.0,0.5,0.7415649882467894,0.5773502691896258,subject_dependent,rbf_svm,0.6666666666666666,1.0,0.48214285714285715,0.8333333333333333,0.75,0.8333333333333333,0.75,0.75,0.75,0.3125,4,1.0,2,0.5
0.5,0.6666666666666666,"{""clf__C"": 1.0, ""clf__gamma"": 0.001}",0.2673625173592594,"[[2, 4], [0, 2]]",valence,0.5,0.5,0.5,0,0.0,1,4,0.6666666666666666,0.19999999999999996,0.7350398362584856,0.3333333333333333,subject_dependent,rbf_svm,1.0,0.3333333333333333,0.29166666666666663,0.6666666666666666,0.5,0.8333333333333334,0.6666666666666666,0.5,0.5,0.4166666666666667,2,0.3333333333333333,2,1.0
0.25,0.25,"{""clf__C"": 10.0, ""clf__gamma"": 0.001}",0.24584864977982057,"[[1, 3], [3, 1]]",valence,0.25,0.25,0.25,3,0.75,2,3,0.75,-0.5,0.6847905140206518,-0.5,subject_dependent,rbf_svm,0.25,0.25,0.95,0.25,0.25,0.25,0.25,0.25,0.25,0.9375,1,0.25,1,0.25
0.5,0.5,"{""clf__C"": 1.0, ""clf__gamma"": 0.01}",0.25002249304986657,"[[4, 0], [4, 0]]",valence,0.3333333333333333,0.5,0.3333333333333333,4,1.0,3,0,0.0,0.0,0.6931921681987986,0.0,subject_dependent,rbf_svm,0.5,0.0,0.6,0.25,0.5,0.25,0.5,0.5,0.5,0.375,4,1.0,0,0.0
0.375,0.5,"{""clf__C"": 1.0, ""clf__gamma"": 0.01}",0.26439494907697547,"[[3, 0], [5, 0]]",valence,0.2727272727272727,0.375,0.20454545454545453,5,1.0,4,0,0.0,0.0,0.7220342834664533,0.0,subject_dependent,rbf_svm,0.375,0.0,0.5192857142857142,0.1875,0.375,0.140625,0.5,0.375,0.375,0.13333333333333336,3,1.0,0,0.0
0.75,0.7333333333333334,"{""clf__C"": 1.0, ""clf__gamma"": 0.001}",0.24455708484382213,"[[2, 1], [1, 4]]",valence,0.7333333333333334,0.75,0.75,1,0.2,0,1,0.3333333333333333,0.4666666666666667,0.6822547552346645,0.4666666666666667,subject_dependent,rbf_svm,0.6666666666666666,0.8,0.6392857142857143,0.7333333333333334,0.75,0.75,0.7333333333333334,0.75,0.75,0.2666666666666667,2,0.6666666666666666,4,0.8
0.375,0.3,"{""clf__C"": 1.0, ""clf__gamma"": 0.001}",0.24793761179582124,"[[0, 3], [2, 3]]",valence,0.2727272727272727,0.375,0.3409090909090909,2,0.4,1,3,1.0,-0.4285714285714286,0.6874896210404288,-0.4472135954999579,subject_dependent,rbf_svm,0.0,0.5,0.7226190476190476,0.25,0.375,0.3125,0.3,0.375,0.375,0.4666666666666667,0,0.0,3,0.6
0.75,0.75,"{""clf__C"": 1.0, ""clf__gamma"": 0.001}",0.19157813057885684,"[[2, 2], [0, 4]]",valence,0.7333333333333334,0.75,0.7333333333333334,0,0.0,2,2,0.5,0.5,0.5728321680417235,0.5773502691896258,subject_dependent,rbf_svm,1.0,0.6666666666666666,0.8041666666666667,0.8333333333333333,0.75,0.8333333333333333,0.75,0.75,0.75,0.8125,2,0.5,4,1.0
0.625,0.5666666666666667,"{""clf__C"": 1.0, ""clf__gamma"": 0.001}",0.2439536833358124,"[[4, 1], [2, 1]]",valence,0.5636363636363637,0.625,0.6045454545454546,2,0.6666666666666666,3,1,0.2,0.1428571428571429,0.6820481780900723,0.14907119849998599,subject_dependent,rbf_svm,0.6666666666666666,0.5,0.5888888888888888,0.5833333333333333,0.625,0.6041666666666666,0.5666666666666667,0.625,0.625,0.7333333333333333,4,0.8,1,0.3333333333333333
0.75,0.7333333333333334,"{""clf__C"": 10.0, ""clf__gamma"": 0.001}",0.227587709413396,"[[2, 1], [1, 4]]",valence,0.7333333333333334,0.75,0.75,1,0.2,4,1,0.3333333333333333,0.4666666666666667,0.6476145597797931,0.4666666666666667,subject_dependent,rbf_svm,0.6666666666666666,0.8,0.8350000000000001,0.7333333333333334,0.75,0.75,0.7333333333333334,0.75,0.75,0.6666666666666667,2,0.6666666666666666,4,0.8
0.25,0.25,"{""clf__C"": 10.0, ""clf__gamma"": 0.001}",0.2805266340243844,"[[0, 4], [2, 2]]",valence,0.2,0.25,0.2,2,0.5,0,4,1.0,-0.5,0.7525955827546336,-0.5773502691896258,subject_dependent,rbf_svm,0.0,0.3333333333333333,0.6488095238095237,0.16666666666666666,0.25,0.16666666666666666,0.25,0.25,0.25,0.4375,0,0.0,2,0.5
0.625,0.6333333333333333,"{""clf__C"": 1.0, ""clf__gamma"": 0.001}",0.3018256199542601,"[[3, 2], [1, 2]]",valence,0.6190476190476191,0.625,0.6309523809523809,1,0.3333333333333333,1,2,0.4,0.25,0.7993364214342727,0.2581988897471611,subject_dependent,rbf_svm,0.75,0.5,0.33134920634920634,0.625,0.625,0.65625,0.6333333333333333,0.625,0.625,0.19999999999999998,3,0.6,2,0.6666666666666666
0.5,0.4666666666666667,"{""clf__C"": 1.0, ""clf__gamma"": 0.001}",0.3112118735914926,"[[1, 2], [2, 3]]",valence,0.4666666666666667,0.5,0.5,2,0.4,2,2,0.6666666666666666,-0.06666666666666665,0.8214141519029994,-0.06666666666666667,subject_dependent,rbf_svm,0.3333333333333333,0.6,0.5726190476190476,0.4666666666666667,0.5,0.5,0.4666666666666667,0.5,0.5,0.2666666666666667,1,0.3333333333333333,3,0.6
0.75,0.8,"{""clf__C"": 1.0, ""clf__gamma"": 0.001}",0.2577716391244599,"[[3, 0], [2, 3]]",valence,0.75,0.75,0.75,2,0.4,3,0,0.0,0.5294117647058824,0.7092609178809604,0.6,subject_dependent,rbf_svm,0.6,1.0,0.5392857142857144,0.8,0.75,0.85,0.8,0.75,0.75,0.2,3,1.0,3,0.6
0.625,0.6333333333333333,"{""clf__C"": 10.0, ""clf__gamma"": 0.001}",0.25993659476405895,"[[2, 1], [2, 3]]",valence,0.6190476190476191,0.625,0.6309523809523809,2,0.4,4,1,0.3333333333333333,0.25,0.7085752794777755,0.2581988897471611,subject_dependent,rbf_svm,0.5,0.75,0.7861904761904762,0.625,0.625,0.65625,0.6333333333333333,0.625,0.625,0.6666666666666667,2,0.6666666666666666,3,0.6
0.625,0.5666666666666667,"{""clf__C"": 1.0, ""clf__gamma"": 0.001}",0.23145880020375603,"[[4, 1], [2, 1]]",valence,0.5636363636363637,0.625,0.6045454545454546,2,0.6666666666666666,0,1,0.2,0.1428571428571429,0.6558601031239715,0.14907119849998599,subject_dependent,rbf_svm,0.6666666666666666,0.5,0.7916666666666666,0.5833333333333333,0.625,0.6041666666666666,0.5666666666666667,0.625,0.625,0.6666666666666666,4,0.8,1,0.3333333333333333
0.5,0.5,"{""clf__C"": 1.0, ""clf__gamma"": 0.001}",0.2713066228199512,"[[3, 1], [3, 1]]",valence,0.4666666666666667,0.5,0.4666666666666667,3,0.75,1,1,0.25,0.0,0.7382620542597291,0.0,subject_dependent,rbf_svm,0.5,0.5,0.625,0.5,0.5,0.5,0.5,0.5,0.5,0.4375,3,0.75,1,0.25
0.625,0.4166666666666667,"{""clf__C"": 1.0, ""clf__gamma"": 0.001}",0.22016654564566668,"[[5, 1], [2, 0]]",valence,0.38461538461538464,0.625,0.576923076923077,2,1.0,2,1,0.16666666666666666,-0.19999999999999996,0.633151809948131,-0.2182178902359924,subject_dependent,rbf_svm,0.7142857142857143,0.0,0.6666666666666666,0.35714285714285715,0.625,0.5357142857142857,0.4166666666666667,0.625,0.625,0.6666666666666667,5,0.8333333333333334,0,0.0
0.5,0.4,"{""clf__C"": 1.0, ""clf__gamma"": 0.001}",0.2983603641786151,"[[4, 1], [3, 0]]",valence,0.3333333333333333,0.5,0.41666666666666663,3,1.0,3,1,0.2,-0.23076923076923084,0.7911966538437609,-0.29277002188455997,subject_dependent,rbf_svm,0.5714285714285714,0.0,0.3595238095238095,0.2857142857142857,0.5,0.3571428571428571,0.4,0.5,0.5,0.3333333333333333,4,0.8,0,0.0
0.5,0.5,"{""clf__C"": 10.0, ""clf__gamma"": 0.001}",0.3870423750518842,"[[4, 0], [4, 0]]",valence,0.3333333333333333,0.5,0.3333333333333333,4,1.0,4,0,0.0,0.0,1.0112850196162337,0.0,subject_dependent,rbf_svm,0.5,0.0,0.3654761904761905,0.25,0.5,0.25,0.5,0.5,0.5,0.0,4,1.0,0,0.0
0.75,0.75,"{""clf__C"": 1.0, ""clf__gamma"": 0.001}",0.3336556100623199,"[[2, 2], [0, 4]]",valence,0.7333333333333334,0.75,0.7333333333333334,0,0.0,0,2,0.5,0.5,0.8973225530562392,0.5773502691896258,subject_dependent,rbf_svm,1.0,0.6666666666666666,0.4583333333333333,0.8333333333333333,0.75,0.8333333333333333,0.75,0.75,0.75,0.3125,2,0.5,4,1.0
0.875,0.9,"{""clf__C"": 1.0, ""clf__gamma"": 0.001}",0.288341305029102,"[[3, 0], [1, 4]]",valence,0.873015873015873,0.875,0.876984126984127,1,0.2,1,0,0.0,0.75,0.7876331194233703,0.7745966692414834,subject_dependent,rbf_svm,0.75,1.0,0.4859523809523809,0.875,0.875,0.90625,0.9,0.875,0.875,0.06666666666666668,3,1.0,4,0.8
0.375,0.5,"{""clf__C"": 1.0, ""clf__gamma"": 0.001}",0.31471811096420765,"[[0, 5], [0, 3]]",valence,0.2727272727272727,0.375,0.20454545454545453,0,0.0,2,5,1.0,0.0,0.828535913707974,0.0,subject_dependent,rbf_svm,0.0,0.375,0.625,0.1875,0.375,0.140625,0.5,0.375,0.375,0.5333333333333333,0,0.0,3,1.0
0.625,0.4166666666666667,"{""clf__C"": 1.0, ""clf__gamma"": 0.001}",0.2513014104022598,"[[0, 2], [1, 5]]",valence,0.38461538461538464,0.625,0.576923076923077,1,0.16666666666666666,3,2,1.0,-0.19999999999999996,0.7141926988562791,-0.2182178902359924,subject_dependent,rbf_svm,0.0,0.7142857142857143,0.732936507936508,0.35714285714285715,0.625,0.5357142857142857,0.4166666666666667,0.625,0.625,0.25,0,0.0,5,0.8333333333333334
0.625,0.4166666666666667,"{""clf__C"": 10.0, ""clf__gamma"": 0.001}",0.21074314508460537,"[[0, 2], [1, 5]]",valence,0.38461538461538464,0.625,0.576923076923077,1,0.16666666666666666,4,2,1.0,-0.19999999999999996,0.6136059988336514,-0.2182178902359924,subject_dependent,rbf_svm,0.0,0.7142857142857143,0.8555555555555556,0.35714285714285715,0.625,0.5357142857142857,0.4166666666666667,0.625,0.625,0.5833333333333334,0,0.0,5,0.8333333333333334
0.625,0.4166666666666667,"{""clf__C"": 0.1, ""clf__gamma"": 0.001}",0.18793501601362175,"[[0, 2], [1, 5]]",valence,0.38461538461538464,0.625,0.576923076923077,1,0.16666666666666666,0,2,1.0,-0.19999999999999996,0.5633496178197117,-0.2182178902359924,subject_dependent,rbf_svm,0.0,0.7142857142857143,0.9761904761904762,0.35714285714285715,0.625,0.5357142857142857,0.4166666666666667,0.625,0.625,0.9166666666666667,0,0.0,5,0.8333333333333334
0.625,0.5,"{""clf__C"": 1.0, ""clf__gamma"": 0.001}",0.3354824720224633,"[[0, 3], [0, 5]]",valence,0.38461538461538464,0.625,0.4807692307692308,0,0.0,1,3,1.0,0.0,1.08859005801161,0.0,subject_dependent,rbf_svm,0.0,0.625,0.46928571428571425,0.3125,0.625,0.390625,0.5,0.625,0.625,0.0,0,0.0,5,1.0
0.75,0.5,"{""clf__C"": 1.0, ""clf__gamma"": 0.001}",0.2644288391236623,"[[0, 2], [0, 6]]",valence,0.42857142857142855,0.75,0.6428571428571428,0,0.0,2,2,1.0,0.0,0.7838021333960605,0.0,subject_dependent,rbf_svm,0.0,0.75,0.6218253968253968,0.375,0.75,0.5625,0.5,0.75,0.75,0.08333333333333333,0,0.0,6,1.0
0.875,0.5,"{""clf__C"": 1.0, ""clf__gamma"": 0.001}",0.13597169037686396,"[[0, 1], [0, 7]]",valence,0.4666666666666667,0.875,0.8166666666666667,0,0.0,3,1,1.0,0.0,0.45282519270249266,0.0,subject_dependent,rbf_svm,0.0,0.875,0.9093537414965986,0.4375,0.875,0.765625,0.5,0.875,0.875,0.42857142857142855,0,0.0,7,1.0
0.75,0.5,"{""clf__C"": 1.0, ""clf__gamma"": 0.001}",0.19341383158188255,"[[0, 2], [0, 6]]",valence,0.42857142857142855,0.75,0.6428571428571428,0,0.0,4,2,1.0,0.0,0.5808018583257772,0.0,subject_dependent,rbf_svm,0.0,0.75,0.6968253968253968,0.375,0.75,0.5625,0.5,0.75,0.75,0.3333333333333333,0,0.0,6,1.0
0.75,0.5,"{""clf__C"": 1.0, ""clf__gamma"": 0.01}",0.1912110770039407,"[[0, 2], [0, 6]]",valence,0.42857142857142855,0.75,0.6428571428571428,0,0.0,0,2,1.0,0.0,0.5713529412608587,0.0,subject_dependent,rbf_svm,0.0,0.75,0.8134920634920635,0.375,0.75,0.5625,0.5,0.75,0.75,0.41666666666666663,0,0.0,6,1.0
0.75,0.5,"{""clf__C"": 1.0, ""clf__gamma"": 0.01}",0.19025978501676682,"[[0, 2], [0, 6]]",valence,0.42857142857142855,0.75,0.6428571428571428,0,0.0,1,2,1.0,0.0,0.5691164453191062,0.0,subject_dependent,rbf_svm,0.0,0.75,0.7801587301587302,0.375,0.75,0.5625,0.5,0.75,0.75,0.41666666666666663,0,0.0,6,1.0
0.625,0.5,"{""clf__C"": 1.0, ""clf__gamma"": 0.001}",0.22513780370615644,"[[0, 3], [0, 5]]",valence,0.38461538461538464,0.625,0.4807692307692308,0,0.0,2,3,1.0,0.0,0.6397430055091429,0.0,subject_dependent,rbf_svm,0.0,0.625,0.7861904761904762,0.3125,0.625,0.390625,0.5,0.625,0.625,0.6666666666666667,0,0.0,5,1.0
0.25,0.5,"{""clf__C"": 0.1, ""clf__gamma"": 0.001}",0.18800043373390035,"[[2, 0], [6, 0]]",valence,0.2,0.25,0.1,6,1.0,3,0,0.0,0.0,0.5637236250725306,0.0,subject_dependent,rbf_svm,0.25,0.0,0.8972222222222223,0.125,0.25,0.0625,0.5,0.25,0.25,0.6666666666666667,2,1.0,0,0.0
0.625,0.5,"{""clf__C"": 1.0, ""clf__gamma"": 0.001}",0.22316064572052896,"[[0, 3], [0, 5]]",valence,0.38461538461538464,0.625,0.4807692307692308,0,0.0,4,3,1.0,0.0,0.6258334659038097,0.0,subject_dependent,rbf_svm,0.0,0.625,0.8350000000000001,0.3125,0.625,0.390625,0.5,0.625,0.625,0.6666666666666667,0,0.0,5,1.0
0.625,0.75,"{""clf__C"": 10.0, ""clf__gamma"": 0.001}",0.35351151709894274,"[[3, 3], [0, 2]]",valence,0.6190476190476191,0.625,0.6428571428571428,0,0.0,0,3,0.5,0.33333333333333337,0.9084550024193321,0.4472135954999579,subject_dependent,rbf_svm,1.0,0.4,0.20833333333333331,0.7,0.625,0.85,0.75,0.625,0.625,0.08333333333333331,3,0.5,2,1.0
0.625,0.75,"{""clf__C"": 10.0, ""clf__gamma"": 0.001}",0.258502505571085,"[[2, 0], [3, 3]]",valence,0.6190476190476191,0.625,0.6428571428571428,3,0.5,1,0,0.0,0.33333333333333337,0.7102765532926403,0.4472135954999579,subject_dependent,rbf_svm,0.4,1.0,0.7130952380952381,0.7,0.625,0.85,0.75,0.625,0.625,0.16666666666666666,2,1.0,3,0.5
0.5,0.5333333333333333,"{""clf__C"": 1.0, ""clf__gamma"": 0.001}",0.24335307814800405,"[[2, 1], [3, 2]]",valence,0.5,0.5,0.5,3,0.6,2,1,0.3333333333333333,0.05882352941176472,0.6798335490326388,0.06666666666666667,subject_dependent,rbf_svm,0.4,0.6666666666666666,0.7226190476190476,0.5333333333333333,0.5,0.5666666666666667,0.5333333333333333,0.5,0.5,0.4666666666666667,2,0.6666666666666666,2,0.4
0.75,0.6666666666666667,"{""clf__C"": 10.0, ""clf__gamma"": 0.001}",0.2811420625945136,"[[1, 1], [1, 5]]",valence,0.6666666666666667,0.75,0.75,1,0.16666666666666666,3,1,0.5,0.33333333333333337,0.7563173846669047,0.3333333333333333,subject_dependent,rbf_svm,0.5,0.8333333333333334,0.7579365079365079,0.6666666666666667,0.75,0.75,0.6666666666666667,0.75,0.75,0.3333333333333333,1,0.5,5,0.8333333333333334
0.625,0.7,"{""clf__C"": 1.0, ""clf__gamma"": 0.001}",0.3454319376042052,"[[2, 3], [0, 3]]",valence,0.6190476190476191,0.625,0.6071428571428571,0,0.0,4,3,0.6,0.33333333333333337,0.8968893208096738,0.4472135954999579,subject_dependent,rbf_svm,1.0,0.5,0.2757936507936508,0.75,0.625,0.8125,0.7,0.625,0.625,0.0,2,0.4,3,1.0
0.75,0.75,"{""clf__C"": 1.0, ""clf__gamma"": 0.001}",0.21321026346528477,"[[3, 1], [1, 3]]",valence,0.75,0.75,0.75,1,0.25,0,1,0.25,0.5,0.6175670204382282,0.5,subject_dependent,rbf_svm,0.75,0.75,0.8928571428571428,0.75,0.75,0.75,0.75,0.75,0.75,0.8125,3,0.75,3,0.75
0.375,0.375,"{""clf__C"": 1.0, ""clf__gamma"": 0.001}",0.37257611822833736,"[[1, 3], [2, 2]]",valence,0.36507936507936506,0.375,0.36507936507936506,2,0.5,1,3,0.75,-0.25,1.0546211004601354,-0.2581988897471611,subject_dependent,rbf_svm,0.3333333333333333,0.4,0.4583333333333333,0.3666666666666667,0.375,0.3666666666666667,0.375,0.375,0.375,0.3125,1,0.25,2,0.5
0.875,0.9,"{""clf__C"": 1.0, ""clf__gamma"": 0.001}",0.15500377957270622,"[[4, 1], [0, 3]]",valence,0.873015873015873,0.875,0.876984126984127,0,0.0,2,1,0.2,0.75,0.49427037952840314,0.7745966692414834,subject_dependent,rbf_svm,1.0,0.75,0.9166666666666666,0.875,0.875,0.90625,0.9,0.875,0.875,0.9333333333333333,4,0.8,3,1.0
0.875,0.8333333333333333,"{""clf__C"": 1.0, ""clf__gamma"": 0.001}",0.18334687621799145,"[[2, 1], [0, 5]]",valence,0.8545454545454545,0.875,0.8681818181818182,0,0.0,3,1,0.3333333333333333,0.7142857142857143,0.5569221854646342,0.7453559924999299,subject_dependent,rbf_svm,1.0,0.8333333333333334,0.8766666666666667,0.9166666666666667,0.875,0.8958333333333334,0.8333333333333333,0.875,0.875,0.8,2,0.6666666666666666,5,1.0
0.75,0.75,"{""clf__C"": 1.0, ""clf__gamma"": 0.001}",0.1711034030184715,"[[4, 0], [2, 2]]",valence,0.7333333333333334,0.75,0.7333333333333334,2,0.5,4,0,0.0,0.5,0.5161212291686434,0.5773502691896258,subject_dependent,rbf_svm,0.6666666666666666,1.0,0.8875,0.8333333333333333,0.75,0.8333333333333333,0.75,0.75,0.75,0.875,4,1.0,2,0.5
0.625,0.7,"{""clf__C"": 1.0, ""clf__gamma"": 0.001}",0.28480653705085834,"[[3, 0], [3, 2]]",valence,0.6190476190476191,0.625,0.6071428571428571,3,0.6,0,0,0.0,0.33333333333333337,0.8541990327699585,0.4472135954999579,subject_dependent,rbf_svm,0.5,1.0,0.925,0.75,0.625,0.8125,0.7,0.625,0.625,0.8,3,1.0,2,0.4
1.0,1.0,"{""clf__C"": 10.0, ""clf__gamma"": 0.001}",0.09533634471336638,"[[3, 0], [0, 5]]",valence,1.0,1.0,1.0,0,0.0,1,0,0.0,1.0,0.34807437079225545,1.0,subject_dependent,rbf_svm,1.0,1.0,1.0,1.0,1.0,1.0,1.0,1.0,1.0,1.0,3,1.0,5,1.0
0.625,0.625,"{""clf__C"": 1.0, ""clf__gamma"": 0.001}",0.1794516319872767,"[[3, 1], [2, 2]]",valence,0.6190476190476191,0.625,0.6190476190476191,2,0.5,2,1,0.25,0.25,0.535190775314198,0.2581988897471611,subject_dependent,rbf_svm,0.6,0.6666666666666666,0.8541666666666666,0.6333333333333333,0.625,0.6333333333333333,0.625,0.625,0.625,0.8125,3,0.75,2,0.5
0.75,0.8,"{""clf__C"": 1.0, ""clf__gamma"": 0.001}",0.18559113833934382,"[[3, 2], [0, 3]]",valence,0.75,0.75,0.75,0,0.0,3,2,0.4,0.5294117647058824,0.5364698785996462,0.6,subject_dependent,rbf_svm,1.0,0.6,1.0,0.8,0.75,0.85,0.8,0.75,0.75,1.0,3,0.6,3,1.0
0.875,0.9,"{""clf__C"": 10.0, ""clf__gamma"": 0.001}",0.11805095254728877,"[[4, 1], [0, 3]]",valence,0.873015873015873,0.875,0.876984126984127,0,0.0,4,1,0.2,0.75,0.3956044760101285,0.7745966692414834,subject_dependent,rbf_svm,1.0,0.75,0.9166666666666666,0.875,0.875,0.90625,0.9,0.875,0.875,0.9333333333333333,4,0.8,3,1.0
0.625,0.5666666666666667,"{""clf__C"": 1.0, ""clf__gamma"": 0.001}",0.2368440230857214,"[[1, 2], [1, 4]]",valence,0.5636363636363637,0.625,0.6045454545454546,1,0.2,0,2,0.6666666666666666,0.1428571428571429,0.6665956134447447,0.14907119849998599,subject_dependent,rbf_svm,0.5,0.6666666666666666,0.7295238095238095,0.5833333333333333,0.625,0.6041666666666666,0.5666666666666667,0.625,0.625,0.5333333333333334,1,0.3333333333333333,4,0.8
0.5,0.5,"{""clf__C"": 1.0, ""clf__gamma"": 0.001}",0.31744646667135357,"[[0, 4], [0, 4]]",valence,0.3333333333333333,0.5,0.3333333333333333,0,0.0,1,4,1.0,0.0,0.8544025966433073,0.0,subject_dependent,rbf_svm,0.0,0.5,0.4333333333333333,0.25,0.5,0.25,0.5,0.5,0.5,0.25,0,0.0,4,1.0
0.625,0.5666666666666667,"{""clf__C"": 10.0, ""clf__gamma"": 0.001}",0.23354517861880889,"[[1, 2], [1, 4]]",valence,0.5636363636363637,0.625,0.6045454545454546,1,0.2,2,2,0.6666666666666666,0.1428571428571429,0.6596027126395871,0.14907119849998599,subject_dependent,rbf_svm,0.5,0.6666666666666666,0.7226190476190476,0.5833333333333333,0.625,0.6041666666666666,0.5666666666666667,0.625,0.625,0.4666666666666667,1,0.3333333333333333,4,0.8
0.75,0.5,"{""clf__C"": 10.0, ""clf__gamma"": 0.001}",0.2275133317665221,"[[0, 2], [0, 6]]",valence,0.42857142857142855,0.75,0.6428571428571428,0,0.0,3,2,1.0,0.0,0.6467686692264176,0.0,subject_dependent,rbf_svm,0.0,0.75,0.8357142857142856,0.375,0.75,0.5625,0.5,0.75,0.75,0.5,0,0.0,6,1.0
0.375,0.375,"{""clf__C"": 1.0, ""clf__gamma"": 0.001}",0.2923424119572203,"[[1, 3], [2, 2]]",valence,0.36507936507936506,0.375,0.36507936507936506,2,0.5,4,3,0.75,-0.25,0.7847157584544713,-0.2581988897471611,subject_dependent,rbf_svm,0.3333333333333333,0.4,0.4333333333333333,0.3666666666666667,0.375,0.3666666666666667,0.375,0.375,0.375,0.25,1,0.25,2,0.5
0.5,0.6,"{""clf__C"": 10.0, ""clf__gamma"": 0.001}",0.27249585450122044,"[[1, 4], [0, 3]]",valence,0.4666666666666667,0.5,0.4333333333333333,0,0.0,0,4,0.8,0.1578947368421053,0.7384672093288779,0.29277002188455997,subject_dependent,rbf_svm,1.0,0.42857142857142855,0.6984126984126985,0.7142857142857143,0.5,0.7857142857142857,0.6,0.5,0.5,0.6666666666666666,1,0.2,3,1.0
0.625,0.625,"{""clf__C"": 1.0, ""clf__gamma"": 0.001}",0.25588518218856476,"[[4, 0], [3, 1]]",valence,0.5636363636363637,0.625,0.5636363636363637,3,0.75,1,0,0.0,0.25,0.7048568385608505,0.3779644730092272,subject_dependent,rbf_svm,0.5714285714285714,1.0,0.75,0.7857142857142857,0.625,0.7857142857142857,0.625,0.625,0.625,0.5625,4,1.0,1,0.25
0.5,0.4666666666666667,"{""clf__C"": 1.0, ""clf__gamma"": 0.001}",0.245075332025201,"[[1, 2], [2, 3]]",valence,0.4666666666666667,0.5,0.5,2,0.4,2,2,0.6666666666666666,-0.06666666666666665,0.6828528755626885,-0.06666666666666667,subject_dependent,rbf_svm,0.3333333333333333,0.6,0.7592857142857143,0.4666666666666667,0.5,0.5,0.4666666666666667,0.5,0.5,0.4666666666666667,1,0.3333333333333333,3,0.6
0.5,0.5,"{""clf__C"": 1.0, ""clf__gamma"": 0.001}",0.2686524409237692,"[[2, 2], [2, 2]]",valence,0.5,0.5,0.5,2,0.5,3,2,0.5,0.0,0.7291283975310574,0.0,subject_dependent,rbf_svm,0.5,0.5,0.6071428571428572,0.5,0.5,0.5,0.5,0.5,0.5,0.375,2,0.5,2,0.5
0.5,0.5333333333333333,"{""clf__C"": 1.0, ""clf__gamma"": 0.001}",0.2918896887239474,"[[2, 1], [3, 2]]",valence,0.5,0.5,0.5,3,0.6,4,1,0.3333333333333333,0.05882352941176472,0.7869360995595664,0.06666666666666667,subject_dependent,rbf_svm,0.4,0.6666666666666666,0.6416666666666666,0.5333333333333333,0.5,0.5666666666666667,0.5333333333333333,0.5,0.5,0.4666666666666667,2,0.6666666666666666,2,0.4
0.75,0.6666666666666667,"{""clf__C"": 10.0, ""clf__gamma"": 0.001}",0.24382821190750556,"[[5, 1], [1, 1]]",valence,0.6666666666666667,0.75,0.75,1,0.5,0,1,0.16666666666666666,0.33333333333333337,0.6808448223768133,0.3333333333333333,subject_dependent,rbf_svm,0.8333333333333334,0.5,0.25,0.6666666666666667,0.75,0.75,0.6666666666666667,0.75,0.75,0.25,5,0.8333333333333334,1,0.5
0.5,0.5,"{""clf__C"": 1.0, ""clf__gamma"": 0.001}",0.2584139162264638,"[[2, 2], [2, 2]]",valence,0.5,0.5,0.5,2,0.5,1,2,0.5,0.0,0.7102647047239691,0.0,subject_dependent,rbf_svm,0.5,0.5,0.7095238095238094,0.5,0.5,0.5,0.5,0.5,0.5,0.625,2,0.5,2,0.5
0.75,0.8,"{""clf__C"": 1.0, ""clf__gamma"": 0.001}",0.42807018964500704,"[[3, 0], [2, 3]]",valence,0.75,0.75,0.75,2,0.4,2,0,0.0,0.5294117647058824,1.142411286341451,0.6,subject_dependent,rbf_svm,0.6,1.0,0.5392857142857144,0.8,0.75,0.85,0.8,0.75,0.75,0.2,3,1.0,3,0.6
0.625,0.5,"{""clf__C"": 1.0, ""clf__gamma"": 0.001}",0.28678624319192203,"[[5, 0], [3, 0]]",valence,0.38461538461538464,0.625,0.4807692307692308,3,1.0,3,0,0.0,0.0,0.7673478761928849,0.0,subject_dependent,rbf_svm,0.625,0.0,0.3206349206349206,0.3125,0.625,0.390625,0.5,0.625,0.625,0.19999999999999996,5,1.0,0,0.0
0.625,0.5,"{""clf__C"": 1.0, ""clf__gamma"": 0.001}",0.23838313265165412,"[[5, 0], [3, 0]]",valence,0.38461538461538464,0.625,0.4807692307692308,3,1.0,4,0,0.0,0.0,0.6698135742226013,0.0,subject_dependent,rbf_svm,0.625,0.0,0.41111111111111115,0.3125,0.625,0.390625,0.5,0.625,0.625,0.4666666666666667,5,1.0,0,0.0
0.625,0.5666666666666667,"{""clf__C"": 1.0, ""clf__gamma"": 0.001}",0.1657853430385008,"[[4, 1], [2, 1]]",valence,0.5636363636363637,0.625,0.6045454545454546,2,0.6666666666666666,0,1,0.2,0.1428571428571429,0.5082510823832735,0.14907119849998599,subject_dependent,rbf_svm,0.6666666666666666,0.5,0.8055555555555556,0.5833333333333333,0.625,0.6041666666666666,0.5666666666666667,0.625,0.625,0.8666666666666667,4,0.8,1,0.3333333333333333
0.875,0.9,"{""clf__C"": 10.0, ""clf__gamma"": 0.001}",0.1700679561895074,"[[3, 0], [1, 4]]",valence,0.873015873015873,0.875,0.876984126984127,1,0.2,1,0,0.0,0.75,0.5244781508968392,0.7745966692414834,subject_dependent,rbf_svm,0.75,1.0,0.9666666666666667,0.875,0.875,0.90625,0.9,0.875,0.875,0.9333333333333333,3,1.0,4,0.8
0.625,0.625,"{""clf__C"": 1.0, ""clf__gamma"": 0.001}",0.20383953844953584,"[[4, 0], [3, 1]]",valence,0.5636363636363637,0.625,0.5636363636363637,3,0.75,2,0,0.0,0.25,0.5993300778550353,0.3779644730092272,subject_dependent,rbf_svm,0.5714285714285714,1.0,0.875,0.7857142857142857,0.625,0.7857142857142857,0.625,0.625,0.625,0.75,4,1.0,1,0.25
0.625,0.5666666666666667,"{""clf__C"": 10.0, ""clf__gamma"": 0.001}",0.2635404174954509,"[[1, 2], [1, 4]]",valence,0.5636363636363637,0.625,0.6045454545454546,1,0.2,3,2,0.6666666666666666,0.1428571428571429,0.7407189434119462,0.14907119849998599,subject_dependent,rbf_svm,0.5,0.6666666666666666,0.7783333333333333,0.5833333333333333,0.625,0.6041666666666666,0.5666666666666667,0.625,0.625,0.5333333333333334,1,0.3333333333333333,4,0.8
0.75,0.8,"{""clf__C"": 10.0, ""clf__gamma"": 0.001}",0.1765293272794881,"[[3, 2], [0, 3]]",valence,0.75,0.75,0.75,0,0.0,4,2,0.4,0.5294117647058824,0.5369203347281366,0.6,subject_dependent,rbf_svm,1.0,0.6,1.0,0.8,0.75,0.85,0.8,0.75,0.75,1.0,3,0.6,3,1.0
0.75,0.75,"{""clf__C"": 10.0, ""clf__gamma"": 0.001}",0.202241048680859,"[[3, 1], [1, 3]]",valence,0.75,0.75,0.75,1,0.25,0,1,0.25,0.5,0.5976265402655352,0.5,subject_dependent,rbf_svm,0.75,0.75,0.8125,0.75,0.75,0.75,0.75,0.75,0.75,0.6875,3,0.75,3,0.75
0.75,0.75,"{""clf__C"": 1.0, ""clf__gamma"": 0.001}",0.2655808234099223,"[[3, 1], [1, 3]]",valence,0.75,0.75,0.75,1,0.25,1,1,0.25,0.5,0.7243847821221687,0.5,subject_dependent,rbf_svm,0.75,0.75,0.4125,0.75,0.75,0.75,0.75,0.75,0.75,0.1875,3,0.75,3,0.75
0.75,0.75,"{""clf__C"": 1.0, ""clf__gamma"": 0.001}",0.2632820865182115,"[[3, 1], [1, 3]]",valence,0.75,0.75,0.75,1,0.25,2,1,0.25,0.5,0.7197872591112544,0.5,subject_dependent,rbf_svm,0.75,0.75,0.5654761904761905,0.75,0.75,0.75,0.75,0.75,0.75,0.25,3,0.75,3,0.75
0.75,0.8,"{""clf__C"": 1.0, ""clf__gamma"": 0.001}",0.3007330197497857,"[[3, 0], [2, 3]]",valence,0.75,0.75,0.75,2,0.4,3,0,0.0,0.5294117647058824,0.7955283638278017,0.6,subject_dependent,rbf_svm,0.6,1.0,0.46928571428571425,0.8,0.75,0.85,0.8,0.75,0.75,0.0,3,1.0,3,0.6
0.875,0.9,"{""clf__C"": 1.0, ""clf__gamma"": 0.001}",0.22534268214463066,"[[4, 1], [0, 3]]",valence,0.873015873015873,0.875,0.876984126984127,0,0.0,4,1,0.2,0.75,0.6803628094592209,0.7745966692414834,subject_dependent,rbf_svm,1.0,0.75,0.6388888888888888,0.875,0.875,0.90625,0.9,0.875,0.875,0.8,4,0.8,3,1.0
0.75,0.6666666666666666,"{""clf__C"": 1.0, ""clf__gamma"": 0.001}",0.33413619724865656,"[[5, 0], [2, 1]]",valence,0.6666666666666667,0.75,0.7083333333333334,2,0.6666666666666666,0,0,0.0,0.3846153846153846,0.8940954743534963,0.4879500364742666,subject_dependent,rbf_svm,0.7142857142857143,1.0,0.30277777777777776,0.8571428571428572,0.75,0.8214285714285714,0.6666666666666666,0.75,0.75,0.1333333333333333,5,1.0,1,0.3333333333333333
0.875,0.9166666666666667,"{""clf__C"": 10.0, ""clf__gamma"": 0.001}",0.23234131070529773,"[[5, 1], [0, 2]]",valence,0.8545454545454545,0.875,0.8818181818181818,0,0.0,1,1,0.16666666666666666,0.7142857142857143,0.6608141615503278,0.7453559924999299,subject_dependent,rbf_svm,1.0,0.6666666666666666,0.20833333333333331,0.8333333333333333,0.875,0.9166666666666666,0.9166666666666667,0.875,0.875,0.08333333333333331,5,0.8333333333333334,2,1.0
0.75,0.5,"{""clf__C"": 10.0, ""clf__gamma"": 0.001}",0.21883719687176134,"[[6, 0], [2, 0]]",valence,0.42857142857142855,0.75,0.6428571428571428,2,1.0,2,0,0.0,0.0,0.6303605241705876,0.0,subject_dependent,rbf_svm,0.75,0.0,0.29166666666666663,0.375,0.75,0.5625,0.5,0.75,0.75,0.4166666666666667,6,1.0,0,0.0
0.75,0.5,"{""clf__C"": 0.1, ""clf__gamma"": 0.001}",0.5072011677764034,"[[0, 2], [0, 6]]",valence,0.42857142857142855,0.75,0.6428571428571428,0,0.0,3,2,1.0,0.0,1.3184164073468612,0.0,subject_dependent,rbf_svm,0.0,0.75,0.9107142857142857,0.375,0.75,0.5625,0.5,0.75,0.75,0.6666666666666666,0,0.0,6,1.0
0.5,0.3333333333333333,"{""clf__C"": 1.0, ""clf__gamma"": 0.001}",0.3023584339730948,"[[4, 2], [2, 0]]",valence,0.3333333333333333,0.5,0.5,2,1.0,4,2,0.3333333333333333,-0.33333333333333326,0.8152585445892375,-0.3333333333333333,subject_dependent,rbf_svm,0.6666666666666666,0.0,0.225,0.3333333333333333,0.5,0.5,0.3333333333333333,0.5,0.5,0.16666666666666669,4,0.6666666666666666,0,0.0
0.625,0.4166666666666667,"{""clf__C"": 1.0, ""clf__gamma"": 0.001}",0.2582726071645156,"[[0, 2], [1, 5]]",valence,0.38461538461538464,0.625,0.576923076923077,1,0.16666666666666666,0,2,1.0,-0.19999999999999996,0.7121701279790517,-0.2182178902359924,subject_dependent,rbf_svm,0.0,0.7142857142857143,0.594047619047619,0.35714285714285715,0.625,0.5357142857142857,0.4166666666666667,0.625,0.625,0.0,0,0.0,5,0.8333333333333334
0.625,0.75,"{""clf__C"": 10.0, ""clf__gamma"": 0.001}",0.2678145496537747,"[[2, 0], [3, 3]]",valence,0.6190476190476191,0.625,0.6428571428571428,3,0.5,1,0,0.0,0.33333333333333337,0.7290598131236958,0.4472135954999579,subject_dependent,rbf_svm,0.4,1.0,0.6496031746031746,0.7,0.625,0.85,0.75,0.625,0.625,0.20833333333333331,2,1.0,3,0.5
0.375,0.375,"{""clf__C"": 1.0, ""clf__gamma"": 0.001}",0.24797608481021402,"[[1, 3], [2, 2]]",valence,0.36507936507936506,0.375,0.36507936507936506,2,0.5,2,3,0.75,-0.25,0.6964423963812496,-0.2581988897471611,subject_dependent,rbf_svm,0.3333333333333333,0.4,0.6791666666666667,0.3666666666666667,0.375,0.3666666666666667,0.375,0.375,0.375,0.75,1,0.25,2,0.5
0.5,0.6,"{""clf__C"": 1.0, ""clf__gamma"": 0.001}",0.3106964500925138,"[[1, 4], [0, 3]]",valence,0.4666666666666667,0.5,0.4333333333333333,0,0.0,3,4,0.8,0.1578947368421053,0.836097879361853,0.29277002188455997,subject_dependent,rbf_svm,1.0,0.42857142857142855,0.4206349206349207,0.7142857142857143,0.5,0.7857142857142857,0.6,0.5,0.5,0.4666666666666666,1,0.2,3,1.0
0.5,0.6,"{""clf__C"": 1.0, ""clf__gamma"": 0.001}",0.3336969879710874,"[[1, 4], [0, 3]]",valence,0.4666666666666667,0.5,0.4333333333333333,0,0.0,4,4,0.8,0.1578947368421053,0.8883435737282118,0.29277002188455997,subject_dependent,rbf_svm,1.0,0.42857142857142855,0.3595238095238095,0.7142857142857143,0.5,0.7857142857142857,0.6,0.5,0.5,0.3333333333333333,1,0.2,3,1.0
0.625,0.6333333333333333,"{""clf__C"": 1.0, ""clf__gamma"": 0.001}",0.17539082158584257,"[[2, 1], [2, 3]]",valence,0.6190476190476191,0.625,0.6309523809523809,2,0.4,0,1,0.3333333333333333,0.25,0.5299304881872678,0.2581988897471611,subject_dependent,rbf_svm,0.5,0.75,0.9266666666666666,0.625,0.625,0.65625,0.6333333333333333,0.625,0.625,0.8666666666666667,2,0.6666666666666666,3,0.6
0.875,0.875,"{""clf__C"": 1.0, ""clf__gamma"": 0.001}",0.19190300217291195,"[[3, 1], [0, 4]]",valence,0.873015873015873,0.875,0.873015873015873,0,0.0,1,1,0.25,0.75,0.5708823172375461,0.7745966692414834,subject_dependent,rbf_svm,1.0,0.8,0.95,0.9,0.875,0.9,0.875,0.875,0.875,0.9375,3,0.75,4,1.0
0.875,0.875,"{""clf__C"": 1.0, ""clf__gamma"": 0.001}",0.29509931607912177,"[[3, 1], [0, 4]]",valence,0.873015873015873,0.875,0.873015873015873,0,0.0,2,1,0.25,0.75,0.7904868834961406,0.7745966692414834,subject_dependent,rbf_svm,1.0,0.8,0.4125,0.9,0.875,0.9,0.875,0.875,0.875,0.1875,3,0.75,4,1.0
0.625,0.4166666666666667,"{""clf__C"": 10.0, ""clf__gamma"": 0.001}",0.22514158026666942,"[[0, 2], [1, 5]]",valence,0.38461538461538464,0.625,0.576923076923077,1,0.16666666666666666,3,2,1.0,-0.19999999999999996,0.6350354699390426,-0.2182178902359924,subject_dependent,rbf_svm,0.0,0.7142857142857143,0.8555555555555556,0.35714285714285715,0.625,0.5357142857142857,0.4166666666666667,0.625,0.625,0.5833333333333334,0,0.0,5,0.8333333333333334
0.625,0.5666666666666667,"{""clf__C"": 1.0, ""clf__gamma"": 0.001}",0.1954922432601479,"[[1, 2], [1, 4]]",valence,0.5636363636363637,0.625,0.6045454545454546,1,0.2,4,2,0.6666666666666666,0.1428571428571429,0.5750737903906857,0.14907119849998599,subject_dependent,rbf_svm,0.5,0.6666666666666666,0.9028571428571428,0.5833333333333333,0.625,0.6041666666666666,0.5666666666666667,0.625,0.625,0.8,1,0.3333333333333333,4,0.8
0.5,0.5,"{""clf__C"": 1.0, ""clf__gamma"": 0.001}",0.25581538269942206,"[[2, 2], [2, 2]]",valence,0.5,0.5,0.5,2,0.5,0,2,0.5,0.0,0.7037674852515772,0.0,subject_dependent,rbf_svm,0.5,0.5,0.775,0.5,0.5,0.5,0.5,0.5,0.5,0.625,2,0.5,2,0.5
0.375,0.3,"{""clf__C"": 10.0, ""clf__gamma"": 0.001}",0.2136017127805662,"[[0, 3], [2, 3]]",valence,0.2727272727272727,0.375,0.3409090909090909,2,0.4,1,3,1.0,-0.4285714285714286,0.6185085651312461,-0.4472135954999579,subject_dependent,rbf_svm,0.0,0.5,0.9266666666666666,0.25,0.375,0.3125,0.3,0.375,0.375,0.8666666666666667,0,0.0,3,0.6
0.625,0.5,"{""clf__C"": 1.0, ""clf__gamma"": 0.01}",0.238456688762817,"[[0, 3], [0, 5]]",valence,0.38461538461538464,0.625,0.4807692307692308,0,0.0,2,3,1.0,0.0,0.6699633813761618,0.0,subject_dependent,rbf_svm,0.0,0.625,0.5449999999999999,0.3125,0.625,0.390625,0.5,0.625,0.625,0.2666666666666667,0,0.0,5,1.0
0.625,0.5,"{""clf__C"": 0.1, ""clf__gamma"": 0.001}",0.25892053872981846,"[[0, 3], [0, 5]]",valence,0.38461538461538464,0.625,0.4807692307692308,0,0.0,3,3,1.0,0.0,0.7110099726246771,0.0,subject_dependent,rbf_svm,0.0,0.625,0.9266666666666666,0.3125,0.625,0.390625,0.5,0.625,0.625,0.8666666666666667,0,0.0,5,1.0
0.5,0.5,"{""clf__C"": 1.0, ""clf__gamma"": 0.01}",0.26129389284975263,"[[0, 4], [0, 4]]",valence,0.3333333333333333,0.5,0.3333333333333333,0,0.0,4,4,1.0,0.0,0.7162610805826921,0.0,subject_dependent,rbf_svm,0.0,0.5,0.4571428571428572,0.25,0.5,0.25,0.5,0.5,0.5,0.25,0,0.0,4,1.0
0.5,0.5,"{""clf__C"": 1.0, ""clf__gamma"": 0.001}",0.27935236909979716,"[[0, 4], [0, 4]]",valence,0.3333333333333333,0.5,0.3333333333333333,0,0.0,0,4,1.0,0.0,0.7553969419480062,0.0,subject_dependent,rbf_svm,0.0,0.5,0.48333333333333334,0.25,0.5,0.25,0.5,0.5,0.5,0.375,0,0.0,4,1.0
0.625,0.625,"{""clf__C"": 1.0, ""clf__gamma"": 0.001}",0.282701388742446,"[[1, 3], [0, 4]]",valence,0.5636363636363637,0.625,0.5636363636363637,0,0.0,1,3,0.75,0.25,0.7609296938346799,0.3779644730092272,subject_dependent,rbf_svm,1.0,0.5714285714285714,0.5,0.7857142857142857,0.625,0.7857142857142857,0.625,0.625,0.625,0.375,1,0.25,4,1.0
0.5,0.4666666666666667,"{""clf__C"": 1.0, ""clf__gamma"": 0.001}",0.20022604005269673,"[[1, 2], [2, 3]]",valence,0.4666666666666667,0.5,0.5,2,0.4,2,2,0.6666666666666666,-0.06666666666666665,0.5887969618144384,-0.06666666666666667,subject_dependent,rbf_svm,0.3333333333333333,0.6,0.852857142857143,0.4666666666666667,0.5,0.5,0.4666666666666667,0.5,0.5,0.7333333333333334,1,0.3333333333333333,3,0.6
0.5,0.6666666666666666,"{""clf__C"": 1.0, ""clf__gamma"": 0.001}",0.2446174095721843,"[[2, 0], [4, 2]]",valence,0.5,0.5,0.5,4,0.6666666666666666,3,0,0.0,0.19999999999999996,0.6862998911847088,0.3333333333333333,subject_dependent,rbf_svm,0.3333333333333333,1.0,0.6746031746031745,0.6666666666666666,0.5,0.8333333333333334,0.6666666666666666,0.5,0.5,0.25,2,1.0,2,0.3333333333333333
0.5,0.5,"{""clf__C"": 10.0, ""clf__gamma"": 0.001}",0.27853835126262205,"[[0, 4], [0, 4]]",valence,0.3333333333333333,0.5,0.3333333333333333,0,0.0,4,4,1.0,0.0,0.7525540359093288,0.0,subject_dependent,rbf_svm,0.0,0.5,0.6041666666666666,0.25,0.5,0.25,0.5,0.5,0.5,0.5625,0,0.0,4,1.0
0.375,0.5,"{""clf__C"": 1.0, ""clf__gamma"": 0.01}",0.26442358549811895,"[[0, 5], [0, 3]]",valence,0.2727272727272727,0.375,0.20454545454545453,0,0.0,0,5,1.0,0.0,0.7220920958778545,0.0,subject_dependent,rbf_svm,0.0,0.375,0.38690476190476186,0.1875,0.375,0.140625,0.5,0.375,0.375,0.26666666666666666,0,0.0,3,1.0
0.5,0.5333333333333333,"{""clf__C"": 1.0, ""clf__gamma"": 0.001}",0.25606941724108917,"[[2, 1], [3, 2]]",valence,0.5,0.5,0.5,3,0.6,1,1,0.3333333333333333,0.05882352941176472,0.705239566427672,0.06666666666666667,subject_dependent,rbf_svm,0.4,0.6666666666666666,0.6592857142857143,0.5333333333333333,0.5,0.5666666666666667,0.5333333333333333,0.5,0.5,0.33333333333333337,2,0.6666666666666666,2,0.4
0.375,0.5,"{""clf__C"": 1.0, ""clf__gamma"": 0.001}",0.2632861403879308,"[[0, 5], [0, 3]]",valence,0.2727272727272727,0.375,0.20454545454545453,0,0.0,2,5,1.0,0.0,0.7197909013306159,0.0,subject_dependent,rbf_svm,0.0,0.375,0.6388888888888888,0.1875,0.375,0.140625,0.5,0.375,0.375,0.8,0,0.0,3,1.0
0.75,0.75,"{""clf__C"": 1.0, ""clf__gamma"": 0.001}",0.2938749028716939,"[[4, 0], [2, 2]]",valence,0.7333333333333334,0.75,0.7333333333333334,2,0.5,3,0,0.0,0.5,0.7820687162016594,0.5773502691896258,subject_dependent,rbf_svm,0.6666666666666666,1.0,0.3988095238095238,0.8333333333333333,0.75,0.8333333333333333,0.75,0.75,0.75,0.125,4,1.0,2,0.5
0.5,0.5,"{""clf__C"": 10.0, ""clf__gamma"": 0.001}",0.3489667360293772,"[[1, 1], [3, 3]]",valence,0.4666666666666667,0.5,0.5333333333333333,3,0.5,4,1,0.5,0.0,0.8996305002603544,0.0,subject_dependent,rbf_svm,0.25,0.75,0.7166666666666667,0.5,0.5,0.625,0.5,0.5,0.5,0.4166666666666667,1,0.5,3,0.5
0.375,0.41666666666666663,"{""clf__C"": 10.0, ""clf__gamma"": 0.001}",0.24650160764640716,"[[2, 4], [1, 1]]",valence,0.36507936507936506,0.375,0.40476190476190477,1,0.5,0,4,0.6666666666666666,-0.11111111111111116,0.6861388845727439,-0.14907119849998599,subject_dependent,rbf_svm,0.6666666666666666,0.2,0.3333333333333333,0.43333333333333335,0.375,0.55,0.41666666666666663,0.375,0.375,0.5,2,0.3333333333333333,1,0.5
0.5,0.4666666666666667,"{""clf__C"": 1.0, ""clf__gamma"": 0.001}",0.42510918291368227,"[[1, 2], [2, 3]]",valence,0.4666666666666667,0.5,0.5,2,0.4,1,2,0.6666666666666666,-0.06666666666666665,1.1428592388228211,-0.06666666666666667,subject_dependent,rbf_svm,0.3333333333333333,0.6,0.5726190476190476,0.4666666666666667,0.5,0.5,0.4666666666666667,0.5,0.5,0.2666666666666667,1,0.3333333333333333,3,0.6
0.375,0.375,"{""clf__C"": 1.0, ""clf__gamma"": 0.001}",0.2385955060790768,"[[2, 2], [3, 1]]",valence,0.36507936507936506,0.375,0.36507936507936506,3,0.75,2,2,0.5,-0.25,0.6684599030422402,-0.2581988897471611,subject_dependent,rbf_svm,0.4,0.3333333333333333,0.6083333333333333,0.3666666666666667,0.375,0.3666666666666667,0.375,0.375,0.375,0.625,2,0.5,1,0.25
0.25,0.25,"{""clf__C"": 1.0, ""clf__gamma"": 0.001}",0.25729291639909857,"[[2, 2], [4, 0]]",valence,0.2,0.25,0.2,4,1.0,3,2,0.5,-0.5,0.7078992643603608,-0.5773502691896258,subject_dependent,rbf_svm,0.3333333333333333,0.0,0.4583333333333333,0.16666666666666666,0.25,0.16666666666666666,0.25,0.25,0.25,0.3125,2,0.5,0,0.0
0.625,0.5666666666666667,"{""clf__C"": 1.0, ""clf__gamma"": 0.001}",0.29212525809952894,"[[4, 1], [2, 1]]",valence,0.5636363636363637,0.625,0.6045454545454546,2,0.6666666666666666,4,1,0.2,0.1428571428571429,0.783629668563586,0.14907119849998599,subject_dependent,rbf_svm,0.6666666666666666,0.5,0.4583333333333333,0.5833333333333333,0.625,0.6041666666666666,0.5666666666666667,0.625,0.625,0.4666666666666666,4,0.8,1,0.3333333333333333
0.625,0.625,"{""clf__C"": 10.0, ""clf__gamma"": 0.001}",0.4379775696294266,"[[1, 3], [0, 4]]",valence,0.5636363636363637,0.625,0.5636363636363637,0,0.0,0,3,0.75,0.25,1.4176083288606671,0.3779644730092272,subject_dependent,rbf_svm,1.0,0.5714285714285714,0.4583333333333333,0.7857142857142857,0.625,0.7857142857142857,0.625,0.625,0.625,0.3125,1,0.25,4,1.0
0.75,0.5,"{""clf__C"": 10.0, ""clf__gamma"": 0.001}",0.3238784545156901,"[[0, 2], [0, 6]]",valence,0.42857142857142855,0.75,0.6428571428571428,0,0.0,1,2,1.0,0.0,0.8523568437496325,0.0,subject_dependent,rbf_svm,0.0,0.75,0.7051587301587301,0.375,0.75,0.5625,0.5,0.75,0.75,0.16666666666666666,0,0.0,6,1.0
0.5,0.5,"{""clf__C"": 1.0, ""clf__gamma"": 0.001}",0.20592344254030093,"[[1, 1], [3, 3]]",valence,0.4666666666666667,0.5,0.5333333333333333,3,0.5,2,1,0.5,0.0,0.6036404127302399,0.0,subject_dependent,rbf_svm,0.25,0.75,0.7801587301587302,0.5,0.5,0.625,0.5,0.5,0.5,0.41666666666666663,1,0.5,3,0.5
0.625,0.5,"{""clf__C"": 10.0, ""clf__gamma"": 0.001}",0.3043567990476831,"[[0, 3], [0, 5]]",valence,0.38461538461538464,0.625,0.4807692307692308,0,0.0,3,3,1.0,0.0,0.9210075657538739,0.0,subject_dependent,rbf_svm,0.0,0.625,0.5628571428571427,0.3125,0.625,0.390625,0.5,0.625,0.625,0.33333333333333337,0,0.0,5,1.0
0.75,0.6666666666666666,"{""clf__C"": 1.0, ""clf__gamma"": 0.001}",0.3398581537257478,"[[1, 2], [0, 5]]",valence,0.6666666666666667,0.75,0.7083333333333334,0,0.0,4,2,0.6666666666666666,0.3846153846153846,0.8990094154512809,0.4879500364742666,subject_dependent,rbf_svm,1.0,0.7142857142857143,0.4859523809523809,0.8571428571428572,0.75,0.8214285714285714,0.6666666666666666,0.75,0.75,0.06666666666666668,1,0.3333333333333333,5,1.0
0.625,0.6333333333333333,"{""clf__C"": 1.0, ""clf__gamma"": 0.001}",0.27008200530782983,"[[3, 2], [1, 2]]",valence,0.6190476190476191,0.625,0.6309523809523809,1,0.3333333333333333,0,2,0.4,0.25,0.734989958943387,0.2581988897471611,subject_dependent,rbf_svm,0.75,0.5,0.4206349206349206,0.625,0.625,0.65625,0.6333333333333333,0.625,0.625,0.39999999999999997,3,0.6,2,0.6666666666666666
0.875,0.875,"{""clf__C"": 1.0, ""clf__gamma"": 0.001}",0.2775823585477539,"[[4, 0], [1, 3]]",valence,0.873015873015873,0.875,0.873015873015873,1,0.25,1,0,0.0,0.75,0.7489589768602098,0.7745966692414834,subject_dependent,rbf_svm,0.8,1.0,0.37797619047619047,0.9,0.875,0.9,0.875,0.875,0.875,0.0625,4,1.0,3,0.75
0.625,0.6333333333333333,"{""clf__C"": 1.0, ""clf__gamma"": 0.001}",0.29105423243432194,"[[2, 1], [2, 3]]",valence,0.6190476190476191,0.625,0.6309523809523809,2,0.4,2,1,0.3333333333333333,0.25,0.7768815085668568,0.2581988897471611,subject_dependent,rbf_svm,0.5,0.75,0.5059523809523809,0.625,0.625,0.65625,0.6333333333333333,0.625,0.625,0.13333333333333336,2,0.6666666666666666,3,0.6
0.875,0.9,"{""clf__C"": 10.0, ""clf__gamma"": 0.001}",0.18823580168504478,"[[4, 1], [0, 3]]",valence,0.873015873015873,0.875,0.876984126984127,0,0.0,3,1,0.2,0.75,0.5673300221233182,0.7745966692414834,subject_dependent,rbf_svm,1.0,0.75,0.9166666666666666,0.875,0.875,0.90625,0.9,0.875,0.875,0.9333333333333333,4,0.8,3,1.0
0.625,0.6333333333333333,"{""clf__C"": 1.0, ""clf__gamma"": 0.001}",0.2586059080953066,"[[3, 2], [1, 2]]",valence,0.6190476190476191,0.625,0.6309523809523809,1,0.3333333333333333,4,2,0.4,0.25,0.7107065612588435,0.2581988897471611,subject_dependent,rbf_svm,0.75,0.5,0.42499999999999993,0.625,0.625,0.65625,0.6333333333333333,0.625,0.625,0.39999999999999997,3,0.6,2,0.6666666666666666
0.5,0.6,"{""clf__C"": 0.1, ""clf__gamma"": 0.01}",0.2439056583105461,"[[1, 4], [0, 3]]",valence,0.4666666666666667,0.5,0.4333333333333333,0,0.0,0,4,0.8,0.1578947368421053,0.6809470471028111,0.29277002188455997,subject_dependent,rbf_svm,1.0,0.42857142857142855,0.3416666666666666,0.7142857142857143,0.5,0.7857142857142857,0.6,0.5,0.5,0.26666666666666666,1,0.2,3,1.0
0.75,0.8,"{""clf__C"": 0.1, ""clf__gamma"": 0.1}",0.2439054186218842,"[[3, 2], [0, 3]]",valence,0.75,0.75,0.75,0,0.0,1,2,0.4,0.5294117647058824,0.6809465662839362,0.6,subject_dependent,rbf_svm,1.0,0.6,0.375,0.8,0.75,0.85,0.8,0.75,0.75,0.5,3,0.6,3,1.0
0.375,0.375,"{""clf__C"": 1.0, ""clf__gamma"": 0.001}",0.25695579354518583,"[[2, 2], [3, 1]]",valence,0.36507936507936506,0.375,0.36507936507936506,3,0.75,2,2,0.5,-0.25,0.7079369433948401,-0.2581988897471611,subject_dependent,rbf_svm,0.4,0.3333333333333333,0.625,0.3666666666666667,0.375,0.3666666666666667,0.375,0.375,0.375,0.5625,2,0.5,1,0.25
0.5,0.5333333333333333,"{""clf__C"": 1.0, ""clf__gamma"": 0.001}",0.3122791629287275,"[[2, 1], [3, 2]]",valence,0.5,0.5,0.5,3,0.6,3,1,0.3333333333333333,0.05882352941176472,0.8225367318207596,0.06666666666666667,subject_dependent,rbf_svm,0.4,0.6666666666666666,0.6416666666666666,0.5333333333333333,0.5,0.5666666666666667,0.5333333333333333,0.5,0.5,0.4666666666666667,2,0.6666666666666666,2,0.4
0.375,0.375,"{""clf__C"": 10.0, ""clf__gamma"": 0.001}",0.3228283379837653,"[[2, 2], [3, 1]]",valence,0.36507936507936506,0.375,0.36507936507936506,3,0.75,4,2,0.5,-0.25,0.8556280103502505,-0.2581988897471611,subject_dependent,rbf_svm,0.4,0.3333333333333333,0.5,0.3666666666666667,0.375,0.3666666666666667,0.375,0.375,0.375,0.375,2,0.5,1,0.25
0.375,0.5,"{""clf__C"": 0.1, ""clf__gamma"": 0.001}",0.3036245230858323,"[[0, 5], [0, 3]]",valence,0.2727272727272727,0.375,0.20454545454545453,0,0.0,0,5,1.0,0.0,0.8037837244332956,0.0,subject_dependent,rbf_svm,0.0,0.375,0.6984126984126985,0.1875,0.375,0.140625,0.5,0.375,0.375,0.6666666666666666,0,0.0,3,1.0
0.5,0.3333333333333333,"{""clf__C"": 1.0, ""clf__gamma"": 0.001}",0.2135457303629732,"[[0, 2], [2, 4]]",valence,0.3333333333333333,0.5,0.5,2,0.3333333333333333,1,2,1.0,-0.33333333333333326,0.6191412878821572,-0.3333333333333333,subject_dependent,rbf_svm,0.0,0.6666666666666666,0.7579365079365079,0.3333333333333333,0.5,0.5,0.3333333333333333,0.5,0.5,0.3333333333333333,0,0.0,4,0.6666666666666666
0.625,0.5,"{""clf__C"": 1.0, ""clf__gamma"": 0.001}",0.22214266421844092,"[[0, 3], [0, 5]]",valence,0.38461538461538464,0.625,0.4807692307692308,0,0.0,2,3,1.0,0.0,0.632766054626339,0.0,subject_dependent,rbf_svm,0.0,0.625,0.925,0.3125,0.625,0.390625,0.5,0.625,0.625,0.8,0,0.0,5,1.0
0.75,0.5,"{""clf__C"": 10.0, ""clf__gamma"": 0.001}",0.18922988711780978,"[[0, 2], [0, 6]]",valence,0.42857142857142855,0.75,0.6428571428571428,0,0.0,3,2,1.0,0.0,0.5664140734967469,0.0,subject_dependent,rbf_svm,0.0,0.75,0.9305555555555556,0.375,0.75,0.5625,0.5,0.75,0.75,0.75,0,0.0,6,1.0
0.75,0.8333333333333333,"{""clf__C"": 10.0, ""clf__gamma"": 0.001}",0.22627929129356072,"[[2, 0], [2, 4]]",valence,0.7333333333333334,0.75,0.7666666666666667,2,0.3333333333333333,4,0,0.0,0.5,0.6478997330252522,0.5773502691896258,subject_dependent,rbf_svm,0.5,1.0,0.594047619047619,0.75,0.75,0.875,0.8333333333333333,0.75,0.75,0.0,2,1.0,4,0.6666666666666666
0.625,0.5,"{""clf__C"": 1.0, ""clf__gamma"": 0.001}",0.23089372814601705,"[[0, 3], [0, 5]]",valence,0.38461538461538464,0.625,0.4807692307692308,0,0.0,0,3,1.0,0.0,0.6538355869075326,0.0,subject_dependent,rbf_svm,0.0,0.625,0.852857142857143,0.3125,0.625,0.390625,0.5,0.625,0.625,0.7333333333333334,0,0.0,5,1.0
0.75,0.5,"{""clf__C"": 0.1, ""clf__gamma"": 0.01}",0.1937553339932511,"[[0, 2], [0, 6]]",valence,0.42857142857142855,0.75,0.6428571428571428,0,0.0,1,2,1.0,0.0,0.5771964515336685,0.0,subject_dependent,rbf_svm,0.0,0.75,0.9107142857142857,0.375,0.75,0.5625,0.5,0.75,0.75,0.6666666666666666,0,0.0,6,1.0
0.875,0.5,"{""clf__C"": 0.1, ""clf__gamma"": 0.01}",0.1552324077948713,"[[0, 1], [0, 7]]",valence,0.4666666666666667,0.875,0.8166666666666667,0,0.0,2,1,1.0,0.0,0.4976076642182624,0.0,subject_dependent,rbf_svm,0.0,0.875,0.9821428571428572,0.4375,0.875,0.765625,0.5,0.875,0.875,0.8571428571428571,0,0.0,7,1.0
0.5,0.5,"{""clf__C"": 0.1, ""clf__gamma"": 0.01}",0.29239191512467694,"[[0, 4], [0, 4]]",valence,0.3333333333333333,0.5,0.3333333333333333,0,0.0,3,4,1.0,0.0,0.7860515919821542,0.0,subject_dependent,rbf_svm,0.0,0.5,0.7708333333333333,0.25,0.5,0.25,0.5,0.5,0.5,0.75,0,0.0,4,1.0
0.0,0.0,"{""clf__C"": 0.1, ""clf__gamma"": 0.001}",,"[[0, 0], [8, 0]]",valence,0.0,0.0,0.0,,,4,,,0.0,,0.0,subject_dependent,rbf_svm,,,1.0,0.0,0.0,0.0,0.0,0.0,0.0,nan,,,,
0.5,0.4666666666666667,"{""clf__C"": 1.0, ""clf__gamma"": 0.001}",0.2332647955930973,"[[1, 2], [2, 3]]",valence,0.4666666666666667,0.5,0.5,2,0.4,0,2,0.6666666666666666,-0.06666666666666665,0.6599262294728837,-0.06666666666666667,subject_dependent,rbf_svm,0.3333333333333333,0.6,0.6683333333333333,0.4666666666666667,0.5,0.5,0.4666666666666667,0.5,0.5,0.5333333333333334,1,0.3333333333333333,3,0.6
0.375,0.3666666666666667,"{""clf__C"": 10.0, ""clf__gamma"": 0.001}",0.22798934534519483,"[[1, 2], [3, 2]]",valence,0.36507936507936506,0.375,0.38492063492063494,3,0.6,1,2,0.6666666666666666,-0.25,0.6468219612433239,-0.2581988897471611,subject_dependent,rbf_svm,0.25,0.5,0.885,0.375,0.375,0.40625,0.3666666666666667,0.375,0.375,0.7333333333333334,1,0.3333333333333333,2,0.4
0.5,0.5,"{""clf__C"": 1.0, ""clf__gamma"": 0.001}",0.29680277963867785,"[[0, 4], [0, 4]]",valence,0.3333333333333333,0.5,0.3333333333333333,0,0.0,2,4,1.0,0.0,0.7950049597456916,0.0,subject_dependent,rbf_svm,0.0,0.5,0.4125,0.25,0.5,0.25,0.5,0.5,0.5,0.1875,0,0.0,4,1.0
0.75,0.5,"{""clf__C"": 10.0, ""clf__gamma"": 0.001}",0.2169977773065453,"[[0, 2], [0, 6]]",valence,0.42857142857142855,0.75,0.6428571428571428,0,0.0,3,2,1.0,0.0,0.6266209201749475,0.0,subject_dependent,rbf_svm,0.0,0.75,0.8,0.375,0.75,0.5625,0.5,0.75,0.75,0.5,0,0.0,6,1.0
0.625,0.5,"{""clf__C"": 1.0, ""clf__gamma"": 0.01}",0.23441110797500042,"[[0, 3], [0, 5]]",valence,0.38461538461538464,0.625,0.4807692307692308,0,0.0,4,3,1.0,0.0,0.6616405696612708,0.0,subject_dependent,rbf_svm,0.0,0.625,0.6783333333333333,0.3125,0.625,0.390625,0.5,0.625,0.625,0.4,0,0.0,5,1.0
0.75,0.75,"{""clf__C"": 1.0, ""clf__gamma"": 0.001}",0.2560358434020047,"[[2, 2], [0, 4]]",valence,0.7333333333333334,0.75,0.7333333333333334,0,0.0,0,2,0.5,0.5,0.7053456543088245,0.5773502691896258,subject_dependent,rbf_svm,1.0,0.6666666666666666,0.8541666666666666,0.8333333333333333,0.75,0.8333333333333333,0.75,0.75,0.75,0.8125,2,0.5,4,1.0
0.875,0.8333333333333333,"{""clf__C"": 10.0, ""clf__gamma"": 0.001}",0.21158462951340717,"[[2, 1], [0, 5]]",valence,0.8545454545454545,0.875,0.8681818181818182,0,0.0,1,1,0.3333333333333333,0.7142857142857143,0.6158239872631148,0.7453559924999299,subject_dependent,rbf_svm,1.0,0.8333333333333334,0.81,0.9166666666666667,0.875,0.8958333333333334,0.8333333333333333,0.875,0.875,0.7333333333333334,2,0.6666666666666666,5,1.0
0.375,0.375,"{""clf__C"": 1.0, ""clf__gamma"": 0.001}",0.27976678457363724,"[[1, 3], [2, 2]]",valence,0.36507936507936506,0.375,0.36507936507936506,2,0.5,2,3,0.75,-0.25,0.7582861245765917,-0.2581988897471611,subject_dependent,rbf_svm,0.3333333333333333,0.4,0.4928571428571429,0.3666666666666667,0.375,0.3666666666666667,0.375,0.375,0.375,0.375,1,0.25,2,0.5
0.75,0.6666666666666667,"{""clf__C"": 10.0, ""clf__gamma"": 0.001}",0.2362230230397139,"[[1, 1], [1, 5]]",valence,0.6666666666666667,0.75,0.75,1,0.16666666666666666,3,1,0.5,0.33333333333333337,0.6655617148570343,0.3333333333333333,subject_dependent,rbf_svm,0.5,0.8333333333333334,0.7051587301587301,0.6666666666666667,0.75,0.75,0.6666666666666667,0.75,0.75,0.16666666666666666,1,0.5,5,0.8333333333333334
0.625,0.625,"{""clf__C"": 1.0, ""clf__gamma"": 0.001}",0.2671987963565418,"[[1, 3], [0, 4]]",valence,0.5636363636363637,0.625,0.5636363636363637,0,0.0,4,3,0.75,0.25,0.7282381552658416,0.3779644730092272,subject_dependent,rbf_svm,1.0,0.5714285714285714,0.48214285714285715,0.7857142857142857,0.625,0.7857142857142857,0.625,0.625,0.625,0.3125,1,0.25,4,1.0
0.75,0.5,"{""clf__C"": 1.0, ""clf__gamma"": 0.001}",0.19704043351545786,"[[0, 2], [0, 6]]",valence,0.42857142857142855,0.75,0.6428571428571428,0,0.0,0,2,1.0,0.0,0.5819237976302793,0.0,subject_dependent,rbf_svm,0.0,0.75,0.8773809523809524,0.375,0.75,0.5625,0.5,0.75,0.75,0.5833333333333333,0,0.0,6,1.0
0.625,0.4166666666666667,"{""clf__C"": 10.0, ""clf__gamma"": 0.001}",0.14587179844171946,"[[0, 2], [1, 5]]",valence,0.38461538461538464,0.625,0.576923076923077,1,0.16666666666666666,1,2,1.0,-0.19999999999999996,0.4654290917400188,-0.2182178902359924,subject_dependent,rbf_svm,0.0,0.7142857142857143,1.0,0.35714285714285715,0.625,0.5357142857142857,0.4166666666666667,0.625,0.625,1.0,0,0.0,5,0.8333333333333334
0.375,0.5,"{""clf__C"": 0.1, ""clf__gamma"": 0.001}",0.27170078076975085,"[[3, 0], [5, 0]]",valence,0.2727272727272727,0.375,0.20454545454545453,5,1.0,2,0,0.0,0.0,0.7647234050621926,0.0,subject_dependent,rbf_svm,0.375,0.0,0.8083333333333333,0.1875,0.375,0.140625,0.5,0.375,0.375,0.6,3,1.0,0,0.0
0.625,0.5,"{""clf__C"": 1.0, ""clf__gamma"": 0.01}",0.23964166975767986,"[[0, 3], [0, 5]]",valence,0.38461538461538464,0.625,0.4807692307692308,0,0.0,3,3,1.0,0.0,0.6735604226145411,0.0,subject_dependent,rbf_svm,0.0,0.625,0.525952380952381,0.3125,0.625,0.390625,0.5,0.625,0.625,0.2,0,0.0,5,1.0
0.5,0.4,"{""clf__C"": 1.0, ""clf__gamma"": 0.001}",0.22720443382580072,"[[0, 3], [1, 4]]",valence,0.3333333333333333,0.5,0.41666666666666663,1,0.2,4,3,1.0,-0.23076923076923084,0.6446837761917771,-0.29277002188455997,subject_dependent,rbf_svm,0.0,0.5714285714285714,0.852857142857143,0.2857142857142857,0.5,0.3571428571428571,0.4,0.5,0.5,0.7333333333333334,0,0.0,4,0.8
0.5,0.5,"{""clf__C"": 10.0, ""clf__gamma"": 0.001}",0.23190025286107183,"[[1, 3], [1, 3]]",valence,0.4666666666666667,0.5,0.4666666666666667,1,0.25,0,3,0.75,0.0,0.6482012243852522,0.0,subject_dependent,rbf_svm,0.5,0.5,0.8928571428571428,0.5,0.5,0.5,0.5,0.5,0.5,0.8125,1,0.25,3,0.75
0.5,0.4666666666666667,"{""clf__C"": 10.0, ""clf__gamma"": 0.001}",0.218213529759902,"[[1, 2], [2, 3]]",valence,0.4666666666666667,0.5,0.5,2,0.4,1,2,0.6666666666666666,-0.06666666666666665,0.6268669240280735,-0.06666666666666667,subject_dependent,rbf_svm,0.3333333333333333,0.6,0.7961904761904761,0.4666666666666667,0.5,0.5,0.4666666666666667,0.5,0.5,0.6000000000000001,1,0.3333333333333333,3,0.6
1.0,1.0,"{""clf__C"": 10.0, ""clf__gamma"": 0.001}",0.2126289246247396,"[[3, 0], [0, 5]]",valence,1.0,1.0,1.0,0,0.0,2,0,0.0,1.0,0.617573607714651,1.0,subject_dependent,rbf_svm,1.0,1.0,1.0,1.0,1.0,1.0,1.0,1.0,1.0,1.0,3,1.0,5,1.0
0.625,0.625,"{""clf__C"": 1.0, ""clf__gamma"": 0.001}",0.21420205827721997,"[[2, 2], [1, 3]]",valence,0.6190476190476191,0.625,0.6190476190476191,1,0.25,3,2,0.5,0.25,0.6220186631475177,0.2581988897471611,subject_dependent,rbf_svm,0.6666666666666666,0.6,0.6458333333333333,0.6333333333333333,0.625,0.6333333333333333,0.625,0.625,0.625,0.6875,2,0.5,3,0.75
0.625,0.5666666666666667,"{""clf__C"": 10.0, ""clf__gamma"": 0.001}",0.24437063846233364,"[[1, 2], [1, 4]]",valence,0.5636363636363637,0.625,0.6045454545454546,1,0.2,4,2,0.6666666666666666,0.1428571428571429,0.6858711281016602,0.14907119849998599,subject_dependent,rbf_svm,0.5,0.6666666666666666,0.6416666666666666,0.5833333333333333,0.625,0.6041666666666666,0.5666666666666667,0.625,0.625,0.4666666666666667,1,0.3333333333333333,4,0.8
0.0,0.0,"{""clf__C"": 10.0, ""clf__gamma"": 0.001}",0.19789206611056043,"[[0, 4], [4, 0]]",valence,0.0,0.0,0.0,4,1.0,0,4,1.0,-1.0,0.588015520404998,-1.0,subject_dependent,rbf_svm,0.0,0.0,1.0,0.0,0.0,0.0,0.0,0.0,0.0,1.0,0,0.0,0,0.0
0.75,0.75,"{""clf__C"": 10.0, ""clf__gamma"": 0.001}",0.425693534520728,"[[2, 2], [0, 4]]",valence,0.7333333333333334,0.75,0.7333333333333334,0,0.0,1,2,0.5,0.5,1.0981080074347558,0.5773502691896258,subject_dependent,rbf_svm,1.0,0.6666666666666666,0.3988095238095238,0.8333333333333333,0.75,0.8333333333333333,0.75,0.75,0.75,0.125,2,0.5,4,1.0
0.625,0.5,"{""clf__C"": 0.1, ""clf__gamma"": 0.001}",0.2904944689609234,"[[0, 3], [0, 5]]",valence,0.38461538461538464,0.625,0.4807692307692308,0,0.0,2,3,1.0,0.0,0.775750332812933,0.0,subject_dependent,rbf_svm,0.0,0.625,0.7892857142857144,0.3125,0.625,0.390625,0.5,0.625,0.625,0.5333333333333333,0,0.0,5,1.0
0.625,0.5,"{""clf__C"": 0.1, ""clf__gamma"": 0.001}",0.31915537666494365,"[[5, 0], [3, 0]]",valence,0.38461538461538464,0.625,0.4807692307692308,3,1.0,3,0,0.0,0.0,0.8380582695629741,0.0,subject_dependent,rbf_svm,0.625,0.0,0.7222222222222223,0.3125,0.625,0.390625,0.5,0.625,0.625,0.7333333333333333,5,1.0,0,0.0
0.375,0.375,"{""clf__C"": 10.0, ""clf__gamma"": 0.001}",0.18642846583486766,"[[3, 1], [4, 0]]",valence,0.2727272727272727,0.375,0.2727272727272727,4,1.0,4,1,0.25,-0.25,0.5575343647343263,-0.3779644730092272,subject_dependent,rbf_svm,0.42857142857142855,0.0,1.0,0.21428571428571427,0.375,0.21428571428571427,0.375,0.375,0.375,1.0,3,0.75,0,0.0
0.5,0.4,"{""clf__C"": 1.0, ""clf__gamma"": 0.001}",0.23365189668008177,"[[0, 3], [1, 4]]",arousal,0.3333333333333333,0.5,0.41666666666666663,1,0.2,0,3,1.0,-0.23076923076923084,0.6581247325689912,-0.29277002188455997,subject_dependent,rbf_svm,0.0,0.5714285714285714,0.8350000000000001,0.2857142857142857,0.5,0.3571428571428571,0.4,0.5,0.5,0.6666666666666667,0,0.0,4,0.8
0.75,0.6666666666666666,"{""clf__C"": 1.0, ""clf__gamma"": 0.001}",0.281649245846031,"[[1, 2], [0, 5]]",arousal,0.6666666666666667,0.75,0.7083333333333334,0,0.0,1,2,0.6666666666666666,0.3846153846153846,0.7591656105936322,0.4879500364742666,subject_dependent,rbf_svm,1.0,0.7142857142857143,0.5449999999999999,0.8571428571428572,0.75,0.8214285714285714,0.6666666666666666,0.75,0.75,0.2666666666666667,1,0.3333333333333333,5,1.0
0.625,0.5,"{""clf__C"": 0.1, ""clf__gamma"": 0.01}",0.3899951921708318,"[[5, 0], [3, 0]]",arousal,0.38461538461538464,0.625,0.4807692307692308,3,1.0,2,0,0.0,0.0,1.0154172803113295,0.0,subject_dependent,rbf_svm,0.625,0.0,0.5317460317460317,0.3125,0.625,0.390625,0.5,0.625,0.625,0.6,5,1.0,0,0.0
0.5,0.4,"{""clf__C"": 1.0, ""clf__gamma"": 0.001}",0.23750478714996154,"[[0, 3], [1, 4]]",arousal,0.3333333333333333,0.5,0.41666666666666663,1,0.2,3,3,1.0,-0.23076923076923084,0.6680253779210332,-0.29277002188455997,subject_dependent,rbf_svm,0.0,0.5714285714285714,0.6592857142857143,0.2857142857142857,0.5,0.3571428571428571,0.4,0.5,0.5,0.33333333333333337,0,0.0,4,0.8
0.5,0.5,"{""clf__C"": 1.0, ""clf__gamma"": 0.001}",0.2519669146895702,"[[1, 1], [3, 3]]",arousal,0.4666666666666667,0.5,0.5333333333333333,3,0.5,4,1,0.5,0.0,0.6956639834849118,0.0,subject_dependent,rbf_svm,0.25,0.75,0.8551587301587301,0.5,0.5,0.625,0.5,0.5,0.5,0.5,1,0.5,3,0.5
0.375,0.3,"{""clf__C"": 10.0, ""clf__gamma"": 0.001}",0.24292865861429572,"[[0, 3], [2, 3]]",arousal,0.2727272727272727,0.375,0.3409090909090909,2,0.4,0,3,1.0,-0.4285714285714286,0.6725147976970344,-0.4472135954999579,subject_dependent,rbf_svm,0.0,0.5,0.7892857142857144,0.25,0.375,0.3125,0.3,0.375,0.375,0.5333333333333333,0,0.0,3,0.6
0.5,0.4,"{""clf__C"": 1.0, ""clf__gamma"": 0.001}",0.28156323152203877,"[[0, 3], [1, 4]]",arousal,0.3333333333333333,0.5,0.41666666666666663,1,0.2,1,3,1.0,-0.23076923076923084,0.7568419609503805,-0.29277002188455997,subject_dependent,rbf_svm,0.0,0.5714285714285714,0.6392857142857143,0.2857142857142857,0.5,0.3571428571428571,0.4,0.5,0.5,0.2666666666666667,0,0.0,4,0.8
0.375,0.3,"{""clf__C"": 1.0, ""clf__gamma"": 0.001}",0.23466715655379145,"[[0, 3], [2, 3]]",arousal,0.2727272727272727,0.375,0.3409090909090909,2,0.4,2,3,1.0,-0.4285714285714286,0.6626543555641864,-0.4472135954999579,subject_dependent,rbf_svm,0.0,0.5,0.8583333333333333,0.25,0.375,0.3125,0.3,0.375,0.375,0.6666666666666667,0,0.0,3,0.6
0.625,0.7,"{""clf__C"": 1.0, ""clf__gamma"": 0.001}",0.270263734671209,"[[3, 0], [3, 2]]",arousal,0.6190476190476191,0.625,0.6071428571428571,3,0.6,3,0,0.0,0.33333333333333337,0.7475455525307018,0.4472135954999579,subject_dependent,rbf_svm,0.5,1.0,0.5592857142857143,0.75,0.625,0.8125,0.7,0.625,0.625,0.26666666666666666,3,1.0,2,0.4
0.5,0.5,"{""clf__C"": 1.0, ""clf__gamma"": 0.01}",0.265264995396145,"[[0, 4], [0, 4]]",arousal,0.3333333333333333,0.5,0.3333333333333333,0,0.0,4,4,1.0,0.0,0.7246490218850666,0.0,subject_dependent,rbf_svm,0.0,0.5,0.5238095238095237,0.25,0.5,0.25,0.5,0.5,0.5,0.375,0,0.0,4,1.0
0.75,0.5,"{""clf__C"": 0.1, ""clf__gamma"": 0.001}",0.18695447234762302,"[[6, 0], [2, 0]]",arousal,0.42857142857142855,0.75,0.6428571428571428,2,1.0,0,0,0.0,0.0,0.561026450219646,0.0,subject_dependent,rbf_svm,0.75,0.0,0.45,0.375,0.75,0.5625,0.5,0.75,0.75,0.6666666666666667,6,1.0,0,0.0
0.75,0.5,"{""clf__C"": 0.1, ""clf__gamma"": 0.001}",0.1893329471098585,"[[6, 0], [2, 0]]",arousal,0.42857142857142855,0.75,0.6428571428571428,2,1.0,1,0,0.0,0.0,0.5670169423181273,0.0,subject_dependent,rbf_svm,0.75,0.0,0.19642857142857142,0.375,0.75,0.5625,0.5,0.75,0.75,0.0,6,1.0,0,0.0
0.875,0.5,"{""clf__C"": 0.1, ""clf__gamma"": 0.001}",0.13763848437220289,"[[7, 0], [1, 0]]",arousal,0.4666666666666667,0.875,0.8166666666666667,1,1.0,2,0,0.0,0.0,0.45700685645798766,0.0,subject_dependent,rbf_svm,0.875,0.0,0.125,0.4375,0.875,0.765625,0.5,0.875,0.875,0.0,7,1.0,0,0.0
0.875,0.5,"{""clf__C"": 0.1, ""clf__gamma"": 0.001}",0.16120784584436992,"[[7, 0], [1, 0]]",arousal,0.4666666666666667,0.875,0.8166666666666667,1,1.0,3,0,0.0,0.0,0.5108152194218427,0.0,subject_dependent,rbf_svm,0.875,0.0,0.125,0.4375,0.875,0.765625,0.5,0.875,0.875,0.0,7,1.0,0,0.0
0.75,0.5,"{""clf__C"": 0.1, ""clf__gamma"": 0.001}",0.18939630277725858,"[[6, 0], [2, 0]]",arousal,0.42857142857142855,0.75,0.6428571428571428,2,1.0,4,0,0.0,0.0,0.5670715192606476,0.0,subject_dependent,rbf_svm,0.75,0.0,0.26666666666666666,0.375,0.75,0.5625,0.5,0.75,0.75,0.33333333333333337,6,1.0,0,0.0
0.5,0.5,"{""clf__C"": 1.0, ""clf__gamma"": 0.001}",0.2684108339188339,"[[4, 0], [4, 0]]",arousal,0.3333333333333333,0.5,0.3333333333333333,4,1.0,0,0,0.0,0.0,0.7364737695881943,0.0,subject_dependent,rbf_svm,0.5,0.0,0.775,0.25,0.5,0.25,0.5,0.5,0.5,0.625,4,1.0,0,0.0
0.625,0.5666666666666667,"{""clf__C"": 1.0, ""clf__gamma"": 0.001}",0.27396587284148777,"[[4, 1], [2, 1]]",arousal,0.5636363636363637,0.625,0.6045454545454546,2,0.6666666666666666,1,1,0.2,0.1428571428571429,0.7468605545179445,0.14907119849998599,subject_dependent,rbf_svm,0.6666666666666666,0.5,0.30277777777777776,0.5833333333333333,0.625,0.6041666666666666,0.5666666666666667,0.625,0.625,0.1333333333333333,4,0.8,1,0.3333333333333333
0.375,0.3,"{""clf__C"": 1.0, ""clf__gamma"": 0.001}",0.2270527037169907,"[[3, 2], [3, 0]]",arousal,0.2727272727272727,0.375,0.3409090909090909,3,1.0,2,2,0.4,-0.4285714285714286,0.6464247702277,-0.4472135954999579,subject_dependent,rbf_svm,0.5,0.0,0.7555555555555555,0.25,0.375,0.3125,0.3,0.375,0.375,0.8,3,0.6,0,0.0
0.625,0.625,"{""clf__C"": 10.0, ""clf__gamma"": 0.001}",0.3473028734775645,"[[4, 0], [3, 1]]",arousal,0.5636363636363637,0.625,0.5636363636363637,3,0.75,3,0,0.0,0.25,0.9139857427981011,0.3779644730092272,subject_dependent,rbf_svm,0.5714285714285714,1.0,0.48333333333333334,0.7857142857142857,0.625,0.7857142857142857,0.625,0.625,0.625,0.375,4,1.0,1,0.25
0.625,0.4166666666666667,"{""clf__C"": 1.0, ""clf__gamma"": 0.001}",0.23358733463596748,"[[5, 1], [2, 0]]",arousal,0.38461538461538464,0.625,0.576923076923077,2,1.0,4,1,0.16666666666666666,-0.19999999999999996,0.6581323058939275,-0.2182178902359924,subject_dependent,rbf_svm,0.7142857142857143,0.0,0.30952380952380953,0.35714285714285715,0.625,0.5357142857142857,0.4166666666666667,0.625,0.625,0.41666666666666663,5,0.8333333333333334,0,0.0
0.625,0.625,"{""clf__C"": 1.0, ""clf__gamma"": 0.001}",0.26079811656688595,"[[4, 0], [3, 1]]",arousal,0.5636363636363637,0.625,0.5636363636363637,3,0.75,0,0,0.0,0.25,0.7147925510569941,0.3779644730092272,subject_dependent,rbf_svm,0.5714285714285714,1.0,0.4154761904761905,0.7857142857142857,0.625,0.7857142857142857,0.625,0.625,0.625,0.1875,4,1.0,1,0.25
0.5,0.5333333333333333,"{""clf__C"": 1.0, ""clf__gamma"": 0.001}",0.25668289730158195,"[[2, 3], [1, 2]]",arousal,0.5,0.5,0.5,1,0.3333333333333333,1,3,0.6,0.05882352941176472,0.7077748350336794,0.06666666666666667,subject_dependent,rbf_svm,0.6666666666666666,0.4,0.5555555555555556,0.5333333333333333,0.5,0.5666666666666667,0.5333333333333333,0.5,0.5,0.6666666666666666,2,0.4,2,0.6666666666666666
0.875,0.9,"{""clf__C"": 1.0, ""clf__gamma"": 0.001}",0.30508001910379723,"[[4, 1], [0, 3]]",arousal,0.873015873015873,0.875,0.876984126984127,0,0.0,2,1,0.2,0.75,0.8044213997913243,0.7745966692414834,subject_dependent,rbf_svm,1.0,0.75,0.2757936507936508,0.875,0.875,0.90625,0.9,0.875,0.875,0.0,4,0.8,3,1.0
0.75,0.75,"{""clf__C"": 1.0, ""clf__gamma"": 0.001}",0.25517098858014176,"[[4, 0], [2, 2]]",arousal,0.7333333333333334,0.75,0.7333333333333334,2,0.5,3,0,0.0,0.5,0.7035377388457371,0.5773502691896258,subject_dependent,rbf_svm,0.6666666666666666,1.0,0.5821428571428572,0.8333333333333333,0.75,0.8333333333333333,0.75,0.75,0.75,0.3125,4,1.0,2,0.5
0.625,0.6333333333333333,"{""clf__C"": 1.0, ""clf__gamma"": 0.001}",0.24625033481686942,"[[2, 1], [2, 3]]",arousal,0.6190476190476191,0.625,0.6309523809523809,2,0.4,4,1,0.3333333333333333,0.25,0.686139842727629,0.2581988897471611,subject_dependent,rbf_svm,0.5,0.75,0.8350000000000001,0.625,0.625,0.65625,0.6333333333333333,0.625,0.625,0.6666666666666667,2,0.6666666666666666,3,0.6
0.5,0.5,"{""clf__C"": 1.0, ""clf__gamma"": 0.001}",0.2626996888844707,"[[3, 1], [3, 1]]",arousal,0.4666666666666667,0.5,0.4666666666666667,3,0.75,0,1,0.25,0.0,0.7191954000852511,0.0,subject_dependent,rbf_svm,0.5,0.5,0.5821428571428572,0.5,0.5,0.5,0.5,0.5,0.5,0.3125,3,0.75,1,0.25
0.375,0.5,"{""clf__C"": 1.0, ""clf__gamma"": 0.001}",0.2776901966349075,"[[3, 0], [5, 0]]",arousal,0.2727272727272727,0.375,0.20454545454545453,5,1.0,1,0,0.0,0.0,0.7496932060721013,0.0,subject_dependent,rbf_svm,0.375,0.0,0.7783333333333333,0.1875,0.375,0.140625,0.5,0.375,0.375,0.5333333333333334,3,1.0,0,0.0
0.625,0.5666666666666667,"{""clf__C"": 10.0, ""clf__gamma"": 0.001}",0.25641238790704324,"[[4, 1], [2, 1]]",arousal,0.5636363636363637,0.625,0.6045454545454546,2,0.6666666666666666,2,1,0.2,0.1428571428571429,0.7069069488674657,0.14907119849998599,subject_dependent,rbf_svm,0.6666666666666666,0.5,0.3472222222222222,0.5833333333333333,0.625,0.6041666666666666,0.5666666666666667,0.625,0.625,0.2666666666666666,4,0.8,1,0.3333333333333333
0.625,0.5,"{""clf__C"": 1.0, ""clf__gamma"": 0.01}",0.24046588698354635,"[[5, 0], [3, 0]]",arousal,0.38461538461538464,0.625,0.4807692307692308,3,1.0,3,0,0.0,0.0,0.674029127054954,0.0,subject_dependent,rbf_svm,0.625,0.0,0.3472222222222222,0.3125,0.625,0.390625,0.5,0.625,0.625,0.2666666666666666,5,1.0,0,0.0
0.5,0.5,"{""clf__C"": 1.0, ""clf__gamma"": 0.001}",0.17677399127664944,"[[3, 3], [1, 1]]",arousal,0.4666666666666667,0.5,0.5333333333333333,1,0.5,4,3,0.5,0.0,0.5331428696851755,0.0,subject_dependent,rbf_svm,0.75,0.25,0.7,0.5,0.5,0.625,0.5,0.5,0.5,0.75,3,0.5,1,0.5
0.625,0.4166666666666667,"{""clf__C"": 1.0, ""clf__gamma"": 0.001}",0.2183051605947504,"[[0, 2], [1, 5]]",arousal,0.38461538461538464,0.625,0.576923076923077,1,0.16666666666666666,0,2,1.0,-0.19999999999999996,0.6249254174570065,-0.2182178902359924,subject_dependent,rbf_svm,0.0,0.7142857142857143,0.8,0.35714285714285715,0.625,0.5357142857142857,0.4166666666666667,0.625,0.625,0.5,0,0.0,5,0.8333333333333334
0.5,0.3333333333333333,"{""clf__C"": 10.0, ""clf__gamma"": 0.001}",0.21949350417537417,"[[0, 2], [2, 4]]",arousal,0.3333333333333333,0.5,0.5,2,0.3333333333333333,1,2,1.0,-0.33333333333333326,0.6318105345657254,-0.3333333333333333,subject_dependent,rbf_svm,0.0,0.6666666666666666,0.6218253968253968,0.3333333333333333,0.5,0.5,0.3333333333333333,0.5,0.5,0.08333333333333333,0,0.0,4,0.6666666666666666
0.375,0.5,"{""clf__C"": 1.0, ""clf__gamma"": 0.01}",0.3424159283132373,"[[0, 5], [0, 3]]",arousal,0.2727272727272727,0.375,0.20454545454545453,0,0.0,2,5,1.0,0.0,0.892008823279915,0.0,subject_dependent,rbf_svm,0.0,0.375,0.6666666666666667,0.1875,0.375,0.140625,0.5,0.375,0.375,0.6666666666666666,0,0.0,3,1.0
0.5,0.5,"{""clf__C"": 10.0, ""clf__gamma"": 0.001}",0.25975589596141685,"[[0, 4], [0, 4]]",arousal,0.3333333333333333,0.5,0.3333333333333333,0,0.0,3,4,1.0,0.0,0.7184314243210773,0.0,subject_dependent,rbf_svm,0.0,0.5,0.8166666666666667,0.25,0.5,0.25,0.5,0.5,0.5,0.75,0,0.0,4,1.0
0.375,0.25,"{""clf__C"": 10.0, ""clf__gamma"": 0.001}",0.18816585016049442,"[[0, 2], [3, 3]]",arousal,0.2727272727272727,0.375,0.40909090909090906,3,0.5,4,2,1.0,-0.4285714285714286,0.5626108960852705,-0.4472135954999579,subject_dependent,rbf_svm,0.0,0.6,0.8972222222222223,0.3,0.375,0.44999999999999996,0.25,0.375,0.375,0.6666666666666667,0,0.0,3,0.5
0.625,0.625,"{""clf__C"": 1.0, ""clf__gamma"": 0.001}",0.28078565837602415,"[[2, 2], [1, 3]]",arousal,0.6190476190476191,0.625,0.6190476190476191,1,0.25,0,2,0.5,0.25,0.759089110943238,0.2581988897471611,subject_dependent,rbf_svm,0.6666666666666666,0.6,0.5,0.6333333333333333,0.625,0.6333333333333333,0.625,0.625,0.625,0.375,2,0.5,3,0.75
0.5,0.5,"{""clf__C"": 1.0, ""clf__gamma"": 0.001}",0.29099110838253006,"[[3, 1], [3, 1]]",arousal,0.4666666666666667,0.5,0.4666666666666667,3,0.75,1,1,0.25,0.0,0.785773225215246,0.0,subject_dependent,rbf_svm,0.5,0.5,0.5666666666666667,0.5,0.5,0.5,0.5,0.5,0.5,0.5,3,0.75,1,0.25
0.5,0.5,"{""clf__C"": 1.0, ""clf__gamma"": 0.01}",0.25575337819398936,"[[0, 4], [0, 4]]",arousal,0.3333333333333333,0.5,0.3333333333333333,0,0.0,2,4,1.0,0.0,0.7047884136102671,0.0,subject_dependent,rbf_svm,0.0,0.5,0.5845238095238094,0.25,0.5,0.25,0.5,0.5,0.5,0.5625,0,0.0,4,1.0
0.625,0.5,"{""clf__C"": 1.0, ""clf__gamma"": 0.01}",0.23766481549367988,"[[0, 3], [0, 5]]",arousal,0.38461538461538464,0.625,0.4807692307692308,0,0.0,3,3,1.0,0.0,0.6683529564558132,0.0,subject_dependent,rbf_svm,0.0,0.625,0.7226190476190476,0.3125,0.625,0.390625,0.5,0.625,0.625,0.4666666666666667,0,0.0,5,1.0
0.375,0.41666666666666663,"{""clf__C"": 1.0, ""clf__gamma"": 0.001}",0.24077437313967784,"[[1, 1], [4, 2]]",arousal,0.36507936507936506,0.375,0.40476190476190477,4,0.6666666666666666,4,1,0.5,-0.11111111111111116,0.6746426716970648,-0.14907119849998599,subject_dependent,rbf_svm,0.2,0.6666666666666666,0.732936507936508,0.43333333333333335,0.375,0.55,0.41666666666666663,0.375,0.375,0.25,1,0.5,2,0.3333333333333333
0.375,0.375,"{""clf__C"": 1.0, ""clf__gamma"": 0.001}",0.29220240322631696,"[[1, 3], [2, 2]]",arousal,0.36507936507936506,0.375,0.36507936507936506,2,0.5,0,3,0.75,-0.25,0.7806625421914832,-0.2581988897471611,subject_dependent,rbf_svm,0.3333333333333333,0.4,0.5821428571428572,0.3666666666666667,0.375,0.3666666666666667,0.375,0.375,0.375,0.3125,1,0.25,2,0.5
0.375,0.3,"{""clf__C"": 1.0, ""clf__gamma"": 0.001}",0.23442223013595934,"[[0, 3], [2, 3]]",arousal,0.2727272727272727,0.375,0.3409090909090909,2,0.4,1,3,1.0,-0.4285714285714286,0.6613827519393598,-0.4472135954999579,subject_dependent,rbf_svm,0.0,0.5,0.7592857142857143,0.25,0.375,0.3125,0.3,0.375,0.375,0.4666666666666667,0,0.0,3,0.6
0.625,0.625,"{""clf__C"": 1.0, ""clf__gamma"": 0.001}",0.4153027565268136,"[[3, 1], [2, 2]]",arousal,0.6190476190476191,0.625,0.6190476190476191,2,0.5,2,1,0.25,0.25,1.104470256626067,0.2581988897471611,subject_dependent,rbf_svm,0.6,0.6666666666666666,0.4571428571428572,0.6333333333333333,0.625,0.6333333333333333,0.625,0.625,0.625,0.25,3,0.75,2,0.5
0.75,0.42857142857142855,"{""clf__C"": 10.0, ""clf__gamma"": 0.001}",0.22834493394413696,"[[0, 1], [1, 6]]",arousal,0.42857142857142855,0.75,0.75,1,0.14285714285714285,3,1,1.0,-0.1428571428571428,0.6496834978756476,-0.14285714285714285,subject_dependent,rbf_svm,0.0,0.8571428571428571,1.0,0.42857142857142855,0.75,0.75,0.42857142857142855,0.75,0.75,1.0,0,0.0,6,0.8571428571428571
0.875,0.875,"{""clf__C"": 10.0, ""clf__gamma"": 0.001}",0.23385359874085088,"[[3, 1], [0, 4]]",arousal,0.873015873015873,0.875,0.873015873015873,0,0.0,4,1,0.25,0.75,0.659255733965852,0.7745966692414834,subject_dependent,rbf_svm,1.0,0.8,0.95,0.9,0.875,0.9,0.875,0.875,0.875,0.9375,3,0.75,4,1.0
0.75,0.8,"{""clf__C"": 1.0, ""clf__gamma"": 0.001}",0.3003417872791193,"[[3, 0], [2, 3]]",arousal,0.75,0.75,0.75,2,0.4,0,0,0.0,0.5294117647058824,0.7956510671661919,0.6,subject_dependent,rbf_svm,0.6,1.0,0.46928571428571425,0.8,0.75,0.85,0.8,0.75,0.75,0.0,3,1.0,3,0.6
0.625,0.6333333333333333,"{""clf__C"": 1.0, ""clf__gamma"": 0.001}",0.22173608404649517,"[[2, 1], [2, 3]]",arousal,0.6190476190476191,0.625,0.6309523809523809,2,0.4,1,1,0.3333333333333333,0.25,0.6358224318500136,0.2581988897471611,subject_dependent,rbf_svm,0.5,0.75,0.8766666666666667,0.625,0.625,0.65625,0.6333333333333333,0.625,0.625,0.8,2,0.6666666666666666,3,0.6
0.5,0.6666666666666666,"{""clf__C"": 10.0, ""clf__gamma"": 0.001}",0.31979033638869614,"[[2, 4], [0, 2]]",arousal,0.5,0.5,0.5,0,0.0,2,4,0.6666666666666666,0.19999999999999996,0.8361892946298166,0.3333333333333333,subject_dependent,rbf_svm,1.0,0.3333333333333333,0.45,0.6666666666666666,0.5,0.8333333333333334,0.6666666666666666,0.5,0.5,0.6666666666666667,2,0.3333333333333333,2,1.0
0.5,0.5,"{""clf__C"": 1.0, ""clf__gamma"": 0.001}",0.30356931035878204,"[[3, 1], [3, 1]]",arousal,0.4666666666666667,0.5,0.4666666666666667,3,0.75,3,1,0.25,0.0,0.8162866383274975,0.0,subject_dependent,rbf_svm,0.5,0.5,0.5666666666666667,0.5,0.5,0.5,0.5,0.5,0.5,0.5625,3,0.75,1,0.25
0.75,0.8333333333333333,"{""clf__C"": 1.0, ""clf__gamma"": 0.001}",0.2610166597012027,"[[2, 0], [2, 4]]",arousal,0.7333333333333334,0.75,0.7666666666666667,2,0.3333333333333333,4,0,0.0,0.5,0.7151991009614214,0.5773502691896258,subject_dependent,rbf_svm,0.5,1.0,0.6218253968253968,0.75,0.75,0.875,0.8333333333333333,0.75,0.75,0.125,2,1.0,4,0.6666666666666666
0.5,0.3333333333333333,"{""clf__C"": 1.0, ""clf__gamma"": 0.001}",0.3280276416031971,"[[4, 2], [2, 0]]",arousal,0.3333333333333333,0.5,0.5,2,1.0,0,2,0.3333333333333333,-0.33333333333333326,0.8708753501107049,-0.3333333333333333,subject_dependent,rbf_svm,0.6666666666666666,0.0,0.19642857142857142,0.3333333333333333,0.5,0.5,0.3333333333333333,0.5,0.5,0.0,4,0.6666666666666666,0,0.0
0.5,0.5,"{""clf__C"": 1.0, ""clf__gamma"": 0.001}",0.3227468542665487,"[[4, 0], [4, 0]]",arousal,0.3333333333333333,0.5,0.3333333333333333,4,1.0,1,0,0.0,0.0,0.8523640339770996,0.0,subject_dependent,rbf_svm,0.5,0.0,0.3654761904761905,0.25,0.5,0.25,0.5,0.5,0.5,0.0,4,1.0,0,0.0
0.625,0.625,"{""clf__C"": 10.0, ""clf__gamma"": 0.001}",0.3377818746150273,"[[4, 0], [3, 1]]",arousal,0.5636363636363637,0.625,0.5636363636363637,3,0.75,2,0,0.0,0.25,0.9097774783624636,0.3779644730092272,subject_dependent,rbf_svm,0.5714285714285714,1.0,0.5821428571428572,0.7857142857142857,0.625,0.7857142857142857,0.625,0.625,0.625,0.3125,4,1.0,1,0.25
0.625,0.5,"{""clf__C"": 10.0, ""clf__gamma"": 0.001}",0.2326491447708878,"[[5, 0], [3, 0]]",arousal,0.38461538461538464,0.625,0.4807692307692308,3,1.0,3,0,0.0,0.0,0.6579334934011642,0.0,subject_dependent,rbf_svm,0.625,0.0,0.5138888888888888,0.3125,0.625,0.390625,0.5,0.625,0.625,0.5333333333333333,5,1.0,0,0.0
0.875,0.9166666666666667,"{""clf__C"": 10.0, ""clf__gamma"": 0.001}",0.2851514738359382,"[[5, 1], [0, 2]]",arousal,0.8545454545454545,0.875,0.8818181818181818,0,0.0,4,1,0.16666666666666666,0.7142857142857143,0.780808464122166,0.7453559924999299,subject_dependent,rbf_svm,1.0,0.6666666666666666,0.22619047619047616,0.8333333333333333,0.875,0.9166666666666666,0.9166666666666667,0.875,0.875,0.16666666666666663,5,0.8333333333333334,2,1.0
1.0,1.0,"{""clf__C"": 0.1, ""clf__gamma"": 0.001}",,[[8]],arousal,1.0,1.0,1.0,,,0,,,nan,,0.0,subject_dependent,rbf_svm,,,1.0,1.0,1.0,1.0,1.0,1.0,1.0,nan,,,,
0.875,0.5,"{""clf__C"": 0.1, ""clf__gamma"": 0.001}",0.13574919784588102,"[[0, 1], [0, 7]]",arousal,0.4666666666666667,0.875,0.8166666666666667,0,0.0,1,1,1.0,0.0,0.4523289416168459,0.0,subject_dependent,rbf_svm,0.0,0.875,0.8260204081632654,0.4375,0.875,0.765625,0.5,0.875,0.875,0.14285714285714285,0,0.0,7,1.0
0.25,0.5,"{""clf__C"": 0.1, ""clf__gamma"": 0.001}",0.23072832813961006,"[[2, 0], [6, 0]]",arousal,0.2,0.25,0.1,6,1.0,2,0,0.0,0.0,0.8242185208962998,0.0,subject_dependent,rbf_svm,0.25,0.0,0.8134920634920635,0.125,0.25,0.0625,0.5,0.25,0.25,0.41666666666666663,2,1.0,0,0.0
0.25,0.5,"{""clf__C"": 0.1, ""clf__gamma"": 0.001}",0.21485936497274286,"[[2, 0], [6, 0]]",arousal,0.2,0.25,0.1,6,1.0,3,0,0.0,0.0,0.6837551065152313,0.0,subject_dependent,rbf_svm,0.25,0.0,0.8972222222222223,0.125,0.25,0.0625,0.5,0.25,0.25,0.6666666666666667,2,1.0,0,0.0
0.25,0.5,"{""clf__C"": 0.1, ""clf__gamma"": 0.001}",0.20902194715379907,"[[2, 0], [6, 0]]",arousal,0.2,0.25,0.1,6,1.0,4,0,0.0,0.0,0.6492980841985949,0.0,subject_dependent,rbf_svm,0.25,0.0,0.9305555555555556,0.125,0.25,0.0625,0.5,0.25,0.25,0.75,2,1.0,0,0.0
0.125,0.5,"{""clf__C"": 0.1, ""clf__gamma"": 0.001}",0.11081210429203715,"[[1, 0], [7, 0]]",arousal,0.1111111111111111,0.125,0.027777777777777776,7,1.0,0,0,0.0,0.0,0.3848045476564378,0.0,subject_dependent,rbf_svm,0.125,0.0,0.9379251700680272,0.0625,0.125,0.015625,0.5,0.125,0.125,0.5714285714285714,1,1.0,0,0.0
0.125,0.5,"{""clf__C"": 0.1, ""clf__gamma"": 0.001}",0.11062445087949127,"[[1, 0], [7, 0]]",arousal,0.1111111111111111,0.125,0.027777777777777776,7,1.0,1,0,0.0,0.0,0.3835604020165992,0.0,subject_dependent,rbf_svm,0.125,0.0,0.9821428571428572,0.0625,0.125,0.015625,0.5,0.125,0.125,0.8571428571428571,1,1.0,0,0.0
1.0,1.0,"{""clf__C"": 1.0, ""clf__gamma"": 0.001}",,[[8]],arousal,1.0,1.0,1.0,,,2,,,nan,,0.0,subject_dependent,rbf_svm,,,1.0,1.0,1.0,1.0,1.0,1.0,1.0,nan,,,,
0.75,0.5,"{""clf__C"": 0.1, ""clf__gamma"": 0.001}",0.21262191336723452,"[[0, 2], [0, 6]]",arousal,0.42857142857142855,0.75,0.6428571428571428,0,0.0,3,2,1.0,0.0,0.6698793974614257,0.0,subject_dependent,rbf_svm,0.0,0.75,0.915079365079365,0.375,0.75,0.5625,0.5,0.75,0.75,0.75,0,0.0,6,1.0
0.75,0.5,"{""clf__C"": 0.1, ""clf__gamma"": 0.001}",0.21274009975321118,"[[0, 2], [0, 6]]",arousal,0.42857142857142855,0.75,0.6428571428571428,0,0.0,4,2,1.0,0.0,0.6704079567794694,0.0,subject_dependent,rbf_svm,0.0,0.75,0.9107142857142857,0.375,0.75,0.5625,0.5,0.75,0.75,0.6666666666666666,0,0.0,6,1.0
0.875,0.9166666666666667,"{""clf__C"": 1.0, ""clf__gamma"": 0.001}",0.23449339923305396,"[[2, 0], [1, 5]]",arousal,0.8545454545454545,0.875,0.8818181818181818,1,0.16666666666666666,0,0,0.0,0.7142857142857143,0.6707158708706225,0.7453559924999299,subject_dependent,rbf_svm,0.6666666666666666,1.0,0.594047619047619,0.8333333333333333,0.875,0.9166666666666666,0.9166666666666667,0.875,0.875,0.0,2,1.0,5,0.8333333333333334
0.875,0.5,"{""clf__C"": 1.0, ""clf__gamma"": 0.001}",0.20063852509658026,"[[0, 1], [0, 7]]",arousal,0.4666666666666667,0.875,0.8166666666666667,0,0.0,1,1,1.0,0.0,0.5929879991276504,0.0,subject_dependent,rbf_svm,0.0,0.875,1.0,0.4375,0.875,0.765625,0.5,0.875,0.875,1.0,0,0.0,7,1.0
0.375,0.5,"{""clf__C"": 0.1, ""clf__gamma"": 0.001}",0.24216760458770348,"[[3, 0], [5, 0]]",arousal,0.2727272727272727,0.375,0.20454545454545453,5,1.0,2,0,0.0,0.0,0.6796001413645345,0.0,subject_dependent,rbf_svm,0.375,0.0,0.8766666666666667,0.1875,0.375,0.140625,0.5,0.375,0.375,0.8,3,1.0,0,0.0
0.75,0.75,"{""clf__C"": 1.0, ""clf__gamma"": 0.001}",0.3222730379069707,"[[2, 2], [0, 4]]",arousal,0.7333333333333334,0.75,0.7333333333333334,0,0.0,3,2,0.5,0.5,0.8612220204400542,0.5773502691896258,subject_dependent,rbf_svm,1.0,0.6666666666666666,0.37797619047619047,0.8333333333333333,0.75,0.8333333333333333,0.75,0.75,0.75,0.0625,2,0.5,4,1.0
0.75,0.7333333333333334,"{""clf__C"": 1.0, ""clf__gamma"": 0.001}",0.22065876527012798,"[[2, 1], [1, 4]]",arousal,0.7333333333333334,0.75,0.75,1,0.2,4,1,0.3333333333333333,0.4666666666666667,0.6299596808623185,0.4666666666666667,subject_dependent,rbf_svm,0.6666666666666666,0.8,0.9428571428571428,0.7333333333333334,0.75,0.75,0.7333333333333334,0.75,0.75,0.8666666666666667,2,0.6666666666666666,4,0.8
0.125,0.5,"{""clf__C"": 1.0, ""clf__gamma"": 0.001}",0.4728990701712989,"[[1, 0], [7, 0]]",arousal,0.1111111111111111,0.125,0.027777777777777776,7,1.0,0,0,0.0,0.0,1.1755550064079903,0.0,subject_dependent,rbf_svm,0.125,0.0,0.754591836734694,0.0625,0.125,0.015625,0.5,0.125,0.125,0.0,1,1.0,0,0.0
0.25,0.26666666666666666,"{""clf__C"": 1.0, ""clf__gamma"": 0.001}",0.2660832199551683,"[[1, 2], [4, 1]]",arousal,0.25,0.25,0.25,4,0.8,1,2,0.6666666666666666,-0.41176470588235303,0.7321474816230686,-0.4666666666666667,subject_dependent,rbf_svm,0.2,0.3333333333333333,0.885,0.26666666666666666,0.25,0.2833333333333333,0.26666666666666666,0.25,0.25,0.7333333333333334,1,0.3333333333333333,1,0.2
0.375,0.25,"{""clf__C"": 1.0, ""clf__gamma"": 0.001}",0.24034816054011493,"[[3, 3], [2, 0]]",arousal,0.2727272727272727,0.375,0.40909090909090906,2,1.0,2,3,0.5,-0.4285714285714286,0.6732904905795671,-0.4472135954999579,subject_dependent,rbf_svm,0.6,0.0,0.5,0.3,0.375,0.44999999999999996,0.25,0.375,0.375,0.7500000000000001,3,0.5,0,0.0
0.625,0.5833333333333333,"{""clf__C"": 1.0, ""clf__gamma"": 0.001}",0.3975888661251944,"[[4, 2], [1, 1]]",arousal,0.5636363636363637,0.625,0.6454545454545454,1,0.5,3,2,0.3333333333333333,0.1428571428571429,1.0364589238442505,0.14907119849998599,subject_dependent,rbf_svm,0.8,0.3333333333333333,0.26666666666666666,0.5666666666666667,0.625,0.6833333333333335,0.5833333333333333,0.625,0.625,0.33333333333333337,4,0.6666666666666666,1,0.5
0.125,0.16666666666666666,"{""clf__C"": 10.0, ""clf__gamma"": 0.001}",0.24834377559577825,"[[0, 5], [2, 1]]",arousal,0.1111111111111111,0.125,0.08333333333333333,2,0.6666666666666666,4,5,1.0,-0.5555555555555556,0.6898345353281252,-0.7453559924999299,subject_dependent,rbf_svm,0.0,0.16666666666666666,0.6190476190476191,0.08333333333333333,0.125,0.0625,0.16666666666666666,0.125,0.125,0.7333333333333333,0,0.0,1,0.3333333333333333
0.625,0.625,"{""clf__C"": 10.0, ""clf__gamma"": 0.001}",0.19430296981342943,"[[3, 1], [2, 2]]",arousal,0.6190476190476191,0.625,0.6190476190476191,2,0.5,0,1,0.25,0.25,0.5697537479605111,0.2581988897471611,subject_dependent,rbf_svm,0.6,0.6666666666666666,0.8303571428571428,0.6333333333333333,0.625,0.6333333333333333,0.625,0.625,0.625,0.75,3,0.75,2,0.5
0.5,0.5333333333333333,"{""clf__C"": 1.0, ""clf__gamma"": 0.001}",0.29521028772887226,"[[2, 1], [3, 2]]",arousal,0.5,0.5,0.5,3,0.6,1,1,0.3333333333333333,0.05882352941176472,0.8006348067829889,0.06666666666666667,subject_dependent,rbf_svm,0.4,0.6666666666666666,0.7295238095238095,0.5333333333333333,0.5,0.5666666666666667,0.5333333333333333,0.5,0.5,0.5333333333333334,2,0.6666666666666666,2,0.4
0.875,0.8333333333333333,"{""clf__C"": 1.0, ""clf__gamma"": 0.001}",0.17989634941228547,"[[5, 0], [1, 2]]",arousal,0.8545454545454545,0.875,0.8681818181818182,1,0.3333333333333333,2,0,0.0,0.7142857142857143,0.5499774722013697,0.7453559924999299,subject_dependent,rbf_svm,0.8333333333333334,1.0,0.8666666666666667,0.9166666666666667,0.875,0.8958333333333334,0.8333333333333333,0.875,0.875,0.8666666666666667,5,1.0,2,0.6666666666666666
0.75,0.8,"{""clf__C"": 1.0, ""clf__gamma"": 0.001}",0.21486835698493886,"[[3, 0], [2, 3]]",arousal,0.75,0.75,0.75,2,0.4,3,0,0.0,0.5294117647058824,0.6218116725068352,0.6,subject_dependent,rbf_svm,0.6,1.0,0.9266666666666666,0.8,0.75,0.85,0.8,0.75,0.75,0.8666666666666667,3,1.0,3,0.6
0.875,0.9,"{""clf__C"": 1.0, ""clf__gamma"": 0.001}",0.20552323453235305,"[[4, 1], [0, 3]]",arousal,0.873015873015873,0.875,0.876984126984127,0,0.0,4,1,0.2,0.75,0.6020497942056104,0.7745966692414834,subject_dependent,rbf_svm,1.0,0.75,0.9166666666666665,0.875,0.875,0.90625,0.9,0.875,0.875,0.9333333333333333,4,0.8,3,1.0
0.625,0.5,"{""clf__C"": 1.0, ""clf__gamma"": 0.001}",0.22883898907149602,"[[0, 3], [0, 5]]",arousal,0.38461538461538464,0.625,0.4807692307692308,0,0.0,0,3,1.0,0.0,0.6398663641936774,0.0,subject_dependent,rbf_svm,0.0,0.625,0.9028571428571428,0.3125,0.625,0.390625,0.5,0.625,0.625,0.8,0,0.0,5,1.0
0.875,0.9166666666666667,"{""clf__C"": 1.0, ""clf__gamma"": 0.001}",0.13406399041865324,"[[2, 0], [1, 5]]",arousal,0.8545454545454545,0.875,0.8818181818181818,1,0.16666666666666666,1,0,0.0,0.7142857142857143,0.4452548360133346,0.7453559924999299,subject_dependent,rbf_svm,0.6666666666666666,1.0,1.0,0.8333333333333333,0.875,0.9166666666666666,0.9166666666666667,0.875,0.875,1.0,2,1.0,5,0.8333333333333334
0.375,0.375,"{""clf__C"": 1.0, ""clf__gamma"": 0.001}",0.39141798917145554,"[[0, 4], [1, 3]]",arousal,0.2727272727272727,0.375,0.2727272727272727,1,0.25,2,4,1.0,-0.25,1.1585043308925824,-0.3779644730092272,subject_dependent,rbf_svm,0.0,0.42857142857142855,0.5,0.21428571428571427,0.375,0.21428571428571427,0.375,0.375,0.375,0.375,0,0.0,3,0.75
0.875,0.875,"{""clf__C"": 10.0, ""clf__gamma"": 0.001}",0.10636012447966435,"[[3, 1], [0, 4]]",arousal,0.873015873015873,0.875,0.873015873015873,0,0.0,3,1,0.25,0.75,0.37762633854855887,0.7745966692414834,subject_dependent,rbf_svm,1.0,0.8,1.0,0.9,0.875,0.9,0.875,0.875,0.875,1.0,3,0.75,4,1.0
1.0,1.0,"{""clf__C"": 1.0, ""clf__gamma"": 0.001}",0.159819155921835,"[[3, 0], [0, 5]]",arousal,1.0,1.0,1.0,0,0.0,4,0,0.0,1.0,0.5058150936929597,1.0,subject_dependent,rbf_svm,1.0,1.0,1.0,1.0,1.0,1.0,1.0,1.0,1.0,1.0,3,1.0,5,1.0
0.5,0.5,"{""clf__C"": 10.0, ""clf__gamma"": 0.001}",,"[[0, 0], [4, 4]]",arousal,0.3333333333333333,0.5,0.6666666666666666,,,0,,,0.0,,0.0,subject_dependent,rbf_svm,,,1.0,0.5,0.5,1.0,0.25,0.5,0.5,nan,,,,
0.5,0.5,"{""clf__C"": 1.0, ""clf__gamma"": 0.001}",0.3607752085041689,"[[0, 4], [0, 4]]",arousal,0.3333333333333333,0.5,0.3333333333333333,0,0.0,1,4,1.0,0.0,0.9326592949403183,0.0,subject_dependent,rbf_svm,0.0,0.5,0.4154761904761905,0.25,0.5,0.25,0.5,0.5,0.5,0.1875,0,0.0,4,1.0
0.25,0.5,"{""clf__C"": 1.0, ""clf__gamma"": 0.01}",0.42111303453797616,"[[0, 6], [0, 2]]",arousal,0.2,0.25,0.1,0,0.0,2,6,1.0,0.0,1.0688605300415155,0.0,subject_dependent,rbf_svm,0.0,0.25,1.0,0.125,0.25,0.0625,0.5,0.25,0.25,1.0,0,0.0,2,1.0
0.75,0.5,"{""clf__C"": 1.0, ""clf__gamma"": 0.01}",0.21701590530207407,"[[0, 2], [0, 6]]",arousal,0.42857142857142855,0.75,0.6428571428571428,0,0.0,3,2,1.0,0.0,0.6266839535774595,0.0,subject_dependent,rbf_svm,0.0,0.75,0.7051587301587301,0.375,0.75,0.5625,0.5,0.75,0.75,0.16666666666666666,0,0.0,6,1.0
0.625,0.5,"{""clf__C"": 1.0, ""clf__gamma"": 0.01}",0.2344453262796262,"[[0, 3], [0, 5]]",arousal,0.38461538461538464,0.625,0.4807692307692308,0,0.0,4,3,1.0,0.0,0.661714185798621,0.0,subject_dependent,rbf_svm,0.0,0.625,0.6416666666666666,0.3125,0.625,0.390625,0.5,0.625,0.625,0.4666666666666667,0,0.0,5,1.0
0.625,0.5,"{""clf__C"": 1.0, ""clf__gamma"": 0.01}",0.23936669632382868,"[[0, 3], [0, 5]]",arousal,0.38461538461538464,0.625,0.4807692307692308,0,0.0,0,3,1.0,0.0,0.672909879341347,0.0,subject_dependent,rbf_svm,0.0,0.625,0.8083333333333333,0.3125,0.625,0.390625,0.5,0.625,0.625,0.6,0,0.0,5,1.0
0.25,0.5,"{""clf__C"": 0.1, ""clf__gamma"": 0.001}",0.1841759764989148,"[[2, 0], [6, 0]]",arousal,0.2,0.25,0.1,6,1.0,1,0,0.0,0.0,0.5531845882505881,0.0,subject_dependent,rbf_svm,0.25,0.0,0.9484126984126984,0.125,0.25,0.0625,0.5,0.25,0.25,0.8333333333333333,2,1.0,0,0.0
0.75,0.5,"{""clf__C"": 1.0, ""clf__gamma"": 0.001}",0.15609537842902385,"[[0, 2], [0, 6]]",arousal,0.42857142857142855,0.75,0.6428571428571428,0,0.0,2,2,1.0,0.0,0.494735392436923,0.0,subject_dependent,rbf_svm,0.0,0.75,1.0,0.375,0.75,0.5625,0.5,0.75,0.75,1.0,0,0.0,6,1.0
0.375,0.5,"{""clf__C"": 0.1, ""clf__gamma"": 0.01}",0.3439057097273376,"[[3, 0], [5, 0]]",arousal,0.2727272727272727,0.375,0.20454545454545453,5,1.0,3,0,0.0,0.0,1.199100599245113,0.0,subject_dependent,rbf_svm,0.375,0.0,0.8392857142857143,0.1875,0.375,0.140625,0.5,0.375,0.375,0.6,3,1.0,0,0.0
0.375,0.5,"{""clf__C"": 0.1, ""clf__gamma"": 0.01}",0.25621044326910264,"[[3, 0], [5, 0]]",arousal,0.2727272727272727,0.375,0.20454545454545453,5,1.0,4,0,0.0,0.0,0.7167793368336606,0.0,subject_dependent,rbf_svm,0.375,0.0,0.8392857142857143,0.1875,0.375,0.140625,0.5,0.375,0.375,0.6,3,1.0,0,0.0
0.75,0.42857142857142855,"{""clf__C"": 0.1, ""clf__gamma"": 0.001}",0.12423590104247557,"[[0, 1], [1, 6]]",arousal,0.42857142857142855,0.75,0.75,1,0.14285714285714285,0,1,1.0,-0.1428571428571428,0.4229419489011038,-0.14285714285714285,subject_dependent,rbf_svm,0.0,0.8571428571428571,0.9617346938775511,0.42857142857142855,0.75,0.75,0.42857142857142855,0.75,0.75,0.7142857142857143,0,0.0,6,0.8571428571428571
1.0,1.0,"{""clf__C"": 1.0, ""clf__gamma"": 0.001}",,[[8]],arousal,1.0,1.0,1.0,,,1,,,nan,,0.0,subject_dependent,rbf_svm,,,1.0,1.0,1.0,1.0,1.0,1.0,1.0,nan,,,,
0.75,0.5,"{""clf__C"": 0.1, ""clf__gamma"": 0.001}",0.203085186159424,"[[0, 2], [0, 6]]",arousal,0.42857142857142855,0.75,0.6428571428571428,0,0.0,2,2,1.0,0.0,0.5976184458003653,0.0,subject_dependent,rbf_svm,0.0,0.75,0.8178571428571428,0.375,0.75,0.5625,0.5,0.75,0.75,0.5833333333333334,0,0.0,6,1.0
0.75,0.5,"{""clf__C"": 0.1, ""clf__gamma"": 0.001}",0.18993724084134977,"[[0, 2], [0, 6]]",arousal,0.42857142857142855,0.75,0.6428571428571428,0,0.0,3,2,1.0,0.0,0.5683540183594944,0.0,subject_dependent,rbf_svm,0.0,0.75,0.8,0.375,0.75,0.5625,0.5,0.75,0.75,0.5,0,0.0,6,1.0
0.5,0.5,"{""clf__C"": 0.1, ""clf__gamma"": 0.001}",0.4164472760233691,"[[4, 0], [4, 0]]",arousal,0.3333333333333333,0.5,0.3333333333333333,4,1.0,4,0,0.0,0.0,1.2411526519749918,0.0,subject_dependent,rbf_svm,0.5,0.0,0.4333333333333333,0.25,0.5,0.25,0.5,0.5,0.5,0.25,4,1.0,0,0.0
0.875,0.5,"{""clf__C"": 0.1, ""clf__gamma"": 0.001}",0.13942561303056036,"[[0, 1], [0, 7]]",arousal,0.4666666666666667,0.875,0.8166666666666667,0,0.0,0,1,1.0,0.0,0.46122226429187846,0.0,subject_dependent,rbf_svm,0.0,0.875,0.754591836734694,0.4375,0.875,0.765625,0.5,0.875,0.875,0.0,0,0.0,7,1.0
0.875,0.5,"{""clf__C"": 0.1, ""clf__gamma"": 0.001}",0.13963237615671878,"[[0, 1], [0, 7]]",arousal,0.4666666666666667,0.875,0.8166666666666667,0,0.0,1,1,1.0,0.0,0.46169597012908387,0.0,subject_dependent,rbf_svm,0.0,0.875,0.9617346938775511,0.4375,0.875,0.765625,0.5,0.875,0.875,0.7142857142857143,0,0.0,7,1.0
0.875,0.5,"{""clf__C"": 0.1, ""clf__gamma"": 0.001}",0.13558697851095314,"[[0, 1], [0, 7]]",arousal,0.4666666666666667,0.875,0.8166666666666667,0,0.0,2,1,1.0,0.0,0.45194150467031047,0.0,subject_dependent,rbf_svm,0.0,0.875,0.8736394557823131,0.4375,0.875,0.765625,0.5,0.875,0.875,0.2857142857142857,0,0.0,7,1.0
0.75,0.5,"{""clf__C"": 0.1, ""clf__gamma"": 0.001}",0.19046666347637886,"[[0, 2], [0, 6]]",arousal,0.42857142857142855,0.75,0.6428571428571428,0,0.0,3,2,1.0,0.0,0.569654722869915,0.0,subject_dependent,rbf_svm,0.0,0.75,0.594047619047619,0.375,0.75,0.5625,0.5,0.75,0.75,0.0,0,0.0,6,1.0
0.375,0.5,"{""clf__C"": 0.1, ""clf__gamma"": 0.001}",0.3001222855205337,"[[3, 0], [5, 0]]",arousal,0.2727272727272727,0.375,0.20454545454545453,5,1.0,4,0,0.0,0.0,0.8784378285013267,0.0,subject_dependent,rbf_svm,0.375,0.0,0.6926190476190477,0.1875,0.375,0.140625,0.5,0.375,0.375,0.4,3,1.0,0,0.0
0.625,0.5666666666666667,"{""clf__C"": 1.0, ""clf__gamma"": 0.001}",0.2503382508359463,"[[1, 2], [1, 4]]",arousal,0.5636363636363637,0.625,0.6045454545454546,1,0.2,0,2,0.6666666666666666,0.1428571428571429,0.6999726896857176,0.14907119849998599,subject_dependent,rbf_svm,0.5,0.6666666666666666,0.6295238095238094,0.5833333333333333,0.625,0.6041666666666666,0.5666666666666667,0.625,0.625,0.4666666666666667,1,0.3333333333333333,4,0.8
0.625,0.625,"{""clf__C"": 1.0, ""clf__gamma"": 0.001}",,"[[0, 0], [3, 5]]",arousal,0.38461538461538464,0.625,0.7692307692307693,,,1,,,0.0,,0.0,subject_dependent,rbf_svm,,,1.0,0.5,0.625,1.0,0.3125,0.625,0.625,nan,,,,
0.5,0.4,"{""clf__C"": 1.0, ""clf__gamma"": 0.001}",0.302199453237388,"[[0, 3], [1, 4]]",arousal,0.3333333333333333,0.5,0.41666666666666663,1,0.2,2,3,1.0,-0.23076923076923084,0.7993835026515329,-0.29277002188455997,subject_dependent,rbf_svm,0.0,0.5714285714285714,0.6392857142857143,0.2857142857142857,0.5,0.3571428571428571,0.4,0.5,0.5,0.2666666666666667,0,0.0,4,0.8
0.75,0.75,"{""clf__C"": 10.0, ""clf__gamma"": 0.001}",0.2945973223722773,"[[2, 2], [0, 4]]",arousal,0.7333333333333334,0.75,0.7333333333333334,0,0.0,3,2,0.5,0.5,0.7906620473582244,0.5773502691896258,subject_dependent,rbf_svm,1.0,0.6666666666666666,0.4303571428571429,0.8333333333333333,0.75,0.8333333333333333,0.75,0.75,0.75,0.25,2,0.5,4,1.0
0.25,0.5,"{""clf__C"": 1.0, ""clf__gamma"": 0.01}",0.38168912396769017,"[[0, 6], [0, 2]]",arousal,0.2,0.25,0.1,0,0.0,4,6,1.0,0.0,0.9725322797758643,0.0,subject_dependent,rbf_svm,0.0,0.25,0.5833333333333333,0.125,0.25,0.0625,0.5,0.25,0.25,0.8333333333333334,0,0.0,2,1.0
0.875,0.5,"{""clf__C"": 1.0, ""clf__gamma"": 0.001}",0.12163689787740106,"[[7, 0], [1, 0]]",arousal,0.4666666666666667,0.875,0.8166666666666667,1,1.0,0,0,0.0,0.0,0.4122930350106265,0.0,subject_dependent,rbf_svm,0.875,0.0,0.16666666666666666,0.4375,0.875,0.765625,0.5,0.875,0.875,0.2857142857142857,7,1.0,0,0.0
0.5,0.5,"{""clf__C"": 0.1, ""clf__gamma"": 0.001}",0.2987723549111697,"[[4, 0], [4, 0]]",arousal,0.3333333333333333,0.5,0.3333333333333333,4,1.0,1,0,0.0,0.0,0.8016310923760475,0.0,subject_dependent,rbf_svm,0.5,0.0,0.3988095238095238,0.25,0.5,0.25,0.5,0.5,0.5,0.125,4,1.0,0,0.0
0.875,0.5,"{""clf__C"": 1.0, ""clf__gamma"": 0.001}",0.13747465598744543,"[[7, 0], [1, 0]]",arousal,0.4666666666666667,0.875,0.8166666666666667,1,1.0,2,0,0.0,0.0,0.45661590349596104,0.0,subject_dependent,rbf_svm,0.875,0.0,0.125,0.4375,0.875,0.765625,0.5,0.875,0.875,0.0,7,1.0,0,0.0
0.625,0.5,"{""clf__C"": 1.0, ""clf__gamma"": 0.01}",0.26004967629822984,"[[5, 0], [3, 0]]",arousal,0.38461538461538464,0.625,0.4807692307692308,3,1.0,3,0,0.0,0.0,0.72793501204776,0.0,subject_dependent,rbf_svm,0.625,0.0,0.3472222222222222,0.3125,0.625,0.390625,0.5,0.625,0.625,0.2666666666666666,5,1.0,0,0.0
0.75,0.8571428571428572,"{""clf__C"": 1.0, ""clf__gamma"": 0.001}",0.13799272852719213,"[[5, 2], [0, 1]]",arousal,0.6666666666666667,0.75,0.7916666666666667,0,0.0,4,2,0.2857142857142857,0.3846153846153846,0.4576461474614838,0.4879500364742666,subject_dependent,rbf_svm,1.0,0.3333333333333333,0.16666666666666666,0.6666666666666666,0.75,0.9166666666666666,0.8571428571428572,0.75,0.75,0.2857142857142857,5,0.7142857142857143,1,1.0
0.25,0.5,"{""clf__C"": 0.1, ""clf__gamma"": 0.001}",0.2115826117562071,"[[2, 0], [6, 0]]",arousal,0.2,0.25,0.1,6,1.0,0,0,0.0,0.0,0.6636691125059533,0.0,subject_dependent,rbf_svm,0.25,0.0,0.6746031746031745,0.125,0.25,0.0625,0.5,0.25,0.25,0.25,2,1.0,0,0.0
1.0,1.0,"{""clf__C"": 0.1, ""clf__gamma"": 0.001}",,[[8]],arousal,1.0,1.0,1.0,,,1,,,nan,,0.0,subject_dependent,rbf_svm,,,1.0,1.0,1.0,1.0,1.0,1.0,1.0,nan,,,,
0.25,0.5,"{""clf__C"": 0.1, ""clf__gamma"": 0.001}",0.21226028682491682,"[[2, 0], [6, 0]]",arousal,0.2,0.25,0.1,6,1.0,2,0,0.0,0.0,0.6676315259597178,0.0,subject_dependent,rbf_svm,0.25,0.0,0.594047619047619,0.125,0.25,0.0625,0.5,0.25,0.25,0.0,2,1.0,0,0.0
0.875,0.5,"{""clf__C"": 0.1, ""clf__gamma"": 0.001}",0.139207159059981,"[[0, 1], [0, 7]]",arousal,0.4666666666666667,0.875,0.8166666666666667,0,0.0,3,1,1.0,0.0,0.460705547600865,0.0,subject_dependent,rbf_svm,0.0,0.875,0.754591836734694,0.4375,0.875,0.765625,0.5,0.875,0.875,0.0,0,0.0,7,1.0
0.25,0.5,"{""clf__C"": 0.1, ""clf__gamma"": 0.001}",0.23001157363109848,"[[2, 0], [6, 0]]",arousal,0.2,0.25,0.1,6,1.0,4,0,0.0,0.0,0.8153587749232731,0.0,subject_dependent,rbf_svm,0.25,0.0,0.9583333333333334,0.125,0.25,0.0625,0.5,0.25,0.25,0.8333333333333334,2,1.0,0,0.0
0.875,0.8333333333333333,"{""clf__C"": 0.1, ""clf__gamma"": 0.001}",0.2547052152177457,"[[2, 1], [0, 5]]",arousal,0.8545454545454545,0.875,0.8681818181818182,0,0.0,0,1,0.3333333333333333,0.7142857142857143,0.7123853572777419,0.7453559924999299,subject_dependent,rbf_svm,1.0,0.8333333333333334,0.5059523809523809,0.9166666666666667,0.875,0.8958333333333334,0.8333333333333333,0.875,0.875,0.13333333333333336,2,0.6666666666666666,5,1.0
0.75,0.6666666666666666,"{""clf__C"": 0.1, ""clf__gamma"": 0.001}",0.2942937939062197,"[[1, 2], [0, 5]]",arousal,0.6666666666666667,0.75,0.7083333333333334,0,0.0,1,2,0.6666666666666666,0.3846153846153846,0.8512675004698897,0.4879500364742666,subject_dependent,rbf_svm,1.0,0.7142857142857143,0.5192857142857142,0.8571428571428572,0.75,0.8214285714285714,0.6666666666666666,0.75,0.75,0.13333333333333336,1,0.3333333333333333,5,1.0
0.875,0.9285714285714286,"{""clf__C"": 1.0, ""clf__gamma"": 0.001}",0.1823548994411523,"[[1, 0], [1, 6]]",arousal,0.7948717948717949,0.875,0.8910256410256411,1,0.14285714285714285,2,0,0.0,0.6,0.5397556605373315,0.6546536707079772,subject_dependent,rbf_svm,0.5,1.0,1.0,0.75,0.875,0.9375,0.9285714285714286,0.875,0.875,1.0,1,1.0,6,0.8571428571428571
0.875,0.5,"{""clf__C"": 1.0, ""clf__gamma"": 0.001}",0.1271142612495459,"[[0, 1], [0, 7]]",arousal,0.4666666666666667,0.875,0.8166666666666667,0,0.0,3,1,1.0,0.0,0.4058373990413254,0.0,subject_dependent,rbf_svm,0.0,0.875,0.9617346938775511,0.4375,0.875,0.765625,0.5,0.875,0.875,0.7142857142857143,0,0.0,7,1.0
0.625,0.5,"{""clf__C"": 0.1, ""clf__gamma"": 0.001}",0.2546614753707742,"[[0, 3], [0, 5]]",arousal,0.38461538461538464,0.625,0.4807692307692308,0,0.0,4,3,1.0,0.0,0.7123645142751376,0.0,subject_dependent,rbf_svm,0.0,0.625,0.46928571428571425,0.3125,0.625,0.390625,0.5,0.625,0.625,0.0,0,0.0,5,1.0
0.75,0.5,"{""clf__C"": 10.0, ""clf__gamma"": 0.001}",0.264026491056761,"[[6, 0], [2, 0]]",arousal,0.42857142857142855,0.75,0.6428571428571428,2,1.0,0,0,0.0,0.0,0.7212698890549374,0.0,subject_dependent,rbf_svm,0.75,0.0,0.19642857142857142,0.375,0.75,0.5625,0.5,0.75,0.75,0.0,6,1.0,0,0.0
0.5,0.5333333333333333,"{""clf__C"": 1.0, ""clf__gamma"": 0.001}",0.3411088941985819,"[[2, 1], [3, 2]]",arousal,0.5,0.5,0.5,3,0.6,1,1,0.3333333333333333,0.05882352941176472,0.8848878231644581,0.06666666666666667,subject_dependent,rbf_svm,0.4,0.6666666666666666,0.6226190476190476,0.5333333333333333,0.5,0.5666666666666667,0.5333333333333333,0.5,0.5,0.4,2,0.6666666666666666,2,0.4
0.5,0.5333333333333333,"{""clf__C"": 1.0, ""clf__gamma"": 0.001}",0.2425058879019088,"[[2, 3], [1, 2]]",arousal,0.5,0.5,0.5,1,0.3333333333333333,2,3,0.6,0.05882352941176472,0.6781030624419992,0.06666666666666667,subject_dependent,rbf_svm,0.6666666666666666,0.4,0.3873015873015873,0.5333333333333333,0.5,0.5666666666666667,0.5333333333333333,0.5,0.5,0.39999999999999997,2,0.4,2,0.6666666666666666
0.75,0.75,"{""clf__C"": 1.0, ""clf__gamma"": 0.001}",0.25399625805112136,"[[3, 1], [1, 3]]",arousal,0.75,0.75,0.75,1,0.25,3,1,0.25,0.5,0.7013856382515116,0.5,subject_dependent,rbf_svm,0.75,0.75,0.8125,0.75,0.75,0.75,0.75,0.75,0.75,0.6875,3,0.75,3,0.75
0.625,0.5,"{""clf__C"": 0.1, ""clf__gamma"": 0.001}",0.27126094087380515,"[[5, 0], [3, 0]]",arousal,0.38461538461538464,0.625,0.4807692307692308,3,1.0,4,0,0.0,0.0,0.7359535424336923,0.0,subject_dependent,rbf_svm,0.625,0.0,0.38690476190476186,0.3125,0.625,0.390625,0.5,0.625,0.625,0.26666666666666666,5,1.0,0,0.0
0.375,0.43333333333333335,"{""clf__C"": 0.1, ""clf__gamma"": 0.001}",0.37780681308667025,"[[1, 4], [1, 2]]",arousal,0.36507936507936506,0.375,0.34523809523809523,1,0.3333333333333333,0,4,0.8,-0.11111111111111116,0.9819606714091834,-0.14907119849998599,subject_dependent,rbf_svm,0.5,0.3333333333333333,0.625,0.41666666666666663,0.375,0.4375,0.43333333333333335,0.375,0.375,0.5333333333333333,1,0.2,2,0.6666666666666666
0.625,0.5,"{""clf__C"": 10.0, ""clf__gamma"": 0.001}",0.2659862292305073,"[[0, 3], [0, 5]]",arousal,0.38461538461538464,0.625,0.4807692307692308,0,0.0,1,3,1.0,0.0,0.7334290533604602,0.0,subject_dependent,rbf_svm,0.0,0.625,0.5059523809523809,0.3125,0.625,0.390625,0.5,0.625,0.625,0.13333333333333336,0,0.0,5,1.0
0.375,0.5,"{""clf__C"": 0.1, ""clf__gamma"": 0.001}",0.24632894540173808,"[[3, 0], [5, 0]]",arousal,0.2727272727272727,0.375,0.20454545454545453,5,1.0,2,0,0.0,0.0,0.6899355371199708,0.0,subject_dependent,rbf_svm,0.375,0.0,0.8583333333333333,0.1875,0.375,0.140625,0.5,0.375,0.375,0.6666666666666667,3,1.0,0,0.0
0.875,0.9285714285714286,"{""clf__C"": 1.0, ""clf__gamma"": 0.001}",0.296089298922003,"[[1, 0], [1, 6]]",arousal,0.7948717948717949,0.875,0.8910256410256411,1,0.14285714285714285,3,0,0.0,0.6,0.8032701340411204,0.6546536707079772,subject_dependent,rbf_svm,0.5,1.0,0.754591836734694,0.75,0.875,0.9375,0.9285714285714286,0.875,0.875,0.0,1,1.0,6,0.8571428571428571
0.5,0.7142857142857143,"{""clf__C"": 1.0, ""clf__gamma"": 0.001}",0.17263445394660548,"[[1, 0], [4, 3]]",arousal,0.4666666666666667,0.5,0.5666666666666667,4,0.5714285714285714,4,0,0.0,0.1578947368421053,0.5352873306092574,0.29277002188455997,subject_dependent,rbf_svm,0.2,1.0,0.8736394557823131,0.6,0.5,0.9,0.7142857142857143,0.5,0.5,0.2857142857142857,1,1.0,3,0.42857142857142855
0.375,0.5,"{""clf__C"": 10.0, ""clf__gamma"": 0.001}",0.2791664513551241,"[[3, 0], [5, 0]]",arousal,0.2727272727272727,0.375,0.20454545454545453,5,1.0,0,0,0.0,0.0,0.7521329625785769,0.0,subject_dependent,rbf_svm,0.375,0.0,0.5628571428571427,0.1875,0.375,0.140625,0.5,0.375,0.375,0.33333333333333337,3,1.0,0,0.0
0.375,0.3,"{""clf__C"": 10.0, ""clf__gamma"": 0.001}",0.24365595984969673,"[[3, 2], [3, 0]]",arousal,0.2727272727272727,0.375,0.3409090909090909,3,1.0,1,2,0.4,-0.4285714285714286,0.6804464958901905,-0.4472135954999579,subject_dependent,rbf_svm,0.5,0.0,0.3472222222222222,0.25,0.375,0.3125,0.3,0.375,0.375,0.2666666666666666,3,0.6,0,0.0
0.25,0.26666666666666666,"{""clf__C"": 10.0, ""clf__gamma"": 0.001}",0.2327253353265462,"[[1, 4], [2, 1]]",arousal,0.25,0.25,0.25,2,0.6666666666666666,2,4,0.8,-0.41176470588235303,0.6584420197412784,-0.4666666666666667,subject_dependent,rbf_svm,0.3333333333333333,0.2,0.7222222222222223,0.26666666666666666,0.25,0.2833333333333333,0.26666666666666666,0.25,0.25,0.7333333333333333,1,0.2,1,0.3333333333333333
0.375,0.375,"{""clf__C"": 10.0, ""clf__gamma"": 0.001}",0.25057431521455475,"[[2, 2], [3, 1]]",arousal,0.36507936507936506,0.375,0.36507936507936506,3,0.75,3,2,0.5,-0.25,0.694224884854372,-0.2581988897471611,subject_dependent,rbf_svm,0.4,0.3333333333333333,0.7095238095238094,0.3666666666666667,0.375,0.3666666666666667,0.375,0.375,0.375,0.625,2,0.5,1,0.25
0.625,0.5666666666666667,"{""clf__C"": 10.0, ""clf__gamma"": 0.001}",0.2668023005147253,"[[4, 1], [2, 1]]",arousal,0.5636363636363637,0.625,0.6045454545454546,2,0.6666666666666666,4,1,0.2,0.1428571428571429,0.7277868074961653,0.14907119849998599,subject_dependent,rbf_svm,0.6666666666666666,0.5,0.4583333333333333,0.5833333333333333,0.625,0.6041666666666666,0.5666666666666667,0.625,0.625,0.4666666666666666,4,0.8,1,0.3333333333333333
0.625,0.5833333333333333,"{""clf__C"": 1.0, ""clf__gamma"": 0.001}",0.20298113417963998,"[[1, 1], [2, 4]]",arousal,0.5636363636363637,0.625,0.6454545454545454,2,0.3333333333333333,0,1,0.5,0.1428571428571429,0.6055655256781125,0.14907119849998599,subject_dependent,rbf_svm,0.3333333333333333,0.8,0.7166666666666667,0.5666666666666667,0.625,0.6833333333333335,0.5833333333333333,0.625,0.625,0.4166666666666667,1,0.5,4,0.6666666666666666
0.875,0.9285714285714286,"{""clf__C"": 10.0, ""clf__gamma"": 0.001}",0.24978248677429832,"[[1, 0], [1, 6]]",arousal,0.7948717948717949,0.875,0.8910256410256411,1,0.14285714285714285,1,0,0.0,0.6,0.6928688826072162,0.6546536707079772,subject_dependent,rbf_svm,0.5,1.0,0.8260204081632654,0.75,0.875,0.9375,0.9285714285714286,0.875,0.875,0.14285714285714285,1,1.0,6,0.8571428571428571
0.375,0.5,"{""clf__C"": 10.0, ""clf__gamma"": 0.001}",0.36701814967262847,"[[0, 5], [0, 3]]",arousal,0.2727272727272727,0.375,0.20454545454545453,0,0.0,2,5,1.0,0.0,0.9514499058260668,0.0,subject_dependent,rbf_svm,0.0,0.375,0.33134920634920634,0.1875,0.375,0.140625,0.5,0.375,0.375,0.19999999999999998,0,0.0,3,1.0
0.5,0.5,"{""clf__C"": 0.1, ""clf__gamma"": 0.001}",0.2819382665642225,"[[4, 0], [4, 0]]",arousal,0.3333333333333333,0.5,0.3333333333333333,4,1.0,3,0,0.0,0.0,0.7614889210057851,0.0,subject_dependent,rbf_svm,0.5,0.0,0.6428571428571428,0.25,0.5,0.25,0.5,0.5,0.5,0.5,4,1.0,0,0.0
0.75,0.6666666666666666,"{""clf__C"": 1.0, ""clf__gamma"": 0.001}",0.24552780665814217,"[[1, 2], [0, 5]]",arousal,0.6666666666666667,0.75,0.7083333333333334,0,0.0,4,2,0.6666666666666666,0.3846153846153846,0.6851577923234735,0.4879500364742666,subject_dependent,rbf_svm,1.0,0.7142857142857143,0.5392857142857144,0.8571428571428572,0.75,0.8214285714285714,0.6666666666666666,0.75,0.75,0.2,1,0.3333333333333333,5,1.0
0.625,0.6333333333333333,"{""clf__C"": 10.0, ""clf__gamma"": 0.001}",0.2775769580380115,"[[3, 2], [1, 2]]",arousal,0.6190476190476191,0.625,0.6309523809523809,1,0.3333333333333333,0,2,0.4,0.25,0.7491035245057902,0.2581988897471611,subject_dependent,rbf_svm,0.75,0.5,0.38333333333333336,0.625,0.625,0.65625,0.6333333333333333,0.625,0.625,0.43333333333333335,3,0.6,2,0.6666666666666666
0.375,0.5,"{""clf__C"": 10.0, ""clf__gamma"": 0.001}",0.26466874164980037,"[[3, 0], [5, 0]]",arousal,0.2727272727272727,0.375,0.20454545454545453,5,1.0,1,0,0.0,0.0,0.7225831772619582,0.0,subject_dependent,rbf_svm,0.375,0.0,0.8761904761904762,0.1875,0.375,0.140625,0.5,0.375,0.375,0.7333333333333334,3,1.0,0,0.0
0.625,0.625,"{""clf__C"": 10.0, ""clf__gamma"": 0.001}",0.2874187967348021,"[[3, 1], [2, 2]]",arousal,0.6190476190476191,0.625,0.6190476190476191,2,0.5,2,1,0.25,0.25,0.7689590618257416,0.2581988897471611,subject_dependent,rbf_svm,0.6,0.6666666666666666,0.47619047619047616,0.6333333333333333,0.625,0.6333333333333333,0.625,0.625,0.625,0.375,3,0.75,2,0.5
0.5,0.5333333333333333,"{""clf__C"": 10.0, ""clf__gamma"": 0.001}",0.2634330174530769,"[[2, 3], [1, 2]]",arousal,0.5,0.5,0.5,1,0.3333333333333333,3,3,0.6,0.05882352941176472,0.7210077691767683,0.06666666666666667,subject_dependent,rbf_svm,0.6666666666666666,0.4,0.41111111111111115,0.5333333333333333,0.5,0.5666666666666667,0.5333333333333333,0.5,0.5,0.4666666666666667,2,0.4,2,0.6666666666666666
0.375,0.375,"{""clf__C"": 1.0, ""clf__gamma"": 0.001}",0.2579379604637456,"[[2, 2], [3, 1]]",arousal,0.36507936507936506,0.375,0.36507936507936506,3,0.75,4,2,0.5,-0.25,0.7100892720052098,-0.2581988897471611,subject_dependent,rbf_svm,0.4,0.3333333333333333,0.5428571428571428,0.3666666666666667,0.375,0.3666666666666667,0.375,0.375,0.375,0.5,2,0.5,1,0.25
0.625,0.7,"{""clf__C"": 1.0, ""clf__gamma"": 0.001}",0.30868785292030027,"[[3, 0], [3, 2]]",arousal,0.6190476190476191,0.625,0.6071428571428571,3,0.6,0,0,0.0,0.33333333333333337,0.8527899983599141,0.4472135954999579,subject_dependent,rbf_svm,0.5,1.0,0.852857142857143,0.75,0.625,0.8125,0.7,0.625,0.625,0.7333333333333334,3,1.0,2,0.4
0.625,0.6333333333333333,"{""clf__C"": 1.0, ""clf__gamma"": 0.001}",0.18224820189935065,"[[3, 2], [1, 2]]",arousal,0.6190476190476191,0.625,0.6309523809523809,1,0.3333333333333333,1,2,0.4,0.25,0.5416956231264995,0.2581988897471611,subject_dependent,rbf_svm,0.75,0.5,0.8666666666666667,0.625,0.625,0.65625,0.6333333333333333,0.625,0.625,0.8666666666666667,3,0.6,2,0.6666666666666666
0.75,0.75,"{""clf__C"": 1.0, ""clf__gamma"": 0.001}",0.23136937184375098,"[[2, 2], [0, 4]]",arousal,0.7333333333333334,0.75,0.7333333333333334,0,0.0,2,2,0.5,0.5,0.6553735263924078,0.5773502691896258,subject_dependent,rbf_svm,1.0,0.6666666666666666,0.6083333333333333,0.8333333333333333,0.75,0.8333333333333333,0.75,0.75,0.75,0.625,2,0.5,4,1.0
0.75,0.75,"{""clf__C"": 10.0, ""clf__gamma"": 0.001}",0.15290684956970824,"[[4, 0], [2, 2]]",arousal,0.7333333333333334,0.75,0.7333333333333334,2,0.5,3,0,0.0,0.5,0.4843128925500022,0.5773502691896258,subject_dependent,rbf_svm,0.6666666666666666,1.0,1.0,0.8333333333333333,0.75,0.8333333333333333,0.75,0.75,0.75,1.0,4,1.0,2,0.5
0.375,0.3,"{""clf__C"": 10.0, ""clf__gamma"": 0.001}",0.2989022072800608,"[[3, 2], [3, 0]]",arousal,0.2727272727272727,0.375,0.3409090909090909,3,1.0,4,2,0.4,-0.4285714285714286,0.7965164374561471,-0.4472135954999579,subject_dependent,rbf_svm,0.5,0.0,0.41111111111111115,0.25,0.375,0.3125,0.3,0.375,0.375,0.4666666666666667,3,0.6,0,0.0
0.375,0.5,"{""clf__C"": 0.1, ""clf__gamma"": 0.001}",0.3355863531865362,"[[3, 0], [5, 0]]",arousal,0.2727272727272727,0.375,0.20454545454545453,5,1.0,0,0,0.0,0.0,1.112038457337333,0.0,subject_dependent,rbf_svm,0.375,0.0,0.4859523809523809,0.1875,0.375,0.140625,0.5,0.375,0.375,0.06666666666666668,3,1.0,0,0.0
0.75,0.8571428571428572,"{""clf__C"": 10.0, ""clf__gamma"": 0.001}",0.16976598327492062,"[[1, 0], [2, 5]]",arousal,0.6666666666666667,0.75,0.7916666666666667,2,0.2857142857142857,1,0,0.0,0.3846153846153846,0.5209674120028961,0.4879500364742666,subject_dependent,rbf_svm,0.3333333333333333,1.0,0.9821428571428572,0.6666666666666666,0.75,0.9166666666666666,0.8571428571428572,0.75,0.75,0.8571428571428571,1,1.0,5,0.7142857142857143
0.875,0.8333333333333333,"{""clf__C"": 1.0, ""clf__gamma"": 0.001}",0.32077673436688214,"[[2, 1], [0, 5]]",arousal,0.8545454545454545,0.875,0.8681818181818182,0,0.0,2,1,0.3333333333333333,0.7142857142857143,0.894710024501542,0.7453559924999299,subject_dependent,rbf_svm,1.0,0.8333333333333334,0.4859523809523809,0.9166666666666667,0.875,0.8958333333333334,0.8333333333333333,0.875,0.875,0.06666666666666668,2,0.6666666666666666,5,1.0
0.625,0.5666666666666667,"{""clf__C"": 1.0, ""clf__gamma"": 0.001}",0.2442340344304181,"[[1, 2], [1, 4]]",arousal,0.5636363636363637,0.625,0.6045454545454546,1,0.2,3,2,0.6666666666666666,0.1428571428571429,0.6843011644677834,0.14907119849998599,subject_dependent,rbf_svm,0.5,0.6666666666666666,0.7416666666666667,0.5833333333333333,0.625,0.6041666666666666,0.5666666666666667,0.625,0.625,0.5333333333333334,1,0.3333333333333333,4,0.8
0.5,0.4,"{""clf__C"": 1.0, ""clf__gamma"": 0.001}",0.27489296161719,"[[0, 3], [1, 4]]",arousal,0.3333333333333333,0.5,0.41666666666666663,1,0.2,4,3,1.0,-0.23076923076923084,0.7536060252164372,-0.29277002188455997,subject_dependent,rbf_svm,0.0,0.5714285714285714,0.8392857142857143,0.2857142857142857,0.5,0.3571428571428571,0.4,0.5,0.5,0.6,0,0.0,4,0.8
0.625,0.5,"{""clf__C"": 1.0, ""clf__gamma"": 0.01}",0.23486671042824897,"[[0, 3], [0, 5]]",dominance,0.38461538461538464,0.625,0.4807692307692308,0,0.0,0,3,1.0,0.0,0.6626302053533204,0.0,subject_dependent,rbf_svm,0.0,0.625,0.6595238095238095,0.3125,0.625,0.390625,0.5,0.625,0.625,0.5333333333333333,0,0.0,5,1.0
0.625,0.5,"{""clf__C"": 1.0, ""clf__gamma"": 0.01}",0.23474438968012357,"[[0, 3], [0, 5]]",dominance,0.38461538461538464,0.625,0.4807692307692308,0,0.0,1,3,1.0,0.0,0.6623628506071433,0.0,subject_dependent,rbf_svm,0.0,0.625,0.885,0.3125,0.625,0.390625,0.5,0.625,0.625,0.7333333333333334,0,0.0,5,1.0
0.375,0.5,"{""clf__C"": 0.1, ""clf__gamma"": 0.01}",0.23686426622675066,"[[3, 0], [5, 0]]",dominance,0.2727272727272727,0.375,0.20454545454545453,5,1.0,2,0,0.0,0.0,0.6671009414683045,0.0,subject_dependent,rbf_svm,0.375,0.0,0.852857142857143,0.1875,0.375,0.140625,0.5,0.375,0.375,0.7333333333333334,3,1.0,0,0.0
0.625,0.5,"{""clf__C"": 1.0, ""clf__gamma"": 0.01}",0.23605231402788093,"[[0, 3], [0, 5]]",dominance,0.38461538461538464,0.625,0.4807692307692308,0,0.0,3,3,1.0,0.0,0.6652630639343945,0.0,subject_dependent,rbf_svm,0.0,0.625,0.8583333333333333,0.3125,0.625,0.390625,0.5,0.625,0.625,0.6666666666666667,0,0.0,5,1.0
0.75,0.5,"{""clf__C"": 10.0, ""clf__gamma"": 0.001}",0.21492981220662777,"[[0, 2], [0, 6]]",dominance,0.42857142857142855,0.75,0.6428571428571428,0,0.0,4,2,1.0,0.0,0.6216527871412112,0.0,subject_dependent,rbf_svm,0.0,0.75,0.7801587301587302,0.375,0.75,0.5625,0.5,0.75,0.75,0.41666666666666663,0,0.0,6,1.0
0.875,0.8333333333333333,"{""clf__C"": 10.0, ""clf__gamma"": 0.001}",0.22558305043834928,"[[2, 1], [0, 5]]",dominance,0.8545454545454545,0.875,0.8681818181818182,0,0.0,0,1,0.3333333333333333,0.7142857142857143,0.641464714239945,0.7453559924999299,subject_dependent,rbf_svm,1.0,0.8333333333333334,0.9266666666666666,0.9166666666666667,0.875,0.8958333333333334,0.8333333333333333,0.875,0.875,0.8666666666666667,2,0.6666666666666666,5,1.0
0.875,0.5,"{""clf__C"": 1.0, ""clf__gamma"": 0.001}",0.15295261261816231,"[[0, 1], [0, 7]]",dominance,0.4666666666666667,0.875,0.8166666666666667,0,0.0,1,1,1.0,0.0,0.48265045018215263,0.0,subject_dependent,rbf_svm,0.0,0.875,0.9379251700680272,0.4375,0.875,0.765625,0.5,0.875,0.875,0.5714285714285714,0,0.0,7,1.0
0.5,0.4,"{""clf__C"": 1.0, ""clf__gamma"": 0.001}",0.22146312510605765,"[[0, 3], [1, 4]]",dominance,0.3333333333333333,0.5,0.41666666666666663,1,0.2,2,3,1.0,-0.23076923076923084,0.6288609921164006,-0.29277002188455997,subject_dependent,rbf_svm,0.0,0.5714285714285714,0.8350000000000001,0.2857142857142857,0.5,0.3571428571428571,0.4,0.5,0.5,0.6666666666666667,0,0.0,4,0.8
0.5,0.6,"{""clf__C"": 0.1, ""clf__gamma"": 0.001}",0.41756075666046477,"[[1, 4], [0, 3]]",dominance,0.4666666666666667,0.5,0.4333333333333333,0,0.0,3,4,0.8,0.1578947368421053,1.0978396581770802,0.29277002188455997,subject_dependent,rbf_svm,1.0,0.42857142857142855,0.44285714285714284,0.7142857142857143,0.5,0.7857142857142857,0.6,0.5,0.5,0.4666666666666666,1,0.2,3,1.0
0.75,0.42857142857142855,"{""clf__C"": 1.0, ""clf__gamma"": 0.001}",0.15812807167683463,"[[0, 1], [1, 6]]",dominance,0.42857142857142855,0.75,0.75,1,0.14285714285714285,4,1,1.0,-0.1428571428571428,0.5012161610739861,-0.14285714285714285,subject_dependent,rbf_svm,0.0,0.8571428571428571,0.9617346938775511,0.42857142857142855,0.75,0.75,0.42857142857142855,0.75,0.75,0.7142857142857143,0,0.0,6,0.8571428571428571
0.5,0.5,"{""clf__C"": 10.0, ""clf__gamma"": 0.001}",0.2615523443195429,"[[4, 0], [4, 0]]",dominance,0.3333333333333333,0.5,0.3333333333333333,4,1.0,0,0,0.0,0.0,0.7167759533006993,0.0,subject_dependent,rbf_svm,0.5,0.0,0.44047619047619047,0.25,0.5,0.25,0.5,0.5,0.5,0.1875,4,1.0,0,0.0
0.5,0.5,"{""clf__C"": 10.0, ""clf__gamma"": 0.001}",0.25753140414083653,"[[4, 0], [4, 0]]",dominance,0.3333333333333333,0.5,0.3333333333333333,4,1.0,1,0,0.0,0.0,0.7087058571860813,0.0,subject_dependent,rbf_svm,0.5,0.0,0.7678571428571428,0.25,0.5,0.25,0.5,0.5,0.5,0.625,4,1.0,0,0.0
0.375,0.43333333333333335,"{""clf__C"": 10.0, ""clf__gamma"": 0.001}",0.35382161992926003,"[[2, 1], [4, 1]]",dominance,0.36507936507936506,0.375,0.34523809523809523,4,0.8,2,1,0.3333333333333333,-0.11111111111111116,0.9659568364087735,-0.14907119849998599,subject_dependent,rbf_svm,0.3333333333333333,0.5,0.7116666666666667,0.41666666666666663,0.375,0.4375,0.43333333333333335,0.375,0.375,0.46666666666666673,2,0.6666666666666666,1,0.2
0.5,0.5,"{""clf__C"": 1.0, ""clf__gamma"": 0.01}",0.2553190282467676,"[[4, 0], [4, 0]]",dominance,0.3333333333333333,0.5,0.3333333333333333,4,1.0,3,0,0.0,0.0,0.7039000365455208,0.0,subject_dependent,rbf_svm,0.5,0.0,0.6428571428571428,0.25,0.5,0.25,0.5,0.5,0.5,0.5,4,1.0,0,0.0
1.0,1.0,"{""clf__C"": 0.1, ""clf__gamma"": 0.001}",,[[8]],dominance,1.0,1.0,1.0,,,4,,,nan,,0.0,subject_dependent,rbf_svm,,,0.0,1.0,1.0,1.0,1.0,1.0,1.0,nan,,,,
0.75,0.5,"{""clf__C"": 1.0, ""clf__gamma"": 0.001}",0.21113881126275386,"[[6, 0], [2, 0]]",dominance,0.42857142857142855,0.75,0.6428571428571428,2,1.0,0,0,0.0,0.0,0.6158614951717991,0.0,subject_dependent,rbf_svm,0.75,0.0,0.29166666666666663,0.375,0.75,0.5625,0.5,0.75,0.75,0.33333333333333337,6,1.0,0,0.0
0.625,0.5,"{""clf__C"": 1.0, ""clf__gamma"": 0.001}",0.27576420738894747,"[[5, 0], [3, 0]]",dominance,0.38461538461538464,0.625,0.4807692307692308,3,1.0,1,0,0.0,0.0,0.7686131002530727,0.0,subject_dependent,rbf_svm,0.625,0.0,0.3206349206349206,0.3125,0.625,0.390625,0.5,0.625,0.625,0.19999999999999996,5,1.0,0,0.0
0.625,0.5,"{""clf__C"": 1.0, ""clf__gamma"": 0.001}",0.28345860457257294,"[[5, 0], [3, 0]]",dominance,0.38461538461538464,0.625,0.4807692307692308,3,1.0,2,0,0.0,0.0,0.8178502180123879,0.0,subject_dependent,rbf_svm,0.625,0.0,0.4027777777777778,0.3125,0.625,0.390625,0.5,0.625,0.625,0.3333333333333333,5,1.0,0,0.0
0.75,0.5,"{""clf__C"": 1.0, ""clf__gamma"": 0.001}",0.2270017232768231,"[[6, 0], [2, 0]]",dominance,0.42857142857142855,0.75,0.6428571428571428,2,1.0,3,0,0.0,0.0,0.6554066145571951,0.0,subject_dependent,rbf_svm,0.75,0.0,0.24285714285714285,0.375,0.75,0.5625,0.5,0.75,0.75,0.25,6,1.0,0,0.0
0.75,0.5,"{""clf__C"": 1.0, ""clf__gamma"": 0.001}",0.266241795378815,"[[6, 0], [2, 0]]",dominance,0.42857142857142855,0.75,0.6428571428571428,2,1.0,4,0,0.0,0.0,0.7295253787523138,0.0,subject_dependent,rbf_svm,0.75,0.0,0.225,0.375,0.75,0.5625,0.5,0.75,0.75,0.16666666666666669,6,1.0,0,0.0
0.375,0.5,"{""clf__C"": 10.0, ""clf__gamma"": 0.001}",0.296230914252022,"[[3, 0], [5, 0]]",dominance,0.2727272727272727,0.375,0.20454545454545453,5,1.0,0,0,0.0,0.0,0.787881598916165,0.0,subject_dependent,rbf_svm,0.375,0.0,1.0,0.1875,0.375,0.140625,0.5,0.375,0.375,1.0,3,1.0,0,0.0
0.625,0.6333333333333333,"{""clf__C"": 10.0, ""clf__gamma"": 0.001}",0.26628645578031124,"[[3, 2], [1, 2]]",dominance,0.6190476190476191,0.625,0.6309523809523809,1,0.3333333333333333,1,2,0.4,0.25,0.727780751051569,0.2581988897471611,subject_dependent,rbf_svm,0.75,0.5,0.3472222222222222,0.625,0.625,0.65625,0.6333333333333333,0.625,0.625,0.2666666666666666,3,0.6,2,0.6666666666666666
0.375,0.3,"{""clf__C"": 1.0, ""clf__gamma"": 0.001}",0.23909515226314512,"[[3, 2], [3, 0]]",dominance,0.2727272727272727,0.375,0.3409090909090909,3,1.0,2,2,0.4,-0.4285714285714286,0.6712220876323857,-0.4472135954999579,subject_dependent,rbf_svm,0.5,0.0,0.38333333333333336,0.25,0.375,0.3125,0.3,0.375,0.375,0.4,3,0.6,0,0.0
0.75,0.7333333333333334,"{""clf__C"": 1.0, ""clf__gamma"": 0.001}",0.2890736298065515,"[[4, 1], [1, 2]]",dominance,0.7333333333333334,0.75,0.75,1,0.3333333333333333,3,1,0.2,0.4666666666666667,0.7828014585097433,0.4666666666666667,subject_dependent,rbf_svm,0.8,0.6666666666666666,0.38690476190476186,0.7333333333333334,0.75,0.75,0.7333333333333334,0.75,0.75,0.26666666666666666,4,0.8,2,0.6666666666666666
0.75,0.7333333333333334,"{""clf__C"": 10.0, ""clf__gamma"": 0.001}",0.24213136109897823,"[[4, 1], [1, 2]]",dominance,0.7333333333333334,0.75,0.75,1,0.3333333333333333,4,1,0.2,0.4666666666666667,0.6774575196260241,0.4666666666666667,subject_dependent,rbf_svm,0.8,0.6666666666666666,0.3472222222222222,0.7333333333333334,0.75,0.75,0.7333333333333334,0.75,0.75,0.2666666666666666,4,0.8,2,0.6666666666666666
0.25,0.25,"{""clf__C"": 1.0, ""clf__gamma"": 0.001}",0.2908845871096774,"[[0, 4], [2, 2]]",dominance,0.2,0.25,0.2,2,0.5,0,4,1.0,-0.5,0.7862317646677706,-0.5773502691896258,subject_dependent,rbf_svm,0.0,0.3333333333333333,0.7678571428571428,0.16666666666666666,0.25,0.16666666666666666,0.25,0.25,0.25,0.625,0,0.0,2,0.5
0.625,0.5833333333333333,"{""clf__C"": 1.0, ""clf__gamma"": 0.001}",0.24471035646410982,"[[1, 1], [2, 4]]",dominance,0.5636363636363637,0.625,0.6454545454545454,2,0.3333333333333333,1,1,0.5,0.1428571428571429,0.6824009785066454,0.14907119849998599,subject_dependent,rbf_svm,0.3333333333333333,0.8,0.7801587301587302,0.5666666666666667,0.625,0.6833333333333335,0.5833333333333333,0.625,0.625,0.41666666666666663,1,0.5,4,0.6666666666666666
0.625,0.5,"{""clf__C"": 1.0, ""clf__gamma"": 0.001}",0.272444725929442,"[[0, 3], [0, 5]]",dominance,0.38461538461538464,0.625,0.4807692307692308,0,0.0,2,3,1.0,0.0,0.7399035677448691,0.0,subject_dependent,rbf_svm,0.0,0.625,0.6226190476190476,0.3125,0.625,0.390625,0.5,0.625,0.625,0.4,0,0.0,5,1.0
0.625,0.625,"{""clf__C"": 1.0, ""clf__gamma"": 0.001}",0.279921363603156,"[[1, 3], [0, 4]]",dominance,0.5636363636363637,0.625,0.5636363636363637,0,0.0,3,3,0.75,0.25,0.7585077067612971,0.3779644730092272,subject_dependent,rbf_svm,1.0,0.5714285714285714,0.5428571428571428,0.7857142857142857,0.625,0.7857142857142857,0.625,0.625,0.625,0.5,1,0.25,4,1.0
0.625,0.5,"{""clf__C"": 10.0, ""clf__gamma"": 0.001}",0.2439775438320785,"[[0, 3], [0, 5]]",dominance,0.38461538461538464,0.625,0.4807692307692308,0,0.0,4,3,1.0,0.0,0.6817336980202078,0.0,subject_dependent,rbf_svm,0.0,0.625,0.5783333333333334,0.3125,0.625,0.390625,0.5,0.625,0.625,0.33333333333333337,0,0.0,5,1.0
0.625,0.7,"{""clf__C"": 1.0, ""clf__gamma"": 0.001}",0.35708406992574493,"[[3, 0], [3, 2]]",dominance,0.6190476190476191,0.625,0.6071428571428571,3,0.6,0,0,0.0,0.33333333333333337,0.9567696774412382,0.4472135954999579,subject_dependent,rbf_svm,0.5,1.0,0.6192857142857142,0.75,0.625,0.8125,0.7,0.625,0.625,0.2,3,1.0,2,0.4
0.375,0.375,"{""clf__C"": 10.0, ""clf__gamma"": 0.001}",0.32056322232602796,"[[2, 2], [3, 1]]",dominance,0.36507936507936506,0.375,0.36507936507936506,3,0.75,1,2,0.5,-0.25,0.8578340198311323,-0.2581988897471611,subject_dependent,rbf_svm,0.4,0.3333333333333333,0.48214285714285715,0.3666666666666667,0.375,0.3666666666666667,0.375,0.375,0.375,0.3125,2,0.5,1,0.25
0.625,0.6333333333333333,"{""clf__C"": 10.0, ""clf__gamma"": 0.001}",0.2513533873147587,"[[2, 1], [2, 3]]",dominance,0.6190476190476191,0.625,0.6309523809523809,2,0.4,2,1,0.3333333333333333,0.25,0.695939734320358,0.2581988897471611,subject_dependent,rbf_svm,0.5,0.75,0.7683333333333333,0.625,0.625,0.65625,0.6333333333333333,0.625,0.625,0.6333333333333334,2,0.6666666666666666,3,0.6
0.625,0.6333333333333333,"{""clf__C"": 10.0, ""clf__gamma"": 0.001}",0.2361159882836823,"[[3, 2], [1, 2]]",dominance,0.6190476190476191,0.625,0.6309523809523809,1,0.3333333333333333,3,2,0.4,0.25,0.662598014553051,0.2581988897471611,subject_dependent,rbf_svm,0.75,0.5,0.7,0.625,0.625,0.65625,0.6333333333333333,0.625,0.625,0.7333333333333333,3,0.6,2,0.6666666666666666
0.75,0.7333333333333334,"{""clf__C"": 1.0, ""clf__gamma"": 0.001}",0.3036510467163011,"[[4, 1], [1, 2]]",dominance,0.7333333333333334,0.75,0.75,1,0.3333333333333333,4,1,0.2,0.4666666666666667,0.8027502913370139,0.4666666666666667,subject_dependent,rbf_svm,0.8,0.6666666666666666,0.4027777777777778,0.7333333333333334,0.75,0.75,0.7333333333333334,0.75,0.75,0.3333333333333333,4,0.8,2,0.6666666666666666
0.5,0.5333333333333333,"{""clf__C"": 1.0, ""clf__gamma"": 0.001}",0.2559988299801955,"[[2, 1], [3, 2]]",dominance,0.5,0.5,0.5,3,0.6,0,1,0.3333333333333333,0.05882352941176472,0.7153904578216619,0.06666666666666667,subject_dependent,rbf_svm,0.4,0.6666666666666666,0.5783333333333334,0.5333333333333333,0.5,0.5666666666666667,0.5333333333333333,0.5,0.5,0.33333333333333337,2,0.6666666666666666,2,0.4
0.5,0.5,"{""clf__C"": 1.0, ""clf__gamma"": 0.01}",0.27124557562484597,"[[0, 4], [0, 4]]",dominance,0.3333333333333333,0.5,0.3333333333333333,0,0.0,1,4,1.0,0.0,0.7375537166987722,0.0,subject_dependent,rbf_svm,0.0,0.5,0.6845238095238095,0.25,0.5,0.25,0.5,0.5,0.5,0.5625,0,0.0,4,1.0
0.625,0.5833333333333333,"{""clf__C"": 10.0, ""clf__gamma"": 0.001}",0.21312473955093958,"[[1, 1], [2, 4]]",dominance,0.5636363636363637,0.625,0.6454545454545454,2,0.3333333333333333,2,1,0.5,0.1428571428571429,0.6184628534449371,0.14907119849998599,subject_dependent,rbf_svm,0.3333333333333333,0.8,0.8,0.5666666666666667,0.625,0.6833333333333335,0.5833333333333333,0.625,0.625,0.5,1,0.5,4,0.6666666666666666
0.5,0.4,"{""clf__C"": 1.0, ""clf__gamma"": 0.001}",0.24393853233672294,"[[0, 3], [1, 4]]",dominance,0.3333333333333333,0.5,0.41666666666666663,1,0.2,3,3,1.0,-0.23076923076923084,0.6802378771202693,-0.29277002188455997,subject_dependent,rbf_svm,0.0,0.5714285714285714,0.6926190476190477,0.2857142857142857,0.5,0.3571428571428571,0.4,0.5,0.5,0.4,0,0.0,4,0.8
0.5,0.4666666666666667,"{""clf__C"": 1.0, ""clf__gamma"": 0.001}",0.23717454298861296,"[[1, 2], [2, 3]]",dominance,0.4666666666666667,0.5,0.5,2,0.4,4,2,0.6666666666666666,-0.06666666666666665,0.6653803444466586,-0.06666666666666667,subject_dependent,rbf_svm,0.3333333333333333,0.6,0.7783333333333333,0.4666666666666667,0.5,0.5,0.4666666666666667,0.5,0.5,0.5333333333333334,1,0.3333333333333333,3,0.6
0.875,0.5,"{""clf__C"": 10.0, ""clf__gamma"": 0.001}",0.1408407267196614,"[[7, 0], [1, 0]]",dominance,0.4666666666666667,0.875,0.8166666666666667,1,1.0,0,0,0.0,0.0,0.4640357132785652,0.0,subject_dependent,rbf_svm,0.875,0.0,1.0,0.4375,0.875,0.765625,0.5,0.875,0.875,1.0,7,1.0,0,0.0
0.25,0.2,"{""clf__C"": 1.0, ""clf__gamma"": 0.001}",0.28079513834934494,"[[2, 3], [3, 0]]",dominance,0.2,0.25,0.25,3,1.0,1,3,0.6,-0.6000000000000001,0.7581881127542167,-0.6,subject_dependent,rbf_svm,0.4,0.0,0.33730158730158727,0.2,0.25,0.25,0.2,0.25,0.25,0.2666666666666666,2,0.4,0,0.0
0.625,0.5,"{""clf__C"": 1.0, ""clf__gamma"": 0.001}",0.2104426707689575,"[[5, 0], [3, 0]]",dominance,0.38461538461538464,0.625,0.4807692307692308,3,1.0,2,0,0.0,0.0,0.6040921473822237,0.0,subject_dependent,rbf_svm,0.625,0.0,0.8055555555555556,0.3125,0.625,0.390625,0.5,0.625,0.625,0.8666666666666667,5,1.0,0,0.0
0.5,0.6666666666666666,"{""clf__C"": 1.0, ""clf__gamma"": 0.001}",0.23154643714355916,"[[2, 4], [0, 2]]",dominance,0.5,0.5,0.5,0,0.0,3,4,0.6666666666666666,0.19999999999999996,0.6438473252806054,0.3333333333333333,subject_dependent,rbf_svm,1.0,0.3333333333333333,0.41666666666666663,0.6666666666666666,0.5,0.8333333333333334,0.6666666666666666,0.5,0.5,0.5833333333333334,2,0.3333333333333333,2,1.0
0.625,0.625,"{""clf__C"": 10.0, ""clf__gamma"": 0.001}",0.24459618625388294,"[[4, 0], [3, 1]]",dominance,0.5636363636363637,0.625,0.5636363636363637,3,0.75,4,0,0.0,0.25,0.7052646364892678,0.3779644730092272,subject_dependent,rbf_svm,0.5714285714285714,1.0,0.9166666666666666,0.7857142857142857,0.625,0.7857142857142857,0.625,0.625,0.625,0.875,4,1.0,1,0.25
0.5,0.5,"{""clf__C"": 1.0, ""clf__gamma"": 0.01}",0.25612321662057835,"[[0, 4], [0, 4]]",dominance,0.3333333333333333,0.5,0.3333333333333333,0,0.0,0,4,1.0,0.0,0.7055460833350675,0.0,subject_dependent,rbf_svm,0.0,0.5,0.48214285714285715,0.25,0.5,0.25,0.5,0.5,0.5,0.3125,0,0.0,4,1.0
0.375,0.375,"{""clf__C"": 1.0, ""clf__gamma"": 0.001}",,"[[0, 0], [5, 3]]",dominance,0.2727272727272727,0.375,0.5454545454545454,,,1,,,0.0,,0.0,subject_dependent,rbf_svm,,,1.0,0.5,0.375,1.0,0.1875,0.375,0.375,nan,,,,
0.75,0.75,"{""clf__C"": 10.0, ""clf__gamma"": 0.001}",0.3273725016165176,"[[2, 2], [0, 4]]",dominance,0.7333333333333334,0.75,0.7333333333333334,0,0.0,2,2,0.5,0.5,0.8662942247452525,0.5773502691896258,subject_dependent,rbf_svm,1.0,0.6666666666666666,0.44047619047619047,0.8333333333333333,0.75,0.8333333333333333,0.75,0.75,0.75,0.25,2,0.5,4,1.0
0.25,0.3333333333333333,"{""clf__C"": 10.0, ""clf__gamma"": 0.001}",0.4188713506764333,"[[0, 5], [1, 2]]",dominance,0.2,0.25,0.15000000000000002,1,0.3333333333333333,3,5,1.0,-0.26315789473684204,1.0984726302704557,-0.4879500364742666,subject_dependent,rbf_svm,0.0,0.2857142857142857,0.33134920634920634,0.14285714285714285,0.25,0.10714285714285714,0.3333333333333333,0.25,0.25,0.19999999999999998,0,0.0,2,0.6666666666666666
0.375,0.375,"{""clf__C"": 10.0, ""clf__gamma"": 0.001}",0.24969005404037287,"[[0, 4], [1, 3]]",dominance,0.2727272727272727,0.375,0.2727272727272727,1,0.25,4,4,1.0,-0.25,0.6923811554103491,-0.3779644730092272,subject_dependent,rbf_svm,0.0,0.42857142857142855,0.6845238095238095,0.21428571428571427,0.375,0.21428571428571427,0.375,0.375,0.375,0.5625,0,0.0,3,0.75
0.75,0.6666666666666666,"{""clf__C"": 1.0, ""clf__gamma"": 0.001}",0.28423461691085367,"[[1, 2], [0, 5]]",dominance,0.6666666666666667,0.75,0.7083333333333334,0,0.0,0,2,0.6666666666666666,0.3846153846153846,0.7960123649234017,0.4879500364742666,subject_dependent,rbf_svm,1.0,0.7142857142857143,0.5726190476190476,0.8571428571428572,0.75,0.8214285714285714,0.6666666666666666,0.75,0.75,0.2666666666666667,1,0.3333333333333333,5,1.0
0.625,0.5,"{""clf__C"": 1.0, ""clf__gamma"": 0.001}",0.22524460387537817,"[[0, 3], [0, 5]]",dominance,0.38461538461538464,0.625,0.4807692307692308,0,0.0,1,3,1.0,0.0,0.6391548307878936,0.0,subject_dependent,rbf_svm,0.0,0.625,0.7961904761904761,0.3125,0.625,0.390625,0.5,0.625,0.625,0.6000000000000001,0,0.0,5,1.0
0.625,0.4166666666666667,"{""clf__C"": 10.0, ""clf__gamma"": 0.001}",0.2361169223227669,"[[0, 2], [1, 5]]",dominance,0.38461538461538464,0.625,0.576923076923077,1,0.16666666666666666,2,2,1.0,-0.19999999999999996,0.6605641321350658,-0.2182178902359924,subject_dependent,rbf_svm,0.0,0.7142857142857143,0.7884920634920635,0.35714285714285715,0.625,0.5357142857142857,0.4166666666666667,0.625,0.625,0.3333333333333333,0,0.0,5,0.8333333333333334
0.75,0.5,"{""clf__C"": 1.0, ""clf__gamma"": 0.01}",0.19484589953424936,"[[0, 2], [0, 6]]",dominance,0.42857142857142855,0.75,0.6428571428571428,0,0.0,3,2,1.0,0.0,0.5796535722748566,0.0,subject_dependent,rbf_svm,0.0,0.75,0.8,0.375,0.75,0.5625,0.5,0.75,0.75,0.5,0,0.0,6,1.0
0.375,0.5,"{""clf__C"": 0.1, ""clf__gamma"": 0.001}",0.2637166905403233,"[[3, 0], [5, 0]]",dominance,0.2727272727272727,0.375,0.20454545454545453,5,1.0,4,0,0.0,0.0,0.7388746456839567,0.0,subject_dependent,rbf_svm,0.375,0.0,0.8350000000000001,0.1875,0.375,0.140625,0.5,0.375,0.375,0.6666666666666667,3,1.0,0,0.0
0.625,0.625,"{""clf__C"": 1.0, ""clf__gamma"": 0.001}",0.2641790346301048,"[[2, 2], [1, 3]]",dominance,0.6190476190476191,0.625,0.6190476190476191,1,0.25,0,2,0.5,0.25,0.7217536960232602,0.2581988897471611,subject_dependent,rbf_svm,0.6666666666666666,0.6,0.44047619047619047,0.6333333333333333,0.625,0.6333333333333333,0.625,0.625,0.625,0.28125,2,0.5,3,0.75
0.5,0.5,"{""clf__C"": 10.0, ""clf__gamma"": 0.001}",0.24304295703023804,"[[3, 1], [3, 1]]",dominance,0.4666666666666667,0.5,0.4666666666666667,3,0.75,1,1,0.25,0.0,0.6743883799525954,0.0,subject_dependent,rbf_svm,0.5,0.5,0.5845238095238094,0.5,0.5,0.5,0.5,0.5,0.5,0.5625,3,0.75,1,0.25
0.375,0.43333333333333335,"{""clf__C"": 1.0, ""clf__gamma"": 0.001}",0.2610574689133641,"[[1, 4], [1, 2]]",dominance,0.36507936507936506,0.375,0.34523809523809523,1,0.3333333333333333,2,4,0.8,-0.11111111111111116,0.7161579746619072,-0.14907119849998599,subject_dependent,rbf_svm,0.5,0.3333333333333333,0.4027777777777778,0.41666666666666663,0.375,0.4375,0.43333333333333335,0.375,0.375,0.3333333333333333,1,0.2,2,0.6666666666666666
0.75,0.75,"{""clf__C"": 1.0, ""clf__gamma"": 0.001}",0.29852259880267096,"[[3, 1], [1, 3]]",dominance,0.75,0.75,0.75,1,0.25,3,1,0.25,0.5,0.7917171255523825,0.5,subject_dependent,rbf_svm,0.75,0.75,0.4333333333333333,0.75,0.75,0.75,0.75,0.75,0.75,0.25,3,0.75,3,0.75
0.625,0.625,"{""clf__C"": 1.0, ""clf__gamma"": 0.001}",0.2555332700209187,"[[2, 2], [1, 3]]",dominance,0.6190476190476191,0.625,0.6190476190476191,1,0.25,4,2,0.5,0.25,0.7042293833287588,0.2581988897471611,subject_dependent,rbf_svm,0.6666666666666666,0.6,0.5011904761904762,0.6333333333333333,0.625,0.6333333333333333,0.625,0.625,0.625,0.46875,2,0.5,3,0.75
0.375,0.43333333333333335,"{""clf__C"": 0.1, ""clf__gamma"": 0.01}",0.25,"[[2, 1], [4, 1]]",dominance,0.36507936507936506,0.375,0.34523809523809523,4,0.8,0,1,0.3333333333333333,-0.11111111111111116,0.6931471805599453,-0.14907119849998599,subject_dependent,rbf_svm,0.3333333333333333,0.5,0.625,0.41666666666666663,0.375,0.4375,0.43333333333333335,0.375,0.375,0.5,2,0.6666666666666666,1,0.2
0.375,0.5,"{""clf__C"": 0.1, ""clf__gamma"": 0.001}",0.2567704395309348,"[[3, 0], [5, 0]]",dominance,0.2727272727272727,0.375,0.20454545454545453,5,1.0,1,0,0.0,0.0,0.7066987136507321,0.0,subject_dependent,rbf_svm,0.375,0.0,0.9666666666666667,0.1875,0.375,0.140625,0.5,0.375,0.375,0.9333333333333333,3,1.0,0,0.0
0.375,0.5,"{""clf__C"": 1.0, ""clf__gamma"": 0.001}",0.21290713878126113,"[[0, 5], [0, 3]]",dominance,0.2727272727272727,0.375,0.20454545454545453,0,0.0,2,5,1.0,0.0,0.6181184265808837,0.0,subject_dependent,rbf_svm,0.0,0.375,1.0,0.1875,0.375,0.140625,0.5,0.375,0.375,1.0,0,0.0,3,1.0
0.5,0.5,"{""clf__C"": 0.1, ""clf__gamma"": 0.1}",0.2799725425268079,"[[4, 0], [4, 0]]",dominance,0.3333333333333333,0.5,0.3333333333333333,4,1.0,3,0,0.0,0.0,0.7570014668605778,0.0,subject_dependent,rbf_svm,0.5,0.0,0.5,0.25,0.5,0.25,0.5,0.5,0.5,0.5,4,1.0,0,0.0
0.5,0.5,"{""clf__C"": 0.1, ""clf__gamma"": 0.01}",0.3070670791398966,"[[4, 0], [4, 0]]",dominance,0.3333333333333333,0.5,0.3333333333333333,4,1.0,4,0,0.0,0.0,0.8227063554003398,0.0,subject_dependent,rbf_svm,0.5,0.0,0.7678571428571428,0.25,0.5,0.25,0.5,0.5,0.5,0.625,4,1.0,0,0.0
0.625,0.625,"{""clf__C"": 1.0, ""clf__gamma"": 0.001}",0.28849422395018615,"[[3, 1], [2, 2]]",dominance,0.6190476190476191,0.625,0.6190476190476191,2,0.5,0,1,0.25,0.25,0.7725450101477156,0.2581988897471611,subject_dependent,rbf_svm,0.6,0.6666666666666666,0.5416666666666666,0.6333333333333333,0.625,0.6333333333333333,0.625,0.625,0.625,0.4375,3,0.75,2,0.5
0.75,0.7333333333333334,"{""clf__C"": 1.0, ""clf__gamma"": 0.001}",0.28329445295144556,"[[2, 1], [1, 4]]",dominance,0.7333333333333334,0.75,0.75,1,0.2,1,1,0.3333333333333333,0.4666666666666667,0.7605048449940207,0.4666666666666667,subject_dependent,rbf_svm,0.6666666666666666,0.8,0.5059523809523809,0.7333333333333334,0.75,0.75,0.7333333333333334,0.75,0.75,0.13333333333333336,2,0.6666666666666666,4,0.8
0.625,0.6333333333333333,"{""clf__C"": 10.0, ""clf__gamma"": 0.001}",0.24347787999622522,"[[3, 2], [1, 2]]",dominance,0.6190476190476191,0.625,0.6309523809523809,1,0.3333333333333333,2,2,0.4,0.25,0.678026161937516,0.2581988897471611,subject_dependent,rbf_svm,0.75,0.5,0.5,0.625,0.625,0.65625,0.6333333333333333,0.625,0.625,0.6,3,0.6,2,0.6666666666666666
1.0,1.0,"{""clf__C"": 10.0, ""clf__gamma"": 0.001}",0.3268125353468905,"[[3, 0], [0, 5]]",dominance,1.0,1.0,1.0,0,0.0,3,0,0.0,1.0,0.8502692950902679,1.0,subject_dependent,rbf_svm,1.0,1.0,0.46928571428571425,1.0,1.0,1.0,1.0,1.0,1.0,0.0,3,1.0,5,1.0
0.5,0.5,"{""clf__C"": 1.0, ""clf__gamma"": 0.001}",0.2662509854463252,"[[2, 2], [2, 2]]",dominance,0.5,0.5,0.5,2,0.5,4,2,0.5,0.0,0.7319622669742327,0.0,subject_dependent,rbf_svm,0.5,0.5,0.5845238095238094,0.5,0.5,0.5,0.5,0.5,0.5,0.5625,2,0.5,2,0.5
0.625,0.6333333333333333,"{""clf__C"": 10.0, ""clf__gamma"": 0.001}",0.25753211114760244,"[[2, 1], [2, 3]]",dominance,0.6190476190476191,0.625,0.6309523809523809,2,0.4,0,1,0.3333333333333333,0.25,0.7124456888130315,0.2581988897471611,subject_dependent,rbf_svm,0.5,0.75,0.7892857142857144,0.625,0.625,0.65625,0.6333333333333333,0.625,0.625,0.5333333333333333,2,0.6666666666666666,3,0.6
0.75,0.75,"{""clf__C"": 1.0, ""clf__gamma"": 0.001}",0.23531567739542789,"[[3, 1], [1, 3]]",dominance,0.75,0.75,0.75,1,0.25,1,1,0.25,0.5,0.6637538860548255,0.5,subject_dependent,rbf_svm,0.75,0.75,0.7470238095238095,0.75,0.75,0.75,0.75,0.75,0.75,0.75,3,0.75,3,0.75
0.75,0.75,"{""clf__C"": 10.0, ""clf__gamma"": 0.001}",0.19221603890123837,"[[3, 1], [1, 3]]",dominance,0.75,0.75,0.75,1,0.25,2,1,0.25,0.5,0.567396279742553,0.5,subject_dependent,rbf_svm,0.75,0.75,0.875,0.75,0.75,0.75,0.75,0.75,0.75,0.75,3,0.75,3,0.75
0.875,0.9,"{""clf__C"": 10.0, ""clf__gamma"": 0.001}",0.1847499670014998,"[[3, 0], [1, 4]]",dominance,0.873015873015873,0.875,0.876984126984127,1,0.2,3,0,0.0,0.75,0.5593056934893286,0.7745966692414834,subject_dependent,rbf_svm,0.75,1.0,1.0,0.875,0.875,0.90625,0.9,0.875,0.875,1.0,3,1.0,4,0.8
0.75,0.8,"{""clf__C"": 1.0, ""clf__gamma"": 0.001}",0.2514520750002954,"[[3, 2], [0, 3]]",dominance,0.75,0.75,0.75,0,0.0,4,2,0.4,0.5294117647058824,0.7004230120590318,0.6,subject_dependent,rbf_svm,1.0,0.6,0.6388888888888888,0.8,0.75,0.85,0.8,0.75,0.75,0.8,3,0.6,3,1.0
0.75,0.8,"{""clf__C"": 10.0, ""clf__gamma"": 0.001}",0.2955312347695432,"[[3, 2], [0, 3]]",dominance,0.75,0.75,0.75,0,0.0,0,2,0.4,0.5294117647058824,0.7867642803094201,0.6,subject_dependent,rbf_svm,1.0,0.6,0.30277777777777776,0.8,0.75,0.85,0.8,0.75,0.75,0.1333333333333333,3,0.6,3,1.0
0.25,0.5714285714285714,"{""clf__C"": 10.0, ""clf__gamma"": 0.001}",0.26492881126929235,"[[1, 6], [0, 1]]",dominance,0.25,0.25,0.25,0,0.0,1,6,0.8571428571428571,0.040000000000000036,0.7231111027850815,0.14285714285714285,subject_dependent,rbf_svm,1.0,0.14285714285714285,0.14285714285714285,0.5714285714285714,0.25,0.8928571428571429,0.5714285714285714,0.25,0.25,0.1428571428571429,1,0.14285714285714285,1,1.0
0.5,0.5,"{""clf__C"": 10.0, ""clf__gamma"": 0.001}",0.27166416774272256,"[[3, 1], [3, 1]]",dominance,0.4666666666666667,0.5,0.4666666666666667,3,0.75,2,1,0.25,0.0,0.7370019426668593,0.0,subject_dependent,rbf_svm,0.5,0.5,0.4928571428571429,0.5,0.5,0.5,0.5,0.5,0.5,0.375,3,0.75,1,0.25
0.5,0.5,"{""clf__C"": 1.0, ""clf__gamma"": 0.001}",0.2592878338248701,"[[3, 1], [3, 1]]",dominance,0.4666666666666667,0.5,0.4666666666666667,3,0.75,3,1,0.25,0.0,0.7103010155659746,0.0,subject_dependent,rbf_svm,0.5,0.5,0.5428571428571428,0.5,0.5,0.5,0.5,0.5,0.5,0.5,3,0.75,1,0.25
0.125,0.25,"{""clf__C"": 10.0, ""clf__gamma"": 0.001}",0.33403653619361817,"[[1, 1], [6, 0]]",dominance,0.1111111111111111,0.125,0.05555555555555555,6,1.0,4,1,0.5,-0.2727272727272727,0.8658893929922011,-0.6546536707079772,subject_dependent,rbf_svm,0.14285714285714285,0.0,0.6746031746031745,0.07142857142857142,0.125,0.03571428571428571,0.25,0.125,0.125,0.25,1,0.5,0,0.0
0.875,0.5,"{""clf__C"": 0.1, ""clf__gamma"": 0.001}",0.11063701973867163,"[[0, 1], [0, 7]]",dominance,0.4666666666666667,0.875,0.8166666666666667,0,0.0,0,1,1.0,0.0,0.3835432472849902,0.0,subject_dependent,rbf_svm,0.0,0.875,0.754591836734694,0.4375,0.875,0.765625,0.5,0.875,0.875,0.0,0,0.0,7,1.0
0.75,0.5,"{""clf__C"": 0.1, ""clf__gamma"": 0.001}",0.2117600244646415,"[[0, 2], [0, 6]]",dominance,0.42857142857142855,0.75,0.6428571428571428,0,0.0,1,2,1.0,0.0,0.6645186967427986,0.0,subject_dependent,rbf_svm,0.0,0.75,0.9583333333333334,0.375,0.75,0.5625,0.5,0.75,0.75,0.8333333333333334,0,0.0,6,1.0
0.875,0.5,"{""clf__C"": 0.1, ""clf__gamma"": 0.001}",0.11076840940496592,"[[0, 1], [0, 7]]",dominance,0.4666666666666667,0.875,0.8166666666666667,0,0.0,2,1,1.0,0.0,0.3844805419191054,0.0,subject_dependent,rbf_svm,0.0,0.875,0.9093537414965986,0.4375,0.875,0.765625,0.5,0.875,0.875,0.42857142857142855,0,0.0,7,1.0
0.0,0.0,"{""clf__C"": 0.1, ""clf__gamma"": 0.001}",,"[[0, 0], [8, 0]]",dominance,0.0,0.0,0.0,,,3,,,0.0,,0.0,subject_dependent,rbf_svm,,,1.0,0.0,0.0,0.0,0.0,0.0,0.0,nan,,,,
0.875,0.5,"{""clf__C"": 0.1, ""clf__gamma"": 0.001}",0.11017567865444101,"[[0, 1], [0, 7]]",dominance,0.4666666666666667,0.875,0.8166666666666667,0,0.0,4,1,1.0,0.0,0.38096382732954576,0.0,subject_dependent,rbf_svm,0.0,0.875,0.9093537414965986,0.4375,0.875,0.765625,0.5,0.875,0.875,0.42857142857142855,0,0.0,7,1.0
0.125,0.5,"{""clf__C"": 0.1, ""clf__gamma"": 0.001}",0.11019170914990686,"[[1, 0], [7, 0]]",dominance,0.1111111111111111,0.125,0.027777777777777776,7,1.0,0,0,0.0,0.0,0.3805777421954661,0.0,subject_dependent,rbf_svm,0.125,0.0,0.8736394557823131,0.0625,0.125,0.015625,0.5,0.125,0.125,0.2857142857142857,1,1.0,0,0.0
0.75,0.5,"{""clf__C"": 0.1, ""clf__gamma"": 0.001}",0.217663214011384,"[[0, 2], [0, 6]]",dominance,0.42857142857142855,0.75,0.6428571428571428,0,0.0,1,2,1.0,0.0,0.702501327570037,0.0,subject_dependent,rbf_svm,0.0,0.75,0.6218253968253968,0.375,0.75,0.5625,0.5,0.75,0.75,0.08333333333333333,0,0.0,6,1.0
0.75,0.6666666666666667,"{""clf__C"": 0.1, ""clf__gamma"": 0.001}",0.21379918066711678,"[[1, 1], [1, 5]]",dominance,0.6666666666666667,0.75,0.75,1,0.16666666666666666,2,1,0.5,0.33333333333333337,0.6789582984194853,0.3333333333333333,subject_dependent,rbf_svm,0.5,0.8333333333333334,0.8178571428571428,0.6666666666666667,0.75,0.75,0.6666666666666667,0.75,0.75,0.5833333333333334,1,0.5,5,0.8333333333333334
1.0,1.0,"{""clf__C"": 0.1, ""clf__gamma"": 0.01}",,[[8]],dominance,1.0,1.0,1.0,,,3,,,nan,,0.0,subject_dependent,rbf_svm,,,1.0,1.0,1.0,1.0,1.0,1.0,1.0,nan,,,,
0.125,0.5,"{""clf__C"": 0.1, ""clf__gamma"": 0.001}",0.11038539036616742,"[[1, 0], [7, 0]]",dominance,0.1111111111111111,0.125,0.027777777777777776,7,1.0,4,0,0.0,0.0,0.3820529323136686,0.0,subject_dependent,rbf_svm,0.125,0.0,0.8260204081632654,0.0625,0.125,0.015625,0.5,0.125,0.125,0.14285714285714285,1,1.0,0,0.0
0.5,0.5,"{""clf__C"": 1.0, ""clf__gamma"": 0.01}",0.266500109903438,"[[0, 4], [0, 4]]",dominance,0.3333333333333333,0.5,0.3333333333333333,0,0.0,0,4,1.0,0.0,0.7272868360591733,0.0,subject_dependent,rbf_svm,0.0,0.5,0.8125,0.25,0.5,0.25,0.5,0.5,0.5,0.6875,0,0.0,4,1.0
0.375,0.3,"{""clf__C"": 1.0, ""clf__gamma"": 0.001}",0.19955990610704505,"[[0, 3], [2, 3]]",dominance,0.2727272727272727,0.375,0.3409090909090909,2,0.4,1,3,1.0,-0.4285714285714286,0.587293542800621,-0.4472135954999579,subject_dependent,rbf_svm,0.0,0.5,0.9028571428571428,0.25,0.375,0.3125,0.3,0.375,0.375,0.8,0,0.0,3,0.6
0.5,0.3333333333333333,"{""clf__C"": 1.0, ""clf__gamma"": 0.001}",0.19171818982135286,"[[0, 2], [2, 4]]",dominance,0.3333333333333333,0.5,0.5,2,0.3333333333333333,2,2,1.0,-0.33333333333333326,0.5718351774162436,-0.3333333333333333,subject_dependent,rbf_svm,0.0,0.6666666666666666,0.915079365079365,0.3333333333333333,0.5,0.5,0.3333333333333333,0.5,0.5,0.75,0,0.0,4,0.6666666666666666
0.625,0.5,"{""clf__C"": 1.0, ""clf__gamma"": 0.001}",0.231131506605652,"[[0, 3], [0, 5]]",dominance,0.38461538461538464,0.625,0.4807692307692308,0,0.0,3,3,1.0,0.0,0.655346980435205,0.0,subject_dependent,rbf_svm,0.0,0.625,0.6861904761904761,0.3125,0.625,0.390625,0.5,0.625,0.625,0.6333333333333333,0,0.0,5,1.0
0.5,0.5,"{""clf__C"": 1.0, ""clf__gamma"": 0.01}",0.25613191097038335,"[[0, 4], [0, 4]]",dominance,0.3333333333333333,0.5,0.3333333333333333,0,0.0,4,4,1.0,0.0,0.705563907987676,0.0,subject_dependent,rbf_svm,0.0,0.5,0.8125,0.25,0.5,0.25,0.5,0.5,0.5,0.6875,0,0.0,4,1.0
0.375,0.375,"{""clf__C"": 10.0, ""clf__gamma"": 0.001}",0.2558651732670242,"[[3, 1], [4, 0]]",dominance,0.2727272727272727,0.375,0.2727272727272727,4,1.0,0,1,0.25,-0.25,0.6966592273889238,-0.3779644730092272,subject_dependent,rbf_svm,0.42857142857142855,0.0,0.6458333333333333,0.21428571428571427,0.375,0.21428571428571427,0.375,0.375,0.375,0.6875,3,0.75,0,0.0
0.625,0.5,"{""clf__C"": 1.0, ""clf__gamma"": 0.01}",0.23831880531826116,"[[5, 0], [3, 0]]",dominance,0.38461538461538464,0.625,0.4807692307692308,3,1.0,1,0,0.0,0.0,0.6696833525747894,0.0,subject_dependent,rbf_svm,0.625,0.0,0.4777777777777778,0.3125,0.625,0.390625,0.5,0.625,0.625,0.6,5,1.0,0,0.0
0.375,0.5,"{""clf__C"": 1.0, ""clf__gamma"": 0.01}",0.2888778115639885,"[[3, 0], [5, 0]]",dominance,0.2727272727272727,0.375,0.20454545454545453,5,1.0,2,0,0.0,0.0,0.7723496924411486,0.0,subject_dependent,rbf_svm,0.375,0.0,0.852857142857143,0.1875,0.375,0.140625,0.5,0.375,0.375,0.7333333333333334,3,1.0,0,0.0
0.25,0.26666666666666666,"{""clf__C"": 1.0, ""clf__gamma"": 0.001}",0.18887365595763667,"[[1, 4], [2, 1]]",dominance,0.25,0.25,0.25,2,0.6666666666666666,3,4,0.8,-0.41176470588235303,0.5616630383690622,-0.4666666666666667,subject_dependent,rbf_svm,0.3333333333333333,0.2,0.8333333333333333,0.26666666666666666,0.25,0.2833333333333333,0.26666666666666666,0.25,0.25,0.8,1,0.2,1,0.3333333333333333
0.25,0.5,"{""clf__C"": 0.1, ""clf__gamma"": 0.01}",0.19402317646147715,"[[0, 6], [0, 2]]",dominance,0.2,0.25,0.1,0,0.0,4,6,1.0,0.0,0.5778022208304265,0.0,subject_dependent,rbf_svm,0.0,0.25,0.75,0.125,0.25,0.0625,0.5,0.25,0.25,0.8333333333333334,0,0.0,2,1.0
0.625,0.5,"{""clf__C"": 1.0, ""clf__gamma"": 0.01}",0.24226609467308804,"[[0, 3], [0, 5]]",dominance,0.38461538461538464,0.625,0.4807692307692308,0,0.0,0,3,1.0,0.0,0.6776545974346978,0.0,subject_dependent,rbf_svm,0.0,0.625,0.6416666666666666,0.3125,0.625,0.390625,0.5,0.625,0.625,0.4666666666666667,0,0.0,5,1.0
0.5,0.4,"{""clf__C"": 1.0, ""clf__gamma"": 0.001}",0.2283199328915738,"[[0, 3], [1, 4]]",dominance,0.3333333333333333,0.5,0.41666666666666663,1,0.2,1,3,1.0,-0.23076923076923084,0.6473103978496021,-0.29277002188455997,subject_dependent,rbf_svm,0.0,0.5714285714285714,0.8583333333333333,0.2857142857142857,0.5,0.3571428571428571,0.4,0.5,0.5,0.6666666666666667,0,0.0,4,0.8
0.5,0.5,"{""clf__C"": 10.0, ""clf__gamma"": 0.001}",0.25337783422215965,"[[0, 4], [0, 4]]",dominance,0.3333333333333333,0.5,0.3333333333333333,0,0.0,2,4,1.0,0.0,0.6998767929668503,0.0,subject_dependent,rbf_svm,0.0,0.5,0.8541666666666666,0.25,0.5,0.25,0.5,0.5,0.5,0.8125,0,0.0,4,1.0
0.375,0.5,"{""clf__C"": 1.0, ""clf__gamma"": 0.01}",0.29160964100624076,"[[0, 5], [0, 3]]",dominance,0.2727272727272727,0.375,0.20454545454545453,0,0.0,3,5,1.0,0.0,0.778098597353675,0.0,subject_dependent,rbf_svm,0.0,0.375,0.5888888888888888,0.1875,0.375,0.140625,0.5,0.375,0.375,0.7333333333333333,0,0.0,3,1.0
0.625,0.5833333333333333,"{""clf__C"": 1.0, ""clf__gamma"": 0.001}",0.29742893119633596,"[[1, 1], [2, 4]]",dominance,0.5636363636363637,0.625,0.6454545454545454,2,0.3333333333333333,4,1,0.5,0.1428571428571429,0.790081821472856,0.14907119849998599,subject_dependent,rbf_svm,0.3333333333333333,0.8,0.6496031746031745,0.5666666666666667,0.625,0.6833333333333335,0.5833333333333333,0.625,0.625,0.16666666666666666,1,0.5,4,0.6666666666666666
0.625,0.625,"{""clf__C"": 1.0, ""clf__gamma"": 0.001}",0.26083629391381746,"[[1, 3], [0, 4]]",dominance,0.5636363636363637,0.625,0.5636363636363637,0,0.0,0,3,0.75,0.25,0.7153207973598343,0.3779644730092272,subject_dependent,rbf_svm,1.0,0.5714285714285714,0.7708333333333333,0.7857142857142857,0.625,0.7857142857142857,0.625,0.625,0.625,0.75,1,0.25,4,1.0
0.625,0.5,"{""clf__C"": 1.0, ""clf__gamma"": 0.001}",0.2453694212335332,"[[0, 3], [0, 5]]",dominance,0.38461538461538464,0.625,0.4807692307692308,0,0.0,1,3,1.0,0.0,0.6835138547581161,0.0,subject_dependent,rbf_svm,0.0,0.625,0.7592857142857143,0.3125,0.625,0.390625,0.5,0.625,0.625,0.4666666666666667,0,0.0,5,1.0
0.5,0.5,"{""clf__C"": 1.0, ""clf__gamma"": 0.01}",0.26767345587639135,"[[0, 4], [0, 4]]",dominance,0.3333333333333333,0.5,0.3333333333333333,0,0.0,2,4,1.0,0.0,0.7298069306021211,0.0,subject_dependent,rbf_svm,0.0,0.5,0.37797619047619047,0.25,0.5,0.25,0.5,0.5,0.5,0.0625,0,0.0,4,1.0
0.625,0.6333333333333333,"{""clf__C"": 10.0, ""clf__gamma"": 0.001}",0.24644014164198508,"[[2, 1], [2, 3]]",dominance,0.6190476190476191,0.625,0.6309523809523809,2,0.4,3,1,0.3333333333333333,0.25,0.6853480459276562,0.2581988897471611,subject_dependent,rbf_svm,0.5,0.75,0.8392857142857143,0.625,0.625,0.65625,0.6333333333333333,0.625,0.625,0.6,2,0.6666666666666666,3,0.6
0.625,0.75,"{""clf__C"": 10.0, ""clf__gamma"": 0.001}",0.286033004489259,"[[2, 0], [3, 3]]",dominance,0.6190476190476191,0.625,0.6428571428571428,3,0.5,4,0,0.0,0.33333333333333337,0.7798936807220771,0.4472135954999579,subject_dependent,rbf_svm,0.4,1.0,0.594047619047619,0.7,0.625,0.85,0.75,0.625,0.625,0.0,2,1.0,3,0.5
0.625,0.5,"{""clf__C"": 0.1, ""clf__gamma"": 0.001}",0.531530617096093,"[[5, 0], [3, 0]]",dominance,0.38461538461538464,0.625,0.4807692307692308,3,1.0,0,0,0.0,0.0,1.6128684986788042,0.0,subject_dependent,rbf_svm,0.625,0.0,0.625,0.3125,0.625,0.390625,0.5,0.625,0.625,0.5333333333333333,5,1.0,0,0.0
0.875,0.875,"{""clf__C"": 1.0, ""clf__gamma"": 0.001}",,"[[0, 0], [1, 7]]",dominance,0.4666666666666667,0.875,0.9333333333333333,,,1,,,0.0,,0.0,subject_dependent,rbf_svm,,,1.0,0.5,0.875,1.0,0.4375,0.875,0.875,nan,,,,
0.875,0.5,"{""clf__C"": 1.0, ""clf__gamma"": 0.001}",0.16335851071090635,"[[0, 1], [0, 7]]",dominance,0.4666666666666667,0.875,0.8166666666666667,0,0.0,2,1,1.0,0.0,0.5180629522469293,0.0,subject_dependent,rbf_svm,0.0,0.875,0.754591836734694,0.4375,0.875,0.765625,0.5,0.875,0.875,0.0,0,0.0,7,1.0
0.75,0.5,"{""clf__C"": 0.1, ""clf__gamma"": 0.01}",0.1896063400761534,"[[0, 2], [0, 6]]",dominance,0.42857142857142855,0.75,0.6428571428571428,0,0.0,3,2,1.0,0.0,0.5684961527574843,0.0,subject_dependent,rbf_svm,0.0,0.75,0.7579365079365079,0.375,0.75,0.5625,0.5,0.75,0.75,0.3333333333333333,0,0.0,6,1.0
0.75,0.5,"{""clf__C"": 0.1, ""clf__gamma"": 0.001}",0.18871464629653234,"[[0, 2], [0, 6]]",dominance,0.42857142857142855,0.75,0.6428571428571428,0,0.0,4,2,1.0,0.0,0.5655331907521535,0.0,subject_dependent,rbf_svm,0.0,0.75,0.6218253968253968,0.375,0.75,0.5625,0.5,0.75,0.75,0.08333333333333333,0,0.0,6,1.0
0.75,0.6666666666666666,"{""clf__C"": 1.0, ""clf__gamma"": 0.001}",0.22754319706352932,"[[1, 2], [0, 5]]",dominance,0.6666666666666667,0.75,0.7083333333333334,0,0.0,0,2,0.6666666666666666,0.3846153846153846,0.6496371873686416,0.4879500364742666,subject_dependent,rbf_svm,1.0,0.7142857142857143,0.6595238095238095,0.8571428571428572,0.75,0.8214285714285714,0.6666666666666666,0.75,0.75,0.5333333333333333,1,0.3333333333333333,5,1.0
0.875,0.875,"{""clf__C"": 10.0, ""clf__gamma"": 0.001}",0.12970063822659317,"[[3, 1], [0, 4]]",dominance,0.873015873015873,0.875,0.873015873015873,0,0.0,1,1,0.25,0.75,0.4388820769711218,0.7745966692414834,subject_dependent,rbf_svm,1.0,0.8,1.0,0.9,0.875,0.9,0.875,0.875,0.875,1.0,3,0.75,4,1.0
0.625,0.5,"{""clf__C"": 1.0, ""clf__gamma"": 0.001}",0.20434462101757622,"[[0, 3], [0, 5]]",dominance,0.38461538461538464,0.625,0.4807692307692308,0,0.0,2,3,1.0,0.0,0.5982668575940066,0.0,subject_dependent,rbf_svm,0.0,0.625,0.9666666666666667,0.3125,0.625,0.390625,0.5,0.625,0.625,0.9333333333333333,0,0.0,5,1.0
0.75,0.75,"{""clf__C"": 1.0, ""clf__gamma"": 0.001}",0.26367667960148655,"[[2, 2], [0, 4]]",dominance,0.7333333333333334,0.75,0.7333333333333334,0,0.0,3,2,0.5,0.5,0.7211885272079672,0.5773502691896258,subject_dependent,rbf_svm,1.0,0.6666666666666666,0.3946428571428572,0.8333333333333333,0.75,0.8333333333333333,0.75,0.75,0.75,0.125,2,0.5,4,1.0
0.5,0.4666666666666667,"{""clf__C"": 1.0, ""clf__gamma"": 0.001}",0.2670698133421003,"[[1, 2], [2, 3]]",dominance,0.4666666666666667,0.5,0.5,2,0.4,4,2,0.6666666666666666,-0.06666666666666665,0.7275366343527709,-0.06666666666666667,subject_dependent,rbf_svm,0.3333333333333333,0.6,0.7595238095238095,0.4666666666666667,0.5,0.5,0.4666666666666667,0.5,0.5,0.6000000000000001,1,0.3333333333333333,3,0.6
1.0,1.0,"{""clf__C"": 0.1, ""clf__gamma"": 0.001}",,[[8]],dominance,1.0,1.0,1.0,,,0,,,nan,,0.0,subject_dependent,rbf_svm,,,1.0,1.0,1.0,1.0,1.0,1.0,1.0,nan,,,,
0.875,0.5,"{""clf__C"": 0.1, ""clf__gamma"": 0.001}",0.11310798214883794,"[[0, 1], [0, 7]]",dominance,0.4666666666666667,0.875,0.8166666666666667,0,0.0,1,1,1.0,0.0,0.4011882525543598,0.0,subject_dependent,rbf_svm,0.0,0.875,0.8736394557823131,0.4375,0.875,0.765625,0.5,0.875,0.875,0.2857142857142857,0,0.0,7,1.0
1.0,1.0,"{""clf__C"": 0.1, ""clf__gamma"": 0.001}",,[[8]],dominance,1.0,1.0,1.0,,,2,,,nan,,0.0,subject_dependent,rbf_svm,,,1.0,1.0,1.0,1.0,1.0,1.0,1.0,nan,,,,
1.0,1.0,"{""clf__C"": 0.1, ""clf__gamma"": 0.001}",,[[8]],dominance,1.0,1.0,1.0,,,3,,,nan,,0.0,subject_dependent,rbf_svm,,,1.0,1.0,1.0,1.0,1.0,1.0,1.0,nan,,,,
0.75,0.5,"{""clf__C"": 0.1, ""clf__gamma"": 0.001}",0.23019972993811577,"[[0, 2], [0, 6]]",dominance,0.42857142857142855,0.75,0.6428571428571428,0,0.0,4,2,1.0,0.0,0.8191072304763877,0.0,subject_dependent,rbf_svm,0.0,0.75,0.7579365079365079,0.375,0.75,0.5625,0.5,0.75,0.75,0.3333333333333333,0,0.0,6,1.0
0.375,0.5,"{""clf__C"": 1.0, ""clf__gamma"": 0.01}",0.33579377374159314,"[[0, 5], [0, 3]]",dominance,0.2727272727272727,0.375,0.20454545454545453,0,0.0,0,5,1.0,0.0,0.8762831127699943,0.0,subject_dependent,rbf_svm,0.0,0.375,0.5333333333333333,0.1875,0.375,0.140625,0.5,0.375,0.375,0.6666666666666666,0,0.0,3,1.0
0.5,0.5,"{""clf__C"": 10.0, ""clf__gamma"": 0.001}",0.21374723383743963,"[[1, 1], [3, 3]]",dominance,0.4666666666666667,0.5,0.5333333333333333,3,0.5,1,1,0.5,0.0,0.6196516773251741,0.0,subject_dependent,rbf_svm,0.25,0.75,0.8555555555555556,0.5,0.5,0.625,0.5,0.5,0.5,0.5833333333333334,1,0.5,3,0.5
0.5,0.5,"{""clf__C"": 1.0, ""clf__gamma"": 0.001}",0.2810589177922151,"[[1, 3], [1, 3]]",dominance,0.4666666666666667,0.5,0.4666666666666667,1,0.25,2,3,0.75,0.0,0.7592252390949912,0.0,subject_dependent,rbf_svm,0.5,0.5,0.5238095238095237,0.5,0.5,0.5,0.5,0.5,0.5,0.375,1,0.25,3,0.75
0.75,0.5,"{""clf__C"": 1.0, ""clf__gamma"": 0.001}",0.2693156564903051,"[[0, 2], [0, 6]]",dominance,0.42857142857142855,0.75,0.6428571428571428,0,0.0,3,2,1.0,0.0,0.7315131512922322,0.0,subject_dependent,rbf_svm,0.0,0.75,0.7051587301587301,0.375,0.75,0.5625,0.5,0.75,0.75,0.16666666666666666,0,0.0,6,1.0
0.625,0.75,"{""clf__C"": 1.0, ""clf__gamma"": 0.001}",0.24081458096522018,"[[2, 0], [3, 3]]",dominance,0.6190476190476191,0.625,0.6428571428571428,3,0.5,4,0,0.0,0.33333333333333337,0.6766667653249372,0.4472135954999579,subject_dependent,rbf_svm,0.4,1.0,0.6496031746031745,0.7,0.625,0.85,0.75,0.625,0.625,0.16666666666666666,2,1.0,3,0.5
0.375,0.25,"{""clf__C"": 1.0, ""clf__gamma"": 0.001}",0.16871540406844457,"[[0, 2], [3, 3]]",dominance,0.2727272727272727,0.375,0.40909090909090906,3,0.5,0,2,1.0,-0.4285714285714286,0.5207601869902122,-0.4472135954999579,subject_dependent,rbf_svm,0.0,0.6,0.9761904761904762,0.3,0.375,0.44999999999999996,0.25,0.375,0.375,0.9166666666666667,0,0.0,3,0.5
0.625,0.5,"{""clf__C"": 1.0, ""clf__gamma"": 0.01}",0.2386520013249244,"[[0, 3], [0, 5]]",dominance,0.38461538461538464,0.625,0.4807692307692308,0,0.0,1,3,1.0,0.0,0.6712300130336954,0.0,subject_dependent,rbf_svm,0.0,0.625,0.8583333333333333,0.3125,0.625,0.390625,0.5,0.625,0.625,0.6666666666666667,0,0.0,5,1.0
0.5,0.5,"{""clf__C"": 1.0, ""clf__gamma"": 0.001}",0.37495729149529694,"[[0, 4], [0, 4]]",dominance,0.3333333333333333,0.5,0.3333333333333333,0,0.0,2,4,1.0,0.0,1.0047587891749812,0.0,subject_dependent,rbf_svm,0.0,0.5,0.6,0.25,0.5,0.25,0.5,0.5,0.5,0.375,0,0.0,4,1.0
0.875,0.5,"{""clf__C"": 10.0, ""clf__gamma"": 0.001}",0.18149379621835582,"[[0, 1], [0, 7]]",dominance,0.4666666666666667,0.875,0.8166666666666667,0,0.0,3,1,1.0,0.0,0.553789303213979,0.0,subject_dependent,rbf_svm,0.0,0.875,0.9821428571428572,0.4375,0.875,0.765625,0.5,0.875,0.875,0.8571428571428571,0,0.0,7,1.0
0.625,0.5,"{""clf__C"": 1.0, ""clf__gamma"": 0.01}",0.23903964029411637,"[[0, 3], [0, 5]]",dominance,0.38461538461538464,0.625,0.4807692307692308,0,0.0,4,3,1.0,0.0,0.6721391557554881,0.0,subject_dependent,rbf_svm,0.0,0.625,0.7683333333333333,0.3125,0.625,0.390625,0.5,0.625,0.625,0.6000000000000001,0,0.0,5,1.0
0.5,0.5,"{""clf__C"": 1.0, ""clf__gamma"": 0.001}",0.26622281889533944,"[[2, 2], [2, 2]]",dominance,0.5,0.5,0.5,2,0.5,0,2,0.5,0.0,0.7257395069607624,0.0,subject_dependent,rbf_svm,0.5,0.5,0.6428571428571428,0.5,0.5,0.5,0.5,0.5,0.5,0.5,2,0.5,2,0.5
0.75,0.6666666666666667,"{""clf__C"": 10.0, ""clf__gamma"": 0.001}",0.21503831644937296,"[[1, 1], [1, 5]]",dominance,0.6666666666666667,0.75,0.75,1,0.16666666666666666,1,1,0.5,0.33333333333333337,0.6222016030019679,0.3333333333333333,subject_dependent,rbf_svm,0.5,0.8333333333333334,0.8972222222222223,0.6666666666666667,0.75,0.75,0.6666666666666667,0.75,0.75,0.6666666666666667,1,0.5,5,0.8333333333333334
0.375,0.5,"{""clf__C"": 10.0, ""clf__gamma"": 0.001}",0.31187381751342597,"[[0, 5], [0, 3]]",dominance,0.2727272727272727,0.375,0.20454545454545453,0,0.0,2,5,1.0,0.0,0.824789411572523,0.0,subject_dependent,rbf_svm,0.0,0.375,0.6333333333333333,0.1875,0.375,0.140625,0.5,0.375,0.375,0.6,0,0.0,3,1.0
0.625,0.4166666666666667,"{""clf__C"": 10.0, ""clf__gamma"": 0.001}",0.23735490778710588,"[[0, 2], [1, 5]]",dominance,0.38461538461538464,0.625,0.576923076923077,1,0.16666666666666666,3,2,1.0,-0.19999999999999996,0.6665924845685365,-0.2182178902359924,subject_dependent,rbf_svm,0.0,0.7142857142857143,0.7579365079365079,0.35714285714285715,0.625,0.5357142857142857,0.4166666666666667,0.625,0.625,0.3333333333333333,0,0.0,5,0.8333333333333334
0.625,0.5666666666666667,"{""clf__C"": 1.0, ""clf__gamma"": 0.001}",0.24930122519697995,"[[1, 2], [1, 4]]",dominance,0.5636363636363637,0.625,0.6045454545454546,1,0.2,4,2,0.6666666666666666,0.1428571428571429,0.7037253828506758,0.14907119849998599,subject_dependent,rbf_svm,0.5,0.6666666666666666,0.6595238095238095,0.5833333333333333,0.625,0.6041666666666666,0.5666666666666667,0.625,0.625,0.5333333333333333,1,0.3333333333333333,4,0.8
0.625,0.5,"{""clf__C"": 1.0, ""clf__gamma"": 0.01}",0.23482974318714056,"[[0, 3], [0, 5]]",dominance,0.38461538461538464,0.625,0.4807692307692308,0,0.0,0,3,1.0,0.0,0.6625198013014151,0.0,subject_dependent,rbf_svm,0.0,0.625,0.6926190476190477,0.3125,0.625,0.390625,0.5,0.625,0.625,0.4,0,0.0,5,1.0
0.25,0.5,"{""clf__C"": 0.1, ""clf__gamma"": 0.001}",0.1884315794550877,"[[2, 0], [6, 0]]",dominance,0.2,0.25,0.1,6,1.0,1,0,0.0,0.0,0.5647260331056441,0.0,subject_dependent,rbf_svm,0.25,0.0,0.9583333333333334,0.125,0.25,0.0625,0.5,0.25,0.25,0.8333333333333334,2,1.0,0,0.0
0.5,0.5,"{""clf__C"": 1.0, ""clf__gamma"": 0.01}",0.2743982631199207,"[[0, 4], [0, 4]]",dominance,0.3333333333333333,0.5,0.3333333333333333,0,0.0,2,4,1.0,0.0,0.7444920302384679,0.0,subject_dependent,rbf_svm,0.0,0.5,0.6220238095238095,0.25,0.5,0.25,0.5,0.5,0.5,0.625,0,0.0,4,1.0
0.625,0.5,"{""clf__C"": 0.1, ""clf__gamma"": 0.01}",0.3905932056666487,"[[5, 0], [3, 0]]",dominance,0.38461538461538464,0.625,0.4807692307692308,3,1.0,3,0,0.0,0.0,1.0171049418822333,0.0,subject_dependent,rbf_svm,0.625,0.0,0.5,0.3125,0.625,0.390625,0.5,0.625,0.625,0.6,5,1.0,0,0.0
0.5,0.2857142857142857,"{""clf__C"": 1.0, ""clf__gamma"": 0.001}",0.1935760948924118,"[[0, 1], [3, 4]]",dominance,0.3333333333333333,0.5,0.5833333333333333,3,0.42857142857142855,4,1,1.0,-0.23076923076923084,0.5729349053534831,-0.29277002188455997,subject_dependent,rbf_svm,0.0,0.8,0.9821428571428572,0.4,0.5,0.7000000000000001,0.2857142857142857,0.5,0.5,0.8571428571428571,0,0.0,4,0.5714285714285714
0.5,0.5,"{""clf__C"": 1.0, ""clf__gamma"": 0.001}",0.271491736887794,"[[1, 3], [1, 3]]",dominance,0.4666666666666667,0.5,0.4666666666666667,1,0.25,0,3,0.75,0.0,0.7379782840569009,0.0,subject_dependent,rbf_svm,0.5,0.5,0.48214285714285715,0.5,0.5,0.5,0.5,0.5,0.5,0.3125,1,0.25,3,0.75
0.875,0.75,"{""clf__C"": 10.0, ""clf__gamma"": 0.001}",0.21832813267351314,"[[1, 1], [0, 6]]",dominance,0.7948717948717949,0.875,0.8589743589743589,0,0.0,1,1,0.5,0.6,0.6293911405570309,0.6546536707079772,subject_dependent,rbf_svm,1.0,0.8571428571428571,0.915079365079365,0.9285714285714286,0.875,0.8928571428571428,0.75,0.875,0.875,0.75,1,0.5,6,1.0
0.5,0.5,"{""clf__C"": 1.0, ""clf__gamma"": 0.001}",0.2280861526551943,"[[1, 1], [3, 3]]",dominance,0.4666666666666667,0.5,0.5333333333333333,3,0.5,2,1,0.5,0.0,0.6491759403329029,0.0,subject_dependent,rbf_svm,0.25,0.75,0.7579365079365079,0.5,0.5,0.625,0.5,0.5,0.5,0.3333333333333333,1,0.5,3,0.5
0.75,0.75,"{""clf__C"": 10.0, ""clf__gamma"": 0.001}",0.24438375922365346,"[[2, 2], [0, 4]]",dominance,0.7333333333333334,0.75,0.7333333333333334,0,0.0,3,2,0.5,0.5,0.6831058203072449,0.5773502691896258,subject_dependent,rbf_svm,1.0,0.6666666666666666,0.6458333333333333,0.8333333333333333,0.75,0.8333333333333333,0.75,0.75,0.75,0.6875,2,0.5,4,1.0
0.625,0.625,"{""clf__C"": 10.0, ""clf__gamma"": 0.001}",0.275071905889154,"[[1, 3], [0, 4]]",dominance,0.5636363636363637,0.625,0.5636363636363637,0,0.0,4,3,0.75,0.25,0.7475074542049835,0.3779644730092272,subject_dependent,rbf_svm,1.0,0.5714285714285714,0.5428571428571428,0.7857142857142857,0.625,0.7857142857142857,0.625,0.625,0.625,0.5,1,0.25,4,1.0
0.875,0.5,"{""clf__C"": 0.1, ""clf__gamma"": 0.001}",0.11231103718201646,"[[0, 1], [0, 7]]",dominance,0.4666666666666667,0.875,0.8166666666666667,0,0.0,0,1,1.0,0.0,0.39479528512386247,0.0,subject_dependent,rbf_svm,0.0,0.875,0.8736394557823131,0.4375,0.875,0.765625,0.5,0.875,0.875,0.2857142857142857,0,0.0,7,1.0
0.75,0.5,"{""clf__C"": 0.1, ""clf__gamma"": 0.001}",0.22266068625437557,"[[0, 2], [0, 6]]",dominance,0.42857142857142855,0.75,0.6428571428571428,0,0.0,1,2,1.0,0.0,0.7421390146932907,0.0,subject_dependent,rbf_svm,0.0,0.75,0.7345238095238095,0.375,0.75,0.5625,0.5,0.75,0.75,0.5,0,0.0,6,1.0
1.0,1.0,"{""clf__C"": 0.1, ""clf__gamma"": 0.001}",,[[8]],dominance,1.0,1.0,1.0,,,2,,,nan,,0.0,subject_dependent,rbf_svm,,,1.0,1.0,1.0,1.0,1.0,1.0,1.0,nan,,,,
1.0,1.0,"{""clf__C"": 0.1, ""clf__gamma"": 0.01}",,[[8]],dominance,1.0,1.0,1.0,,,3,,,nan,,0.0,subject_dependent,rbf_svm,,,1.0,1.0,1.0,1.0,1.0,1.0,1.0,nan,,,,
1.0,1.0,"{""clf__C"": 0.1, ""clf__gamma"": 0.001}",,[[8]],dominance,1.0,1.0,1.0,,,4,,,nan,,0.0,subject_dependent,rbf_svm,,,1.0,1.0,1.0,1.0,1.0,1.0,1.0,nan,,,,
0.4392857142857143,0.43459992692729266,"{""clf__C"": 10.0, ""clf__gamma"": 0.01}",0.25546303375125934,"[[48, 71], [86, 75]]",valence,0.43402299442520376,0.4392857142857143,0.44220944754155345,86,0.5341614906832298,0,71,0.5966386554621849,-0.12868439971243717,0.7042671955784979,-0.12943920022511599,cross_subject,rbf_svm,0.3582089552238806,0.5136986301369864,0.5205073145422777,0.43595379268043344,0.4392857142857143,0.44761551829891644,0.43459992692729266,0.4392857142857143,0.4392857142857143,0.4167232110235398,48,0.40336134453781514,75,0.4658385093167702
0.4928571428571429,0.5020751193193609,"{""clf__C"": 1.0, ""clf__gamma"": 0.001}",0.24613949622681325,"[[70, 52], [90, 68]]",valence,0.4928312669013725,0.4928571428571429,0.49236549969750637,90,0.569620253164557,1,52,0.4262295081967213,0.004008016032064243,0.6854098959406082,0.004158444540290739,cross_subject,rbf_svm,0.4375,0.5666666666666667,0.5526175761768085,0.5020833333333333,0.4928571428571429,0.5103869047619047,0.5020751193193609,0.4928571428571429,0.4928571428571429,0.4733347167462129,70,0.5737704918032787,68,0.43037974683544306
0.5583333333333333,0.5238563698967044,"{""clf__C"": 0.1, ""clf__gamma"": 0.01}",0.24775733339771727,"[[22, 85], [21, 112]]",valence,0.4860606060606061,0.5583333333333333,0.5069393939393939,21,0.15789473684210525,2,85,0.794392523364486,0.050675423539070064,0.688666705477151,0.061842170541950535,cross_subject,rbf_svm,0.5116279069767442,0.5685279187817259,0.5405558580131637,0.540077912879235,0.5583333333333333,0.5431599968520049,0.5238563698967044,0.5583333333333333,0.5583333333333333,0.48225704448035983,22,0.205607476635514,112,0.8421052631578947
0.4708333333333333,0.4708333333333333,"{""clf__C"": 1.0, ""clf__gamma"": 0.001}",0.25671198921899074,"[[57, 63], [64, 56]]",valence,0.4708241462525391,0.4708333333333333,0.4708241462525391,64,0.5333333333333333,3,63,0.525,-0.05833333333333335,0.7067770689614186,-0.05833535890179527,cross_subject,rbf_svm,0.47107438016528924,0.47058823529411764,0.45585196062108824,0.47083130772970344,0.4708333333333333,0.47083130772970344,0.4708333333333333,0.4708333333333333,0.4708333333333333,0.4398611111111111,57,0.475,56,0.4666666666666667
0.5583333333333333,0.5016968325791855,"{""clf__C"": 0.1, ""clf__gamma"": 0.001}",0.24644943602521605,"[[8, 96], [10, 126]]",valence,0.41752907775437315,0.5583333333333333,0.455713282657142,10,0.07352941176470588,4,96,0.9230769230769231,0.003759398496240629,0.6860351844984562,0.0063847276094677365,cross_subject,rbf_svm,0.4444444444444444,0.5675675675675675,0.5758202813294997,0.506006006006006,0.5583333333333333,0.5142142142142142,0.5016968325791855,0.5583333333333333,0.5583333333333333,0.5154835972850679,8,0.07692307692307693,126,0.9264705882352942
0.5464285714285714,0.48550724637681164,"{""clf__C"": 10.0, ""clf__gamma"": 0.01}",0.25044834244885317,"[[28, 68], [59, 125]]",arousal,0.48457045121827486,0.5464285714285714,0.5406891582131831,59,0.32065217391304346,0,68,0.7083333333333334,-0.029650220060226884,0.7037290358823524,-0.02972946898809984,cross_subject,rbf_svm,0.3218390804597701,0.6476683937823834,0.6258603481929819,0.4847537371210767,0.5464285714285714,0.5359554863574875,0.48550724637681164,0.5464285714285714,0.5464285714285714,0.4692878170289855,28,0.2916666666666667,125,0.6793478260869565
0.4642857142857143,0.463031045751634,"{""clf__C"": 10.0, ""clf__gamma"": 0.01}",0.27644584167143477,"[[57, 79], [71, 73]]",arousal,0.46253071253071254,0.4642857142857143,0.4634082134082134,71,0.4930555555555556,1,79,0.5808823529411765,-0.0740589198036008,0.7562810763671461,-0.0741807265838535,cross_subject,rbf_svm,0.4453125,0.48026315789473684,0.475519177964563,0.4627878289473684,0.4642857142857143,0.4632871240601504,0.463031045751634,0.4642857142857143,0.4642857142857143,0.4625459558823529,57,0.41911764705882354,73,0.5069444444444444
0.5625,0.555986893653394,"{""clf__C"": 10.0, ""clf__gamma"": 0.01}",0.25460299192457275,"[[52, 49], [56, 83]]",arousal,0.5550768904818235,0.5625,0.5641761860202334,56,0.4028776978417266,2,49,0.48514851485148514,0.11092294665537672,0.7041581327325502,0.11111830584227313,cross_subject,rbf_svm,0.48148148148148145,0.6287878787878788,0.5651737867706903,0.5551346801346801,0.5625,0.5667964365881032,0.555986893653394,0.5625,0.5625,0.49291260061257924,52,0.5148514851485149,83,0.5971223021582733
0.6125,0.5122607655502392,"{""clf__C"": 10.0, ""clf__gamma"": 0.01}",0.24992810025766063,"[[12, 76], [17, 135]]",arousal,0.4744649290103835,0.6125,0.5462880553789644,17,0.1118421052631579,3,76,0.8636363636363636,0.028551532033426086,0.7028259785574771,0.03625521517947328,cross_subject,rbf_svm,0.41379310344827586,0.6398104265402843,0.5905257185813733,0.5268017649942801,0.6125,0.5569374080732145,0.5122607655502392,0.6125,0.6125,0.47140400717703346,12,0.13636363636363635,135,0.8881578947368421
0.5208333333333334,0.5188246735204224,"{""clf__C"": 1.0, ""clf__gamma"": 0.01}",0.25115939737855203,"[[78, 44], [71, 47]]",arousal,0.512703261003902,0.5208333333333334,0.5137523025947963,71,0.6016949152542372,4,44,0.36065573770491804,0.03779110305396749,0.695974688841515,0.03879399783122413,cross_subject,rbf_svm,0.5234899328859061,0.5164835164835165,0.5537777816043488,0.5199867246847113,0.5208333333333334,0.5200451114880645,0.5188246735204224,0.5208333333333334,0.5208333333333334,0.6023895526535148,78,0.639344262295082,47,0.3983050847457627
0.475,0.4393881695861894,"{""clf__C"": 10.0, ""clf__gamma"": 0.01}",0.24349987788872654,"[[28, 50], [97, 105]]",dominance,0.43204868154158216,0.475,0.5012170385395537,97,0.4801980198019802,0,50,0.6410256410256411,-0.1023031601499731,0.6790492294289755,-0.10931745831842386,cross_subject,rbf_svm,0.224,0.6774193548387096,0.7456912620525312,0.4507096774193548,0.475,0.5511096774193549,0.4393881695861894,0.475,0.475,0.4515105356689515,28,0.358974358974359,105,0.5198019801980198
0.4357142857142857,0.4697154363838694,"{""clf__C"": 10.0, ""clf__gamma"": 0.01}",0.25787004508277794,"[[73, 40], [118, 49]]",dominance,0.4315378289473684,0.4357142857142857,0.4221408012218045,118,0.7065868263473054,1,40,0.35398230088495575,-0.05448824903465699,0.7134436610229556,-0.06381710311467056,cross_subject,rbf_svm,0.38219895287958117,0.550561797752809,0.5794130963081083,0.4663803753161951,0.4357142857142857,0.4826153639289706,0.4697154363838694,0.4357142857142857,0.4357142857142857,0.45879921572783633,73,0.6460176991150443,49,0.2934131736526946
0.45416666666666666,0.42214285714285715,"{""clf__C"": 10.0, ""clf__gamma"": 0.01}",0.26195383918777365,"[[23, 77], [54, 86]]",dominance,0.4137718856631426,0.45416666666666666,0.4394193656653801,54,0.38571428571428573,2,77,0.77,-0.16100443131462328,0.7238754781934839,-0.1644573587267737,cross_subject,rbf_svm,0.2987012987012987,0.5276073619631901,0.5247761852600794,0.4131543303322444,0.45416666666666666,0.43222983560406875,0.42214285714285715,0.45416666666666666,0.45416666666666666,0.42350000000000004,23,0.23,86,0.6142857142857143
0.4875,0.4991661455076089,"{""clf__C"": 10.0, ""clf__gamma"": 0.01}",0.28450076252931533,"[[4, 119], [4, 113]]",dominance,0.35431658610205824,0.4875,0.3469853890067587,4,0.03418803418803419,3,119,0.967479674796748,-0.0016286644951140072,0.7671759871353336,-0.004643834879646823,cross_subject,rbf_svm,0.5,0.4870689655172414,0.48714310788430615,0.49353448275862066,0.4875,0.4936961206896552,0.4991661455076089,0.4875,0.4875,0.5183795427697866,4,0.032520325203252036,113,0.9658119658119658
0.49166666666666664,0.4909392932648746,"{""clf__C"": 0.1, ""clf__gamma"": 0.001}",0.24138371382285528,"[[42, 44], [78, 76]]",dominance,0.4812557579193537,0.49166666666666664,0.5020775754139797,78,0.5064935064935064,4,44,0.5116279069767442,-0.016666666666666607,0.6765729510552483,-0.017378824984374267,cross_subject,rbf_svm,0.35,0.6333333333333333,0.6028776922260337,0.49166666666666664,0.49166666666666664,0.5318055555555555,0.4909392932648746,0.49166666666666664,0.49166666666666664,0.4528088190878889,42,0.4883720930232558,76,0.4935064935064935
