accuracy,balanced_accuracy,best_params,brier,confusion_matrix,dimension,f1_macro,f1_micro,f1_weighted,fn,fnr,fold,fp,fpr,kappa,log_loss,mcc,mode,model,npv,ppv,pr_auc,precision_macro,precision_micro,precision_weighted,recall_macro,recall_micro,recall_weighted,roc_auc,tn,tnr,tp,tpr
0.625,0.625,"{""clf__C"": 10.0, ""clf__gamma"": 0.001}",0.2675766164813044,"[[3, 1], [2, 2]]",valence,0.6190476190476191,0.625,0.6190476190476191,2,0.5,0,1,0.25,0.25,0.7288353353952208,0.2581988897471611,subject_dependent,rbf_svm,0.6,0.6666666666666666,0.48214285714285715,0.6333333333333333,0.625,0.6333333333333333,0.625,0.625,0.625,0.3125,3,0.75,2,0.5
0.5,0.5,"{""clf__C"": 1.0, ""clf__gamma"": 0.001}",0.2663296960602883,"[[3, 3], [1, 1]]",valence,0.4666666666666667,0.5,0.5333333333333333,1,0.5,1,3,0.5,0.0,0.7266296276707388,0.0,subject_dependent,rbf_svm,0.75,0.25,0.325,0.5,0.5,0.625,0.5,0.5,0.5,0.5,3,0.5,1,0.5
0.25,0.25,"{""clf__C"": 10.0, ""clf__gamma"": 0.001}",0.30867936058731865,"[[0, 4], [2, 2]]",valence,0.2,0.25,0.2,2,0.5,2,4,1.0,-0.5,0.8124530370068686,-0.5773502691896258,subject_dependent,rbf_svm,0.0,0.3333333333333333,0.3654761904761905,0.16666666666666666,0.25,0.16666666666666666,0.25,0.25,0.25,0.0,0,0.0,2,0.5
0.5,0.5,"{""clf__C"": 0.1, ""clf__gamma"": 0.01}",0.2995363508142357,"[[0, 4], [0, 4]]",valence,0.3333333333333333,0.5,0.3333333333333333,0,0.0,3,4,1.0,0.0,0.8035613100625786,0.0,subject_dependent,rbf_svm,0.0,0.5,0.6,0.25,0.5,0.25,0.5,0.5,0.5,0.375,0,0.0,4,1.0
0.375,0.5,"{""clf__C"": 1.0, ""clf__gamma"": 0.01}",0.2662629115725257,"[[3, 0], [5, 0]]",valence,0.2727272727272727,0.375,0.20454545454545453,5,1.0,4,0,0.0,0.0,0.7258168874524382,0.0,subject_dependent,rbf_svm,0.375,0.0,0.6392857142857143,0.1875,0.375,0.140625,0.5,0.375,0.375,0.2666666666666667,3,1.0,0,0.0
0.75,0.7333333333333334,"{""clf__C"": 1.0, ""clf__gamma"": 0.001}",0.20358351600846356,"[[2, 1], [1, 4]]",valence,0.7333333333333334,0.75,0.75,1,0.2,0,1,0.3333333333333333,0.4666666666666667,0.5978431255693717,0.4666666666666667,subject_dependent,rbf_svm,0.6666666666666666,0.8,0.8350000000000001,0.7333333333333334,0.75,0.75,0.7333333333333334,0.75,0.75,0.6666666666666667,2,0.6666666666666666,4,0.8
0.5,0.4666666666666667,"{""clf__C"": 1.0, ""clf__gamma"": 0.001}",0.2781064404495136,"[[1, 2], [2, 3]]",valence,0.4666666666666667,0.5,0.5,2,0.4,1,2,0.6666666666666666,-0.06666666666666665,0.7502384708826233,-0.06666666666666667,subject_dependent,rbf_svm,0.3333333333333333,0.6,0.7892857142857144,0.4666666666666667,0.5,0.5,0.4666666666666667,0.5,0.5,0.5333333333333333,1,0.3333333333333333,3,0.6
0.875,0.875,"{""clf__C"": 1.0, ""clf__gamma"": 0.001}",0.20901016484587712,"[[3, 1], [0, 4]]",valence,0.873015873015873,0.875,0.873015873015873,0,0.0,2,1,0.25,0.75,0.6100065031274807,0.7745966692414834,subject_dependent,rbf_svm,1.0,0.8,0.6791666666666667,0.9,0.875,0.9,0.875,0.875,0.875,0.75,3,0.75,4,1.0
0.625,0.5666666666666667,"{""clf__C"": 1.0, ""clf__gamma"": 0.001}",0.24717761980664515,"[[4, 1], [2, 1]]",valence,0.5636363636363637,0.625,0.6045454545454546,2,0.6666666666666666,3,1,0.2,0.1428571428571429,0.6887475055779106,0.14907119849998599,subject_dependent,rbf_svm,0.6666666666666666,0.5,0.5555555555555556,0.5833333333333333,0.625,0.6041666666666666,0.5666666666666667,0.625,0.625,0.7,4,0.8,1,0.3333333333333333
0.75,0.7333333333333334,"{""clf__C"": 1.0, ""clf__gamma"": 0.001}",0.22197946939462462,"[[2, 1], [1, 4]]",valence,0.7333333333333334,0.75,0.75,1,0.2,4,1,0.3333333333333333,0.4666666666666667,0.6361381202313532,0.4666666666666667,subject_dependent,rbf_svm,0.6666666666666666,0.8,0.7683333333333333,0.7333333333333334,0.75,0.75,0.7333333333333334,0.75,0.75,0.6000000000000001,2,0.6666666666666666,4,0.8
0.625,0.625,"{""clf__C"": 10.0, ""clf__gamma"": 0.001}",0.2641437279217309,"[[3, 1], [2, 2]]",valence,0.6190476190476191,0.625,0.6190476190476191,2,0.5,0,1,0.25,0.25,0.7210874535551616,0.2581988897471611,subject_dependent,rbf_svm,0.6,0.6666666666666666,0.6488095238095237,0.6333333333333333,0.625,0.6333333333333333,0.625,0.625,0.625,0.4375,3,0.75,2,0.5
0.625,0.6333333333333333,"{""clf__C"": 1.0, ""clf__gamma"": 0.001}",0.41325439343743436,"[[3, 2], [1, 2]]",valence,0.6190476190476191,0.625,0.6309523809523809,1,0.3333333333333333,1,2,0.4,0.25,1.050927611915807,0.2581988897471611,subject_dependent,rbf_svm,0.75,0.5,0.33134920634920634,0.625,0.625,0.65625,0.6333333333333333,0.625,0.625,0.19999999999999998,3,0.6,2,0.6666666666666666
0.5,0.4666666666666667,"{""clf__C"": 1.0, ""clf__gamma"": 0.001}",0.26514366714055393,"[[1, 2], [2, 3]]",valence,0.4666666666666667,0.5,0.5,2,0.4,2,2,0.6666666666666666,-0.06666666666666665,0.723579310447684,-0.06666666666666667,subject_dependent,rbf_svm,0.3333333333333333,0.6,0.5726190476190476,0.4666666666666667,0.5,0.5,0.4666666666666667,0.5,0.5,0.2666666666666667,1,0.3333333333333333,3,0.6
0.625,0.6333333333333333,"{""clf__C"": 10.0, ""clf__gamma"": 0.001}",0.21313022281661492,"[[2, 1], [2, 3]]",valence,0.6190476190476191,0.625,0.6309523809523809,2,0.4,3,1,0.3333333333333333,0.25,0.6156780542795282,0.2581988897471611,subject_dependent,rbf_svm,0.5,0.75,0.852857142857143,0.625,0.625,0.65625,0.6333333333333333,0.625,0.625,0.7333333333333334,2,0.6666666666666666,3,0.6
0.625,0.6333333333333333,"{""clf__C"": 10.0, ""clf__gamma"": 0.001}",0.25955203378040204,"[[2, 1], [2, 3]]",valence,0.6190476190476191,0.625,0.6309523809523809,2,0.4,4,1,0.3333333333333333,0.25,0.7333802875454256,0.2581988897471611,subject_dependent,rbf_svm,0.5,0.75,0.8350000000000001,0.625,0.625,0.65625,0.6333333333333333,0.625,0.625,0.6666666666666667,2,0.6666666666666666,3,0.6
0.375,0.3666666666666667,"{""clf__C"": 1.0, ""clf__gamma"": 0.001}",0.2291279534239322,"[[2, 3], [2, 1]]",valence,0.36507936507936506,0.375,0.38492063492063494,2,0.6666666666666666,0,3,0.6,-0.25,0.6507448725926844,-0.2581988897471611,subject_dependent,rbf_svm,0.5,0.25,0.6984126984126985,0.375,0.375,0.40625,0.3666666666666667,0.375,0.375,0.6666666666666666,2,0.4,1,0.3333333333333333
0.5,0.5,"{""clf__C"": 10.0, ""clf__gamma"": 0.001}",0.27956496112232837,"[[2, 2], [2, 2]]",valence,0.5,0.5,0.5,2,0.5,1,2,0.5,0.0,0.7593374542362794,0.0,subject_dependent,rbf_svm,0.5,0.5,0.6666666666666666,0.5,0.5,0.5,0.5,0.5,0.5,0.5,2,0.5,2,0.5
0.5,0.3333333333333333,"{""clf__C"": 10.0, ""clf__gamma"": 0.001}",0.20989438776988095,"[[4, 2], [2, 0]]",valence,0.3333333333333333,0.5,0.5,2,1.0,2,2,0.3333333333333333,-0.33333333333333326,0.6058381483669965,-0.3333333333333333,subject_dependent,rbf_svm,0.6666666666666666,0.0,0.6666666666666666,0.3333333333333333,0.5,0.5,0.3333333333333333,0.5,0.5,0.6666666666666667,4,0.6666666666666666,0,0.0
0.625,0.7,"{""clf__C"": 10.0, ""clf__gamma"": 0.001}",0.2272351334909008,"[[2, 3], [0, 3]]",valence,0.6190476190476191,0.625,0.6071428571428571,0,0.0,3,3,0.6,0.33333333333333337,0.6477475735034524,0.4472135954999579,subject_dependent,rbf_svm,1.0,0.5,0.5888888888888888,0.75,0.625,0.8125,0.7,0.625,0.625,0.7333333333333333,2,0.4,3,1.0
0.5,0.5,"{""clf__C"": 1.0, ""clf__gamma"": 0.01}",0.2621853994051192,"[[4, 0], [4, 0]]",valence,0.3333333333333333,0.5,0.3333333333333333,4,1.0,4,0,0.0,0.0,0.7181323644058768,0.0,subject_dependent,rbf_svm,0.5,0.0,0.7095238095238094,0.25,0.5,0.25,0.5,0.5,0.5,0.625,4,1.0,0,0.0
0.625,0.625,"{""clf__C"": 1.0, ""clf__gamma"": 0.001}",0.31494175034824956,"[[3, 1], [2, 2]]",valence,0.6190476190476191,0.625,0.6190476190476191,2,0.5,0,1,0.25,0.25,0.8432212825443633,0.2581988897471611,subject_dependent,rbf_svm,0.6,0.6666666666666666,0.4583333333333333,0.6333333333333333,0.625,0.6333333333333333,0.625,0.625,0.625,0.3125,3,0.75,2,0.5
0.75,0.8,"{""clf__C"": 1.0, ""clf__gamma"": 0.001}",0.2529031287504298,"[[3, 0], [2, 3]]",valence,0.75,0.75,0.75,2,0.4,1,0,0.0,0.5294117647058824,0.7000508214271817,0.6,subject_dependent,rbf_svm,0.6,1.0,0.4859523809523809,0.8,0.75,0.85,0.8,0.75,0.75,0.06666666666666668,3,1.0,3,0.6
0.25,0.3333333333333333,"{""clf__C"": 1.0, ""clf__gamma"": 0.001}",0.3199189263073273,"[[0, 5], [1, 2]]",valence,0.2,0.25,0.15000000000000002,1,0.3333333333333333,2,5,1.0,-0.26315789473684204,0.8450163327720033,-0.4879500364742666,subject_dependent,rbf_svm,0.0,0.2857142857142857,0.5916666666666666,0.14285714285714285,0.25,0.10714285714285714,0.3333333333333333,0.25,0.25,0.4666666666666667,0,0.0,2,0.6666666666666666
0.625,0.4166666666666667,"{""clf__C"": 10.0, ""clf__gamma"": 0.001}",0.3290940884110545,"[[0, 2], [1, 5]]",valence,0.38461538461538464,0.625,0.576923076923077,1,0.16666666666666666,3,2,1.0,-0.19999999999999996,1.375907639008056,-0.2182178902359924,subject_dependent,rbf_svm,0.0,0.7142857142857143,0.8134920634920635,0.35714285714285715,0.625,0.5357142857142857,0.4166666666666667,0.625,0.625,0.41666666666666663,0,0.0,5,0.8333333333333334
0.75,0.6666666666666667,"{""clf__C"": 1.0, ""clf__gamma"": 0.001}",0.3374642934853948,"[[1, 1], [1, 5]]",valence,0.6666666666666667,0.75,0.75,1,0.16666666666666666,4,1,0.5,0.33333333333333337,0.8723224762355326,0.3333333333333333,subject_dependent,rbf_svm,0.5,0.8333333333333334,0.8178571428571428,0.6666666666666667,0.75,0.75,0.6666666666666667,0.75,0.75,0.5833333333333334,1,0.5,5,0.8333333333333334
0.5,0.3333333333333333,"{""clf__C"": 0.1, ""clf__gamma"": 0.001}",0.1828693343102155,"[[0, 2], [2, 4]]",valence,0.3333333333333333,0.5,0.5,2,0.3333333333333333,0,2,1.0,-0.33333333333333326,0.5499681414863464,-0.3333333333333333,subject_dependent,rbf_svm,0.0,0.6666666666666666,0.9761904761904762,0.3333333333333333,0.5,0.5,0.3333333333333333,0.5,0.5,0.9166666666666667,0,0.0,4,0.6666666666666666
0.625,0.5,"{""clf__C"": 1.0, ""clf__gamma"": 0.01}",0.2676740466130954,"[[0, 3], [0, 5]]",valence,0.38461538461538464,0.625,0.4807692307692308,0,0.0,1,3,1.0,0.0,0.7514809941097006,0.0,subject_dependent,rbf_svm,0.0,0.625,0.8083333333333333,0.3125,0.625,0.390625,0.5,0.625,0.625,0.6,0,0.0,5,1.0
0.75,0.5,"{""clf__C"": 1.0, ""clf__gamma"": 0.01}",0.1886098432069545,"[[0, 2], [0, 6]]",valence,0.42857142857142855,0.75,0.6428571428571428,0,0.0,2,2,1.0,0.0,0.5654945536081498,0.0,subject_dependent,rbf_svm,0.0,0.75,0.8,0.375,0.75,0.5625,0.5,0.75,0.75,0.5,0,0.0,6,1.0
0.625,0.35714285714285715,"{""clf__C"": 1.0, ""clf__gamma"": 0.001}",0.13036391731313474,"[[0, 1], [2, 5]]",valence,0.38461538461538464,0.625,0.6730769230769231,2,0.2857142857142857,3,1,1.0,-0.19999999999999996,0.43819862286466404,-0.2182178902359924,subject_dependent,rbf_svm,0.0,0.8333333333333334,0.9617346938775511,0.4166666666666667,0.625,0.7291666666666667,0.35714285714285715,0.625,0.625,0.7142857142857143,0,0.0,5,0.7142857142857143
0.75,0.5,"{""clf__C"": 1.0, ""clf__gamma"": 0.01}",0.18429081612448683,"[[0, 2], [0, 6]]",valence,0.42857142857142855,0.75,0.6428571428571428,0,0.0,4,2,1.0,0.0,0.5532395931144953,0.0,subject_dependent,rbf_svm,0.0,0.75,0.9484126984126984,0.375,0.75,0.5625,0.5,0.75,0.75,0.8333333333333333,0,0.0,6,1.0
0.375,0.25,"{""clf__C"": 10.0, ""clf__gamma"": 0.001}",0.1901882679639278,"[[0, 2], [3, 3]]",valence,0.2727272727272727,0.375,0.40909090909090906,3,0.5,0,2,1.0,-0.4285714285714286,0.5650327412316936,-0.4472135954999579,subject_dependent,rbf_svm,0.0,0.6,0.9305555555555556,0.3,0.375,0.44999999999999996,0.25,0.375,0.375,0.75,0,0.0,3,0.5
0.75,0.5,"{""clf__C"": 1.0, ""clf__gamma"": 0.01}",0.19564106627886596,"[[0, 2], [0, 6]]",valence,0.42857142857142855,0.75,0.6428571428571428,0,0.0,1,2,1.0,0.0,0.581313725052931,0.0,subject_dependent,rbf_svm,0.0,0.75,0.7801587301587302,0.375,0.75,0.5625,0.5,0.75,0.75,0.41666666666666663,0,0.0,6,1.0
0.625,0.5,"{""clf__C"": 1.0, ""clf__gamma"": 0.01}",0.24568042155970587,"[[0, 3], [0, 5]]",valence,0.38461538461538464,0.625,0.4807692307692308,0,0.0,2,3,1.0,0.0,0.688230668133549,0.0,subject_dependent,rbf_svm,0.0,0.625,0.7783333333333333,0.3125,0.625,0.390625,0.5,0.625,0.625,0.5333333333333334,0,0.0,5,1.0
0.25,0.5,"{""clf__C"": 0.1, ""clf__gamma"": 0.01}",0.23001743287242474,"[[2, 0], [6, 0]]",valence,0.2,0.25,0.1,6,1.0,3,0,0.0,0.0,0.8156094714741426,0.0,subject_dependent,rbf_svm,0.25,0.0,0.8773809523809524,0.125,0.25,0.0625,0.5,0.25,0.25,0.5833333333333333,2,1.0,0,0.0
0.625,0.5,"{""clf__C"": 1.0, ""clf__gamma"": 0.01}",0.24055871199825585,"[[0, 3], [0, 5]]",valence,0.38461538461538464,0.625,0.4807692307692308,0,0.0,4,3,1.0,0.0,0.6757343766161703,0.0,subject_dependent,rbf_svm,0.0,0.625,0.7861904761904762,0.3125,0.625,0.390625,0.5,0.625,0.625,0.6666666666666667,0,0.0,5,1.0
0.625,0.75,"{""clf__C"": 10.0, ""clf__gamma"": 0.001}",0.32402312384230236,"[[3, 3], [0, 2]]",valence,0.6190476190476191,0.625,0.6428571428571428,0,0.0,0,3,0.5,0.33333333333333337,0.8444111626023978,0.4472135954999579,subject_dependent,rbf_svm,1.0,0.4,0.8333333333333333,0.7,0.625,0.85,0.75,0.625,0.625,0.9166666666666667,3,0.5,2,1.0
0.875,0.9166666666666667,"{""clf__C"": 10.0, ""clf__gamma"": 0.001}",0.22114009510474764,"[[2, 0], [1, 5]]",valence,0.8545454545454545,0.875,0.8818181818181818,1,0.16666666666666666,1,0,0.0,0.7142857142857143,0.6284153866255381,0.7453559924999299,subject_dependent,rbf_svm,0.6666666666666666,1.0,0.9583333333333334,0.8333333333333333,0.875,0.9166666666666666,0.9166666666666667,0.875,0.875,0.8333333333333334,2,1.0,5,0.8333333333333334
0.375,0.3666666666666667,"{""clf__C"": 10.0, ""clf__gamma"": 0.001}",0.3021148632742692,"[[1, 2], [3, 2]]",valence,0.36507936507936506,0.375,0.38492063492063494,3,0.6,2,2,0.6666666666666666,-0.25,0.8008233152767775,-0.2581988897471611,subject_dependent,rbf_svm,0.25,0.5,0.6783333333333333,0.375,0.375,0.40625,0.3666666666666667,0.375,0.375,0.4,1,0.3333333333333333,2,0.4
0.625,0.4166666666666667,"{""clf__C"": 10.0, ""clf__gamma"": 0.001}",0.22514613375390452,"[[0, 2], [1, 5]]",valence,0.38461538461538464,0.625,0.576923076923077,1,0.16666666666666666,3,2,1.0,-0.19999999999999996,0.6427239569619264,-0.2182178902359924,subject_dependent,rbf_svm,0.0,0.7142857142857143,0.8555555555555556,0.35714285714285715,0.625,0.5357142857142857,0.4166666666666667,0.625,0.625,0.5833333333333334,0,0.0,5,0.8333333333333334
0.625,0.7,"{""clf__C"": 10.0, ""clf__gamma"": 0.001}",0.2844818226785294,"[[2, 3], [0, 3]]",valence,0.6190476190476191,0.625,0.6071428571428571,0,0.0,4,3,0.6,0.33333333333333337,0.7631500899245172,0.4472135954999579,subject_dependent,rbf_svm,1.0,0.5,0.2869047619047619,0.75,0.625,0.8125,0.7,0.625,0.625,0.06666666666666665,2,0.4,3,1.0
0.875,0.875,"{""clf__C"": 10.0, ""clf__gamma"": 0.001}",0.2206928634636286,"[[4, 0], [1, 3]]",valence,0.873015873015873,0.875,0.873015873015873,1,0.25,0,0,0.0,0.75,0.6339389452036484,0.7745966692414834,subject_dependent,rbf_svm,0.8,1.0,0.8928571428571428,0.9,0.875,0.9,0.875,0.875,0.875,0.8125,4,1.0,3,0.75
0.5,0.5,"{""clf__C"": 1.0, ""clf__gamma"": 0.001}",0.3833251946136289,"[[2, 2], [2, 2]]",valence,0.5,0.5,0.5,2,0.5,1,2,0.5,0.0,1.1673960109189185,0.0,subject_dependent,rbf_svm,0.5,0.5,0.4583333333333333,0.5,0.5,0.5,0.5,0.5,0.5,0.3125,2,0.5,2,0.5
0.875,0.9,"{""clf__C"": 1.0, ""clf__gamma"": 0.001}",0.14677227903909845,"[[4, 1], [0, 3]]",valence,0.873015873015873,0.875,0.876984126984127,0,0.0,2,1,0.2,0.75,0.47456122094819003,0.7745966692414834,subject_dependent,rbf_svm,1.0,0.75,0.9166666666666666,0.875,0.875,0.90625,0.9,0.875,0.875,0.9333333333333333,4,0.8,3,1.0
0.875,0.8333333333333333,"{""clf__C"": 1.0, ""clf__gamma"": 0.001}",0.13575419620685708,"[[2, 1], [0, 5]]",valence,0.8545454545454545,0.875,0.8681818181818182,0,0.0,3,1,0.3333333333333333,0.7142857142857143,0.4423829812955871,0.7453559924999299,subject_dependent,rbf_svm,1.0,0.8333333333333334,0.9266666666666666,0.9166666666666667,0.875,0.8958333333333334,0.8333333333333333,0.875,0.875,0.8666666666666667,2,0.6666666666666666,5,1.0
0.75,0.75,"{""clf__C"": 1.0, ""clf__gamma"": 0.001}",0.18049495588922115,"[[4, 0], [2, 2]]",valence,0.7333333333333334,0.75,0.7333333333333334,2,0.5,4,0,0.0,0.5,0.5399151975779897,0.5773502691896258,subject_dependent,rbf_svm,0.6666666666666666,1.0,0.8875,0.8333333333333333,0.75,0.8333333333333333,0.75,0.75,0.75,0.875,4,1.0,2,0.5
0.625,0.7,"{""clf__C"": 1.0, ""clf__gamma"": 0.001}",0.35113172364276124,"[[3, 0], [3, 2]]",valence,0.6190476190476191,0.625,0.6071428571428571,3,0.6,0,0,0.0,0.33333333333333337,1.360034021746317,0.4472135954999579,subject_dependent,rbf_svm,0.5,1.0,0.9666666666666667,0.75,0.625,0.8125,0.7,0.625,0.625,0.9333333333333333,3,1.0,2,0.4
1.0,1.0,"{""clf__C"": 1.0, ""clf__gamma"": 0.001}",0.13638020245024332,"[[3, 0], [0, 5]]",valence,1.0,1.0,1.0,0,0.0,1,0,0.0,1.0,0.44830436092607423,1.0,subject_dependent,rbf_svm,1.0,1.0,1.0,1.0,1.0,1.0,1.0,1.0,1.0,1.0,3,1.0,5,1.0
0.75,0.75,"{""clf__C"": 1.0, ""clf__gamma"": 0.001}",0.19906511116244155,"[[4, 0], [2, 2]]",valence,0.7333333333333334,0.75,0.7333333333333334,2,0.5,2,0,0.0,0.5,0.6070442198766167,0.5773502691896258,subject_dependent,rbf_svm,0.6666666666666666,1.0,0.9166666666666666,0.8333333333333333,0.75,0.8333333333333333,0.75,0.75,0.75,0.875,4,1.0,2,0.5
0.75,0.8,"{""clf__C"": 1.0, ""clf__gamma"": 0.001}",0.11683946948696669,"[[3, 2], [0, 3]]",valence,0.75,0.75,0.75,0,0.0,3,2,0.4,0.5294117647058824,0.3605232493956438,0.6,subject_dependent,rbf_svm,1.0,0.6,1.0,0.8,0.75,0.85,0.8,0.75,0.75,1.0,3,0.6,3,1.0
0.875,0.9,"{""clf__C"": 1.0, ""clf__gamma"": 0.001}",0.0916909323424005,"[[4, 1], [0, 3]]",valence,0.873015873015873,0.875,0.876984126984127,0,0.0,4,1,0.2,0.75,0.3024898122737682,0.7745966692414834,subject_dependent,rbf_svm,1.0,0.75,0.9166666666666666,0.875,0.875,0.90625,0.9,0.875,0.875,0.9333333333333333,4,0.8,3,1.0
0.5,0.4666666666666667,"{""clf__C"": 10.0, ""clf__gamma"": 0.001}",0.28283116019939797,"[[1, 2], [2, 3]]",valence,0.4666666666666667,0.5,0.5,2,0.4,0,2,0.6666666666666666,-0.06666666666666665,0.8057589043811343,-0.06666666666666667,subject_dependent,rbf_svm,0.3333333333333333,0.6,0.6683333333333333,0.4666666666666667,0.5,0.5,0.4666666666666667,0.5,0.5,0.5333333333333334,1,0.3333333333333333,3,0.6
0.625,0.625,"{""clf__C"": 10.0, ""clf__gamma"": 0.001}",0.2902835862181419,"[[3, 1], [2, 2]]",valence,0.6190476190476191,0.625,0.6190476190476191,2,0.5,1,1,0.25,0.25,0.7826971867471524,0.2581988897471611,subject_dependent,rbf_svm,0.6,0.6666666666666666,0.4333333333333333,0.6333333333333333,0.625,0.6333333333333333,0.625,0.625,0.625,0.25,3,0.75,2,0.5
0.5,0.4666666666666667,"{""clf__C"": 1.0, ""clf__gamma"": 0.001}",0.24223969118055882,"[[1, 2], [2, 3]]",valence,0.4666666666666667,0.5,0.5,2,0.4,2,2,0.6666666666666666,-0.06666666666666665,0.6717686701846083,-0.06666666666666667,subject_dependent,rbf_svm,0.3333333333333333,0.6,0.7783333333333333,0.4666666666666667,0.5,0.5,0.4666666666666667,0.5,0.5,0.5333333333333334,1,0.3333333333333333,3,0.6
0.5,0.3333333333333333,"{""clf__C"": 10.0, ""clf__gamma"": 0.001}",0.2736028991816472,"[[0, 2], [2, 4]]",valence,0.3333333333333333,0.5,0.5,2,0.3333333333333333,3,2,1.0,-0.33333333333333326,0.7652874042763587,-0.3333333333333333,subject_dependent,rbf_svm,0.0,0.6666666666666666,0.8773809523809524,0.3333333333333333,0.5,0.5,0.3333333333333333,0.5,0.5,0.5833333333333333,0,0.0,4,0.6666666666666666
0.375,0.375,"{""clf__C"": 1.0, ""clf__gamma"": 0.001}",0.3673944716331232,"[[1, 3], [2, 2]]",valence,0.36507936507936506,0.375,0.36507936507936506,2,0.5,4,3,0.75,-0.25,0.9711454997248927,-0.2581988897471611,subject_dependent,rbf_svm,0.3333333333333333,0.4,0.6,0.3666666666666667,0.375,0.3666666666666667,0.375,0.375,0.375,0.375,1,0.25,2,0.5
0.5,0.6,"{""clf__C"": 10.0, ""clf__gamma"": 0.001}",0.27295073876385934,"[[1, 4], [0, 3]]",valence,0.4666666666666667,0.5,0.4333333333333333,0,0.0,0,4,0.8,0.1578947368421053,0.7397396641864884,0.29277002188455997,subject_dependent,rbf_svm,1.0,0.42857142857142855,0.4027777777777778,0.7142857142857143,0.5,0.7857142857142857,0.6,0.5,0.5,0.3333333333333333,1,0.2,3,1.0
0.625,0.625,"{""clf__C"": 1.0, ""clf__gamma"": 0.001}",0.30094911698435317,"[[4, 0], [3, 1]]",valence,0.5636363636363637,0.625,0.5636363636363637,3,0.75,1,0,0.0,0.25,0.8002800449250596,0.3779644730092272,subject_dependent,rbf_svm,0.5714285714285714,1.0,0.625,0.7857142857142857,0.625,0.7857142857142857,0.625,0.625,0.625,0.4375,4,1.0,1,0.25
0.5,0.4666666666666667,"{""clf__C"": 1.0, ""clf__gamma"": 0.001}",0.27214979192681643,"[[1, 2], [2, 3]]",valence,0.4666666666666667,0.5,0.5,2,0.4,2,2,0.6666666666666666,-0.06666666666666665,0.7449058527272212,-0.06666666666666667,subject_dependent,rbf_svm,0.3333333333333333,0.6,0.7592857142857143,0.4666666666666667,0.5,0.5,0.4666666666666667,0.5,0.5,0.4666666666666667,1,0.3333333333333333,3,0.6
0.5,0.5,"{""clf__C"": 10.0, ""clf__gamma"": 0.001}",0.25121225516615653,"[[2, 2], [2, 2]]",valence,0.5,0.5,0.5,2,0.5,3,2,0.5,0.0,0.695572754561519,0.0,subject_dependent,rbf_svm,0.5,0.5,0.6845238095238095,0.5,0.5,0.5,0.5,0.5,0.5,0.5625,2,0.5,2,0.5
0.375,0.3666666666666667,"{""clf__C"": 1.0, ""clf__gamma"": 0.001}",0.32678488686216456,"[[1, 2], [3, 2]]",valence,0.36507936507936506,0.375,0.38492063492063494,3,0.6,4,2,0.6666666666666666,-0.25,0.8886429971100167,-0.2581988897471611,subject_dependent,rbf_svm,0.25,0.5,0.6226190476190476,0.375,0.375,0.40625,0.3666666666666667,0.375,0.375,0.4,1,0.3333333333333333,2,0.4
0.875,0.75,"{""clf__C"": 1.0, ""clf__gamma"": 0.001}",0.2680358835072981,"[[6, 0], [1, 1]]",valence,0.7948717948717949,0.875,0.8589743589743589,1,0.5,0,0,0.0,0.6,0.7294305461228352,0.6546536707079772,subject_dependent,rbf_svm,0.8571428571428571,1.0,0.25,0.9285714285714286,0.875,0.8928571428571428,0.75,0.875,0.875,0.25,6,1.0,1,0.5
0.5,0.5,"{""clf__C"": 10.0, ""clf__gamma"": 0.001}",0.27181465937031835,"[[2, 2], [2, 2]]",valence,0.5,0.5,0.5,2,0.5,1,2,0.5,0.0,0.7366655421423864,0.0,subject_dependent,rbf_svm,0.5,0.5,0.6678571428571428,0.5,0.5,0.5,0.5,0.5,0.5,0.5625,2,0.5,2,0.5
0.75,0.8,"{""clf__C"": 1.0, ""clf__gamma"": 0.001}",0.40563620528119526,"[[3, 0], [2, 3]]",valence,0.75,0.75,0.75,2,0.4,2,0,0.0,0.5294117647058824,1.069013799751953,0.6,subject_dependent,rbf_svm,0.6,1.0,0.6392857142857143,0.8,0.75,0.85,0.8,0.75,0.75,0.2666666666666667,3,1.0,3,0.6
0.625,0.5,"{""clf__C"": 10.0, ""clf__gamma"": 0.001}",0.2861056502459948,"[[5, 0], [3, 0]]",valence,0.38461538461538464,0.625,0.4807692307692308,3,1.0,3,0,0.0,0.0,0.7663919866695471,0.0,subject_dependent,rbf_svm,0.625,0.0,0.3206349206349206,0.3125,0.625,0.390625,0.5,0.625,0.625,0.19999999999999996,5,1.0,0,0.0
0.625,0.5,"{""clf__C"": 10.0, ""clf__gamma"": 0.001}",0.264724197932266,"[[5, 0], [3, 0]]",valence,0.38461538461538464,0.625,0.4807692307692308,3,1.0,4,0,0.0,0.0,0.7495570830039836,0.0,subject_dependent,rbf_svm,0.625,0.0,0.44285714285714284,0.3125,0.625,0.390625,0.5,0.625,0.625,0.4666666666666666,5,1.0,0,0.0
0.625,0.5666666666666667,"{""clf__C"": 1.0, ""clf__gamma"": 0.001}",0.18066355339680698,"[[4, 1], [2, 1]]",valence,0.5636363636363637,0.625,0.6045454545454546,2,0.6666666666666666,0,1,0.2,0.1428571428571429,0.5414978691138078,0.14907119849998599,subject_dependent,rbf_svm,0.6666666666666666,0.5,0.8055555555555556,0.5833333333333333,0.625,0.6041666666666666,0.5666666666666667,0.625,0.625,0.8666666666666667,4,0.8,1,0.3333333333333333
0.875,0.9,"{""clf__C"": 10.0, ""clf__gamma"": 0.001}",0.1924324292918112,"[[3, 0], [1, 4]]",valence,0.873015873015873,0.875,0.876984126984127,1,0.2,1,0,0.0,0.75,0.575696710440097,0.7745966692414834,subject_dependent,rbf_svm,0.75,1.0,0.9666666666666667,0.875,0.875,0.90625,0.9,0.875,0.875,0.9333333333333333,3,1.0,4,0.8
0.625,0.625,"{""clf__C"": 1.0, ""clf__gamma"": 0.001}",0.1941387022866485,"[[4, 0], [3, 1]]",valence,0.5636363636363637,0.625,0.5636363636363637,3,0.75,2,0,0.0,0.25,0.5766661083316111,0.3779644730092272,subject_dependent,rbf_svm,0.5714285714285714,1.0,0.875,0.7857142857142857,0.625,0.7857142857142857,0.625,0.625,0.625,0.75,4,1.0,1,0.25
0.625,0.5666666666666667,"{""clf__C"": 1.0, ""clf__gamma"": 0.001}",0.2502054989082106,"[[1, 2], [1, 4]]",valence,0.5636363636363637,0.625,0.6045454545454546,1,0.2,3,2,0.6666666666666666,0.1428571428571429,0.7115218742985692,0.14907119849998599,subject_dependent,rbf_svm,0.5,0.6666666666666666,0.6295238095238094,0.5833333333333333,0.625,0.6041666666666666,0.5666666666666667,0.625,0.625,0.4666666666666667,1,0.3333333333333333,4,0.8
0.625,0.7,"{""clf__C"": 10.0, ""clf__gamma"": 0.001}",0.213387331178202,"[[2, 3], [0, 3]]",valence,0.6190476190476191,0.625,0.6071428571428571,0,0.0,4,3,0.6,0.33333333333333337,0.6183273520272514,0.4472135954999579,subject_dependent,rbf_svm,1.0,0.5,0.9166666666666666,0.75,0.625,0.8125,0.7,0.625,0.625,0.9333333333333333,2,0.4,3,1.0
0.625,0.625,"{""clf__C"": 1.0, ""clf__gamma"": 0.001}",0.1889979727002809,"[[3, 1], [2, 2]]",valence,0.6190476190476191,0.625,0.6190476190476191,2,0.5,0,1,0.25,0.25,0.5968710509698472,0.2581988897471611,subject_dependent,rbf_svm,0.6,0.6666666666666666,0.8303571428571428,0.6333333333333333,0.625,0.6333333333333333,0.625,0.625,0.625,0.75,3,0.75,2,0.5
0.75,0.75,"{""clf__C"": 1.0, ""clf__gamma"": 0.001}",0.2110317190433592,"[[3, 1], [1, 3]]",valence,0.75,0.75,0.75,1,0.25,1,1,0.25,0.5,0.6130238161674451,0.5,subject_dependent,rbf_svm,0.75,0.75,0.8041666666666667,0.75,0.75,0.75,0.75,0.75,0.75,0.8125,3,0.75,3,0.75
0.75,0.75,"{""clf__C"": 0.1, ""clf__gamma"": 0.01}",0.2509120820368149,"[[3, 1], [1, 3]]",valence,0.75,0.75,0.75,1,0.25,2,1,0.25,0.5,0.6949746519152626,0.5,subject_dependent,rbf_svm,0.75,0.75,0.4571428571428572,0.75,0.75,0.75,0.75,0.75,0.75,0.25,3,0.75,3,0.75
0.75,0.8,"{""clf__C"": 10.0, ""clf__gamma"": 0.001}",0.16896632132184955,"[[3, 0], [2, 3]]",valence,0.75,0.75,0.75,2,0.4,3,0,0.0,0.5294117647058824,0.505891490457028,0.6,subject_dependent,rbf_svm,0.6,1.0,1.0,0.8,0.75,0.85,0.8,0.75,0.75,1.0,3,1.0,3,0.6
0.625,0.5666666666666667,"{""clf__C"": 1.0, ""clf__gamma"": 0.001}",0.23391204185114262,"[[4, 1], [2, 1]]",valence,0.5636363636363637,0.625,0.6045454545454546,2,0.6666666666666666,4,1,0.2,0.1428571428571429,0.692882640568687,0.14907119849998599,subject_dependent,rbf_svm,0.6666666666666666,0.5,0.6388888888888888,0.5833333333333333,0.625,0.6041666666666666,0.5666666666666667,0.625,0.625,0.8,4,0.8,1,0.3333333333333333
0.75,0.6666666666666666,"{""clf__C"": 1.0, ""clf__gamma"": 0.001}",0.36538976288193303,"[[5, 0], [2, 1]]",valence,0.6666666666666667,0.75,0.7083333333333334,2,0.6666666666666666,0,0,0.0,0.3846153846153846,0.999401866714807,0.4879500364742666,subject_dependent,rbf_svm,0.7142857142857143,1.0,0.2869047619047619,0.8571428571428572,0.75,0.8214285714285714,0.6666666666666666,0.75,0.75,0.06666666666666665,5,1.0,1,0.3333333333333333
0.875,0.9166666666666667,"{""clf__C"": 1.0, ""clf__gamma"": 0.001}",0.29050914547789947,"[[5, 1], [0, 2]]",valence,0.8545454545454545,0.875,0.8818181818181818,0,0.0,1,1,0.16666666666666666,0.7142857142857143,0.7892607952002261,0.7453559924999299,subject_dependent,rbf_svm,1.0,0.6666666666666666,0.19642857142857142,0.8333333333333333,0.875,0.9166666666666666,0.9166666666666667,0.875,0.875,0.0,5,0.8333333333333334,2,1.0
0.875,0.75,"{""clf__C"": 1.0, ""clf__gamma"": 0.001}",0.26705541745199396,"[[6, 0], [1, 1]]",valence,0.7948717948717949,0.875,0.8589743589743589,1,0.5,2,0,0.0,0.6,0.730121948186753,0.6546536707079772,subject_dependent,rbf_svm,0.8571428571428571,1.0,0.25,0.9285714285714286,0.875,0.8928571428571428,0.75,0.875,0.875,0.25,6,1.0,1,0.5
0.5,0.6666666666666666,"{""clf__C"": 10.0, ""clf__gamma"": 0.001}",0.4090863133322945,"[[2, 0], [4, 2]]",valence,0.5,0.5,0.5,4,0.6666666666666666,3,0,0.0,0.19999999999999996,1.102793610072534,0.3333333333333333,subject_dependent,rbf_svm,0.3333333333333333,1.0,0.7884920634920635,0.6666666666666666,0.5,0.8333333333333334,0.6666666666666666,0.5,0.5,0.3333333333333333,2,1.0,2,0.3333333333333333
0.5,0.3333333333333333,"{""clf__C"": 1.0, ""clf__gamma"": 0.001}",0.26602869462517553,"[[4, 2], [2, 0]]",valence,0.3333333333333333,0.5,0.5,2,1.0,4,2,0.3333333333333333,-0.33333333333333326,0.7399513222942005,-0.3333333333333333,subject_dependent,rbf_svm,0.6666666666666666,0.0,0.225,0.3333333333333333,0.5,0.5,0.3333333333333333,0.5,0.5,0.16666666666666669,4,0.6666666666666666,0,0.0
0.625,0.4166666666666667,"{""clf__C"": 1.0, ""clf__gamma"": 0.001}",0.2631478577195745,"[[0, 2], [1, 5]]",valence,0.38461538461538464,0.625,0.576923076923077,1,0.16666666666666666,0,2,1.0,-0.19999999999999996,0.7240126224370573,-0.2182178902359924,subject_dependent,rbf_svm,0.0,0.7142857142857143,0.6218253968253968,0.35714285714285715,0.625,0.5357142857142857,0.4166666666666667,0.625,0.625,0.08333333333333333,0,0.0,5,0.8333333333333334
0.375,0.5833333333333334,"{""clf__C"": 10.0, ""clf__gamma"": 0.001}",0.26314490334826607,"[[2, 0], [5, 1]]",valence,0.36507936507936506,0.375,0.32539682539682535,5,0.8333333333333334,1,0,0.0,0.09090909090909094,0.7241965540614522,0.2182178902359924,subject_dependent,rbf_svm,0.2857142857142857,1.0,0.7579365079365079,0.6428571428571428,0.375,0.8214285714285714,0.5833333333333334,0.375,0.375,0.3333333333333333,2,1.0,1,0.16666666666666666
0.375,0.375,"{""clf__C"": 1.0, ""clf__gamma"": 0.001}",0.24844609740162188,"[[1, 3], [2, 2]]",valence,0.36507936507936506,0.375,0.36507936507936506,2,0.5,2,3,0.75,-0.25,0.6980594883468795,-0.2581988897471611,subject_dependent,rbf_svm,0.3333333333333333,0.4,0.6791666666666667,0.3666666666666667,0.375,0.3666666666666667,0.375,0.375,0.375,0.75,1,0.25,2,0.5
0.5,0.5333333333333333,"{""clf__C"": 1.0, ""clf__gamma"": 0.001}",0.3394415062186784,"[[2, 3], [1, 2]]",valence,0.5,0.5,0.5,1,0.3333333333333333,3,3,0.6,0.05882352941176472,0.928295852586599,0.06666666666666667,subject_dependent,rbf_svm,0.6666666666666666,0.4,0.4206349206349207,0.5333333333333333,0.5,0.5666666666666667,0.5333333333333333,0.5,0.5,0.4666666666666666,2,0.4,2,0.6666666666666666
0.625,0.6333333333333333,"{""clf__C"": 10.0, ""clf__gamma"": 0.001}",0.26464661380069404,"[[3, 2], [1, 2]]",valence,0.6190476190476191,0.625,0.6309523809523809,1,0.3333333333333333,4,2,0.4,0.25,0.7251448490384429,0.2581988897471611,subject_dependent,rbf_svm,0.75,0.5,0.4777777777777778,0.625,0.625,0.65625,0.6333333333333333,0.625,0.625,0.6,3,0.6,2,0.6666666666666666
0.75,0.8,"{""clf__C"": 10.0, ""clf__gamma"": 0.001}",0.14234028120133757,"[[3, 0], [2, 3]]",valence,0.75,0.75,0.75,2,0.4,0,0,0.0,0.5294117647058824,0.43924738393663765,0.6,subject_dependent,rbf_svm,0.6,1.0,0.9666666666666667,0.8,0.75,0.85,0.8,0.75,0.75,0.9333333333333333,3,1.0,3,0.6
0.875,0.875,"{""clf__C"": 10.0, ""clf__gamma"": 0.001}",0.12061473234497361,"[[3, 1], [0, 4]]",valence,0.873015873015873,0.875,0.873015873015873,0,0.0,1,1,0.25,0.75,0.3780134731586061,0.7745966692414834,subject_dependent,rbf_svm,1.0,0.8,1.0,0.9,0.875,0.9,0.875,0.875,0.875,1.0,3,0.75,4,1.0
0.875,0.875,"{""clf__C"": 10.0, ""clf__gamma"": 0.001}",0.15238277570273373,"[[3, 1], [0, 4]]",valence,0.873015873015873,0.875,0.873015873015873,0,0.0,2,1,0.25,0.75,0.5159470337852899,0.7745966692414834,subject_dependent,rbf_svm,1.0,0.8,0.6791666666666667,0.9,0.875,0.9,0.875,0.875,0.875,0.75,3,0.75,4,1.0
0.625,0.4166666666666667,"{""clf__C"": 1.0, ""clf__gamma"": 0.001}",0.24193076696524904,"[[0, 2], [1, 5]]",valence,0.38461538461538464,0.625,0.576923076923077,1,0.16666666666666666,3,2,1.0,-0.19999999999999996,0.6961770292115397,-0.2182178902359924,subject_dependent,rbf_svm,0.0,0.7142857142857143,0.8357142857142856,0.35714285714285715,0.625,0.5357142857142857,0.4166666666666667,0.625,0.625,0.5,0,0.0,5,0.8333333333333334
0.625,0.5666666666666667,"{""clf__C"": 1.0, ""clf__gamma"": 0.001}",0.19175362759860273,"[[1, 2], [1, 4]]",valence,0.5636363636363637,0.625,0.6045454545454546,1,0.2,4,2,0.6666666666666666,0.1428571428571429,0.564658568729104,0.14907119849998599,subject_dependent,rbf_svm,0.5,0.6666666666666666,0.852857142857143,0.5833333333333333,0.625,0.6041666666666666,0.5666666666666667,0.625,0.625,0.7333333333333334,1,0.3333333333333333,4,0.8
0.375,0.375,"{""clf__C"": 1.0, ""clf__gamma"": 0.001}",0.2491442714107852,"[[1, 3], [2, 2]]",valence,0.36507936507936506,0.375,0.36507936507936506,2,0.5,0,3,0.75,-0.25,0.6906257103063399,-0.2581988897471611,subject_dependent,rbf_svm,0.3333333333333333,0.4,0.7928571428571428,0.3666666666666667,0.375,0.3666666666666667,0.375,0.375,0.375,0.6875,1,0.25,2,0.5
0.375,0.3,"{""clf__C"": 10.0, ""clf__gamma"": 0.001}",0.2151770042257046,"[[0, 3], [2, 3]]",valence,0.2727272727272727,0.375,0.3409090909090909,2,0.4,1,3,1.0,-0.4285714285714286,0.6223633419033672,-0.4472135954999579,subject_dependent,rbf_svm,0.0,0.5,1.0,0.25,0.375,0.3125,0.3,0.375,0.375,1.0,0,0.0,3,0.6
0.625,0.5,"{""clf__C"": 1.0, ""clf__gamma"": 0.01}",0.25060538021572,"[[0, 3], [0, 5]]",valence,0.38461538461538464,0.625,0.4807692307692308,0,0.0,2,3,1.0,0.0,0.6943765584404098,0.0,subject_dependent,rbf_svm,0.0,0.625,0.525952380952381,0.3125,0.625,0.390625,0.5,0.625,0.625,0.2,0,0.0,5,1.0
0.625,0.5,"{""clf__C"": 0.1, ""clf__gamma"": 0.001}",0.2678447759077335,"[[0, 3], [0, 5]]",valence,0.38461538461538464,0.625,0.4807692307692308,0,0.0,3,3,1.0,0.0,0.7289947671326578,0.0,subject_dependent,rbf_svm,0.0,0.625,0.9666666666666667,0.3125,0.625,0.390625,0.5,0.625,0.625,0.9333333333333333,0,0.0,5,1.0
0.5,0.5,"{""clf__C"": 1.0, ""clf__gamma"": 0.01}",0.26547354489111946,"[[0, 4], [0, 4]]",valence,0.3333333333333333,0.5,0.3333333333333333,0,0.0,4,4,1.0,0.0,0.72513838004387,0.0,subject_dependent,rbf_svm,0.0,0.5,0.4571428571428572,0.25,0.5,0.25,0.5,0.5,0.5,0.25,0,0.0,4,1.0
0.5,0.5,"{""clf__C"": 1.0, ""clf__gamma"": 0.01}",0.2558400906167454,"[[0, 4], [0, 4]]",valence,0.3333333333333333,0.5,0.3333333333333333,0,0.0,0,4,1.0,0.0,0.7049661129467237,0.0,subject_dependent,rbf_svm,0.0,0.5,0.5845238095238094,0.25,0.5,0.25,0.5,0.5,0.5,0.5625,0,0.0,4,1.0
0.5,0.5,"{""clf__C"": 10.0, ""clf__gamma"": 0.001}",0.2436985922169873,"[[1, 3], [1, 3]]",valence,0.4666666666666667,0.5,0.4666666666666667,1,0.25,1,3,0.75,0.0,0.6793092837293434,0.0,subject_dependent,rbf_svm,0.5,0.5,0.6845238095238095,0.5,0.5,0.5,0.5,0.5,0.5,0.5625,1,0.25,3,0.75
0.25,0.3333333333333333,"{""clf__C"": 10.0, ""clf__gamma"": 0.001}",0.21320750142825723,"[[2, 1], [5, 0]]",valence,0.2,0.25,0.15000000000000002,5,1.0,2,1,0.3333333333333333,-0.26315789473684204,0.6162027593483652,-0.4879500364742666,subject_dependent,rbf_svm,0.2857142857142857,0.0,0.852857142857143,0.14285714285714285,0.25,0.10714285714285714,0.3333333333333333,0.25,0.25,0.7333333333333334,2,0.6666666666666666,0,0.0
0.25,0.5,"{""clf__C"": 1.0, ""clf__gamma"": 0.001}",0.25287684584011716,"[[2, 0], [6, 0]]",valence,0.2,0.25,0.1,6,1.0,3,0,0.0,0.0,0.7701044173699338,0.0,subject_dependent,rbf_svm,0.25,0.0,0.6218253968253968,0.125,0.25,0.0625,0.5,0.25,0.25,0.08333333333333333,2,1.0,0,0.0
0.5,0.5,"{""clf__C"": 1.0, ""clf__gamma"": 0.001}",0.391405956766403,"[[3, 1], [3, 1]]",valence,0.4666666666666667,0.5,0.4666666666666667,3,0.75,4,1,0.25,0.0,1.083833276245914,0.0,subject_dependent,rbf_svm,0.5,0.5,0.6041666666666666,0.5,0.5,0.5,0.5,0.5,0.5,0.5625,3,0.75,1,0.25
0.375,0.5,"{""clf__C"": 1.0, ""clf__gamma"": 0.01}",0.26420861834236087,"[[0, 5], [0, 3]]",valence,0.2727272727272727,0.375,0.20454545454545453,0,0.0,0,5,1.0,0.0,0.7216580411067859,0.0,subject_dependent,rbf_svm,0.0,0.375,0.5535714285714286,0.1875,0.375,0.140625,0.5,0.375,0.375,0.3333333333333333,0,0.0,3,1.0
0.625,0.6333333333333333,"{""clf__C"": 10.0, ""clf__gamma"": 0.001}",0.2528451538822294,"[[2, 1], [2, 3]]",valence,0.6190476190476191,0.625,0.6309523809523809,2,0.4,1,1,0.3333333333333333,0.25,0.6988254002983303,0.2581988897471611,subject_dependent,rbf_svm,0.5,0.75,0.6792857142857143,0.625,0.625,0.65625,0.6333333333333333,0.625,0.625,0.33333333333333337,2,0.6666666666666666,3,0.6
0.375,0.43333333333333335,"{""clf__C"": 10.0, ""clf__gamma"": 0.001}",0.39069629623520463,"[[1, 4], [1, 2]]",valence,0.36507936507936506,0.375,0.34523809523809523,1,0.3333333333333333,2,4,0.8,-0.11111111111111116,1.0016852077564569,-0.14907119849998599,subject_dependent,rbf_svm,0.5,0.3333333333333333,0.3206349206349206,0.41666666666666663,0.375,0.4375,0.43333333333333335,0.375,0.375,0.19999999999999996,1,0.2,2,0.6666666666666666
0.75,0.75,"{""clf__C"": 1.0, ""clf__gamma"": 0.001}",0.4166979985638507,"[[4, 0], [2, 2]]",valence,0.7333333333333334,0.75,0.7333333333333334,2,0.5,3,0,0.0,0.5,1.0789633116479773,0.5773502691896258,subject_dependent,rbf_svm,0.6666666666666666,1.0,0.3988095238095238,0.8333333333333333,0.75,0.8333333333333333,0.75,0.75,0.75,0.125,4,1.0,2,0.5
0.5,0.5,"{""clf__C"": 10.0, ""clf__gamma"": 0.001}",0.336979145283576,"[[1, 1], [3, 3]]",valence,0.4666666666666667,0.5,0.5333333333333333,3,0.5,4,1,0.5,0.0,0.9116676577588293,0.0,subject_dependent,rbf_svm,0.25,0.75,0.7345238095238095,0.5,0.5,0.625,0.5,0.5,0.5,0.5,1,0.5,3,0.5
0.375,0.41666666666666663,"{""clf__C"": 10.0, ""clf__gamma"": 0.001}",0.24647481584672198,"[[2, 4], [1, 1]]",valence,0.36507936507936506,0.375,0.40476190476190477,1,0.5,0,4,0.6666666666666666,-0.11111111111111116,0.6861019459203235,-0.14907119849998599,subject_dependent,rbf_svm,0.6666666666666666,0.2,0.45,0.43333333333333335,0.375,0.55,0.41666666666666663,0.375,0.375,0.6666666666666667,2,0.3333333333333333,1,0.5
0.625,0.6333333333333333,"{""clf__C"": 10.0, ""clf__gamma"": 0.001}",0.38779416862344507,"[[2, 1], [2, 3]]",valence,0.6190476190476191,0.625,0.6309523809523809,2,0.4,1,1,0.3333333333333333,0.25,1.0137349266028943,0.2581988897471611,subject_dependent,rbf_svm,0.5,0.75,0.525952380952381,0.625,0.625,0.65625,0.6333333333333333,0.625,0.625,0.2,2,0.6666666666666666,3,0.6
0.375,0.375,"{""clf__C"": 10.0, ""clf__gamma"": 0.001}",0.2580769832651083,"[[2, 2], [3, 1]]",valence,0.36507936507936506,0.375,0.36507936507936506,3,0.75,2,2,0.5,-0.25,0.7089530351993236,-0.2581988897471611,subject_dependent,rbf_svm,0.4,0.3333333333333333,0.5428571428571428,0.3666666666666667,0.375,0.3666666666666667,0.375,0.375,0.375,0.5,2,0.5,1,0.25
0.25,0.25,"{""clf__C"": 1.0, ""clf__gamma"": 0.001}",0.24478881717728285,"[[2, 2], [4, 0]]",valence,0.2,0.25,0.2,4,1.0,3,2,0.5,-0.5,0.6824908903027422,-0.5773502691896258,subject_dependent,rbf_svm,0.3333333333333333,0.0,0.7333333333333333,0.16666666666666666,0.25,0.16666666666666666,0.25,0.25,0.25,0.6875,2,0.5,0,0.0
0.5,0.4666666666666667,"{""clf__C"": 10.0, ""clf__gamma"": 0.001}",0.2516833630629148,"[[3, 2], [2, 1]]",valence,0.4666666666666667,0.5,0.5,2,0.6666666666666666,4,2,0.4,-0.06666666666666665,0.6993132274443137,-0.06666666666666667,subject_dependent,rbf_svm,0.6,0.3333333333333333,0.6428571428571429,0.4666666666666667,0.5,0.5,0.4666666666666667,0.5,0.5,0.6,3,0.6,1,0.3333333333333333
0.5,0.5,"{""clf__C"": 1.0, ""clf__gamma"": 0.001}",0.43674017641081725,"[[3, 1], [3, 1]]",valence,0.4666666666666667,0.5,0.4666666666666667,3,0.75,0,1,0.25,0.0,1.4626078667788962,0.0,subject_dependent,rbf_svm,0.5,0.5,0.5416666666666666,0.5,0.5,0.5,0.5,0.5,0.5,0.4375,3,0.75,1,0.25
0.625,0.75,"{""clf__C"": 1.0, ""clf__gamma"": 0.001}",0.3319787361156066,"[[2, 0], [3, 3]]",valence,0.6190476190476191,0.625,0.6428571428571428,3,0.5,1,0,0.0,0.33333333333333337,0.8789576518942432,0.4472135954999579,subject_dependent,rbf_svm,0.4,1.0,0.7884920634920635,0.7,0.625,0.85,0.75,0.625,0.625,0.3333333333333333,2,1.0,3,0.5
0.375,0.41666666666666663,"{""clf__C"": 1.0, ""clf__gamma"": 0.001}",0.19302979097684125,"[[1, 1], [4, 2]]",valence,0.36507936507936506,0.375,0.40476190476190477,4,0.6666666666666666,2,1,0.5,-0.11111111111111116,0.5722188227640002,-0.14907119849998599,subject_dependent,rbf_svm,0.2,0.6666666666666666,0.8,0.43333333333333335,0.375,0.55,0.41666666666666663,0.375,0.375,0.5,1,0.5,2,0.3333333333333333
0.5,0.4666666666666667,"{""clf__C"": 1.0, ""clf__gamma"": 0.001}",0.20661621566014884,"[[1, 2], [2, 3]]",valence,0.4666666666666667,0.5,0.5,2,0.4,3,2,0.6666666666666666,-0.06666666666666665,0.6093449439697949,-0.06666666666666667,subject_dependent,rbf_svm,0.3333333333333333,0.6,0.71,0.4666666666666667,0.5,0.5,0.4666666666666667,0.5,0.5,0.6666666666666667,1,0.3333333333333333,3,0.6
0.75,0.7333333333333334,"{""clf__C"": 1.0, ""clf__gamma"": 0.001}",0.3939859949456352,"[[2, 1], [1, 4]]",valence,0.7333333333333334,0.75,0.75,1,0.2,4,1,0.3333333333333333,0.4666666666666667,1.0388332187198501,0.4666666666666667,subject_dependent,rbf_svm,0.6666666666666666,0.8,0.4859523809523809,0.7333333333333334,0.75,0.75,0.7333333333333334,0.75,0.75,0.06666666666666668,2,0.6666666666666666,4,0.8
0.5,0.5333333333333333,"{""clf__C"": 1.0, ""clf__gamma"": 0.001}",0.39696170631412864,"[[2, 3], [1, 2]]",valence,0.5,0.5,0.5,1,0.3333333333333333,0,3,0.6,0.05882352941176472,1.4083425567735919,0.06666666666666667,subject_dependent,rbf_svm,0.6666666666666666,0.4,0.5317460317460317,0.5333333333333333,0.5,0.5666666666666667,0.5333333333333333,0.5,0.5,0.6,2,0.4,2,0.6666666666666666
0.875,0.875,"{""clf__C"": 1.0, ""clf__gamma"": 0.001}",0.25695059956277694,"[[3, 1], [0, 4]]",valence,0.873015873015873,0.875,0.873015873015873,0,0.0,1,1,0.25,0.75,0.7072064433356315,0.7745966692414834,subject_dependent,rbf_svm,1.0,0.8,0.37797619047619047,0.9,0.875,0.9,0.875,0.875,0.875,0.0625,3,0.75,4,1.0
0.75,0.7333333333333334,"{""clf__C"": 1.0, ""clf__gamma"": 0.001}",0.3051106738527147,"[[2, 1], [1, 4]]",valence,0.7333333333333334,0.75,0.75,1,0.2,2,1,0.3333333333333333,0.4666666666666667,0.8068238912945314,0.4666666666666667,subject_dependent,rbf_svm,0.6666666666666666,0.8,0.525952380952381,0.7333333333333334,0.75,0.75,0.7333333333333334,0.75,0.75,0.2,2,0.6666666666666666,4,0.8
0.75,0.8,"{""clf__C"": 1.0, ""clf__gamma"": 0.001}",0.1782673106125522,"[[3, 2], [0, 3]]",valence,0.75,0.75,0.75,0,0.0,3,2,0.4,0.5294117647058824,0.5445909986735483,0.6,subject_dependent,rbf_svm,1.0,0.6,0.9166666666666666,0.8,0.75,0.85,0.8,0.75,0.75,0.9333333333333333,3,0.6,3,1.0
0.5,0.5333333333333333,"{""clf__C"": 1.0, ""clf__gamma"": 0.001}",0.2415345931848431,"[[2, 3], [1, 2]]",valence,0.5,0.5,0.5,1,0.3333333333333333,4,3,0.6,0.05882352941176472,0.6744861522601262,0.06666666666666667,subject_dependent,rbf_svm,0.6666666666666666,0.4,0.6428571428571429,0.5333333333333333,0.5,0.5666666666666667,0.5333333333333333,0.5,0.5,0.6,2,0.4,2,0.6666666666666666
0.875,0.8333333333333333,"{""clf__C"": 0.1, ""clf__gamma"": 0.001}",0.2477722482159207,"[[5, 0], [1, 2]]",valence,0.8545454545454545,0.875,0.8681818181818182,1,0.3333333333333333,0,0,0.0,0.7142857142857143,0.68870617957328,0.7453559924999299,subject_dependent,rbf_svm,0.8333333333333334,1.0,0.33134920634920634,0.9166666666666667,0.875,0.8958333333333334,0.8333333333333333,0.875,0.875,0.19999999999999998,5,1.0,2,0.6666666666666666
0.75,0.7333333333333334,"{""clf__C"": 0.1, ""clf__gamma"": 0.01}",0.25,"[[4, 1], [1, 2]]",valence,0.7333333333333334,0.75,0.75,1,0.3333333333333333,1,1,0.2,0.4666666666666667,0.6931471805599453,0.4666666666666667,subject_dependent,rbf_svm,0.8,0.6666666666666666,0.375,0.7333333333333334,0.75,0.75,0.7333333333333334,0.75,0.75,0.5,4,0.8,2,0.6666666666666666
0.375,0.375,"{""clf__C"": 10.0, ""clf__gamma"": 0.001}",0.3104406304943742,"[[2, 2], [3, 1]]",valence,0.36507936507936506,0.375,0.36507936507936506,3,0.75,2,2,0.5,-0.25,0.8113370118094101,-0.2581988897471611,subject_dependent,rbf_svm,0.4,0.3333333333333333,0.5821428571428572,0.3666666666666667,0.375,0.3666666666666667,0.375,0.375,0.375,0.3125,2,0.5,1,0.25
0.375,0.43333333333333335,"{""clf__C"": 10.0, ""clf__gamma"": 0.001}",0.3037531539675839,"[[2, 1], [4, 1]]",valence,0.36507936507936506,0.375,0.34523809523809523,4,0.8,3,1,0.3333333333333333,-0.11111111111111116,0.8051963079736295,-0.14907119849998599,subject_dependent,rbf_svm,0.3333333333333333,0.5,0.6116666666666666,0.41666666666666663,0.375,0.4375,0.43333333333333335,0.375,0.375,0.4,2,0.6666666666666666,1,0.2
0.5,0.5,"{""clf__C"": 1.0, ""clf__gamma"": 0.001}",0.42159081127221754,"[[2, 2], [2, 2]]",valence,0.5,0.5,0.5,2,0.5,4,2,0.5,0.0,1.2911111124553145,0.0,subject_dependent,rbf_svm,0.5,0.5,0.48214285714285715,0.5,0.5,0.5,0.5,0.5,0.5,0.3125,2,0.5,2,0.5
0.375,0.5,"{""clf__C"": 1.0, ""clf__gamma"": 0.01}",0.4196421424736866,"[[0, 5], [0, 3]]",valence,0.2727272727272727,0.375,0.20454545454545453,0,0.0,0,5,1.0,0.0,1.1157159775689984,0.0,subject_dependent,rbf_svm,0.0,0.375,0.7555555555555555,0.1875,0.375,0.140625,0.5,0.375,0.375,0.8,0,0.0,3,1.0
0.375,0.25,"{""clf__C"": 1.0, ""clf__gamma"": 0.001}",0.2654770693192239,"[[0, 2], [3, 3]]",valence,0.2727272727272727,0.375,0.40909090909090906,3,0.5,1,2,1.0,-0.4285714285714286,0.7255095447870579,-0.4472135954999579,subject_dependent,rbf_svm,0.0,0.6,0.732936507936508,0.3,0.375,0.44999999999999996,0.25,0.375,0.375,0.25,0,0.0,3,0.5
0.75,0.6666666666666666,"{""clf__C"": 10.0, ""clf__gamma"": 0.001}",0.23145958945023434,"[[1, 2], [0, 5]]",valence,0.6666666666666667,0.75,0.7083333333333334,0,0.0,2,2,0.6666666666666666,0.3846153846153846,0.655080372444073,0.4879500364742666,subject_dependent,rbf_svm,1.0,0.7142857142857143,0.925,0.8571428571428572,0.75,0.8214285714285714,0.6666666666666666,0.75,0.75,0.8,1,0.3333333333333333,5,1.0
0.625,0.4166666666666667,"{""clf__C"": 10.0, ""clf__gamma"": 0.001}",0.1836730456865604,"[[0, 2], [1, 5]]",valence,0.38461538461538464,0.625,0.576923076923077,1,0.16666666666666666,3,2,1.0,-0.19999999999999996,0.5501982919301297,-0.2182178902359924,subject_dependent,rbf_svm,0.0,0.7142857142857143,0.9305555555555556,0.35714285714285715,0.625,0.5357142857142857,0.4166666666666667,0.625,0.625,0.75,0,0.0,5,0.8333333333333334
0.375,0.5833333333333334,"{""clf__C"": 1.0, ""clf__gamma"": 0.001}",0.1987113581321303,"[[2, 0], [5, 1]]",valence,0.36507936507936506,0.375,0.32539682539682535,5,0.8333333333333334,4,0,0.0,0.09090909090909094,0.5879437432664015,0.2182178902359924,subject_dependent,rbf_svm,0.2857142857142857,1.0,1.0,0.6428571428571428,0.375,0.8214285714285714,0.5833333333333334,0.375,0.375,1.0,2,1.0,1,0.16666666666666666
0.625,0.5,"{""clf__C"": 1.0, ""clf__gamma"": 0.01}",0.25787102288874003,"[[0, 3], [0, 5]]",valence,0.38461538461538464,0.625,0.4807692307692308,0,0.0,0,3,1.0,0.0,0.7210806153174476,0.0,subject_dependent,rbf_svm,0.0,0.625,0.8083333333333333,0.3125,0.625,0.390625,0.5,0.625,0.625,0.6,0,0.0,5,1.0
0.75,0.5,"{""clf__C"": 0.1, ""clf__gamma"": 0.01}",0.18954325417160356,"[[0, 2], [0, 6]]",valence,0.42857142857142855,0.75,0.6428571428571428,0,0.0,1,2,1.0,0.0,0.5683017872353615,0.0,subject_dependent,rbf_svm,0.0,0.75,0.9107142857142857,0.375,0.75,0.5625,0.5,0.75,0.75,0.6666666666666666,0,0.0,6,1.0
0.875,0.5,"{""clf__C"": 0.1, ""clf__gamma"": 0.01}",0.16263183190044617,"[[0, 1], [0, 7]]",valence,0.4666666666666667,0.875,0.8166666666666667,0,0.0,2,1,1.0,0.0,0.5139253242747799,0.0,subject_dependent,rbf_svm,0.0,0.875,0.9617346938775511,0.4375,0.875,0.765625,0.5,0.875,0.875,0.7142857142857143,0,0.0,7,1.0
0.5,0.5,"{""clf__C"": 0.1, ""clf__gamma"": 0.01}",0.26159733875322805,"[[0, 4], [0, 4]]",valence,0.3333333333333333,0.5,0.3333333333333333,0,0.0,3,4,1.0,0.0,0.7168970768188909,0.0,subject_dependent,rbf_svm,0.0,0.5,0.8041666666666667,0.25,0.5,0.25,0.5,0.5,0.5,0.8125,0,0.0,4,1.0
0.75,0.75,"{""clf__C"": 10.0, ""clf__gamma"": 0.001}",,"[[0, 0], [2, 6]]",valence,0.42857142857142855,0.75,0.8571428571428571,,,4,,,0.0,,0.0,subject_dependent,rbf_svm,,,1.0,0.5,0.75,1.0,0.375,0.75,0.75,nan,,,,
0.625,0.5,"{""clf__C"": 1.0, ""clf__gamma"": 0.1}",0.23454401331149374,"[[0, 3], [0, 5]]",valence,0.38461538461538464,0.625,0.4807692307692308,0,0.0,0,3,1.0,0.0,0.6619206280825891,0.0,subject_dependent,rbf_svm,0.0,0.625,0.7142857142857143,0.3125,0.625,0.390625,0.5,0.625,0.625,0.6666666666666667,0,0.0,5,1.0
0.375,0.43333333333333335,"{""clf__C"": 1.0, ""clf__gamma"": 0.001}",0.24251192680323816,"[[2, 1], [4, 1]]",valence,0.36507936507936506,0.375,0.34523809523809523,4,0.8,1,1,0.3333333333333333,-0.11111111111111116,0.676812766448289,-0.14907119849998599,subject_dependent,rbf_svm,0.3333333333333333,0.5,0.8083333333333333,0.41666666666666663,0.375,0.4375,0.43333333333333335,0.375,0.375,0.6,2,0.6666666666666666,1,0.2
0.25,0.25,"{""clf__C"": 10.0, ""clf__gamma"": 0.001}",0.36819255415941915,"[[1, 3], [3, 1]]",valence,0.25,0.25,0.25,3,0.75,2,3,0.75,-0.5,0.9806498970003231,-0.5,subject_dependent,rbf_svm,0.25,0.25,0.8125,0.25,0.25,0.25,0.25,0.25,0.25,0.6875,1,0.25,1,0.25
0.625,0.5833333333333333,"{""clf__C"": 10.0, ""clf__gamma"": 0.001}",0.21423508630546292,"[[1, 1], [2, 4]]",valence,0.5636363636363637,0.625,0.6454545454545454,2,0.3333333333333333,3,1,0.5,0.1428571428571429,0.6209407362259252,0.14907119849998599,subject_dependent,rbf_svm,0.3333333333333333,0.8,0.8178571428571428,0.5666666666666667,0.625,0.6833333333333335,0.5833333333333333,0.625,0.625,0.5833333333333334,1,0.5,4,0.6666666666666666
0.25,0.3333333333333333,"{""clf__C"": 1.0, ""clf__gamma"": 0.001}",0.22796676336925373,"[[2, 1], [5, 0]]",valence,0.2,0.25,0.15000000000000002,5,1.0,4,1,0.3333333333333333,-0.26315789473684204,0.6479843427498875,-0.4879500364742666,subject_dependent,rbf_svm,0.2857142857142857,0.0,0.7861904761904762,0.14285714285714285,0.25,0.10714285714285714,0.3333333333333333,0.25,0.25,0.6666666666666667,2,0.6666666666666666,0,0.0
0.875,0.875,"{""clf__C"": 1.0, ""clf__gamma"": 0.001}",0.4242393239785741,"[[4, 0], [1, 3]]",valence,0.873015873015873,0.875,0.873015873015873,1,0.25,0,0,0.0,0.75,1.21002691356947,0.7745966692414834,subject_dependent,rbf_svm,0.8,1.0,0.37797619047619047,0.9,0.875,0.9,0.875,0.875,0.875,0.0625,4,1.0,3,0.75
0.75,0.7333333333333334,"{""clf__C"": 10.0, ""clf__gamma"": 0.001}",0.1750407494802956,"[[2, 1], [1, 4]]",valence,0.7333333333333334,0.75,0.75,1,0.2,1,1,0.3333333333333333,0.4666666666666667,0.5298206134326323,0.4666666666666667,subject_dependent,rbf_svm,0.6666666666666666,0.8,0.71,0.7333333333333334,0.75,0.75,0.7333333333333334,0.75,0.75,0.6666666666666667,2,0.6666666666666666,4,0.8
0.375,0.375,"{""clf__C"": 1.0, ""clf__gamma"": 0.001}",0.3126580393534395,"[[2, 2], [3, 1]]",valence,0.36507936507936506,0.375,0.36507936507936506,3,0.75,2,2,0.5,-0.25,0.8306114140703144,-0.2581988897471611,subject_dependent,rbf_svm,0.4,0.3333333333333333,0.4928571428571429,0.3666666666666667,0.375,0.3666666666666667,0.375,0.375,0.375,0.375,2,0.5,1,0.25
0.875,0.9166666666666667,"{""clf__C"": 10.0, ""clf__gamma"": 0.001}",0.23299879643682397,"[[2, 0], [1, 5]]",valence,0.8545454545454545,0.875,0.8818181818181818,1,0.16666666666666666,3,0,0.0,0.7142857142857143,0.7029844968354052,0.7453559924999299,subject_dependent,rbf_svm,0.6666666666666666,1.0,0.9583333333333334,0.8333333333333333,0.875,0.9166666666666666,0.9166666666666667,0.875,0.875,0.8333333333333334,2,1.0,5,0.8333333333333334
0.625,0.625,"{""clf__C"": 10.0, ""clf__gamma"": 0.001}",0.23315362823004956,"[[2, 2], [1, 3]]",valence,0.6190476190476191,0.625,0.6190476190476191,1,0.25,4,2,0.5,0.25,0.6535666440122645,0.2581988897471611,subject_dependent,rbf_svm,0.6666666666666666,0.6,0.8166666666666667,0.6333333333333333,0.625,0.6333333333333333,0.625,0.625,0.625,0.75,2,0.5,3,0.75
0.5,0.3333333333333333,"{""clf__C"": 10.0, ""clf__gamma"": 0.001}",0.20496387252672268,"[[0, 2], [2, 4]]",valence,0.3333333333333333,0.5,0.5,2,0.3333333333333333,0,2,1.0,-0.33333333333333326,0.5906688160881544,-0.3333333333333333,subject_dependent,rbf_svm,0.0,0.6666666666666666,0.8773809523809524,0.3333333333333333,0.5,0.5,0.3333333333333333,0.5,0.5,0.5833333333333333,0,0.0,4,0.6666666666666666
0.5,0.3333333333333333,"{""clf__C"": 10.0, ""clf__gamma"": 0.001}",0.2653650074786564,"[[0, 2], [2, 4]]",valence,0.3333333333333333,0.5,0.5,2,0.3333333333333333,1,2,1.0,-0.33333333333333326,0.7343581623620112,-0.3333333333333333,subject_dependent,rbf_svm,0.0,0.6666666666666666,0.594047619047619,0.3333333333333333,0.5,0.5,0.3333333333333333,0.5,0.5,0.0,0,0.0,4,0.6666666666666666
0.5,0.4,"{""clf__C"": 10.0, ""clf__gamma"": 0.001}",0.3246847471189715,"[[0, 3], [1, 4]]",valence,0.3333333333333333,0.5,0.41666666666666663,1,0.2,2,3,1.0,-0.23076923076923084,0.9063467131336178,-0.29277002188455997,subject_dependent,rbf_svm,0.0,0.5714285714285714,0.7783333333333333,0.2857142857142857,0.5,0.3571428571428571,0.4,0.5,0.5,0.5333333333333334,0,0.0,4,0.8
0.375,0.5,"{""clf__C"": 0.1, ""clf__gamma"": 0.001}",0.2591866814839277,"[[3, 0], [5, 0]]",valence,0.2727272727272727,0.375,0.20454545454545453,5,1.0,3,0,0.0,0.0,0.7253835261823787,0.0,subject_dependent,rbf_svm,0.375,0.0,0.525952380952381,0.1875,0.375,0.140625,0.5,0.375,0.375,0.2,3,1.0,0,0.0
0.5,0.4666666666666667,"{""clf__C"": 1.0, ""clf__gamma"": 0.001}",0.2168286905303849,"[[1, 2], [2, 3]]",valence,0.4666666666666667,0.5,0.5,2,0.4,4,2,0.6666666666666666,-0.06666666666666665,0.6219468552163823,-0.06666666666666667,subject_dependent,rbf_svm,0.3333333333333333,0.6,0.7595238095238095,0.4666666666666667,0.5,0.5,0.4666666666666667,0.5,0.5,0.6000000000000001,1,0.3333333333333333,3,0.6
0.5,0.5,"{""clf__C"": 1.0, ""clf__gamma"": 0.001}",0.22590324564135705,"[[1, 3], [1, 3]]",valence,0.4666666666666667,0.5,0.4666666666666667,1,0.25,0,3,0.75,0.0,0.6231767516544728,0.0,subject_dependent,rbf_svm,0.5,0.5,0.8303571428571428,0.5,0.5,0.5,0.5,0.5,0.5,0.75,1,0.25,3,0.75
0.5,0.4666666666666667,"{""clf__C"": 10.0, ""clf__gamma"": 0.001}",0.22615507035963156,"[[1, 2], [2, 3]]",valence,0.4666666666666667,0.5,0.5,2,0.4,1,2,0.6666666666666666,-0.06666666666666665,0.6400453759540957,-0.06666666666666667,subject_dependent,rbf_svm,0.3333333333333333,0.6,0.7961904761904761,0.4666666666666667,0.5,0.5,0.4666666666666667,0.5,0.5,0.6000000000000001,1,0.3333333333333333,3,0.6
1.0,1.0,"{""clf__C"": 1.0, ""clf__gamma"": 0.001}",0.2933829242631668,"[[3, 0], [0, 5]]",valence,1.0,1.0,1.0,0,0.0,2,0,0.0,1.0,0.783583353361206,1.0,subject_dependent,rbf_svm,1.0,1.0,0.46928571428571425,1.0,1.0,1.0,1.0,1.0,1.0,0.0,3,1.0,5,1.0
0.75,0.75,"{""clf__C"": 1.0, ""clf__gamma"": 0.001}",0.22250832666148587,"[[3, 1], [1, 3]]",valence,0.75,0.75,0.75,1,0.25,3,1,0.25,0.5,0.6370360858751019,0.5,subject_dependent,rbf_svm,0.75,0.75,0.6458333333333333,0.75,0.75,0.75,0.75,0.75,0.75,0.6875,3,0.75,3,0.75
0.625,0.5666666666666667,"{""clf__C"": 10.0, ""clf__gamma"": 0.001}",0.25996973467743806,"[[1, 2], [1, 4]]",valence,0.5636363636363637,0.625,0.6045454545454546,1,0.2,4,2,0.6666666666666666,0.1428571428571429,0.7215257470937437,0.14907119849998599,subject_dependent,rbf_svm,0.5,0.6666666666666666,0.5783333333333334,0.5833333333333333,0.625,0.6041666666666666,0.5666666666666667,0.625,0.625,0.33333333333333337,1,0.3333333333333333,4,0.8
0.0,0.0,"{""clf__C"": 1.0, ""clf__gamma"": 0.001}",0.11444965516945935,"[[0, 4], [4, 0]]",valence,0.0,0.0,0.0,4,1.0,0,4,1.0,-1.0,0.40598929747649987,-1.0,subject_dependent,rbf_svm,0.0,0.0,1.0,0.0,0.0,0.0,0.0,0.0,0.0,1.0,0,0.0,0,0.0
0.75,0.75,"{""clf__C"": 10.0, ""clf__gamma"": 0.001}",0.3737372267158708,"[[3, 1], [1, 3]]",valence,0.75,0.75,0.75,1,0.25,1,1,0.25,0.5,0.9668500081962976,0.5,subject_dependent,rbf_svm,0.75,0.75,0.44047619047619047,0.75,0.75,0.75,0.75,0.75,0.75,0.1875,3,0.75,3,0.75
0.5,0.5333333333333333,"{""clf__C"": 10.0, ""clf__gamma"": 0.001}",0.2538386561543874,"[[2, 1], [3, 2]]",valence,0.5,0.5,0.5,3,0.6,2,1,0.3333333333333333,0.05882352941176472,0.7008009641686801,0.06666666666666667,subject_dependent,rbf_svm,0.4,0.6666666666666666,0.7961904761904761,0.5333333333333333,0.5,0.5666666666666667,0.5333333333333333,0.5,0.5,0.6000000000000001,2,0.6666666666666666,2,0.4
0.375,0.3,"{""clf__C"": 10.0, ""clf__gamma"": 0.001}",0.22567197576159514,"[[3, 2], [3, 0]]",valence,0.2727272727272727,0.375,0.3409090909090909,3,1.0,3,2,0.4,-0.4285714285714286,0.6250129520251473,-0.4472135954999579,subject_dependent,rbf_svm,0.5,0.0,0.6333333333333333,0.25,0.375,0.3125,0.3,0.375,0.375,0.6,3,0.6,0,0.0
0.125,0.125,"{""clf__C"": 1.0, ""clf__gamma"": 0.001}",0.13990555554844958,"[[1, 3], [4, 0]]",valence,0.1111111111111111,0.125,0.1111111111111111,4,1.0,4,3,0.75,-0.75,0.4640201687750601,-0.7745966692414834,subject_dependent,rbf_svm,0.2,0.0,1.0,0.1,0.125,0.1,0.125,0.125,0.125,1.0,1,0.25,0,0.0
0.625,0.5666666666666667,"{""clf__C"": 1.0, ""clf__gamma"": 0.001}",0.23462670216111045,"[[1, 2], [1, 4]]",arousal,0.5636363636363637,0.625,0.6045454545454546,1,0.2,0,2,0.6666666666666666,0.1428571428571429,0.66208971317776,0.14907119849998599,subject_dependent,rbf_svm,0.5,0.6666666666666666,0.885,0.5833333333333333,0.625,0.6041666666666666,0.5666666666666667,0.625,0.625,0.7333333333333334,1,0.3333333333333333,4,0.8
0.75,0.6666666666666666,"{""clf__C"": 10.0, ""clf__gamma"": 0.001}",0.16163543339349212,"[[1, 2], [0, 5]]",arousal,0.6666666666666667,0.75,0.7083333333333334,0,0.0,1,2,0.6666666666666666,0.3846153846153846,0.5023299667234076,0.4879500364742666,subject_dependent,rbf_svm,1.0,0.7142857142857143,0.81,0.8571428571428572,0.75,0.8214285714285714,0.6666666666666666,0.75,0.75,0.7333333333333334,1,0.3333333333333333,5,1.0
0.5,0.5333333333333333,"{""clf__C"": 1.0, ""clf__gamma"": 0.001}",0.2945442417049956,"[[2, 3], [1, 2]]",arousal,0.5,0.5,0.5,1,0.3333333333333333,2,3,0.6,0.05882352941176472,0.7845203557949938,0.06666666666666667,subject_dependent,rbf_svm,0.6666666666666666,0.4,0.7222222222222223,0.5333333333333333,0.5,0.5666666666666667,0.5333333333333333,0.5,0.5,0.7333333333333333,2,0.4,2,0.6666666666666666
0.625,0.5666666666666667,"{""clf__C"": 1.0, ""clf__gamma"": 0.001}",0.23091658150044078,"[[1, 2], [1, 4]]",arousal,0.5636363636363637,0.625,0.6045454545454546,1,0.2,3,2,0.6666666666666666,0.1428571428571429,0.6520124440507902,0.14907119849998599,subject_dependent,rbf_svm,0.5,0.6666666666666666,0.8350000000000001,0.5833333333333333,0.625,0.6041666666666666,0.5666666666666667,0.625,0.625,0.6666666666666667,1,0.3333333333333333,4,0.8
0.5,0.5,"{""clf__C"": 1.0, ""clf__gamma"": 0.001}",0.24405812815804354,"[[1, 1], [3, 3]]",arousal,0.4666666666666667,0.5,0.5333333333333333,3,0.5,4,1,0.5,0.0,0.6798312164567604,0.0,subject_dependent,rbf_svm,0.25,0.75,0.8551587301587301,0.5,0.5,0.625,0.5,0.5,0.5,0.5,1,0.5,3,0.5
0.375,0.3666666666666667,"{""clf__C"": 1.0, ""clf__gamma"": 0.001}",0.2513261312301357,"[[1, 2], [3, 2]]",arousal,0.36507936507936506,0.375,0.38492063492063494,3,0.6,0,2,0.6666666666666666,-0.25,0.6912596763756926,-0.2581988897471611,subject_dependent,rbf_svm,0.25,0.5,0.7892857142857144,0.375,0.375,0.40625,0.3666666666666667,0.375,0.375,0.5333333333333333,1,0.3333333333333333,2,0.4
0.5,0.4,"{""clf__C"": 1.0, ""clf__gamma"": 0.001}",0.2809750709642177,"[[0, 3], [1, 4]]",arousal,0.3333333333333333,0.5,0.41666666666666663,1,0.2,1,3,1.0,-0.23076923076923084,0.7553521876916537,-0.29277002188455997,subject_dependent,rbf_svm,0.0,0.5714285714285714,0.6726190476190477,0.2857142857142857,0.5,0.3571428571428571,0.4,0.5,0.5,0.33333333333333337,0,0.0,4,0.8
0.5,0.4,"{""clf__C"": 1.0, ""clf__gamma"": 0.001}",0.24807631817516246,"[[0, 3], [1, 4]]",arousal,0.3333333333333333,0.5,0.41666666666666663,1,0.2,2,3,1.0,-0.23076923076923084,0.7297724377380501,-0.29277002188455997,subject_dependent,rbf_svm,0.0,0.5714285714285714,0.8350000000000001,0.2857142857142857,0.5,0.3571428571428571,0.4,0.5,0.5,0.6666666666666667,0,0.0,4,0.8
0.625,0.5,"{""clf__C"": 1.0, ""clf__gamma"": 0.01}",0.2458640564631115,"[[0, 3], [0, 5]]",arousal,0.38461538461538464,0.625,0.4807692307692308,0,0.0,3,3,1.0,0.0,0.6860557579222559,0.0,subject_dependent,rbf_svm,0.0,0.625,0.5926190476190476,0.3125,0.625,0.390625,0.5,0.625,0.625,0.33333333333333337,0,0.0,5,1.0
0.375,0.375,"{""clf__C"": 10.0, ""clf__gamma"": 0.001}",0.2780804712857986,"[[0, 4], [1, 3]]",arousal,0.2727272727272727,0.375,0.2727272727272727,1,0.25,4,4,1.0,-0.25,0.7518891255279859,-0.3779644730092272,subject_dependent,rbf_svm,0.0,0.42857142857142855,0.6845238095238095,0.21428571428571427,0.375,0.21428571428571427,0.375,0.375,0.375,0.5625,0,0.0,3,0.75
0.75,0.5,"{""clf__C"": 10.0, ""clf__gamma"": 0.001}",0.22037130702063873,"[[6, 0], [2, 0]]",arousal,0.42857142857142855,0.75,0.6428571428571428,2,1.0,0,0,0.0,0.0,0.7711317576207363,0.0,subject_dependent,rbf_svm,0.75,0.0,0.29166666666666663,0.375,0.75,0.5625,0.5,0.75,0.75,0.33333333333333337,6,1.0,0,0.0
0.875,0.75,"{""clf__C"": 1.0, ""clf__gamma"": 0.001}",0.2094255951218429,"[[6, 0], [1, 1]]",arousal,0.7948717948717949,0.875,0.8589743589743589,1,0.5,1,0,0.0,0.6,0.6387394934083237,0.6546536707079772,subject_dependent,rbf_svm,0.8571428571428571,1.0,0.20833333333333331,0.9285714285714286,0.875,0.8928571428571428,0.75,0.875,0.875,0.08333333333333331,6,1.0,1,0.5
0.875,0.9285714285714286,"{""clf__C"": 1.0, ""clf__gamma"": 0.001}",0.1611556793556186,"[[6, 1], [0, 1]]",arousal,0.7948717948717949,0.875,0.8910256410256411,0,0.0,2,1,0.14285714285714285,0.6,0.5688346658199107,0.6546536707079772,subject_dependent,rbf_svm,1.0,0.5,0.125,0.75,0.875,0.9375,0.9285714285714286,0.875,0.875,0.0,6,0.8571428571428571,1,1.0
1.0,1.0,"{""clf__C"": 10.0, ""clf__gamma"": 0.001}",0.10025932751801522,"[[7, 0], [0, 1]]",arousal,1.0,1.0,1.0,0,0.0,3,0,0.0,1.0,0.36570032446594747,1.0,subject_dependent,rbf_svm,1.0,1.0,1.0,1.0,1.0,1.0,1.0,1.0,1.0,1.0,7,1.0,1,1.0
0.75,0.5,"{""clf__C"": 1.0, ""clf__gamma"": 0.001}",0.18712819993695606,"[[6, 0], [2, 0]]",arousal,0.42857142857142855,0.75,0.6428571428571428,2,1.0,4,0,0.0,0.0,0.552750456765867,0.0,subject_dependent,rbf_svm,0.75,0.0,0.325,0.375,0.75,0.5625,0.5,0.75,0.75,0.5,6,1.0,0,0.0
0.5,0.5,"{""clf__C"": 1.0, ""clf__gamma"": 0.001}",0.2651766079257055,"[[2, 2], [2, 2]]",arousal,0.5,0.5,0.5,2,0.5,0,2,0.5,0.0,0.7246586977354296,0.0,subject_dependent,rbf_svm,0.5,0.5,0.5,0.5,0.5,0.5,0.5,0.5,0.5,0.375,2,0.5,2,0.5
0.375,0.5,"{""clf__C"": 10.0, ""clf__gamma"": 0.001}",0.25650973415667633,"[[0, 5], [0, 3]]",arousal,0.2727272727272727,0.375,0.20454545454545453,0,0.0,1,5,1.0,0.0,0.7124925040507644,0.0,subject_dependent,rbf_svm,0.0,0.375,0.30277777777777776,0.1875,0.375,0.140625,0.5,0.375,0.375,0.1333333333333333,0,0.0,3,1.0
0.25,0.2,"{""clf__C"": 10.0, ""clf__gamma"": 0.001}",0.32264357694466245,"[[2, 3], [3, 0]]",arousal,0.2,0.25,0.25,3,1.0,2,3,0.6,-0.6000000000000001,0.8444523256497554,-0.6,subject_dependent,rbf_svm,0.4,0.0,0.3194444444444444,0.2,0.25,0.25,0.2,0.25,0.25,0.19999999999999998,2,0.4,0,0.0
0.625,0.625,"{""clf__C"": 1.0, ""clf__gamma"": 0.001}",0.425048224361507,"[[2, 2], [1, 3]]",arousal,0.6190476190476191,0.625,0.6190476190476191,1,0.25,3,2,0.5,0.25,1.2329931289089502,0.2581988897471611,subject_dependent,rbf_svm,0.6666666666666666,0.6,0.4583333333333333,0.6333333333333333,0.625,0.6333333333333333,0.625,0.625,0.625,0.3125,2,0.5,3,0.75
0.375,0.5833333333333334,"{""clf__C"": 1.0, ""clf__gamma"": 0.001}",0.19802900443487217,"[[1, 5], [0, 2]]",arousal,0.36507936507936506,0.375,0.32539682539682535,0,0.0,4,5,0.8333333333333334,0.09090909090909094,0.5763897318089484,0.2182178902359924,subject_dependent,rbf_svm,1.0,0.2857142857142857,0.45,0.6428571428571428,0.375,0.8214285714285714,0.5833333333333334,0.375,0.375,0.6666666666666667,1,0.16666666666666666,2,1.0
0.625,0.625,"{""clf__C"": 1.0, ""clf__gamma"": 0.001}",0.2608787575799301,"[[4, 0], [3, 1]]",arousal,0.5636363636363637,0.625,0.5636363636363637,3,0.75,0,0,0.0,0.25,0.7149406168912074,0.3779644730092272,subject_dependent,rbf_svm,0.5714285714285714,1.0,0.3946428571428572,0.7857142857142857,0.625,0.7857142857142857,0.625,0.625,0.625,0.125,4,1.0,1,0.25
0.5,0.5333333333333333,"{""clf__C"": 1.0, ""clf__gamma"": 0.001}",0.2750916806731286,"[[2, 3], [1, 2]]",arousal,0.5,0.5,0.5,1,0.3333333333333333,1,3,0.6,0.05882352941176472,0.7602598205421287,0.06666666666666667,subject_dependent,rbf_svm,0.6666666666666666,0.4,0.7222222222222223,0.5333333333333333,0.5,0.5666666666666667,0.5333333333333333,0.5,0.5,0.7333333333333333,2,0.4,2,0.6666666666666666
1.0,1.0,"{""clf__C"": 1.0, ""clf__gamma"": 0.001}",0.4193651379024891,"[[5, 0], [0, 3]]",arousal,1.0,1.0,1.0,0,0.0,2,0,0.0,1.0,1.055504408520617,1.0,subject_dependent,rbf_svm,1.0,1.0,0.2757936507936508,1.0,1.0,1.0,1.0,1.0,1.0,0.0,5,1.0,3,1.0
0.75,0.75,"{""clf__C"": 1.0, ""clf__gamma"": 0.001}",0.22851750085616676,"[[4, 0], [2, 2]]",arousal,0.7333333333333334,0.75,0.7333333333333334,2,0.5,3,0,0.0,0.5,0.6508799481573087,0.5773502691896258,subject_dependent,rbf_svm,0.6666666666666666,1.0,0.8125,0.8333333333333333,0.75,0.8333333333333333,0.75,0.75,0.75,0.6875,4,1.0,2,0.5
0.625,0.6333333333333333,"{""clf__C"": 1.0, ""clf__gamma"": 0.001}",0.23629496440745593,"[[2, 1], [2, 3]]",arousal,0.6190476190476191,0.625,0.6309523809523809,2,0.4,4,1,0.3333333333333333,0.25,0.6651454307750284,0.2581988897471611,subject_dependent,rbf_svm,0.5,0.75,0.852857142857143,0.625,0.625,0.65625,0.6333333333333333,0.625,0.625,0.7333333333333334,2,0.6666666666666666,3,0.6
0.5,0.5,"{""clf__C"": 10.0, ""clf__gamma"": 0.001}",0.2330903497844093,"[[3, 1], [3, 1]]",arousal,0.4666666666666667,0.5,0.4666666666666667,3,0.75,0,1,0.25,0.0,0.6585790994310152,0.0,subject_dependent,rbf_svm,0.5,0.5,0.8303571428571428,0.5,0.5,0.5,0.5,0.5,0.5,0.75,3,0.75,1,0.25
0.375,0.5,"{""clf__C"": 1.0, ""clf__gamma"": 0.001}",0.2711576539324274,"[[3, 0], [5, 0]]",arousal,0.2727272727272727,0.375,0.20454545454545453,5,1.0,1,0,0.0,0.0,0.7400628958632511,0.0,subject_dependent,rbf_svm,0.375,0.0,0.7783333333333333,0.1875,0.375,0.140625,0.5,0.375,0.375,0.5333333333333334,3,1.0,0,0.0
0.5,0.5333333333333333,"{""clf__C"": 1.0, ""clf__gamma"": 0.001}",0.26672318076325596,"[[2, 3], [1, 2]]",arousal,0.5,0.5,0.5,1,0.3333333333333333,2,3,0.6,0.05882352941176472,0.7310242749758527,0.06666666666666667,subject_dependent,rbf_svm,0.6666666666666666,0.4,0.42499999999999993,0.5333333333333333,0.5,0.5666666666666667,0.5333333333333333,0.5,0.5,0.39999999999999997,2,0.4,2,0.6666666666666666
0.625,0.5,"{""clf__C"": 1.0, ""clf__gamma"": 0.01}",0.2385403416394818,"[[5, 0], [3, 0]]",arousal,0.38461538461538464,0.625,0.4807692307692308,3,1.0,3,0,0.0,0.0,0.6701339901623287,0.0,subject_dependent,rbf_svm,0.625,0.0,0.3206349206349206,0.3125,0.625,0.390625,0.5,0.625,0.625,0.19999999999999996,5,1.0,0,0.0
0.375,0.41666666666666663,"{""clf__C"": 10.0, ""clf__gamma"": 0.001}",0.23090831814505386,"[[2, 4], [1, 1]]",arousal,0.36507936507936506,0.375,0.40476190476190477,1,0.5,4,4,0.6666666666666666,-0.11111111111111116,0.6548813695638117,-0.14907119849998599,subject_dependent,rbf_svm,0.6666666666666666,0.2,0.6666666666666666,0.43333333333333335,0.375,0.55,0.41666666666666663,0.375,0.375,0.6666666666666667,2,0.3333333333333333,1,0.5
0.625,0.4166666666666667,"{""clf__C"": 1.0, ""clf__gamma"": 0.001}",0.2695631500923179,"[[0, 2], [1, 5]]",arousal,0.38461538461538464,0.625,0.576923076923077,1,0.16666666666666666,0,2,1.0,-0.19999999999999996,0.7368936622861465,-0.2182178902359924,subject_dependent,rbf_svm,0.0,0.7142857142857143,0.8,0.35714285714285715,0.625,0.5357142857142857,0.4166666666666667,0.625,0.625,0.5,0,0.0,5,0.8333333333333334
0.375,0.25,"{""clf__C"": 10.0, ""clf__gamma"": 0.001}",0.2067243119825089,"[[0, 2], [3, 3]]",arousal,0.2727272727272727,0.375,0.40909090909090906,3,0.5,1,2,1.0,-0.4285714285714286,0.6049006814197758,-0.4472135954999579,subject_dependent,rbf_svm,0.0,0.6,0.9107142857142857,0.3,0.375,0.44999999999999996,0.25,0.375,0.375,0.6666666666666666,0,0.0,3,0.5
0.375,0.3666666666666667,"{""clf__C"": 1.0, ""clf__gamma"": 0.001}",0.3262311392294478,"[[2, 3], [2, 1]]",arousal,0.36507936507936506,0.375,0.38492063492063494,2,0.6666666666666666,2,3,0.6,-0.25,0.9174827988004173,-0.2581988897471611,subject_dependent,rbf_svm,0.5,0.25,0.5555555555555556,0.375,0.375,0.40625,0.3666666666666667,0.375,0.375,0.6666666666666666,2,0.4,1,0.3333333333333333
0.5,0.5,"{""clf__C"": 10.0, ""clf__gamma"": 0.001}",0.25618788630291645,"[[1, 3], [1, 3]]",arousal,0.4666666666666667,0.5,0.4666666666666667,1,0.25,3,3,0.75,0.0,0.7078864136455016,0.0,subject_dependent,rbf_svm,0.5,0.5,0.7333333333333333,0.5,0.5,0.5,0.5,0.5,0.5,0.6875,1,0.25,3,0.75
0.375,0.25,"{""clf__C"": 10.0, ""clf__gamma"": 0.001}",0.2517320627595219,"[[0, 2], [3, 3]]",arousal,0.2727272727272727,0.375,0.40909090909090906,3,0.5,4,2,1.0,-0.4285714285714286,0.7022871546608227,-0.4472135954999579,subject_dependent,rbf_svm,0.0,0.6,0.8551587301587301,0.3,0.375,0.44999999999999996,0.25,0.375,0.375,0.5,0,0.0,3,0.5
0.625,0.625,"{""clf__C"": 1.0, ""clf__gamma"": 0.001}",0.3298349281524815,"[[2, 2], [1, 3]]",arousal,0.6190476190476191,0.625,0.6190476190476191,1,0.25,0,2,0.5,0.25,0.9031980653890763,0.2581988897471611,subject_dependent,rbf_svm,0.6666666666666666,0.6,0.4583333333333333,0.6333333333333333,0.625,0.6333333333333333,0.625,0.625,0.625,0.34375,2,0.5,3,0.75
0.5,0.5,"{""clf__C"": 1.0, ""clf__gamma"": 0.001}",0.3348024861810389,"[[3, 1], [3, 1]]",arousal,0.4666666666666667,0.5,0.4666666666666667,3,0.75,1,1,0.25,0.0,0.9159710034390192,0.0,subject_dependent,rbf_svm,0.5,0.5,0.525,0.5,0.5,0.5,0.5,0.5,0.5,0.4375,3,0.75,1,0.25
0.75,0.75,"{""clf__C"": 1.0, ""clf__gamma"": 0.001}",0.2619426447359073,"[[3, 1], [1, 3]]",arousal,0.75,0.75,0.75,1,0.25,2,1,0.25,0.5,0.7176169856079067,0.5,subject_dependent,rbf_svm,0.75,0.75,0.6178571428571429,0.75,0.75,0.75,0.75,0.75,0.75,0.4375,3,0.75,3,0.75
0.625,0.6333333333333333,"{""clf__C"": 1.0, ""clf__gamma"": 0.001}",0.36312184507696266,"[[2, 1], [2, 3]]",arousal,0.6190476190476191,0.625,0.6309523809523809,2,0.4,3,1,0.3333333333333333,0.25,0.9599906015476264,0.2581988897471611,subject_dependent,rbf_svm,0.5,0.75,0.5059523809523809,0.625,0.625,0.65625,0.6333333333333333,0.625,0.625,0.13333333333333336,2,0.6666666666666666,3,0.6
0.375,0.41666666666666663,"{""clf__C"": 1.0, ""clf__gamma"": 0.001}",0.24921755911600918,"[[1, 1], [4, 2]]",arousal,0.36507936507936506,0.375,0.40476190476190477,4,0.6666666666666666,4,1,0.5,-0.11111111111111116,0.6914421775659205,-0.14907119849998599,subject_dependent,rbf_svm,0.2,0.6666666666666666,0.732936507936508,0.43333333333333335,0.375,0.55,0.41666666666666663,0.375,0.375,0.25,1,0.5,2,0.3333333333333333
0.375,0.375,"{""clf__C"": 1.0, ""clf__gamma"": 0.001}",0.3357366050536308,"[[1, 3], [2, 2]]",arousal,0.36507936507936506,0.375,0.36507936507936506,2,0.5,0,3,0.75,-0.25,0.8788685114153956,-0.2581988897471611,subject_dependent,rbf_svm,0.3333333333333333,0.4,0.5821428571428572,0.3666666666666667,0.375,0.3666666666666667,0.375,0.375,0.375,0.3125,1,0.25,2,0.5
0.375,0.3,"{""clf__C"": 1.0, ""clf__gamma"": 0.001}",0.2320177668385499,"[[0, 3], [2, 3]]",arousal,0.2727272727272727,0.375,0.3409090909090909,2,0.4,1,3,1.0,-0.4285714285714286,0.6565143050185973,-0.4472135954999579,subject_dependent,rbf_svm,0.0,0.5,0.8083333333333333,0.25,0.375,0.3125,0.3,0.375,0.375,0.6,0,0.0,3,0.6
0.5,0.5,"{""clf__C"": 10.0, ""clf__gamma"": 0.001}",0.24513174624946665,"[[2, 2], [2, 2]]",arousal,0.5,0.5,0.5,2,0.5,2,2,0.5,0.0,0.6811452225786429,0.0,subject_dependent,rbf_svm,0.5,0.5,0.7678571428571428,0.5,0.5,0.5,0.5,0.5,0.5,0.625,2,0.5,2,0.5
0.75,0.42857142857142855,"{""clf__C"": 1.0, ""clf__gamma"": 0.001}",0.22444300282309754,"[[0, 1], [1, 6]]",arousal,0.42857142857142855,0.75,0.75,1,0.14285714285714285,3,1,1.0,-0.1428571428571428,0.6419155002404824,-0.14285714285714285,subject_dependent,rbf_svm,0.0,0.8571428571428571,0.754591836734694,0.42857142857142855,0.75,0.75,0.42857142857142855,0.75,0.75,0.0,0,0.0,6,0.8571428571428571
0.875,0.875,"{""clf__C"": 10.0, ""clf__gamma"": 0.001}",0.2877110347289399,"[[3, 1], [0, 4]]",arousal,0.873015873015873,0.875,0.873015873015873,0,0.0,4,1,0.25,0.75,0.7742084339352346,0.7745966692414834,subject_dependent,rbf_svm,1.0,0.8,0.4125,0.9,0.875,0.9,0.875,0.875,0.875,0.1875,3,0.75,4,1.0
0.75,0.8,"{""clf__C"": 1.0, ""clf__gamma"": 0.001}",0.16652939735938188,"[[3, 0], [2, 3]]",arousal,0.75,0.75,0.75,2,0.4,0,0,0.0,0.5294117647058824,0.5187172122198267,0.6,subject_dependent,rbf_svm,0.6,1.0,1.0,0.8,0.75,0.85,0.8,0.75,0.75,1.0,3,1.0,3,0.6
0.625,0.6333333333333333,"{""clf__C"": 1.0, ""clf__gamma"": 0.001}",0.22430989662642414,"[[2, 1], [2, 3]]",arousal,0.6190476190476191,0.625,0.6309523809523809,2,0.4,1,1,0.3333333333333333,0.25,0.6411525358443291,0.2581988897471611,subject_dependent,rbf_svm,0.5,0.75,0.81,0.625,0.625,0.65625,0.6333333333333333,0.625,0.625,0.7333333333333334,2,0.6666666666666666,3,0.6
0.5,0.5,"{""clf__C"": 1.0, ""clf__gamma"": 0.001}",0.3318660676620954,"[[3, 3], [1, 1]]",arousal,0.4666666666666667,0.5,0.5333333333333333,1,0.5,2,3,0.5,0.0,0.9403992640799469,0.0,subject_dependent,rbf_svm,0.75,0.25,0.3666666666666667,0.5,0.5,0.625,0.5,0.5,0.5,0.5833333333333334,3,0.5,1,0.5
0.375,0.375,"{""clf__C"": 1.0, ""clf__gamma"": 0.001}",0.26175106590143865,"[[2, 2], [3, 1]]",arousal,0.36507936507936506,0.375,0.36507936507936506,3,0.75,3,2,0.5,-0.25,0.7180603291181648,-0.2581988897471611,subject_dependent,rbf_svm,0.4,0.3333333333333333,0.5178571428571428,0.3666666666666667,0.375,0.3666666666666667,0.375,0.375,0.375,0.4375,2,0.5,1,0.25
0.875,0.9166666666666667,"{""clf__C"": 10.0, ""clf__gamma"": 0.001}",0.16074302556656667,"[[2, 0], [1, 5]]",arousal,0.8545454545454545,0.875,0.8818181818181818,1,0.16666666666666666,4,0,0.0,0.7142857142857143,0.4999826497895386,0.7453559924999299,subject_dependent,rbf_svm,0.6666666666666666,1.0,0.9583333333333334,0.8333333333333333,0.875,0.9166666666666666,0.9166666666666667,0.875,0.875,0.8333333333333334,2,1.0,5,0.8333333333333334
0.375,0.25,"{""clf__C"": 1.0, ""clf__gamma"": 0.001}",0.4367850091963711,"[[3, 3], [2, 0]]",arousal,0.2727272727272727,0.375,0.40909090909090906,2,1.0,0,3,0.5,-0.4285714285714286,1.2293249785318605,-0.4472135954999579,subject_dependent,rbf_svm,0.6,0.0,0.24285714285714285,0.3,0.375,0.44999999999999996,0.25,0.375,0.375,0.25,3,0.5,0,0.0
0.625,0.625,"{""clf__C"": 1.0, ""clf__gamma"": 0.001}",0.3426051418668663,"[[4, 0], [3, 1]]",arousal,0.5636363636363637,0.625,0.5636363636363637,3,0.75,1,0,0.0,0.25,0.9029338628932322,0.3779644730092272,subject_dependent,rbf_svm,0.5714285714285714,1.0,0.3654761904761905,0.7857142857142857,0.625,0.7857142857142857,0.625,0.625,0.625,0.0,4,1.0,1,0.25
0.625,0.625,"{""clf__C"": 10.0, ""clf__gamma"": 0.001}",0.32352487983209155,"[[3, 1], [2, 2]]",arousal,0.6190476190476191,0.625,0.6190476190476191,2,0.5,2,1,0.25,0.25,0.8759217674613755,0.2581988897471611,subject_dependent,rbf_svm,0.6,0.6666666666666666,0.6,0.6333333333333333,0.625,0.6333333333333333,0.625,0.625,0.625,0.375,3,0.75,2,0.5
0.75,0.7333333333333334,"{""clf__C"": 10.0, ""clf__gamma"": 0.001}",0.26575495846439146,"[[4, 1], [1, 2]]",arousal,0.7333333333333334,0.75,0.75,1,0.3333333333333333,3,1,0.2,0.4666666666666667,0.7328416066142478,0.4666666666666667,subject_dependent,rbf_svm,0.8,0.6666666666666666,0.5873015873015872,0.7333333333333334,0.75,0.75,0.7333333333333334,0.75,0.75,0.4666666666666666,4,0.8,2,0.6666666666666666
0.875,0.9166666666666667,"{""clf__C"": 1.0, ""clf__gamma"": 0.001}",0.31935150535633217,"[[5, 1], [0, 2]]",arousal,0.8545454545454545,0.875,0.8818181818181818,0,0.0,4,1,0.16666666666666666,0.7142857142857143,0.8583890815256627,0.7453559924999299,subject_dependent,rbf_svm,1.0,0.6666666666666666,0.22619047619047616,0.8333333333333333,0.875,0.9166666666666666,0.9166666666666667,0.875,0.875,0.16666666666666663,5,0.8333333333333334,2,1.0
1.0,1.0,"{""clf__C"": 0.1, ""clf__gamma"": 0.01}",,[[8]],arousal,1.0,1.0,1.0,,,0,,,nan,,0.0,subject_dependent,rbf_svm,,,1.0,1.0,1.0,1.0,1.0,1.0,1.0,nan,,,,
0.875,0.5,"{""clf__C"": 0.1, ""clf__gamma"": 0.01}",0.13186373759577807,"[[0, 1], [0, 7]]",arousal,0.4666666666666667,0.875,0.8166666666666667,0,0.0,1,1,1.0,0.0,0.44273043880689156,0.0,subject_dependent,rbf_svm,0.0,0.875,0.754591836734694,0.4375,0.875,0.765625,0.5,0.875,0.875,0.0,0,0.0,7,1.0
0.25,0.5,"{""clf__C"": 0.1, ""clf__gamma"": 0.001}",0.21006764504147935,"[[2, 0], [6, 0]]",arousal,0.2,0.25,0.1,6,1.0,2,0,0.0,0.0,0.6549559963481872,0.0,subject_dependent,rbf_svm,0.25,0.0,0.8551587301587301,0.125,0.25,0.0625,0.5,0.25,0.25,0.5,2,1.0,0,0.0
0.25,0.5,"{""clf__C"": 0.1, ""clf__gamma"": 0.001}",0.21170489289396394,"[[2, 0], [6, 0]]",arousal,0.2,0.25,0.1,6,1.0,3,0,0.0,0.0,0.6642956004492291,0.0,subject_dependent,rbf_svm,0.25,0.0,0.8972222222222223,0.125,0.25,0.0625,0.5,0.25,0.25,0.6666666666666667,2,1.0,0,0.0
0.25,0.5,"{""clf__C"": 0.1, ""clf__gamma"": 0.01}",0.2164058057297632,"[[2, 0], [6, 0]]",arousal,0.2,0.25,0.1,6,1.0,4,0,0.0,0.0,0.6940077528064431,0.0,subject_dependent,rbf_svm,0.25,0.0,0.9484126984126984,0.125,0.25,0.0625,0.5,0.25,0.25,0.8333333333333333,2,1.0,0,0.0
0.125,0.5,"{""clf__C"": 0.1, ""clf__gamma"": 0.001}",0.11085167365808198,"[[1, 0], [7, 0]]",arousal,0.1111111111111111,0.125,0.027777777777777776,7,1.0,0,0,0.0,0.0,0.38495679777175396,0.0,subject_dependent,rbf_svm,0.125,0.0,0.9379251700680272,0.0625,0.125,0.015625,0.5,0.125,0.125,0.5714285714285714,1,1.0,0,0.0
0.125,0.5,"{""clf__C"": 0.1, ""clf__gamma"": 0.001}",0.11455205667049463,"[[1, 0], [7, 0]]",arousal,0.1111111111111111,0.125,0.027777777777777776,7,1.0,1,0,0.0,0.0,0.4140133631707044,0.0,subject_dependent,rbf_svm,0.125,0.0,1.0,0.0625,0.125,0.015625,0.5,0.125,0.125,1.0,1,1.0,0,0.0
1.0,1.0,"{""clf__C"": 1.0, ""clf__gamma"": 0.001}",,[[8]],arousal,1.0,1.0,1.0,,,2,,,nan,,0.0,subject_dependent,rbf_svm,,,1.0,1.0,1.0,1.0,1.0,1.0,1.0,nan,,,,
0.75,0.5,"{""clf__C"": 0.1, ""clf__gamma"": 0.01}",0.2168359195545961,"[[0, 2], [0, 6]]",arousal,0.42857142857142855,0.75,0.6428571428571428,0,0.0,3,2,1.0,0.0,0.6969516254000392,0.0,subject_dependent,rbf_svm,0.0,0.75,0.6746031746031745,0.375,0.75,0.5625,0.5,0.75,0.75,0.25,0,0.0,6,1.0
0.625,0.4166666666666667,"{""clf__C"": 0.1, ""clf__gamma"": 0.001}",0.2048669875779885,"[[0, 2], [1, 5]]",arousal,0.38461538461538464,0.625,0.576923076923077,1,0.16666666666666666,4,2,1.0,-0.19999999999999996,0.6270291750967512,-0.2182178902359924,subject_dependent,rbf_svm,0.0,0.7142857142857143,0.9107142857142857,0.35714285714285715,0.625,0.5357142857142857,0.4166666666666667,0.625,0.625,0.6666666666666666,0,0.0,5,0.8333333333333334
0.875,0.9166666666666667,"{""clf__C"": 1.0, ""clf__gamma"": 0.001}",0.2975314130138792,"[[2, 0], [1, 5]]",arousal,0.8545454545454545,0.875,0.8818181818181818,1,0.16666666666666666,0,0,0.0,0.7142857142857143,0.8459086319617475,0.7453559924999299,subject_dependent,rbf_svm,0.6666666666666666,1.0,0.594047619047619,0.8333333333333333,0.875,0.9166666666666666,0.9166666666666667,0.875,0.875,0.0,2,1.0,5,0.8333333333333334
0.875,0.5,"{""clf__C"": 10.0, ""clf__gamma"": 0.001}",0.16998672164940096,"[[0, 1], [0, 7]]",arousal,0.4666666666666667,0.875,0.8166666666666667,0,0.0,1,1,1.0,0.0,0.5301638910915936,0.0,subject_dependent,rbf_svm,0.0,0.875,0.754591836734694,0.4375,0.875,0.765625,0.5,0.875,0.875,0.0,0,0.0,7,1.0
0.375,0.5,"{""clf__C"": 0.1, ""clf__gamma"": 0.001}",0.2449575613526958,"[[3, 0], [5, 0]]",arousal,0.2727272727272727,0.375,0.20454545454545453,5,1.0,2,0,0.0,0.0,0.6865100461970837,0.0,subject_dependent,rbf_svm,0.375,0.0,0.8766666666666667,0.1875,0.375,0.140625,0.5,0.375,0.375,0.8,3,1.0,0,0.0
0.75,0.75,"{""clf__C"": 1.0, ""clf__gamma"": 0.001}",0.3387172866341792,"[[2, 2], [0, 4]]",arousal,0.7333333333333334,0.75,0.7333333333333334,0,0.0,3,2,0.5,0.5,0.9085699696987926,0.5773502691896258,subject_dependent,rbf_svm,1.0,0.6666666666666666,0.37797619047619047,0.8333333333333333,0.75,0.8333333333333333,0.75,0.75,0.75,0.0625,2,0.5,4,1.0
0.75,0.7333333333333334,"{""clf__C"": 10.0, ""clf__gamma"": 0.001}",0.2626178104242773,"[[2, 1], [1, 4]]",arousal,0.7333333333333334,0.75,0.75,1,0.2,4,1,0.3333333333333333,0.4666666666666667,0.7302459166046091,0.4666666666666667,subject_dependent,rbf_svm,0.6666666666666666,0.8,0.6592857142857143,0.7333333333333334,0.75,0.75,0.7333333333333334,0.75,0.75,0.33333333333333337,2,0.6666666666666666,4,0.8
0.125,0.5,"{""clf__C"": 1.0, ""clf__gamma"": 0.01}",0.3506478526895185,"[[1, 0], [7, 0]]",arousal,0.1111111111111111,0.125,0.027777777777777776,7,1.0,0,0,0.0,0.0,0.8984595559424421,0.0,subject_dependent,rbf_svm,0.125,0.0,0.754591836734694,0.0625,0.125,0.015625,0.5,0.125,0.125,0.0,1,1.0,0,0.0
0.25,0.26666666666666666,"{""clf__C"": 1.0, ""clf__gamma"": 0.001}",0.23233314882811346,"[[1, 2], [4, 1]]",arousal,0.25,0.25,0.25,4,0.8,1,2,0.6666666666666666,-0.41176470588235303,0.6649025178765275,-0.4666666666666667,subject_dependent,rbf_svm,0.2,0.3333333333333333,0.8350000000000001,0.26666666666666666,0.25,0.2833333333333333,0.26666666666666666,0.25,0.25,0.6666666666666667,1,0.3333333333333333,1,0.2
0.5,0.3333333333333333,"{""clf__C"": 1.0, ""clf__gamma"": 0.001}",0.27632023083086077,"[[4, 2], [2, 0]]",arousal,0.3333333333333333,0.5,0.5,2,1.0,2,2,0.3333333333333333,-0.33333333333333326,0.752175167200757,-0.3333333333333333,subject_dependent,rbf_svm,0.6666666666666666,0.0,0.5833333333333333,0.3333333333333333,0.5,0.5,0.3333333333333333,0.5,0.5,0.8333333333333334,4,0.6666666666666666,0,0.0
0.75,0.8333333333333333,"{""clf__C"": 10.0, ""clf__gamma"": 0.001}",0.3594211563252757,"[[4, 2], [0, 2]]",arousal,0.7333333333333334,0.75,0.7666666666666667,0,0.0,3,2,0.3333333333333333,0.5,0.9332432954080925,0.5773502691896258,subject_dependent,rbf_svm,1.0,0.5,0.26666666666666666,0.75,0.75,0.875,0.8333333333333333,0.75,0.75,0.33333333333333337,4,0.6666666666666666,2,1.0
0.375,0.3666666666666667,"{""clf__C"": 1.0, ""clf__gamma"": 0.001}",0.2147625991429989,"[[2, 3], [2, 1]]",arousal,0.36507936507936506,0.375,0.38492063492063494,2,0.6666666666666666,4,3,0.6,-0.25,0.6164451809023347,-0.2581988897471611,subject_dependent,rbf_svm,0.5,0.25,0.8333333333333333,0.375,0.375,0.40625,0.3666666666666667,0.375,0.375,0.8,2,0.4,1,0.3333333333333333
0.625,0.625,"{""clf__C"": 1.0, ""clf__gamma"": 0.001}",0.18931466588307708,"[[3, 1], [2, 2]]",arousal,0.6190476190476191,0.625,0.6190476190476191,2,0.5,0,1,0.25,0.25,0.5395074293039366,0.2581988897471611,subject_dependent,rbf_svm,0.6,0.6666666666666666,0.8541666666666666,0.6333333333333333,0.625,0.6333333333333333,0.625,0.625,0.625,0.8125,3,0.75,2,0.5
0.5,0.5333333333333333,"{""clf__C"": 1.0, ""clf__gamma"": 0.001}",0.3925837007765382,"[[2, 1], [3, 2]]",arousal,0.5,0.5,0.5,3,0.6,1,1,0.3333333333333333,0.05882352941176472,1.226861554409565,0.06666666666666667,subject_dependent,rbf_svm,0.4,0.6666666666666666,0.7295238095238095,0.5333333333333333,0.5,0.5666666666666667,0.5333333333333333,0.5,0.5,0.5333333333333334,2,0.6666666666666666,2,0.4
0.875,0.8333333333333333,"{""clf__C"": 1.0, ""clf__gamma"": 0.001}",0.1552369032444976,"[[5, 0], [1, 2]]",arousal,0.8545454545454545,0.875,0.8681818181818182,1,0.3333333333333333,2,0,0.0,0.7142857142857143,0.49518002160030106,0.7453559924999299,subject_dependent,rbf_svm,0.8333333333333334,1.0,0.8666666666666667,0.9166666666666667,0.875,0.8958333333333334,0.8333333333333333,0.875,0.875,0.8666666666666667,5,1.0,2,0.6666666666666666
0.625,0.7,"{""clf__C"": 1.0, ""clf__gamma"": 0.001}",0.18259739873730851,"[[3, 0], [3, 2]]",arousal,0.6190476190476191,0.625,0.6071428571428571,3,0.6,3,0,0.0,0.33333333333333337,0.5453638090132348,0.4472135954999579,subject_dependent,rbf_svm,0.5,1.0,0.9266666666666666,0.75,0.625,0.8125,0.7,0.625,0.625,0.8666666666666667,3,1.0,2,0.4
0.875,0.9,"{""clf__C"": 1.0, ""clf__gamma"": 0.001}",0.16775539449610513,"[[4, 1], [0, 3]]",arousal,0.873015873015873,0.875,0.876984126984127,0,0.0,4,1,0.2,0.75,0.49857060800877545,0.7745966692414834,subject_dependent,rbf_svm,1.0,0.75,0.9166666666666666,0.875,0.875,0.90625,0.9,0.875,0.875,0.9333333333333333,4,0.8,3,1.0
0.625,0.5,"{""clf__C"": 1.0, ""clf__gamma"": 0.001}",0.21554110850480263,"[[0, 3], [0, 5]]",arousal,0.38461538461538464,0.625,0.4807692307692308,0,0.0,0,3,1.0,0.0,0.5942757834297818,0.0,subject_dependent,rbf_svm,0.0,0.625,0.9428571428571428,0.3125,0.625,0.390625,0.5,0.625,0.625,0.8666666666666667,0,0.0,5,1.0
0.5,0.6666666666666666,"{""clf__C"": 1.0, ""clf__gamma"": 0.001}",0.20619416060840484,"[[2, 0], [4, 2]]",arousal,0.5,0.5,0.5,4,0.6666666666666666,1,0,0.0,0.19999999999999996,0.5682247437193921,0.3333333333333333,subject_dependent,rbf_svm,0.3333333333333333,1.0,1.0,0.6666666666666666,0.5,0.8333333333333334,0.6666666666666666,0.5,0.5,1.0,2,1.0,2,0.3333333333333333
0.5,0.5,"{""clf__C"": 1.0, ""clf__gamma"": 0.001}",0.44808561169868866,"[[1, 3], [1, 3]]",arousal,0.4666666666666667,0.5,0.4666666666666667,1,0.25,2,3,0.75,0.0,1.6432379422354253,0.0,subject_dependent,rbf_svm,0.5,0.5,0.5416666666666666,0.5,0.5,0.5,0.5,0.5,0.5,0.4375,1,0.25,3,0.75
0.875,0.875,"{""clf__C"": 1.0, ""clf__gamma"": 0.001}",0.0938617744704704,"[[4, 0], [1, 3]]",arousal,0.873015873015873,0.875,0.873015873015873,1,0.25,3,0,0.0,0.75,0.33891422484029177,0.7745966692414834,subject_dependent,rbf_svm,0.8,1.0,1.0,0.9,0.875,0.9,0.875,0.875,0.875,1.0,4,1.0,3,0.75
1.0,1.0,"{""clf__C"": 10.0, ""clf__gamma"": 0.001}",0.07102149942536783,"[[3, 0], [0, 5]]",arousal,1.0,1.0,1.0,0,0.0,4,0,0.0,1.0,0.29008287105819663,1.0,subject_dependent,rbf_svm,1.0,1.0,1.0,1.0,1.0,1.0,1.0,1.0,1.0,1.0,3,1.0,5,1.0
0.5,0.5,"{""clf__C"": 1.0, ""clf__gamma"": 0.001}",,"[[0, 0], [4, 4]]",arousal,0.3333333333333333,0.5,0.6666666666666666,,,0,,,0.0,,0.0,subject_dependent,rbf_svm,,,1.0,0.5,0.5,1.0,0.25,0.5,0.5,nan,,,,
0.625,0.625,"{""clf__C"": 10.0, ""clf__gamma"": 0.001}",0.32819360770471256,"[[2, 2], [1, 3]]",arousal,0.6190476190476191,0.625,0.6190476190476191,1,0.25,1,2,0.5,0.25,0.8731458725258752,0.2581988897471611,subject_dependent,rbf_svm,0.6666666666666666,0.6,0.44047619047619047,0.6333333333333333,0.625,0.6333333333333333,0.625,0.625,0.625,0.25,2,0.5,3,0.75
0.375,0.41666666666666663,"{""clf__C"": 10.0, ""clf__gamma"": 0.001}",0.47676821938840164,"[[2, 4], [1, 1]]",arousal,0.36507936507936506,0.375,0.40476190476190477,1,0.5,2,4,0.6666666666666666,-0.11111111111111116,1.2953544733108946,-0.14907119849998599,subject_dependent,rbf_svm,0.6666666666666666,0.2,0.24285714285714285,0.43333333333333335,0.375,0.55,0.41666666666666663,0.375,0.375,0.25,2,0.3333333333333333,1,0.5
0.875,0.9166666666666667,"{""clf__C"": 10.0, ""clf__gamma"": 0.001}",0.29311554739631984,"[[2, 0], [1, 5]]",arousal,0.8545454545454545,0.875,0.8818181818181818,1,0.16666666666666666,3,0,0.0,0.7142857142857143,0.8227668335005582,0.7453559924999299,subject_dependent,rbf_svm,0.6666666666666666,1.0,0.594047619047619,0.8333333333333333,0.875,0.9166666666666666,0.9166666666666667,0.875,0.875,0.0,2,1.0,5,0.8333333333333334
0.75,0.6666666666666666,"{""clf__C"": 1.0, ""clf__gamma"": 0.001}",0.23988158764152126,"[[1, 2], [0, 5]]",arousal,0.6666666666666667,0.75,0.7083333333333334,0,0.0,4,2,0.6666666666666666,0.3846153846153846,0.6744110423975671,0.4879500364742666,subject_dependent,rbf_svm,1.0,0.7142857142857143,0.6595238095238095,0.8571428571428572,0.75,0.8214285714285714,0.6666666666666666,0.75,0.75,0.5333333333333333,1,0.3333333333333333,5,1.0
0.375,0.3,"{""clf__C"": 1.0, ""clf__gamma"": 0.001}",0.24042728142442188,"[[0, 3], [2, 3]]",arousal,0.2727272727272727,0.375,0.3409090909090909,2,0.4,0,3,1.0,-0.4285714285714286,0.6705527431006337,-0.4472135954999579,subject_dependent,rbf_svm,0.0,0.5,0.8083333333333333,0.25,0.375,0.3125,0.3,0.375,0.375,0.6,0,0.0,3,0.6
0.375,0.25,"{""clf__C"": 1.0, ""clf__gamma"": 0.001}",0.223105079100439,"[[0, 2], [3, 3]]",arousal,0.2727272727272727,0.375,0.40909090909090906,3,0.5,1,2,1.0,-0.4285714285714286,0.6433402015135771,-0.4472135954999579,subject_dependent,rbf_svm,0.0,0.6,0.6496031746031745,0.3,0.375,0.44999999999999996,0.25,0.375,0.375,0.16666666666666666,0,0.0,3,0.5
0.75,0.5,"{""clf__C"": 1.0, ""clf__gamma"": 0.001}",0.17792627941512798,"[[0, 2], [0, 6]]",arousal,0.42857142857142855,0.75,0.6428571428571428,0,0.0,2,2,1.0,0.0,0.544787028733186,0.0,subject_dependent,rbf_svm,0.0,0.75,1.0,0.375,0.75,0.5625,0.5,0.75,0.75,1.0,0,0.0,6,1.0
0.375,0.5,"{""clf__C"": 0.1, ""clf__gamma"": 0.01}",0.2515291757440527,"[[3, 0], [5, 0]]",arousal,0.2727272727272727,0.375,0.20454545454545453,5,1.0,3,0,0.0,0.0,0.7037728365188332,0.0,subject_dependent,rbf_svm,0.375,0.0,0.885,0.1875,0.375,0.140625,0.5,0.375,0.375,0.7333333333333334,3,1.0,0,0.0
0.375,0.5,"{""clf__C"": 0.1, ""clf__gamma"": 0.01}",0.2510753430981995,"[[3, 0], [5, 0]]",arousal,0.2727272727272727,0.375,0.20454545454545453,5,1.0,4,0,0.0,0.0,0.7025456343327925,0.0,subject_dependent,rbf_svm,0.375,0.0,0.8761904761904762,0.1875,0.375,0.140625,0.5,0.375,0.375,0.7333333333333334,3,1.0,0,0.0
0.5,0.2857142857142857,"{""clf__C"": 0.1, ""clf__gamma"": 0.001}",0.11366490582606087,"[[0, 1], [3, 4]]",arousal,0.3333333333333333,0.5,0.5833333333333333,3,0.42857142857142855,0,1,1.0,-0.23076923076923084,0.39209118557246486,-0.29277002188455997,subject_dependent,rbf_svm,0.0,0.8,0.9617346938775511,0.4,0.5,0.7000000000000001,0.2857142857142857,0.5,0.5,0.7142857142857143,0,0.0,4,0.5714285714285714
1.0,1.0,"{""clf__C"": 1.0, ""clf__gamma"": 0.01}",,[[8]],arousal,1.0,1.0,1.0,,,1,,,nan,,0.0,subject_dependent,rbf_svm,,,1.0,1.0,1.0,1.0,1.0,1.0,1.0,nan,,,,
0.75,0.5,"{""clf__C"": 0.1, ""clf__gamma"": 0.001}",0.18945812877854357,"[[0, 2], [0, 6]]",arousal,0.42857142857142855,0.75,0.6428571428571428,0,0.0,2,2,1.0,0.0,0.5671987268560164,0.0,subject_dependent,rbf_svm,0.0,0.75,0.8178571428571428,0.375,0.75,0.5625,0.5,0.75,0.75,0.5833333333333334,0,0.0,6,1.0
0.75,0.5,"{""clf__C"": 0.1, ""clf__gamma"": 0.01}",0.20674926272240896,"[[0, 2], [0, 6]]",arousal,0.42857142857142855,0.75,0.6428571428571428,0,0.0,3,2,1.0,0.0,0.6053867928750277,0.0,subject_dependent,rbf_svm,0.0,0.75,0.9484126984126984,0.375,0.75,0.5625,0.5,0.75,0.75,0.8333333333333333,0,0.0,6,1.0
0.5,0.5,"{""clf__C"": 0.1, ""clf__gamma"": 0.01}",0.39668227808923245,"[[4, 0], [4, 0]]",arousal,0.3333333333333333,0.5,0.3333333333333333,4,1.0,4,0,0.0,0.0,1.1349731799562406,0.0,subject_dependent,rbf_svm,0.5,0.0,0.65,0.25,0.5,0.25,0.5,0.5,0.5,0.5,4,1.0,0,0.0
0.875,0.5,"{""clf__C"": 10.0, ""clf__gamma"": 0.001}",0.22616301170975037,"[[0, 1], [0, 7]]",arousal,0.4666666666666667,0.875,0.8166666666666667,0,0.0,0,1,1.0,0.0,0.7023384285264973,0.0,subject_dependent,rbf_svm,0.0,0.875,0.754591836734694,0.4375,0.875,0.765625,0.5,0.875,0.875,0.0,0,0.0,7,1.0
0.75,0.42857142857142855,"{""clf__C"": 1.0, ""clf__gamma"": 0.001}",0.2501569293016258,"[[0, 1], [1, 6]]",arousal,0.42857142857142855,0.75,0.75,1,0.14285714285714285,1,1,1.0,-0.1428571428571428,0.899899908353039,-0.14285714285714285,subject_dependent,rbf_svm,0.0,0.8571428571428571,0.8736394557823131,0.42857142857142855,0.75,0.75,0.42857142857142855,0.75,0.75,0.2857142857142857,0,0.0,6,0.8571428571428571
0.875,0.5,"{""clf__C"": 0.1, ""clf__gamma"": 0.001}",0.13825617420826988,"[[0, 1], [0, 7]]",arousal,0.4666666666666667,0.875,0.8166666666666667,0,0.0,2,1,1.0,0.0,0.4584053922314149,0.0,subject_dependent,rbf_svm,0.0,0.875,0.8736394557823131,0.4375,0.875,0.765625,0.5,0.875,0.875,0.2857142857142857,0,0.0,7,1.0
0.75,0.5,"{""clf__C"": 0.1, ""clf__gamma"": 0.01}",0.207563786428018,"[[0, 2], [0, 6]]",arousal,0.42857142857142855,0.75,0.6428571428571428,0,0.0,3,2,1.0,0.0,0.607098388112272,0.0,subject_dependent,rbf_svm,0.0,0.75,1.0,0.375,0.75,0.5625,0.5,0.75,0.75,1.0,0,0.0,6,1.0
0.375,0.5,"{""clf__C"": 0.1, ""clf__gamma"": 0.01}",0.30093140120454176,"[[3, 0], [5, 0]]",arousal,0.2727272727272727,0.375,0.20454545454545453,5,1.0,4,0,0.0,0.0,0.8823250290156234,0.0,subject_dependent,rbf_svm,0.375,0.0,0.852857142857143,0.1875,0.375,0.140625,0.5,0.375,0.375,0.7333333333333334,3,1.0,0,0.0
0.625,0.5666666666666667,"{""clf__C"": 1.0, ""clf__gamma"": 0.001}",0.2490371729401951,"[[1, 2], [1, 4]]",arousal,0.5636363636363637,0.625,0.6045454545454546,1,0.2,0,2,0.6666666666666666,0.1428571428571429,0.6952681048552035,0.14907119849998599,subject_dependent,rbf_svm,0.5,0.6666666666666666,0.6595238095238095,0.5833333333333333,0.625,0.6041666666666666,0.5666666666666667,0.625,0.625,0.5333333333333333,1,0.3333333333333333,4,0.8
0.625,0.625,"{""clf__C"": 1.0, ""clf__gamma"": 0.001}",,"[[0, 0], [3, 5]]",arousal,0.38461538461538464,0.625,0.7692307692307693,,,1,,,0.0,,0.0,subject_dependent,rbf_svm,,,1.0,0.5,0.625,1.0,0.3125,0.625,0.625,nan,,,,
0.625,0.5666666666666667,"{""clf__C"": 10.0, ""clf__gamma"": 0.001}",0.2859579654272335,"[[1, 2], [1, 4]]",arousal,0.5636363636363637,0.625,0.6045454545454546,1,0.2,2,2,0.6666666666666666,0.1428571428571429,0.7698939375397109,0.14907119849998599,subject_dependent,rbf_svm,0.5,0.6666666666666666,0.5192857142857142,0.5833333333333333,0.625,0.6041666666666666,0.5666666666666667,0.625,0.625,0.13333333333333336,1,0.3333333333333333,4,0.8
0.75,0.75,"{""clf__C"": 1.0, ""clf__gamma"": 0.001}",0.30829069980367724,"[[3, 1], [1, 3]]",arousal,0.75,0.75,0.75,1,0.25,3,1,0.25,0.5,0.8256948849174854,0.5,subject_dependent,rbf_svm,0.75,0.75,0.4511904761904762,0.75,0.75,0.75,0.75,0.75,0.75,0.3125,3,0.75,3,0.75
0.25,0.3333333333333333,"{""clf__C"": 10.0, ""clf__gamma"": 0.001}",0.35998842798712494,"[[1, 5], [1, 1]]",arousal,0.25,0.25,0.25,1,0.5,4,5,0.8333333333333334,-0.19999999999999996,0.9271941945729085,-0.3333333333333333,subject_dependent,rbf_svm,0.5,0.16666666666666666,0.30952380952380953,0.3333333333333333,0.25,0.4166666666666667,0.3333333333333333,0.25,0.25,0.41666666666666663,1,0.16666666666666666,1,0.5
0.75,0.42857142857142855,"{""clf__C"": 1.0, ""clf__gamma"": 0.001}",0.13194392462013083,"[[6, 1], [1, 0]]",arousal,0.42857142857142855,0.75,0.75,1,1.0,0,1,0.14285714285714285,-0.1428571428571428,0.43663259713001196,-0.14285714285714285,subject_dependent,rbf_svm,0.8571428571428571,0.0,0.16666666666666666,0.42857142857142855,0.75,0.75,0.42857142857142855,0.75,0.75,0.2857142857142857,6,0.8571428571428571,0,0.0
0.75,0.75,"{""clf__C"": 1.0, ""clf__gamma"": 0.001}",0.31559152745723584,"[[4, 0], [2, 2]]",arousal,0.7333333333333334,0.75,0.7333333333333334,2,0.5,1,0,0.0,0.5,0.8481372043537442,0.5773502691896258,subject_dependent,rbf_svm,0.6666666666666666,1.0,0.8541666666666666,0.8333333333333333,0.75,0.8333333333333333,0.75,0.75,0.75,0.8125,4,1.0,2,0.5
0.625,0.35714285714285715,"{""clf__C"": 1.0, ""clf__gamma"": 0.001}",0.18466230992205818,"[[5, 2], [1, 0]]",arousal,0.38461538461538464,0.625,0.6730769230769231,1,1.0,2,2,0.2857142857142857,-0.19999999999999996,0.5771863572806549,-0.2182178902359924,subject_dependent,rbf_svm,0.8333333333333334,0.0,0.125,0.4166666666666667,0.625,0.7291666666666667,0.35714285714285715,0.625,0.625,0.0,5,0.7142857142857143,0,0.0
0.625,0.5,"{""clf__C"": 1.0, ""clf__gamma"": 0.01}",0.27301857305060445,"[[5, 0], [3, 0]]",arousal,0.38461538461538464,0.625,0.4807692307692308,3,1.0,3,0,0.0,0.0,0.7687939016698979,0.0,subject_dependent,rbf_svm,0.625,0.0,0.2869047619047619,0.3125,0.625,0.390625,0.5,0.625,0.625,0.06666666666666665,5,1.0,0,0.0
0.125,0.5,"{""clf__C"": 0.1, ""clf__gamma"": 0.001}",0.11568779469977006,"[[0, 7], [0, 1]]",arousal,0.1111111111111111,0.125,0.027777777777777776,0,0.0,4,7,1.0,0.0,0.39851633090149524,0.0,subject_dependent,rbf_svm,0.0,0.125,0.16666666666666666,0.0625,0.125,0.015625,0.5,0.125,0.125,0.2857142857142857,0,0.0,1,1.0
0.25,0.5,"{""clf__C"": 0.1, ""clf__gamma"": 0.001}",0.23400386429660835,"[[2, 0], [6, 0]]",arousal,0.2,0.25,0.1,6,1.0,0,0,0.0,0.0,0.8694034911755288,0.0,subject_dependent,rbf_svm,0.25,0.0,0.6746031746031745,0.125,0.25,0.0625,0.5,0.25,0.25,0.25,2,1.0,0,0.0
1.0,1.0,"{""clf__C"": 0.1, ""clf__gamma"": 0.001}",,[[8]],arousal,1.0,1.0,1.0,,,1,,,nan,,0.0,subject_dependent,rbf_svm,,,1.0,1.0,1.0,1.0,1.0,1.0,1.0,nan,,,,
0.25,0.5,"{""clf__C"": 0.1, ""clf__gamma"": 0.001}",0.2131664212906162,"[[2, 0], [6, 0]]",arousal,0.2,0.25,0.1,6,1.0,2,0,0.0,0.0,0.6729521667138414,0.0,subject_dependent,rbf_svm,0.25,0.0,0.594047619047619,0.125,0.25,0.0625,0.5,0.25,0.25,0.0,2,1.0,0,0.0
0.875,0.5,"{""clf__C"": 0.1, ""clf__gamma"": 0.01}",0.13780332701639145,"[[0, 1], [0, 7]]",arousal,0.4666666666666667,0.875,0.8166666666666667,0,0.0,3,1,1.0,0.0,0.4573247639261522,0.0,subject_dependent,rbf_svm,0.0,0.875,0.754591836734694,0.4375,0.875,0.765625,0.5,0.875,0.875,0.0,0,0.0,7,1.0
0.25,0.5,"{""clf__C"": 0.1, ""clf__gamma"": 0.01}",0.2192536780903656,"[[2, 0], [6, 0]]",arousal,0.2,0.25,0.1,6,1.0,4,0,0.0,0.0,0.7143369410657701,0.0,subject_dependent,rbf_svm,0.25,0.0,0.9761904761904762,0.125,0.25,0.0625,0.5,0.25,0.25,0.9166666666666667,2,1.0,0,0.0
0.875,0.8333333333333333,"{""clf__C"": 10.0, ""clf__gamma"": 0.001}",0.14596992565419947,"[[2, 1], [0, 5]]",arousal,0.8545454545454545,0.875,0.8681818181818182,0,0.0,0,1,0.3333333333333333,0.7142857142857143,0.4682569463954913,0.7453559924999299,subject_dependent,rbf_svm,1.0,0.8333333333333334,0.9266666666666666,0.9166666666666667,0.875,0.8958333333333334,0.8333333333333333,0.875,0.875,0.8666666666666667,2,0.6666666666666666,5,1.0
0.75,0.6666666666666666,"{""clf__C"": 10.0, ""clf__gamma"": 0.001}",0.19007312530115503,"[[1, 2], [0, 5]]",arousal,0.6666666666666667,0.75,0.7083333333333334,0,0.0,1,2,0.6666666666666666,0.3846153846153846,0.5096541441435851,0.4879500364742666,subject_dependent,rbf_svm,1.0,0.7142857142857143,0.9428571428571428,0.8571428571428572,0.75,0.8214285714285714,0.6666666666666666,0.75,0.75,0.8666666666666667,1,0.3333333333333333,5,1.0
0.625,0.7857142857142857,"{""clf__C"": 1.0, ""clf__gamma"": 0.001}",0.20821066185993814,"[[1, 0], [3, 4]]",arousal,0.5636363636363637,0.625,0.6863636363636364,3,0.42857142857142855,2,0,0.0,0.25,0.6015853419100716,0.3779644730092272,subject_dependent,rbf_svm,0.25,1.0,1.0,0.625,0.625,0.90625,0.7857142857142857,0.625,0.625,1.0,1,1.0,4,0.5714285714285714
0.75,0.42857142857142855,"{""clf__C"": 10.0, ""clf__gamma"": 0.001}",0.11933596739411112,"[[0, 1], [1, 6]]",arousal,0.42857142857142855,0.75,0.75,1,0.14285714285714285,3,1,1.0,-0.1428571428571428,0.3440842102092786,-0.14285714285714285,subject_dependent,rbf_svm,0.0,0.8571428571428571,0.9821428571428572,0.42857142857142855,0.75,0.75,0.42857142857142855,0.75,0.75,0.8571428571428571,0,0.0,6,0.8571428571428571
0.75,0.6666666666666666,"{""clf__C"": 0.1, ""clf__gamma"": 0.001}",0.2575629608551777,"[[1, 2], [0, 5]]",arousal,0.6666666666666667,0.75,0.7083333333333334,0,0.0,4,2,0.6666666666666666,0.3846153846153846,0.7204289929183668,0.4879500364742666,subject_dependent,rbf_svm,1.0,0.7142857142857143,0.46928571428571425,0.8571428571428572,0.75,0.8214285714285714,0.6666666666666666,0.75,0.75,0.0,1,0.3333333333333333,5,1.0
0.75,0.5,"{""clf__C"": 10.0, ""clf__gamma"": 0.001}",0.21450294502364586,"[[6, 0], [2, 0]]",arousal,0.42857142857142855,0.75,0.6428571428571428,2,1.0,0,0,0.0,0.0,0.6215231781281408,0.0,subject_dependent,rbf_svm,0.75,0.0,0.8333333333333333,0.375,0.75,0.5625,0.5,0.75,0.75,0.9166666666666667,6,1.0,0,0.0
0.375,0.43333333333333335,"{""clf__C"": 1.0, ""clf__gamma"": 0.001}",0.3152577539611132,"[[2, 1], [4, 1]]",arousal,0.36507936507936506,0.375,0.34523809523809523,4,0.8,1,1,0.3333333333333333,-0.11111111111111116,0.8285411279034783,-0.14907119849998599,subject_dependent,rbf_svm,0.3333333333333333,0.5,0.6116666666666666,0.41666666666666663,0.375,0.4375,0.43333333333333335,0.375,0.375,0.4,2,0.6666666666666666,1,0.2
0.5,0.5333333333333333,"{""clf__C"": 1.0, ""clf__gamma"": 0.001}",0.30108093959945353,"[[2, 3], [1, 2]]",arousal,0.5,0.5,0.5,1,0.3333333333333333,2,3,0.6,0.05882352941176472,0.8101866443427437,0.06666666666666667,subject_dependent,rbf_svm,0.6666666666666666,0.4,0.3416666666666666,0.5333333333333333,0.5,0.5666666666666667,0.5333333333333333,0.5,0.5,0.26666666666666666,2,0.4,2,0.6666666666666666
0.625,0.625,"{""clf__C"": 1.0, ""clf__gamma"": 0.001}",0.2582032642673797,"[[3, 1], [2, 2]]",arousal,0.6190476190476191,0.625,0.6190476190476191,2,0.5,3,1,0.25,0.25,0.7155521264082052,0.2581988897471611,subject_dependent,rbf_svm,0.6,0.6666666666666666,0.8125,0.6333333333333333,0.625,0.6333333333333333,0.625,0.625,0.625,0.6875,3,0.75,2,0.5
0.875,0.8333333333333333,"{""clf__C"": 1.0, ""clf__gamma"": 0.001}",0.24610015603012808,"[[5, 0], [1, 2]]",arousal,0.8545454545454545,0.875,0.8681818181818182,1,0.3333333333333333,4,0,0.0,0.7142857142857143,0.6854662951130124,0.7453559924999299,subject_dependent,rbf_svm,0.8333333333333334,1.0,0.33134920634920634,0.9166666666666667,0.875,0.8958333333333334,0.8333333333333333,0.875,0.875,0.19999999999999998,5,1.0,2,0.6666666666666666
0.375,0.43333333333333335,"{""clf__C"": 1.0, ""clf__gamma"": 0.001}",0.37770525821930456,"[[1, 4], [1, 2]]",arousal,0.36507936507936506,0.375,0.34523809523809523,1,0.3333333333333333,0,4,0.8,-0.11111111111111116,1.0039580713098086,-0.14907119849998599,subject_dependent,rbf_svm,0.5,0.3333333333333333,0.44285714285714284,0.41666666666666663,0.375,0.4375,0.43333333333333335,0.375,0.375,0.4666666666666666,1,0.2,2,0.6666666666666666
0.625,0.7,"{""clf__C"": 1.0, ""clf__gamma"": 0.001}",0.3338241674252027,"[[3, 0], [3, 2]]",arousal,0.6190476190476191,0.625,0.6071428571428571,3,0.6,1,0,0.0,0.33333333333333337,0.9110421577717046,0.4472135954999579,subject_dependent,rbf_svm,0.5,1.0,0.4859523809523809,0.75,0.625,0.8125,0.7,0.625,0.625,0.06666666666666668,3,1.0,2,0.4
0.375,0.5,"{""clf__C"": 0.1, ""clf__gamma"": 0.001}",0.2534014164595716,"[[3, 0], [5, 0]]",arousal,0.2727272727272727,0.375,0.20454545454545453,5,1.0,2,0,0.0,0.0,0.7080559559373173,0.0,subject_dependent,rbf_svm,0.375,0.0,0.8392857142857143,0.1875,0.375,0.140625,0.5,0.375,0.375,0.6,3,1.0,0,0.0
0.875,0.5,"{""clf__C"": 1.0, ""clf__gamma"": 0.01}",0.18816541084668387,"[[0, 1], [0, 7]]",arousal,0.4666666666666667,0.875,0.8166666666666667,0,0.0,3,1,1.0,0.0,0.5681518764237756,0.0,subject_dependent,rbf_svm,0.0,0.875,0.754591836734694,0.4375,0.875,0.765625,0.5,0.875,0.875,0.0,0,0.0,7,1.0
0.5,0.7142857142857143,"{""clf__C"": 10.0, ""clf__gamma"": 0.001}",0.17404623350929987,"[[1, 0], [4, 3]]",arousal,0.4666666666666667,0.5,0.5666666666666667,4,0.5714285714285714,4,0,0.0,0.1578947368421053,0.5364100673855229,0.29277002188455997,subject_dependent,rbf_svm,0.2,1.0,0.9617346938775511,0.6,0.5,0.9,0.7142857142857143,0.5,0.5,0.7142857142857143,1,1.0,3,0.42857142857142855
0.375,0.5,"{""clf__C"": 1.0, ""clf__gamma"": 0.1}",0.2855928649101046,"[[3, 0], [5, 0]]",arousal,0.2727272727272727,0.375,0.20454545454545453,5,1.0,0,0,0.0,0.0,0.7654771317356208,0.0,subject_dependent,rbf_svm,0.375,0.0,0.7142857142857143,0.1875,0.375,0.140625,0.5,0.375,0.375,0.6666666666666667,3,1.0,0,0.0
0.5,0.4666666666666667,"{""clf__C"": 10.0, ""clf__gamma"": 0.001}",0.25966501984015156,"[[3, 2], [2, 1]]",arousal,0.4666666666666667,0.5,0.5,2,0.6666666666666666,1,2,0.4,-0.06666666666666665,0.7132395071832518,-0.06666666666666667,subject_dependent,rbf_svm,0.6,0.3333333333333333,0.3472222222222222,0.4666666666666667,0.5,0.5,0.4666666666666667,0.5,0.5,0.2666666666666666,3,0.6,1,0.3333333333333333
0.25,0.26666666666666666,"{""clf__C"": 10.0, ""clf__gamma"": 0.001}",0.2692201990497537,"[[1, 4], [2, 1]]",arousal,0.25,0.25,0.25,2,0.6666666666666666,2,4,0.8,-0.41176470588235303,0.7325270922470817,-0.4666666666666667,subject_dependent,rbf_svm,0.3333333333333333,0.2,0.3472222222222222,0.26666666666666666,0.25,0.2833333333333333,0.26666666666666666,0.25,0.25,0.2666666666666666,1,0.2,1,0.3333333333333333
0.5,0.5,"{""clf__C"": 10.0, ""clf__gamma"": 0.001}",0.2536048941307002,"[[2, 2], [2, 2]]",arousal,0.5,0.5,0.5,2,0.5,3,2,0.5,0.0,0.7006084435017219,0.0,subject_dependent,rbf_svm,0.5,0.5,0.7095238095238094,0.5,0.5,0.5,0.5,0.5,0.5,0.625,2,0.5,2,0.5
0.625,0.5,"{""clf__C"": 1.0, ""clf__gamma"": 0.1}",0.2410287602563063,"[[5, 0], [3, 0]]",arousal,0.38461538461538464,0.625,0.4807692307692308,3,1.0,4,0,0.0,0.0,0.6751641456650425,0.0,subject_dependent,rbf_svm,0.625,0.0,0.31547619047619047,0.3125,0.625,0.390625,0.5,0.625,0.625,0.3333333333333333,5,1.0,0,0.0
0.375,0.5833333333333334,"{""clf__C"": 1.0, ""clf__gamma"": 0.001}",0.22352164093321938,"[[2, 0], [5, 1]]",arousal,0.36507936507936506,0.375,0.32539682539682535,5,0.8333333333333334,0,0,0.0,0.09090909090909094,0.6514888008516336,0.2182178902359924,subject_dependent,rbf_svm,0.2857142857142857,1.0,0.6496031746031745,0.6428571428571428,0.375,0.8214285714285714,0.5833333333333334,0.375,0.375,0.16666666666666666,2,1.0,1,0.16666666666666666
0.875,0.9285714285714286,"{""clf__C"": 1.0, ""clf__gamma"": 0.001}",0.27621227799221865,"[[1, 0], [1, 6]]",arousal,0.7948717948717949,0.875,0.8910256410256411,1,0.14285714285714285,1,0,0.0,0.6,0.7458860371986996,0.6546536707079772,subject_dependent,rbf_svm,0.5,1.0,0.8260204081632654,0.75,0.875,0.9375,0.9285714285714286,0.875,0.875,0.14285714285714285,1,1.0,6,0.8571428571428571
0.25,0.3333333333333333,"{""clf__C"": 1.0, ""clf__gamma"": 0.001}",0.34405015081616774,"[[0, 5], [1, 2]]",arousal,0.2,0.25,0.15000000000000002,1,0.3333333333333333,2,5,1.0,-0.26315789473684204,0.8961982651526639,-0.4879500364742666,subject_dependent,rbf_svm,0.0,0.2857142857142857,0.42499999999999993,0.14285714285714285,0.25,0.10714285714285714,0.3333333333333333,0.25,0.25,0.39999999999999997,0,0.0,2,0.6666666666666666
0.375,0.375,"{""clf__C"": 1.0, ""clf__gamma"": 0.001}",0.29056982679540977,"[[0, 4], [1, 3]]",arousal,0.2727272727272727,0.375,0.2727272727272727,1,0.25,3,4,1.0,-0.25,0.781195353332812,-0.3779644730092272,subject_dependent,rbf_svm,0.0,0.42857142857142855,0.7291666666666666,0.21428571428571427,0.375,0.21428571428571427,0.375,0.375,0.375,0.625,0,0.0,3,0.75
0.75,0.7333333333333334,"{""clf__C"": 1.0, ""clf__gamma"": 0.001}",0.3256252721487084,"[[2, 1], [1, 4]]",arousal,0.7333333333333334,0.75,0.75,1,0.2,4,1,0.3333333333333333,0.4666666666666667,0.8729753359605822,0.4666666666666667,subject_dependent,rbf_svm,0.6666666666666666,0.8,0.5392857142857144,0.7333333333333334,0.75,0.75,0.7333333333333334,0.75,0.75,0.2,2,0.6666666666666666,4,0.8
0.5,0.4666666666666667,"{""clf__C"": 10.0, ""clf__gamma"": 0.001}",0.30338785921613176,"[[3, 2], [2, 1]]",arousal,0.4666666666666667,0.5,0.5,2,0.6666666666666666,0,2,0.4,-0.06666666666666665,0.8118372411696333,-0.06666666666666667,subject_dependent,rbf_svm,0.6,0.3333333333333333,0.3595238095238095,0.4666666666666667,0.5,0.5,0.4666666666666667,0.5,0.5,0.3333333333333333,3,0.6,1,0.3333333333333333
0.25,0.3333333333333333,"{""clf__C"": 1.0, ""clf__gamma"": 0.001}",0.16405036421252345,"[[2, 1], [5, 0]]",arousal,0.2,0.25,0.15000000000000002,5,1.0,1,1,0.3333333333333333,-0.26315789473684204,0.49033231980197456,-0.4879500364742666,subject_dependent,rbf_svm,0.2857142857142857,0.0,0.9428571428571428,0.14285714285714285,0.25,0.10714285714285714,0.3333333333333333,0.25,0.25,0.8666666666666667,2,0.6666666666666666,0,0.0
0.625,0.625,"{""clf__C"": 10.0, ""clf__gamma"": 0.001}",0.28079103663973465,"[[3, 1], [2, 2]]",arousal,0.6190476190476191,0.625,0.6190476190476191,2,0.5,2,1,0.25,0.25,0.7589204691719729,0.2581988897471611,subject_dependent,rbf_svm,0.6,0.6666666666666666,0.5178571428571428,0.6333333333333333,0.625,0.6333333333333333,0.625,0.625,0.625,0.4375,3,0.75,2,0.5
0.5,0.4666666666666667,"{""clf__C"": 1.0, ""clf__gamma"": 0.001}",0.3340913159215625,"[[3, 2], [2, 1]]",arousal,0.4666666666666667,0.5,0.5,2,0.6666666666666666,3,2,0.4,-0.06666666666666665,0.9235553806808197,-0.06666666666666667,subject_dependent,rbf_svm,0.6,0.3333333333333333,0.3873015873015873,0.4666666666666667,0.5,0.5,0.4666666666666667,0.5,0.5,0.39999999999999997,3,0.6,1,0.3333333333333333
0.375,0.375,"{""clf__C"": 10.0, ""clf__gamma"": 0.001}",0.3022818156996253,"[[2, 2], [3, 1]]",arousal,0.36507936507936506,0.375,0.36507936507936506,3,0.75,4,2,0.5,-0.25,0.8804713173767587,-0.2581988897471611,subject_dependent,rbf_svm,0.4,0.3333333333333333,0.5845238095238094,0.3666666666666667,0.375,0.3666666666666667,0.375,0.375,0.375,0.5625,2,0.5,1,0.25
0.625,0.7,"{""clf__C"": 1.0, ""clf__gamma"": 0.001}",0.2824805883633869,"[[3, 0], [3, 2]]",arousal,0.6190476190476191,0.625,0.6071428571428571,3,0.6,0,0,0.0,0.33333333333333337,0.7748099696626586,0.4472135954999579,subject_dependent,rbf_svm,0.5,1.0,0.8261904761904763,0.75,0.625,0.8125,0.7,0.625,0.625,0.6666666666666667,3,1.0,2,0.4
0.625,0.6333333333333333,"{""clf__C"": 1.0, ""clf__gamma"": 0.001}",0.26276806064060776,"[[3, 2], [1, 2]]",arousal,0.6190476190476191,0.625,0.6309523809523809,1,0.3333333333333333,1,2,0.4,0.25,0.7187411533765797,0.2581988897471611,subject_dependent,rbf_svm,0.75,0.5,0.2869047619047619,0.625,0.625,0.65625,0.6333333333333333,0.625,0.625,0.09999999999999999,3,0.6,2,0.6666666666666666
0.625,0.625,"{""clf__C"": 1.0, ""clf__gamma"": 0.001}",0.23039253456265896,"[[2, 2], [1, 3]]",arousal,0.6190476190476191,0.625,0.6190476190476191,1,0.25,2,2,0.5,0.25,0.6534098881281206,0.2581988897471611,subject_dependent,rbf_svm,0.6666666666666666,0.6,0.6083333333333333,0.6333333333333333,0.625,0.6333333333333333,0.625,0.625,0.625,0.625,2,0.5,3,0.75
1.0,1.0,"{""clf__C"": 1.0, ""clf__gamma"": 0.001}",0.10746858896545783,"[[4, 0], [0, 4]]",arousal,1.0,1.0,1.0,0,0.0,3,0,0.0,1.0,0.3737292515221172,1.0,subject_dependent,rbf_svm,1.0,1.0,1.0,1.0,1.0,1.0,1.0,1.0,1.0,1.0,4,1.0,4,1.0
0.375,0.3,"{""clf__C"": 10.0, ""clf__gamma"": 0.001}",0.30301164514513723,"[[3, 2], [3, 0]]",arousal,0.2727272727272727,0.375,0.3409090909090909,3,1.0,4,2,0.4,-0.4285714285714286,0.7919738622352452,-0.4472135954999579,subject_dependent,rbf_svm,0.5,0.0,0.41111111111111115,0.25,0.375,0.3125,0.3,0.375,0.375,0.4666666666666667,3,0.6,0,0.0
0.75,0.7333333333333334,"{""clf__C"": 1.0, ""clf__gamma"": 0.001}",0.19320577775605036,"[[2, 1], [1, 4]]",arousal,0.7333333333333334,0.75,0.75,1,0.2,0,1,0.3333333333333333,0.4666666666666667,0.5681317050799211,0.4666666666666667,subject_dependent,rbf_svm,0.6666666666666666,0.8,0.9428571428571428,0.7333333333333334,0.75,0.75,0.7333333333333334,0.75,0.75,0.8666666666666667,2,0.6666666666666666,4,0.8
0.625,0.7857142857142857,"{""clf__C"": 1.0, ""clf__gamma"": 0.001}",0.2428126935758267,"[[1, 0], [3, 4]]",arousal,0.5636363636363637,0.625,0.6863636363636364,3,0.42857142857142855,1,0,0.0,0.25,0.7117632563514211,0.3779644730092272,subject_dependent,rbf_svm,0.25,1.0,0.9821428571428572,0.625,0.625,0.90625,0.7857142857142857,0.625,0.625,0.8571428571428571,1,1.0,4,0.5714285714285714
0.875,0.9,"{""clf__C"": 1.0, ""clf__gamma"": 0.001}",0.2955438743318366,"[[3, 0], [1, 4]]",arousal,0.873015873015873,0.875,0.876984126984127,1,0.2,2,0,0.0,0.75,0.8126668611421748,0.7745966692414834,subject_dependent,rbf_svm,0.75,1.0,0.6192857142857142,0.875,0.875,0.90625,0.9,0.875,0.875,0.2,3,1.0,4,0.8
0.625,0.5666666666666667,"{""clf__C"": 1.0, ""clf__gamma"": 0.001}",0.2693974264376554,"[[1, 2], [1, 4]]",arousal,0.5636363636363637,0.625,0.6045454545454546,1,0.2,3,2,0.6666666666666666,0.1428571428571429,0.7538889415226235,0.14907119849998599,subject_dependent,rbf_svm,0.5,0.6666666666666666,0.7416666666666667,0.5833333333333333,0.625,0.6041666666666666,0.5666666666666667,0.625,0.625,0.5333333333333334,1,0.3333333333333333,4,0.8
0.5,0.4,"{""clf__C"": 1.0, ""clf__gamma"": 0.001}",0.34623093569203783,"[[0, 3], [1, 4]]",arousal,0.3333333333333333,0.5,0.41666666666666663,1,0.2,4,3,1.0,-0.23076923076923084,0.9389175566992934,-0.29277002188455997,subject_dependent,rbf_svm,0.0,0.5714285714285714,0.885,0.2857142857142857,0.5,0.3571428571428571,0.4,0.5,0.5,0.7333333333333334,0,0.0,4,0.8
0.625,0.5666666666666667,"{""clf__C"": 1.0, ""clf__gamma"": 0.001}",0.24662140464538096,"[[1, 2], [1, 4]]",dominance,0.5636363636363637,0.625,0.6045454545454546,1,0.2,0,2,0.6666666666666666,0.1428571428571429,0.6894216467593299,0.14907119849998599,subject_dependent,rbf_svm,0.5,0.6666666666666666,0.6226190476190476,0.5833333333333333,0.625,0.6041666666666666,0.5666666666666667,0.625,0.625,0.4,1,0.3333333333333333,4,0.8
0.5,0.4,"{""clf__C"": 1.0, ""clf__gamma"": 0.001}",0.21419065736407505,"[[0, 3], [1, 4]]",dominance,0.3333333333333333,0.5,0.41666666666666663,1,0.2,1,3,1.0,-0.23076923076923084,0.6164971983005287,-0.29277002188455997,subject_dependent,rbf_svm,0.0,0.5714285714285714,0.8761904761904762,0.2857142857142857,0.5,0.3571428571428571,0.4,0.5,0.5,0.7333333333333334,0,0.0,4,0.8
0.375,0.5,"{""clf__C"": 0.1, ""clf__gamma"": 0.001}",0.25690182176165843,"[[3, 0], [5, 0]]",dominance,0.2727272727272727,0.375,0.20454545454545453,5,1.0,2,0,0.0,0.0,0.7186931251101124,0.0,subject_dependent,rbf_svm,0.375,0.0,0.8392857142857143,0.1875,0.375,0.140625,0.5,0.375,0.375,0.6,3,1.0,0,0.0
0.375,0.3,"{""clf__C"": 10.0, ""clf__gamma"": 0.001}",0.23930191358300706,"[[0, 3], [2, 3]]",dominance,0.2727272727272727,0.375,0.3409090909090909,2,0.4,3,3,1.0,-0.4285714285714286,0.6718470852895502,-0.4472135954999579,subject_dependent,rbf_svm,0.0,0.5,0.6226190476190476,0.25,0.375,0.3125,0.3,0.375,0.375,0.4,0,0.0,3,0.6
0.625,0.5833333333333333,"{""clf__C"": 1.0, ""clf__gamma"": 0.001}",0.20002073856987979,"[[1, 1], [2, 4]]",dominance,0.5636363636363637,0.625,0.6454545454545454,2,0.3333333333333333,4,1,0.5,0.1428571428571429,0.5868124787846692,0.14907119849998599,subject_dependent,rbf_svm,0.3333333333333333,0.8,0.8734126984126984,0.5666666666666667,0.625,0.6833333333333335,0.5833333333333333,0.625,0.625,0.6666666666666666,1,0.5,4,0.6666666666666666
0.625,0.6333333333333333,"{""clf__C"": 1.0, ""clf__gamma"": 0.001}",0.3147161517889333,"[[2, 1], [2, 3]]",dominance,0.6190476190476191,0.625,0.6309523809523809,2,0.4,0,1,0.3333333333333333,0.25,0.8941228062802254,0.2581988897471611,subject_dependent,rbf_svm,0.5,0.75,0.525952380952381,0.625,0.625,0.65625,0.6333333333333333,0.625,0.625,0.2,2,0.6666666666666666,3,0.6
0.5,0.2857142857142857,"{""clf__C"": 1.0, ""clf__gamma"": 0.001}",0.16233963772171084,"[[0, 1], [3, 4]]",dominance,0.3333333333333333,0.5,0.5833333333333333,3,0.42857142857142855,1,1,1.0,-0.23076923076923084,0.508167322712304,-0.29277002188455997,subject_dependent,rbf_svm,0.0,0.8,0.9379251700680272,0.4,0.5,0.7000000000000001,0.2857142857142857,0.5,0.5,0.5714285714285714,0,0.0,4,0.5714285714285714
0.75,0.7333333333333334,"{""clf__C"": 1.0, ""clf__gamma"": 0.001}",0.21895829888738003,"[[2, 1], [1, 4]]",dominance,0.7333333333333334,0.75,0.75,1,0.2,2,1,0.3333333333333333,0.4666666666666667,0.6237751012943609,0.4666666666666667,subject_dependent,rbf_svm,0.6666666666666666,0.8,0.8350000000000001,0.7333333333333334,0.75,0.75,0.7333333333333334,0.75,0.75,0.6666666666666667,2,0.6666666666666666,4,0.8
0.625,0.6333333333333333,"{""clf__C"": 0.1, ""clf__gamma"": 0.001}",0.37304807080846397,"[[3, 2], [1, 2]]",dominance,0.6190476190476191,0.625,0.6309523809523809,1,0.3333333333333333,3,2,0.4,0.25,0.9694098795627121,0.2581988897471611,subject_dependent,rbf_svm,0.75,0.5,0.44285714285714284,0.625,0.625,0.65625,0.6333333333333333,0.625,0.625,0.4666666666666666,3,0.6,2,0.6666666666666666
0.75,0.42857142857142855,"{""clf__C"": 10.0, ""clf__gamma"": 0.001}",0.16267434894818955,"[[0, 1], [1, 6]]",dominance,0.42857142857142855,0.75,0.75,1,0.14285714285714285,4,1,1.0,-0.1428571428571428,0.5128666589746211,-0.14285714285714285,subject_dependent,rbf_svm,0.0,0.8571428571428571,0.9379251700680272,0.42857142857142855,0.75,0.75,0.42857142857142855,0.75,0.75,0.5714285714285714,0,0.0,6,0.8571428571428571
0.375,0.375,"{""clf__C"": 10.0, ""clf__gamma"": 0.001}",0.23238289031118753,"[[3, 1], [4, 0]]",dominance,0.2727272727272727,0.375,0.2727272727272727,4,1.0,0,1,0.25,-0.25,0.6559224149563099,-0.3779644730092272,subject_dependent,rbf_svm,0.42857142857142855,0.0,0.8875,0.21428571428571427,0.375,0.21428571428571427,0.375,0.375,0.375,0.875,3,0.75,0,0.0
0.375,0.375,"{""clf__C"": 1.0, ""clf__gamma"": 0.001}",0.25535305010920883,"[[2, 2], [3, 1]]",dominance,0.36507936507936506,0.375,0.36507936507936506,3,0.75,1,2,0.5,-0.25,0.714414953329471,-0.2581988897471611,subject_dependent,rbf_svm,0.4,0.3333333333333333,0.7928571428571428,0.3666666666666667,0.375,0.3666666666666667,0.375,0.375,0.375,0.6875,2,0.5,1,0.25
0.375,0.43333333333333335,"{""clf__C"": 10.0, ""clf__gamma"": 0.001}",0.2973508586739399,"[[2, 1], [4, 1]]",dominance,0.36507936507936506,0.375,0.34523809523809523,4,0.8,2,1,0.3333333333333333,-0.11111111111111116,0.7938286362579601,-0.14907119849998599,subject_dependent,rbf_svm,0.3333333333333333,0.5,0.7416666666666667,0.41666666666666663,0.375,0.4375,0.43333333333333335,0.375,0.375,0.5333333333333334,2,0.6666666666666666,1,0.2
0.5,0.5,"{""clf__C"": 1.0, ""clf__gamma"": 0.01}",0.25415827083055564,"[[4, 0], [4, 0]]",dominance,0.3333333333333333,0.5,0.3333333333333333,4,1.0,3,0,0.0,0.0,0.7015327351410843,0.0,subject_dependent,rbf_svm,0.5,0.0,0.7095238095238094,0.25,0.5,0.25,0.5,0.5,0.5,0.625,4,1.0,0,0.0
1.0,1.0,"{""clf__C"": 0.1, ""clf__gamma"": 0.001}",,[[8]],dominance,1.0,1.0,1.0,,,4,,,nan,,0.0,subject_dependent,rbf_svm,,,0.0,1.0,1.0,1.0,1.0,1.0,1.0,nan,,,,
0.625,0.5833333333333333,"{""clf__C"": 1.0, ""clf__gamma"": 0.001}",0.20460521375881258,"[[4, 2], [1, 1]]",dominance,0.5636363636363637,0.625,0.6454545454545454,1,0.5,0,2,0.3333333333333333,0.1428571428571429,0.6040454225318568,0.14907119849998599,subject_dependent,rbf_svm,0.8,0.3333333333333333,0.30952380952380953,0.5666666666666667,0.625,0.6833333333333335,0.5833333333333333,0.625,0.625,0.41666666666666663,4,0.6666666666666666,1,0.5
0.75,0.8,"{""clf__C"": 10.0, ""clf__gamma"": 0.001}",0.24437285616933468,"[[3, 2], [0, 3]]",dominance,0.75,0.75,0.75,0,0.0,1,2,0.4,0.5294117647058824,0.6850860331606023,0.6,subject_dependent,rbf_svm,1.0,0.6,0.3206349206349206,0.8,0.75,0.85,0.8,0.75,0.75,0.19999999999999996,3,0.6,3,1.0
0.625,0.5666666666666667,"{""clf__C"": 1.0, ""clf__gamma"": 0.001}",0.2734165250969146,"[[4, 1], [2, 1]]",dominance,0.5636363636363637,0.625,0.6045454545454546,2,0.6666666666666666,2,1,0.2,0.1428571428571429,0.759749992398227,0.14907119849998599,subject_dependent,rbf_svm,0.6666666666666666,0.5,0.4027777777777778,0.5833333333333333,0.625,0.6041666666666666,0.5666666666666667,0.625,0.625,0.3333333333333333,4,0.8,1,0.3333333333333333
0.625,0.75,"{""clf__C"": 1.0, ""clf__gamma"": 0.001}",0.2553728363910752,"[[3, 3], [0, 2]]",dominance,0.6190476190476191,0.625,0.6428571428571428,0,0.0,3,3,0.5,0.33333333333333337,0.8626723996622897,0.4472135954999579,subject_dependent,rbf_svm,1.0,0.4,0.20833333333333331,0.7,0.625,0.85,0.75,0.625,0.625,0.08333333333333331,3,0.5,2,1.0
0.875,0.9166666666666667,"{""clf__C"": 1.0, ""clf__gamma"": 0.001}",0.24309626880409602,"[[5, 1], [0, 2]]",dominance,0.8545454545454545,0.875,0.8818181818181818,0,0.0,4,1,0.16666666666666666,0.7142857142857143,0.7109332946955726,0.7453559924999299,subject_dependent,rbf_svm,1.0,0.6666666666666666,0.20833333333333331,0.8333333333333333,0.875,0.9166666666666666,0.9166666666666667,0.875,0.875,0.08333333333333331,5,0.8333333333333334,2,1.0
0.375,0.5,"{""clf__C"": 10.0, ""clf__gamma"": 0.001}",0.30421767509234304,"[[3, 0], [5, 0]]",dominance,0.2727272727272727,0.375,0.20454545454545453,5,1.0,0,0,0.0,0.0,0.805059977671394,0.0,subject_dependent,rbf_svm,0.375,0.0,0.9666666666666667,0.1875,0.375,0.140625,0.5,0.375,0.375,0.9333333333333333,3,1.0,0,0.0
0.75,0.7333333333333334,"{""clf__C"": 1.0, ""clf__gamma"": 0.001}",0.3437871558633112,"[[4, 1], [1, 2]]",dominance,0.7333333333333334,0.75,0.75,1,0.3333333333333333,1,1,0.2,0.4666666666666667,0.9188489383871905,0.4666666666666667,subject_dependent,rbf_svm,0.8,0.6666666666666666,0.3472222222222222,0.7333333333333334,0.75,0.75,0.7333333333333334,0.75,0.75,0.2666666666666666,4,0.8,2,0.6666666666666666
0.25,0.2,"{""clf__C"": 10.0, ""clf__gamma"": 0.001}",0.24303479441827755,"[[2, 3], [3, 0]]",dominance,0.2,0.25,0.25,3,1.0,2,3,0.6,-0.6000000000000001,0.6770694476074393,-0.6,subject_dependent,rbf_svm,0.4,0.0,0.4777777777777778,0.2,0.25,0.25,0.2,0.25,0.25,0.6,2,0.4,0,0.0
0.75,0.7333333333333334,"{""clf__C"": 10.0, ""clf__gamma"": 0.001}",0.3903807597239456,"[[4, 1], [1, 2]]",dominance,0.7333333333333334,0.75,0.75,1,0.3333333333333333,3,1,0.2,0.4666666666666667,1.0243409950718743,0.4666666666666667,subject_dependent,rbf_svm,0.8,0.6666666666666666,0.30357142857142855,0.7333333333333334,0.75,0.75,0.7333333333333334,0.75,0.75,0.13333333333333333,4,0.8,2,0.6666666666666666
0.75,0.7333333333333334,"{""clf__C"": 10.0, ""clf__gamma"": 0.001}",0.42121627813213314,"[[4, 1], [1, 2]]",dominance,0.7333333333333334,0.75,0.75,1,0.3333333333333333,4,1,0.2,0.4666666666666667,1.1622823970492377,0.4666666666666667,subject_dependent,rbf_svm,0.8,0.6666666666666666,0.3194444444444444,0.7333333333333334,0.75,0.75,0.7333333333333334,0.75,0.75,0.19999999999999998,4,0.8,2,0.6666666666666666
0.625,0.625,"{""clf__C"": 10.0, ""clf__gamma"": 0.001}",0.29344997960087016,"[[3, 1], [2, 2]]",dominance,0.6190476190476191,0.625,0.6190476190476191,2,0.5,0,1,0.25,0.25,0.8009908681133068,0.2581988897471611,subject_dependent,rbf_svm,0.6,0.6666666666666666,0.6845238095238095,0.6333333333333333,0.625,0.6333333333333333,0.625,0.625,0.625,0.5625,3,0.75,2,0.5
0.625,0.5833333333333333,"{""clf__C"": 1.0, ""clf__gamma"": 0.001}",0.2754151380887728,"[[1, 1], [2, 4]]",dominance,0.5636363636363637,0.625,0.6454545454545454,2,0.3333333333333333,1,1,0.5,0.1428571428571429,0.7474084736749029,0.14907119849998599,subject_dependent,rbf_svm,0.3333333333333333,0.8,0.8134920634920635,0.5666666666666667,0.625,0.6833333333333335,0.5833333333333333,0.625,0.625,0.41666666666666663,1,0.5,4,0.6666666666666666
0.75,0.6666666666666666,"{""clf__C"": 1.0, ""clf__gamma"": 0.001}",0.2391255842289403,"[[1, 2], [0, 5]]",dominance,0.6666666666666667,0.75,0.7083333333333334,0,0.0,2,2,0.6666666666666666,0.3846153846153846,0.6713935889616625,0.4879500364742666,subject_dependent,rbf_svm,1.0,0.7142857142857143,0.6226190476190476,0.8571428571428572,0.75,0.8214285714285714,0.6666666666666666,0.75,0.75,0.4,1,0.3333333333333333,5,1.0
0.5,0.5,"{""clf__C"": 10.0, ""clf__gamma"": 0.001}",0.29266795577105836,"[[2, 2], [2, 2]]",dominance,0.5,0.5,0.5,2,0.5,3,2,0.5,0.0,0.7937891275179794,0.0,subject_dependent,rbf_svm,0.5,0.5,0.5845238095238094,0.5,0.5,0.5,0.5,0.5,0.5,0.5625,2,0.5,2,0.5
0.625,0.6333333333333333,"{""clf__C"": 10.0, ""clf__gamma"": 0.001}",0.3157268383896099,"[[2, 1], [2, 3]]",dominance,0.6190476190476191,0.625,0.6309523809523809,2,0.4,4,1,0.3333333333333333,0.25,1.0476888061175276,0.2581988897471611,subject_dependent,rbf_svm,0.5,0.75,0.7116666666666667,0.625,0.625,0.65625,0.6333333333333333,0.625,0.625,0.46666666666666673,2,0.6666666666666666,3,0.6
0.625,0.7,"{""clf__C"": 1.0, ""clf__gamma"": 0.001}",0.24169497927646413,"[[3, 0], [3, 2]]",dominance,0.6190476190476191,0.625,0.6071428571428571,3,0.6,0,0,0.0,0.33333333333333337,0.6766840605086333,0.4472135954999579,subject_dependent,rbf_svm,0.5,1.0,0.885,0.75,0.625,0.8125,0.7,0.625,0.625,0.7333333333333334,3,1.0,2,0.4
0.5,0.5,"{""clf__C"": 1.0, ""clf__gamma"": 0.001}",0.27031255425777123,"[[3, 1], [3, 1]]",dominance,0.4666666666666667,0.5,0.4666666666666667,3,0.75,1,1,0.25,0.0,0.7346906353947446,0.0,subject_dependent,rbf_svm,0.5,0.5,0.48214285714285715,0.5,0.5,0.5,0.5,0.5,0.5,0.3125,3,0.75,1,0.25
0.5,0.5333333333333333,"{""clf__C"": 10.0, ""clf__gamma"": 0.001}",0.2887504482993298,"[[2, 1], [3, 2]]",dominance,0.5,0.5,0.5,3,0.6,2,1,0.3333333333333333,0.05882352941176472,0.773349981677925,0.06666666666666667,subject_dependent,rbf_svm,0.4,0.6666666666666666,0.6783333333333333,0.5333333333333333,0.5,0.5666666666666667,0.5333333333333333,0.5,0.5,0.4,2,0.6666666666666666,2,0.4
0.5,0.5333333333333333,"{""clf__C"": 10.0, ""clf__gamma"": 0.001}",0.28224991799948623,"[[2, 3], [1, 2]]",dominance,0.5,0.5,0.5,1,0.3333333333333333,3,3,0.6,0.05882352941176472,0.758511063031893,0.06666666666666667,subject_dependent,rbf_svm,0.6666666666666666,0.4,0.3472222222222222,0.5333333333333333,0.5,0.5666666666666667,0.5333333333333333,0.5,0.5,0.3,2,0.4,2,0.6666666666666666
0.75,0.7333333333333334,"{""clf__C"": 1.0, ""clf__gamma"": 0.001}",0.4171058276237185,"[[4, 1], [1, 2]]",dominance,0.7333333333333334,0.75,0.75,1,0.3333333333333333,4,1,0.2,0.4666666666666667,1.0690602403304834,0.4666666666666667,subject_dependent,rbf_svm,0.8,0.6666666666666666,0.33134920634920634,0.7333333333333334,0.75,0.75,0.7333333333333334,0.75,0.75,0.19999999999999998,4,0.8,2,0.6666666666666666
0.5,0.5333333333333333,"{""clf__C"": 1.0, ""clf__gamma"": 0.001}",0.2535122799686751,"[[2, 1], [3, 2]]",dominance,0.5,0.5,0.5,3,0.6,0,1,0.3333333333333333,0.05882352941176472,0.7067917649070622,0.06666666666666667,subject_dependent,rbf_svm,0.4,0.6666666666666666,0.5449999999999999,0.5333333333333333,0.5,0.5666666666666667,0.5333333333333333,0.5,0.5,0.2666666666666667,2,0.6666666666666666,2,0.4
0.5,0.5,"{""clf__C"": 1.0, ""clf__gamma"": 0.001}",0.31533814578941705,"[[1, 3], [1, 3]]",dominance,0.4666666666666667,0.5,0.4666666666666667,1,0.25,1,3,0.75,0.0,0.8284479320982194,0.0,subject_dependent,rbf_svm,0.5,0.5,0.5654761904761905,0.5,0.5,0.5,0.5,0.5,0.5,0.25,1,0.25,3,0.75
0.75,0.6666666666666667,"{""clf__C"": 10.0, ""clf__gamma"": 0.001}",0.2051561760006862,"[[1, 1], [1, 5]]",dominance,0.6666666666666667,0.75,0.75,1,0.16666666666666666,2,1,0.5,0.33333333333333337,0.6018010655129017,0.3333333333333333,subject_dependent,rbf_svm,0.5,0.8333333333333334,0.8734126984126984,0.6666666666666667,0.75,0.75,0.6666666666666667,0.75,0.75,0.6666666666666666,1,0.5,5,0.8333333333333334
0.5,0.4,"{""clf__C"": 10.0, ""clf__gamma"": 0.001}",0.23492571305528268,"[[0, 3], [1, 4]]",dominance,0.3333333333333333,0.5,0.41666666666666663,1,0.2,3,3,1.0,-0.23076923076923084,0.6623213147496203,-0.29277002188455997,subject_dependent,rbf_svm,0.0,0.5714285714285714,0.6726190476190477,0.2857142857142857,0.5,0.3571428571428571,0.4,0.5,0.5,0.33333333333333337,0,0.0,4,0.8
0.625,0.6333333333333333,"{""clf__C"": 1.0, ""clf__gamma"": 0.001}",0.2410437523602534,"[[2, 1], [2, 3]]",dominance,0.6190476190476191,0.625,0.6309523809523809,2,0.4,4,1,0.3333333333333333,0.25,0.6740772053324342,0.2581988897471611,subject_dependent,rbf_svm,0.5,0.75,0.7416666666666667,0.625,0.625,0.65625,0.6333333333333333,0.625,0.625,0.5333333333333334,2,0.6666666666666666,3,0.6
0.75,0.8571428571428572,"{""clf__C"": 1.0, ""clf__gamma"": 0.001}",0.15718914590779043,"[[5, 2], [0, 1]]",dominance,0.6666666666666667,0.75,0.7916666666666667,0,0.0,0,2,0.2857142857142857,0.3846153846153846,0.5022013759012022,0.4879500364742666,subject_dependent,rbf_svm,1.0,0.3333333333333333,1.0,0.6666666666666666,0.75,0.9166666666666666,0.8571428571428572,0.75,0.75,1.0,5,0.7142857142857143,1,1.0
0.25,0.2,"{""clf__C"": 1.0, ""clf__gamma"": 0.001}",0.287633982166198,"[[2, 3], [3, 0]]",dominance,0.2,0.25,0.25,3,1.0,1,3,0.6,-0.6000000000000001,0.7740074755877736,-0.6,subject_dependent,rbf_svm,0.4,0.0,0.38333333333333336,0.2,0.25,0.25,0.2,0.25,0.25,0.4,2,0.4,0,0.0
0.625,0.5,"{""clf__C"": 10.0, ""clf__gamma"": 0.001}",0.25124527477334113,"[[5, 0], [3, 0]]",dominance,0.38461538461538464,0.625,0.4807692307692308,3,1.0,2,0,0.0,0.0,0.6997394413952454,0.0,subject_dependent,rbf_svm,0.625,0.0,0.38690476190476186,0.3125,0.625,0.390625,0.5,0.625,0.625,0.26666666666666666,5,1.0,0,0.0
0.5,0.6666666666666666,"{""clf__C"": 10.0, ""clf__gamma"": 0.001}",0.2879723531193349,"[[2, 4], [0, 2]]",dominance,0.5,0.5,0.5,0,0.0,3,4,0.6666666666666666,0.19999999999999996,0.7681950759348699,0.3333333333333333,subject_dependent,rbf_svm,1.0,0.3333333333333333,0.325,0.6666666666666666,0.5,0.8333333333333334,0.6666666666666666,0.5,0.5,0.5,2,0.3333333333333333,2,1.0
0.75,0.75,"{""clf__C"": 1.0, ""clf__gamma"": 0.001}",0.24049833198293202,"[[4, 0], [2, 2]]",dominance,0.7333333333333334,0.75,0.7333333333333334,2,0.5,4,0,0.0,0.5,0.707925833630069,0.5773502691896258,subject_dependent,rbf_svm,0.6666666666666666,1.0,0.9166666666666666,0.8333333333333333,0.75,0.8333333333333333,0.75,0.75,0.75,0.875,4,1.0,2,0.5
0.75,0.75,"{""clf__C"": 1.0, ""clf__gamma"": 0.001}",0.40919620331495987,"[[2, 2], [0, 4]]",dominance,0.7333333333333334,0.75,0.7333333333333334,0,0.0,0,2,0.5,0.5,1.0891139058052288,0.5773502691896258,subject_dependent,rbf_svm,1.0,0.6666666666666666,0.3654761904761905,0.8333333333333333,0.75,0.8333333333333333,0.75,0.75,0.75,0.0,2,0.5,4,1.0
0.375,0.375,"{""clf__C"": 1.0, ""clf__gamma"": 0.001}",,"[[0, 0], [5, 3]]",dominance,0.2727272727272727,0.375,0.5454545454545454,,,1,,,0.0,,0.0,subject_dependent,rbf_svm,,,1.0,0.5,0.375,1.0,0.1875,0.375,0.375,nan,,,,
0.5,0.5,"{""clf__C"": 1.0, ""clf__gamma"": 0.001}",0.2685866051597747,"[[2, 2], [2, 2]]",dominance,0.5,0.5,0.5,2,0.5,2,2,0.5,0.0,0.7311282711647625,0.0,subject_dependent,rbf_svm,0.5,0.5,0.6488095238095237,0.5,0.5,0.5,0.5,0.5,0.5,0.4375,2,0.5,2,0.5
0.125,0.16666666666666666,"{""clf__C"": 10.0, ""clf__gamma"": 0.001}",0.44808938443378904,"[[0, 5], [2, 1]]",dominance,0.1111111111111111,0.125,0.08333333333333333,2,0.6666666666666666,3,5,1.0,-0.5555555555555556,1.217115349703701,-0.7453559924999299,subject_dependent,rbf_svm,0.0,0.16666666666666666,0.30357142857142855,0.08333333333333333,0.125,0.0625,0.16666666666666666,0.125,0.125,0.13333333333333333,0,0.0,1,0.3333333333333333
0.375,0.375,"{""clf__C"": 10.0, ""clf__gamma"": 0.001}",0.28300082125258175,"[[0, 4], [1, 3]]",dominance,0.2727272727272727,0.375,0.2727272727272727,1,0.25,4,4,1.0,-0.25,0.7687860793362535,-0.3779644730092272,subject_dependent,rbf_svm,0.0,0.42857142857142855,0.5416666666666666,0.21428571428571427,0.375,0.21428571428571427,0.375,0.375,0.375,0.4375,0,0.0,3,0.75
0.625,0.5666666666666667,"{""clf__C"": 10.0, ""clf__gamma"": 0.001}",0.2899750608493816,"[[1, 2], [1, 4]]",dominance,0.5636363636363637,0.625,0.6045454545454546,1,0.2,0,2,0.6666666666666666,0.1428571428571429,0.8176194230657672,0.14907119849998599,subject_dependent,rbf_svm,0.5,0.6666666666666666,0.5726190476190476,0.5833333333333333,0.625,0.6041666666666666,0.5666666666666667,0.625,0.625,0.2666666666666667,1,0.3333333333333333,4,0.8
0.5,0.4666666666666667,"{""clf__C"": 10.0, ""clf__gamma"": 0.001}",0.24058889185453153,"[[1, 2], [2, 3]]",dominance,0.4666666666666667,0.5,0.5,2,0.4,1,2,0.6666666666666666,-0.06666666666666665,0.6757072478244597,-0.06666666666666667,subject_dependent,rbf_svm,0.3333333333333333,0.6,0.6226190476190476,0.4666666666666667,0.5,0.5,0.4666666666666667,0.5,0.5,0.4,1,0.3333333333333333,3,0.6
0.375,0.25,"{""clf__C"": 1.0, ""clf__gamma"": 0.001}",0.2317221120123088,"[[0, 2], [3, 3]]",dominance,0.2727272727272727,0.375,0.40909090909090906,3,0.5,2,2,1.0,-0.4285714285714286,0.6538167633856369,-0.4472135954999579,subject_dependent,rbf_svm,0.0,0.6,0.8134920634920635,0.3,0.375,0.44999999999999996,0.25,0.375,0.375,0.41666666666666663,0,0.0,3,0.5
0.75,0.8333333333333333,"{""clf__C"": 1.0, ""clf__gamma"": 0.001}",0.23428976724751116,"[[2, 0], [2, 4]]",dominance,0.7333333333333334,0.75,0.7666666666666667,2,0.3333333333333333,3,0,0.0,0.5,0.6737126144337815,0.5773502691896258,subject_dependent,rbf_svm,0.5,1.0,0.594047619047619,0.75,0.75,0.875,0.8333333333333333,0.75,0.75,0.0,2,1.0,4,0.6666666666666666
0.375,0.5,"{""clf__C"": 0.1, ""clf__gamma"": 0.001}",0.248092360745994,"[[3, 0], [5, 0]]",dominance,0.2727272727272727,0.375,0.20454545454545453,5,1.0,4,0,0.0,0.0,0.6942833715494829,0.0,subject_dependent,rbf_svm,0.375,0.0,0.8350000000000001,0.1875,0.375,0.140625,0.5,0.375,0.375,0.6666666666666667,3,1.0,0,0.0
0.625,0.625,"{""clf__C"": 10.0, ""clf__gamma"": 0.001}",0.24056210632219355,"[[2, 2], [1, 3]]",dominance,0.6190476190476191,0.625,0.6190476190476191,1,0.25,0,2,0.5,0.25,0.6658919383427724,0.2581988897471611,subject_dependent,rbf_svm,0.6666666666666666,0.6,0.7928571428571428,0.6333333333333333,0.625,0.6333333333333333,0.625,0.625,0.625,0.6875,2,0.5,3,0.75
0.5,0.5,"{""clf__C"": 1.0, ""clf__gamma"": 0.001}",0.24990497147113852,"[[2, 2], [2, 2]]",dominance,0.5,0.5,0.5,2,0.5,1,2,0.5,0.0,0.6907689238261923,0.0,subject_dependent,rbf_svm,0.5,0.5,0.5666666666666667,0.5,0.5,0.5,0.5,0.5,0.5,0.5625,2,0.5,2,0.5
0.625,0.6333333333333333,"{""clf__C"": 10.0, ""clf__gamma"": 0.001}",0.23575912132676868,"[[3, 2], [1, 2]]",dominance,0.6190476190476191,0.625,0.6309523809523809,1,0.3333333333333333,2,2,0.4,0.25,0.6637808504514096,0.2581988897471611,subject_dependent,rbf_svm,0.75,0.5,0.8095238095238095,0.625,0.625,0.65625,0.6333333333333333,0.625,0.625,0.7333333333333333,3,0.6,2,0.6666666666666666
0.75,0.75,"{""clf__C"": 1.0, ""clf__gamma"": 0.001}",0.5181271131350522,"[[3, 1], [1, 3]]",dominance,0.75,0.75,0.75,1,0.25,3,1,0.25,0.5,1.4652825078605374,0.5,subject_dependent,rbf_svm,0.75,0.75,0.4511904761904762,0.75,0.75,0.75,0.75,0.75,0.75,0.3125,3,0.75,3,0.75
0.625,0.625,"{""clf__C"": 1.0, ""clf__gamma"": 0.001}",0.24225325370877793,"[[2, 2], [1, 3]]",dominance,0.6190476190476191,0.625,0.6190476190476191,1,0.25,4,2,0.5,0.25,0.6755325212548822,0.2581988897471611,subject_dependent,rbf_svm,0.6666666666666666,0.6,0.6916666666666667,0.6333333333333333,0.625,0.6333333333333333,0.625,0.625,0.625,0.625,2,0.5,3,0.75
0.25,0.2,"{""clf__C"": 0.1, ""clf__gamma"": 0.001}",0.22929905189998873,"[[0, 3], [3, 2]]",dominance,0.2,0.25,0.25,3,0.6,0,3,1.0,-0.6000000000000001,0.6510775864009415,-0.6,subject_dependent,rbf_svm,0.0,0.4,0.9666666666666667,0.2,0.25,0.25,0.2,0.25,0.25,0.9333333333333333,0,0.0,2,0.4
0.25,0.2,"{""clf__C"": 0.1, ""clf__gamma"": 0.01}",0.2630519638389719,"[[0, 3], [3, 2]]",dominance,0.2,0.25,0.25,3,0.6,1,3,1.0,-0.6000000000000001,0.7193250572512255,-0.6,subject_dependent,rbf_svm,0.0,0.4,0.9666666666666667,0.2,0.25,0.25,0.2,0.25,0.25,0.9333333333333333,0,0.0,2,0.4
0.375,0.5,"{""clf__C"": 1.0, ""clf__gamma"": 0.001}",0.1741714053892794,"[[0, 5], [0, 3]]",dominance,0.2727272727272727,0.375,0.20454545454545453,0,0.0,2,5,1.0,0.0,0.5333139004711072,0.0,subject_dependent,rbf_svm,0.0,0.375,1.0,0.1875,0.375,0.140625,0.5,0.375,0.375,1.0,0,0.0,3,1.0
0.5,0.5,"{""clf__C"": 0.1, ""clf__gamma"": 0.001}",0.2799792033059745,"[[4, 0], [4, 0]]",dominance,0.3333333333333333,0.5,0.3333333333333333,4,1.0,3,0,0.0,0.0,0.7570126455311073,0.0,subject_dependent,rbf_svm,0.5,0.0,0.6916666666666667,0.25,0.5,0.25,0.5,0.5,0.5,0.5625,4,1.0,0,0.0
0.5,0.5,"{""clf__C"": 0.1, ""clf__gamma"": 0.01}",0.2613024643831223,"[[4, 0], [4, 0]]",dominance,0.3333333333333333,0.5,0.3333333333333333,4,1.0,4,0,0.0,0.0,0.716279034113365,0.0,subject_dependent,rbf_svm,0.5,0.0,0.75,0.25,0.5,0.25,0.5,0.5,0.5,0.5625,4,1.0,0,0.0
0.625,0.625,"{""clf__C"": 1.0, ""clf__gamma"": 0.001}",0.28791660820962944,"[[3, 1], [2, 2]]",dominance,0.6190476190476191,0.625,0.6190476190476191,2,0.5,0,1,0.25,0.25,0.7711738883736714,0.2581988897471611,subject_dependent,rbf_svm,0.6,0.6666666666666666,0.5,0.6333333333333333,0.625,0.6333333333333333,0.625,0.625,0.625,0.375,3,0.75,2,0.5
0.75,0.7333333333333334,"{""clf__C"": 1.0, ""clf__gamma"": 0.001}",0.2902829100184331,"[[2, 1], [1, 4]]",dominance,0.7333333333333334,0.75,0.75,1,0.2,1,1,0.3333333333333333,0.4666666666666667,0.7753590170010831,0.4666666666666667,subject_dependent,rbf_svm,0.6666666666666666,0.8,0.5392857142857144,0.7333333333333334,0.75,0.75,0.7333333333333334,0.75,0.75,0.2,2,0.6666666666666666,4,0.8
0.5,0.4666666666666667,"{""clf__C"": 10.0, ""clf__gamma"": 0.001}",0.2585298776398387,"[[3, 2], [2, 1]]",dominance,0.4666666666666667,0.5,0.5,2,0.6666666666666666,2,2,0.4,-0.06666666666666665,0.7108845176560423,-0.06666666666666667,subject_dependent,rbf_svm,0.6,0.3333333333333333,0.41111111111111115,0.4666666666666667,0.5,0.5,0.4666666666666667,0.5,0.5,0.4666666666666667,3,0.6,1,0.3333333333333333
0.75,0.6666666666666666,"{""clf__C"": 1.0, ""clf__gamma"": 0.001}",0.2677972637232655,"[[1, 2], [0, 5]]",dominance,0.6666666666666667,0.75,0.7083333333333334,0,0.0,3,2,0.6666666666666666,0.3846153846153846,0.7287861535857367,0.4879500364742666,subject_dependent,rbf_svm,1.0,0.7142857142857143,0.4692857142857143,0.8571428571428572,0.75,0.8214285714285714,0.6666666666666666,0.75,0.75,0.0,1,0.3333333333333333,5,1.0
0.5,0.5,"{""clf__C"": 1.0, ""clf__gamma"": 0.001}",0.2534272097210933,"[[2, 2], [2, 2]]",dominance,0.5,0.5,0.5,2,0.5,4,2,0.5,0.0,0.700271076934808,0.0,subject_dependent,rbf_svm,0.5,0.5,0.5595238095238095,0.5,0.5,0.5,0.5,0.5,0.5,0.53125,2,0.5,2,0.5
0.5,0.5333333333333333,"{""clf__C"": 1.0, ""clf__gamma"": 0.001}",0.28552417444988526,"[[2, 1], [3, 2]]",dominance,0.5,0.5,0.5,3,0.6,0,1,0.3333333333333333,0.05882352941176472,0.8341952273256016,0.06666666666666667,subject_dependent,rbf_svm,0.4,0.6666666666666666,0.7892857142857144,0.5333333333333333,0.5,0.5666666666666667,0.5333333333333333,0.5,0.5,0.5333333333333333,2,0.6666666666666666,2,0.4
0.75,0.75,"{""clf__C"": 1.0, ""clf__gamma"": 0.001}",0.22164835587107157,"[[3, 1], [1, 3]]",dominance,0.75,0.75,0.75,1,0.25,1,1,0.25,0.5,0.6355707341786014,0.5,subject_dependent,rbf_svm,0.75,0.75,0.7470238095238095,0.75,0.75,0.75,0.75,0.75,0.75,0.6875,3,0.75,3,0.75
0.75,0.75,"{""clf__C"": 1.0, ""clf__gamma"": 0.001}",0.2159043004430981,"[[4, 0], [2, 2]]",dominance,0.7333333333333334,0.75,0.7333333333333334,2,0.5,2,0,0.0,0.5,0.6242061529484266,0.5773502691896258,subject_dependent,rbf_svm,0.6666666666666666,1.0,0.9166666666666666,0.8333333333333333,0.75,0.8333333333333333,0.75,0.75,0.75,0.875,4,1.0,2,0.5
0.625,0.7,"{""clf__C"": 1.0, ""clf__gamma"": 0.001}",0.1822798253483299,"[[3, 0], [3, 2]]",dominance,0.6190476190476191,0.625,0.6071428571428571,3,0.6,3,0,0.0,0.33333333333333337,0.5474848750747392,0.4472135954999579,subject_dependent,rbf_svm,0.5,1.0,0.9666666666666667,0.75,0.625,0.8125,0.7,0.625,0.625,0.9333333333333333,3,1.0,2,0.4
0.625,0.5666666666666667,"{""clf__C"": 1.0, ""clf__gamma"": 0.001}",0.25945457488918877,"[[4, 1], [2, 1]]",dominance,0.5636363636363637,0.625,0.6045454545454546,2,0.6666666666666666,4,1,0.2,0.1428571428571429,0.7934398163431363,0.14907119849998599,subject_dependent,rbf_svm,0.6666666666666666,0.5,0.5888888888888888,0.5833333333333333,0.625,0.6041666666666666,0.5666666666666667,0.625,0.625,0.7333333333333333,4,0.8,1,0.3333333333333333
0.5,0.5333333333333333,"{""clf__C"": 1.0, ""clf__gamma"": 0.001}",0.2859440561323441,"[[2, 3], [1, 2]]",dominance,0.5,0.5,0.5,1,0.3333333333333333,0,3,0.6,0.05882352941176472,0.7745077567154006,0.06666666666666667,subject_dependent,rbf_svm,0.6666666666666666,0.4,0.33134920634920634,0.5333333333333333,0.5,0.5666666666666667,0.5333333333333333,0.5,0.5,0.19999999999999998,2,0.4,2,0.6666666666666666
0.25,0.5714285714285714,"{""clf__C"": 10.0, ""clf__gamma"": 0.001}",0.23725483803255934,"[[1, 6], [0, 1]]",dominance,0.25,0.25,0.25,0,0.0,1,6,0.8571428571428571,0.040000000000000036,0.6686269528859148,0.14285714285714285,subject_dependent,rbf_svm,1.0,0.14285714285714285,0.14285714285714285,0.5714285714285714,0.25,0.8928571428571429,0.5714285714285714,0.25,0.25,0.1428571428571429,1,0.14285714285714285,1,1.0
0.5,0.5,"{""clf__C"": 1.0, ""clf__gamma"": 0.01}",0.2561818399571766,"[[4, 0], [4, 0]]",dominance,0.3333333333333333,0.5,0.3333333333333333,4,1.0,2,0,0.0,0.0,0.7055474830150753,0.0,subject_dependent,rbf_svm,0.5,0.0,0.4928571428571429,0.25,0.5,0.25,0.5,0.5,0.5,0.375,4,1.0,0,0.0
0.375,0.375,"{""clf__C"": 10.0, ""clf__gamma"": 0.001}",0.27775546484152147,"[[2, 2], [3, 1]]",dominance,0.36507936507936506,0.375,0.36507936507936506,3,0.75,3,2,0.5,-0.25,0.7445966602453302,-0.2581988897471611,subject_dependent,rbf_svm,0.4,0.3333333333333333,0.5249999999999999,0.3666666666666667,0.375,0.3666666666666667,0.375,0.375,0.375,0.5,2,0.5,1,0.25
0.25,0.3333333333333333,"{""clf__C"": 1.0, ""clf__gamma"": 0.001}",0.30949116322659853,"[[1, 1], [5, 1]]",dominance,0.25,0.25,0.25,5,0.8333333333333334,4,1,0.5,-0.19999999999999996,0.8136100078298221,-0.3333333333333333,subject_dependent,rbf_svm,0.16666666666666666,0.5,0.915079365079365,0.3333333333333333,0.25,0.4166666666666667,0.3333333333333333,0.25,0.25,0.75,1,0.5,1,0.16666666666666666
0.875,0.5,"{""clf__C"": 0.1, ""clf__gamma"": 0.001}",0.1119936509880439,"[[0, 1], [0, 7]]",dominance,0.4666666666666667,0.875,0.8166666666666667,0,0.0,0,1,1.0,0.0,0.3922113386688523,0.0,subject_dependent,rbf_svm,0.0,0.875,0.754591836734694,0.4375,0.875,0.765625,0.5,0.875,0.875,0.0,0,0.0,7,1.0
0.75,0.5,"{""clf__C"": 0.1, ""clf__gamma"": 0.001}",0.20935065966375016,"[[0, 2], [0, 6]]",dominance,0.42857142857142855,0.75,0.6428571428571428,0,0.0,1,2,1.0,0.0,0.650190969713337,0.0,subject_dependent,rbf_svm,0.0,0.75,0.9583333333333334,0.375,0.75,0.5625,0.5,0.75,0.75,0.8333333333333334,0,0.0,6,1.0
0.75,0.42857142857142855,"{""clf__C"": 0.1, ""clf__gamma"": 0.001}",0.11041675756783129,"[[0, 1], [1, 6]]",dominance,0.42857142857142855,0.75,0.75,1,0.14285714285714285,2,1,1.0,-0.1428571428571428,0.382041261443634,-0.14285714285714285,subject_dependent,rbf_svm,0.0,0.8571428571428571,0.9093537414965986,0.42857142857142855,0.75,0.75,0.42857142857142855,0.75,0.75,0.42857142857142855,0,0.0,6,0.8571428571428571
0.0,0.0,"{""clf__C"": 0.1, ""clf__gamma"": 0.01}",,"[[0, 0], [8, 0]]",dominance,0.0,0.0,0.0,,,3,,,0.0,,0.0,subject_dependent,rbf_svm,,,1.0,0.0,0.0,0.0,0.0,0.0,0.0,nan,,,,
0.875,0.5,"{""clf__C"": 0.1, ""clf__gamma"": 0.01}",0.11068940543547787,"[[0, 1], [0, 7]]",dominance,0.4666666666666667,0.875,0.8166666666666667,0,0.0,4,1,1.0,0.0,0.3840643365313555,0.0,subject_dependent,rbf_svm,0.0,0.875,0.9379251700680272,0.4375,0.875,0.765625,0.5,0.875,0.875,0.5714285714285714,0,0.0,7,1.0
0.125,0.5,"{""clf__C"": 0.1, ""clf__gamma"": 0.001}",0.11142527576773455,"[[1, 0], [7, 0]]",dominance,0.1111111111111111,0.125,0.027777777777777776,7,1.0,0,0,0.0,0.0,0.3866256125683061,0.0,subject_dependent,rbf_svm,0.125,0.0,0.8736394557823131,0.0625,0.125,0.015625,0.5,0.125,0.125,0.2857142857142857,1,1.0,0,0.0
0.75,0.6666666666666667,"{""clf__C"": 0.1, ""clf__gamma"": 0.001}",0.22013531393649946,"[[1, 1], [1, 5]]",dominance,0.6666666666666667,0.75,0.75,1,0.16666666666666666,1,1,0.5,0.33333333333333337,0.719207135671243,0.3333333333333333,subject_dependent,rbf_svm,0.5,0.8333333333333334,0.6218253968253968,0.6666666666666667,0.75,0.75,0.6666666666666667,0.75,0.75,0.08333333333333333,1,0.5,5,0.8333333333333334
0.75,0.5,"{""clf__C"": 0.1, ""clf__gamma"": 0.01}",0.21742337327467096,"[[0, 2], [0, 6]]",dominance,0.42857142857142855,0.75,0.6428571428571428,0,0.0,2,2,1.0,0.0,0.7010424058494678,0.0,subject_dependent,rbf_svm,0.0,0.75,0.915079365079365,0.375,0.75,0.5625,0.5,0.75,0.75,0.75,0,0.0,6,1.0
1.0,1.0,"{""clf__C"": 0.1, ""clf__gamma"": 0.001}",,[[8]],dominance,1.0,1.0,1.0,,,3,,,nan,,0.0,subject_dependent,rbf_svm,,,1.0,1.0,1.0,1.0,1.0,1.0,1.0,nan,,,,
0.125,0.5,"{""clf__C"": 0.1, ""clf__gamma"": 0.001}",0.11376959131634894,"[[1, 0], [7, 0]]",dominance,0.1111111111111111,0.125,0.027777777777777776,7,1.0,4,0,0.0,0.0,0.40569179462157645,0.0,subject_dependent,rbf_svm,0.125,0.0,0.8260204081632654,0.0625,0.125,0.015625,0.5,0.125,0.125,0.14285714285714285,1,1.0,0,0.0
0.5,0.5,"{""clf__C"": 1.0, ""clf__gamma"": 0.01}",0.25965842677387985,"[[0, 4], [0, 4]]",dominance,0.3333333333333333,0.5,0.3333333333333333,0,0.0,0,4,1.0,0.0,0.7127972180880265,0.0,subject_dependent,rbf_svm,0.0,0.5,0.9166666666666666,0.25,0.5,0.25,0.5,0.5,0.5,0.875,0,0.0,4,1.0
0.375,0.3,"{""clf__C"": 1.0, ""clf__gamma"": 0.001}",0.2089094332542921,"[[0, 3], [2, 3]]",dominance,0.2727272727272727,0.375,0.3409090909090909,2,0.4,1,3,1.0,-0.4285714285714286,0.6086226102748246,-0.4472135954999579,subject_dependent,rbf_svm,0.0,0.5,0.9028571428571428,0.25,0.375,0.3125,0.3,0.375,0.375,0.8,0,0.0,3,0.6
0.5,0.3333333333333333,"{""clf__C"": 1.0, ""clf__gamma"": 0.001}",0.2657116870092119,"[[0, 2], [2, 4]]",dominance,0.3333333333333333,0.5,0.5,2,0.3333333333333333,2,2,1.0,-0.33333333333333326,0.722564515603306,-0.3333333333333333,subject_dependent,rbf_svm,0.0,0.6666666666666666,0.8734126984126984,0.3333333333333333,0.5,0.5,0.3333333333333333,0.5,0.5,0.6666666666666666,0,0.0,4,0.6666666666666666
0.625,0.5,"{""clf__C"": 1.0, ""clf__gamma"": 0.001}",0.29413369539327483,"[[0, 3], [0, 5]]",dominance,0.38461538461538464,0.625,0.4807692307692308,0,0.0,3,3,1.0,0.0,0.7826113945350304,0.0,subject_dependent,rbf_svm,0.0,0.625,0.81,0.3125,0.625,0.390625,0.5,0.625,0.625,0.7333333333333334,0,0.0,5,1.0
0.5,0.5,"{""clf__C"": 1.0, ""clf__gamma"": 0.01}",0.2613768712903722,"[[0, 4], [0, 4]]",dominance,0.3333333333333333,0.5,0.3333333333333333,0,0.0,4,4,1.0,0.0,0.7161778322331699,0.0,subject_dependent,rbf_svm,0.0,0.5,0.8125,0.25,0.5,0.25,0.5,0.5,0.5,0.6875,0,0.0,4,1.0
0.5,0.5,"{""clf__C"": 1.0, ""clf__gamma"": 0.01}",0.2547166726121586,"[[4, 0], [4, 0]]",dominance,0.3333333333333333,0.5,0.3333333333333333,4,1.0,0,0,0.0,0.0,0.7026678598453227,0.0,subject_dependent,rbf_svm,0.5,0.0,0.5666666666666667,0.25,0.5,0.25,0.5,0.5,0.5,0.5625,4,1.0,0,0.0
0.625,0.5,"{""clf__C"": 1.0, ""clf__gamma"": 0.01}",0.23980851059419758,"[[5, 0], [3, 0]]",dominance,0.38461538461538464,0.625,0.4807692307692308,3,1.0,1,0,0.0,0.0,0.672701512913418,0.0,subject_dependent,rbf_svm,0.625,0.0,0.41111111111111115,0.3125,0.625,0.390625,0.5,0.625,0.625,0.4666666666666667,5,1.0,0,0.0
0.375,0.5,"{""clf__C"": 1.0, ""clf__gamma"": 0.001}",0.2355142920473012,"[[3, 0], [5, 0]]",dominance,0.2727272727272727,0.375,0.20454545454545453,5,1.0,2,0,0.0,0.0,0.6495164460973871,0.0,subject_dependent,rbf_svm,0.375,0.0,0.8083333333333333,0.1875,0.375,0.140625,0.5,0.375,0.375,0.6,3,1.0,0,0.0
0.375,0.3,"{""clf__C"": 10.0, ""clf__gamma"": 0.001}",0.18417352975252535,"[[3, 2], [3, 0]]",dominance,0.2727272727272727,0.375,0.3409090909090909,3,1.0,3,2,0.4,-0.4285714285714286,0.5377591308933178,-0.4472135954999579,subject_dependent,rbf_svm,0.5,0.0,0.8333333333333333,0.25,0.375,0.3125,0.3,0.375,0.375,0.8333333333333333,3,0.6,0,0.0
0.75,0.5,"{""clf__C"": 1.0, ""clf__gamma"": 0.001}",0.26845644394654455,"[[6, 0], [2, 0]]",dominance,0.42857142857142855,0.75,0.6428571428571428,2,1.0,4,0,0.0,0.0,0.7297656103186309,0.0,subject_dependent,rbf_svm,0.75,0.0,0.6666666666666666,0.375,0.75,0.5625,0.5,0.75,0.75,0.6666666666666667,6,1.0,0,0.0
0.5,0.5333333333333333,"{""clf__C"": 1.0, ""clf__gamma"": 0.001}",0.2830996193420351,"[[2, 1], [3, 2]]",dominance,0.5,0.5,0.5,3,0.6,0,1,0.3333333333333333,0.05882352941176472,0.7784697694055769,0.06666666666666667,subject_dependent,rbf_svm,0.4,0.6666666666666666,0.5449999999999999,0.5333333333333333,0.5,0.5666666666666667,0.5333333333333333,0.5,0.5,0.2666666666666667,2,0.6666666666666666,2,0.4
0.25,0.2,"{""clf__C"": 10.0, ""clf__gamma"": 0.001}",0.22188982612530506,"[[0, 3], [3, 2]]",dominance,0.2,0.25,0.25,3,0.6,1,3,1.0,-0.6000000000000001,0.6331777968493069,-0.6,subject_dependent,rbf_svm,0.0,0.4,0.8583333333333333,0.2,0.25,0.25,0.2,0.25,0.25,0.6666666666666667,0,0.0,2,0.4
0.25,0.25,"{""clf__C"": 10.0, ""clf__gamma"": 0.001}",0.3553717850323582,"[[1, 3], [3, 1]]",dominance,0.25,0.25,0.25,3,0.75,2,3,0.75,-0.5,0.934399626070768,-0.5,subject_dependent,rbf_svm,0.25,0.25,0.4511904761904762,0.25,0.25,0.25,0.25,0.25,0.25,0.3125,1,0.25,1,0.25
0.625,0.7,"{""clf__C"": 10.0, ""clf__gamma"": 0.001}",0.3037330708084595,"[[2, 3], [0, 3]]",dominance,0.6190476190476191,0.625,0.6071428571428571,0,0.0,3,3,0.6,0.33333333333333337,1.1106985020261604,0.4472135954999579,subject_dependent,rbf_svm,1.0,0.5,0.4777777777777778,0.75,0.625,0.8125,0.7,0.625,0.625,0.6,2,0.4,3,1.0
0.5,0.6666666666666666,"{""clf__C"": 10.0, ""clf__gamma"": 0.001}",0.2822902373494776,"[[2, 0], [4, 2]]",dominance,0.5,0.5,0.5,4,0.6666666666666666,4,0,0.0,0.19999999999999996,0.8209862680182514,0.3333333333333333,subject_dependent,rbf_svm,0.3333333333333333,1.0,0.6746031746031745,0.6666666666666666,0.5,0.8333333333333334,0.6666666666666666,0.5,0.5,0.25,2,1.0,2,0.3333333333333333
0.375,0.375,"{""clf__C"": 10.0, ""clf__gamma"": 0.001}",0.2737575719925688,"[[0, 4], [1, 3]]",dominance,0.2727272727272727,0.375,0.2727272727272727,1,0.25,0,4,1.0,-0.25,0.7437675093722014,-0.3779644730092272,subject_dependent,rbf_svm,0.0,0.42857142857142855,0.5666666666666667,0.21428571428571427,0.375,0.21428571428571427,0.375,0.375,0.375,0.5,0,0.0,3,0.75
0.625,0.5,"{""clf__C"": 1.0, ""clf__gamma"": 0.01}",0.24351934675399933,"[[0, 3], [0, 5]]",dominance,0.38461538461538464,0.625,0.4807692307692308,0,0.0,1,3,1.0,0.0,0.6803736102190874,0.0,subject_dependent,rbf_svm,0.0,0.625,0.46928571428571425,0.3125,0.625,0.390625,0.5,0.625,0.625,0.0,0,0.0,5,1.0
0.625,0.625,"{""clf__C"": 10.0, ""clf__gamma"": 0.001}",0.2952366408692597,"[[2, 2], [1, 3]]",dominance,0.6190476190476191,0.625,0.6190476190476191,1,0.25,2,2,0.5,0.25,0.7867844889820079,0.2581988897471611,subject_dependent,rbf_svm,0.6666666666666666,0.6,0.5821428571428572,0.6333333333333333,0.625,0.6333333333333333,0.625,0.625,0.625,0.3125,2,0.5,3,0.75
0.625,0.6333333333333333,"{""clf__C"": 1.0, ""clf__gamma"": 0.001}",0.2420053431895917,"[[2, 1], [2, 3]]",dominance,0.6190476190476191,0.625,0.6309523809523809,2,0.4,3,1,0.3333333333333333,0.25,0.6765627417655595,0.2581988897471611,subject_dependent,rbf_svm,0.5,0.75,0.7892857142857144,0.625,0.625,0.65625,0.6333333333333333,0.625,0.625,0.5333333333333333,2,0.6666666666666666,3,0.6
0.625,0.75,"{""clf__C"": 10.0, ""clf__gamma"": 0.001}",0.18871453382567588,"[[2, 0], [3, 3]]",dominance,0.6190476190476191,0.625,0.6428571428571428,3,0.5,4,0,0.0,0.33333333333333337,0.5592467072973601,0.4472135954999579,subject_dependent,rbf_svm,0.4,1.0,0.9761904761904762,0.7,0.625,0.85,0.75,0.625,0.625,0.9166666666666667,2,1.0,3,0.5
0.625,0.5,"{""clf__C"": 0.1, ""clf__gamma"": 0.001}",0.5085721803338392,"[[5, 0], [3, 0]]",dominance,0.38461538461538464,0.625,0.4807692307692308,3,1.0,0,0,0.0,0.0,1.4718509129113666,0.0,subject_dependent,rbf_svm,0.625,0.0,0.625,0.3125,0.625,0.390625,0.5,0.625,0.625,0.5333333333333333,5,1.0,0,0.0
0.875,0.875,"{""clf__C"": 1.0, ""clf__gamma"": 0.001}",,"[[0, 0], [1, 7]]",dominance,0.4666666666666667,0.875,0.9333333333333333,,,1,,,0.0,,0.0,subject_dependent,rbf_svm,,,1.0,0.5,0.875,1.0,0.4375,0.875,0.875,nan,,,,
0.875,0.5,"{""clf__C"": 10.0, ""clf__gamma"": 0.001}",0.15873204202865332,"[[0, 1], [0, 7]]",dominance,0.4666666666666667,0.875,0.8166666666666667,0,0.0,2,1,1.0,0.0,0.5063395673471378,0.0,subject_dependent,rbf_svm,0.0,0.875,0.8260204081632654,0.4375,0.875,0.765625,0.5,0.875,0.875,0.14285714285714285,0,0.0,7,1.0
0.625,0.4166666666666667,"{""clf__C"": 0.1, ""clf__gamma"": 0.001}",0.18420011547194298,"[[0, 2], [1, 5]]",dominance,0.38461538461538464,0.625,0.576923076923077,1,0.16666666666666666,3,2,1.0,-0.19999999999999996,0.5523718241537051,-0.2182178902359924,subject_dependent,rbf_svm,0.0,0.7142857142857143,0.9484126984126984,0.35714285714285715,0.625,0.5357142857142857,0.4166666666666667,0.625,0.625,0.8333333333333333,0,0.0,5,0.8333333333333334
1.0,1.0,"{""clf__C"": 0.1, ""clf__gamma"": 0.001}",0.19015445800925188,"[[2, 0], [0, 6]]",dominance,1.0,1.0,1.0,0,0.0,4,0,0.0,1.0,0.5697561021594164,1.0,subject_dependent,rbf_svm,1.0,1.0,0.594047619047619,1.0,1.0,1.0,1.0,1.0,1.0,0.0,2,1.0,6,1.0
0.75,0.6666666666666666,"{""clf__C"": 1.0, ""clf__gamma"": 0.001}",0.2204685449690248,"[[1, 2], [0, 5]]",dominance,0.6666666666666667,0.75,0.7083333333333334,0,0.0,0,2,0.6666666666666666,0.3846153846153846,0.6741527693376586,0.4879500364742666,subject_dependent,rbf_svm,1.0,0.7142857142857143,0.6861904761904762,0.8571428571428572,0.75,0.8214285714285714,0.6666666666666666,0.75,0.75,0.6000000000000001,1,0.3333333333333333,5,1.0
0.875,0.875,"{""clf__C"": 1.0, ""clf__gamma"": 0.001}",0.1764271131010113,"[[3, 1], [0, 4]]",dominance,0.873015873015873,0.875,0.873015873015873,0,0.0,1,1,0.25,0.75,0.5385563057919209,0.7745966692414834,subject_dependent,rbf_svm,1.0,0.8,1.0,0.9,0.875,0.9,0.875,0.875,0.875,1.0,3,0.75,4,1.0
0.75,0.6666666666666666,"{""clf__C"": 1.0, ""clf__gamma"": 0.001}",0.253454692466022,"[[1, 2], [0, 5]]",dominance,0.6666666666666667,0.75,0.7083333333333334,0,0.0,2,2,0.6666666666666666,0.3846153846153846,0.7001836084850377,0.4879500364742666,subject_dependent,rbf_svm,1.0,0.7142857142857143,0.5192857142857142,0.8571428571428572,0.75,0.8214285714285714,0.6666666666666666,0.75,0.75,0.13333333333333336,1,0.3333333333333333,5,1.0
0.875,0.875,"{""clf__C"": 1.0, ""clf__gamma"": 0.001}",0.21351742657999245,"[[3, 1], [0, 4]]",dominance,0.873015873015873,0.875,0.873015873015873,0,0.0,3,1,0.25,0.75,0.6181416814060392,0.7745966692414834,subject_dependent,rbf_svm,1.0,0.8,0.8875,0.9,0.875,0.9,0.875,0.875,0.875,0.875,3,0.75,4,1.0
0.5,0.4666666666666667,"{""clf__C"": 1.0, ""clf__gamma"": 0.001}",0.39602568344815187,"[[1, 2], [2, 3]]",dominance,0.4666666666666667,0.5,0.5,2,0.4,4,2,0.6666666666666666,-0.06666666666666665,1.2829338200591824,-0.06666666666666667,subject_dependent,rbf_svm,0.3333333333333333,0.6,0.8261904761904763,0.4666666666666667,0.5,0.5,0.4666666666666667,0.5,0.5,0.6666666666666667,1,0.3333333333333333,3,0.6
1.0,1.0,"{""clf__C"": 0.1, ""clf__gamma"": 0.01}",,[[8]],dominance,1.0,1.0,1.0,,,0,,,nan,,0.0,subject_dependent,rbf_svm,,,1.0,1.0,1.0,1.0,1.0,1.0,1.0,nan,,,,
0.875,0.5,"{""clf__C"": 0.1, ""clf__gamma"": 0.01}",0.10964447821339406,"[[0, 1], [0, 7]]",dominance,0.4666666666666667,0.875,0.8166666666666667,0,0.0,1,1,1.0,0.0,0.3781048889806636,0.0,subject_dependent,rbf_svm,0.0,0.875,0.9093537414965986,0.4375,0.875,0.765625,0.5,0.875,0.875,0.42857142857142855,0,0.0,7,1.0
1.0,1.0,"{""clf__C"": 0.1, ""clf__gamma"": 0.01}",,[[8]],dominance,1.0,1.0,1.0,,,2,,,nan,,0.0,subject_dependent,rbf_svm,,,1.0,1.0,1.0,1.0,1.0,1.0,1.0,nan,,,,
0.875,0.875,"{""clf__C"": 0.1, ""clf__gamma"": 0.001}",,"[[0, 0], [1, 7]]",dominance,0.4666666666666667,0.875,0.9333333333333333,,,3,,,0.0,,0.0,subject_dependent,rbf_svm,,,1.0,0.5,0.875,1.0,0.4375,0.875,0.875,nan,,,,
0.75,0.5,"{""clf__C"": 0.1, ""clf__gamma"": 0.001}",0.2311996470990508,"[[0, 2], [0, 6]]",dominance,0.42857142857142855,0.75,0.6428571428571428,0,0.0,4,2,1.0,0.0,0.8347774595685107,0.0,subject_dependent,rbf_svm,0.0,0.75,0.7579365079365079,0.375,0.75,0.5625,0.5,0.75,0.75,0.3333333333333333,0,0.0,6,1.0
0.625,0.5666666666666667,"{""clf__C"": 10.0, ""clf__gamma"": 0.001}",0.28392777498441923,"[[4, 1], [2, 1]]",dominance,0.5636363636363637,0.625,0.6045454545454546,2,0.6666666666666666,0,1,0.2,0.1428571428571429,0.7706010012471358,0.14907119849998599,subject_dependent,rbf_svm,0.6666666666666666,0.5,0.5138888888888888,0.5833333333333333,0.625,0.6041666666666666,0.5666666666666667,0.625,0.625,0.5333333333333333,4,0.8,1,0.3333333333333333
0.5,0.6666666666666666,"{""clf__C"": 10.0, ""clf__gamma"": 0.001}",0.2589149224583046,"[[2, 0], [4, 2]]",dominance,0.5,0.5,0.5,4,0.6666666666666666,1,0,0.0,0.19999999999999996,0.7105062715842843,0.3333333333333333,subject_dependent,rbf_svm,0.3333333333333333,1.0,0.8134920634920635,0.6666666666666666,0.5,0.8333333333333334,0.6666666666666666,0.5,0.5,0.41666666666666663,2,1.0,2,0.3333333333333333
0.375,0.375,"{""clf__C"": 10.0, ""clf__gamma"": 0.001}",0.26383361559239016,"[[1, 3], [2, 2]]",dominance,0.36507936507936506,0.375,0.36507936507936506,2,0.5,2,3,0.75,-0.25,0.7182322431952861,-0.2581988897471611,subject_dependent,rbf_svm,0.3333333333333333,0.4,0.7678571428571428,0.3666666666666667,0.375,0.3666666666666667,0.375,0.375,0.375,0.625,1,0.25,2,0.5
0.625,0.4166666666666667,"{""clf__C"": 10.0, ""clf__gamma"": 0.001}",0.16874605351401178,"[[0, 2], [1, 5]]",dominance,0.38461538461538464,0.625,0.576923076923077,1,0.16666666666666666,3,2,1.0,-0.19999999999999996,0.5106925167768828,-0.2182178902359924,subject_dependent,rbf_svm,0.0,0.7142857142857143,0.9583333333333334,0.35714285714285715,0.625,0.5357142857142857,0.4166666666666667,0.625,0.625,0.8333333333333334,0,0.0,5,0.8333333333333334
0.5,0.6666666666666666,"{""clf__C"": 1.0, ""clf__gamma"": 0.001}",0.2297387044539962,"[[2, 0], [4, 2]]",dominance,0.5,0.5,0.5,4,0.6666666666666666,4,0,0.0,0.19999999999999996,0.6524028603682395,0.3333333333333333,subject_dependent,rbf_svm,0.3333333333333333,1.0,0.7579365079365079,0.6666666666666666,0.5,0.8333333333333334,0.6666666666666666,0.5,0.5,0.3333333333333333,2,1.0,2,0.3333333333333333
0.25,0.16666666666666666,"{""clf__C"": 1.0, ""clf__gamma"": 0.001}",0.17959384254524152,"[[0, 2], [4, 2]]",dominance,0.2,0.25,0.30000000000000004,4,0.6666666666666666,0,2,1.0,-0.5,0.5461870388617147,-0.5773502691896258,subject_dependent,rbf_svm,0.0,0.5,0.9761904761904762,0.25,0.25,0.375,0.16666666666666666,0.25,0.25,0.9166666666666667,0,0.0,2,0.3333333333333333
0.625,0.5,"{""clf__C"": 10.0, ""clf__gamma"": 0.001}",0.23293207135849947,"[[0, 3], [0, 5]]",dominance,0.38461538461538464,0.625,0.4807692307692308,0,0.0,1,3,1.0,0.0,0.6587954218177791,0.0,subject_dependent,rbf_svm,0.0,0.625,0.7683333333333333,0.3125,0.625,0.390625,0.5,0.625,0.625,0.6000000000000001,0,0.0,5,1.0
0.625,0.625,"{""clf__C"": 10.0, ""clf__gamma"": 0.001}",0.4508614735101273,"[[2, 2], [1, 3]]",dominance,0.6190476190476191,0.625,0.6190476190476191,1,0.25,2,2,0.5,0.25,1.3633924290975807,0.2581988897471611,subject_dependent,rbf_svm,0.6666666666666666,0.6,0.5654761904761905,0.6333333333333333,0.625,0.6333333333333333,0.625,0.625,0.625,0.25,2,0.5,3,0.75
0.75,0.8571428571428572,"{""clf__C"": 10.0, ""clf__gamma"": 0.001}",0.17265771767675459,"[[1, 0], [2, 5]]",dominance,0.6666666666666667,0.75,0.7916666666666667,2,0.2857142857142857,3,0,0.0,0.3846153846153846,0.535175687374601,0.4879500364742666,subject_dependent,rbf_svm,0.3333333333333333,1.0,0.8736394557823131,0.6666666666666666,0.75,0.9166666666666666,0.8571428571428572,0.75,0.75,0.2857142857142857,1,1.0,5,0.7142857142857143
0.625,0.5,"{""clf__C"": 1.0, ""clf__gamma"": 0.01}",0.2455507073969326,"[[0, 3], [0, 5]]",dominance,0.38461538461538464,0.625,0.4807692307692308,0,0.0,4,3,1.0,0.0,0.6870936789868957,0.0,subject_dependent,rbf_svm,0.0,0.625,0.7683333333333333,0.3125,0.625,0.390625,0.5,0.625,0.625,0.6000000000000001,0,0.0,5,1.0
0.375,0.375,"{""clf__C"": 1.0, ""clf__gamma"": 0.001}",0.2874021063982716,"[[2, 2], [3, 1]]",dominance,0.36507936507936506,0.375,0.36507936507936506,3,0.75,0,2,0.5,-0.25,0.7674181257603118,-0.2581988897471611,subject_dependent,rbf_svm,0.4,0.3333333333333333,0.6428571428571428,0.3666666666666667,0.375,0.3666666666666667,0.375,0.375,0.375,0.5,2,0.5,1,0.25
0.75,0.6666666666666667,"{""clf__C"": 10.0, ""clf__gamma"": 0.001}",0.20569393482918474,"[[1, 1], [1, 5]]",dominance,0.6666666666666667,0.75,0.75,1,0.16666666666666666,1,1,0.5,0.33333333333333337,0.6025266386636807,0.3333333333333333,subject_dependent,rbf_svm,0.5,0.8333333333333334,0.8972222222222223,0.6666666666666667,0.75,0.75,0.6666666666666667,0.75,0.75,0.6666666666666667,1,0.5,5,0.8333333333333334
0.375,0.3666666666666667,"{""clf__C"": 10.0, ""clf__gamma"": 0.001}",0.3128289221598241,"[[2, 3], [2, 1]]",dominance,0.36507936507936506,0.375,0.38492063492063494,2,0.6666666666666666,2,3,0.6,-0.25,0.8355457530039984,-0.2581988897471611,subject_dependent,rbf_svm,0.5,0.25,0.4666666666666667,0.375,0.375,0.40625,0.3666666666666667,0.375,0.375,0.5333333333333333,2,0.4,1,0.3333333333333333
0.5,0.3333333333333333,"{""clf__C"": 10.0, ""clf__gamma"": 0.001}",0.22291624347899358,"[[0, 2], [2, 4]]",dominance,0.3333333333333333,0.5,0.5,2,0.3333333333333333,3,2,1.0,-0.33333333333333326,0.6386800031296866,-0.3333333333333333,subject_dependent,rbf_svm,0.0,0.6666666666666666,0.8773809523809524,0.3333333333333333,0.5,0.5,0.3333333333333333,0.5,0.5,0.5833333333333333,0,0.0,4,0.6666666666666666
0.5,0.4666666666666667,"{""clf__C"": 1.0, ""clf__gamma"": 0.001}",0.23335261287044357,"[[1, 2], [2, 3]]",dominance,0.4666666666666667,0.5,0.5,2,0.4,4,2,0.6666666666666666,-0.06666666666666665,0.6630472124564579,-0.06666666666666667,subject_dependent,rbf_svm,0.3333333333333333,0.6,0.7595238095238095,0.4666666666666667,0.5,0.5,0.4666666666666667,0.5,0.5,0.6000000000000001,1,0.3333333333333333,3,0.6
0.625,0.5,"{""clf__C"": 1.0, ""clf__gamma"": 0.01}",0.23425165757746075,"[[0, 3], [0, 5]]",dominance,0.38461538461538464,0.625,0.4807692307692308,0,0.0,0,3,1.0,0.0,0.6613088250023497,0.0,subject_dependent,rbf_svm,0.0,0.625,0.7295238095238095,0.3125,0.625,0.390625,0.5,0.625,0.625,0.5333333333333334,0,0.0,5,1.0
0.25,0.5,"{""clf__C"": 0.1, ""clf__gamma"": 0.01}",0.187508951378287,"[[2, 0], [6, 0]]",dominance,0.2,0.25,0.1,6,1.0,1,0,0.0,0.0,0.5623589020343489,0.0,subject_dependent,rbf_svm,0.25,0.0,0.8773809523809524,0.125,0.25,0.0625,0.5,0.25,0.25,0.5833333333333333,2,1.0,0,0.0
0.5,0.5,"{""clf__C"": 1.0, ""clf__gamma"": 0.01}",0.2783856299355177,"[[0, 4], [0, 4]]",dominance,0.3333333333333333,0.5,0.3333333333333333,0,0.0,2,4,1.0,0.0,0.7534199443756184,0.0,subject_dependent,rbf_svm,0.0,0.5,0.6678571428571428,0.25,0.5,0.25,0.5,0.5,0.5,0.5625,0,0.0,4,1.0
0.625,0.5,"{""clf__C"": 0.1, ""clf__gamma"": 0.01}",0.4336936051648036,"[[5, 0], [3, 0]]",dominance,0.38461538461538464,0.625,0.4807692307692308,3,1.0,3,0,0.0,0.0,1.1505641375068363,0.0,subject_dependent,rbf_svm,0.625,0.0,0.5555555555555556,0.3125,0.625,0.390625,0.5,0.625,0.625,0.6666666666666666,5,1.0,0,0.0
0.625,0.35714285714285715,"{""clf__C"": 10.0, ""clf__gamma"": 0.001}",0.2151632218158623,"[[0, 1], [2, 5]]",dominance,0.38461538461538464,0.625,0.6730769230769231,2,0.2857142857142857,4,1,1.0,-0.19999999999999996,0.6213982920523806,-0.2182178902359924,subject_dependent,rbf_svm,0.0,0.8333333333333334,0.9617346938775511,0.4166666666666667,0.625,0.7291666666666667,0.35714285714285715,0.625,0.625,0.7142857142857143,0,0.0,5,0.7142857142857143
0.625,0.625,"{""clf__C"": 1.0, ""clf__gamma"": 0.001}",0.2610439471690549,"[[2, 2], [1, 3]]",dominance,0.6190476190476191,0.625,0.6190476190476191,1,0.25,0,2,0.5,0.25,0.7156980533187802,0.2581988897471611,subject_dependent,rbf_svm,0.6666666666666666,0.6,0.6678571428571428,0.6333333333333333,0.625,0.6333333333333333,0.625,0.625,0.625,0.5625,2,0.5,3,0.75
0.5,0.5,"{""clf__C"": 10.0, ""clf__gamma"": 0.001}",0.2534641656875262,"[[1, 1], [3, 3]]",dominance,0.4666666666666667,0.5,0.5333333333333333,3,0.5,1,1,0.5,0.0,0.7015296100352855,0.0,subject_dependent,rbf_svm,0.25,0.75,0.6746031746031745,0.5,0.5,0.625,0.5,0.5,0.5,0.25,1,0.5,3,0.5
0.625,0.75,"{""clf__C"": 1.0, ""clf__gamma"": 0.001}",0.23058046030428098,"[[2, 0], [3, 3]]",dominance,0.6190476190476191,0.625,0.6428571428571428,3,0.5,2,0,0.0,0.33333333333333337,0.6541097611311817,0.4472135954999579,subject_dependent,rbf_svm,0.4,1.0,0.7579365079365079,0.7,0.625,0.85,0.75,0.625,0.625,0.3333333333333333,2,1.0,3,0.5
0.75,0.75,"{""clf__C"": 10.0, ""clf__gamma"": 0.001}",0.22403248999881814,"[[2, 2], [0, 4]]",dominance,0.7333333333333334,0.75,0.7333333333333334,0,0.0,3,2,0.5,0.5,0.661969833687179,0.5773502691896258,subject_dependent,rbf_svm,1.0,0.6666666666666666,0.6083333333333333,0.8333333333333333,0.75,0.8333333333333333,0.75,0.75,0.75,0.625,2,0.5,4,1.0
0.375,0.375,"{""clf__C"": 10.0, ""clf__gamma"": 0.001}",0.2756003422766654,"[[1, 3], [2, 2]]",dominance,0.36507936507936506,0.375,0.36507936507936506,2,0.5,4,3,0.75,-0.25,0.7487562053538815,-0.2581988897471611,subject_dependent,rbf_svm,0.3333333333333333,0.4,0.6428571428571428,0.3666666666666667,0.375,0.3666666666666667,0.375,0.375,0.375,0.5,1,0.25,2,0.5
0.875,0.5,"{""clf__C"": 0.1, ""clf__gamma"": 0.01}",0.11201294801199559,"[[0, 1], [0, 7]]",dominance,0.4666666666666667,0.875,0.8166666666666667,0,0.0,0,1,1.0,0.0,0.39300169385109546,0.0,subject_dependent,rbf_svm,0.0,0.875,0.754591836734694,0.4375,0.875,0.765625,0.5,0.875,0.875,0.0,0,0.0,7,1.0
0.75,0.5,"{""clf__C"": 0.1, ""clf__gamma"": 0.001}",0.21304818345041837,"[[0, 2], [0, 6]]",dominance,0.42857142857142855,0.75,0.6428571428571428,0,0.0,1,2,1.0,0.0,0.6727637153185905,0.0,subject_dependent,rbf_svm,0.0,0.75,0.8178571428571428,0.375,0.75,0.5625,0.5,0.75,0.75,0.5833333333333334,0,0.0,6,1.0
1.0,1.0,"{""clf__C"": 0.1, ""clf__gamma"": 0.01}",,[[8]],dominance,1.0,1.0,1.0,,,2,,,nan,,0.0,subject_dependent,rbf_svm,,,1.0,1.0,1.0,1.0,1.0,1.0,1.0,nan,,,,
1.0,1.0,"{""clf__C"": 0.1, ""clf__gamma"": 0.01}",,[[8]],dominance,1.0,1.0,1.0,,,3,,,nan,,0.0,subject_dependent,rbf_svm,,,1.0,1.0,1.0,1.0,1.0,1.0,1.0,nan,,,,
1.0,1.0,"{""clf__C"": 0.1, ""clf__gamma"": 0.01}",,[[8]],dominance,1.0,1.0,1.0,,,4,,,nan,,0.0,subject_dependent,rbf_svm,,,1.0,1.0,1.0,1.0,1.0,1.0,1.0,nan,,,,
0.4857142857142857,0.46729996346364633,"{""clf__C"": 10.0, ""clf__gamma"": 0.01}",0.24851209250518994,"[[41, 78], [66, 95]]",valence,0.46584706692809075,0.4857142857142857,0.4812993482062424,66,0.40993788819875776,0,78,0.6554621848739496,-0.06627175120325801,0.690346444361587,-0.06653493115990797,cross_subject,rbf_svm,0.38317757009345793,0.5491329479768786,0.5536144066884986,0.4661552590351683,0.4857142857142857,0.4786019123764248,0.46729996346364633,0.4857142857142857,0.4857142857142857,0.45226786366720595,41,0.3445378151260504,95,0.5900621118012422
0.475,0.492788960365221,"{""clf__C"": 10.0, ""clf__gamma"": 0.01}",0.24684590535725975,"[[77, 45], [102, 56]]",valence,0.47203016970458833,0.475,0.4669390320553112,102,0.6455696202531646,1,45,0.36885245901639346,-0.013693232193872529,0.686828182958271,-0.014891866515280374,cross_subject,rbf_svm,0.4301675977653631,0.5544554455445545,0.5653228228713092,0.49231152165495884,0.475,0.5003014547264784,0.492788960365221,0.475,0.475,0.4888981116414194,77,0.6311475409836066,56,0.35443037974683544
0.575,0.5599044339821516,"{""clf__C"": 1.0, ""clf__gamma"": 0.1}",0.24405143356879186,"[[45, 62], [40, 93]]",valence,0.5572916666666667,0.575,0.5668836805555556,40,0.3007518796992481,2,62,0.5794392523364486,0.12226604517748307,0.681099304319987,0.12451777797035467,cross_subject,rbf_svm,0.5294117647058824,0.6,0.633631878535476,0.5647058823529412,0.575,0.5685294117647058,0.5599044339821516,0.575,0.575,0.5853418593212001,45,0.4205607476635514,93,0.6992481203007519
0.45,0.45,"{""clf__C"": 1.0, ""clf__gamma"": 0.001}",0.25734989259765095,"[[74, 46], [86, 34]]",valence,0.4342857142857143,0.45,0.4342857142857143,86,0.7166666666666667,3,46,0.38333333333333336,-0.10000000000000009,0.7080701069693978,-0.10606601717798213,cross_subject,rbf_svm,0.4625,0.425,0.46090848000872886,0.44375,0.45,0.44375,0.45,0.45,0.45,0.414375,74,0.6166666666666667,34,0.2833333333333333
0.5625,0.5053733031674208,"{""clf__C"": 0.1, ""clf__gamma"": 0.001}",0.24557926905020164,"[[8, 96], [9, 127]]",valence,0.4198761481617901,0.5625,0.45822878058887173,9,0.0661764705882353,4,96,0.9230769230769231,0.011919698870765494,0.684280596610828,0.020757764088506322,cross_subject,rbf_svm,0.47058823529411764,0.5695067264573991,0.5466983487458094,0.5200474808757584,0.5625,0.5266420469533105,0.5053733031674208,0.5625,0.5625,0.4904553167420814,8,0.07692307692307693,127,0.9338235294117647
0.5214285714285715,0.561141304347826,"{""clf__C"": 1.0, ""clf__gamma"": 0.1}",0.23540448850651297,"[[66, 30], [104, 80]]",arousal,0.5202291442892947,0.5214285714285715,0.52776840059332,104,0.5652173913043478,0,30,0.3125,0.10325047801147225,0.6636694043580578,0.11884705373246814,cross_subject,rbf_svm,0.38823529411764707,0.7272727272727273,0.7293899345965984,0.5577540106951872,0.5214285714285715,0.611031321619557,0.561141304347826,0.5214285714285715,0.5214285714285715,0.585541213768116,66,0.6875,80,0.43478260869565216
0.4642857142857143,0.4695669934640523,"{""clf__C"": 10.0, ""clf__gamma"": 0.01}",0.2724222714943381,"[[89, 47], [103, 41]]",arousal,0.44806560134566864,0.4642857142857143,0.4453622491889944,103,0.7152777777777778,1,47,0.34558823529411764,-0.0601777059773827,0.7414121816565841,-0.06552900969499127,cross_subject,rbf_svm,0.4635416666666667,0.4659090909090909,0.48393206520653675,0.4647253787878788,0.4642857142857143,0.4647591991341991,0.4695669934640523,0.4642857142857143,0.4642857142857143,0.4721966911764706,89,0.6544117647058824,41,0.2847222222222222
0.4666666666666667,0.451599116746207,"{""clf__C"": 1.0, ""clf__gamma"": 0.1}",0.26085859817156076,"[[36, 65], [63, 76]]",arousal,0.4514285714285714,0.4666666666666667,0.4659047619047619,63,0.45323741007194246,2,65,0.6435643564356436,-0.09706449539318629,0.7176641348907365,-0.09707875903744917,cross_subject,rbf_svm,0.36363636363636365,0.5390070921985816,0.5233554201936447,0.4513217279174726,0.4666666666666667,0.4652052439286482,0.451599116746207,0.4666666666666667,0.4666666666666667,0.4015955552389771,36,0.3564356435643564,76,0.5467625899280576
0.6291666666666667,0.4991028708133971,"{""clf__C"": 10.0, ""clf__gamma"": 0.1}",0.24731049817537568,"[[1, 87], [2, 150]]",arousal,0.39659312409955083,0.6291666666666667,0.49649048466529183,2,0.013157894736842105,3,87,0.9886363636363636,-0.0022522522522521182,0.6923402315376678,-0.007782395741912519,cross_subject,rbf_svm,0.3333333333333333,0.6329113924050633,0.5702446325365846,0.4831223628691983,0.6291666666666667,0.5230661040787623,0.4991028708133971,0.6291666666666667,0.6291666666666667,0.42404306220095694,1,0.011363636363636364,150,0.9868421052631579
0.5291666666666667,0.529244234509586,"{""clf__C"": 1.0, ""clf__gamma"": 0.1}",0.26812118338560537,"[[64, 58], [55, 63]]",arousal,0.5291584923349364,0.5291666666666667,0.5291911896618575,55,0.4661016949152542,4,58,0.47540983606557374,0.05846410220802667,0.7331758031372101,0.05848237572979538,cross_subject,rbf_svm,0.5378151260504201,0.5206611570247934,0.505711980391967,0.5292381415376068,0.5291666666666667,0.5293810912794871,0.529244234509586,0.5291666666666667,0.5291666666666667,0.5150736315643234,64,0.5245901639344263,63,0.5338983050847458
0.525,0.5094567149022595,"{""clf__C"": 10.0, ""clf__gamma"": 0.1}",0.21996890108105288,"[[37, 41], [92, 110]]",dominance,0.49035869223084394,0.525,0.5492014615921501,92,0.45544554455445546,0,41,0.5256410256410257,0.015752193677978643,0.6323095639903444,0.017010220730779877,cross_subject,rbf_svm,0.2868217054263566,0.7284768211920529,0.8054741525544724,0.5076492633092048,0.525,0.6054443246573232,0.5094567149022595,0.525,0.525,0.5898070576288397,37,0.47435897435897434,110,0.5445544554455446
0.5678571428571428,0.5018017063218695,"{""clf__C"": 10.0, ""clf__gamma"": 0.1}",0.25235296215472613,"[[18, 95], [26, 141]]",dominance,0.4645256120497543,0.5678571428571428,0.5098906743554371,26,0.15568862275449102,1,95,0.8407079646017699,0.0039981185324553525,0.7057944372621632,0.004857682387259071,cross_subject,rbf_svm,0.4090909090909091,0.597457627118644,0.6137980961531866,0.5032742681047766,0.5678571428571428,0.5214382016288795,0.5018017063218695,0.5678571428571428,0.5678571428571428,0.5270785861904509,18,0.1592920353982301,141,0.844311377245509
0.44166666666666665,0.3828571428571429,"{""clf__C"": 1.0, ""clf__gamma"": 0.001}",0.26857315525630227,"[[3, 97], [37, 103]]",dominance,0.3243697478991596,0.44166666666666665,0.3712885154061624,37,0.2642857142857143,2,97,0.97,-0.2562500000000001,0.7317596297680263,-0.30993086786756635,cross_subject,rbf_svm,0.075,0.515,0.5286403850489965,0.295,0.44166666666666665,0.3316666666666667,0.3828571428571429,0.44166666666666665,0.44166666666666665,0.3837857142857143,3,0.03,103,0.7357142857142858
0.5125,0.521680216802168,"{""clf__C"": 1.0, ""clf__gamma"": 0.1}",0.28456144883773876,"[[19, 104], [13, 104]]",dominance,0.4425806451612903,0.5125,0.43764516129032255,13,0.1111111111111111,3,104,0.8455284552845529,0.04255319148936165,0.7675962058164058,0.06375767130633384,cross_subject,rbf_svm,0.59375,0.5,0.5520597293083632,0.546875,0.5125,0.548046875,0.521680216802168,0.5125,0.5125,0.6012090890139671,19,0.15447154471544716,104,0.8888888888888888
0.4041666666666667,0.4253246753246753,"{""clf__C"": 10.0, ""clf__gamma"": 0.1}",0.2788013857739511,"[[43, 43], [100, 54]]",dominance,0.40291236799526786,0.4041666666666667,0.4106662143275515,100,0.6493506493506493,4,43,0.5,-0.13028586483994187,0.7713418073610077,-0.14593612667422187,cross_subject,rbf_svm,0.3006993006993007,0.5567010309278351,0.6087843247197744,0.42870016581356785,0.4041666666666667,0.4649670775959436,0.4253246753246753,0.4041666666666667,0.4041666666666667,0.45122319540924194,43,0.5,54,0.35064935064935066
