accuracy,balanced_accuracy,best_params,brier,confusion_matrix,dimension,f1_macro,f1_micro,f1_weighted,fn,fnr,fold,fp,fpr,kappa,log_loss,mcc,mode,model,npv,ppv,pr_auc,precision_macro,precision_micro,precision_weighted,recall_macro,recall_micro,recall_weighted,roc_auc,tn,tnr,tp,tpr
0.5625,0.5625,"{""clf__C"": 1.0, ""clf__gamma"": 0.001}",0.24570000337972617,"[[15, 9], [12, 12]]",valence,0.5607843137254902,0.5625,0.5607843137254902,12,0.5,0,9,0.375,0.125,0.6841129356936003,0.12598815766974242,subject_dependent,rbf_svm,0.5555555555555556,0.5714285714285714,0.662641940364384,0.5634920634920635,0.5625,0.5634920634920635,0.5625,0.5625,0.5625,0.5963541666666666,15,0.625,12,0.5
0.6458333333333334,0.7083333333333334,"{""clf__C"": 1.0, ""clf__gamma"": 0.001}",0.24253995985990637,"[[21, 15], [2, 10]]",valence,0.6262024736601008,0.6458333333333334,0.6690334402198809,2,0.16666666666666666,1,15,0.4166666666666667,0.30612244897959184,0.6868341438262545,0.3611575592573076,subject_dependent,rbf_svm,0.9130434782608695,0.4,0.4101946653749639,0.6565217391304348,0.6458333333333334,0.7847826086956523,0.7083333333333334,0.6458333333333334,0.6458333333333334,0.7222222222222222,21,0.5833333333333334,10,0.8333333333333334
0.5,0.5,"{""clf__C"": 10.0, ""clf__gamma"": 0.001}",0.3048024697703289,"[[11, 13], [11, 13]]",valence,0.4991304347826087,0.5,0.4991304347826087,11,0.4583333333333333,2,13,0.5416666666666666,0.0,0.8274682824803813,0.0,subject_dependent,rbf_svm,0.5,0.5,0.4440244383417955,0.5,0.5,0.5,0.5,0.5,0.5,0.4157986111111111,11,0.4583333333333333,13,0.5416666666666666
0.5833333333333334,0.5833333333333333,"{""clf__C"": 1.0, ""clf__gamma"": 0.001}",0.2600847081686643,"[[16, 8], [12, 12]]",valence,0.5804195804195804,0.5833333333333334,0.5804195804195804,12,0.5,3,8,0.3333333333333333,0.16666666666666663,0.7192820471910251,0.1690308509457033,subject_dependent,rbf_svm,0.5714285714285714,0.6,0.5289558915405463,0.5857142857142856,0.5833333333333334,0.5857142857142857,0.5833333333333333,0.5833333333333334,0.5833333333333334,0.5538194444444444,16,0.6666666666666666,12,0.5
0.5625,0.55,"{""clf__C"": 1.0, ""clf__gamma"": 0.001}",0.27047670005496977,"[[9, 9], [12, 18]]",valence,0.5465587044534412,0.5625,0.5678137651821862,12,0.4,4,9,0.5,0.09677419354838712,0.7366971915138226,0.09759000729485331,subject_dependent,rbf_svm,0.42857142857142855,0.6666666666666666,0.7060035747334085,0.5476190476190476,0.5625,0.5773809523809524,0.55,0.5625,0.5625,0.5537037037037037,9,0.5,18,0.6
0.6875,0.6722222222222223,"{""clf__C"": 1.0, ""clf__gamma"": 0.001}",0.21811376266116667,"[[11, 7], [8, 22]]",valence,0.6701786532295007,0.6875,0.6890746678882272,8,0.26666666666666666,0,7,0.3888888888888889,0.34065934065934067,0.6305180109565908,0.34098891804024256,subject_dependent,rbf_svm,0.5789473684210527,0.7586206896551724,0.7777883118366075,0.6687840290381125,0.6875,0.6912431941923775,0.6722222222222223,0.6875,0.6875,0.6851851851851852,11,0.6111111111111112,22,0.7333333333333333
0.5625,0.49444444444444446,"{""clf__C"": 0.1, ""clf__gamma"": 0.001}",0.29680302446619167,"[[4, 14], [7, 23]]",valence,0.48121461657231085,0.5625,0.5325527534740092,7,0.23333333333333334,1,14,0.7777777777777778,-0.012048192771084265,0.8219090183210916,-0.012798443803844426,subject_dependent,rbf_svm,0.36363636363636365,0.6216216216216216,0.6745984879588603,0.4926289926289926,0.5625,0.52487714987715,0.49444444444444446,0.5625,0.5625,0.4777777777777778,4,0.2222222222222222,23,0.7666666666666667
0.6666666666666666,0.6666666666666667,"{""clf__C"": 1.0, ""clf__gamma"": 0.001}",0.22341538663923366,"[[12, 12], [4, 20]]",valence,0.6571428571428571,0.6666666666666666,0.6571428571428571,4,0.16666666666666666,2,12,0.5,0.33333333333333337,0.6425829168298902,0.3535533905932738,subject_dependent,rbf_svm,0.75,0.625,0.6612200212411927,0.6875,0.6666666666666666,0.6875,0.6666666666666667,0.6666666666666666,0.6666666666666666,0.6927083333333334,12,0.5,20,0.8333333333333334
0.6458333333333334,0.6611111111111111,"{""clf__C"": 1.0, ""clf__gamma"": 0.001}",0.2555145562083849,"[[18, 12], [5, 13]]",valence,0.6419482229047828,0.6458333333333334,0.6512724879333041,5,0.2777777777777778,3,12,0.4,0.2989690721649485,0.7299374508382647,0.31226150319373597,subject_dependent,rbf_svm,0.782608695652174,0.52,0.4756360763098087,0.6513043478260869,0.6458333333333334,0.6841304347826087,0.6611111111111111,0.6458333333333334,0.6458333333333334,0.6574074074074074,18,0.6,13,0.7222222222222222
0.625,0.6333333333333333,"{""clf__C"": 1.0, ""clf__gamma"": 0.001}",0.23957649468867448,"[[12, 6], [12, 18]]",valence,0.6190476190476191,0.625,0.6309523809523809,12,0.4,4,6,0.3333333333333333,0.25,0.6904055617187265,0.25819888974716115,subject_dependent,rbf_svm,0.5,0.75,0.7897783017140441,0.625,0.625,0.65625,0.6333333333333333,0.625,0.625,0.6777777777777778,12,0.6666666666666666,18,0.6
0.5625,0.5625,"{""clf__C"": 10.0, ""clf__gamma"": 0.001}",0.3131863255714686,"[[9, 15], [6, 18]]",valence,0.5465587044534412,0.5625,0.5465587044534413,6,0.25,0,15,0.625,0.125,1.0088692777993777,0.13483997249264842,subject_dependent,rbf_svm,0.6,0.5454545454545454,0.6864631113260848,0.5727272727272728,0.5625,0.5727272727272726,0.5625,0.5625,0.5625,0.638888888888889,9,0.375,18,0.75
0.6041666666666666,0.6722222222222223,"{""clf__C"": 10.0, ""clf__gamma"": 0.001}",0.24433836383582705,"[[12, 18], [1, 17]]",valence,0.5998244844229925,0.6041666666666666,0.5894032470381747,1,0.05555555555555555,1,18,0.6,0.28971962616822433,0.6786043795802339,0.3752410702546575,subject_dependent,rbf_svm,0.9230769230769231,0.4857142857142857,0.7634583463014836,0.7043956043956044,0.6041666666666666,0.759065934065934,0.6722222222222223,0.6041666666666666,0.6041666666666666,0.7944444444444445,12,0.4,17,0.9444444444444444
0.7291666666666666,0.7277777777777777,"{""clf__C"": 10.0, ""clf__gamma"": 0.001}",0.19796357254247898,"[[13, 5], [8, 22]]",valence,0.7192982456140351,0.7291666666666666,0.7324561403508771,8,0.26666666666666666,2,5,0.2777777777777778,0.4408602150537635,0.6144979968214971,0.4445766998987762,subject_dependent,rbf_svm,0.6190476190476191,0.8148148148148148,0.826161359492225,0.716931216931217,0.7291666666666666,0.7414021164021163,0.7277777777777777,0.7291666666666666,0.7291666666666666,0.7944444444444445,13,0.7222222222222222,22,0.7333333333333333
0.6875,0.6944444444444444,"{""clf__C"": 10.0, ""clf__gamma"": 0.001}",0.2039824210473521,"[[13, 5], [10, 20]]",valence,0.6807095343680709,0.6875,0.6923503325942351,10,0.3333333333333333,3,5,0.2777777777777778,0.368421052631579,0.5957824037163414,0.3768673314407159,subject_dependent,rbf_svm,0.5652173913043478,0.8,0.8516120001269647,0.682608695652174,0.6875,0.7119565217391304,0.6944444444444444,0.6875,0.6875,0.7722222222222223,13,0.7222222222222222,20,0.6666666666666666
0.5,0.4666666666666667,"{""clf__C"": 10.0, ""clf__gamma"": 0.001}",0.3178689184470041,"[[6, 12], [12, 18]]",valence,0.4666666666666667,0.5,0.5,12,0.4,4,12,0.6666666666666666,-0.06666666666666665,0.8979164600036235,-0.06666666666666667,subject_dependent,rbf_svm,0.3333333333333333,0.6,0.7584978502022627,0.4666666666666667,0.5,0.5,0.4666666666666667,0.5,0.5,0.5425925925925926,6,0.3333333333333333,18,0.6
0.6041666666666666,0.5944444444444444,"{""clf__C"": 1.0, ""clf__gamma"": 0.001}",0.22147346574848728,"[[19, 11], [8, 10]]",valence,0.5897435897435896,0.6041666666666666,0.6089743589743589,8,0.4444444444444444,0,11,0.36666666666666664,0.18279569892473113,0.6355150248522133,0.18433668044583404,subject_dependent,rbf_svm,0.7037037037037037,0.47619047619047616,0.5888240616874005,0.58994708994709,0.6041666666666666,0.6183862433862434,0.5944444444444444,0.6041666666666666,0.6041666666666666,0.6499999999999999,19,0.6333333333333333,10,0.5555555555555556
0.5833333333333334,0.5833333333333334,"{""clf__C"": 1.0, ""clf__gamma"": 0.001}",0.28102169403454197,"[[14, 10], [10, 14]]",valence,0.5833333333333334,0.5833333333333334,0.5833333333333334,10,0.4166666666666667,1,10,0.4166666666666667,0.16666666666666663,0.803817211695327,0.16666666666666666,subject_dependent,rbf_svm,0.5833333333333334,0.5833333333333334,0.6031368148098148,0.5833333333333334,0.5833333333333334,0.5833333333333334,0.5833333333333334,0.5833333333333334,0.5833333333333334,0.6163194444444443,14,0.5833333333333334,14,0.5833333333333334
0.6458333333333334,0.6527777777777777,"{""clf__C"": 10.0, ""clf__gamma"": 0.001}",0.18572833733615265,"[[23, 13], [4, 8]]",valence,0.6075036075036075,0.6458333333333334,0.6688311688311689,4,0.3333333333333333,2,13,0.3611111111111111,0.24444444444444446,0.5534623535093944,0.2667107547328796,subject_dependent,rbf_svm,0.8518518518518519,0.38095238095238093,0.5459670693046652,0.6164021164021164,0.6458333333333334,0.7341269841269842,0.6527777777777777,0.6458333333333334,0.6458333333333334,0.7615740740740741,23,0.6388888888888888,8,0.6666666666666666
0.7916666666666666,0.8222222222222222,"{""clf__C"": 10.0, ""clf__gamma"": 0.001}",0.1773754307115566,"[[21, 9], [1, 17]]",valence,0.7902097902097902,0.7916666666666666,0.7945804195804196,1,0.05555555555555555,3,9,0.3,0.5918367346938775,0.5309592047732407,0.6261585997769191,subject_dependent,rbf_svm,0.9545454545454546,0.6538461538461539,0.6567949929746972,0.8041958041958042,0.7916666666666666,0.8417832167832168,0.8222222222222222,0.7916666666666666,0.7916666666666666,0.8129629629629629,21,0.7,17,0.9444444444444444
0.7083333333333334,0.7083333333333334,"{""clf__C"": 1.0, ""clf__gamma"": 0.001}",0.2326211495805471,"[[17, 7], [7, 17]]",valence,0.7083333333333334,0.7083333333333334,0.7083333333333334,7,0.2916666666666667,4,7,0.2916666666666667,0.41666666666666663,0.6597345197481131,0.4166666666666667,subject_dependent,rbf_svm,0.7083333333333334,0.7083333333333334,0.7288755073505041,0.7083333333333334,0.7083333333333334,0.7083333333333334,0.7083333333333334,0.7083333333333334,0.7083333333333334,0.7447916666666666,17,0.7083333333333334,17,0.7083333333333334
0.5625,0.5625,"{""clf__C"": 1.0, ""clf__gamma"": 0.001}",0.2409678018272102,"[[21, 3], [18, 6]]",valence,0.5151515151515151,0.5625,0.5151515151515151,18,0.75,0,3,0.125,0.125,0.6731559501200639,0.16012815380508713,subject_dependent,rbf_svm,0.5384615384615384,0.6666666666666666,0.6502368400732391,0.6025641025641025,0.5625,0.6025641025641025,0.5625,0.5625,0.5625,0.5954861111111112,21,0.875,6,0.25
0.5208333333333334,0.538888888888889,"{""clf__C"": 1.0, ""clf__gamma"": 0.001}",0.23197919079877494,"[[11, 7], [16, 14]]",valence,0.5189542483660131,0.5208333333333334,0.5264705882352941,16,0.5333333333333333,1,7,0.3888888888888889,0.07070707070707072,0.6488941228849677,0.07590333900710813,subject_dependent,rbf_svm,0.4074074074074074,0.6666666666666666,0.785448767279574,0.537037037037037,0.5208333333333334,0.5694444444444444,0.538888888888889,0.5208333333333334,0.5208333333333334,0.625925925925926,11,0.6111111111111112,14,0.4666666666666667
0.3958333333333333,0.46111111111111114,"{""clf__C"": 10.0, ""clf__gamma"": 0.001}",0.3823725897940924,"[[6, 24], [5, 13]]",valence,0.3827050997782705,0.3958333333333333,0.3601995565410199,5,0.2777777777777778,2,24,0.8,-0.06422018348623859,1.0662658206311757,-0.089589106626911,subject_dependent,rbf_svm,0.5454545454545454,0.35135135135135137,0.4478992653258565,0.44840294840294836,0.3958333333333333,0.4726658476658477,0.46111111111111114,0.3958333333333333,0.3958333333333333,0.49629629629629624,6,0.2,13,0.7222222222222222
0.8125,0.7083333333333333,"{""clf__C"": 10.0, ""clf__gamma"": 0.001}",0.1713570961959577,"[[6, 6], [3, 33]]",valence,0.7257142857142858,0.8125,0.8028571428571428,3,0.08333333333333333,3,6,0.5,0.4545454545454546,0.5306891993072528,0.46225016352102427,subject_dependent,rbf_svm,0.6666666666666666,0.8461538461538461,0.8499237694525033,0.7564102564102564,0.8125,0.8012820512820512,0.7083333333333333,0.8125,0.8125,0.724537037037037,6,0.5,33,0.9166666666666666
0.6875,0.5694444444444444,"{""clf__C"": 10.0, ""clf__gamma"": 0.001}",0.20558200064068013,"[[4, 8], [7, 29]]",valence,0.5711733174508635,0.6875,0.6828469326980344,7,0.19444444444444445,4,8,0.6666666666666666,0.1428571428571429,0.6032713082873832,0.14309095175803563,subject_dependent,rbf_svm,0.36363636363636365,0.7837837837837838,0.7710400092098224,0.5737100737100738,0.6875,0.6787469287469289,0.5694444444444444,0.6875,0.6875,0.5601851851851852,4,0.3333333333333333,29,0.8055555555555556
0.3958333333333333,0.2638888888888889,"{""clf__C"": 0.1, ""clf__gamma"": 0.001}",0.20693565953537252,"[[0, 12], [17, 19]]",valence,0.2835820895522388,0.3958333333333333,0.4253731343283582,17,0.4722222222222222,0,12,1.0,-0.41463414634146334,0.6127543925695168,-0.42754613660367835,subject_dependent,rbf_svm,0.0,0.6129032258064516,0.5832080456877591,0.3064516129032258,0.3958333333333333,0.45967741935483875,0.2638888888888889,0.3958333333333333,0.3958333333333333,0.11574074074074073,0,0.0,19,0.5277777777777778
0.3958333333333333,0.31666666666666665,"{""clf__C"": 1.0, ""clf__gamma"": 0.001}",0.3644759526092049,"[[0, 18], [11, 19]]",valence,0.2835820895522388,0.3958333333333333,0.35447761194029853,11,0.36666666666666664,1,18,1.0,-0.3975903614457832,1.1495807598882566,-0.4223486455268661,subject_dependent,rbf_svm,0.0,0.5135135135135135,0.44942368311205494,0.25675675675675674,0.3958333333333333,0.32094594594594594,0.31666666666666665,0.3958333333333333,0.3958333333333333,0.0962962962962963,0,0.0,19,0.6333333333333333
0.75,0.5,"{""clf__C"": 1.0, ""clf__gamma"": 0.01}",0.18657619844192494,"[[0, 12], [0, 36]]",valence,0.42857142857142855,0.75,0.6428571428571428,0,0.0,2,12,1.0,0.0,0.5597761509164214,0.0,subject_dependent,rbf_svm,0.0,0.75,0.8106624774733862,0.375,0.75,0.5625,0.5,0.75,0.75,0.47453703703703703,0,0.0,36,1.0
0.7291666666666666,0.4166666666666667,"{""clf__C"": 10.0, ""clf__gamma"": 0.001}",0.14706856295870951,"[[0, 6], [7, 35]]",valence,0.42168674698795183,0.7291666666666666,0.7379518072289156,7,0.16666666666666666,3,6,1.0,-0.15555555555555545,0.47220243015925506,-0.15617376188860607,subject_dependent,rbf_svm,0.0,0.8536585365853658,0.8711550604205945,0.4268292682926829,0.7291666666666666,0.7469512195121951,0.4166666666666667,0.7291666666666666,0.7291666666666666,0.40476190476190477,0,0.0,35,0.8333333333333334
0.4166666666666667,0.2777777777777778,"{""clf__C"": 10.0, ""clf__gamma"": 0.001}",0.3378637688902448,"[[0, 12], [16, 20]]",valence,0.29411764705882354,0.4166666666666667,0.4411764705882353,16,0.4444444444444444,4,12,1.0,-0.3999999999999999,0.9909277295982352,-0.408248290463863,subject_dependent,rbf_svm,0.0,0.625,0.6535066871371494,0.3125,0.4166666666666667,0.46875,0.2777777777777778,0.4166666666666667,0.4166666666666667,0.21296296296296297,0,0.0,20,0.5555555555555556
0.5416666666666666,0.4722222222222222,"{""clf__C"": 1.0, ""clf__gamma"": 0.001}",0.27957129395248187,"[[4, 8], [14, 22]]",valence,0.4666666666666667,0.5416666666666666,0.5666666666666667,14,0.3888888888888889,0,8,0.6666666666666666,-0.04761904761904767,0.7852839329446102,-0.049690399499995326,subject_dependent,rbf_svm,0.2222222222222222,0.7333333333333333,0.751740824113867,0.47777777777777775,0.5416666666666666,0.6055555555555555,0.4722222222222222,0.5416666666666666,0.5416666666666666,0.46296296296296297,4,0.3333333333333333,22,0.6111111111111112
0.6458333333333334,0.5138888888888888,"{""clf__C"": 1.0, ""clf__gamma"": 0.001}",0.20146330721958083,"[[3, 9], [8, 28]]",valence,0.5139964264443121,0.6458333333333334,0.6405598570577724,8,0.2222222222222222,1,9,0.75,0.02857142857142858,0.56915028812336,0.028618190351607124,subject_dependent,rbf_svm,0.2727272727272727,0.7567567567567568,0.9032897764105339,0.5147420147420148,0.6458333333333334,0.6357493857493858,0.5138888888888888,0.6458333333333334,0.6458333333333334,0.6944444444444444,3,0.25,28,0.7777777777777778
0.5416666666666666,0.5888888888888889,"{""clf__C"": 1.0, ""clf__gamma"": 0.001}",0.2723873592775064,"[[14, 4], [18, 12]]",valence,0.5408695652173914,0.5416666666666666,0.5360869565217392,18,0.6,2,4,0.2222222222222222,0.15384615384615385,0.7559279072514605,0.18257418583505539,subject_dependent,rbf_svm,0.4375,0.75,0.7418986241935688,0.59375,0.5416666666666666,0.6328125,0.5888888888888889,0.5416666666666666,0.5416666666666666,0.5555555555555556,14,0.7777777777777778,12,0.4
0.6666666666666666,0.7222222222222223,"{""clf__C"": 0.1, ""clf__gamma"": 0.001}",0.19109659198751006,"[[10, 2], [14, 22]]",valence,0.6444444444444444,0.6666666666666666,0.6888888888888888,14,0.3888888888888889,3,2,0.16666666666666666,0.33333333333333337,0.5710865728381525,0.3849001794597505,subject_dependent,rbf_svm,0.4166666666666667,0.9166666666666666,0.9027198087616026,0.6666666666666666,0.6666666666666666,0.7916666666666666,0.7222222222222223,0.6666666666666666,0.6666666666666666,0.7129629629629629,10,0.8333333333333334,22,0.6111111111111112
0.5625,0.5722222222222222,"{""clf__C"": 1.0, ""clf__gamma"": 0.001}",0.25483845871360644,"[[11, 7], [14, 16]]",valence,0.5577007459412022,0.5625,0.5692189556823167,14,0.4666666666666667,4,7,0.3888888888888889,0.134020618556701,0.7158757845611351,0.13997929453512303,subject_dependent,rbf_svm,0.44,0.6956521739130435,0.6881439959827828,0.5678260869565217,0.5625,0.5997826086956523,0.5722222222222222,0.5625,0.5625,0.5444444444444445,11,0.6111111111111112,16,0.5333333333333333
0.7291666666666666,0.7083333333333333,"{""clf__C"": 1.0, ""clf__gamma"": 0.001}",0.24429778997632515,"[[27, 9], [4, 8]]",valence,0.6788471435923829,0.7291666666666666,0.7424086464230572,4,0.3333333333333333,0,9,0.25,0.36585365853658536,0.6856536703031887,0.37724659112089265,subject_dependent,rbf_svm,0.8709677419354839,0.47058823529411764,0.5958740333740333,0.6707779886148008,0.7291666666666666,0.7708728652751423,0.7083333333333333,0.7291666666666666,0.7291666666666666,0.7546296296296297,27,0.75,8,0.6666666666666666
0.5208333333333334,0.48611111111111116,"{""clf__C"": 10.0, ""clf__gamma"": 0.001}",0.24442316693483312,"[[5, 7], [16, 20]]",valence,0.46897546897546893,0.5208333333333334,0.5519480519480519,16,0.4444444444444444,1,7,0.5833333333333334,-0.022222222222222143,0.6833252300175108,-0.024246432248443597,subject_dependent,rbf_svm,0.23809523809523808,0.7407407407407407,0.8379356623046248,0.4894179894179894,0.5208333333333334,0.615079365079365,0.48611111111111116,0.5208333333333334,0.5208333333333334,0.6064814814814816,5,0.4166666666666667,20,0.5555555555555556
0.3958333333333333,0.3833333333333333,"{""clf__C"": 1.0, ""clf__gamma"": 0.001}",0.31353218863568616,"[[6, 12], [17, 13]]",valence,0.3827050997782705,0.3958333333333333,0.40521064301552107,17,0.5666666666666667,2,12,0.6666666666666666,-0.2210526315789474,0.8468851413839777,-0.2261203988644295,subject_dependent,rbf_svm,0.2608695652173913,0.52,0.6559103172642968,0.3904347826086957,0.3958333333333333,0.42282608695652174,0.3833333333333333,0.3958333333333333,0.3958333333333333,0.4388888888888889,6,0.3333333333333333,13,0.43333333333333335
0.6875,0.7361111111111112,"{""clf__C"": 1.0, ""clf__gamma"": 0.001}",0.21238775640021937,"[[10, 2], [13, 23]]",valence,0.6627634660421545,0.6875,0.708430913348946,13,0.3611111111111111,3,2,0.16666666666666666,0.36170212765957444,0.6084645894338396,0.40931190049161525,subject_dependent,rbf_svm,0.43478260869565216,0.92,0.9034201149115434,0.6773913043478261,0.6875,0.7986956521739131,0.7361111111111112,0.6875,0.6875,0.7430555555555556,10,0.8333333333333334,23,0.6388888888888888
0.4791666666666667,0.5277777777777778,"{""clf__C"": 1.0, ""clf__gamma"": 0.001}",0.28350662214024774,"[[10, 20], [5, 13]]",valence,0.4771241830065359,0.4791666666666667,0.468954248366013,5,0.2777777777777778,4,20,0.6666666666666666,0.04761904761904767,0.7639011464124607,0.058025885318565944,subject_dependent,rbf_svm,0.6666666666666666,0.3939393939393939,0.6842794690475227,0.5303030303030303,0.4791666666666667,0.5643939393939393,0.5277777777777778,0.4791666666666667,0.4791666666666667,0.7018518518518518,10,0.3333333333333333,13,0.7222222222222222
0.5833333333333334,0.5833333333333334,"{""clf__C"": 1.0, ""clf__gamma"": 0.001}",0.2589652220289555,"[[14, 10], [10, 14]]",valence,0.5833333333333334,0.5833333333333334,0.5833333333333334,10,0.4166666666666667,0,10,0.4166666666666667,0.16666666666666663,0.7098295225560941,0.16666666666666666,subject_dependent,rbf_svm,0.5833333333333334,0.5833333333333334,0.695248585150207,0.5833333333333334,0.5833333333333334,0.5833333333333334,0.5833333333333334,0.5833333333333334,0.5833333333333334,0.6189236111111112,14,0.5833333333333334,14,0.5833333333333334
0.5,0.5,"{""clf__C"": 1.0, ""clf__gamma"": 0.001}",0.3497743957567932,"[[11, 13], [11, 13]]",valence,0.4991304347826087,0.5,0.4991304347826087,11,0.4583333333333333,1,13,0.5416666666666666,0.0,1.0161039761209498,0.0,subject_dependent,rbf_svm,0.5,0.5,0.5476126630767941,0.5,0.5,0.5,0.5,0.5,0.5,0.5173611111111112,11,0.4583333333333333,13,0.5416666666666666
0.6666666666666666,0.6222222222222222,"{""clf__C"": 1.0, ""clf__gamma"": 0.001}",0.18128221575725467,"[[24, 6], [10, 8]]",valence,0.625,0.6666666666666666,0.65625,10,0.5555555555555556,2,6,0.2,0.2558139534883721,0.5434736262737098,0.26035958758213296,subject_dependent,rbf_svm,0.7058823529411765,0.5714285714285714,0.6974036108625031,0.6386554621848739,0.6666666666666666,0.6554621848739496,0.6222222222222222,0.6666666666666666,0.6666666666666666,0.7666666666666667,24,0.8,8,0.4444444444444444
0.8541666666666666,0.8277777777777777,"{""clf__C"": 1.0, ""clf__gamma"": 0.001}",0.13752055649338069,"[[13, 5], [2, 28]]",valence,0.8383838383838383,0.8541666666666666,0.8510101010101009,2,0.06666666666666667,3,5,0.2777777777777778,0.6781609195402298,0.4419994351710441,0.6847054467590782,subject_dependent,rbf_svm,0.8666666666666667,0.8484848484848485,0.9474843697156152,0.8575757575757577,0.8541666666666666,0.8553030303030305,0.8277777777777777,0.8541666666666666,0.8541666666666666,0.9055555555555556,13,0.7222222222222222,28,0.9333333333333333
0.7083333333333334,0.7083333333333333,"{""clf__C"": 1.0, ""clf__gamma"": 0.001}",0.1837310794832525,"[[16, 8], [6, 18]]",valence,0.7078260869565217,0.7083333333333334,0.7078260869565218,6,0.25,4,8,0.3333333333333333,0.41666666666666663,0.5404923763518901,0.4181210050035454,subject_dependent,rbf_svm,0.7272727272727273,0.6923076923076923,0.8428204988232255,0.7097902097902098,0.7083333333333334,0.7097902097902097,0.7083333333333333,0.7083333333333334,0.7083333333333334,0.8090277777777778,16,0.6666666666666666,18,0.75
0.5625,0.65,"{""clf__C"": 1.0, ""clf__gamma"": 0.001}",0.3294694167050432,"[[18, 0], [21, 9]]",valence,0.5465587044534412,0.5625,0.5253036437246964,21,0.7,0,0,0.0,0.2432432432432432,0.976089186487512,0.3721042037676254,subject_dependent,rbf_svm,0.46153846153846156,1.0,0.8813634791192897,0.7307692307692308,0.5625,0.798076923076923,0.65,0.5625,0.5625,0.7759259259259259,18,1.0,9,0.3
0.8541666666666666,0.8722222222222222,"{""clf__C"": 1.0, ""clf__gamma"": 0.001}",0.10315655101668797,"[[17, 1], [6, 24]]",valence,0.8509977827050997,0.8541666666666666,0.856430155210643,6,0.2,1,1,0.05555555555555555,0.7052631578947368,0.35934281216377933,0.7214317487579418,subject_dependent,rbf_svm,0.7391304347826086,0.96,0.9479753595429662,0.8495652173913043,0.8541666666666666,0.8771739130434781,0.8722222222222222,0.8541666666666666,0.8541666666666666,0.937037037037037,17,0.9444444444444444,24,0.8
0.6041666666666666,0.6041666666666666,"{""clf__C"": 1.0, ""clf__gamma"": 0.001}",0.25399100700782484,"[[22, 2], [17, 7]]",valence,0.5613275613275613,0.6041666666666666,0.5613275613275612,17,0.7083333333333334,2,2,0.08333333333333333,0.20833333333333337,0.7316133660141685,0.2668802563418119,subject_dependent,rbf_svm,0.5641025641025641,0.7777777777777778,0.708041167971184,0.670940170940171,0.6041666666666666,0.6709401709401709,0.6041666666666666,0.6041666666666666,0.6041666666666666,0.6493055555555556,22,0.9166666666666666,7,0.2916666666666667
0.7291666666666666,0.7722222222222221,"{""clf__C"": 1.0, ""clf__gamma"": 0.001}",0.20852001467873185,"[[18, 12], [1, 17]]",valence,0.7290490664350847,0.7291666666666666,0.7304602692140687,1,0.05555555555555555,3,12,0.4,0.48514851485148514,0.5930621323397898,0.5389824833539318,subject_dependent,rbf_svm,0.9473684210526315,0.5862068965517241,0.88689122787162,0.7667876588021778,0.7291666666666666,0.8119328493647912,0.7722222222222221,0.7291666666666666,0.7291666666666666,0.9092592592592592,18,0.6,17,0.9444444444444444
0.8958333333333334,0.9166666666666667,"{""clf__C"": 1.0, ""clf__gamma"": 0.001}",0.16309118504429146,"[[25, 5], [0, 18]]",valence,0.893569844789357,0.8958333333333334,0.897450110864745,0,0.0,4,5,0.16666666666666666,0.7894736842105263,0.4992551959982155,0.8075728530872482,subject_dependent,rbf_svm,1.0,0.782608695652174,0.9400443238678533,0.8913043478260869,0.8958333333333334,0.9184782608695653,0.9166666666666667,0.8958333333333334,0.8958333333333334,0.9648148148148148,25,0.8333333333333334,18,1.0
0.4791666666666667,0.44999999999999996,"{""clf__C"": 0.1, ""clf__gamma"": 0.001}",0.24329380626911223,"[[6, 12], [13, 17]]",valence,0.45029775538250116,0.4791666666666667,0.48179111314704537,13,0.43333333333333335,0,12,0.6666666666666666,-0.098901098901099,0.6778957095244132,-0.09899678265684463,subject_dependent,rbf_svm,0.3157894736842105,0.5862068965517241,0.7210522630772271,0.4509981851179673,0.4791666666666667,0.48480036297640644,0.44999999999999996,0.4791666666666667,0.4791666666666667,0.49074074074074076,6,0.3333333333333333,17,0.5666666666666667
0.5833333333333334,0.5833333333333333,"{""clf__C"": 1.0, ""clf__gamma"": 0.001}",0.2578060155185679,"[[15, 9], [11, 13]]",valence,0.5826086956521739,0.5833333333333334,0.5826086956521739,11,0.4583333333333333,1,9,0.375,0.16666666666666663,0.7133301835889919,0.16724840200141816,subject_dependent,rbf_svm,0.5769230769230769,0.5909090909090909,0.6341538744917229,0.583916083916084,0.5833333333333334,0.5839160839160839,0.5833333333333333,0.5833333333333334,0.5833333333333334,0.5989583333333334,15,0.625,13,0.5416666666666666
0.3958333333333333,0.3611111111111111,"{""clf__C"": 10.0, ""clf__gamma"": 0.001}",0.3526121184527418,"[[4, 14], [15, 15]]",valence,0.3623453962437013,0.3958333333333333,0.39887769125057254,15,0.5,2,14,0.7777777777777778,-0.27472527472527464,0.9746073324917024,-0.2749910629356795,subject_dependent,rbf_svm,0.21052631578947367,0.5172413793103449,0.5060238976645401,0.36388384754990927,0.3958333333333333,0.4022232304900182,0.3611111111111111,0.3958333333333333,0.3958333333333333,0.29259259259259257,4,0.2222222222222222,15,0.5
0.6041666666666666,0.5694444444444444,"{""clf__C"": 1.0, ""clf__gamma"": 0.001}",0.2298983104677915,"[[6, 6], [13, 23]]",valence,0.547394540942928,0.6041666666666666,0.6275434243176179,13,0.3611111111111111,3,6,0.5,0.11627906976744184,0.6508926611832438,0.12297974198582046,subject_dependent,rbf_svm,0.3157894736842105,0.7931034482758621,0.8425613941164101,0.5544464609800364,0.6041666666666666,0.6737749546279491,0.5694444444444444,0.6041666666666666,0.6041666666666666,0.5787037037037037,6,0.5,23,0.6388888888888888
0.4791666666666667,0.4791666666666667,"{""clf__C"": 1.0, ""clf__gamma"": 0.001}",0.34799178040626155,"[[14, 10], [15, 9]]",valence,0.47345326897762174,0.4791666666666667,0.4734532689776218,15,0.625,4,10,0.4166666666666667,-0.04166666666666674,1.0455363609035617,-0.0426014322842305,subject_dependent,rbf_svm,0.4827586206896552,0.47368421052631576,0.4494206338695911,0.4782214156079855,0.4791666666666667,0.47822141560798553,0.4791666666666667,0.4791666666666667,0.4791666666666667,0.4427083333333333,14,0.5833333333333334,9,0.375
0.625,0.6444444444444444,"{""clf__C"": 1.0, ""clf__gamma"": 0.001}",0.2760613096642232,"[[17, 13], [5, 13]]",valence,0.6223776223776224,0.625,0.6302447552447553,5,0.2777777777777778,0,13,0.43333333333333335,0.26530612244897955,0.7507573510204364,0.28069178610689477,subject_dependent,rbf_svm,0.7727272727272727,0.5,0.6687318163707923,0.6363636363636364,0.625,0.6704545454545454,0.6444444444444444,0.625,0.625,0.6962962962962963,17,0.5666666666666667,13,0.7222222222222222
0.4791666666666667,0.47916666666666663,"{""clf__C"": 1.0, ""clf__gamma"": 0.001}",0.3408079786732073,"[[15, 9], [16, 8]]",valence,0.4678492239467849,0.4791666666666667,0.4678492239467849,16,0.6666666666666666,1,9,0.375,-0.04166666666666674,0.9512801028342089,-0.04356068418690321,subject_dependent,rbf_svm,0.4838709677419355,0.47058823529411764,0.48124158402969724,0.47722960151802657,0.4791666666666667,0.47722960151802657,0.47916666666666663,0.4791666666666667,0.4791666666666667,0.4392361111111111,15,0.625,8,0.3333333333333333
0.6875,0.6833333333333333,"{""clf__C"": 1.0, ""clf__gamma"": 0.001}",0.21130307901547615,"[[12, 6], [9, 21]]",valence,0.6761133603238867,0.6875,0.6912955465587044,9,0.3,2,6,0.3333333333333333,0.3548387096774194,0.5980646095094574,0.35783002674779546,subject_dependent,rbf_svm,0.5714285714285714,0.7777777777777778,0.8626702587611579,0.6746031746031746,0.6875,0.7003968253968255,0.6833333333333333,0.6875,0.6875,0.7166666666666667,12,0.6666666666666666,21,0.7
0.75,0.75,"{""clf__C"": 1.0, ""clf__gamma"": 0.001}",0.19325049207666703,"[[22, 2], [10, 14]]",valence,0.7428571428571429,0.75,0.7428571428571429,10,0.4166666666666667,3,2,0.08333333333333333,0.5,0.5704697268919937,0.5303300858899107,subject_dependent,rbf_svm,0.6875,0.875,0.8371187108409268,0.78125,0.75,0.78125,0.75,0.75,0.75,0.767361111111111,22,0.9166666666666666,14,0.5833333333333334
0.6041666666666666,0.6833333333333333,"{""clf__C"": 1.0, ""clf__gamma"": 0.001}",0.21270169640869444,"[[18, 0], [19, 11]]",valence,0.5955654101995566,0.6041666666666666,0.580820399113082,19,0.6333333333333333,4,0,0.0,0.3027522935779816,0.6110602715250306,0.4223486455268661,subject_dependent,rbf_svm,0.4864864864864865,1.0,0.8863255854204356,0.7432432432432432,0.6041666666666666,0.8074324324324325,0.6833333333333333,0.6041666666666666,0.6041666666666666,0.7824074074074073,18,1.0,11,0.36666666666666664
0.7291666666666666,0.625,"{""clf__C"": 0.1, ""clf__gamma"": 0.001}",0.19646303178844793,"[[30, 6], [7, 5]]",valence,0.6283502084574151,0.7291666666666666,0.7251340083382966,7,0.5833333333333334,0,6,0.16666666666666666,0.2571428571428571,0.5782537689624353,0.25756371316446414,subject_dependent,rbf_svm,0.8108108108108109,0.45454545454545453,0.46623422873422876,0.6326781326781327,0.7291666666666666,0.7217444717444718,0.625,0.7291666666666666,0.7291666666666666,0.6990740740740741,30,0.8333333333333334,5,0.4166666666666667
0.875,0.875,"{""clf__C"": 1.0, ""clf__gamma"": 0.001}",0.12378057633603852,"[[18, 6], [0, 24]]",valence,0.873015873015873,0.875,0.8730158730158729,0,0.0,1,6,0.25,0.75,0.40862524186126187,0.7745966692414834,subject_dependent,rbf_svm,1.0,0.8,0.9747417812072984,0.9,0.875,0.9,0.875,0.875,0.875,0.9704861111111112,18,0.75,24,1.0
0.7291666666666666,0.7611111111111111,"{""clf__C"": 1.0, ""clf__gamma"": 0.001}",0.19718261490524777,"[[16, 2], [11, 19]]",valence,0.7281045751633988,0.7291666666666666,0.7323529411764707,11,0.36666666666666664,2,2,0.1111111111111111,0.4747474747474747,0.6104295244141709,0.5096367047620117,subject_dependent,rbf_svm,0.5925925925925926,0.9047619047619048,0.8955950291085515,0.7486772486772486,0.7291666666666666,0.7876984126984127,0.7611111111111111,0.7291666666666666,0.7291666666666666,0.7722222222222223,16,0.8888888888888888,19,0.6333333333333333
0.6875,0.5833333333333334,"{""clf__C"": 1.0, ""clf__gamma"": 0.001}",0.21670060739902397,"[[30, 0], [15, 3]]",valence,0.5428571428571429,0.6875,0.6071428571428571,15,0.8333333333333334,3,0,0.0,0.19999999999999996,0.6353486913783343,0.3333333333333333,subject_dependent,rbf_svm,0.6666666666666666,1.0,0.6279369468422001,0.8333333333333333,0.6875,0.7916666666666666,0.5833333333333334,0.6875,0.6875,0.6314814814814815,30,1.0,3,0.16666666666666666
0.75,0.6777777777777778,"{""clf__C"": 0.1, ""clf__gamma"": 0.001}",0.21276290096502803,"[[29, 1], [11, 7]]",valence,0.6835164835164835,0.75,0.7197802197802198,11,0.6111111111111112,4,1,0.03333333333333333,0.4,0.6331065424711357,0.4618802153517006,subject_dependent,rbf_svm,0.725,0.875,0.6438591606767092,0.8,0.75,0.78125,0.6777777777777778,0.75,0.75,0.6018518518518519,29,0.9666666666666667,7,0.3888888888888889
0.7708333333333334,0.75,"{""clf__C"": 1.0, ""clf__gamma"": 0.001}",0.18958883636315113,"[[25, 5], [6, 12]]",valence,0.7526932084309134,0.7708333333333334,0.7694379391100702,6,0.3333333333333333,0,5,0.16666666666666666,0.5056179775280899,0.5587488176053957,0.5061294132158307,subject_dependent,rbf_svm,0.8064516129032258,0.7058823529411765,0.7949552762052763,0.7561669829222011,0.7708333333333334,0.7687381404174572,0.75,0.7708333333333334,0.7708333333333334,0.7629629629629631,25,0.8333333333333334,12,0.6666666666666666
0.75,0.7666666666666666,"{""clf__C"": 10.0, ""clf__gamma"": 0.001}",0.1881648602237599,"[[15, 3], [9, 21]]",valence,0.746031746031746,0.75,0.753968253968254,9,0.3,1,3,0.16666666666666666,0.5,0.5618366018148628,0.5163977794943223,subject_dependent,rbf_svm,0.625,0.875,0.906307633064715,0.75,0.75,0.78125,0.7666666666666666,0.75,0.75,0.8018518518518518,15,0.8333333333333334,21,0.7
0.6041666666666666,0.6041666666666666,"{""clf__C"": 1.0, ""clf__gamma"": 0.001}",0.23909071068430296,"[[19, 5], [14, 10]]",valence,0.5897435897435896,0.6041666666666666,0.5897435897435898,14,0.5833333333333334,2,5,0.20833333333333334,0.20833333333333337,0.6642297965018047,0.22473328748774737,subject_dependent,rbf_svm,0.5757575757575758,0.6666666666666666,0.7094337460888123,0.6212121212121212,0.6041666666666666,0.6212121212121212,0.6041666666666666,0.6041666666666666,0.6041666666666666,0.6631944444444444,19,0.7916666666666666,10,0.4166666666666667
0.5,0.4444444444444444,"{""clf__C"": 10.0, ""clf__gamma"": 0.001}",0.31478509963548357,"[[4, 14], [10, 20]]",valence,0.4375,0.5,0.484375,10,0.3333333333333333,3,14,0.7777777777777778,-0.11627906976744184,0.9130714951448168,-0.11834526708278773,subject_dependent,rbf_svm,0.2857142857142857,0.5882352941176471,0.6549629519845306,0.4369747899159664,0.5,0.4747899159663866,0.4444444444444444,0.5,0.5,0.48518518518518516,4,0.2222222222222222,20,0.6666666666666666
0.5833333333333334,0.5777777777777777,"{""clf__C"": 10.0, ""clf__gamma"": 0.001}",0.2545833460899962,"[[18, 12], [8, 10]]",valence,0.5714285714285714,0.5833333333333334,0.5892857142857143,8,0.4444444444444444,4,12,0.4,0.14893617021276595,0.7056652294359543,0.15114173098063566,subject_dependent,rbf_svm,0.6923076923076923,0.45454545454545453,0.6034755518824146,0.5734265734265734,0.5833333333333334,0.6031468531468532,0.5777777777777777,0.5833333333333334,0.5833333333333334,0.6203703703703703,18,0.6,10,0.5555555555555556
0.7291666666666666,0.7291666666666667,"{""clf__C"": 10.0, ""clf__gamma"": 0.001}",0.24249244079152557,"[[21, 3], [10, 14]]",valence,0.7232815964523283,0.7291666666666666,0.7232815964523281,10,0.4166666666666667,0,3,0.125,0.45833333333333337,0.831219737809985,0.4791675260559353,subject_dependent,rbf_svm,0.6774193548387096,0.8235294117647058,0.7654686124671677,0.7504743833017078,0.7291666666666666,0.7504743833017078,0.7291666666666667,0.7291666666666666,0.7291666666666666,0.6684027777777778,21,0.875,14,0.5833333333333334
0.7916666666666666,0.7916666666666666,"{""clf__C"": 10.0, ""clf__gamma"": 0.001}",0.13315614929774222,"[[16, 8], [2, 22]]",valence,0.7883597883597884,0.7916666666666666,0.7883597883597883,2,0.08333333333333333,1,8,0.3333333333333333,0.5833333333333333,0.40072587432470724,0.6024640760767094,subject_dependent,rbf_svm,0.8888888888888888,0.7333333333333333,0.9267961192297055,0.8111111111111111,0.7916666666666666,0.811111111111111,0.7916666666666666,0.7916666666666666,0.7916666666666666,0.9166666666666666,16,0.6666666666666666,22,0.9166666666666666
0.7291666666666666,0.7291666666666667,"{""clf__C"": 1.0, ""clf__gamma"": 0.001}",0.18729087949140477,"[[18, 6], [7, 17]]",valence,0.7290490664350847,0.7291666666666666,0.7290490664350848,7,0.2916666666666667,2,6,0.25,0.45833333333333337,0.547044440100315,0.4587317109255645,subject_dependent,rbf_svm,0.72,0.7391304347826086,0.7597327900576063,0.7295652173913043,0.7291666666666666,0.7295652173913044,0.7291666666666667,0.7291666666666666,0.7291666666666666,0.763888888888889,18,0.75,17,0.7083333333333334
0.6875,0.6944444444444444,"{""clf__C"": 10.0, ""clf__gamma"": 0.001}",0.18883557383991198,"[[13, 5], [10, 20]]",valence,0.6807095343680709,0.6875,0.6923503325942351,10,0.3333333333333333,3,5,0.2777777777777778,0.368421052631579,0.5527249998997702,0.3768673314407159,subject_dependent,rbf_svm,0.5652173913043478,0.8,0.861102794880293,0.682608695652174,0.6875,0.7119565217391304,0.6944444444444444,0.6875,0.6875,0.7888888888888889,13,0.7222222222222222,20,0.6666666666666666
0.6666666666666666,0.6888888888888889,"{""clf__C"": 10.0, ""clf__gamma"": 0.001}",0.22624273091498362,"[[18, 12], [4, 14]]",valence,0.6643356643356644,0.6666666666666666,0.6713286713286714,4,0.2222222222222222,4,12,0.4,0.34693877551020413,0.692270644958977,0.3670584895244009,subject_dependent,rbf_svm,0.8181818181818182,0.5384615384615384,0.741173612091462,0.6783216783216783,0.6666666666666666,0.7132867132867133,0.6888888888888889,0.6666666666666666,0.6666666666666666,0.8055555555555556,18,0.6,14,0.7777777777777778
0.625,0.6111111111111112,"{""clf__C"": 1.0, ""clf__gamma"": 0.001}",0.20914570860720594,"[[20, 10], [8, 10]]",valence,0.6079854809437386,0.625,0.6284029038112523,8,0.4444444444444444,0,10,0.3333333333333333,0.21739130434782605,0.6015328598710936,0.21821789023599236,subject_dependent,rbf_svm,0.7142857142857143,0.5,0.6016151379749536,0.6071428571428572,0.625,0.6339285714285715,0.6111111111111112,0.625,0.625,0.6861111111111111,20,0.6666666666666666,10,0.5555555555555556
0.7083333333333334,0.8055555555555556,"{""clf__C"": 1.0, ""clf__gamma"": 0.001}",0.21696582348261548,"[[22, 14], [0, 12]]",valence,0.6950998185117967,0.7083333333333334,0.7268602540834846,0,0.0,1,14,0.3888888888888889,0.43999999999999995,0.6537551193070782,0.5310850045437944,subject_dependent,rbf_svm,1.0,0.46153846153846156,0.5606511544011543,0.7307692307692308,0.7083333333333334,0.8653846153846154,0.8055555555555556,0.7083333333333334,0.7083333333333334,0.8425925925925926,22,0.6111111111111112,12,1.0
0.7916666666666666,0.75,"{""clf__C"": 1.0, ""clf__gamma"": 0.001}",0.18243905284408027,"[[30, 6], [4, 8]]",valence,0.7362637362637363,0.7916666666666666,0.7967032967032966,4,0.3333333333333333,2,6,0.16666666666666666,0.4736842105263158,0.5528368623770125,0.4763305116224668,subject_dependent,rbf_svm,0.8823529411764706,0.5714285714285714,0.5047209078604428,0.726890756302521,0.7916666666666666,0.8046218487394957,0.75,0.7916666666666666,0.7916666666666666,0.6840277777777779,30,0.8333333333333334,8,0.6666666666666666
0.4375,0.5416666666666666,"{""clf__C"": 0.1, ""clf__gamma"": 0.001}",0.4022520655825191,"[[9, 3], [24, 12]]",valence,0.43529411764705883,0.4375,0.45294117647058824,24,0.6666666666666666,3,3,0.25,0.052631578947368474,1.0297808766032837,0.0778498944161523,subject_dependent,rbf_svm,0.2727272727272727,0.8,0.7956016722228132,0.5363636363636364,0.4375,0.6681818181818181,0.5416666666666666,0.4375,0.4375,0.4467592592592593,9,0.75,12,0.3333333333333333
0.5208333333333334,0.375,"{""clf__C"": 1.0, ""clf__gamma"": 0.001}",0.26416287865546695,"[[24, 12], [11, 1]]",valence,0.3780281690140845,0.5208333333333334,0.5270422535211268,11,0.9166666666666666,4,12,0.3333333333333333,-0.2432432432432432,0.7725645043734369,-0.24359938288234506,subject_dependent,rbf_svm,0.6857142857142857,0.07692307692307693,0.20670062833629746,0.3813186813186813,0.5208333333333334,0.5335164835164835,0.375,0.5208333333333334,0.5208333333333334,0.3263888888888889,24,0.6666666666666666,1,0.08333333333333333
0.3958333333333333,0.2916666666666667,"{""clf__C"": 1.0, ""clf__gamma"": 0.001}",0.28090514438688857,"[[1, 11], [18, 18]]",valence,0.30918114143920594,0.3958333333333333,0.4315136476426799,18,0.5,0,11,0.9166666666666666,-0.34883720930232553,0.7606115335663935,-0.36893922595746137,subject_dependent,rbf_svm,0.05263157894736842,0.6206896551724138,0.5923336981005889,0.33666061705989114,0.3958333333333333,0.4786751361161525,0.2916666666666667,0.3958333333333333,0.3958333333333333,0.16666666666666666,1,0.08333333333333333,18,0.5
0.4583333333333333,0.5833333333333334,"{""clf__C"": 1.0, ""clf__gamma"": 0.001}",0.2576559245889279,"[[10, 2], [24, 12]]",valence,0.45739130434782604,0.4583333333333333,0.4686956521739131,24,0.6666666666666666,1,2,0.16666666666666666,0.10344827586206895,0.7085463061268005,0.15877683720748895,subject_dependent,rbf_svm,0.29411764705882354,0.8571428571428571,0.8019993655039692,0.5756302521008403,0.4583333333333333,0.7163865546218487,0.5833333333333334,0.4583333333333333,0.4583333333333333,0.587962962962963,10,0.8333333333333334,12,0.3333333333333333
0.4166666666666667,0.4166666666666667,"{""clf__C"": 1.0, ""clf__gamma"": 0.001}",0.2606005713595974,"[[10, 14], [14, 10]]",valence,0.4166666666666667,0.4166666666666667,0.4166666666666667,14,0.5833333333333334,2,14,0.5833333333333334,-0.16666666666666674,0.7147160807400113,-0.16666666666666666,subject_dependent,rbf_svm,0.4166666666666667,0.4166666666666667,0.4961994445034595,0.4166666666666667,0.4166666666666667,0.4166666666666667,0.4166666666666667,0.4166666666666667,0.4166666666666667,0.4140625,10,0.4166666666666667,10,0.4166666666666667
0.4375,0.4722222222222222,"{""clf__C"": 10.0, ""clf__gamma"": 0.001}",0.28677389165920303,"[[10, 20], [7, 11]]",valence,0.43725575336517586,0.4375,0.4343247937472861,7,0.3888888888888889,3,20,0.6666666666666666,-0.04854368932038833,0.7684994008167553,-0.05623660146842564,subject_dependent,rbf_svm,0.5882352941176471,0.3548387096774194,0.3783083261537003,0.4715370018975332,0.4375,0.5007115749525617,0.4722222222222222,0.4375,0.4375,0.45555555555555555,10,0.3333333333333333,11,0.6111111111111112
0.4583333333333333,0.4777777777777778,"{""clf__C"": 1.0, ""clf__gamma"": 0.001}",0.2890776023466735,"[[12, 18], [8, 10]]",valence,0.45739130434782604,0.4583333333333333,0.4630434782608695,8,0.4444444444444444,4,18,0.6,-0.040000000000000036,0.7761308771731192,-0.04364357804719848,subject_dependent,rbf_svm,0.6,0.35714285714285715,0.3983165726427589,0.47857142857142854,0.4583333333333333,0.5089285714285715,0.4777777777777778,0.4583333333333333,0.4583333333333333,0.5027777777777778,12,0.4,10,0.5555555555555556
0.6666666666666666,0.711111111111111,"{""clf__C"": 1.0, ""clf__gamma"": 0.001}",0.14617784988375696,"[[16, 2], [14, 16]]",valence,0.6666666666666666,0.6666666666666666,0.6666666666666666,14,0.4666666666666667,0,2,0.1111111111111111,0.37254901960784315,0.44092233207621917,0.4222222222222222,subject_dependent,rbf_svm,0.5333333333333333,0.8888888888888888,0.9293172326083123,0.711111111111111,0.6666666666666666,0.7555555555555555,0.711111111111111,0.6666666666666666,0.6666666666666666,0.9018518518518519,16,0.8888888888888888,16,0.5333333333333333
0.8125,0.8125,"{""clf__C"": 10.0, ""clf__gamma"": 0.001}",0.12957221370959834,"[[16, 8], [1, 23]]",valence,0.8084257206208425,0.8125,0.8084257206208426,1,0.041666666666666664,1,8,0.3333333333333333,0.625,0.39604789017985675,0.6534102628035482,subject_dependent,rbf_svm,0.9411764705882353,0.7419354838709677,0.9328181312509387,0.8415559772296015,0.8125,0.8415559772296014,0.8125,0.8125,0.8125,0.9236111111111112,16,0.6666666666666666,23,0.9583333333333334
0.6666666666666666,0.6666666666666667,"{""clf__C"": 10.0, ""clf__gamma"": 0.001}",0.23157432784609258,"[[12, 12], [4, 20]]",valence,0.6571428571428571,0.6666666666666666,0.6571428571428571,4,0.16666666666666666,2,12,0.5,0.33333333333333337,0.6749043455555347,0.3535533905932738,subject_dependent,rbf_svm,0.75,0.625,0.7924448468271209,0.6875,0.6666666666666666,0.6875,0.6666666666666667,0.6666666666666666,0.6666666666666666,0.7743055555555556,12,0.5,20,0.8333333333333334
0.6458333333333334,0.5416666666666666,"{""clf__C"": 1.0, ""clf__gamma"": 0.001}",0.1962457010604529,"[[4, 8], [9, 27]]",valence,0.540281690140845,0.6458333333333334,0.6504225352112676,9,0.25,3,8,0.6666666666666666,0.08108108108108103,0.5456958723845613,0.08119979429411502,subject_dependent,rbf_svm,0.3076923076923077,0.7714285714285715,0.9261754643035682,0.5395604395604396,0.6458333333333334,0.6554945054945055,0.5416666666666666,0.6458333333333334,0.6458333333333334,0.763888888888889,4,0.3333333333333333,27,0.75
0.75,0.7333333333333334,"{""clf__C"": 10.0, ""clf__gamma"": 0.001}",0.14666757166653957,"[[12, 6], [6, 24]]",valence,0.7333333333333334,0.75,0.75,6,0.2,4,6,0.3333333333333333,0.4666666666666667,0.4436640127941586,0.4666666666666667,subject_dependent,rbf_svm,0.6666666666666666,0.8,0.9387177187129435,0.7333333333333334,0.75,0.75,0.7333333333333334,0.75,0.75,0.8722222222222222,12,0.6666666666666666,24,0.8
0.6875,0.6875,"{""clf__C"": 1.0, ""clf__gamma"": 0.001}",0.19729245315547864,"[[16, 8], [7, 17]]",valence,0.6873643074250977,0.6875,0.6873643074250978,7,0.2916666666666667,0,8,0.3333333333333333,0.375,0.5746331122330968,0.37532594530273455,subject_dependent,rbf_svm,0.6956521739130435,0.68,0.8333732832368981,0.6878260869565218,0.6875,0.6878260869565217,0.6875,0.6875,0.6875,0.7916666666666667,16,0.6666666666666666,17,0.7083333333333334
0.5208333333333334,0.5055555555555555,"{""clf__C"": 1.0, ""clf__gamma"": 0.001}",0.30064985814765993,"[[8, 10], [13, 17]]",valence,0.5033738191632928,0.5208333333333334,0.5266531713900134,13,0.43333333333333335,1,10,0.5555555555555556,0.010752688172043001,0.8545395564917375,0.01084333414387259,subject_dependent,rbf_svm,0.38095238095238093,0.6296296296296297,0.6361404634724593,0.5052910052910053,0.5208333333333334,0.5363756613756614,0.5055555555555555,0.5208333333333334,0.5208333333333334,0.48703703703703705,8,0.4444444444444444,17,0.5666666666666667
0.5208333333333334,0.49444444444444446,"{""clf__C"": 1.0, ""clf__gamma"": 0.001}",0.27020429516951255,"[[7, 11], [12, 18]]",valence,0.4942739349519011,0.5208333333333334,0.5232478240952817,12,0.4,2,11,0.6111111111111112,-0.01098901098901095,0.7572228078208229,-0.01099964251742718,subject_dependent,rbf_svm,0.3684210526315789,0.6206896551724138,0.6249600997689445,0.49455535390199634,0.5208333333333334,0.5260889292196007,0.49444444444444446,0.5208333333333334,0.5208333333333334,0.5212962962962964,7,0.3888888888888889,18,0.6
0.6458333333333334,0.5722222222222222,"{""clf__C"": 0.1, ""clf__gamma"": 0.001}",0.21774383374613807,"[[5, 13], [4, 26]]",valence,0.5619967793880838,0.6458333333333334,0.609903381642512,4,0.13333333333333333,3,13,0.7222222222222222,0.16049382716049387,0.62802726643038,0.17916128329552333,subject_dependent,rbf_svm,0.5555555555555556,0.6666666666666666,0.6823007991856391,0.6111111111111112,0.6458333333333334,0.625,0.5722222222222222,0.6458333333333334,0.6458333333333334,0.6388888888888888,5,0.2777777777777778,26,0.8666666666666667
0.7083333333333334,0.7083333333333334,"{""clf__C"": 1.0, ""clf__gamma"": 0.001}",0.18760794276524764,"[[20, 4], [10, 14]]",valence,0.7037037037037037,0.7083333333333334,0.7037037037037037,10,0.4166666666666667,4,4,0.16666666666666666,0.41666666666666663,0.5587069261386449,0.43033148291193524,subject_dependent,rbf_svm,0.6666666666666666,0.7777777777777778,0.8062989658829443,0.7222222222222222,0.7083333333333334,0.7222222222222223,0.7083333333333334,0.7083333333333334,0.7083333333333334,0.8159722222222222,20,0.8333333333333334,14,0.5833333333333334
0.7708333333333334,0.7708333333333333,"{""clf__C"": 1.0, ""clf__gamma"": 0.001}",0.17305857445120534,"[[18, 6], [5, 19]]",valence,0.7707338254450716,0.7708333333333334,0.7707338254450716,5,0.20833333333333334,0,6,0.25,0.5416666666666667,0.517613791483856,0.5421374765483944,subject_dependent,rbf_svm,0.782608695652174,0.76,0.8453738485754676,0.771304347826087,0.7708333333333334,0.7713043478260871,0.7708333333333333,0.7708333333333334,0.7708333333333334,0.8385416666666667,18,0.75,19,0.7916666666666666
0.875,0.875,"{""clf__C"": 1.0, ""clf__gamma"": 0.001}",0.1278290598373606,"[[19, 5], [1, 23]]",valence,0.8741258741258742,0.875,0.8741258741258742,1,0.041666666666666664,1,5,0.20833333333333334,0.75,0.4123591125546026,0.7606388292556648,subject_dependent,rbf_svm,0.95,0.8214285714285714,0.9372709937789916,0.8857142857142857,0.875,0.8857142857142857,0.875,0.875,0.875,0.9427083333333333,19,0.7916666666666666,23,0.9583333333333334
0.8541666666666666,0.8722222222222222,"{""clf__C"": 1.0, ""clf__gamma"": 0.001}",0.11223751897092966,"[[17, 1], [6, 24]]",valence,0.8509977827050997,0.8541666666666666,0.856430155210643,6,0.2,2,1,0.05555555555555555,0.7052631578947368,0.3815141958654964,0.7214317487579418,subject_dependent,rbf_svm,0.7391304347826086,0.96,0.9748035778610491,0.8495652173913043,0.8541666666666666,0.8771739130434781,0.8722222222222222,0.8541666666666666,0.8541666666666666,0.9481481481481481,17,0.9444444444444444,24,0.8
0.625,0.6666666666666667,"{""clf__C"": 1.0, ""clf__gamma"": 0.001}",0.23219266089736168,"[[9, 3], [15, 21]]",valence,0.6,0.625,0.65,15,0.4166666666666667,3,3,0.25,0.25,0.6674226964704145,0.28867513459481287,subject_dependent,rbf_svm,0.375,0.875,0.8611604141775953,0.625,0.625,0.75,0.6666666666666667,0.625,0.625,0.6898148148148149,9,0.75,21,0.5833333333333334
0.5208333333333334,0.5208333333333334,"{""clf__C"": 1.0, ""clf__gamma"": 0.001}",0.2942390354318587,"[[14, 10], [13, 11]]",valence,0.5189542483660131,0.5208333333333334,0.5189542483660131,13,0.5416666666666666,4,10,0.4166666666666667,0.04166666666666663,0.8581889983257259,0.0419960525565808,subject_dependent,rbf_svm,0.5185185185185185,0.5238095238095238,0.593027178108957,0.5211640211640212,0.5208333333333334,0.5211640211640212,0.5208333333333334,0.5208333333333334,0.5208333333333334,0.578125,14,0.5833333333333334,11,0.4583333333333333
0.4791666666666667,0.48333333333333334,"{""clf__C"": 10.0, ""clf__gamma"": 0.001}",0.3108718987670098,"[[14, 16], [9, 9]]",valence,0.47345326897762174,0.4791666666666667,0.48716542343132957,9,0.5,0,16,0.5333333333333333,-0.030927835051546282,0.832420687784591,-0.03230291412348993,subject_dependent,rbf_svm,0.6086956521739131,0.36,0.31882315069041356,0.48434782608695653,0.4791666666666667,0.5154347826086957,0.48333333333333334,0.4791666666666667,0.4791666666666667,0.3907407407407407,14,0.4666666666666667,9,0.5
0.4583333333333333,0.4777777777777778,"{""clf__C"": 1.0, ""clf__gamma"": 0.001}",0.2897250016565784,"[[10, 8], [18, 12]]",valence,0.45739130434782604,0.4583333333333333,0.4630434782608695,18,0.6,1,8,0.4444444444444444,-0.040000000000000036,0.7868075714232806,-0.04364357804719848,subject_dependent,rbf_svm,0.35714285714285715,0.6,0.5888153723522266,0.47857142857142854,0.4583333333333333,0.5089285714285715,0.4777777777777778,0.4583333333333333,0.4583333333333333,0.4462962962962963,10,0.5555555555555556,12,0.4
0.4583333333333333,0.5,"{""clf__C"": 1.0, ""clf__gamma"": 0.001}",0.3641179861423595,"[[10, 20], [6, 12]]",valence,0.45739130434782604,0.4583333333333333,0.4517391304347826,6,0.3333333333333333,2,20,0.6666666666666666,0.0,0.9824164583345242,0.0,subject_dependent,rbf_svm,0.625,0.375,0.3486712985401337,0.5,0.4583333333333333,0.53125,0.5,0.4583333333333333,0.4583333333333333,0.45,10,0.3333333333333333,12,0.6666666666666666
0.5625,0.5625,"{""clf__C"": 1.0, ""clf__gamma"": 0.001}",0.2510220194837488,"[[14, 10], [11, 13]]",valence,0.5623100303951367,0.5625,0.5623100303951367,11,0.4583333333333333,3,10,0.4166666666666667,0.125,0.6955592113658692,0.12510864843424485,subject_dependent,rbf_svm,0.56,0.5652173913043478,0.6035042246136827,0.5626086956521739,0.5625,0.562608695652174,0.5625,0.5625,0.5625,0.5642361111111112,14,0.5833333333333334,13,0.5416666666666666
0.5625,0.5694444444444444,"{""clf__C"": 1.0, ""clf__gamma"": 0.001}",0.2617567824248977,"[[7, 5], [16, 20]]",valence,0.5278688524590164,0.5625,0.5918032786885246,16,0.4444444444444444,4,5,0.4166666666666667,0.1063829787234043,0.7205540639375873,0.1203858530857692,subject_dependent,rbf_svm,0.30434782608695654,0.8,0.818192281096995,0.5521739130434783,0.5625,0.6760869565217392,0.5694444444444444,0.5625,0.5625,0.5775462962962964,7,0.5833333333333334,20,0.5555555555555556
0.5416666666666666,0.5277777777777778,"{""clf__C"": 1.0, ""clf__gamma"": 0.001}",0.23759457437198309,"[[20, 16], [6, 6]]",valence,0.4990512333965844,0.5416666666666666,0.5721062618595826,6,0.5,0,16,0.4444444444444444,0.04347826086956519,0.6671880307827386,0.04828045495852676,subject_dependent,rbf_svm,0.7692307692307693,0.2727272727272727,0.45943315013049363,0.520979020979021,0.5416666666666666,0.6451048951048951,0.5277777777777778,0.5416666666666666,0.5416666666666666,0.7037037037037037,20,0.5555555555555556,6,0.5
0.7916666666666666,0.7777777777777778,"{""clf__C"": 1.0, ""clf__gamma"": 0.001}",0.15869919818814127,"[[13, 5], [5, 25]]",valence,0.7777777777777778,0.7916666666666666,0.7916666666666666,5,0.16666666666666666,1,5,0.2777777777777778,0.5555555555555556,0.4968882385453633,0.5555555555555556,subject_dependent,rbf_svm,0.7222222222222222,0.8333333333333334,0.9402147161081138,0.7777777777777778,0.7916666666666666,0.7916666666666666,0.7777777777777778,0.7916666666666666,0.7916666666666666,0.8814814814814815,13,0.7222222222222222,25,0.8333333333333334
0.75,0.75,"{""clf__C"": 1.0, ""clf__gamma"": 0.001}",0.20787359114083026,"[[21, 3], [9, 15]]",valence,0.746031746031746,0.75,0.746031746031746,9,0.375,2,3,0.125,0.5,0.6076576296776245,0.5163977794943223,subject_dependent,rbf_svm,0.7,0.8333333333333334,0.7749599972585904,0.7666666666666666,0.75,0.7666666666666666,0.75,0.75,0.75,0.7586805555555555,21,0.875,15,0.625
0.6041666666666666,0.6041666666666666,"{""clf__C"": 0.1, ""clf__gamma"": 0.001}",0.24401502770740616,"[[18, 6], [13, 11]]",valence,0.5955654101995566,0.6041666666666666,0.5955654101995566,13,0.5416666666666666,3,6,0.25,0.20833333333333337,0.6884493285269727,0.21780342093451607,subject_dependent,rbf_svm,0.5806451612903226,0.6470588235294118,0.7321782217615551,0.6138519924098672,0.6041666666666666,0.6138519924098672,0.6041666666666666,0.6041666666666666,0.6041666666666666,0.6440972222222221,18,0.75,11,0.4583333333333333
0.5833333333333334,0.5333333333333333,"{""clf__C"": 1.0, ""clf__gamma"": 0.001}",0.28755005283337204,"[[22, 8], [12, 6]]",valence,0.53125,0.5833333333333334,0.5703125,12,0.6666666666666666,4,8,0.26666666666666666,0.06976744186046513,0.8465224761402613,0.07100716024967263,subject_dependent,rbf_svm,0.6470588235294118,0.42857142857142855,0.42677059591404276,0.5378151260504201,0.5833333333333334,0.5651260504201682,0.5333333333333333,0.5833333333333334,0.5833333333333334,0.5148148148148148,22,0.7333333333333333,6,0.3333333333333333
0.5208333333333334,0.5208333333333334,"{""clf__C"": 10.0, ""clf__gamma"": 0.001}",0.3290400707407495,"[[4, 20], [3, 21]]",valence,0.4521091811414392,0.5208333333333334,0.4521091811414393,3,0.125,0,20,0.8333333333333334,0.04166666666666663,0.9517509228365432,0.059028133610095526,subject_dependent,rbf_svm,0.5714285714285714,0.5121951219512195,0.5872292749419805,0.5418118466898955,0.5208333333333334,0.5418118466898955,0.5208333333333334,0.5208333333333334,0.5208333333333334,0.5729166666666666,4,0.16666666666666666,21,0.875
0.7083333333333334,0.5555555555555556,"{""clf__C"": 10.0, ""clf__gamma"": 0.001}",0.1890668553573264,"[[3, 9], [5, 31]]",valence,0.5578947368421052,0.7083333333333334,0.6868421052631578,5,0.1388888888888889,1,9,0.75,0.125,0.5506345222705099,0.12909944487358058,subject_dependent,rbf_svm,0.375,0.775,0.8793812332125588,0.575,0.7083333333333334,0.6750000000000002,0.5555555555555556,0.7083333333333334,0.7083333333333334,0.6805555555555556,3,0.25,31,0.8611111111111112
0.6666666666666666,0.6666666666666666,"{""clf__C"": 10.0, ""clf__gamma"": 0.001}",0.20685734938921396,"[[8, 4], [12, 24]]",valence,0.625,0.6666666666666666,0.6875,12,0.3333333333333333,2,4,0.3333333333333333,0.2727272727272727,0.6063375762815976,0.29277002188455997,subject_dependent,rbf_svm,0.4,0.8571428571428571,0.8476344590390034,0.6285714285714286,0.6666666666666666,0.7428571428571429,0.6666666666666666,0.6666666666666666,0.6666666666666666,0.724537037037037,8,0.6666666666666666,24,0.6666666666666666
0.6666666666666666,0.5555555555555556,"{""clf__C"": 10.0, ""clf__gamma"": 0.001}",0.2971665985262872,"[[2, 16], [0, 30]]",valence,0.49473684210526314,0.6666666666666666,0.568421052631579,0,0.0,3,16,0.8888888888888888,0.1351351351351351,1.044713604476642,0.26919095102908275,subject_dependent,rbf_svm,1.0,0.6521739130434783,0.6004812293225568,0.8260869565217391,0.6666666666666666,0.7826086956521738,0.5555555555555556,0.6666666666666666,0.6666666666666666,0.4851851851851852,2,0.1111111111111111,30,1.0
0.6875,0.6944444444444444,"{""clf__C"": 1.0, ""clf__gamma"": 0.001}",0.1786086633064389,"[[13, 5], [10, 20]]",valence,0.6807095343680709,0.6875,0.6923503325942351,10,0.3333333333333333,4,5,0.2777777777777778,0.368421052631579,0.5283902748890941,0.3768673314407159,subject_dependent,rbf_svm,0.5652173913043478,0.8,0.8744986040060262,0.682608695652174,0.6875,0.7119565217391304,0.6944444444444444,0.6875,0.6875,0.8009259259259259,13,0.7222222222222222,20,0.6666666666666666
0.4375,0.41666666666666663,"{""clf__C"": 10.0, ""clf__gamma"": 0.001}",0.40159155506727356,"[[15, 15], [12, 6]]",valence,0.41700404858299595,0.4375,0.444331983805668,12,0.6666666666666666,0,15,0.5,-0.16129032258064524,1.1721598397614315,-0.16265001215808886,subject_dependent,rbf_svm,0.5555555555555556,0.2857142857142857,0.2876818793840368,0.42063492063492064,0.4375,0.45436507936507936,0.41666666666666663,0.4375,0.4375,0.2981481481481481,15,0.5,6,0.3333333333333333
0.5833333333333334,0.5833333333333333,"{""clf__C"": 10.0, ""clf__gamma"": 0.001}",0.2653462866144776,"[[16, 8], [12, 12]]",valence,0.5804195804195804,0.5833333333333334,0.5804195804195804,12,0.5,1,8,0.3333333333333333,0.16666666666666663,0.7419374442328722,0.1690308509457033,subject_dependent,rbf_svm,0.5714285714285714,0.6,0.5864480853269495,0.5857142857142856,0.5833333333333334,0.5857142857142857,0.5833333333333333,0.5833333333333334,0.5833333333333334,0.5746527777777779,16,0.6666666666666666,12,0.5
0.5625,0.6277777777777778,"{""clf__C"": 10.0, ""clf__gamma"": 0.001}",0.26577415212490346,"[[16, 2], [19, 11]]",valence,0.5577007459412022,0.5625,0.5461825362000877,19,0.6333333333333333,2,2,0.1111111111111111,0.2149532710280374,0.7315697267180573,0.2784046650276491,subject_dependent,rbf_svm,0.45714285714285713,0.8461538461538461,0.8040320700717785,0.6516483516483517,0.5625,0.7002747252747253,0.6277777777777778,0.5625,0.5625,0.6833333333333333,16,0.8888888888888888,11,0.36666666666666664
0.4791666666666667,0.5166666666666666,"{""clf__C"": 1.0, ""clf__gamma"": 0.001}",0.3201927659240721,"[[11, 19], [6, 12]]",valence,0.47894051237516283,0.4791666666666667,0.4762266608771168,6,0.3333333333333333,3,19,0.6333333333333333,0.029126213592232997,0.8876352194405865,0.03374196088105538,subject_dependent,rbf_svm,0.6470588235294118,0.3870967741935484,0.39006038200802917,0.5170777988614801,0.4791666666666667,0.5495730550284631,0.5166666666666666,0.4791666666666667,0.4791666666666667,0.4981481481481482,11,0.36666666666666664,12,0.6666666666666666
0.5833333333333334,0.5888888888888889,"{""clf__C"": 10.0, ""clf__gamma"": 0.001}",0.24746286570178744,"[[17, 13], [7, 11]]",valence,0.5767195767195767,0.5833333333333334,0.5899470899470899,7,0.3888888888888889,4,13,0.43333333333333335,0.16666666666666663,0.6919211369923439,0.1721325931647741,subject_dependent,rbf_svm,0.7083333333333334,0.4583333333333333,0.49924065595791695,0.5833333333333334,0.5833333333333334,0.6145833333333334,0.5888888888888889,0.5833333333333334,0.5833333333333334,0.6314814814814814,17,0.5666666666666667,11,0.6111111111111112
0.6875,0.6722222222222223,"{""clf__C"": 10.0, ""clf__gamma"": 0.001}",0.22508702505988398,"[[22, 8], [7, 11]]",valence,0.6701786532295007,0.6875,0.6890746678882272,7,0.3888888888888889,0,8,0.26666666666666666,0.34065934065934067,0.6432818496015441,0.34098891804024256,subject_dependent,rbf_svm,0.7586206896551724,0.5789473684210527,0.5494436172190472,0.6687840290381125,0.6875,0.6912431941923775,0.6722222222222223,0.6875,0.6875,0.6685185185185185,22,0.7333333333333333,11,0.6111111111111112
0.4791666666666667,0.48333333333333334,"{""clf__C"": 10.0, ""clf__gamma"": 0.001}",0.2878214412196323,"[[14, 16], [9, 9]]",valence,0.47345326897762174,0.4791666666666667,0.48716542343132957,9,0.5,1,16,0.5333333333333333,-0.030927835051546282,0.7777763336009694,-0.03230291412348993,subject_dependent,rbf_svm,0.6086956521739131,0.36,0.3931258391125603,0.48434782608695653,0.4791666666666667,0.5154347826086957,0.48333333333333334,0.4791666666666667,0.4791666666666667,0.4703703703703703,14,0.4666666666666667,9,0.5
0.4166666666666667,0.41666666666666663,"{""clf__C"": 10.0, ""clf__gamma"": 0.001}",0.36038268260059886,"[[9, 15], [13, 11]]",valence,0.4156521739130435,0.4166666666666667,0.4156521739130435,13,0.5416666666666666,2,15,0.625,-0.16666666666666674,1.0152362689958014,-0.16724840200141816,subject_dependent,rbf_svm,0.4090909090909091,0.4230769230769231,0.4564383734205443,0.4160839160839161,0.4166666666666667,0.4160839160839161,0.41666666666666663,0.4166666666666667,0.4166666666666667,0.3784722222222222,9,0.375,11,0.4583333333333333
0.7083333333333334,0.711111111111111,"{""clf__C"": 1.0, ""clf__gamma"": 0.001}",0.2216292607690861,"[[13, 5], [9, 21]]",valence,0.7,0.7083333333333334,0.7125,9,0.3,3,5,0.2777777777777778,0.4042553191489362,0.6338306170998836,0.41024184123315394,subject_dependent,rbf_svm,0.5909090909090909,0.8076923076923077,0.8046353115240964,0.6993006993006994,0.7083333333333334,0.7263986013986014,0.711111111111111,0.7083333333333334,0.7083333333333334,0.7703703703703704,13,0.7222222222222222,21,0.7
0.4791666666666667,0.4791666666666667,"{""clf__C"": 10.0, ""clf__gamma"": 0.001}",0.3787724656992211,"[[14, 10], [15, 9]]",valence,0.47345326897762174,0.4791666666666667,0.4734532689776218,15,0.625,4,10,0.4166666666666667,-0.04166666666666674,1.0852396085784275,-0.0426014322842305,subject_dependent,rbf_svm,0.4827586206896552,0.47368421052631576,0.5081609401287435,0.4782214156079855,0.4791666666666667,0.47822141560798553,0.4791666666666667,0.4791666666666667,0.4791666666666667,0.38888888888888884,14,0.5833333333333334,9,0.375
0.7708333333333334,0.75,"{""clf__C"": 1.0, ""clf__gamma"": 0.001}",0.302418549324792,"[[25, 5], [6, 12]]",valence,0.7526932084309134,0.7708333333333334,0.7694379391100702,6,0.3333333333333333,0,5,0.16666666666666666,0.5056179775280899,0.8064172114303796,0.5061294132158307,subject_dependent,rbf_svm,0.8064516129032258,0.7058823529411765,0.654987042308547,0.7561669829222011,0.7708333333333334,0.7687381404174572,0.75,0.7708333333333334,0.7708333333333334,0.787037037037037,25,0.8333333333333334,12,0.6666666666666666
0.5625,0.4305555555555555,"{""clf__C"": 1.0, ""clf__gamma"": 0.001}",0.23128483735740316,"[[2, 10], [11, 25]]",valence,0.432112676056338,0.5625,0.568169014084507,11,0.3055555555555556,1,10,0.8333333333333334,-0.1351351351351351,0.6583008115563201,-0.1353329904901917,subject_dependent,rbf_svm,0.15384615384615385,0.7142857142857143,0.7719429996467234,0.4340659340659341,0.5625,0.5741758241758242,0.4305555555555555,0.5625,0.5625,0.4212962962962963,2,0.16666666666666666,25,0.6944444444444444
0.5625,0.55,"{""clf__C"": 0.1, ""clf__gamma"": 0.001}",0.23460321938038034,"[[9, 9], [12, 18]]",valence,0.5465587044534412,0.5625,0.5678137651821862,12,0.4,2,9,0.5,0.09677419354838712,0.6621119799314757,0.09759000729485331,subject_dependent,rbf_svm,0.42857142857142855,0.6666666666666666,0.6550722957778936,0.5476190476190476,0.5625,0.5773809523809524,0.55,0.5625,0.5625,0.5314814814814816,9,0.5,18,0.6
0.7083333333333334,0.6388888888888888,"{""clf__C"": 10.0, ""clf__gamma"": 0.001}",0.19552042876781228,"[[6, 6], [8, 28]]",valence,0.6307692307692307,0.7083333333333334,0.7153846153846154,8,0.2222222222222222,3,6,0.5,0.26315789473684215,0.5717333203640839,0.26462806201248157,subject_dependent,rbf_svm,0.42857142857142855,0.8235294117647058,0.887593701612767,0.6260504201680672,0.7083333333333334,0.7247899159663865,0.6388888888888888,0.7083333333333334,0.7083333333333334,0.6921296296296297,6,0.5,28,0.7777777777777778
0.5833333333333334,0.6388888888888888,"{""clf__C"": 1.0, ""clf__gamma"": 0.001}",0.1839524110496302,"[[9, 3], [17, 19]]",valence,0.5644283121597096,0.5833333333333334,0.6098003629764065,17,0.4722222222222222,4,3,0.25,0.19999999999999996,0.5509870380532015,0.2414022747926338,subject_dependent,rbf_svm,0.34615384615384615,0.8636363636363636,0.9082290166217344,0.6048951048951049,0.5833333333333334,0.7342657342657342,0.6388888888888888,0.5833333333333334,0.5833333333333334,0.7476851851851852,9,0.75,19,0.5277777777777778
0.6458333333333334,0.6055555555555556,"{""clf__C"": 1.0, ""clf__gamma"": 0.001}",0.2203424173490376,"[[8, 10], [7, 23]]",valence,0.6075036075036075,0.6458333333333334,0.6381673881673882,7,0.23333333333333334,0,10,0.5555555555555556,0.2183908045977011,0.6326122100261377,0.22049836421055058,subject_dependent,rbf_svm,0.5333333333333333,0.696969696969697,0.8300485839957927,0.6151515151515152,0.6458333333333334,0.6356060606060606,0.6055555555555556,0.6458333333333334,0.6458333333333334,0.7222222222222223,8,0.4444444444444444,23,0.7666666666666667
0.7916666666666666,0.6111111111111112,"{""clf__C"": 0.1, ""clf__gamma"": 0.001}",0.19456983990708054,"[[3, 9], [1, 35]]",valence,0.625,0.7916666666666666,0.75,1,0.027777777777777776,1,9,0.75,0.2857142857142857,0.5816046337874047,0.3481553119113957,subject_dependent,rbf_svm,0.75,0.7954545454545454,0.5988042774439846,0.7727272727272727,0.7916666666666666,0.7840909090909091,0.6111111111111112,0.7916666666666666,0.7916666666666666,0.16203703703703703,3,0.25,35,0.9722222222222222
0.7083333333333334,0.5476190476190476,"{""clf__C"": 1.0, ""clf__gamma"": 0.001}",0.13757361909807087,"[[2, 4], [10, 32]]",valence,0.5213675213675213,0.7083333333333334,0.7457264957264957,10,0.23809523809523808,2,4,0.6666666666666666,0.06666666666666665,0.4462128189042396,0.07273929674533079,subject_dependent,rbf_svm,0.16666666666666666,0.8888888888888888,0.8907384595581314,0.5277777777777778,0.7083333333333334,0.798611111111111,0.5476190476190476,0.7083333333333334,0.7083333333333334,0.5555555555555556,2,0.3333333333333333,32,0.7619047619047619
0.5208333333333334,0.5208333333333334,"{""clf__C"": 0.1, ""clf__gamma"": 0.001}",0.3497647355367956,"[[10, 14], [9, 15]]",valence,0.515577007459412,0.5208333333333334,0.515577007459412,9,0.375,3,14,0.5833333333333334,0.04166666666666663,0.9487093090392286,0.0426014322842305,subject_dependent,rbf_svm,0.5263157894736842,0.5172413793103449,0.5208501011770749,0.5217785843920145,0.5208333333333334,0.5217785843920145,0.5208333333333334,0.5208333333333334,0.5208333333333334,0.5381944444444444,10,0.4166666666666667,15,0.625
0.75,0.75,"{""clf__C"": 1.0, ""clf__gamma"": 0.001}",,"[[0, 0], [12, 36]]",valence,0.42857142857142855,0.75,0.8571428571428571,,,4,,,0.0,,0.0,subject_dependent,rbf_svm,,,1.0,0.5,0.75,1.0,0.375,0.75,0.75,nan,,,,
0.6875,0.7388888888888889,"{""clf__C"": 1.0, ""clf__gamma"": 0.001}",0.20489325015444826,"[[17, 1], [14, 16]]",valence,0.6873643074250977,0.6875,0.6857359965262702,14,0.4666666666666667,0,1,0.05555555555555555,0.41747572815533984,0.5813823011419,0.4836347726284605,subject_dependent,rbf_svm,0.5483870967741935,0.9411764705882353,0.8375078155981852,0.7447817836812144,0.6875,0.7938804554079697,0.7388888888888889,0.6875,0.6875,0.687037037037037,17,0.9444444444444444,16,0.5333333333333333
0.625,0.6777777777777778,"{""clf__C"": 0.1, ""clf__gamma"": 0.001}",0.19656976297610737,"[[16, 2], [16, 14]]",valence,0.6243478260869566,0.625,0.6204347826086957,16,0.5333333333333333,1,2,0.1111111111111111,0.3076923076923077,0.5783036535202214,0.36514837167011077,subject_dependent,rbf_svm,0.5,0.875,0.8711700367702104,0.6875,0.625,0.734375,0.6777777777777778,0.625,0.625,0.7981481481481482,16,0.8888888888888888,14,0.4666666666666667
0.7708333333333334,0.7708333333333334,"{""clf__C"": 1.0, ""clf__gamma"": 0.001}",0.21695738889982838,"[[20, 4], [7, 17]]",valence,0.7699346405228757,0.7708333333333334,0.7699346405228757,7,0.2916666666666667,2,4,0.16666666666666666,0.5416666666666667,0.6207658159990764,0.5459486832355505,subject_dependent,rbf_svm,0.7407407407407407,0.8095238095238095,0.7707823974242325,0.7751322751322751,0.7708333333333334,0.7751322751322752,0.7708333333333334,0.7708333333333334,0.7708333333333334,0.7586805555555556,20,0.8333333333333334,17,0.7083333333333334
0.6875,0.6527777777777778,"{""clf__C"": 1.0, ""clf__gamma"": 0.001}",0.18364007415632358,"[[7, 5], [10, 26]]",valence,0.629439011837365,0.6875,0.7027792074112198,10,0.2777777777777778,3,5,0.4166666666666667,0.2682926829268293,0.5456975190298653,0.2766475001553213,subject_dependent,rbf_svm,0.4117647058823529,0.8387096774193549,0.853352463043361,0.6252371916508539,0.6875,0.7319734345351044,0.6527777777777778,0.6875,0.6875,0.6805555555555556,7,0.5833333333333334,26,0.7222222222222222
0.5,0.5222222222222223,"{""clf__C"": 0.1, ""clf__gamma"": 0.001}",0.28259529673123346,"[[11, 7], [17, 13]]",valence,0.4991304347826087,0.5,0.5043478260869566,17,0.5666666666666667,4,7,0.3888888888888889,0.040000000000000036,0.7785226484071072,0.04364357804719848,subject_dependent,rbf_svm,0.39285714285714285,0.65,0.7517816912184203,0.5214285714285715,0.5,0.5535714285714285,0.5222222222222223,0.5,0.5,0.5555555555555555,11,0.6111111111111112,13,0.43333333333333335
0.5625,0.5625,"{""clf__C"": 1.0, ""clf__gamma"": 0.001}",0.27453584822432514,"[[9, 15], [6, 18]]",valence,0.5465587044534412,0.5625,0.5465587044534413,6,0.25,0,15,0.625,0.125,0.7456418743449511,0.13483997249264842,subject_dependent,rbf_svm,0.6,0.5454545454545454,0.748695262749543,0.5727272727272728,0.5625,0.5727272727272726,0.5625,0.5625,0.5625,0.6614583333333333,9,0.375,18,0.75
0.5833333333333334,0.5666666666666667,"{""clf__C"": 1.0, ""clf__gamma"": 0.001}",0.2401024696642996,"[[9, 9], [11, 19]]",valence,0.5644283121597096,0.5833333333333334,0.5871143375680581,11,0.36666666666666664,1,9,0.5,0.13043478260869568,0.6756646231401744,0.13093073414159542,subject_dependent,rbf_svm,0.45,0.6785714285714286,0.7356568837625349,0.5642857142857143,0.5833333333333334,0.5928571428571429,0.5666666666666667,0.5833333333333334,0.5833333333333334,0.6166666666666667,9,0.5,19,0.6333333333333333
0.5208333333333334,0.5208333333333334,"{""clf__C"": 10.0, ""clf__gamma"": 0.001}",0.31705857725319275,"[[8, 16], [7, 17]]",valence,0.5033738191632928,0.5208333333333334,0.5033738191632928,7,0.2916666666666667,2,16,0.6666666666666666,0.04166666666666663,0.9169646459213533,0.044946657497549475,subject_dependent,rbf_svm,0.5333333333333333,0.5151515151515151,0.5881853242268674,0.5242424242424242,0.5208333333333334,0.5242424242424243,0.5208333333333334,0.5208333333333334,0.5208333333333334,0.5486111111111112,8,0.3333333333333333,17,0.7083333333333334
0.75,0.611111111111111,"{""clf__C"": 1.0, ""clf__gamma"": 0.001}",0.1678536134870349,"[[4, 8], [4, 32]]",valence,0.6210526315789473,0.75,0.731578947368421,4,0.1111111111111111,3,8,0.6666666666666666,0.25,0.5118300156711023,0.25819888974716115,subject_dependent,rbf_svm,0.5,0.8,0.910696198169161,0.65,0.75,0.725,0.611111111111111,0.75,0.75,0.7638888888888888,4,0.3333333333333333,32,0.8888888888888888
0.6875,0.6875,"{""clf__C"": 1.0, ""clf__gamma"": 0.001}",0.18795360704342812,"[[19, 5], [10, 14]]",valence,0.6840719613865731,0.6875,0.684071961386573,10,0.4166666666666667,4,5,0.20833333333333334,0.375,0.5559869656080684,0.3834128905580745,subject_dependent,rbf_svm,0.6551724137931034,0.7368421052631579,0.8090933258634629,0.6960072595281306,0.6875,0.6960072595281307,0.6875,0.6875,0.6875,0.7934027777777779,19,0.7916666666666666,14,0.5833333333333334
0.7291666666666666,0.5972222222222222,"{""clf__C"": 10.0, ""clf__gamma"": 0.001}",0.16879433813224334,"[[4, 8], [5, 31]]",valence,0.6038095238095238,0.7291666666666666,0.7152380952380951,5,0.1388888888888889,0,8,0.6666666666666666,0.21212121212121215,0.5056729797974985,0.215716742976478,subject_dependent,rbf_svm,0.4444444444444444,0.7948717948717948,0.9009340731131382,0.6196581196581197,0.7291666666666666,0.7072649572649573,0.5972222222222222,0.7291666666666666,0.7291666666666666,0.7499999999999999,4,0.3333333333333333,31,0.8611111111111112
0.5833333333333334,0.5555555555555556,"{""clf__C"": 10.0, ""clf__gamma"": 0.001}",0.25836998158051744,"[[6, 6], [14, 22]]",valence,0.53125,0.5833333333333334,0.609375,14,0.3888888888888889,1,6,0.5,0.09090909090909094,0.7316131367307831,0.09759000729485331,subject_dependent,rbf_svm,0.3,0.7857142857142857,0.7881664415773861,0.5428571428571428,0.5833333333333334,0.6642857142857143,0.5555555555555556,0.5833333333333334,0.5833333333333334,0.5046296296296297,6,0.5,22,0.6111111111111112
0.5416666666666666,0.5111111111111111,"{""clf__C"": 1.0, ""clf__gamma"": 0.001}",0.2593090579547906,"[[7, 11], [11, 19]]",valence,0.5111111111111111,0.5416666666666666,0.5416666666666666,11,0.36666666666666664,2,11,0.6111111111111112,0.022222222222222254,0.7366697655760049,0.022222222222222223,subject_dependent,rbf_svm,0.3888888888888889,0.6333333333333333,0.679049920429756,0.5111111111111111,0.5416666666666666,0.5416666666666666,0.5111111111111111,0.5416666666666666,0.5416666666666666,0.5314814814814816,7,0.3888888888888889,19,0.6333333333333333
0.5833333333333334,0.6,"{""clf__C"": 1.0, ""clf__gamma"": 0.001}",0.24456798823276246,"[[12, 6], [14, 16]]",valence,0.5804195804195804,0.5833333333333334,0.5891608391608392,14,0.4666666666666667,3,6,0.3333333333333333,0.18367346938775508,0.68095191997458,0.1943250826893887,subject_dependent,rbf_svm,0.46153846153846156,0.7272727272727273,0.7339809617775851,0.5944055944055944,0.5833333333333334,0.6276223776223776,0.6,0.5833333333333334,0.5833333333333334,0.5407407407407407,12,0.6666666666666666,16,0.5333333333333333
0.3958333333333333,0.40555555555555556,"{""clf__C"": 1.0, ""clf__gamma"": 0.001}",0.2889748097011733,"[[8, 10], [19, 11]]",valence,0.39346405228758174,0.3958333333333333,0.4029411764705883,19,0.6333333333333333,4,10,0.5555555555555556,-0.1717171717171717,0.805425611720648,-0.18433668044583404,subject_dependent,rbf_svm,0.2962962962962963,0.5238095238095238,0.6205446876372069,0.41005291005291006,0.3958333333333333,0.4384920634920635,0.40555555555555556,0.3958333333333333,0.3958333333333333,0.4407407407407407,8,0.4444444444444444,11,0.36666666666666664
0.5625,0.5625,"{""clf__C"": 1.0, ""clf__gamma"": 0.001}",0.24748007969941854,"[[8, 16], [5, 19]]",valence,0.538250114521301,0.5625,0.5382501145213009,5,0.20833333333333334,0,16,0.6666666666666666,0.125,0.6852089065701108,0.14064216928154863,subject_dependent,rbf_svm,0.6153846153846154,0.5428571428571428,0.7623735107658824,0.5791208791208791,0.5625,0.5791208791208792,0.5625,0.5625,0.5625,0.7022569444444444,8,0.3333333333333333,19,0.7916666666666666
0.5625,0.5277777777777778,"{""clf__C"": 10.0, ""clf__gamma"": 0.001}",0.27898389640008453,"[[7, 11], [10, 20]]",valence,0.5278688524590164,0.5625,0.5598360655737704,10,0.3333333333333333,1,11,0.6111111111111112,0.0561797752808989,0.7777047387080613,0.05623660146842564,subject_dependent,rbf_svm,0.4117647058823529,0.6451612903225806,0.6522722354946827,0.5284629981024668,0.5625,0.5576375711574952,0.5277777777777778,0.5625,0.5625,0.4796296296296297,7,0.3888888888888889,20,0.6666666666666666
0.6666666666666666,0.6555555555555556,"{""clf__C"": 1.0, ""clf__gamma"": 0.001}",0.21574705223341986,"[[11, 7], [9, 21]]",valence,0.6515426497277677,0.6666666666666666,0.6696914700544466,9,0.3,2,7,0.3888888888888889,0.30434782608695654,0.6213553057803924,0.30550504633038933,subject_dependent,rbf_svm,0.55,0.75,0.7923790101972803,0.65,0.6666666666666666,0.6749999999999999,0.6555555555555556,0.6666666666666666,0.6666666666666666,0.6888888888888889,11,0.6111111111111112,21,0.7
0.5833333333333334,0.5833333333333334,"{""clf__C"": 10.0, ""clf__gamma"": 0.001}",0.24542005482367,"[[10, 14], [6, 18]]",valence,0.5714285714285714,0.5833333333333334,0.5714285714285715,6,0.25,3,14,0.5833333333333334,0.16666666666666663,0.6924906898072659,0.1767766952966369,subject_dependent,rbf_svm,0.625,0.5625,0.6258241165261014,0.59375,0.5833333333333334,0.59375,0.5833333333333334,0.5833333333333334,0.5833333333333334,0.6493055555555556,10,0.4166666666666667,18,0.75
0.4791666666666667,0.4722222222222222,"{""clf__C"": 1.0, ""clf__gamma"": 0.001}",0.2868724601810337,"[[8, 10], [15, 15]]",valence,0.4678492239467849,0.4791666666666667,0.48725055432372505,15,0.5,4,10,0.5555555555555556,-0.05263157894736836,0.7800171242825432,-0.05383819020581655,subject_dependent,rbf_svm,0.34782608695652173,0.6,0.5859646782144048,0.47391304347826085,0.4791666666666667,0.5054347826086957,0.4722222222222222,0.4791666666666667,0.4791666666666667,0.44259259259259254,8,0.4444444444444444,15,0.5
0.5208333333333334,0.5208333333333334,"{""clf__C"": 1.0, ""clf__gamma"": 0.001}",0.2983465256303975,"[[10, 14], [9, 15]]",valence,0.515577007459412,0.5208333333333334,0.515577007459412,9,0.375,0,14,0.5833333333333334,0.04166666666666663,0.8557190480528442,0.0426014322842305,subject_dependent,rbf_svm,0.5263157894736842,0.5172413793103449,0.5773289673038786,0.5217785843920145,0.5208333333333334,0.5217785843920145,0.5208333333333334,0.5208333333333334,0.5208333333333334,0.5243055555555556,10,0.4166666666666667,15,0.625
0.625,0.625,"{""clf__C"": 1.0, ""clf__gamma"": 0.001}",0.21622458521306276,"[[14, 10], [8, 16]]",valence,0.6243478260869566,0.625,0.6243478260869565,8,0.3333333333333333,1,10,0.4166666666666667,0.25,0.6142957757551165,0.2508726030021272,subject_dependent,rbf_svm,0.6363636363636364,0.6153846153846154,0.7456016835222514,0.6258741258741258,0.625,0.6258741258741259,0.625,0.625,0.625,0.734375,14,0.5833333333333334,16,0.6666666666666666
0.5208333333333334,0.538888888888889,"{""clf__C"": 1.0, ""clf__gamma"": 0.001}",0.27984737425672357,"[[11, 7], [16, 14]]",valence,0.5189542483660131,0.5208333333333334,0.5264705882352941,16,0.5333333333333333,2,7,0.3888888888888889,0.07070707070707072,0.7566852509218475,0.07590333900710813,subject_dependent,rbf_svm,0.4074074074074074,0.6666666666666666,0.7631129679879342,0.537037037037037,0.5208333333333334,0.5694444444444444,0.538888888888889,0.5208333333333334,0.5208333333333334,0.6611111111111112,11,0.6111111111111112,14,0.4666666666666667
0.5416666666666666,0.5222222222222221,"{""clf__C"": 10.0, ""clf__gamma"": 0.001}",0.30524112523546726,"[[18, 12], [10, 8]]",valence,0.5208711433756805,0.5416666666666666,0.5458257713248639,10,0.5555555555555556,3,12,0.4,0.04347826086956519,0.8662082002676711,0.04364357804719848,subject_dependent,rbf_svm,0.6428571428571429,0.4,0.3961106072203405,0.5214285714285715,0.5416666666666666,0.5517857142857143,0.5222222222222221,0.5416666666666666,0.5416666666666666,0.5518518518518518,18,0.6,8,0.4444444444444444
0.20833333333333334,0.20833333333333331,"{""clf__C"": 10.0, ""clf__gamma"": 0.001}",0.5230711149938719,"[[6, 18], [20, 4]]",valence,0.20695652173913043,0.20833333333333334,0.2069565217391304,20,0.8333333333333334,4,18,0.75,-0.5833333333333333,1.563762471346957,-0.5853694070049635,subject_dependent,rbf_svm,0.23076923076923078,0.18181818181818182,0.34625548812603857,0.2062937062937063,0.20833333333333334,0.20629370629370627,0.20833333333333331,0.20833333333333334,0.20833333333333334,0.1597222222222222,6,0.25,4,0.16666666666666666
0.5208333333333334,0.4833333333333333,"{""clf__C"": 10.0, ""clf__gamma"": 0.001}",0.24220567105715993,"[[6, 12], [11, 19]]",arousal,0.482903981264637,0.5208333333333334,0.5179156908665106,11,0.36666666666666664,0,12,0.6666666666666666,-0.03370786516853941,0.6688805087376877,-0.03374196088105538,subject_dependent,rbf_svm,0.35294117647058826,0.6129032258064516,0.8022782855859928,0.4829222011385199,0.5208333333333334,0.5154174573055029,0.4833333333333333,0.5208333333333334,0.5208333333333334,0.624074074074074,6,0.3333333333333333,19,0.6333333333333333
0.6666666666666666,0.6,"{""clf__C"": 10.0, ""clf__gamma"": 0.001}",0.2094263253086001,"[[6, 12], [4, 26]]",arousal,0.5966386554621849,0.6666666666666666,0.6386554621848739,4,0.13333333333333333,1,12,0.6666666666666666,0.2195121951219512,0.5950251052805561,0.23841582427170788,subject_dependent,rbf_svm,0.6,0.6842105263157895,0.8512232909927755,0.6421052631578947,0.6666666666666666,0.6526315789473683,0.6,0.6666666666666666,0.6666666666666666,0.7388888888888889,6,0.3333333333333333,26,0.8666666666666667
0.4791666666666667,0.5388888888888889,"{""clf__C"": 10.0, ""clf__gamma"": 0.001}",0.28815849356619777,"[[9, 21], [4, 14]]",arousal,0.47345326897762174,0.4791666666666667,0.45974111452391403,4,0.2222222222222222,2,21,0.7,0.06542056074766356,0.7808034279100605,0.08473185457363235,subject_dependent,rbf_svm,0.6923076923076923,0.4,0.44832859005117076,0.5461538461538462,0.4791666666666667,0.5826923076923077,0.5388888888888889,0.4791666666666667,0.4791666666666667,0.5740740740740741,9,0.3,14,0.7777777777777778
0.6041666666666666,0.5722222222222222,"{""clf__C"": 1.0, ""clf__gamma"": 0.001}",0.21830604838674908,"[[8, 10], [9, 21]]",arousal,0.5728337236533958,0.6041666666666666,0.6017564402810304,9,0.3,3,10,0.5555555555555556,0.1460674157303371,0.6236836656361099,0.14621516381790667,subject_dependent,rbf_svm,0.47058823529411764,0.6774193548387096,0.7891115949585596,0.5740037950664136,0.6041666666666666,0.5998576850094876,0.5722222222222222,0.6041666666666666,0.6041666666666666,0.6537037037037038,8,0.4444444444444444,21,0.7
0.4375,0.375,"{""clf__C"": 1.0, ""clf__gamma"": 0.001}",0.3180860404014267,"[[3, 9], [18, 18]]",arousal,0.37662337662337664,0.4375,0.47402597402597396,18,0.5,4,9,0.75,-0.19999999999999996,0.8667347857213752,-0.21821789023599236,subject_dependent,rbf_svm,0.14285714285714285,0.6666666666666666,0.7705690366123502,0.40476190476190477,0.4375,0.5357142857142857,0.375,0.4375,0.4375,0.41087962962962965,3,0.25,18,0.5
0.375,0.4,"{""clf__C"": 1.0, ""clf__gamma"": 0.001}",0.3142166465060989,"[[9, 9], [21, 9]]",arousal,0.375,0.375,0.375,21,0.7,0,9,0.5,-0.17647058823529416,0.8553919264152688,-0.2,subject_dependent,rbf_svm,0.3,0.5,0.5844250961840489,0.4,0.375,0.425,0.4,0.375,0.375,0.44074074074074077,9,0.5,9,0.3
0.5208333333333334,0.538888888888889,"{""clf__C"": 1.0, ""clf__gamma"": 0.001}",0.2494935654952709,"[[11, 7], [16, 14]]",arousal,0.5189542483660131,0.5208333333333334,0.5264705882352941,16,0.5333333333333333,1,7,0.3888888888888889,0.07070707070707072,0.6962257790379036,0.07590333900710813,subject_dependent,rbf_svm,0.4074074074074074,0.6666666666666666,0.6162284007386093,0.537037037037037,0.5208333333333334,0.5694444444444444,0.538888888888889,0.5208333333333334,0.5208333333333334,0.537037037037037,11,0.6111111111111112,14,0.4666666666666667
0.4375,0.3611111111111111,"{""clf__C"": 10.0, ""clf__gamma"": 0.001}",0.32009368351363615,"[[1, 17], [10, 20]]",arousal,0.3329902213072568,0.4375,0.3989963973237262,10,0.3333333333333333,2,17,0.9444444444444444,-0.3012048192771084,0.8854988772198804,-0.3199610950961107,subject_dependent,rbf_svm,0.09090909090909091,0.5405405405405406,0.4954560668923245,0.31572481572481575,0.4375,0.37192874692874694,0.3611111111111111,0.4375,0.4375,0.26666666666666666,1,0.05555555555555555,20,0.6666666666666666
0.5833333333333334,0.4777777777777778,"{""clf__C"": 1.0, ""clf__gamma"": 0.001}",0.23143478153984728,"[[1, 17], [3, 27]]",arousal,0.4103194103194103,0.5833333333333334,0.49017199017199015,3,0.1,3,17,0.9444444444444444,-0.05263157894736836,0.6537036786444935,-0.0778498944161523,subject_dependent,rbf_svm,0.25,0.6136363636363636,0.7909614575883017,0.4318181818181818,0.5833333333333334,0.4772727272727273,0.4777777777777778,0.5833333333333334,0.5833333333333334,0.6203703703703705,1,0.05555555555555555,27,0.9
0.5416666666666666,0.5416666666666666,"{""clf__C"": 1.0, ""clf__gamma"": 0.001}",0.28050331629810293,"[[13, 11], [11, 13]]",arousal,0.5416666666666666,0.5416666666666666,0.5416666666666666,11,0.4583333333333333,4,11,0.4583333333333333,0.08333333333333337,0.755466175209572,0.08333333333333333,subject_dependent,rbf_svm,0.5416666666666666,0.5416666666666666,0.6137007433101811,0.5416666666666666,0.5416666666666666,0.5416666666666666,0.5416666666666666,0.5416666666666666,0.5416666666666666,0.5104166666666666,13,0.5416666666666666,13,0.5416666666666666
0.5833333333333334,0.4166666666666667,"{""clf__C"": 1.0, ""clf__gamma"": 0.001}",0.2492230479790141,"[[27, 9], [11, 1]]",arousal,0.4103194103194103,0.5833333333333334,0.57002457002457,11,0.9166666666666666,0,9,0.25,-0.17647058823529416,0.7714580063627215,-0.1777046633277277,subject_dependent,rbf_svm,0.7105263157894737,0.1,0.23997454138632074,0.4052631578947368,0.5833333333333334,0.5578947368421052,0.4166666666666667,0.5833333333333334,0.5833333333333334,0.4837962962962963,27,0.75,1,0.08333333333333333
0.7708333333333334,0.5416666666666666,"{""clf__C"": 0.1, ""clf__gamma"": 0.001}",0.19194546823021952,"[[36, 0], [11, 1]]",arousal,0.5106580166821131,0.7708333333333334,0.6890639481000926,11,0.9166666666666666,1,0,0.0,0.12,0.5757115108210348,0.2526455763199557,subject_dependent,rbf_svm,0.7659574468085106,1.0,0.16963473936811213,0.8829787234042553,0.7708333333333334,0.8244680851063829,0.5416666666666666,0.7708333333333334,0.7708333333333334,0.19907407407407407,36,1.0,1,0.08333333333333333
0.6875,0.6785714285714286,"{""clf__C"": 1.0, ""clf__gamma"": 0.001}",0.14146861767752797,"[[29, 13], [2, 4]]",arousal,0.5711733174508635,0.6875,0.73868374032162,2,0.3333333333333333,2,13,0.30952380952380953,0.19999999999999996,0.44183828894423355,0.24696586563936376,subject_dependent,rbf_svm,0.9354838709677419,0.23529411764705882,0.23838383838383836,0.5853889943074003,0.6875,0.8479601518026566,0.6785714285714286,0.6875,0.6875,0.6865079365079365,29,0.6904761904761905,4,0.6666666666666666
0.9166666666666666,0.7380952380952381,"{""clf__C"": 0.1, ""clf__gamma"": 0.001}",0.11851765276142014,"[[41, 1], [3, 3]]",arousal,0.7767441860465116,0.9166666666666666,0.9093023255813955,3,0.5,3,1,0.023809523809523808,0.5555555555555556,0.40701347385002223,0.5698028822981898,subject_dependent,rbf_svm,0.9318181818181818,0.75,0.08981676551944176,0.8409090909090908,0.9166666666666666,0.9090909090909091,0.7380952380952381,0.9166666666666666,0.9166666666666666,0.1984126984126984,41,0.9761904761904762,3,0.5
0.5,0.4166666666666667,"{""clf__C"": 0.1, ""clf__gamma"": 0.001}",0.19741970284285645,"[[21, 15], [9, 3]]",arousal,0.4181818181818182,0.5,0.5272727272727273,9,0.75,4,15,0.4166666666666667,-0.1428571428571428,0.593351780976655,-0.14907119849998599,subject_dependent,rbf_svm,0.7,0.16666666666666666,0.2279073460946765,0.4333333333333333,0.5,0.5666666666666667,0.4166666666666667,0.5,0.5,0.44212962962962965,21,0.5833333333333334,3,0.25
0.5833333333333334,0.5833333333333333,"{""clf__C"": 1.0, ""clf__gamma"": 0.001}",0.23966920046596932,"[[9, 15], [5, 19]]",arousal,0.5644283121597096,0.5833333333333334,0.5644283121597096,5,0.20833333333333334,0,15,0.625,0.16666666666666663,0.6711836918295138,0.18333969940564226,subject_dependent,rbf_svm,0.6428571428571429,0.5588235294117647,0.6457434289877697,0.6008403361344539,0.5833333333333334,0.6008403361344539,0.5833333333333333,0.5833333333333334,0.5833333333333334,0.6631944444444445,9,0.375,19,0.7916666666666666
0.625,0.6444444444444444,"{""clf__C"": 1.0, ""clf__gamma"": 0.001}",0.2152886670244377,"[[17, 13], [5, 13]]",arousal,0.6223776223776224,0.625,0.6302447552447553,5,0.2777777777777778,1,13,0.43333333333333335,0.26530612244897955,0.6144996744791519,0.28069178610689477,subject_dependent,rbf_svm,0.7727272727272727,0.5,0.5140205982053603,0.6363636363636364,0.625,0.6704545454545454,0.6444444444444444,0.625,0.625,0.6592592592592592,17,0.5666666666666667,13,0.7222222222222222
0.4583333333333333,0.4777777777777778,"{""clf__C"": 1.0, ""clf__gamma"": 0.001}",0.24813854202159302,"[[12, 18], [8, 10]]",arousal,0.45739130434782604,0.4583333333333333,0.4630434782608695,8,0.4444444444444444,2,18,0.6,-0.040000000000000036,0.6891878355864235,-0.04364357804719848,subject_dependent,rbf_svm,0.6,0.35714285714285715,0.4578784579924906,0.47857142857142854,0.4583333333333333,0.5089285714285715,0.4777777777777778,0.4583333333333333,0.4583333333333333,0.5018518518518519,12,0.4,10,0.5555555555555556
0.6041666666666666,0.6041666666666667,"{""clf__C"": 10.0, ""clf__gamma"": 0.001}",0.2538538075362233,"[[15, 9], [10, 14]]",arousal,0.6039947894051237,0.6041666666666666,0.6039947894051237,10,0.4166666666666667,3,9,0.375,0.20833333333333337,0.7252505236752945,0.20851441405707477,subject_dependent,rbf_svm,0.6,0.6086956521739131,0.6276840585058183,0.6043478260869566,0.6041666666666666,0.6043478260869565,0.6041666666666667,0.6041666666666666,0.6041666666666666,0.6449652777777778,15,0.625,14,0.5833333333333334
0.6458333333333334,0.7361111111111112,"{""clf__C"": 1.0, ""clf__gamma"": 0.001}",0.18122769473283729,"[[20, 16], [1, 11]]",arousal,0.6329284750337382,0.6458333333333334,0.6673414304993252,1,0.08333333333333333,4,16,0.4444444444444444,0.33333333333333337,0.5407358688475725,0.41218934822354114,subject_dependent,rbf_svm,0.9523809523809523,0.4074074074074074,0.4953929390523593,0.6798941798941799,0.6458333333333334,0.816137566137566,0.7361111111111112,0.6458333333333334,0.6458333333333334,0.7777777777777778,20,0.5555555555555556,11,0.9166666666666666
0.5833333333333334,0.5833333333333333,"{""clf__C"": 10.0, ""clf__gamma"": 0.001}",0.28696605969589783,"[[19, 5], [15, 9]]",arousal,0.5644283121597096,0.5833333333333334,0.5644283121597096,15,0.625,0,5,0.20833333333333334,0.16666666666666663,0.7889193189508038,0.18333969940564226,subject_dependent,rbf_svm,0.5588235294117647,0.6428571428571429,0.5475891565865347,0.6008403361344539,0.5833333333333334,0.6008403361344539,0.5833333333333333,0.5833333333333334,0.5833333333333334,0.5225694444444444,19,0.7916666666666666,9,0.375
0.625,0.6111111111111112,"{""clf__C"": 10.0, ""clf__gamma"": 0.001}",0.2371735709550784,"[[20, 10], [8, 10]]",arousal,0.6079854809437386,0.625,0.6284029038112523,8,0.4444444444444444,1,10,0.3333333333333333,0.21739130434782605,0.6705361668557289,0.21821789023599236,subject_dependent,rbf_svm,0.7142857142857143,0.5,0.46070305735775635,0.6071428571428572,0.625,0.6339285714285715,0.6111111111111112,0.625,0.625,0.6361111111111111,20,0.6666666666666666,10,0.5555555555555556
0.5416666666666666,0.5333333333333333,"{""clf__C"": 10.0, ""clf__gamma"": 0.001}",0.2739797117482606,"[[17, 13], [9, 9]]",arousal,0.5285714285714286,0.5416666666666666,0.5482142857142857,9,0.5,2,13,0.43333333333333335,0.06382978723404253,0.7604901518018764,0.06477502756312957,subject_dependent,rbf_svm,0.6538461538461539,0.4090909090909091,0.4883310638169652,0.5314685314685315,0.5416666666666666,0.5620629370629371,0.5333333333333333,0.5416666666666666,0.5416666666666666,0.5462962962962963,17,0.5666666666666667,9,0.5
0.4791666666666667,0.4791666666666667,"{""clf__C"": 10.0, ""clf__gamma"": 0.001}",0.2622277592106624,"[[14, 10], [15, 9]]",arousal,0.47345326897762174,0.4791666666666667,0.4734532689776218,15,0.625,3,10,0.4166666666666667,-0.04166666666666674,0.717832466503137,-0.0426014322842305,subject_dependent,rbf_svm,0.4827586206896552,0.47368421052631576,0.5387345629770195,0.4782214156079855,0.4791666666666667,0.47822141560798553,0.4791666666666667,0.4791666666666667,0.4791666666666667,0.4913194444444444,14,0.5833333333333334,9,0.375
0.5208333333333334,0.55,"{""clf__C"": 10.0, ""clf__gamma"": 0.001}",0.25714923767172126,"[[12, 6], [17, 13]]",arousal,0.5206252713851498,0.5208333333333334,0.5231220147633522,17,0.5666666666666667,4,6,0.3333333333333333,0.08910891089108908,0.7090035660996734,0.09899678265684463,subject_dependent,rbf_svm,0.41379310344827586,0.6842105263157895,0.7397510613206167,0.5490018148820327,0.5208333333333334,0.5828039927404719,0.55,0.5208333333333334,0.5208333333333334,0.6166666666666666,12,0.6666666666666666,13,0.43333333333333335
0.5,0.5,"{""clf__C"": 1.0, ""clf__gamma"": 0.001}",0.2630280556586642,"[[10, 14], [10, 14]]",arousal,0.49650349650349646,0.5,0.4965034965034965,10,0.4166666666666667,0,14,0.5833333333333334,0.0,0.7204123101206162,0.0,subject_dependent,rbf_svm,0.5,0.5,0.5335430406539605,0.5,0.5,0.5,0.5,0.5,0.5,0.4930555555555556,10,0.4166666666666667,14,0.5833333333333334
0.5625,0.6277777777777778,"{""clf__C"": 1.0, ""clf__gamma"": 0.001}",0.3066530758070125,"[[16, 2], [19, 11]]",arousal,0.5577007459412022,0.5625,0.5461825362000877,19,0.6333333333333333,1,2,0.1111111111111111,0.2149532710280374,0.8195124850794177,0.2784046650276491,subject_dependent,rbf_svm,0.45714285714285713,0.8461538461538461,0.692346675427894,0.6516483516483517,0.5625,0.7002747252747253,0.6277777777777778,0.5625,0.5625,0.5296296296296297,16,0.8888888888888888,11,0.36666666666666664
0.5416666666666666,0.5222222222222221,"{""clf__C"": 1.0, ""clf__gamma"": 0.001}",0.27036176003432316,"[[18, 12], [10, 8]]",arousal,0.5208711433756805,0.5416666666666666,0.5458257713248639,10,0.5555555555555556,2,12,0.4,0.04347826086956519,0.7456815612737581,0.04364357804719848,subject_dependent,rbf_svm,0.6428571428571429,0.4,0.3739881779786568,0.5214285714285715,0.5416666666666666,0.5517857142857143,0.5222222222222221,0.5416666666666666,0.5416666666666666,0.4648148148148148,18,0.6,8,0.4444444444444444
0.625,0.6111111111111112,"{""clf__C"": 1.0, ""clf__gamma"": 0.001}",0.22721064202810237,"[[20, 10], [8, 10]]",arousal,0.6079854809437386,0.625,0.6284029038112523,8,0.4444444444444444,3,10,0.3333333333333333,0.21739130434782605,0.6467550458286552,0.21821789023599236,subject_dependent,rbf_svm,0.7142857142857143,0.5,0.5381030427155293,0.6071428571428572,0.625,0.6339285714285715,0.6111111111111112,0.625,0.625,0.65,20,0.6666666666666666,10,0.5555555555555556
0.5416666666666666,0.5,"{""clf__C"": 10.0, ""clf__gamma"": 0.001}",0.25997394598283846,"[[21, 15], [7, 5]]",arousal,0.484375,0.5416666666666666,0.5703125,7,0.5833333333333334,4,15,0.4166666666666667,0.0,0.7161582980992754,0.0,subject_dependent,rbf_svm,0.75,0.25,0.24555871605255178,0.5,0.5416666666666666,0.625,0.5,0.5416666666666666,0.5416666666666666,0.48611111111111105,21,0.5833333333333334,5,0.4166666666666667
0.5833333333333334,0.4722222222222222,"{""clf__C"": 10.0, ""clf__gamma"": 0.001}",0.2461156642044279,"[[3, 9], [11, 25]]",arousal,0.4725274725274725,0.5833333333333334,0.5934065934065934,11,0.3055555555555556,0,9,0.75,-0.05263157894736836,0.6858627261848987,-0.05292561240249632,subject_dependent,rbf_svm,0.21428571428571427,0.7352941176470589,0.8430210213364991,0.4747899159663866,0.5833333333333334,0.6050420168067228,0.4722222222222222,0.5833333333333334,0.5833333333333334,0.5694444444444444,3,0.25,25,0.6944444444444444
0.6041666666666666,0.5972222222222223,"{""clf__C"": 1.0, ""clf__gamma"": 0.001}",0.2994527014093702,"[[7, 5], [14, 22]]",arousal,0.5613275613275613,0.6041666666666666,0.6298701298701298,14,0.3888888888888889,1,5,0.4166666666666667,0.15555555555555556,0.9101406401928944,0.16972502573910517,subject_dependent,rbf_svm,0.3333333333333333,0.8148148148148148,0.8520672085009995,0.5740740740740741,0.6041666666666666,0.6944444444444443,0.5972222222222223,0.6041666666666666,0.6041666666666666,0.5810185185185186,7,0.5833333333333334,22,0.6111111111111112
0.5416666666666666,0.5888888888888889,"{""clf__C"": 1.0, ""clf__gamma"": 0.001}",0.35600505438484636,"[[12, 18], [4, 14]]",arousal,0.5408695652173914,0.5416666666666666,0.5360869565217392,4,0.2222222222222222,2,18,0.6,0.15384615384615385,1.10421503288436,0.18257418583505539,subject_dependent,rbf_svm,0.75,0.4375,0.38477860963654253,0.59375,0.5416666666666666,0.6328125,0.5888888888888889,0.5416666666666666,0.5416666666666666,0.5370370370370371,12,0.4,14,0.7777777777777778
0.5,0.5,"{""clf__C"": 1.0, ""clf__gamma"": 0.001}",0.30812637361177003,"[[8, 16], [8, 16]]",arousal,0.4857142857142857,0.5,0.48571428571428577,8,0.3333333333333333,3,16,0.6666666666666666,0.0,0.8974568962685773,0.0,subject_dependent,rbf_svm,0.5,0.5,0.5292683628769441,0.5,0.5,0.5,0.5,0.5,0.5,0.5295138888888888,8,0.3333333333333333,16,0.6666666666666666
0.5416666666666666,0.5555555555555556,"{""clf__C"": 10.0, ""clf__gamma"": 0.001}",0.3097552872890039,"[[7, 5], [17, 19]]",arousal,0.5111111111111111,0.5416666666666666,0.5722222222222222,17,0.4722222222222222,4,5,0.4166666666666667,0.08333333333333337,0.8588847451681442,0.09622504486493763,subject_dependent,rbf_svm,0.2916666666666667,0.7916666666666666,0.8222791384700681,0.5416666666666666,0.5416666666666666,0.6666666666666666,0.5555555555555556,0.5416666666666666,0.5416666666666666,0.5648148148148149,7,0.5833333333333334,19,0.5277777777777778
0.4583333333333333,0.45833333333333337,"{""clf__C"": 10.0, ""clf__gamma"": 0.001}",0.29775483366699085,"[[10, 14], [12, 12]]",arousal,0.45739130434782604,0.4583333333333333,0.4573913043478261,12,0.5,0,14,0.5833333333333334,-0.08333333333333326,0.7976666826251376,-0.08362420100070908,subject_dependent,rbf_svm,0.45454545454545453,0.46153846153846156,0.5092938467394676,0.458041958041958,0.4583333333333333,0.4580419580419581,0.45833333333333337,0.4583333333333333,0.4583333333333333,0.4270833333333333,10,0.4166666666666667,12,0.5
0.4375,0.4375,"{""clf__C"": 1.0, ""clf__gamma"": 0.01}",0.2695018983246426,"[[1, 23], [4, 20]]",arousal,0.3329902213072568,0.4375,0.3329902213072568,4,0.16666666666666666,1,23,0.9583333333333334,-0.125,0.7332970353280434,-0.20459830184114203,subject_dependent,rbf_svm,0.2,0.46511627906976744,0.4847558184331188,0.3325581395348837,0.4375,0.3325581395348837,0.4375,0.4375,0.4375,0.44097222222222227,1,0.041666666666666664,20,0.8333333333333334
0.3333333333333333,0.33333333333333337,"{""clf__C"": 10.0, ""clf__gamma"": 0.001}",0.34773519178516277,"[[6, 18], [14, 10]]",arousal,0.32867132867132864,0.3333333333333333,0.3286713286713287,14,0.5833333333333334,2,18,0.75,-0.33333333333333326,0.9411020753256879,-0.3380617018914066,subject_dependent,rbf_svm,0.3,0.35714285714285715,0.42633608258397754,0.32857142857142857,0.3333333333333333,0.32857142857142857,0.33333333333333337,0.3333333333333333,0.3333333333333333,0.3506944444444444,6,0.25,10,0.4166666666666667
0.5416666666666666,0.5111111111111111,"{""clf__C"": 10.0, ""clf__gamma"": 0.001}",0.2369647452950617,"[[7, 11], [11, 19]]",arousal,0.5111111111111111,0.5416666666666666,0.5416666666666666,11,0.36666666666666664,3,11,0.6111111111111112,0.022222222222222254,0.6691561338197216,0.022222222222222223,subject_dependent,rbf_svm,0.3888888888888889,0.6333333333333333,0.6882424640729923,0.5111111111111111,0.5416666666666666,0.5416666666666666,0.5111111111111111,0.5416666666666666,0.5416666666666666,0.5851851851851851,7,0.3888888888888889,19,0.6333333333333333
0.3958333333333333,0.4027777777777778,"{""clf__C"": 1.0, ""clf__gamma"": 0.001}",0.27570506733253963,"[[5, 7], [22, 14]]",arousal,0.3738191632928475,0.3958333333333333,0.432523616734143,22,0.6111111111111112,4,7,0.5833333333333334,-0.13725490196078427,0.7463716655294722,-0.16972502573910517,subject_dependent,rbf_svm,0.18518518518518517,0.6666666666666666,0.7323524341892602,0.42592592592592593,0.3958333333333333,0.5462962962962963,0.4027777777777778,0.3958333333333333,0.3958333333333333,0.380787037037037,5,0.4166666666666667,14,0.3888888888888889
0.5,0.5,"{""clf__C"": 1.0, ""clf__gamma"": 0.001}",0.34903524757808596,"[[8, 16], [8, 16]]",arousal,0.4857142857142857,0.5,0.48571428571428577,8,0.3333333333333333,0,16,0.6666666666666666,0.0,0.9745586273098023,0.0,subject_dependent,rbf_svm,0.5,0.5,0.4980539727147204,0.5,0.5,0.5,0.5,0.5,0.5,0.4461805555555555,8,0.3333333333333333,16,0.6666666666666666
0.4791666666666667,0.42777777777777776,"{""clf__C"": 10.0, ""clf__gamma"": 0.001}",0.3159649529995393,"[[4, 14], [11, 19]]",arousal,0.4227994227994228,0.4791666666666667,0.46789321789321786,11,0.36666666666666664,1,14,0.7777777777777778,-0.14942528735632177,0.9146286577677225,-0.15086730182827146,subject_dependent,rbf_svm,0.26666666666666666,0.5757575757575758,0.7091532110286629,0.42121212121212126,0.4791666666666667,0.4598484848484849,0.42777777777777776,0.4791666666666667,0.4791666666666667,0.5222222222222221,4,0.2222222222222222,19,0.6333333333333333
0.6875,0.6875,"{""clf__C"": 10.0, ""clf__gamma"": 0.001}",0.21342482384473951,"[[13, 11], [4, 20]]",arousal,0.6807095343680709,0.6875,0.6807095343680709,4,0.16666666666666666,2,11,0.4583333333333333,0.375,0.6063222928152197,0.3920461576821289,subject_dependent,rbf_svm,0.7647058823529411,0.6451612903225806,0.7779264352289732,0.7049335863377608,0.6875,0.7049335863377609,0.6875,0.6875,0.6875,0.7447916666666667,13,0.5416666666666666,20,0.8333333333333334
0.6875,0.6785714285714286,"{""clf__C"": 10.0, ""clf__gamma"": 0.001}",0.22300481153284699,"[[4, 2], [13, 29]]",arousal,0.5711733174508635,0.6875,0.73868374032162,13,0.30952380952380953,3,2,0.3333333333333333,0.19999999999999996,0.6402878235362591,0.24696586563936376,subject_dependent,rbf_svm,0.23529411764705882,0.9354838709677419,0.9610595580329548,0.5853889943074003,0.6875,0.8479601518026566,0.6785714285714286,0.6875,0.6875,0.763888888888889,4,0.6666666666666666,29,0.6904761904761905
0.875,0.875,"{""clf__C"": 10.0, ""clf__gamma"": 0.001}",0.13800456421451965,"[[20, 4], [2, 22]]",arousal,0.8747826086956522,0.875,0.8747826086956522,2,0.08333333333333333,4,4,0.16666666666666666,0.75,0.44241781465833047,0.7526178090063816,subject_dependent,rbf_svm,0.9090909090909091,0.8461538461538461,0.8979066741215989,0.8776223776223776,0.875,0.8776223776223775,0.875,0.875,0.875,0.8940972222222222,20,0.8333333333333334,22,0.9166666666666666
0.5208333333333334,0.5277777777777778,"{""clf__C"": 1.0, ""clf__gamma"": 0.001}",0.2601740298803175,"[[10, 8], [15, 15]]",arousal,0.515577007459412,0.5208333333333334,0.5281921895568232,15,0.5,0,8,0.4444444444444444,0.05154639175257736,0.7133252100834753,0.05383819020581655,subject_dependent,rbf_svm,0.4,0.6521739130434783,0.6818724605046019,0.5260869565217392,0.5208333333333334,0.5576086956521739,0.5277777777777778,0.5208333333333334,0.5208333333333334,0.5277777777777777,10,0.5555555555555556,15,0.5
0.4583333333333333,0.4666666666666667,"{""clf__C"": 10.0, ""clf__gamma"": 0.001}",0.3013985524549629,"[[9, 9], [17, 13]]",arousal,0.4545454545454546,0.4583333333333333,0.4659090909090909,17,0.5666666666666667,1,9,0.5,-0.061224489795918435,0.8093809662211209,-0.06477502756312957,subject_dependent,rbf_svm,0.34615384615384615,0.5909090909090909,0.6738273384621423,0.46853146853146854,0.4583333333333333,0.4991258741258741,0.4666666666666667,0.4583333333333333,0.4583333333333333,0.5037037037037038,9,0.5,13,0.43333333333333335
0.4583333333333333,0.5,"{""clf__C"": 1.0, ""clf__gamma"": 0.001}",0.3743852204931241,"[[15, 21], [5, 7]]",arousal,0.44285714285714284,0.4583333333333333,0.48928571428571427,5,0.4166666666666667,2,21,0.5833333333333334,0.0,1.0267390759176367,0.0,subject_dependent,rbf_svm,0.75,0.25,0.339678188633297,0.5,0.4583333333333333,0.625,0.5,0.4583333333333333,0.4583333333333333,0.5138888888888888,15,0.4166666666666667,7,0.5833333333333334
0.5833333333333334,0.5833333333333334,"{""clf__C"": 10.0, ""clf__gamma"": 0.001}",0.23926914364368543,"[[18, 6], [14, 10]]",arousal,0.5714285714285714,0.5833333333333334,0.5714285714285715,14,0.5833333333333334,3,6,0.25,0.16666666666666663,0.6976940934206911,0.1767766952966369,subject_dependent,rbf_svm,0.5625,0.625,0.6572264783880102,0.59375,0.5833333333333334,0.59375,0.5833333333333334,0.5833333333333334,0.5833333333333334,0.7256944444444444,18,0.75,10,0.4166666666666667
0.6458333333333334,0.625,"{""clf__C"": 1.0, ""clf__gamma"": 0.001}",0.22318141474787803,"[[7, 5], [12, 24]]",arousal,0.5950372208436725,0.6458333333333334,0.6667493796526055,12,0.3333333333333333,4,5,0.4166666666666667,0.2093023255813954,0.6354707756550496,0.22136353557447683,subject_dependent,rbf_svm,0.3684210526315789,0.8275862068965517,0.8559762437120478,0.5980036297640653,0.6458333333333334,0.7127949183303085,0.625,0.6458333333333334,0.6458333333333334,0.6620370370370371,7,0.5833333333333334,24,0.6666666666666666
0.5625,0.48611111111111105,"{""clf__C"": 10.0, ""clf__gamma"": 0.001}",0.3098665347939283,"[[23, 13], [8, 4]]",arousal,0.48121461657231085,0.5625,0.5838908903757076,8,0.6666666666666666,0,13,0.3611111111111111,-0.024390243902439046,0.9451556722721074,-0.025149772741392844,subject_dependent,rbf_svm,0.7419354838709677,0.23529411764705882,0.24835062598220492,0.4886148007590133,0.5625,0.6152751423149906,0.48611111111111105,0.5625,0.5625,0.46759259259259267,23,0.6388888888888888,4,0.3333333333333333
0.5208333333333334,0.5208333333333334,"{""clf__C"": 1.0, ""clf__gamma"": 0.001}",0.34135017665831674,"[[17, 7], [16, 8]]",arousal,0.5033738191632928,0.5208333333333334,0.5033738191632928,16,0.6666666666666666,1,7,0.2916666666666667,0.04166666666666663,0.9942914701828572,0.044946657497549475,subject_dependent,rbf_svm,0.5151515151515151,0.5333333333333333,0.528803837030382,0.5242424242424242,0.5208333333333334,0.5242424242424243,0.5208333333333334,0.5208333333333334,0.5208333333333334,0.5416666666666667,17,0.7083333333333334,8,0.3333333333333333
0.75,0.75,"{""clf__C"": 10.0, ""clf__gamma"": 0.001}",0.14886353109040532,"[[19, 5], [7, 17]]",arousal,0.7495652173913043,0.75,0.7495652173913044,7,0.2916666666666667,2,5,0.20833333333333334,0.5,0.45121679435368156,0.5017452060042544,subject_dependent,rbf_svm,0.7307692307692307,0.7727272727272727,0.8701829908744952,0.7517482517482517,0.75,0.7517482517482517,0.75,0.75,0.75,0.8862847222222223,19,0.7916666666666666,17,0.7083333333333334
0.5416666666666666,0.5333333333333333,"{""clf__C"": 10.0, ""clf__gamma"": 0.001}",0.3031062117447257,"[[17, 13], [9, 9]]",arousal,0.5285714285714286,0.5416666666666666,0.5482142857142857,9,0.5,3,13,0.43333333333333335,0.06382978723404253,0.8531093770102794,0.06477502756312957,subject_dependent,rbf_svm,0.6538461538461539,0.4090909090909091,0.3799207349867833,0.5314685314685315,0.5416666666666666,0.5620629370629371,0.5333333333333333,0.5416666666666666,0.5416666666666666,0.5148148148148148,17,0.5666666666666667,9,0.5
0.6458333333333334,0.6527777777777777,"{""clf__C"": 10.0, ""clf__gamma"": 0.001}",0.18428490985637816,"[[23, 13], [4, 8]]",arousal,0.6075036075036075,0.6458333333333334,0.6688311688311689,4,0.3333333333333333,4,13,0.3611111111111111,0.24444444444444446,0.5274682144404917,0.2667107547328796,subject_dependent,rbf_svm,0.8518518518518519,0.38095238095238093,0.6085648558430817,0.6164021164021164,0.6458333333333334,0.7341269841269842,0.6527777777777777,0.6458333333333334,0.6458333333333334,0.7650462962962963,23,0.6388888888888888,8,0.6666666666666666
0.9583333333333334,0.9583333333333334,"{""clf__C"": 10.0, ""clf__gamma"": 0.001}",,"[[0, 0], [2, 46]]",arousal,0.48936170212765956,0.9583333333333334,0.9787234042553191,,,0,,,0.0,,0.0,subject_dependent,rbf_svm,,,1.0,0.5,0.9583333333333334,1.0,0.4791666666666667,0.9583333333333334,0.9583333333333334,nan,,,,
0.6666666666666666,0.38095238095238093,"{""clf__C"": 1.0, ""clf__gamma"": 0.001}",0.15032658334384133,"[[0, 6], [10, 32]]",arousal,0.4,0.6666666666666666,0.7000000000000001,10,0.23809523809523808,1,6,1.0,-0.18518518518518512,0.4882712185654805,-0.1938916835823703,subject_dependent,rbf_svm,0.0,0.8421052631578947,0.8515788549937426,0.42105263157894735,0.6666666666666666,0.7368421052631579,0.38095238095238093,0.6666666666666666,0.6666666666666666,0.30158730158730157,0,0.0,32,0.7619047619047619
0.25,0.5,"{""clf__C"": 0.1, ""clf__gamma"": 0.01}",0.20360730534666746,"[[12, 0], [36, 0]]",arousal,0.2,0.25,0.10000000000000002,36,1.0,2,0,0.0,0.0,0.6222284172098833,0.0,subject_dependent,rbf_svm,0.25,0.0,0.8016123637275474,0.125,0.25,0.0625,0.5,0.25,0.25,0.5277777777777777,12,1.0,0,0.0
0.25,0.5,"{""clf__C"": 0.1, ""clf__gamma"": 0.01}",0.20291554156283922,"[[12, 0], [36, 0]]",arousal,0.2,0.25,0.10000000000000002,36,1.0,3,0,0.0,0.0,0.6190541510883458,0.0,subject_dependent,rbf_svm,0.25,0.0,0.7275696624516053,0.125,0.25,0.0625,0.5,0.25,0.25,0.4652777777777778,12,1.0,0,0.0
0.7291666666666666,0.4861111111111111,"{""clf__C"": 10.0, ""clf__gamma"": 0.001}",0.205504566797728,"[[0, 12], [1, 35]]",arousal,0.42168674698795183,0.7291666666666666,0.6325301204819277,1,0.027777777777777776,4,12,1.0,-0.040000000000000036,0.6212620360067124,-0.0842151921066519,subject_dependent,rbf_svm,0.0,0.7446808510638298,0.7716156236809522,0.3723404255319149,0.7291666666666666,0.5585106382978723,0.4861111111111111,0.7291666666666666,0.7291666666666666,0.4467592592592593,0,0.0,35,0.9722222222222222
0.8958333333333334,0.5833333333333334,"{""clf__C"": 10.0, ""clf__gamma"": 0.001}",0.11893914495225012,"[[1, 5], [0, 42]]",arousal,0.6147672552166934,0.8958333333333334,0.8615569823434992,0,0.0,0,5,0.8333333333333334,0.2592592592592593,0.4511934271202162,0.38592249249397986,subject_dependent,rbf_svm,1.0,0.8936170212765957,0.8903063662456258,0.9468085106382979,0.8958333333333334,0.9069148936170213,0.5833333333333334,0.8958333333333334,0.8958333333333334,0.49206349206349204,1,0.16666666666666666,42,1.0
0.125,0.5,"{""clf__C"": 0.1, ""clf__gamma"": 0.01}",0.10942718228603769,"[[6, 0], [42, 0]]",arousal,0.1111111111111111,0.125,0.027777777777777776,42,1.0,1,0,0.0,0.0,0.37700159481227474,0.0,subject_dependent,rbf_svm,0.125,0.0,0.7811623286808682,0.0625,0.125,0.015625,0.5,0.125,0.125,0.3293650793650794,6,1.0,0,0.0
1.0,1.0,"{""clf__C"": 1.0, ""clf__gamma"": 0.01}",,[[48]],arousal,1.0,1.0,1.0,,,2,,,nan,,0.0,subject_dependent,rbf_svm,,,1.0,1.0,1.0,1.0,1.0,1.0,1.0,nan,,,,
0.75,0.5,"{""clf__C"": 0.1, ""clf__gamma"": 0.01}",0.20460143270951137,"[[0, 12], [0, 36]]",arousal,0.42857142857142855,0.75,0.6428571428571428,0,0.0,3,12,1.0,0.0,0.6268969514618,0.0,subject_dependent,rbf_svm,0.0,0.75,0.8259140917189527,0.375,0.75,0.5625,0.5,0.75,0.75,0.5393518518518519,0,0.0,36,1.0
0.75,0.5,"{""clf__C"": 0.1, ""clf__gamma"": 0.01}",0.2026581633558886,"[[0, 12], [0, 36]]",arousal,0.42857142857142855,0.75,0.6428571428571428,0,0.0,4,12,1.0,0.0,0.617889241522183,0.0,subject_dependent,rbf_svm,0.0,0.75,0.6474777170020156,0.375,0.75,0.5625,0.5,0.75,0.75,0.32407407407407407,0,0.0,36,1.0
0.7291666666666666,0.7361111111111112,"{""clf__C"": 1.0, ""clf__gamma"": 0.001}",0.16391960765190408,"[[9, 3], [10, 26]]",arousal,0.6903225806451614,0.7291666666666666,0.7451612903225806,10,0.2777777777777778,0,3,0.25,0.39534883720930236,0.506075093245855,0.41813112275178954,subject_dependent,rbf_svm,0.47368421052631576,0.896551724137931,0.9116654238487218,0.6851179673321234,0.7291666666666666,0.7908348457350272,0.7361111111111112,0.7291666666666666,0.7291666666666666,0.7962962962962963,9,0.75,26,0.7222222222222222
0.6875,0.39285714285714285,"{""clf__C"": 1.0, ""clf__gamma"": 0.001}",0.1594145708387575,"[[0, 6], [9, 33]]",arousal,0.4074074074074074,0.6875,0.7129629629629629,9,0.21428571428571427,1,6,1.0,-0.17647058823529416,0.489086515213847,-0.18156825980064073,subject_dependent,rbf_svm,0.0,0.8461538461538461,0.9067080321685531,0.4230769230769231,0.6875,0.7403846153846154,0.39285714285714285,0.6875,0.6875,0.48015873015873023,0,0.0,33,0.7857142857142857
0.3541666666666667,0.3055555555555556,"{""clf__C"": 10.0, ""clf__gamma"": 0.001}",0.33877083275018977,"[[2, 16], [15, 15]]",arousal,0.30304449648711945,0.3541666666666667,0.35023419203747075,15,0.5,2,16,0.8888888888888888,-0.3932584269662922,0.9570745425886079,-0.39365621027897946,subject_dependent,rbf_svm,0.11764705882352941,0.4838709677419355,0.5734834062781851,0.30075901328273247,0.3541666666666667,0.34653700189753317,0.3055555555555556,0.3541666666666667,0.3541666666666667,0.33333333333333337,2,0.1111111111111111,15,0.5
0.5416666666666666,0.5416666666666666,"{""clf__C"": 10.0, ""clf__gamma"": 0.001}",0.2706115899214422,"[[8, 16], [6, 18]]",arousal,0.5208711433756805,0.5416666666666666,0.5208711433756806,6,0.25,3,16,0.6666666666666666,0.08333333333333337,0.746456269725066,0.09166984970282113,subject_dependent,rbf_svm,0.5714285714285714,0.5294117647058824,0.688445632712885,0.5504201680672269,0.5416666666666666,0.5504201680672268,0.5416666666666666,0.5416666666666666,0.5416666666666666,0.6493055555555555,8,0.3333333333333333,18,0.75
0.6458333333333334,0.6277777777777778,"{""clf__C"": 1.0, ""clf__gamma"": 0.001}",0.20490967744074318,"[[10, 8], [9, 21]]",arousal,0.6262024736601008,0.6458333333333334,0.6476179569399908,9,0.3,4,8,0.4444444444444444,0.25274725274725274,0.5939454021107426,0.25299177790082517,subject_dependent,rbf_svm,0.5263157894736842,0.7241379310344828,0.8069870641613905,0.6252268602540835,0.6458333333333334,0.6499546279491834,0.6277777777777778,0.6458333333333334,0.6458333333333334,0.711111111111111,10,0.5555555555555556,21,0.7
0.4375,0.6785714285714286,"{""clf__C"": 0.1, ""clf__gamma"": 0.001}",0.35075739057016503,"[[6, 0], [27, 15]]",arousal,0.41700404858299595,0.4375,0.49898785425101216,27,0.6428571428571429,0,0,0.0,0.12195121951219512,0.9087438186076118,0.2548235957188128,subject_dependent,rbf_svm,0.18181818181818182,1.0,0.971607410797006,0.5909090909090909,0.4375,0.8977272727272728,0.6785714285714286,0.4375,0.4375,0.8333333333333334,6,1.0,15,0.35714285714285715
0.625,0.6444444444444444,"{""clf__C"": 0.1, ""clf__gamma"": 0.001}",0.24757391543298937,"[[13, 5], [13, 17]]",arousal,0.6223776223776224,0.625,0.6302447552447553,13,0.43333333333333335,1,5,0.2777777777777778,0.26530612244897955,0.6898969056493366,0.28069178610689477,subject_dependent,rbf_svm,0.5,0.7727272727272727,0.8017153431618808,0.6363636363636364,0.625,0.6704545454545454,0.6444444444444444,0.625,0.625,0.6333333333333333,13,0.7222222222222222,17,0.5666666666666667
0.5208333333333334,0.40277777777777773,"{""clf__C"": 0.1, ""clf__gamma"": 0.001}",0.33180900987294026,"[[23, 13], [10, 2]]",arousal,0.4074074074074074,0.5208333333333334,0.5370370370370371,10,0.8333333333333334,2,13,0.3611111111111111,-0.17948717948717952,0.9036449162481205,-0.18164975363768868,subject_dependent,rbf_svm,0.696969696969697,0.13333333333333333,0.21440890843792032,0.41515151515151516,0.5208333333333334,0.5560606060606061,0.40277777777777773,0.5208333333333334,0.5208333333333334,0.3726851851851852,23,0.6388888888888888,2,0.16666666666666666
0.7291666666666666,0.7361111111111112,"{""clf__C"": 1.0, ""clf__gamma"": 0.001}",0.20526456027689965,"[[26, 10], [3, 9]]",arousal,0.6903225806451614,0.7291666666666666,0.7451612903225806,3,0.25,3,10,0.2777777777777778,0.39534883720930236,0.5936825459321259,0.41813112275178954,subject_dependent,rbf_svm,0.896551724137931,0.47368421052631576,0.7573082010582011,0.6851179673321234,0.7291666666666666,0.7908348457350272,0.7361111111111112,0.7291666666666666,0.7291666666666666,0.7893518518518519,26,0.7222222222222222,9,0.75
0.5,0.45555555555555555,"{""clf__C"": 1.0, ""clf__gamma"": 0.001}",0.3387488934765927,"[[19, 11], [13, 5]]",arousal,0.45351043643263755,0.5,0.49335863377609107,13,0.7222222222222222,4,11,0.36666666666666664,-0.09090909090909083,0.9330842670555533,-0.09128709291752769,subject_dependent,rbf_svm,0.59375,0.3125,0.318483899325377,0.453125,0.5,0.48828125,0.45555555555555555,0.5,0.5,0.374074074074074,19,0.6333333333333333,5,0.2777777777777778
0.6458333333333334,0.6458333333333334,"{""clf__C"": 10.0, ""clf__gamma"": 0.001}",0.22003922503307302,"[[14, 10], [7, 17]]",arousal,0.6444444444444444,0.6458333333333334,0.6444444444444445,7,0.2916666666666667,0,10,0.4166666666666667,0.29166666666666663,0.6289115951457033,0.2939723678960656,subject_dependent,rbf_svm,0.6666666666666666,0.6296296296296297,0.7785936281047658,0.6481481481481481,0.6458333333333334,0.6481481481481481,0.6458333333333334,0.6458333333333334,0.6458333333333334,0.734375,14,0.5833333333333334,17,0.7083333333333334
0.5833333333333334,0.5777777777777777,"{""clf__C"": 10.0, ""clf__gamma"": 0.001}",0.3119317519681872,"[[10, 8], [12, 18]]",arousal,0.5714285714285714,0.5833333333333334,0.5892857142857143,12,0.4,1,8,0.4444444444444444,0.14893617021276595,0.9447102188884108,0.15114173098063566,subject_dependent,rbf_svm,0.45454545454545453,0.6923076923076923,0.7171999502877846,0.5734265734265734,0.5833333333333334,0.6031468531468532,0.5777777777777777,0.5833333333333334,0.5833333333333334,0.5444444444444444,10,0.5555555555555556,18,0.6
0.7291666666666666,0.6722222222222223,"{""clf__C"": 1.0, ""clf__gamma"": 0.001}",0.18116976944672977,"[[27, 3], [10, 8]]",arousal,0.6788471435923829,0.7291666666666666,0.7106278950077201,10,0.5555555555555556,2,3,0.1,0.37349397590361444,0.5417808118817028,0.3967517579191772,subject_dependent,rbf_svm,0.7297297297297297,0.7272727272727273,0.7277306826085082,0.7285012285012284,0.7291666666666666,0.7288083538083537,0.6722222222222223,0.7291666666666666,0.7291666666666666,0.7925925925925925,27,0.9,8,0.4444444444444444
0.5833333333333334,0.6111111111111112,"{""clf__C"": 10.0, ""clf__gamma"": 0.001}",0.2603490066217465,"[[13, 5], [15, 15]]",arousal,0.5826086956521739,0.5833333333333334,0.5869565217391304,15,0.5,3,5,0.2777777777777778,0.19999999999999996,0.7386222257534274,0.21821789023599236,subject_dependent,rbf_svm,0.4642857142857143,0.75,0.7981893500017023,0.6071428571428572,0.5833333333333334,0.6428571428571429,0.6111111111111112,0.5833333333333334,0.5833333333333334,0.6296296296296295,13,0.7222222222222222,15,0.5
0.6666666666666666,0.6777777777777778,"{""clf__C"": 1.0, ""clf__gamma"": 0.001}",0.25004115016739875,"[[19, 11], [5, 13]]",arousal,0.6613756613756614,0.6666666666666666,0.671957671957672,5,0.2777777777777778,4,11,0.36666666666666664,0.33333333333333337,0.7250693504398389,0.3442651863295482,subject_dependent,rbf_svm,0.7916666666666666,0.5416666666666666,0.5161977678816251,0.6666666666666666,0.6666666666666666,0.6979166666666666,0.6777777777777778,0.6666666666666666,0.6666666666666666,0.6833333333333332,19,0.6333333333333333,13,0.7222222222222222
0.5625,0.5166666666666666,"{""clf__C"": 1.0, ""clf__gamma"": 0.001}",0.24874913442089938,"[[6, 12], [9, 21]]",arousal,0.5151515151515151,0.5625,0.5530303030303031,9,0.3,0,12,0.6666666666666666,0.03448275862068961,0.690223870311162,0.034815531191139566,subject_dependent,rbf_svm,0.4,0.6363636363636364,0.7595282370708656,0.5181818181818182,0.5625,0.5477272727272727,0.5166666666666666,0.5625,0.5625,0.5944444444444444,6,0.3333333333333333,21,0.7
0.7291666666666666,0.7638888888888888,"{""clf__C"": 10.0, ""clf__gamma"": 0.001}",0.20198917937506408,"[[10, 2], [11, 25]]",arousal,0.6998556998556998,0.7291666666666666,0.7467532467532467,11,0.3055555555555556,1,2,0.16666666666666666,0.4222222222222223,0.5996505409044931,0.46068221272042836,subject_dependent,rbf_svm,0.47619047619047616,0.9259259259259259,0.9310769216000118,0.701058201058201,0.7291666666666666,0.8134920634920636,0.7638888888888888,0.7291666666666666,0.7291666666666666,0.8101851851851851,10,0.8333333333333334,25,0.6944444444444444
0.3541666666666667,0.3541666666666667,"{""clf__C"": 1.0, ""clf__gamma"": 0.001}",0.3780591652201459,"[[7, 17], [14, 10]]",arousal,0.35163398692810455,0.3541666666666667,0.3516339869281046,14,0.5833333333333334,2,17,0.7083333333333334,-0.29166666666666674,1.0264206167018357,-0.2939723678960656,subject_dependent,rbf_svm,0.3333333333333333,0.37037037037037035,0.4246880952914484,0.35185185185185186,0.3541666666666667,0.35185185185185186,0.3541666666666667,0.3541666666666667,0.3541666666666667,0.3038194444444444,7,0.2916666666666667,10,0.4166666666666667
0.7916666666666666,0.7916666666666666,"{""clf__C"": 1.0, ""clf__gamma"": 0.001}",0.1941894183320061,"[[19, 5], [5, 19]]",arousal,0.7916666666666666,0.7916666666666666,0.7916666666666666,5,0.20833333333333334,3,5,0.20833333333333334,0.5833333333333333,0.5644857479855835,0.5833333333333334,subject_dependent,rbf_svm,0.7916666666666666,0.7916666666666666,0.8358694453746154,0.7916666666666666,0.7916666666666666,0.7916666666666666,0.7916666666666666,0.7916666666666666,0.7916666666666666,0.8177083333333333,19,0.7916666666666666,19,0.7916666666666666
0.7708333333333334,0.7611111111111111,"{""clf__C"": 1.0, ""clf__gamma"": 0.001}",0.1582966827571552,"[[13, 5], [6, 24]]",arousal,0.7581310123683005,0.7708333333333334,0.7719880897847,6,0.2,4,5,0.2777777777777778,0.5164835164835164,0.4865236772767361,0.5169831983190775,subject_dependent,rbf_svm,0.6842105263157895,0.8275862068965517,0.9320003274319537,0.7558983666061706,0.7708333333333334,0.7738203266787659,0.7611111111111111,0.7708333333333334,0.7708333333333334,0.8722222222222222,13,0.7222222222222222,24,0.8
0.3541666666666667,0.3541666666666667,"{""clf__C"": 1.0, ""clf__gamma"": 0.001}",,"[[0, 0], [31, 17]]",arousal,0.26153846153846155,0.3541666666666667,0.5230769230769231,,,0,,,0.0,,0.0,subject_dependent,rbf_svm,,,1.0,0.5,0.3541666666666667,1.0,0.17708333333333334,0.3541666666666667,0.3541666666666667,nan,,,,
0.5208333333333334,0.5208333333333334,"{""clf__C"": 1.0, ""clf__gamma"": 0.001}",0.2867900490062749,"[[8, 16], [7, 17]]",arousal,0.5033738191632928,0.5208333333333334,0.5033738191632928,7,0.2916666666666667,1,16,0.6666666666666666,0.04166666666666663,0.7792543236464896,0.044946657497549475,subject_dependent,rbf_svm,0.5333333333333333,0.5151515151515151,0.5462983309253671,0.5242424242424242,0.5208333333333334,0.5242424242424243,0.5208333333333334,0.5208333333333334,0.5208333333333334,0.5190972222222222,8,0.3333333333333333,17,0.7083333333333334
0.3125,0.4583333333333333,"{""clf__C"": 10.0, ""clf__gamma"": 0.001}",0.4516805309277057,"[[6, 30], [3, 9]]",arousal,0.30980392156862746,0.3125,0.2882352941176471,3,0.25,2,30,0.8333333333333334,-0.04761904761904767,1.214361058322807,-0.09245003270420486,subject_dependent,rbf_svm,0.6666666666666666,0.23076923076923078,0.24711649282171402,0.4487179487179487,0.3125,0.5576923076923077,0.4583333333333333,0.3125,0.3125,0.4444444444444444,6,0.16666666666666666,9,0.75
0.6875,0.6527777777777778,"{""clf__C"": 10.0, ""clf__gamma"": 0.001}",0.19593909856485403,"[[7, 5], [10, 26]]",arousal,0.629439011837365,0.6875,0.7027792074112198,10,0.2777777777777778,3,5,0.4166666666666667,0.2682926829268293,0.5778183582152151,0.2766475001553213,subject_dependent,rbf_svm,0.4117647058823529,0.8387096774193549,0.8567371914577204,0.6252371916508539,0.6875,0.7319734345351044,0.6527777777777778,0.6875,0.6875,0.6574074074074073,7,0.5833333333333334,26,0.7222222222222222
0.625,0.6333333333333333,"{""clf__C"": 1.0, ""clf__gamma"": 0.001}",0.2225625303558266,"[[12, 6], [12, 18]]",arousal,0.6190476190476191,0.625,0.6309523809523809,12,0.4,4,6,0.3333333333333333,0.25,0.6353285208699128,0.25819888974716115,subject_dependent,rbf_svm,0.5,0.75,0.8157780396553248,0.625,0.625,0.65625,0.6333333333333333,0.625,0.625,0.6722222222222223,12,0.6666666666666666,18,0.6
0.5,0.47777777777777775,"{""clf__C"": 1.0, ""clf__gamma"": 0.001}",0.29247105320582123,"[[7, 11], [13, 17]]",arousal,0.4773139745916515,0.5,0.5045372050816697,13,0.43333333333333335,0,11,0.6111111111111112,-0.04347826086956519,0.8147657287088403,-0.04364357804719848,subject_dependent,rbf_svm,0.35,0.6071428571428571,0.5977324419300399,0.47857142857142854,0.5,0.5107142857142857,0.47777777777777775,0.5,0.5,0.40185185185185185,7,0.3888888888888889,17,0.5666666666666667
0.5625,0.4027777777777778,"{""clf__C"": 1.0, ""clf__gamma"": 0.001}",0.24697014809490173,"[[1, 11], [10, 26]]",arousal,0.399642644431209,0.5625,0.5559857057772484,10,0.2777777777777778,1,11,0.9166666666666666,-0.19999999999999996,0.7755696177595963,-0.20032733246124987,subject_dependent,rbf_svm,0.09090909090909091,0.7027027027027027,0.6972118160502547,0.39680589680589684,0.5625,0.5497542997542998,0.4027777777777778,0.5625,0.5625,0.32407407407407407,1,0.08333333333333333,26,0.7222222222222222
0.5208333333333334,0.40277777777777773,"{""clf__C"": 1.0, ""clf__gamma"": 0.001}",0.27124723041443405,"[[2, 10], [13, 23]]",arousal,0.4074074074074074,0.5208333333333334,0.5370370370370371,13,0.3611111111111111,2,10,0.8333333333333334,-0.17948717948717952,0.788362373304481,-0.18164975363768868,subject_dependent,rbf_svm,0.13333333333333333,0.696969696969697,0.6207205301957934,0.41515151515151516,0.5208333333333334,0.5560606060606061,0.40277777777777773,0.5208333333333334,0.5208333333333334,0.24074074074074073,2,0.16666666666666666,23,0.6388888888888888
0.3958333333333333,0.44999999999999996,"{""clf__C"": 0.1, ""clf__gamma"": 0.001}",0.23829901253056454,"[[12, 6], [23, 7]]",arousal,0.38920579201404126,0.3958333333333333,0.3732996928477403,23,0.7666666666666667,3,6,0.3333333333333333,-0.08411214953271018,0.6704063722411183,-0.10894095588038444,subject_dependent,rbf_svm,0.34285714285714286,0.5384615384615384,0.6031615152307016,0.44065934065934065,0.3958333333333333,0.46510989010989007,0.44999999999999996,0.3958333333333333,0.3958333333333333,0.412962962962963,12,0.6666666666666666,7,0.23333333333333334
0.375,0.5,"{""clf__C"": 0.1, ""clf__gamma"": 0.001}",0.24133414328400535,"[[18, 0], [30, 0]]",arousal,0.2727272727272727,0.375,0.2045454545454545,30,1.0,4,0,0.0,0.0,0.6775977718318841,0.0,subject_dependent,rbf_svm,0.375,0.0,0.7178101754862465,0.1875,0.375,0.140625,0.5,0.375,0.375,0.4981481481481481,18,1.0,0,0.0
0.6666666666666666,0.38095238095238093,"{""clf__C"": 10.0, ""clf__gamma"": 0.001}",0.19226733978806054,"[[0, 6], [10, 32]]",arousal,0.4,0.6666666666666666,0.7000000000000001,10,0.23809523809523808,0,6,1.0,-0.18518518518518512,0.5777574829508048,-0.1938916835823703,subject_dependent,rbf_svm,0.0,0.8421052631578947,0.8369991848238021,0.42105263157894735,0.6666666666666666,0.7368421052631579,0.38095238095238093,0.6666666666666666,0.6666666666666666,0.36111111111111116,0,0.0,32,0.7619047619047619
0.9583333333333334,0.9583333333333334,"{""clf__C"": 10.0, ""clf__gamma"": 0.001}",,"[[0, 0], [2, 46]]",arousal,0.48936170212765956,0.9583333333333334,0.9787234042553191,,,1,,,0.0,,0.0,subject_dependent,rbf_svm,,,1.0,0.5,0.9583333333333334,1.0,0.4791666666666667,0.9583333333333334,0.9583333333333334,nan,,,,
0.7291666666666666,0.4861111111111111,"{""clf__C"": 10.0, ""clf__gamma"": 0.001}",0.1892118476274145,"[[0, 12], [1, 35]]",arousal,0.42168674698795183,0.7291666666666666,0.6325301204819277,1,0.027777777777777776,2,12,1.0,-0.040000000000000036,0.5769854968299201,-0.0842151921066519,subject_dependent,rbf_svm,0.0,0.7446808510638298,0.8249867338864942,0.3723404255319149,0.7291666666666666,0.5585106382978723,0.4861111111111111,0.7291666666666666,0.7291666666666666,0.6574074074074074,0,0.0,35,0.9722222222222222
0.75,0.5,"{""clf__C"": 0.1, ""clf__gamma"": 0.001}",0.18928229369660124,"[[0, 12], [0, 36]]",arousal,0.42857142857142855,0.75,0.6428571428571428,0,0.0,3,12,1.0,0.0,0.5673651155093095,0.0,subject_dependent,rbf_svm,0.0,0.75,0.7134414028342334,0.375,0.75,0.5625,0.5,0.75,0.75,0.35648148148148145,0,0.0,36,1.0
0.3958333333333333,0.39583333333333337,"{""clf__C"": 1.0, ""clf__gamma"": 0.001}",0.3927924140120071,"[[2, 22], [7, 17]]",arousal,0.33044733044733043,0.3958333333333333,0.3304473304473305,7,0.2916666666666667,4,22,0.9166666666666666,-0.20833333333333326,1.1704909874043923,-0.2668802563418119,subject_dependent,rbf_svm,0.2222222222222222,0.4358974358974359,0.42458043707258875,0.32905982905982906,0.3958333333333333,0.32905982905982906,0.39583333333333337,0.3958333333333333,0.3958333333333333,0.35416666666666663,2,0.08333333333333333,17,0.7083333333333334
0.875,0.5,"{""clf__C"": 0.1, ""clf__gamma"": 0.001}",0.1256642330454685,"[[0, 6], [0, 42]]",arousal,0.4666666666666667,0.875,0.8166666666666668,0,0.0,0,6,1.0,0.0,0.4267360098804491,0.0,subject_dependent,rbf_svm,0.0,0.875,0.8260470773775848,0.4375,0.875,0.765625,0.5,0.875,0.875,0.21031746031746032,0,0.0,42,1.0
0.375,0.21428571428571427,"{""clf__C"": 0.1, ""clf__gamma"": 0.001}",0.19107803225094333,"[[0, 6], [24, 18]]",arousal,0.2727272727272727,0.375,0.47727272727272724,24,0.5714285714285714,1,6,1.0,-0.25,0.614982495323447,-0.3779644730092272,subject_dependent,rbf_svm,0.0,0.75,0.74505845344889,0.375,0.375,0.65625,0.21428571428571427,0.375,0.375,0.05952380952380952,0,0.0,18,0.42857142857142855
0.6458333333333334,0.36904761904761907,"{""clf__C"": 1.0, ""clf__gamma"": 0.001}",0.17849655342839132,"[[0, 6], [11, 31]]",arousal,0.3924050632911392,0.6458333333333334,0.6867088607594937,11,0.2619047619047619,2,6,1.0,-0.1929824561403508,0.533145588622484,-0.2060850369896914,subject_dependent,rbf_svm,0.0,0.8378378378378378,0.8865682780505688,0.4189189189189189,0.6458333333333334,0.733108108108108,0.36904761904761907,0.6458333333333334,0.6458333333333334,0.3928571428571429,0,0.0,31,0.7380952380952381
0.75,0.5,"{""clf__C"": 0.1, ""clf__gamma"": 0.01}",0.18916026428860236,"[[0, 12], [0, 36]]",arousal,0.42857142857142855,0.75,0.6428571428571428,0,0.0,3,12,1.0,0.0,0.5671355363022702,0.0,subject_dependent,rbf_svm,0.0,0.75,0.7675037493748058,0.375,0.75,0.5625,0.5,0.75,0.75,0.39583333333333337,0,0.0,36,1.0
0.5625,0.5388888888888889,"{""clf__C"": 0.1, ""clf__gamma"": 0.001}",0.2761824182054746,"[[8, 10], [11, 19]]",arousal,0.538250114521301,0.5625,0.5647045350435181,11,0.36666666666666664,4,10,0.5555555555555556,0.07692307692307687,0.7822092072486141,0.07699749762199026,subject_dependent,rbf_svm,0.42105263157894735,0.6551724137931034,0.7264974016320294,0.5381125226860254,0.5625,0.5673774954627949,0.5388888888888889,0.5625,0.5625,0.6018518518518519,8,0.4444444444444444,19,0.6333333333333333
0.4375,0.45,"{""clf__C"": 1.0, ""clf__gamma"": 0.001}",0.2381517107829215,"[[9, 9], [18, 12]]",arousal,0.43529411764705883,0.4375,0.4441176470588235,18,0.6,0,9,0.5,-0.09090909090909083,0.6681024942609942,-0.09759000729485331,subject_dependent,rbf_svm,0.3333333333333333,0.5714285714285714,0.7000293707117251,0.45238095238095233,0.4375,0.48214285714285715,0.45,0.4375,0.4375,0.5222222222222223,9,0.5,12,0.4
0.5,0.5,"{""clf__C"": 10.0, ""clf__gamma"": 0.001}",,"[[0, 0], [24, 24]]",arousal,0.3333333333333333,0.5,0.6666666666666666,,,1,,,0.0,,0.0,subject_dependent,rbf_svm,,,1.0,0.5,0.5,1.0,0.25,0.5,0.5,nan,,,,
0.5833333333333334,0.5666666666666667,"{""clf__C"": 1.0, ""clf__gamma"": 0.001}",0.22437471121958338,"[[9, 9], [11, 19]]",arousal,0.5644283121597096,0.5833333333333334,0.5871143375680581,11,0.36666666666666664,2,9,0.5,0.13043478260869568,0.6390763885314636,0.13093073414159542,subject_dependent,rbf_svm,0.45,0.6785714285714286,0.746567015559206,0.5642857142857143,0.5833333333333334,0.5928571428571429,0.5666666666666667,0.5833333333333334,0.5833333333333334,0.6148148148148148,9,0.5,19,0.6333333333333333
0.5833333333333334,0.5833333333333333,"{""clf__C"": 1.0, ""clf__gamma"": 0.001}",0.2559904039648029,"[[13, 11], [9, 15]]",arousal,0.5826086956521739,0.5833333333333334,0.5826086956521739,9,0.375,3,11,0.4583333333333333,0.16666666666666663,0.7049739737446229,0.16724840200141816,subject_dependent,rbf_svm,0.5909090909090909,0.5769230769230769,0.6838462345896639,0.583916083916084,0.5833333333333334,0.5839160839160839,0.5833333333333333,0.5833333333333334,0.5833333333333334,0.625,13,0.5416666666666666,15,0.625
0.4375,0.375,"{""clf__C"": 1.0, ""clf__gamma"": 0.001}",0.3859681485216548,"[[18, 18], [9, 3]]",arousal,0.37662337662337664,0.4375,0.47402597402597396,9,0.75,4,18,0.5,-0.19999999999999996,1.0221071453770032,-0.21821789023599236,subject_dependent,rbf_svm,0.6666666666666666,0.14285714285714285,0.2254475619381195,0.40476190476190477,0.4375,0.5357142857142857,0.375,0.4375,0.4375,0.4212962962962963,18,0.5,3,0.25
0.6875,0.46428571428571425,"{""clf__C"": 1.0, ""clf__gamma"": 0.001}",0.14541772418097412,"[[32, 10], [5, 1]]",arousal,0.4638868205510052,0.6875,0.7235666418466119,5,0.8333333333333334,0,10,0.23809523809523808,-0.05263157894736836,0.46658019823737923,-0.05620501008809766,subject_dependent,rbf_svm,0.8648648648648649,0.09090909090909091,0.13468848952719922,0.4778869778869779,0.6875,0.7681203931203932,0.46428571428571425,0.6875,0.6875,0.4801587301587302,32,0.7619047619047619,1,0.16666666666666666
0.6041666666666666,0.6041666666666666,"{""clf__C"": 10.0, ""clf__gamma"": 0.001}",0.3273788337874209,"[[24, 0], [19, 5]]",arousal,0.5306227483273289,0.6041666666666666,0.5306227483273288,19,0.7916666666666666,1,0,0.0,0.20833333333333337,1.0121322196123377,0.34099716973523675,subject_dependent,rbf_svm,0.5581395348837209,1.0,0.7332462248022061,0.7790697674418605,0.6041666666666666,0.7790697674418604,0.6041666666666666,0.6041666666666666,0.6041666666666666,0.6822916666666666,24,1.0,5,0.20833333333333334
0.7291666666666666,0.4166666666666667,"{""clf__C"": 10.0, ""clf__gamma"": 0.001}",0.20821429482132814,"[[35, 7], [6, 0]]",arousal,0.42168674698795183,0.7291666666666666,0.7379518072289156,6,1.0,2,7,0.16666666666666666,-0.15555555555555545,0.6964078432271922,-0.15617376188860607,subject_dependent,rbf_svm,0.8536585365853658,0.0,0.08878466158701322,0.4268292682926829,0.7291666666666666,0.7469512195121951,0.4166666666666667,0.7291666666666666,0.7291666666666666,0.20634920634920634,35,0.8333333333333334,0,0.0
0.75,0.7,"{""clf__C"": 10.0, ""clf__gamma"": 0.001}",0.2030421640710082,"[[27, 3], [9, 9]]",arousal,0.7090909090909091,0.75,0.7363636363636363,9,0.5,3,3,0.1,0.4285714285714286,0.6133476447643138,0.4472135954999579,subject_dependent,rbf_svm,0.75,0.75,0.6235579543912877,0.75,0.75,0.75,0.7,0.75,0.75,0.7203703703703703,27,0.9,9,0.5
0.8541666666666666,0.7738095238095237,"{""clf__C"": 10.0, ""clf__gamma"": 0.001}",0.1295235136382333,"[[37, 5], [2, 4]]",arousal,0.7234567901234568,0.8541666666666666,0.8660493827160494,2,0.3333333333333333,4,5,0.11904761904761904,0.4509803921568627,0.42601428152147996,0.46400777504608187,subject_dependent,rbf_svm,0.9487179487179487,0.4444444444444444,0.48344615624027387,0.6965811965811965,0.8541666666666666,0.8856837606837606,0.7738095238095237,0.8541666666666666,0.8541666666666666,0.7817460317460317,37,0.8809523809523809,4,0.6666666666666666
0.6875,0.4861111111111111,"{""clf__C"": 1.0, ""clf__gamma"": 0.001}",0.2133869956094289,"[[1, 11], [4, 32]]",arousal,0.4638868205510052,0.6875,0.637006701414743,4,0.1111111111111111,0,11,0.9166666666666666,-0.034482758620689724,0.6478912076643161,-0.039374961547907886,subject_dependent,rbf_svm,0.2,0.7441860465116279,0.8868463817237755,0.4720930232558139,0.6875,0.6081395348837209,0.4861111111111111,0.6875,0.6875,0.6666666666666667,1,0.08333333333333333,32,0.8888888888888888
0.6875,0.6875,"{""clf__C"": 1.0, ""clf__gamma"": 0.001}",,"[[0, 0], [15, 33]]",arousal,0.4074074074074074,0.6875,0.8148148148148148,,,1,,,0.0,,0.0,subject_dependent,rbf_svm,,,1.0,0.5,0.6875,1.0,0.34375,0.6875,0.6875,nan,,,,
0.4791666666666667,0.625,"{""clf__C"": 0.1, ""clf__gamma"": 0.001}",0.1913931007966477,"[[11, 1], [24, 12]]",arousal,0.47894051237516283,0.4791666666666667,0.4843682153712548,24,0.6666666666666666,2,1,0.08333333333333333,0.15254237288135597,0.5739764886367124,0.24359938288234506,subject_dependent,rbf_svm,0.3142857142857143,0.9230769230769231,0.864015985658207,0.6186813186813187,0.4791666666666667,0.7708791208791209,0.625,0.4791666666666667,0.4791666666666667,0.7291666666666667,11,0.9166666666666666,12,0.3333333333333333
0.6875,0.6071428571428572,"{""clf__C"": 0.1, ""clf__gamma"": 0.001}",0.11413408932177001,"[[3, 3], [12, 30]]",arousal,0.5428571428571429,0.6875,0.7357142857142858,12,0.2857142857142857,3,3,0.5,0.13043478260869568,0.3936117592236485,0.15289415743128767,subject_dependent,rbf_svm,0.2,0.9090909090909091,0.8701969757296976,0.5545454545454546,0.6875,0.8204545454545454,0.6071428571428572,0.6875,0.6875,0.36904761904761907,3,0.5,30,0.7142857142857143
0.25,0.5,"{""clf__C"": 0.1, ""clf__gamma"": 0.01}",0.2016962989330927,"[[12, 0], [36, 0]]",arousal,0.2,0.25,0.10000000000000002,36,1.0,4,0,0.0,0.0,0.613603655665107,0.0,subject_dependent,rbf_svm,0.25,0.0,0.7787222247582797,0.125,0.25,0.0625,0.5,0.25,0.25,0.37962962962962965,12,1.0,0,0.0
0.5625,0.48333333333333334,"{""clf__C"": 10.0, ""clf__gamma"": 0.001}",0.2572872890863562,"[[3, 15], [6, 24]]",arousal,0.45893719806763283,0.5625,0.5181159420289855,6,0.2,0,15,0.8333333333333334,-0.03703703703703698,0.7302711196387542,-0.041344911529736156,subject_dependent,rbf_svm,0.3333333333333333,0.6153846153846154,0.7213855624440662,0.47435897435897434,0.5625,0.5096153846153847,0.48333333333333334,0.5625,0.5625,0.5703703703703704,3,0.16666666666666666,24,0.8
0.6458333333333334,0.5722222222222222,"{""clf__C"": 1.0, ""clf__gamma"": 0.001}",0.24096302298663874,"[[5, 13], [4, 26]]",arousal,0.5619967793880838,0.6458333333333334,0.609903381642512,4,0.13333333333333333,1,13,0.7222222222222222,0.16049382716049387,0.6786353869558698,0.17916128329552333,subject_dependent,rbf_svm,0.5555555555555556,0.6666666666666666,0.8183961099460005,0.6111111111111112,0.6458333333333334,0.625,0.5722222222222222,0.6458333333333334,0.6458333333333334,0.6796296296296296,5,0.2777777777777778,26,0.8666666666666667
0.7083333333333334,0.7619047619047619,"{""clf__C"": 1.0, ""clf__gamma"": 0.001}",0.14277931526324486,"[[5, 1], [13, 29]]",arousal,0.6111111111111112,0.7083333333333334,0.7569444444444445,13,0.30952380952380953,2,1,0.16666666666666666,0.28205128205128205,0.45405116766183085,0.3578300267477955,subject_dependent,rbf_svm,0.2777777777777778,0.9666666666666667,0.9627777069358083,0.6222222222222222,0.7083333333333334,0.8805555555555555,0.7619047619047619,0.7083333333333334,0.7083333333333334,0.8095238095238095,5,0.8333333333333334,29,0.6904761904761905
0.8125,0.6071428571428571,"{""clf__C"": 10.0, ""clf__gamma"": 0.001}",0.16073607642316118,"[[2, 4], [5, 37]]",arousal,0.5996292863762743,0.8125,0.8185820203892492,5,0.11904761904761904,3,4,0.6666666666666666,0.19999999999999996,0.5091528181354449,0.2007948367139221,subject_dependent,rbf_svm,0.2857142857142857,0.9024390243902439,0.8608495553302882,0.5940766550522648,0.8125,0.8253484320557493,0.6071428571428571,0.8125,0.8125,0.47619047619047616,2,0.3333333333333333,37,0.8809523809523809
0.6666666666666666,0.5888888888888889,"{""clf__C"": 10.0, ""clf__gamma"": 0.001}",0.23031915252370302,"[[5, 13], [3, 27]]",arousal,0.5780219780219781,0.6666666666666666,0.6263736263736264,3,0.1,4,13,0.7222222222222222,0.19999999999999996,0.6746554172204203,0.2309401076758503,subject_dependent,rbf_svm,0.625,0.675,0.7466947911379332,0.65,0.6666666666666666,0.65625,0.5888888888888889,0.6666666666666666,0.6666666666666666,0.6481481481481481,5,0.2777777777777778,27,0.9
0.7083333333333334,0.6944444444444444,"{""clf__C"": 10.0, ""clf__gamma"": 0.001}",0.19953333984318009,"[[26, 10], [4, 8]]",arousal,0.6606060606060606,0.7083333333333334,0.7242424242424242,4,0.3333333333333333,0,10,0.2777777777777778,0.33333333333333337,0.5870753720797147,0.3478327964999673,subject_dependent,rbf_svm,0.8666666666666667,0.4444444444444444,0.4896024525056783,0.6555555555555556,0.7083333333333334,0.7611111111111112,0.6944444444444444,0.7083333333333334,0.7083333333333334,0.7291666666666666,26,0.7222222222222222,8,0.6666666666666666
0.5625,0.5388888888888889,"{""clf__C"": 1.0, ""clf__gamma"": 0.001}",0.2766934063035524,"[[8, 10], [11, 19]]",arousal,0.538250114521301,0.5625,0.5647045350435181,11,0.36666666666666664,1,10,0.5555555555555556,0.07692307692307687,0.7494346273884164,0.07699749762199026,subject_dependent,rbf_svm,0.42105263157894735,0.6551724137931034,0.6316410861391499,0.5381125226860254,0.5625,0.5673774954627949,0.5388888888888889,0.5625,0.5625,0.5222222222222223,8,0.4444444444444444,19,0.6333333333333333
0.4791666666666667,0.5055555555555555,"{""clf__C"": 1.0, ""clf__gamma"": 0.001}",0.2912391419942152,"[[12, 18], [7, 11]]",arousal,0.47894051237516283,0.4791666666666667,0.48165436387320887,7,0.3888888888888889,2,18,0.6,0.00990099009900991,0.8033805312204629,0.01099964251742718,subject_dependent,rbf_svm,0.631578947368421,0.3793103448275862,0.43671640836054965,0.5054446460980035,0.4791666666666667,0.5369782214156079,0.5055555555555555,0.4791666666666667,0.4791666666666667,0.4962962962962963,12,0.4,11,0.6111111111111112
0.5416666666666666,0.5416666666666666,"{""clf__C"": 10.0, ""clf__gamma"": 0.001}",0.30388078038627736,"[[18, 6], [16, 8]]",arousal,0.5208711433756805,0.5416666666666666,0.5208711433756806,16,0.6666666666666666,3,6,0.25,0.08333333333333337,0.8741783504853382,0.09166984970282113,subject_dependent,rbf_svm,0.5294117647058824,0.5714285714285714,0.578829981049425,0.5504201680672269,0.5416666666666666,0.5504201680672268,0.5416666666666666,0.5416666666666666,0.5416666666666666,0.5902777777777779,18,0.75,8,0.3333333333333333
0.7708333333333334,0.7722222222222223,"{""clf__C"": 10.0, ""clf__gamma"": 0.001}",0.182517192137714,"[[23, 7], [4, 14]]",arousal,0.7624831309041835,0.7708333333333334,0.77361673414305,4,0.2222222222222222,4,7,0.23333333333333334,0.5268817204301075,0.5428203952323148,0.531323373049757,subject_dependent,rbf_svm,0.8518518518518519,0.6666666666666666,0.7491849730476583,0.7592592592592593,0.7708333333333334,0.7824074074074074,0.7722222222222223,0.7708333333333334,0.7708333333333334,0.8111111111111111,23,0.7666666666666667,14,0.7777777777777778
0.75,0.7444444444444445,"{""clf__C"": 1.0, ""clf__gamma"": 0.001}",0.2861807152574548,"[[23, 7], [5, 13]]",arousal,0.7386569872958257,0.75,0.7522686025408349,5,0.2777777777777778,0,7,0.23333333333333334,0.4782608695652174,0.7820990020701978,0.4800793585191832,subject_dependent,rbf_svm,0.8214285714285714,0.65,0.6761104254797115,0.7357142857142858,0.75,0.7571428571428571,0.7444444444444445,0.75,0.75,0.725925925925926,23,0.7666666666666667,13,0.7222222222222222
0.7083333333333334,0.6444444444444445,"{""clf__C"": 1.0, ""clf__gamma"": 0.001}",0.17537605950340676,"[[7, 11], [3, 27]]",arousal,0.6470588235294117,0.7083333333333334,0.6838235294117646,3,0.1,1,11,0.6111111111111112,0.31707317073170727,0.5132358532815625,0.3443784128369114,subject_dependent,rbf_svm,0.7,0.7105263157894737,0.9203304924029687,0.7052631578947368,0.7083333333333334,0.706578947368421,0.6444444444444445,0.7083333333333334,0.7083333333333334,0.8537037037037036,7,0.3888888888888889,27,0.9
0.5625,0.5166666666666666,"{""clf__C"": 1.0, ""clf__gamma"": 0.001}",0.2524570147486637,"[[6, 12], [9, 21]]",arousal,0.5151515151515151,0.5625,0.5530303030303031,9,0.3,2,12,0.6666666666666666,0.03448275862068961,0.734520632198084,0.034815531191139566,subject_dependent,rbf_svm,0.4,0.6363636363636364,0.6914535413544556,0.5181818181818182,0.5625,0.5477272727272727,0.5166666666666666,0.5625,0.5625,0.5555555555555556,6,0.3333333333333333,21,0.7
0.4583333333333333,0.6190476190476191,"{""clf__C"": 1.0, ""clf__gamma"": 0.001}",0.22895589871075175,"[[5, 1], [25, 17]]",arousal,0.4222222222222222,0.4583333333333333,0.5305555555555556,25,0.5952380952380952,3,1,0.16666666666666666,0.08771929824561409,0.6516217887348191,0.16265001215808889,subject_dependent,rbf_svm,0.16666666666666666,0.9444444444444444,0.9694973273917791,0.5555555555555556,0.4583333333333333,0.8472222222222222,0.6190476190476191,0.4583333333333333,0.4583333333333333,0.8333333333333334,5,0.8333333333333334,17,0.40476190476190477
0.625,0.5714285714285714,"{""clf__C"": 1.0, ""clf__gamma"": 0.001}",0.1657725673638577,"[[3, 3], [15, 27]]",arousal,0.5,0.625,0.6875,15,0.35714285714285715,4,3,0.5,0.07692307692307687,0.4962442964462605,0.09759000729485333,subject_dependent,rbf_svm,0.16666666666666666,0.9,0.9383593979884062,0.5333333333333333,0.625,0.8083333333333335,0.5714285714285714,0.625,0.6250000000000001,0.6626984126984127,3,0.5,27,0.6428571428571429
0.4791666666666667,0.5722222222222222,"{""clf__C"": 1.0, ""clf__gamma"": 0.001}",0.28121927420575693,"[[17, 1], [24, 6]]",arousal,0.45029775538250116,0.4791666666666667,0.41880439761795696,24,0.8,0,1,0.05555555555555555,0.11504424778761058,0.7568710748786479,0.19813298130565876,subject_dependent,rbf_svm,0.4146341463414634,0.8571428571428571,0.7584773675667231,0.6358885017421603,0.4791666666666667,0.6912020905923345,0.5722222222222222,0.4791666666666667,0.4791666666666667,0.6814814814814816,17,0.9444444444444444,6,0.2
0.4583333333333333,0.43333333333333335,"{""clf__C"": 10.0, ""clf__gamma"": 0.001}",0.2902609270150057,"[[16, 14], [12, 6]]",arousal,0.4337568058076225,0.4583333333333333,0.46324863883847556,12,0.6666666666666666,1,14,0.4666666666666667,-0.13043478260869557,0.7808195783063246,-0.13093073414159542,subject_dependent,rbf_svm,0.5714285714285714,0.3,0.3181632809070075,0.4357142857142857,0.4583333333333333,0.4696428571428571,0.43333333333333335,0.4583333333333333,0.4583333333333333,0.3592592592592592,16,0.5333333333333333,6,0.3333333333333333
0.4583333333333333,0.4444444444444444,"{""clf__C"": 1.0, ""clf__gamma"": 0.001}",0.2759942614300302,"[[15, 15], [11, 7]]",arousal,0.44285714285714284,0.4583333333333333,0.4660714285714285,11,0.6111111111111112,2,15,0.5,-0.1063829787234043,0.7482730407333369,-0.1079583792718826,subject_dependent,rbf_svm,0.5769230769230769,0.3181818181818182,0.33348356142113517,0.4475524475524475,0.4583333333333333,0.47989510489510484,0.4444444444444444,0.4583333333333333,0.4583333333333333,0.38148148148148153,15,0.5,7,0.3888888888888889
0.5625,0.5625,"{""clf__C"": 10.0, ""clf__gamma"": 0.001}",0.23614200456106302,"[[17, 7], [14, 10]]",arousal,0.5529933481152993,0.5625,0.5529933481152993,14,0.5833333333333334,3,7,0.2916666666666667,0.125,0.6631618136428303,0.13068205256070964,subject_dependent,rbf_svm,0.5483870967741935,0.5882352941176471,0.6587720124282016,0.5683111954459203,0.5625,0.5683111954459202,0.5625,0.5625,0.5625,0.6597222222222223,17,0.7083333333333334,10,0.4166666666666667
0.4791666666666667,0.48333333333333334,"{""clf__C"": 10.0, ""clf__gamma"": 0.001}",0.2972373943899867,"[[14, 16], [9, 9]]",arousal,0.47345326897762174,0.4791666666666667,0.48716542343132957,9,0.5,4,16,0.5333333333333333,-0.030927835051546282,0.8040862366563736,-0.03230291412348993,subject_dependent,rbf_svm,0.6086956521739131,0.36,0.4002212575609545,0.48434782608695653,0.4791666666666667,0.5154347826086957,0.48333333333333334,0.4791666666666667,0.4791666666666667,0.487037037037037,14,0.4666666666666667,9,0.5
0.7083333333333334,0.7222222222222222,"{""clf__C"": 1.0, ""clf__gamma"": 0.001}",0.1886525535615564,"[[9, 3], [11, 25]]",arousal,0.671875,0.7083333333333334,0.7265625,11,0.3055555555555556,0,3,0.25,0.36363636363636365,0.5603802557792824,0.39036002917941326,subject_dependent,rbf_svm,0.45,0.8928571428571429,0.8995173773239642,0.6714285714285715,0.7083333333333334,0.7821428571428571,0.7222222222222222,0.7083333333333334,0.7083333333333334,0.7523148148148148,9,0.75,25,0.6944444444444444
0.5833333333333334,0.5476190476190477,"{""clf__C"": 1.0, ""clf__gamma"": 0.001}",0.23437555796693343,"[[3, 3], [17, 25]]",arousal,0.4725274725274725,0.5833333333333334,0.6538461538461539,17,0.40476190476190477,1,3,0.5,0.04761904761904767,0.6671338963896325,0.06388765649999399,subject_dependent,rbf_svm,0.15,0.8928571428571429,0.929667725394636,0.5214285714285715,0.5833333333333334,0.7999999999999999,0.5476190476190477,0.5833333333333334,0.5833333333333334,0.634920634920635,3,0.5,25,0.5952380952380952
0.6458333333333334,0.6722222222222223,"{""clf__C"": 1.0, ""clf__gamma"": 0.001}",0.26426568377776305,"[[17, 13], [4, 14]]",arousal,0.6444444444444444,0.6458333333333334,0.65,4,0.2222222222222222,2,13,0.43333333333333335,0.31313131313131315,0.7293068358007323,0.3361433584600503,subject_dependent,rbf_svm,0.8095238095238095,0.5185185185185185,0.7044698725020764,0.664021164021164,0.6458333333333334,0.7003968253968255,0.6722222222222223,0.6458333333333334,0.6458333333333334,0.7629629629629628,17,0.5666666666666667,14,0.7777777777777778
0.5833333333333334,0.5833333333333334,"{""clf__C"": 1.0, ""clf__gamma"": 0.001}",0.2873999804687888,"[[4, 20], [0, 24]]",arousal,0.4957983193277311,0.5833333333333334,0.4957983193277311,0,0.0,3,20,0.8333333333333334,0.16666666666666663,0.7897645120041287,0.30151134457776363,subject_dependent,rbf_svm,1.0,0.5454545454545454,0.8022339142000021,0.7727272727272727,0.5833333333333334,0.7727272727272728,0.5833333333333334,0.5833333333333334,0.5833333333333334,0.7743055555555555,4,0.16666666666666666,24,1.0
0.7708333333333334,0.7722222222222223,"{""clf__C"": 1.0, ""clf__gamma"": 0.001}",0.19681225982307252,"[[14, 4], [7, 23]]",arousal,0.7624831309041835,0.7708333333333334,0.77361673414305,7,0.23333333333333334,4,4,0.2222222222222222,0.5268817204301075,0.579399065960053,0.531323373049757,subject_dependent,rbf_svm,0.6666666666666666,0.8518518518518519,0.8348012870093213,0.7592592592592593,0.7708333333333334,0.7824074074074074,0.7722222222222223,0.7708333333333334,0.7708333333333334,0.7444444444444446,14,0.7777777777777778,23,0.7666666666666667
0.5,0.5222222222222223,"{""clf__C"": 1.0, ""clf__gamma"": 0.001}",0.24854799580563594,"[[13, 17], [7, 11]]",arousal,0.4991304347826087,0.5,0.5043478260869566,7,0.3888888888888889,0,17,0.5666666666666667,0.040000000000000036,0.689643269661425,0.04364357804719848,subject_dependent,rbf_svm,0.65,0.39285714285714285,0.466941906518249,0.5214285714285715,0.5,0.5535714285714285,0.5222222222222223,0.5,0.5,0.6000000000000001,13,0.43333333333333335,11,0.6111111111111112
0.5208333333333334,0.5944444444444444,"{""clf__C"": 1.0, ""clf__gamma"": 0.001}",0.28125182867594695,"[[16, 2], [21, 9]]",arousal,0.5104212860310421,0.5208333333333334,0.49257206208425713,21,0.7,1,2,0.1111111111111111,0.15596330275229353,0.7623403047260463,0.21757354466535525,subject_dependent,rbf_svm,0.43243243243243246,0.8181818181818182,0.7766252489601984,0.6253071253071254,0.5208333333333334,0.6735257985257985,0.5944444444444444,0.5208333333333334,0.5208333333333334,0.6277777777777778,16,0.8888888888888888,9,0.3
0.4583333333333333,0.45833333333333337,"{""clf__C"": 10.0, ""clf__gamma"": 0.001}",0.271861867160949,"[[12, 12], [14, 10]]",arousal,0.45739130434782604,0.4583333333333333,0.4573913043478261,14,0.5833333333333334,2,12,0.5,-0.08333333333333326,0.7425011424086702,-0.08362420100070908,subject_dependent,rbf_svm,0.46153846153846156,0.45454545454545453,0.4928085674708658,0.458041958041958,0.4583333333333333,0.4580419580419581,0.45833333333333337,0.4583333333333333,0.4583333333333333,0.5260416666666667,12,0.5,10,0.4166666666666667
0.625,0.6555555555555556,"{""clf__C"": 1.0, ""clf__gamma"": 0.001}",0.26781959231008073,"[[16, 14], [4, 14]]",arousal,0.6243478260869566,0.625,0.6282608695652173,4,0.2222222222222222,3,14,0.4666666666666667,0.28,0.7433296607311753,0.30550504633038933,subject_dependent,rbf_svm,0.8,0.5,0.39744146478021625,0.65,0.625,0.6875,0.6555555555555556,0.625,0.625,0.5740740740740741,16,0.5333333333333333,14,0.7777777777777778
0.5,0.5,"{""clf__C"": 1.0, ""clf__gamma"": 0.001}",0.3004880052523378,"[[13, 11], [13, 11]]",arousal,0.4991304347826087,0.5,0.4991304347826087,13,0.5416666666666666,4,11,0.4583333333333333,0.0,0.8071045131648805,0.0,subject_dependent,rbf_svm,0.5,0.5,0.44260747490725694,0.5,0.5,0.5,0.5,0.5,0.5,0.4166666666666667,13,0.5416666666666666,11,0.4583333333333333
0.5833333333333334,0.6444444444444444,"{""clf__C"": 1.0, ""clf__gamma"": 0.001}",0.333751367140039,"[[16, 2], [18, 12]]",arousal,0.5804195804195804,0.5833333333333334,0.5716783216783217,18,0.6,0,2,0.1111111111111111,0.24528301886792447,0.9982439763951193,0.3076976944152481,subject_dependent,rbf_svm,0.47058823529411764,0.8571428571428571,0.7791784171973646,0.6638655462184874,0.5833333333333334,0.7121848739495799,0.6444444444444444,0.5833333333333334,0.5833333333333334,0.6148148148148148,16,0.8888888888888888,12,0.4
0.625,0.6222222222222222,"{""clf__C"": 1.0, ""clf__gamma"": 0.001}",0.2135887350078012,"[[19, 11], [7, 11]]",arousal,0.6142857142857143,0.625,0.630357142857143,7,0.3888888888888889,1,11,0.36666666666666664,0.23404255319148937,0.613115557124542,0.23750843439814176,subject_dependent,rbf_svm,0.7307692307692307,0.5,0.6460237605414708,0.6153846153846154,0.625,0.6442307692307693,0.6222222222222222,0.625,0.625,0.7037037037037037,19,0.6333333333333333,11,0.6111111111111112
0.6666666666666666,0.6666666666666667,"{""clf__C"": 1.0, ""clf__gamma"": 0.001}",0.23299672200950405,"[[14, 10], [6, 18]]",arousal,0.6643356643356644,0.6666666666666666,0.6643356643356643,6,0.25,2,10,0.4166666666666667,0.33333333333333337,0.6686566548253303,0.3380617018914066,subject_dependent,rbf_svm,0.7,0.6428571428571429,0.6185144828315594,0.6714285714285715,0.6666666666666666,0.6714285714285714,0.6666666666666667,0.6666666666666666,0.6666666666666666,0.671875,14,0.5833333333333334,18,0.75
0.8541666666666666,0.8541666666666667,"{""clf__C"": 1.0, ""clf__gamma"": 0.001}",0.15797461896423193,"[[21, 3], [4, 20]]",arousal,0.8541033434650456,0.8541666666666666,0.8541033434650456,4,0.16666666666666666,3,3,0.125,0.7083333333333333,0.4937215389078283,0.7089490077940542,subject_dependent,rbf_svm,0.84,0.8695652173913043,0.881108450058763,0.8547826086956521,0.8541666666666666,0.8547826086956523,0.8541666666666667,0.8541666666666666,0.8541666666666666,0.8871527777777778,21,0.875,20,0.8333333333333334
0.5,0.5222222222222223,"{""clf__C"": 1.0, ""clf__gamma"": 0.001}",0.29552126479992213,"[[13, 17], [7, 11]]",arousal,0.4991304347826087,0.5,0.5043478260869566,7,0.3888888888888889,4,17,0.5666666666666667,0.040000000000000036,0.7994850175219147,0.04364357804719848,subject_dependent,rbf_svm,0.65,0.39285714285714285,0.40313382822819294,0.5214285714285715,0.5,0.5535714285714285,0.5222222222222223,0.5,0.5,0.4999999999999999,13,0.43333333333333335,11,0.6111111111111112
0.5208333333333334,0.6166666666666667,"{""clf__C"": 0.1, ""clf__gamma"": 0.001}",0.24260201446416738,"[[18, 0], [23, 7]]",arousal,0.4942739349519011,0.5208333333333334,0.4653000458085204,23,0.7666666666666667,0,0,0.0,0.18584070796460173,0.6804986480263367,0.32006096980144877,subject_dependent,rbf_svm,0.43902439024390244,1.0,0.5059268821630324,0.7195121951219512,0.5208333333333334,0.7896341463414634,0.6166666666666667,0.5208333333333334,0.5208333333333334,0.28518518518518515,18,1.0,7,0.23333333333333334
0.75,0.8571428571428572,"{""clf__C"": 10.0, ""clf__gamma"": 0.001}",0.18955089918369125,"[[6, 0], [12, 30]]",arousal,0.6666666666666667,0.75,0.7916666666666666,12,0.2857142857142857,1,0,0.0,0.3846153846153846,0.5838118995625571,0.4879500364742666,subject_dependent,rbf_svm,0.3333333333333333,1.0,0.9851534262097524,0.6666666666666666,0.75,0.9166666666666666,0.8571428571428572,0.75,0.75,0.8968253968253967,6,1.0,30,0.7142857142857143
0.6666666666666666,0.6333333333333333,"{""clf__C"": 1.0, ""clf__gamma"": 0.001}",0.25002451993178965,"[[9, 9], [7, 23]]",arousal,0.6356736242884251,0.6666666666666666,0.6622390891840607,7,0.23333333333333334,2,9,0.5,0.2727272727272727,0.6976361016981686,0.2738612787525831,subject_dependent,rbf_svm,0.5625,0.71875,0.7596043921815326,0.640625,0.6666666666666666,0.66015625,0.6333333333333333,0.6666666666666666,0.6666666666666666,0.5944444444444444,9,0.5,23,0.7666666666666667
0.5208333333333334,0.5277777777777778,"{""clf__C"": 0.1, ""clf__gamma"": 0.001}",0.24163613471079648,"[[10, 8], [15, 15]]",arousal,0.515577007459412,0.5208333333333334,0.5281921895568232,15,0.5,3,8,0.4444444444444444,0.05154639175257736,0.6777660142259206,0.05383819020581655,subject_dependent,rbf_svm,0.4,0.6521739130434783,0.686895895608553,0.5260869565217392,0.5208333333333334,0.5576086956521739,0.5277777777777778,0.5208333333333334,0.5208333333333334,0.5092592592592593,10,0.5555555555555556,15,0.5
0.625,0.5222222222222223,"{""clf__C"": 10.0, ""clf__gamma"": 0.001}",0.32888464902289677,"[[2, 16], [2, 28]]",arousal,0.46928746928746934,0.625,0.5411547911547913,2,0.06666666666666667,4,16,0.8888888888888888,0.052631578947368474,1.1035613919686111,0.0778498944161523,subject_dependent,rbf_svm,0.5,0.6363636363636364,0.6914902660433057,0.5681818181818181,0.625,0.5852272727272727,0.5222222222222223,0.625,0.625,0.5351851851851852,2,0.1111111111111111,28,0.9333333333333333
0.6458333333333334,0.5722222222222222,"{""clf__C"": 1.0, ""clf__gamma"": 0.001}",0.2376841608078323,"[[5, 13], [4, 26]]",dominance,0.5619967793880838,0.6458333333333334,0.609903381642512,4,0.13333333333333333,0,13,0.7222222222222222,0.16049382716049387,0.6756077450708565,0.17916128329552333,subject_dependent,rbf_svm,0.5555555555555556,0.6666666666666666,0.6315594785877063,0.6111111111111112,0.6458333333333334,0.625,0.5722222222222222,0.6458333333333334,0.6458333333333334,0.5203703703703704,5,0.2777777777777778,26,0.8666666666666667
0.6041666666666666,0.5166666666666667,"{""clf__C"": 1.0, ""clf__gamma"": 0.001}",0.22982425811552099,"[[3, 15], [4, 26]]",dominance,0.48619718309859156,0.6041666666666666,0.5477464788732395,4,0.13333333333333333,1,15,0.8333333333333334,0.03797468354430378,0.651843628531183,0.04572299568592125,subject_dependent,rbf_svm,0.42857142857142855,0.6341463414634146,0.7063485438856931,0.5313588850174216,0.6041666666666666,0.5570557491289199,0.5166666666666667,0.6041666666666666,0.6041666666666666,0.624074074074074,3,0.16666666666666666,26,0.8666666666666667
0.5,0.42222222222222217,"{""clf__C"": 1.0, ""clf__gamma"": 0.001}",0.2404224032425217,"[[2, 16], [8, 22]]",dominance,0.39495798319327735,0.5,0.4579831932773109,8,0.26666666666666666,2,16,0.8888888888888888,-0.1707317073170731,0.673355301634535,-0.18543452998910614,subject_dependent,rbf_svm,0.2,0.5789473684210527,0.6942620755122137,0.3894736842105263,0.5,0.4368421052631579,0.42222222222222217,0.5,0.5,0.49259259259259264,2,0.1111111111111111,22,0.7333333333333333
0.5833333333333334,0.5,"{""clf__C"": 1.0, ""clf__gamma"": 0.001}",0.23248262092020008,"[[3, 15], [5, 25]]",dominance,0.4725274725274725,0.5833333333333334,0.532967032967033,5,0.16666666666666666,3,15,0.8333333333333334,0.0,0.657340574577004,0.0,subject_dependent,rbf_svm,0.375,0.625,0.721653783456571,0.5,0.5833333333333334,0.53125,0.5,0.5833333333333334,0.5833333333333334,0.6185185185185185,3,0.16666666666666666,25,0.8333333333333334
0.4166666666666667,0.2777777777777778,"{""clf__C"": 1.0, ""clf__gamma"": 0.001}",0.27817460136322153,"[[0, 12], [16, 20]]",dominance,0.29411764705882354,0.4166666666666667,0.4411764705882353,16,0.4444444444444444,4,12,1.0,-0.3999999999999999,0.7617927844017531,-0.408248290463863,subject_dependent,rbf_svm,0.0,0.625,0.638586473097318,0.3125,0.4166666666666667,0.46875,0.2777777777777778,0.4166666666666667,0.4166666666666667,0.2361111111111111,0,0.0,20,0.5555555555555556
0.7916666666666666,0.7555555555555555,"{""clf__C"": 0.1, ""clf__gamma"": 0.001}",0.1996093886954556,"[[11, 7], [3, 27]]",dominance,0.765625,0.7916666666666666,0.78515625,3,0.1,0,7,0.3888888888888889,0.5348837209302326,0.5879602977805677,0.5443882285808235,subject_dependent,rbf_svm,0.7857142857142857,0.7941176470588235,0.7646305209679805,0.7899159663865546,0.7916666666666666,0.7909663865546218,0.7555555555555555,0.7916666666666666,0.7916666666666666,0.7537037037037038,11,0.6111111111111112,27,0.9
0.625,0.42857142857142855,"{""clf__C"": 0.1, ""clf__gamma"": 0.001}",0.21044468394852012,"[[1, 5], [13, 29]]",dominance,0.43157894736842106,0.625,0.6802631578947369,13,0.30952380952380953,1,5,0.8333333333333334,-0.09090909090909083,0.6138976749985565,-0.10394383930128556,subject_dependent,rbf_svm,0.07142857142857142,0.8529411764705882,0.8247716439118997,0.4621848739495798,0.625,0.7552521008403361,0.42857142857142855,0.625,0.625,0.2857142857142857,1,0.16666666666666666,29,0.6904761904761905
0.8125,0.7722222222222223,"{""clf__C"": 1.0, ""clf__gamma"": 0.001}",0.17659658933939293,"[[11, 7], [2, 28]]",dominance,0.7856079404466502,0.8125,0.8045905707196029,2,0.06666666666666667,2,7,0.3888888888888889,0.5764705882352941,0.5359034753787161,0.5931229820154263,subject_dependent,rbf_svm,0.8461538461538461,0.8,0.864230455589061,0.823076923076923,0.8125,0.8173076923076922,0.7722222222222223,0.8125,0.8125,0.8111111111111111,11,0.6111111111111112,28,0.9333333333333333
0.5625,0.5944444444444444,"{""clf__C"": 0.1, ""clf__gamma"": 0.001}",0.3304701765008511,"[[14, 16], [5, 13]]",dominance,0.5623100303951367,0.5625,0.5645896656534954,5,0.2777777777777778,3,16,0.5333333333333333,0.16831683168316836,0.8834931153439017,0.18699392279626206,subject_dependent,rbf_svm,0.7368421052631579,0.4482758620689655,0.65744691993402,0.5925589836660616,0.5625,0.6286297640653357,0.5944444444444444,0.5625,0.5625,0.7277777777777777,14,0.4666666666666667,13,0.7222222222222222
0.6458333333333334,0.7261904761904763,"{""clf__C"": 1.0, ""clf__gamma"": 0.001}",0.20667380303197633,"[[5, 1], [16, 26]]",dominance,0.5619967793880838,0.6458333333333334,0.7057165861513689,16,0.38095238095238093,4,1,0.16666666666666666,0.2183908045977011,0.594690774897123,0.30158730158730157,subject_dependent,rbf_svm,0.23809523809523808,0.9629629629629629,0.960033661345888,0.6005291005291005,0.6458333333333334,0.8723544973544973,0.7261904761904763,0.6458333333333334,0.6458333333333334,0.7658730158730159,5,0.8333333333333334,26,0.6190476190476191
0.3333333333333333,0.3333333333333333,"{""clf__C"": 10.0, ""clf__gamma"": 0.001}",0.37922906478978563,"[[13, 11], [21, 3]]",dominance,0.3030852994555354,0.3333333333333333,0.30308529945553536,21,0.875,0,11,0.4583333333333333,-0.33333333333333326,1.028834431052672,-0.36667939881128453,subject_dependent,rbf_svm,0.38235294117647056,0.21428571428571427,0.40004241286472914,0.29831932773109243,0.3333333333333333,0.29831932773109243,0.3333333333333333,0.3333333333333333,0.3333333333333333,0.3177083333333333,13,0.5416666666666666,3,0.125
0.6041666666666666,0.6041666666666667,"{""clf__C"": 1.0, ""clf__gamma"": 0.001}",0.24925013691114684,"[[14, 10], [9, 15]]",dominance,0.6039947894051237,0.6041666666666666,0.6039947894051237,9,0.375,1,10,0.4166666666666667,0.20833333333333337,0.6924164957210741,0.20851441405707477,subject_dependent,rbf_svm,0.6086956521739131,0.6,0.6130057826331716,0.6043478260869566,0.6041666666666666,0.6043478260869565,0.6041666666666667,0.6041666666666666,0.6041666666666666,0.6059027777777778,14,0.5833333333333334,15,0.625
0.4583333333333333,0.43333333333333335,"{""clf__C"": 1.0, ""clf__gamma"": 0.001}",0.29447881721463376,"[[6, 12], [14, 16]]",dominance,0.4337568058076225,0.4583333333333333,0.46324863883847556,14,0.4666666666666667,2,12,0.6666666666666666,-0.13043478260869557,0.7863558831234959,-0.13093073414159542,subject_dependent,rbf_svm,0.3,0.5714285714285714,0.6702566313787621,0.4357142857142857,0.4583333333333333,0.4696428571428571,0.43333333333333335,0.4583333333333333,0.4583333333333333,0.44259259259259265,6,0.3333333333333333,16,0.5333333333333333
0.5416666666666666,0.5416666666666666,"{""clf__C"": 1.0, ""clf__gamma"": 0.001}",0.2533604172922043,"[[18, 6], [16, 8]]",dominance,0.5208711433756805,0.5416666666666666,0.5208711433756806,16,0.6666666666666666,3,6,0.25,0.08333333333333337,0.6994677582368292,0.09166984970282113,subject_dependent,rbf_svm,0.5294117647058824,0.5714285714285714,0.5933510183361861,0.5504201680672269,0.5416666666666666,0.5504201680672268,0.5416666666666666,0.5416666666666666,0.5416666666666666,0.607638888888889,18,0.75,8,0.3333333333333333
0.3541666666666667,0.3541666666666667,"{""clf__C"": 10.0, ""clf__gamma"": 0.001}",,"[[17, 31], [0, 0]]",dominance,0.26153846153846155,0.3541666666666667,0.5230769230769231,,,4,,,0.0,,0.0,subject_dependent,rbf_svm,,,0.0,0.5,0.3541666666666667,1.0,0.17708333333333334,0.3541666666666667,0.3541666666666667,nan,,,,
0.4791666666666667,0.625,"{""clf__C"": 1.0, ""clf__gamma"": 0.001}",0.19613264671236194,"[[12, 24], [1, 11]]",dominance,0.47894051237516283,0.4791666666666667,0.4843682153712548,1,0.08333333333333333,0,24,0.6666666666666666,0.15254237288135597,0.5752546778300524,0.24359938288234506,subject_dependent,rbf_svm,0.9230769230769231,0.3142857142857143,0.3655448864728802,0.6186813186813187,0.4791666666666667,0.7708791208791209,0.625,0.4791666666666667,0.4791666666666667,0.6041666666666666,12,0.3333333333333333,11,0.9166666666666666
0.5,0.5,"{""clf__C"": 1.0, ""clf__gamma"": 0.001}",0.2633966164327099,"[[15, 15], [9, 9]]",dominance,0.4920634920634921,0.5,0.5079365079365079,9,0.5,1,15,0.5,0.0,0.7758381314210251,0.0,subject_dependent,rbf_svm,0.625,0.375,0.419348633701675,0.5,0.5,0.53125,0.5,0.5,0.5,0.49629629629629624,15,0.5,9,0.5
0.625,0.6777777777777778,"{""clf__C"": 1.0, ""clf__gamma"": 0.001}",0.22239474799125,"[[14, 16], [2, 16]]",dominance,0.6243478260869566,0.625,0.6204347826086957,2,0.1111111111111111,2,16,0.5333333333333333,0.3076923076923077,0.6302184880460847,0.36514837167011077,subject_dependent,rbf_svm,0.875,0.5,0.5345060479156408,0.6875,0.625,0.734375,0.6777777777777778,0.625,0.625,0.6944444444444444,14,0.4666666666666667,16,0.8888888888888888
0.5625,0.6527777777777778,"{""clf__C"": 1.0, ""clf__gamma"": 0.001}",0.1959164921626256,"[[17, 19], [2, 10]]",dominance,0.5529933481152993,0.5625,0.5855875831485587,2,0.16666666666666666,3,19,0.5277777777777778,0.2075471698113207,0.5664932167456441,0.270555432368805,subject_dependent,rbf_svm,0.8947368421052632,0.3448275862068966,0.3617927573772562,0.6197822141560798,0.5625,0.7572595281306715,0.6527777777777778,0.5625,0.5625,0.6574074074074074,17,0.4722222222222222,10,0.8333333333333334
0.6458333333333334,0.6805555555555556,"{""clf__C"": 1.0, ""clf__gamma"": 0.001}",0.17497002970889466,"[[22, 14], [3, 9]]",dominance,0.6177985948477751,0.6458333333333334,0.6695550351288055,3,0.25,4,14,0.3888888888888889,0.276595744680851,0.5310556604972024,0.3130032180229999,subject_dependent,rbf_svm,0.88,0.391304347826087,0.5071511439446222,0.6356521739130435,0.6458333333333334,0.7578260869565218,0.6805555555555556,0.6458333333333334,0.6458333333333334,0.7523148148148148,22,0.6111111111111112,9,0.75
0.5208333333333334,0.538888888888889,"{""clf__C"": 1.0, ""clf__gamma"": 0.001}",0.30545196088383775,"[[11, 7], [16, 14]]",dominance,0.5189542483660131,0.5208333333333334,0.5264705882352941,16,0.5333333333333333,0,7,0.3888888888888889,0.07070707070707072,0.8194703059615307,0.07590333900710813,subject_dependent,rbf_svm,0.4074074074074074,0.6666666666666666,0.7540937491972192,0.537037037037037,0.5208333333333334,0.5694444444444444,0.538888888888889,0.5208333333333334,0.5208333333333334,0.6203703703703705,11,0.6111111111111112,14,0.4666666666666667
0.5625,0.5611111111111111,"{""clf__C"": 1.0, ""clf__gamma"": 0.001}",0.22255219181568453,"[[17, 13], [8, 10]]",dominance,0.5529933481152993,0.5625,0.5692904656319291,8,0.4444444444444444,1,13,0.43333333333333335,0.11578947368421055,0.6294878546752806,0.11844401845279641,subject_dependent,rbf_svm,0.68,0.43478260869565216,0.46084077869888784,0.5573913043478261,0.5625,0.5880434782608696,0.5611111111111111,0.5625,0.5625,0.6351851851851852,17,0.5666666666666667,10,0.5555555555555556
0.625,0.6222222222222222,"{""clf__C"": 1.0, ""clf__gamma"": 0.001}",0.2256553755630523,"[[19, 11], [7, 11]]",dominance,0.6142857142857143,0.625,0.630357142857143,7,0.3888888888888889,2,11,0.36666666666666664,0.23404255319148937,0.6428448378098004,0.23750843439814176,subject_dependent,rbf_svm,0.7307692307692307,0.5,0.47596315268641065,0.6153846153846154,0.625,0.6442307692307693,0.6222222222222222,0.625,0.625,0.6407407407407407,19,0.6333333333333333,11,0.6111111111111112
0.5416666666666666,0.5111111111111111,"{""clf__C"": 10.0, ""clf__gamma"": 0.001}",0.23071736536964885,"[[19, 11], [11, 7]]",dominance,0.5111111111111111,0.5416666666666666,0.5416666666666666,11,0.6111111111111112,3,11,0.36666666666666664,0.022222222222222254,0.6449194661193238,0.022222222222222223,subject_dependent,rbf_svm,0.6333333333333333,0.3888888888888889,0.4822288385510838,0.5111111111111111,0.5416666666666666,0.5416666666666666,0.5111111111111111,0.5416666666666666,0.5416666666666666,0.6111111111111112,19,0.6333333333333333,7,0.3888888888888889
0.5416666666666666,0.5222222222222221,"{""clf__C"": 10.0, ""clf__gamma"": 0.001}",0.24240138114785656,"[[18, 12], [10, 8]]",dominance,0.5208711433756805,0.5416666666666666,0.5458257713248639,10,0.5555555555555556,4,12,0.4,0.04347826086956519,0.6772166601445865,0.04364357804719848,subject_dependent,rbf_svm,0.6428571428571429,0.4,0.4613770419916062,0.5214285714285715,0.5416666666666666,0.5517857142857143,0.5222222222222221,0.5416666666666666,0.5416666666666666,0.5833333333333333,18,0.6,8,0.4444444444444444
0.5625,0.5625,"{""clf__C"": 10.0, ""clf__gamma"": 0.001}",0.2741029187625594,"[[9, 15], [6, 18]]",dominance,0.5465587044534412,0.5625,0.5465587044534413,6,0.25,0,15,0.625,0.125,0.7690766451924755,0.13483997249264842,subject_dependent,rbf_svm,0.6,0.5454545454545454,0.5545105266223994,0.5727272727272728,0.5625,0.5727272727272726,0.5625,0.5625,0.5625,0.5642361111111112,9,0.375,18,0.75
0.6041666666666666,0.5972222222222223,"{""clf__C"": 10.0, ""clf__gamma"": 0.001}",0.23334515852065021,"[[7, 5], [14, 22]]",dominance,0.5613275613275613,0.6041666666666666,0.6298701298701298,14,0.3888888888888889,1,5,0.4166666666666667,0.15555555555555556,0.6590398688656074,0.16972502573910517,subject_dependent,rbf_svm,0.3333333333333333,0.8148148148148148,0.8552513105231101,0.5740740740740741,0.6041666666666666,0.6944444444444443,0.5972222222222223,0.6041666666666666,0.6041666666666666,0.6435185185185186,7,0.5833333333333334,22,0.6111111111111112
0.4791666666666667,0.40555555555555556,"{""clf__C"": 10.0, ""clf__gamma"": 0.001}",0.3092854170004161,"[[2, 16], [9, 21]]",dominance,0.3823983530622749,0.4791666666666667,0.4435151827071539,9,0.3,2,16,0.8888888888888888,-0.20481927710843384,0.8563318426045997,-0.21757354466535525,subject_dependent,rbf_svm,0.18181818181818182,0.5675675675675675,0.6963710339520447,0.3746928746928747,0.4791666666666667,0.4229115479115479,0.40555555555555556,0.4791666666666667,0.4791666666666667,0.4981481481481481,2,0.1111111111111111,21,0.7
0.5625,0.5625,"{""clf__C"": 1.0, ""clf__gamma"": 0.001}",0.2653512560845069,"[[7, 17], [4, 20]]",dominance,0.5278688524590164,0.5625,0.5278688524590164,4,0.16666666666666666,3,17,0.7083333333333334,0.125,0.7289821084523606,0.1487044791289829,subject_dependent,rbf_svm,0.6363636363636364,0.5405405405405406,0.6238532048964045,0.5884520884520885,0.5625,0.5884520884520885,0.5625,0.5625,0.5625,0.6163194444444445,7,0.2916666666666667,20,0.8333333333333334
0.5208333333333334,0.55,"{""clf__C"": 1.0, ""clf__gamma"": 0.001}",0.24507755824571012,"[[12, 6], [17, 13]]",dominance,0.5206252713851498,0.5208333333333334,0.5231220147633522,17,0.5666666666666667,4,6,0.3333333333333333,0.08910891089108908,0.6847426693399856,0.09899678265684463,subject_dependent,rbf_svm,0.41379310344827586,0.6842105263157895,0.6602485879913192,0.5490018148820327,0.5208333333333334,0.5828039927404719,0.55,0.5208333333333334,0.5208333333333334,0.537037037037037,12,0.6666666666666666,13,0.43333333333333335
0.6041666666666666,0.6166666666666667,"{""clf__C"": 10.0, ""clf__gamma"": 0.001}",0.284617882795295,"[[12, 6], [13, 17]]",dominance,0.5998244844229925,0.6041666666666666,0.6102457218078104,13,0.43333333333333335,0,6,0.3333333333333333,0.21649484536082475,0.8075697559020757,0.2261203988644295,subject_dependent,rbf_svm,0.48,0.7391304347826086,0.7414901101046963,0.6095652173913043,0.6041666666666666,0.6419565217391304,0.6166666666666667,0.6041666666666666,0.6041666666666666,0.5703703703703704,12,0.6666666666666666,17,0.5666666666666667
0.4375,0.4375,"{""clf__C"": 1.0, ""clf__gamma"": 0.001}",0.3133181174920196,"[[12, 12], [15, 9]]",dominance,0.43529411764705883,0.4375,0.43529411764705883,15,0.625,1,12,0.5,-0.125,0.8314506431613942,-0.12598815766974242,subject_dependent,rbf_svm,0.4444444444444444,0.42857142857142855,0.5106636301179659,0.4365079365079365,0.4375,0.43650793650793646,0.4375,0.4375,0.4375,0.4878472222222222,12,0.5,9,0.375
0.5416666666666666,0.5333333333333333,"{""clf__C"": 1.0, ""clf__gamma"": 0.001}",0.3245480766846652,"[[9, 9], [13, 17]]",dominance,0.5285714285714286,0.5416666666666666,0.5482142857142857,13,0.43333333333333335,2,9,0.5,0.06382978723404253,0.9208105308171559,0.06477502756312957,subject_dependent,rbf_svm,0.4090909090909091,0.6538461538461539,0.6161547731222682,0.5314685314685315,0.5416666666666666,0.5620629370629371,0.5333333333333333,0.5416666666666666,0.5416666666666666,0.5166666666666667,9,0.5,17,0.5666666666666667
0.6041666666666666,0.6388888888888888,"{""clf__C"": 10.0, ""clf__gamma"": 0.001}",0.2760858938194534,"[[15, 15], [4, 14]]",dominance,0.6039947894051237,0.6041666666666666,0.6060573165436388,4,0.2222222222222222,3,15,0.5,0.24752475247524752,0.7782681566599797,0.2749910629356795,subject_dependent,rbf_svm,0.7894736842105263,0.4827586206896552,0.5695146365551854,0.6361161524500908,0.6041666666666666,0.6744555353901998,0.6388888888888888,0.6041666666666666,0.6041666666666666,0.6722222222222222,15,0.5,14,0.7777777777777778
0.6041666666666666,0.65,"{""clf__C"": 1.0, ""clf__gamma"": 0.001}",0.25370326339201615,"[[14, 16], [3, 15]]",dominance,0.6039947894051237,0.6041666666666666,0.6019322622666087,3,0.16666666666666666,4,16,0.5333333333333333,0.2621359223300971,0.7306683221301079,0.3036776479294985,subject_dependent,rbf_svm,0.8235294117647058,0.4838709677419355,0.5016946486074324,0.6537001897533207,0.6041666666666666,0.696157495256167,0.65,0.6041666666666666,0.6041666666666666,0.6833333333333332,14,0.4666666666666667,15,0.8333333333333334
0.5625,0.5166666666666666,"{""clf__C"": 10.0, ""clf__gamma"": 0.001}",0.25235501754317563,"[[6, 12], [9, 21]]",dominance,0.5151515151515151,0.5625,0.5530303030303031,9,0.3,0,12,0.6666666666666666,0.03448275862068961,0.7064612909365668,0.034815531191139566,subject_dependent,rbf_svm,0.4,0.6363636363636364,0.6591525937825395,0.5181818181818182,0.5625,0.5477272727272727,0.5166666666666666,0.5625,0.5625,0.5240740740740741,6,0.3333333333333333,21,0.7
0.5208333333333334,0.5208333333333334,"{""clf__C"": 10.0, ""clf__gamma"": 0.001}",0.312392483134645,"[[5, 19], [4, 20]]",dominance,0.46897546897546893,0.5208333333333334,0.468975468975469,4,0.16666666666666666,1,19,0.7916666666666666,0.04166666666666663,0.8998005920446137,0.05337605126836238,subject_dependent,rbf_svm,0.5555555555555556,0.5128205128205128,0.5227661968387127,0.5341880341880342,0.5208333333333334,0.5341880341880342,0.5208333333333334,0.5208333333333334,0.5208333333333334,0.5104166666666666,5,0.20833333333333334,20,0.8333333333333334
0.5208333333333334,0.5138888888888888,"{""clf__C"": 1.0, ""clf__gamma"": 0.001}",0.23360649059135752,"[[6, 6], [17, 19]]",dominance,0.482903981264637,0.5208333333333334,0.5529274004683841,17,0.4722222222222222,2,6,0.5,0.021276595744680882,0.6600349649085034,0.02407717061715384,subject_dependent,rbf_svm,0.2608695652173913,0.76,0.7764155289869143,0.5104347826086957,0.5208333333333334,0.6352173913043478,0.5138888888888888,0.5208333333333334,0.5208333333333334,0.5185185185185185,6,0.5,19,0.5277777777777778
0.5,0.4444444444444444,"{""clf__C"": 10.0, ""clf__gamma"": 0.001}",0.3098918843651904,"[[4, 14], [10, 20]]",dominance,0.4375,0.5,0.484375,10,0.3333333333333333,3,14,0.7777777777777778,-0.11627906976744184,0.8633785186030698,-0.11834526708278773,subject_dependent,rbf_svm,0.2857142857142857,0.5882352941176471,0.6375217007859446,0.4369747899159664,0.5,0.4747899159663866,0.4444444444444444,0.5,0.5,0.4462962962962963,4,0.2222222222222222,20,0.6666666666666666
0.5625,0.5277777777777778,"{""clf__C"": 10.0, ""clf__gamma"": 0.001}",0.22771446274633803,"[[7, 11], [10, 20]]",dominance,0.5278688524590164,0.5625,0.5598360655737704,10,0.3333333333333333,4,11,0.6111111111111112,0.0561797752808989,0.6441142448567875,0.05623660146842564,subject_dependent,rbf_svm,0.4117647058823529,0.6451612903225806,0.7479934267485263,0.5284629981024668,0.5625,0.5576375711574952,0.5277777777777778,0.5625,0.5625,0.6037037037037036,7,0.3888888888888889,20,0.6666666666666666
0.5625,0.6071428571428572,"{""clf__C"": 0.1, ""clf__gamma"": 0.001}",0.1896711729175465,"[[23, 19], [2, 4]]",dominance,0.48121461657231085,0.5625,0.635229027277406,2,0.3333333333333333,0,19,0.4523809523809524,0.09677419354838712,0.563063880420443,0.14185987312303813,subject_dependent,rbf_svm,0.92,0.17391304347826086,0.3388888888888889,0.5469565217391305,0.5625,0.8267391304347825,0.6071428571428572,0.5625,0.5625000000000001,0.5833333333333333,23,0.5476190476190477,4,0.6666666666666666
0.6458333333333334,0.6611111111111111,"{""clf__C"": 0.1, ""clf__gamma"": 0.001}",0.18684275437593334,"[[18, 12], [5, 13]]",dominance,0.6419482229047828,0.6458333333333334,0.6512724879333041,5,0.2777777777777778,1,12,0.4,0.2989690721649485,0.5547597477087713,0.31226150319373597,subject_dependent,rbf_svm,0.782608695652174,0.52,0.6967458291494802,0.6513043478260869,0.6458333333333334,0.6841304347826087,0.6611111111111111,0.6458333333333334,0.6458333333333334,0.7907407407407407,18,0.6,13,0.7222222222222222
0.7916666666666666,0.7666666666666666,"{""clf__C"": 0.1, ""clf__gamma"": 0.001}",0.18808381748968706,"[[26, 4], [6, 12]]",dominance,0.7722960151802657,0.7916666666666666,0.7888994307400381,6,0.3333333333333333,2,4,0.13333333333333333,0.5454545454545454,0.5517118732886647,0.5477225575051662,subject_dependent,rbf_svm,0.8125,0.75,0.7231450199067906,0.78125,0.7916666666666666,0.7890625,0.7666666666666666,0.7916666666666666,0.7916666666666666,0.8222222222222222,26,0.8666666666666667,12,0.6666666666666666
0.625,0.7222222222222222,"{""clf__C"": 1.0, ""clf__gamma"": 0.001}",0.1892073182650722,"[[19, 17], [1, 11]]",dominance,0.6142857142857143,0.625,0.6464285714285715,1,0.08333333333333333,3,17,0.4722222222222222,0.3076923076923077,0.5501762485203768,0.39036002917941326,subject_dependent,rbf_svm,0.95,0.39285714285714285,0.5776124147938241,0.6714285714285714,0.625,0.8107142857142856,0.7222222222222222,0.625,0.625,0.7847222222222222,19,0.5277777777777778,11,0.9166666666666666
0.6875,0.6875,"{""clf__C"": 1.0, ""clf__gamma"": 0.001}",0.2563083255923945,"[[22, 2], [13, 11]]",dominance,0.6701786532295007,0.6875,0.6701786532295007,13,0.5416666666666666,4,2,0.08333333333333333,0.375,0.7418502826099654,0.42192650784464586,subject_dependent,rbf_svm,0.6285714285714286,0.8461538461538461,0.842563334027395,0.7373626373626374,0.6875,0.7373626373626374,0.6875,0.6875,0.6875,0.8246527777777778,22,0.9166666666666666,11,0.4583333333333333
0.6041666666666666,0.6041666666666666,"{""clf__C"": 1.0, ""clf__gamma"": 0.01}",0.27036876700475726,"[[10, 14], [5, 19]]",dominance,0.5897435897435896,0.6041666666666666,0.5897435897435898,5,0.20833333333333334,0,14,0.5833333333333334,0.20833333333333337,0.7353618550198032,0.22473328748774737,subject_dependent,rbf_svm,0.6666666666666666,0.5757575757575758,0.4201884126210055,0.6212121212121212,0.6041666666666666,0.6212121212121212,0.6041666666666666,0.6041666666666666,0.6041666666666666,0.29513888888888884,10,0.4166666666666667,19,0.7916666666666666
0.3958333333333333,0.3958333333333333,"{""clf__C"": 10.0, ""clf__gamma"": 0.001}",,"[[0, 0], [29, 19]]",dominance,0.2835820895522388,0.3958333333333333,0.5671641791044776,,,1,,,0.0,,0.0,subject_dependent,rbf_svm,,,1.0,0.5,0.3958333333333333,1.0,0.19791666666666666,0.3958333333333333,0.3958333333333333,nan,,,,
0.5833333333333334,0.5833333333333333,"{""clf__C"": 10.0, ""clf__gamma"": 0.001}",0.2614724381974514,"[[13, 11], [9, 15]]",dominance,0.5826086956521739,0.5833333333333334,0.5826086956521739,9,0.375,2,11,0.4583333333333333,0.16666666666666663,0.71840018908934,0.16724840200141816,subject_dependent,rbf_svm,0.5909090909090909,0.5769230769230769,0.583662456839368,0.583916083916084,0.5833333333333334,0.5839160839160839,0.5833333333333333,0.5833333333333334,0.5833333333333334,0.5494791666666667,13,0.5416666666666666,15,0.625
0.3958333333333333,0.4277777777777778,"{""clf__C"": 1.0, ""clf__gamma"": 0.001}",0.42625125359528626,"[[9, 21], [8, 10]]",dominance,0.3955709943551889,0.3958333333333333,0.3924229266174555,8,0.4444444444444444,3,21,0.7,-0.12621359223300965,1.1733795058452248,-0.14621516381790667,subject_dependent,rbf_svm,0.5294117647058824,0.3225806451612903,0.31522813099478925,0.42599620493358636,0.3958333333333333,0.45185009487666034,0.4277777777777778,0.3958333333333333,0.3958333333333333,0.3351851851851852,9,0.3,10,0.5555555555555556
0.5416666666666666,0.5416666666666667,"{""clf__C"": 1.0, ""clf__gamma"": 0.01}",0.26150612540336904,"[[6, 18], [4, 20]]",dominance,0.4990512333965844,0.5416666666666666,0.4990512333965844,4,0.16666666666666666,4,18,0.75,0.08333333333333337,0.7174322267106573,0.10259783520851541,subject_dependent,rbf_svm,0.6,0.5263157894736842,0.5914615755522874,0.5631578947368421,0.5416666666666666,0.5631578947368421,0.5416666666666667,0.5416666666666666,0.5416666666666666,0.5520833333333333,6,0.25,20,0.8333333333333334
0.6666666666666666,0.7,"{""clf__C"": 1.0, ""clf__gamma"": 0.001}",0.2097069263793956,"[[15, 3], [13, 17]]",dominance,0.6660869565217391,0.6666666666666666,0.6695652173913045,13,0.43333333333333335,0,3,0.16666666666666666,0.36,0.5919529503959654,0.3927922024247863,subject_dependent,rbf_svm,0.5357142857142857,0.85,0.8514076391327345,0.6928571428571428,0.6666666666666666,0.7321428571428571,0.7,0.6666666666666666,0.6666666666666666,0.7111111111111111,15,0.8333333333333334,17,0.5666666666666667
0.6458333333333334,0.6388888888888888,"{""clf__C"": 1.0, ""clf__gamma"": 0.001}",0.21983422738082017,"[[11, 7], [10, 20]]",dominance,0.6329284750337382,0.6458333333333334,0.6501349527665317,10,0.3333333333333333,1,7,0.3888888888888889,0.26881720430107525,0.612960104658268,0.27108335359681474,subject_dependent,rbf_svm,0.5238095238095238,0.7407407407407407,0.8448076467847618,0.6322751322751323,0.6458333333333334,0.6593915343915344,0.6388888888888888,0.6458333333333334,0.6458333333333334,0.7055555555555556,11,0.6111111111111112,20,0.6666666666666666
0.6875,0.6527777777777778,"{""clf__C"": 1.0, ""clf__gamma"": 0.001}",0.2082258682764381,"[[7, 5], [10, 26]]",dominance,0.629439011837365,0.6875,0.7027792074112198,10,0.2777777777777778,2,5,0.4166666666666667,0.2682926829268293,0.5977378814296187,0.2766475001553213,subject_dependent,rbf_svm,0.4117647058823529,0.8387096774193549,0.8690856514668375,0.6252371916508539,0.6875,0.7319734345351044,0.6527777777777778,0.6875,0.6875,0.6412037037037037,7,0.5833333333333334,26,0.7222222222222222
0.6041666666666666,0.5972222222222223,"{""clf__C"": 1.0, ""clf__gamma"": 0.001}",0.2150686485835148,"[[7, 5], [14, 22]]",dominance,0.5613275613275613,0.6041666666666666,0.6298701298701298,14,0.3888888888888889,3,5,0.4166666666666667,0.15555555555555556,0.6175124580533234,0.16972502573910517,subject_dependent,rbf_svm,0.3333333333333333,0.8148148148148148,0.8694225345151021,0.5740740740740741,0.6041666666666666,0.6944444444444443,0.5972222222222223,0.6041666666666666,0.6041666666666666,0.6435185185185185,7,0.5833333333333334,22,0.6111111111111112
0.6666666666666666,0.6888888888888889,"{""clf__C"": 1.0, ""clf__gamma"": 0.001}",0.23146541128929007,"[[14, 4], [12, 18]]",dominance,0.6643356643356644,0.6666666666666666,0.6713286713286714,12,0.4,4,4,0.2222222222222222,0.34693877551020413,0.7043993999928913,0.3670584895244009,subject_dependent,rbf_svm,0.5384615384615384,0.8181818181818182,0.7665547664088388,0.6783216783216783,0.6666666666666666,0.7132867132867133,0.6888888888888889,0.6666666666666666,0.6666666666666666,0.6703703703703704,14,0.7777777777777778,18,0.6
0.6041666666666666,0.6041666666666666,"{""clf__C"": 1.0, ""clf__gamma"": 0.001}",0.2248159846817345,"[[13, 11], [8, 16]]",dominance,0.6026143790849673,0.6041666666666666,0.6026143790849673,8,0.3333333333333333,0,11,0.4583333333333333,0.20833333333333337,0.6418074154911415,0.20998026278290402,subject_dependent,rbf_svm,0.6190476190476191,0.5925925925925926,0.7817391066244698,0.6058201058201058,0.6041666666666666,0.6058201058201058,0.6041666666666666,0.6041666666666666,0.6041666666666666,0.6909722222222222,13,0.5416666666666666,16,0.6666666666666666
0.4791666666666667,0.4791666666666667,"{""clf__C"": 0.1, ""clf__gamma"": 0.001}",0.2613067086846499,"[[18, 6], [19, 5]]",dominance,0.4379391100702576,0.4791666666666667,0.4379391100702576,19,0.7916666666666666,1,6,0.25,-0.04166666666666674,0.7161523116756126,-0.04956815970966097,subject_dependent,rbf_svm,0.4864864864864865,0.45454545454545453,0.4867019956335257,0.4705159705159705,0.4791666666666667,0.4705159705159705,0.4791666666666667,0.4791666666666667,0.4791666666666667,0.46875,18,0.75,5,0.20833333333333334
0.6458333333333334,0.6499999999999999,"{""clf__C"": 1.0, ""clf__gamma"": 0.001}",0.2685497902724833,"[[19, 11], [6, 12]]",dominance,0.6381374722838138,0.6458333333333334,0.651330376940133,6,0.3333333333333333,2,11,0.36666666666666664,0.28421052631578947,0.761989805053236,0.2907262271114094,subject_dependent,rbf_svm,0.76,0.5217391304347826,0.46099682573618994,0.6408695652173912,0.6458333333333334,0.6706521739130435,0.6499999999999999,0.6458333333333334,0.6458333333333334,0.6314814814814815,19,0.6333333333333333,12,0.6666666666666666
0.7708333333333334,0.7708333333333333,"{""clf__C"": 1.0, ""clf__gamma"": 0.001}",0.18098317187272817,"[[22, 2], [9, 15]]",dominance,0.7658536585365854,0.7708333333333334,0.7658536585365855,9,0.375,3,2,0.08333333333333333,0.5416666666666667,0.548372855965707,0.5662888944297417,subject_dependent,rbf_svm,0.7096774193548387,0.8823529411764706,0.8836349300623598,0.7960151802656547,0.7708333333333334,0.7960151802656545,0.7708333333333333,0.7708333333333334,0.7708333333333334,0.8628472222222223,22,0.9166666666666666,15,0.625
0.5416666666666666,0.5416666666666666,"{""clf__C"": 1.0, ""clf__gamma"": 0.001}",0.26232097474227184,"[[16, 8], [14, 10]]",dominance,0.5343915343915344,0.5416666666666666,0.5343915343915343,14,0.5833333333333334,4,8,0.3333333333333333,0.08333333333333337,0.7295662167780943,0.08606629658238706,subject_dependent,rbf_svm,0.5333333333333333,0.5555555555555556,0.663588125854536,0.5444444444444445,0.5416666666666666,0.5444444444444444,0.5416666666666666,0.5416666666666666,0.5416666666666666,0.560763888888889,16,0.6666666666666666,10,0.4166666666666667
0.4166666666666667,0.4222222222222222,"{""clf__C"": 10.0, ""clf__gamma"": 0.001}",0.34887134573151535,"[[8, 10], [18, 12]]",dominance,0.4125874125874126,0.4166666666666667,0.42482517482517484,18,0.6,0,10,0.5555555555555556,-0.1428571428571428,0.9531911293832107,-0.15114173098063566,subject_dependent,rbf_svm,0.3076923076923077,0.5454545454545454,0.6156945981667303,0.42657342657342656,0.4166666666666667,0.45629370629370625,0.4222222222222222,0.4166666666666667,0.4166666666666667,0.4092592592592593,8,0.4444444444444444,12,0.4
0.4375,0.5055555555555555,"{""clf__C"": 1.0, ""clf__gamma"": 0.001}",0.2960746516061857,"[[14, 4], [23, 7]]",dominance,0.42527716186252773,0.4375,0.40432372505543235,23,0.7666666666666667,1,4,0.2222222222222222,0.00917431192660545,0.7897918248916515,0.012798443803844426,subject_dependent,rbf_svm,0.3783783783783784,0.6363636363636364,0.615199102810533,0.5073710073710074,0.4375,0.5396191646191646,0.5055555555555555,0.4375,0.4375,0.35370370370370374,14,0.7777777777777778,7,0.23333333333333334
0.3958333333333333,0.4388888888888889,"{""clf__C"": 1.0, ""clf__gamma"": 0.001}",0.35343771567735444,"[[8, 22], [7, 11]]",dominance,0.39346405228758174,0.3958333333333333,0.3839869281045752,7,0.3888888888888889,2,22,0.7333333333333333,-0.10476190476190483,0.9372498140057247,-0.12765694770084507,subject_dependent,rbf_svm,0.5333333333333333,0.3333333333333333,0.43666888040582325,0.43333333333333335,0.3958333333333333,0.4583333333333333,0.4388888888888889,0.3958333333333333,0.3958333333333333,0.5037037037037038,8,0.26666666666666666,11,0.6111111111111112
0.4375,0.4375,"{""clf__C"": 0.1, ""clf__gamma"": 0.001}",0.25101112596146763,"[[10, 14], [13, 11]]",dominance,0.43725575336517586,0.4375,0.4372557533651758,13,0.5416666666666666,3,14,0.5833333333333334,-0.125,0.6951735239861252,-0.12510864843424485,subject_dependent,rbf_svm,0.43478260869565216,0.44,0.509583772646688,0.4373913043478261,0.4375,0.4373913043478261,0.4375,0.4375,0.4375,0.4583333333333333,10,0.4166666666666667,11,0.4583333333333333
0.20833333333333334,0.20833333333333331,"{""clf__C"": 1.0, ""clf__gamma"": 0.001}",0.37687868289807663,"[[8, 16], [22, 2]]",dominance,0.19576719576719576,0.20833333333333334,0.19576719576719573,22,0.9166666666666666,4,16,0.6666666666666666,-0.5833333333333333,0.9790867877221624,-0.6024640760767094,subject_dependent,rbf_svm,0.26666666666666666,0.1111111111111111,0.37090137388638944,0.18888888888888888,0.20833333333333334,0.18888888888888888,0.20833333333333331,0.20833333333333334,0.20833333333333334,0.24479166666666669,8,0.3333333333333333,2,0.08333333333333333
0.5833333333333334,0.5833333333333334,"{""clf__C"": 1.0, ""clf__gamma"": 0.001}",0.2416446619933936,"[[18, 6], [14, 10]]",dominance,0.5714285714285714,0.5833333333333334,0.5714285714285715,14,0.5833333333333334,0,6,0.25,0.16666666666666663,0.6727976686171303,0.1767766952966369,subject_dependent,rbf_svm,0.5625,0.625,0.6921379324489199,0.59375,0.5833333333333334,0.59375,0.5833333333333334,0.5833333333333334,0.5833333333333334,0.6302083333333333,18,0.75,10,0.4166666666666667
0.6875,0.6722222222222223,"{""clf__C"": 10.0, ""clf__gamma"": 0.001}",0.21704282413594642,"[[11, 7], [8, 22]]",dominance,0.6701786532295007,0.6875,0.6890746678882272,8,0.26666666666666666,1,7,0.3888888888888889,0.34065934065934067,0.6238136270104717,0.34098891804024256,subject_dependent,rbf_svm,0.5789473684210527,0.7586206896551724,0.8066815472175015,0.6687840290381125,0.6875,0.6912431941923775,0.6722222222222223,0.6875,0.6875,0.7037037037037037,11,0.6111111111111112,22,0.7333333333333333
0.6666666666666666,0.6444444444444444,"{""clf__C"": 1.0, ""clf__gamma"": 0.001}",0.23726275306631864,"[[22, 8], [8, 10]]",dominance,0.6444444444444444,0.6666666666666666,0.6666666666666666,8,0.4444444444444444,2,8,0.26666666666666666,0.28888888888888886,0.6655605361868965,0.28888888888888886,subject_dependent,rbf_svm,0.7333333333333333,0.5555555555555556,0.6677333489891328,0.6444444444444444,0.6666666666666666,0.6666666666666666,0.6444444444444444,0.6666666666666666,0.6666666666666666,0.7092592592592593,22,0.7333333333333333,10,0.5555555555555556
0.6458333333333334,0.6277777777777778,"{""clf__C"": 1.0, ""clf__gamma"": 0.001}",0.20760297084761392,"[[10, 8], [9, 21]]",dominance,0.6262024736601008,0.6458333333333334,0.6476179569399908,9,0.3,3,8,0.4444444444444444,0.25274725274725274,0.601837035690606,0.25299177790082517,subject_dependent,rbf_svm,0.5263157894736842,0.7241379310344828,0.8548195696105736,0.6252268602540835,0.6458333333333334,0.6499546279491834,0.6277777777777778,0.6458333333333334,0.6458333333333334,0.7462962962962962,10,0.5555555555555556,21,0.7
0.5,0.5,"{""clf__C"": 1.0, ""clf__gamma"": 0.001}",0.28647705980220844,"[[16, 8], [16, 8]]",dominance,0.4857142857142857,0.5,0.48571428571428577,16,0.6666666666666666,4,8,0.3333333333333333,0.0,0.7779384169535489,0.0,subject_dependent,rbf_svm,0.5,0.5,0.6143518365153272,0.5,0.5,0.5,0.5,0.5,0.5,0.5347222222222222,16,0.6666666666666666,8,0.3333333333333333
0.6041666666666666,0.65,"{""clf__C"": 10.0, ""clf__gamma"": 0.001}",0.32301413992447386,"[[15, 3], [16, 14]]",dominance,0.6039947894051237,0.6041666666666666,0.6019322622666087,16,0.5333333333333333,0,3,0.16666666666666666,0.2621359223300971,1.0575239256175453,0.3036776479294985,subject_dependent,rbf_svm,0.4838709677419355,0.8235294117647058,0.7848623377822689,0.6537001897533207,0.6041666666666666,0.696157495256167,0.65,0.6041666666666666,0.6041666666666666,0.6148148148148149,15,0.8333333333333334,14,0.4666666666666667
0.7708333333333334,0.7708333333333333,"{""clf__C"": 10.0, ""clf__gamma"": 0.001}",0.15653071015723918,"[[15, 9], [2, 22]]",dominance,0.7658536585365854,0.7708333333333334,0.7658536585365855,2,0.08333333333333333,1,9,0.375,0.5416666666666667,0.46154044521722803,0.5662888944297417,subject_dependent,rbf_svm,0.8823529411764706,0.7096774193548387,0.8959203426753164,0.7960151802656547,0.7708333333333334,0.7960151802656545,0.7708333333333333,0.7708333333333334,0.7708333333333334,0.888888888888889,15,0.625,22,0.9166666666666666
0.7291666666666666,0.7291666666666667,"{""clf__C"": 1.0, ""clf__gamma"": 0.001}",0.18112062891744254,"[[18, 6], [7, 17]]",dominance,0.7290490664350847,0.7291666666666666,0.7290490664350848,7,0.2916666666666667,2,6,0.25,0.45833333333333337,0.53139438645475,0.4587317109255645,subject_dependent,rbf_svm,0.72,0.7391304347826086,0.7840808119701489,0.7295652173913043,0.7291666666666666,0.7295652173913044,0.7291666666666667,0.7291666666666666,0.7291666666666666,0.7795138888888888,18,0.75,17,0.7083333333333334
0.7708333333333334,0.7611111111111111,"{""clf__C"": 10.0, ""clf__gamma"": 0.001}",0.1823393770182963,"[[13, 5], [6, 24]]",dominance,0.7581310123683005,0.7708333333333334,0.7719880897847,6,0.2,3,5,0.2777777777777778,0.5164835164835164,0.5417303373935032,0.5169831983190775,subject_dependent,rbf_svm,0.6842105263157895,0.8275862068965517,0.8844646672779967,0.7558983666061706,0.7708333333333334,0.7738203266787659,0.7611111111111111,0.7708333333333334,0.7708333333333334,0.8018518518518519,13,0.7222222222222222,24,0.8
0.6458333333333334,0.6722222222222223,"{""clf__C"": 10.0, ""clf__gamma"": 0.001}",0.269032942060978,"[[17, 13], [4, 14]]",dominance,0.6444444444444444,0.6458333333333334,0.65,4,0.2222222222222222,4,13,0.43333333333333335,0.31313131313131315,0.8073306019439813,0.3361433584600503,subject_dependent,rbf_svm,0.8095238095238095,0.5185185185185185,0.6427681512499575,0.664021164021164,0.6458333333333334,0.7003968253968255,0.6722222222222223,0.6458333333333334,0.6458333333333334,0.7333333333333333,17,0.5666666666666667,14,0.7777777777777778
0.5416666666666666,0.5888888888888889,"{""clf__C"": 1.0, ""clf__gamma"": 0.001}",0.2641876568704216,"[[12, 18], [4, 14]]",dominance,0.5408695652173914,0.5416666666666666,0.5360869565217392,4,0.2222222222222222,0,18,0.6,0.15384615384615385,0.7251954236105984,0.18257418583505539,subject_dependent,rbf_svm,0.75,0.4375,0.40488947572982853,0.59375,0.5416666666666666,0.6328125,0.5888888888888889,0.5416666666666666,0.5416666666666666,0.5481481481481482,12,0.4,14,0.7777777777777778
0.3958333333333333,0.5833333333333334,"{""clf__C"": 1.0, ""clf__gamma"": 0.001}",0.3502733335796044,"[[14, 28], [1, 5]]",dominance,0.3738191632928475,0.3958333333333333,0.46187584345479077,1,0.16666666666666666,1,28,0.6666666666666666,0.05691056910569103,0.9353844445668539,0.11891767800211263,subject_dependent,rbf_svm,0.9333333333333333,0.15151515151515152,0.5424603174603174,0.5424242424242425,0.3958333333333333,0.8356060606060606,0.5833333333333334,0.3958333333333333,0.3958333333333333,0.8253968253968255,14,0.3333333333333333,5,0.8333333333333334
0.5625,0.5625,"{""clf__C"": 1.0, ""clf__gamma"": 0.001}",0.2648429218323638,"[[17, 7], [14, 10]]",dominance,0.5529933481152993,0.5625,0.5529933481152993,14,0.5833333333333334,2,7,0.2916666666666667,0.125,0.7289938455576851,0.13068205256070964,subject_dependent,rbf_svm,0.5483870967741935,0.5882352941176471,0.6065657922263599,0.5683111954459203,0.5625,0.5683111954459202,0.5625,0.5625,0.5625,0.515625,17,0.7083333333333334,10,0.4166666666666667
0.625,0.625,"{""clf__C"": 1.0, ""clf__gamma"": 0.001}",0.2472369959835866,"[[20, 4], [14, 10]]",dominance,0.6079854809437386,0.625,0.6079854809437387,14,0.5833333333333334,3,4,0.16666666666666666,0.25,0.6872250051763733,0.27500954910846337,subject_dependent,rbf_svm,0.5882352941176471,0.7142857142857143,0.6003792281837126,0.6512605042016807,0.625,0.6512605042016807,0.625,0.625,0.625,0.625,20,0.8333333333333334,10,0.4166666666666667
0.2916666666666667,0.41666666666666663,"{""clf__C"": 1.0, ""clf__gamma"": 0.001}",0.37901326111087336,"[[8, 4], [30, 6]]",dominance,0.29043478260869565,0.2916666666666667,0.2756521739130435,30,0.8333333333333334,4,4,0.3333333333333333,-0.09677419354838701,0.9761367205878305,-0.1777046633277277,subject_dependent,rbf_svm,0.21052631578947367,0.6,0.6793221059987882,0.4052631578947368,0.2916666666666667,0.5026315789473684,0.41666666666666663,0.2916666666666667,0.2916666666666667,0.37037037037037035,8,0.6666666666666666,6,0.16666666666666666
0.875,0.5,"{""clf__C"": 0.1, ""clf__gamma"": 0.01}",0.10936078583210888,"[[0, 6], [0, 42]]",dominance,0.4666666666666667,0.875,0.8166666666666668,0,0.0,0,6,1.0,0.0,0.37667898844556774,0.0,subject_dependent,rbf_svm,0.0,0.875,0.9677186095663158,0.4375,0.875,0.765625,0.5,0.875,0.875,0.7738095238095238,0,0.0,42,1.0
0.75,0.5,"{""clf__C"": 0.1, ""clf__gamma"": 0.01}",0.21477229671757062,"[[0, 12], [0, 36]]",dominance,0.42857142857142855,0.75,0.6428571428571428,0,0.0,1,12,1.0,0.0,0.6832044005738158,0.0,subject_dependent,rbf_svm,0.0,0.75,0.8890039955388361,0.375,0.75,0.5625,0.5,0.75,0.75,0.7280092592592592,0,0.0,36,1.0
0.875,0.5,"{""clf__C"": 0.1, ""clf__gamma"": 0.01}",0.10933050455279891,"[[0, 6], [0, 42]]",dominance,0.4666666666666667,0.875,0.8166666666666668,0,0.0,2,6,1.0,0.0,0.3765702355704052,0.0,subject_dependent,rbf_svm,0.0,0.875,0.9460961229951315,0.4375,0.875,0.765625,0.5,0.875,0.875,0.6468253968253969,0,0.0,42,1.0
0.0,0.0,"{""clf__C"": 0.1, ""clf__gamma"": 0.01}",,"[[0, 0], [48, 0]]",dominance,0.0,0.0,0.0,,,3,,,0.0,,0.0,subject_dependent,rbf_svm,,,1.0000000000000002,0.0,0.0,0.0,0.0,0.0,0.0,nan,,,,
0.875,0.5,"{""clf__C"": 0.1, ""clf__gamma"": 0.01}",0.10942653718475583,"[[0, 6], [0, 42]]",dominance,0.4666666666666667,0.875,0.8166666666666668,0,0.0,4,6,1.0,0.0,0.3770136459114628,0.0,subject_dependent,rbf_svm,0.0,0.875,0.9036767563404857,0.4375,0.875,0.765625,0.5,0.875,0.875,0.48412698412698413,0,0.0,42,1.0
0.6041666666666666,0.7738095238095238,"{""clf__C"": 0.1, ""clf__gamma"": 0.001}",0.10525618245173403,"[[6, 0], [19, 23]]",dominance,0.547394540942928,0.6041666666666666,0.6676178660049628,19,0.4523809523809524,0,0,0.0,0.23232323232323238,0.3539210997668245,0.3625307868699863,subject_dependent,rbf_svm,0.24,1.0,0.9492572104245616,0.62,0.6041666666666666,0.9049999999999999,0.7738095238095238,0.6041666666666666,0.6041666666666667,0.6706349206349207,6,1.0,23,0.5476190476190477
0.5833333333333334,0.6388888888888888,"{""clf__C"": 0.1, ""clf__gamma"": 0.001}",0.1893879100139834,"[[9, 3], [17, 19]]",dominance,0.5644283121597096,0.5833333333333334,0.6098003629764065,17,0.4722222222222222,1,3,0.25,0.19999999999999996,0.5721670944720251,0.2414022747926338,subject_dependent,rbf_svm,0.34615384615384615,0.8636363636363636,0.870342147862973,0.6048951048951049,0.5833333333333334,0.7342657342657342,0.6388888888888888,0.5833333333333334,0.5833333333333334,0.6712962962962963,9,0.75,19,0.5277777777777778
0.5833333333333334,0.4444444444444444,"{""clf__C"": 1.0, ""clf__gamma"": 0.001}",0.23236986767363133,"[[2, 10], [10, 26]]",dominance,0.4444444444444444,0.5833333333333334,0.5833333333333334,10,0.2777777777777778,2,10,0.8333333333333334,-0.11111111111111116,0.7593667803068125,-0.1111111111111111,subject_dependent,rbf_svm,0.16666666666666666,0.7222222222222222,0.800539211142693,0.4444444444444444,0.5833333333333334,0.5833333333333334,0.4444444444444444,0.5833333333333334,0.5833333333333334,0.5671296296296297,2,0.16666666666666666,26,0.7222222222222222
0.7916666666666666,0.7916666666666666,"{""clf__C"": 0.1, ""clf__gamma"": 0.001}",,"[[0, 0], [10, 38]]",dominance,0.4418604651162791,0.7916666666666666,0.8837209302325583,,,3,,,0.0,,0.0,subject_dependent,rbf_svm,,,1.0,0.5,0.7916666666666666,1.0,0.3958333333333333,0.7916666666666666,0.7916666666666666,nan,,,,
0.6666666666666666,0.8095238095238095,"{""clf__C"": 0.1, ""clf__gamma"": 0.001}",0.10271820532156421,"[[6, 0], [16, 26]]",dominance,0.5966386554621849,0.6666666666666666,0.7226890756302521,16,0.38095238095238093,4,0,0.0,0.28888888888888886,0.3405861450517503,0.4108907018066591,subject_dependent,rbf_svm,0.2727272727272727,1.0,0.9679354366665947,0.6363636363636364,0.6666666666666666,0.9090909090909091,0.8095238095238095,0.6666666666666666,0.6666666666666666,0.7777777777777778,6,1.0,26,0.6190476190476191
0.5833333333333334,0.5833333333333334,"{""clf__C"": 10.0, ""clf__gamma"": 0.001}",0.27040801510272244,"[[8, 16], [4, 20]]",dominance,0.5555555555555556,0.5833333333333334,0.5555555555555555,4,0.16666666666666666,0,16,0.6666666666666666,0.16666666666666663,0.7456698397739817,0.19245008972987526,subject_dependent,rbf_svm,0.6666666666666666,0.5555555555555556,0.5932326626136257,0.6111111111111112,0.5833333333333334,0.6111111111111112,0.5833333333333334,0.5833333333333334,0.5833333333333334,0.6059027777777778,8,0.3333333333333333,20,0.8333333333333334
0.5416666666666666,0.4666666666666667,"{""clf__C"": 1.0, ""clf__gamma"": 0.001}",0.24114885952450607,"[[3, 15], [7, 23]]",dominance,0.44537815126050423,0.5416666666666666,0.5031512605042018,7,0.23333333333333334,1,15,0.8333333333333334,-0.07317073170731714,0.6749719515997762,-0.07947194142390263,subject_dependent,rbf_svm,0.3,0.6052631578947368,0.6837223032505372,0.4526315789473684,0.5416666666666666,0.4907894736842105,0.4666666666666667,0.5416666666666666,0.5416666666666666,0.5148148148148148,3,0.16666666666666666,23,0.7666666666666667
0.4791666666666667,0.375,"{""clf__C"": 10.0, ""clf__gamma"": 0.001}",0.25802008157354206,"[[2, 10], [15, 21]]",dominance,0.3823983530622749,0.4791666666666667,0.504632012352033,15,0.4166666666666667,2,10,0.8333333333333334,-0.2195121951219512,0.7075024389665384,-0.2263479546725356,subject_dependent,rbf_svm,0.11764705882352941,0.6774193548387096,0.7777707005753475,0.39753320683111953,0.4791666666666667,0.5374762808349146,0.375,0.4791666666666667,0.4791666666666667,0.4282407407407408,2,0.16666666666666666,21,0.5833333333333334
0.4791666666666667,0.4722222222222222,"{""clf__C"": 1.0, ""clf__gamma"": 0.001}",0.28099263741270164,"[[8, 10], [15, 15]]",dominance,0.4678492239467849,0.4791666666666667,0.48725055432372505,15,0.5,3,10,0.5555555555555556,-0.05263157894736836,0.7699744952800293,-0.05383819020581655,subject_dependent,rbf_svm,0.34782608695652173,0.6,0.6135104830394246,0.47391304347826085,0.4791666666666667,0.5054347826086957,0.4722222222222222,0.4791666666666667,0.4791666666666667,0.412962962962963,8,0.4444444444444444,15,0.5
0.22916666666666666,0.22916666666666669,"{""clf__C"": 1.0, ""clf__gamma"": 0.001}",0.36780670285516753,"[[4, 20], [17, 7]]",dominance,0.22614379084967323,0.22916666666666666,0.2261437908496732,17,0.7083333333333334,4,20,0.8333333333333334,-0.5416666666666667,0.9765665744347246,-0.5459486832355505,subject_dependent,rbf_svm,0.19047619047619047,0.25925925925925924,0.3706289802712116,0.22486772486772486,0.22916666666666666,0.22486772486772486,0.22916666666666669,0.22916666666666666,0.22916666666666666,0.22395833333333331,4,0.16666666666666666,7,0.2916666666666667
0.5416666666666666,0.5416666666666667,"{""clf__C"": 1.0, ""clf__gamma"": 0.001}",0.291306192064674,"[[17, 7], [15, 9]]",dominance,0.5285714285714286,0.5416666666666666,0.5285714285714286,15,0.625,0,7,0.2916666666666667,0.08333333333333337,0.7892018760802495,0.08838834764831845,subject_dependent,rbf_svm,0.53125,0.5625,0.5664030863251222,0.546875,0.5416666666666666,0.546875,0.5416666666666667,0.5416666666666666,0.5416666666666666,0.48263888888888884,17,0.7083333333333334,9,0.375
0.4791666666666667,0.44999999999999996,"{""clf__C"": 10.0, ""clf__gamma"": 0.001}",0.24089602239657096,"[[17, 13], [12, 6]]",dominance,0.45029775538250116,0.4791666666666667,0.48179111314704537,12,0.6666666666666666,1,13,0.43333333333333335,-0.098901098901099,0.6681557212605411,-0.09899678265684463,subject_dependent,rbf_svm,0.5862068965517241,0.3157894736842105,0.469201417022886,0.4509981851179673,0.4791666666666667,0.48480036297640644,0.44999999999999996,0.4791666666666667,0.4791666666666667,0.5666666666666667,17,0.5666666666666667,6,0.3333333333333333
0.4375,0.5388888888888889,"{""clf__C"": 0.1, ""clf__gamma"": 0.001}",0.29682060167709684,"[[17, 1], [26, 4]]",dominance,0.3929742388758782,0.4375,0.3518735362997658,26,0.8666666666666667,2,1,0.05555555555555555,0.060869565217391286,0.7891576976169764,0.12326312688558733,subject_dependent,rbf_svm,0.3953488372093023,0.8,0.7250724444923322,0.5976744186046512,0.4375,0.6482558139534883,0.5388888888888889,0.4375,0.4375,0.5407407407407407,17,0.9444444444444444,4,0.13333333333333333
0.5625,0.5722222222222222,"{""clf__C"": 10.0, ""clf__gamma"": 0.001}",0.2757270071871853,"[[16, 14], [7, 11]]",dominance,0.5577007459412022,0.5625,0.5692189556823167,7,0.3888888888888889,3,14,0.4666666666666667,0.134020618556701,0.7604110114851957,0.13997929453512303,subject_dependent,rbf_svm,0.6956521739130435,0.44,0.5202102247077737,0.5678260869565217,0.5625,0.5997826086956523,0.5722222222222222,0.5625,0.5625,0.575925925925926,16,0.5333333333333333,11,0.6111111111111112
0.5208333333333334,0.45833333333333337,"{""clf__C"": 1.0, ""clf__gamma"": 0.001}",0.2523528505619735,"[[21, 15], [8, 4]]",dominance,0.4521091811414392,0.5208333333333334,0.5491315136476428,8,0.6666666666666666,4,15,0.4166666666666667,-0.06976744186046502,0.6981087931572482,-0.07378784519149227,subject_dependent,rbf_svm,0.7241379310344828,0.21052631578947367,0.2731488567622721,0.4673321234119782,0.5208333333333334,0.5957350272232306,0.45833333333333337,0.5208333333333334,0.5208333333333334,0.4837962962962963,21,0.5833333333333334,4,0.3333333333333333
0.4791666666666667,0.5611111111111111,"{""clf__C"": 1.0, ""clf__gamma"": 0.001}",0.25941093503598717,"[[16, 2], [23, 7]]",dominance,0.4601889338731444,0.4791666666666667,0.43488529014844807,23,0.7666666666666667,0,2,0.1111111111111111,0.09909909909909909,0.7199521712245307,0.1515980089423659,subject_dependent,rbf_svm,0.41025641025641024,0.7777777777777778,0.7816881274957842,0.594017094017094,0.4791666666666667,0.6399572649572649,0.5611111111111111,0.4791666666666667,0.4791666666666667,0.6592592592592593,16,0.8888888888888888,7,0.23333333333333334
0.4375,0.46111111111111114,"{""clf__C"": 1.0, ""clf__gamma"": 0.001}",0.30068980231817233,"[[10, 8], [19, 11]]",dominance,0.43725575336517586,0.4375,0.4401867129830656,19,0.6333333333333333,1,8,0.4444444444444444,-0.06930693069306937,0.8286519163995512,-0.07699749762199026,subject_dependent,rbf_svm,0.3448275862068966,0.5789473684210527,0.5924497260958094,0.4618874773139746,0.4375,0.4911524500907441,0.46111111111111114,0.4375,0.4375,0.4444444444444445,10,0.5555555555555556,11,0.36666666666666664
0.5208333333333334,0.5208333333333334,"{""clf__C"": 1.0, ""clf__gamma"": 0.001}",0.2999921850960872,"[[8, 16], [7, 17]]",dominance,0.5033738191632928,0.5208333333333334,0.5033738191632928,7,0.2916666666666667,2,16,0.6666666666666666,0.04166666666666663,0.8201575915095983,0.044946657497549475,subject_dependent,rbf_svm,0.5333333333333333,0.5151515151515151,0.5351073913348581,0.5242424242424242,0.5208333333333334,0.5242424242424243,0.5208333333333334,0.5208333333333334,0.5208333333333334,0.5,8,0.3333333333333333,17,0.7083333333333334
0.6666666666666666,0.711111111111111,"{""clf__C"": 1.0, ""clf__gamma"": 0.001}",0.2730769839113428,"[[16, 14], [2, 16]]",dominance,0.6666666666666666,0.6666666666666666,0.6666666666666666,2,0.1111111111111111,3,14,0.4666666666666667,0.37254901960784315,0.7514617231340518,0.4222222222222222,subject_dependent,rbf_svm,0.8888888888888888,0.5333333333333333,0.6564034720232357,0.711111111111111,0.6666666666666666,0.7555555555555555,0.711111111111111,0.6666666666666666,0.6666666666666666,0.7888888888888889,16,0.5333333333333333,16,0.8888888888888888
0.5416666666666666,0.5277777777777778,"{""clf__C"": 1.0, ""clf__gamma"": 0.001}",0.23224996633343722,"[[6, 6], [16, 20]]",dominance,0.4990512333965844,0.5416666666666666,0.5721062618595826,16,0.4444444444444444,4,6,0.5,0.04347826086956519,0.6558670396120921,0.04828045495852676,subject_dependent,rbf_svm,0.2727272727272727,0.7692307692307693,0.88204152971092,0.520979020979021,0.5416666666666666,0.6451048951048951,0.5277777777777778,0.5416666666666666,0.5416666666666666,0.6597222222222222,6,0.5,20,0.5555555555555556
0.625,0.625,"{""clf__C"": 1.0, ""clf__gamma"": 0.001}",0.2886169299927983,"[[12, 12], [6, 18]]",dominance,0.6190476190476191,0.625,0.6190476190476191,6,0.25,0,12,0.5,0.25,0.819217607467665,0.25819888974716115,subject_dependent,rbf_svm,0.6666666666666666,0.6,0.5989134171663305,0.6333333333333333,0.625,0.6333333333333333,0.625,0.625,0.625,0.5833333333333333,12,0.5,18,0.75
0.7083333333333334,0.6444444444444445,"{""clf__C"": 10.0, ""clf__gamma"": 0.001}",0.19571239367881957,"[[7, 11], [3, 27]]",dominance,0.6470588235294117,0.7083333333333334,0.6838235294117646,3,0.1,1,11,0.6111111111111112,0.31707317073170727,0.5727347857967174,0.3443784128369114,subject_dependent,rbf_svm,0.7,0.7105263157894737,0.888584035591375,0.7052631578947368,0.7083333333333334,0.706578947368421,0.6444444444444445,0.7083333333333334,0.7083333333333334,0.8074074074074076,7,0.3888888888888889,27,0.9
0.6875,0.6875,"{""clf__C"": 1.0, ""clf__gamma"": 0.001}",0.21491872494066686,"[[16, 8], [7, 17]]",dominance,0.6873643074250977,0.6875,0.6873643074250978,7,0.2916666666666667,2,8,0.3333333333333333,0.375,0.6320410069652177,0.37532594530273455,subject_dependent,rbf_svm,0.6956521739130435,0.68,0.7388215451154833,0.6878260869565218,0.6875,0.6878260869565217,0.6875,0.6875,0.6875,0.7395833333333334,16,0.6666666666666666,17,0.7083333333333334
0.7083333333333334,0.711111111111111,"{""clf__C"": 0.1, ""clf__gamma"": 0.001}",0.22169664090422633,"[[13, 5], [9, 21]]",dominance,0.7,0.7083333333333334,0.7125,9,0.3,3,5,0.2777777777777778,0.4042553191489362,0.6339674514181073,0.41024184123315394,subject_dependent,rbf_svm,0.5909090909090909,0.8076923076923077,0.8024414514993334,0.6993006993006994,0.7083333333333334,0.7263986013986014,0.711111111111111,0.7083333333333334,0.7083333333333334,0.6870370370370371,13,0.7222222222222222,21,0.7
0.5625,0.7083333333333334,"{""clf__C"": 1.0, ""clf__gamma"": 0.001}",0.2535228173897704,"[[12, 0], [21, 15]]",dominance,0.5607843137254902,0.5625,0.5745098039215687,21,0.5833333333333334,4,0,0.0,0.26315789473684215,0.7122929216432484,0.38924947208076144,subject_dependent,rbf_svm,0.36363636363636365,1.0,0.9007147773578924,0.6818181818181819,0.5625,0.8409090909090908,0.7083333333333334,0.5625,0.5625,0.699074074074074,12,1.0,15,0.4166666666666667
0.4166666666666667,0.5222222222222223,"{""clf__C"": 1.0, ""clf__gamma"": 0.001}",0.4887181465628439,"[[3, 27], [1, 17]]",dominance,0.36242884250474383,0.4166666666666667,0.31593927893738144,1,0.05555555555555555,0,27,0.9,0.03448275862068961,1.5309677045377512,0.0778498944161523,subject_dependent,rbf_svm,0.75,0.38636363636363635,0.34009229409167074,0.5681818181818181,0.4166666666666667,0.6136363636363636,0.5222222222222223,0.4166666666666667,0.4166666666666667,0.3907407407407407,3,0.1,17,0.9444444444444444
0.625,0.625,"{""clf__C"": 1.0, ""clf__gamma"": 0.001}",,"[[0, 0], [18, 30]]",dominance,0.38461538461538464,0.625,0.7692307692307693,,,1,,,0.0,,0.0,subject_dependent,rbf_svm,,,1.0,0.5,0.625,1.0,0.3125,0.625,0.625,nan,,,,
0.625,0.5714285714285714,"{""clf__C"": 1.0, ""clf__gamma"": 0.001}",0.14316717623694822,"[[3, 3], [15, 27]]",dominance,0.5,0.625,0.6875,15,0.35714285714285715,2,3,0.5,0.07692307692307687,0.4520612767418482,0.09759000729485333,subject_dependent,rbf_svm,0.16666666666666666,0.9,0.9178930947962562,0.5333333333333333,0.625,0.8083333333333335,0.5714285714285714,0.625,0.6250000000000001,0.5753968253968254,3,0.5,27,0.6428571428571429
0.7291666666666666,0.4861111111111111,"{""clf__C"": 10.0, ""clf__gamma"": 0.001}",0.236999362818904,"[[0, 12], [1, 35]]",dominance,0.42168674698795183,0.7291666666666666,0.6325301204819277,1,0.027777777777777776,3,12,1.0,-0.040000000000000036,0.7798867129894783,-0.0842151921066519,subject_dependent,rbf_svm,0.0,0.7446808510638298,0.733466888585258,0.3723404255319149,0.7291666666666666,0.5585106382978723,0.4861111111111111,0.7291666666666666,0.7291666666666666,0.3958333333333333,0,0.0,35,0.9722222222222222
0.625,0.4444444444444445,"{""clf__C"": 1.0, ""clf__gamma"": 0.001}",0.20607090522688942,"[[1, 11], [7, 29]]",dominance,0.43157894736842106,0.625,0.5973684210526317,7,0.19444444444444445,4,11,0.9166666666666666,-0.125,0.6272992833324019,-0.12909944487358058,subject_dependent,rbf_svm,0.125,0.725,0.7832170417478433,0.425,0.625,0.575,0.4444444444444445,0.625,0.625,0.49768518518518523,1,0.08333333333333333,29,0.8055555555555556
0.4583333333333333,0.43333333333333335,"{""clf__C"": 10.0, ""clf__gamma"": 0.001}",0.29286262172756244,"[[6, 12], [14, 16]]",dominance,0.4337568058076225,0.4583333333333333,0.46324863883847556,14,0.4666666666666667,0,12,0.6666666666666666,-0.13043478260869557,0.8133290239762828,-0.13093073414159542,subject_dependent,rbf_svm,0.3,0.5714285714285714,0.6525323410931378,0.4357142857142857,0.4583333333333333,0.4696428571428571,0.43333333333333335,0.4583333333333333,0.4583333333333333,0.5055555555555556,6,0.3333333333333333,16,0.5333333333333333
0.6666666666666666,0.6666666666666666,"{""clf__C"": 1.0, ""clf__gamma"": 0.001}",0.22363937444814463,"[[16, 8], [8, 16]]",dominance,0.6666666666666666,0.6666666666666666,0.6666666666666666,8,0.3333333333333333,1,8,0.3333333333333333,0.33333333333333337,0.6358472451273486,0.3333333333333333,subject_dependent,rbf_svm,0.6666666666666666,0.6666666666666666,0.7490923037486337,0.6666666666666666,0.6666666666666666,0.6666666666666666,0.6666666666666666,0.6666666666666666,0.6666666666666666,0.7170138888888888,16,0.6666666666666666,16,0.6666666666666666
0.625,0.6,"{""clf__C"": 10.0, ""clf__gamma"": 0.001}",0.20307286336649247,"[[9, 9], [9, 21]]",dominance,0.6,0.625,0.625,9,0.3,2,9,0.5,0.19999999999999996,0.5894921731751693,0.2,subject_dependent,rbf_svm,0.5,0.7,0.8683180262816749,0.6,0.625,0.625,0.6,0.625,0.625,0.7462962962962963,9,0.5,21,0.7
0.5416666666666666,0.5416666666666666,"{""clf__C"": 10.0, ""clf__gamma"": 0.001}",0.31648928858374814,"[[7, 17], [5, 19]]",dominance,0.5111111111111111,0.5416666666666666,0.5111111111111111,5,0.20833333333333334,3,17,0.7083333333333334,0.08333333333333337,0.9081953482258461,0.09622504486493763,subject_dependent,rbf_svm,0.5833333333333334,0.5277777777777778,0.597179721422289,0.5555555555555556,0.5416666666666666,0.5555555555555556,0.5416666666666666,0.5416666666666666,0.5416666666666666,0.5538194444444444,7,0.2916666666666667,19,0.7916666666666666
0.7083333333333334,0.711111111111111,"{""clf__C"": 10.0, ""clf__gamma"": 0.001}",0.18366379481764575,"[[13, 5], [9, 21]]",dominance,0.7,0.7083333333333334,0.7125,9,0.3,4,5,0.2777777777777778,0.4042553191489362,0.5476290438971275,0.41024184123315394,subject_dependent,rbf_svm,0.5909090909090909,0.8076923076923077,0.874429958177772,0.6993006993006994,0.7083333333333334,0.7263986013986014,0.711111111111111,0.7083333333333334,0.7083333333333334,0.7916666666666666,13,0.7222222222222222,21,0.7
0.875,0.875,"{""clf__C"": 1.0, ""clf__gamma"": 0.001}",,"[[0, 0], [6, 42]]",dominance,0.4666666666666667,0.875,0.9333333333333332,,,0,,,0.0,,0.0,subject_dependent,rbf_svm,,,1.0,0.5,0.875,1.0,0.4375,0.875,0.875,nan,,,,
0.875,0.5,"{""clf__C"": 0.1, ""clf__gamma"": 0.01}",0.11120891760438593,"[[0, 6], [0, 42]]",dominance,0.4666666666666667,0.875,0.8166666666666668,0,0.0,1,6,1.0,0.0,0.3873875122724814,0.0,subject_dependent,rbf_svm,0.0,0.875,0.8597816165766885,0.4375,0.875,0.765625,0.5,0.875,0.875,0.33333333333333337,0,0.0,42,1.0
1.0,1.0,"{""clf__C"": 0.1, ""clf__gamma"": 0.01}",,[[48]],dominance,1.0,1.0,1.0,,,2,,,nan,,0.0,subject_dependent,rbf_svm,,,1.0,1.0,1.0,1.0,1.0,1.0,1.0,nan,,,,
0.9583333333333334,0.9583333333333334,"{""clf__C"": 10.0, ""clf__gamma"": 0.001}",,"[[0, 0], [2, 46]]",dominance,0.48936170212765956,0.9583333333333334,0.9787234042553191,,,3,,,0.0,,0.0,subject_dependent,rbf_svm,,,1.0,0.5,0.9583333333333334,1.0,0.4791666666666667,0.9583333333333334,0.9583333333333334,nan,,,,
0.75,0.5,"{""clf__C"": 0.1, ""clf__gamma"": 0.01}",0.2377794217285353,"[[0, 12], [0, 36]]",dominance,0.42857142857142855,0.75,0.6428571428571428,0,0.0,4,12,1.0,0.0,0.9342708730443755,0.0,subject_dependent,rbf_svm,0.0,0.75,0.7387527980615874,0.375,0.75,0.5625,0.5,0.75,0.75,0.5717592592592592,0,0.0,36,1.0
0.5625,0.55,"{""clf__C"": 1.0, ""clf__gamma"": 0.001}",0.31460252849932774,"[[18, 12], [9, 9]]",dominance,0.5465587044534412,0.5625,0.5678137651821862,9,0.5,0,12,0.4,0.09677419354838712,0.8411845741834817,0.09759000729485331,subject_dependent,rbf_svm,0.6666666666666666,0.42857142857142855,0.4264839874009001,0.5476190476190476,0.5625,0.5773809523809524,0.55,0.5625,0.5625,0.548148148148148,18,0.6,9,0.5
0.5416666666666666,0.5,"{""clf__C"": 1.0, ""clf__gamma"": 0.001}",0.21851658488005984,"[[5, 7], [15, 21]]",dominance,0.484375,0.5416666666666666,0.5703125,15,0.4166666666666667,1,7,0.5833333333333334,0.0,0.6284097327967906,0.0,subject_dependent,rbf_svm,0.25,0.75,0.7548550390786648,0.5,0.5416666666666666,0.625,0.5,0.5416666666666666,0.5416666666666666,0.4652777777777778,5,0.4166666666666667,21,0.5833333333333334
0.4791666666666667,0.47916666666666663,"{""clf__C"": 1.0, ""clf__gamma"": 0.001}",0.29534957240326903,"[[10, 14], [11, 13]]",dominance,0.4771241830065359,0.4791666666666667,0.47712418300653586,11,0.4583333333333333,2,14,0.5833333333333334,-0.04166666666666674,0.8032509315893627,-0.0419960525565808,subject_dependent,rbf_svm,0.47619047619047616,0.48148148148148145,0.5938082289375564,0.47883597883597884,0.4791666666666667,0.4788359788359788,0.47916666666666663,0.4791666666666667,0.4791666666666667,0.53125,10,0.4166666666666667,13,0.5416666666666666
0.625,0.5833333333333333,"{""clf__C"": 1.0, ""clf__gamma"": 0.001}",0.18911962823995163,"[[6, 6], [12, 24]]",dominance,0.5636363636363637,0.625,0.6454545454545455,12,0.3333333333333333,3,6,0.5,0.1428571428571429,0.5648358811728572,0.14907119849998599,subject_dependent,rbf_svm,0.3333333333333333,0.8,0.8610929544000536,0.5666666666666667,0.625,0.6833333333333332,0.5833333333333333,0.625,0.625,0.6932870370370372,6,0.5,24,0.6666666666666666
0.5833333333333334,0.6388888888888888,"{""clf__C"": 1.0, ""clf__gamma"": 0.001}",0.20424390466234818,"[[9, 3], [17, 19]]",dominance,0.5644283121597096,0.5833333333333334,0.6098003629764065,17,0.4722222222222222,4,3,0.25,0.19999999999999996,0.5995774650627225,0.2414022747926338,subject_dependent,rbf_svm,0.34615384615384615,0.8636363636363636,0.8647361755654219,0.6048951048951049,0.5833333333333334,0.7342657342657342,0.6388888888888888,0.5833333333333334,0.5833333333333334,0.6759259259259259,9,0.75,19,0.5277777777777778
0.5208333333333334,0.625,"{""clf__C"": 1.0, ""clf__gamma"": 0.001}",0.18388918030135384,"[[10, 2], [21, 15]]",dominance,0.515577007459412,0.5208333333333334,0.5408073716542343,21,0.5833333333333334,0,2,0.16666666666666666,0.1636363636363637,0.5584224431789274,0.2263479546725356,subject_dependent,rbf_svm,0.3225806451612903,0.8823529411764706,0.8647002464305341,0.6024667931688804,0.5208333333333334,0.7424098671726757,0.625,0.5208333333333334,0.5208333333333334,0.7268518518518519,10,0.8333333333333334,15,0.4166666666666667
0.5208333333333334,0.4277777777777778,"{""clf__C"": 10.0, ""clf__gamma"": 0.001}",0.2614164543561432,"[[1, 17], [6, 24]]",dominance,0.3780281690140845,0.5208333333333334,0.4525352112676057,6,0.2,1,17,0.9444444444444444,-0.16455696202531644,0.735682924523602,-0.19813298130565876,subject_dependent,rbf_svm,0.14285714285714285,0.5853658536585366,0.7095283193913624,0.3641114982578397,0.5208333333333334,0.4194250871080139,0.4277777777777778,0.5208333333333334,0.5208333333333334,0.575925925925926,1,0.05555555555555555,24,0.8
0.4583333333333333,0.45833333333333337,"{""clf__C"": 1.0, ""clf__gamma"": 0.001}",0.3064007151751152,"[[12, 12], [14, 10]]",dominance,0.45739130434782604,0.4583333333333333,0.4573913043478261,14,0.5833333333333334,2,12,0.5,-0.08333333333333326,0.8270436683539026,-0.08362420100070908,subject_dependent,rbf_svm,0.46153846153846156,0.45454545454545453,0.6491715010149938,0.458041958041958,0.4583333333333333,0.4580419580419581,0.45833333333333337,0.4583333333333333,0.4583333333333333,0.5399305555555556,12,0.5,10,0.4166666666666667
0.6458333333333334,0.7261904761904763,"{""clf__C"": 1.0, ""clf__gamma"": 0.001}",0.14561146902106256,"[[5, 1], [16, 26]]",dominance,0.5619967793880838,0.6458333333333334,0.7057165861513689,16,0.38095238095238093,3,1,0.16666666666666666,0.2183908045977011,0.4654747874290157,0.30158730158730157,subject_dependent,rbf_svm,0.23809523809523808,0.9629629629629629,0.9769623658595772,0.6005291005291005,0.6458333333333334,0.8723544973544973,0.7261904761904763,0.6458333333333334,0.6458333333333334,0.8531746031746033,5,0.8333333333333334,26,0.6190476190476191
0.6666666666666666,0.5888888888888889,"{""clf__C"": 10.0, ""clf__gamma"": 0.001}",0.24844314739149828,"[[5, 13], [3, 27]]",dominance,0.5780219780219781,0.6666666666666666,0.6263736263736264,3,0.1,4,13,0.7222222222222222,0.19999999999999996,0.7048466691946039,0.2309401076758503,subject_dependent,rbf_svm,0.625,0.675,0.8084003005590833,0.65,0.6666666666666666,0.65625,0.5888888888888889,0.6666666666666666,0.6666666666666666,0.6592592592592593,5,0.2777777777777778,27,0.9
0.5625,0.5625,"{""clf__C"": 1.0, ""clf__gamma"": 0.001}",0.29247298131584937,"[[10, 14], [7, 17]]",dominance,0.5529933481152993,0.5625,0.5529933481152993,7,0.2916666666666667,0,14,0.5833333333333334,0.125,0.8030797800394378,0.13068205256070964,subject_dependent,rbf_svm,0.5882352941176471,0.5483870967741935,0.6070557678747379,0.5683111954459203,0.5625,0.5683111954459202,0.5625,0.5625,0.5625,0.5503472222222222,10,0.4166666666666667,17,0.7083333333333334
0.7291666666666666,0.7638888888888888,"{""clf__C"": 10.0, ""clf__gamma"": 0.001}",0.22059315583801928,"[[10, 2], [11, 25]]",dominance,0.6998556998556998,0.7291666666666666,0.7467532467532467,11,0.3055555555555556,1,2,0.16666666666666666,0.4222222222222223,0.6475555295305951,0.46068221272042836,subject_dependent,rbf_svm,0.47619047619047616,0.9259259259259259,0.9244562306058091,0.701058201058201,0.7291666666666666,0.8134920634920636,0.7638888888888888,0.7291666666666666,0.7291666666666666,0.7824074074074073,10,0.8333333333333334,25,0.6944444444444444
0.7708333333333334,0.8055555555555556,"{""clf__C"": 1.0, ""clf__gamma"": 0.001}",0.2321028074524116,"[[20, 10], [1, 17]]",dominance,0.7699346405228757,0.7708333333333334,0.7735294117647058,1,0.05555555555555555,2,10,0.3333333333333333,0.5555555555555556,0.6726507686759317,0.5963833779129925,subject_dependent,rbf_svm,0.9523809523809523,0.6296296296296297,0.6074442773257291,0.7910052910052909,0.7708333333333334,0.8313492063492064,0.8055555555555556,0.7708333333333334,0.7708333333333334,0.8166666666666665,20,0.6666666666666666,17,0.9444444444444444
0.7708333333333334,0.7083333333333334,"{""clf__C"": 1.0, ""clf__gamma"": 0.001}",0.16125997908890374,"[[7, 5], [6, 30]]",dominance,0.7025352112676057,0.7708333333333334,0.7738028169014085,6,0.16666666666666666,3,5,0.4166666666666667,0.4054054054054054,0.5007962524189091,0.4059989714705751,subject_dependent,rbf_svm,0.5384615384615384,0.8571428571428571,0.9252010869821279,0.6978021978021978,0.7708333333333334,0.7774725274725274,0.7083333333333334,0.7708333333333334,0.7708333333333334,0.7986111111111112,7,0.5833333333333334,30,0.8333333333333334
0.5208333333333334,0.538888888888889,"{""clf__C"": 1.0, ""clf__gamma"": 0.001}",0.2724241601177171,"[[11, 7], [16, 14]]",dominance,0.5189542483660131,0.5208333333333334,0.5264705882352941,16,0.5333333333333333,4,7,0.3888888888888889,0.07070707070707072,0.748394316522222,0.07590333900710813,subject_dependent,rbf_svm,0.4074074074074074,0.6666666666666666,0.7401127178142385,0.537037037037037,0.5208333333333334,0.5694444444444444,0.538888888888889,0.5208333333333334,0.5208333333333334,0.5981481481481481,11,0.6111111111111112,14,0.4666666666666667
0.6875,0.6277777777777778,"{""clf__C"": 10.0, ""clf__gamma"": 0.001}",0.21225001116569112,"[[7, 11], [4, 26]]",dominance,0.629439011837365,0.6875,0.6661091096242924,4,0.13333333333333333,0,11,0.6111111111111112,0.27710843373493976,0.6126799574331033,0.29436420748842185,subject_dependent,rbf_svm,0.6363636363636364,0.7027027027027027,0.8047721773626771,0.6695331695331695,0.6875,0.6778255528255528,0.6277777777777778,0.6875,0.6875,0.711111111111111,7,0.3888888888888889,26,0.8666666666666667
0.25,0.5,"{""clf__C"": 0.1, ""clf__gamma"": 0.001}",0.20650798146163254,"[[12, 0], [36, 0]]",dominance,0.2,0.25,0.10000000000000002,36,1.0,1,0,0.0,0.0,0.6048749773466637,0.0,subject_dependent,rbf_svm,0.25,0.0,0.8454015141628328,0.125,0.25,0.0625,0.5,0.25,0.25,0.6574074074074074,12,1.0,0,0.0
0.5,0.5,"{""clf__C"": 1.0, ""clf__gamma"": 0.1}",0.27510842484506487,"[[0, 24], [0, 24]]",dominance,0.3333333333333333,0.5,0.3333333333333333,0,0.0,2,24,1.0,0.0,0.7460684405617197,0.0,subject_dependent,rbf_svm,0.0,0.5,0.5222222222222223,0.25,0.5,0.25,0.5,0.5,0.5,0.5034722222222222,0,0.0,24,1.0
0.3333333333333333,0.3555555555555555,"{""clf__C"": 1.0, ""clf__gamma"": 0.001}",0.41346125779848913,"[[8, 22], [10, 8]]",dominance,0.3333333333333333,0.3333333333333333,0.3333333333333333,10,0.5555555555555556,3,22,0.7333333333333333,-0.2549019607843137,1.1191903575281288,-0.28888888888888886,subject_dependent,rbf_svm,0.4444444444444444,0.26666666666666666,0.2806784961026998,0.3555555555555555,0.3333333333333333,0.37777777777777777,0.3555555555555555,0.3333333333333333,0.3333333333333333,0.2777777777777778,8,0.26666666666666666,8,0.4444444444444444
0.5,0.4285714285714286,"{""clf__C"": 10.0, ""clf__gamma"": 0.001}",0.26510064474826145,"[[2, 4], [20, 22]]",dominance,0.39495798319327735,0.5,0.5840336134453782,20,0.47619047619047616,4,4,0.6666666666666666,-0.06666666666666665,0.7501126738211988,-0.0948209311861521,subject_dependent,rbf_svm,0.09090909090909091,0.8461538461538461,0.8355069904904772,0.46853146853146854,0.5,0.7517482517482518,0.4285714285714286,0.5,0.5,0.4365079365079365,2,0.3333333333333333,22,0.5238095238095238
0.5833333333333334,0.5833333333333333,"{""clf__C"": 10.0, ""clf__gamma"": 0.001}",0.2758499874388878,"[[9, 15], [5, 19]]",dominance,0.5644283121597096,0.5833333333333334,0.5644283121597096,5,0.20833333333333334,0,15,0.625,0.16666666666666663,0.7667977989192177,0.18333969940564226,subject_dependent,rbf_svm,0.6428571428571429,0.5588235294117647,0.5418436805421358,0.6008403361344539,0.5833333333333334,0.6008403361344539,0.5833333333333333,0.5833333333333334,0.5833333333333334,0.5434027777777778,9,0.375,19,0.7916666666666666
0.6458333333333334,0.5694444444444444,"{""clf__C"": 10.0, ""clf__gamma"": 0.001}",0.2039013069865092,"[[5, 7], [10, 26]]",dominance,0.5619967793880838,0.6458333333333334,0.6578099838969403,10,0.2777777777777778,1,7,0.5833333333333334,0.1282051282051282,0.5957149814005526,0.12974982402692048,subject_dependent,rbf_svm,0.3333333333333333,0.7878787878787878,0.8753398389559373,0.5606060606060606,0.6458333333333334,0.6742424242424242,0.5694444444444444,0.6458333333333334,0.6458333333333334,0.6712962962962963,5,0.4166666666666667,26,0.7222222222222222
0.4375,0.45833333333333337,"{""clf__C"": 1.0, ""clf__gamma"": 0.001}",0.23280885010580685,"[[6, 6], [21, 15]]",dominance,0.41700404858299595,0.4375,0.4716599190283401,21,0.5833333333333334,2,6,0.5,-0.05882352941176472,0.6559112394242427,-0.07273929674533079,subject_dependent,rbf_svm,0.2222222222222222,0.7142857142857143,0.8304455475144121,0.46825396825396826,0.4375,0.5912698412698413,0.45833333333333337,0.4375,0.4375,0.5856481481481481,6,0.5,15,0.4166666666666667
0.6458333333333334,0.6458333333333333,"{""clf__C"": 1.0, ""clf__gamma"": 0.001}",0.23537178450402538,"[[15, 9], [8, 16]]",dominance,0.6456795484151108,0.6458333333333334,0.6456795484151107,8,0.3333333333333333,3,9,0.375,0.29166666666666663,0.6783432488282234,0.2919201796799047,subject_dependent,rbf_svm,0.6521739130434783,0.64,0.6408671590243562,0.6460869565217391,0.6458333333333334,0.6460869565217391,0.6458333333333333,0.6458333333333334,0.6458333333333334,0.6892361111111112,15,0.625,16,0.6666666666666666
0.3125,0.3125,"{""clf__C"": 1.0, ""clf__gamma"": 0.001}",0.32323401455178646,"[[5, 19], [14, 10]]",dominance,0.3049583150504607,0.3125,0.3049583150504607,14,0.5833333333333334,4,19,0.7916666666666666,-0.375,0.8574422727780121,-0.3834128905580745,subject_dependent,rbf_svm,0.2631578947368421,0.3448275862068966,0.49407015733491055,0.3039927404718693,0.3125,0.30399274047186936,0.3125,0.3125,0.3125,0.359375,5,0.20833333333333334,10,0.4166666666666667
0.875,0.5,"{""clf__C"": 0.1, ""clf__gamma"": 0.01}",0.11298659983214328,"[[0, 6], [0, 42]]",dominance,0.4666666666666667,0.875,0.8166666666666668,0,0.0,0,6,1.0,0.0,0.40057411886564886,0.0,subject_dependent,rbf_svm,0.0,0.875,0.8842946936135209,0.4375,0.875,0.765625,0.5,0.875,0.875,0.39285714285714285,0,0.0,42,1.0
0.75,0.5,"{""clf__C"": 0.1, ""clf__gamma"": 0.01}",0.2379560474947481,"[[0, 12], [0, 36]]",dominance,0.42857142857142855,0.75,0.6428571428571428,0,0.0,1,12,1.0,0.0,0.9377679560084836,0.0,subject_dependent,rbf_svm,0.0,0.75,0.7795757962218242,0.375,0.75,0.5625,0.5,0.75,0.75,0.45601851851851855,0,0.0,36,1.0
1.0,1.0,"{""clf__C"": 0.1, ""clf__gamma"": 0.01}",,[[48]],dominance,1.0,1.0,1.0,,,2,,,nan,,0.0,subject_dependent,rbf_svm,,,1.0,1.0,1.0,1.0,1.0,1.0,1.0,nan,,,,
1.0,1.0,"{""clf__C"": 0.1, ""clf__gamma"": 0.01}",,[[48]],dominance,1.0,1.0,1.0,,,3,,,nan,,0.0,subject_dependent,rbf_svm,,,1.0,1.0,1.0,1.0,1.0,1.0,1.0,nan,,,,
1.0,1.0,"{""clf__C"": 0.1, ""clf__gamma"": 0.01}",,[[48]],dominance,1.0,1.0,1.0,,,4,,,nan,,0.0,subject_dependent,rbf_svm,,,1.0,1.0,1.0,1.0,1.0,1.0,1.0,nan,,,,
0.4779761904761905,0.4507063695043234,"{""clf__C"": 0.1, ""clf__gamma"": 0.001}",0.2621502606965463,"[[192, 522], [355, 611]]",valence,0.4433511067352416,0.4779761904761905,0.46417573943862844,355,0.36749482401656314,0,522,0.7310924369747899,-0.10168959236228892,0.7187301841871885,-0.1040039543424503,cross_subject,rbf_svm,0.3510054844606947,0.5392762577228597,0.5552731736511174,0.4451408710917772,0.4779761904761905,0.4592611790864396,0.4507063695043234,0.4779761904761905,0.4779761904761905,0.4395374091665652,192,0.2689075630252101,611,0.6325051759834368
0.4797619047619048,0.4786435636715778,"{""clf__C"": 10.0, ""clf__gamma"": 0.001}",0.27368872309772874,"[[344, 388], [486, 462]]",valence,0.47718264282835243,0.4797619047619048,0.48190400365587194,486,0.5126582278481012,1,388,0.5300546448087432,-0.04207119741100329,0.7507555549310805,-0.042361368437049914,cross_subject,rbf_svm,0.41445783132530123,0.5435294117647059,0.5945536783139829,0.4789936215450036,0.4797619047619048,0.48729108028753676,0.4786435636715778,0.4797619047619048,0.4797619047619048,0.5016629775656545,344,0.46994535519125685,462,0.4873417721518987
0.525,0.498348675426885,"{""clf__C"": 10.0, ""clf__gamma"": 0.001}",0.2903484683122449,"[[162, 480], [204, 594]]",valence,0.478021978021978,0.525,0.49498626373626375,204,0.2556390977443609,2,480,0.7476635514018691,-0.0034475170542067612,0.7992938608001248,-0.0037704111894928155,cross_subject,rbf_svm,0.4426229508196721,0.553072625698324,0.5827746962357381,0.4978477882589981,0.525,0.5038304789815917,0.498348675426885,0.525,0.525,0.5027668470241022,162,0.2523364485981308,594,0.7443609022556391
0.4673611111111111,0.4673611111111111,"{""clf__C"": 0.1, ""clf__gamma"": 0.001}",0.26086356596375454,"[[409, 311], [456, 264]]",valence,0.46190516789885877,0.4673611111111111,0.4619051678988588,456,0.6333333333333333,3,311,0.43194444444444446,-0.06527777777777777,0.7157465627918669,-0.0666432060588132,cross_subject,rbf_svm,0.4728323699421965,0.4591304347826087,0.47396894981722326,0.4659814023624026,0.4673611111111111,0.4659814023624026,0.4673611111111111,0.4673611111111111,0.4673611111111111,0.47368248456790124,409,0.5680555555555555,264,0.36666666666666664
0.4666666666666667,0.44702111613876316,"{""clf__C"": 1.0, ""clf__gamma"": 0.001}",0.2958879634488843,"[[187, 437], [331, 485]]",valence,0.442804197509467,0.4666666666666667,0.4581786742818909,331,0.4056372549019608,4,437,0.7003205128205128,-0.10811850711812232,0.8491657513861574,-0.10940567098141757,cross_subject,rbf_svm,0.361003861003861,0.5260303687635575,0.5493937199379932,0.44351711488370926,0.4666666666666667,0.454518882067689,0.44702111613876316,0.4666666666666667,0.4666666666666667,0.4574132337229763,187,0.29967948717948717,485,0.5943627450980392
0.5178571428571429,0.5318538647342995,"{""clf__C"": 1.0, ""clf__gamma"": 0.001}",0.24151249291451107,"[[332, 244], [566, 538]]",arousal,0.5104972582378765,0.5178571428571429,0.5293614285241515,566,0.5126811594202898,0,244,0.4236111111111111,0.05619548571809052,0.6765402208373903,0.0606242474688564,cross_subject,rbf_svm,0.36971046770601335,0.6879795396419437,0.6720243292158967,0.5288450036739785,0.5178571428571429,0.5788587149781962,0.5318538647342995,0.5178571428571429,0.5178571428571429,0.5317390675322061,332,0.5763888888888888,538,0.48731884057971014
0.4261904761904762,0.42647058823529416,"{""clf__C"": 0.1, ""clf__gamma"": 0.001}",0.26861808095516165,"[[356, 460], [504, 360]]",arousal,0.4261872232835787,0.4261904761904762,0.42622625816634857,504,0.5833333333333334,1,460,0.5637254901960784,-0.1468388851121687,0.7314553682377013,-0.14704047131157488,cross_subject,rbf_svm,0.413953488372093,0.43902439024390244,0.486964764912771,0.4264889393079977,0.4261904761904762,0.4268470950490236,0.42647058823529416,0.4261904761904762,0.4261904761904762,0.41999066698438636,356,0.4362745098039216,360,0.4166666666666667
0.4548611111111111,0.4319336609919985,"{""clf__C"": 0.1, ""clf__gamma"": 0.001}",0.2655212520195876,"[[174, 432], [353, 481]]",arousal,0.42890371642018016,0.4548611111111111,0.4481815209463439,353,0.42326139088729015,2,432,0.7128712871287128,-0.13860249235492472,0.7253677336281127,-0.13952146542889754,cross_subject,rbf_svm,0.3301707779886148,0.5268346111719606,0.5612459727851622,0.4285026945802877,0.4548611111111111,0.4440719147073026,0.4319336609919985,0.4548611111111111,0.4548611111111111,0.41992544578198826,174,0.2871287128712871,481,0.5767386091127098
0.5020833333333333,0.5004485645933014,"{""clf__C"": 0.1, ""clf__gamma"": 0.001}",0.24331034509371424,"[[261, 267], [450, 462]]",arousal,0.4921894020211499,0.5020833333333333,0.5110912409459183,450,0.4934210526315789,3,267,0.5056818181818182,0.0008361204013378476,0.6796719260709305,0.0008647106379902799,cross_subject,rbf_svm,0.3670886075949367,0.6337448559670782,0.6188840794304067,0.5004167317810074,0.5020833333333333,0.5359708982306263,0.5004485645933014,0.5020833333333333,0.5020833333333333,0.4825952784423179,261,0.4943181818181818,462,0.506578947368421
0.5222222222222223,0.5200287116791702,"{""clf__C"": 0.1, ""clf__gamma"": 0.001}",0.2632674108774748,"[[477, 255], [433, 275]]",arousal,0.5126318627151962,0.5222222222222223,0.5137713113694964,433,0.6115819209039548,4,255,0.3483606557377049,0.04022320390606837,0.7211215189480479,0.04152374820233824,cross_subject,rbf_svm,0.5241758241758242,0.5188679245283019,0.5056825853285939,0.5215218743520631,0.5222222222222223,0.5215661068491257,0.5200287116791702,0.5222222222222223,0.5222222222222223,0.49629912630051554,477,0.6516393442622951,275,0.3884180790960452
0.5029761904761905,0.41221333671828725,"{""clf__C"": 10.0, ""clf__gamma"": 0.001}",0.24903231157785358,"[[97, 371], [464, 748]]",dominance,0.41515859883206824,0.5029761904761905,0.515521560711065,464,0.38283828382838286,0,371,0.7927350427350427,-0.16548024964606878,0.6971328306934547,-0.16689230016434353,cross_subject,rbf_svm,0.17290552584670232,0.6684539767649688,0.6683111143383287,0.42067975130583557,0.5029761904761905,0.5304083368663088,0.41221333671828725,0.5029761904761905,0.5029761904761905,0.4020831570336521,97,0.20726495726495728,748,0.6171617161716172
0.5970238095238095,0.556775828873227,"{""clf__C"": 10.0, ""clf__gamma"": 0.001}",0.2551733272074239,"[[236, 442], [235, 767]]",dominance,0.5522978508832528,0.5970238095238095,0.5795882663249484,235,0.2345309381237525,1,442,0.6519174041297935,0.1194477735351227,0.7265221516019194,0.12402766929466508,cross_subject,rbf_svm,0.5010615711252654,0.6344086021505376,0.6169996171701715,0.5677350866379015,0.5970238095238095,0.5805935503439098,0.556775828873227,0.5970238095238095,0.5970238095238095,0.5457087300325603,236,0.3480825958702065,767,0.7654690618762475
0.6,0.5754761904761905,"{""clf__C"": 1.0, ""clf__gamma"": 0.001}",0.2485292198203641,"[[257, 343], [233, 607]]",dominance,0.5748859617651582,0.6,0.5921070165547639,233,0.2773809523809524,2,343,0.5716666666666667,0.15501222493887523,0.6931428850589955,0.1570707773366549,cross_subject,rbf_svm,0.5244897959183673,0.6389473684210526,0.6990265244752547,0.58171858216971,0.6,0.5912567132116003,0.5754761904761905,0.6,0.6,0.6246726190476191,257,0.42833333333333334,607,0.7226190476190476
0.4166666666666667,0.41814328399694256,"{""clf__C"": 0.1, ""clf__gamma"": 0.001}",0.2966612876732171,"[[265, 473], [367, 335]]",dominance,0.41528496157006817,0.4166666666666667,0.4145743703775318,367,0.5227920227920227,3,473,0.6409214092140921,-0.16311271116034343,0.7949542216267216,-0.16489854756671055,cross_subject,rbf_svm,0.41930379746835444,0.4146039603960396,0.43636687493033927,0.41695387893219704,0.4166666666666667,0.4170126268956009,0.41814328399694256,0.4166666666666667,0.4166666666666667,0.40142758977447324,265,0.35907859078590787,335,0.4772079772079772
0.5958333333333333,0.5477197221383268,"{""clf__C"": 1.0, ""clf__gamma"": 0.001}",0.24722120298241024,"[[195, 321], [261, 663]]",dominance,0.548101560680177,0.5958333333333333,0.5897138753008774,261,0.2824675324675325,4,321,0.622093023255814,0.09795412275263493,0.7146747395769143,0.09838044162221117,cross_subject,rbf_svm,0.4276315789473684,0.6737804878048781,0.6349636262320425,0.5507060333761232,0.5958333333333333,0.5855771287976038,0.5477197221383268,0.5958333333333333,0.5958333333333333,0.5159653008490218,195,0.37790697674418605,663,0.7175324675324676
