accuracy,balanced_accuracy,best_params,brier,confusion_matrix,dimension,f1_macro,f1_micro,f1_weighted,fn,fnr,fold,fp,fpr,kappa,log_loss,mcc,mode,model,npv,ppv,pr_auc,precision_macro,precision_micro,precision_weighted,recall_macro,recall_micro,recall_weighted,roc_auc,tn,tnr,tp,tpr,trial_accuracy,trial_balanced_accuracy,trial_brier,trial_confusion_matrix,trial_f1_macro,trial_f1_micro,trial_f1_weighted,trial_fn,trial_fnr,trial_fp,trial_fpr,trial_kappa,trial_log_loss,trial_mcc,trial_npv,trial_ppv,trial_pr_auc,trial_precision_macro,trial_precision_micro,trial_precision_weighted,trial_recall_macro,trial_recall_micro,trial_recall_weighted,trial_roc_auc,trial_tn,trial_tnr,trial_tp,trial_tpr
0.48863636363636365,0.5060606060606061,"{""clf__C"": 13.411788774467905, ""clf__gamma"": 0.00026210878782654407, ""clf__class_weight"": ""balanced""}",0.3274669999394805,"[[19, 14], [31, 24]]",valence,0.4869801787796346,0.48863636363636365,0.4942673921492421,31,0.5636363636363636,,14,0.42424242424242425,0.01098901098901095,0.9129343286887089,0.011846977555181848,subject_dependent,rbf_svm,0.38,0.631578947368421,0.7014687250162311,0.5057894736842106,0.48863636363636365,0.5372368421052631,0.5060606060606061,0.48863636363636365,0.48863636363636365,0.5487603305785125,19,0.5757575757575758,24,0.43636363636363634,0.625,0.7,0.2862667926912938,"[[3, 0], [3, 2]]",0.6190476190476191,0.625,0.6071428571428571,3,0.6,0,0.0,0.33333333333333337,0.7663010520164691,0.4472135954999579,0.5,1.0,0.7961904761904761,0.75,0.625,0.8125,0.7,0.625,0.625,0.6000000000000001,3,1.0,2,0.4
0.4431818181818182,0.44318181818181823,"{""clf__C"": 20.12196163610286, ""clf__gamma"": 0.0008612579192594886, ""clf__class_weight"": ""balanced""}",0.3918534274021929,"[[26, 18], [31, 13]]",valence,0.43075907590759077,0.4431818181818182,0.43075907590759077,31,0.7045454545454546,,18,0.4090909090909091,-0.11363636363636354,1.1532085072585796,-0.11894651701745163,subject_dependent,rbf_svm,0.45614035087719296,0.41935483870967744,0.42458347778806055,0.43774759479343517,0.4431818181818182,0.4377475947934352,0.44318181818181823,0.4431818181818182,0.4431818181818182,0.36725206611570244,26,0.5909090909090909,13,0.29545454545454547,0.5,0.5,0.3571918060033494,"[[3, 1], [3, 1]]",0.4666666666666667,0.5,0.4666666666666667,3,0.75,1,0.25,0.0,0.9559713764851706,0.0,0.5,0.5,0.5,0.5,0.5,0.5,0.5,0.5,0.5,0.375,3,0.75,1,0.25
0.6818181818181818,0.6212121212121212,"{""clf__C"": 13.411788774467905, ""clf__gamma"": 0.00026210878782654407, ""clf__class_weight"": ""balanced""}",0.20180776300450273,"[[49, 17], [11, 11]]",valence,0.6088888888888889,0.6818181818181818,0.6933333333333334,11,0.5,,17,0.25757575757575757,0.2222222222222222,0.5876751730439462,0.22537446792760443,subject_dependent,rbf_svm,0.8166666666666667,0.39285714285714285,0.4009764989478293,0.6047619047619047,0.6818181818181818,0.7107142857142857,0.6212121212121212,0.6818181818181818,0.6818181818181818,0.6525482093663911,49,0.7424242424242424,11,0.5,0.75,0.6666666666666667,0.1808521905284472,"[[5, 1], [1, 1]]",0.6666666666666667,0.75,0.75,1,0.5,1,0.16666666666666666,0.33333333333333337,0.5419152749578753,0.3333333333333333,0.8333333333333334,0.5,0.7,0.6666666666666667,0.75,0.75,0.6666666666666667,0.75,0.75,0.75,5,0.8333333333333334,1,0.5
0.5909090909090909,0.5575757575757576,"{""clf__C"": 13.411788774467905, ""clf__gamma"": 0.00026210878782654407, ""clf__class_weight"": ""balanced""}",0.24178189877785916,"[[38, 17], [19, 14]]",valence,0.5580357142857143,0.5909090909090909,0.5881696428571429,19,0.5757575757575758,,17,0.3090909090909091,0.1165644171779141,0.6797504571401448,0.1167050628061517,subject_dependent,rbf_svm,0.6666666666666666,0.45161290322580644,0.4624726749466396,0.5591397849462365,0.5909090909090909,0.586021505376344,0.5575757575757576,0.5909090909090909,0.5909090909090909,0.6151515151515151,38,0.6909090909090909,14,0.42424242424242425,0.625,0.5666666666666667,0.2221600839621156,"[[4, 1], [2, 1]]",0.5636363636363637,0.625,0.6045454545454546,2,0.6666666666666666,1,0.2,0.1428571428571429,0.6292731155683298,0.14907119849998599,0.6666666666666666,0.5,0.5,0.5833333333333333,0.625,0.6041666666666666,0.5666666666666667,0.625,0.625,0.6,4,0.8,1,0.3333333333333333
0.3977272727272727,0.41515151515151516,"{""clf__C"": 160.49758307716223, ""clf__gamma"": 0.00018427970406864567, ""clf__class_weight"": null}",0.3751909048051311,"[[16, 17], [36, 19]]",valence,0.3970265029088559,0.3977272727272727,0.4021654815772463,36,0.6545454545454545,,17,0.5151515151515151,-0.15217391304347827,1.0448569263930165,-0.16709347060920102,subject_dependent,rbf_svm,0.3076923076923077,0.5277777777777778,0.6002634594893814,0.41773504273504275,0.3977272727272727,0.4452457264957265,0.41515151515151516,0.3977272727272727,0.3977272727272727,0.40220385674931125,16,0.48484848484848486,19,0.34545454545454546,0.375,0.43333333333333335,0.32276999697027564,"[[2, 1], [4, 1]]",0.36507936507936506,0.375,0.34523809523809523,4,0.8,1,0.3333333333333333,-0.11111111111111116,0.8576655395159092,-0.14907119849998599,0.3333333333333333,0.5,0.6192857142857142,0.41666666666666663,0.375,0.4375,0.43333333333333335,0.375,0.375,0.2,2,0.6666666666666666,1,0.2
0.5227272727272727,0.33766233766233766,"{""clf__C"": 0.4342298948286134, ""clf__gamma"": 0.0008179499475211679, ""clf__class_weight"": ""balanced""}",0.316427285339507,"[[45, 32], [10, 1]]",valence,0.3636363636363636,0.5227272727272727,0.6022727272727272,10,0.9090909090909091,,32,0.4155844155844156,-0.1748251748251748,0.8831260539905318,-0.22179547112466663,subject_dependent,rbf_svm,0.8181818181818182,0.030303030303030304,0.09206648399127451,0.42424242424242425,0.5227272727272727,0.7196969696969698,0.33766233766233766,0.5227272727272727,0.5227272727272727,0.29043683589138136,45,0.5844155844155844,1,0.09090909090909091,0.5,0.2857142857142857,0.3077980414594606,"[[4, 3], [1, 0]]",0.3333333333333333,0.5,0.5833333333333333,1,1.0,3,0.42857142857142855,-0.23076923076923084,0.8551909192395597,-0.29277002188455997,0.8,0.0,0.14285714285714285,0.4,0.5,0.7000000000000001,0.2857142857142857,0.5,0.5,0.1428571428571429,4,0.5714285714285714,0,0.0
0.5,0.5,"{""clf__C"": 0.26052157465743125, ""clf__gamma"": 0.013795402040204185, ""clf__class_weight"": null}",0.253847223586014,"[[6, 38], [6, 38]]",valence,0.4238095238095238,0.5,0.42380952380952386,6,0.13636363636363635,,38,0.8636363636363636,0.0,0.7131709125515062,0.0,subject_dependent,rbf_svm,0.5,0.5,0.7405036947576554,0.5,0.5,0.5,0.5,0.5,0.5,0.6978305785123967,6,0.13636363636363635,38,0.8636363636363636,0.5,0.5,0.24175776443746932,"[[1, 3], [1, 3]]",0.4666666666666667,0.5,0.4666666666666667,1,0.25,3,0.75,0.0,0.671252138774308,0.0,0.5,0.5,0.875,0.5,0.5,0.5,0.5,0.5,0.5,0.75,1,0.25,3,0.75
0.7045454545454546,0.696969696969697,"{""clf__C"": 0.21466070134458173, ""clf__gamma"": 0.0012955517240662183, ""clf__class_weight"": ""balanced""}",0.21287027326845404,"[[47, 19], [7, 15]]",valence,0.6595238095238095,0.7045454545454546,0.7214285714285714,7,0.3181818181818182,,19,0.2878787878787879,0.33333333333333337,0.6201930473616609,0.3503292361635921,subject_dependent,rbf_svm,0.8703703703703703,0.4411764705882353,0.48382922112452886,0.6557734204793029,0.7045454545454546,0.7630718954248366,0.696969696969697,0.7045454545454546,0.7045454545454546,0.7803030303030303,47,0.7121212121212122,15,0.6818181818181818,0.625,0.5833333333333333,0.20869603359716216,"[[4, 2], [1, 1]]",0.5636363636363637,0.625,0.6454545454545454,1,0.5,2,0.3333333333333333,0.1428571428571429,0.6122570403767285,0.14907119849998599,0.8,0.3333333333333333,0.5,0.5666666666666667,0.625,0.6833333333333335,0.5833333333333333,0.625,0.625,0.7500000000000001,4,0.6666666666666666,1,0.5
0.6590909090909091,0.6590909090909091,"{""clf__C"": 7.709391232564023, ""clf__gamma"": 0.00026471141828218194, ""clf__class_weight"": null}",0.2232529237223888,"[[28, 16], [14, 30]]",valence,0.6589147286821706,0.6590909090909091,0.6589147286821706,14,0.3181818181818182,,16,0.36363636363636365,0.31818181818181823,0.6351042281201337,0.31851102863530306,subject_dependent,rbf_svm,0.6666666666666666,0.6521739130434783,0.765596452054744,0.6594202898550725,0.6590909090909091,0.6594202898550724,0.6590909090909091,0.6590909090909091,0.6590909090909091,0.7252066115702479,28,0.6363636363636364,30,0.6818181818181818,0.625,0.625,0.2073852611517878,"[[2, 2], [1, 3]]",0.6190476190476191,0.625,0.6190476190476191,1,0.25,2,0.5,0.25,0.5847908917408641,0.2581988897471611,0.6666666666666666,0.6,0.8303571428571428,0.6333333333333333,0.625,0.6333333333333333,0.625,0.625,0.625,0.75,2,0.5,3,0.75
0.7159090909090909,0.7159090909090908,"{""clf__C"": 13.411788774467905, ""clf__gamma"": 0.00026210878782654407, ""clf__class_weight"": ""balanced""}",0.16564373137128266,"[[29, 15], [10, 34]]",valence,0.7149889882109082,0.7159090909090909,0.7149889882109082,10,0.22727272727272727,,15,0.3409090909090909,0.43181818181818177,0.4904338707844131,0.43463356032809364,subject_dependent,rbf_svm,0.7435897435897436,0.6938775510204082,0.8541506026307324,0.7187336473050758,0.7159090909090909,0.7187336473050758,0.7159090909090908,0.7159090909090909,0.7159090909090909,0.837293388429752,29,0.6590909090909091,34,0.7727272727272727,0.625,0.625,0.1526953917175104,"[[3, 1], [2, 2]]",0.6190476190476191,0.625,0.6190476190476191,2,0.5,1,0.25,0.25,0.46329874618341443,0.2581988897471611,0.6,0.6666666666666666,0.8541666666666666,0.6333333333333333,0.625,0.6333333333333333,0.625,0.625,0.625,0.8125,3,0.75,2,0.5
0.6136363636363636,0.5151515151515151,"{""clf__C"": 0.40069130793659025, ""clf__gamma"": 0.0014899847475658245, ""clf__class_weight"": ""balanced""}",0.28436277571180235,"[[50, 5], [29, 4]]",valence,0.4683724235963042,0.6136363636363636,0.5378464818763327,29,0.8787878787878788,,5,0.09090909090909091,0.03546099290780147,0.8951028550128509,0.04841607448117723,subject_dependent,rbf_svm,0.6329113924050633,0.4444444444444444,0.4468634874080132,0.5386779184247539,0.6136363636363636,0.5622362869198313,0.5151515151515151,0.6136363636363636,0.6136363636363636,0.5184573002754821,50,0.9090909090909091,4,0.12121212121212122,0.625,0.5,0.2526351575003604,"[[5, 0], [3, 0]]",0.38461538461538464,0.625,0.4807692307692308,3,1.0,0,0.0,0.0,0.7421363601812339,0.0,0.625,0.0,0.6805555555555556,0.3125,0.625,0.390625,0.5,0.625,0.625,0.6,5,1.0,0,0.0
0.8295454545454546,0.7803030303030303,"{""clf__C"": 0.9020715489795292, ""clf__gamma"": 0.0048275888720946784, ""clf__class_weight"": null}",0.16197344862964716,"[[58, 8], [7, 15]]",valence,0.7760814249363868,0.8295454545454546,0.8307888040712469,7,0.3181818181818182,,8,0.12121212121212122,0.5522388059701493,0.546218481213788,0.5524850114241865,subject_dependent,rbf_svm,0.8923076923076924,0.6521739130434783,0.4793050231075955,0.7722408026755854,0.8295454545454546,0.8322742474916388,0.7803030303030303,0.8295454545454546,0.8295454545454546,0.7665289256198347,58,0.8787878787878788,15,0.6818181818181818,0.75,0.6666666666666667,0.11857976606518394,"[[5, 1], [1, 1]]",0.6666666666666667,0.75,0.75,1,0.5,1,0.16666666666666666,0.33333333333333337,0.391108150203621,0.3333333333333333,0.8333333333333334,0.5,0.8333333333333333,0.6666666666666667,0.75,0.75,0.6666666666666667,0.75,0.75,0.9166666666666667,5,0.8333333333333334,1,0.5
0.5,0.5696969696969697,"{""clf__C"": 0.4342298948286134, ""clf__gamma"": 0.0008179499475211679, ""clf__class_weight"": ""balanced""}",0.282952801663159,"[[28, 5], [39, 16]]",valence,0.4905263157894737,0.5,0.47315789473684206,39,0.7090909090909091,,5,0.15151515151515152,0.11557788944723613,0.7866859084696489,0.15831977273317685,subject_dependent,rbf_svm,0.417910447761194,0.7619047619047619,0.7693000684495678,0.5899076048329779,0.5,0.6329068941009239,0.5696969696969697,0.5,0.5,0.6534435261707989,28,0.8484848484848485,16,0.2909090909090909,0.75,0.8,0.24236277318976512,"[[3, 0], [2, 3]]",0.75,0.75,0.75,2,0.4,0,0.0,0.5294117647058824,0.6754504146644001,0.6,0.6,1.0,0.8761904761904762,0.8,0.75,0.85,0.8,0.75,0.75,0.7333333333333334,3,1.0,3,0.6
0.38636363636363635,0.48484848484848486,"{""clf__C"": 1.351144633701368, ""clf__gamma"": 0.015446089075047083, ""clf__class_weight"": ""balanced""}",0.4493215618860295,"[[29, 4], [50, 5]]",valence,0.33705357142857145,0.38636363636363635,0.2918526785714286,50,0.9090909090909091,,4,0.12121212121212122,-0.023696682464454888,1.5834445554426886,-0.04841607448117723,subject_dependent,rbf_svm,0.3670886075949367,0.5555555555555556,0.7032347096497443,0.4613220815752461,0.38636363636363635,0.4848804500703235,0.48484848484848486,0.38636363636363635,0.38636363636363635,0.6520661157024793,29,0.8787878787878788,5,0.09090909090909091,0.375,0.5,0.38280708374357375,"[[3, 0], [5, 0]]",0.2727272727272727,0.375,0.20454545454545453,5,1.0,0,0.0,0.0,0.9928689103511862,0.0,0.375,0.0,0.8261904761904763,0.1875,0.375,0.140625,0.5,0.375,0.375,0.6666666666666667,3,1.0,0,0.0
0.7840909090909091,0.7606060606060605,"{""clf__C"": 13.411788774467905, ""clf__gamma"": 0.00026210878782654407, ""clf__class_weight"": ""balanced""}",0.20597212176878854,"[[47, 8], [11, 22]]",valence,0.7651355527461722,0.7840909090909091,0.7818162663295407,11,0.3333333333333333,,8,0.14545454545454545,0.5308641975308642,0.7948736462912617,0.5323266361075486,subject_dependent,rbf_svm,0.8103448275862069,0.7333333333333333,0.7558066532376471,0.7718390804597701,0.7840909090909091,0.7814655172413792,0.7606060606060605,0.7840909090909091,0.7840909090909091,0.6881542699724518,47,0.8545454545454545,22,0.6666666666666666,0.875,0.8333333333333333,0.1781386659498908,"[[5, 0], [1, 2]]",0.8545454545454545,0.875,0.8681818181818182,1,0.3333333333333333,0,0.0,0.7142857142857143,0.6317113612038536,0.7453559924999299,0.8333333333333334,1.0,0.7916666666666666,0.9166666666666667,0.875,0.8958333333333334,0.8333333333333333,0.875,0.875,0.6666666666666666,5,1.0,2,0.6666666666666666
0.5454545454545454,0.6666666666666666,"{""clf__C"": 1.351144633701368, ""clf__gamma"": 0.015446089075047083, ""clf__class_weight"": ""balanced""}",0.34216684649107054,"[[20, 2], [38, 28]]",valence,0.5416666666666667,0.5454545454545454,0.5625,38,0.5757575757575758,,2,0.09090909090909091,0.21568627450980393,1.0580757430707282,0.30450009279704654,subject_dependent,rbf_svm,0.3448275862068966,0.9333333333333333,0.8952059727231676,0.639080459770115,0.5454545454545454,0.7862068965517242,0.6666666666666666,0.5454545454545454,0.5454545454545454,0.699724517906336,20,0.9090909090909091,28,0.42424242424242425,0.5,0.6666666666666666,0.2828122857358286,"[[2, 0], [4, 2]]",0.5,0.5,0.5,4,0.6666666666666666,0,0.0,0.19999999999999996,0.7756097277990108,0.3333333333333333,0.3333333333333333,1.0,0.9761904761904762,0.6666666666666666,0.5,0.8333333333333334,0.6666666666666666,0.5,0.5,0.9166666666666667,2,1.0,2,0.3333333333333333
0.375,0.5,"{""clf__C"": 10.969957609487873, ""clf__gamma"": 0.07866216981266846, ""clf__class_weight"": ""balanced""}",0.24519755477766667,"[[33, 0], [55, 0]]",valence,0.2727272727272727,0.375,0.20454545454545456,55,1.0,,0,0.0,0.0,0.6830888101988517,0.0,subject_dependent,rbf_svm,0.375,0.0,0.8199433450889778,0.1875,0.375,0.140625,0.5,0.375,0.375,0.7184573002754822,33,1.0,0,0.0,0.375,0.5,0.24059262190498654,"[[3, 0], [5, 0]]",0.2727272727272727,0.375,0.20454545454545453,5,1.0,0,0.0,0.0,0.6738629787227415,0.0,0.375,0.0,0.9666666666666667,0.1875,0.375,0.140625,0.5,0.375,0.375,0.9333333333333333,3,1.0,0,0.0
0.5,0.4363636363636364,"{""clf__C"": 1.351144633701368, ""clf__gamma"": 0.015446089075047083, ""clf__class_weight"": ""balanced""}",0.3647592662879561,"[[38, 17], [27, 6]]",valence,0.4238095238095238,0.5,0.4761904761904761,27,0.8181818181818182,,17,0.3090909090909091,-0.13548387096774195,1.1756976281598808,-0.14023391829177734,subject_dependent,rbf_svm,0.5846153846153846,0.2608695652173913,0.32629056594112693,0.42274247491638794,0.5,0.46321070234113715,0.4363636363636364,0.5,0.5,0.3944903581267218,38,0.6909090909090909,6,0.18181818181818182,0.375,0.3,0.31575171789561096,"[[3, 2], [3, 0]]",0.2727272727272727,0.375,0.3409090909090909,3,1.0,2,0.4,-0.4285714285714286,0.8437362934387105,-0.4472135954999579,0.5,0.0,0.4206349206349207,0.25,0.375,0.3125,0.3,0.375,0.375,0.4666666666666666,3,0.6,0,0.0
0.4659090909090909,0.5378787878787878,"{""clf__C"": 5.2117930643778205, ""clf__gamma"": 0.0036999724314638123, ""clf__class_weight"": null}",0.30418871835815847,"[[26, 40], [7, 15]]",valence,0.45743145743145747,0.4659090909090909,0.49134199134199136,7,0.3181818181818182,,40,0.6060606060606061,0.0505050505050505,0.8249293221445367,0.06775963568181181,subject_dependent,rbf_svm,0.7878787878787878,0.2727272727272727,0.27076226004128323,0.5303030303030303,0.4659090909090909,0.6590909090909091,0.5378787878787878,0.4659090909090909,0.4659090909090909,0.5130853994490359,26,0.3939393939393939,15,0.6818181818181818,0.5,0.6666666666666666,0.2749976961639897,"[[2, 4], [0, 2]]",0.5,0.5,0.5,0,0.0,4,0.6666666666666666,0.19999999999999996,0.7452581283834059,0.3333333333333333,1.0,0.3333333333333333,0.325,0.6666666666666666,0.5,0.8333333333333334,0.6666666666666666,0.5,0.5,0.5,2,0.3333333333333333,2,1.0
0.5227272727272727,0.5227272727272727,"{""clf__C"": 1.351144633701368, ""clf__gamma"": 0.015446089075047083, ""clf__class_weight"": ""balanced""}",0.3223275992734402,"[[26, 18], [24, 20]]",valence,0.5204981837052414,0.5227272727272727,0.5204981837052413,24,0.5454545454545454,,18,0.4090909090909091,0.045454545454545414,0.9495752162127509,0.04588314677411236,subject_dependent,rbf_svm,0.52,0.5263157894736842,0.5483578930277437,0.523157894736842,0.5227272727272727,0.5231578947368422,0.5227272727272727,0.5227272727272727,0.5227272727272727,0.5630165289256198,26,0.5909090909090909,20,0.45454545454545453,0.5,0.5,0.26626666477904576,"[[2, 2], [2, 2]]",0.5,0.5,0.5,2,0.5,2,0.5,0.0,0.7327979048593387,0.0,0.5,0.5,0.6678571428571428,0.5,0.5,0.5,0.5,0.5,0.5,0.5625,2,0.5,2,0.5
0.5340909090909091,0.5340909090909092,"{""clf__C"": 48.43827864278568, ""clf__gamma"": 0.00039459088111000007, ""clf__class_weight"": ""balanced""}",0.3246320152048293,"[[22, 22], [19, 25]]",valence,0.5335488041370395,0.5340909090909091,0.5335488041370394,19,0.4318181818181818,,22,0.5,0.06818181818181823,0.9912994140745423,0.0683408533502272,subject_dependent,rbf_svm,0.5365853658536586,0.5319148936170213,0.4694553459357114,0.5342501297353399,0.5340909090909091,0.5342501297353399,0.5340909090909092,0.5340909090909091,0.5340909090909091,0.503099173553719,22,0.5,25,0.5681818181818182,0.5,0.5,0.2874158370310069,"[[2, 2], [2, 2]]",0.5,0.5,0.5,2,0.5,2,0.5,0.0,0.7937149288263168,0.0,0.5,0.5,0.5249999999999999,0.5,0.5,0.5,0.5,0.5,0.5,0.5,2,0.5,2,0.5
0.5227272727272727,0.5757575757575757,"{""clf__C"": 0.5284919490133119, ""clf__gamma"": 0.005047786565710607, ""clf__class_weight"": null}",0.29869697568855325,"[[15, 7], [35, 31]]",valence,0.5064102564102564,0.5227272727272727,0.5512820512820512,35,0.5303030303030303,,7,0.3181818181818182,0.1063829787234043,0.8092966493871753,0.13245323570650439,subject_dependent,rbf_svm,0.3,0.8157894736842105,0.80548836660329,0.5578947368421052,0.5227272727272727,0.6868421052631578,0.5757575757575757,0.5227272727272727,0.5227272727272727,0.5550964187327824,15,0.6818181818181818,31,0.4696969696969697,0.375,0.5833333333333334,0.2824074813734431,"[[2, 0], [5, 1]]",0.36507936507936506,0.375,0.32539682539682535,5,0.8333333333333334,0,0.0,0.09090909090909094,0.7658250076285901,0.2182178902359924,0.2857142857142857,1.0,0.8972222222222223,0.6428571428571428,0.375,0.8214285714285714,0.5833333333333334,0.375,0.375,0.6666666666666667,2,1.0,1,0.16666666666666666
0.5909090909090909,0.503030303030303,"{""clf__C"": 0.21466070134458173, ""clf__gamma"": 0.0012955517240662183, ""clf__class_weight"": ""balanced""}",0.28721088808794354,"[[47, 8], [28, 5]]",valence,0.47023411371237456,0.5909090909090909,0.5334448160535117,28,0.8484848484848485,,8,0.14545454545454545,0.006896551724137945,0.7688661950970824,0.00826898230594723,subject_dependent,rbf_svm,0.6266666666666667,0.38461538461538464,0.45767948885910814,0.5056410256410256,0.5909090909090909,0.5358974358974359,0.503030303030303,0.5909090909090909,0.5909090909090909,0.48925619834710743,47,0.8545454545454545,5,0.15151515151515152,0.375,0.5,0.2872036423764155,"[[0, 5], [0, 3]]",0.2727272727272727,0.375,0.20454545454545453,0,0.0,5,1.0,0.0,0.7688490998808759,0.0,0.0,0.375,0.6095238095238096,0.1875,0.375,0.140625,0.5,0.375,0.375,0.5333333333333333,0,0.0,3,1.0
0.4772727272727273,0.4772727272727273,"{""clf__C"": 0.4342298948286134, ""clf__gamma"": 0.0008179499475211679, ""clf__class_weight"": ""balanced""}",0.25007709119004545,"[[39, 5], [41, 3]]",valence,0.37220843672456577,0.4772727272727273,0.3722084367245657,41,0.9318181818181818,,5,0.11363636363636363,-0.045454545454545414,0.693306315135394,-0.07905694150420949,subject_dependent,rbf_svm,0.4875,0.375,0.5562885041540395,0.43125,0.4772727272727273,0.43125,0.4772727272727273,0.4772727272727273,0.4772727272727273,0.5459710743801653,39,0.8863636363636364,3,0.06818181818181818,0.5,0.5,0.24990727479775657,"[[0, 4], [0, 4]]",0.3333333333333333,0.5,0.3333333333333333,0,0.0,4,1.0,0.0,0.6929679602529226,0.0,0.0,0.5,0.5428571428571428,0.25,0.5,0.25,0.5,0.5,0.5,0.5,0,0.0,4,1.0
0.4659090909090909,0.4575757575757576,"{""clf__C"": 1.351144633701368, ""clf__gamma"": 0.015446089075047083, ""clf__class_weight"": ""balanced""}",0.38778867535101663,"[[14, 19], [28, 27]]",valence,0.453993399339934,0.4659090909090909,0.4741584158415842,28,0.509090909090909,,19,0.5757575757575758,-0.08045977011494254,1.167716724055824,-0.08223919396586149,subject_dependent,rbf_svm,0.3333333333333333,0.5869565217391305,0.6370982029601602,0.46014492753623193,0.4659090909090909,0.4918478260869566,0.4575757575757576,0.4659090909090909,0.4659090909090909,0.4501377410468319,14,0.42424242424242425,27,0.4909090909090909,0.5,0.5333333333333333,0.31401950631295794,"[[2, 1], [3, 2]]",0.5,0.5,0.5,3,0.6,1,0.3333333333333333,0.05882352941176472,0.8377062724647065,0.06666666666666667,0.4,0.6666666666666666,0.6926190476190477,0.5333333333333333,0.5,0.5666666666666667,0.5333333333333333,0.5,0.5,0.4,2,0.6666666666666666,2,0.4
0.3409090909090909,0.3090909090909091,"{""clf__C"": 262.30889101079146, ""clf__gamma"": 0.0025135566617708314, ""clf__class_weight"": null}",0.5197469393068601,"[[6, 27], [31, 24]]",valence,0.31212938005390833,0.3409090909090909,0.3473045822102426,31,0.5636363636363636,,27,0.8181818181818182,-0.3727810650887573,2.0763488943267956,-0.3744630496012833,subject_dependent,rbf_svm,0.16216216216216217,0.47058823529411764,0.5991398659557927,0.3163751987281399,0.3409090909090909,0.35492845786963434,0.3090909090909091,0.3409090909090909,0.3409090909090909,0.343801652892562,6,0.18181818181818182,24,0.43636363636363634,0.25,0.2,0.47512427847430233,"[[0, 3], [3, 2]]",0.2,0.25,0.25,3,0.6,3,1.0,-0.6000000000000001,1.2311942284845876,-0.6,0.0,0.4,0.7392857142857143,0.2,0.25,0.25,0.2,0.25,0.25,0.4,0,0.0,2,0.4
0.5795454545454546,0.5484848484848485,"{""clf__C"": 13.411788774467905, ""clf__gamma"": 0.00026210878782654407, ""clf__class_weight"": ""balanced""}",0.2639480033477839,"[[14, 19], [18, 37]]",valence,0.5487179487179488,0.5795454545454546,0.5782051282051281,18,0.32727272727272727,,19,0.5757575757575758,0.09756097560975607,0.7618570294437521,0.09759000729485331,subject_dependent,rbf_svm,0.4375,0.6607142857142857,0.6146520954817659,0.5491071428571428,0.5795454545454546,0.5770089285714286,0.5484848484848485,0.5795454545454546,0.5795454545454546,0.5096418732782368,14,0.42424242424242425,37,0.6727272727272727,0.75,0.6666666666666666,0.23648173704605432,"[[1, 2], [0, 5]]",0.6666666666666667,0.75,0.7083333333333334,0,0.0,2,0.6666666666666666,0.3846153846153846,0.6722180788834946,0.4879500364742666,1.0,0.7142857142857143,0.7595238095238095,0.8571428571428572,0.75,0.8214285714285714,0.6666666666666666,0.75,0.75,0.6000000000000001,1,0.3333333333333333,5,1.0
0.38636363636363635,0.38636363636363635,"{""clf__C"": 243.14537412227003, ""clf__gamma"": 0.0004992453416923984, ""clf__class_weight"": ""balanced""}",0.48593970180666674,"[[16, 28], [26, 18]]",valence,0.386046511627907,0.38636363636363635,0.386046511627907,26,0.5909090909090909,,28,0.6363636363636364,-0.2272727272727273,1.825788895083637,-0.22750787759664504,subject_dependent,rbf_svm,0.38095238095238093,0.391304347826087,0.41303282102380373,0.3861283643892339,0.38636363636363635,0.3861283643892339,0.38636363636363635,0.38636363636363635,0.38636363636363635,0.318698347107438,16,0.36363636363636365,18,0.4090909090909091,0.375,0.375,0.414028296588983,"[[1, 3], [2, 2]]",0.36507936507936506,0.375,0.36507936507936506,2,0.5,3,0.75,-0.25,1.0711399307176888,-0.2581988897471611,0.3333333333333333,0.4,0.5821428571428572,0.3666666666666667,0.375,0.3666666666666667,0.375,0.375,0.375,0.3125,1,0.25,2,0.5
0.48863636363636365,0.4575757575757575,"{""clf__C"": 13.411788774467905, ""clf__gamma"": 0.00026210878782654407, ""clf__class_weight"": ""balanced""}",0.321237810753748,"[[11, 22], [23, 32]]",valence,0.45775708612898813,0.48863636363636365,0.4901068054224292,23,0.41818181818181815,,22,0.6666666666666666,-0.0843373493975903,0.9156629544690156,-0.08436184470725518,subject_dependent,rbf_svm,0.3235294117647059,0.5925925925925926,0.5440264627904015,0.4580610021786492,0.48863636363636365,0.49169389978213507,0.4575757575757575,0.48863636363636365,0.48863636363636365,0.39834710743801655,11,0.3333333333333333,32,0.5818181818181818,0.625,0.5666666666666667,0.2878951915482255,"[[1, 2], [1, 4]]",0.5636363636363637,0.625,0.6045454545454546,1,0.2,2,0.6666666666666666,0.1428571428571429,0.7871993652912368,0.14907119849998599,0.5,0.6666666666666666,0.6116666666666666,0.5833333333333333,0.625,0.6041666666666666,0.5666666666666667,0.625,0.625,0.4,1,0.3333333333333333,4,0.8
0.5795454545454546,0.5227272727272727,"{""clf__C"": 20.12196163610286, ""clf__gamma"": 0.0008612579192594886, ""clf__class_weight"": ""balanced""}",0.25163199965204286,"[[9, 13], [24, 42]]",valence,0.5107438016528926,0.5795454545454546,0.6024793388429752,24,0.36363636363636365,,13,0.5909090909090909,0.038961038961038974,0.7016333860622015,0.040655781409087086,subject_dependent,rbf_svm,0.2727272727272727,0.7636363636363637,0.841133705702708,0.5181818181818182,0.5795454545454546,0.640909090909091,0.5227272727272727,0.5795454545454546,0.5795454545454546,0.6184573002754821,9,0.4090909090909091,42,0.6363636363636364,0.75,0.6666666666666667,0.19108051181068908,"[[1, 1], [1, 5]]",0.6666666666666667,0.75,0.75,1,0.16666666666666666,1,0.5,0.33333333333333337,0.5620050361588111,0.3333333333333333,0.5,0.8333333333333334,0.8734126984126984,0.6666666666666667,0.75,0.75,0.6666666666666667,0.75,0.75,0.6666666666666666,1,0.5,5,0.8333333333333334
0.4772727272727273,0.36363636363636365,"{""clf__C"": 243.14537412227003, ""clf__gamma"": 0.0004992453416923984, ""clf__class_weight"": ""balanced""}",0.3481760187843231,"[[3, 19], [27, 39]]",valence,0.37220843672456577,0.4772727272727273,0.500620347394541,27,0.4090909090909091,,19,0.8636363636363636,-0.2432432432432432,1.0652873447045643,-0.24913643956121992,subject_dependent,rbf_svm,0.1,0.6724137931034483,0.6911406303658083,0.38620689655172413,0.4772727272727273,0.5293103448275862,0.36363636363636365,0.4772727272727273,0.4772727272727273,0.3381542699724518,3,0.13636363636363635,39,0.5909090909090909,0.5,0.3333333333333333,0.27771101875709636,"[[0, 2], [2, 4]]",0.3333333333333333,0.5,0.5,2,0.3333333333333333,2,1.0,-0.33333333333333326,0.7583591043077629,-0.3333333333333333,0.0,0.6666666666666666,0.7051587301587301,0.3333333333333333,0.5,0.5,0.3333333333333333,0.5,0.5,0.16666666666666666,0,0.0,4,0.6666666666666666
0.4659090909090909,0.5227272727272727,"{""clf__C"": 262.30889101079146, ""clf__gamma"": 0.0025135566617708314, ""clf__class_weight"": null}",0.3910136563516557,"[[14, 8], [39, 27]]",valence,0.453993399339934,0.4659090909090909,0.4943234323432343,39,0.5909090909090909,,8,0.36363636363636365,0.030927835051546393,1.3853165552395688,0.040215055313333185,subject_dependent,rbf_svm,0.2641509433962264,0.7714285714285715,0.734639375171139,0.517789757412399,0.4659090909090909,0.6446091644204852,0.5227272727272727,0.4659090909090909,0.4659090909090909,0.546831955922865,14,0.6363636363636364,27,0.4090909090909091,0.375,0.41666666666666663,0.29608134097813943,"[[1, 1], [4, 2]]",0.36507936507936506,0.375,0.40476190476190477,4,0.6666666666666666,1,0.5,-0.11111111111111116,0.7836233385271895,-0.14907119849998599,0.2,0.6666666666666666,0.7345238095238095,0.43333333333333335,0.375,0.55,0.41666666666666663,0.375,0.375,0.5,1,0.5,2,0.3333333333333333
0.6477272727272727,0.6477272727272727,"{""clf__C"": 0.4342298948286134, ""clf__gamma"": 0.0008179499475211679, ""clf__class_weight"": ""balanced""}",0.25465865601713294,"[[22, 22], [9, 35]]",valence,0.6398679867986798,0.6477272727272727,0.6398679867986798,9,0.20454545454545456,,22,0.5,0.2954545454545454,0.706268479259702,0.30926094424537426,subject_dependent,rbf_svm,0.7096774193548387,0.6140350877192983,0.5902172340971372,0.6618562535370685,0.6477272727272727,0.6618562535370685,0.6477272727272727,0.6477272727272727,0.6477272727272727,0.6260330578512396,22,0.5,35,0.7954545454545454,0.5,0.5,0.253829247078337,"[[0, 4], [0, 4]]",0.3333333333333333,0.5,0.3333333333333333,0,0.0,4,1.0,0.0,0.7041857862671503,0.0,0.0,0.5,0.6916666666666667,0.25,0.5,0.25,0.5,0.5,0.5,0.625,0,0.0,4,1.0
0.6477272727272727,0.4772727272727273,"{""clf__C"": 0.21466070134458173, ""clf__gamma"": 0.0012955517240662183, ""clf__class_weight"": ""balanced""}",0.22374747436644277,"[[3, 19], [12, 54]]",valence,0.46957028971417464,0.6477272727272727,0.6232743534901808,12,0.18181818181818182,,19,0.8636363636363636,-0.05084745762711873,0.6384700514491898,-0.052342392259021375,subject_dependent,rbf_svm,0.2,0.7397260273972602,0.7596421328121105,0.46986301369863015,0.6477272727272727,0.6047945205479451,0.4772727272727273,0.6477272727272727,0.6477272727272727,0.46900826446280997,3,0.13636363636363635,54,0.8181818181818182,0.5,0.3333333333333333,0.22096410292689558,"[[0, 2], [2, 4]]",0.3333333333333333,0.5,0.5,2,0.3333333333333333,2,1.0,-0.33333333333333326,0.6320941118513903,-0.3333333333333333,0.0,0.6666666666666666,0.7801587301587302,0.3333333333333333,0.5,0.5,0.3333333333333333,0.5,0.5,0.41666666666666663,0,0.0,4,0.6666666666666666
0.6136363636363636,0.5515151515151515,"{""clf__C"": 1.351144633701368, ""clf__gamma"": 0.015446089075047083, ""clf__class_weight"": ""balanced""}",0.2660099535994726,"[[10, 23], [11, 44]]",valence,0.5458409228901032,0.6136363636363636,0.5897085610200364,11,0.2,,23,0.696969696969697,0.11111111111111116,0.801050060508829,0.1170189624549568,subject_dependent,rbf_svm,0.47619047619047616,0.6567164179104478,0.6089120205508536,0.566453447050462,0.6136363636363636,0.5890191897654584,0.5515151515151515,0.6136363636363636,0.6136363636363636,0.5278236914600551,10,0.30303030303030304,44,0.8,0.625,0.5666666666666667,0.22990580419147555,"[[1, 2], [1, 4]]",0.5636363636363637,0.625,0.6045454545454546,1,0.2,2,0.6666666666666666,0.1428571428571429,0.671397261438669,0.14907119849998599,0.5,0.6666666666666666,0.6861904761904762,0.5833333333333333,0.625,0.6041666666666666,0.5666666666666667,0.625,0.625,0.6000000000000001,1,0.3333333333333333,4,0.8
0.5681818181818182,0.5584415584415584,"{""clf__C"": 160.49758307716223, ""clf__gamma"": 0.00018427970406864567, ""clf__class_weight"": null}",0.2950206970940852,"[[44, 33], [5, 6]]",valence,0.4692063492063492,0.5681818181818182,0.6411111111111111,5,0.45454545454545453,,33,0.42857142857142855,0.05590062111801242,0.8910172817533383,0.07781496848598889,subject_dependent,rbf_svm,0.8979591836734694,0.15384615384615385,0.15715446282901524,0.5259026687598116,0.5681818181818182,0.8049450549450549,0.5584415584415584,0.5681818181818182,0.5681818181818182,0.5914994096812278,44,0.5714285714285714,6,0.5454545454545454,0.75,0.8571428571428572,0.22528147412228733,"[[5, 2], [0, 1]]",0.6666666666666667,0.75,0.7916666666666667,0,0.0,2,0.2857142857142857,0.3846153846153846,0.6636847924617035,0.4879500364742666,1.0,0.3333333333333333,0.3333333333333333,0.6666666666666666,0.75,0.9166666666666666,0.8571428571428572,0.75,0.75,0.7142857142857143,5,0.7142857142857143,1,1.0
0.5227272727272727,0.5227272727272727,"{""clf__C"": 262.30889101079146, ""clf__gamma"": 0.0025135566617708314, ""clf__class_weight"": null}",0.41529159494801077,"[[34, 10], [32, 12]]",valence,0.4909090909090909,0.5227272727272727,0.49090909090909096,32,0.7272727272727273,,10,0.22727272727272727,0.045454545454545414,1.7996238120486945,0.0524863881081478,subject_dependent,rbf_svm,0.5151515151515151,0.5454545454545454,0.5442689680698258,0.5303030303030303,0.5227272727272727,0.5303030303030303,0.5227272727272727,0.5227272727272727,0.5227272727272727,0.5392561983471075,34,0.7727272727272727,12,0.2727272727272727,0.5,0.5,0.3412216067796226,"[[3, 1], [3, 1]]",0.4666666666666667,0.5,0.4666666666666667,3,0.75,1,0.25,0.0,1.0041634512180524,0.0,0.5,0.5,0.5428571428571428,0.5,0.5,0.5,0.5,0.5,0.5,0.5,3,0.75,1,0.25
0.5909090909090909,0.5454545454545454,"{""clf__C"": 1.351144633701368, ""clf__gamma"": 0.015446089075047083, ""clf__class_weight"": ""balanced""}",0.24269980167952235,"[[42, 24], [12, 10]]",valence,0.5285714285714286,0.5909090909090909,0.6142857142857142,12,0.5454545454545454,,24,0.36363636363636365,0.07692307692307687,0.693267516042451,0.08084520834544433,subject_dependent,rbf_svm,0.7777777777777778,0.29411764705882354,0.4386240209381217,0.5359477124183006,0.5909090909090909,0.6568627450980392,0.5454545454545454,0.5909090909090909,0.5909090909090909,0.6239669421487603,42,0.6363636363636364,10,0.45454545454545453,0.875,0.75,0.17666169025139425,"[[6, 0], [1, 1]]",0.7948717948717949,0.875,0.8589743589743589,1,0.5,0,0.0,0.6,0.5433127000539741,0.6546536707079772,0.8571428571428571,1.0,1.0,0.9285714285714286,0.875,0.8928571428571428,0.75,0.875,0.875,1.0,6,1.0,1,0.5
0.4318181818181818,0.4318181818181818,"{""clf__C"": 160.49758307716223, ""clf__gamma"": 0.00018427970406864567, ""clf__class_weight"": null}",0.45684962586908673,"[[22, 22], [28, 16]]",valence,0.42916450441100157,0.4318181818181818,0.42916450441100157,28,0.6363636363636364,,22,0.5,-0.13636363636363646,1.5601146848859273,-0.13764944032233706,subject_dependent,rbf_svm,0.44,0.42105263157894735,0.48779345114806366,0.43052631578947365,0.4318181818181818,0.4305263157894737,0.4318181818181818,0.4318181818181818,0.4318181818181818,0.378099173553719,22,0.5,16,0.36363636363636365,0.25,0.25,0.37379710085060486,"[[1, 3], [3, 1]]",0.25,0.25,0.25,3,0.75,3,0.75,-0.5,0.971042180002041,-0.5,0.25,0.25,0.5821428571428572,0.25,0.25,0.25,0.25,0.25,0.25,0.3125,1,0.25,1,0.25
0.4772727272727273,0.4303030303030303,"{""clf__C"": 20.12196163610286, ""clf__gamma"": 0.0008612579192594886, ""clf__class_weight"": ""balanced""}",0.34973057735788105,"[[34, 21], [25, 8]]",valence,0.42727787209960383,0.4772727272727273,0.46958121109224676,25,0.7575757575757576,,21,0.38181818181818183,-0.1428571428571428,1.0520504463541183,-0.14356785167400096,subject_dependent,rbf_svm,0.576271186440678,0.27586206896551724,0.3125129774086645,0.4260666277030976,0.4772727272727273,0.4636177673874927,0.4303030303030303,0.4772727272727273,0.4772727272727273,0.38347107438016526,34,0.6181818181818182,8,0.24242424242424243,0.625,0.5,0.3002141024502271,"[[5, 0], [3, 0]]",0.38461538461538464,0.625,0.4807692307692308,3,1.0,0,0.0,0.0,0.8664208043690088,0.0,0.625,0.0,0.3194444444444444,0.3125,0.625,0.390625,0.5,0.625,0.625,0.19999999999999998,5,1.0,0,0.0
0.5909090909090909,0.5909090909090909,"{""clf__C"": 0.40069130793659025, ""clf__gamma"": 0.0014899847475658245, ""clf__class_weight"": ""balanced""}",0.27900623954546233,"[[27, 17], [19, 25]]",valence,0.5906976744186047,0.5909090909090909,0.5906976744186047,19,0.4318181818181818,,17,0.38636363636363635,0.18181818181818177,0.7784324362077354,0.18200630207731602,subject_dependent,rbf_svm,0.5869565217391305,0.5952380952380952,0.7456593498824816,0.5910973084886129,0.5909090909090909,0.5910973084886129,0.5909090909090909,0.5909090909090909,0.5909090909090909,0.6456611570247933,27,0.6136363636363636,25,0.5681818181818182,0.5,0.5,0.25718005936246624,"[[2, 2], [2, 2]]",0.5,0.5,0.5,2,0.5,2,0.5,0.0,0.6717203987779612,0.0,0.5,0.5,0.7678571428571428,0.5,0.5,0.5,0.5,0.5,0.5,0.625,2,0.5,2,0.5
0.5795454545454546,0.6893939393939394,"{""clf__C"": 262.30889101079146, ""clf__gamma"": 0.0025135566617708314, ""clf__class_weight"": null}",0.3382391569782481,"[[20, 2], [35, 31]]",valence,0.5728715728715729,0.5795454545454546,0.5995670995670995,35,0.5303030303030303,,2,0.09090909090909091,0.2525252525252525,1.2796729262680961,0.338798178409059,subject_dependent,rbf_svm,0.36363636363636365,0.9393939393939394,0.9122012320586594,0.6515151515151516,0.5795454545454546,0.7954545454545454,0.6893939393939394,0.5795454545454546,0.5795454545454546,0.7534435261707989,20,0.9090909090909091,31,0.4696969696969697,0.625,0.75,0.27999589310253997,"[[2, 0], [3, 3]]",0.6190476190476191,0.625,0.6428571428571428,3,0.5,0,0.0,0.33333333333333337,0.8084965757924869,0.4472135954999579,0.4,1.0,0.9305555555555556,0.7,0.625,0.85,0.75,0.625,0.625,0.75,2,1.0,3,0.5
0.6818181818181818,0.6848484848484848,"{""clf__C"": 2.365839532258546, ""clf__gamma"": 0.06025271171095385, ""clf__class_weight"": null}",0.2529340099369632,"[[23, 10], [18, 37]]",valence,0.6735559088500265,0.6818181818181818,0.6865394806571277,18,0.32727272727272727,,10,0.30303030303030304,0.35260115606936415,0.8603970685450997,0.35879249334117846,subject_dependent,rbf_svm,0.5609756097560976,0.7872340425531915,0.8460122084365168,0.6741048261546445,0.6818181818181818,0.7023871302542813,0.6848484848484848,0.6818181818181818,0.6818181818181818,0.7300275482093663,23,0.696969696969697,37,0.6727272727272727,0.75,0.8,0.19249283866655112,"[[3, 0], [2, 3]]",0.75,0.75,0.75,2,0.4,0,0.0,0.5294117647058824,0.5601496421945962,0.6,0.6,1.0,0.9666666666666667,0.8,0.75,0.85,0.8,0.75,0.75,0.9333333333333333,3,1.0,3,0.6
0.5909090909090909,0.5575757575757576,"{""clf__C"": 0.26052157465743125, ""clf__gamma"": 0.013795402040204185, ""clf__class_weight"": null}",0.297519354857015,"[[14, 19], [17, 38]]",valence,0.5580357142857143,0.5909090909090909,0.5881696428571429,17,0.3090909090909091,,19,0.5757575757575758,0.1165644171779141,0.9200176115833727,0.1167050628061517,subject_dependent,rbf_svm,0.45161290322580644,0.6666666666666666,0.7863861226629608,0.5591397849462365,0.5909090909090909,0.586021505376344,0.5575757575757576,0.5909090909090909,0.5909090909090909,0.6253443526170798,14,0.42424242424242425,38,0.6909090909090909,0.625,0.6333333333333333,0.26217480295689644,"[[2, 1], [2, 3]]",0.6190476190476191,0.625,0.6309523809523809,2,0.4,1,0.3333333333333333,0.25,0.748843030462482,0.2581988897471611,0.5,0.75,0.8350000000000001,0.625,0.625,0.65625,0.6333333333333333,0.625,0.625,0.6666666666666667,2,0.6666666666666666,3,0.6
0.7613636363636364,0.7666666666666666,"{""clf__C"": 1.351144633701368, ""clf__gamma"": 0.015446089075047083, ""clf__class_weight"": ""balanced""}",0.15888402598463067,"[[26, 7], [14, 41]]",valence,0.7542226359888282,0.7613636363636364,0.7646961032052133,14,0.2545454545454545,,7,0.21212121212121213,0.5116279069767442,0.4989577200993544,0.5185449728701348,subject_dependent,rbf_svm,0.65,0.8541666666666666,0.8560507840548021,0.7520833333333333,0.7613636363636364,0.7776041666666665,0.7666666666666666,0.7613636363636364,0.7613636363636364,0.8209366391184573,26,0.7878787878787878,41,0.7454545454545455,1.0,1.0,0.112959382218247,"[[3, 0], [0, 5]]",1.0,1.0,1.0,0,0.0,0,0.0,1.0,0.39843219955245335,1.0,1.0,1.0,1.0,1.0,1.0,1.0,1.0,1.0,1.0,1.0,3,1.0,5,1.0
0.9886363636363636,0.990909090909091,"{""clf__C"": 2.2463533171675794, ""clf__gamma"": 0.0006516990611177178, ""clf__class_weight"": null}",0.053647493368649275,"[[33, 0], [1, 54]]",valence,0.9879501574695331,0.9886363636363636,0.9886690401204984,1,0.01818181818181818,,0,0.0,0.9759036144578314,0.23922742031466163,0.9761870601839528,subject_dependent,rbf_svm,0.9705882352941176,1.0,1.0,0.9852941176470589,0.9886363636363636,0.9889705882352942,0.990909090909091,0.9886363636363636,0.9886363636363636,1.0,33,1.0,54,0.9818181818181818,1.0,1.0,0.05016394625608862,"[[3, 0], [0, 5]]",1.0,1.0,1.0,0,0.0,0,0.0,1.0,0.2359103231258559,1.0,1.0,1.0,1.0,1.0,1.0,1.0,1.0,1.0,1.0,1.0,3,1.0,5,1.0
0.8863636363636364,0.9090909090909092,"{""clf__C"": 2.2463533171675794, ""clf__gamma"": 0.0006516990611177178, ""clf__class_weight"": null}",0.11566838787888288,"[[45, 10], [0, 33]]",valence,0.8842105263157896,0.8863636363636364,0.8881578947368421,0,0.0,,10,0.18181818181818182,0.7714285714285715,0.3814907205959966,0.7924058156930615,subject_dependent,rbf_svm,1.0,0.7674418604651163,0.9520631450969764,0.8837209302325582,0.8863636363636364,0.9127906976744186,0.9090909090909092,0.8863636363636364,0.8863636363636364,0.9719008264462811,45,0.8181818181818182,33,1.0,0.875,0.9,0.1015636462985821,"[[4, 1], [0, 3]]",0.873015873015873,0.875,0.876984126984127,0,0.0,1,0.2,0.75,0.3474506615021242,0.7745966692414834,1.0,0.75,1.0,0.875,0.875,0.90625,0.9,0.875,0.875,1.0,4,0.8,3,1.0
0.7159090909090909,0.7,"{""clf__C"": 13.411788774467905, ""clf__gamma"": 0.00026210878782654407, ""clf__class_weight"": ""balanced""}",0.17691056648403236,"[[42, 13], [12, 21]]",valence,0.6987539367383268,0.7159090909090909,0.7167260030124606,12,0.36363636363636365,,13,0.23636363636363636,0.3975903614457831,0.5410197361351868,0.397705839334203,subject_dependent,rbf_svm,0.7777777777777778,0.6176470588235294,0.6716773745263014,0.6977124183006536,0.7159090909090909,0.7177287581699346,0.7,0.7159090909090909,0.7159090909090909,0.8110192837465565,42,0.7636363636363637,21,0.6363636363636364,0.875,0.9,0.1533304634131628,"[[4, 1], [0, 3]]",0.873015873015873,0.875,0.876984126984127,0,0.0,1,0.2,0.75,0.48853709586830063,0.7745966692414834,1.0,0.75,0.6388888888888888,0.875,0.875,0.90625,0.9,0.875,0.875,0.8,4,0.8,3,1.0
0.7386363636363636,0.7386363636363636,"{""clf__C"": 166.2878326769575, ""clf__gamma"": 0.008979064194712979, ""clf__class_weight"": ""balanced""}",0.2056860255032402,"[[43, 1], [22, 22]]",valence,0.7228536217992606,0.7386363636363636,0.7228536217992606,22,0.5,,1,0.022727272727272728,0.4772727272727273,0.7869469861748115,0.5431236301174653,subject_dependent,rbf_svm,0.6615384615384615,0.9565217391304348,0.8702800845189835,0.8090301003344482,0.7386363636363636,0.8090301003344482,0.7386363636363636,0.7386363636363636,0.7386363636363636,0.827995867768595,43,0.9772727272727273,22,0.5,0.875,0.875,0.16249949742646988,"[[4, 0], [1, 3]]",0.873015873015873,0.875,0.873015873015873,1,0.25,0,0.0,0.75,0.5716809816159797,0.7745966692414834,0.8,1.0,0.8928571428571428,0.9,0.875,0.9,0.875,0.875,0.875,0.8125,4,1.0,3,0.75
0.8181818181818182,0.8181818181818181,"{""clf__C"": 2.2463533171675794, ""clf__gamma"": 0.0006516990611177178, ""clf__class_weight"": null}",0.17792596876060857,"[[40, 4], [12, 32]]",valence,0.8166666666666667,0.8181818181818182,0.8166666666666668,12,0.2727272727272727,,4,0.09090909090909091,0.6363636363636364,0.6277085485240885,0.647150228929434,subject_dependent,rbf_svm,0.7692307692307693,0.8888888888888888,0.8138020702344582,0.829059829059829,0.8181818181818182,0.829059829059829,0.8181818181818181,0.8181818181818182,0.8181818181818182,0.7210743801652892,40,0.9090909090909091,32,0.7272727272727273,0.875,0.875,0.16184426749947323,"[[4, 0], [1, 3]]",0.873015873015873,0.875,0.873015873015873,1,0.25,0,0.0,0.75,0.5844817443387501,0.7745966692414834,0.8,1.0,0.875,0.9,0.875,0.9,0.875,0.875,0.875,0.75,4,1.0,3,0.75
0.4772727272727273,0.4772727272727273,"{""clf__C"": 166.2878326769575, ""clf__gamma"": 0.008979064194712979, ""clf__class_weight"": ""balanced""}",0.3830739992573045,"[[25, 19], [27, 17]]",valence,0.47291666666666665,0.4772727272727273,0.47291666666666665,27,0.6136363636363636,,19,0.4318181818181818,-0.045454545454545414,1.3084694001429702,-0.046225016352102424,subject_dependent,rbf_svm,0.4807692307692308,0.4722222222222222,0.5167806666267543,0.47649572649572647,0.4772727272727273,0.4764957264957265,0.4772727272727273,0.4772727272727273,0.4772727272727273,0.4927685950413223,25,0.5681818181818182,17,0.38636363636363635,0.625,0.625,0.2868879656903734,"[[3, 1], [2, 2]]",0.6190476190476191,0.625,0.6190476190476191,2,0.5,1,0.25,0.25,0.7740643395733822,0.2581988897471611,0.6,0.6666666666666666,0.5595238095238095,0.6333333333333333,0.625,0.6333333333333333,0.625,0.625,0.625,0.5,3,0.75,2,0.5
0.5454545454545454,0.5454545454545454,"{""clf__C"": 243.14537412227003, ""clf__gamma"": 0.0004992453416923984, ""clf__class_weight"": ""balanced""}",0.2960565121808703,"[[19, 25], [15, 29]]",valence,0.5395081109366824,0.5454545454545454,0.5395081109366824,15,0.3409090909090909,,25,0.5681818181818182,0.09090909090909094,0.8736378931871086,0.09335200560186732,subject_dependent,rbf_svm,0.5588235294117647,0.5370370370370371,0.5483753502012318,0.5479302832244008,0.5454545454545454,0.547930283224401,0.5454545454545454,0.5454545454545454,0.5454545454545454,0.5764462809917356,19,0.4318181818181818,29,0.6590909090909091,0.625,0.625,0.2486984340693172,"[[1, 3], [0, 4]]",0.5636363636363637,0.625,0.5636363636363637,0,0.0,3,0.75,0.25,0.6932464215578906,0.3779644730092272,1.0,0.5714285714285714,0.7095238095238094,0.7857142857142857,0.625,0.7857142857142857,0.625,0.625,0.625,0.625,1,0.25,4,1.0
0.5227272727272727,0.47878787878787876,"{""clf__C"": 0.40069130793659025, ""clf__gamma"": 0.0014899847475658245, ""clf__class_weight"": ""balanced""}",0.25016198720319127,"[[10, 23], [19, 36]]",valence,0.47707979626485564,0.5227272727272727,0.515704584040747,19,0.34545454545454546,,23,0.696969696969697,-0.04347826086956519,0.6941740751796595,-0.04369456355295682,subject_dependent,rbf_svm,0.3448275862068966,0.6101694915254238,0.7764088281084863,0.47749853886616017,0.5227272727272727,0.510666277030976,0.47878787878787876,0.5227272727272727,0.5227272727272727,0.5862258953168044,10,0.30303030303030304,36,0.6545454545454545,0.375,0.3,0.24568375173646262,"[[0, 3], [2, 3]]",0.2727272727272727,0.375,0.3409090909090909,2,0.4,3,1.0,-0.4285714285714286,0.6817365521061669,-0.4472135954999579,0.0,0.5,0.8392857142857143,0.25,0.375,0.3125,0.3,0.375,0.375,0.6,0,0.0,3,0.6
0.5454545454545454,0.5696969696969697,"{""clf__C"": 243.14537412227003, ""clf__gamma"": 0.0004992453416923984, ""clf__class_weight"": ""balanced""}",0.281598916640805,"[[26, 29], [11, 22]]",valence,0.5445134575569358,0.5454545454545454,0.5496894409937888,11,0.3333333333333333,,29,0.5272727272727272,0.12568306010928965,0.7981199470063793,0.1367087323941193,subject_dependent,rbf_svm,0.7027027027027027,0.43137254901960786,0.573047183862723,0.5670376258611554,0.5454545454545454,0.6009538950715422,0.5696969696969697,0.5454545454545454,0.5454545454545454,0.646831955922865,26,0.4727272727272727,22,0.6666666666666666,0.75,0.8,0.21511430750394522,"[[3, 2], [0, 3]]",0.75,0.75,0.75,0,0.0,2,0.4,0.5294117647058824,0.6190624209477735,0.6,1.0,0.6,0.7555555555555555,0.8,0.75,0.85,0.8,0.75,0.75,0.8,3,0.6,3,1.0
0.3977272727272727,0.40909090909090906,"{""clf__C"": 0.9020715489795292, ""clf__gamma"": 0.0048275888720946784, ""clf__class_weight"": null}",0.3815129661826127,"[[15, 18], [35, 20]]",valence,0.3957766550071253,0.3977272727272727,0.404359372975774,35,0.6363636363636364,,18,0.5454545454545454,-0.16483516483516492,1.101687533454932,-0.17770466332772772,subject_dependent,rbf_svm,0.3,0.5263157894736842,0.6334061651637162,0.41315789473684206,0.3977272727272727,0.4414473684210526,0.40909090909090906,0.3977272727272727,0.3977272727272727,0.40055096418732783,15,0.45454545454545453,20,0.36363636363636365,0.5,0.5333333333333333,0.3468726820569522,"[[2, 1], [3, 2]]",0.5,0.5,0.5,3,0.6,1,0.3333333333333333,0.05882352941176472,0.9716290985229263,0.06666666666666667,0.4,0.6666666666666666,0.6726190476190477,0.5333333333333333,0.5,0.5666666666666667,0.5333333333333333,0.5,0.5,0.33333333333333337,2,0.6666666666666666,2,0.4
0.17045454545454544,0.525974025974026,"{""clf__C"": 0.40069130793659025, ""clf__gamma"": 0.0014899847475658245, ""clf__class_weight"": ""balanced""}",0.2846101484341041,"[[11, 0], [73, 4]]",valence,0.16517218973359324,0.17045454545454544,0.11536712150747239,73,0.948051948051948,,0,0.0,0.013513513513513487,0.7699516610825877,0.08247860988423224,subject_dependent,rbf_svm,0.13095238095238096,1.0,0.9273921917319997,0.5654761904761905,0.17045454545454544,0.8913690476190476,0.525974025974026,0.17045454545454544,0.17045454545454544,0.6210153482880756,11,1.0,4,0.05194805194805195,0.375,0.6428571428571428,0.2756331180395738,"[[1, 0], [5, 2]]",0.36507936507936506,0.375,0.42460317460317454,5,0.7142857142857143,0,0.0,0.09090909090909094,0.7467083312008099,0.2182178902359924,0.16666666666666666,1.0,0.9617346938775511,0.5833333333333334,0.375,0.8958333333333334,0.6428571428571428,0.375,0.375,0.7142857142857143,1,1.0,2,0.2857142857142857
0.45454545454545453,0.4424242424242424,"{""clf__C"": 13.411788774467905, ""clf__gamma"": 0.00026210878782654407, ""clf__class_weight"": ""balanced""}",0.2989790328946079,"[[13, 20], [28, 27]]",valence,0.4403815580286169,0.45454545454545453,0.46263910969793326,28,0.509090909090909,,20,0.6060606060606061,-0.10982658959537561,0.806685656975732,-0.11175503890954738,subject_dependent,rbf_svm,0.3170731707317073,0.574468085106383,0.7026869071551978,0.4457706279190452,0.45454545454545453,0.47794499221587966,0.4424242424242424,0.45454545454545453,0.45454545454545453,0.465564738292011,13,0.3939393939393939,27,0.4909090909090909,0.375,0.3,0.2764432593891112,"[[0, 3], [2, 3]]",0.2727272727272727,0.375,0.3409090909090909,2,0.4,3,1.0,-0.4285714285714286,0.7465430918414762,-0.4472135954999579,0.0,0.5,0.7892857142857144,0.25,0.375,0.3125,0.3,0.375,0.375,0.5333333333333333,0,0.0,3,0.6
0.5454545454545454,0.7402597402597403,"{""clf__C"": 243.14537412227003, ""clf__gamma"": 0.0004992453416923984, ""clf__class_weight"": ""balanced""}",0.3481771055988758,"[[37, 40], [0, 11]]",valence,0.5019807583474816,0.5454545454545454,0.6123372948500283,0,0.0,,40,0.5194805194805194,0.18781725888324874,1.202055677721334,0.3219339320149913,subject_dependent,rbf_svm,1.0,0.21568627450980393,0.32297628118816674,0.607843137254902,0.5454545454545454,0.9019607843137255,0.7402597402597403,0.5454545454545454,0.5454545454545454,0.8158205430932703,37,0.4805194805194805,11,1.0,0.5,0.7142857142857143,0.29460249395662574,"[[3, 4], [0, 1]]",0.4666666666666667,0.5,0.5666666666666667,0,0.0,4,0.5714285714285714,0.1578947368421053,0.8016672767491386,0.29277002188455997,1.0,0.2,1.0,0.6,0.5,0.9,0.7142857142857143,0.5,0.5,1.0,3,0.42857142857142855,1,1.0
0.5909090909090909,0.5515151515151515,"{""clf__C"": 13.411788774467905, ""clf__gamma"": 0.00026210878782654407, ""clf__class_weight"": ""balanced""}",0.2923455795932919,"[[39, 16], [20, 13]]",valence,0.5517826825127334,0.5909090909090909,0.5848896434634976,20,0.6060606060606061,,16,0.2909090909090909,0.10559006211180122,0.8152610369469191,0.10611536862860942,subject_dependent,rbf_svm,0.6610169491525424,0.4482758620689655,0.465578875170068,0.554646405610754,0.5909090909090909,0.5812390414962011,0.5515151515151515,0.5909090909090909,0.5909090909090909,0.5396694214876033,39,0.7090909090909091,13,0.3939393939393939,0.5,0.4666666666666667,0.2642123965688471,"[[3, 2], [2, 1]]",0.4666666666666667,0.5,0.5,2,0.6666666666666666,2,0.4,-0.06666666666666665,0.7208414982468194,-0.06666666666666667,0.6,0.3333333333333333,0.6428571428571429,0.4666666666666667,0.5,0.5,0.4666666666666667,0.5,0.5,0.6,3,0.6,1,0.3333333333333333
0.5227272727272727,0.503030303030303,"{""clf__C"": 13.411788774467905, ""clf__gamma"": 0.00026210878782654407, ""clf__class_weight"": ""balanced""}",0.27772222081786974,"[[32, 23], [19, 14]]",valence,0.5018867924528302,0.5227272727272727,0.5273584905660378,19,0.5757575757575758,,23,0.41818181818181815,0.00591715976331364,0.7934283853543896,0.0059438579301791,subject_dependent,rbf_svm,0.6274509803921569,0.3783783783783784,0.42651120680730453,0.5029146793852677,0.5227272727272727,0.53404875463699,0.503030303030303,0.5227272727272727,0.5227272727272727,0.5542699724517907,32,0.5818181818181818,14,0.42424242424242425,0.5,0.4666666666666667,0.2445586058122552,"[[3, 2], [2, 1]]",0.4666666666666667,0.5,0.5,2,0.6666666666666666,2,0.4,-0.06666666666666665,0.6857816255629305,-0.06666666666666667,0.6,0.3333333333333333,0.6095238095238096,0.4666666666666667,0.5,0.5,0.4666666666666667,0.5,0.5,0.5333333333333333,3,0.6,1,0.3333333333333333
0.6022727272727273,0.6022727272727273,"{""clf__C"": 48.43827864278568, ""clf__gamma"": 0.00039459088111000007, ""clf__class_weight"": ""balanced""}",0.2548703198831252,"[[26, 18], [17, 27]]",valence,0.6022213612294977,0.6022727272727273,0.6022213612294977,17,0.38636363636363635,,18,0.4090909090909091,0.20454545454545459,0.733244118916113,0.20459830184114206,subject_dependent,rbf_svm,0.6046511627906976,0.6,0.6833208361267552,0.6023255813953488,0.6022727272727273,0.6023255813953488,0.6022727272727273,0.6022727272727273,0.6022727272727273,0.6472107438016529,26,0.5909090909090909,27,0.6136363636363636,0.625,0.625,0.19658095707585482,"[[3, 1], [2, 2]]",0.6190476190476191,0.625,0.6190476190476191,2,0.5,1,0.25,0.25,0.5822249058590512,0.2581988897471611,0.6,0.6666666666666666,0.8875,0.6333333333333333,0.625,0.6333333333333333,0.625,0.625,0.625,0.875,3,0.75,2,0.5
0.625,0.625,"{""clf__C"": 183.42628625395747, ""clf__gamma"": 0.0001005394019469303, ""clf__class_weight"": ""balanced""}",0.24861533644326253,"[[30, 14], [19, 25]]",valence,0.6237854644383988,0.625,0.6237854644383988,19,0.4318181818181818,,14,0.3181818181818182,0.25,0.7083264911815434,0.2516299559794226,subject_dependent,rbf_svm,0.6122448979591837,0.6410256410256411,0.6796097541973696,0.6266352694924124,0.625,0.6266352694924123,0.625,0.625,0.625,0.6606404958677686,30,0.6818181818181818,25,0.5681818181818182,0.625,0.625,0.20188394829751363,"[[3, 1], [2, 2]]",0.6190476190476191,0.625,0.6190476190476191,2,0.5,1,0.25,0.25,0.5897500936085995,0.2581988897471611,0.6,0.6666666666666666,0.8041666666666667,0.6333333333333333,0.625,0.6333333333333333,0.625,0.625,0.625,0.8125,3,0.75,2,0.5
0.48863636363636365,0.4818181818181818,"{""clf__C"": 20.12196163610286, ""clf__gamma"": 0.0008612579192594886, ""clf__class_weight"": ""balanced""}",0.31515572938567693,"[[15, 18], [27, 28]]",valence,0.47722772277227726,0.48863636363636365,0.49653465346534653,27,0.4909090909090909,,18,0.5454545454545454,-0.034482758620689724,0.8597213610035229,-0.035245368842512066,subject_dependent,rbf_svm,0.35714285714285715,0.6086956521739131,0.6292744160993897,0.48291925465838514,0.48863636363636365,0.5143633540372671,0.4818181818181818,0.48863636363636365,0.48863636363636365,0.5013774104683195,15,0.45454545454545453,28,0.509090909090909,0.5,0.5333333333333333,0.274224296197791,"[[2, 1], [3, 2]]",0.5,0.5,0.5,3,0.6,1,0.3333333333333333,0.05882352941176472,0.7442166595258537,0.06666666666666667,0.4,0.6666666666666666,0.6295238095238094,0.5333333333333333,0.5,0.5666666666666667,0.5333333333333333,0.5,0.5,0.4666666666666667,2,0.6666666666666666,2,0.4
0.6704545454545454,0.6515151515151516,"{""clf__C"": 13.411788774467905, ""clf__gamma"": 0.00026210878782654407, ""clf__class_weight"": ""balanced""}",0.22203903129381314,"[[40, 15], [14, 19]]",valence,0.6505545666164589,0.6704545454545454,0.6714021634944544,14,0.42424242424242425,,15,0.2727272727272727,0.3012048192771084,0.6527593822192453,0.3012923025259114,subject_dependent,rbf_svm,0.7407407407407407,0.5588235294117647,0.5388321252373022,0.6497821350762527,0.6704545454545454,0.6725217864923748,0.6515151515151516,0.6704545454545454,0.6704545454545454,0.69366391184573,40,0.7272727272727273,19,0.5757575757575758,0.875,0.8333333333333333,0.17501095777519687,"[[5, 0], [1, 2]]",0.8545454545454545,0.875,0.8681818181818182,1,0.3333333333333333,0,0.0,0.7142857142857143,0.5325371297929695,0.7453559924999299,0.8333333333333334,1.0,0.8666666666666667,0.9166666666666667,0.875,0.8958333333333334,0.8333333333333333,0.875,0.875,0.8666666666666667,5,1.0,2,0.6666666666666666
0.7272727272727273,0.7393939393939394,"{""clf__C"": 183.42628625395747, ""clf__gamma"": 0.0001005394019469303, ""clf__class_weight"": ""balanced""}",0.18386348379330553,"[[38, 17], [7, 26]]",valence,0.7221052631578948,0.7272727272727273,0.731578947368421,7,0.21212121212121213,,17,0.3090909090909091,0.4514285714285714,0.5396420403061682,0.46370414399816184,subject_dependent,rbf_svm,0.8444444444444444,0.6046511627906976,0.7136204033180122,0.724547803617571,0.7272727272727273,0.7545219638242894,0.7393939393939394,0.7272727272727273,0.7272727272727273,0.8027548209366391,38,0.6909090909090909,26,0.7878787878787878,0.875,0.9,0.13848157622464397,"[[4, 1], [0, 3]]",0.873015873015873,0.875,0.876984126984127,0,0.0,1,0.2,0.75,0.458793394143694,0.7745966692414834,1.0,0.75,1.0,0.875,0.875,0.90625,0.9,0.875,0.875,1.0,4,0.8,3,1.0
0.7045454545454546,0.803030303030303,"{""clf__C"": 0.9020715489795292, ""clf__gamma"": 0.0048275888720946784, ""clf__class_weight"": null}",0.2070734582426269,"[[40, 26], [0, 22]]",valence,0.691644204851752,0.7045454545454546,0.7231805929919138,0,0.0,,26,0.3939393939393939,0.4347826086956522,0.6194601076350806,0.5270462766947299,subject_dependent,rbf_svm,1.0,0.4583333333333333,0.8192276082176229,0.7291666666666666,0.7045454545454546,0.8645833333333333,0.803030303030303,0.7045454545454546,0.7045454545454546,0.9483471074380165,40,0.6060606060606061,22,1.0,0.75,0.8333333333333333,0.18432964932316703,"[[4, 2], [0, 2]]",0.7333333333333334,0.75,0.7666666666666667,0,0.0,2,0.3333333333333333,0.5,0.5350391198732757,0.5773502691896258,1.0,0.5,1.0,0.75,0.75,0.875,0.8333333333333333,0.75,0.75,1.0,4,0.6666666666666666,2,1.0
0.6363636363636364,0.6363636363636364,"{""clf__C"": 0.34866781670451225, ""clf__gamma"": 0.00014936568554617635, ""clf__class_weight"": ""balanced""}",0.21458010436365071,"[[30, 14], [18, 26]]",valence,0.6356107660455487,0.6363636363636364,0.6356107660455487,18,0.4090909090909091,,14,0.3181818181818182,0.2727272727272727,0.6158049415038591,0.27386127875258304,subject_dependent,rbf_svm,0.625,0.65,0.7457594698884489,0.6375,0.6363636363636364,0.6375000000000001,0.6363636363636364,0.6363636363636364,0.6363636363636364,0.691115702479339,30,0.6818181818181818,26,0.5909090909090909,0.75,0.75,0.20259662681517124,"[[4, 0], [2, 2]]",0.7333333333333334,0.75,0.7333333333333334,2,0.5,0,0.0,0.5,0.5939592136395924,0.5773502691896258,0.6666666666666666,1.0,0.9166666666666666,0.8333333333333333,0.75,0.8333333333333333,0.75,0.75,0.75,0.875,4,1.0,2,0.5
0.7045454545454546,0.7151515151515151,"{""clf__C"": 0.24298576400577698, ""clf__gamma"": 0.0020797422068521733, ""clf__class_weight"": null}",0.1795097383833132,"[[25, 8], [18, 37]]",valence,0.6989473684210527,0.7045454545454546,0.7092105263157896,18,0.32727272727272727,,8,0.24242424242424243,0.4057142857142857,0.5454102591188409,0.41674676232746194,subject_dependent,rbf_svm,0.5813953488372093,0.8222222222222222,0.8212604572123081,0.7018087855297157,0.7045454545454546,0.7319121447028423,0.7151515151515151,0.7045454545454546,0.7045454545454546,0.784573002754821,25,0.7575757575757576,37,0.6727272727272727,0.875,0.8333333333333333,0.1533297535127792,"[[2, 1], [0, 5]]",0.8545454545454545,0.875,0.8681818181818182,0,0.0,1,0.3333333333333333,0.7142857142857143,0.47748608494093164,0.7453559924999299,1.0,0.8333333333333334,0.8766666666666667,0.9166666666666667,0.875,0.8958333333333334,0.8333333333333333,0.875,0.875,0.8,2,0.6666666666666666,5,1.0
0.75,0.6060606060606061,"{""clf__C"": 13.411788774467905, ""clf__gamma"": 0.00026210878782654407, ""clf__class_weight"": ""balanced""}",0.17418755541667416,"[[59, 7], [15, 7]]",valence,0.6158730158730159,0.75,0.7293650793650793,15,0.6818181818181818,,7,0.10606060606060606,0.24137931034482762,0.5148850200670971,0.2511236011669613,subject_dependent,rbf_svm,0.7972972972972973,0.5,0.5808376893300973,0.6486486486486487,0.75,0.7229729729729729,0.6060606060606061,0.75,0.75,0.7658402203856749,59,0.8939393939393939,7,0.3181818181818182,0.75,0.6666666666666667,0.15186586726028717,"[[5, 1], [1, 1]]",0.6666666666666667,0.75,0.75,1,0.5,1,0.16666666666666666,0.33333333333333337,0.4783473079072697,0.3333333333333333,0.8333333333333334,0.5,0.75,0.6666666666666667,0.75,0.75,0.6666666666666667,0.75,0.75,0.8333333333333334,5,0.8333333333333334,1,0.5
0.8977272727272727,0.8757575757575757,"{""clf__C"": 12.957079329680445, ""clf__gamma"": 0.00032476735706274504, ""clf__class_weight"": null}",0.1022476110376775,"[[53, 2], [7, 26]]",valence,0.8870990734141126,0.8977272727272727,0.8957590876692801,7,0.21212121212121213,,2,0.03636363636363636,0.775,0.35596843481514495,0.781126577552403,subject_dependent,rbf_svm,0.8833333333333333,0.9285714285714286,0.9571010529690973,0.905952380952381,0.8977272727272727,0.900297619047619,0.8757575757575757,0.8977272727272727,0.8977272727272727,0.9702479338842975,53,0.9636363636363636,26,0.7878787878787878,1.0,1.0,0.08809052481509086,"[[5, 0], [0, 3]]",1.0,1.0,1.0,0,0.0,0,0.0,1.0,0.3404134544363414,1.0,1.0,1.0,1.0,1.0,1.0,1.0,1.0,1.0,1.0,1.0,5,1.0,3,1.0
0.5909090909090909,0.6666666666666667,"{""clf__C"": 13.411788774467905, ""clf__gamma"": 0.00026210878782654407, ""clf__class_weight"": ""balanced""}",0.2830926491732169,"[[20, 35], [1, 32]]",valence,0.5831578947368421,0.5909090909090909,0.5689473684210526,1,0.030303030303030304,,35,0.6363636363636364,0.27638190954773867,0.912716040378958,0.37859076088368376,subject_dependent,rbf_svm,0.9523809523809523,0.47761194029850745,0.5171646695429724,0.7149964463397299,0.5909090909090909,0.7743425728500355,0.6666666666666667,0.5909090909090909,0.5909090909090909,0.7223140495867768,20,0.36363636363636365,32,0.9696969696969697,0.625,0.7,0.238548291677931,"[[2, 3], [0, 3]]",0.6190476190476191,0.625,0.6071428571428571,0,0.0,3,0.6,0.33333333333333337,0.679040422546485,0.4472135954999579,1.0,0.5,0.6388888888888888,0.75,0.625,0.8125,0.7,0.625,0.625,0.8,2,0.4,3,1.0
0.7045454545454546,0.7121212121212122,"{""clf__C"": 1.351144633701368, ""clf__gamma"": 0.015446089075047083, ""clf__class_weight"": ""balanced""}",0.2310051151650619,"[[46, 20], [6, 16]]",valence,0.6656925774400935,0.7045454545454546,0.7226767971946231,6,0.2727272727272727,,20,0.30303030303030304,0.35,0.7617396273711233,0.37363235887853663,subject_dependent,rbf_svm,0.8846153846153846,0.4444444444444444,0.3976571371965627,0.6645299145299145,0.7045454545454546,0.7745726495726495,0.7121212121212122,0.7045454545454546,0.7045454545454546,0.7424242424242424,46,0.696969696969697,16,0.7272727272727273,0.875,0.9166666666666667,0.14265001782109127,"[[5, 1], [0, 2]]",0.8545454545454545,0.875,0.8818181818181818,0,0.0,1,0.16666666666666666,0.7142857142857143,0.4515979274659108,0.7453559924999299,1.0,0.6666666666666666,0.8333333333333333,0.8333333333333333,0.875,0.9166666666666666,0.9166666666666667,0.875,0.875,0.9166666666666667,5,0.8333333333333334,2,1.0
0.7045454545454546,0.5151515151515151,"{""clf__C"": 7.709391232564023, ""clf__gamma"": 0.00026471141828218194, ""clf__class_weight"": null}",0.2355699880017896,"[[59, 7], [19, 3]]",valence,0.5034722222222222,0.7045454545454546,0.6614583333333333,19,0.8636363636363636,,7,0.10606060606060606,0.03703703703703709,0.8126511604304686,0.04134491152973615,subject_dependent,rbf_svm,0.7564102564102564,0.3,0.27988047355318857,0.5282051282051282,0.7045454545454546,0.6423076923076922,0.5151515151515151,0.7045454545454546,0.7045454545454546,0.5130853994490359,59,0.8939393939393939,3,0.13636363636363635,0.75,0.5,0.19206662806661126,"[[6, 0], [2, 0]]",0.42857142857142855,0.75,0.6428571428571428,2,1.0,0,0.0,0.0,0.5963474214231945,0.0,0.75,0.0,0.6666666666666666,0.375,0.75,0.5625,0.5,0.75,0.75,0.6666666666666667,6,1.0,0,0.0
0.7272727272727273,0.7575757575757576,"{""clf__C"": 183.42628625395747, ""clf__gamma"": 0.0001005394019469303, ""clf__class_weight"": ""balanced""}",0.19614032405222923,"[[46, 20], [4, 18]]",valence,0.6965517241379311,0.7272727272727273,0.7448275862068965,4,0.18181818181818182,,20,0.30303030303030304,0.41463414634146345,0.5749115160840526,0.4503410014021149,subject_dependent,rbf_svm,0.92,0.47368421052631576,0.5682565042261906,0.6968421052631579,0.7272727272727273,0.808421052631579,0.7575757575757576,0.7272727272727273,0.7272727272727273,0.7761707988980716,46,0.696969696969697,18,0.8181818181818182,1.0,1.0,0.136405719207234,"[[6, 0], [0, 2]]",1.0,1.0,1.0,0,0.0,0,0.0,1.0,0.4386850178616951,1.0,1.0,1.0,1.0,1.0,1.0,1.0,1.0,1.0,1.0,1.0,6,1.0,2,1.0
0.5454545454545454,0.5454545454545454,"{""clf__C"": 183.42628625395747, ""clf__gamma"": 0.0001005394019469303, ""clf__class_weight"": ""balanced""}",0.33478107115117833,"[[24, 20], [20, 24]]",valence,0.5454545454545454,0.5454545454545454,0.5454545454545454,20,0.45454545454545453,,20,0.45454545454545453,0.09090909090909094,1.0308164252998926,0.09090909090909091,subject_dependent,rbf_svm,0.5454545454545454,0.5454545454545454,0.6180173881646704,0.5454545454545454,0.5454545454545454,0.5454545454545454,0.5454545454545454,0.5454545454545454,0.5454545454545454,0.5888429752066117,24,0.5454545454545454,24,0.5454545454545454,0.625,0.625,0.2873662303358256,"[[3, 1], [2, 2]]",0.6190476190476191,0.625,0.6190476190476191,2,0.5,1,0.25,0.25,0.820188068561535,0.2581988897471611,0.6,0.6666666666666666,0.5666666666666667,0.6333333333333333,0.625,0.6333333333333333,0.625,0.625,0.625,0.5,3,0.75,2,0.5
0.4090909090909091,0.37575757575757573,"{""clf__C"": 13.411788774467905, ""clf__gamma"": 0.00026210878782654407, ""clf__class_weight"": ""balanced""}",0.39795627281827106,"[[28, 27], [25, 8]]",valence,0.3769063180827886,0.4090909090909091,0.4123093681917211,25,0.7575757575757576,,27,0.4909090909090909,-0.2455089820359282,1.2600632640563565,-0.24579116622537406,subject_dependent,rbf_svm,0.5283018867924528,0.22857142857142856,0.28894951962359616,0.3784366576819407,0.4090909090909091,0.41590296495956874,0.37575757575757573,0.4090909090909091,0.4090909090909091,0.331404958677686,28,0.509090909090909,8,0.24242424242424243,0.375,0.3,0.3731620481634137,"[[3, 2], [3, 0]]",0.2727272727272727,0.375,0.3409090909090909,3,1.0,2,0.4,-0.4285714285714286,1.1490547609012902,-0.4472135954999579,0.5,0.0,0.3694444444444444,0.25,0.375,0.3125,0.3,0.375,0.375,0.3333333333333333,3,0.6,0,0.0
0.45454545454545453,0.43636363636363634,"{""clf__C"": 32.32518791282502, ""clf__gamma"": 0.0005104518230902811, ""clf__class_weight"": ""balanced""}",0.38724069126443406,"[[28, 27], [21, 12]]",valence,0.4358974358974359,0.45454545454545453,0.4615384615384615,21,0.6363636363636364,,27,0.4909090909090909,-0.12280701754385959,1.26382664671556,-0.12403473458920845,subject_dependent,rbf_svm,0.5714285714285714,0.3076923076923077,0.37023929326192595,0.43956043956043955,0.45454545454545453,0.47252747252747257,0.43636363636363634,0.45454545454545453,0.45454545454545453,0.4077134986225895,28,0.509090909090909,12,0.36363636363636365,0.375,0.3666666666666667,0.345475654562636,"[[2, 3], [2, 1]]",0.36507936507936506,0.375,0.38492063492063494,2,0.6666666666666666,3,0.6,-0.25,1.0033717134691207,-0.2581988897471611,0.5,0.25,0.5694444444444444,0.375,0.375,0.40625,0.3666666666666667,0.375,0.375,0.39999999999999997,2,0.4,1,0.3333333333333333
0.5227272727272727,0.5696969696969697,"{""clf__C"": 183.42628625395747, ""clf__gamma"": 0.0001005394019469303, ""clf__class_weight"": ""balanced""}",0.27170654432458335,"[[21, 34], [8, 25]]",valence,0.5217391304347826,0.5227272727272727,0.516304347826087,8,0.24242424242424243,,34,0.6181818181818182,0.12041884816753923,0.7742441830520359,0.14356785167400096,subject_dependent,rbf_svm,0.7241379310344828,0.423728813559322,0.7053623732803924,0.5739333722969024,0.5227272727272727,0.6114845119812975,0.5696969696969697,0.5227272727272727,0.5227272727272727,0.7344352617079889,21,0.38181818181818183,25,0.7575757575757576,0.625,0.7,0.21948490073427968,"[[2, 3], [0, 3]]",0.6190476190476191,0.625,0.6071428571428571,0,0.0,3,0.6,0.33333333333333337,0.6106871890432533,0.4472135954999579,1.0,0.5,0.8666666666666667,0.75,0.625,0.8125,0.7,0.625,0.625,0.8666666666666667,2,0.4,3,1.0
0.5568181818181818,0.5568181818181818,"{""clf__C"": 160.49758307716223, ""clf__gamma"": 0.00018427970406864567, ""clf__class_weight"": null}",0.33794094252380724,"[[20, 24], [15, 29]]",valence,0.5521336291269738,0.5568181818181818,0.5521336291269737,15,0.3409090909090909,,24,0.5454545454545454,0.11363636363636365,1.2120802625648128,0.11609086505314302,subject_dependent,rbf_svm,0.5714285714285714,0.5471698113207547,0.6674189822003797,0.559299191374663,0.5568181818181818,0.5592991913746631,0.5568181818181818,0.5568181818181818,0.5568181818181818,0.5857438016528924,20,0.45454545454545453,29,0.6590909090909091,0.5,0.5,0.2923779348091368,"[[1, 3], [1, 3]]",0.4666666666666667,0.5,0.4666666666666667,1,0.25,3,0.75,0.0,0.9773606835751496,0.0,0.5,0.5,0.8125,0.5,0.5,0.5,0.5,0.5,0.5,0.6875,1,0.25,3,0.75
0.48863636363636365,0.48863636363636365,"{""clf__C"": 0.40069130793659025, ""clf__gamma"": 0.0014899847475658245, ""clf__class_weight"": ""balanced""}",0.2678425235929649,"[[17, 27], [18, 26]]",valence,0.48323111053112355,0.48863636363636365,0.4832311105311236,18,0.4090909090909091,,27,0.6136363636363636,-0.022727272727272707,0.7339447609097941,-0.023218173010628604,subject_dependent,rbf_svm,0.4857142857142857,0.49056603773584906,0.6026604666872024,0.48814016172506736,0.48863636363636365,0.48814016172506736,0.48863636363636365,0.48863636363636365,0.48863636363636365,0.5697314049586777,17,0.38636363636363635,26,0.5909090909090909,0.5,0.5,0.25757415379575055,"[[2, 2], [2, 2]]",0.5,0.5,0.5,2,0.5,2,0.5,0.0,0.7063940305214407,0.0,0.5,0.5,0.7095238095238094,0.5,0.5,0.5,0.5,0.5,0.5,0.625,2,0.5,2,0.5
0.4318181818181818,0.4318181818181818,"{""clf__C"": 0.40069130793659025, ""clf__gamma"": 0.0014899847475658245, ""clf__class_weight"": ""balanced""}",0.28108993910755614,"[[22, 22], [28, 16]]",valence,0.42916450441100157,0.4318181818181818,0.42916450441100157,28,0.6363636363636364,,22,0.5,-0.13636363636363646,0.7594740361414115,-0.13764944032233706,subject_dependent,rbf_svm,0.44,0.42105263157894735,0.4334502512168245,0.43052631578947365,0.4318181818181818,0.4305263157894737,0.4318181818181818,0.4318181818181818,0.4318181818181818,0.42510330578512395,22,0.5,16,0.36363636363636365,0.5,0.5,0.27649899193571126,"[[2, 2], [2, 2]]",0.5,0.5,0.5,2,0.5,2,0.5,0.0,0.7489114386288679,0.0,0.5,0.5,0.5178571428571428,0.5,0.5,0.5,0.5,0.5,0.5,0.4375,2,0.5,2,0.5
0.6136363636363636,0.5878787878787879,"{""clf__C"": 0.40069130793659025, ""clf__gamma"": 0.0014899847475658245, ""clf__class_weight"": ""balanced""}",0.24290470417657647,"[[16, 17], [17, 38]]",valence,0.5878787878787879,0.6136363636363636,0.6136363636363636,17,0.3090909090909091,,17,0.5151515151515151,0.17575757575757578,0.6789119808471417,0.17575757575757575,subject_dependent,rbf_svm,0.48484848484848486,0.6909090909090909,0.731471536338723,0.5878787878787879,0.6136363636363636,0.6136363636363636,0.5878787878787879,0.6136363636363636,0.6136363636363636,0.6650137741046831,16,0.48484848484848486,38,0.6909090909090909,1.0,1.0,0.24239352308878737,"[[3, 0], [0, 5]]",1.0,1.0,1.0,0,0.0,0,0.0,1.0,0.6779304156259419,1.0,1.0,1.0,1.0,1.0,1.0,1.0,1.0,1.0,1.0,1.0,3,1.0,5,1.0
0.3409090909090909,0.2727272727272727,"{""clf__C"": 0.4342298948286134, ""clf__gamma"": 0.0008179499475211679, ""clf__class_weight"": ""balanced""}",0.34777174002759603,"[[3, 19], [39, 27]]",valence,0.2879464285714286,0.3409090909090909,0.38504464285714285,39,0.5909090909090909,,19,0.8636363636363636,-0.34883720930232553,0.9084753793421627,-0.39405520311955033,subject_dependent,rbf_svm,0.07142857142857142,0.5869565217391305,0.6018569922529055,0.32919254658385094,0.3409090909090909,0.4580745341614907,0.2727272727272727,0.3409090909090909,0.3409090909090909,0.21143250688705234,3,0.13636363636363635,27,0.4090909090909091,0.375,0.25,0.3325351944410864,"[[0, 2], [3, 3]]",0.2727272727272727,0.375,0.40909090909090906,3,0.5,2,1.0,-0.4285714285714286,0.864387681495214,-0.4472135954999579,0.0,0.6,0.594047619047619,0.3,0.375,0.44999999999999996,0.25,0.375,0.375,0.0,0,0.0,3,0.5
0.32954545454545453,0.3727272727272727,"{""clf__C"": 0.40069130793659025, ""clf__gamma"": 0.0014899847475658245, ""clf__class_weight"": ""balanced""}",0.35423944769561316,"[[18, 15], [44, 11]]",valence,0.32527615334632876,0.32954545454545453,0.3118583495776478,44,0.8,,15,0.45454545454545453,-0.21649484536082464,0.919546881594233,-0.2700978592992082,subject_dependent,rbf_svm,0.2903225806451613,0.4230769230769231,0.5558572658339866,0.3566997518610422,0.32954545454545453,0.3732940446650124,0.3727272727272727,0.32954545454545453,0.32954545454545453,0.45454545454545453,18,0.5454545454545454,11,0.2,0.25,0.3333333333333333,0.33880623870937554,"[[2, 1], [5, 0]]",0.2,0.25,0.15000000000000002,5,1.0,1,0.3333333333333333,-0.26315789473684204,0.8770439813469829,-0.4879500364742666,0.2857142857142857,0.0,0.5961904761904762,0.14285714285714285,0.25,0.10714285714285714,0.3333333333333333,0.25,0.25,0.4,2,0.6666666666666666,0,0.0
0.625,0.5909090909090909,"{""clf__C"": 0.40069130793659025, ""clf__gamma"": 0.0014899847475658245, ""clf__class_weight"": ""balanced""}",0.24234352772305276,"[[15, 18], [15, 40]]",valence,0.5920775389801938,0.625,0.6210493046776233,15,0.2727272727272727,,18,0.5454545454545454,0.18518518518518523,0.6777174564348648,0.18569533817705186,subject_dependent,rbf_svm,0.5,0.6896551724137931,0.691603591357702,0.5948275862068966,0.625,0.6185344827586208,0.5909090909090909,0.625,0.625,0.5895316804407713,15,0.45454545454545453,40,0.7272727272727273,0.625,0.6333333333333333,0.24055220107589623,"[[2, 1], [2, 3]]",0.6190476190476191,0.625,0.6309523809523809,2,0.4,1,0.3333333333333333,0.25,0.6742087855008936,0.2581988897471611,0.5,0.75,0.8583333333333333,0.625,0.625,0.65625,0.6333333333333333,0.625,0.625,0.6666666666666667,2,0.6666666666666666,3,0.6
0.7840909090909091,0.6742424242424242,"{""clf__C"": 2.2463533171675794, ""clf__gamma"": 0.0006516990611177178, ""clf__class_weight"": null}",0.11701088455526075,"[[10, 12], [7, 59]]",valence,0.6870671907168258,0.7840909090909091,0.7741905296649821,7,0.10606060606060606,,12,0.5454545454545454,0.3770491803278688,0.3710684902328181,0.38222014561347567,subject_dependent,rbf_svm,0.5882352941176471,0.8309859154929577,0.9638447718096013,0.7096106048053024,0.7840909090909091,0.77029826014913,0.6742424242424242,0.7840909090909091,0.7840909090909091,0.8898071625344353,10,0.45454545454545453,59,0.8939393939393939,0.875,0.75,0.09810114986769013,"[[1, 1], [0, 6]]",0.7948717948717949,0.875,0.8589743589743589,0,0.0,1,0.5,0.6,0.3399959069613401,0.6546536707079772,1.0,0.8571428571428571,0.9761904761904762,0.9285714285714286,0.875,0.8928571428571428,0.75,0.875,0.875,0.9166666666666667,1,0.5,6,1.0
0.5113636363636364,0.5181818181818182,"{""clf__C"": 0.4342298948286134, ""clf__gamma"": 0.0008179499475211679, ""clf__class_weight"": ""balanced""}",0.3346749026258616,"[[27, 28], [15, 18]]",valence,0.5061986167297403,0.5113636363636364,0.518824220279264,15,0.45454545454545453,,28,0.509090909090909,0.0337078651685393,1.0324208522641023,0.035245368842512066,subject_dependent,rbf_svm,0.6428571428571429,0.391304347826087,0.36214012254891426,0.517080745341615,0.5113636363636364,0.548524844720497,0.5181818181818182,0.5113636363636364,0.5113636363636364,0.5272727272727273,27,0.4909090909090909,18,0.5454545454545454,0.625,0.7,0.32036185729683886,"[[2, 3], [0, 3]]",0.6190476190476191,0.625,0.6071428571428571,0,0.0,3,0.6,0.33333333333333337,0.9923950750372728,0.4472135954999579,1.0,0.5,0.41111111111111115,0.75,0.625,0.8125,0.7,0.625,0.625,0.4666666666666667,2,0.4,3,1.0
0.5568181818181818,0.47575757575757577,"{""clf__C"": 1.4465894873674117, ""clf__gamma"": 0.00026828750938254404, ""clf__class_weight"": null}",0.2588739545108431,"[[5, 28], [11, 44]]",valence,0.44849750923991644,0.5568181818181818,0.5096014783866302,11,0.2,,28,0.8484848484848485,-0.054054054054053946,0.7337365424052309,-0.060858061945018464,subject_dependent,rbf_svm,0.3125,0.6111111111111112,0.7044023006537782,0.4618055555555556,0.5568181818181818,0.4991319444444445,0.47575757575757577,0.5568181818181818,0.5568181818181818,0.5829201101928374,5,0.15151515151515152,44,0.8,0.75,0.6666666666666666,0.23660781066135572,"[[1, 2], [0, 5]]",0.6666666666666667,0.75,0.7083333333333334,0,0.0,2,0.6666666666666666,0.3846153846153846,0.6609915402435343,0.4879500364742666,1.0,0.7142857142857143,0.7961904761904761,0.8571428571428572,0.75,0.8214285714285714,0.6666666666666666,0.75,0.75,0.6000000000000001,1,0.3333333333333333,5,1.0
0.8068181818181818,0.7969696969696969,"{""clf__C"": 166.2878326769575, ""clf__gamma"": 0.008979064194712979, ""clf__class_weight"": ""balanced""}",0.15545173354621167,"[[25, 8], [9, 46]]",valence,0.7951526769820623,0.8068181818181818,0.8073736820484733,9,0.16363636363636364,,8,0.24242424242424243,0.5903614457831325,0.5472776077429345,0.5905329129507862,subject_dependent,rbf_svm,0.7352941176470589,0.8518518518518519,0.9181107650480195,0.7935729847494554,0.8068181818181818,0.8081427015250546,0.7969696969696969,0.8068181818181818,0.8068181818181818,0.862258953168044,25,0.7575757575757576,46,0.8363636363636363,0.875,0.9,0.09488982742418024,"[[3, 0], [1, 4]]",0.873015873015873,0.875,0.876984126984127,1,0.2,0,0.0,0.75,0.30875501509792735,0.7745966692414834,0.75,1.0,0.9666666666666667,0.875,0.875,0.90625,0.9,0.875,0.875,0.9333333333333333,3,1.0,4,0.8
0.8068181818181818,0.8257575757575757,"{""clf__C"": 0.6351054340728711, ""clf__gamma"": 0.0005285382203816729, ""clf__class_weight"": ""balanced""}",0.16148965397600865,"[[19, 3], [14, 52]]",valence,0.775206611570248,0.8068181818181818,0.8173553719008264,14,0.21212121212121213,,3,0.13636363636363635,0.5584415584415585,0.49079136254620637,0.5827328668635815,subject_dependent,rbf_svm,0.5757575757575758,0.9454545454545454,0.9602983762274017,0.7606060606060606,0.8068181818181818,0.853030303030303,0.8257575757575757,0.8068181818181818,0.8068181818181818,0.8760330578512396,19,0.8636363636363636,52,0.7878787878787878,0.875,0.9166666666666667,0.14338741894318316,"[[2, 0], [1, 5]]",0.8545454545454545,0.875,0.8818181818181818,1,0.16666666666666666,0,0.0,0.7142857142857143,0.4566149346477697,0.7453559924999299,0.6666666666666666,1.0,1.0,0.8333333333333333,0.875,0.9166666666666666,0.9166666666666667,0.875,0.875,1.0,2,1.0,5,0.8333333333333334
0.5681818181818182,0.5681818181818181,"{""clf__C"": 0.21466070134458173, ""clf__gamma"": 0.0012955517240662183, ""clf__class_weight"": ""balanced""}",0.23468496870534097,"[[24, 20], [18, 26]]",valence,0.5679586563307493,0.5681818181818182,0.5679586563307493,18,0.4090909090909091,,20,0.45454545454545453,0.13636363636363635,0.6622644105176956,0.136504726557987,subject_dependent,rbf_svm,0.5714285714285714,0.5652173913043478,0.6059568373271292,0.5683229813664596,0.5681818181818182,0.5683229813664595,0.5681818181818181,0.5681818181818182,0.5681818181818182,0.6554752066115702,24,0.5454545454545454,26,0.5909090909090909,0.75,0.75,0.22548583812664996,"[[3, 1], [1, 3]]",0.75,0.75,0.75,1,0.25,1,0.25,0.5,0.6445275004135468,0.5,0.75,0.75,0.7708333333333333,0.75,0.75,0.75,0.75,0.75,0.75,0.75,3,0.75,3,0.75
0.5795454545454546,0.5969696969696969,"{""clf__C"": 1.4465894873674117, ""clf__gamma"": 0.00026828750938254404, ""clf__class_weight"": null}",0.301719003222603,"[[29, 26], [11, 22]]",valence,0.5768680961663417,0.5795454545454546,0.5852826510721247,11,0.3333333333333333,,26,0.4727272727272727,0.1777777777777778,0.8300968514678124,0.18856180831641267,subject_dependent,rbf_svm,0.725,0.4583333333333333,0.37950771624284685,0.5916666666666667,0.5795454545454546,0.625,0.5969696969696969,0.5795454545454546,0.5795454545454546,0.5393939393939394,29,0.5272727272727272,22,0.6666666666666666,0.625,0.7,0.2917877470626673,"[[2, 3], [0, 3]]",0.6190476190476191,0.625,0.6071428571428571,0,0.0,3,0.6,0.33333333333333337,0.8040236231291342,0.4472135954999579,1.0,0.5,0.4444444444444445,0.75,0.625,0.8125,0.7,0.625,0.625,0.5333333333333333,2,0.4,3,1.0
0.4318181818181818,0.503030303030303,"{""clf__C"": 262.30889101079146, ""clf__gamma"": 0.0025135566617708314, ""clf__class_weight"": null}",0.44973535934585696,"[[26, 7], [43, 12]]",valence,0.4170641229464759,0.4318181818181818,0.39387917329093797,43,0.7818181818181819,,7,0.21212121212121213,0.00497512437810943,1.772590596899363,0.007131042497342635,subject_dependent,rbf_svm,0.37681159420289856,0.631578947368421,0.6520574128082121,0.5041952707856598,0.4318181818181818,0.5360411899313501,0.503030303030303,0.4318181818181818,0.4318181818181818,0.5614325068870524,26,0.7878787878787878,12,0.21818181818181817,0.375,0.43333333333333335,0.376673078224825,"[[2, 1], [4, 1]]",0.36507936507936506,0.375,0.34523809523809523,4,0.8,1,0.3333333333333333,-0.11111111111111116,1.0085519799638036,-0.14907119849998599,0.3333333333333333,0.5,0.7295238095238095,0.41666666666666663,0.375,0.4375,0.43333333333333335,0.375,0.375,0.5333333333333334,2,0.6666666666666666,1,0.2
0.48863636363636365,0.6136363636363636,"{""clf__C"": 0.21466070134458173, ""clf__gamma"": 0.0012955517240662183, ""clf__class_weight"": ""balanced""}",0.313384644151928,"[[19, 3], [42, 24]]",valence,0.4869801787796346,0.48863636363636365,0.5015546055188496,42,0.6363636363636364,,3,0.13636363636363635,0.1428571428571429,0.8247159715313223,0.21339479988815996,subject_dependent,rbf_svm,0.3114754098360656,0.8888888888888888,0.8462249242040033,0.6001821493624773,0.48863636363636365,0.744535519125683,0.6136363636363636,0.48863636363636365,0.48863636363636365,0.584022038567493,19,0.8636363636363636,24,0.36363636363636365,0.25,0.5,0.3108526345627154,"[[2, 0], [6, 0]]",0.2,0.25,0.1,6,1.0,0,0.0,0.0,0.8169991832566794,0.0,0.25,0.0,0.8178571428571428,0.125,0.25,0.0625,0.5,0.25,0.25,0.5833333333333334,2,1.0,0,0.0
0.5795454545454546,0.5181818181818182,"{""clf__C"": 0.40069130793659025, ""clf__gamma"": 0.0014899847475658245, ""clf__class_weight"": ""balanced""}",0.23942179560247004,"[[42, 13], [24, 9]]",valence,0.5107438016528926,0.5795454545454546,0.556611570247934,24,0.7272727272727273,,13,0.23636363636363636,0.038961038961038974,0.675598805651145,0.040655781409087086,subject_dependent,rbf_svm,0.6363636363636364,0.4090909090909091,0.49174911560595114,0.5227272727272727,0.5795454545454546,0.5511363636363636,0.5181818181818182,0.5795454545454546,0.5795454545454546,0.5614325068870523,42,0.7636363636363637,9,0.2727272727272727,0.75,0.6666666666666666,0.22415353490193274,"[[5, 0], [2, 1]]",0.6666666666666667,0.75,0.7083333333333334,2,0.6666666666666666,0,0.0,0.3846153846153846,0.6382917814986462,0.4879500364742666,0.7142857142857143,1.0,0.6666666666666667,0.8571428571428572,0.75,0.8214285714285714,0.6666666666666666,0.75,0.75,0.6666666666666666,5,1.0,1,0.3333333333333333
0.5227272727272727,0.49696969696969695,"{""clf__C"": 243.14537412227003, ""clf__gamma"": 0.0004992453416923984, ""clf__class_weight"": ""balanced""}",0.29059133764445877,"[[33, 22], [20, 13]]",valence,0.49673202614379086,0.5227272727272727,0.5253267973856209,20,0.6060606060606061,,22,0.4,-0.0059880239520957446,0.8495505229700684,-0.005994906493301807,subject_dependent,rbf_svm,0.6226415094339622,0.37142857142857144,0.39298646799204406,0.49703504043126684,0.5227272727272727,0.5284366576819407,0.49696969696969695,0.5227272727272727,0.5227272727272727,0.5206611570247933,33,0.6,13,0.3939393939393939,0.625,0.5666666666666667,0.24213333398789177,"[[4, 1], [2, 1]]",0.5636363636363637,0.625,0.6045454545454546,2,0.6666666666666666,1,0.2,0.1428571428571429,0.6727867742281061,0.14907119849998599,0.6666666666666666,0.5,0.44285714285714284,0.5833333333333333,0.625,0.6041666666666666,0.5666666666666667,0.625,0.625,0.4666666666666666,4,0.8,1,0.3333333333333333
0.7045454545454546,0.6787878787878788,"{""clf__C"": 64.69870699850829, ""clf__gamma"": 0.0008200518402245837, ""clf__class_weight"": null}",0.21929860236751794,"[[43, 12], [14, 19]]",valence,0.6808035714285714,0.7045454545454546,0.7025669642857143,14,0.42424242424242425,,12,0.21818181818181817,0.3619631901840491,0.634294976562568,0.3623999318717342,subject_dependent,rbf_svm,0.7543859649122807,0.6129032258064516,0.5493334939192915,0.6836445953593662,0.7045454545454546,0.7013299377475948,0.6787878787878788,0.7045454545454546,0.7045454545454546,0.665564738292011,43,0.7818181818181819,19,0.5757575757575758,0.75,0.6666666666666666,0.184055835476367,"[[5, 0], [2, 1]]",0.6666666666666667,0.75,0.7083333333333334,2,0.6666666666666666,0,0.0,0.3846153846153846,0.5543955339371115,0.4879500364742666,0.7142857142857143,1.0,0.9166666666666666,0.8571428571428572,0.75,0.8214285714285714,0.6666666666666666,0.75,0.75,0.9333333333333333,5,1.0,1,0.3333333333333333
0.5,0.5151515151515151,"{""clf__C"": 243.14537412227003, ""clf__gamma"": 0.0004992453416923984, ""clf__class_weight"": ""balanced""}",0.28531429543820236,"[[32, 34], [10, 12]]",valence,0.47276688453159044,0.5,0.5326797385620915,10,0.45454545454545453,,34,0.5151515151515151,0.022222222222222254,0.7958878381199707,0.02627034687463669,subject_dependent,rbf_svm,0.7619047619047619,0.2608695652173913,0.2625306928063284,0.5113871635610766,0.5,0.6366459627329193,0.5151515151515151,0.5,0.5,0.5123966942148761,32,0.48484848484848486,12,0.5454545454545454,0.375,0.41666666666666663,0.24597829382140501,"[[2, 4], [1, 1]]",0.36507936507936506,0.375,0.40476190476190477,1,0.5,4,0.6666666666666666,-0.11111111111111116,0.6847582599061695,-0.14907119849998599,0.6666666666666666,0.2,0.39285714285714285,0.43333333333333335,0.375,0.55,0.41666666666666663,0.375,0.375,0.5,2,0.3333333333333333,1,0.5
0.48863636363636365,0.43506493506493504,"{""clf__C"": 243.14537412227003, ""clf__gamma"": 0.0004992453416923984, ""clf__class_weight"": ""balanced""}",0.2928445797189394,"[[39, 38], [7, 4]]",valence,0.39254486884491485,0.48863636363636365,0.5737459733087896,7,0.6363636363636364,,38,0.4935064935064935,-0.05882352941176472,0.7990105633281082,-0.08598989506126371,subject_dependent,rbf_svm,0.8478260869565217,0.09523809523809523,0.15368291206513401,0.4715320910973085,0.48863636363636365,0.7537525879917184,0.43506493506493504,0.48863636363636365,0.48863636363636354,0.448642266824085,39,0.5064935064935064,4,0.36363636363636365,0.375,0.21428571428571427,0.26083268539103943,"[[3, 4], [1, 0]]",0.2727272727272727,0.375,0.47727272727272724,1,1.0,4,0.5714285714285714,-0.25,0.7142804378642729,-0.3779644730092272,0.75,0.0,0.16666666666666666,0.375,0.375,0.65625,0.21428571428571427,0.375,0.375,0.2857142857142857,3,0.42857142857142855,0,0.0
0.5227272727272727,0.5212121212121212,"{""clf__C"": 183.42628625395747, ""clf__gamma"": 0.0001005394019469303, ""clf__class_weight"": ""balanced""}",0.3088726711036417,"[[17, 16], [26, 29]]",valence,0.5136842105263157,0.5227272727272727,0.5302631578947369,26,0.4727272727272727,,16,0.48484848484848486,0.040000000000000036,0.8404688544868538,0.041087708961862444,subject_dependent,rbf_svm,0.3953488372093023,0.6444444444444445,0.6853786845824614,0.5198966408268734,0.5227272727272727,0.5510335917312662,0.5212121212121212,0.5227272727272727,0.5227272727272727,0.46115702479338844,17,0.5151515151515151,29,0.5272727272727272,0.5,0.6,0.29708470735519454,"[[3, 0], [4, 1]]",0.4666666666666667,0.5,0.4333333333333333,4,0.8,0,0.0,0.1578947368421053,0.8024887292106653,0.29277002188455997,0.42857142857142855,1.0,0.7226190476190476,0.7142857142857143,0.5,0.7857142857142857,0.6,0.5,0.5,0.4666666666666667,3,1.0,1,0.2
0.5454545454545454,0.5575757575757576,"{""clf__C"": 20.12196163610286, ""clf__gamma"": 0.0008612579192594886, ""clf__class_weight"": ""balanced""}",0.2852329000806005,"[[20, 13], [27, 28]]",valence,0.5416666666666667,0.5454545454545454,0.5520833333333334,27,0.4909090909090909,,13,0.3939393939393939,0.1061452513966481,0.77808733753856,0.11175503890954738,subject_dependent,rbf_svm,0.425531914893617,0.6829268292682927,0.6727264321194382,0.5542293720809549,0.5454545454545454,0.5864037363777893,0.5575757575757576,0.5454545454545454,0.5454545454545454,0.5730027548209367,20,0.6060606060606061,28,0.509090909090909,0.375,0.5,0.2581283702912318,"[[3, 0], [5, 0]]",0.2727272727272727,0.375,0.20454545454545453,5,1.0,0,0.0,0.0,0.708747736032193,0.0,0.375,0.0,0.7861904761904762,0.1875,0.375,0.140625,0.5,0.375,0.375,0.6666666666666667,3,1.0,0,0.0
0.5113636363636364,0.5363636363636364,"{""clf__C"": 53.72198163554894, ""clf__gamma"": 0.0003972110727381913, ""clf__class_weight"": null}",0.2654264857143957,"[[21, 12], [31, 24]]",valence,0.5107950872656755,0.5113636363636364,0.5149644473173886,31,0.5636363636363636,,12,0.36363636363636365,0.06521739130434778,0.728077826787452,0.0716114874039433,subject_dependent,rbf_svm,0.40384615384615385,0.6666666666666666,0.6909445284780444,0.5352564102564102,0.5113636363636364,0.5681089743589743,0.5363636363636364,0.5113636363636364,0.5113636363636364,0.5917355371900826,21,0.6363636363636364,24,0.43636363636363634,0.25,0.3333333333333333,0.24352830525222918,"[[2, 1], [5, 0]]",0.2,0.25,0.15000000000000002,5,1.0,1,0.3333333333333333,-0.26315789473684204,0.6786528982179394,-0.4879500364742666,0.2857142857142857,0.0,0.71,0.14285714285714285,0.25,0.10714285714285714,0.3333333333333333,0.25,0.25,0.6666666666666667,2,0.6666666666666666,0,0.0
0.4431818181818182,0.4431818181818182,"{""clf__C"": 13.411788774467905, ""clf__gamma"": 0.00026210878782654407, ""clf__class_weight"": ""balanced""}",0.2932657733396743,"[[7, 37], [12, 32]]",valence,0.3942969518190757,0.4431818181818182,0.3942969518190757,12,0.2727272727272727,,37,0.8409090909090909,-0.11363636363636354,0.8034348019498484,-0.13809204416652687,subject_dependent,rbf_svm,0.3684210526315789,0.463768115942029,0.521582540554202,0.41609458428680396,0.4431818181818182,0.41609458428680396,0.4431818181818182,0.4431818181818182,0.4431818181818182,0.4845041322314049,7,0.1590909090909091,32,0.7272727272727273,0.25,0.25,0.27151470277416795,"[[0, 4], [2, 2]]",0.2,0.25,0.2,2,0.5,4,1.0,-0.5,0.7347497894031474,-0.5773502691896258,0.0,0.3333333333333333,0.6488095238095237,0.16666666666666666,0.25,0.16666666666666666,0.25,0.25,0.25,0.4375,0,0.0,2,0.5
0.4659090909090909,0.3712121212121212,"{""clf__C"": 0.40069130793659025, ""clf__gamma"": 0.0014899847475658245, ""clf__class_weight"": ""balanced""}",0.2861948522962577,"[[37, 29], [18, 4]]",valence,0.3785123966942149,0.4659090909090909,0.49504132231404957,18,0.8181818181818182,,29,0.4393939393939394,-0.22077922077922074,0.7698689404398773,-0.23038276131816016,subject_dependent,rbf_svm,0.6727272727272727,0.12121212121212122,0.18770703140483844,0.396969696969697,0.4659090909090909,0.5348484848484848,0.3712121212121212,0.4659090909090909,0.4659090909090909,0.3261019283746557,37,0.5606060606060606,4,0.18181818181818182,0.25,0.16666666666666666,0.27727195922019143,"[[2, 4], [2, 0]]",0.2,0.25,0.30000000000000004,2,1.0,4,0.6666666666666666,-0.5,0.7479430447867625,-0.5773502691896258,0.5,0.0,0.19642857142857142,0.25,0.25,0.375,0.16666666666666666,0.25,0.25,0.0,2,0.3333333333333333,0,0.0
0.48863636363636365,0.46212121212121215,"{""clf__C"": 160.49758307716223, ""clf__gamma"": 0.00018427970406864567, ""clf__class_weight"": null}",0.3437013405373866,"[[34, 32], [13, 9]]",valence,0.44374209860935526,0.48863636363636365,0.5227560050568901,13,0.5909090909090909,,32,0.48484848484848486,-0.05882352941176472,0.9481464696013614,-0.06576101679733735,subject_dependent,rbf_svm,0.723404255319149,0.21951219512195122,0.20912254193073337,0.4714582252205501,0.48863636363636365,0.5974312402698495,0.46212121212121215,0.48863636363636365,0.48863636363636365,0.4077134986225895,34,0.5151515151515151,9,0.4090909090909091,0.5,0.3333333333333333,0.30966819041799987,"[[4, 2], [2, 0]]",0.3333333333333333,0.5,0.5,2,1.0,2,0.3333333333333333,-0.33333333333333326,0.8398507882662514,-0.3333333333333333,0.6666666666666666,0.0,0.30952380952380953,0.3333333333333333,0.5,0.5,0.3333333333333333,0.5,0.5,0.41666666666666663,4,0.6666666666666666,0,0.0
0.5,0.5,"{""clf__C"": 0.6351054340728711, ""clf__gamma"": 0.0005285382203816729, ""clf__class_weight"": ""balanced""}",0.2507760175548579,"[[27, 17], [27, 17]]",valence,0.4934589220303506,0.5,0.4934589220303506,27,0.6136363636363636,,17,0.38636363636363635,0.0,0.6957947623388783,0.0,subject_dependent,rbf_svm,0.5,0.5,0.5325208521735754,0.5,0.5,0.5,0.5,0.5,0.5,0.5583677685950412,27,0.6136363636363636,17,0.38636363636363635,0.625,0.625,0.24615854360376788,"[[2, 2], [1, 3]]",0.6190476190476191,0.625,0.6190476190476191,1,0.25,2,0.5,0.25,0.6861302945276242,0.2581988897471611,0.6666666666666666,0.6,0.5666666666666667,0.6333333333333333,0.625,0.6333333333333333,0.625,0.625,0.625,0.5625,2,0.5,3,0.75
0.5568181818181818,0.5568181818181819,"{""clf__C"": 0.6351054340728711, ""clf__gamma"": 0.0005285382203816729, ""clf__class_weight"": ""balanced""}",0.24885503108480903,"[[16, 28], [11, 33]]",valence,0.5396378269617707,0.5568181818181818,0.5396378269617707,11,0.25,,28,0.6363636363636364,0.11363636363636365,0.690040360188238,0.12320354515909547,subject_dependent,rbf_svm,0.5925925925925926,0.5409836065573771,0.6653417486133989,0.5667880995749848,0.5568181818181818,0.5667880995749848,0.5568181818181819,0.5568181818181818,0.5568181818181818,0.6064049586776861,16,0.36363636363636365,33,0.75,0.375,0.375,0.24521785780482483,"[[0, 4], [1, 3]]",0.2727272727272727,0.375,0.2727272727272727,1,0.25,4,1.0,-0.25,0.6814804479574259,-0.3779644730092272,0.0,0.42857142857142855,0.875,0.21428571428571427,0.375,0.21428571428571427,0.375,0.375,0.375,0.75,0,0.0,3,0.75
0.5113636363636364,0.5121212121212121,"{""clf__C"": 243.14537412227003, ""clf__gamma"": 0.0004992453416923984, ""clf__class_weight"": ""balanced""}",0.42808827974968655,"[[17, 16], [27, 28]]",valence,0.5036075036075036,0.5113636363636364,0.5191197691197691,27,0.4909090909090909,,16,0.48484848484848486,0.022727272727272707,1.7655266897968611,0.02347262634065101,subject_dependent,rbf_svm,0.38636363636363635,0.6363636363636364,0.5703819198050598,0.5113636363636364,0.5113636363636364,0.5426136363636364,0.5121212121212121,0.5113636363636364,0.5113636363636364,0.41212121212121205,17,0.5151515151515151,28,0.509090909090909,0.5,0.4666666666666667,0.33051592116991546,"[[1, 2], [2, 3]]",0.4666666666666667,0.5,0.5,2,0.4,2,0.6666666666666666,-0.06666666666666665,0.8882075926314938,-0.06666666666666667,0.3333333333333333,0.6,0.6926190476190477,0.4666666666666667,0.5,0.5,0.4666666666666667,0.5,0.5,0.4,1,0.3333333333333333,3,0.6
0.38636363636363635,0.3863636363636364,"{""clf__C"": 0.21466070134458173, ""clf__gamma"": 0.0012955517240662183, ""clf__class_weight"": ""balanced""}",0.3532808643970517,"[[9, 35], [19, 25]]",valence,0.3653846153846154,0.38636363636363635,0.36538461538461536,19,0.4318181818181818,,35,0.7954545454545454,-0.2272727272727273,0.9370973948288238,-0.24397501823713327,subject_dependent,rbf_svm,0.32142857142857145,0.4166666666666667,0.38391878063302953,0.36904761904761907,0.38636363636363635,0.3690476190476191,0.3863636363636364,0.38636363636363635,0.38636363636363635,0.2988119834710744,9,0.20454545454545456,25,0.5681818181818182,0.25,0.25,0.3447624192105029,"[[0, 4], [2, 2]]",0.2,0.25,0.2,2,0.5,4,1.0,-0.5,0.9078202920954158,-0.5773502691896258,0.0,0.3333333333333333,0.44047619047619047,0.16666666666666666,0.25,0.16666666666666666,0.25,0.25,0.25,0.25,0,0.0,2,0.5
0.5,0.4303030303030303,"{""clf__C"": 1.4465894873674117, ""clf__gamma"": 0.00026828750938254404, ""clf__class_weight"": null}",0.3111172757449776,"[[5, 28], [16, 39]]",valence,0.41226472374013357,0.5,0.4690346083788706,16,0.2909090909090909,,28,0.8484848484848485,-0.15032679738562083,0.8355739386877322,-0.15831977273317685,subject_dependent,rbf_svm,0.23809523809523808,0.582089552238806,0.5142104108163661,0.410092395167022,0.5,0.453091684434968,0.4303030303030303,0.5,0.5,0.3283746556473829,5,0.15151515151515152,39,0.7090909090909091,0.5,0.4666666666666667,0.30203426621745755,"[[1, 2], [2, 3]]",0.4666666666666667,0.5,0.5,2,0.4,2,0.6666666666666666,-0.06666666666666665,0.8097700860580201,-0.06666666666666667,0.3333333333333333,0.6,0.5926190476190476,0.4666666666666667,0.5,0.5,0.4666666666666667,0.5,0.5,0.33333333333333337,1,0.3333333333333333,3,0.6
0.5795454545454546,0.5795454545454546,"{""clf__C"": 0.4342298948286134, ""clf__gamma"": 0.0008179499475211679, ""clf__class_weight"": ""balanced""}",0.2425608656238098,"[[18, 26], [11, 33]]",valence,0.5669636919803165,0.5795454545454546,0.5669636919803165,11,0.25,,26,0.5909090909090909,0.15909090909090906,0.6762143019429264,0.16922831696040333,subject_dependent,rbf_svm,0.6206896551724138,0.559322033898305,0.6016129118127915,0.5900058445353594,0.5795454545454546,0.5900058445353594,0.5795454545454546,0.5795454545454546,0.5795454545454546,0.6131198347107438,18,0.4090909090909091,33,0.75,0.625,0.625,0.23477886865112305,"[[3, 1], [2, 2]]",0.6190476190476191,0.625,0.6190476190476191,2,0.5,1,0.25,0.25,0.6608292795835118,0.2581988897471611,0.6,0.6666666666666666,0.6845238095238095,0.6333333333333333,0.625,0.6333333333333333,0.625,0.625,0.625,0.5625,3,0.75,2,0.5
0.5681818181818182,0.6484848484848484,"{""clf__C"": 13.411788774467905, ""clf__gamma"": 0.00026210878782654407, ""clf__class_weight"": ""balanced""}",0.31149616693515886,"[[18, 37], [1, 32]]",valence,0.5569687334393216,0.5681818181818182,0.5393481717011128,1,0.030303030303030304,,37,0.6727272727272727,0.24378109452736318,0.8876998201823668,0.3494210823697891,subject_dependent,rbf_svm,0.9473684210526315,0.463768115942029,0.5760145242925744,0.7055682684973302,0.5681818181818182,0.7660183066361556,0.6484848484848484,0.5681818181818182,0.5681818181818182,0.684297520661157,18,0.32727272727272727,32,0.9696969696969697,0.625,0.7,0.295233629982516,"[[2, 3], [0, 3]]",0.6190476190476191,0.625,0.6071428571428571,0,0.0,3,0.6,0.33333333333333337,0.8160578118286674,0.4472135954999579,1.0,0.5,0.6333333333333333,0.75,0.625,0.8125,0.7,0.625,0.625,0.6,2,0.4,3,1.0
0.29545454545454547,0.3696969696969697,"{""clf__C"": 0.40069130793659025, ""clf__gamma"": 0.0014899847475658245, ""clf__class_weight"": ""balanced""}",0.4402396128842629,"[[4, 51], [11, 22]]",valence,0.2646900269541779,0.29545454545454547,0.22708894878706198,11,0.3333333333333333,,51,0.9272727272727272,-0.20975609756097557,1.1756085555939635,-0.33551795529557427,subject_dependent,rbf_svm,0.26666666666666666,0.3013698630136986,0.5598719921929083,0.28401826484018267,0.29545454545454547,0.2796803652968036,0.3696969696969697,0.29545454545454547,0.29545454545454547,0.5393939393939393,4,0.07272727272727272,22,0.6666666666666666,0.25,0.3333333333333333,0.4260650344054864,"[[0, 5], [1, 2]]",0.2,0.25,0.15000000000000002,1,0.3333333333333333,5,1.0,-0.26315789473684204,1.1104512311346695,-0.4879500364742666,0.0,0.2857142857142857,0.6805555555555556,0.14285714285714285,0.25,0.10714285714285714,0.3333333333333333,0.25,0.25,0.6,0,0.0,2,0.6666666666666666
0.6136363636363636,0.6060606060606061,"{""clf__C"": 262.30889101079146, ""clf__gamma"": 0.0025135566617708314, ""clf__class_weight"": null}",0.269204855668972,"[[41, 25], [9, 13]]",valence,0.5701149425287356,0.6136363636363636,0.6385057471264367,9,0.4090909090909091,,25,0.3787878787878788,0.1707317073170732,0.8329297248480839,0.18543452998910614,subject_dependent,rbf_svm,0.82,0.34210526315789475,0.40613791191100673,0.5810526315789474,0.6136363636363636,0.7005263157894737,0.6060606060606061,0.6136363636363636,0.6136363636363636,0.6852617079889807,41,0.6212121212121212,13,0.5909090909090909,0.75,0.8333333333333333,0.19531227764860773,"[[4, 2], [0, 2]]",0.7333333333333334,0.75,0.7666666666666667,0,0.0,2,0.3333333333333333,0.5,0.5529216065098064,0.5773502691896258,1.0,0.5,0.41666666666666663,0.75,0.75,0.875,0.8333333333333333,0.75,0.75,0.6666666666666667,4,0.6666666666666666,2,1.0
0.26136363636363635,0.3242424242424243,"{""clf__C"": 0.26052157465743125, ""clf__gamma"": 0.013795402040204185, ""clf__class_weight"": null}",0.3980118741801565,"[[19, 14], [51, 4]]",valence,0.23926053996542093,0.26136363636363635,0.2068426652480383,51,0.9272727272727272,,14,0.42424242424242425,-0.28712871287128716,1.0899870336879482,-0.42188792112291856,subject_dependent,rbf_svm,0.2714285714285714,0.2222222222222222,0.5214937815285777,0.2468253968253968,0.26136363636363635,0.24067460317460315,0.3242424242424243,0.26136363636363635,0.26136363636363635,0.3669421487603306,19,0.5757575757575758,4,0.07272727272727272,0.25,0.26666666666666666,0.37500636296301315,"[[1, 2], [4, 1]]",0.25,0.25,0.25,4,0.8,2,0.6666666666666666,-0.41176470588235303,0.9924607203064792,-0.4666666666666667,0.2,0.3333333333333333,0.5628571428571427,0.26666666666666666,0.25,0.2833333333333333,0.26666666666666666,0.25,0.25,0.33333333333333337,1,0.3333333333333333,1,0.2
0.8181818181818182,0.812121212121212,"{""clf__C"": 13.411788774467905, ""clf__gamma"": 0.00026210878782654407, ""clf__class_weight"": ""balanced""}",0.1318442636491872,"[[46, 9], [7, 26]]",valence,0.8082788671023965,0.8181818181818182,0.8191721132897605,7,0.21212121212121213,,9,0.16363636363636364,0.6167664670658682,0.42289200391400733,0.617475368810086,subject_dependent,rbf_svm,0.8679245283018868,0.7428571428571429,0.8812374315029489,0.8053908355795149,0.8181818181818182,0.8210242587601079,0.812121212121212,0.8181818181818182,0.8181818181818182,0.8964187327823692,46,0.8363636363636363,26,0.7878787878787878,1.0,1.0,0.10142196577197621,"[[5, 0], [0, 3]]",1.0,1.0,1.0,0,0.0,0,0.0,1.0,0.373440654002055,1.0,1.0,1.0,1.0,1.0,1.0,1.0,1.0,1.0,1.0,1.0,5,1.0,3,1.0
0.5227272727272727,0.6883116883116883,"{""clf__C"": 0.40069130793659025, ""clf__gamma"": 0.0014899847475658245, ""clf__class_weight"": ""balanced""}",0.24583909440996157,"[[36, 41], [1, 10]]",valence,0.47707979626485564,0.5227272727272727,0.5929541595925296,1,0.09090909090909091,,41,0.5324675324675324,0.14720812182741116,0.6853759000648878,0.2523265953631013,subject_dependent,rbf_svm,0.972972972972973,0.19607843137254902,0.30497691134567834,0.584525702172761,0.5227272727272727,0.87586115527292,0.6883116883116883,0.5227272727272727,0.5227272727272727,0.7992916174734357,36,0.4675324675324675,10,0.9090909090909091,0.625,0.7857142857142857,0.22911355791470944,"[[4, 3], [0, 1]]",0.5636363636363637,0.625,0.6863636363636364,0,0.0,3,0.42857142857142855,0.25,0.6454183307308174,0.3779644730092272,1.0,0.25,0.5,0.625,0.625,0.90625,0.7857142857142857,0.625,0.625,0.8571428571428572,4,0.5714285714285714,1,1.0
0.6931818181818182,0.7242424242424242,"{""clf__C"": 13.411788774467905, ""clf__gamma"": 0.00026210878782654407, ""clf__class_weight"": ""balanced""}",0.20171110657047944,"[[33, 22], [5, 28]]",valence,0.6921881072677808,0.6931818181818182,0.6965604352895453,5,0.15151515151515152,,22,0.4,0.4065934065934066,0.597453868814611,0.4383381695417284,subject_dependent,rbf_svm,0.868421052631579,0.56,0.6457181951958251,0.7142105263157895,0.6931818181818182,0.7527631578947368,0.7242424242424242,0.6931818181818182,0.6931818181818182,0.7900826446280992,33,0.6,28,0.8484848484848485,0.875,0.9,0.15738910968254316,"[[4, 1], [0, 3]]",0.873015873015873,0.875,0.876984126984127,0,0.0,1,0.2,0.75,0.49715185663698475,0.7745966692414834,1.0,0.75,0.9166666666666666,0.875,0.875,0.90625,0.9,0.875,0.875,0.9333333333333333,4,0.8,3,1.0
0.7954545454545454,0.8242424242424242,"{""clf__C"": 0.4342298948286134, ""clf__gamma"": 0.0008179499475211679, ""clf__class_weight"": ""balanced""}",0.17977610141509495,"[[31, 2], [16, 39]]",valence,0.79375,0.7954545454545454,0.7984375,16,0.2909090909090909,,2,0.06060606060606061,0.5977653631284916,0.5384819269111197,0.6293573243853458,subject_dependent,rbf_svm,0.6595744680851063,0.9512195121951219,0.9608234617748584,0.8053969901401141,0.7954545454545454,0.8418526206538661,0.8242424242424242,0.7954545454545454,0.7954545454545454,0.9333333333333333,31,0.9393939393939394,39,0.7090909090909091,0.75,0.8,0.1701903625690858,"[[3, 0], [2, 3]]",0.75,0.75,0.75,2,0.4,0,0.0,0.5294117647058824,0.5207665275696656,0.6,0.6,1.0,1.0,0.8,0.75,0.85,0.8,0.75,0.75,1.0,3,1.0,3,0.6
0.5113636363636364,0.5363636363636364,"{""clf__C"": 7.709391232564023, ""clf__gamma"": 0.00026471141828218194, ""clf__class_weight"": null}",0.3307948050792654,"[[21, 12], [31, 24]]",valence,0.5107950872656755,0.5113636363636364,0.5149644473173886,31,0.5636363636363636,,12,0.36363636363636365,0.06521739130434778,0.9691292357320562,0.0716114874039433,subject_dependent,rbf_svm,0.40384615384615385,0.6666666666666666,0.6414577083997337,0.5352564102564102,0.5113636363636364,0.5681089743589743,0.5363636363636364,0.5113636363636364,0.5113636363636364,0.5316804407713499,21,0.6363636363636364,24,0.43636363636363634,0.625,0.6333333333333333,0.28670249592313335,"[[2, 1], [2, 3]]",0.6190476190476191,0.625,0.6309523809523809,2,0.4,1,0.3333333333333333,0.25,0.7926511140028675,0.2581988897471611,0.5,0.75,0.6683333333333333,0.625,0.625,0.65625,0.6333333333333333,0.625,0.625,0.5333333333333334,2,0.6666666666666666,3,0.6
0.5795454545454546,0.6136363636363635,"{""clf__C"": 0.40069130793659025, ""clf__gamma"": 0.0014899847475658245, ""clf__class_weight"": ""balanced""}",0.25079746678066955,"[[15, 7], [30, 36]]",valence,0.5541558263727235,0.5795454545454546,0.6073531425441601,30,0.45454545454545453,,7,0.3181818181818182,0.1685393258426966,0.707484515897196,0.19687480773953944,subject_dependent,rbf_svm,0.3333333333333333,0.8372093023255814,0.8369651629581091,0.5852713178294574,0.5795454545454546,0.7112403100775194,0.6136363636363635,0.5795454545454546,0.5795454545454546,0.5984848484848485,15,0.6818181818181818,36,0.5454545454545454,0.625,0.5833333333333333,0.2292717469672025,"[[1, 1], [2, 4]]",0.5636363636363637,0.625,0.6454545454545454,2,0.3333333333333333,1,0.5,0.1428571428571429,0.6451029501917145,0.14907119849998599,0.3333333333333333,0.8,0.8773809523809524,0.5666666666666667,0.625,0.6833333333333335,0.5833333333333333,0.625,0.625,0.5833333333333333,1,0.5,4,0.6666666666666666
0.4659090909090909,0.43333333333333335,"{""clf__C"": 0.9020715489795292, ""clf__gamma"": 0.0048275888720946784, ""clf__class_weight"": null}",0.3978403695296601,"[[10, 23], [24, 31]]",valence,0.4336574010680542,0.4659090909090909,0.467444885663426,24,0.43636363636363634,,23,0.696969696969697,-0.1325301204819278,1.2745298199940234,-0.132568613111401,subject_dependent,rbf_svm,0.29411764705882354,0.5740740740740741,0.6519578026200413,0.4340958605664488,0.4659090909090909,0.4690904139433551,0.43333333333333335,0.4659090909090909,0.4659090909090909,0.41763085399449035,10,0.30303030303030304,31,0.5636363636363636,0.375,0.3,0.35752141484713507,"[[0, 3], [2, 3]]",0.2727272727272727,0.375,0.3409090909090909,2,0.4,3,1.0,-0.4285714285714286,1.0190574680085949,-0.4472135954999579,0.0,0.5,0.6926190476190477,0.25,0.375,0.3125,0.3,0.375,0.375,0.4,0,0.0,3,0.6
0.5795454545454546,0.5075757575757576,"{""clf__C"": 160.49758307716223, ""clf__gamma"": 0.00018427970406864567, ""clf__class_weight"": null}",0.30866506321624915,"[[8, 14], [23, 43]]",valence,0.5005368921613744,0.5795454545454546,0.5998619420156466,23,0.3484848484848485,,14,0.6363636363636364,0.013333333333333308,1.0021908846549534,0.013734760723838819,subject_dependent,rbf_svm,0.25806451612903225,0.7543859649122807,0.7539802831790083,0.5062252405206564,0.5795454545454546,0.6303056027164686,0.5075757575757576,0.5795454545454546,0.5795454545454546,0.4820936639118457,8,0.36363636363636365,43,0.6515151515151515,0.625,0.5833333333333333,0.24940430340951553,"[[1, 1], [2, 4]]",0.5636363636363637,0.625,0.6454545454545454,2,0.3333333333333333,1,0.5,0.1428571428571429,0.7023815540731349,0.14907119849998599,0.3333333333333333,0.8,0.8555555555555556,0.5666666666666667,0.625,0.6833333333333335,0.5833333333333333,0.625,0.625,0.5833333333333334,1,0.5,4,0.6666666666666666
0.5795454545454546,0.4166666666666667,"{""clf__C"": 0.4342298948286134, ""clf__gamma"": 0.0008179499475211679, ""clf__class_weight"": ""balanced""}",0.2411367498516629,"[[2, 20], [17, 49]]",valence,0.411743450767841,0.5795454545454546,0.5688346883468834,17,0.25757575757575757,,20,0.9090909090909091,-0.17460317460317465,0.6823708259805079,-0.17540045351947794,subject_dependent,rbf_svm,0.10526315789473684,0.7101449275362319,0.6812241242929986,0.4077040427154844,0.5795454545454546,0.5589244851258581,0.4166666666666667,0.5795454545454546,0.5795454545454546,0.3746556473829201,2,0.09090909090909091,49,0.7424242424242424,0.625,0.4166666666666667,0.23047069098954254,"[[0, 2], [1, 5]]",0.38461538461538464,0.625,0.576923076923077,1,0.16666666666666666,2,1.0,-0.19999999999999996,0.6589822272422905,-0.2182178902359924,0.0,0.7142857142857143,0.6968253968253968,0.35714285714285715,0.625,0.5357142857142857,0.4166666666666667,0.625,0.625,0.3333333333333333,0,0.0,5,0.8333333333333334
0.6136363636363636,0.5064935064935066,"{""clf__C"": 0.40069130793659025, ""clf__gamma"": 0.0014899847475658245, ""clf__class_weight"": ""balanced""}",0.24707529802737033,"[[4, 7], [27, 50]]",valence,0.4683724235963042,0.6136363636363636,0.6767945984363896,27,0.35064935064935066,,7,0.6363636363636364,0.007299270072992692,0.6980983345815542,0.008991511524156837,subject_dependent,rbf_svm,0.12903225806451613,0.8771929824561403,0.8844602131478899,0.5031126202603282,0.6136363636363636,0.7836728919071874,0.5064935064935066,0.6136363636363636,0.6136363636363636,0.526564344746163,4,0.36363636363636365,50,0.6493506493506493,0.75,0.42857142857142855,0.23110665856251073,"[[0, 1], [1, 6]]",0.42857142857142855,0.75,0.75,1,0.14285714285714285,1,1.0,-0.1428571428571428,0.6581294135622386,-0.14285714285714285,0.0,0.8571428571428571,0.9379251700680272,0.42857142857142855,0.75,0.75,0.42857142857142855,0.75,0.75,0.5714285714285714,0,0.0,6,0.8571428571428571
0.4318181818181818,0.5909090909090908,"{""clf__C"": 13.411788774467905, ""clf__gamma"": 0.00026210878782654407, ""clf__class_weight"": ""balanced""}",0.3157898708894427,"[[20, 2], [48, 18]]",valence,0.4315245478036176,0.4318181818181818,0.42506459948320413,48,0.7272727272727273,,2,0.09090909090909091,0.1071428571428571,0.8988215657944228,0.18786728732554484,subject_dependent,rbf_svm,0.29411764705882354,0.9,0.8539096447216314,0.5970588235294118,0.4318181818181818,0.7485294117647059,0.5909090909090908,0.4318181818181818,0.4318181818181818,0.612258953168044,20,0.9090909090909091,18,0.2727272727272727,0.625,0.75,0.2785525187135936,"[[2, 0], [3, 3]]",0.6190476190476191,0.625,0.6428571428571428,3,0.5,0,0.0,0.33333333333333337,0.7670744040508625,0.4472135954999579,0.4,1.0,0.9305555555555556,0.7,0.625,0.85,0.75,0.625,0.625,0.75,2,1.0,3,0.5
0.6022727272727273,0.6022727272727273,"{""clf__C"": 235.1599274057192, ""clf__gamma"": 0.021154290797261225, ""clf__class_weight"": ""balanced""}",0.30305531605929836,"[[12, 32], [3, 41]]",valence,0.553817180935825,0.6022727272727273,0.553817180935825,3,0.06818181818181818,,32,0.7272727272727273,0.20454545454545459,0.9601539525708276,0.27197904834697473,subject_dependent,rbf_svm,0.8,0.5616438356164384,0.6232858579672537,0.6808219178082192,0.6022727272727273,0.6808219178082192,0.6022727272727273,0.6022727272727273,0.6022727272727273,0.6544421487603306,12,0.2727272727272727,41,0.9318181818181818,0.75,0.75,0.23693246556477882,"[[2, 2], [0, 4]]",0.7333333333333334,0.75,0.7333333333333334,0,0.0,2,0.5,0.5,0.6830705257081626,0.5773502691896258,1.0,0.6666666666666666,0.8166666666666667,0.8333333333333333,0.75,0.8333333333333333,0.75,0.75,0.75,0.75,2,0.5,4,1.0
0.4318181818181818,0.4242424242424242,"{""clf__C"": 160.49758307716223, ""clf__gamma"": 0.00018427970406864567, ""clf__class_weight"": null}",0.41415056926978056,"[[13, 20], [30, 25]]",valence,0.42105263157894735,0.4318181818181818,0.44078947368421056,30,0.5454545454545454,,20,0.6060606060606061,-0.1428571428571428,1.2650275048936381,-0.1467418177209373,subject_dependent,rbf_svm,0.3023255813953488,0.5555555555555556,0.6129848066728032,0.4289405684754522,0.4318181818181818,0.46059431524547806,0.4242424242424242,0.4318181818181818,0.4318181818181818,0.42975206611570244,13,0.3939393939393939,25,0.45454545454545453,0.625,0.6333333333333333,0.327782793748176,"[[2, 1], [2, 3]]",0.6190476190476191,0.625,0.6309523809523809,2,0.4,1,0.3333333333333333,0.25,0.8894469602623499,0.2581988897471611,0.5,0.75,0.6226190476190476,0.625,0.625,0.65625,0.6333333333333333,0.625,0.625,0.4,2,0.6666666666666666,3,0.6
0.5,0.4484848484848485,"{""clf__C"": 1.351144633701368, ""clf__gamma"": 0.015446089075047083, ""clf__class_weight"": ""balanced""}",0.37372611414123846,"[[8, 25], [19, 36]]",valence,0.44367816091954027,0.5,0.4879310344827586,19,0.34545454545454546,,25,0.7575757575757576,-0.10691823899371067,1.0862209780614267,-0.1081574631481751,subject_dependent,rbf_svm,0.2962962962962963,0.5901639344262295,0.5567827983881272,0.4432301153612629,0.5,0.47996357012750457,0.4484848484848485,0.5,0.5,0.36694214876033054,8,0.24242424242424243,36,0.6545454545454545,0.5,0.4666666666666667,0.31007704060080493,"[[1, 2], [2, 3]]",0.4666666666666667,0.5,0.5,2,0.4,2,0.6666666666666666,-0.06666666666666665,0.833507492048677,-0.06666666666666667,0.3333333333333333,0.6,0.525952380952381,0.4666666666666667,0.5,0.5,0.4666666666666667,0.5,0.5,0.2,1,0.3333333333333333,3,0.6
0.4659090909090909,0.4659090909090909,"{""clf__C"": 32.32518791282502, ""clf__gamma"": 0.0005104518230902811, ""clf__class_weight"": ""balanced""}",0.3569011828653776,"[[24, 20], [27, 17]]",valence,0.46250812215724496,0.4659090909090909,0.46250812215724496,27,0.6136363636363636,,20,0.45454545454545453,-0.06818181818181812,1.0204740678144424,-0.06906138832741963,subject_dependent,rbf_svm,0.47058823529411764,0.4594594594594595,0.5844999597729812,0.4650238473767886,0.4659090909090909,0.46502384737678865,0.4659090909090909,0.4659090909090909,0.4659090909090909,0.49121900826446285,24,0.5454545454545454,17,0.38636363636363635,0.5,0.5,0.28188142355661006,"[[2, 2], [2, 2]]",0.5,0.5,0.5,2,0.5,2,0.5,0.0,0.76362622473034,0.0,0.5,0.5,0.65,0.5,0.5,0.5,0.5,0.5,0.5,0.5,2,0.5,2,0.5
0.5568181818181818,0.4166666666666667,"{""clf__C"": 48.43827864278568, ""clf__gamma"": 0.00039459088111000007, ""clf__class_weight"": ""balanced""}",0.2950846883992185,"[[46, 20], [19, 3]]",valence,0.41781170483460556,0.5568181818181818,0.5600508905852416,19,0.8636363636363636,,20,0.30303030303030304,-0.16417910447761197,0.8343318732468784,-0.16425230069367708,subject_dependent,rbf_svm,0.7076923076923077,0.13043478260869565,0.2024611506906237,0.4190635451505017,0.5568181818181818,0.5633779264214047,0.4166666666666667,0.5568181818181818,0.5568181818181818,0.38154269972451793,46,0.696969696969697,3,0.13636363636363635,0.5,0.3333333333333333,0.27092283756200397,"[[4, 2], [2, 0]]",0.3333333333333333,0.5,0.5,2,1.0,2,0.3333333333333333,-0.33333333333333326,0.7409969049585022,-0.3333333333333333,0.6666666666666666,0.0,0.26666666666666666,0.3333333333333333,0.5,0.5,0.3333333333333333,0.5,0.5,0.33333333333333337,4,0.6666666666666666,0,0.0
0.7045454545454546,0.6363636363636364,"{""clf__C"": 13.411788774467905, ""clf__gamma"": 0.00026210878782654407, ""clf__class_weight"": ""balanced""}",0.19146389398838817,"[[51, 15], [11, 11]]",valence,0.6276041666666666,0.7045454545454546,0.7122395833333333,11,0.5,,15,0.22727272727272727,0.2571428571428571,0.5576700511622245,0.25883878884437284,subject_dependent,rbf_svm,0.8225806451612904,0.4230769230769231,0.4189450270225807,0.6228287841191067,0.7045454545454546,0.7227047146401986,0.6363636363636364,0.7045454545454546,0.7045454545454546,0.731404958677686,51,0.7727272727272727,11,0.5,0.75,0.6666666666666667,0.16505137375556933,"[[5, 1], [1, 1]]",0.6666666666666667,0.75,0.75,1,0.5,1,0.16666666666666666,0.33333333333333337,0.5085940050458088,0.3333333333333333,0.8333333333333334,0.5,0.5833333333333333,0.6666666666666667,0.75,0.75,0.6666666666666667,0.75,0.75,0.8333333333333334,5,0.8333333333333334,1,0.5
0.6477272727272727,0.6136363636363635,"{""clf__C"": 64.69870699850829, ""clf__gamma"": 0.0008200518402245837, ""clf__class_weight"": null}",0.2313880559419551,"[[12, 10], [21, 45]]",valence,0.5900826446280991,0.6477272727272727,0.6669421487603305,21,0.3181818181818182,,10,0.45454545454545453,0.19480519480519476,0.6754896067883457,0.20327890704543541,subject_dependent,rbf_svm,0.36363636363636365,0.8181818181818182,0.8333999668970049,0.5909090909090909,0.6477272727272727,0.7045454545454546,0.6136363636363635,0.6477272727272727,0.6477272727272727,0.6804407713498624,12,0.5454545454545454,45,0.6818181818181818,0.75,0.6666666666666667,0.1881563633315395,"[[1, 1], [1, 5]]",0.6666666666666667,0.75,0.75,1,0.16666666666666666,1,0.5,0.33333333333333337,0.5521535550006265,0.3333333333333333,0.5,0.8333333333333334,0.8734126984126984,0.6666666666666667,0.75,0.75,0.6666666666666667,0.75,0.75,0.6666666666666666,1,0.5,5,0.8333333333333334
0.7386363636363636,0.6439393939393939,"{""clf__C"": 48.43827864278568, ""clf__gamma"": 0.00039459088111000007, ""clf__class_weight"": ""balanced""}",0.1865317656910997,"[[55, 11], [12, 10]]",valence,0.6460919741213499,0.7386363636363636,0.7365798216471411,12,0.5454545454545454,,11,0.16666666666666666,0.29230769230769227,0.5814422887187093,0.2924461611417531,subject_dependent,rbf_svm,0.8208955223880597,0.47619047619047616,0.47059322503009754,0.648542999289268,0.7386363636363636,0.7347192608386639,0.6439393939393939,0.7386363636363636,0.7386363636363636,0.7510330578512397,55,0.8333333333333334,10,0.45454545454545453,0.75,0.6666666666666667,0.15201752713763955,"[[5, 1], [1, 1]]",0.6666666666666667,0.75,0.75,1,0.5,1,0.16666666666666666,0.33333333333333337,0.4780501591161876,0.3333333333333333,0.8333333333333334,0.5,0.5833333333333333,0.6666666666666667,0.75,0.75,0.6666666666666667,0.75,0.75,0.8333333333333334,5,0.8333333333333334,1,0.5
0.5,0.5606060606060606,"{""clf__C"": 243.14537412227003, ""clf__gamma"": 0.0004992453416923984, ""clf__class_weight"": ""balanced""}",0.35423388143381107,"[[15, 7], [37, 29]]",valence,0.4870164281928988,0.5,0.5278219395866455,37,0.5606060606060606,,7,0.3181818181818182,0.08333333333333337,1.056602447618814,0.10675210253672476,subject_dependent,rbf_svm,0.28846153846153844,0.8055555555555556,0.8052205393120149,0.5470085470085471,0.5,0.6762820512820513,0.5606060606060606,0.5,0.5,0.5440771349862259,15,0.6818181818181818,29,0.4393939393939394,0.375,0.5833333333333334,0.29261824806560943,"[[2, 0], [5, 1]]",0.36507936507936506,0.375,0.32539682539682535,5,0.8333333333333334,0,0.0,0.09090909090909094,0.7861679604171095,0.2182178902359924,0.2857142857142857,1.0,0.8,0.6428571428571428,0.375,0.8214285714285714,0.5833333333333334,0.375,0.375,0.5,2,1.0,1,0.16666666666666666
0.5,0.6212121212121212,"{""clf__C"": 262.30889101079146, ""clf__gamma"": 0.0025135566617708314, ""clf__class_weight"": null}",0.36958648543673434,"[[25, 41], [3, 19]]",valence,0.49766476388168135,0.5,0.5147898287493513,3,0.13636363636363635,,41,0.6212121212121212,0.15384615384615385,1.1316924926160132,0.22537446792760443,subject_dependent,rbf_svm,0.8928571428571429,0.31666666666666665,0.42037870549888945,0.6047619047619048,0.5,0.7488095238095238,0.6212121212121212,0.5,0.5,0.6694214876033058,25,0.3787878787878788,19,0.8636363636363636,0.375,0.5833333333333334,0.3192455913447555,"[[1, 5], [0, 2]]",0.36507936507936506,0.375,0.32539682539682535,0,0.0,5,0.8333333333333334,0.09090909090909094,0.8507723258843577,0.2182178902359924,1.0,0.2857142857142857,0.7,0.6428571428571428,0.375,0.8214285714285714,0.5833333333333334,0.375,0.375,0.75,1,0.16666666666666666,2,1.0
0.375,0.30606060606060603,"{""clf__C"": 0.40069130793659025, ""clf__gamma"": 0.0014899847475658245, ""clf__class_weight"": ""balanced""}",0.3359939169205295,"[[32, 23], [32, 1]]",valence,0.2864514226743329,0.375,0.3492923485183547,32,0.9696969696969697,,23,0.41818181818181815,-0.41025641025641035,0.8934541291387821,-0.4216370213557839,subject_dependent,rbf_svm,0.5,0.041666666666666664,0.28198055277667883,0.2708333333333333,0.375,0.328125,0.30606060606060603,0.375,0.375,0.3143250688705234,32,0.5818181818181818,1,0.030303030303030304,0.5,0.5333333333333333,0.33146701104198617,"[[2, 3], [1, 2]]",0.5,0.5,0.5,1,0.3333333333333333,3,0.6,0.05882352941176472,0.8778636728400826,0.06666666666666667,0.6666666666666666,0.4,0.38333333333333336,0.5333333333333333,0.5,0.5666666666666667,0.5333333333333333,0.5,0.5,0.4,2,0.4,2,0.6666666666666666
0.5568181818181818,0.5378787878787878,"{""clf__C"": 48.43827864278568, ""clf__gamma"": 0.00039459088111000007, ""clf__class_weight"": ""balanced""}",0.24674443292117199,"[[11, 11], [28, 38]]",valence,0.5107626514611546,0.5568181818181818,0.585816108339273,28,0.42424242424242425,,11,0.5,0.06024096385542166,0.6943420879913816,0.06603573764586061,subject_dependent,rbf_svm,0.28205128205128205,0.7755102040816326,0.8232610758278338,0.5287807430664573,0.5568181818181818,0.652145473574045,0.5378787878787878,0.5568181818181818,0.5568181818181818,0.5640495867768596,11,0.5,38,0.5757575757575758,0.75,0.6666666666666667,0.21772609479492605,"[[1, 1], [1, 5]]",0.6666666666666667,0.75,0.75,1,0.16666666666666666,1,0.5,0.33333333333333337,0.6253147034325361,0.3333333333333333,0.5,0.8333333333333334,0.8555555555555556,0.6666666666666667,0.75,0.75,0.6666666666666667,0.75,0.75,0.5833333333333334,1,0.5,5,0.8333333333333334
0.38636363636363635,0.37575757575757573,"{""clf__C"": 0.6351054340728711, ""clf__gamma"": 0.0005285382203816729, ""clf__class_weight"": ""balanced""}",0.33357023204126357,"[[23, 32], [22, 11]]",valence,0.37473684210526315,0.38636363636363635,0.3960526315789474,22,0.6666666666666666,,32,0.5818181818181818,-0.2342857142857142,0.877311305761203,-0.24065658106233717,subject_dependent,rbf_svm,0.5111111111111111,0.2558139534883721,0.4258689280287554,0.3834625322997416,0.38636363636363635,0.4153746770025839,0.37575757575757573,0.38636363636363635,0.38636363636363635,0.39228650137741045,23,0.41818181818181815,11,0.3333333333333333,0.25,0.3333333333333333,0.32944300018845496,"[[0, 5], [1, 2]]",0.2,0.25,0.15000000000000002,1,0.3333333333333333,5,1.0,-0.26315789473684204,0.8624572613871234,-0.4879500364742666,0.0,0.2857142857142857,0.5694444444444444,0.14285714285714285,0.25,0.10714285714285714,0.3333333333333333,0.25,0.25,0.39999999999999997,0,0.0,2,0.6666666666666666
0.5568181818181818,0.5787878787878787,"{""clf__C"": 48.43827864278568, ""clf__gamma"": 0.00039459088111000007, ""clf__class_weight"": ""balanced""}",0.25463324224934764,"[[22, 11], [28, 27]]",valence,0.5553828216090168,0.5568181818181818,0.5616984065293432,28,0.509090909090909,,11,0.3333333333333333,0.1428571428571429,0.708205310855213,0.154010708217364,subject_dependent,rbf_svm,0.44,0.7105263157894737,0.6926219074897919,0.5752631578947368,0.5568181818181818,0.609078947368421,0.5787878787878787,0.5568181818181818,0.5568181818181818,0.6022038567493113,22,0.6666666666666666,27,0.4909090909090909,0.875,0.9,0.22262456355421714,"[[3, 0], [1, 4]]",0.873015873015873,0.875,0.876984126984127,1,0.2,0,0.0,0.75,0.6381532919493601,0.7745966692414834,0.75,1.0,0.9428571428571428,0.875,0.875,0.90625,0.9,0.875,0.875,0.8666666666666667,3,1.0,4,0.8
0.5454545454545454,0.6242424242424243,"{""clf__C"": 243.14537412227003, ""clf__gamma"": 0.0004992453416923984, ""clf__class_weight"": ""balanced""}",0.3366310376378511,"[[17, 38], [2, 31]]",valence,0.5336512983571807,0.5454545454545454,0.5151033386327504,2,0.06060606060606061,,38,0.6909090909090909,0.20398009950248752,1.054828271146119,0.29237274239104805,subject_dependent,rbf_svm,0.8947368421052632,0.4492753623188406,0.6817845428390703,0.6720061022120518,0.5454545454545454,0.7276887871853547,0.6242424242424243,0.5454545454545454,0.5454545454545454,0.762534435261708,17,0.3090909090909091,31,0.9393939393939394,0.5,0.6,0.3056310858836811,"[[1, 4], [0, 3]]",0.4666666666666667,0.5,0.4333333333333333,0,0.0,4,0.8,0.1578947368421053,0.8137177145419414,0.29277002188455997,1.0,0.42857142857142855,0.8666666666666667,0.7142857142857143,0.5,0.7857142857142857,0.6,0.5,0.5,0.8666666666666667,1,0.2,3,1.0
0.5113636363636364,0.5984848484848485,"{""clf__C"": 243.14537412227003, ""clf__gamma"": 0.0004992453416923984, ""clf__class_weight"": ""balanced""}",0.34367811958803296,"[[28, 38], [5, 17]]",valence,0.5036075036075036,0.5113636363636364,0.5346320346320346,5,0.22727272727272727,,38,0.5757575757575758,0.13131313131313127,1.917573949448053,0.1761750527727107,subject_dependent,rbf_svm,0.8484848484848485,0.3090909090909091,0.3943580010699871,0.5787878787878789,0.5113636363636364,0.7136363636363636,0.5984848484848485,0.5113636363636364,0.5113636363636364,0.6900826446280992,28,0.42424242424242425,17,0.7727272727272727,0.625,0.75,0.27892293431363924,"[[3, 3], [0, 2]]",0.6190476190476191,0.625,0.6428571428571428,0,0.0,3,0.5,0.33333333333333337,0.770528484177807,0.4472135954999579,1.0,0.4,0.7,0.7,0.625,0.85,0.75,0.625,0.625,0.75,3,0.5,2,1.0
0.48863636363636365,0.48863636363636365,"{""clf__C"": 0.21466070134458173, ""clf__gamma"": 0.0012955517240662183, ""clf__class_weight"": ""balanced""}",0.30807576434527434,"[[19, 25], [20, 24]]",valence,0.4869801787796346,0.48863636363636365,0.4869801787796347,20,0.45454545454545453,,25,0.5681818181818182,-0.022727272727272707,0.8353939094580454,-0.022875450543583874,subject_dependent,rbf_svm,0.48717948717948717,0.4897959183673469,0.5754857213239518,0.488487702773417,0.48863636363636365,0.488487702773417,0.48863636363636365,0.48863636363636365,0.48863636363636365,0.4958677685950413,19,0.4318181818181818,24,0.5454545454545454,0.5,0.5,0.29314535611140835,"[[1, 3], [1, 3]]",0.4666666666666667,0.5,0.4666666666666667,1,0.25,3,0.75,0.0,0.7885460739920171,0.0,0.5,0.5,0.625,0.5,0.5,0.5,0.5,0.5,0.5,0.4375,1,0.25,3,0.75
0.48863636363636365,0.48863636363636365,"{""clf__C"": 166.2878326769575, ""clf__gamma"": 0.008979064194712979, ""clf__class_weight"": ""balanced""}",0.3643842569591195,"[[21, 23], [22, 22]]",valence,0.4885703215807826,0.48863636363636365,0.4885703215807826,22,0.5,,23,0.5227272727272727,-0.022727272727272707,1.1059025102294797,-0.022733144649015786,subject_dependent,rbf_svm,0.4883720930232558,0.4888888888888889,0.47513173441500206,0.48863049095607236,0.48863636363636365,0.4886304909560723,0.48863636363636365,0.48863636363636365,0.48863636363636365,0.49173553719008267,21,0.4772727272727273,22,0.5,0.5,0.5,0.3063670203316966,"[[2, 2], [2, 2]]",0.5,0.5,0.5,2,0.5,2,0.5,0.0,0.8297011076771634,0.0,0.5,0.5,0.5249999999999999,0.5,0.5,0.5,0.5,0.5,0.5,0.5,2,0.5,2,0.5
0.625,0.625,"{""clf__C"": 166.2878326769575, ""clf__gamma"": 0.008979064194712979, ""clf__class_weight"": ""balanced""}",0.29186812197365697,"[[28, 16], [17, 27]]",valence,0.6249515691592407,0.625,0.6249515691592407,17,0.38636363636363635,,16,0.36363636363636365,0.25,0.9860791575735335,0.2500645911391736,subject_dependent,rbf_svm,0.6222222222222222,0.627906976744186,0.6864709753264673,0.6250645994832041,0.625,0.6250645994832041,0.625,0.625,0.625,0.6528925619834711,28,0.6363636363636364,27,0.6136363636363636,0.625,0.625,0.1953412150443325,"[[3, 1], [2, 2]]",0.6190476190476191,0.625,0.6190476190476191,2,0.5,1,0.25,0.25,0.5701832050865212,0.2581988897471611,0.6,0.6666666666666666,0.7928571428571428,0.6333333333333333,0.625,0.6333333333333333,0.625,0.625,0.625,0.6875,3,0.75,2,0.5
0.625,0.5,"{""clf__C"": 0.34866781670451225, ""clf__gamma"": 0.00014936568554617635, ""clf__class_weight"": ""balanced""}",0.33345815430795317,"[[0, 33], [0, 55]]",valence,0.38461538461538464,0.625,0.4807692307692308,0,0.0,,33,1.0,0.0,0.8708067714907292,0.0,subject_dependent,rbf_svm,0.0,0.625,0.7230260869387095,0.3125,0.625,0.390625,0.5,0.625,0.625,0.5641873278236915,0,0.0,55,1.0,0.375,0.5,0.3334581402013029,"[[3, 0], [5, 0]]",0.2727272727272727,0.375,0.20454545454545453,5,1.0,0,0.0,0.0,0.8708067148091921,0.0,0.375,0.0,0.8261904761904763,0.1875,0.375,0.140625,0.5,0.375,0.375,0.6666666666666667,3,1.0,0,0.0
0.5909090909090909,0.5454545454545454,"{""clf__C"": 13.411788774467905, ""clf__gamma"": 0.00026210878782654407, ""clf__class_weight"": ""balanced""}",0.22117981150615496,"[[42, 24], [12, 10]]",valence,0.5285714285714286,0.5909090909090909,0.6142857142857142,12,0.5454545454545454,,24,0.36363636363636365,0.07692307692307687,0.635124434830331,0.08084520834544433,subject_dependent,rbf_svm,0.7777777777777778,0.29411764705882354,0.362612236963582,0.5359477124183006,0.5909090909090909,0.6568627450980392,0.5454545454545454,0.5909090909090909,0.5909090909090909,0.5654269972451791,42,0.6363636363636364,10,0.45454545454545453,0.625,0.4166666666666667,0.2013585824190829,"[[5, 1], [2, 0]]",0.38461538461538464,0.625,0.576923076923077,2,1.0,1,0.16666666666666666,-0.19999999999999996,0.5928333346955523,-0.2182178902359924,0.7142857142857143,0.0,0.5,0.35714285714285715,0.625,0.5357142857142857,0.4166666666666667,0.625,0.625,0.7500000000000001,5,0.8333333333333334,0,0.0
0.625,0.5,"{""clf__C"": 2.2463533171675794, ""clf__gamma"": 0.0006516990611177178, ""clf__class_weight"": null}",0.2747155830581091,"[[55, 0], [33, 0]]",valence,0.38461538461538464,0.625,0.4807692307692308,33,1.0,,0,0.0,0.0,0.7599319673134084,0.0,subject_dependent,rbf_svm,0.625,0.0,0.36245130865621544,0.3125,0.625,0.390625,0.5,0.625,0.625,0.5005509641873278,55,1.0,0,0.0,0.5,0.4,0.2601490180118964,"[[4, 1], [3, 0]]",0.3333333333333333,0.5,0.41666666666666663,3,1.0,1,0.2,-0.23076923076923084,0.7108572821924649,-0.29277002188455997,0.5714285714285714,0.0,0.4666666666666667,0.2857142857142857,0.5,0.3571428571428571,0.4,0.5,0.5,0.5333333333333333,4,0.8,0,0.0
0.36363636363636365,0.4121212121212121,"{""clf__C"": 243.14537412227003, ""clf__gamma"": 0.0004992453416923984, ""clf__class_weight"": ""balanced""}",0.46508840443726274,"[[20, 13], [43, 12]]",valence,0.35833333333333334,0.36363636363636365,0.34375,43,0.7818181818181819,,13,0.3939393939393939,-0.14871794871794863,1.4805103878807098,-0.18867401410338308,subject_dependent,rbf_svm,0.31746031746031744,0.48,0.5643349728170192,0.3987301587301587,0.36363636363636365,0.419047619047619,0.4121212121212121,0.36363636363636365,0.36363636363636365,0.42424242424242425,20,0.6060606060606061,12,0.21818181818181817,0.375,0.5,0.4154261870822943,"[[3, 0], [5, 0]]",0.2727272727272727,0.375,0.20454545454545453,5,1.0,0,0.0,0.0,1.1240662175314062,0.0,0.375,0.0,0.525952380952381,0.1875,0.375,0.140625,0.5,0.375,0.375,0.2,3,1.0,0,0.0
0.5795454545454546,0.5181818181818182,"{""clf__C"": 53.72198163554894, ""clf__gamma"": 0.0003972110727381913, ""clf__class_weight"": null}",0.28557656287390143,"[[42, 13], [24, 9]]",valence,0.5107438016528926,0.5795454545454546,0.556611570247934,24,0.7272727272727273,,13,0.23636363636363636,0.038961038961038974,0.8192336504392635,0.040655781409087086,subject_dependent,rbf_svm,0.6363636363636364,0.4090909090909091,0.36729956286266074,0.5227272727272727,0.5795454545454546,0.5511363636363636,0.5181818181818182,0.5795454545454546,0.5795454545454546,0.4578512396694215,42,0.7636363636363637,9,0.2727272727272727,0.5,0.4,0.2571035776256121,"[[4, 1], [3, 0]]",0.3333333333333333,0.5,0.41666666666666663,3,1.0,1,0.2,-0.23076923076923084,0.7152775094398067,-0.29277002188455997,0.5714285714285714,0.0,0.5138888888888888,0.2857142857142857,0.5,0.3571428571428571,0.4,0.5,0.5,0.5333333333333333,4,0.8,0,0.0
0.42045454545454547,0.4318181818181818,"{""clf__C"": 5.2117930643778205, ""clf__gamma"": 0.0036999724314638123, ""clf__class_weight"": null}",0.4399416616885119,"[[10, 12], [39, 27]]",valence,0.39798792756539236,0.42045454545454547,0.45613682092555324,39,0.5909090909090909,,12,0.5454545454545454,-0.09677419354838701,1.588511960301041,-0.11886432776254909,subject_dependent,rbf_svm,0.20408163265306123,0.6923076923076923,0.6924879353016298,0.44819466248037676,0.42045454545454547,0.5702511773940345,0.4318181818181818,0.42045454545454547,0.42045454545454547,0.3939393939393939,10,0.45454545454545453,27,0.4090909090909091,0.25,0.3333333333333333,0.37239931415310606,"[[1, 1], [5, 1]]",0.25,0.25,0.25,5,0.8333333333333334,1,0.5,-0.19999999999999996,0.9810420757457676,-0.3333333333333333,0.16666666666666666,0.5,0.8,0.3333333333333333,0.25,0.4166666666666667,0.3333333333333333,0.25,0.25,0.5,1,0.5,1,0.16666666666666666
0.5795454545454546,0.5795454545454546,"{""clf__C"": 34.26465148409954, ""clf__gamma"": 0.020597335357437203, ""clf__class_weight"": null}",0.32534568443614237,"[[34, 10], [27, 17]]",valence,0.5632461435278336,0.5795454545454546,0.5632461435278336,27,0.6136363636363636,,10,0.22727272727272727,0.15909090909090906,1.1551689008573078,0.17248496322273366,subject_dependent,rbf_svm,0.5573770491803278,0.6296296296296297,0.585881234675547,0.5935033394049787,0.5795454545454546,0.5935033394049788,0.5795454545454546,0.5795454545454546,0.5795454545454546,0.5408057851239669,34,0.7727272727272727,17,0.38636363636363635,0.625,0.625,0.2645486339404287,"[[3, 1], [2, 2]]",0.6190476190476191,0.625,0.6190476190476191,2,0.5,1,0.25,0.25,0.740949403008968,0.2581988897471611,0.6,0.6666666666666666,0.75,0.6333333333333333,0.625,0.6333333333333333,0.625,0.625,0.625,0.5625,3,0.75,2,0.5
0.7386363636363636,0.42207792207792205,"{""clf__C"": 5.2117930643778205, ""clf__gamma"": 0.0036999724314638123, ""clf__class_weight"": null}",0.21252282527045913,"[[0, 11], [12, 65]]",valence,0.42483660130718953,0.7386363636363636,0.7434640522875817,12,0.15584415584415584,,11,1.0,-0.1499999999999999,0.8107807345279086,-0.15018785229652767,subject_dependent,rbf_svm,0.0,0.8552631578947368,0.7953726919948659,0.4276315789473684,0.7386363636363636,0.7483552631578948,0.42207792207792205,0.7386363636363636,0.7386363636363636,0.3022432113341204,0,0.0,65,0.8441558441558441,0.75,0.42857142857142855,0.175037539917139,"[[0, 1], [1, 6]]",0.42857142857142855,0.75,0.75,1,0.14285714285714285,1,1.0,-0.1428571428571428,0.5473006090771415,-0.14285714285714285,0.0,0.8571428571428571,0.8260204081632654,0.42857142857142855,0.75,0.75,0.42857142857142855,0.75,0.75,0.14285714285714285,0,0.0,6,0.8571428571428571
0.5340909090909091,0.5340909090909091,"{""clf__C"": 13.411788774467905, ""clf__gamma"": 0.00026210878782654407, ""clf__class_weight"": ""balanced""}",0.3067110053964236,"[[12, 32], [9, 35]]",valence,0.49993069993069994,0.5340909090909091,0.4999306999307,9,0.20454545454545456,,32,0.7272727272727273,0.06818181818181823,0.8608605693349215,0.07997867519620917,subject_dependent,rbf_svm,0.5714285714285714,0.5223880597014925,0.48713415517035863,0.5469083155650319,0.5340909090909091,0.5469083155650319,0.5340909090909091,0.5340909090909091,0.5340909090909091,0.509297520661157,12,0.2727272727272727,35,0.7954545454545454,0.5,0.5,0.28821751377356875,"[[1, 3], [1, 3]]",0.4666666666666667,0.5,0.4666666666666667,1,0.25,3,0.75,0.0,0.7898657792416433,0.0,0.5,0.5,0.5845238095238094,0.5,0.5,0.5,0.5,0.5,0.5,0.5625,1,0.25,3,0.75
0.6136363636363636,0.6060606060606061,"{""clf__C"": 13.411788774467905, ""clf__gamma"": 0.00026210878782654407, ""clf__class_weight"": ""balanced""}",0.2277705925883799,"[[35, 20], [14, 19]]",valence,0.6004273504273505,0.6136363636363636,0.6185897435897437,14,0.42424242424242425,,20,0.36363636363636365,0.20467836257309946,0.6385497883481146,0.20672455764868075,subject_dependent,rbf_svm,0.7142857142857143,0.48717948717948717,0.628059434393933,0.6007326007326007,0.6136363636363636,0.6291208791208791,0.6060606060606061,0.6136363636363636,0.6136363636363636,0.7008264462809917,35,0.6363636363636364,19,0.5757575757575758,0.625,0.6333333333333333,0.20908154770317638,"[[3, 2], [1, 2]]",0.6190476190476191,0.625,0.6309523809523809,1,0.3333333333333333,2,0.4,0.25,0.5962246358842882,0.2581988897471611,0.75,0.5,0.7,0.625,0.625,0.65625,0.6333333333333333,0.625,0.625,0.7333333333333333,3,0.6,2,0.6666666666666666
0.5,0.5151515151515151,"{""clf__C"": 243.14537412227003, ""clf__gamma"": 0.0004992453416923984, ""clf__class_weight"": ""balanced""}",0.4157261604171069,"[[25, 30], [14, 19]]",valence,0.49766476388168135,0.5,0.5062272963155163,14,0.42424242424242425,,30,0.5454545454545454,0.027624309392265234,2.6995217203855764,0.029532079664097252,subject_dependent,rbf_svm,0.6410256410256411,0.3877551020408163,0.3908429929832582,0.5143903715332288,0.5,0.5460491889063319,0.5151515151515151,0.5,0.5,0.5151515151515151,25,0.45454545454545453,19,0.5757575757575758,0.5,0.5333333333333333,0.3476975253717148,"[[2, 3], [1, 2]]",0.5,0.5,0.5,1,0.3333333333333333,3,0.6,0.05882352941176472,1.0204521054689804,0.06666666666666667,0.6666666666666666,0.4,0.5138888888888888,0.5333333333333333,0.5,0.5666666666666667,0.5333333333333333,0.5,0.5,0.5333333333333333,2,0.4,2,0.6666666666666666
0.38636363636363635,0.5606060606060606,"{""clf__C"": 166.2878326769575, ""clf__gamma"": 0.008979064194712979, ""clf__class_weight"": ""balanced""}",0.5066317248635481,"[[14, 52], [2, 20]]",valence,0.3834976647638817,0.38636363636363635,0.36248053969901406,2,0.09090909090909091,,52,0.7878787878787878,0.06896551724137934,2.457210786640414,0.13608276348795434,subject_dependent,rbf_svm,0.875,0.2777777777777778,0.2223740448932491,0.5763888888888888,0.38636363636363635,0.7256944444444445,0.5606060606060606,0.38636363636363635,0.38636363636363635,0.46143250688705234,14,0.21212121212121213,20,0.9090909090909091,0.375,0.5833333333333334,0.47218732307744765,"[[1, 5], [0, 2]]",0.36507936507936506,0.375,0.32539682539682535,0,0.0,5,0.8333333333333334,0.09090909090909094,1.7263668190924202,0.2182178902359924,1.0,0.2857142857142857,0.3333333333333333,0.6428571428571428,0.375,0.8214285714285714,0.5833333333333334,0.375,0.375,0.5,1,0.16666666666666666,2,1.0
0.45454545454545453,0.5303030303030303,"{""clf__C"": 5.2117930643778205, ""clf__gamma"": 0.0036999724314638123, ""clf__class_weight"": null}",0.4659979990952287,"[[25, 41], [7, 15]]",valence,0.4474097331240189,0.45454545454545453,0.478806907378336,7,0.3181818181818182,,41,0.6212121212121212,0.040000000000000036,1.7910727698001865,0.0545544725589981,subject_dependent,rbf_svm,0.78125,0.26785714285714285,0.24873161464978283,0.5245535714285714,0.45454545454545453,0.6529017857142857,0.5303030303030303,0.45454545454545453,0.45454545454545453,0.46556473829201095,25,0.3787878787878788,15,0.6818181818181818,0.5,0.5,0.39218279584354043,"[[3, 3], [1, 1]]",0.4666666666666667,0.5,0.5333333333333333,1,0.5,3,0.5,0.0,1.234126499099269,0.0,0.75,0.25,0.30952380952380953,0.5,0.5,0.625,0.5,0.5,0.5,0.41666666666666663,3,0.5,1,0.5
0.5227272727272727,0.5227272727272727,"{""clf__C"": 243.14537412227003, ""clf__gamma"": 0.0004992453416923984, ""clf__class_weight"": ""balanced""}",0.3879116913870021,"[[35, 9], [33, 11]]",valence,0.484375,0.5227272727272727,0.484375,33,0.75,,9,0.20454545454545456,0.045454545454545414,1.6269920845939383,0.05423261445466404,subject_dependent,rbf_svm,0.5147058823529411,0.55,0.5437047328377056,0.5323529411764706,0.5227272727272727,0.5323529411764706,0.5227272727272727,0.5227272727272727,0.5227272727272727,0.5666322314049588,35,0.7954545454545454,11,0.25,0.375,0.375,0.3289050756378782,"[[3, 1], [4, 0]]",0.2727272727272727,0.375,0.2727272727272727,4,1.0,1,0.25,-0.25,1.0915470372368143,-0.3779644730092272,0.42857142857142855,0.0,0.6041666666666666,0.21428571428571427,0.375,0.21428571428571427,0.375,0.375,0.375,0.5625,3,0.75,0,0.0
0.32954545454545453,0.3303030303030303,"{""clf__C"": 12.957079329680445, ""clf__gamma"": 0.00032476735706274504, ""clf__class_weight"": null}",0.4774897002175248,"[[11, 22], [37, 18]]",valence,0.32527615334632876,0.32954545454545453,0.3386939571150097,37,0.6727272727272727,,22,0.6666666666666666,-0.3111111111111111,1.4152795221899932,-0.3299831645537222,subject_dependent,rbf_svm,0.22916666666666666,0.45,0.525920526675282,0.33958333333333335,0.32954545454545453,0.3671875,0.3303030303030303,0.32954545454545453,0.32954545454545453,0.2892561983471074,11,0.3333333333333333,18,0.32727272727272727,0.25,0.26666666666666666,0.43931832474583354,"[[1, 2], [4, 1]]",0.25,0.25,0.25,4,0.8,2,0.6666666666666666,-0.41176470588235303,1.1536921211367632,-0.4666666666666667,0.2,0.3333333333333333,0.525952380952381,0.26666666666666666,0.25,0.2833333333333333,0.26666666666666666,0.25,0.25,0.2,1,0.3333333333333333,1,0.2
0.5795454545454546,0.5606060606060606,"{""clf__C"": 13.411788774467905, ""clf__gamma"": 0.00026210878782654407, ""clf__class_weight"": ""balanced""}",0.2747469886633414,"[[16, 17], [20, 35]]",arousal,0.5589868617093322,0.5795454545454546,0.5827915481511581,20,0.36363636363636365,,17,0.5151515151515151,0.11904761904761907,0.7979420364690578,0.11935247900657216,subject_dependent,rbf_svm,0.4444444444444444,0.6730769230769231,0.7813643954351475,0.5587606837606838,0.5795454545454546,0.5873397435897436,0.5606060606060606,0.5795454545454546,0.5795454545454546,0.6275482093663912,16,0.48484848484848486,35,0.6363636363636364,0.625,0.5666666666666667,0.2465851714530637,"[[1, 2], [1, 4]]",0.5636363636363637,0.625,0.6045454545454546,1,0.2,2,0.6666666666666666,0.1428571428571429,0.6810616132484381,0.14907119849998599,0.5,0.6666666666666666,0.885,0.5833333333333333,0.625,0.6041666666666666,0.5666666666666667,0.625,0.625,0.7333333333333334,1,0.3333333333333333,4,0.8
0.6022727272727273,0.603030303030303,"{""clf__C"": 13.411788774467905, ""clf__gamma"": 0.00026210878782654407, ""clf__class_weight"": ""balanced""}",0.28894196987943915,"[[20, 13], [22, 33]]",arousal,0.5933993399339934,0.6022727272727273,0.6084158415841584,22,0.4,,13,0.3939393939393939,0.1954022988505747,0.9100606438198998,0.19972375677423504,subject_dependent,rbf_svm,0.47619047619047616,0.717391304347826,0.7881820394117891,0.5967908902691511,0.6022727272727273,0.6269409937888198,0.603030303030303,0.6022727272727273,0.6022727272727273,0.6561983471074381,20,0.6060606060606061,33,0.6,0.5,0.4666666666666667,0.25887534106523413,"[[1, 2], [2, 3]]",0.4666666666666667,0.5,0.5,2,0.4,2,0.6666666666666666,-0.06666666666666665,0.7312061479947474,-0.06666666666666667,0.3333333333333333,0.6,0.8761904761904762,0.4666666666666667,0.5,0.5,0.4666666666666667,0.5,0.5,0.7333333333333334,1,0.3333333333333333,3,0.6
0.6704545454545454,0.5833333333333334,"{""clf__C"": 13.411788774467905, ""clf__gamma"": 0.00026210878782654407, ""clf__class_weight"": ""balanced""}",0.21557923063537016,"[[9, 13], [16, 50]]",arousal,0.5790862609269338,0.6704545454545454,0.6771400296882732,16,0.24242424242424243,,13,0.5909090909090909,0.1594202898550725,0.6336359826075703,0.16002645283972775,subject_dependent,rbf_svm,0.36,0.7936507936507936,0.8096808400364109,0.5768253968253968,0.6704545454545454,0.6852380952380952,0.5833333333333334,0.6704545454545454,0.6704545454545454,0.5843663911845731,9,0.4090909090909091,50,0.7575757575757576,0.625,0.4166666666666667,0.18134179469169814,"[[0, 2], [1, 5]]",0.38461538461538464,0.625,0.576923076923077,1,0.16666666666666666,2,1.0,-0.19999999999999996,0.5415891310361274,-0.2182178902359924,0.0,0.7142857142857143,0.9583333333333334,0.35714285714285715,0.625,0.5357142857142857,0.4166666666666667,0.625,0.625,0.8333333333333334,0,0.0,5,0.8333333333333334
0.6590909090909091,0.7272727272727273,"{""clf__C"": 13.411788774467905, ""clf__gamma"": 0.00026210878782654407, ""clf__class_weight"": ""balanced""}",0.24402937468472377,"[[9, 2], [28, 49]]",arousal,0.5703125,0.6590909090909091,0.716796875,28,0.36363636363636365,,2,0.18181818181818182,0.22580645161290325,0.7418080383769183,0.30453209785201885,subject_dependent,rbf_svm,0.24324324324324326,0.9607843137254902,0.9588142378019403,0.6020137784843668,0.6590909090909091,0.8710916799152094,0.7272727272727273,0.6590909090909091,0.6590909090909091,0.7367178276269184,9,0.8181818181818182,49,0.6363636363636364,0.75,0.8571428571428572,0.22266888128124046,"[[1, 0], [2, 5]]",0.6666666666666667,0.75,0.7916666666666667,2,0.2857142857142857,0,0.0,0.3846153846153846,0.6709947477739311,0.4879500364742666,0.3333333333333333,1.0,0.9617346938775511,0.6666666666666666,0.75,0.9166666666666666,0.8571428571428572,0.75,0.75,0.7142857142857143,1,1.0,5,0.7142857142857143
0.5340909090909091,0.5303030303030303,"{""clf__C"": 183.42628625395747, ""clf__gamma"": 0.0001005394019469303, ""clf__class_weight"": ""balanced""}",0.33115862835372833,"[[17, 16], [25, 30]]",arousal,0.5236963696369636,0.5340909090909091,0.5412871287128712,25,0.45454545454545453,,16,0.48484848484848486,0.05747126436781613,1.2732107044592198,0.05874228140418678,subject_dependent,rbf_svm,0.40476190476190477,0.6521739130434783,0.7744148168299587,0.5284679089026916,0.5340909090909091,0.5593944099378881,0.5303030303030303,0.5340909090909091,0.5340909090909091,0.5917355371900825,17,0.5151515151515151,30,0.5454545454545454,0.5,0.4666666666666667,0.2727914109264221,"[[1, 2], [2, 3]]",0.4666666666666667,0.5,0.5,2,0.4,2,0.6666666666666666,-0.06666666666666665,0.8008324964283359,-0.06666666666666667,0.3333333333333333,0.6,0.8583333333333333,0.4666666666666667,0.5,0.5,0.4666666666666667,0.5,0.5,0.6666666666666667,1,0.3333333333333333,3,0.6
0.6022727272727273,0.6022727272727273,"{""clf__C"": 51.4138527229363, ""clf__gamma"": 0.006173770394704574, ""clf__class_weight"": ""balanced""}",0.29878155134337575,"[[17, 27], [8, 36]]",arousal,0.582825409725044,0.6022727272727273,0.582825409725044,8,0.18181818181818182,,27,0.6136363636363636,0.20454545454545459,1.122852824997153,0.22677868380553634,subject_dependent,rbf_svm,0.68,0.5714285714285714,0.7295408012347993,0.6257142857142857,0.6022727272727273,0.6257142857142857,0.6022727272727273,0.6022727272727273,0.6022727272727273,0.712293388429752,17,0.38636363636363635,36,0.8181818181818182,0.75,0.75,0.24530732560711174,"[[2, 2], [0, 4]]",0.7333333333333334,0.75,0.7333333333333334,0,0.0,2,0.5,0.5,0.7059651033593602,0.5773502691896258,1.0,0.6666666666666666,0.8166666666666667,0.8333333333333333,0.75,0.8333333333333333,0.75,0.75,0.75,0.75,2,0.5,4,1.0
0.6136363636363636,0.593939393939394,"{""clf__C"": 183.42628625395747, ""clf__gamma"": 0.0001005394019469303, ""clf__class_weight"": ""balanced""}",0.2862100552630293,"[[17, 16], [18, 37]]",arousal,0.5925925925925926,0.6136363636363636,0.6157407407407408,18,0.32727272727272727,,16,0.48484848484848486,0.18562874251497008,0.8755858765526615,0.185842101292356,subject_dependent,rbf_svm,0.4857142857142857,0.6981132075471698,0.6864860819953008,0.5919137466307277,0.6136363636363636,0.6184636118598383,0.593939393939394,0.6136363636363636,0.6136363636363636,0.5933884297520662,17,0.5151515151515151,37,0.6727272727272727,0.625,0.6333333333333333,0.24499988619542726,"[[2, 1], [2, 3]]",0.6190476190476191,0.625,0.6309523809523809,2,0.4,1,0.3333333333333333,0.25,0.7495793862975986,0.2581988897471611,0.5,0.75,0.7861904761904762,0.625,0.625,0.65625,0.6333333333333333,0.625,0.625,0.6666666666666667,2,0.6666666666666666,3,0.6
0.42045454545454547,0.4204545454545454,"{""clf__C"": 243.14537412227003, ""clf__gamma"": 0.0004992453416923984, ""clf__class_weight"": ""balanced""}",0.4581939590414558,"[[17, 27], [24, 20]]",arousal,0.4197802197802198,0.42045454545454547,0.41978021978021973,24,0.5454545454545454,,27,0.6136363636363636,-0.15909090909090917,1.7251961315632385,-0.1594619911505301,subject_dependent,rbf_svm,0.4146341463414634,0.425531914893617,0.4867972416449351,0.4200830306175402,0.42045454545454547,0.42008303061754015,0.4204545454545454,0.42045454545454547,0.42045454545454547,0.44783057851239666,17,0.38636363636363635,20,0.45454545454545453,0.5,0.5,0.3847173195317164,"[[2, 2], [2, 2]]",0.5,0.5,0.5,2,0.5,2,0.5,0.0,1.0768232927200276,0.0,0.5,0.5,0.4583333333333333,0.5,0.5,0.5,0.5,0.5,0.5,0.3125,2,0.5,2,0.5
0.5,0.5333333333333333,"{""clf__C"": 243.14537412227003, ""clf__gamma"": 0.0004992453416923984, ""clf__class_weight"": ""balanced""}",0.3928132207385023,"[[22, 33], [11, 22]]",arousal,0.5,0.5,0.5,11,0.3333333333333333,,33,0.6,0.05882352941176472,1.6397209533966424,0.06666666666666667,subject_dependent,rbf_svm,0.6666666666666666,0.4,0.5151052788665922,0.5333333333333333,0.5,0.5666666666666667,0.5333333333333333,0.5,0.5,0.5818181818181818,22,0.4,22,0.6666666666666666,0.625,0.6333333333333333,0.32581870232654236,"[[3, 2], [1, 2]]",0.6190476190476191,0.625,0.6309523809523809,1,0.3333333333333333,2,0.4,0.25,1.1045948465977444,0.2581988897471611,0.75,0.5,0.4444444444444445,0.625,0.625,0.65625,0.6333333333333333,0.625,0.625,0.5333333333333333,3,0.6,2,0.6666666666666666
0.48863636363636365,0.4757575757575757,"{""clf__C"": 5.2117930643778205, ""clf__gamma"": 0.0036999724314638123, ""clf__class_weight"": null}",0.3803581362596921,"[[14, 19], [26, 29]]",arousal,0.4733342199760606,0.48863636363636365,0.4957773640111716,26,0.4727272727272727,,19,0.5757575757575758,-0.04651162790697683,1.3160781720946104,-0.04714045207910317,subject_dependent,rbf_svm,0.35,0.6041666666666666,0.5815365569513664,0.4770833333333333,0.48863636363636365,0.5088541666666666,0.4757575757575757,0.48863636363636365,0.48863636363636365,0.4506887052341597,14,0.42424242424242425,29,0.5272727272727272,0.5,0.4666666666666667,0.3106283658117288,"[[1, 2], [2, 3]]",0.4666666666666667,0.5,0.5,2,0.4,2,0.6666666666666666,-0.06666666666666665,0.9256779617671909,-0.06666666666666667,0.3333333333333333,0.6,0.6295238095238094,0.4666666666666667,0.5,0.5,0.4666666666666667,0.5,0.5,0.4666666666666667,1,0.3333333333333333,3,0.6
0.5568181818181818,0.4818181818181818,"{""clf__C"": 7.709391232564023, ""clf__gamma"": 0.00026471141828218194, ""clf__class_weight"": null}",0.24089209380232326,"[[6, 27], [12, 43]]",arousal,0.4616470588235294,0.5568181818181818,0.518235294117647,12,0.21818181818181817,,27,0.8181818181818182,-0.040000000000000036,0.6733748226286911,-0.04364357804719848,subject_dependent,rbf_svm,0.3333333333333333,0.6142857142857143,0.7850634288891276,0.4738095238095238,0.5568181818181818,0.5089285714285714,0.4818181818181818,0.5568181818181818,0.5568181818181818,0.6443526170798898,6,0.18181818181818182,43,0.7818181818181819,0.625,0.5666666666666667,0.20600558756287582,"[[1, 2], [1, 4]]",0.5636363636363637,0.625,0.6045454545454546,1,0.2,2,0.6666666666666666,0.1428571428571429,0.5984836805448756,0.14907119849998599,0.5,0.6666666666666666,0.852857142857143,0.5833333333333333,0.625,0.6041666666666666,0.5666666666666667,0.625,0.625,0.7333333333333334,1,0.3333333333333333,4,0.8
0.5227272727272727,0.5606060606060606,"{""clf__C"": 0.21466070134458173, ""clf__gamma"": 0.0012955517240662183, ""clf__class_weight"": ""balanced""}",0.21903056084092895,"[[32, 34], [8, 14]]",arousal,0.5018867924528302,0.5227272727272727,0.5528301886792453,8,0.36363636363636365,,34,0.5151515151515151,0.08695652173913049,0.6257083045668977,0.10540925533894598,subject_dependent,rbf_svm,0.8,0.2916666666666667,0.43779494506616623,0.5458333333333334,0.5227272727272727,0.6729166666666667,0.5606060606060606,0.5227272727272727,0.5227272727272727,0.6604683195592286,32,0.48484848484848486,14,0.6363636363636364,0.75,0.6666666666666667,0.21046490660554923,"[[5, 1], [1, 1]]",0.6666666666666667,0.75,0.75,1,0.5,1,0.16666666666666666,0.33333333333333337,0.6095945618868738,0.3333333333333333,0.8333333333333334,0.5,0.41666666666666663,0.6666666666666667,0.75,0.75,0.6666666666666667,0.75,0.75,0.5833333333333334,5,0.8333333333333334,1,0.5
0.7613636363636364,0.7484848484848485,"{""clf__C"": 0.40069130793659025, ""clf__gamma"": 0.0014899847475658245, ""clf__class_weight"": ""balanced""}",0.1798890001180144,"[[44, 11], [10, 23]]",arousal,0.7469533068601945,0.7613636363636364,0.762049842530467,10,0.30303030303030304,,11,0.2,0.49397590361445787,0.5390228935851293,0.4941193761424946,subject_dependent,rbf_svm,0.8148148148148148,0.6764705882352942,0.7354928717030486,0.7456427015250544,0.7613636363636364,0.7629357298474946,0.7484848484848485,0.7613636363636364,0.7613636363636364,0.7928374655647383,44,0.8,23,0.696969696969697,0.75,0.6666666666666666,0.1584173163991389,"[[5, 0], [2, 1]]",0.6666666666666667,0.75,0.7083333333333334,2,0.6666666666666666,0,0.0,0.3846153846153846,0.4977231816246827,0.4879500364742666,0.7142857142857143,1.0,0.9166666666666666,0.8571428571428572,0.75,0.8214285714285714,0.6666666666666666,0.75,0.75,0.9333333333333333,5,1.0,1,0.3333333333333333
0.38636363636363635,0.38636363636363635,"{""clf__C"": 0.4342298948286134, ""clf__gamma"": 0.0008179499475211679, ""clf__class_weight"": ""balanced""}",,"[[34, 54], [0, 0]]",arousal,0.2786885245901639,0.38636363636363635,0.5573770491803278,,,,,,0.0,,0.0,subject_dependent,rbf_svm,,,0.0,0.5,0.38636363636363635,1.0,0.19318181818181818,0.38636363636363635,0.38636363636363635,nan,,,,,0.625,0.625,,"[[5, 3], [0, 0]]",0.38461538461538464,0.625,0.7692307692307693,,,,,0.0,,0.0,,,0.0,0.5,0.625,1.0,0.3125,0.625,0.625,nan,,,,
0.6704545454545454,0.38311688311688313,"{""clf__C"": 0.40069130793659025, ""clf__gamma"": 0.0014899847475658245, ""clf__class_weight"": ""balanced""}",0.2708829972659663,"[[0, 11], [18, 59]]",arousal,0.4013605442176871,0.6704545454545454,0.7023809523809524,18,0.23376623376623376,,11,1.0,-0.18367346938775508,0.7717795884574046,-0.191662969499982,subject_dependent,rbf_svm,0.0,0.8428571428571429,0.9054332409761441,0.42142857142857143,0.6704545454545454,0.7375,0.38311688311688313,0.6704545454545454,0.6704545454545454,0.49822904368358917,0,0.0,59,0.7662337662337663,0.625,0.35714285714285715,0.2544896657784091,"[[0, 1], [2, 5]]",0.38461538461538464,0.625,0.6730769230769231,2,0.2857142857142857,1,1.0,-0.19999999999999996,0.7172918319882868,-0.2182178902359924,0.0,0.8333333333333334,0.9617346938775511,0.4166666666666667,0.625,0.7291666666666667,0.35714285714285715,0.625,0.625,0.7142857142857143,0,0.0,5,0.7142857142857143
0.45454545454545453,0.43939393939393945,"{""clf__C"": 64.69870699850829, ""clf__gamma"": 0.0008200518402245837, ""clf__class_weight"": null}",0.36747324380822977,"[[9, 13], [35, 31]]",arousal,0.41818181818181815,0.45454545454545453,0.49090909090909085,35,0.5303030303030303,,13,0.5909090909090909,-0.09090909090909083,1.1121093451082757,-0.1049727762162956,subject_dependent,rbf_svm,0.20454545454545456,0.7045454545454546,0.7478907038964325,0.4545454545454546,0.45454545454545453,0.5795454545454546,0.43939393939393945,0.45454545454545453,0.45454545454545453,0.4793388429752066,9,0.4090909090909091,31,0.4696969696969697,0.5,0.5,0.2921819406234991,"[[1, 1], [3, 3]]",0.4666666666666667,0.5,0.5333333333333333,3,0.5,1,0.5,0.0,0.7957734690594997,0.0,0.25,0.75,0.7801587301587302,0.5,0.5,0.625,0.5,0.5,0.5,0.41666666666666663,1,0.5,3,0.5
0.5227272727272727,0.5393939393939394,"{""clf__C"": 243.14537412227003, ""clf__gamma"": 0.0004992453416923984, ""clf__class_weight"": ""balanced""}",0.2895461326296173,"[[20, 13], [29, 26]]",arousal,0.5204981837052414,0.5227272727272727,0.5286715101193565,29,0.5272727272727272,,13,0.3939393939393939,0.07182320441988954,0.7866915926883273,0.07678340712665285,subject_dependent,rbf_svm,0.40816326530612246,0.6666666666666666,0.7113184658265802,0.5374149659863945,0.5227272727272727,0.5697278911564626,0.5393939393939394,0.5227272727272727,0.5227272727272727,0.6022038567493113,20,0.6060606060606061,26,0.4727272727272727,0.375,0.5,0.25448516331010596,"[[3, 0], [5, 0]]",0.2727272727272727,0.375,0.20454545454545453,5,1.0,0,0.0,0.0,0.7001616414277699,0.0,0.375,0.0,0.9028571428571428,0.1875,0.375,0.140625,0.5,0.375,0.375,0.8,3,1.0,0,0.0
0.4431818181818182,0.45151515151515154,"{""clf__C"": 20.12196163610286, ""clf__gamma"": 0.0008612579192594886, ""clf__class_weight"": ""balanced""}",0.3451302045000232,"[[16, 17], [32, 23]]",arousal,0.43963612735542557,0.4431818181818182,0.45077972709551656,32,0.5818181818181818,,17,0.5151515151515151,-0.0888888888888888,0.9429144783720074,-0.09428090415820634,subject_dependent,rbf_svm,0.3333333333333333,0.575,0.622978917829236,0.4541666666666666,0.4431818181818182,0.484375,0.45151515151515154,0.4431818181818182,0.4431818181818182,0.47327823691460047,16,0.48484848484848486,23,0.41818181818181815,0.5,0.6,0.30950556083839814,"[[3, 0], [4, 1]]",0.4666666666666667,0.5,0.4333333333333333,4,0.8,0,0.0,0.1578947368421053,0.8353372929612803,0.29277002188455997,0.42857142857142855,1.0,0.7592857142857143,0.7142857142857143,0.5,0.7857142857142857,0.6,0.5,0.5,0.4666666666666667,3,1.0,1,0.2
0.5227272727272727,0.5454545454545454,"{""clf__C"": 243.14537412227003, ""clf__gamma"": 0.0004992453416923984, ""clf__class_weight"": ""balanced""}",0.2912507252204708,"[[33, 33], [9, 13]]",arousal,0.49673202614379086,0.5227272727272727,0.553921568627451,9,0.4090909090909091,,33,0.5,0.06666666666666665,0.8069044661595762,0.07881104062391008,subject_dependent,rbf_svm,0.7857142857142857,0.2826086956521739,0.34051574262279055,0.5341614906832298,0.5227272727272727,0.6599378881987578,0.5454545454545454,0.5227272727272727,0.5227272727272727,0.5785123966942148,33,0.5,13,0.5909090909090909,0.75,0.8333333333333333,0.24343217356566557,"[[4, 2], [0, 2]]",0.7333333333333334,0.75,0.7666666666666667,0,0.0,2,0.3333333333333333,0.5,0.6797031473277062,0.5773502691896258,1.0,0.5,0.75,0.75,0.75,0.875,0.8333333333333333,0.75,0.75,0.8333333333333334,4,0.6666666666666666,2,1.0
0.45454545454545453,0.4606060606060606,"{""clf__C"": 32.32518791282502, ""clf__gamma"": 0.0005104518230902811, ""clf__class_weight"": ""balanced""}",0.3689827191241861,"[[16, 17], [31, 24]]",arousal,0.45,0.45454545454545453,0.4625,31,0.5636363636363636,,17,0.5151515151515151,-0.07262569832402233,1.0274659004671636,-0.07646397399074295,subject_dependent,rbf_svm,0.3404255319148936,0.5853658536585366,0.5969694166188052,0.46289569278671505,0.45454545454545453,0.49351323300467054,0.4606060606060606,0.45454545454545453,0.45454545454545453,0.456198347107438,16,0.48484848484848486,24,0.43636363636363634,0.375,0.43333333333333335,0.3229555214920431,"[[2, 1], [4, 1]]",0.36507936507936506,0.375,0.34523809523809523,4,0.8,1,0.3333333333333333,-0.11111111111111116,0.8498649077367554,-0.14907119849998599,0.3333333333333333,0.5,0.6226190476190476,0.41666666666666663,0.375,0.4375,0.43333333333333335,0.375,0.375,0.4,2,0.6666666666666666,1,0.2
0.42045454545454547,0.40909090909090906,"{""clf__C"": 0.40069130793659025, ""clf__gamma"": 0.0014899847475658245, ""clf__class_weight"": ""balanced""}",0.4014201349001262,"[[12, 21], [30, 25]]",arousal,0.40752475247524755,0.42045454545454547,0.4294059405940594,30,0.5454545454545454,,21,0.6363636363636364,-0.17241379310344818,1.1087241181345362,-0.17622684421256035,subject_dependent,rbf_svm,0.2857142857142857,0.5434782608695652,0.5407800518197614,0.41459627329192544,0.42045454545454547,0.4468167701863354,0.40909090909090906,0.42045454545454547,0.42045454545454547,0.37630853994490354,12,0.36363636363636365,25,0.45454545454545453,0.375,0.43333333333333335,0.38763788392540416,"[[2, 1], [4, 1]]",0.36507936507936506,0.375,0.34523809523809523,4,0.8,1,0.3333333333333333,-0.11111111111111116,1.0445560954171205,-0.14907119849998599,0.3333333333333333,0.5,0.5783333333333334,0.41666666666666663,0.375,0.4375,0.43333333333333335,0.375,0.375,0.33333333333333337,2,0.6666666666666666,1,0.2
0.5227272727272727,0.5212121212121212,"{""clf__C"": 0.40069130793659025, ""clf__gamma"": 0.0014899847475658245, ""clf__class_weight"": ""balanced""}",0.2513576502935786,"[[29, 26], [16, 17]]",arousal,0.5136842105263157,0.5227272727272727,0.5302631578947369,16,0.48484848484848486,,26,0.4727272727272727,0.040000000000000036,0.6922215363769716,0.041087708961862444,subject_dependent,rbf_svm,0.6444444444444445,0.3953488372093023,0.4099152705790146,0.5198966408268734,0.5227272727272727,0.5510335917312662,0.5212121212121212,0.5227272727272727,0.5227272727272727,0.5559228650137742,29,0.5272727272727272,17,0.5151515151515151,0.625,0.5666666666666667,0.23410868575389232,"[[4, 1], [2, 1]]",0.5636363636363637,0.625,0.6045454545454546,2,0.6666666666666666,1,0.2,0.1428571428571429,0.6577086489900041,0.14907119849998599,0.6666666666666666,0.5,0.5,0.5833333333333333,0.625,0.6041666666666666,0.5666666666666667,0.625,0.625,0.6,4,0.8,1,0.3333333333333333
0.6477272727272727,0.6757575757575758,"{""clf__C"": 0.21466070134458173, ""clf__gamma"": 0.0012955517240662183, ""clf__class_weight"": ""balanced""}",0.2070896286499354,"[[31, 24], [7, 26]]",arousal,0.6465863453815262,0.6477272727272727,0.6516064257028112,7,0.21212121212121213,,24,0.43636363636363634,0.31868131868131866,0.5991369037963761,0.3435623491002736,subject_dependent,rbf_svm,0.8157894736842105,0.52,0.509283195626028,0.6678947368421053,0.6477272727272727,0.7048684210526315,0.6757575757575758,0.6477272727272727,0.6477272727272727,0.7041322314049586,31,0.5636363636363636,26,0.7878787878787878,0.75,0.7333333333333334,0.1986665201475853,"[[4, 1], [1, 2]]",0.7333333333333334,0.75,0.75,1,0.3333333333333333,1,0.2,0.4666666666666667,0.5814428859129249,0.4666666666666667,0.8,0.6666666666666666,0.5888888888888888,0.7333333333333334,0.75,0.75,0.7333333333333334,0.75,0.75,0.7333333333333333,4,0.8,2,0.6666666666666666
0.375,0.3484848484848485,"{""clf__C"": 0.6351054340728711, ""clf__gamma"": 0.0005285382203816729, ""clf__class_weight"": ""balanced""}",0.387289867814742,"[[8, 25], [30, 25]]",arousal,0.35077129443326627,0.375,0.3821260898725687,30,0.5454545454545454,,25,0.7575757575757576,-0.2941176470588236,1.024111595829912,-0.2961744388795462,subject_dependent,rbf_svm,0.21052631578947367,0.5,0.5247480507350177,0.35526315789473684,0.375,0.3914473684210526,0.3484848484848485,0.375,0.375,0.31349862258953165,8,0.24242424242424243,25,0.45454545454545453,0.125,0.16666666666666666,0.3644931120973144,"[[1, 2], [5, 0]]",0.1111111111111111,0.125,0.08333333333333333,5,1.0,2,0.6666666666666666,-0.5555555555555556,0.9385408006823907,-0.7453559924999299,0.16666666666666666,0.0,0.5449999999999999,0.08333333333333333,0.125,0.0625,0.16666666666666666,0.125,0.125,0.2666666666666667,1,0.3333333333333333,0,0.0
0.6477272727272727,0.6393939393939394,"{""clf__C"": 0.40069130793659025, ""clf__gamma"": 0.0014899847475658245, ""clf__class_weight"": ""balanced""}",0.2678314820180577,"[[20, 13], [18, 37]]",arousal,0.6340710932260228,0.6477272727272727,0.6517437961099933,18,0.32727272727272727,,13,0.3939393939393939,0.2705882352941177,0.7330468731191243,0.2724804837691825,subject_dependent,rbf_svm,0.5263157894736842,0.74,0.7887409382876491,0.6331578947368421,0.6477272727272727,0.6598684210526315,0.6393939393939394,0.6477272727272727,0.6477272727272727,0.7057851239669422,20,0.6060606060606061,37,0.6727272727272727,0.5,0.6,0.2543564272859279,"[[3, 0], [4, 1]]",0.4666666666666667,0.5,0.4333333333333333,4,0.8,0,0.0,0.1578947368421053,0.7008793148336161,0.29277002188455997,0.42857142857142855,1.0,0.9028571428571428,0.7142857142857143,0.5,0.7857142857142857,0.6,0.5,0.5,0.8,3,1.0,1,0.2
0.4772727272727273,0.5303030303030303,"{""clf__C"": 51.4138527229363, ""clf__gamma"": 0.006173770394704574, ""clf__class_weight"": ""balanced""}",0.37679287197917444,"[[14, 8], [38, 28]]",arousal,0.46369899311075785,0.4772727272727273,0.5063593004769475,38,0.5757575757575758,,8,0.36363636363636365,0.04166666666666663,1.21603749472559,0.05337605126836238,subject_dependent,rbf_svm,0.2692307692307692,0.7777777777777778,0.7931849629468118,0.5235042735042735,0.4772727272727273,0.6506410256410257,0.5303030303030303,0.4772727272727273,0.4772727272727273,0.5730027548209367,14,0.6363636363636364,28,0.42424242424242425,0.375,0.41666666666666663,0.3019087135047559,"[[1, 1], [4, 2]]",0.36507936507936506,0.375,0.40476190476190477,4,0.6666666666666666,1,0.5,-0.11111111111111116,0.8234446998846932,-0.14907119849998599,0.2,0.6666666666666666,0.8555555555555556,0.43333333333333335,0.375,0.55,0.41666666666666663,0.375,0.375,0.5833333333333334,1,0.5,2,0.3333333333333333
0.6818181818181818,0.6424242424242425,"{""clf__C"": 243.14537412227003, ""clf__gamma"": 0.0004992453416923984, ""clf__class_weight"": ""balanced""}",0.23684489523335345,"[[44, 11], [17, 16]]",arousal,0.6459770114942529,0.6818181818181818,0.6741379310344828,17,0.5151515151515151,,11,0.2,0.2955974842767296,0.786400973827755,0.29902357458613116,subject_dependent,rbf_svm,0.7213114754098361,0.5925925925925926,0.5715424431623691,0.6569520340012143,0.6818181818181818,0.6730418943533697,0.6424242424242425,0.6818181818181818,0.6818181818181818,0.6947658402203857,44,0.8,16,0.48484848484848486,0.75,0.6666666666666666,0.17464071746484808,"[[5, 0], [2, 1]]",0.6666666666666667,0.75,0.7083333333333334,2,0.6666666666666666,0,0.0,0.3846153846153846,0.5394242035877845,0.4879500364742666,0.7142857142857143,1.0,0.8095238095238095,0.8571428571428572,0.75,0.8214285714285714,0.6666666666666666,0.75,0.75,0.7333333333333333,5,1.0,1,0.3333333333333333
0.5795454545454546,0.5795454545454546,"{""clf__C"": 32.32518791282502, ""clf__gamma"": 0.0005104518230902811, ""clf__class_weight"": ""balanced""}",0.30454100849823723,"[[35, 9], [28, 16]]",arousal,0.5589868617093322,0.5795454545454546,0.5589868617093322,28,0.6363636363636364,,9,0.20454545454545456,0.15909090909090906,0.9296106105785867,0.17638342073763938,subject_dependent,rbf_svm,0.5555555555555556,0.64,0.6353485079370065,0.5977777777777777,0.5795454545454546,0.5977777777777779,0.5795454545454546,0.5795454545454546,0.5795454545454546,0.5738636363636365,35,0.7954545454545454,16,0.36363636363636365,0.625,0.625,0.2638765407665405,"[[4, 0], [3, 1]]",0.5636363636363637,0.625,0.5636363636363637,3,0.75,0,0.0,0.25,0.7800040308054692,0.3779644730092272,0.5714285714285714,1.0,0.7291666666666666,0.7857142857142857,0.625,0.7857142857142857,0.625,0.625,0.625,0.625,4,1.0,1,0.25
0.5113636363636364,0.5113636363636364,"{""clf__C"": 0.6351054340728711, ""clf__gamma"": 0.0005285382203816729, ""clf__class_weight"": ""balanced""}",0.27429160057320773,"[[41, 3], [40, 4]]",arousal,0.4064313725490196,0.5113636363636364,0.4064313725490196,40,0.9090909090909091,,3,0.06818181818181818,0.022727272727272707,0.7462430836534153,0.0419960525565808,subject_dependent,rbf_svm,0.5061728395061729,0.5714285714285714,0.5939587510644903,0.5388007054673721,0.5113636363636364,0.5388007054673721,0.5113636363636364,0.5113636363636364,0.5113636363636364,0.5676652892561984,41,0.9318181818181818,4,0.09090909090909091,0.5,0.5,0.27310692308160806,"[[4, 0], [4, 0]]",0.3333333333333333,0.5,0.3333333333333333,4,1.0,0,0.0,0.0,0.7426236394919128,0.0,0.5,0.0,0.6845238095238095,0.25,0.5,0.25,0.5,0.5,0.5,0.5625,4,1.0,0,0.0
0.4431818181818182,0.4772727272727273,"{""clf__C"": 48.43827864278568, ""clf__gamma"": 0.00039459088111000007, ""clf__class_weight"": ""balanced""}",0.3684163635488009,"[[27, 39], [10, 12]]",arousal,0.4265194839739327,0.4431818181818182,0.4753956643170634,10,0.45454545454545453,,39,0.5909090909090909,-0.03157894736842115,1.0407118327336797,-0.039872611141445,subject_dependent,rbf_svm,0.7297297297297297,0.23529411764705882,0.32194905617468006,0.48251192368839424,0.4431818181818182,0.606120826709062,0.4772727272727273,0.4431818181818182,0.4431818181818182,0.4696969696969697,27,0.4090909090909091,12,0.5454545454545454,0.375,0.41666666666666663,0.3016609631724153,"[[2, 4], [1, 1]]",0.36507936507936506,0.375,0.40476190476190477,1,0.5,4,0.6666666666666666,-0.11111111111111116,0.8025367714881533,-0.14907119849998599,0.6666666666666666,0.2,0.29166666666666663,0.43333333333333335,0.375,0.55,0.41666666666666663,0.375,0.375,0.4166666666666667,2,0.3333333333333333,1,0.5
0.45454545454545453,0.43939393939393945,"{""clf__C"": 0.40069130793659025, ""clf__gamma"": 0.0014899847475658245, ""clf__class_weight"": ""balanced""}",0.33432449416266086,"[[9, 13], [35, 31]]",arousal,0.41818181818181815,0.45454545454545453,0.49090909090909085,35,0.5303030303030303,,13,0.5909090909090909,-0.09090909090909083,0.9202749979974777,-0.1049727762162956,subject_dependent,rbf_svm,0.20454545454545456,0.7045454545454546,0.749162686506958,0.4545454545454546,0.45454545454545453,0.5795454545454546,0.43939393939393945,0.45454545454545453,0.45454545454545453,0.44834710743801653,9,0.4090909090909091,31,0.4696969696969697,0.5,0.5,0.3185105269908636,"[[1, 1], [3, 3]]",0.4666666666666667,0.5,0.5333333333333333,3,0.5,1,0.5,0.0,0.8677829414636392,0.0,0.25,0.75,0.8,0.5,0.5,0.625,0.5,0.5,0.5,0.5,1,0.5,3,0.5
0.4090909090909091,0.40909090909090906,"{""clf__C"": 51.4138527229363, ""clf__gamma"": 0.006173770394704574, ""clf__class_weight"": ""balanced""}",0.4609625610253616,"[[14, 30], [22, 22]]",arousal,0.4041666666666667,0.4090909090909091,0.4041666666666666,22,0.5,,30,0.6818181818181818,-0.18181818181818188,1.5760653211563875,-0.1849000654084097,subject_dependent,rbf_svm,0.3888888888888889,0.4230769230769231,0.4692461603992022,0.405982905982906,0.4090909090909091,0.405982905982906,0.40909090909090906,0.4090909090909091,0.4090909090909091,0.4085743801652892,14,0.3181818181818182,22,0.5,0.25,0.25,0.3897695665355846,"[[0, 4], [2, 2]]",0.2,0.25,0.2,2,0.5,4,1.0,-0.5,1.0623608658322525,-0.5773502691896258,0.0,0.3333333333333333,0.5238095238095237,0.16666666666666666,0.25,0.16666666666666666,0.25,0.25,0.25,0.375,0,0.0,2,0.5
0.5,0.5,"{""clf__C"": 20.12196163610286, ""clf__gamma"": 0.0008612579192594886, ""clf__class_weight"": ""balanced""}",0.2920792800057653,"[[21, 23], [21, 23]]",arousal,0.49974160206718343,0.5,0.4997416020671834,21,0.4772727272727273,,23,0.5227272727272727,0.0,0.796890950447091,0.0,subject_dependent,rbf_svm,0.5,0.5,0.5758580431224195,0.5,0.5,0.5,0.5,0.5,0.5,0.5258264462809917,21,0.4772727272727273,23,0.5227272727272727,0.625,0.625,0.2540636347262744,"[[2, 2], [1, 3]]",0.6190476190476191,0.625,0.6190476190476191,1,0.25,2,0.5,0.25,0.7034938659655725,0.2581988897471611,0.6666666666666666,0.6,0.6916666666666667,0.6333333333333333,0.625,0.6333333333333333,0.625,0.625,0.625,0.625,2,0.5,3,0.75
0.5113636363636364,0.5303030303030303,"{""clf__C"": 64.69870699850829, ""clf__gamma"": 0.0008200518402245837, ""clf__class_weight"": null}",0.3676524881123082,"[[25, 30], [13, 20]]",arousal,0.509781059722762,0.5113636363636364,0.5167443969426091,13,0.3939393939393939,,30,0.5454545454545454,0.05494505494505497,1.1234234295548766,0.05923488777590924,subject_dependent,rbf_svm,0.6578947368421053,0.4,0.4076146269128045,0.5289473684210526,0.5113636363636364,0.5611842105263158,0.5303030303030303,0.5113636363636364,0.5113636363636364,0.4975206611570248,25,0.45454545454545453,20,0.6060606060606061,0.5,0.5333333333333333,0.3006333217654233,"[[2, 3], [1, 2]]",0.5,0.5,0.5,1,0.3333333333333333,3,0.6,0.05882352941176472,0.8420151775412252,0.06666666666666667,0.6666666666666666,0.4,0.625,0.5333333333333333,0.5,0.5666666666666667,0.5333333333333333,0.5,0.5,0.5333333333333333,2,0.4,2,0.6666666666666666
0.6477272727272727,0.5984848484848485,"{""clf__C"": 183.42628625395747, ""clf__gamma"": 0.0001005394019469303, ""clf__class_weight"": ""balanced""}",0.23639186309551263,"[[11, 11], [20, 46]]",arousal,0.5815309096487191,0.6477272727272727,0.6647491946617579,20,0.30303030303030304,,11,0.5,0.17333333333333334,0.6826022863223165,0.17855188940990466,subject_dependent,rbf_svm,0.3548387096774194,0.8070175438596491,0.8419770304579837,0.5809281267685342,0.6477272727272727,0.6939728353140917,0.5984848484848485,0.6477272727272727,0.6477272727272727,0.6101928374655647,11,0.5,46,0.696969696969697,0.625,0.5833333333333333,0.19962044982496463,"[[1, 1], [2, 4]]",0.5636363636363637,0.625,0.6454545454545454,2,0.3333333333333333,1,0.5,0.1428571428571429,0.5825190023904072,0.14907119849998599,0.3333333333333333,0.8,0.8773809523809524,0.5666666666666667,0.625,0.6833333333333335,0.5833333333333333,0.625,0.625,0.5833333333333333,1,0.5,4,0.6666666666666666
0.25,0.36363636363636365,"{""clf__C"": 0.40069130793659025, ""clf__gamma"": 0.0014899847475658245, ""clf__class_weight"": ""balanced""}",0.41673447339245784,"[[13, 9], [57, 9]]",arousal,0.24844720496894407,0.25,0.23136645962732916,57,0.8636363636363636,,9,0.4090909090909091,-0.1578947368421053,1.090856510234116,-0.2927700218845599,subject_dependent,rbf_svm,0.18571428571428572,0.5,0.6668364031977533,0.34285714285714286,0.25,0.4214285714285715,0.36363636363636365,0.25,0.25,0.33815426997245174,13,0.5909090909090909,9,0.13636363636363635,0.25,0.5,0.40689796474357587,"[[2, 0], [6, 0]]",0.2,0.25,0.1,6,1.0,0,0.0,0.0,1.0452177776863987,0.0,0.25,0.0,0.6746031746031745,0.125,0.25,0.0625,0.5,0.25,0.25,0.25,2,1.0,0,0.0
0.4318181818181818,0.4318181818181819,"{""clf__C"": 12.957079329680445, ""clf__gamma"": 0.00032476735706274504, ""clf__class_weight"": null}",0.3088358339032977,"[[25, 19], [31, 13]]",arousal,0.42105263157894735,0.4318181818181818,0.4210526315789474,31,0.7045454545454546,,19,0.4318181818181818,-0.13636363636363646,0.8349545124926806,-0.1417366773784602,subject_dependent,rbf_svm,0.44642857142857145,0.40625,0.5259359828783112,0.4263392857142857,0.4318181818181818,0.42633928571428564,0.4318181818181819,0.4318181818181818,0.4318181818181818,0.44834710743801653,25,0.5681818181818182,13,0.29545454545454547,0.375,0.375,0.27589899064621837,"[[1, 3], [2, 2]]",0.36507936507936506,0.375,0.36507936507936506,2,0.5,3,0.75,-0.25,0.748854208158596,-0.2581988897471611,0.3333333333333333,0.4,0.625,0.3666666666666667,0.375,0.3666666666666667,0.375,0.375,0.375,0.4375,1,0.25,2,0.5
0.4659090909090909,0.4659090909090909,"{""clf__C"": 7.709391232564023, ""clf__gamma"": 0.00026471141828218194, ""clf__class_weight"": null}",0.3139060918245154,"[[35, 9], [38, 6]]",arousal,0.40084021439953643,0.4659090909090909,0.4008402143995364,38,0.8636363636363636,,9,0.20454545454545456,-0.06818181818181812,0.8619765008420578,-0.0906596827823249,subject_dependent,rbf_svm,0.4794520547945205,0.4,0.47493897400341784,0.4397260273972603,0.4659090909090909,0.43972602739726024,0.4659090909090909,0.4659090909090909,0.4659090909090909,0.4692665289256199,35,0.7954545454545454,6,0.13636363636363635,0.375,0.375,0.2892944855997422,"[[3, 1], [4, 0]]",0.2727272727272727,0.375,0.2727272727272727,4,1.0,1,0.25,-0.25,0.7819647136493862,-0.3779644730092272,0.42857142857142855,0.0,0.5238095238095237,0.21428571428571427,0.375,0.21428571428571427,0.375,0.375,0.375,0.375,3,0.75,0,0.0
0.5454545454545454,0.5454545454545454,"{""clf__C"": 183.42628625395747, ""clf__gamma"": 0.0001005394019469303, ""clf__class_weight"": ""balanced""}",0.2717933521867169,"[[24, 20], [20, 24]]",arousal,0.5454545454545454,0.5454545454545454,0.5454545454545454,20,0.45454545454545453,,20,0.45454545454545453,0.09090909090909094,0.7486668580966094,0.09090909090909091,subject_dependent,rbf_svm,0.5454545454545454,0.5454545454545454,0.6164354937184462,0.5454545454545454,0.5454545454545454,0.5454545454545454,0.5454545454545454,0.5454545454545454,0.5454545454545454,0.5831611570247935,24,0.5454545454545454,24,0.5454545454545454,0.625,0.625,0.23454757881770844,"[[3, 1], [2, 2]]",0.6190476190476191,0.625,0.6190476190476191,2,0.5,1,0.25,0.25,0.6631547624874606,0.2581988897471611,0.6,0.6666666666666666,0.775,0.6333333333333333,0.625,0.6333333333333333,0.625,0.625,0.625,0.625,3,0.75,2,0.5
0.4318181818181818,0.4545454545454546,"{""clf__C"": 243.14537412227003, ""clf__gamma"": 0.0004992453416923984, ""clf__class_weight"": ""balanced""}",0.35729016560445864,"[[27, 39], [11, 11]]",arousal,0.4123931623931624,0.4318181818181818,0.4658119658119659,11,0.5,,39,0.5909090909090909,-0.06382978723404253,0.9976810027463447,-0.07947194142390263,subject_dependent,rbf_svm,0.7105263157894737,0.22,0.2281382527138262,0.4652631578947368,0.4318181818181818,0.5878947368421052,0.4545454545454546,0.4318181818181818,0.4318181818181818,0.43939393939393945,27,0.4090909090909091,11,0.5,0.375,0.5833333333333334,0.3075468884960887,"[[1, 5], [0, 2]]",0.36507936507936506,0.375,0.32539682539682535,0,0.0,5,0.8333333333333334,0.09090909090909094,0.8144424357060787,0.2182178902359924,1.0,0.2857142857142857,0.29166666666666663,0.6428571428571428,0.375,0.8214285714285714,0.5833333333333334,0.375,0.375,0.4166666666666667,1,0.16666666666666666,2,1.0
0.7045454545454546,0.7636363636363637,"{""clf__C"": 160.49758307716223, ""clf__gamma"": 0.00018427970406864567, ""clf__class_weight"": null}",0.24798731728845416,"[[33, 0], [26, 29]]",arousal,0.7039337474120082,0.7045454545454546,0.7005693581780538,26,0.4727272727272727,,0,0.0,0.45549738219895286,0.9630514769618066,0.5430610041581776,subject_dependent,rbf_svm,0.559322033898305,1.0,0.878552336298343,0.7796610169491525,0.7045454545454546,0.8347457627118644,0.7636363636363637,0.7045454545454546,0.7045454545454546,0.7493112947658402,33,1.0,29,0.5272727272727272,0.625,0.7,0.20193846881835947,"[[3, 0], [3, 2]]",0.6190476190476191,0.625,0.6071428571428571,3,0.6,0,0.0,0.33333333333333337,0.5961696498651781,0.4472135954999579,0.5,1.0,0.925,0.75,0.625,0.8125,0.7,0.625,0.625,0.8,3,1.0,2,0.4
0.5113636363636364,0.4939393939393939,"{""clf__C"": 183.42628625395747, ""clf__gamma"": 0.0001005394019469303, ""clf__class_weight"": ""balanced""}",0.36855405362394006,"[[14, 19], [24, 31]]",arousal,0.49242119382964455,0.5113636363636364,0.516934942991281,24,0.43636363636363634,,19,0.5757575757575758,-0.0117647058823529,1.20238309010096,-0.011846977555181848,subject_dependent,rbf_svm,0.3684210526315789,0.62,0.645520627659165,0.49421052631578943,0.5113636363636364,0.5256578947368421,0.4939393939393939,0.5113636363636364,0.5113636363636364,0.5151515151515151,14,0.42424242424242425,31,0.5636363636363636,0.625,0.6333333333333333,0.2824675609850528,"[[2, 1], [2, 3]]",0.6190476190476191,0.625,0.6309523809523809,2,0.4,1,0.3333333333333333,0.25,0.8020206621372673,0.2581988897471611,0.5,0.75,0.7683333333333333,0.625,0.625,0.65625,0.6333333333333333,0.625,0.625,0.6000000000000001,2,0.6666666666666666,3,0.6
0.6363636363636364,0.6363636363636364,"{""clf__C"": 13.411788774467905, ""clf__gamma"": 0.00026210878782654407, ""clf__class_weight"": ""balanced""}",0.2572530479186923,"[[14, 8], [24, 42]]",arousal,0.5954022988505747,0.6363636363636364,0.6597701149425288,24,0.36363636363636365,,8,0.36363636363636365,0.2195121951219512,0.7103550428346089,0.23841582427170788,subject_dependent,rbf_svm,0.3684210526315789,0.84,0.8487323806695635,0.6042105263157894,0.6363636363636364,0.7221052631578947,0.6363636363636364,0.6363636363636364,0.6363636363636364,0.665977961432507,14,0.6363636363636364,42,0.6363636363636364,0.5,0.5,0.23477736956118658,"[[1, 1], [3, 3]]",0.4666666666666667,0.5,0.5333333333333333,3,0.5,1,0.5,0.0,0.6555869098183605,0.0,0.25,0.75,0.915079365079365,0.5,0.5,0.625,0.5,0.5,0.5,0.75,1,0.5,3,0.5
0.6818181818181818,0.7878787878787878,"{""clf__C"": 160.49758307716223, ""clf__gamma"": 0.00018427970406864567, ""clf__class_weight"": null}",0.19785164713901207,"[[22, 0], [28, 38]]",arousal,0.670940170940171,0.6818181818181818,0.7008547008547008,28,0.42424242424242425,,0,0.0,0.4042553191489362,0.5762737054714189,0.5033222956847166,subject_dependent,rbf_svm,0.44,1.0,0.9693361875272177,0.72,0.6818181818181818,0.8600000000000001,0.7878787878787878,0.6818181818181818,0.6818181818181818,0.9049586776859504,22,1.0,38,0.5757575757575758,0.75,0.8333333333333333,0.16276751908340686,"[[2, 0], [2, 4]]",0.7333333333333334,0.75,0.7666666666666667,2,0.3333333333333333,0,0.0,0.5,0.4966987982909602,0.5773502691896258,0.5,1.0,1.0,0.75,0.75,0.875,0.8333333333333333,0.75,0.75,1.0,2,1.0,4,0.6666666666666666
0.5681818181818182,0.5757575757575757,"{""clf__C"": 32.32518791282502, ""clf__gamma"": 0.0005104518230902811, ""clf__class_weight"": ""balanced""}",0.33029308791690726,"[[37, 29], [9, 13]]",arousal,0.5334821428571428,0.5681818181818182,0.5970982142857143,9,0.4090909090909091,,29,0.4393939393939394,0.11627906976744184,1.1245303739085488,0.13135173437318345,subject_dependent,rbf_svm,0.8043478260869565,0.30952380952380953,0.3555395376542721,0.556935817805383,0.5681818181818182,0.6806418219461698,0.5757575757575757,0.5681818181818182,0.5681818181818182,0.6267217630853994,37,0.5606060606060606,13,0.5909090909090909,0.625,0.75,0.26395364757215123,"[[3, 3], [0, 2]]",0.6190476190476191,0.625,0.6428571428571428,0,0.0,3,0.5,0.33333333333333337,0.7666381997887106,0.4472135954999579,1.0,0.4,0.5833333333333333,0.7,0.625,0.85,0.75,0.625,0.625,0.8333333333333334,3,0.5,2,1.0
0.48863636363636365,0.5606060606060606,"{""clf__C"": 12.957079329680445, ""clf__gamma"": 0.00032476735706274504, ""clf__class_weight"": null}",0.37826049353723223,"[[15, 40], [5, 28]]",arousal,0.47722772277227726,0.48863636363636365,0.45792079207920794,5,0.15151515151515152,,40,0.7272727272727273,0.09999999999999998,1.4543985225540939,0.14002800840280097,subject_dependent,rbf_svm,0.75,0.4117647058823529,0.5074382552901698,0.5808823529411764,0.48863636363636365,0.6231617647058824,0.5606060606060606,0.48863636363636365,0.48863636363636365,0.6308539944903582,15,0.2727272727272727,28,0.8484848484848485,0.5,0.6,0.33769671496958253,"[[1, 4], [0, 3]]",0.4666666666666667,0.5,0.4333333333333333,0,0.0,4,0.8,0.1578947368421053,0.9741927752024844,0.29277002188455997,1.0,0.42857142857142855,0.7222222222222223,0.7142857142857143,0.5,0.7857142857142857,0.6,0.5,0.5,0.7333333333333333,1,0.2,3,1.0
0.6590909090909091,0.703030303030303,"{""clf__C"": 0.21466070134458173, ""clf__gamma"": 0.0012955517240662183, ""clf__class_weight"": ""balanced""}",0.20791506599649578,"[[29, 4], [26, 29]]",arousal,0.6590909090909091,0.6590909090909091,0.6590909090909091,26,0.4727272727272727,,4,0.12121212121212122,0.3582887700534759,0.6038982208723479,0.40606060606060607,subject_dependent,rbf_svm,0.5272727272727272,0.8787878787878788,0.8580380753333682,0.703030303030303,0.6590909090909091,0.746969696969697,0.703030303030303,0.6590909090909091,0.6590909090909091,0.7314049586776858,29,0.8787878787878788,29,0.5272727272727272,0.625,0.5666666666666667,0.2062679214099677,"[[1, 2], [1, 4]]",0.5636363636363637,0.625,0.6045454545454546,1,0.2,2,0.6666666666666666,0.1428571428571429,0.6008244490340647,0.14907119849998599,0.5,0.6666666666666666,0.852857142857143,0.5833333333333333,0.625,0.6041666666666666,0.5666666666666667,0.625,0.625,0.7333333333333334,1,0.3333333333333333,4,0.8
0.375,0.2532467532467533,"{""clf__C"": 0.6351054340728711, ""clf__gamma"": 0.0005285382203816729, ""clf__class_weight"": ""balanced""}",0.3912637294574965,"[[1, 10], [45, 32]]",arousal,0.2864514226743329,0.375,0.47497420020639824,45,0.5844155844155844,,10,0.9090909090909091,-0.20879120879120872,1.04544196932009,-0.3267616012328021,subject_dependent,rbf_svm,0.021739130434782608,0.7619047619047619,0.7681930065664577,0.39182194616977223,0.375,0.6693840579710145,0.2532467532467533,0.375,0.375,0.18772136953955137,1,0.09090909090909091,32,0.4155844155844156,0.375,0.21428571428571427,0.37288011357892636,"[[0, 1], [4, 3]]",0.2727272727272727,0.375,0.47727272727272724,4,0.5714285714285714,1,1.0,-0.25,0.9791735985577336,-0.3779644730092272,0.0,0.75,0.8260204081632654,0.375,0.375,0.65625,0.21428571428571427,0.375,0.375,0.14285714285714285,0,0.0,3,0.42857142857142855
0.5113636363636364,0.5113636363636364,"{""clf__C"": 0.6351054340728711, ""clf__gamma"": 0.0005285382203816729, ""clf__class_weight"": ""balanced""}",0.2969957173513139,"[[22, 22], [21, 23]]",arousal,0.5113005295105257,0.5113636363636364,0.5113005295105256,21,0.4772727272727273,,22,0.5,0.022727272727272707,0.8184354546304914,0.022733144649015786,subject_dependent,rbf_svm,0.5116279069767442,0.5111111111111111,0.5656122740266427,0.5113695090439276,0.5113636363636364,0.5113695090439276,0.5113636363636364,0.5113636363636364,0.5113636363636364,0.5366735537190083,22,0.5,23,0.5227272727272727,0.5,0.5,0.2859613855904587,"[[1, 3], [1, 3]]",0.4666666666666667,0.5,0.4666666666666667,1,0.25,3,0.75,0.0,0.7711106323724768,0.0,0.5,0.5,0.6666666666666666,0.5,0.5,0.5,0.5,0.5,0.5,0.5,1,0.25,3,0.75
0.7386363636363636,0.7424242424242424,"{""clf__C"": 13.411788774467905, ""clf__gamma"": 0.00026210878782654407, ""clf__class_weight"": ""balanced""}",0.20355364125577138,"[[40, 15], [8, 25]]",arousal,0.7308152679877643,0.7386363636363636,0.7422862082723767,8,0.24242424242424243,,15,0.2727272727272727,0.4651162790697675,0.5800320483349783,0.4714045207910317,subject_dependent,rbf_svm,0.8333333333333334,0.625,0.8006983510269561,0.7291666666666667,0.7386363636363636,0.7552083333333335,0.7424242424242424,0.7386363636363636,0.7386363636363636,0.7950413223140496,40,0.7272727272727273,25,0.7575757575757576,0.625,0.6333333333333333,0.1731245804859363,"[[3, 2], [1, 2]]",0.6190476190476191,0.625,0.6309523809523809,1,0.3333333333333333,2,0.4,0.25,0.5105045207572986,0.2581988897471611,0.75,0.5,0.8333333333333333,0.625,0.625,0.65625,0.6333333333333333,0.625,0.625,0.8,3,0.6,2,0.6666666666666666
0.5227272727272727,0.5212121212121212,"{""clf__C"": 262.30889101079146, ""clf__gamma"": 0.0025135566617708314, ""clf__class_weight"": null}",0.3428143873658846,"[[29, 26], [16, 17]]",arousal,0.5136842105263157,0.5227272727272727,0.5302631578947369,16,0.48484848484848486,,26,0.4727272727272727,0.040000000000000036,1.049711884026488,0.041087708961862444,subject_dependent,rbf_svm,0.6444444444444445,0.3953488372093023,0.5222763483729633,0.5198966408268734,0.5227272727272727,0.5510335917312662,0.5212121212121212,0.5227272727272727,0.5227272727272727,0.5663911845730029,29,0.5272727272727272,17,0.5151515151515151,0.625,0.6333333333333333,0.2728855960687013,"[[3, 2], [1, 2]]",0.6190476190476191,0.625,0.6309523809523809,1,0.3333333333333333,2,0.4,0.25,0.7474262283735287,0.2581988897471611,0.75,0.5,0.625,0.625,0.625,0.65625,0.6333333333333333,0.625,0.625,0.5333333333333333,3,0.6,2,0.6666666666666666
0.3068181818181818,0.27575757575757576,"{""clf__C"": 0.40069130793659025, ""clf__gamma"": 0.0014899847475658245, ""clf__class_weight"": ""balanced""}",0.4482086174991449,"[[5, 28], [33, 22]]",arousal,0.2799463447350771,0.3068181818181818,0.3147216633132126,33,0.6,,28,0.8484848484848485,-0.43529411764705883,1.2495951720250367,-0.4383381695417284,subject_dependent,rbf_svm,0.13157894736842105,0.44,0.5344041449706449,0.28578947368421054,0.3068181818181818,0.3243421052631579,0.27575757575757576,0.3068181818181818,0.3068181818181818,0.2556473829201102,5,0.15151515151515152,22,0.4,0.25,0.26666666666666666,0.42288851731484606,"[[1, 2], [4, 1]]",0.25,0.25,0.25,4,0.8,2,0.6666666666666666,-0.41176470588235303,1.1282005076295782,-0.4666666666666667,0.2,0.3333333333333333,0.5192857142857142,0.26666666666666666,0.25,0.2833333333333333,0.26666666666666666,0.25,0.25,0.13333333333333336,1,0.3333333333333333,1,0.2
0.29545454545454547,0.3939393939393939,"{""clf__C"": 0.9020715489795292, ""clf__gamma"": 0.0048275888720946784, ""clf__class_weight"": null}",0.49939086147305195,"[[13, 9], [53, 13]]",arousal,0.29545454545454547,0.29545454545454547,0.29545454545454547,53,0.803030303030303,,9,0.4090909090909091,-0.1272727272727272,1.5222828944405635,-0.21212121212121213,subject_dependent,rbf_svm,0.19696969696969696,0.5909090909090909,0.6749606090041793,0.3939393939393939,0.29545454545454547,0.49242424242424243,0.3939393939393939,0.29545454545454547,0.29545454545454547,0.43526170798898073,13,0.5909090909090909,13,0.19696969696969696,0.25,0.3333333333333333,0.46994526227449573,"[[1, 1], [5, 1]]",0.25,0.25,0.25,5,0.8333333333333334,1,0.5,-0.19999999999999996,1.2545628727456544,-0.3333333333333333,0.16666666666666666,0.5,0.7345238095238095,0.3333333333333333,0.25,0.4166666666666667,0.3333333333333333,0.25,0.25,0.5,1,0.5,1,0.16666666666666666
0.5568181818181818,0.6151515151515152,"{""clf__C"": 243.14537412227003, ""clf__gamma"": 0.0004992453416923984, ""clf__class_weight"": ""balanced""}",0.3159739040388146,"[[21, 34], [5, 28]]",arousal,0.5539961013645224,0.5568181818181818,0.5451267056530213,5,0.15151515151515152,,34,0.6181818181818182,0.19587628865979378,1.041154109726016,0.2443742536516646,subject_dependent,rbf_svm,0.8076923076923077,0.45161290322580644,0.5158598102984921,0.6296526054590571,0.5568181818181818,0.6741625310173697,0.6151515151515152,0.5568181818181818,0.5568181818181818,0.6710743801652893,21,0.38181818181818183,28,0.8484848484848485,0.5,0.6,0.24467879248861094,"[[1, 4], [0, 3]]",0.4666666666666667,0.5,0.4333333333333333,0,0.0,4,0.8,0.1578947368421053,0.6775570278927862,0.29277002188455997,1.0,0.42857142857142855,0.8055555555555556,0.7142857142857143,0.5,0.7857142857142857,0.6,0.5,0.5,0.8666666666666667,1,0.2,3,1.0
0.6704545454545454,0.6272727272727273,"{""clf__C"": 12.957079329680445, ""clf__gamma"": 0.00032476735706274504, ""clf__class_weight"": null}",0.2187396790989481,"[[44, 11], [18, 15]]",arousal,0.6303056642039693,0.6704545454545454,0.660763436187165,18,0.5454545454545454,,11,0.2,0.26582278481012656,0.6355669478089973,0.2700978592992082,subject_dependent,rbf_svm,0.7096774193548387,0.5769230769230769,0.6462482087820852,0.6433002481389578,0.6704545454545454,0.659894540942928,0.6272727272727273,0.6704545454545454,0.6704545454545454,0.6476584022038567,44,0.8,15,0.45454545454545453,0.625,0.5666666666666667,0.19958716934644732,"[[4, 1], [2, 1]]",0.5636363636363637,0.625,0.6045454545454546,2,0.6666666666666666,1,0.2,0.1428571428571429,0.5815828734391277,0.14907119849998599,0.6666666666666666,0.5,0.6805555555555556,0.5833333333333333,0.625,0.6041666666666666,0.5666666666666667,0.625,0.625,0.6,4,0.8,1,0.3333333333333333
0.6818181818181818,0.6818181818181819,"{""clf__C"": 5.2117930643778205, ""clf__gamma"": 0.0036999724314638123, ""clf__class_weight"": null}",0.22823680403522362,"[[25, 19], [9, 35]]",arousal,0.6776556776556777,0.6818181818181818,0.6776556776556777,9,0.20454545454545456,,19,0.4318181818181818,0.36363636363636365,0.6808859705855188,0.3734080224074693,subject_dependent,rbf_svm,0.7352941176470589,0.6481481481481481,0.8240127120008074,0.6917211328976035,0.6818181818181818,0.6917211328976035,0.6818181818181819,0.6818181818181818,0.6818181818181818,0.7732438016528926,25,0.5681818181818182,35,0.7954545454545454,0.875,0.875,0.15580261415916397,"[[3, 1], [0, 4]]",0.873015873015873,0.875,0.873015873015873,0,0.0,1,0.25,0.75,0.4743608861692302,0.7745966692414834,1.0,0.8,0.95,0.9,0.875,0.9,0.875,0.875,0.875,0.9375,3,0.75,4,1.0
0.6818181818181818,0.7272727272727273,"{""clf__C"": 34.26465148409954, ""clf__gamma"": 0.020597335357437203, ""clf__class_weight"": null}",0.23620201706578375,"[[18, 4], [24, 42]]",arousal,0.65625,0.6818181818181818,0.703125,24,0.36363636363636365,,4,0.18181818181818182,0.34883720930232553,0.7657752886522229,0.39405520311955033,subject_dependent,rbf_svm,0.42857142857142855,0.9130434782608695,0.9236024245886252,0.670807453416149,0.6818181818181818,0.7919254658385093,0.7272727272727273,0.6818181818181818,0.6818181818181818,0.7754820936639117,18,0.8181818181818182,42,0.6363636363636364,0.75,0.8333333333333333,0.19496334543899663,"[[2, 0], [2, 4]]",0.7333333333333334,0.75,0.7666666666666667,2,0.3333333333333333,0,0.0,0.5,0.5558204017968718,0.5773502691896258,0.5,1.0,0.9484126984126984,0.75,0.75,0.875,0.8333333333333333,0.75,0.75,0.8333333333333333,2,1.0,4,0.6666666666666666
0.7954545454545454,0.7662337662337663,"{""clf__C"": 262.30889101079146, ""clf__gamma"": 0.0025135566617708314, ""clf__class_weight"": null}",0.14669468331563332,"[[8, 3], [15, 62]]",arousal,0.6719138359569179,0.7954545454545454,0.8229080364540181,15,0.19480519480519481,,3,0.2727272727272727,0.36283185840707965,0.5497320239246404,0.4007875667659264,subject_dependent,rbf_svm,0.34782608695652173,0.9538461538461539,0.9837835785442073,0.6508361204013378,0.7954545454545454,0.8780936454849498,0.7662337662337663,0.7954545454545454,0.7954545454545454,0.8902007083825266,8,0.7272727272727273,62,0.8051948051948052,0.875,0.9285714285714286,0.07732499269784757,"[[1, 0], [1, 6]]",0.7948717948717949,0.875,0.8910256410256411,1,0.14285714285714285,0,0.0,0.6,0.2938065048269156,0.6546536707079772,0.5,1.0,1.0,0.75,0.875,0.9375,0.9285714285714286,0.875,0.875,1.0,1,1.0,6,0.8571428571428571
0.6818181818181818,0.6233766233766234,"{""clf__C"": 51.4138527229363, ""clf__gamma"": 0.006173770394704574, ""clf__class_weight"": ""balanced""}",0.24246747184348125,"[[6, 5], [23, 54]]",arousal,0.5470588235294117,0.6818181818181818,0.7323529411764705,23,0.2987012987012987,,5,0.45454545454545453,0.14503816793893132,0.7745083116216448,0.1736119344464813,subject_dependent,rbf_svm,0.20689655172413793,0.9152542372881356,0.9360067682312438,0.5610753945061367,0.6818181818181818,0.8267095265926359,0.6233766233766234,0.6818181818181818,0.6818181818181818,0.6835891381345927,6,0.5454545454545454,54,0.7012987012987013,0.875,0.9285714285714286,0.14823689341884966,"[[1, 0], [1, 6]]",0.7948717948717949,0.875,0.8910256410256411,1,0.14285714285714285,0,0.0,0.6,0.4662390686132683,0.6546536707079772,0.5,1.0,0.9821428571428572,0.75,0.875,0.9375,0.9285714285714286,0.875,0.875,0.8571428571428571,1,1.0,6,0.8571428571428571
0.5227272727272727,0.5227272727272727,"{""clf__C"": 12.957079329680445, ""clf__gamma"": 0.00032476735706274504, ""clf__class_weight"": null}",0.33102739511216883,"[[12, 32], [10, 34]]",arousal,0.4909090909090909,0.5227272727272727,0.49090909090909096,10,0.22727272727272727,,32,0.7272727272727273,0.045454545454545414,0.9890935558264918,0.0524863881081478,subject_dependent,rbf_svm,0.5454545454545454,0.5151515151515151,0.4844330615448628,0.5303030303030303,0.5227272727272727,0.5303030303030303,0.5227272727272727,0.5227272727272727,0.5227272727272727,0.5036157024793388,12,0.2727272727272727,34,0.7727272727272727,0.5,0.5,0.2789640576561465,"[[1, 3], [1, 3]]",0.4666666666666667,0.5,0.4666666666666667,1,0.25,3,0.75,0.0,0.7612665669011376,0.0,0.5,0.5,0.5178571428571428,0.5,0.5,0.5,0.5,0.5,0.5,0.4375,1,0.25,3,0.75
0.5227272727272727,0.4393939393939394,"{""clf__C"": 1.351144633701368, ""clf__gamma"": 0.015446089075047083, ""clf__class_weight"": ""balanced""}",0.3337589490982609,"[[6, 16], [26, 40]]",arousal,0.4389799635701275,0.5227272727272727,0.54735883424408,26,0.3939393939393939,,16,0.7272727272727273,-0.10526315789473695,0.9950722469242786,-0.1091089451179962,subject_dependent,rbf_svm,0.1875,0.7142857142857143,0.773787096485766,0.45089285714285715,0.5227272727272727,0.5825892857142857,0.4393939393939394,0.5227272727272727,0.5227272727272727,0.45661157024793386,6,0.2727272727272727,40,0.6060606060606061,0.375,0.25,0.26707946295528406,"[[0, 2], [3, 3]]",0.2727272727272727,0.375,0.40909090909090906,3,0.5,2,1.0,-0.4285714285714286,0.721712742633488,-0.4472135954999579,0.0,0.6,0.7884920634920635,0.3,0.375,0.44999999999999996,0.25,0.375,0.375,0.3333333333333333,0,0.0,3,0.5
0.5113636363636364,0.5113636363636364,"{""clf__C"": 53.72198163554894, ""clf__gamma"": 0.0003972110727381913, ""clf__class_weight"": null}",0.3021464605985924,"[[11, 33], [10, 34]]",arousal,0.4755370755370755,0.5113636363636364,0.4755370755370755,10,0.22727272727272727,,33,0.75,0.022727272727272707,0.8215153746539324,0.026659558398736394,subject_dependent,rbf_svm,0.5238095238095238,0.5074626865671642,0.5557935373043545,0.515636105188344,0.5113636363636364,0.515636105188344,0.5113636363636364,0.5113636363636364,0.5113636363636364,0.4824380165289256,11,0.25,34,0.7727272727272727,0.5,0.5,0.27557155343035505,"[[0, 4], [0, 4]]",0.3333333333333333,0.5,0.3333333333333333,0,0.0,4,1.0,0.0,0.7478956146259936,0.0,0.0,0.5,0.5416666666666666,0.25,0.5,0.25,0.5,0.5,0.5,0.4375,0,0.0,4,1.0
0.5113636363636364,0.45151515151515154,"{""clf__C"": 12.957079329680445, ""clf__gamma"": 0.00032476735706274504, ""clf__class_weight"": null}",0.35584648633754795,"[[7, 26], [17, 38]]",arousal,0.4421347486362966,0.5113636363636364,0.4912649270234409,17,0.3090909090909091,,26,0.7878787878787878,-0.10256410256410264,1.0337642656376576,-0.10540925533894598,subject_dependent,rbf_svm,0.2916666666666667,0.59375,0.5375291517897623,0.44270833333333337,0.5113636363636364,0.48046875,0.45151515151515154,0.5113636363636364,0.5113636363636364,0.3371900826446281,7,0.21212121212121213,38,0.6909090909090909,0.5,0.4,0.33978765054900295,"[[0, 3], [1, 4]]",0.3333333333333333,0.5,0.41666666666666663,1,0.2,3,1.0,-0.23076923076923084,0.9688643107288537,-0.29277002188455997,0.0,0.5714285714285714,0.6192857142857142,0.2857142857142857,0.5,0.3571428571428571,0.4,0.5,0.5,0.2,0,0.0,4,0.8
0.5681818181818182,0.5681818181818182,"{""clf__C"": 0.4342298948286134, ""clf__gamma"": 0.0008179499475211679, ""clf__class_weight"": ""balanced""}",0.26987827654905705,"[[8, 36], [2, 42]]",arousal,0.49241044323011535,0.5681818181818182,0.49241044323011535,2,0.045454545454545456,,36,0.8181818181818182,0.13636363636363635,0.7363089978802464,0.21483446221182986,subject_dependent,rbf_svm,0.8,0.5384615384615384,0.49199499703491956,0.6692307692307693,0.5681818181818182,0.6692307692307693,0.5681818181818182,0.5681818181818182,0.5681818181818182,0.5247933884297521,8,0.18181818181818182,42,0.9545454545454546,0.5,0.5,0.2690689697811339,"[[0, 4], [0, 4]]",0.3333333333333333,0.5,0.3333333333333333,0,0.0,4,1.0,0.0,0.7341451735834892,0.0,0.0,0.5,0.5249999999999999,0.25,0.5,0.25,0.5,0.5,0.5,0.5,0,0.0,4,1.0
0.5681818181818182,0.5454545454545454,"{""clf__C"": 13.411788774467905, ""clf__gamma"": 0.00026210878782654407, ""clf__class_weight"": ""balanced""}",0.2265106543390378,"[[11, 11], [27, 39]]",arousal,0.5195402298850574,0.5681818181818182,0.5959770114942529,27,0.4090909090909091,,11,0.5,0.07317073170731703,0.6444392396030983,0.07947194142390263,subject_dependent,rbf_svm,0.2894736842105263,0.78,0.7714002445335955,0.5347368421052632,0.5681818181818182,0.6573684210526316,0.5454545454545454,0.5681818181818182,0.5681818181818182,0.5778236914600551,11,0.5,39,0.5909090909090909,0.875,0.75,0.21466182416589674,"[[1, 1], [0, 6]]",0.7948717948717949,0.875,0.8589743589743589,0,0.0,1,0.5,0.6,0.6225026278132504,0.6546536707079772,1.0,0.8571428571428571,0.7345238095238095,0.9285714285714286,0.875,0.8928571428571428,0.75,0.875,0.875,0.5,1,0.5,6,1.0
0.4431818181818182,0.44545454545454544,"{""clf__C"": 183.42628625395747, ""clf__gamma"": 0.0001005394019469303, ""clf__class_weight"": ""balanced""}",0.36345208208256075,"[[15, 18], [31, 24]]",arousal,0.43729609813389014,0.4431818181818182,0.4516834138066032,31,0.5636363636363636,,18,0.5454545454545454,-0.101123595505618,0.9950105491380641,-0.1057361065275362,subject_dependent,rbf_svm,0.32608695652173914,0.5714285714285714,0.6506346419897787,0.44875776397515527,0.4431818181818182,0.4794254658385093,0.44545454545454544,0.4431818181818182,0.4431818181818182,0.38292011019283745,15,0.45454545454545453,24,0.43636363636363634,0.25,0.2,0.3420144221929075,"[[0, 3], [3, 2]]",0.2,0.25,0.25,3,0.6,3,1.0,-0.6000000000000001,0.8741951109823173,-0.6,0.0,0.4,0.7392857142857143,0.2,0.25,0.25,0.2,0.25,0.25,0.4,0,0.0,2,0.4
0.5568181818181818,0.49242424242424243,"{""clf__C"": 1.351144633701368, ""clf__gamma"": 0.015446089075047083, ""clf__class_weight"": ""balanced""}",0.2641408916034363,"[[8, 14], [25, 41]]",arousal,0.484297520661157,0.5568181818181818,0.5809917355371901,25,0.3787878787878788,,14,0.6363636363636364,-0.01298701298701288,0.7554107009909129,-0.01355192713636236,subject_dependent,rbf_svm,0.24242424242424243,0.7454545454545455,0.8344169965978625,0.49393939393939396,0.5568181818181818,0.6196969696969697,0.49242424242424243,0.5568181818181818,0.5568181818181818,0.5544077134986226,8,0.36363636363636365,41,0.6212121212121212,0.5,0.3333333333333333,0.22634796825518352,"[[0, 2], [2, 4]]",0.3333333333333333,0.5,0.5,2,0.3333333333333333,2,1.0,-0.33333333333333326,0.6277037154798888,-0.3333333333333333,0.0,0.6666666666666666,0.8773809523809524,0.3333333333333333,0.5,0.5,0.3333333333333333,0.5,0.5,0.5833333333333333,0,0.0,4,0.6666666666666666
0.5795454545454546,0.5075757575757576,"{""clf__C"": 243.14537412227003, ""clf__gamma"": 0.0004992453416923984, ""clf__class_weight"": ""balanced""}",0.28899729945687885,"[[8, 14], [23, 43]]",arousal,0.5005368921613744,0.5795454545454546,0.5998619420156466,23,0.3484848484848485,,14,0.6363636363636364,0.013333333333333308,1.2000802049758093,0.013734760723838819,subject_dependent,rbf_svm,0.25806451612903225,0.7543859649122807,0.7386794473746394,0.5062252405206564,0.5795454545454546,0.6303056027164686,0.5075757575757576,0.5795454545454546,0.5795454545454546,0.5192837465564739,8,0.36363636363636365,43,0.6515151515151515,0.75,0.6666666666666667,0.23993780631633355,"[[1, 1], [1, 5]]",0.6666666666666667,0.75,0.75,1,0.16666666666666666,1,0.5,0.33333333333333337,0.8004081837591779,0.3333333333333333,0.5,0.8333333333333334,0.7166666666666667,0.6666666666666667,0.75,0.75,0.6666666666666667,0.75,0.75,0.4166666666666667,1,0.5,5,0.8333333333333334
0.42045454545454547,0.4204545454545454,"{""clf__C"": 1.351144633701368, ""clf__gamma"": 0.015446089075047083, ""clf__class_weight"": ""balanced""}",0.4145910966714563,"[[14, 30], [21, 23]]",arousal,0.4143285919352734,0.42045454545454547,0.41432859193527344,21,0.4772727272727273,,30,0.6818181818181818,-0.15909090909090917,1.2677683579181094,-0.16252721107440024,subject_dependent,rbf_svm,0.4,0.4339622641509434,0.4754958985688954,0.4169811320754717,0.42045454545454547,0.41698113207547166,0.4204545454545454,0.42045454545454547,0.42045454545454547,0.4023760330578512,14,0.3181818181818182,23,0.5227272727272727,0.375,0.375,0.36428465067980015,"[[0, 4], [1, 3]]",0.2727272727272727,0.375,0.2727272727272727,1,0.25,4,1.0,-0.25,1.002011387874579,-0.3779644730092272,0.0,0.42857142857142855,0.44047619047619047,0.21428571428571427,0.375,0.21428571428571427,0.375,0.375,0.375,0.1875,0,0.0,3,0.75
0.42045454545454547,0.43333333333333335,"{""clf__C"": 262.30889101079146, ""clf__gamma"": 0.0025135566617708314, ""clf__class_weight"": null}",0.40488824833778003,"[[16, 17], [34, 21]]",arousal,0.4185775359502526,0.42045454545454547,0.4268363777691411,34,0.6181818181818182,,17,0.5151515151515151,-0.1208791208791209,1.463498794338664,-0.13031675310700033,subject_dependent,rbf_svm,0.32,0.5526315789473685,0.5565811374338397,0.4363157894736842,0.42045454545454547,0.46539473684210536,0.43333333333333335,0.42045454545454547,0.42045454545454547,0.40550964187327826,16,0.48484848484848486,21,0.38181818181818183,0.25,0.26666666666666666,0.3200295442324419,"[[1, 2], [4, 1]]",0.25,0.25,0.25,4,0.8,2,0.6666666666666666,-0.41176470588235303,0.8448965219547628,-0.4666666666666667,0.2,0.3333333333333333,0.5783333333333334,0.26666666666666666,0.25,0.2833333333333333,0.26666666666666666,0.25,0.25,0.33333333333333337,1,0.3333333333333333,1,0.2
0.6477272727272727,0.6515151515151515,"{""clf__C"": 183.42628625395747, ""clf__gamma"": 0.0001005394019469303, ""clf__class_weight"": ""balanced""}",0.23755281550168722,"[[22, 11], [20, 35]]",arousal,0.6398679867986798,0.6477272727272727,0.6531683168316831,20,0.36363636363636365,,11,0.3333333333333333,0.28735632183908044,0.692035297074975,0.2937114070209339,subject_dependent,rbf_svm,0.5238095238095238,0.7608695652173914,0.7624768090874738,0.6423395445134576,0.6477272727272727,0.671972049689441,0.6515151515151515,0.6477272727272727,0.6477272727272727,0.6666666666666667,22,0.6666666666666666,35,0.6363636363636364,0.5,0.4666666666666667,0.19637590968998525,"[[1, 2], [2, 3]]",0.4666666666666667,0.5,0.5,2,0.4,2,0.6666666666666666,-0.06666666666666665,0.5714089804326404,-0.06666666666666667,0.3333333333333333,0.6,0.8761904761904762,0.4666666666666667,0.5,0.5,0.4666666666666667,0.5,0.5,0.7333333333333334,1,0.3333333333333333,3,0.6
0.4772727272727273,0.5064935064935064,"{""clf__C"": 5.2117930643778205, ""clf__gamma"": 0.0036999724314638123, ""clf__class_weight"": null}",0.36242980874969627,"[[6, 5], [41, 36]]",arousal,0.40853302162478083,0.4772727272727273,0.559760374050263,41,0.5324675324675324,,5,0.45454545454545453,0.00540540540540535,1.1354172995724243,0.008610138207173169,subject_dependent,rbf_svm,0.1276595744680851,0.8780487804878049,0.9141921292657303,0.502854177477945,0.4772727272727273,0.7842501297353398,0.5064935064935064,0.4772727272727273,0.4772727272727273,0.5478158205430933,6,0.5454545454545454,36,0.4675324675324675,0.625,0.7857142857142857,0.2577388124537128,"[[1, 0], [3, 4]]",0.5636363636363637,0.625,0.6863636363636364,3,0.42857142857142855,0,0.0,0.25,0.7093652027818532,0.3779644730092272,0.25,1.0,0.9379251700680272,0.625,0.625,0.90625,0.7857142857142857,0.625,0.625,0.5714285714285714,1,1.0,4,0.5714285714285714
0.4318181818181818,0.4318181818181818,"{""clf__C"": 48.43827864278568, ""clf__gamma"": 0.00039459088111000007, ""clf__class_weight"": ""balanced""}",0.38546630089912776,"[[18, 26], [24, 20]]",arousal,0.4315245478036176,0.4318181818181818,0.43152454780361754,24,0.5454545454545454,,26,0.5909090909090909,-0.13636363636363646,1.1089659879093714,-0.136504726557987,subject_dependent,rbf_svm,0.42857142857142855,0.43478260869565216,0.4826765002812107,0.43167701863354035,0.4318181818181818,0.43167701863354035,0.4318181818181818,0.4318181818181818,0.4318181818181818,0.40185950413223137,18,0.4090909090909091,20,0.45454545454545453,0.25,0.25,0.32672599988480533,"[[1, 3], [3, 1]]",0.25,0.25,0.25,3,0.75,3,0.75,-0.5,0.8555171953752003,-0.5,0.25,0.25,0.475,0.25,0.25,0.25,0.25,0.25,0.25,0.3125,1,0.25,1,0.25
0.5227272727272727,0.5227272727272727,"{""clf__C"": 160.49758307716223, ""clf__gamma"": 0.00018427970406864567, ""clf__class_weight"": null}",0.3155014910577371,"[[25, 19], [23, 21]]",arousal,0.5217391304347826,0.5227272727272727,0.5217391304347826,23,0.5227272727272727,,19,0.4318181818181818,0.045454545454545414,0.8952243604814705,0.04564354645876384,subject_dependent,rbf_svm,0.5208333333333334,0.525,0.5311740758364663,0.5229166666666667,0.5227272727272727,0.5229166666666667,0.5227272727272727,0.5227272727272727,0.5227272727272727,0.5397727272727273,25,0.5681818181818182,21,0.4772727272727273,0.375,0.375,0.25878753280015704,"[[2, 2], [3, 1]]",0.36507936507936506,0.375,0.36507936507936506,3,0.75,2,0.5,-0.25,0.703634472328999,-0.2581988897471611,0.4,0.3333333333333333,0.6178571428571429,0.3666666666666667,0.375,0.3666666666666667,0.375,0.375,0.375,0.4375,2,0.5,1,0.25
0.6136363636363636,0.6136363636363636,"{""clf__C"": 32.32518791282502, ""clf__gamma"": 0.0005104518230902811, ""clf__class_weight"": ""balanced""}",0.28575788614481423,"[[23, 21], [13, 31]]",arousal,0.6104166666666666,0.6136363636363636,0.6104166666666667,13,0.29545454545454547,,21,0.4772727272727273,0.2272727272727273,0.8606076991135665,0.23112508176051214,subject_dependent,rbf_svm,0.6388888888888888,0.5961538461538461,0.5625752795269834,0.6175213675213675,0.6136363636363636,0.6175213675213675,0.6136363636363636,0.6136363636363636,0.6136363636363636,0.5883264462809917,23,0.5227272727272727,31,0.7045454545454546,0.625,0.625,0.23534602230297708,"[[1, 3], [0, 4]]",0.5636363636363637,0.625,0.5636363636363637,0,0.0,3,0.75,0.25,0.6622262014355018,0.3779644730092272,1.0,0.5714285714285714,0.7470238095238095,0.7857142857142857,0.625,0.7857142857142857,0.625,0.625,0.625,0.6875,1,0.25,4,1.0
0.5909090909090909,0.6181818181818182,"{""clf__C"": 166.2878326769575, ""clf__gamma"": 0.008979064194712979, ""clf__class_weight"": ""balanced""}",0.2961982943431671,"[[24, 9], [27, 28]]",arousal,0.5900621118012422,0.5909090909090909,0.59472049689441,27,0.4909090909090909,,9,0.2727272727272727,0.21311475409836067,1.0159258757396052,0.2318104592769849,subject_dependent,rbf_svm,0.47058823529411764,0.7567567567567568,0.8160831584039712,0.6136724960254372,0.5909090909090909,0.6494435612082671,0.6181818181818182,0.5909090909090909,0.5909090909090909,0.6754820936639118,24,0.7272727272727273,28,0.509090909090909,0.625,0.7,0.23855022977022183,"[[3, 0], [3, 2]]",0.6190476190476191,0.625,0.6071428571428571,3,0.6,0,0.0,0.33333333333333337,0.712779340258765,0.4472135954999579,0.5,1.0,0.852857142857143,0.75,0.625,0.8125,0.7,0.625,0.625,0.7333333333333334,3,1.0,2,0.4
0.75,0.75,"{""clf__C"": 0.4342298948286134, ""clf__gamma"": 0.0008179499475211679, ""clf__class_weight"": ""balanced""}",0.1501647333775448,"[[43, 1], [21, 23]]",arousal,0.7363834422657952,0.75,0.7363834422657952,21,0.4772727272727273,,1,0.022727272727272728,0.5,0.46633287840692683,0.5613413993878117,subject_dependent,rbf_svm,0.671875,0.9583333333333334,0.9307831994250436,0.8151041666666667,0.75,0.8151041666666667,0.75,0.75,0.75,0.9300103305785125,43,0.9772727272727273,23,0.5227272727272727,0.75,0.75,0.1400171104602238,"[[4, 0], [2, 2]]",0.7333333333333334,0.75,0.7333333333333334,2,0.5,0,0.0,0.5,0.45299744569275274,0.5773502691896258,0.6666666666666666,1.0,0.95,0.8333333333333333,0.75,0.8333333333333333,0.75,0.75,0.75,0.9375,4,1.0,2,0.5
0.7840909090909091,0.8090909090909091,"{""clf__C"": 262.30889101079146, ""clf__gamma"": 0.0025135566617708314, ""clf__class_weight"": null}",0.1761538520882646,"[[30, 3], [16, 39]]",arousal,0.7818086911131411,0.7840909090909091,0.7873874461699074,16,0.2909090909090909,,3,0.09090909090909091,0.5730337078651686,0.6605879588357325,0.5991712703227051,subject_dependent,rbf_svm,0.6521739130434783,0.9285714285714286,0.93418065135674,0.7903726708074534,0.7840909090909091,0.8249223602484473,0.8090909090909091,0.7840909090909091,0.7840909090909091,0.8710743801652893,30,0.9090909090909091,39,0.7090909090909091,0.875,0.9,0.11860143135080023,"[[3, 0], [1, 4]]",0.873015873015873,0.875,0.876984126984127,1,0.2,0,0.0,0.75,0.37300104161561565,0.7745966692414834,0.75,1.0,1.0,0.875,0.875,0.90625,0.9,0.875,0.875,1.0,3,1.0,4,0.8
0.625,0.625,"{""clf__C"": 51.4138527229363, ""clf__gamma"": 0.006173770394704574, ""clf__class_weight"": ""balanced""}",0.29818688729966625,"[[33, 11], [22, 22]]",arousal,0.6190476190476191,0.625,0.6190476190476191,22,0.5,,11,0.25,0.25,1.1942871532130521,0.2581988897471611,subject_dependent,rbf_svm,0.6,0.6666666666666666,0.7320301532486435,0.6333333333333333,0.625,0.6333333333333333,0.625,0.625,0.625,0.6730371900826446,33,0.75,22,0.5,0.625,0.625,0.2493205909730087,"[[3, 1], [2, 2]]",0.6190476190476191,0.625,0.6190476190476191,2,0.5,1,0.25,0.25,0.7621629432306435,0.2581988897471611,0.6,0.6666666666666666,0.7928571428571428,0.6333333333333333,0.625,0.6333333333333333,0.625,0.625,0.625,0.6875,3,0.75,2,0.5
0.48863636363636365,0.48863636363636365,"{""clf__C"": 13.411788774467905, ""clf__gamma"": 0.00026210878782654407, ""clf__class_weight"": ""balanced""}",0.3476638779006912,"[[14, 30], [15, 29]]",arousal,0.4733342199760606,0.48863636363636365,0.4733342199760606,15,0.3409090909090909,,30,0.6818181818181818,-0.022727272727272707,1.23663334063368,-0.02417547385148619,subject_dependent,rbf_svm,0.4827586206896552,0.4915254237288136,0.7238510521406878,0.4871420222092344,0.48863636363636365,0.48714202220923447,0.48863636363636365,0.48863636363636365,0.48863636363636365,0.6518595041322315,14,0.3181818181818182,29,0.6590909090909091,0.5,0.5,0.31815021307914837,"[[1, 3], [1, 3]]",0.4666666666666667,0.5,0.4666666666666667,1,0.25,3,0.75,0.0,0.8816068565365975,0.0,0.5,0.5,0.7678571428571428,0.5,0.5,0.5,0.5,0.5,0.5,0.625,1,0.25,3,0.75
0.6477272727272727,0.6090909090909091,"{""clf__C"": 7.709391232564023, ""clf__gamma"": 0.00026471141828218194, ""clf__class_weight"": null}",0.20089810459432708,"[[15, 18], [13, 42]]",arousal,0.6111190306486101,0.6477272727272727,0.6409479686386315,13,0.23636363636363636,,18,0.5454545454545454,0.22499999999999998,0.5801105246548421,0.22677868380553634,subject_dependent,rbf_svm,0.5357142857142857,0.7,0.8116503539125834,0.6178571428571429,0.6477272727272727,0.6383928571428572,0.6090909090909091,0.6477272727272727,0.6477272727272727,0.7308539944903581,15,0.45454545454545453,42,0.7636363636363637,0.75,0.7333333333333334,0.1694627939894519,"[[2, 1], [1, 4]]",0.7333333333333334,0.75,0.75,1,0.2,1,0.3333333333333333,0.4666666666666667,0.522331793222703,0.4666666666666667,0.6666666666666666,0.8,0.9266666666666666,0.7333333333333334,0.75,0.75,0.7333333333333334,0.75,0.75,0.8666666666666667,2,0.6666666666666666,4,0.8
0.6022727272727273,0.6022727272727273,"{""clf__C"": 0.40069130793659025, ""clf__gamma"": 0.0014899847475658245, ""clf__class_weight"": ""balanced""}",0.2637360432925784,"[[25, 19], [16, 28]]",arousal,0.6018099547511313,0.6022727272727273,0.6018099547511313,16,0.36363636363636365,,19,0.4318181818181818,0.20454545454545459,0.7822141772883332,0.2050225600506816,subject_dependent,rbf_svm,0.6097560975609756,0.5957446808510638,0.5370159035809045,0.6027503892060198,0.6022727272727273,0.6027503892060196,0.6022727272727273,0.6022727272727273,0.6022727272727273,0.6074380165289256,25,0.5681818181818182,28,0.6363636363636364,0.625,0.625,0.23590877428235318,"[[1, 3], [0, 4]]",0.5636363636363637,0.625,0.5636363636363637,0,0.0,3,0.75,0.25,0.6763936243337634,0.3779644730092272,1.0,0.5714285714285714,0.6791666666666667,0.7857142857142857,0.625,0.7857142857142857,0.625,0.625,0.625,0.75,1,0.25,4,1.0
0.7272727272727273,0.6363636363636364,"{""clf__C"": 0.40069130793659025, ""clf__gamma"": 0.0014899847475658245, ""clf__class_weight"": ""balanced""}",0.17417052586283208,"[[10, 12], [12, 54]]",arousal,0.6363636363636364,0.7272727272727273,0.7272727272727273,12,0.18181818181818182,,12,0.5454545454545454,0.2727272727272727,0.5383148477556343,0.2727272727272727,subject_dependent,rbf_svm,0.45454545454545453,0.8181818181818182,0.8181920709839126,0.6363636363636364,0.7272727272727273,0.7272727272727273,0.6363636363636364,0.7272727272727273,0.7272727272727273,0.6845730027548209,10,0.45454545454545453,54,0.8181818181818182,0.875,0.75,0.15311859006882897,"[[1, 1], [0, 6]]",0.7948717948717949,0.875,0.8589743589743589,0,0.0,1,0.5,0.6,0.48052859047960517,0.6546536707079772,1.0,0.8571428571428571,0.915079365079365,0.9285714285714286,0.875,0.8928571428571428,0.75,0.875,0.875,0.75,1,0.5,6,1.0
0.6136363636363636,0.6136363636363636,"{""clf__C"": 7.709391232564023, ""clf__gamma"": 0.00026471141828218194, ""clf__class_weight"": null}",0.2421210787862745,"[[26, 18], [16, 28]]",arousal,0.6134366925064599,0.6136363636363636,0.6134366925064599,16,0.36363636363636365,,18,0.4090909090909091,0.2272727272727273,0.7074837002745319,0.22750787759664504,subject_dependent,rbf_svm,0.6190476190476191,0.6086956521739131,0.6733155963771289,0.6138716356107661,0.6136363636363636,0.6138716356107661,0.6136363636363636,0.6136363636363636,0.6136363636363636,0.6714876033057852,26,0.5909090909090909,28,0.6363636363636364,0.75,0.75,0.18984319848006348,"[[3, 1], [1, 3]]",0.75,0.75,0.75,1,0.25,1,0.25,0.5,0.5643264927709684,0.5,0.75,0.75,0.95,0.75,0.75,0.75,0.75,0.75,0.75,0.9375,3,0.75,3,0.75
0.7613636363636364,0.7363636363636363,"{""clf__C"": 0.4342298948286134, ""clf__gamma"": 0.0008179499475211679, ""clf__class_weight"": ""balanced""}",0.1892737303973634,"[[21, 12], [9, 46]]",arousal,0.7404129793510325,0.7613636363636364,0.758849557522124,9,0.16363636363636364,,12,0.36363636363636365,0.4814814814814815,0.5767050318971937,0.4828078792603348,subject_dependent,rbf_svm,0.7,0.7931034482758621,0.7403892865725967,0.746551724137931,0.7613636363636364,0.7581896551724138,0.7363636363636363,0.7613636363636364,0.7613636363636364,0.737741046831956,21,0.6363636363636364,46,0.8363636363636363,0.75,0.6666666666666666,0.17565777947938188,"[[1, 2], [0, 5]]",0.6666666666666667,0.75,0.7083333333333334,0,0.0,2,0.6666666666666666,0.3846153846153846,0.5336359298413818,0.4879500364742666,1.0,0.7142857142857143,0.9266666666666666,0.8571428571428572,0.75,0.8214285714285714,0.6666666666666666,0.75,0.75,0.8666666666666667,1,0.3333333333333333,5,1.0
0.4431818181818182,0.4696969696969697,"{""clf__C"": 166.2878326769575, ""clf__gamma"": 0.008979064194712979, ""clf__class_weight"": ""balanced""}",0.41915972383994776,"[[19, 14], [35, 20]]",arousal,0.44310990572129666,0.4431818181818182,0.4446919798527702,35,0.6363636363636364,,14,0.42424242424242425,-0.053763440860215006,1.3541787431302783,-0.06025846050518227,subject_dependent,rbf_svm,0.35185185185185186,0.5882352941176471,0.6494071817562357,0.47004357298474947,0.4431818181818182,0.4995915032679738,0.4696969696969697,0.4431818181818182,0.4431818181818182,0.43581267217630854,19,0.5757575757575758,20,0.36363636363636365,0.375,0.43333333333333335,0.3711972859474077,"[[2, 1], [4, 1]]",0.36507936507936506,0.375,0.34523809523809523,4,0.8,1,0.3333333333333333,-0.11111111111111116,0.995726272581461,-0.14907119849998599,0.3333333333333333,0.5,0.6192857142857142,0.41666666666666663,0.375,0.4375,0.43333333333333335,0.375,0.375,0.2,2,0.6666666666666666,1,0.2
0.625,0.6151515151515152,"{""clf__C"": 0.40069130793659025, ""clf__gamma"": 0.0014899847475658245, ""clf__class_weight"": ""balanced""}",0.23099047596592095,"[[19, 14], [19, 36]]",arousal,0.6104627766599597,0.625,0.6292756539235412,19,0.34545454545454546,,14,0.42424242424242425,0.22352941176470587,0.6544624407035075,0.2250925735484551,subject_dependent,rbf_svm,0.5,0.72,0.7508938886721488,0.61,0.625,0.6375000000000001,0.6151515151515152,0.625,0.625,0.6247933884297521,19,0.5757575757575758,36,0.6545454545454545,0.5,0.4,0.23083451879314254,"[[0, 3], [1, 4]]",0.3333333333333333,0.5,0.41666666666666663,1,0.2,3,1.0,-0.23076923076923084,0.6541641879256571,-0.29277002188455997,0.0,0.5714285714285714,0.8083333333333333,0.2857142857142857,0.5,0.3571428571428571,0.4,0.5,0.5,0.6,0,0.0,4,0.8
0.5227272727272727,0.44242424242424244,"{""clf__C"": 0.6351054340728711, ""clf__gamma"": 0.0005285382203816729, ""clf__class_weight"": ""balanced""}",0.2895040388749823,"[[4, 29], [13, 42]]",arousal,0.41333333333333333,0.5227272727272727,0.4766666666666666,13,0.23636363636363636,,29,0.8787878787878788,-0.12751677852348986,0.7849478957192738,-0.14120638548930775,subject_dependent,rbf_svm,0.23529411764705882,0.5915492957746479,0.5752690053635838,0.4134217067108533,0.5227272727272727,0.45795360397680196,0.44242424242424244,0.5227272727272727,0.5227272727272727,0.4209366391184573,4,0.12121212121212122,42,0.7636363636363637,0.625,0.5666666666666667,0.284091653467797,"[[1, 2], [1, 4]]",0.5636363636363637,0.625,0.6045454545454546,1,0.2,2,0.6666666666666666,0.1428571428571429,0.7706755999494752,0.14907119849998599,0.5,0.6666666666666666,0.6783333333333333,0.5833333333333333,0.625,0.6041666666666666,0.5666666666666667,0.625,0.625,0.4,1,0.3333333333333333,4,0.8
0.5113636363636364,0.33116883116883117,"{""clf__C"": 160.49758307716223, ""clf__gamma"": 0.00018427970406864567, ""clf__class_weight"": null}",0.28880578619432634,"[[1, 10], [33, 44]]",arousal,0.35810008481764205,0.5113636363636364,0.5933418150975402,33,0.42857142857142855,,10,0.9090909090909091,-0.17808219178082196,0.8413256555697437,-0.22934432041081734,subject_dependent,rbf_svm,0.029411764705882353,0.8148148148148148,0.8110252819998678,0.42211328976034856,0.5113636363636364,0.7166394335511982,0.33116883116883117,0.5113636363636364,0.5113636363636364,0.3187721369539552,1,0.09090909090909091,44,0.5714285714285714,0.5,0.2857142857142857,0.24914452483503224,"[[0, 1], [3, 4]]",0.3333333333333333,0.5,0.5833333333333333,3,0.42857142857142855,1,1.0,-0.23076923076923084,0.6825828134028668,-0.29277002188455997,0.0,0.8,0.8736394557823131,0.4,0.5,0.7000000000000001,0.2857142857142857,0.5,0.5,0.2857142857142857,0,0.0,4,0.5714285714285714
0.5113636363636364,0.41515151515151516,"{""clf__C"": 0.6351054340728711, ""clf__gamma"": 0.0005285382203816729, ""clf__class_weight"": ""balanced""}",0.30362561440224956,"[[1, 32], [11, 44]]",arousal,0.35810008481764205,0.5113636363636364,0.43651399491094156,11,0.2,,32,0.9696969696969697,-0.19444444444444442,0.8173517405389732,-0.2393949488198693,subject_dependent,rbf_svm,0.08333333333333333,0.5789473684210527,0.4439918231077069,0.331140350877193,0.5113636363636364,0.3930921052631579,0.41515151515151516,0.5113636363636364,0.5113636363636364,0.13002754820936638,1,0.030303030303030304,44,0.8,0.5,0.4,0.30154074853971696,"[[0, 3], [1, 4]]",0.3333333333333333,0.5,0.41666666666666663,1,0.2,3,1.0,-0.23076923076923084,0.8112736322162211,-0.29277002188455997,0.0,0.5714285714285714,0.5192857142857142,0.2857142857142857,0.5,0.3571428571428571,0.4,0.5,0.5,0.13333333333333336,0,0.0,4,0.8
0.4772727272727273,0.40909090909090906,"{""clf__C"": 0.40069130793659025, ""clf__gamma"": 0.0014899847475658245, ""clf__class_weight"": ""balanced""}",0.24846735228741731,"[[6, 16], [30, 36]]",arousal,0.40853302162478083,0.4772727272727273,0.5093512565751023,30,0.45454545454545453,,16,0.7272727272727273,-0.1499999999999999,0.716331198930416,-0.16012815380508713,subject_dependent,rbf_svm,0.16666666666666666,0.6923076923076923,0.676481830651529,0.42948717948717946,0.4772727272727273,0.5608974358974359,0.40909090909090906,0.4772727272727273,0.4772727272727273,0.3667355371900826,6,0.2727272727272727,36,0.5454545454545454,0.625,0.4166666666666667,0.2396080453293033,"[[0, 2], [1, 5]]",0.38461538461538464,0.625,0.576923076923077,1,0.16666666666666666,2,1.0,-0.19999999999999996,0.7008992501987342,-0.2182178902359924,0.0,0.7142857142857143,0.7801587301587302,0.35714285714285715,0.625,0.5357142857142857,0.4166666666666667,0.625,0.625,0.41666666666666663,0,0.0,5,0.8333333333333334
0.4431818181818182,0.4431818181818181,"{""clf__C"": 0.21466070134458173, ""clf__gamma"": 0.0012955517240662183, ""clf__class_weight"": ""balanced""}",0.36999056131742497,"[[15, 29], [20, 24]]",arousal,0.43729609813389014,0.4431818181818182,0.4372960981338901,20,0.45454545454545453,,29,0.6590909090909091,-0.11363636363636354,1.073532587144744,-0.11609086505314302,subject_dependent,rbf_svm,0.42857142857142855,0.4528301886792453,0.4354773535593975,0.4407008086253369,0.4431818181818182,0.44070080862533695,0.4431818181818181,0.4431818181818182,0.4431818181818182,0.39256198347107435,15,0.3409090909090909,24,0.5454545454545454,0.5,0.5,0.36108268601776394,"[[0, 4], [0, 4]]",0.3333333333333333,0.5,0.3333333333333333,0,0.0,4,1.0,0.0,1.046411789691548,0.0,0.0,0.5,0.48214285714285715,0.25,0.5,0.25,0.5,0.5,0.5,0.3125,0,0.0,4,1.0
0.4772727272727273,0.4242424242424242,"{""clf__C"": 183.42628625395747, ""clf__gamma"": 0.0001005394019469303, ""clf__class_weight"": ""balanced""}",0.3016459120268456,"[[7, 15], [31, 35]]",arousal,0.41839080459770117,0.4772727272727273,0.5109195402298851,31,0.4696969696969697,,15,0.6818181818181818,-0.12195121951219523,0.8646892210826173,-0.13245323570650439,subject_dependent,rbf_svm,0.18421052631578946,0.7,0.7092169773635131,0.4421052631578947,0.4772727272727273,0.5710526315789474,0.4242424242424242,0.4772727272727273,0.4772727272727273,0.3973829201101929,7,0.3181818181818182,35,0.5303030303030303,0.5,0.3333333333333333,0.2660693617039137,"[[0, 2], [2, 4]]",0.3333333333333333,0.5,0.5,2,0.3333333333333333,2,1.0,-0.33333333333333326,0.7387325450305577,-0.3333333333333333,0.0,0.6666666666666666,0.6968253968253968,0.3333333333333333,0.5,0.5,0.3333333333333333,0.5,0.5,0.3333333333333333,0,0.0,4,0.6666666666666666
0.5,0.5393939393939394,"{""clf__C"": 0.4342298948286134, ""clf__gamma"": 0.0008179499475211679, ""clf__class_weight"": ""balanced""}",0.23307164320278975,"[[23, 10], [34, 21]]",arousal,0.49974160206718343,0.5,0.4968992248062015,34,0.6181818181818182,,10,0.30303030303030304,0.06878306878306883,0.6584616253230506,0.07985083244631432,subject_dependent,rbf_svm,0.40350877192982454,0.6774193548387096,0.6936379542095501,0.5404640633842671,0.5,0.5747028862478778,0.5393939393939394,0.5,0.5,0.5399449035812672,23,0.696969696969697,21,0.38181818181818183,0.625,0.5,0.23152510607235777,"[[0, 3], [0, 5]]",0.38461538461538464,0.625,0.4807692307692308,0,0.0,3,1.0,0.0,0.6548670868260669,0.0,0.0,0.625,0.8083333333333333,0.3125,0.625,0.390625,0.5,0.625,0.625,0.6,0,0.0,5,1.0
0.6022727272727273,0.6022727272727273,"{""clf__C"": 160.49758307716223, ""clf__gamma"": 0.00018427970406864567, ""clf__class_weight"": null}",0.25435190800601537,"[[20, 24], [11, 33]]",arousal,0.5933993399339934,0.6022727272727273,0.5933993399339934,11,0.25,,24,0.5454545454545454,0.20454545454545459,0.7223953503770217,0.21410373063141294,subject_dependent,rbf_svm,0.6451612903225806,0.5789473684210527,0.6479400951792891,0.6120543293718166,0.6022727272727273,0.6120543293718167,0.6022727272727273,0.6022727272727273,0.6022727272727273,0.6456611570247934,20,0.45454545454545453,33,0.75,0.75,0.75,0.21619793701334505,"[[2, 2], [0, 4]]",0.7333333333333334,0.75,0.7333333333333334,0,0.0,2,0.5,0.5,0.622388651304937,0.5773502691896258,1.0,0.6666666666666666,0.8541666666666666,0.8333333333333333,0.75,0.8333333333333333,0.75,0.75,0.75,0.8125,2,0.5,4,1.0
0.5795454545454546,0.6287878787878788,"{""clf__C"": 0.40069130793659025, ""clf__gamma"": 0.0014899847475658245, ""clf__class_weight"": ""balanced""}",0.2760761306953572,"[[16, 6], [31, 35]]",arousal,0.5589868617093322,0.5795454545454546,0.606596234592984,31,0.4696969696969697,,6,0.2727272727272727,0.18681318681318682,0.7544186317523188,0.223587457110947,subject_dependent,rbf_svm,0.3404255319148936,0.8536585365853658,0.8266047702841715,0.5970420342501297,0.5795454545454546,0.7253502854177478,0.6287878787878788,0.5795454545454546,0.5795454545454546,0.6212121212121211,16,0.7272727272727273,35,0.5303030303030303,0.5,0.6666666666666666,0.259924620698871,"[[2, 0], [4, 2]]",0.5,0.5,0.5,4,0.6666666666666666,0,0.0,0.19999999999999996,0.7140178348050441,0.3333333333333333,0.3333333333333333,1.0,0.915079365079365,0.6666666666666666,0.5,0.8333333333333334,0.6666666666666666,0.5,0.5,0.75,2,1.0,2,0.3333333333333333
0.6931818181818182,0.6590909090909092,"{""clf__C"": 13.411788774467905, ""clf__gamma"": 0.00026210878782654407, ""clf__class_weight"": ""balanced""}",0.20882736001821198,"[[13, 9], [18, 48]]",arousal,0.635526921306949,0.6931818181818182,0.7080073630924989,18,0.2727272727272727,,9,0.4090909090909091,0.28,0.6079848570821226,0.2884299752006152,subject_dependent,rbf_svm,0.41935483870967744,0.8421052631578947,0.882416401239771,0.6307300509337861,0.6931818181818182,0.7364176570458404,0.6590909090909092,0.6931818181818182,0.6931818181818182,0.7014462809917357,13,0.5909090909090909,48,0.7272727272727273,0.75,0.8333333333333333,0.17940852047142067,"[[2, 0], [2, 4]]",0.7333333333333334,0.75,0.7666666666666667,2,0.3333333333333333,0,0.0,0.5,0.5459086431326691,0.5773502691896258,0.5,1.0,1.0,0.75,0.75,0.875,0.8333333333333333,0.75,0.75,1.0,2,1.0,4,0.6666666666666666
0.625,0.5075757575757576,"{""clf__C"": 0.4342298948286134, ""clf__gamma"": 0.0008179499475211679, ""clf__class_weight"": ""balanced""}",0.2504870738116647,"[[6, 16], [17, 49]]",arousal,0.5073791348600509,0.625,0.627735368956743,17,0.25757575757575757,,16,0.7272727272727273,0.014925373134328401,0.6951688136701528,0.014932027335788824,subject_dependent,rbf_svm,0.2608695652173913,0.7538461538461538,0.7283192504099358,0.5073578595317726,0.625,0.6306020066889633,0.5075757575757576,0.625,0.625,0.4573002754820936,6,0.2727272727272727,49,0.7424242424242424,0.5,0.3333333333333333,0.24302408039200513,"[[0, 2], [2, 4]]",0.3333333333333333,0.5,0.5,2,0.3333333333333333,2,1.0,-0.33333333333333326,0.678993934265885,-0.3333333333333333,0.0,0.6666666666666666,0.8134920634920635,0.3333333333333333,0.5,0.5,0.3333333333333333,0.5,0.5,0.41666666666666663,0,0.0,4,0.6666666666666666
0.5454545454545454,0.5454545454545454,"{""clf__C"": 51.4138527229363, ""clf__gamma"": 0.006173770394704574, ""clf__class_weight"": ""balanced""}",0.28175211389702826,"[[36, 30], [10, 12]]",arousal,0.5089285714285714,0.5454545454545454,0.5758928571428572,10,0.45454545454545453,,30,0.45454545454545453,0.06976744186046513,0.7900870198287319,0.07881104062391008,subject_dependent,rbf_svm,0.782608695652174,0.2857142857142857,0.4433255676424118,0.5341614906832298,0.5454545454545454,0.6583850931677019,0.5454545454545454,0.5454545454545454,0.5454545454545454,0.5888429752066116,36,0.5454545454545454,12,0.5454545454545454,0.625,0.5833333333333333,0.22786729188312743,"[[4, 2], [1, 1]]",0.5636363636363637,0.625,0.6454545454545454,1,0.5,2,0.3333333333333333,0.1428571428571429,0.6465733777757027,0.14907119849998599,0.8,0.3333333333333333,0.625,0.5666666666666667,0.625,0.6833333333333335,0.5833333333333333,0.625,0.625,0.5,4,0.6666666666666666,1,0.5
0.45454545454545453,0.4727272727272727,"{""clf__C"": 13.411788774467905, ""clf__gamma"": 0.00026210878782654407, ""clf__class_weight"": ""balanced""}",0.3094106927823936,"[[22, 33], [15, 18]]",arousal,0.45341614906832295,0.45454545454545453,0.45962732919254656,15,0.45454545454545453,,33,0.6,-0.049180327868852514,0.8445024673650093,-0.0534947213716119,subject_dependent,rbf_svm,0.5945945945945946,0.35294117647058826,0.47657830965079345,0.4737678855325914,0.45454545454545453,0.5039745627980922,0.4727272727272727,0.45454545454545453,0.45454545454545453,0.5118457300275482,22,0.4,18,0.5454545454545454,0.5,0.5333333333333333,0.28092150450446995,"[[2, 3], [1, 2]]",0.5,0.5,0.5,1,0.3333333333333333,3,0.6,0.05882352941176472,0.7599495859462748,0.06666666666666667,0.6666666666666666,0.4,0.625,0.5333333333333333,0.5,0.5666666666666667,0.5333333333333333,0.5,0.5,0.5333333333333333,2,0.4,2,0.6666666666666666
0.75,0.5,"{""clf__C"": 2.0059560245279644, ""clf__gamma"": 0.07114476009343425, ""clf__class_weight"": null}",0.18325006174142108,"[[0, 22], [0, 66]]",arousal,0.42857142857142855,0.75,0.6428571428571428,0,0.0,,22,1.0,0.0,0.5508778590083309,0.0,subject_dependent,rbf_svm,0.0,0.75,0.8178510822249117,0.375,0.75,0.5625,0.5,0.75,0.75,0.6418732782369146,0,0.0,66,1.0,0.75,0.5,0.182475552786465,"[[0, 2], [0, 6]]",0.42857142857142855,0.75,0.6428571428571428,0,0.0,2,1.0,0.0,0.546096996677943,0.0,0.0,0.75,1.0,0.375,0.75,0.5625,0.5,0.75,0.75,1.0,0,0.0,6,1.0
0.625,0.5,"{""clf__C"": 0.40069130793659025, ""clf__gamma"": 0.0014899847475658245, ""clf__class_weight"": ""balanced""}",0.2345085018875974,"[[0, 33], [0, 55]]",arousal,0.38461538461538464,0.625,0.4807692307692308,0,0.0,,33,1.0,0.0,0.6618490257738132,0.0,subject_dependent,rbf_svm,0.0,0.625,0.5913385681256098,0.3125,0.625,0.390625,0.5,0.625,0.625,0.43360881542699725,0,0.0,55,1.0,0.625,0.5,0.23450785861789766,"[[0, 3], [0, 5]]",0.38461538461538464,0.625,0.4807692307692308,0,0.0,3,1.0,0.0,0.6618476060673574,0.0,0.0,0.625,0.7392857142857143,0.3125,0.625,0.390625,0.5,0.625,0.625,0.4,0,0.0,5,1.0
1.0,1.0,"{""clf__C"": 0.34866781670451225, ""clf__gamma"": 0.00014936568554617635, ""clf__class_weight"": ""balanced""}",,[[88]],arousal,1.0,1.0,1.0,,,,,,nan,,0.0,subject_dependent,rbf_svm,,,1.0,1.0,1.0,1.0,1.0,1.0,1.0,nan,,,,,1.0,1.0,,[[8]],1.0,1.0,1.0,,,,,nan,,0.0,,,1.0,1.0,1.0,1.0,1.0,1.0,1.0,nan,,,,
0.4659090909090909,0.5242424242424242,"{""clf__C"": 1.351144633701368, ""clf__gamma"": 0.015446089075047083, ""clf__class_weight"": ""balanced""}",0.39810064815423646,"[[16, 39], [8, 25]]",arousal,0.4602636043325068,0.4659090909090909,0.4464635260341902,8,0.24242424242424243,,39,0.7090909090909091,0.04081632653061229,1.2059280178218064,0.05270462766947299,subject_dependent,rbf_svm,0.6666666666666666,0.390625,0.4287978666971231,0.5286458333333333,0.4659090909090909,0.5631510416666666,0.5242424242424242,0.4659090909090909,0.4659090909090909,0.5085399449035812,16,0.2909090909090909,25,0.7575757575757576,0.375,0.43333333333333335,0.32572059135514336,"[[1, 4], [1, 2]]",0.36507936507936506,0.375,0.34523809523809523,1,0.3333333333333333,4,0.8,-0.11111111111111116,0.8568078107175251,-0.14907119849998599,0.5,0.3333333333333333,0.6428571428571429,0.41666666666666663,0.375,0.4375,0.43333333333333335,0.375,0.375,0.6,1,0.2,2,0.6666666666666666
0.42045454545454547,0.46969696969696967,"{""clf__C"": 5.2117930643778205, ""clf__gamma"": 0.0036999724314638123, ""clf__class_weight"": null}",0.41047305455269484,"[[15, 40], [11, 22]]",arousal,0.4167641325536062,0.42045454545454547,0.40516569200779723,11,0.3333333333333333,,40,0.7272727272727273,-0.05154639175257736,1.2943799178280786,-0.0643090141188591,subject_dependent,rbf_svm,0.5769230769230769,0.3548387096774194,0.4508978822264449,0.4658808933002481,0.42045454545454547,0.4936414392059553,0.46969696969696967,0.42045454545454547,0.42045454545454547,0.474931129476584,15,0.2727272727272727,22,0.6666666666666666,0.25,0.3333333333333333,0.3400710144393112,"[[0, 5], [1, 2]]",0.2,0.25,0.15000000000000002,1,0.3333333333333333,5,1.0,-0.26315789473684204,0.9091945999455399,-0.4879500364742666,0.0,0.2857142857142857,0.5916666666666666,0.14285714285714285,0.25,0.10714285714285714,0.3333333333333333,0.25,0.25,0.4666666666666667,0,0.0,2,0.6666666666666666
0.32954545454545453,0.5227272727272727,"{""clf__C"": 0.34866781670451225, ""clf__gamma"": 0.00014936568554617635, ""clf__class_weight"": ""balanced""}",0.19627472728186926,"[[20, 2], [57, 9]]",arousal,0.3189033189033189,0.32954545454545453,0.2763347763347763,57,0.8636363636363636,,2,0.09090909090909091,0.024793388429752095,0.5828383340540098,0.05951397006436156,subject_dependent,rbf_svm,0.2597402597402597,0.8181818181818182,0.8449834849177864,0.538961038961039,0.32954545454545453,0.6785714285714286,0.5227272727272727,0.32954545454545453,0.32954545454545453,0.5764462809917354,20,0.9090909090909091,9,0.13636363636363635,0.75,0.5,0.1962746577407789,"[[0, 2], [0, 6]]",0.42857142857142855,0.75,0.6428571428571428,0,0.0,2,1.0,0.0,0.5828381867460692,0.0,0.0,0.75,0.8551587301587301,0.375,0.75,0.5625,0.5,0.75,0.75,0.5,0,0.0,6,1.0
0.6590909090909091,0.6590909090909091,"{""clf__C"": 262.30889101079146, ""clf__gamma"": 0.0025135566617708314, ""clf__class_weight"": null}",0.3134437968805581,"[[18, 26], [4, 40]]",arousal,0.6363636363636364,0.6590909090909091,0.6363636363636364,4,0.09090909090909091,,26,0.5909090909090909,0.31818181818181823,2.357725035553875,0.36740471675703457,subject_dependent,rbf_svm,0.8181818181818182,0.6060606060606061,0.7778994961342958,0.7121212121212122,0.6590909090909091,0.7121212121212122,0.6590909090909091,0.6590909090909091,0.6590909090909091,0.7711776859504132,18,0.4090909090909091,40,0.9090909090909091,0.625,0.625,0.229093489918355,"[[1, 3], [0, 4]]",0.5636363636363637,0.625,0.5636363636363637,0,0.0,3,0.75,0.25,0.6439202497097163,0.3779644730092272,1.0,0.5714285714285714,1.0,0.7857142857142857,0.625,0.7857142857142857,0.625,0.625,0.625,1.0,1,0.25,4,1.0
0.4090909090909091,0.5151515151515151,"{""clf__C"": 1.351144633701368, ""clf__gamma"": 0.015446089075047083, ""clf__class_weight"": ""balanced""}",0.46681744101461126,"[[5, 50], [2, 31]]",arousal,0.3525749858517261,0.4090909090909091,0.3047538200339559,2,0.06060606060606061,,50,0.9090909090909091,0.023474178403755874,1.9719088809628884,0.05421667071936295,subject_dependent,rbf_svm,0.7142857142857143,0.38271604938271603,0.5386644469469644,0.5485008818342152,0.4090909090909091,0.5899470899470899,0.5151515151515151,0.4090909090909091,0.4090909090909091,0.5977961432506886,5,0.09090909090909091,31,0.9393939393939394,0.375,0.5,0.43002934075494725,"[[0, 5], [0, 3]]",0.2727272727272727,0.375,0.20454545454545453,0,0.0,5,1.0,0.0,1.1627121901056396,0.0,0.0,0.375,0.6666666666666667,0.1875,0.375,0.140625,0.5,0.375,0.375,0.6666666666666666,0,0.0,3,1.0
0.5795454545454546,0.5795454545454546,"{""clf__C"": 100.2571297605856, ""clf__gamma"": 0.0074112997810832455, ""clf__class_weight"": ""balanced""}",0.34185407696162357,"[[25, 19], [18, 26]]",arousal,0.5794911532997546,0.5795454545454546,0.5794911532997545,18,0.4090909090909091,,19,0.4318181818181818,0.15909090909090906,1.872093795460826,0.1591320125431105,subject_dependent,rbf_svm,0.5813953488372093,0.5777777777777777,0.6165748473873693,0.5795865633074935,0.5795454545454546,0.5795865633074936,0.5795454545454546,0.5795454545454546,0.5795454545454546,0.6430785123966942,25,0.5681818181818182,26,0.5909090909090909,0.625,0.625,0.2621404540331544,"[[2, 2], [1, 3]]",0.6190476190476191,0.625,0.6190476190476191,1,0.25,2,0.5,0.25,0.7182899888907259,0.2581988897471611,0.6666666666666666,0.6,0.7095238095238094,0.6333333333333333,0.625,0.6333333333333333,0.625,0.625,0.625,0.625,2,0.5,3,0.75
0.7159090909090909,0.7803030303030303,"{""clf__C"": 183.42628625395747, ""clf__gamma"": 0.0001005394019469303, ""clf__class_weight"": ""balanced""}",0.2589615816447843,"[[43, 23], [2, 20]]",arousal,0.6950796950796951,0.7159090909090909,0.734927234927235,2,0.09090909090909091,,23,0.3484848484848485,0.4252873563218391,0.9816660409078447,0.4856245257575306,subject_dependent,rbf_svm,0.9555555555555556,0.46511627906976744,0.7104602472349797,0.7103359173126615,0.7159090909090909,0.8329457364341085,0.7803030303030303,0.7159090909090909,0.7159090909090909,0.8670798898071624,43,0.6515151515151515,20,0.9090909090909091,0.75,0.8333333333333333,0.1987309751645121,"[[4, 2], [0, 2]]",0.7333333333333334,0.75,0.7666666666666667,0,0.0,2,0.3333333333333333,0.5,0.6002803571345491,0.5773502691896258,1.0,0.5,1.0,0.75,0.75,0.875,0.8333333333333333,0.75,0.75,1.0,4,0.6666666666666666,2,1.0
0.48863636363636365,0.48863636363636365,"{""clf__C"": 160.49758307716223, ""clf__gamma"": 0.00018427970406864567, ""clf__class_weight"": null}",0.29304083270706455,"[[23, 21], [24, 20]]",arousal,0.48804137039431156,0.48863636363636365,0.4880413703943116,24,0.5454545454545454,,21,0.4772727272727273,-0.022727272727272707,0.8161627936241328,-0.02278028445007573,subject_dependent,rbf_svm,0.48936170212765956,0.4878048780487805,0.5290154581650909,0.48858329008822,0.48863636363636365,0.48858329008822,0.48863636363636365,0.48863636363636365,0.48863636363636365,0.553202479338843,23,0.5227272727272727,20,0.45454545454545453,0.625,0.625,0.24344886920575712,"[[3, 1], [2, 2]]",0.6190476190476191,0.625,0.6190476190476191,2,0.5,1,0.25,0.25,0.6798730464725344,0.2581988897471611,0.6,0.6666666666666666,0.7678571428571428,0.6333333333333333,0.625,0.6333333333333333,0.625,0.625,0.625,0.625,3,0.75,2,0.5
0.3977272727272727,0.5833333333333334,"{""clf__C"": 243.14537412227003, ""clf__gamma"": 0.0004992453416923984, ""clf__class_weight"": ""balanced""}",0.4957800045056761,"[[14, 52], [1, 21]]",arousal,0.3938921377517869,0.3977272727272727,0.36978557504873294,1,0.045454545454545456,,52,0.7878787878787878,0.09401709401709402,2.1516304013234175,0.19192210494974504,subject_dependent,rbf_svm,0.9333333333333333,0.2876712328767123,0.40345784025825415,0.6105022831050229,0.3977272727272727,0.7719178082191781,0.5833333333333334,0.3977272727272727,0.3977272727272727,0.6577134986225895,14,0.21212121212121213,21,0.9545454545454546,0.375,0.5833333333333334,0.47148842911909067,"[[1, 5], [0, 2]]",0.36507936507936506,0.375,0.32539682539682535,0,0.0,5,0.8333333333333334,0.09090909090909094,1.518552505629284,0.2182178902359924,1.0,0.2857142857142857,0.45,0.6428571428571428,0.375,0.8214285714285714,0.5833333333333334,0.375,0.375,0.6666666666666667,1,0.16666666666666666,2,1.0
0.4431818181818182,0.45151515151515154,"{""clf__C"": 243.14537412227003, ""clf__gamma"": 0.0004992453416923984, ""clf__class_weight"": ""balanced""}",0.36322226997513757,"[[23, 32], [17, 16]]",arousal,0.43963612735542557,0.4431818181818182,0.45077972709551656,17,0.5151515151515151,,32,0.5818181818181818,-0.0888888888888888,1.0325380960479087,-0.09428090415820634,subject_dependent,rbf_svm,0.575,0.3333333333333333,0.3650769393993364,0.4541666666666666,0.4431818181818182,0.484375,0.45151515151515154,0.4431818181818182,0.4431818181818182,0.4242424242424243,23,0.41818181818181815,16,0.48484848484848486,0.5,0.4666666666666667,0.31507016468780513,"[[3, 2], [2, 1]]",0.4666666666666667,0.5,0.5,2,0.6666666666666666,2,0.4,-0.06666666666666665,0.8405250101772734,-0.06666666666666667,0.6,0.3333333333333333,0.5694444444444444,0.4666666666666667,0.5,0.5,0.4666666666666667,0.5,0.5,0.39999999999999997,3,0.6,1,0.3333333333333333
0.4659090909090909,0.32575757575757575,"{""clf__C"": 160.49758307716223, ""clf__gamma"": 0.00018427970406864567, ""clf__class_weight"": null}",0.3802512238330669,"[[40, 26], [21, 1]]",arousal,0.335368793186566,0.4659090909090909,0.48264502651454283,21,0.9545454545454546,,26,0.3939393939393939,-0.323943661971831,1.1744313436952882,-0.3272053598285119,subject_dependent,rbf_svm,0.6557377049180327,0.037037037037037035,0.164723412186363,0.3463873709775349,0.4659090909090909,0.5010625379477838,0.32575757575757575,0.4659090909090909,0.4659090909090909,0.21074380165289258,40,0.6060606060606061,1,0.045454545454545456,0.5,0.3333333333333333,0.3517001983552149,"[[4, 2], [2, 0]]",0.3333333333333333,0.5,0.5,2,1.0,2,0.3333333333333333,-0.33333333333333326,0.9880264013214801,-0.3333333333333333,0.6666666666666666,0.0,0.20833333333333331,0.3333333333333333,0.5,0.5,0.3333333333333333,0.5,0.5,0.08333333333333331,4,0.6666666666666666,0,0.0
0.4772727272727273,0.49090909090909085,"{""clf__C"": 243.14537412227003, ""clf__gamma"": 0.0004992453416923984, ""clf__class_weight"": ""balanced""}",0.35194497076596554,"[[24, 31], [15, 18]]",arousal,0.47483134405812144,0.4772727272727273,0.4837830825116761,15,0.45454545454545453,,31,0.5636363636363636,-0.016574585635359185,1.0749498162077535,-0.017719247798458352,subject_dependent,rbf_svm,0.6153846153846154,0.3673469387755102,0.33788283847316114,0.4913657770800628,0.4772727272727273,0.522370486656201,0.49090909090909085,0.4772727272727273,0.4772727272727273,0.4402203856749311,24,0.43636363636363634,18,0.5454545454545454,0.375,0.3666666666666667,0.28214448718563884,"[[2, 3], [2, 1]]",0.36507936507936506,0.375,0.38492063492063494,2,0.6666666666666666,3,0.6,-0.25,0.7597661711931178,-0.2581988897471611,0.5,0.25,0.3416666666666666,0.375,0.375,0.40625,0.3666666666666667,0.375,0.375,0.26666666666666666,2,0.4,1,0.3333333333333333
0.6363636363636364,0.6060606060606061,"{""clf__C"": 0.40069130793659025, ""clf__gamma"": 0.0014899847475658245, ""clf__class_weight"": ""balanced""}",0.24042882396982843,"[[16, 17], [15, 40]]",arousal,0.6071428571428572,0.6363636363636364,0.6339285714285714,15,0.2727272727272727,,17,0.5151515151515151,0.21472392638036808,0.6950020000855907,0.2149830104323847,subject_dependent,rbf_svm,0.5161290322580645,0.7017543859649122,0.6991808750429345,0.6089417091114884,0.6363636363636364,0.6321448783248443,0.6060606060606061,0.6363636363636364,0.6363636363636364,0.5972451790633608,16,0.48484848484848486,40,0.7272727272727273,0.75,0.6666666666666666,0.23165321987953694,"[[1, 2], [0, 5]]",0.6666666666666667,0.75,0.7083333333333334,0,0.0,2,0.6666666666666666,0.3846153846153846,0.6645358394421031,0.4879500364742666,1.0,0.7142857142857143,0.7861904761904762,0.8571428571428572,0.75,0.8214285714285714,0.6666666666666666,0.75,0.75,0.6666666666666667,1,0.3333333333333333,5,1.0
0.6590909090909091,0.7424242424242424,"{""clf__C"": 0.34866781670451225, ""clf__gamma"": 0.00014936568554617635, ""clf__class_weight"": ""balanced""}",0.19754273918427218,"[[20, 2], [28, 38]]",arousal,0.6442048517520216,0.6590909090909091,0.6805929919137466,28,0.42424242424242425,,2,0.09090909090909091,0.34782608695652173,0.5856380739837159,0.4216370213557839,subject_dependent,rbf_svm,0.4166666666666667,0.95,0.6049925412835016,0.6833333333333333,0.6590909090909091,0.8166666666666665,0.7424242424242424,0.6590909090909091,0.6590909090909091,0.18732782369146006,20,0.9090909090909091,38,0.5757575757575758,0.75,0.5,0.19754195462831975,"[[0, 2], [0, 6]]",0.42857142857142855,0.75,0.6428571428571428,0,0.0,2,1.0,0.0,0.5856367787507262,0.0,0.0,0.75,0.6218253968253968,0.375,0.75,0.5625,0.5,0.75,0.75,0.08333333333333333,0,0.0,6,1.0
0.875,0.5,"{""clf__C"": 0.34866781670451225, ""clf__gamma"": 0.00014936568554617635, ""clf__class_weight"": ""balanced""}",0.18156427480931303,"[[0, 11], [0, 77]]",arousal,0.4666666666666667,0.875,0.8166666666666668,0,0.0,,11,1.0,0.0,0.554330330122927,0.0,subject_dependent,rbf_svm,0.0,0.875,0.7831082574665222,0.4375,0.875,0.765625,0.5,0.875,0.875,0.20188902007083828,0,0.0,77,1.0,0.875,0.5,0.18156280032830635,"[[0, 1], [0, 7]]",0.4666666666666667,0.875,0.8166666666666667,0,0.0,1,1.0,0.0,0.5543280809040266,0.0,0.0,0.875,0.754591836734694,0.4375,0.875,0.765625,0.5,0.875,0.875,0.0,0,0.0,7,1.0
0.4431818181818182,0.45151515151515154,"{""clf__C"": 183.42628625395747, ""clf__gamma"": 0.0001005394019469303, ""clf__class_weight"": ""balanced""}",0.3439896734832804,"[[23, 32], [17, 16]]",arousal,0.43963612735542557,0.4431818181818182,0.45077972709551656,17,0.5151515151515151,,32,0.5818181818181818,-0.0888888888888888,0.9480302929642974,-0.09428090415820634,subject_dependent,rbf_svm,0.575,0.3333333333333333,0.5125302611599101,0.4541666666666666,0.4431818181818182,0.484375,0.45151515151515154,0.4431818181818182,0.4431818181818182,0.5294765840220386,23,0.41818181818181815,16,0.48484848484848486,0.25,0.26666666666666666,0.28854274343584785,"[[1, 4], [2, 1]]",0.25,0.25,0.25,2,0.6666666666666666,4,0.8,-0.41176470588235303,0.7652442049347477,-0.4666666666666667,0.3333333333333333,0.2,0.5535714285714286,0.26666666666666666,0.25,0.2833333333333333,0.26666666666666666,0.25,0.25,0.3333333333333333,1,0.2,1,0.3333333333333333
0.42045454545454547,0.42045454545454547,"{""clf__C"": 166.2878326769575, ""clf__gamma"": 0.008979064194712979, ""clf__class_weight"": ""balanced""}",0.4607972317912474,"[[9, 35], [16, 28]]",arousal,0.3921170255993498,0.42045454545454547,0.39211702559934986,16,0.36363636363636365,,35,0.7954545454545454,-0.15909090909090917,1.7721602789360593,-0.17638342073763938,subject_dependent,rbf_svm,0.36,0.4444444444444444,0.4306115133179436,0.4022222222222222,0.42045454545454547,0.4022222222222222,0.42045454545454547,0.42045454545454547,0.42045454545454547,0.37654958677685957,9,0.20454545454545456,28,0.6363636363636364,0.375,0.375,0.3832225439978863,"[[0, 4], [1, 3]]",0.2727272727272727,0.375,0.2727272727272727,1,0.25,4,1.0,-0.25,1.0295885399186389,-0.3779644730092272,0.0,0.42857142857142855,0.44047619047619047,0.21428571428571427,0.375,0.21428571428571427,0.375,0.375,0.375,0.25,0,0.0,3,0.75
0.6818181818181818,0.7212121212121212,"{""clf__C"": 0.40069130793659025, ""clf__gamma"": 0.0014899847475658245, ""clf__class_weight"": ""balanced""}",0.15278079532596303,"[[29, 4], [24, 31]]",arousal,0.6816537467700259,0.6818181818181818,0.6834625322997415,24,0.43636363636363634,,4,0.12121212121212122,0.39459459459459456,0.47200512918567306,0.4376281740110319,subject_dependent,rbf_svm,0.5471698113207547,0.8857142857142857,0.9214741532354214,0.7164420485175202,0.6818181818181818,0.7587601078167115,0.7212121212121212,0.6818181818181818,0.6818181818181818,0.8611570247933884,29,0.8787878787878788,31,0.5636363636363636,1.0,1.0,0.13054279849875397,"[[3, 0], [0, 5]]",1.0,1.0,1.0,0,0.0,0,0.0,1.0,0.4357552264375641,1.0,1.0,1.0,1.0,1.0,1.0,1.0,1.0,1.0,1.0,1.0,3,1.0,5,1.0
0.7954545454545454,0.8181818181818181,"{""clf__C"": 13.411788774467905, ""clf__gamma"": 0.00026210878782654407, ""clf__class_weight"": ""balanced""}",0.12219341238498892,"[[30, 3], [15, 40]]",arousal,0.792778649921507,0.7954545454545454,0.7986656200941915,15,0.2727272727272727,,3,0.09090909090909091,0.5932203389830508,0.38305722198120173,0.6163156344279367,subject_dependent,rbf_svm,0.6666666666666666,0.9302325581395349,0.950034266254032,0.7984496124031008,0.7954545454545454,0.8313953488372092,0.8181818181818181,0.7954545454545454,0.7954545454545454,0.9085399449035813,30,0.9090909090909091,40,0.7272727272727273,0.875,0.8333333333333333,0.10131822634351684,"[[2, 1], [0, 5]]",0.8545454545454545,0.875,0.8681818181818182,0,0.0,1,0.3333333333333333,0.7142857142857143,0.3541237479482992,0.7453559924999299,1.0,0.8333333333333334,0.9666666666666667,0.9166666666666667,0.875,0.8958333333333334,0.8333333333333333,0.875,0.875,0.9333333333333333,2,0.6666666666666666,5,1.0
0.4318181818181818,0.5757575757575758,"{""clf__C"": 243.14537412227003, ""clf__gamma"": 0.0004992453416923984, ""clf__class_weight"": ""balanced""}",0.5146691987148291,"[[19, 47], [3, 19]]",arousal,0.4318181818181818,0.4318181818181818,0.4318181818181818,3,0.13636363636363635,,47,0.7121212121212122,0.09090909090909094,4.069958108246717,0.15151515151515152,subject_dependent,rbf_svm,0.8636363636363636,0.2878787878787879,0.4320635539255893,0.5757575757575758,0.4318181818181818,0.7196969696969697,0.5757575757575758,0.4318181818181818,0.4318181818181818,0.6411845730027548,19,0.2878787878787879,19,0.8636363636363636,0.375,0.5833333333333334,0.4439530265337428,"[[1, 5], [0, 2]]",0.36507936507936506,0.375,0.32539682539682535,0,0.0,5,0.8333333333333334,0.09090909090909094,1.2521543391785044,0.2182178902359924,1.0,0.2857142857142857,0.7,0.6428571428571428,0.375,0.8214285714285714,0.5833333333333334,0.375,0.375,0.75,1,0.16666666666666666,2,1.0
0.6590909090909091,0.709090909090909,"{""clf__C"": 0.21466070134458173, ""clf__gamma"": 0.0012955517240662183, ""clf__class_weight"": ""balanced""}",0.2024494252695323,"[[30, 3], [27, 28]]",arousal,0.6589147286821706,0.6590909090909091,0.6569767441860465,27,0.4909090909090909,,3,0.09090909090909091,0.3650793650793651,0.5892841005445981,0.42382364913812987,subject_dependent,rbf_svm,0.5263157894736842,0.9032258064516129,0.8755602502424359,0.7147707979626485,0.6590909090909091,0.7618845500848898,0.709090909090909,0.6590909090909091,0.6590909090909091,0.7710743801652893,30,0.9090909090909091,28,0.509090909090909,0.625,0.5,0.19727667314423297,"[[0, 3], [0, 5]]",0.38461538461538464,0.625,0.4807692307692308,0,0.0,3,1.0,0.0,0.5799663243018786,0.0,0.0,0.625,0.9666666666666667,0.3125,0.625,0.390625,0.5,0.625,0.625,0.9333333333333333,0,0.0,5,1.0
0.6022727272727273,0.5121212121212121,"{""clf__C"": 64.69870699850829, ""clf__gamma"": 0.0008200518402245837, ""clf__class_weight"": null}",0.3426920163914554,"[[5, 28], [7, 48]]",arousal,0.4775233248515691,0.6022727272727273,0.5413486005089059,7,0.12727272727272726,,28,0.8484848484848485,0.02777777777777779,1.9109986560488303,0.03419927840283847,subject_dependent,rbf_svm,0.4166666666666667,0.631578947368421,0.7652241651857861,0.5241228070175439,0.6022727272727273,0.5509868421052632,0.5121212121212121,0.6022727272727273,0.6022727272727273,0.6501377410468319,5,0.15151515151515152,48,0.8727272727272727,0.625,0.5,0.27817085314456924,"[[0, 3], [0, 5]]",0.38461538461538464,0.625,0.4807692307692308,0,0.0,3,1.0,0.0,0.7800053796985047,0.0,0.0,0.625,0.8583333333333333,0.3125,0.625,0.390625,0.5,0.625,0.625,0.6666666666666667,0,0.0,5,1.0
0.48863636363636365,0.4878787878787879,"{""clf__C"": 183.42628625395747, ""clf__gamma"": 0.0001005394019469303, ""clf__class_weight"": ""balanced""}",0.37981833007938676,"[[27, 28], [17, 16]]",arousal,0.4805194805194805,0.48863636363636365,0.49675324675324667,17,0.5151515151515151,,28,0.509090909090909,-0.022727272727272707,1.1851763200055558,-0.02347262634065101,subject_dependent,rbf_svm,0.6136363636363636,0.36363636363636365,0.45751174131359407,0.48863636363636365,0.48863636363636365,0.5198863636363636,0.4878787878787879,0.48863636363636365,0.48863636363636365,0.4743801652892562,27,0.4909090909090909,16,0.48484848484848486,0.625,0.6333333333333333,0.30615512631650016,"[[3, 2], [1, 2]]",0.6190476190476191,0.625,0.6309523809523809,1,0.3333333333333333,2,0.4,0.25,0.8339940448777389,0.2581988897471611,0.75,0.5,0.4027777777777778,0.625,0.625,0.65625,0.6333333333333333,0.625,0.625,0.39999999999999997,3,0.6,2,0.6666666666666666
0.5113636363636364,0.5113636363636364,"{""clf__C"": 13.411788774467905, ""clf__gamma"": 0.00026210878782654407, ""clf__class_weight"": ""balanced""}",0.30334695685812074,"[[25, 19], [24, 20]]",arousal,0.509781059722762,0.5113636363636364,0.509781059722762,24,0.5454545454545454,,19,0.4318181818181818,0.022727272727272707,0.8348084127891269,0.022875450543583874,subject_dependent,rbf_svm,0.5102040816326531,0.5128205128205128,0.5689401505210667,0.5115122972265829,0.5113636363636364,0.511512297226583,0.5113636363636364,0.5113636363636364,0.5113636363636364,0.5165289256198348,25,0.5681818181818182,20,0.45454545454545453,0.375,0.375,0.27298369332797706,"[[2, 2], [3, 1]]",0.36507936507936506,0.375,0.36507936507936506,3,0.75,2,0.5,-0.25,0.7349139736415257,-0.2581988897471611,0.4,0.3333333333333333,0.6178571428571429,0.3666666666666667,0.375,0.3666666666666667,0.375,0.375,0.375,0.4375,2,0.5,1,0.25
0.5227272727272727,0.4666666666666667,"{""clf__C"": 13.411788774467905, ""clf__gamma"": 0.00026210878782654407, ""clf__class_weight"": ""balanced""}",0.3136953937774281,"[[38, 17], [25, 8]]",arousal,0.45996493278784334,0.5227272727272727,0.5059906487434249,25,0.7575757575757576,,17,0.3090909090909091,-0.07006369426751591,0.8866736241757817,-0.07156600534955909,subject_dependent,rbf_svm,0.6031746031746031,0.32,0.3684308073983967,0.46158730158730155,0.5227272727272727,0.496984126984127,0.4666666666666667,0.5227272727272727,0.5227272727272727,0.5060606060606061,38,0.6909090909090909,8,0.24242424242424243,0.625,0.5666666666666667,0.2813434535290742,"[[4, 1], [2, 1]]",0.5636363636363637,0.625,0.6045454545454546,2,0.6666666666666666,1,0.2,0.1428571428571429,0.7766736064216304,0.14907119849998599,0.6666666666666666,0.5,0.4666666666666667,0.5833333333333333,0.625,0.6041666666666666,0.5666666666666667,0.625,0.625,0.5333333333333333,4,0.8,1,0.3333333333333333
0.5681818181818182,0.5272727272727273,"{""clf__C"": 166.2878326769575, ""clf__gamma"": 0.008979064194712979, ""clf__class_weight"": ""balanced""}",0.28247274578522885,"[[38, 17], [21, 12]]",arousal,0.5268817204301075,0.5681818181818182,0.5618279569892473,21,0.6363636363636364,,17,0.3090909090909091,0.05590062111801242,0.831243594731383,0.05617872456808733,subject_dependent,rbf_svm,0.6440677966101694,0.41379310344827586,0.4614106506318375,0.5289304500292227,0.5681818181818182,0.5577147866744594,0.5272727272727273,0.5681818181818182,0.5681818181818182,0.6247933884297522,38,0.6909090909090909,12,0.36363636363636365,0.5,0.4666666666666667,0.21612118989493,"[[3, 2], [2, 1]]",0.4666666666666667,0.5,0.5,2,0.6666666666666666,2,0.4,-0.06666666666666665,0.6024644093660074,-0.06666666666666667,0.6,0.3333333333333333,0.4444444444444445,0.4666666666666667,0.5,0.5,0.4666666666666667,0.5,0.5,0.5333333333333333,3,0.6,1,0.3333333333333333
0.6590909090909091,0.6590909090909091,"{""clf__C"": 235.1599274057192, ""clf__gamma"": 0.021154290797261225, ""clf__class_weight"": ""balanced""}",0.23256753084598653,"[[35, 9], [21, 23]]",arousal,0.6526315789473685,0.6590909090909091,0.6526315789473685,21,0.4772727272727273,,9,0.20454545454545456,0.31818181818181823,0.7033464952060415,0.33071891388307384,subject_dependent,rbf_svm,0.625,0.71875,0.7505210082477706,0.671875,0.6590909090909091,0.671875,0.6590909090909091,0.6590909090909091,0.6590909090909091,0.7324380165289256,35,0.7954545454545454,23,0.5227272727272727,1.0,1.0,0.15286241989538318,"[[4, 0], [0, 4]]",1.0,1.0,1.0,0,0.0,0,0.0,1.0,0.4822022670780576,1.0,1.0,1.0,1.0,1.0,1.0,1.0,1.0,1.0,1.0,1.0,4,1.0,4,1.0
0.7045454545454546,0.696969696969697,"{""clf__C"": 32.32518791282502, ""clf__gamma"": 0.0005104518230902811, ""clf__class_weight"": ""balanced""}",0.1700851600476537,"[[47, 19], [7, 15]]",arousal,0.6595238095238095,0.7045454545454546,0.7214285714285714,7,0.3181818181818182,,19,0.2878787878787879,0.33333333333333337,0.4950319613394624,0.3503292361635921,subject_dependent,rbf_svm,0.8703703703703703,0.4411764705882353,0.5360358060669358,0.6557734204793029,0.7045454545454546,0.7630718954248366,0.696969696969697,0.7045454545454546,0.7045454545454546,0.7727272727272727,47,0.7121212121212122,15,0.6818181818181818,0.875,0.75,0.13376585057162782,"[[6, 0], [1, 1]]",0.7948717948717949,0.875,0.8589743589743589,1,0.5,0,0.0,0.6,0.43176420318673936,0.6546536707079772,0.8571428571428571,1.0,0.75,0.9285714285714286,0.875,0.8928571428571428,0.75,0.875,0.875,0.8333333333333334,6,1.0,1,0.5
0.6818181818181818,0.7012987012987013,"{""clf__C"": 243.14537412227003, ""clf__gamma"": 0.0004992453416923984, ""clf__class_weight"": ""balanced""}",0.2033341715725396,"[[52, 25], [3, 8]]",arousal,0.5757575757575757,0.6818181818181818,0.7348484848484848,3,0.2727272727272727,,25,0.3246753246753247,0.21678321678321677,0.5978938614524917,0.2750263841945866,subject_dependent,rbf_svm,0.9454545454545454,0.24242424242424243,0.313066923660144,0.593939393939394,0.6818181818181818,0.8575757575757575,0.7012987012987013,0.6818181818181818,0.6818181818181818,0.7839433293978748,52,0.6753246753246753,8,0.7272727272727273,0.875,0.9285714285714286,0.14617769433499972,"[[6, 1], [0, 1]]",0.7948717948717949,0.875,0.8910256410256411,0,0.0,1,0.14285714285714285,0.6,0.47096129979217627,0.6546536707079772,1.0,0.5,1.0,0.75,0.875,0.9375,0.9285714285714286,0.875,0.875,1.0,6,0.8571428571428571,1,1.0
0.8409090909090909,0.8701298701298701,"{""clf__C"": 183.42628625395747, ""clf__gamma"": 0.0001005394019469303, ""clf__class_weight"": ""balanced""}",0.09317269044544534,"[[10, 1], [13, 64]]",arousal,0.7448218724109362,0.8409090909090909,0.8622618061309031,13,0.16883116883116883,,1,0.09090909090909091,0.504424778761062,0.3121483474467665,0.5571924708697026,subject_dependent,rbf_svm,0.43478260869565216,0.9846153846153847,0.9889225712189915,0.7096989966555184,0.8409090909090909,0.915886287625418,0.8701298701298701,0.8409090909090909,0.8409090909090909,0.920897284533648,10,0.9090909090909091,64,0.8311688311688312,0.875,0.9285714285714286,0.08431727994700758,"[[1, 0], [1, 6]]",0.7948717948717949,0.875,0.8910256410256411,1,0.14285714285714285,0,0.0,0.6,0.2962117672925583,0.6546536707079772,0.5,1.0,0.9821428571428572,0.75,0.875,0.9375,0.9285714285714286,0.875,0.875,0.8571428571428571,1,1.0,6,0.8571428571428571
0.7272727272727273,0.7272727272727273,"{""clf__C"": 243.14537412227003, ""clf__gamma"": 0.0004992453416923984, ""clf__class_weight"": ""balanced""}",0.20133269861956868,"[[56, 21], [3, 8]]",arousal,0.611764705882353,0.7272727272727273,0.7705882352941177,3,0.2727272727272727,,21,0.2727272727272727,0.26717557251908397,0.6388491058862489,0.3198114581908866,subject_dependent,rbf_svm,0.9491525423728814,0.27586206896551724,0.38363707342716447,0.6125073056691993,0.7272727272727273,0.8649912331969607,0.7272727272727273,0.7272727272727273,0.7272727272727273,0.7792207792207793,56,0.7272727272727273,8,0.7272727272727273,0.875,0.9285714285714286,0.12429875395053161,"[[6, 1], [0, 1]]",0.7948717948717949,0.875,0.8910256410256411,0,0.0,1,0.14285714285714285,0.6,0.42194994746005404,0.6546536707079772,1.0,0.5,1.0,0.75,0.875,0.9375,0.9285714285714286,0.875,0.875,1.0,6,0.8571428571428571,1,1.0
0.6363636363636364,0.7142857142857143,"{""clf__C"": 32.32518791282502, ""clf__gamma"": 0.0005104518230902811, ""clf__class_weight"": ""balanced""}",0.20426445004400237,"[[9, 2], [30, 47]]",arousal,0.553015873015873,0.6363636363636364,0.6977777777777777,30,0.38961038961038963,,2,0.18181818181818182,0.20496894409937894,0.590005032992974,0.28532155111529256,subject_dependent,rbf_svm,0.23076923076923078,0.9591836734693877,0.9606326171208561,0.5949764521193093,0.6363636363636364,0.8681318681318679,0.7142857142857143,0.6363636363636364,0.6363636363636364,0.743801652892562,9,0.8181818181818182,47,0.6103896103896104,0.875,0.9285714285714286,0.15943942034087988,"[[1, 0], [1, 6]]",0.7948717948717949,0.875,0.8910256410256411,1,0.14285714285714285,0,0.0,0.6,0.48196944833533234,0.6546536707079772,0.5,1.0,0.9821428571428572,0.75,0.875,0.9375,0.9285714285714286,0.875,0.875,0.8571428571428571,1,1.0,6,0.8571428571428571
0.4090909090909091,0.3878787878787879,"{""clf__C"": 0.21466070134458173, ""clf__gamma"": 0.0012955517240662183, ""clf__class_weight"": ""balanced""}",0.2694116661088329,"[[26, 29], [23, 10]]",arousal,0.3888888888888889,0.4090909090909091,0.41666666666666674,23,0.696969696969697,,29,0.5272727272727272,-0.21637426900584789,0.7322846191762856,-0.21853738951431967,subject_dependent,rbf_svm,0.5306122448979592,0.2564102564102564,0.31201274171809057,0.3935112506541078,0.4090909090909091,0.4277864992150706,0.3878787878787879,0.4090909090909091,0.4090909090909091,0.3669421487603306,26,0.4727272727272727,10,0.30303030303030304,0.5,0.6,0.26912176253909204,"[[1, 4], [0, 3]]",0.4666666666666667,0.5,0.4333333333333333,0,0.0,4,0.8,0.1578947368421053,0.7316392152876657,0.29277002188455997,1.0,0.42857142857142855,0.33730158730158727,0.7142857142857143,0.5,0.7857142857142857,0.6,0.5,0.5,0.2666666666666666,1,0.2,3,1.0
0.5340909090909091,0.5606060606060606,"{""clf__C"": 243.14537412227003, ""clf__gamma"": 0.0004992453416923984, ""clf__class_weight"": ""balanced""}",0.3011896017046158,"[[25, 30], [11, 22]]",arousal,0.5335488041370395,0.5340909090909091,0.537524240465417,11,0.3333333333333333,,30,0.5454545454545454,0.10869565217391308,0.850139953616878,0.11935247900657216,subject_dependent,rbf_svm,0.6944444444444444,0.4230769230769231,0.41402795985077506,0.5587606837606838,0.5340909090909091,0.5926816239316239,0.5606060606060606,0.5340909090909091,0.5340909090909091,0.5581267217630854,25,0.45454545454545453,22,0.6666666666666666,0.375,0.43333333333333335,0.25827932659077063,"[[1, 4], [1, 2]]",0.36507936507936506,0.375,0.34523809523809523,1,0.3333333333333333,4,0.8,-0.11111111111111116,0.7068752185407483,-0.14907119849998599,0.5,0.3333333333333333,0.6428571428571429,0.41666666666666663,0.375,0.4375,0.43333333333333335,0.375,0.375,0.6,1,0.2,2,0.6666666666666666
0.5,0.5212121212121212,"{""clf__C"": 48.43827864278568, ""clf__gamma"": 0.00039459088111000007, ""clf__class_weight"": ""balanced""}",0.2980548642181325,"[[20, 13], [31, 24]]",arousal,0.4989648033126294,0.5,0.5046583850931676,31,0.5636363636363636,,13,0.3939393939393939,0.03825136612021862,0.8113556757356178,0.0416070055112537,subject_dependent,rbf_svm,0.39215686274509803,0.6486486486486487,0.6265943283234814,0.5204027556968733,0.5,0.5524642289348172,0.5212121212121212,0.5,0.5,0.4650137741046832,20,0.6060606060606061,24,0.43636363636363634,0.375,0.43333333333333335,0.2800132990968496,"[[2, 1], [4, 1]]",0.36507936507936506,0.375,0.34523809523809523,4,0.8,1,0.3333333333333333,-0.11111111111111116,0.7555878677410145,-0.14907119849998599,0.3333333333333333,0.5,0.6592857142857143,0.41666666666666663,0.375,0.4375,0.43333333333333335,0.375,0.375,0.33333333333333337,2,0.6666666666666666,1,0.2
0.6136363636363636,0.6060606060606061,"{""clf__C"": 183.42628625395747, ""clf__gamma"": 0.0001005394019469303, ""clf__class_weight"": ""balanced""}",0.25332558388400217,"[[19, 14], [20, 35]]",arousal,0.6004273504273505,0.6136363636363636,0.6185897435897437,20,0.36363636363636365,,14,0.42424242424242425,0.20467836257309946,0.7166710789169931,0.20672455764868075,subject_dependent,rbf_svm,0.48717948717948717,0.7142857142857143,0.6956210653357506,0.6007326007326007,0.6136363636363636,0.6291208791208791,0.6060606060606061,0.6136363636363636,0.6136363636363636,0.6247933884297521,19,0.5757575757575758,35,0.6363636363636364,0.75,0.8,0.22149566131205153,"[[3, 0], [2, 3]]",0.75,0.75,0.75,2,0.4,0,0.0,0.5294117647058824,0.6356876511176306,0.6,0.6,1.0,0.9666666666666667,0.8,0.75,0.85,0.8,0.75,0.75,0.9333333333333333,3,1.0,3,0.6
0.4318181818181818,0.4303030303030303,"{""clf__C"": 20.12196163610286, ""clf__gamma"": 0.0008612579192594886, ""clf__class_weight"": ""balanced""}",0.3162244047515407,"[[14, 19], [31, 24]]",arousal,0.4243851386708529,0.4318181818181818,0.4407378335949765,31,0.5636363636363636,,19,0.5757575757575758,-0.12994350282485878,0.8500815564013717,-0.13500247230326232,subject_dependent,rbf_svm,0.3111111111111111,0.5581395348837209,0.5894932404425729,0.434625322997416,0.4318181818181818,0.4655038759689923,0.4303030303030303,0.4318181818181818,0.4318181818181818,0.43636363636363634,14,0.42424242424242425,24,0.43636363636363634,0.25,0.2,0.27830147495306334,"[[0, 3], [3, 2]]",0.2,0.25,0.25,3,0.6,3,1.0,-0.6000000000000001,0.7502662969180911,-0.6,0.0,0.4,0.6392857142857143,0.2,0.25,0.25,0.2,0.25,0.25,0.2666666666666667,0,0.0,2,0.4
0.7386363636363636,0.6818181818181818,"{""clf__C"": 1.351144633701368, ""clf__gamma"": 0.015446089075047083, ""clf__class_weight"": ""balanced""}",0.20652876577688187,"[[15, 18], [5, 50]]",arousal,0.6895229329651786,0.7386363636363636,0.7203942322442092,5,0.09090909090909091,,18,0.5454545454545454,0.39473684210526316,0.6515238486614502,0.42008402520840293,subject_dependent,rbf_svm,0.75,0.7352941176470589,0.8107460317017559,0.7426470588235294,0.7386363636363636,0.7408088235294117,0.6818181818181818,0.7386363636363636,0.7386363636363636,0.7212121212121212,15,0.45454545454545453,50,0.9090909090909091,0.875,0.8333333333333333,0.15939437306909104,"[[2, 1], [0, 5]]",0.8545454545454545,0.875,0.8681818181818182,0,0.0,1,0.3333333333333333,0.7142857142857143,0.5044328208768746,0.7453559924999299,1.0,0.8333333333333334,0.81,0.9166666666666667,0.875,0.8958333333333334,0.8333333333333333,0.875,0.875,0.7333333333333334,2,0.6666666666666666,5,1.0
0.7159090909090909,0.7159090909090909,"{""clf__C"": 13.411788774467905, ""clf__gamma"": 0.00026210878782654407, ""clf__class_weight"": ""balanced""}",0.1965976158216756,"[[36, 8], [17, 27]]",arousal,0.7129061725172909,0.7159090909090909,0.7129061725172909,17,0.38636363636363635,,8,0.18181818181818182,0.43181818181818177,0.5771471004012325,0.44114528720194346,subject_dependent,rbf_svm,0.6792452830188679,0.7714285714285715,0.7893069266598346,0.7253369272237197,0.7159090909090909,0.7253369272237197,0.7159090909090909,0.7159090909090909,0.7159090909090909,0.7954545454545455,36,0.8181818181818182,27,0.6136363636363636,0.875,0.875,0.13073318378886709,"[[4, 0], [1, 3]]",0.873015873015873,0.875,0.873015873015873,1,0.25,0,0.0,0.75,0.4320902162649833,0.7745966692414834,0.8,1.0,1.0,0.9,0.875,0.9,0.875,0.875,0.875,1.0,4,1.0,3,0.75
0.6363636363636364,0.5194805194805194,"{""clf__C"": 0.21466070134458173, ""clf__gamma"": 0.0012955517240662183, ""clf__class_weight"": ""balanced""}",0.20699522707169501,"[[4, 7], [25, 52]]",arousal,0.48235294117647054,0.6363636363636364,0.6941176470588235,25,0.3246753246753247,,7,0.6363636363636364,0.022900763358778664,0.5983864155192048,0.027412410702075993,subject_dependent,rbf_svm,0.13793103448275862,0.8813559322033898,0.9141114901432232,0.5096434833430742,0.6363636363636364,0.7884278199883109,0.5194805194805194,0.6363636363636364,0.6363636363636364,0.5442739079102716,4,0.36363636363636365,52,0.6753246753246753,0.75,0.42857142857142855,0.17916436010739278,"[[0, 1], [1, 6]]",0.42857142857142855,0.75,0.75,1,0.14285714285714285,1,1.0,-0.1428571428571428,0.529280364926803,-0.14285714285714285,0.0,0.8571428571428571,0.9379251700680272,0.42857142857142855,0.75,0.75,0.42857142857142855,0.75,0.75,0.5714285714285714,0,0.0,6,0.8571428571428571
0.7272727272727273,0.7272727272727273,"{""clf__C"": 0.5284919490133119, ""clf__gamma"": 0.005047786565710607, ""clf__class_weight"": null}",0.15737888203765169,"[[22, 22], [2, 42]]",arousal,0.7124183006535948,0.7272727272727273,0.7124183006535948,2,0.045454545454545456,,22,0.5,0.4545454545454546,0.47878406471259644,0.5103103630798288,subject_dependent,rbf_svm,0.9166666666666666,0.65625,0.845734105682419,0.7864583333333333,0.7272727272727273,0.7864583333333333,0.7272727272727273,0.7272727272727273,0.7272727272727273,0.8615702479338843,22,0.5,42,0.9545454545454546,1.0,1.0,0.10723280305604907,"[[4, 0], [0, 4]]",1.0,1.0,1.0,0,0.0,0,0.0,1.0,0.3856077230478905,1.0,1.0,1.0,1.0,1.0,1.0,1.0,1.0,1.0,1.0,1.0,4,1.0,4,1.0
0.5227272727272727,0.48484848484848486,"{""clf__C"": 183.42628625395747, ""clf__gamma"": 0.0001005394019469303, ""clf__class_weight"": ""balanced""}",0.33445970755948423,"[[11, 22], [20, 35]]",arousal,0.484375,0.5227272727272727,0.51953125,20,0.36363636363636365,,22,0.6666666666666666,-0.030674846625766916,1.0028280990366925,-0.030711858633197815,subject_dependent,rbf_svm,0.3548387096774194,0.6140350877192983,0.7295257776677926,0.4844368986983588,0.5227272727272727,0.5168364459535937,0.48484848484848486,0.5227272727272727,0.5227272727272727,0.565289256198347,11,0.3333333333333333,35,0.6363636363636364,0.5,0.4666666666666667,0.26533613053454835,"[[1, 2], [2, 3]]",0.4666666666666667,0.5,0.5,2,0.4,2,0.6666666666666666,-0.06666666666666665,0.7153799334740807,-0.06666666666666667,0.3333333333333333,0.6,0.7226190476190476,0.4666666666666667,0.5,0.5,0.4666666666666667,0.5,0.5,0.4666666666666667,1,0.3333333333333333,3,0.6
0.5340909090909091,0.44696969696969696,"{""clf__C"": 48.43827864278568, ""clf__gamma"": 0.00039459088111000007, ""clf__class_weight"": ""balanced""}",0.2427656210344873,"[[6, 16], [25, 41]]",arousal,0.44654088050314467,0.5340909090909091,0.5566037735849056,25,0.3787878787878788,,16,0.7272727272727273,-0.09333333333333327,0.6792425314523024,-0.09614332506687173,subject_dependent,rbf_svm,0.1935483870967742,0.7192982456140351,0.8023039508611424,0.4564233163554047,0.5340909090909091,0.5878607809847198,0.44696969696969696,0.5340909090909091,0.5340909090909091,0.49586776859504134,6,0.2727272727272727,41,0.6212121212121212,0.625,0.4166666666666667,0.2185032051676754,"[[0, 2], [1, 5]]",0.38461538461538464,0.625,0.576923076923077,1,0.16666666666666666,2,1.0,-0.19999999999999996,0.6204731788965355,-0.2182178902359924,0.0,0.7142857142857143,0.8357142857142856,0.35714285714285715,0.625,0.5357142857142857,0.4166666666666667,0.625,0.625,0.5,0,0.0,5,0.8333333333333334
0.36363636363636365,0.40606060606060607,"{""clf__C"": 0.6351054340728711, ""clf__gamma"": 0.0005285382203816729, ""clf__class_weight"": ""balanced""}",0.24211849865724924,"[[19, 14], [42, 13]]",arousal,0.36066424494032173,0.36363636363636365,0.3497664763881681,42,0.7636363636363637,,14,0.42424242424242425,-0.160621761658031,0.6772732345549343,-0.1972283151525546,subject_dependent,rbf_svm,0.3114754098360656,0.48148148148148145,0.65267649062838,0.39647844565877355,0.36363636363636365,0.4177292046144505,0.40606060606060607,0.36363636363636365,0.36363636363636365,0.47548209366391186,19,0.5757575757575758,13,0.23636363636363636,0.75,0.6666666666666666,0.24139742053785207,"[[1, 2], [0, 5]]",0.6666666666666667,0.75,0.7083333333333334,0,0.0,2,0.6666666666666666,0.3846153846153846,0.6757522871536294,0.4879500364742666,1.0,0.7142857142857143,0.6961904761904761,0.8571428571428572,0.75,0.8214285714285714,0.6666666666666666,0.75,0.75,0.4666666666666667,1,0.3333333333333333,5,1.0
0.5795454545454546,0.4318181818181818,"{""clf__C"": 235.1599274057192, ""clf__gamma"": 0.021154290797261225, ""clf__class_weight"": ""balanced""}",0.29888600999952647,"[[3, 19], [18, 48]]",arousal,0.43066969749956285,0.5795454545454546,0.5762371043888791,18,0.2727272727272727,,19,0.8636363636363636,-0.1384615384615384,0.8191987693878908,-0.13852712896188304,subject_dependent,rbf_svm,0.14285714285714285,0.7164179104477612,0.7424684947811278,0.42963752665245203,0.5795454545454546,0.5730277185501066,0.4318181818181818,0.5795454545454546,0.5795454545454546,0.3987603305785124,3,0.13636363636363635,48,0.7272727272727273,0.5,0.3333333333333333,0.25810131110261214,"[[0, 2], [2, 4]]",0.3333333333333333,0.5,0.5,2,0.3333333333333333,2,1.0,-0.33333333333333326,0.7131100682138285,-0.3333333333333333,0.0,0.6666666666666666,0.6968253968253968,0.3333333333333333,0.5,0.5,0.3333333333333333,0.5,0.5,0.3333333333333333,0,0.0,4,0.6666666666666666
0.4659090909090909,0.49242424242424243,"{""clf__C"": 183.42628625395747, ""clf__gamma"": 0.0001005394019469303, ""clf__class_weight"": ""balanced""}",0.2974868110958869,"[[12, 10], [37, 29]]",arousal,0.44520456069751846,0.4659090909090909,0.49879275653923544,37,0.5606060606060606,,10,0.45454545454545453,-0.010752688172043001,0.8207534881035715,-0.013207147529172122,subject_dependent,rbf_svm,0.24489795918367346,0.7435897435897436,0.7270518465682401,0.49424385138670857,0.4659090909090909,0.618916797488226,0.49242424242424243,0.4659090909090909,0.4659090909090909,0.4366391184573003,12,0.5454545454545454,29,0.4393939393939394,0.375,0.25,0.26230855695512,"[[0, 2], [3, 3]]",0.2727272727272727,0.375,0.40909090909090906,3,0.5,2,1.0,-0.4285714285714286,0.7172764068526026,-0.4472135954999579,0.0,0.6,0.8551587301587301,0.3,0.375,0.44999999999999996,0.25,0.375,0.375,0.5,0,0.0,3,0.5
0.38636363636363635,0.4121212121212121,"{""clf__C"": 0.4342298948286134, ""clf__gamma"": 0.0008179499475211679, ""clf__class_weight"": ""balanced""}",0.2766750719319824,"[[17, 16], [38, 17]]",arousal,0.38636363636363635,0.38636363636363635,0.38636363636363635,38,0.6909090909090909,,16,0.48484848484848486,-0.15508021390374327,0.7474630706020762,-0.17575757575757575,subject_dependent,rbf_svm,0.3090909090909091,0.5151515151515151,0.5455387989838058,0.4121212121212121,0.38636363636363635,0.43787878787878787,0.4121212121212121,0.38636363636363635,0.38636363636363635,0.30385674931129475,17,0.5151515151515151,17,0.3090909090909091,0.25,0.2,0.2747647473233451,"[[0, 3], [3, 2]]",0.2,0.25,0.25,3,0.6,3,1.0,-0.6000000000000001,0.7432203339420671,-0.6,0.0,0.4,0.5726190476190476,0.2,0.25,0.25,0.2,0.25,0.25,0.2666666666666667,0,0.0,2,0.4
0.8409090909090909,0.8484848484848485,"{""clf__C"": 13.411788774467905, ""clf__gamma"": 0.00026210878782654407, ""clf__class_weight"": ""balanced""}",0.11363572785332622,"[[45, 10], [4, 29]]",arousal,0.8354700854700855,0.8409090909090909,0.842948717948718,4,0.12121212121212122,,10,0.18181818181818182,0.672514619883041,0.3722236630210583,0.6792378322742367,subject_dependent,rbf_svm,0.9183673469387755,0.7435897435897436,0.8719399373040192,0.8309785452642595,0.8409090909090909,0.8528257456828886,0.8484848484848485,0.8409090909090909,0.8409090909090909,0.9184573002754821,45,0.8181818181818182,29,0.8787878787878788,0.875,0.9,0.09224668397929506,"[[4, 1], [0, 3]]",0.873015873015873,0.875,0.876984126984127,0,0.0,1,0.2,0.75,0.3303393028146724,0.7745966692414834,1.0,0.75,1.0,0.875,0.875,0.90625,0.9,0.875,0.875,1.0,4,0.8,3,1.0
0.6477272727272727,0.6696969696969697,"{""clf__C"": 183.42628625395747, ""clf__gamma"": 0.0001005394019469303, ""clf__class_weight"": ""balanced""}",0.2589280354547245,"[[32, 23], [8, 25]]",arousal,0.6454840805717998,0.6477272727272727,0.6525341130604289,8,0.24242424242424243,,23,0.41818181818181815,0.3111111111111111,0.7594056061515051,0.3299831645537222,subject_dependent,rbf_svm,0.8,0.5208333333333334,0.6600149638079048,0.6604166666666667,0.6477272727272727,0.6953125,0.6696969696969697,0.6477272727272727,0.6477272727272727,0.725068870523416,32,0.5818181818181818,25,0.7575757575757576,0.625,0.7,0.19827298124999398,"[[2, 3], [0, 3]]",0.6190476190476191,0.625,0.6071428571428571,0,0.0,3,0.6,0.33333333333333337,0.5737446690908194,0.4472135954999579,1.0,0.5,1.0,0.75,0.625,0.8125,0.7,0.625,0.625,1.0,2,0.4,3,1.0
0.6022727272727273,0.6022727272727273,"{""clf__C"": 2.2463533171675794, ""clf__gamma"": 0.0006516990611177178, ""clf__class_weight"": null}",0.2351004950908057,"[[23, 21], [14, 30]]",arousal,0.5997400909681612,0.6022727272727273,0.5997400909681612,14,0.3181818181818182,,21,0.4772727272727273,0.20454545454545459,0.6728595111891271,0.2071841649822589,subject_dependent,rbf_svm,0.6216216216216216,0.5882352941176471,0.657981425764371,0.6049284578696343,0.6022727272727273,0.6049284578696343,0.6022727272727273,0.6022727272727273,0.6022727272727273,0.6844008264462811,23,0.5227272727272727,30,0.6818181818181818,0.75,0.75,0.19943183426918606,"[[2, 2], [0, 4]]",0.7333333333333334,0.75,0.7333333333333334,0,0.0,2,0.5,0.5,0.5820866899085382,0.5773502691896258,1.0,0.6666666666666666,0.7708333333333333,0.8333333333333333,0.75,0.8333333333333333,0.75,0.75,0.75,0.75,2,0.5,4,1.0
0.5227272727272727,0.5575757575757576,"{""clf__C"": 0.40069130793659025, ""clf__gamma"": 0.0014899847475658245, ""clf__class_weight"": ""balanced""}",0.2951601657033405,"[[23, 10], [32, 23]]",arousal,0.5227272727272727,0.5227272727272727,0.5227272727272727,32,0.5818181818181818,,10,0.30303030303030304,0.10160427807486627,0.7993996194611072,0.11515151515151516,subject_dependent,rbf_svm,0.41818181818181815,0.696969696969697,0.6563063509934189,0.5575757575757576,0.5227272727272727,0.5924242424242424,0.5575757575757576,0.5227272727272727,0.5227272727272727,0.5586776859504132,23,0.696969696969697,23,0.41818181818181815,0.625,0.7,0.26932456041255454,"[[3, 0], [3, 2]]",0.6190476190476191,0.625,0.6071428571428571,3,0.6,0,0.0,0.33333333333333337,0.7355268759575073,0.4472135954999579,0.5,1.0,0.8083333333333333,0.75,0.625,0.8125,0.7,0.625,0.625,0.6,3,1.0,2,0.4
0.7159090909090909,0.7181818181818183,"{""clf__C"": 0.40069130793659025, ""clf__gamma"": 0.0014899847475658245, ""clf__class_weight"": ""balanced""}",0.19467704211828868,"[[24, 9], [16, 39]]",arousal,0.7074078999867004,0.7159090909090909,0.7198763133395398,16,0.2909090909090909,,9,0.2727272727272727,0.41860465116279066,0.5716390043233058,0.4242640687119285,subject_dependent,rbf_svm,0.6,0.8125,0.866398881115088,0.70625,0.7159090909090909,0.7328125,0.7181818181818183,0.7159090909090909,0.7159090909090909,0.7774104683195591,24,0.7272727272727273,39,0.7090909090909091,0.875,0.9,0.17623140468547108,"[[3, 0], [1, 4]]",0.873015873015873,0.875,0.876984126984127,1,0.2,0,0.0,0.75,0.5383163405908626,0.7745966692414834,0.75,1.0,0.9428571428571428,0.875,0.875,0.90625,0.9,0.875,0.875,0.8666666666666667,3,1.0,4,0.8
0.7045454545454546,0.5606060606060606,"{""clf__C"": 235.1599274057192, ""clf__gamma"": 0.021154290797261225, ""clf__class_weight"": ""balanced""}",0.22880347465962625,"[[6, 16], [10, 56]]",arousal,0.5636918382913807,0.7045454545454546,0.6876430205949657,10,0.15151515151515152,,16,0.7272727272727273,0.1333333333333333,0.7251841237576376,0.13608276348795434,subject_dependent,rbf_svm,0.375,0.7777777777777778,0.9109211313950181,0.5763888888888888,0.7045454545454546,0.6770833333333334,0.5606060606060606,0.7045454545454546,0.7045454545454546,0.7286501377410468,6,0.2727272727272727,56,0.8484848484848485,0.625,0.4166666666666667,0.18743431446176517,"[[0, 2], [1, 5]]",0.38461538461538464,0.625,0.576923076923077,1,0.16666666666666666,2,1.0,-0.19999999999999996,0.4924940593345248,-0.2182178902359924,0.0,0.7142857142857143,0.9107142857142857,0.35714285714285715,0.625,0.5357142857142857,0.4166666666666667,0.625,0.625,0.6666666666666666,0,0.0,5,0.8333333333333334
0.2727272727272727,0.4675324675324676,"{""clf__C"": 166.2878326769575, ""clf__gamma"": 0.008979064194712979, ""clf__class_weight"": ""balanced""}",0.6256670812378727,"[[8, 3], [61, 16]]",arousal,0.26666666666666666,0.2727272727272727,0.31666666666666665,61,0.7922077922077922,,3,0.2727272727272727,-0.019920318725099584,2.9033478700306152,-0.05219388670016826,subject_dependent,rbf_svm,0.11594202898550725,0.8421052631578947,0.8144374305836599,0.47902364607170095,0.2727272727272727,0.7513348588863462,0.4675324675324676,0.2727272727272727,0.2727272727272727,0.282172373081464,8,0.7272727272727273,16,0.2077922077922078,0.25,0.5714285714285714,0.5702708603845148,"[[1, 0], [6, 1]]",0.25,0.25,0.25,6,0.8571428571428571,0,0.0,0.040000000000000036,2.3294487565824795,0.14285714285714285,0.14285714285714285,1.0,0.8260204081632654,0.5714285714285714,0.25,0.8928571428571429,0.5714285714285714,0.25,0.25,0.14285714285714285,1,1.0,1,0.14285714285714285
0.5340909090909091,0.5606060606060606,"{""clf__C"": 32.32518791282502, ""clf__gamma"": 0.0005104518230902811, ""clf__class_weight"": ""balanced""}",0.38643543457182966,"[[22, 11], [30, 25]]",arousal,0.5335488041370395,0.5340909090909091,0.537524240465417,30,0.5454545454545454,,11,0.3333333333333333,0.10869565217391308,1.4924259823467387,0.11935247900657216,subject_dependent,rbf_svm,0.4230769230769231,0.6944444444444444,0.7454149747142027,0.5587606837606838,0.5340909090909091,0.5926816239316239,0.5606060606060606,0.5340909090909091,0.5340909090909091,0.5801652892561984,22,0.6666666666666666,25,0.45454545454545453,0.5,0.5333333333333333,0.35479916336215445,"[[2, 1], [3, 2]]",0.5,0.5,0.5,3,0.6,1,0.3333333333333333,0.05882352941176472,1.1723291020575939,0.06666666666666667,0.4,0.6666666666666666,0.7783333333333333,0.5333333333333333,0.5,0.5666666666666667,0.5333333333333333,0.5,0.5,0.5333333333333334,2,0.6666666666666666,2,0.4
0.5568181818181818,0.5568181818181819,"{""clf__C"": 160.49758307716223, ""clf__gamma"": 0.00018427970406864567, ""clf__class_weight"": null}",0.30509537551529226,"[[24, 20], [19, 25]]",arousal,0.5567609453700116,0.5568181818181818,0.5567609453700116,19,0.4318181818181818,,20,0.45454545454545453,0.11363636363636365,0.8740975613096588,0.11366572324507893,subject_dependent,rbf_svm,0.5581395348837209,0.5555555555555556,0.7052521653944295,0.5568475452196382,0.5568181818181818,0.5568475452196382,0.5568181818181819,0.5568181818181818,0.5568181818181818,0.6141528925619836,24,0.5454545454545454,25,0.5681818181818182,0.625,0.625,0.2613610650419542,"[[3, 1], [2, 2]]",0.6190476190476191,0.625,0.6190476190476191,2,0.5,1,0.25,0.25,0.7260312480941058,0.2581988897471611,0.6,0.6666666666666666,0.7291666666666666,0.6333333333333333,0.625,0.6333333333333333,0.625,0.625,0.625,0.625,3,0.75,2,0.5
0.6931818181818182,0.7242424242424242,"{""clf__C"": 0.21466070134458173, ""clf__gamma"": 0.0012955517240662183, ""clf__class_weight"": ""balanced""}",0.21115936815131928,"[[28, 5], [22, 33]]",arousal,0.6921881072677808,0.6931818181818182,0.6965604352895453,22,0.4,,5,0.15151515151515152,0.4065934065934066,0.585043126426692,0.4383381695417284,subject_dependent,rbf_svm,0.56,0.868421052631579,0.863714637068515,0.7142105263157895,0.6931818181818182,0.7527631578947368,0.7242424242424242,0.6931818181818182,0.6931818181818182,0.7212121212121211,28,0.8484848484848485,33,0.6,0.5,0.4666666666666667,0.20741838530215953,"[[1, 2], [2, 3]]",0.4666666666666667,0.5,0.5,2,0.4,2,0.6666666666666666,-0.06666666666666665,0.5727601985926167,-0.06666666666666667,0.3333333333333333,0.6,0.8583333333333333,0.4666666666666667,0.5,0.5,0.4666666666666667,0.5,0.5,0.6666666666666667,1,0.3333333333333333,3,0.6
