feature_tag,model,dimension,subject_id,split,train_trials_json,test_trials_json,metrics_json,best_params_json,grid_summary_json
A_window_w2_s1,rbf_svm,valence,1,0,"[19, 13, 24, 31, 7, 6, 35, 9, 20, 37, 10, 32, 14, 8, 12, 5, 36, 28, 39, 29, 22, 26, 33, 15, 1, 25, 11, 34, 18, 3, 38, 23]","[30, 2, 27, 17, 16, 21, 0, 4]","{""accuracy"": 0.4879032258064516, ""balanced_accuracy"": 0.5172043010752688, ""precision_macro"": 0.5169956140350878, ""precision_micro"": 0.4879032258064516, ""precision_weighted"": 0.5492050438596492, ""recall_macro"": 0.5172043010752688, ""recall_micro"": 0.4879032258064516, ""recall_weighted"": 0.4879032258064516, ""f1_macro"": 0.4878282787218473, ""f1_micro"": 0.4879032258064516, ""f1_weighted"": 0.48937718513700307, ""mcc"": 0.03419927840283847, ""kappa"": 0.03053435114503822, ""confusion_matrix"": [[118, 68], [186, 124]], ""tp"": 124, ""tn"": 118, ""fp"": 68, ""fn"": 186, ""tpr"": 0.4, ""tnr"": 0.6344086021505376, ""fpr"": 0.3655913978494624, ""fnr"": 0.6, ""ppv"": 0.6458333333333334, ""npv"": 0.3881578947368421, ""roc_auc"": 0.5259972251127298, ""pr_auc"": 0.6174254968857135, ""log_loss"": 0.8563658460493527, ""brier"": 0.313896662389096, ""trial_accuracy"": 0.375, ""trial_f1_macro"": 0.36507936507936506}","{""clf__C"": 100.0, ""clf__class_weight"": ""balanced"", ""clf__gamma"": 0.0001}","{""scores"": {""{'clf__C': 0.1, 'clf__class_weight': None, 'clf__gamma': 0.0001}"": 0.37316011682294237, ""{'clf__C': 0.1, 'clf__class_weight': None, 'clf__gamma': 0.001}"": 0.3905680302787688, ""{'clf__C': 0.1, 'clf__class_weight': None, 'clf__gamma': 0.01}"": 0.42560718113898366, ""{'clf__C': 0.1, 'clf__class_weight': None, 'clf__gamma': 0.1}"": 0.31705182072829136, ""{'clf__C': 0.1, 'clf__class_weight': 'balanced', 'clf__gamma': 0.0001}"": 0.37316011682294237, ""{'clf__C': 0.1, 'clf__class_weight': 'balanced', 'clf__gamma': 0.001}"": 0.5063868478481625, ""{'clf__C': 0.1, 'clf__class_weight': 'balanced', 'clf__gamma': 0.01}"": 0.521592373727927, ""{'clf__C': 0.1, 'clf__class_weight': 'balanced', 'clf__gamma': 0.1}"": 0.31705182072829136, ""{'clf__C': 1.0, 'clf__class_weight': None, 'clf__gamma': 0.0001}"": 0.40432694212535036, ""{'clf__C': 1.0, 'clf__class_weight': None, 'clf__gamma': 0.001}"": 0.52250363970508, ""{'clf__C': 1.0, 'clf__class_weight': None, 'clf__gamma': 0.01}"": 0.4948632203791791, ""{'clf__C': 1.0, 'clf__class_weight': None, 'clf__gamma': 0.1}"": 0.38629410389681823, ""{'clf__C': 1.0, 'clf__class_weight': 'balanced', 'clf__gamma': 0.0001}"": 0.5148534916895903, ""{'clf__C': 1.0, 'clf__class_weight': 'balanced', 'clf__gamma': 0.001}"": 0.5262105986643332, ""{'clf__C': 1.0, 'clf__class_weight': 'balanced', 'clf__gamma': 0.01}"": 0.5035372701568833, ""{'clf__C': 1.0, 'clf__class_weight': 'balanced', 'clf__gamma': 0.1}"": 0.38629410389681823, ""{'clf__C': 10.0, 'clf__class_weight': None, 'clf__gamma': 0.0001}"": 0.5231282683532348, ""{'clf__C': 10.0, 'clf__class_weight': None, 'clf__gamma': 0.001}"": 0.5077302842824435, ""{'clf__C': 10.0, 'clf__class_weight': None, 'clf__gamma': 0.01}"": 0.49109829126523946, ""{'clf__C': 10.0, 'clf__class_weight': None, 'clf__gamma': 0.1}"": 0.38708131592685446, ""{'clf__C': 10.0, 'clf__class_weight': 'balanced', 'clf__gamma': 0.0001}"": 0.5255621027114177, ""{'clf__C': 10.0, 'clf__class_weight': 'balanced', 'clf__gamma': 0.001}"": 0.513795660023893, ""{'clf__C': 10.0, 'clf__class_weight': 'balanced', 'clf__gamma': 0.01}"": 0.49109829126523946, ""{'clf__C': 10.0, 'clf__class_weight': 'balanced', 'clf__gamma': 0.1}"": 0.38708131592685446, ""{'clf__C': 100.0, 'clf__class_weight': None, 'clf__gamma': 0.0001}"": 0.5158380857230478, ""{'clf__C': 100.0, 'clf__class_weight': None, 'clf__gamma': 0.001}"": 0.5089546150253103, ""{'clf__C': 100.0, 'clf__class_weight': None, 'clf__gamma': 0.01}"": 0.49109829126523946, ""{'clf__C': 100.0, 'clf__class_weight': None, 'clf__gamma': 0.1}"": 0.38708131592685446, ""{'clf__C': 100.0, 'clf__class_weight': 'balanced', 'clf__gamma': 0.0001}"": 0.526537921990735, ""{'clf__C': 100.0, 'clf__class_weight': 'balanced', 'clf__gamma': 0.001}"": 0.505575779946544, ""{'clf__C': 100.0, 'clf__class_weight': 'balanced', 'clf__gamma': 0.01}"": 0.49109829126523946, ""{'clf__C': 100.0, 'clf__class_weight': 'balanced', 'clf__gamma': 0.1}"": 0.38708131592685446}, ""best_score"": 0.526537921990735}"
A_window_w2_s1,rbf_svm,valence,1,1,"[31, 15, 1, 24, 16, 9, 30, 0, 39, 11, 23, 5, 4, 28, 12, 13, 17, 6, 35, 18, 36, 14, 2, 19, 22, 37, 7, 33, 27, 10, 8, 38]","[21, 26, 29, 25, 34, 3, 32, 20]","{""accuracy"": 0.49798387096774194, ""balanced_accuracy"": 0.49798387096774194, ""precision_macro"": 0.4978714273452923, ""precision_micro"": 0.49798387096774194, ""precision_weighted"": 0.4978714273452922, ""recall_macro"": 0.49798387096774194, ""recall_micro"": 0.49798387096774194, ""recall_weighted"": 0.49798387096774194, ""f1_macro"": 0.49126528729193014, ""f1_micro"": 0.49798387096774194, ""f1_weighted"": 0.4912652872919302, ""mcc"": -0.004143176137422553, ""kappa"": -0.0040322580645162365, ""confusion_matrix"": [[152, 96], [153, 95]], ""tp"": 95, ""tn"": 152, ""fp"": 96, ""fn"": 153, ""tpr"": 0.38306451612903225, ""tnr"": 0.6129032258064516, ""fpr"": 0.3870967741935484, ""fnr"": 0.6169354838709677, ""ppv"": 0.4973821989528796, ""npv"": 0.49836065573770494, ""roc_auc"": 0.4976017819979188, ""pr_auc"": 0.5251772183884315, ""log_loss"": 1.1455452157781623, ""brier"": 0.35583637328700096, ""trial_accuracy"": 0.5, ""trial_f1_macro"": 0.4666666666666667}","{""clf__C"": 100.0, ""clf__class_weight"": null, ""clf__gamma"": 0.001}","{""scores"": {""{'clf__C': 0.1, 'clf__class_weight': None, 'clf__gamma': 0.0001}"": 0.34640522875817, ""{'clf__C': 0.1, 'clf__class_weight': None, 'clf__gamma': 0.001}"": 0.35146447457636704, ""{'clf__C': 0.1, 'clf__class_weight': None, 'clf__gamma': 0.01}"": 0.38070063123552983, ""{'clf__C': 0.1, 'clf__class_weight': None, 'clf__gamma': 0.1}"": 0.34640522875817, ""{'clf__C': 0.1, 'clf__class_weight': 'balanced', 'clf__gamma': 0.0001}"": 0.3194444444444444, ""{'clf__C': 0.1, 'clf__class_weight': 'balanced', 'clf__gamma': 0.001}"": 0.49221645005158865, ""{'clf__C': 0.1, 'clf__class_weight': 'balanced', 'clf__gamma': 0.01}"": 0.4895350893839571, ""{'clf__C': 0.1, 'clf__class_weight': 'balanced', 'clf__gamma': 0.1}"": 0.3194444444444444, ""{'clf__C': 1.0, 'clf__class_weight': None, 'clf__gamma': 0.0001}"": 0.37181903646894726, ""{'clf__C': 1.0, 'clf__class_weight': None, 'clf__gamma': 0.001}"": 0.5073460312151893, ""{'clf__C': 1.0, 'clf__class_weight': None, 'clf__gamma': 0.01}"": 0.5215455076219325, ""{'clf__C': 1.0, 'clf__class_weight': None, 'clf__gamma': 0.1}"": 0.34640522875817, ""{'clf__C': 1.0, 'clf__class_weight': 'balanced', 'clf__gamma': 0.0001}"": 0.4904577013626799, ""{'clf__C': 1.0, 'clf__class_weight': 'balanced', 'clf__gamma': 0.001}"": 0.5136904860141609, ""{'clf__C': 1.0, 'clf__class_weight': 'balanced', 'clf__gamma': 0.01}"": 0.5217589806477257, ""{'clf__C': 1.0, 'clf__class_weight': 'balanced', 'clf__gamma': 0.1}"": 0.34640522875817, ""{'clf__C': 10.0, 'clf__class_weight': None, 'clf__gamma': 0.0001}"": 0.511869817295891, ""{'clf__C': 10.0, 'clf__class_weight': None, 'clf__gamma': 0.001}"": 0.5210486654534996, ""{'clf__C': 10.0, 'clf__class_weight': None, 'clf__gamma': 0.01}"": 0.5335641813642905, ""{'clf__C': 10.0, 'clf__class_weight': None, 'clf__gamma': 0.1}"": 0.34640522875817, ""{'clf__C': 10.0, 'clf__class_weight': 'balanced', 'clf__gamma': 0.0001}"": 0.5165109785023048, ""{'clf__C': 10.0, 'clf__class_weight': 'balanced', 'clf__gamma': 0.001}"": 0.5274044618334143, ""{'clf__C': 10.0, 'clf__class_weight': 'balanced', 'clf__gamma': 0.01}"": 0.5335641813642905, ""{'clf__C': 10.0, 'clf__class_weight': 'balanced', 'clf__gamma': 0.1}"": 0.34640522875817, ""{'clf__C': 100.0, 'clf__class_weight': None, 'clf__gamma': 0.0001}"": 0.5294604882074796, ""{'clf__C': 100.0, 'clf__class_weight': None, 'clf__gamma': 0.001}"": 0.5354468495110539, ""{'clf__C': 100.0, 'clf__class_weight': None, 'clf__gamma': 0.01}"": 0.5335641813642905, ""{'clf__C': 100.0, 'clf__class_weight': None, 'clf__gamma': 0.1}"": 0.34640522875817, ""{'clf__C': 100.0, 'clf__class_weight': 'balanced', 'clf__gamma': 0.0001}"": 0.5264595330610821, ""{'clf__C': 100.0, 'clf__class_weight': 'balanced', 'clf__gamma': 0.001}"": 0.5346632388188859, ""{'clf__C': 100.0, 'clf__class_weight': 'balanced', 'clf__gamma': 0.01}"": 0.5335641813642905, ""{'clf__C': 100.0, 'clf__class_weight': 'balanced', 'clf__gamma': 0.1}"": 0.34640522875817}, ""best_score"": 0.5354468495110539}"
A_window_w2_s1,rbf_svm,valence,2,0,"[36, 5, 11, 38, 19, 15, 27, 17, 31, 26, 16, 12, 8, 2, 9, 18, 10, 0, 33, 29, 14, 1, 24, 4, 21, 13, 6, 28, 30, 7, 34, 25]","[22, 23, 37, 39, 32, 3, 35, 20]","{""accuracy"": 0.35080645161290325, ""balanced_accuracy"": 0.22811059907834103, ""precision_macro"": 0.38026970411102384, ""precision_micro"": 0.35080645161290325, ""precision_weighted"": 0.6542779523435455, ""recall_macro"": 0.22811059907834103, ""recall_micro"": 0.35080645161290325, ""recall_weighted"": 0.35080645161290325, ""f1_macro"": 0.26891879520278317, ""f1_micro"": 0.35080645161290325, ""f1_weighted"": 0.4524260734230523, ""mcc"": -0.3608512071279613, ""kappa"": -0.2243346007604563, ""confusion_matrix"": [[170, 264], [58, 4]], ""tp"": 4, ""tn"": 170, ""fp"": 264, ""fn"": 58, ""tpr"": 0.06451612903225806, ""tnr"": 0.391705069124424, ""fpr"": 0.6082949308755761, ""fnr"": 0.9354838709677419, ""ppv"": 0.014925373134328358, ""npv"": 0.7456140350877193, ""roc_auc"": 0.21428571428571427, ""pr_auc"": 0.07756041099852111, ""log_loss"": 1.0082751374472407, ""brier"": 0.3737351122667359, ""trial_accuracy"": 0.375, ""trial_f1_macro"": 0.2727272727272727}","{""clf__C"": 0.1, ""clf__class_weight"": null, ""clf__gamma"": 0.01}","{""scores"": {""{'clf__C': 0.1, 'clf__class_weight': None, 'clf__gamma': 0.0001}"": 0.28829365079365077, ""{'clf__C': 0.1, 'clf__class_weight': None, 'clf__gamma': 0.001}"": 0.6181116630996338, ""{'clf__C': 0.1, 'clf__class_weight': None, 'clf__gamma': 0.01}"": 0.6509186568304185, ""{'clf__C': 0.1, 'clf__class_weight': None, 'clf__gamma': 0.1}"": 0.28829365079365077, ""{'clf__C': 0.1, 'clf__class_weight': 'balanced', 'clf__gamma': 0.0001}"": 0.43899092218786323, ""{'clf__C': 0.1, 'clf__class_weight': 'balanced', 'clf__gamma': 0.001}"": 0.6398191572398227, ""{'clf__C': 0.1, 'clf__class_weight': 'balanced', 'clf__gamma': 0.01}"": 0.6302868852887057, ""{'clf__C': 0.1, 'clf__class_weight': 'balanced', 'clf__gamma': 0.1}"": 0.37227668845315903, ""{'clf__C': 1.0, 'clf__class_weight': None, 'clf__gamma': 0.0001}"": 0.6311263835907946, ""{'clf__C': 1.0, 'clf__class_weight': None, 'clf__gamma': 0.001}"": 0.6394690728037998, ""{'clf__C': 1.0, 'clf__class_weight': None, 'clf__gamma': 0.01}"": 0.6396589211325988, ""{'clf__C': 1.0, 'clf__class_weight': None, 'clf__gamma': 0.1}"": 0.28829365079365077, ""{'clf__C': 1.0, 'clf__class_weight': 'balanced', 'clf__gamma': 0.0001}"": 0.635517631966942, ""{'clf__C': 1.0, 'clf__class_weight': 'balanced', 'clf__gamma': 0.001}"": 0.6344362503017666, ""{'clf__C': 1.0, 'clf__class_weight': 'balanced', 'clf__gamma': 0.01}"": 0.6504889982669709, ""{'clf__C': 1.0, 'clf__class_weight': 'balanced', 'clf__gamma': 0.1}"": 0.28829365079365077, ""{'clf__C': 10.0, 'clf__class_weight': None, 'clf__gamma': 0.0001}"": 0.6348847884282749, ""{'clf__C': 10.0, 'clf__class_weight': None, 'clf__gamma': 0.001}"": 0.6080625713285445, ""{'clf__C': 10.0, 'clf__class_weight': None, 'clf__gamma': 0.01}"": 0.6323422833114597, ""{'clf__C': 10.0, 'clf__class_weight': None, 'clf__gamma': 0.1}"": 0.28829365079365077, ""{'clf__C': 10.0, 'clf__class_weight': 'balanced', 'clf__gamma': 0.0001}"": 0.6387566641241587, ""{'clf__C': 10.0, 'clf__class_weight': 'balanced', 'clf__gamma': 0.001}"": 0.6162110132240826, ""{'clf__C': 10.0, 'clf__class_weight': 'balanced', 'clf__gamma': 0.01}"": 0.6323422833114597, ""{'clf__C': 10.0, 'clf__class_weight': 'balanced', 'clf__gamma': 0.1}"": 0.28829365079365077, ""{'clf__C': 100.0, 'clf__class_weight': None, 'clf__gamma': 0.0001}"": 0.609667721169988, ""{'clf__C': 100.0, 'clf__class_weight': None, 'clf__gamma': 0.001}"": 0.6118588420571899, ""{'clf__C': 100.0, 'clf__class_weight': None, 'clf__gamma': 0.01}"": 0.6323422833114597, ""{'clf__C': 100.0, 'clf__class_weight': None, 'clf__gamma': 0.1}"": 0.28829365079365077, ""{'clf__C': 100.0, 'clf__class_weight': 'balanced', 'clf__gamma': 0.0001}"": 0.6144435232809083, ""{'clf__C': 100.0, 'clf__class_weight': 'balanced', 'clf__gamma': 0.001}"": 0.6154307190015212, ""{'clf__C': 100.0, 'clf__class_weight': 'balanced', 'clf__gamma': 0.01}"": 0.6323422833114597, ""{'clf__C': 100.0, 'clf__class_weight': 'balanced', 'clf__gamma': 0.1}"": 0.28829365079365077}, ""best_score"": 0.6509186568304185}"
A_window_w2_s1,rbf_svm,valence,2,1,"[7, 25, 26, 27, 14, 16, 5, 23, 3, 0, 30, 37, 39, 38, 22, 15, 19, 31, 18, 34, 13, 36, 21, 6, 20, 10, 33, 4, 32, 8, 17, 24]","[9, 35, 11, 2, 12, 1, 29, 28]","{""accuracy"": 0.5645161290322581, ""balanced_accuracy"": 0.5645161290322581, ""precision_macro"": 0.5911178469734546, ""precision_micro"": 0.5645161290322581, ""precision_weighted"": 0.5911178469734546, ""recall_macro"": 0.5645161290322581, ""recall_micro"": 0.5645161290322581, ""recall_weighted"": 0.5645161290322581, ""f1_macro"": 0.5302288871349645, ""f1_micro"": 0.5645161290322581, ""f1_weighted"": 0.5302288871349644, ""mcc"": 0.1533436763936608, ""kappa"": 0.12903225806451613, ""confusion_matrix"": [[73, 175], [41, 207]], ""tp"": 207, ""tn"": 73, ""fp"": 175, ""fn"": 41, ""tpr"": 0.8346774193548387, ""tnr"": 0.29435483870967744, ""fpr"": 0.7056451612903226, ""fnr"": 0.16532258064516128, ""ppv"": 0.5418848167539267, ""npv"": 0.6403508771929824, ""roc_auc"": 0.6898250520291362, ""pr_auc"": 0.7229681314628683, ""log_loss"": 0.6795258926915811, ""brier"": 0.2417879072293949, ""trial_accuracy"": 0.5, ""trial_f1_macro"": 0.4666666666666667}","{""clf__C"": 0.1, ""clf__class_weight"": ""balanced"", ""clf__gamma"": 0.01}","{""scores"": {""{'clf__C': 0.1, 'clf__class_weight': None, 'clf__gamma': 0.0001}"": 0.3480479071760993, ""{'clf__C': 0.1, 'clf__class_weight': None, 'clf__gamma': 0.001}"": 0.4277427931138245, ""{'clf__C': 0.1, 'clf__class_weight': None, 'clf__gamma': 0.01}"": 0.5148552543505912, ""{'clf__C': 0.1, 'clf__class_weight': None, 'clf__gamma': 0.1}"": 0.3194170456828685, ""{'clf__C': 0.1, 'clf__class_weight': 'balanced', 'clf__gamma': 0.0001}"": 0.3750086914898248, ""{'clf__C': 0.1, 'clf__class_weight': 'balanced', 'clf__gamma': 0.001}"": 0.5248780678155042, ""{'clf__C': 0.1, 'clf__class_weight': 'balanced', 'clf__gamma': 0.01}"": 0.546961807550511, ""{'clf__C': 0.1, 'clf__class_weight': 'balanced', 'clf__gamma': 0.1}"": 0.346377829996594, ""{'clf__C': 1.0, 'clf__class_weight': None, 'clf__gamma': 0.0001}"": 0.45063686545370335, ""{'clf__C': 1.0, 'clf__class_weight': None, 'clf__gamma': 0.001}"": 0.47355047415037094, ""{'clf__C': 1.0, 'clf__class_weight': None, 'clf__gamma': 0.01}"": 0.48251992194471843, ""{'clf__C': 1.0, 'clf__class_weight': None, 'clf__gamma': 0.1}"": 0.35133345362684953, ""{'clf__C': 1.0, 'clf__class_weight': 'balanced', 'clf__gamma': 0.0001}"": 0.5198794348224449, ""{'clf__C': 1.0, 'clf__class_weight': 'balanced', 'clf__gamma': 0.001}"": 0.4890766323375065, ""{'clf__C': 1.0, 'clf__class_weight': 'balanced', 'clf__gamma': 0.01}"": 0.48830518767397524, ""{'clf__C': 1.0, 'clf__class_weight': 'balanced', 'clf__gamma': 0.1}"": 0.35133345362684953, ""{'clf__C': 10.0, 'clf__class_weight': None, 'clf__gamma': 0.0001}"": 0.4703247930940453, ""{'clf__C': 10.0, 'clf__class_weight': None, 'clf__gamma': 0.001}"": 0.4735768430400246, ""{'clf__C': 10.0, 'clf__class_weight': None, 'clf__gamma': 0.01}"": 0.4869312500180724, ""{'clf__C': 10.0, 'clf__class_weight': None, 'clf__gamma': 0.1}"": 0.3505682685632477, ""{'clf__C': 10.0, 'clf__class_weight': 'balanced', 'clf__gamma': 0.0001}"": 0.48847180452921707, ""{'clf__C': 10.0, 'clf__class_weight': 'balanced', 'clf__gamma': 0.001}"": 0.4800921917342653, ""{'clf__C': 10.0, 'clf__class_weight': 'balanced', 'clf__gamma': 0.01}"": 0.4869312500180724, ""{'clf__C': 10.0, 'clf__class_weight': 'balanced', 'clf__gamma': 0.1}"": 0.3505682685632477, ""{'clf__C': 100.0, 'clf__class_weight': None, 'clf__gamma': 0.0001}"": 0.4598909838040113, ""{'clf__C': 100.0, 'clf__class_weight': None, 'clf__gamma': 0.001}"": 0.49677160737330245, ""{'clf__C': 100.0, 'clf__class_weight': None, 'clf__gamma': 0.01}"": 0.4869312500180724, ""{'clf__C': 100.0, 'clf__class_weight': None, 'clf__gamma': 0.1}"": 0.3505682685632477, ""{'clf__C': 100.0, 'clf__class_weight': 'balanced', 'clf__gamma': 0.0001}"": 0.47046840450720967, ""{'clf__C': 100.0, 'clf__class_weight': 'balanced', 'clf__gamma': 0.001}"": 0.49677257935815566, ""{'clf__C': 100.0, 'clf__class_weight': 'balanced', 'clf__gamma': 0.01}"": 0.4869312500180724, ""{'clf__C': 100.0, 'clf__class_weight': 'balanced', 'clf__gamma': 0.1}"": 0.3505682685632477}, ""best_score"": 0.546961807550511}"
A_window_w2_s1,rbf_svm,valence,3,0,"[5, 13, 7, 0, 37, 20, 9, 19, 35, 39, 18, 16, 10, 28, 36, 24, 33, 6, 17, 27, 2, 12, 29, 26, 38, 23, 8, 22, 25, 34, 14, 1]","[15, 4, 21, 31, 32, 3, 30, 11]","{""accuracy"": 0.5887096774193549, ""balanced_accuracy"": 0.5064516129032258, ""precision_macro"": 0.510748959778086, ""precision_micro"": 0.5887096774193549, ""precision_weighted"": 0.5402219140083218, ""recall_macro"": 0.5064516129032258, ""recall_micro"": 0.5887096774193549, ""recall_weighted"": 0.5887096774193549, ""f1_macro"": 0.48094798399507543, ""f1_micro"": 0.5887096774193549, ""f1_weighted"": 0.5400738688827332, ""mcc"": 0.01665510463498261, ""kappa"": 0.01449275362318836, ""confusion_matrix"": [[259, 51], [153, 33]], ""tp"": 33, ""tn"": 259, ""fp"": 51, ""fn"": 153, ""tpr"": 0.1774193548387097, ""tnr"": 0.8354838709677419, ""fpr"": 0.16451612903225807, ""fnr"": 0.8225806451612904, ""ppv"": 0.39285714285714285, ""npv"": 0.6286407766990292, ""roc_auc"": 0.4153139091224419, ""pr_auc"": 0.364570017786622, ""log_loss"": 1.0446455195187214, ""brier"": 0.3141419067500112, ""trial_accuracy"": 0.625, ""trial_f1_macro"": 0.38461538461538464}","{""clf__C"": 1.0, ""clf__class_weight"": ""balanced"", ""clf__gamma"": 0.001}","{""scores"": {""{'clf__C': 0.1, 'clf__class_weight': None, 'clf__gamma': 0.0001}"": 0.369109047127623, ""{'clf__C': 0.1, 'clf__class_weight': None, 'clf__gamma': 0.001}"": 0.6247684594860465, ""{'clf__C': 0.1, 'clf__class_weight': None, 'clf__gamma': 0.01}"": 0.685779282633019, ""{'clf__C': 0.1, 'clf__class_weight': None, 'clf__gamma': 0.1}"": 0.369109047127623, ""{'clf__C': 0.1, 'clf__class_weight': 'balanced', 'clf__gamma': 0.0001}"": 0.42466656012761467, ""{'clf__C': 0.1, 'clf__class_weight': 'balanced', 'clf__gamma': 0.001}"": 0.7203337116946571, ""{'clf__C': 0.1, 'clf__class_weight': 'balanced', 'clf__gamma': 0.01}"": 0.7255164282927109, ""{'clf__C': 0.1, 'clf__class_weight': 'balanced', 'clf__gamma': 0.1}"": 0.30018674136321194, ""{'clf__C': 1.0, 'clf__class_weight': None, 'clf__gamma': 0.0001}"": 0.6466905661704575, ""{'clf__C': 1.0, 'clf__class_weight': None, 'clf__gamma': 0.001}"": 0.7084297030116685, ""{'clf__C': 1.0, 'clf__class_weight': None, 'clf__gamma': 0.01}"": 0.7108928371355491, ""{'clf__C': 1.0, 'clf__class_weight': None, 'clf__gamma': 0.1}"": 0.369109047127623, ""{'clf__C': 1.0, 'clf__class_weight': 'balanced', 'clf__gamma': 0.0001}"": 0.7203600209304396, ""{'clf__C': 1.0, 'clf__class_weight': 'balanced', 'clf__gamma': 0.001}"": 0.7268555397087461, ""{'clf__C': 1.0, 'clf__class_weight': 'balanced', 'clf__gamma': 0.01}"": 0.720664239184993, ""{'clf__C': 1.0, 'clf__class_weight': 'balanced', 'clf__gamma': 0.1}"": 0.369109047127623, ""{'clf__C': 10.0, 'clf__class_weight': None, 'clf__gamma': 0.0001}"": 0.7003772329033549, ""{'clf__C': 10.0, 'clf__class_weight': None, 'clf__gamma': 0.001}"": 0.6993743892857128, ""{'clf__C': 10.0, 'clf__class_weight': None, 'clf__gamma': 0.01}"": 0.6969575140966132, ""{'clf__C': 10.0, 'clf__class_weight': None, 'clf__gamma': 0.1}"": 0.369109047127623, ""{'clf__C': 10.0, 'clf__class_weight': 'balanced', 'clf__gamma': 0.0001}"": 0.7123351543135733, ""{'clf__C': 10.0, 'clf__class_weight': 'balanced', 'clf__gamma': 0.001}"": 0.6955288506996938, ""{'clf__C': 10.0, 'clf__class_weight': 'balanced', 'clf__gamma': 0.01}"": 0.6969575140966132, ""{'clf__C': 10.0, 'clf__class_weight': 'balanced', 'clf__gamma': 0.1}"": 0.369109047127623, ""{'clf__C': 100.0, 'clf__class_weight': None, 'clf__gamma': 0.0001}"": 0.6847812976967068, ""{'clf__C': 100.0, 'clf__class_weight': None, 'clf__gamma': 0.001}"": 0.676561393866565, ""{'clf__C': 100.0, 'clf__class_weight': None, 'clf__gamma': 0.01}"": 0.6969575140966132, ""{'clf__C': 100.0, 'clf__class_weight': None, 'clf__gamma': 0.1}"": 0.369109047127623, ""{'clf__C': 100.0, 'clf__class_weight': 'balanced', 'clf__gamma': 0.0001}"": 0.6858151053725731, ""{'clf__C': 100.0, 'clf__class_weight': 'balanced', 'clf__gamma': 0.001}"": 0.6736960977545025, ""{'clf__C': 100.0, 'clf__class_weight': 'balanced', 'clf__gamma': 0.01}"": 0.6969575140966132, ""{'clf__C': 100.0, 'clf__class_weight': 'balanced', 'clf__gamma': 0.1}"": 0.369109047127623}, ""best_score"": 0.7268555397087461}"
A_window_w2_s1,rbf_svm,valence,3,1,"[29, 21, 10, 25, 39, 1, 4, 20, 14, 2, 19, 28, 17, 12, 7, 3, 15, 5, 36, 30, 8, 23, 6, 35, 33, 32, 9, 18, 26, 38, 37, 0]","[27, 22, 34, 31, 24, 16, 11, 13]","{""accuracy"": 0.7399193548387096, ""balanced_accuracy"": 0.6653225806451613, ""precision_macro"": 0.657956875660225, ""precision_micro"": 0.7399193548387096, ""precision_weighted"": 0.7463338097309389, ""recall_macro"": 0.6653225806451613, ""recall_micro"": 0.7399193548387096, ""recall_weighted"": 0.7399193548387096, ""f1_macro"": 0.6612721353132693, ""f1_micro"": 0.7399193548387096, ""f1_weighted"": 0.7428809656158183, ""mcc"": 0.32319553409535384, ""kappa"": 0.3228346456692913, ""confusion_matrix"": [[303, 69], [60, 64]], ""tp"": 64, ""tn"": 303, ""fp"": 69, ""fn"": 60, ""tpr"": 0.5161290322580645, ""tnr"": 0.8145161290322581, ""fpr"": 0.18548387096774194, ""fnr"": 0.4838709677419355, ""ppv"": 0.48120300751879697, ""npv"": 0.8347107438016529, ""roc_auc"": 0.6825355532431494, ""pr_auc"": 0.497461889325154, ""log_loss"": 0.57802649052544, ""brier"": 0.19238733088967427, ""trial_accuracy"": 0.75, ""trial_f1_macro"": 0.6666666666666667}","{""clf__C"": 0.1, ""clf__class_weight"": ""balanced"", ""clf__gamma"": 0.01}","{""scores"": {""{'clf__C': 0.1, 'clf__class_weight': None, 'clf__gamma': 0.0001}"": 0.28670634920634924, ""{'clf__C': 0.1, 'clf__class_weight': None, 'clf__gamma': 0.001}"": 0.5740938411413982, ""{'clf__C': 0.1, 'clf__class_weight': None, 'clf__gamma': 0.01}"": 0.6302851446413165, ""{'clf__C': 0.1, 'clf__class_weight': None, 'clf__gamma': 0.1}"": 0.28670634920634924, ""{'clf__C': 0.1, 'clf__class_weight': 'balanced', 'clf__gamma': 0.0001}"": 0.3556286549707602, ""{'clf__C': 0.1, 'clf__class_weight': 'balanced', 'clf__gamma': 0.001}"": 0.6609981063646171, ""{'clf__C': 0.1, 'clf__class_weight': 'balanced', 'clf__gamma': 0.01}"": 0.6629306076049719, ""{'clf__C': 0.1, 'clf__class_weight': 'balanced', 'clf__gamma': 0.1}"": 0.3556286549707602, ""{'clf__C': 1.0, 'clf__class_weight': None, 'clf__gamma': 0.0001}"": 0.5877528223752514, ""{'clf__C': 1.0, 'clf__class_weight': None, 'clf__gamma': 0.001}"": 0.6323943496316329, ""{'clf__C': 1.0, 'clf__class_weight': None, 'clf__gamma': 0.01}"": 0.642245434582006, ""{'clf__C': 1.0, 'clf__class_weight': None, 'clf__gamma': 0.1}"": 0.28670634920634924, ""{'clf__C': 1.0, 'clf__class_weight': 'balanced', 'clf__gamma': 0.0001}"": 0.6611634788229004, ""{'clf__C': 1.0, 'clf__class_weight': 'balanced', 'clf__gamma': 0.001}"": 0.6463698761398481, ""{'clf__C': 1.0, 'clf__class_weight': 'balanced', 'clf__gamma': 0.01}"": 0.6433923710529933, ""{'clf__C': 1.0, 'clf__class_weight': 'balanced', 'clf__gamma': 0.1}"": 0.28670634920634924, ""{'clf__C': 10.0, 'clf__class_weight': None, 'clf__gamma': 0.0001}"": 0.6273841686565728, ""{'clf__C': 10.0, 'clf__class_weight': None, 'clf__gamma': 0.001}"": 0.6222488021643849, ""{'clf__C': 10.0, 'clf__class_weight': None, 'clf__gamma': 0.01}"": 0.623985985399189, ""{'clf__C': 10.0, 'clf__class_weight': None, 'clf__gamma': 0.1}"": 0.28670634920634924, ""{'clf__C': 10.0, 'clf__class_weight': 'balanced', 'clf__gamma': 0.0001}"": 0.6333327545204254, ""{'clf__C': 10.0, 'clf__class_weight': 'balanced', 'clf__gamma': 0.001}"": 0.6212270738140381, ""{'clf__C': 10.0, 'clf__class_weight': 'balanced', 'clf__gamma': 0.01}"": 0.623985985399189, ""{'clf__C': 10.0, 'clf__class_weight': 'balanced', 'clf__gamma': 0.1}"": 0.28670634920634924, ""{'clf__C': 100.0, 'clf__class_weight': None, 'clf__gamma': 0.0001}"": 0.603801391677178, ""{'clf__C': 100.0, 'clf__class_weight': None, 'clf__gamma': 0.001}"": 0.6066174842958425, ""{'clf__C': 100.0, 'clf__class_weight': None, 'clf__gamma': 0.01}"": 0.623985985399189, ""{'clf__C': 100.0, 'clf__class_weight': None, 'clf__gamma': 0.1}"": 0.28670634920634924, ""{'clf__C': 100.0, 'clf__class_weight': 'balanced', 'clf__gamma': 0.0001}"": 0.615062807034164, ""{'clf__C': 100.0, 'clf__class_weight': 'balanced', 'clf__gamma': 0.001}"": 0.6080321256627296, ""{'clf__C': 100.0, 'clf__class_weight': 'balanced', 'clf__gamma': 0.01}"": 0.623985985399189, ""{'clf__C': 100.0, 'clf__class_weight': 'balanced', 'clf__gamma': 0.1}"": 0.28670634920634924}, ""best_score"": 0.6629306076049719}"
A_window_w2_s1,rbf_svm,valence,4,0,"[3, 38, 6, 4, 17, 10, 9, 39, 7, 30, 26, 13, 14, 1, 12, 20, 21, 35, 36, 24, 33, 31, 28, 37, 25, 34, 15, 32, 22, 23, 0, 8]","[2, 16, 27, 29, 11, 18, 19, 5]","{""accuracy"": 0.5060483870967742, ""balanced_accuracy"": 0.5551075268817204, ""precision_macro"": 0.5421705734998922, ""precision_micro"": 0.5060483870967742, ""precision_weighted"": 0.6701463196137958, ""recall_macro"": 0.5551075268817204, ""recall_micro"": 0.5060483870967742, ""recall_weighted"": 0.5060483870967742, ""f1_macro"": 0.4896154896154896, ""f1_micro"": 0.5060483870967742, ""f1_weighted"": 0.5354060354060354, ""mcc"": 0.09641402414094902, ""kappa"": 0.07721280602636538, ""confusion_matrix"": [[81, 43], [202, 170]], ""tp"": 170, ""tn"": 81, ""fp"": 43, ""fn"": 202, ""tpr"": 0.45698924731182794, ""tnr"": 0.6532258064516129, ""fpr"": 0.3467741935483871, ""fnr"": 0.543010752688172, ""ppv"": 0.7981220657276995, ""npv"": 0.2862190812720848, ""roc_auc"": 0.5674319285466528, ""pr_auc"": 0.7823655167667225, ""log_loss"": 0.7685162139588925, ""brier"": 0.28704158090297366, ""trial_accuracy"": 0.625, ""trial_f1_macro"": 0.6190476190476191}","{""clf__C"": 0.1, ""clf__class_weight"": ""balanced"", ""clf__gamma"": 0.01}","{""scores"": {""{'clf__C': 0.1, 'clf__class_weight': None, 'clf__gamma': 0.0001}"": 0.35838779956427014, ""{'clf__C': 0.1, 'clf__class_weight': None, 'clf__gamma': 0.001}"": 0.35838779956427014, ""{'clf__C': 0.1, 'clf__class_weight': None, 'clf__gamma': 0.01}"": 0.35838779956427014, ""{'clf__C': 0.1, 'clf__class_weight': None, 'clf__gamma': 0.1}"": 0.35838779956427014, ""{'clf__C': 0.1, 'clf__class_weight': 'balanced', 'clf__gamma': 0.0001}"": 0.30416666666666664, ""{'clf__C': 0.1, 'clf__class_weight': 'balanced', 'clf__gamma': 0.001}"": 0.32463268332755274, ""{'clf__C': 0.1, 'clf__class_weight': 'balanced', 'clf__gamma': 0.01}"": 0.4911856235399242, ""{'clf__C': 0.1, 'clf__class_weight': 'balanced', 'clf__gamma': 0.1}"": 0.30416666666666664, ""{'clf__C': 1.0, 'clf__class_weight': None, 'clf__gamma': 0.0001}"": 0.35838779956427014, ""{'clf__C': 1.0, 'clf__class_weight': None, 'clf__gamma': 0.001}"": 0.4211297401408228, ""{'clf__C': 1.0, 'clf__class_weight': None, 'clf__gamma': 0.01}"": 0.48394509243560435, ""{'clf__C': 1.0, 'clf__class_weight': None, 'clf__gamma': 0.1}"": 0.35838779956427014, ""{'clf__C': 1.0, 'clf__class_weight': 'balanced', 'clf__gamma': 0.0001}"": 0.4661281328460673, ""{'clf__C': 1.0, 'clf__class_weight': 'balanced', 'clf__gamma': 0.001}"": 0.4876536015084449, ""{'clf__C': 1.0, 'clf__class_weight': 'balanced', 'clf__gamma': 0.01}"": 0.49106078108751766, ""{'clf__C': 1.0, 'clf__class_weight': 'balanced', 'clf__gamma': 0.1}"": 0.35838779956427014, ""{'clf__C': 10.0, 'clf__class_weight': None, 'clf__gamma': 0.0001}"": 0.42570331678415463, ""{'clf__C': 10.0, 'clf__class_weight': None, 'clf__gamma': 0.001}"": 0.47240056275393766, ""{'clf__C': 10.0, 'clf__class_weight': None, 'clf__gamma': 0.01}"": 0.4825041739171769, ""{'clf__C': 10.0, 'clf__class_weight': None, 'clf__gamma': 0.1}"": 0.35838779956427014, ""{'clf__C': 10.0, 'clf__class_weight': 'balanced', 'clf__gamma': 0.0001}"": 0.4897185084267129, ""{'clf__C': 10.0, 'clf__class_weight': 'balanced', 'clf__gamma': 0.001}"": 0.47050045457292056, ""{'clf__C': 10.0, 'clf__class_weight': 'balanced', 'clf__gamma': 0.01}"": 0.4825041739171769, ""{'clf__C': 10.0, 'clf__class_weight': 'balanced', 'clf__gamma': 0.1}"": 0.35838779956427014, ""{'clf__C': 100.0, 'clf__class_weight': None, 'clf__gamma': 0.0001}"": 0.4743426536150051, ""{'clf__C': 100.0, 'clf__class_weight': None, 'clf__gamma': 0.001}"": 0.4665072961061722, ""{'clf__C': 100.0, 'clf__class_weight': None, 'clf__gamma': 0.01}"": 0.4825041739171769, ""{'clf__C': 100.0, 'clf__class_weight': None, 'clf__gamma': 0.1}"": 0.35838779956427014, ""{'clf__C': 100.0, 'clf__class_weight': 'balanced', 'clf__gamma': 0.0001}"": 0.4740365163310214, ""{'clf__C': 100.0, 'clf__class_weight': 'balanced', 'clf__gamma': 0.001}"": 0.4710883765631844, ""{'clf__C': 100.0, 'clf__class_weight': 'balanced', 'clf__gamma': 0.01}"": 0.4825041739171769, ""{'clf__C': 100.0, 'clf__class_weight': 'balanced', 'clf__gamma': 0.1}"": 0.35838779956427014}, ""best_score"": 0.4911856235399242}"
A_window_w2_s1,rbf_svm,valence,4,1,"[1, 32, 37, 8, 23, 13, 10, 19, 11, 24, 28, 35, 34, 38, 21, 2, 27, 17, 20, 6, 25, 5, 14, 33, 4, 3, 31, 36, 15, 9, 29, 26]","[7, 18, 0, 39, 16, 12, 30, 22]","{""accuracy"": 0.5141129032258065, ""balanced_accuracy"": 0.5231182795698924, ""precision_macro"": 0.5217529659426557, ""precision_micro"": 0.5141129032258065, ""precision_weighted"": 0.553331891838966, ""recall_macro"": 0.5231182795698924, ""recall_micro"": 0.5141129032258065, ""recall_weighted"": 0.5141129032258065, ""f1_macro"": 0.5097105497381125, ""f1_micro"": 0.5141129032258065, ""f1_weighted"": 0.5213252695779859, ""mcc"": 0.044850469256705196, ""kappa"": 0.04270109235352537, ""confusion_matrix"": [[104, 82], [159, 151]], ""tp"": 151, ""tn"": 104, ""fp"": 82, ""fn"": 159, ""tpr"": 0.4870967741935484, ""tnr"": 0.5591397849462365, ""fpr"": 0.44086021505376344, ""fnr"": 0.5129032258064516, ""ppv"": 0.648068669527897, ""npv"": 0.39543726235741444, ""roc_auc"": 0.526378772112383, ""pr_auc"": 0.6341906453858871, ""log_loss"": 0.7947868613006159, ""brier"": 0.28999790901048406, ""trial_accuracy"": 0.5, ""trial_f1_macro"": 0.5}","{""clf__C"": 100.0, ""clf__class_weight"": ""balanced"", ""clf__gamma"": 0.001}","{""scores"": {""{'clf__C': 0.1, 'clf__class_weight': None, 'clf__gamma': 0.0001}"": 0.34640522875817, ""{'clf__C': 0.1, 'clf__class_weight': None, 'clf__gamma': 0.001}"": 0.34640522875817, ""{'clf__C': 0.1, 'clf__class_weight': None, 'clf__gamma': 0.01}"": 0.34640522875817, ""{'clf__C': 0.1, 'clf__class_weight': None, 'clf__gamma': 0.1}"": 0.34640522875817, ""{'clf__C': 0.1, 'clf__class_weight': 'balanced', 'clf__gamma': 0.0001}"": 0.3194444444444444, ""{'clf__C': 0.1, 'clf__class_weight': 'balanced', 'clf__gamma': 0.001}"": 0.3377287040415231, ""{'clf__C': 0.1, 'clf__class_weight': 'balanced', 'clf__gamma': 0.01}"": 0.4617190336317531, ""{'clf__C': 0.1, 'clf__class_weight': 'balanced', 'clf__gamma': 0.1}"": 0.3194444444444444, ""{'clf__C': 1.0, 'clf__class_weight': None, 'clf__gamma': 0.0001}"": 0.34640522875817, ""{'clf__C': 1.0, 'clf__class_weight': None, 'clf__gamma': 0.001}"": 0.4535787903409096, ""{'clf__C': 1.0, 'clf__class_weight': None, 'clf__gamma': 0.01}"": 0.47061189933172276, ""{'clf__C': 1.0, 'clf__class_weight': None, 'clf__gamma': 0.1}"": 0.34640522875817, ""{'clf__C': 1.0, 'clf__class_weight': 'balanced', 'clf__gamma': 0.0001}"": 0.431629477236803, ""{'clf__C': 1.0, 'clf__class_weight': 'balanced', 'clf__gamma': 0.001}"": 0.4674812425839023, ""{'clf__C': 1.0, 'clf__class_weight': 'balanced', 'clf__gamma': 0.01}"": 0.47427641370470636, ""{'clf__C': 1.0, 'clf__class_weight': 'balanced', 'clf__gamma': 0.1}"": 0.34640522875817, ""{'clf__C': 10.0, 'clf__class_weight': None, 'clf__gamma': 0.0001}"": 0.45329961519031964, ""{'clf__C': 10.0, 'clf__class_weight': None, 'clf__gamma': 0.001}"": 0.4727941683665857, ""{'clf__C': 10.0, 'clf__class_weight': None, 'clf__gamma': 0.01}"": 0.47612532684589715, ""{'clf__C': 10.0, 'clf__class_weight': None, 'clf__gamma': 0.1}"": 0.34640522875817, ""{'clf__C': 10.0, 'clf__class_weight': 'balanced', 'clf__gamma': 0.0001}"": 0.4672882872621453, ""{'clf__C': 10.0, 'clf__class_weight': 'balanced', 'clf__gamma': 0.001}"": 0.4742677047179031, ""{'clf__C': 10.0, 'clf__class_weight': 'balanced', 'clf__gamma': 0.01}"": 0.47612532684589715, ""{'clf__C': 10.0, 'clf__class_weight': 'balanced', 'clf__gamma': 0.1}"": 0.34640522875817, ""{'clf__C': 100.0, 'clf__class_weight': None, 'clf__gamma': 0.0001}"": 0.47749338069353797, ""{'clf__C': 100.0, 'clf__class_weight': None, 'clf__gamma': 0.001}"": 0.4836161544167978, ""{'clf__C': 100.0, 'clf__class_weight': None, 'clf__gamma': 0.01}"": 0.47612532684589715, ""{'clf__C': 100.0, 'clf__class_weight': None, 'clf__gamma': 0.1}"": 0.34640522875817, ""{'clf__C': 100.0, 'clf__class_weight': 'balanced', 'clf__gamma': 0.0001}"": 0.4757689740341098, ""{'clf__C': 100.0, 'clf__class_weight': 'balanced', 'clf__gamma': 0.001}"": 0.4875615888956036, ""{'clf__C': 100.0, 'clf__class_weight': 'balanced', 'clf__gamma': 0.01}"": 0.47612532684589715, ""{'clf__C': 100.0, 'clf__class_weight': 'balanced', 'clf__gamma': 0.1}"": 0.34640522875817}, ""best_score"": 0.4875615888956036}"
A_window_w2_s1,rbf_svm,valence,5,0,"[14, 30, 21, 24, 38, 10, 5, 15, 3, 4, 28, 29, 0, 2, 12, 19, 32, 27, 22, 25, 9, 35, 20, 1, 11, 26, 18, 33, 17, 13, 31, 37]","[34, 23, 16, 36, 8, 39, 6, 7]","{""accuracy"": 0.46169354838709675, ""balanced_accuracy"": 0.46169354838709675, ""precision_macro"": 0.4611624878426718, ""precision_micro"": 0.46169354838709675, ""precision_weighted"": 0.4611624878426718, ""recall_macro"": 0.46169354838709675, ""recall_micro"": 0.46169354838709675, ""recall_weighted"": 0.46169354838709675, ""f1_macro"": 0.45984704802691956, ""f1_micro"": 0.46169354838709675, ""f1_weighted"": 0.45984704802691956, ""mcc"": -0.07714213583302534, ""kappa"": -0.0766129032258065, ""confusion_matrix"": [[129, 119], [148, 100]], ""tp"": 100, ""tn"": 129, ""fp"": 119, ""fn"": 148, ""tpr"": 0.4032258064516129, ""tnr"": 0.5201612903225806, ""fpr"": 0.4798387096774194, ""fnr"": 0.5967741935483871, ""ppv"": 0.45662100456621, ""npv"": 0.4657039711191336, ""roc_auc"": 0.4278746097814776, ""pr_auc"": 0.4287655829007282, ""log_loss"": 0.8159591532733926, ""brier"": 0.3016222550816903, ""trial_accuracy"": 0.5, ""trial_f1_macro"": 0.5}","{""clf__C"": 1.0, ""clf__class_weight"": ""balanced"", ""clf__gamma"": 0.0001}","{""scores"": {""{'clf__C': 0.1, 'clf__class_weight': None, 'clf__gamma': 0.0001}"": 0.3587962962962963, ""{'clf__C': 0.1, 'clf__class_weight': None, 'clf__gamma': 0.001}"": 0.3587962962962963, ""{'clf__C': 0.1, 'clf__class_weight': None, 'clf__gamma': 0.01}"": 0.367670011148272, ""{'clf__C': 0.1, 'clf__class_weight': None, 'clf__gamma': 0.1}"": 0.3587962962962963, ""{'clf__C': 0.1, 'clf__class_weight': 'balanced', 'clf__gamma': 0.0001}"": 0.28829365079365077, ""{'clf__C': 0.1, 'clf__class_weight': 'balanced', 'clf__gamma': 0.001}"": 0.51854621003787, ""{'clf__C': 0.1, 'clf__class_weight': 'balanced', 'clf__gamma': 0.01}"": 0.5689137096013314, ""{'clf__C': 0.1, 'clf__class_weight': 'balanced', 'clf__gamma': 0.1}"": 0.28829365079365077, ""{'clf__C': 1.0, 'clf__class_weight': None, 'clf__gamma': 0.0001}"": 0.3586136023916293, ""{'clf__C': 1.0, 'clf__class_weight': None, 'clf__gamma': 0.001}"": 0.5604002498937661, ""{'clf__C': 1.0, 'clf__class_weight': None, 'clf__gamma': 0.01}"": 0.5504147364580979, ""{'clf__C': 1.0, 'clf__class_weight': None, 'clf__gamma': 0.1}"": 0.3587962962962963, ""{'clf__C': 1.0, 'clf__class_weight': 'balanced', 'clf__gamma': 0.0001}"": 0.5796111286498672, ""{'clf__C': 1.0, 'clf__class_weight': 'balanced', 'clf__gamma': 0.001}"": 0.5689371572063386, ""{'clf__C': 1.0, 'clf__class_weight': 'balanced', 'clf__gamma': 0.01}"": 0.5509338751617068, ""{'clf__C': 1.0, 'clf__class_weight': 'balanced', 'clf__gamma': 0.1}"": 0.3587962962962963, ""{'clf__C': 10.0, 'clf__class_weight': None, 'clf__gamma': 0.0001}"": 0.5616906928587039, ""{'clf__C': 10.0, 'clf__class_weight': None, 'clf__gamma': 0.001}"": 0.5519090548854808, ""{'clf__C': 10.0, 'clf__class_weight': None, 'clf__gamma': 0.01}"": 0.549021654997882, ""{'clf__C': 10.0, 'clf__class_weight': None, 'clf__gamma': 0.1}"": 0.3587962962962963, ""{'clf__C': 10.0, 'clf__class_weight': 'balanced', 'clf__gamma': 0.0001}"": 0.5675659449098576, ""{'clf__C': 10.0, 'clf__class_weight': 'balanced', 'clf__gamma': 0.001}"": 0.5591584236578464, ""{'clf__C': 10.0, 'clf__class_weight': 'balanced', 'clf__gamma': 0.01}"": 0.549021654997882, ""{'clf__C': 10.0, 'clf__class_weight': 'balanced', 'clf__gamma': 0.1}"": 0.3587962962962963, ""{'clf__C': 100.0, 'clf__class_weight': None, 'clf__gamma': 0.0001}"": 0.570235728372139, ""{'clf__C': 100.0, 'clf__class_weight': None, 'clf__gamma': 0.001}"": 0.5357588581329472, ""{'clf__C': 100.0, 'clf__class_weight': None, 'clf__gamma': 0.01}"": 0.549021654997882, ""{'clf__C': 100.0, 'clf__class_weight': None, 'clf__gamma': 0.1}"": 0.3587962962962963, ""{'clf__C': 100.0, 'clf__class_weight': 'balanced', 'clf__gamma': 0.0001}"": 0.5636425897389807, ""{'clf__C': 100.0, 'clf__class_weight': 'balanced', 'clf__gamma': 0.001}"": 0.5284142704814749, ""{'clf__C': 100.0, 'clf__class_weight': 'balanced', 'clf__gamma': 0.01}"": 0.549021654997882, ""{'clf__C': 100.0, 'clf__class_weight': 'balanced', 'clf__gamma': 0.1}"": 0.3587962962962963}, ""best_score"": 0.5796111286498672}"
A_window_w2_s1,rbf_svm,valence,5,1,"[32, 34, 28, 14, 7, 5, 17, 23, 30, 6, 35, 18, 15, 0, 29, 8, 25, 38, 9, 16, 31, 2, 11, 24, 20, 1, 36, 26, 12, 39, 22, 37]","[3, 4, 13, 10, 19, 21, 27, 33]","{""accuracy"": 0.4717741935483871, ""balanced_accuracy"": 0.553763440860215, ""precision_macro"": 0.5436005625879043, ""precision_micro"": 0.4717741935483871, ""precision_weighted"": 0.6745780590717301, ""recall_macro"": 0.553763440860215, ""recall_micro"": 0.4717741935483871, ""recall_weighted"": 0.4717741935483871, ""f1_macro"": 0.4649538866930171, ""f1_micro"": 0.4717741935483871, ""f1_weighted"": 0.4951581027667984, ""mcc"": 0.09683214896235447, ""kappa"": 0.07092198581560283, ""confusion_matrix"": [[89, 35], [227, 145]], ""tp"": 145, ""tn"": 89, ""fp"": 35, ""fn"": 227, ""tpr"": 0.3897849462365591, ""tnr"": 0.717741935483871, ""fpr"": 0.28225806451612906, ""fnr"": 0.6102150537634409, ""ppv"": 0.8055555555555556, ""npv"": 0.28164556962025317, ""roc_auc"": 0.5850459590704127, ""pr_auc"": 0.8240399705154609, ""log_loss"": 0.7884821791945923, ""brier"": 0.29044106449002954, ""trial_accuracy"": 0.375, ""trial_f1_macro"": 0.36507936507936506}","{""clf__C"": 1.0, ""clf__class_weight"": null, ""clf__gamma"": 0.001}","{""scores"": {""{'clf__C': 0.1, 'clf__class_weight': None, 'clf__gamma': 0.0001}"": 0.30357142857142855, ""{'clf__C': 0.1, 'clf__class_weight': None, 'clf__gamma': 0.001}"": 0.3195137959691982, ""{'clf__C': 0.1, 'clf__class_weight': None, 'clf__gamma': 0.01}"": 0.36886407639982505, ""{'clf__C': 0.1, 'clf__class_weight': None, 'clf__gamma': 0.1}"": 0.30357142857142855, ""{'clf__C': 0.1, 'clf__class_weight': 'balanced', 'clf__gamma': 0.0001}"": 0.3602941176470589, ""{'clf__C': 0.1, 'clf__class_weight': 'balanced', 'clf__gamma': 0.001}"": 0.566831014785199, ""{'clf__C': 0.1, 'clf__class_weight': 'balanced', 'clf__gamma': 0.01}"": 0.5728677833423101, ""{'clf__C': 0.1, 'clf__class_weight': 'balanced', 'clf__gamma': 0.1}"": 0.3602941176470589, ""{'clf__C': 1.0, 'clf__class_weight': None, 'clf__gamma': 0.0001}"": 0.3506857526313998, ""{'clf__C': 1.0, 'clf__class_weight': None, 'clf__gamma': 0.001}"": 0.5802761393255208, ""{'clf__C': 1.0, 'clf__class_weight': None, 'clf__gamma': 0.01}"": 0.564159993035312, ""{'clf__C': 1.0, 'clf__class_weight': None, 'clf__gamma': 0.1}"": 0.30357142857142855, ""{'clf__C': 1.0, 'clf__class_weight': 'balanced', 'clf__gamma': 0.0001}"": 0.5792720802516732, ""{'clf__C': 1.0, 'clf__class_weight': 'balanced', 'clf__gamma': 0.001}"": 0.5790298938453032, ""{'clf__C': 1.0, 'clf__class_weight': 'balanced', 'clf__gamma': 0.01}"": 0.5677372568458509, ""{'clf__C': 1.0, 'clf__class_weight': 'balanced', 'clf__gamma': 0.1}"": 0.30357142857142855, ""{'clf__C': 10.0, 'clf__class_weight': None, 'clf__gamma': 0.0001}"": 0.5801763601631899, ""{'clf__C': 10.0, 'clf__class_weight': None, 'clf__gamma': 0.001}"": 0.5648671194162542, ""{'clf__C': 10.0, 'clf__class_weight': None, 'clf__gamma': 0.01}"": 0.5473633463552784, ""{'clf__C': 10.0, 'clf__class_weight': None, 'clf__gamma': 0.1}"": 0.30357142857142855, ""{'clf__C': 10.0, 'clf__class_weight': 'balanced', 'clf__gamma': 0.0001}"": 0.5795241224702543, ""{'clf__C': 10.0, 'clf__class_weight': 'balanced', 'clf__gamma': 0.001}"": 0.5688291092019503, ""{'clf__C': 10.0, 'clf__class_weight': 'balanced', 'clf__gamma': 0.01}"": 0.5473633463552784, ""{'clf__C': 10.0, 'clf__class_weight': 'balanced', 'clf__gamma': 0.1}"": 0.30357142857142855, ""{'clf__C': 100.0, 'clf__class_weight': None, 'clf__gamma': 0.0001}"": 0.5717208490114575, ""{'clf__C': 100.0, 'clf__class_weight': None, 'clf__gamma': 0.001}"": 0.528961401493539, ""{'clf__C': 100.0, 'clf__class_weight': None, 'clf__gamma': 0.01}"": 0.5473633463552784, ""{'clf__C': 100.0, 'clf__class_weight': None, 'clf__gamma': 0.1}"": 0.30357142857142855, ""{'clf__C': 100.0, 'clf__class_weight': 'balanced', 'clf__gamma': 0.0001}"": 0.5797515717474705, ""{'clf__C': 100.0, 'clf__class_weight': 'balanced', 'clf__gamma': 0.001}"": 0.5304584770213937, ""{'clf__C': 100.0, 'clf__class_weight': 'balanced', 'clf__gamma': 0.01}"": 0.5473633463552784, ""{'clf__C': 100.0, 'clf__class_weight': 'balanced', 'clf__gamma': 0.1}"": 0.30357142857142855}, ""best_score"": 0.5802761393255208}"
A_window_w2_s1,rbf_svm,valence,6,0,"[26, 3, 36, 9, 24, 25, 23, 37, 11, 35, 32, 5, 1, 30, 19, 13, 38, 21, 10, 20, 18, 2, 15, 8, 7, 31, 14, 22, 33, 29, 12, 16]","[28, 34, 6, 39, 27, 4, 17, 0]","{""accuracy"": 0.39314516129032256, ""balanced_accuracy"": 0.37688172043010754, ""precision_macro"": 0.3840316915788614, ""precision_micro"": 0.39314516129032256, ""precision_weighted"": 0.417269051703014, ""recall_macro"": 0.37688172043010754, ""recall_micro"": 0.39314516129032256, ""recall_weighted"": 0.39314516129032256, ""f1_macro"": 0.37734959858200395, ""f1_micro"": 0.39314516129032256, ""f1_weighted"": 0.40214263371911163, ""mcc"": -0.23897965283631373, ""kappa"": -0.23487179487179488, ""confusion_matrix"": [[58, 128], [173, 137]], ""tp"": 137, ""tn"": 58, ""fp"": 128, ""fn"": 173, ""tpr"": 0.44193548387096776, ""tnr"": 0.3118279569892473, ""fpr"": 0.6881720430107527, ""fnr"": 0.5580645161290323, ""ppv"": 0.5169811320754717, ""npv"": 0.2510822510822511, ""roc_auc"": 0.34389524800554977, ""pr_auc"": 0.5761264080405308, ""log_loss"": 1.0810935999059774, ""brier"": 0.38830947528618, ""trial_accuracy"": 0.25, ""trial_f1_macro"": 0.2}","{""clf__C"": 100.0, ""clf__class_weight"": ""balanced"", ""clf__gamma"": 0.0001}","{""scores"": {""{'clf__C': 0.1, 'clf__class_weight': None, 'clf__gamma': 0.0001}"": 0.40208226659839563, ""{'clf__C': 0.1, 'clf__class_weight': None, 'clf__gamma': 0.001}"": 0.4017293761853465, ""{'clf__C': 0.1, 'clf__class_weight': None, 'clf__gamma': 0.01}"": 0.4242173938461152, ""{'clf__C': 0.1, 'clf__class_weight': None, 'clf__gamma': 0.1}"": 0.3666666666666667, ""{'clf__C': 0.1, 'clf__class_weight': 'balanced', 'clf__gamma': 0.0001}"": 0.40208226659839563, ""{'clf__C': 0.1, 'clf__class_weight': 'balanced', 'clf__gamma': 0.001}"": 0.542453846448795, ""{'clf__C': 0.1, 'clf__class_weight': 'balanced', 'clf__gamma': 0.01}"": 0.5618894563639851, ""{'clf__C': 0.1, 'clf__class_weight': 'balanced', 'clf__gamma': 0.1}"": 0.3666666666666667, ""{'clf__C': 1.0, 'clf__class_weight': None, 'clf__gamma': 0.0001}"": 0.41614717336330714, ""{'clf__C': 1.0, 'clf__class_weight': None, 'clf__gamma': 0.001}"": 0.4493281543492646, ""{'clf__C': 1.0, 'clf__class_weight': None, 'clf__gamma': 0.01}"": 0.5068795949846697, ""{'clf__C': 1.0, 'clf__class_weight': None, 'clf__gamma': 0.1}"": 0.389563966605092, ""{'clf__C': 1.0, 'clf__class_weight': 'balanced', 'clf__gamma': 0.0001}"": 0.5484454547098677, ""{'clf__C': 1.0, 'clf__class_weight': 'balanced', 'clf__gamma': 0.001}"": 0.5690490673201675, ""{'clf__C': 1.0, 'clf__class_weight': 'balanced', 'clf__gamma': 0.01}"": 0.5575211477769454, ""{'clf__C': 1.0, 'clf__class_weight': 'balanced', 'clf__gamma': 0.1}"": 0.389563966605092, ""{'clf__C': 10.0, 'clf__class_weight': None, 'clf__gamma': 0.0001}"": 0.44485525116346225, ""{'clf__C': 10.0, 'clf__class_weight': None, 'clf__gamma': 0.001}"": 0.5331612088018703, ""{'clf__C': 10.0, 'clf__class_weight': None, 'clf__gamma': 0.01}"": 0.5161435620952942, ""{'clf__C': 10.0, 'clf__class_weight': None, 'clf__gamma': 0.1}"": 0.38857286504345323, ""{'clf__C': 10.0, 'clf__class_weight': 'balanced', 'clf__gamma': 0.0001}"": 0.5632656928226881, ""{'clf__C': 10.0, 'clf__class_weight': 'balanced', 'clf__gamma': 0.001}"": 0.5610425959661658, ""{'clf__C': 10.0, 'clf__class_weight': 'balanced', 'clf__gamma': 0.01}"": 0.5161435620952942, ""{'clf__C': 10.0, 'clf__class_weight': 'balanced', 'clf__gamma': 0.1}"": 0.38857286504345323, ""{'clf__C': 100.0, 'clf__class_weight': None, 'clf__gamma': 0.0001}"": 0.5337143726964576, ""{'clf__C': 100.0, 'clf__class_weight': None, 'clf__gamma': 0.001}"": 0.5281276862238088, ""{'clf__C': 100.0, 'clf__class_weight': None, 'clf__gamma': 0.01}"": 0.5161435620952942, ""{'clf__C': 100.0, 'clf__class_weight': None, 'clf__gamma': 0.1}"": 0.38857286504345323, ""{'clf__C': 100.0, 'clf__class_weight': 'balanced', 'clf__gamma': 0.0001}"": 0.5700349504339444, ""{'clf__C': 100.0, 'clf__class_weight': 'balanced', 'clf__gamma': 0.001}"": 0.5334042955189574, ""{'clf__C': 100.0, 'clf__class_weight': 'balanced', 'clf__gamma': 0.01}"": 0.5161435620952942, ""{'clf__C': 100.0, 'clf__class_weight': 'balanced', 'clf__gamma': 0.1}"": 0.38857286504345323}, ""best_score"": 0.5700349504339444}"
A_window_w2_s1,rbf_svm,valence,6,1,"[9, 20, 16, 37, 23, 8, 24, 4, 35, 26, 5, 30, 12, 32, 27, 10, 18, 25, 1, 13, 19, 14, 6, 31, 17, 38, 34, 39, 29, 15, 28, 11]","[33, 3, 0, 7, 36, 21, 2, 22]","{""accuracy"": 0.5705645161290323, ""balanced_accuracy"": 0.5510752688172043, ""precision_macro"": 0.5495132735923604, ""precision_micro"": 0.5705645161290323, ""precision_weighted"": 0.5785172077539972, ""recall_macro"": 0.5510752688172043, ""recall_micro"": 0.5705645161290323, ""recall_weighted"": 0.5705645161290323, ""f1_macro"": 0.5496041642686311, ""f1_micro"": 0.5705645161290323, ""f1_weighted"": 0.5738946654900305, ""mcc"": 0.10057641391001346, ""kappa"": 0.10031678986272441, ""confusion_matrix"": [[88, 98], [115, 195]], ""tp"": 195, ""tn"": 88, ""fp"": 98, ""fn"": 115, ""tpr"": 0.6290322580645161, ""tnr"": 0.4731182795698925, ""fpr"": 0.5268817204301075, ""fnr"": 0.3709677419354839, ""ppv"": 0.6655290102389079, ""npv"": 0.43349753694581283, ""roc_auc"": 0.5984044398196323, ""pr_auc"": 0.7339747407782762, ""log_loss"": 0.6573478954395949, ""brier"": 0.23341528710897427, ""trial_accuracy"": 0.625, ""trial_f1_macro"": 0.5636363636363637}","{""clf__C"": 100.0, ""clf__class_weight"": ""balanced"", ""clf__gamma"": 0.0001}","{""scores"": {""{'clf__C': 0.1, 'clf__class_weight': None, 'clf__gamma': 0.0001}"": 0.37227668845315903, ""{'clf__C': 0.1, 'clf__class_weight': None, 'clf__gamma': 0.001}"": 0.37227668845315903, ""{'clf__C': 0.1, 'clf__class_weight': None, 'clf__gamma': 0.01}"": 0.3702364094091732, ""{'clf__C': 0.1, 'clf__class_weight': None, 'clf__gamma': 0.1}"": 0.37227668845315903, ""{'clf__C': 0.1, 'clf__class_weight': 'balanced', 'clf__gamma': 0.0001}"": 0.3017740429505135, ""{'clf__C': 0.1, 'clf__class_weight': 'balanced', 'clf__gamma': 0.001}"": 0.36237969195559466, ""{'clf__C': 0.1, 'clf__class_weight': 'balanced', 'clf__gamma': 0.01}"": 0.4415391555708794, ""{'clf__C': 0.1, 'clf__class_weight': 'balanced', 'clf__gamma': 0.1}"": 0.3017740429505135, ""{'clf__C': 1.0, 'clf__class_weight': None, 'clf__gamma': 0.0001}"": 0.37227668845315903, ""{'clf__C': 1.0, 'clf__class_weight': None, 'clf__gamma': 0.001}"": 0.3937773829572433, ""{'clf__C': 1.0, 'clf__class_weight': None, 'clf__gamma': 0.01}"": 0.44739582356909685, ""{'clf__C': 1.0, 'clf__class_weight': None, 'clf__gamma': 0.1}"": 0.37227668845315903, ""{'clf__C': 1.0, 'clf__class_weight': 'balanced', 'clf__gamma': 0.0001}"": 0.3898584563588859, ""{'clf__C': 1.0, 'clf__class_weight': 'balanced', 'clf__gamma': 0.001}"": 0.46510313292719846, ""{'clf__C': 1.0, 'clf__class_weight': 'balanced', 'clf__gamma': 0.01}"": 0.45895056877928236, ""{'clf__C': 1.0, 'clf__class_weight': 'balanced', 'clf__gamma': 0.1}"": 0.37227668845315903, ""{'clf__C': 10.0, 'clf__class_weight': None, 'clf__gamma': 0.0001}"": 0.4162035215252899, ""{'clf__C': 10.0, 'clf__class_weight': None, 'clf__gamma': 0.001}"": 0.45373949285354004, ""{'clf__C': 10.0, 'clf__class_weight': None, 'clf__gamma': 0.01}"": 0.4678196543420549, ""{'clf__C': 10.0, 'clf__class_weight': None, 'clf__gamma': 0.1}"": 0.37227668845315903, ""{'clf__C': 10.0, 'clf__class_weight': 'balanced', 'clf__gamma': 0.0001}"": 0.464421235768855, ""{'clf__C': 10.0, 'clf__class_weight': 'balanced', 'clf__gamma': 0.001}"": 0.46434106210419657, ""{'clf__C': 10.0, 'clf__class_weight': 'balanced', 'clf__gamma': 0.01}"": 0.4678196543420549, ""{'clf__C': 10.0, 'clf__class_weight': 'balanced', 'clf__gamma': 0.1}"": 0.37227668845315903, ""{'clf__C': 100.0, 'clf__class_weight': None, 'clf__gamma': 0.0001}"": 0.45565769648073906, ""{'clf__C': 100.0, 'clf__class_weight': None, 'clf__gamma': 0.001}"": 0.4619202918748096, ""{'clf__C': 100.0, 'clf__class_weight': None, 'clf__gamma': 0.01}"": 0.4678196543420549, ""{'clf__C': 100.0, 'clf__class_weight': None, 'clf__gamma': 0.1}"": 0.37227668845315903, ""{'clf__C': 100.0, 'clf__class_weight': 'balanced', 'clf__gamma': 0.0001}"": 0.47777106833203753, ""{'clf__C': 100.0, 'clf__class_weight': 'balanced', 'clf__gamma': 0.001}"": 0.4733901796337827, ""{'clf__C': 100.0, 'clf__class_weight': 'balanced', 'clf__gamma': 0.01}"": 0.4678196543420549, ""{'clf__C': 100.0, 'clf__class_weight': 'balanced', 'clf__gamma': 0.1}"": 0.37227668845315903}, ""best_score"": 0.47777106833203753}"
A_window_w2_s1,rbf_svm,valence,7,0,"[25, 21, 0, 14, 23, 16, 2, 19, 10, 17, 33, 11, 28, 29, 13, 22, 7, 37, 20, 35, 30, 9, 24, 3, 8, 34, 15, 4, 31, 1, 27, 6]","[26, 36, 32, 39, 18, 38, 5, 12]","{""accuracy"": 0.7076612903225806, ""balanced_accuracy"": 0.4852150537634408, ""precision_macro"": 0.45268817204301076, ""precision_micro"": 0.7076612903225806, ""precision_weighted"": 0.5983870967741935, ""recall_macro"": 0.4852150537634408, ""recall_micro"": 0.7076612903225806, ""recall_weighted"": 0.7076612903225806, ""f1_macro"": 0.44563918757467147, ""f1_micro"": 0.7076612903225806, ""f1_weighted"": 0.6362007168458781, ""mcc"": -0.052896231725801476, ""kappa"": -0.03942652329749108, ""confusion_matrix"": [[5, 119], [26, 346]], ""tp"": 346, ""tn"": 5, ""fp"": 119, ""fn"": 26, ""tpr"": 0.9301075268817204, ""tnr"": 0.04032258064516129, ""fpr"": 0.9596774193548387, ""fnr"": 0.06989247311827956, ""ppv"": 0.7440860215053764, ""npv"": 0.16129032258064516, ""roc_auc"": 0.5951266042317032, ""pr_auc"": 0.7904481729788879, ""log_loss"": 0.601117609256835, ""brier"": 0.20531796631458943, ""trial_accuracy"": 0.75, ""trial_f1_macro"": 0.42857142857142855}","{""clf__C"": 10.0, ""clf__class_weight"": null, ""clf__gamma"": 0.0001}","{""scores"": {""{'clf__C': 0.1, 'clf__class_weight': None, 'clf__gamma': 0.0001}"": 0.36951754385964913, ""{'clf__C': 0.1, 'clf__class_weight': None, 'clf__gamma': 0.001}"": 0.38422291244456197, ""{'clf__C': 0.1, 'clf__class_weight': None, 'clf__gamma': 0.01}"": 0.44591414464336454, ""{'clf__C': 0.1, 'clf__class_weight': None, 'clf__gamma': 0.1}"": 0.36951754385964913, ""{'clf__C': 0.1, 'clf__class_weight': 'balanced', 'clf__gamma': 0.0001}"": 0.27268733145471624, ""{'clf__C': 0.1, 'clf__class_weight': 'balanced', 'clf__gamma': 0.001}"": 0.48730889369549235, ""{'clf__C': 0.1, 'clf__class_weight': 'balanced', 'clf__gamma': 0.01}"": 0.4610999465775914, ""{'clf__C': 0.1, 'clf__class_weight': 'balanced', 'clf__gamma': 0.1}"": 0.2708333333333333, ""{'clf__C': 1.0, 'clf__class_weight': None, 'clf__gamma': 0.0001}"": 0.4339271973529808, ""{'clf__C': 1.0, 'clf__class_weight': None, 'clf__gamma': 0.001}"": 0.5291639798903517, ""{'clf__C': 1.0, 'clf__class_weight': None, 'clf__gamma': 0.01}"": 0.5089777467387656, ""{'clf__C': 1.0, 'clf__class_weight': None, 'clf__gamma': 0.1}"": 0.36951754385964913, ""{'clf__C': 1.0, 'clf__class_weight': 'balanced', 'clf__gamma': 0.0001}"": 0.49220078921337723, ""{'clf__C': 1.0, 'clf__class_weight': 'balanced', 'clf__gamma': 0.001}"": 0.4724621499520298, ""{'clf__C': 1.0, 'clf__class_weight': 'balanced', 'clf__gamma': 0.01}"": 0.5127947461898316, ""{'clf__C': 1.0, 'clf__class_weight': 'balanced', 'clf__gamma': 0.1}"": 0.36951754385964913, ""{'clf__C': 10.0, 'clf__class_weight': None, 'clf__gamma': 0.0001}"": 0.5294979901624356, ""{'clf__C': 10.0, 'clf__class_weight': None, 'clf__gamma': 0.001}"": 0.509431751599705, ""{'clf__C': 10.0, 'clf__class_weight': None, 'clf__gamma': 0.01}"": 0.5124500456139343, ""{'clf__C': 10.0, 'clf__class_weight': None, 'clf__gamma': 0.1}"": 0.36951754385964913, ""{'clf__C': 10.0, 'clf__class_weight': 'balanced', 'clf__gamma': 0.0001}"": 0.47441000982750464, ""{'clf__C': 10.0, 'clf__class_weight': 'balanced', 'clf__gamma': 0.001}"": 0.5097957345098885, ""{'clf__C': 10.0, 'clf__class_weight': 'balanced', 'clf__gamma': 0.01}"": 0.5132288813361109, ""{'clf__C': 10.0, 'clf__class_weight': 'balanced', 'clf__gamma': 0.1}"": 0.36951754385964913, ""{'clf__C': 100.0, 'clf__class_weight': None, 'clf__gamma': 0.0001}"": 0.5136255400830355, ""{'clf__C': 100.0, 'clf__class_weight': None, 'clf__gamma': 0.001}"": 0.5160992558628811, ""{'clf__C': 100.0, 'clf__class_weight': None, 'clf__gamma': 0.01}"": 0.5122690605281242, ""{'clf__C': 100.0, 'clf__class_weight': None, 'clf__gamma': 0.1}"": 0.36951754385964913, ""{'clf__C': 100.0, 'clf__class_weight': 'balanced', 'clf__gamma': 0.0001}"": 0.5052826844430358, ""{'clf__C': 100.0, 'clf__class_weight': 'balanced', 'clf__gamma': 0.001}"": 0.5201954299239215, ""{'clf__C': 100.0, 'clf__class_weight': 'balanced', 'clf__gamma': 0.01}"": 0.5122690605281242, ""{'clf__C': 100.0, 'clf__class_weight': 'balanced', 'clf__gamma': 0.1}"": 0.36951754385964913}, ""best_score"": 0.5294979901624356}"
A_window_w2_s1,rbf_svm,valence,7,1,"[25, 18, 21, 9, 31, 16, 22, 0, 24, 23, 13, 37, 11, 39, 1, 38, 19, 15, 12, 20, 10, 30, 28, 29, 6, 4, 14, 17, 33, 36, 34, 26]","[35, 7, 2, 3, 5, 8, 27, 32]","{""accuracy"": 0.5241935483870968, ""balanced_accuracy"": 0.489247311827957, ""precision_macro"": 0.4917989417989418, ""precision_micro"": 0.5241935483870968, ""precision_weighted"": 0.6173280423280424, ""recall_macro"": 0.489247311827957, ""recall_micro"": 0.5241935483870968, ""recall_weighted"": 0.5241935483870968, ""f1_macro"": 0.4719595813785637, ""f1_micro"": 0.5241935483870968, ""f1_weighted"": 0.5549981955972573, ""mcc"": -0.018781205660633703, ""kappa"": -0.01724137931034475, ""confusion_matrix"": [[52, 72], [164, 208]], ""tp"": 208, ""tn"": 52, ""fp"": 72, ""fn"": 164, ""tpr"": 0.5591397849462365, ""tnr"": 0.41935483870967744, ""fpr"": 0.5806451612903226, ""fnr"": 0.44086021505376344, ""ppv"": 0.7428571428571429, ""npv"": 0.24074074074074073, ""roc_auc"": 0.49657474852584116, ""pr_auc"": 0.7069859152130047, ""log_loss"": 0.7211677600866527, ""brier"": 0.25153912774507364, ""trial_accuracy"": 0.75, ""trial_f1_macro"": 0.6666666666666667}","{""clf__C"": 100.0, ""clf__class_weight"": ""balanced"", ""clf__gamma"": 0.001}","{""scores"": {""{'clf__C': 0.1, 'clf__class_weight': None, 'clf__gamma': 0.0001}"": 0.369109047127623, ""{'clf__C': 0.1, 'clf__class_weight': None, 'clf__gamma': 0.001}"": 0.35354728489229476, ""{'clf__C': 0.1, 'clf__class_weight': None, 'clf__gamma': 0.01}"": 0.3342603166008123, ""{'clf__C': 0.1, 'clf__class_weight': None, 'clf__gamma': 0.1}"": 0.369109047127623, ""{'clf__C': 0.1, 'clf__class_weight': 'balanced', 'clf__gamma': 0.0001}"": 0.30018674136321194, ""{'clf__C': 0.1, 'clf__class_weight': 'balanced', 'clf__gamma': 0.001}"": 0.35305230626266493, ""{'clf__C': 0.1, 'clf__class_weight': 'balanced', 'clf__gamma': 0.01}"": 0.3581350354672968, ""{'clf__C': 0.1, 'clf__class_weight': 'balanced', 'clf__gamma': 0.1}"": 0.30018674136321194, ""{'clf__C': 1.0, 'clf__class_weight': None, 'clf__gamma': 0.0001}"": 0.34105763517528226, ""{'clf__C': 1.0, 'clf__class_weight': None, 'clf__gamma': 0.001}"": 0.36696321887004973, ""{'clf__C': 1.0, 'clf__class_weight': None, 'clf__gamma': 0.01}"": 0.39481208797302064, ""{'clf__C': 1.0, 'clf__class_weight': None, 'clf__gamma': 0.1}"": 0.369109047127623, ""{'clf__C': 1.0, 'clf__class_weight': 'balanced', 'clf__gamma': 0.0001}"": 0.3458038077800698, ""{'clf__C': 1.0, 'clf__class_weight': 'balanced', 'clf__gamma': 0.001}"": 0.36221150732088403, ""{'clf__C': 1.0, 'clf__class_weight': 'balanced', 'clf__gamma': 0.01}"": 0.41323852856189064, ""{'clf__C': 1.0, 'clf__class_weight': 'balanced', 'clf__gamma': 0.1}"": 0.369109047127623, ""{'clf__C': 10.0, 'clf__class_weight': None, 'clf__gamma': 0.0001}"": 0.3652721324912505, ""{'clf__C': 10.0, 'clf__class_weight': None, 'clf__gamma': 0.001}"": 0.3907963096355977, ""{'clf__C': 10.0, 'clf__class_weight': None, 'clf__gamma': 0.01}"": 0.4428843146049933, ""{'clf__C': 10.0, 'clf__class_weight': None, 'clf__gamma': 0.1}"": 0.369109047127623, ""{'clf__C': 10.0, 'clf__class_weight': 'balanced', 'clf__gamma': 0.0001}"": 0.36263384833929685, ""{'clf__C': 10.0, 'clf__class_weight': 'balanced', 'clf__gamma': 0.001}"": 0.4091870740577976, ""{'clf__C': 10.0, 'clf__class_weight': 'balanced', 'clf__gamma': 0.01}"": 0.44153254101651407, ""{'clf__C': 10.0, 'clf__class_weight': 'balanced', 'clf__gamma': 0.1}"": 0.369109047127623, ""{'clf__C': 100.0, 'clf__class_weight': None, 'clf__gamma': 0.0001}"": 0.380306183653538, ""{'clf__C': 100.0, 'clf__class_weight': None, 'clf__gamma': 0.001}"": 0.4456228537411984, ""{'clf__C': 100.0, 'clf__class_weight': None, 'clf__gamma': 0.01}"": 0.44153254101651407, ""{'clf__C': 100.0, 'clf__class_weight': None, 'clf__gamma': 0.1}"": 0.369109047127623, ""{'clf__C': 100.0, 'clf__class_weight': 'balanced', 'clf__gamma': 0.0001}"": 0.3981358235592361, ""{'clf__C': 100.0, 'clf__class_weight': 'balanced', 'clf__gamma': 0.001}"": 0.45316614005672395, ""{'clf__C': 100.0, 'clf__class_weight': 'balanced', 'clf__gamma': 0.01}"": 0.44153254101651407, ""{'clf__C': 100.0, 'clf__class_weight': 'balanced', 'clf__gamma': 0.1}"": 0.369109047127623}, ""best_score"": 0.45316614005672395}"
A_window_w2_s1,rbf_svm,valence,8,0,"[31, 1, 36, 16, 27, 8, 25, 28, 18, 12, 19, 29, 23, 39, 21, 24, 0, 9, 10, 17, 38, 20, 37, 3, 14, 35, 15, 7, 26, 2, 5, 13]","[22, 34, 6, 4, 30, 33, 11, 32]","{""accuracy"": 0.5645161290322581, ""balanced_accuracy"": 0.543778801843318, ""precision_macro"": 0.5194376608804699, ""precision_micro"": 0.5645161290322581, ""precision_weighted"": 0.7989241634215564, ""recall_macro"": 0.543778801843318, ""recall_micro"": 0.5645161290322581, ""recall_weighted"": 0.5645161290322581, ""f1_macro"": 0.4626003210272873, ""f1_micro"": 0.5645161290322581, ""f1_weighted"": 0.6381219903691815, ""mcc"": 0.05834235182039568, ""kappa"": 0.04212860310421285, ""confusion_matrix"": [[248, 186], [30, 32]], ""tp"": 32, ""tn"": 248, ""fp"": 186, ""fn"": 30, ""tpr"": 0.5161290322580645, ""tnr"": 0.5714285714285714, ""fpr"": 0.42857142857142855, ""fnr"": 0.4838709677419355, ""ppv"": 0.14678899082568808, ""npv"": 0.8920863309352518, ""roc_auc"": 0.5309015906050245, ""pr_auc"": 0.15671880354394327, ""log_loss"": 0.8132137500044151, ""brier"": 0.29152925088226034, ""trial_accuracy"": 0.75, ""trial_f1_macro"": 0.6666666666666667}","{""clf__C"": 10.0, ""clf__class_weight"": null, ""clf__gamma"": 0.001}","{""scores"": {""{'clf__C': 0.1, 'clf__class_weight': None, 'clf__gamma': 0.0001}"": 0.3544973544973545, ""{'clf__C': 0.1, 'clf__class_weight': None, 'clf__gamma': 0.001}"": 0.3635385778242921, ""{'clf__C': 0.1, 'clf__class_weight': None, 'clf__gamma': 0.01}"": 0.40082768620348874, ""{'clf__C': 0.1, 'clf__class_weight': None, 'clf__gamma': 0.1}"": 0.3544973544973545, ""{'clf__C': 0.1, 'clf__class_weight': 'balanced', 'clf__gamma': 0.0001}"": 0.30277777777777776, ""{'clf__C': 0.1, 'clf__class_weight': 'balanced', 'clf__gamma': 0.001}"": 0.5026342594570044, ""{'clf__C': 0.1, 'clf__class_weight': 'balanced', 'clf__gamma': 0.01}"": 0.53045889535107, ""{'clf__C': 0.1, 'clf__class_weight': 'balanced', 'clf__gamma': 0.1}"": 0.30277777777777776, ""{'clf__C': 1.0, 'clf__class_weight': None, 'clf__gamma': 0.0001}"": 0.3739608720024387, ""{'clf__C': 1.0, 'clf__class_weight': None, 'clf__gamma': 0.001}"": 0.5211659020566692, ""{'clf__C': 1.0, 'clf__class_weight': None, 'clf__gamma': 0.01}"": 0.5490709160111859, ""{'clf__C': 1.0, 'clf__class_weight': None, 'clf__gamma': 0.1}"": 0.3544973544973545, ""{'clf__C': 1.0, 'clf__class_weight': 'balanced', 'clf__gamma': 0.0001}"": 0.520774919867561, ""{'clf__C': 1.0, 'clf__class_weight': 'balanced', 'clf__gamma': 0.001}"": 0.5357568209638355, ""{'clf__C': 1.0, 'clf__class_weight': 'balanced', 'clf__gamma': 0.01}"": 0.5479617696484401, ""{'clf__C': 1.0, 'clf__class_weight': 'balanced', 'clf__gamma': 0.1}"": 0.3544973544973545, ""{'clf__C': 10.0, 'clf__class_weight': None, 'clf__gamma': 0.0001}"": 0.5198864356320686, ""{'clf__C': 10.0, 'clf__class_weight': None, 'clf__gamma': 0.001}"": 0.5512585321349198, ""{'clf__C': 10.0, 'clf__class_weight': None, 'clf__gamma': 0.01}"": 0.5469120115602636, ""{'clf__C': 10.0, 'clf__class_weight': None, 'clf__gamma': 0.1}"": 0.3544973544973545, ""{'clf__C': 10.0, 'clf__class_weight': 'balanced', 'clf__gamma': 0.0001}"": 0.5282696744693905, ""{'clf__C': 10.0, 'clf__class_weight': 'balanced', 'clf__gamma': 0.001}"": 0.5416711884602262, ""{'clf__C': 10.0, 'clf__class_weight': 'balanced', 'clf__gamma': 0.01}"": 0.5469120115602636, ""{'clf__C': 10.0, 'clf__class_weight': 'balanced', 'clf__gamma': 0.1}"": 0.3544973544973545, ""{'clf__C': 100.0, 'clf__class_weight': None, 'clf__gamma': 0.0001}"": 0.53968818803919, ""{'clf__C': 100.0, 'clf__class_weight': None, 'clf__gamma': 0.001}"": 0.5410498660325799, ""{'clf__C': 100.0, 'clf__class_weight': None, 'clf__gamma': 0.01}"": 0.5469120115602636, ""{'clf__C': 100.0, 'clf__class_weight': None, 'clf__gamma': 0.1}"": 0.3544973544973545, ""{'clf__C': 100.0, 'clf__class_weight': 'balanced', 'clf__gamma': 0.0001}"": 0.5368389343137953, ""{'clf__C': 100.0, 'clf__class_weight': 'balanced', 'clf__gamma': 0.001}"": 0.5385486938139453, ""{'clf__C': 100.0, 'clf__class_weight': 'balanced', 'clf__gamma': 0.01}"": 0.5469120115602636, ""{'clf__C': 100.0, 'clf__class_weight': 'balanced', 'clf__gamma': 0.1}"": 0.3544973544973545}, ""best_score"": 0.5512585321349198}"
A_window_w2_s1,rbf_svm,valence,8,1,"[31, 8, 16, 39, 12, 6, 38, 3, 28, 27, 5, 20, 22, 15, 9, 17, 1, 18, 25, 21, 32, 33, 23, 4, 35, 13, 14, 24, 19, 7, 26, 34]","[11, 37, 30, 36, 29, 0, 10, 2]","{""accuracy"": 0.5443548387096774, ""balanced_accuracy"": 0.5443548387096775, ""precision_macro"": 0.5504176831522141, ""precision_micro"": 0.5443548387096774, ""precision_weighted"": 0.5504176831522141, ""recall_macro"": 0.5443548387096775, ""recall_micro"": 0.5443548387096774, ""recall_weighted"": 0.5443548387096774, ""f1_macro"": 0.5302321683010645, ""f1_micro"": 0.5443548387096774, ""f1_weighted"": 0.5302321683010645, ""mcc"": 0.09457839508750561, ""kappa"": 0.08870967741935487, ""confusion_matrix"": [[178, 70], [156, 92]], ""tp"": 92, ""tn"": 178, ""fp"": 70, ""fn"": 156, ""tpr"": 0.3709677419354839, ""tnr"": 0.717741935483871, ""fpr"": 0.28225806451612906, ""fnr"": 0.6290322580645161, ""ppv"": 0.5679012345679012, ""npv"": 0.5329341317365269, ""roc_auc"": 0.5563540582726326, ""pr_auc"": 0.5503345012841555, ""log_loss"": 1.0538504035164693, ""brier"": 0.33767339026231874, ""trial_accuracy"": 0.625, ""trial_f1_macro"": 0.5636363636363637}","{""clf__C"": 100.0, ""clf__class_weight"": ""balanced"", ""clf__gamma"": 0.001}","{""scores"": {""{'clf__C': 0.1, 'clf__class_weight': None, 'clf__gamma': 0.0001}"": 0.3954248366013072, ""{'clf__C': 0.1, 'clf__class_weight': None, 'clf__gamma': 0.001}"": 0.3954248366013072, ""{'clf__C': 0.1, 'clf__class_weight': None, 'clf__gamma': 0.01}"": 0.4005170052762896, ""{'clf__C': 0.1, 'clf__class_weight': None, 'clf__gamma': 0.1}"": 0.3954248366013072, ""{'clf__C': 0.1, 'clf__class_weight': 'balanced', 'clf__gamma': 0.0001}"": 0.2999623003798693, ""{'clf__C': 0.1, 'clf__class_weight': 'balanced', 'clf__gamma': 0.001}"": 0.4823482817304861, ""{'clf__C': 0.1, 'clf__class_weight': 'balanced', 'clf__gamma': 0.01}"": 0.4956655862503731, ""{'clf__C': 0.1, 'clf__class_weight': 'balanced', 'clf__gamma': 0.1}"": 0.2893518518518518, ""{'clf__C': 1.0, 'clf__class_weight': None, 'clf__gamma': 0.0001}"": 0.39459141992630636, ""{'clf__C': 1.0, 'clf__class_weight': None, 'clf__gamma': 0.001}"": 0.49468742102902546, ""{'clf__C': 1.0, 'clf__class_weight': None, 'clf__gamma': 0.01}"": 0.5121580116202705, ""{'clf__C': 1.0, 'clf__class_weight': None, 'clf__gamma': 0.1}"": 0.3954248366013072, ""{'clf__C': 1.0, 'clf__class_weight': 'balanced', 'clf__gamma': 0.0001}"": 0.47603110435837404, ""{'clf__C': 1.0, 'clf__class_weight': 'balanced', 'clf__gamma': 0.001}"": 0.4937308842850429, ""{'clf__C': 1.0, 'clf__class_weight': 'balanced', 'clf__gamma': 0.01}"": 0.5083268573608978, ""{'clf__C': 1.0, 'clf__class_weight': 'balanced', 'clf__gamma': 0.1}"": 0.3954248366013072, ""{'clf__C': 10.0, 'clf__class_weight': None, 'clf__gamma': 0.0001}"": 0.4889453608495238, ""{'clf__C': 10.0, 'clf__class_weight': None, 'clf__gamma': 0.001}"": 0.5020660242732231, ""{'clf__C': 10.0, 'clf__class_weight': None, 'clf__gamma': 0.01}"": 0.5061627887948051, ""{'clf__C': 10.0, 'clf__class_weight': None, 'clf__gamma': 0.1}"": 0.3954248366013072, ""{'clf__C': 10.0, 'clf__class_weight': 'balanced', 'clf__gamma': 0.0001}"": 0.49232194615016817, ""{'clf__C': 10.0, 'clf__class_weight': 'balanced', 'clf__gamma': 0.001}"": 0.5002020177145372, ""{'clf__C': 10.0, 'clf__class_weight': 'balanced', 'clf__gamma': 0.01}"": 0.5061627887948051, ""{'clf__C': 10.0, 'clf__class_weight': 'balanced', 'clf__gamma': 0.1}"": 0.3954248366013072, ""{'clf__C': 100.0, 'clf__class_weight': None, 'clf__gamma': 0.0001}"": 0.510071451425191, ""{'clf__C': 100.0, 'clf__class_weight': None, 'clf__gamma': 0.001}"": 0.5106570804216335, ""{'clf__C': 100.0, 'clf__class_weight': None, 'clf__gamma': 0.01}"": 0.5061627887948051, ""{'clf__C': 100.0, 'clf__class_weight': None, 'clf__gamma': 0.1}"": 0.3954248366013072, ""{'clf__C': 100.0, 'clf__class_weight': 'balanced', 'clf__gamma': 0.0001}"": 0.4921380661480728, ""{'clf__C': 100.0, 'clf__class_weight': 'balanced', 'clf__gamma': 0.001}"": 0.5145278038958938, ""{'clf__C': 100.0, 'clf__class_weight': 'balanced', 'clf__gamma': 0.01}"": 0.5061627887948051, ""{'clf__C': 100.0, 'clf__class_weight': 'balanced', 'clf__gamma': 0.1}"": 0.3954248366013072}, ""best_score"": 0.5145278038958938}"
A_window_w2_s1,rbf_svm,valence,9,0,"[17, 15, 34, 11, 0, 22, 23, 18, 14, 19, 31, 2, 39, 36, 12, 29, 24, 8, 35, 7, 13, 1, 26, 25, 38, 10, 6, 27, 3, 4, 20, 28]","[33, 30, 21, 16, 5, 9, 32, 37]","{""accuracy"": 0.6068548387096774, ""balanced_accuracy"": 0.6068548387096775, ""precision_macro"": 0.6142261232293387, ""precision_micro"": 0.6068548387096774, ""precision_weighted"": 0.6142261232293387, ""recall_macro"": 0.6068548387096775, ""recall_micro"": 0.6068548387096774, ""recall_weighted"": 0.6068548387096774, ""f1_macro"": 0.6004081851871744, ""f1_micro"": 0.6068548387096774, ""f1_weighted"": 0.6004081851871744, ""mcc"": 0.22095804103134803, ""kappa"": 0.21370967741935487, ""confusion_matrix"": [[119, 129], [66, 182]], ""tp"": 182, ""tn"": 119, ""fp"": 129, ""fn"": 66, ""tpr"": 0.7338709677419355, ""tnr"": 0.4798387096774194, ""fpr"": 0.5201612903225806, ""fnr"": 0.2661290322580645, ""ppv"": 0.5852090032154341, ""npv"": 0.6432432432432432, ""roc_auc"": 0.6804110301768991, ""pr_auc"": 0.7129466528530553, ""log_loss"": 0.7419022332033419, ""brier"": 0.26598322773914057, ""trial_accuracy"": 0.5, ""trial_f1_macro"": 0.4666666666666667}","{""clf__C"": 1.0, ""clf__class_weight"": ""balanced"", ""clf__gamma"": 0.0001}","{""scores"": {""{'clf__C': 0.1, 'clf__class_weight': None, 'clf__gamma': 0.0001}"": 0.3612871944708464, ""{'clf__C': 0.1, 'clf__class_weight': None, 'clf__gamma': 0.001}"": 0.5943455684042864, ""{'clf__C': 0.1, 'clf__class_weight': None, 'clf__gamma': 0.01}"": 0.6294451788996392, ""{'clf__C': 0.1, 'clf__class_weight': None, 'clf__gamma': 0.1}"": 0.35838779956427014, ""{'clf__C': 0.1, 'clf__class_weight': 'balanced', 'clf__gamma': 0.0001}"": 0.43746922997678067, ""{'clf__C': 0.1, 'clf__class_weight': 'balanced', 'clf__gamma': 0.001}"": 0.6842128434910569, ""{'clf__C': 0.1, 'clf__class_weight': 'balanced', 'clf__gamma': 0.01}"": 0.656817332359041, ""{'clf__C': 0.1, 'clf__class_weight': 'balanced', 'clf__gamma': 0.1}"": 0.30416666666666664, ""{'clf__C': 1.0, 'clf__class_weight': None, 'clf__gamma': 0.0001}"": 0.6043731344083767, ""{'clf__C': 1.0, 'clf__class_weight': None, 'clf__gamma': 0.001}"": 0.6501812052353907, ""{'clf__C': 1.0, 'clf__class_weight': None, 'clf__gamma': 0.01}"": 0.603197683959752, ""{'clf__C': 1.0, 'clf__class_weight': None, 'clf__gamma': 0.1}"": 0.4767680483313547, ""{'clf__C': 1.0, 'clf__class_weight': 'balanced', 'clf__gamma': 0.0001}"": 0.6845410537959927, ""{'clf__C': 1.0, 'clf__class_weight': 'balanced', 'clf__gamma': 0.001}"": 0.6704386290301398, ""{'clf__C': 1.0, 'clf__class_weight': 'balanced', 'clf__gamma': 0.01}"": 0.6102527494851259, ""{'clf__C': 1.0, 'clf__class_weight': 'balanced', 'clf__gamma': 0.1}"": 0.49346222610359947, ""{'clf__C': 10.0, 'clf__class_weight': None, 'clf__gamma': 0.0001}"": 0.6609640097476729, ""{'clf__C': 10.0, 'clf__class_weight': None, 'clf__gamma': 0.001}"": 0.6061317641591245, ""{'clf__C': 10.0, 'clf__class_weight': None, 'clf__gamma': 0.01}"": 0.5730696484949698, ""{'clf__C': 10.0, 'clf__class_weight': None, 'clf__gamma': 0.1}"": 0.4897676417133878, ""{'clf__C': 10.0, 'clf__class_weight': 'balanced', 'clf__gamma': 0.0001}"": 0.6699253766726408, ""{'clf__C': 10.0, 'clf__class_weight': 'balanced', 'clf__gamma': 0.001}"": 0.6059932354549106, ""{'clf__C': 10.0, 'clf__class_weight': 'balanced', 'clf__gamma': 0.01}"": 0.5748316435254553, ""{'clf__C': 10.0, 'clf__class_weight': 'balanced', 'clf__gamma': 0.1}"": 0.4897676417133878, ""{'clf__C': 100.0, 'clf__class_weight': None, 'clf__gamma': 0.0001}"": 0.6191414954812153, ""{'clf__C': 100.0, 'clf__class_weight': None, 'clf__gamma': 0.001}"": 0.5805965761967211, ""{'clf__C': 100.0, 'clf__class_weight': None, 'clf__gamma': 0.01}"": 0.5730745490257242, ""{'clf__C': 100.0, 'clf__class_weight': None, 'clf__gamma': 0.1}"": 0.4897676417133878, ""{'clf__C': 100.0, 'clf__class_weight': 'balanced', 'clf__gamma': 0.0001}"": 0.626526541413781, ""{'clf__C': 100.0, 'clf__class_weight': 'balanced', 'clf__gamma': 0.001}"": 0.5859426627836696, ""{'clf__C': 100.0, 'clf__class_weight': 'balanced', 'clf__gamma': 0.01}"": 0.5730745490257242, ""{'clf__C': 100.0, 'clf__class_weight': 'balanced', 'clf__gamma': 0.1}"": 0.4897676417133878}, ""best_score"": 0.6845410537959927}"
A_window_w2_s1,rbf_svm,valence,9,1,"[37, 36, 15, 0, 12, 10, 29, 26, 31, 6, 11, 4, 33, 28, 7, 21, 18, 14, 16, 24, 19, 25, 32, 9, 20, 30, 2, 34, 27, 22, 38, 39]","[1, 35, 23, 5, 13, 8, 3, 17]","{""accuracy"": 0.6532258064516129, ""balanced_accuracy"": 0.7016129032258065, ""precision_macro"": 0.651219512195122, ""precision_micro"": 0.6532258064516129, ""precision_weighted"": 0.7756097560975611, ""recall_macro"": 0.7016129032258065, ""recall_micro"": 0.6532258064516129, ""recall_weighted"": 0.6532258064516129, ""f1_macro"": 0.6293039019727122, ""f1_micro"": 0.6532258064516129, ""f1_weighted"": 0.6763882853915008, ""mcc"": 0.34921514788478913, ""kappa"": 0.30364372469635625, ""confusion_matrix"": [[99, 25], [147, 225]], ""tp"": 225, ""tn"": 99, ""fp"": 25, ""fn"": 147, ""tpr"": 0.6048387096774194, ""tnr"": 0.7983870967741935, ""fpr"": 0.20161290322580644, ""fnr"": 0.3951612903225806, ""ppv"": 0.9, ""npv"": 0.4024390243902439, ""roc_auc"": 0.7642646548733958, ""pr_auc"": 0.9148289182451548, ""log_loss"": 0.5396989273433698, ""brier"": 0.18495604806221205, ""trial_accuracy"": 0.625, ""trial_f1_macro"": 0.6190476190476191}","{""clf__C"": 1.0, ""clf__class_weight"": ""balanced"", ""clf__gamma"": 0.0001}","{""scores"": {""{'clf__C': 0.1, 'clf__class_weight': None, 'clf__gamma': 0.0001}"": 0.3206468978324203, ""{'clf__C': 0.1, 'clf__class_weight': None, 'clf__gamma': 0.001}"": 0.4512916592596901, ""{'clf__C': 0.1, 'clf__class_weight': None, 'clf__gamma': 0.01}"": 0.5428520354819525, ""{'clf__C': 0.1, 'clf__class_weight': None, 'clf__gamma': 0.1}"": 0.314056679202563, ""{'clf__C': 0.1, 'clf__class_weight': 'balanced', 'clf__gamma': 0.0001}"": 0.5430781507950931, ""{'clf__C': 0.1, 'clf__class_weight': 'balanced', 'clf__gamma': 0.001}"": 0.5618944759935359, ""{'clf__C': 0.1, 'clf__class_weight': 'balanced', 'clf__gamma': 0.01}"": 0.5681968322356785, ""{'clf__C': 0.1, 'clf__class_weight': 'balanced', 'clf__gamma': 0.1}"": 0.35479741994330377, ""{'clf__C': 1.0, 'clf__class_weight': None, 'clf__gamma': 0.0001}"": 0.4564666070121852, ""{'clf__C': 1.0, 'clf__class_weight': None, 'clf__gamma': 0.001}"": 0.5211014206301727, ""{'clf__C': 1.0, 'clf__class_weight': None, 'clf__gamma': 0.01}"": 0.5285786619180657, ""{'clf__C': 1.0, 'clf__class_weight': None, 'clf__gamma': 0.1}"": 0.4059823172539228, ""{'clf__C': 1.0, 'clf__class_weight': 'balanced', 'clf__gamma': 0.0001}"": 0.5740518661943969, ""{'clf__C': 1.0, 'clf__class_weight': 'balanced', 'clf__gamma': 0.001}"": 0.5593252814135643, ""{'clf__C': 1.0, 'clf__class_weight': 'balanced', 'clf__gamma': 0.01}"": 0.5452056190712039, ""{'clf__C': 1.0, 'clf__class_weight': 'balanced', 'clf__gamma': 0.1}"": 0.4323075059762332, ""{'clf__C': 10.0, 'clf__class_weight': None, 'clf__gamma': 0.0001}"": 0.5301603277030792, ""{'clf__C': 10.0, 'clf__class_weight': None, 'clf__gamma': 0.001}"": 0.5223991852008778, ""{'clf__C': 10.0, 'clf__class_weight': None, 'clf__gamma': 0.01}"": 0.52487060969515, ""{'clf__C': 10.0, 'clf__class_weight': None, 'clf__gamma': 0.1}"": 0.4208270299469003, ""{'clf__C': 10.0, 'clf__class_weight': 'balanced', 'clf__gamma': 0.0001}"": 0.565880413267818, ""{'clf__C': 10.0, 'clf__class_weight': 'balanced', 'clf__gamma': 0.001}"": 0.533132412938748, ""{'clf__C': 10.0, 'clf__class_weight': 'balanced', 'clf__gamma': 0.01}"": 0.5257922635066657, ""{'clf__C': 10.0, 'clf__class_weight': 'balanced', 'clf__gamma': 0.1}"": 0.4208270299469003, ""{'clf__C': 100.0, 'clf__class_weight': None, 'clf__gamma': 0.0001}"": 0.5267797631658936, ""{'clf__C': 100.0, 'clf__class_weight': None, 'clf__gamma': 0.001}"": 0.5295677811832619, ""{'clf__C': 100.0, 'clf__class_weight': None, 'clf__gamma': 0.01}"": 0.5256355727278382, ""{'clf__C': 100.0, 'clf__class_weight': None, 'clf__gamma': 0.1}"": 0.4208270299469003, ""{'clf__C': 100.0, 'clf__class_weight': 'balanced', 'clf__gamma': 0.0001}"": 0.5380262205273182, ""{'clf__C': 100.0, 'clf__class_weight': 'balanced', 'clf__gamma': 0.001}"": 0.5363390276250745, ""{'clf__C': 100.0, 'clf__class_weight': 'balanced', 'clf__gamma': 0.01}"": 0.5256355727278382, ""{'clf__C': 100.0, 'clf__class_weight': 'balanced', 'clf__gamma': 0.1}"": 0.4208270299469003}, ""best_score"": 0.5740518661943969}"
A_window_w2_s1,rbf_svm,valence,10,0,"[36, 8, 0, 35, 24, 2, 18, 19, 21, 4, 9, 7, 12, 6, 15, 37, 31, 14, 20, 30, 16, 17, 33, 25, 34, 1, 29, 3, 26, 27, 38, 10]","[5, 32, 39, 22, 23, 13, 11, 28]","{""accuracy"": 0.9233870967741935, ""balanced_accuracy"": 0.9236559139784946, ""precision_macro"": 0.9154421768707484, ""precision_micro"": 0.9233870967741935, ""precision_weighted"": 0.9249149659863947, ""recall_macro"": 0.9236559139784946, ""recall_micro"": 0.9233870967741935, ""recall_weighted"": 0.9233870967741935, ""f1_macro"": 0.9191142391211055, ""f1_micro"": 0.9233870967741935, ""f1_weighted"": 0.9237619088490258, ""mcc"": 0.8390578886999212, ""kappa"": 0.8382978723404255, ""confusion_matrix"": [[172, 14], [24, 286]], ""tp"": 286, ""tn"": 172, ""fp"": 14, ""fn"": 24, ""tpr"": 0.9225806451612903, ""tnr"": 0.9247311827956989, ""fpr"": 0.07526881720430108, ""fnr"": 0.07741935483870968, ""ppv"": 0.9533333333333334, ""npv"": 0.8775510204081632, ""roc_auc"": 0.9759712105445717, ""pr_auc"": 0.9807685565083045, ""log_loss"": 0.30228180345450606, ""brier"": 0.08126763101420865, ""trial_accuracy"": 1.0, ""trial_f1_macro"": 1.0}","{""clf__C"": 1.0, ""clf__class_weight"": null, ""clf__gamma"": 0.001}","{""scores"": {""{'clf__C': 0.1, 'clf__class_weight': None, 'clf__gamma': 0.0001}"": 0.34640522875817, ""{'clf__C': 0.1, 'clf__class_weight': None, 'clf__gamma': 0.001}"": 0.6154910431205832, ""{'clf__C': 0.1, 'clf__class_weight': None, 'clf__gamma': 0.01}"": 0.6412725671420955, ""{'clf__C': 0.1, 'clf__class_weight': None, 'clf__gamma': 0.1}"": 0.34640522875817, ""{'clf__C': 0.1, 'clf__class_weight': 'balanced', 'clf__gamma': 0.0001}"": 0.3194444444444444, ""{'clf__C': 0.1, 'clf__class_weight': 'balanced', 'clf__gamma': 0.001}"": 0.6466871841496218, ""{'clf__C': 0.1, 'clf__class_weight': 'balanced', 'clf__gamma': 0.01}"": 0.6495034786035199, ""{'clf__C': 0.1, 'clf__class_weight': 'balanced', 'clf__gamma': 0.1}"": 0.3194444444444444, ""{'clf__C': 1.0, 'clf__class_weight': None, 'clf__gamma': 0.0001}"": 0.6284001859756881, ""{'clf__C': 1.0, 'clf__class_weight': None, 'clf__gamma': 0.001}"": 0.6593321307858252, ""{'clf__C': 1.0, 'clf__class_weight': None, 'clf__gamma': 0.01}"": 0.6283314271772482, ""{'clf__C': 1.0, 'clf__class_weight': None, 'clf__gamma': 0.1}"": 0.34640522875817, ""{'clf__C': 1.0, 'clf__class_weight': 'balanced', 'clf__gamma': 0.0001}"": 0.6559443569367792, ""{'clf__C': 1.0, 'clf__class_weight': 'balanced', 'clf__gamma': 0.001}"": 0.6559770157862869, ""{'clf__C': 1.0, 'clf__class_weight': 'balanced', 'clf__gamma': 0.01}"": 0.6271271149588181, ""{'clf__C': 1.0, 'clf__class_weight': 'balanced', 'clf__gamma': 0.1}"": 0.34640522875817, ""{'clf__C': 10.0, 'clf__class_weight': None, 'clf__gamma': 0.0001}"": 0.654951033503148, ""{'clf__C': 10.0, 'clf__class_weight': None, 'clf__gamma': 0.001}"": 0.6211743604816798, ""{'clf__C': 10.0, 'clf__class_weight': None, 'clf__gamma': 0.01}"": 0.6097821958948543, ""{'clf__C': 10.0, 'clf__class_weight': None, 'clf__gamma': 0.1}"": 0.34640522875817, ""{'clf__C': 10.0, 'clf__class_weight': 'balanced', 'clf__gamma': 0.0001}"": 0.6552838341852347, ""{'clf__C': 10.0, 'clf__class_weight': 'balanced', 'clf__gamma': 0.001}"": 0.6241345320720193, ""{'clf__C': 10.0, 'clf__class_weight': 'balanced', 'clf__gamma': 0.01}"": 0.6097821958948543, ""{'clf__C': 10.0, 'clf__class_weight': 'balanced', 'clf__gamma': 0.1}"": 0.34640522875817, ""{'clf__C': 100.0, 'clf__class_weight': None, 'clf__gamma': 0.0001}"": 0.6332318166636192, ""{'clf__C': 100.0, 'clf__class_weight': None, 'clf__gamma': 0.001}"": 0.605498060516772, ""{'clf__C': 100.0, 'clf__class_weight': None, 'clf__gamma': 0.01}"": 0.6097821958948543, ""{'clf__C': 100.0, 'clf__class_weight': None, 'clf__gamma': 0.1}"": 0.34640522875817, ""{'clf__C': 100.0, 'clf__class_weight': 'balanced', 'clf__gamma': 0.0001}"": 0.634710523873452, ""{'clf__C': 100.0, 'clf__class_weight': 'balanced', 'clf__gamma': 0.001}"": 0.6048884544986897, ""{'clf__C': 100.0, 'clf__class_weight': 'balanced', 'clf__gamma': 0.01}"": 0.6097821958948543, ""{'clf__C': 100.0, 'clf__class_weight': 'balanced', 'clf__gamma': 0.1}"": 0.34640522875817}, ""best_score"": 0.6593321307858252}"
A_window_w2_s1,rbf_svm,valence,10,1,"[2, 33, 16, 5, 3, 7, 36, 27, 28, 30, 19, 32, 4, 12, 8, 11, 14, 38, 13, 20, 10, 23, 34, 9, 17, 24, 35, 29, 39, 26, 21, 31]","[15, 22, 25, 6, 18, 37, 1, 0]","{""accuracy"": 0.8266129032258065, ""balanced_accuracy"": 0.8451612903225807, ""precision_macro"": 0.8237782260688489, ""precision_micro"": 0.8266129032258065, ""precision_weighted"": 0.8530698900240775, ""recall_macro"": 0.8451612903225807, ""recall_micro"": 0.8266129032258065, ""recall_weighted"": 0.8266129032258065, ""f1_macro"": 0.8232915755286008, ""f1_micro"": 0.8266129032258065, ""f1_weighted"": 0.829348114270564, ""mcc"": 0.6685976676246488, ""kappa"": 0.6511156186612577, ""confusion_matrix"": [[239, 71], [15, 171]], ""tp"": 171, ""tn"": 239, ""fp"": 71, ""fn"": 15, ""tpr"": 0.9193548387096774, ""tnr"": 0.7709677419354839, ""fpr"": 0.22903225806451613, ""fnr"": 0.08064516129032258, ""ppv"": 0.7066115702479339, ""npv"": 0.9409448818897638, ""roc_auc"": 0.913024627124523, ""pr_auc"": 0.8502004430859402, ""log_loss"": 0.4599166173319153, ""brier"": 0.14546270881071738, ""trial_accuracy"": 1.0, ""trial_f1_macro"": 1.0}","{""clf__C"": 10.0, ""clf__class_weight"": ""balanced"", ""clf__gamma"": 0.0001}","{""scores"": {""{'clf__C': 0.1, 'clf__class_weight': None, 'clf__gamma': 0.0001}"": 0.4150393626236874, ""{'clf__C': 0.1, 'clf__class_weight': None, 'clf__gamma': 0.001}"": 0.6407253360734223, ""{'clf__C': 0.1, 'clf__class_weight': None, 'clf__gamma': 0.01}"": 0.6851346206574798, ""{'clf__C': 0.1, 'clf__class_weight': None, 'clf__gamma': 0.1}"": 0.3463928500693207, ""{'clf__C': 0.1, 'clf__class_weight': 'balanced', 'clf__gamma': 0.0001}"": 0.4150393626236874, ""{'clf__C': 0.1, 'clf__class_weight': 'balanced', 'clf__gamma': 0.001}"": 0.6733286547301862, ""{'clf__C': 0.1, 'clf__class_weight': 'balanced', 'clf__gamma': 0.01}"": 0.689252470920874, ""{'clf__C': 0.1, 'clf__class_weight': 'balanced', 'clf__gamma': 0.1}"": 0.3463928500693207, ""{'clf__C': 1.0, 'clf__class_weight': None, 'clf__gamma': 0.0001}"": 0.6690730479804957, ""{'clf__C': 1.0, 'clf__class_weight': None, 'clf__gamma': 0.001}"": 0.6953607277108111, ""{'clf__C': 1.0, 'clf__class_weight': None, 'clf__gamma': 0.01}"": 0.6736661338131925, ""{'clf__C': 1.0, 'clf__class_weight': None, 'clf__gamma': 0.1}"": 0.36430290780403113, ""{'clf__C': 1.0, 'clf__class_weight': 'balanced', 'clf__gamma': 0.0001}"": 0.681320609754187, ""{'clf__C': 1.0, 'clf__class_weight': 'balanced', 'clf__gamma': 0.001}"": 0.6972696102674915, ""{'clf__C': 1.0, 'clf__class_weight': 'balanced', 'clf__gamma': 0.01}"": 0.6721477256603463, ""{'clf__C': 1.0, 'clf__class_weight': 'balanced', 'clf__gamma': 0.1}"": 0.36430290780403113, ""{'clf__C': 10.0, 'clf__class_weight': None, 'clf__gamma': 0.0001}"": 0.6927041423988758, ""{'clf__C': 10.0, 'clf__class_weight': None, 'clf__gamma': 0.001}"": 0.665589900057286, ""{'clf__C': 10.0, 'clf__class_weight': None, 'clf__gamma': 0.01}"": 0.6485582154786261, ""{'clf__C': 10.0, 'clf__class_weight': None, 'clf__gamma': 0.1}"": 0.3625003131849638, ""{'clf__C': 10.0, 'clf__class_weight': 'balanced', 'clf__gamma': 0.0001}"": 0.6981827346627636, ""{'clf__C': 10.0, 'clf__class_weight': 'balanced', 'clf__gamma': 0.001}"": 0.6654047944358179, ""{'clf__C': 10.0, 'clf__class_weight': 'balanced', 'clf__gamma': 0.01}"": 0.6485582154786261, ""{'clf__C': 10.0, 'clf__class_weight': 'balanced', 'clf__gamma': 0.1}"": 0.3625003131849638, ""{'clf__C': 100.0, 'clf__class_weight': None, 'clf__gamma': 0.0001}"": 0.666571380061083, ""{'clf__C': 100.0, 'clf__class_weight': None, 'clf__gamma': 0.001}"": 0.6482296944870568, ""{'clf__C': 100.0, 'clf__class_weight': None, 'clf__gamma': 0.01}"": 0.6485582154786261, ""{'clf__C': 100.0, 'clf__class_weight': None, 'clf__gamma': 0.1}"": 0.3625003131849638, ""{'clf__C': 100.0, 'clf__class_weight': 'balanced', 'clf__gamma': 0.0001}"": 0.6712657068740274, ""{'clf__C': 100.0, 'clf__class_weight': 'balanced', 'clf__gamma': 0.001}"": 0.6490331774056163, ""{'clf__C': 100.0, 'clf__class_weight': 'balanced', 'clf__gamma': 0.01}"": 0.6485582154786261, ""{'clf__C': 100.0, 'clf__class_weight': 'balanced', 'clf__gamma': 0.1}"": 0.3625003131849638}, ""best_score"": 0.6981827346627636}"
A_window_w2_s1,rbf_svm,arousal,1,0,"[19, 13, 24, 31, 7, 6, 35, 9, 20, 37, 10, 32, 14, 8, 12, 5, 36, 28, 39, 29, 22, 26, 33, 15, 1, 25, 11, 34, 18, 3, 38, 23]","[30, 2, 27, 17, 16, 21, 0, 4]","{""accuracy"": 0.6108870967741935, ""balanced_accuracy"": 0.5876344086021505, ""precision_macro"": 0.5867393356793408, ""precision_micro"": 0.6108870967741935, ""precision_weighted"": 0.6130053214316367, ""recall_macro"": 0.5876344086021505, ""recall_micro"": 0.6108870967741935, ""recall_weighted"": 0.6108870967741935, ""f1_macro"": 0.5871212611330358, ""f1_micro"": 0.6108870967741935, ""f1_weighted"": 0.6118856612969312, ""mcc"": 0.17437144702963786, ""kappa"": 0.17433155080213902, ""confusion_matrix"": [[92, 94], [99, 211]], ""tp"": 211, ""tn"": 92, ""fp"": 94, ""fn"": 99, ""tpr"": 0.6806451612903226, ""tnr"": 0.4946236559139785, ""fpr"": 0.5053763440860215, ""fnr"": 0.3193548387096774, ""ppv"": 0.6918032786885245, ""npv"": 0.4816753926701571, ""roc_auc"": 0.6438085327783558, ""pr_auc"": 0.7817378281175225, ""log_loss"": 0.7021294598650017, ""brier"": 0.24785871315180233, ""trial_accuracy"": 0.75, ""trial_f1_macro"": 0.7333333333333334}","{""clf__C"": 10.0, ""clf__class_weight"": ""balanced"", ""clf__gamma"": 0.0001}","{""scores"": {""{'clf__C': 0.1, 'clf__class_weight': None, 'clf__gamma': 0.0001}"": 0.37254901960784315, ""{'clf__C': 0.1, 'clf__class_weight': None, 'clf__gamma': 0.001}"": 0.3898449070893253, ""{'clf__C': 0.1, 'clf__class_weight': None, 'clf__gamma': 0.01}"": 0.4375658300273713, ""{'clf__C': 0.1, 'clf__class_weight': None, 'clf__gamma': 0.1}"": 0.37254901960784315, ""{'clf__C': 0.1, 'clf__class_weight': 'balanced', 'clf__gamma': 0.0001}"": 0.31221719457013575, ""{'clf__C': 0.1, 'clf__class_weight': 'balanced', 'clf__gamma': 0.001}"": 0.6031133141506376, ""{'clf__C': 0.1, 'clf__class_weight': 'balanced', 'clf__gamma': 0.01}"": 0.6228602677692758, ""{'clf__C': 0.1, 'clf__class_weight': 'balanced', 'clf__gamma': 0.1}"": 0.31221719457013575, ""{'clf__C': 1.0, 'clf__class_weight': None, 'clf__gamma': 0.0001}"": 0.4045296372027622, ""{'clf__C': 1.0, 'clf__class_weight': None, 'clf__gamma': 0.001}"": 0.597441231349151, ""{'clf__C': 1.0, 'clf__class_weight': None, 'clf__gamma': 0.01}"": 0.5651162871816213, ""{'clf__C': 1.0, 'clf__class_weight': None, 'clf__gamma': 0.1}"": 0.37254901960784315, ""{'clf__C': 1.0, 'clf__class_weight': 'balanced', 'clf__gamma': 0.0001}"": 0.6137038912650038, ""{'clf__C': 1.0, 'clf__class_weight': 'balanced', 'clf__gamma': 0.001}"": 0.6302625423295657, ""{'clf__C': 1.0, 'clf__class_weight': 'balanced', 'clf__gamma': 0.01}"": 0.5769435777582275, ""{'clf__C': 1.0, 'clf__class_weight': 'balanced', 'clf__gamma': 0.1}"": 0.37254901960784315, ""{'clf__C': 10.0, 'clf__class_weight': None, 'clf__gamma': 0.0001}"": 0.6044503841664605, ""{'clf__C': 10.0, 'clf__class_weight': None, 'clf__gamma': 0.001}"": 0.5959248532033593, ""{'clf__C': 10.0, 'clf__class_weight': None, 'clf__gamma': 0.01}"": 0.554629166986972, ""{'clf__C': 10.0, 'clf__class_weight': None, 'clf__gamma': 0.1}"": 0.37254901960784315, ""{'clf__C': 10.0, 'clf__class_weight': 'balanced', 'clf__gamma': 0.0001}"": 0.6345896953437963, ""{'clf__C': 10.0, 'clf__class_weight': 'balanced', 'clf__gamma': 0.001}"": 0.6218885346456745, ""{'clf__C': 10.0, 'clf__class_weight': 'balanced', 'clf__gamma': 0.01}"": 0.554629166986972, ""{'clf__C': 10.0, 'clf__class_weight': 'balanced', 'clf__gamma': 0.1}"": 0.37254901960784315, ""{'clf__C': 100.0, 'clf__class_weight': None, 'clf__gamma': 0.0001}"": 0.6060456652204963, ""{'clf__C': 100.0, 'clf__class_weight': None, 'clf__gamma': 0.001}"": 0.5655859572012082, ""{'clf__C': 100.0, 'clf__class_weight': None, 'clf__gamma': 0.01}"": 0.554629166986972, ""{'clf__C': 100.0, 'clf__class_weight': None, 'clf__gamma': 0.1}"": 0.37254901960784315, ""{'clf__C': 100.0, 'clf__class_weight': 'balanced', 'clf__gamma': 0.0001}"": 0.6175245427295308, ""{'clf__C': 100.0, 'clf__class_weight': 'balanced', 'clf__gamma': 0.001}"": 0.5652469452065759, ""{'clf__C': 100.0, 'clf__class_weight': 'balanced', 'clf__gamma': 0.01}"": 0.554629166986972, ""{'clf__C': 100.0, 'clf__class_weight': 'balanced', 'clf__gamma': 0.1}"": 0.37254901960784315}, ""best_score"": 0.6345896953437963}"
A_window_w2_s1,rbf_svm,arousal,1,1,"[31, 15, 1, 24, 16, 9, 30, 0, 39, 11, 23, 5, 4, 28, 12, 13, 17, 6, 35, 18, 36, 14, 2, 19, 22, 37, 7, 33, 27, 10, 8, 38]","[21, 26, 29, 25, 34, 3, 32, 20]","{""accuracy"": 0.530241935483871, ""balanced_accuracy"": 0.5338709677419355, ""precision_macro"": 0.5317586795674445, ""precision_micro"": 0.530241935483871, ""precision_weighted"": 0.5631047239612977, ""recall_macro"": 0.5338709677419355, ""recall_micro"": 0.530241935483871, ""recall_weighted"": 0.530241935483871, ""f1_macro"": 0.5234997010740717, ""f1_micro"": 0.530241935483871, ""f1_weighted"": 0.5376698208505989, ""mcc"": 0.06559564653711032, ""kappa"": 0.06331658291457287, ""confusion_matrix"": [[102, 84], [149, 161]], ""tp"": 161, ""tn"": 102, ""fp"": 84, ""fn"": 149, ""tpr"": 0.5193548387096775, ""tnr"": 0.5483870967741935, ""fpr"": 0.45161290322580644, ""fnr"": 0.4806451612903226, ""ppv"": 0.6571428571428571, ""npv"": 0.4063745019920319, ""roc_auc"": 0.5094086021505376, ""pr_auc"": 0.6597058389678276, ""log_loss"": 0.8291117175179014, ""brier"": 0.29659388960483113, ""trial_accuracy"": 0.5, ""trial_f1_macro"": 0.4666666666666667}","{""clf__C"": 0.1, ""clf__class_weight"": ""balanced"", ""clf__gamma"": 0.01}","{""scores"": {""{'clf__C': 0.1, 'clf__class_weight': None, 'clf__gamma': 0.0001}"": 0.37227668845315903, ""{'clf__C': 0.1, 'clf__class_weight': None, 'clf__gamma': 0.001}"": 0.4082306373586513, ""{'clf__C': 0.1, 'clf__class_weight': None, 'clf__gamma': 0.01}"": 0.4167453678970711, ""{'clf__C': 0.1, 'clf__class_weight': None, 'clf__gamma': 0.1}"": 0.37227668845315903, ""{'clf__C': 0.1, 'clf__class_weight': 'balanced', 'clf__gamma': 0.0001}"": 0.3017740429505135, ""{'clf__C': 0.1, 'clf__class_weight': 'balanced', 'clf__gamma': 0.001}"": 0.6032380485908623, ""{'clf__C': 0.1, 'clf__class_weight': 'balanced', 'clf__gamma': 0.01}"": 0.606441353166844, ""{'clf__C': 0.1, 'clf__class_weight': 'balanced', 'clf__gamma': 0.1}"": 0.3017740429505135, ""{'clf__C': 1.0, 'clf__class_weight': None, 'clf__gamma': 0.0001}"": 0.4068190685865865, ""{'clf__C': 1.0, 'clf__class_weight': None, 'clf__gamma': 0.001}"": 0.5578075913562047, ""{'clf__C': 1.0, 'clf__class_weight': None, 'clf__gamma': 0.01}"": 0.5591885662775593, ""{'clf__C': 1.0, 'clf__class_weight': None, 'clf__gamma': 0.1}"": 0.37227668845315903, ""{'clf__C': 1.0, 'clf__class_weight': 'balanced', 'clf__gamma': 0.0001}"": 0.6024499410668152, ""{'clf__C': 1.0, 'clf__class_weight': 'balanced', 'clf__gamma': 0.001}"": 0.6024579268016849, ""{'clf__C': 1.0, 'clf__class_weight': 'balanced', 'clf__gamma': 0.01}"": 0.572710245920649, ""{'clf__C': 1.0, 'clf__class_weight': 'balanced', 'clf__gamma': 0.1}"": 0.37227668845315903, ""{'clf__C': 10.0, 'clf__class_weight': None, 'clf__gamma': 0.0001}"": 0.5651592931700042, ""{'clf__C': 10.0, 'clf__class_weight': None, 'clf__gamma': 0.001}"": 0.5535598143002955, ""{'clf__C': 10.0, 'clf__class_weight': None, 'clf__gamma': 0.01}"": 0.5634624005354139, ""{'clf__C': 10.0, 'clf__class_weight': None, 'clf__gamma': 0.1}"": 0.37227668845315903, ""{'clf__C': 10.0, 'clf__class_weight': 'balanced', 'clf__gamma': 0.0001}"": 0.6019458194938491, ""{'clf__C': 10.0, 'clf__class_weight': 'balanced', 'clf__gamma': 0.001}"": 0.5696371258167351, ""{'clf__C': 10.0, 'clf__class_weight': 'balanced', 'clf__gamma': 0.01}"": 0.5634624005354139, ""{'clf__C': 10.0, 'clf__class_weight': 'balanced', 'clf__gamma': 0.1}"": 0.37227668845315903, ""{'clf__C': 100.0, 'clf__class_weight': None, 'clf__gamma': 0.0001}"": 0.5573078753521044, ""{'clf__C': 100.0, 'clf__class_weight': None, 'clf__gamma': 0.001}"": 0.5538673676953362, ""{'clf__C': 100.0, 'clf__class_weight': None, 'clf__gamma': 0.01}"": 0.5634624005354139, ""{'clf__C': 100.0, 'clf__class_weight': None, 'clf__gamma': 0.1}"": 0.37227668845315903, ""{'clf__C': 100.0, 'clf__class_weight': 'balanced', 'clf__gamma': 0.0001}"": 0.5739069197397387, ""{'clf__C': 100.0, 'clf__class_weight': 'balanced', 'clf__gamma': 0.001}"": 0.5483873882705093, ""{'clf__C': 100.0, 'clf__class_weight': 'balanced', 'clf__gamma': 0.01}"": 0.5634624005354139, ""{'clf__C': 100.0, 'clf__class_weight': 'balanced', 'clf__gamma': 0.1}"": 0.37227668845315903}, ""best_score"": 0.606441353166844}"
A_window_w2_s1,rbf_svm,arousal,2,0,"[36, 5, 11, 38, 19, 15, 27, 17, 31, 26, 16, 12, 8, 2, 9, 18, 10, 0, 33, 29, 14, 1, 24, 4, 21, 13, 6, 28, 30, 7, 34, 25]","[22, 23, 37, 39, 32, 3, 35, 20]","{""accuracy"": 0.6754032258064516, ""balanced_accuracy"": 0.6754032258064515, ""precision_macro"": 0.6875032588858956, ""precision_micro"": 0.6754032258064516, ""precision_weighted"": 0.6875032588858956, ""recall_macro"": 0.6754032258064515, ""recall_micro"": 0.6754032258064516, ""recall_weighted"": 0.6754032258064516, ""f1_macro"": 0.6700806041801799, ""f1_micro"": 0.6754032258064516, ""f1_weighted"": 0.6700806041801799, ""mcc"": 0.36270470886277884, ""kappa"": 0.35080645161290325, ""confusion_matrix"": [[136, 112], [49, 199]], ""tp"": 199, ""tn"": 136, ""fp"": 112, ""fn"": 49, ""tpr"": 0.8024193548387096, ""tnr"": 0.5483870967741935, ""fpr"": 0.45161290322580644, ""fnr"": 0.1975806451612903, ""ppv"": 0.639871382636656, ""npv"": 0.7351351351351352, ""roc_auc"": 0.7601538111342352, ""pr_auc"": 0.7568774164297789, ""log_loss"": 0.7148992122098055, ""brier"": 0.228394061736121, ""trial_accuracy"": 0.75, ""trial_f1_macro"": 0.7333333333333334}","{""clf__C"": 100.0, ""clf__class_weight"": null, ""clf__gamma"": 0.001}","{""scores"": {""{'clf__C': 0.1, 'clf__class_weight': None, 'clf__gamma': 0.0001}"": 0.3017740429505135, ""{'clf__C': 0.1, 'clf__class_weight': None, 'clf__gamma': 0.001}"": 0.3935777908433559, ""{'clf__C': 0.1, 'clf__class_weight': None, 'clf__gamma': 0.01}"": 0.4271950533566053, ""{'clf__C': 0.1, 'clf__class_weight': None, 'clf__gamma': 0.1}"": 0.3017740429505135, ""{'clf__C': 0.1, 'clf__class_weight': 'balanced', 'clf__gamma': 0.0001}"": 0.3587962962962963, ""{'clf__C': 0.1, 'clf__class_weight': 'balanced', 'clf__gamma': 0.001}"": 0.4841507271484691, ""{'clf__C': 0.1, 'clf__class_weight': 'balanced', 'clf__gamma': 0.01}"": 0.49575331333569195, ""{'clf__C': 0.1, 'clf__class_weight': 'balanced', 'clf__gamma': 0.1}"": 0.3587962962962963, ""{'clf__C': 1.0, 'clf__class_weight': None, 'clf__gamma': 0.0001}"": 0.4230865236999011, ""{'clf__C': 1.0, 'clf__class_weight': None, 'clf__gamma': 0.001}"": 0.505464970184135, ""{'clf__C': 1.0, 'clf__class_weight': None, 'clf__gamma': 0.01}"": 0.5327557997719238, ""{'clf__C': 1.0, 'clf__class_weight': None, 'clf__gamma': 0.1}"": 0.3017740429505135, ""{'clf__C': 1.0, 'clf__class_weight': 'balanced', 'clf__gamma': 0.0001}"": 0.4769962990584011, ""{'clf__C': 1.0, 'clf__class_weight': 'balanced', 'clf__gamma': 0.001}"": 0.5051577707895387, ""{'clf__C': 1.0, 'clf__class_weight': 'balanced', 'clf__gamma': 0.01}"": 0.5311944512387946, ""{'clf__C': 1.0, 'clf__class_weight': 'balanced', 'clf__gamma': 0.1}"": 0.3017740429505135, ""{'clf__C': 10.0, 'clf__class_weight': None, 'clf__gamma': 0.0001}"": 0.5019516250736537, ""{'clf__C': 10.0, 'clf__class_weight': None, 'clf__gamma': 0.001}"": 0.5217139200290098, ""{'clf__C': 10.0, 'clf__class_weight': None, 'clf__gamma': 0.01}"": 0.5348493606473895, ""{'clf__C': 10.0, 'clf__class_weight': None, 'clf__gamma': 0.1}"": 0.3017740429505135, ""{'clf__C': 10.0, 'clf__class_weight': 'balanced', 'clf__gamma': 0.0001}"": 0.5000535646917182, ""{'clf__C': 10.0, 'clf__class_weight': 'balanced', 'clf__gamma': 0.001}"": 0.5222471536760493, ""{'clf__C': 10.0, 'clf__class_weight': 'balanced', 'clf__gamma': 0.01}"": 0.5348493606473895, ""{'clf__C': 10.0, 'clf__class_weight': 'balanced', 'clf__gamma': 0.1}"": 0.3017740429505135, ""{'clf__C': 100.0, 'clf__class_weight': None, 'clf__gamma': 0.0001}"": 0.5166833158905825, ""{'clf__C': 100.0, 'clf__class_weight': None, 'clf__gamma': 0.001}"": 0.5404686870385912, ""{'clf__C': 100.0, 'clf__class_weight': None, 'clf__gamma': 0.01}"": 0.5348493606473895, ""{'clf__C': 100.0, 'clf__class_weight': None, 'clf__gamma': 0.1}"": 0.3017740429505135, ""{'clf__C': 100.0, 'clf__class_weight': 'balanced', 'clf__gamma': 0.0001}"": 0.5145068940644237, ""{'clf__C': 100.0, 'clf__class_weight': 'balanced', 'clf__gamma': 0.001}"": 0.5382298009364138, ""{'clf__C': 100.0, 'clf__class_weight': 'balanced', 'clf__gamma': 0.01}"": 0.5348493606473895, ""{'clf__C': 100.0, 'clf__class_weight': 'balanced', 'clf__gamma': 0.1}"": 0.3017740429505135}, ""best_score"": 0.5404686870385912}"
A_window_w2_s1,rbf_svm,arousal,2,1,"[7, 25, 26, 27, 14, 16, 5, 23, 3, 0, 30, 37, 39, 38, 22, 15, 19, 31, 18, 34, 13, 36, 21, 6, 20, 10, 33, 4, 32, 8, 17, 24]","[9, 35, 11, 2, 12, 1, 29, 28]","{""accuracy"": 0.6673387096774194, ""balanced_accuracy"": 0.6543010752688172, ""precision_macro"": 0.6495822054842886, ""precision_micro"": 0.6673387096774194, ""precision_weighted"": 0.6740467223726021, ""recall_macro"": 0.6543010752688172, ""recall_micro"": 0.6673387096774194, ""recall_weighted"": 0.6673387096774194, ""f1_macro"": 0.6511018173911931, ""f1_micro"": 0.6673387096774194, ""f1_weighted"": 0.66991840284439, ""mcc"": 0.30384663991761957, ""kappa"": 0.30306230200633577, ""confusion_matrix"": [[112, 74], [91, 219]], ""tp"": 219, ""tn"": 112, ""fp"": 74, ""fn"": 91, ""tpr"": 0.7064516129032258, ""tnr"": 0.6021505376344086, ""fpr"": 0.3978494623655914, ""fnr"": 0.29354838709677417, ""ppv"": 0.7474402730375427, ""npv"": 0.5517241379310345, ""roc_auc"": 0.7384928893513703, ""pr_auc"": 0.8374643261498329, ""log_loss"": 0.6440923587478319, ""brier"": 0.22009490198573584, ""trial_accuracy"": 0.75, ""trial_f1_macro"": 0.7333333333333334}","{""clf__C"": 1.0, ""clf__class_weight"": ""balanced"", ""clf__gamma"": 0.01}","{""scores"": {""{'clf__C': 0.1, 'clf__class_weight': None, 'clf__gamma': 0.0001}"": 0.30357142857142855, ""{'clf__C': 0.1, 'clf__class_weight': None, 'clf__gamma': 0.001}"": 0.4148459137118192, ""{'clf__C': 0.1, 'clf__class_weight': None, 'clf__gamma': 0.01}"": 0.4665879292740729, ""{'clf__C': 0.1, 'clf__class_weight': None, 'clf__gamma': 0.1}"": 0.30357142857142855, ""{'clf__C': 0.1, 'clf__class_weight': 'balanced', 'clf__gamma': 0.0001}"": 0.3602941176470589, ""{'clf__C': 0.1, 'clf__class_weight': 'balanced', 'clf__gamma': 0.001}"": 0.4772993980873488, ""{'clf__C': 0.1, 'clf__class_weight': 'balanced', 'clf__gamma': 0.01}"": 0.5336286961510766, ""{'clf__C': 0.1, 'clf__class_weight': 'balanced', 'clf__gamma': 0.1}"": 0.3602941176470589, ""{'clf__C': 1.0, 'clf__class_weight': None, 'clf__gamma': 0.0001}"": 0.4208660861120455, ""{'clf__C': 1.0, 'clf__class_weight': None, 'clf__gamma': 0.001}"": 0.5444117322589741, ""{'clf__C': 1.0, 'clf__class_weight': None, 'clf__gamma': 0.01}"": 0.5835748179120018, ""{'clf__C': 1.0, 'clf__class_weight': None, 'clf__gamma': 0.1}"": 0.30357142857142855, ""{'clf__C': 1.0, 'clf__class_weight': 'balanced', 'clf__gamma': 0.0001}"": 0.48181644408236207, ""{'clf__C': 1.0, 'clf__class_weight': 'balanced', 'clf__gamma': 0.001}"": 0.5588222517059502, ""{'clf__C': 1.0, 'clf__class_weight': 'balanced', 'clf__gamma': 0.01}"": 0.5846433328749815, ""{'clf__C': 1.0, 'clf__class_weight': 'balanced', 'clf__gamma': 0.1}"": 0.30357142857142855, ""{'clf__C': 10.0, 'clf__class_weight': None, 'clf__gamma': 0.0001}"": 0.5366756880277026, ""{'clf__C': 10.0, 'clf__class_weight': None, 'clf__gamma': 0.001}"": 0.5774545165103832, ""{'clf__C': 10.0, 'clf__class_weight': None, 'clf__gamma': 0.01}"": 0.5836099955116327, ""{'clf__C': 10.0, 'clf__class_weight': None, 'clf__gamma': 0.1}"": 0.30357142857142855, ""{'clf__C': 10.0, 'clf__class_weight': 'balanced', 'clf__gamma': 0.0001}"": 0.5513695282409409, ""{'clf__C': 10.0, 'clf__class_weight': 'balanced', 'clf__gamma': 0.001}"": 0.5790989347137644, ""{'clf__C': 10.0, 'clf__class_weight': 'balanced', 'clf__gamma': 0.01}"": 0.5836099955116327, ""{'clf__C': 10.0, 'clf__class_weight': 'balanced', 'clf__gamma': 0.1}"": 0.30357142857142855, ""{'clf__C': 100.0, 'clf__class_weight': None, 'clf__gamma': 0.0001}"": 0.5627633035079167, ""{'clf__C': 100.0, 'clf__class_weight': None, 'clf__gamma': 0.001}"": 0.5823065753431381, ""{'clf__C': 100.0, 'clf__class_weight': None, 'clf__gamma': 0.01}"": 0.5836099955116327, ""{'clf__C': 100.0, 'clf__class_weight': None, 'clf__gamma': 0.1}"": 0.30357142857142855, ""{'clf__C': 100.0, 'clf__class_weight': 'balanced', 'clf__gamma': 0.0001}"": 0.5668645378815982, ""{'clf__C': 100.0, 'clf__class_weight': 'balanced', 'clf__gamma': 0.001}"": 0.5825845967783255, ""{'clf__C': 100.0, 'clf__class_weight': 'balanced', 'clf__gamma': 0.01}"": 0.5836099955116327, ""{'clf__C': 100.0, 'clf__class_weight': 'balanced', 'clf__gamma': 0.1}"": 0.30357142857142855}, ""best_score"": 0.5846433328749815}"
A_window_w2_s1,rbf_svm,arousal,3,0,"[5, 13, 7, 0, 37, 20, 9, 19, 35, 39, 18, 16, 10, 28, 36, 24, 33, 6, 17, 27, 2, 12, 29, 26, 38, 23, 8, 22, 25, 34, 14, 1]","[15, 4, 21, 31, 32, 3, 30, 11]","{""accuracy"": 0.6028225806451613, ""balanced_accuracy"": 0.5381720430107526, ""precision_macro"": 0.5502339381490358, ""precision_micro"": 0.6028225806451613, ""precision_weighted"": 0.5747489444254251, ""recall_macro"": 0.5381720430107526, ""recall_micro"": 0.6028225806451613, ""recall_weighted"": 0.6028225806451613, ""f1_macro"": 0.5302104417979624, ""f1_micro"": 0.6028225806451613, ""f1_weighted"": 0.5763843147059249, ""mcc"": 0.08757926804043252, ""kappa"": 0.08265424912689179, ""confusion_matrix"": [[52, 134], [63, 247]], ""tp"": 247, ""tn"": 52, ""fp"": 134, ""fn"": 63, ""tpr"": 0.7967741935483871, ""tnr"": 0.27956989247311825, ""fpr"": 0.7204301075268817, ""fnr"": 0.2032258064516129, ""ppv"": 0.6482939632545932, ""npv"": 0.45217391304347826, ""roc_auc"": 0.5879465834200486, ""pr_auc"": 0.7185071863015858, ""log_loss"": 0.7013419029746361, ""brier"": 0.2503988185034084, ""trial_accuracy"": 0.625, ""trial_f1_macro"": 0.38461538461538464}","{""clf__C"": 10.0, ""clf__class_weight"": ""balanced"", ""clf__gamma"": 0.0001}","{""scores"": {""{'clf__C': 0.1, 'clf__class_weight': None, 'clf__gamma': 0.0001}"": 0.2853174603174603, ""{'clf__C': 0.1, 'clf__class_weight': None, 'clf__gamma': 0.001}"": 0.425192277036946, ""{'clf__C': 0.1, 'clf__class_weight': None, 'clf__gamma': 0.01}"": 0.4906528128108649, ""{'clf__C': 0.1, 'clf__class_weight': None, 'clf__gamma': 0.1}"": 0.2853174603174603, ""{'clf__C': 0.1, 'clf__class_weight': 'balanced', 'clf__gamma': 0.0001}"": 0.3844550870633956, ""{'clf__C': 0.1, 'clf__class_weight': 'balanced', 'clf__gamma': 0.001}"": 0.587199503237037, ""{'clf__C': 0.1, 'clf__class_weight': 'balanced', 'clf__gamma': 0.01}"": 0.583348944507582, ""{'clf__C': 0.1, 'clf__class_weight': 'balanced', 'clf__gamma': 0.1}"": 0.32447786131996653, ""{'clf__C': 1.0, 'clf__class_weight': None, 'clf__gamma': 0.0001}"": 0.4692546226806324, ""{'clf__C': 1.0, 'clf__class_weight': None, 'clf__gamma': 0.001}"": 0.5598716366314145, ""{'clf__C': 1.0, 'clf__class_weight': None, 'clf__gamma': 0.01}"": 0.514908267604403, ""{'clf__C': 1.0, 'clf__class_weight': None, 'clf__gamma': 0.1}"": 0.2853174603174603, ""{'clf__C': 1.0, 'clf__class_weight': 'balanced', 'clf__gamma': 0.0001}"": 0.5842360248771583, ""{'clf__C': 1.0, 'clf__class_weight': 'balanced', 'clf__gamma': 0.001}"": 0.5899192673652686, ""{'clf__C': 1.0, 'clf__class_weight': 'balanced', 'clf__gamma': 0.01}"": 0.5310783934463347, ""{'clf__C': 1.0, 'clf__class_weight': 'balanced', 'clf__gamma': 0.1}"": 0.2853174603174603, ""{'clf__C': 10.0, 'clf__class_weight': None, 'clf__gamma': 0.0001}"": 0.5596873515567647, ""{'clf__C': 10.0, 'clf__class_weight': None, 'clf__gamma': 0.001}"": 0.5370712921556953, ""{'clf__C': 10.0, 'clf__class_weight': None, 'clf__gamma': 0.01}"": 0.4989994896516072, ""{'clf__C': 10.0, 'clf__class_weight': None, 'clf__gamma': 0.1}"": 0.2853174603174603, ""{'clf__C': 10.0, 'clf__class_weight': 'balanced', 'clf__gamma': 0.0001}"": 0.5902469450881066, ""{'clf__C': 10.0, 'clf__class_weight': 'balanced', 'clf__gamma': 0.001}"": 0.5424754023682912, ""{'clf__C': 10.0, 'clf__class_weight': 'balanced', 'clf__gamma': 0.01}"": 0.4989994896516072, ""{'clf__C': 10.0, 'clf__class_weight': 'balanced', 'clf__gamma': 0.1}"": 0.2853174603174603, ""{'clf__C': 100.0, 'clf__class_weight': None, 'clf__gamma': 0.0001}"": 0.5467405324746962, ""{'clf__C': 100.0, 'clf__class_weight': None, 'clf__gamma': 0.001}"": 0.5025787882108474, ""{'clf__C': 100.0, 'clf__class_weight': None, 'clf__gamma': 0.01}"": 0.4989994896516072, ""{'clf__C': 100.0, 'clf__class_weight': None, 'clf__gamma': 0.1}"": 0.2853174603174603, ""{'clf__C': 100.0, 'clf__class_weight': 'balanced', 'clf__gamma': 0.0001}"": 0.5575035157865212, ""{'clf__C': 100.0, 'clf__class_weight': 'balanced', 'clf__gamma': 0.001}"": 0.502702595177435, ""{'clf__C': 100.0, 'clf__class_weight': 'balanced', 'clf__gamma': 0.01}"": 0.4989994896516072, ""{'clf__C': 100.0, 'clf__class_weight': 'balanced', 'clf__gamma': 0.1}"": 0.2853174603174603}, ""best_score"": 0.5902469450881066}"
A_window_w2_s1,rbf_svm,arousal,3,1,"[29, 21, 10, 25, 39, 1, 4, 20, 14, 2, 19, 28, 17, 12, 7, 3, 15, 5, 36, 30, 8, 23, 6, 35, 33, 32, 9, 18, 26, 38, 37, 0]","[27, 22, 34, 31, 24, 16, 11, 13]","{""accuracy"": 0.5383064516129032, ""balanced_accuracy"": 0.5793010752688172, ""precision_macro"": 0.5599053436614644, ""precision_micro"": 0.5383064516129032, ""precision_weighted"": 0.687441658614873, ""recall_macro"": 0.5793010752688172, ""recall_micro"": 0.5383064516129032, ""recall_weighted"": 0.5383064516129032, ""f1_macro"": 0.51749947962465, ""f1_micro"": 0.5383064516129032, ""f1_weighted"": 0.567597819945881, ""mcc"": 0.13784858601671834, ""kappa"": 0.11411992263056092, ""confusion_matrix"": [[185, 187], [42, 82]], ""tp"": 82, ""tn"": 185, ""fp"": 187, ""fn"": 42, ""tpr"": 0.6612903225806451, ""tnr"": 0.49731182795698925, ""fpr"": 0.5026881720430108, ""fnr"": 0.3387096774193548, ""ppv"": 0.3048327137546468, ""npv"": 0.8149779735682819, ""roc_auc"": 0.6272545959070412, ""pr_auc"": 0.388368278100221, ""log_loss"": 0.6422766520922942, ""brier"": 0.22738797262355706, ""trial_accuracy"": 0.5, ""trial_f1_macro"": 0.4666666666666667}","{""clf__C"": 0.1, ""clf__class_weight"": ""balanced"", ""clf__gamma"": 0.01}","{""scores"": {""{'clf__C': 0.1, 'clf__class_weight': None, 'clf__gamma': 0.0001}"": 0.42491197195895064, ""{'clf__C': 0.1, 'clf__class_weight': None, 'clf__gamma': 0.001}"": 0.42017439438541376, ""{'clf__C': 0.1, 'clf__class_weight': None, 'clf__gamma': 0.01}"": 0.47317423484919646, ""{'clf__C': 0.1, 'clf__class_weight': None, 'clf__gamma': 0.1}"": 0.2984182803556205, ""{'clf__C': 0.1, 'clf__class_weight': 'balanced', 'clf__gamma': 0.0001}"": 0.460611204954192, ""{'clf__C': 0.1, 'clf__class_weight': 'balanced', 'clf__gamma': 0.001}"": 0.5872791685318349, ""{'clf__C': 0.1, 'clf__class_weight': 'balanced', 'clf__gamma': 0.01}"": 0.6007024271929375, ""{'clf__C': 0.1, 'clf__class_weight': 'balanced', 'clf__gamma': 0.1}"": 0.28493788819875776, ""{'clf__C': 1.0, 'clf__class_weight': None, 'clf__gamma': 0.0001}"": 0.45092756978384535, ""{'clf__C': 1.0, 'clf__class_weight': None, 'clf__gamma': 0.001}"": 0.5857603651662071, ""{'clf__C': 1.0, 'clf__class_weight': None, 'clf__gamma': 0.01}"": 0.5619399577210135, ""{'clf__C': 1.0, 'clf__class_weight': None, 'clf__gamma': 0.1}"": 0.34807271454155764, ""{'clf__C': 1.0, 'clf__class_weight': 'balanced', 'clf__gamma': 0.0001}"": 0.5872574816234141, ""{'clf__C': 1.0, 'clf__class_weight': 'balanced', 'clf__gamma': 0.001}"": 0.58375886672424, ""{'clf__C': 1.0, 'clf__class_weight': 'balanced', 'clf__gamma': 0.01}"": 0.5688596833433807, ""{'clf__C': 1.0, 'clf__class_weight': 'balanced', 'clf__gamma': 0.1}"": 0.34807271454155764, ""{'clf__C': 10.0, 'clf__class_weight': None, 'clf__gamma': 0.0001}"": 0.5892019771463035, ""{'clf__C': 10.0, 'clf__class_weight': None, 'clf__gamma': 0.001}"": 0.5648246991763837, ""{'clf__C': 10.0, 'clf__class_weight': None, 'clf__gamma': 0.01}"": 0.5581153643249857, ""{'clf__C': 10.0, 'clf__class_weight': None, 'clf__gamma': 0.1}"": 0.3526931563404469, ""{'clf__C': 10.0, 'clf__class_weight': 'balanced', 'clf__gamma': 0.0001}"": 0.5883050052515602, ""{'clf__C': 10.0, 'clf__class_weight': 'balanced', 'clf__gamma': 0.001}"": 0.5665753582457461, ""{'clf__C': 10.0, 'clf__class_weight': 'balanced', 'clf__gamma': 0.01}"": 0.5581153643249857, ""{'clf__C': 10.0, 'clf__class_weight': 'balanced', 'clf__gamma': 0.1}"": 0.3526931563404469, ""{'clf__C': 100.0, 'clf__class_weight': None, 'clf__gamma': 0.0001}"": 0.5703440896775084, ""{'clf__C': 100.0, 'clf__class_weight': None, 'clf__gamma': 0.001}"": 0.5428822873495255, ""{'clf__C': 100.0, 'clf__class_weight': None, 'clf__gamma': 0.01}"": 0.5581153643249857, ""{'clf__C': 100.0, 'clf__class_weight': None, 'clf__gamma': 0.1}"": 0.3526931563404469, ""{'clf__C': 100.0, 'clf__class_weight': 'balanced', 'clf__gamma': 0.0001}"": 0.566027542549272, ""{'clf__C': 100.0, 'clf__class_weight': 'balanced', 'clf__gamma': 0.001}"": 0.5444376967408876, ""{'clf__C': 100.0, 'clf__class_weight': 'balanced', 'clf__gamma': 0.01}"": 0.5581153643249857, ""{'clf__C': 100.0, 'clf__class_weight': 'balanced', 'clf__gamma': 0.1}"": 0.3526931563404469}, ""best_score"": 0.6007024271929375}"
A_window_w2_s1,rbf_svm,arousal,4,0,"[3, 38, 6, 4, 17, 10, 9, 39, 7, 30, 26, 13, 14, 1, 12, 20, 21, 35, 36, 24, 33, 31, 28, 37, 25, 34, 15, 32, 22, 23, 0, 8]","[2, 16, 27, 29, 11, 18, 19, 5]","{""accuracy"": 0.5100806451612904, ""balanced_accuracy"": 0.4798387096774194, ""precision_macro"": 0.48472379638298924, ""precision_micro"": 0.5100806451612904, ""precision_weighted"": 0.6104937663233627, ""recall_macro"": 0.4798387096774194, ""recall_micro"": 0.5100806451612904, ""recall_weighted"": 0.5100806451612904, ""f1_macro"": 0.46148381475772404, ""f1_micro"": 0.5100806451612904, ""f1_weighted"": 0.5423698143556062, ""mcc"": -0.03509917242040964, ""kappa"": -0.031847133757961776, ""confusion_matrix"": [[52, 72], [171, 201]], ""tp"": 201, ""tn"": 52, ""fp"": 72, ""fn"": 171, ""tpr"": 0.5403225806451613, ""tnr"": 0.41935483870967744, ""fpr"": 0.5806451612903226, ""fnr"": 0.4596774193548387, ""ppv"": 0.7362637362637363, ""npv"": 0.23318385650224216, ""roc_auc"": 0.479502688172043, ""pr_auc"": 0.742129252130932, ""log_loss"": 0.713227730310131, ""brier"": 0.25936795406624774, ""trial_accuracy"": 0.625, ""trial_f1_macro"": 0.38461538461538464}","{""clf__C"": 1.0, ""clf__class_weight"": ""balanced"", ""clf__gamma"": 0.001}","{""scores"": {""{'clf__C': 0.1, 'clf__class_weight': None, 'clf__gamma': 0.0001}"": 0.252518315018315, ""{'clf__C': 0.1, 'clf__class_weight': None, 'clf__gamma': 0.001}"": 0.252518315018315, ""{'clf__C': 0.1, 'clf__class_weight': None, 'clf__gamma': 0.01}"": 0.25351708274825985, ""{'clf__C': 0.1, 'clf__class_weight': None, 'clf__gamma': 0.1}"": 0.252518315018315, ""{'clf__C': 0.1, 'clf__class_weight': 'balanced', 'clf__gamma': 0.0001}"": 0.32633053221288516, ""{'clf__C': 0.1, 'clf__class_weight': 'balanced', 'clf__gamma': 0.001}"": 0.38454865917464787, ""{'clf__C': 0.1, 'clf__class_weight': 'balanced', 'clf__gamma': 0.01}"": 0.4982901780245417, ""{'clf__C': 0.1, 'clf__class_weight': 'balanced', 'clf__gamma': 0.1}"": 0.32633053221288516, ""{'clf__C': 1.0, 'clf__class_weight': None, 'clf__gamma': 0.0001}"": 0.252518315018315, ""{'clf__C': 1.0, 'clf__class_weight': None, 'clf__gamma': 0.001}"": 0.3374488516523433, ""{'clf__C': 1.0, 'clf__class_weight': None, 'clf__gamma': 0.01}"": 0.45750584976191555, ""{'clf__C': 1.0, 'clf__class_weight': None, 'clf__gamma': 0.1}"": 0.252518315018315, ""{'clf__C': 1.0, 'clf__class_weight': 'balanced', 'clf__gamma': 0.0001}"": 0.5062584307042858, ""{'clf__C': 1.0, 'clf__class_weight': 'balanced', 'clf__gamma': 0.001}"": 0.5190395460187972, ""{'clf__C': 1.0, 'clf__class_weight': 'balanced', 'clf__gamma': 0.01}"": 0.4992371173269215, ""{'clf__C': 1.0, 'clf__class_weight': 'balanced', 'clf__gamma': 0.1}"": 0.252518315018315, ""{'clf__C': 10.0, 'clf__class_weight': None, 'clf__gamma': 0.0001}"": 0.3420400704806519, ""{'clf__C': 10.0, 'clf__class_weight': None, 'clf__gamma': 0.001}"": 0.4679865056610324, ""{'clf__C': 10.0, 'clf__class_weight': None, 'clf__gamma': 0.01}"": 0.4661963287586892, ""{'clf__C': 10.0, 'clf__class_weight': None, 'clf__gamma': 0.1}"": 0.252518315018315, ""{'clf__C': 10.0, 'clf__class_weight': 'balanced', 'clf__gamma': 0.0001}"": 0.5174570226023054, ""{'clf__C': 10.0, 'clf__class_weight': 'balanced', 'clf__gamma': 0.001}"": 0.5126449422648971, ""{'clf__C': 10.0, 'clf__class_weight': 'balanced', 'clf__gamma': 0.01}"": 0.4661963287586892, ""{'clf__C': 10.0, 'clf__class_weight': 'balanced', 'clf__gamma': 0.1}"": 0.252518315018315, ""{'clf__C': 100.0, 'clf__class_weight': None, 'clf__gamma': 0.0001}"": 0.45195349445433197, ""{'clf__C': 100.0, 'clf__class_weight': None, 'clf__gamma': 0.001}"": 0.4660740748956817, ""{'clf__C': 100.0, 'clf__class_weight': None, 'clf__gamma': 0.01}"": 0.4661963287586892, ""{'clf__C': 100.0, 'clf__class_weight': None, 'clf__gamma': 0.1}"": 0.252518315018315, ""{'clf__C': 100.0, 'clf__class_weight': 'balanced', 'clf__gamma': 0.0001}"": 0.4983710499758427, ""{'clf__C': 100.0, 'clf__class_weight': 'balanced', 'clf__gamma': 0.001}"": 0.4752550046360984, ""{'clf__C': 100.0, 'clf__class_weight': 'balanced', 'clf__gamma': 0.01}"": 0.4661963287586892, ""{'clf__C': 100.0, 'clf__class_weight': 'balanced', 'clf__gamma': 0.1}"": 0.252518315018315}, ""best_score"": 0.5190395460187972}"
A_window_w2_s1,rbf_svm,arousal,4,1,"[1, 32, 37, 8, 23, 13, 10, 19, 11, 24, 28, 35, 34, 38, 21, 2, 27, 17, 20, 6, 25, 5, 14, 33, 4, 3, 31, 36, 15, 9, 29, 26]","[7, 18, 0, 39, 16, 12, 30, 22]","{""accuracy"": 0.5463709677419355, ""balanced_accuracy"": 0.5811827956989247, ""precision_macro"": 0.5806749047791393, ""precision_micro"": 0.5463709677419355, ""precision_weighted"": 0.6167231098012856, ""recall_macro"": 0.5811827956989247, ""recall_micro"": 0.5463709677419355, ""recall_weighted"": 0.5463709677419355, ""f1_macro"": 0.5463543720300642, ""f1_micro"": 0.5463709677419355, ""f1_weighted"": 0.5470403281207445, ""mcc"": 0.16185690362434435, ""kappa"": 0.14367269267364413, ""confusion_matrix"": [[134, 52], [173, 137]], ""tp"": 137, ""tn"": 134, ""fp"": 52, ""fn"": 173, ""tpr"": 0.44193548387096776, ""tnr"": 0.7204301075268817, ""fpr"": 0.27956989247311825, ""fnr"": 0.5580645161290323, ""ppv"": 0.7248677248677249, ""npv"": 0.4364820846905538, ""roc_auc"": 0.6001387443635102, ""pr_auc"": 0.7050268099350725, ""log_loss"": 0.8014033243890961, ""brier"": 0.29305203520206596, ""trial_accuracy"": 0.375, ""trial_f1_macro"": 0.2727272727272727}","{""clf__C"": 1.0, ""clf__class_weight"": ""balanced"", ""clf__gamma"": 0.01}","{""scores"": {""{'clf__C': 0.1, 'clf__class_weight': None, 'clf__gamma': 0.0001}"": 0.369109047127623, ""{'clf__C': 0.1, 'clf__class_weight': None, 'clf__gamma': 0.001}"": 0.369109047127623, ""{'clf__C': 0.1, 'clf__class_weight': None, 'clf__gamma': 0.01}"": 0.369109047127623, ""{'clf__C': 0.1, 'clf__class_weight': None, 'clf__gamma': 0.1}"": 0.369109047127623, ""{'clf__C': 0.1, 'clf__class_weight': 'balanced', 'clf__gamma': 0.0001}"": 0.30018674136321194, ""{'clf__C': 0.1, 'clf__class_weight': 'balanced', 'clf__gamma': 0.001}"": 0.3460777959490143, ""{'clf__C': 0.1, 'clf__class_weight': 'balanced', 'clf__gamma': 0.01}"": 0.4783139053720156, ""{'clf__C': 0.1, 'clf__class_weight': 'balanced', 'clf__gamma': 0.1}"": 0.30018674136321194, ""{'clf__C': 1.0, 'clf__class_weight': None, 'clf__gamma': 0.0001}"": 0.369109047127623, ""{'clf__C': 1.0, 'clf__class_weight': None, 'clf__gamma': 0.001}"": 0.3928403351016581, ""{'clf__C': 1.0, 'clf__class_weight': None, 'clf__gamma': 0.01}"": 0.46273876938658476, ""{'clf__C': 1.0, 'clf__class_weight': None, 'clf__gamma': 0.1}"": 0.369109047127623, ""{'clf__C': 1.0, 'clf__class_weight': 'balanced', 'clf__gamma': 0.0001}"": 0.4122643953396598, ""{'clf__C': 1.0, 'clf__class_weight': 'balanced', 'clf__gamma': 0.001}"": 0.4938155005521114, ""{'clf__C': 1.0, 'clf__class_weight': 'balanced', 'clf__gamma': 0.01}"": 0.5258563867132391, ""{'clf__C': 1.0, 'clf__class_weight': 'balanced', 'clf__gamma': 0.1}"": 0.369109047127623, ""{'clf__C': 10.0, 'clf__class_weight': None, 'clf__gamma': 0.0001}"": 0.382802672123633, ""{'clf__C': 10.0, 'clf__class_weight': None, 'clf__gamma': 0.001}"": 0.4773986771969055, ""{'clf__C': 10.0, 'clf__class_weight': None, 'clf__gamma': 0.01}"": 0.5023778880369848, ""{'clf__C': 10.0, 'clf__class_weight': None, 'clf__gamma': 0.1}"": 0.369109047127623, ""{'clf__C': 10.0, 'clf__class_weight': 'balanced', 'clf__gamma': 0.0001}"": 0.48971319609332403, ""{'clf__C': 10.0, 'clf__class_weight': 'balanced', 'clf__gamma': 0.001}"": 0.5115947523569199, ""{'clf__C': 10.0, 'clf__class_weight': 'balanced', 'clf__gamma': 0.01}"": 0.5023778880369848, ""{'clf__C': 10.0, 'clf__class_weight': 'balanced', 'clf__gamma': 0.1}"": 0.369109047127623, ""{'clf__C': 100.0, 'clf__class_weight': None, 'clf__gamma': 0.0001}"": 0.46325590864736416, ""{'clf__C': 100.0, 'clf__class_weight': None, 'clf__gamma': 0.001}"": 0.4923234209617704, ""{'clf__C': 100.0, 'clf__class_weight': None, 'clf__gamma': 0.01}"": 0.5023778880369848, ""{'clf__C': 100.0, 'clf__class_weight': None, 'clf__gamma': 0.1}"": 0.369109047127623, ""{'clf__C': 100.0, 'clf__class_weight': 'balanced', 'clf__gamma': 0.0001}"": 0.4960198654705872, ""{'clf__C': 100.0, 'clf__class_weight': 'balanced', 'clf__gamma': 0.001}"": 0.515429854150722, ""{'clf__C': 100.0, 'clf__class_weight': 'balanced', 'clf__gamma': 0.01}"": 0.5023778880369848, ""{'clf__C': 100.0, 'clf__class_weight': 'balanced', 'clf__gamma': 0.1}"": 0.369109047127623}, ""best_score"": 0.5258563867132391}"
A_window_w2_s1,rbf_svm,arousal,5,0,"[14, 30, 21, 24, 38, 10, 5, 15, 3, 4, 28, 29, 0, 2, 12, 19, 32, 27, 22, 25, 9, 35, 20, 1, 11, 26, 18, 33, 17, 13, 31, 37]","[34, 23, 16, 36, 8, 39, 6, 7]","{""accuracy"": 0.42943548387096775, ""balanced_accuracy"": 0.42849462365591395, ""precision_macro"": 0.43291025953950046, ""precision_micro"": 0.42943548387096775, ""precision_weighted"": 0.4636868440322187, ""recall_macro"": 0.42849462365591395, ""recall_micro"": 0.42943548387096775, ""recall_weighted"": 0.42943548387096775, ""f1_macro"": 0.4223325143729603, ""f1_micro"": 0.42943548387096775, ""f1_weighted"": 0.438346481968468, ""mcc"": -0.13852475793814006, ""kappa"": -0.13313313313313313, ""confusion_matrix"": [[79, 107], [176, 134]], ""tp"": 134, ""tn"": 79, ""fp"": 107, ""fn"": 176, ""tpr"": 0.432258064516129, ""tnr"": 0.42473118279569894, ""fpr"": 0.5752688172043011, ""fnr"": 0.567741935483871, ""ppv"": 0.5560165975103735, ""npv"": 0.30980392156862746, ""roc_auc"": 0.4043357613596948, ""pr_auc"": 0.5488552861225661, ""log_loss"": 0.9978740874503316, ""brier"": 0.36974259487603, ""trial_accuracy"": 0.375, ""trial_f1_macro"": 0.36507936507936506}","{""clf__C"": 0.1, ""clf__class_weight"": ""balanced"", ""clf__gamma"": 0.001}","{""scores"": {""{'clf__C': 0.1, 'clf__class_weight': None, 'clf__gamma': 0.0001}"": 0.39498050682261204, ""{'clf__C': 0.1, 'clf__class_weight': None, 'clf__gamma': 0.001}"": 0.39498050682261204, ""{'clf__C': 0.1, 'clf__class_weight': None, 'clf__gamma': 0.01}"": 0.3944314402358096, ""{'clf__C': 0.1, 'clf__class_weight': None, 'clf__gamma': 0.1}"": 0.39498050682261204, ""{'clf__C': 0.1, 'clf__class_weight': 'balanced', 'clf__gamma': 0.0001}"": 0.41085271574583154, ""{'clf__C': 0.1, 'clf__class_weight': 'balanced', 'clf__gamma': 0.001}"": 0.5883549471998268, ""{'clf__C': 0.1, 'clf__class_weight': 'balanced', 'clf__gamma': 0.01}"": 0.5757354318185719, ""{'clf__C': 0.1, 'clf__class_weight': 'balanced', 'clf__gamma': 0.1}"": 0.39498050682261204, ""{'clf__C': 1.0, 'clf__class_weight': None, 'clf__gamma': 0.0001}"": 0.3944314402358096, ""{'clf__C': 1.0, 'clf__class_weight': None, 'clf__gamma': 0.001}"": 0.45068654966600885, ""{'clf__C': 1.0, 'clf__class_weight': None, 'clf__gamma': 0.01}"": 0.4785099636010928, ""{'clf__C': 1.0, 'clf__class_weight': None, 'clf__gamma': 0.1}"": 0.39498050682261204, ""{'clf__C': 1.0, 'clf__class_weight': 'balanced', 'clf__gamma': 0.0001}"": 0.581390688347808, ""{'clf__C': 1.0, 'clf__class_weight': 'balanced', 'clf__gamma': 0.001}"": 0.5554964777087292, ""{'clf__C': 1.0, 'clf__class_weight': 'balanced', 'clf__gamma': 0.01}"": 0.5134853008140204, ""{'clf__C': 1.0, 'clf__class_weight': 'balanced', 'clf__gamma': 0.1}"": 0.39498050682261204, ""{'clf__C': 10.0, 'clf__class_weight': None, 'clf__gamma': 0.0001}"": 0.4506065866047904, ""{'clf__C': 10.0, 'clf__class_weight': None, 'clf__gamma': 0.001}"": 0.46805082245472795, ""{'clf__C': 10.0, 'clf__class_weight': None, 'clf__gamma': 0.01}"": 0.4784451783364432, ""{'clf__C': 10.0, 'clf__class_weight': None, 'clf__gamma': 0.1}"": 0.39498050682261204, ""{'clf__C': 10.0, 'clf__class_weight': 'balanced', 'clf__gamma': 0.0001}"": 0.5541035125232195, ""{'clf__C': 10.0, 'clf__class_weight': 'balanced', 'clf__gamma': 0.001}"": 0.5138991273156633, ""{'clf__C': 10.0, 'clf__class_weight': 'balanced', 'clf__gamma': 0.01}"": 0.4784451783364432, ""{'clf__C': 10.0, 'clf__class_weight': 'balanced', 'clf__gamma': 0.1}"": 0.39498050682261204, ""{'clf__C': 100.0, 'clf__class_weight': None, 'clf__gamma': 0.0001}"": 0.47625386673904996, ""{'clf__C': 100.0, 'clf__class_weight': None, 'clf__gamma': 0.001}"": 0.46809511624677214, ""{'clf__C': 100.0, 'clf__class_weight': None, 'clf__gamma': 0.01}"": 0.4784451783364432, ""{'clf__C': 100.0, 'clf__class_weight': None, 'clf__gamma': 0.1}"": 0.39498050682261204, ""{'clf__C': 100.0, 'clf__class_weight': 'balanced', 'clf__gamma': 0.0001}"": 0.5236562183742285, ""{'clf__C': 100.0, 'clf__class_weight': 'balanced', 'clf__gamma': 0.001}"": 0.46631200529595923, ""{'clf__C': 100.0, 'clf__class_weight': 'balanced', 'clf__gamma': 0.01}"": 0.4784451783364432, ""{'clf__C': 100.0, 'clf__class_weight': 'balanced', 'clf__gamma': 0.1}"": 0.39498050682261204}, ""best_score"": 0.5883549471998268}"
A_window_w2_s1,rbf_svm,arousal,5,1,"[32, 34, 28, 14, 7, 5, 17, 23, 30, 6, 35, 18, 15, 0, 29, 8, 25, 38, 9, 16, 31, 2, 11, 24, 20, 1, 36, 26, 12, 39, 22, 37]","[3, 4, 13, 10, 19, 21, 27, 33]","{""accuracy"": 0.5403225806451613, ""balanced_accuracy"": 0.5548387096774193, ""precision_macro"": 0.551819075712881, ""precision_micro"": 0.5403225806451613, ""precision_weighted"": 0.5842182890855457, ""recall_macro"": 0.5548387096774193, ""recall_micro"": 0.5403225806451613, ""recall_weighted"": 0.5403225806451613, ""f1_macro"": 0.5373134328358209, ""f1_micro"": 0.5403225806451613, ""f1_weighted"": 0.5466417910447762, ""mcc"": 0.10661503175014103, ""kappa"": 0.10059171597633132, ""confusion_matrix"": [[154, 156], [72, 114]], ""tp"": 114, ""tn"": 154, ""fp"": 156, ""fn"": 72, ""tpr"": 0.6129032258064516, ""tnr"": 0.4967741935483871, ""fpr"": 0.5032258064516129, ""fnr"": 0.3870967741935484, ""ppv"": 0.4222222222222222, ""npv"": 0.6814159292035398, ""roc_auc"": 0.5441033645508151, ""pr_auc"": 0.4056458782371449, ""log_loss"": 0.7026191584895948, ""brier"": 0.25382135385130256, ""trial_accuracy"": 0.5, ""trial_f1_macro"": 0.4666666666666667}","{""clf__C"": 0.1, ""clf__class_weight"": ""balanced"", ""clf__gamma"": 0.001}","{""scores"": {""{'clf__C': 0.1, 'clf__class_weight': None, 'clf__gamma': 0.0001}"": 0.25996552467140704, ""{'clf__C': 0.1, 'clf__class_weight': None, 'clf__gamma': 0.001}"": 0.3365615257387072, ""{'clf__C': 0.1, 'clf__class_weight': None, 'clf__gamma': 0.01}"": 0.3656609442867766, ""{'clf__C': 0.1, 'clf__class_weight': None, 'clf__gamma': 0.1}"": 0.25996552467140704, ""{'clf__C': 0.1, 'clf__class_weight': 'balanced', 'clf__gamma': 0.0001}"": 0.29835164835164835, ""{'clf__C': 0.1, 'clf__class_weight': 'balanced', 'clf__gamma': 0.001}"": 0.5640485886720487, ""{'clf__C': 0.1, 'clf__class_weight': 'balanced', 'clf__gamma': 0.01}"": 0.5493078329493888, ""{'clf__C': 0.1, 'clf__class_weight': 'balanced', 'clf__gamma': 0.1}"": 0.29835164835164835, ""{'clf__C': 1.0, 'clf__class_weight': None, 'clf__gamma': 0.0001}"": 0.3511820887313662, ""{'clf__C': 1.0, 'clf__class_weight': None, 'clf__gamma': 0.001}"": 0.42218683560793274, ""{'clf__C': 1.0, 'clf__class_weight': None, 'clf__gamma': 0.01}"": 0.4404812043543242, ""{'clf__C': 1.0, 'clf__class_weight': None, 'clf__gamma': 0.1}"": 0.25996552467140704, ""{'clf__C': 1.0, 'clf__class_weight': 'balanced', 'clf__gamma': 0.0001}"": 0.5607702851354865, ""{'clf__C': 1.0, 'clf__class_weight': 'balanced', 'clf__gamma': 0.001}"": 0.5312135168116093, ""{'clf__C': 1.0, 'clf__class_weight': 'balanced', 'clf__gamma': 0.01}"": 0.4746987930285845, ""{'clf__C': 1.0, 'clf__class_weight': 'balanced', 'clf__gamma': 0.1}"": 0.25996552467140704, ""{'clf__C': 10.0, 'clf__class_weight': None, 'clf__gamma': 0.0001}"": 0.42334096611371136, ""{'clf__C': 10.0, 'clf__class_weight': None, 'clf__gamma': 0.001}"": 0.4474935501753629, ""{'clf__C': 10.0, 'clf__class_weight': None, 'clf__gamma': 0.01}"": 0.43719371084763886, ""{'clf__C': 10.0, 'clf__class_weight': None, 'clf__gamma': 0.1}"": 0.25996552467140704, ""{'clf__C': 10.0, 'clf__class_weight': 'balanced', 'clf__gamma': 0.0001}"": 0.5302901955901259, ""{'clf__C': 10.0, 'clf__class_weight': 'balanced', 'clf__gamma': 0.001}"": 0.49906127042743487, ""{'clf__C': 10.0, 'clf__class_weight': 'balanced', 'clf__gamma': 0.01}"": 0.43719371084763886, ""{'clf__C': 10.0, 'clf__class_weight': 'balanced', 'clf__gamma': 0.1}"": 0.25996552467140704, ""{'clf__C': 100.0, 'clf__class_weight': None, 'clf__gamma': 0.0001}"": 0.44748869048194795, ""{'clf__C': 100.0, 'clf__class_weight': None, 'clf__gamma': 0.001}"": 0.454917288918024, ""{'clf__C': 100.0, 'clf__class_weight': None, 'clf__gamma': 0.01}"": 0.43719371084763886, ""{'clf__C': 100.0, 'clf__class_weight': None, 'clf__gamma': 0.1}"": 0.25996552467140704, ""{'clf__C': 100.0, 'clf__class_weight': 'balanced', 'clf__gamma': 0.0001}"": 0.5086133795860619, ""{'clf__C': 100.0, 'clf__class_weight': 'balanced', 'clf__gamma': 0.001}"": 0.4584786985199522, ""{'clf__C': 100.0, 'clf__class_weight': 'balanced', 'clf__gamma': 0.01}"": 0.43719371084763886, ""{'clf__C': 100.0, 'clf__class_weight': 'balanced', 'clf__gamma': 0.1}"": 0.25996552467140704}, ""best_score"": 0.5640485886720487}"
A_window_w2_s1,rbf_svm,arousal,6,0,"[26, 3, 36, 9, 24, 25, 23, 37, 11, 35, 32, 5, 1, 30, 19, 13, 38, 21, 10, 20, 18, 2, 15, 8, 7, 31, 14, 22, 33, 29, 12, 16]","[28, 34, 6, 39, 27, 4, 17, 0]","{""accuracy"": 0.38911290322580644, ""balanced_accuracy"": 0.4314516129032258, ""precision_macro"": 0.4455043689571377, ""precision_micro"": 0.38911290322580644, ""precision_weighted"": 0.5640220257484101, ""recall_macro"": 0.4314516129032258, ""recall_micro"": 0.38911290322580644, ""recall_weighted"": 0.38911290322580644, ""f1_macro"": 0.3784384034145192, ""f1_micro"": 0.38911290322580644, ""f1_weighted"": 0.4191657257714307, ""mcc"": -0.12223890725639051, ""kappa"": -0.09189189189189184, ""confusion_matrix"": [[64, 60], [243, 129]], ""tp"": 129, ""tn"": 64, ""fp"": 60, ""fn"": 243, ""tpr"": 0.3467741935483871, ""tnr"": 0.5161290322580645, ""fpr"": 0.4838709677419355, ""fnr"": 0.6532258064516129, ""ppv"": 0.6825396825396826, ""npv"": 0.20846905537459284, ""roc_auc"": 0.4160163024627125, ""pr_auc"": 0.704456014385539, ""log_loss"": 1.2555249999255298, ""brier"": 0.42388914187063637, ""trial_accuracy"": 0.25, ""trial_f1_macro"": 0.25}","{""clf__C"": 100.0, ""clf__class_weight"": null, ""clf__gamma"": 0.001}","{""scores"": {""{'clf__C': 0.1, 'clf__class_weight': None, 'clf__gamma': 0.0001}"": 0.38109161793372315, ""{'clf__C': 0.1, 'clf__class_weight': None, 'clf__gamma': 0.001}"": 0.38109161793372315, ""{'clf__C': 0.1, 'clf__class_weight': None, 'clf__gamma': 0.01}"": 0.38109161793372315, ""{'clf__C': 0.1, 'clf__class_weight': None, 'clf__gamma': 0.1}"": 0.38109161793372315, ""{'clf__C': 0.1, 'clf__class_weight': 'balanced', 'clf__gamma': 0.0001}"": 0.31216931216931215, ""{'clf__C': 0.1, 'clf__class_weight': 'balanced', 'clf__gamma': 0.001}"": 0.3603442889329153, ""{'clf__C': 0.1, 'clf__class_weight': 'balanced', 'clf__gamma': 0.01}"": 0.4132194550245593, ""{'clf__C': 0.1, 'clf__class_weight': 'balanced', 'clf__gamma': 0.1}"": 0.31216931216931215, ""{'clf__C': 1.0, 'clf__class_weight': None, 'clf__gamma': 0.0001}"": 0.38109161793372315, ""{'clf__C': 1.0, 'clf__class_weight': None, 'clf__gamma': 0.001}"": 0.39009030056758537, ""{'clf__C': 1.0, 'clf__class_weight': None, 'clf__gamma': 0.01}"": 0.4451321290358959, ""{'clf__C': 1.0, 'clf__class_weight': None, 'clf__gamma': 0.1}"": 0.38109161793372315, ""{'clf__C': 1.0, 'clf__class_weight': 'balanced', 'clf__gamma': 0.0001}"": 0.40401750882512627, ""{'clf__C': 1.0, 'clf__class_weight': 'balanced', 'clf__gamma': 0.001}"": 0.4347437666703709, ""{'clf__C': 1.0, 'clf__class_weight': 'balanced', 'clf__gamma': 0.01}"": 0.454087692617909, ""{'clf__C': 1.0, 'clf__class_weight': 'balanced', 'clf__gamma': 0.1}"": 0.38109161793372315, ""{'clf__C': 10.0, 'clf__class_weight': None, 'clf__gamma': 0.0001}"": 0.38489142483505884, ""{'clf__C': 10.0, 'clf__class_weight': None, 'clf__gamma': 0.001}"": 0.44633788231388233, ""{'clf__C': 10.0, 'clf__class_weight': None, 'clf__gamma': 0.01}"": 0.4542155803356564, ""{'clf__C': 10.0, 'clf__class_weight': None, 'clf__gamma': 0.1}"": 0.38109161793372315, ""{'clf__C': 10.0, 'clf__class_weight': 'balanced', 'clf__gamma': 0.0001}"": 0.43846843911156785, ""{'clf__C': 10.0, 'clf__class_weight': 'balanced', 'clf__gamma': 0.001}"": 0.4547939120279015, ""{'clf__C': 10.0, 'clf__class_weight': 'balanced', 'clf__gamma': 0.01}"": 0.4542155803356564, ""{'clf__C': 10.0, 'clf__class_weight': 'balanced', 'clf__gamma': 0.1}"": 0.38109161793372315, ""{'clf__C': 100.0, 'clf__class_weight': None, 'clf__gamma': 0.0001}"": 0.4342360901801194, ""{'clf__C': 100.0, 'clf__class_weight': None, 'clf__gamma': 0.001}"": 0.4809359223252201, ""{'clf__C': 100.0, 'clf__class_weight': None, 'clf__gamma': 0.01}"": 0.4542155803356564, ""{'clf__C': 100.0, 'clf__class_weight': None, 'clf__gamma': 0.1}"": 0.38109161793372315, ""{'clf__C': 100.0, 'clf__class_weight': 'balanced', 'clf__gamma': 0.0001}"": 0.4469579084510465, ""{'clf__C': 100.0, 'clf__class_weight': 'balanced', 'clf__gamma': 0.001}"": 0.47907326456180516, ""{'clf__C': 100.0, 'clf__class_weight': 'balanced', 'clf__gamma': 0.01}"": 0.4542155803356564, ""{'clf__C': 100.0, 'clf__class_weight': 'balanced', 'clf__gamma': 0.1}"": 0.38109161793372315}, ""best_score"": 0.4809359223252201}"
A_window_w2_s1,rbf_svm,arousal,6,1,"[9, 20, 16, 37, 23, 8, 24, 4, 35, 26, 5, 30, 12, 32, 27, 10, 18, 25, 1, 13, 19, 14, 6, 31, 17, 38, 34, 39, 29, 15, 28, 11]","[33, 3, 0, 7, 36, 21, 2, 22]","{""accuracy"": 0.5745967741935484, ""balanced_accuracy"": 0.5403225806451613, ""precision_macro"": 0.541388518024032, ""precision_micro"": 0.5745967741935484, ""precision_weighted"": 0.5695927903871829, ""recall_macro"": 0.5403225806451613, ""recall_micro"": 0.5745967741935484, ""recall_weighted"": 0.5745967741935484, ""f1_macro"": 0.540561304002353, ""f1_micro"": 0.5745967741935484, ""f1_weighted"": 0.5718235136594509, ""mcc"": 0.08170414569182505, ""kappa"": 0.08161044613710555, ""confusion_matrix"": [[210, 100], [111, 75]], ""tp"": 75, ""tn"": 210, ""fp"": 100, ""fn"": 111, ""tpr"": 0.4032258064516129, ""tnr"": 0.6774193548387096, ""fpr"": 0.3225806451612903, ""fnr"": 0.5967741935483871, ""ppv"": 0.42857142857142855, ""npv"": 0.6542056074766355, ""roc_auc"": 0.5620100589663546, ""pr_auc"": 0.43512829377150364, ""log_loss"": 0.6853292618752357, ""brier"": 0.24387126365112852, ""trial_accuracy"": 0.75, ""trial_f1_macro"": 0.6666666666666667}","{""clf__C"": 100.0, ""clf__class_weight"": ""balanced"", ""clf__gamma"": 0.0001}","{""scores"": {""{'clf__C': 0.1, 'clf__class_weight': None, 'clf__gamma': 0.0001}"": 0.3602941176470589, ""{'clf__C': 0.1, 'clf__class_weight': None, 'clf__gamma': 0.001}"": 0.3602941176470589, ""{'clf__C': 0.1, 'clf__class_weight': None, 'clf__gamma': 0.01}"": 0.3602941176470589, ""{'clf__C': 0.1, 'clf__class_weight': None, 'clf__gamma': 0.1}"": 0.3602941176470589, ""{'clf__C': 0.1, 'clf__class_weight': 'balanced', 'clf__gamma': 0.0001}"": 0.30357142857142855, ""{'clf__C': 0.1, 'clf__class_weight': 'balanced', 'clf__gamma': 0.001}"": 0.42758024834169567, ""{'clf__C': 0.1, 'clf__class_weight': 'balanced', 'clf__gamma': 0.01}"": 0.4716085886738067, ""{'clf__C': 0.1, 'clf__class_weight': 'balanced', 'clf__gamma': 0.1}"": 0.30357142857142855, ""{'clf__C': 1.0, 'clf__class_weight': None, 'clf__gamma': 0.0001}"": 0.3602941176470589, ""{'clf__C': 1.0, 'clf__class_weight': None, 'clf__gamma': 0.001}"": 0.4717537456282292, ""{'clf__C': 1.0, 'clf__class_weight': None, 'clf__gamma': 0.01}"": 0.46086343692891574, ""{'clf__C': 1.0, 'clf__class_weight': None, 'clf__gamma': 0.1}"": 0.3602941176470589, ""{'clf__C': 1.0, 'clf__class_weight': 'balanced', 'clf__gamma': 0.0001}"": 0.4683746936618946, ""{'clf__C': 1.0, 'clf__class_weight': 'balanced', 'clf__gamma': 0.001}"": 0.47458581622537793, ""{'clf__C': 1.0, 'clf__class_weight': 'balanced', 'clf__gamma': 0.01}"": 0.47237715456334906, ""{'clf__C': 1.0, 'clf__class_weight': 'balanced', 'clf__gamma': 0.1}"": 0.3602941176470589, ""{'clf__C': 10.0, 'clf__class_weight': None, 'clf__gamma': 0.0001}"": 0.47150488332846413, ""{'clf__C': 10.0, 'clf__class_weight': None, 'clf__gamma': 0.001}"": 0.46390874178571945, ""{'clf__C': 10.0, 'clf__class_weight': None, 'clf__gamma': 0.01}"": 0.4706360172073818, ""{'clf__C': 10.0, 'clf__class_weight': None, 'clf__gamma': 0.1}"": 0.3602941176470589, ""{'clf__C': 10.0, 'clf__class_weight': 'balanced', 'clf__gamma': 0.0001}"": 0.4708861572235796, ""{'clf__C': 10.0, 'clf__class_weight': 'balanced', 'clf__gamma': 0.001}"": 0.4768045328833283, ""{'clf__C': 10.0, 'clf__class_weight': 'balanced', 'clf__gamma': 0.01}"": 0.4706360172073818, ""{'clf__C': 10.0, 'clf__class_weight': 'balanced', 'clf__gamma': 0.1}"": 0.3602941176470589, ""{'clf__C': 100.0, 'clf__class_weight': None, 'clf__gamma': 0.0001}"": 0.4730416700636552, ""{'clf__C': 100.0, 'clf__class_weight': None, 'clf__gamma': 0.001}"": 0.4762221917471021, ""{'clf__C': 100.0, 'clf__class_weight': None, 'clf__gamma': 0.01}"": 0.4706360172073818, ""{'clf__C': 100.0, 'clf__class_weight': None, 'clf__gamma': 0.1}"": 0.3602941176470589, ""{'clf__C': 100.0, 'clf__class_weight': 'balanced', 'clf__gamma': 0.0001}"": 0.47962418047354216, ""{'clf__C': 100.0, 'clf__class_weight': 'balanced', 'clf__gamma': 0.001}"": 0.47599191094603577, ""{'clf__C': 100.0, 'clf__class_weight': 'balanced', 'clf__gamma': 0.01}"": 0.4706360172073818, ""{'clf__C': 100.0, 'clf__class_weight': 'balanced', 'clf__gamma': 0.1}"": 0.3602941176470589}, ""best_score"": 0.47962418047354216}"
A_window_w2_s1,rbf_svm,arousal,7,0,"[25, 21, 0, 14, 23, 16, 2, 19, 10, 17, 33, 11, 28, 29, 13, 22, 7, 37, 20, 35, 30, 9, 24, 3, 8, 34, 15, 4, 31, 1, 27, 6]","[26, 36, 32, 39, 18, 38, 5, 12]","{""accuracy"": 0.5040322580645161, ""balanced_accuracy"": 0.5510752688172043, ""precision_macro"": 0.5390402333134486, ""precision_micro"": 0.5040322580645161, ""precision_weighted"": 0.6667163783389674, ""recall_macro"": 0.5510752688172043, ""recall_micro"": 0.5040322580645161, ""recall_weighted"": 0.5040322580645161, ""f1_macro"": 0.4871467240538677, ""f1_micro"": 0.5040322580645161, ""f1_weighted"": 0.5336757511054321, ""mcc"": 0.08930823951172176, ""kappa"": 0.07169811320754715, ""confusion_matrix"": [[80, 44], [202, 170]], ""tp"": 170, ""tn"": 80, ""fp"": 44, ""fn"": 202, ""tpr"": 0.45698924731182794, ""tnr"": 0.6451612903225806, ""fpr"": 0.3548387096774194, ""fnr"": 0.543010752688172, ""ppv"": 0.794392523364486, ""npv"": 0.28368794326241137, ""roc_auc"": 0.5574271592091571, ""pr_auc"": 0.7951001891967896, ""log_loss"": 0.7474824653601844, ""brier"": 0.2730129599449373, ""trial_accuracy"": 0.5, ""trial_f1_macro"": 0.4666666666666667}","{""clf__C"": 100.0, ""clf__class_weight"": ""balanced"", ""clf__gamma"": 0.0001}","{""scores"": {""{'clf__C': 0.1, 'clf__class_weight': None, 'clf__gamma': 0.0001}"": 0.28829365079365077, ""{'clf__C': 0.1, 'clf__class_weight': None, 'clf__gamma': 0.001}"": 0.35532840670580806, ""{'clf__C': 0.1, 'clf__class_weight': None, 'clf__gamma': 0.01}"": 0.3702136351870851, ""{'clf__C': 0.1, 'clf__class_weight': None, 'clf__gamma': 0.1}"": 0.28829365079365077, ""{'clf__C': 0.1, 'clf__class_weight': 'balanced', 'clf__gamma': 0.0001}"": 0.37227668845315903, ""{'clf__C': 0.1, 'clf__class_weight': 'balanced', 'clf__gamma': 0.001}"": 0.5163158580960455, ""{'clf__C': 0.1, 'clf__class_weight': 'balanced', 'clf__gamma': 0.01}"": 0.5095835027011191, ""{'clf__C': 0.1, 'clf__class_weight': 'balanced', 'clf__gamma': 0.1}"": 0.37227668845315903, ""{'clf__C': 1.0, 'clf__class_weight': None, 'clf__gamma': 0.0001}"": 0.37515877374793033, ""{'clf__C': 1.0, 'clf__class_weight': None, 'clf__gamma': 0.001}"": 0.4477622532023406, ""{'clf__C': 1.0, 'clf__class_weight': None, 'clf__gamma': 0.01}"": 0.481355795474564, ""{'clf__C': 1.0, 'clf__class_weight': None, 'clf__gamma': 0.1}"": 0.28829365079365077, ""{'clf__C': 1.0, 'clf__class_weight': 'balanced', 'clf__gamma': 0.0001}"": 0.5097148232904424, ""{'clf__C': 1.0, 'clf__class_weight': 'balanced', 'clf__gamma': 0.001}"": 0.505836938652322, ""{'clf__C': 1.0, 'clf__class_weight': 'balanced', 'clf__gamma': 0.01}"": 0.4991177598851138, ""{'clf__C': 1.0, 'clf__class_weight': 'balanced', 'clf__gamma': 0.1}"": 0.28829365079365077, ""{'clf__C': 10.0, 'clf__class_weight': None, 'clf__gamma': 0.0001}"": 0.45172530885405165, ""{'clf__C': 10.0, 'clf__class_weight': None, 'clf__gamma': 0.001}"": 0.500150608476499, ""{'clf__C': 10.0, 'clf__class_weight': None, 'clf__gamma': 0.01}"": 0.4977288823189654, ""{'clf__C': 10.0, 'clf__class_weight': None, 'clf__gamma': 0.1}"": 0.28829365079365077, ""{'clf__C': 10.0, 'clf__class_weight': 'balanced', 'clf__gamma': 0.0001}"": 0.5071170338107196, ""{'clf__C': 10.0, 'clf__class_weight': 'balanced', 'clf__gamma': 0.001}"": 0.5260109294013838, ""{'clf__C': 10.0, 'clf__class_weight': 'balanced', 'clf__gamma': 0.01}"": 0.4981770341845184, ""{'clf__C': 10.0, 'clf__class_weight': 'balanced', 'clf__gamma': 0.1}"": 0.28829365079365077, ""{'clf__C': 100.0, 'clf__class_weight': None, 'clf__gamma': 0.0001}"": 0.5059695509055114, ""{'clf__C': 100.0, 'clf__class_weight': None, 'clf__gamma': 0.001}"": 0.5114383571888844, ""{'clf__C': 100.0, 'clf__class_weight': None, 'clf__gamma': 0.01}"": 0.49683118519673736, ""{'clf__C': 100.0, 'clf__class_weight': None, 'clf__gamma': 0.1}"": 0.28829365079365077, ""{'clf__C': 100.0, 'clf__class_weight': 'balanced', 'clf__gamma': 0.0001}"": 0.5314397759320396, ""{'clf__C': 100.0, 'clf__class_weight': 'balanced', 'clf__gamma': 0.001}"": 0.5198818374027142, ""{'clf__C': 100.0, 'clf__class_weight': 'balanced', 'clf__gamma': 0.01}"": 0.49683118519673736, ""{'clf__C': 100.0, 'clf__class_weight': 'balanced', 'clf__gamma': 0.1}"": 0.28829365079365077}, ""best_score"": 0.5314397759320396}"
A_window_w2_s1,rbf_svm,arousal,7,1,"[25, 18, 21, 9, 31, 16, 22, 0, 24, 23, 13, 37, 11, 39, 1, 38, 19, 15, 12, 20, 10, 30, 28, 29, 6, 4, 14, 17, 33, 36, 34, 26]","[35, 7, 2, 3, 5, 8, 27, 32]","{""accuracy"": 0.43951612903225806, ""balanced_accuracy"": 0.43951612903225806, ""precision_macro"": 0.4375503626107977, ""precision_micro"": 0.43951612903225806, ""precision_weighted"": 0.43755036261079777, ""recall_macro"": 0.43951612903225806, ""recall_micro"": 0.43951612903225806, ""recall_weighted"": 0.43951612903225806, ""f1_macro"": 0.4350704686987873, ""f1_micro"": 0.43951612903225806, ""f1_weighted"": 0.43507046869878724, ""mcc"": -0.12291779057289927, ""kappa"": -0.12096774193548376, ""confusion_matrix"": [[131, 117], [161, 87]], ""tp"": 87, ""tn"": 131, ""fp"": 117, ""fn"": 161, ""tpr"": 0.35080645161290325, ""tnr"": 0.5282258064516129, ""fpr"": 0.4717741935483871, ""fnr"": 0.6491935483870968, ""ppv"": 0.4264705882352941, ""npv"": 0.4486301369863014, ""roc_auc"": 0.38984456295525494, ""pr_auc"": 0.4190442508545518, ""log_loss"": 0.9660908762227683, ""brier"": 0.3452853481883028, ""trial_accuracy"": 0.5, ""trial_f1_macro"": 0.4666666666666667}","{""clf__C"": 100.0, ""clf__class_weight"": ""balanced"", ""clf__gamma"": 0.0001}","{""scores"": {""{'clf__C': 0.1, 'clf__class_weight': None, 'clf__gamma': 0.0001}"": 0.3602941176470589, ""{'clf__C': 0.1, 'clf__class_weight': None, 'clf__gamma': 0.001}"": 0.39842285019367796, ""{'clf__C': 0.1, 'clf__class_weight': None, 'clf__gamma': 0.01}"": 0.4159833714569918, ""{'clf__C': 0.1, 'clf__class_weight': None, 'clf__gamma': 0.1}"": 0.3602941176470589, ""{'clf__C': 0.1, 'clf__class_weight': 'balanced', 'clf__gamma': 0.0001}"": 0.30357142857142855, ""{'clf__C': 0.1, 'clf__class_weight': 'balanced', 'clf__gamma': 0.001}"": 0.49927033075357646, ""{'clf__C': 0.1, 'clf__class_weight': 'balanced', 'clf__gamma': 0.01}"": 0.5432934242400181, ""{'clf__C': 0.1, 'clf__class_weight': 'balanced', 'clf__gamma': 0.1}"": 0.30357142857142855, ""{'clf__C': 1.0, 'clf__class_weight': None, 'clf__gamma': 0.0001}"": 0.40479021546125654, ""{'clf__C': 1.0, 'clf__class_weight': None, 'clf__gamma': 0.001}"": 0.5055053588639582, ""{'clf__C': 1.0, 'clf__class_weight': None, 'clf__gamma': 0.01}"": 0.547394484294482, ""{'clf__C': 1.0, 'clf__class_weight': None, 'clf__gamma': 0.1}"": 0.3602941176470589, ""{'clf__C': 1.0, 'clf__class_weight': 'balanced', 'clf__gamma': 0.0001}"": 0.5329222971244685, ""{'clf__C': 1.0, 'clf__class_weight': 'balanced', 'clf__gamma': 0.001}"": 0.5714254823885585, ""{'clf__C': 1.0, 'clf__class_weight': 'balanced', 'clf__gamma': 0.01}"": 0.5666090358301549, ""{'clf__C': 1.0, 'clf__class_weight': 'balanced', 'clf__gamma': 0.1}"": 0.3602941176470589, ""{'clf__C': 10.0, 'clf__class_weight': None, 'clf__gamma': 0.0001}"": 0.5162761656227962, ""{'clf__C': 10.0, 'clf__class_weight': None, 'clf__gamma': 0.001}"": 0.5795668975295061, ""{'clf__C': 10.0, 'clf__class_weight': None, 'clf__gamma': 0.01}"": 0.574504807480641, ""{'clf__C': 10.0, 'clf__class_weight': None, 'clf__gamma': 0.1}"": 0.3602941176470589, ""{'clf__C': 10.0, 'clf__class_weight': 'balanced', 'clf__gamma': 0.0001}"": 0.5741089505991637, ""{'clf__C': 10.0, 'clf__class_weight': 'balanced', 'clf__gamma': 0.001}"": 0.5983441693852868, ""{'clf__C': 10.0, 'clf__class_weight': 'balanced', 'clf__gamma': 0.01}"": 0.5739717852040999, ""{'clf__C': 10.0, 'clf__class_weight': 'balanced', 'clf__gamma': 0.1}"": 0.3602941176470589, ""{'clf__C': 100.0, 'clf__class_weight': None, 'clf__gamma': 0.0001}"": 0.5837257154035754, ""{'clf__C': 100.0, 'clf__class_weight': None, 'clf__gamma': 0.001}"": 0.579512330408134, ""{'clf__C': 100.0, 'clf__class_weight': None, 'clf__gamma': 0.01}"": 0.5752122339399617, ""{'clf__C': 100.0, 'clf__class_weight': None, 'clf__gamma': 0.1}"": 0.3602941176470589, ""{'clf__C': 100.0, 'clf__class_weight': 'balanced', 'clf__gamma': 0.0001}"": 0.6022951362999305, ""{'clf__C': 100.0, 'clf__class_weight': 'balanced', 'clf__gamma': 0.001}"": 0.5905414105348435, ""{'clf__C': 100.0, 'clf__class_weight': 'balanced', 'clf__gamma': 0.01}"": 0.5752122339399617, ""{'clf__C': 100.0, 'clf__class_weight': 'balanced', 'clf__gamma': 0.1}"": 0.3602941176470589}, ""best_score"": 0.6022951362999305}"
A_window_w2_s1,rbf_svm,arousal,8,0,"[31, 1, 36, 16, 27, 8, 25, 28, 18, 12, 19, 29, 23, 39, 21, 24, 0, 9, 10, 17, 38, 20, 37, 3, 14, 35, 15, 7, 26, 2, 5, 13]","[22, 34, 6, 4, 30, 33, 11, 32]","{""accuracy"": 0.31451612903225806, ""balanced_accuracy"": 0.3790322580645161, ""precision_macro"": 0.3940533151059467, ""precision_micro"": 0.31451612903225806, ""precision_weighted"": 0.4989747095010253, ""recall_macro"": 0.3790322580645161, ""recall_micro"": 0.31451612903225806, ""recall_weighted"": 0.31451612903225806, ""f1_macro"": 0.31199921669740044, ""f1_micro"": 0.31451612903225806, ""f1_weighted"": 0.3328056919988903, ""mcc"": -0.2264167064258631, ""kappa"": -0.15254237288135597, ""confusion_matrix"": [[63, 61], [279, 93]], ""tp"": 93, ""tn"": 63, ""fp"": 61, ""fn"": 279, ""tpr"": 0.25, ""tnr"": 0.5080645161290323, ""fpr"": 0.49193548387096775, ""fnr"": 0.75, ""ppv"": 0.6038961038961039, ""npv"": 0.18421052631578946, ""roc_auc"": 0.29757414151925077, ""pr_auc"": 0.6580065089156795, ""log_loss"": 1.0712490887384896, ""brier"": 0.4089088684277595, ""trial_accuracy"": 0.25, ""trial_f1_macro"": 0.25}","{""clf__C"": 1.0, ""clf__class_weight"": ""balanced"", ""clf__gamma"": 0.0001}","{""scores"": {""{'clf__C': 0.1, 'clf__class_weight': None, 'clf__gamma': 0.0001}"": 0.37916666666666665, ""{'clf__C': 0.1, 'clf__class_weight': None, 'clf__gamma': 0.001}"": 0.38931842745678075, ""{'clf__C': 0.1, 'clf__class_weight': None, 'clf__gamma': 0.01}"": 0.3897485985837161, ""{'clf__C': 0.1, 'clf__class_weight': None, 'clf__gamma': 0.1}"": 0.37916666666666665, ""{'clf__C': 0.1, 'clf__class_weight': 'balanced', 'clf__gamma': 0.0001}"": 0.3387822787593491, ""{'clf__C': 0.1, 'clf__class_weight': 'balanced', 'clf__gamma': 0.001}"": 0.5460469916338484, ""{'clf__C': 0.1, 'clf__class_weight': 'balanced', 'clf__gamma': 0.01}"": 0.5483549210429195, ""{'clf__C': 0.1, 'clf__class_weight': 'balanced', 'clf__gamma': 0.1}"": 0.26416720534367594, ""{'clf__C': 1.0, 'clf__class_weight': None, 'clf__gamma': 0.0001}"": 0.3946447877023143, ""{'clf__C': 1.0, 'clf__class_weight': None, 'clf__gamma': 0.001}"": 0.42991024912146103, ""{'clf__C': 1.0, 'clf__class_weight': None, 'clf__gamma': 0.01}"": 0.493239694270087, ""{'clf__C': 1.0, 'clf__class_weight': None, 'clf__gamma': 0.1}"": 0.37916666666666665, ""{'clf__C': 1.0, 'clf__class_weight': 'balanced', 'clf__gamma': 0.0001}"": 0.5518664769641116, ""{'clf__C': 1.0, 'clf__class_weight': 'balanced', 'clf__gamma': 0.001}"": 0.5379174018966408, ""{'clf__C': 1.0, 'clf__class_weight': 'balanced', 'clf__gamma': 0.01}"": 0.5056176891873477, ""{'clf__C': 1.0, 'clf__class_weight': 'balanced', 'clf__gamma': 0.1}"": 0.37916666666666665, ""{'clf__C': 10.0, 'clf__class_weight': None, 'clf__gamma': 0.0001}"": 0.4391723504974027, ""{'clf__C': 10.0, 'clf__class_weight': None, 'clf__gamma': 0.001}"": 0.5205078653698955, ""{'clf__C': 10.0, 'clf__class_weight': None, 'clf__gamma': 0.01}"": 0.506189476215955, ""{'clf__C': 10.0, 'clf__class_weight': None, 'clf__gamma': 0.1}"": 0.37916666666666665, ""{'clf__C': 10.0, 'clf__class_weight': 'balanced', 'clf__gamma': 0.0001}"": 0.5412874226964237, ""{'clf__C': 10.0, 'clf__class_weight': 'balanced', 'clf__gamma': 0.001}"": 0.5377618962477857, ""{'clf__C': 10.0, 'clf__class_weight': 'balanced', 'clf__gamma': 0.01}"": 0.506189476215955, ""{'clf__C': 10.0, 'clf__class_weight': 'balanced', 'clf__gamma': 0.1}"": 0.37916666666666665, ""{'clf__C': 100.0, 'clf__class_weight': None, 'clf__gamma': 0.0001}"": 0.4918319568413911, ""{'clf__C': 100.0, 'clf__class_weight': None, 'clf__gamma': 0.001}"": 0.5338438594955093, ""{'clf__C': 100.0, 'clf__class_weight': None, 'clf__gamma': 0.01}"": 0.506189476215955, ""{'clf__C': 100.0, 'clf__class_weight': None, 'clf__gamma': 0.1}"": 0.37916666666666665, ""{'clf__C': 100.0, 'clf__class_weight': 'balanced', 'clf__gamma': 0.0001}"": 0.5267803919670734, ""{'clf__C': 100.0, 'clf__class_weight': 'balanced', 'clf__gamma': 0.001}"": 0.5302625944518339, ""{'clf__C': 100.0, 'clf__class_weight': 'balanced', 'clf__gamma': 0.01}"": 0.506189476215955, ""{'clf__C': 100.0, 'clf__class_weight': 'balanced', 'clf__gamma': 0.1}"": 0.37916666666666665}, ""best_score"": 0.5518664769641116}"
A_window_w2_s1,rbf_svm,arousal,8,1,"[31, 8, 16, 39, 12, 6, 38, 3, 28, 27, 5, 20, 22, 15, 9, 17, 1, 18, 25, 21, 32, 33, 23, 4, 35, 13, 14, 24, 19, 7, 26, 34]","[11, 37, 30, 36, 29, 0, 10, 2]","{""accuracy"": 0.4717741935483871, ""balanced_accuracy"": 0.47177419354838707, ""precision_macro"": 0.4710955710955711, ""precision_micro"": 0.4717741935483871, ""precision_weighted"": 0.4710955710955711, ""recall_macro"": 0.47177419354838707, ""recall_micro"": 0.4717741935483871, ""recall_weighted"": 0.4717741935483871, ""f1_macro"": 0.46865544706671247, ""f1_micro"": 0.4717741935483871, ""f1_weighted"": 0.46865544706671247, ""mcc"": -0.05712620469979836, ""kappa"": -0.056451612903225756, ""confusion_matrix"": [[98, 150], [112, 136]], ""tp"": 136, ""tn"": 98, ""fp"": 150, ""fn"": 112, ""tpr"": 0.5483870967741935, ""tnr"": 0.3951612903225806, ""fpr"": 0.6048387096774194, ""fnr"": 0.45161290322580644, ""ppv"": 0.4755244755244755, ""npv"": 0.4666666666666667, ""roc_auc"": 0.443393925598335, ""pr_auc"": 0.44848359491375467, ""log_loss"": 0.7861927793223664, ""brier"": 0.29088191943082414, ""trial_accuracy"": 0.625, ""trial_f1_macro"": 0.6190476190476191}","{""clf__C"": 0.1, ""clf__class_weight"": ""balanced"", ""clf__gamma"": 0.01}","{""scores"": {""{'clf__C': 0.1, 'clf__class_weight': None, 'clf__gamma': 0.0001}"": 0.3544973544973545, ""{'clf__C': 0.1, 'clf__class_weight': None, 'clf__gamma': 0.001}"": 0.3825367775086514, ""{'clf__C': 0.1, 'clf__class_weight': None, 'clf__gamma': 0.01}"": 0.4226227600046924, ""{'clf__C': 0.1, 'clf__class_weight': None, 'clf__gamma': 0.1}"": 0.3544973544973545, ""{'clf__C': 0.1, 'clf__class_weight': 'balanced', 'clf__gamma': 0.0001}"": 0.30277777777777776, ""{'clf__C': 0.1, 'clf__class_weight': 'balanced', 'clf__gamma': 0.001}"": 0.4729468775243777, ""{'clf__C': 0.1, 'clf__class_weight': 'balanced', 'clf__gamma': 0.01}"": 0.5160249295155411, ""{'clf__C': 0.1, 'clf__class_weight': 'balanced', 'clf__gamma': 0.1}"": 0.30277777777777776, ""{'clf__C': 1.0, 'clf__class_weight': None, 'clf__gamma': 0.0001}"": 0.3868302997340292, ""{'clf__C': 1.0, 'clf__class_weight': None, 'clf__gamma': 0.001}"": 0.476816047199188, ""{'clf__C': 1.0, 'clf__class_weight': None, 'clf__gamma': 0.01}"": 0.48536440217522214, ""{'clf__C': 1.0, 'clf__class_weight': None, 'clf__gamma': 0.1}"": 0.3544973544973545, ""{'clf__C': 1.0, 'clf__class_weight': 'balanced', 'clf__gamma': 0.0001}"": 0.4810125595225411, ""{'clf__C': 1.0, 'clf__class_weight': 'balanced', 'clf__gamma': 0.001}"": 0.5110821348749183, ""{'clf__C': 1.0, 'clf__class_weight': 'balanced', 'clf__gamma': 0.01}"": 0.49006078956813753, ""{'clf__C': 1.0, 'clf__class_weight': 'balanced', 'clf__gamma': 0.1}"": 0.3544973544973545, ""{'clf__C': 10.0, 'clf__class_weight': None, 'clf__gamma': 0.0001}"": 0.4845658573235512, ""{'clf__C': 10.0, 'clf__class_weight': None, 'clf__gamma': 0.001}"": 0.4977073195115458, ""{'clf__C': 10.0, 'clf__class_weight': None, 'clf__gamma': 0.01}"": 0.4944661278002114, ""{'clf__C': 10.0, 'clf__class_weight': None, 'clf__gamma': 0.1}"": 0.3544973544973545, ""{'clf__C': 10.0, 'clf__class_weight': 'balanced', 'clf__gamma': 0.0001}"": 0.5104532871289115, ""{'clf__C': 10.0, 'clf__class_weight': 'balanced', 'clf__gamma': 0.001}"": 0.4902469157538835, ""{'clf__C': 10.0, 'clf__class_weight': 'balanced', 'clf__gamma': 0.01}"": 0.4944661278002114, ""{'clf__C': 10.0, 'clf__class_weight': 'balanced', 'clf__gamma': 0.1}"": 0.3544973544973545, ""{'clf__C': 100.0, 'clf__class_weight': None, 'clf__gamma': 0.0001}"": 0.4748598500360108, ""{'clf__C': 100.0, 'clf__class_weight': None, 'clf__gamma': 0.001}"": 0.508266145989177, ""{'clf__C': 100.0, 'clf__class_weight': None, 'clf__gamma': 0.01}"": 0.4944661278002114, ""{'clf__C': 100.0, 'clf__class_weight': None, 'clf__gamma': 0.1}"": 0.3544973544973545, ""{'clf__C': 100.0, 'clf__class_weight': 'balanced', 'clf__gamma': 0.0001}"": 0.4764573133539874, ""{'clf__C': 100.0, 'clf__class_weight': 'balanced', 'clf__gamma': 0.001}"": 0.5028604466425105, ""{'clf__C': 100.0, 'clf__class_weight': 'balanced', 'clf__gamma': 0.01}"": 0.4944661278002114, ""{'clf__C': 100.0, 'clf__class_weight': 'balanced', 'clf__gamma': 0.1}"": 0.3544973544973545}, ""best_score"": 0.5160249295155411}"
A_window_w2_s1,rbf_svm,arousal,9,0,"[17, 15, 34, 11, 0, 22, 23, 18, 14, 19, 31, 2, 39, 36, 12, 29, 24, 8, 35, 7, 13, 1, 26, 25, 38, 10, 6, 27, 3, 4, 20, 28]","[33, 30, 21, 16, 5, 9, 32, 37]","{""accuracy"": 0.6189516129032258, ""balanced_accuracy"": 0.6747311827956989, ""precision_macro"": 0.6880260530392102, ""precision_micro"": 0.6189516129032258, ""precision_weighted"": 0.7361453259429297, ""recall_macro"": 0.6747311827956989, ""recall_micro"": 0.6189516129032258, ""recall_weighted"": 0.6189516129032258, ""f1_macro"": 0.6178191261664907, ""f1_micro"": 0.6189516129032258, ""f1_weighted"": 0.6126180759681515, ""mcc"": 0.36251352881760435, ""kappa"": 0.3006475485661425, ""confusion_matrix"": [[167, 19], [170, 140]], ""tp"": 140, ""tn"": 167, ""fp"": 19, ""fn"": 170, ""tpr"": 0.45161290322580644, ""tnr"": 0.8978494623655914, ""fpr"": 0.10215053763440861, ""fnr"": 0.5483870967741935, ""ppv"": 0.8805031446540881, ""npv"": 0.49554896142433236, ""roc_auc"": 0.6792924037460979, ""pr_auc"": 0.8161015932405566, ""log_loss"": 1.0889011485864601, ""brier"": 0.31106028196886826, ""trial_accuracy"": 0.625, ""trial_f1_macro"": 0.6190476190476191}","{""clf__C"": 1.0, ""clf__class_weight"": ""balanced"", ""clf__gamma"": 0.01}","{""scores"": {""{'clf__C': 0.1, 'clf__class_weight': None, 'clf__gamma': 0.0001}"": 0.3017740429505135, ""{'clf__C': 0.1, 'clf__class_weight': None, 'clf__gamma': 0.001}"": 0.2687726983858847, ""{'clf__C': 0.1, 'clf__class_weight': None, 'clf__gamma': 0.01}"": 0.3369440167845461, ""{'clf__C': 0.1, 'clf__class_weight': None, 'clf__gamma': 0.1}"": 0.3017740429505135, ""{'clf__C': 0.1, 'clf__class_weight': 'balanced', 'clf__gamma': 0.0001}"": 0.35098829854522456, ""{'clf__C': 0.1, 'clf__class_weight': 'balanced', 'clf__gamma': 0.001}"": 0.3543259692672344, ""{'clf__C': 0.1, 'clf__class_weight': 'balanced', 'clf__gamma': 0.01}"": 0.4369629728868083, ""{'clf__C': 0.1, 'clf__class_weight': 'balanced', 'clf__gamma': 0.1}"": 0.3587962962962963, ""{'clf__C': 1.0, 'clf__class_weight': None, 'clf__gamma': 0.0001}"": 0.26973043919060674, ""{'clf__C': 1.0, 'clf__class_weight': None, 'clf__gamma': 0.001}"": 0.3553067100512251, ""{'clf__C': 1.0, 'clf__class_weight': None, 'clf__gamma': 0.01}"": 0.4323547136827554, ""{'clf__C': 1.0, 'clf__class_weight': None, 'clf__gamma': 0.1}"": 0.3386984573476524, ""{'clf__C': 1.0, 'clf__class_weight': 'balanced', 'clf__gamma': 0.0001}"": 0.35297593631441565, ""{'clf__C': 1.0, 'clf__class_weight': 'balanced', 'clf__gamma': 0.001}"": 0.38533698265783856, ""{'clf__C': 1.0, 'clf__class_weight': 'balanced', 'clf__gamma': 0.01}"": 0.44924146665445414, ""{'clf__C': 1.0, 'clf__class_weight': 'balanced', 'clf__gamma': 0.1}"": 0.3463742654524758, ""{'clf__C': 10.0, 'clf__class_weight': None, 'clf__gamma': 0.0001}"": 0.3239413422466412, ""{'clf__C': 10.0, 'clf__class_weight': None, 'clf__gamma': 0.001}"": 0.4047859673225364, ""{'clf__C': 10.0, 'clf__class_weight': None, 'clf__gamma': 0.01}"": 0.4374073324255168, ""{'clf__C': 10.0, 'clf__class_weight': None, 'clf__gamma': 0.1}"": 0.3462868449915942, ""{'clf__C': 10.0, 'clf__class_weight': 'balanced', 'clf__gamma': 0.0001}"": 0.35670969313498374, ""{'clf__C': 10.0, 'clf__class_weight': 'balanced', 'clf__gamma': 0.001}"": 0.4169023413690642, ""{'clf__C': 10.0, 'clf__class_weight': 'balanced', 'clf__gamma': 0.01}"": 0.4349649267112452, ""{'clf__C': 10.0, 'clf__class_weight': 'balanced', 'clf__gamma': 0.1}"": 0.3462868449915942, ""{'clf__C': 100.0, 'clf__class_weight': None, 'clf__gamma': 0.0001}"": 0.37340678172617375, ""{'clf__C': 100.0, 'clf__class_weight': None, 'clf__gamma': 0.001}"": 0.40589051344768823, ""{'clf__C': 100.0, 'clf__class_weight': None, 'clf__gamma': 0.01}"": 0.44160113714506277, ""{'clf__C': 100.0, 'clf__class_weight': None, 'clf__gamma': 0.1}"": 0.3462868449915942, ""{'clf__C': 100.0, 'clf__class_weight': 'balanced', 'clf__gamma': 0.0001}"": 0.38281980261455884, ""{'clf__C': 100.0, 'clf__class_weight': 'balanced', 'clf__gamma': 0.001}"": 0.4135801716448459, ""{'clf__C': 100.0, 'clf__class_weight': 'balanced', 'clf__gamma': 0.01}"": 0.44160113714506277, ""{'clf__C': 100.0, 'clf__class_weight': 'balanced', 'clf__gamma': 0.1}"": 0.3462868449915942}, ""best_score"": 0.44924146665445414}"
A_window_w2_s1,rbf_svm,arousal,9,1,"[37, 36, 15, 0, 12, 10, 29, 26, 31, 6, 11, 4, 33, 28, 7, 21, 18, 14, 16, 24, 19, 25, 32, 9, 20, 30, 2, 34, 27, 22, 38, 39]","[1, 35, 23, 5, 13, 8, 3, 17]","{""accuracy"": 0.5120967741935484, ""balanced_accuracy"": 0.4591397849462366, ""precision_macro"": 0.45425598011804913, ""precision_micro"": 0.5120967741935484, ""precision_weighted"": 0.4901172724448587, ""recall_macro"": 0.4591397849462366, ""recall_micro"": 0.5120967741935484, ""recall_weighted"": 0.5120967741935485, ""f1_macro"": 0.45383397339060483, ""f1_micro"": 0.5120967741935484, ""f1_weighted"": 0.4984301912891542, ""mcc"": -0.08646642099220124, ""kappa"": -0.08520179372197312, ""confusion_matrix"": [[46, 140], [102, 208]], ""tp"": 208, ""tn"": 46, ""fp"": 140, ""fn"": 102, ""tpr"": 0.6709677419354839, ""tnr"": 0.24731182795698925, ""fpr"": 0.7526881720430108, ""fnr"": 0.32903225806451614, ""ppv"": 0.5977011494252874, ""npv"": 0.3108108108108108, ""roc_auc"": 0.4559486645855012, ""pr_auc"": 0.5910905004724993, ""log_loss"": 1.2771209715299126, ""brier"": 0.3673862310131135, ""trial_accuracy"": 0.5, ""trial_f1_macro"": 0.3333333333333333}","{""clf__C"": 100.0, ""clf__class_weight"": ""balanced"", ""clf__gamma"": 0.0001}","{""scores"": {""{'clf__C': 0.1, 'clf__class_weight': None, 'clf__gamma': 0.0001}"": 0.30412755620118215, ""{'clf__C': 0.1, 'clf__class_weight': None, 'clf__gamma': 0.001}"": 0.41291765956515164, ""{'clf__C': 0.1, 'clf__class_weight': None, 'clf__gamma': 0.01}"": 0.44179454007891966, ""{'clf__C': 0.1, 'clf__class_weight': None, 'clf__gamma': 0.1}"": 0.3017740429505135, ""{'clf__C': 0.1, 'clf__class_weight': 'balanced', 'clf__gamma': 0.0001}"": 0.4265827212881906, ""{'clf__C': 0.1, 'clf__class_weight': 'balanced', 'clf__gamma': 0.001}"": 0.4984134153766897, ""{'clf__C': 0.1, 'clf__class_weight': 'balanced', 'clf__gamma': 0.01}"": 0.5117206687145756, ""{'clf__C': 0.1, 'clf__class_weight': 'balanced', 'clf__gamma': 0.1}"": 0.3587962962962963, ""{'clf__C': 1.0, 'clf__class_weight': None, 'clf__gamma': 0.0001}"": 0.42266292673918643, ""{'clf__C': 1.0, 'clf__class_weight': None, 'clf__gamma': 0.001}"": 0.5452806057119955, ""{'clf__C': 1.0, 'clf__class_weight': None, 'clf__gamma': 0.01}"": 0.5752457964850434, ""{'clf__C': 1.0, 'clf__class_weight': None, 'clf__gamma': 0.1}"": 0.3918142876054868, ""{'clf__C': 1.0, 'clf__class_weight': 'balanced', 'clf__gamma': 0.0001}"": 0.5339757881572611, ""{'clf__C': 1.0, 'clf__class_weight': 'balanced', 'clf__gamma': 0.001}"": 0.5799806678367744, ""{'clf__C': 1.0, 'clf__class_weight': 'balanced', 'clf__gamma': 0.01}"": 0.5860458723469966, ""{'clf__C': 1.0, 'clf__class_weight': 'balanced', 'clf__gamma': 0.1}"": 0.4089540090853139, ""{'clf__C': 10.0, 'clf__class_weight': None, 'clf__gamma': 0.0001}"": 0.5439950114801576, ""{'clf__C': 10.0, 'clf__class_weight': None, 'clf__gamma': 0.001}"": 0.6026940809268689, ""{'clf__C': 10.0, 'clf__class_weight': None, 'clf__gamma': 0.01}"": 0.575296850856308, ""{'clf__C': 10.0, 'clf__class_weight': None, 'clf__gamma': 0.1}"": 0.40184494724688147, ""{'clf__C': 10.0, 'clf__class_weight': 'balanced', 'clf__gamma': 0.0001}"": 0.5751311412171716, ""{'clf__C': 10.0, 'clf__class_weight': 'balanced', 'clf__gamma': 0.001}"": 0.6098303981257006, ""{'clf__C': 10.0, 'clf__class_weight': 'balanced', 'clf__gamma': 0.01}"": 0.5739545742118308, ""{'clf__C': 10.0, 'clf__class_weight': 'balanced', 'clf__gamma': 0.1}"": 0.40184494724688147, ""{'clf__C': 100.0, 'clf__class_weight': None, 'clf__gamma': 0.0001}"": 0.6002696927806613, ""{'clf__C': 100.0, 'clf__class_weight': None, 'clf__gamma': 0.001}"": 0.5941691495637164, ""{'clf__C': 100.0, 'clf__class_weight': None, 'clf__gamma': 0.01}"": 0.5761949351593154, ""{'clf__C': 100.0, 'clf__class_weight': None, 'clf__gamma': 0.1}"": 0.40184494724688147, ""{'clf__C': 100.0, 'clf__class_weight': 'balanced', 'clf__gamma': 0.0001}"": 0.613742247335656, ""{'clf__C': 100.0, 'clf__class_weight': 'balanced', 'clf__gamma': 0.001}"": 0.5942935482588229, ""{'clf__C': 100.0, 'clf__class_weight': 'balanced', 'clf__gamma': 0.01}"": 0.5761949351593154, ""{'clf__C': 100.0, 'clf__class_weight': 'balanced', 'clf__gamma': 0.1}"": 0.40184494724688147}, ""best_score"": 0.613742247335656}"
A_window_w2_s1,rbf_svm,arousal,10,0,"[36, 8, 0, 35, 24, 2, 18, 19, 21, 4, 9, 7, 12, 6, 15, 37, 31, 14, 20, 30, 16, 17, 33, 25, 34, 1, 29, 3, 26, 27, 38, 10]","[5, 32, 39, 22, 23, 13, 11, 28]","{""accuracy"": 0.5181451612903226, ""balanced_accuracy"": 0.5532258064516129, ""precision_macro"": 0.553341444338229, ""precision_micro"": 0.5181451612903226, ""precision_weighted"": 0.5879790562266447, ""recall_macro"": 0.5532258064516129, ""recall_micro"": 0.5181451612903226, ""recall_weighted"": 0.5181451612903226, ""f1_macro"": 0.5181432026502448, ""f1_micro"": 0.5181451612903226, ""f1_weighted"": 0.517900331280613, ""mcc"": 0.10656718804953154, ""kappa"": 0.09383886255924168, ""confusion_matrix"": [[128, 182], [57, 129]], ""tp"": 129, ""tn"": 128, ""fp"": 182, ""fn"": 57, ""tpr"": 0.6935483870967742, ""tnr"": 0.4129032258064516, ""fpr"": 0.5870967741935483, ""fnr"": 0.3064516129032258, ""ppv"": 0.41479099678456594, ""npv"": 0.6918918918918919, ""roc_auc"": 0.5970516822754076, ""pr_auc"": 0.4645092378079991, ""log_loss"": 1.007081961449022, ""brier"": 0.34947452580042987, ""trial_accuracy"": 0.625, ""trial_f1_macro"": 0.6190476190476191}","{""clf__C"": 0.1, ""clf__class_weight"": ""balanced"", ""clf__gamma"": 0.01}","{""scores"": {""{'clf__C': 0.1, 'clf__class_weight': None, 'clf__gamma': 0.0001}"": 0.37227668845315903, ""{'clf__C': 0.1, 'clf__class_weight': None, 'clf__gamma': 0.001}"": 0.48409438441807123, ""{'clf__C': 0.1, 'clf__class_weight': None, 'clf__gamma': 0.01}"": 0.557058267523095, ""{'clf__C': 0.1, 'clf__class_weight': None, 'clf__gamma': 0.1}"": 0.37227668845315903, ""{'clf__C': 0.1, 'clf__class_weight': 'balanced', 'clf__gamma': 0.0001}"": 0.3017740429505135, ""{'clf__C': 0.1, 'clf__class_weight': 'balanced', 'clf__gamma': 0.001}"": 0.6668813129934129, ""{'clf__C': 0.1, 'clf__class_weight': 'balanced', 'clf__gamma': 0.01}"": 0.672514413926745, ""{'clf__C': 0.1, 'clf__class_weight': 'balanced', 'clf__gamma': 0.1}"": 0.3017740429505135, ""{'clf__C': 1.0, 'clf__class_weight': None, 'clf__gamma': 0.0001}"": 0.5183904377786329, ""{'clf__C': 1.0, 'clf__class_weight': None, 'clf__gamma': 0.001}"": 0.6503778839234295, ""{'clf__C': 1.0, 'clf__class_weight': None, 'clf__gamma': 0.01}"": 0.6557920275463976, ""{'clf__C': 1.0, 'clf__class_weight': None, 'clf__gamma': 0.1}"": 0.37227668845315903, ""{'clf__C': 1.0, 'clf__class_weight': 'balanced', 'clf__gamma': 0.0001}"": 0.6710995107544454, ""{'clf__C': 1.0, 'clf__class_weight': 'balanced', 'clf__gamma': 0.001}"": 0.6571349437249223, ""{'clf__C': 1.0, 'clf__class_weight': 'balanced', 'clf__gamma': 0.01}"": 0.6525233687131539, ""{'clf__C': 1.0, 'clf__class_weight': 'balanced', 'clf__gamma': 0.1}"": 0.37227668845315903, ""{'clf__C': 10.0, 'clf__class_weight': None, 'clf__gamma': 0.0001}"": 0.6506392589344495, ""{'clf__C': 10.0, 'clf__class_weight': None, 'clf__gamma': 0.001}"": 0.661948643742698, ""{'clf__C': 10.0, 'clf__class_weight': None, 'clf__gamma': 0.01}"": 0.648631830911428, ""{'clf__C': 10.0, 'clf__class_weight': None, 'clf__gamma': 0.1}"": 0.37227668845315903, ""{'clf__C': 10.0, 'clf__class_weight': 'balanced', 'clf__gamma': 0.0001}"": 0.6588109742347669, ""{'clf__C': 10.0, 'clf__class_weight': 'balanced', 'clf__gamma': 0.001}"": 0.6564625335217228, ""{'clf__C': 10.0, 'clf__class_weight': 'balanced', 'clf__gamma': 0.01}"": 0.648631830911428, ""{'clf__C': 10.0, 'clf__class_weight': 'balanced', 'clf__gamma': 0.1}"": 0.37227668845315903, ""{'clf__C': 100.0, 'clf__class_weight': None, 'clf__gamma': 0.0001}"": 0.6554433467614996, ""{'clf__C': 100.0, 'clf__class_weight': None, 'clf__gamma': 0.001}"": 0.646186029198292, ""{'clf__C': 100.0, 'clf__class_weight': None, 'clf__gamma': 0.01}"": 0.648631830911428, ""{'clf__C': 100.0, 'clf__class_weight': None, 'clf__gamma': 0.1}"": 0.37227668845315903, ""{'clf__C': 100.0, 'clf__class_weight': 'balanced', 'clf__gamma': 0.0001}"": 0.6572369003466555, ""{'clf__C': 100.0, 'clf__class_weight': 'balanced', 'clf__gamma': 0.001}"": 0.6463192121080357, ""{'clf__C': 100.0, 'clf__class_weight': 'balanced', 'clf__gamma': 0.01}"": 0.648631830911428, ""{'clf__C': 100.0, 'clf__class_weight': 'balanced', 'clf__gamma': 0.1}"": 0.37227668845315903}, ""best_score"": 0.672514413926745}"
A_window_w2_s1,rbf_svm,arousal,10,1,"[2, 33, 16, 5, 3, 7, 36, 27, 28, 30, 19, 32, 4, 12, 8, 11, 14, 38, 13, 20, 10, 23, 34, 9, 17, 24, 35, 29, 39, 26, 21, 31]","[15, 22, 25, 6, 18, 37, 1, 0]","{""accuracy"": 0.7116935483870968, ""balanced_accuracy"": 0.7424731182795699, ""precision_macro"": 0.7309267793138761, ""precision_micro"": 0.7116935483870968, ""precision_weighted"": 0.7693932411674347, ""recall_macro"": 0.7424731182795699, ""recall_micro"": 0.7116935483870968, ""recall_weighted"": 0.7116935483870968, ""f1_macro"": 0.7105629348513599, ""f1_micro"": 0.7116935483870968, ""f1_weighted"": 0.7150853889943074, ""mcc"": 0.47325906763418113, ""kappa"": 0.4408602150537635, ""confusion_matrix"": [[161, 25], [118, 192]], ""tp"": 192, ""tn"": 161, ""fp"": 25, ""fn"": 118, ""tpr"": 0.6193548387096774, ""tnr"": 0.8655913978494624, ""fpr"": 0.13440860215053763, ""fnr"": 0.38064516129032255, ""ppv"": 0.8847926267281107, ""npv"": 0.5770609318996416, ""roc_auc"": 0.788536246964967, ""pr_auc"": 0.8855614595208656, ""log_loss"": 0.5488475699703164, ""brier"": 0.18524048675911645, ""trial_accuracy"": 0.75, ""trial_f1_macro"": 0.75}","{""clf__C"": 1.0, ""clf__class_weight"": ""balanced"", ""clf__gamma"": 0.0001}","{""scores"": {""{'clf__C': 0.1, 'clf__class_weight': None, 'clf__gamma': 0.0001}"": 0.35838779956427014, ""{'clf__C': 0.1, 'clf__class_weight': None, 'clf__gamma': 0.001}"": 0.41336007876117625, ""{'clf__C': 0.1, 'clf__class_weight': None, 'clf__gamma': 0.01}"": 0.4474707314492424, ""{'clf__C': 0.1, 'clf__class_weight': None, 'clf__gamma': 0.1}"": 0.35838779956427014, ""{'clf__C': 0.1, 'clf__class_weight': 'balanced', 'clf__gamma': 0.0001}"": 0.30416666666666664, ""{'clf__C': 0.1, 'clf__class_weight': 'balanced', 'clf__gamma': 0.001}"": 0.5392418965482862, ""{'clf__C': 0.1, 'clf__class_weight': 'balanced', 'clf__gamma': 0.01}"": 0.5298167282839131, ""{'clf__C': 0.1, 'clf__class_weight': 'balanced', 'clf__gamma': 0.1}"": 0.30416666666666664, ""{'clf__C': 1.0, 'clf__class_weight': None, 'clf__gamma': 0.0001}"": 0.4243124499018757, ""{'clf__C': 1.0, 'clf__class_weight': None, 'clf__gamma': 0.001}"": 0.5122124395043705, ""{'clf__C': 1.0, 'clf__class_weight': None, 'clf__gamma': 0.01}"": 0.4926802641720069, ""{'clf__C': 1.0, 'clf__class_weight': None, 'clf__gamma': 0.1}"": 0.35838779956427014, ""{'clf__C': 1.0, 'clf__class_weight': 'balanced', 'clf__gamma': 0.0001}"": 0.5424489367222963, ""{'clf__C': 1.0, 'clf__class_weight': 'balanced', 'clf__gamma': 0.001}"": 0.5330913798777602, ""{'clf__C': 1.0, 'clf__class_weight': 'balanced', 'clf__gamma': 0.01}"": 0.5058934890541985, ""{'clf__C': 1.0, 'clf__class_weight': 'balanced', 'clf__gamma': 0.1}"": 0.35838779956427014, ""{'clf__C': 10.0, 'clf__class_weight': None, 'clf__gamma': 0.0001}"": 0.5172128504244303, ""{'clf__C': 10.0, 'clf__class_weight': None, 'clf__gamma': 0.001}"": 0.5007643352067913, ""{'clf__C': 10.0, 'clf__class_weight': None, 'clf__gamma': 0.01}"": 0.4892278924122568, ""{'clf__C': 10.0, 'clf__class_weight': None, 'clf__gamma': 0.1}"": 0.35838779956427014, ""{'clf__C': 10.0, 'clf__class_weight': 'balanced', 'clf__gamma': 0.0001}"": 0.5328036188909501, ""{'clf__C': 10.0, 'clf__class_weight': 'balanced', 'clf__gamma': 0.001}"": 0.52349248214098, ""{'clf__C': 10.0, 'clf__class_weight': 'balanced', 'clf__gamma': 0.01}"": 0.4892278924122568, ""{'clf__C': 10.0, 'clf__class_weight': 'balanced', 'clf__gamma': 0.1}"": 0.35838779956427014, ""{'clf__C': 100.0, 'clf__class_weight': None, 'clf__gamma': 0.0001}"": 0.5208497808953411, ""{'clf__C': 100.0, 'clf__class_weight': None, 'clf__gamma': 0.001}"": 0.5014899257325914, ""{'clf__C': 100.0, 'clf__class_weight': None, 'clf__gamma': 0.01}"": 0.4892278924122568, ""{'clf__C': 100.0, 'clf__class_weight': None, 'clf__gamma': 0.1}"": 0.35838779956427014, ""{'clf__C': 100.0, 'clf__class_weight': 'balanced', 'clf__gamma': 0.0001}"": 0.5249623543412241, ""{'clf__C': 100.0, 'clf__class_weight': 'balanced', 'clf__gamma': 0.001}"": 0.5010346352326203, ""{'clf__C': 100.0, 'clf__class_weight': 'balanced', 'clf__gamma': 0.01}"": 0.4892278924122568, ""{'clf__C': 100.0, 'clf__class_weight': 'balanced', 'clf__gamma': 0.1}"": 0.35838779956427014}, ""best_score"": 0.5424489367222963}"
