accuracy,balanced_accuracy,best_params,brier,confusion_matrix,dimension,f1_macro,f1_micro,f1_weighted,fn,fnr,fold,fp,fpr,kappa,log_loss,mcc,mode,model,npv,ppv,pr_auc,precision_macro,precision_micro,precision_weighted,recall_macro,recall_micro,recall_weighted,roc_auc,tn,tnr,tp,tpr,trial_accuracy,trial_balanced_accuracy,trial_brier,trial_confusion_matrix,trial_f1_macro,trial_f1_micro,trial_f1_weighted,trial_fn,trial_fnr,trial_fp,trial_fpr,trial_kappa,trial_log_loss,trial_mcc,trial_npv,trial_ppv,trial_pr_auc,trial_precision_macro,trial_precision_micro,trial_precision_weighted,trial_recall_macro,trial_recall_micro,trial_recall_weighted,trial_roc_auc,trial_tn,trial_tnr,trial_tp,trial_tpr
0.5340909090909091,0.5545454545454546,"{""clf__C"": 13.411788774467905, ""clf__gamma"": 0.00026210878782654407, ""clf__class_weight"": ""balanced""}",0.31097672258613396,"[[21, 12], [29, 26]]",valence,0.5325819406658894,0.5340909090909091,0.5392214017359761,29,0.5272727272727272,,12,0.36363636363636365,0.09890109890109888,0.865164174167179,0.10662279799663663,subject_dependent,rbf_svm,0.42,0.6842105263157895,0.717121268709405,0.5521052631578948,0.5340909090909091,0.5851315789473684,0.5545454545454546,0.5340909090909091,0.5340909090909091,0.5853994490358126,21,0.6363636363636364,26,0.4727272727272727,0.5,0.5333333333333333,0.2723123830684863,"[[2, 1], [3, 2]]",0.5,0.5,0.5,3,0.6,1,0.3333333333333333,0.05882352941176472,0.7323068616376784,0.06666666666666667,0.4,0.6666666666666666,0.7295238095238095,0.5333333333333333,0.5,0.5666666666666667,0.5333333333333333,0.5,0.5,0.5333333333333334,2,0.6666666666666666,2,0.4
0.48863636363636365,0.48863636363636365,"{""clf__C"": 1.351144633701368, ""clf__gamma"": 0.015446089075047083, ""clf__class_weight"": ""balanced""}",0.35987016457563054,"[[35, 9], [36, 8]]",valence,0.43549536707056313,0.48863636363636365,0.43549536707056313,36,0.8181818181818182,,9,0.20454545454545456,-0.022727272727272707,1.222343603440389,-0.028783683125170188,subject_dependent,rbf_svm,0.49295774647887325,0.47058823529411764,0.5198820922010499,0.48177299088649544,0.48863636363636365,0.4817729908864955,0.48863636363636365,0.48863636363636365,0.48863636363636365,0.44731404958677684,35,0.7954545454545454,8,0.18181818181818182,0.5,0.5,0.3199977999433109,"[[4, 0], [4, 0]]",0.3333333333333333,0.5,0.3333333333333333,4,1.0,0,0.0,0.0,0.8811425582898968,0.0,0.5,0.0,0.5595238095238095,0.25,0.5,0.25,0.5,0.5,0.5,0.5,4,1.0,0,0.0
0.6022727272727273,0.5378787878787878,"{""clf__C"": 243.14537412227003, ""clf__gamma"": 0.0004992453416923984, ""clf__class_weight"": ""balanced""}",0.2871946074849697,"[[44, 22], [13, 9]]",valence,0.5275348979904894,0.6022727272727273,0.621491026231017,13,0.5909090909090909,,22,0.3333333333333333,0.06666666666666665,0.864787831079945,0.06867380361919409,subject_dependent,rbf_svm,0.7719298245614035,0.2903225806451613,0.2930869072911426,0.5311262026032824,0.6022727272727273,0.651528013582343,0.5378787878787878,0.6022727272727273,0.6022727272727273,0.5213498622589532,44,0.6666666666666666,9,0.4090909090909091,0.625,0.5833333333333333,0.23167318846188917,"[[4, 2], [1, 1]]",0.5636363636363637,0.625,0.6454545454545454,1,0.5,2,0.3333333333333333,0.1428571428571429,0.6563242266023568,0.14907119849998599,0.8,0.3333333333333333,0.6428571428571428,0.5666666666666667,0.625,0.6833333333333335,0.5833333333333333,0.625,0.625,0.5833333333333333,4,0.6666666666666666,1,0.5
0.5681818181818182,0.5151515151515151,"{""clf__C"": 0.9020715489795292, ""clf__gamma"": 0.0048275888720946784, ""clf__class_weight"": null}",0.25392733231454456,"[[40, 15], [23, 10]]",valence,0.5113968439509059,0.5681818181818182,0.5530391583869082,23,0.696969696969697,,15,0.2727272727272727,0.031847133757961776,0.7082315616433882,0.03253000243161777,subject_dependent,rbf_svm,0.6349206349206349,0.4,0.4650633948731985,0.5174603174603174,0.5681818181818182,0.5468253968253968,0.5151515151515151,0.5681818181818182,0.5681818181818182,0.6038567493112947,40,0.7272727272727273,10,0.30303030303030304,0.625,0.5666666666666667,0.23228879258980908,"[[4, 1], [2, 1]]",0.5636363636363637,0.625,0.6045454545454546,2,0.6666666666666666,1,0.2,0.1428571428571429,0.6498276520631137,0.14907119849998599,0.6666666666666666,0.5,0.5333333333333333,0.5833333333333333,0.625,0.6041666666666666,0.5666666666666667,0.625,0.625,0.6666666666666666,4,0.8,1,0.3333333333333333
0.375,0.3787878787878788,"{""clf__C"": 243.14537412227003, ""clf__gamma"": 0.0004992453416923984, ""clf__class_weight"": ""balanced""}",0.4093900951915046,"[[13, 20], [35, 20]]",valence,0.3710201429499675,0.375,0.3835282651072124,35,0.6363636363636364,,20,0.6060606060606061,-0.22222222222222232,1.1571454026043695,-0.23570226039551584,subject_dependent,rbf_svm,0.2708333333333333,0.5,0.5869904124389992,0.38541666666666663,0.375,0.4140625,0.3787878787878788,0.375,0.375,0.3245179063360882,13,0.3939393939393939,20,0.36363636363636365,0.25,0.26666666666666666,0.36562590332176276,"[[1, 2], [4, 1]]",0.25,0.25,0.25,4,0.8,2,0.6666666666666666,-0.41176470588235303,0.9783703835750348,-0.4666666666666667,0.2,0.3333333333333333,0.6192857142857142,0.26666666666666666,0.25,0.2833333333333333,0.26666666666666666,0.25,0.25,0.2,1,0.3333333333333333,1,0.2
0.5227272727272727,0.33766233766233766,"{""clf__C"": 0.40069130793659025, ""clf__gamma"": 0.0014899847475658245, ""clf__class_weight"": ""balanced""}",0.32718493307647556,"[[45, 32], [10, 1]]",valence,0.3636363636363636,0.5227272727272727,0.6022727272727272,10,0.9090909090909091,,32,0.4155844155844156,-0.1748251748251748,0.9211367147508814,-0.22179547112466663,subject_dependent,rbf_svm,0.8181818181818182,0.030303030303030304,0.08864236846355676,0.42424242424242425,0.5227272727272727,0.7196969696969698,0.33766233766233766,0.5227272727272727,0.5227272727272727,0.2573789846517119,45,0.5844155844155844,1,0.09090909090909091,0.5,0.2857142857142857,0.31638738200443606,"[[4, 3], [1, 0]]",0.3333333333333333,0.5,0.5833333333333333,1,1.0,3,0.42857142857142855,-0.23076923076923084,0.8867557955280154,-0.29277002188455997,0.8,0.0,0.14285714285714285,0.4,0.5,0.7000000000000001,0.2857142857142857,0.5,0.5,0.1428571428571429,4,0.5714285714285714,0,0.0
0.48863636363636365,0.48863636363636365,"{""clf__C"": 6.471483909913166, ""clf__gamma"": 0.07647439907543511, ""clf__class_weight"": null}",0.33195213086899694,"[[6, 38], [7, 37]]",valence,0.416187527642636,0.48863636363636365,0.41618752764263606,7,0.1590909090909091,,38,0.8636363636363636,-0.022727272727272707,1.0581681206372504,-0.03202563076101743,subject_dependent,rbf_svm,0.46153846153846156,0.49333333333333335,0.6086057807890978,0.4774358974358974,0.48863636363636365,0.4774358974358975,0.48863636363636365,0.48863636363636365,0.48863636363636365,0.5480371900826447,6,0.13636363636363635,37,0.8409090909090909,0.5,0.5,0.30252712716083563,"[[1, 3], [1, 3]]",0.4666666666666667,0.5,0.4666666666666667,1,0.25,3,0.75,0.0,0.8018095046528663,0.0,0.5,0.5,0.75,0.5,0.5,0.5,0.5,0.5,0.5,0.5625,1,0.25,3,0.75
0.7272727272727273,0.7272727272727273,"{""clf__C"": 0.21466070134458173, ""clf__gamma"": 0.0012955517240662183, ""clf__class_weight"": ""balanced""}",0.20776743978129292,"[[48, 18], [6, 16]]",valence,0.6857142857142857,0.7272727272727273,0.742857142857143,6,0.2727272727272727,,18,0.2727272727272727,0.3846153846153846,0.6125534658210846,0.4042260417272216,subject_dependent,rbf_svm,0.8888888888888888,0.47058823529411764,0.4910743178141107,0.6797385620915033,0.7272727272727273,0.7843137254901961,0.7272727272727273,0.7272727272727273,0.7272727272727273,0.7892561983471074,48,0.7272727272727273,16,0.7272727272727273,0.75,0.8333333333333333,0.20216660654769403,"[[4, 2], [0, 2]]",0.7333333333333334,0.75,0.7666666666666667,0,0.0,2,0.3333333333333333,0.5,0.6015540960630033,0.5773502691896258,1.0,0.5,0.5833333333333333,0.75,0.75,0.875,0.8333333333333333,0.75,0.75,0.8333333333333334,4,0.6666666666666666,2,1.0
0.7045454545454546,0.7045454545454546,"{""clf__C"": 5.2117930643778205, ""clf__gamma"": 0.0036999724314638123, ""clf__class_weight"": null}",0.20905006089597702,"[[33, 11], [15, 29]]",valence,0.7039337474120082,0.7045454545454546,0.7039337474120082,15,0.3409090909090909,,11,0.25,0.40909090909090906,0.6153832208086815,0.41079191812887456,subject_dependent,rbf_svm,0.6875,0.725,0.8080989807774823,0.70625,0.7045454545454546,0.7062499999999999,0.7045454545454546,0.7045454545454546,0.7045454545454546,0.7644628099173554,33,0.75,29,0.6590909090909091,0.625,0.625,0.1750768119219427,"[[3, 1], [2, 2]]",0.6190476190476191,0.625,0.6190476190476191,2,0.5,1,0.25,0.25,0.5068945132890066,0.2581988897471611,0.6,0.6666666666666666,0.8541666666666666,0.6333333333333333,0.625,0.6333333333333333,0.625,0.625,0.625,0.8125,3,0.75,2,0.5
0.6931818181818182,0.6931818181818182,"{""clf__C"": 13.411788774467905, ""clf__gamma"": 0.00026210878782654407, ""clf__class_weight"": ""balanced""}",0.1757658267552954,"[[25, 19], [8, 36]]",valence,0.6883116883116883,0.6931818181818182,0.6883116883116883,8,0.18181818181818182,,19,0.4318181818181818,0.38636363636363635,0.5130735085901583,0.3990346477910672,subject_dependent,rbf_svm,0.7575757575757576,0.6545454545454545,0.8221450250245395,0.706060606060606,0.6931818181818182,0.7060606060606062,0.6931818181818182,0.6931818181818182,0.6931818181818182,0.8101756198347108,25,0.5681818181818182,36,0.8181818181818182,0.625,0.625,0.1639450053520803,"[[2, 2], [1, 3]]",0.6190476190476191,0.625,0.6190476190476191,1,0.25,2,0.5,0.25,0.48902657581456455,0.2581988897471611,0.6666666666666666,0.6,0.8541666666666666,0.6333333333333333,0.625,0.6333333333333333,0.625,0.625,0.625,0.8125,2,0.5,3,0.75
0.6590909090909091,0.5818181818181818,"{""clf__C"": 32.32518791282502, ""clf__gamma"": 0.0005104518230902811, ""clf__class_weight"": ""balanced""}",0.268925796291491,"[[49, 6], [24, 9]]",valence,0.5703125,0.6590909090909091,0.619140625,24,0.7272727272727273,,6,0.10909090909090909,0.18367346938775508,1.0471988383254776,0.210674064953035,subject_dependent,rbf_svm,0.6712328767123288,0.6,0.529633557645077,0.6356164383561644,0.6590909090909091,0.6445205479452055,0.5818181818181818,0.6590909090909091,0.6590909090909091,0.5757575757575757,49,0.8909090909090909,9,0.2727272727272727,0.625,0.5,0.23022281011253373,"[[5, 0], [3, 0]]",0.38461538461538464,0.625,0.4807692307692308,3,1.0,0,0.0,0.0,0.7082792648735056,0.0,0.625,0.0,0.6805555555555556,0.3125,0.625,0.390625,0.5,0.625,0.625,0.6,5,1.0,0,0.0
0.8068181818181818,0.7651515151515151,"{""clf__C"": 0.9020715489795292, ""clf__gamma"": 0.0048275888720946784, ""clf__class_weight"": null}",0.16024096546541847,"[[56, 10], [7, 15]]",valence,0.7532574633019957,0.8068181818181818,0.8107372587827808,7,0.3181818181818182,,10,0.15151515151515152,0.5072463768115942,0.5199975882746234,0.5091750772173156,subject_dependent,rbf_svm,0.8888888888888888,0.6,0.5072502155038436,0.7444444444444445,0.8068181818181818,0.8166666666666665,0.7651515151515151,0.8068181818181818,0.8068181818181818,0.7865013774104683,56,0.8484848484848485,15,0.6818181818181818,0.875,0.9166666666666667,0.12335452562259291,"[[5, 1], [0, 2]]",0.8545454545454545,0.875,0.8818181818181818,0,0.0,1,0.16666666666666666,0.7142857142857143,0.40193851176729206,0.7453559924999299,1.0,0.6666666666666666,0.5833333333333333,0.8333333333333333,0.875,0.9166666666666666,0.9166666666666667,0.875,0.875,0.8333333333333334,5,0.8333333333333334,2,1.0
0.6022727272727273,0.6515151515151515,"{""clf__C"": 0.40069130793659025, ""clf__gamma"": 0.0014899847475658245, ""clf__class_weight"": ""balanced""}",0.26543844934035543,"[[28, 5], [30, 25]]",valence,0.6018099547511313,0.6022727272727273,0.5984162895927603,30,0.5454545454545454,,5,0.15151515151515152,0.26315789473684215,0.7542622958142533,0.30949223029508643,subject_dependent,rbf_svm,0.4827586206896552,0.8333333333333334,0.8090826645436819,0.6580459770114943,0.6022727272727273,0.701867816091954,0.6515151515151515,0.6022727272727273,0.6022727272727273,0.6898071625344353,28,0.8484848484848485,25,0.45454545454545453,0.75,0.8,0.2226060230935361,"[[3, 0], [2, 3]]",0.75,0.75,0.75,2,0.4,0,0.0,0.5294117647058824,0.6341523576625007,0.6,0.6,1.0,0.8761904761904762,0.8,0.75,0.85,0.8,0.75,0.75,0.7333333333333334,3,1.0,3,0.6
0.4431818181818182,0.5242424242424243,"{""clf__C"": 0.9020715489795292, ""clf__gamma"": 0.0048275888720946784, ""clf__class_weight"": null}",0.34141722408362624,"[[28, 5], [44, 11]]",valence,0.42159624413145536,0.4431818181818182,0.39366197183098595,44,0.8,,5,0.15151515151515152,0.039215686274509776,0.9968021734336158,0.060858061945018464,subject_dependent,rbf_svm,0.3888888888888889,0.6875,0.7527473502735557,0.5381944444444444,0.4431818181818182,0.5755208333333334,0.5242424242424243,0.4431818181818182,0.4431818181818182,0.725068870523416,28,0.8484848484848485,11,0.2,0.375,0.5,0.2836302660328637,"[[3, 0], [5, 0]]",0.2727272727272727,0.375,0.20454545454545453,5,1.0,0,0.0,0.0,0.7477515102831094,0.0,0.375,0.0,0.9266666666666666,0.1875,0.375,0.140625,0.5,0.375,0.375,0.8666666666666667,3,1.0,0,0.0
0.7954545454545454,0.7696969696969697,"{""clf__C"": 0.9020715489795292, ""clf__gamma"": 0.0048275888720946784, ""clf__class_weight"": null}",0.18081185973673647,"[[48, 7], [11, 22]]",valence,0.7758913412563667,0.7954545454545454,0.7924448217317487,11,0.3333333333333333,,7,0.12727272727272726,0.5527950310559007,0.5984731798311639,0.5555451651733081,subject_dependent,rbf_svm,0.8135593220338984,0.7586206896551724,0.7958018981927175,0.7860900058445354,0.7954545454545454,0.7929573348918761,0.7696969696969697,0.7954545454545454,0.7954545454545454,0.7426997245179064,48,0.8727272727272727,22,0.6666666666666666,0.875,0.8333333333333333,0.15743602358131142,"[[5, 0], [1, 2]]",0.8545454545454545,0.875,0.8681818181818182,1,0.3333333333333333,0,0.0,0.7142857142857143,0.5067035144308393,0.7453559924999299,0.8333333333333334,1.0,0.7916666666666666,0.9166666666666667,0.875,0.8958333333333334,0.8333333333333333,0.875,0.875,0.6666666666666666,5,1.0,2,0.6666666666666666
0.375,0.5681818181818182,"{""clf__C"": 2.365839532258546, ""clf__gamma"": 0.06025271171095385, ""clf__class_weight"": null}",0.3101837167621861,"[[21, 1], [54, 12]]",valence,0.36839357953804,0.375,0.33609552394623515,54,0.8181818181818182,,1,0.045454545454545456,0.07563025210084029,0.8962654862575007,0.16641005886756874,subject_dependent,rbf_svm,0.28,0.9230769230769231,0.8896430840552412,0.6015384615384616,0.375,0.7623076923076924,0.5681818181818182,0.375,0.375,0.737603305785124,21,0.9545454545454546,12,0.18181818181818182,0.5,0.6666666666666666,0.2578269121461373,"[[2, 0], [4, 2]]",0.5,0.5,0.5,4,0.6666666666666666,0,0.0,0.19999999999999996,0.706866696987677,0.3333333333333333,0.3333333333333333,1.0,0.9761904761904762,0.6666666666666666,0.5,0.8333333333333334,0.6666666666666666,0.5,0.5,0.9166666666666667,2,1.0,2,0.3333333333333333
0.4431818181818182,0.5545454545454546,"{""clf__C"": 10.969957609487873, ""clf__gamma"": 0.07866216981266846, ""clf__class_weight"": ""balanced""}",0.2248000330551947,"[[33, 0], [49, 6]]",valence,0.38531717747683536,0.4431818181818182,0.338168210976479,49,0.8909090909090909,,0,0.0,0.08411214953271029,0.6327249480114505,0.20952908873087345,subject_dependent,rbf_svm,0.4024390243902439,1.0,0.8147090533381397,0.7012195121951219,0.4431818181818182,0.7759146341463414,0.5545454545454546,0.4431818181818182,0.4431818181818182,0.7013774104683196,33,1.0,6,0.10909090909090909,0.625,0.7,0.1939630865663881,"[[3, 0], [3, 2]]",0.6190476190476191,0.625,0.6071428571428571,3,0.6,0,0.0,0.33333333333333337,0.5782942269298976,0.4472135954999579,0.5,1.0,1.0,0.75,0.625,0.8125,0.7,0.625,0.625,1.0,3,1.0,2,0.4
0.5227272727272727,0.4909090909090909,"{""clf__C"": 100.2571297605856, ""clf__gamma"": 0.0074112997810832455, ""clf__class_weight"": ""balanced""}",0.3851290736800181,"[[34, 21], [21, 12]]",valence,0.4909090909090909,0.5227272727272727,0.5227272727272727,21,0.6363636363636364,,21,0.38181818181818183,-0.018181818181818077,1.453080828639273,-0.01818181818181818,subject_dependent,rbf_svm,0.6181818181818182,0.36363636363636365,0.3408555943830669,0.4909090909090909,0.5227272727272727,0.5227272727272727,0.4909090909090909,0.5227272727272727,0.5227272727272727,0.46170798898071624,34,0.6181818181818182,12,0.36363636363636365,0.375,0.3,0.3145164987886111,"[[3, 2], [3, 0]]",0.2727272727272727,0.375,0.3409090909090909,3,1.0,2,0.4,-0.4285714285714286,0.8263432911913019,-0.4472135954999579,0.5,0.0,0.4777777777777778,0.25,0.375,0.3125,0.3,0.375,0.375,0.6,3,0.6,0,0.0
0.6818181818181818,0.6060606060606061,"{""clf__C"": 2.365839532258546, ""clf__gamma"": 0.06025271171095385, ""clf__class_weight"": null}",0.28735595276135395,"[[50, 16], [12, 10]]",valence,0.5989583333333334,0.6818181818181818,0.6901041666666667,12,0.5454545454545454,,16,0.24242424242424243,0.19999999999999996,0.8855024239750677,0.20131905799006777,subject_dependent,rbf_svm,0.8064516129032258,0.38461538461538464,0.40674553212644543,0.5955334987593052,0.6818181818181818,0.7009925558312654,0.6060606060606061,0.6818181818181818,0.6818181818181818,0.6356749311294767,50,0.7575757575757576,10,0.45454545454545453,0.75,0.8333333333333333,0.21570720252689832,"[[4, 2], [0, 2]]",0.7333333333333334,0.75,0.7666666666666667,0,0.0,2,0.3333333333333333,0.5,0.6204054101535188,0.5773502691896258,1.0,0.5,0.75,0.75,0.75,0.875,0.8333333333333333,0.75,0.75,0.8333333333333334,4,0.6666666666666666,2,1.0
0.5227272727272727,0.5227272727272727,"{""clf__C"": 262.30889101079146, ""clf__gamma"": 0.0025135566617708314, ""clf__class_weight"": null}",0.3359603408233738,"[[27, 17], [25, 19]]",valence,0.51875,0.5227272727272727,0.5187499999999999,25,0.5681818181818182,,17,0.38636363636363635,0.045454545454545414,1.0040206644745922,0.046225016352102424,subject_dependent,rbf_svm,0.5192307692307693,0.5277777777777778,0.5366806032051052,0.5235042735042735,0.5227272727272727,0.5235042735042735,0.5227272727272727,0.5227272727272727,0.5227272727272727,0.5371900826446281,27,0.6136363636363636,19,0.4318181818181818,0.375,0.375,0.2767168099411467,"[[2, 2], [3, 1]]",0.36507936507936506,0.375,0.36507936507936506,3,0.75,2,0.5,-0.25,0.7450639860510891,-0.2581988897471611,0.4,0.3333333333333333,0.6678571428571428,0.3666666666666667,0.375,0.3666666666666667,0.375,0.375,0.375,0.5625,2,0.5,1,0.25
0.5,0.5,"{""clf__C"": 20.12196163610286, ""clf__gamma"": 0.0008612579192594886, ""clf__class_weight"": ""balanced""}",0.3405406786981573,"[[22, 22], [22, 22]]",valence,0.5,0.5,0.5,22,0.5,,22,0.5,0.0,0.9951818219861177,0.0,subject_dependent,rbf_svm,0.5,0.5,0.45498109897275774,0.5,0.5,0.5,0.5,0.5,0.5,0.4705578512396694,22,0.5,22,0.5,0.5,0.5,0.30560940727056446,"[[2, 2], [2, 2]]",0.5,0.5,0.5,2,0.5,2,0.5,0.0,0.8403983491379039,0.0,0.5,0.5,0.5249999999999999,0.5,0.5,0.5,0.5,0.5,0.5,0.5,2,0.5,2,0.5
0.48863636363636365,0.5378787878787878,"{""clf__C"": 12.957079329680445, ""clf__gamma"": 0.00032476735706274504, ""clf__class_weight"": null}",0.29075546922804313,"[[14, 8], [37, 29]]",valence,0.4733342199760606,0.48863636363636365,0.5182205080462827,37,0.5606060606060606,,8,0.36363636363636365,0.052631578947368474,0.7960579601387601,0.06645435190240834,subject_dependent,rbf_svm,0.27450980392156865,0.7837837837837838,0.8243209192734434,0.5291467938526762,0.48863636363636365,0.65646528881823,0.5378787878787878,0.48863636363636365,0.48863636363636365,0.5592286501377409,14,0.6363636363636364,29,0.4393939393939394,0.5,0.6666666666666666,0.27274915539902167,"[[2, 0], [4, 2]]",0.5,0.5,0.5,4,0.6666666666666666,0,0.0,0.19999999999999996,0.747041759336037,0.3333333333333333,0.3333333333333333,1.0,0.8972222222222223,0.6666666666666666,0.5,0.8333333333333334,0.6666666666666666,0.5,0.5,0.6666666666666667,2,1.0,2,0.3333333333333333
0.6477272727272727,0.5303030303030303,"{""clf__C"": 0.21466070134458173, ""clf__gamma"": 0.0012955517240662183, ""clf__class_weight"": ""balanced""}",0.2732306045010779,"[[55, 0], [31, 2]]",valence,0.4472137791286728,0.6477272727272727,0.5304457953394124,31,0.9393939393939394,,0,0.0,0.07462686567164178,0.739987940833659,0.19687480773953944,subject_dependent,rbf_svm,0.6395348837209303,1.0,0.45407818144551093,0.8197674418604651,0.6477272727272727,0.7747093023255814,0.5303030303030303,0.6477272727272727,0.6477272727272727,0.5509641873278237,55,1.0,2,0.06060606060606061,0.375,0.5,0.2732114789755881,"[[0, 5], [0, 3]]",0.2727272727272727,0.375,0.20454545454545453,0,0.0,5,1.0,0.0,0.7399448560444355,0.0,0.0,0.375,0.4583333333333333,0.1875,0.375,0.140625,0.5,0.375,0.375,0.4666666666666666,0,0.0,3,1.0
0.5,0.5,"{""clf__C"": 0.40069130793659025, ""clf__gamma"": 0.0014899847475658245, ""clf__class_weight"": ""balanced""}",0.2513749598361546,"[[36, 8], [36, 8]]",valence,0.44367816091954027,0.5,0.4436781609195402,36,0.8181818181818182,,8,0.18181818181818182,0.0,0.6959247146270453,0.0,subject_dependent,rbf_svm,0.5,0.5,0.536420672510496,0.5,0.5,0.5,0.5,0.5,0.5,0.5382231404958678,36,0.8181818181818182,8,0.18181818181818182,0.5,0.5,0.2510387233718594,"[[0, 4], [0, 4]]",0.3333333333333333,0.5,0.3333333333333333,0,0.0,4,1.0,0.0,0.695249069246041,0.0,0.0,0.5,0.5595238095238095,0.25,0.5,0.25,0.5,0.5,0.5,0.5,0,0.0,4,1.0
0.4431818181818182,0.44545454545454544,"{""clf__C"": 1.351144633701368, ""clf__gamma"": 0.015446089075047083, ""clf__class_weight"": ""balanced""}",0.36473137756273827,"[[15, 18], [31, 24]]",valence,0.43729609813389014,0.4431818181818182,0.4516834138066032,31,0.5636363636363636,,18,0.5454545454545454,-0.101123595505618,1.05941093429273,-0.1057361065275362,subject_dependent,rbf_svm,0.32608695652173914,0.5714285714285714,0.6172607126006779,0.44875776397515527,0.4431818181818182,0.4794254658385093,0.44545454545454544,0.4431818181818182,0.4431818181818182,0.4573002754820937,15,0.45454545454545453,24,0.43636363636363634,0.375,0.3666666666666667,0.2997539634319883,"[[1, 2], [3, 2]]",0.36507936507936506,0.375,0.38492063492063494,3,0.6,2,0.6666666666666666,-0.25,0.7985646309210437,-0.2581988897471611,0.25,0.5,0.6926190476190477,0.375,0.375,0.40625,0.3666666666666667,0.375,0.375,0.4,1,0.3333333333333333,2,0.4
0.3522727272727273,0.3181818181818182,"{""clf__C"": 64.69870699850829, ""clf__gamma"": 0.0008200518402245837, ""clf__class_weight"": null}",0.4713727232695513,"[[6, 27], [30, 25]]",valence,0.3206013815522145,0.3522727272727273,0.357273466070703,30,0.5454545454545454,,27,0.8181818181818182,-0.3571428571428572,1.4783148730076379,-0.35805743701971643,subject_dependent,rbf_svm,0.16666666666666666,0.4807692307692308,0.6403461639316619,0.32371794871794873,0.3522727272727273,0.3629807692307692,0.3181818181818182,0.3522727272727273,0.3522727272727273,0.371900826446281,6,0.18181818181818182,25,0.45454545454545453,0.25,0.2,0.43572433161648166,"[[0, 3], [3, 2]]",0.2,0.25,0.25,3,0.6,3,1.0,-0.6000000000000001,1.097076495975899,-0.6,0.0,0.4,0.7392857142857143,0.2,0.25,0.25,0.2,0.25,0.25,0.4,0,0.0,2,0.4
0.5454545454545454,0.5212121212121212,"{""clf__C"": 1.351144633701368, ""clf__gamma"": 0.015446089075047083, ""clf__class_weight"": ""balanced""}",0.2615400934245037,"[[14, 19], [21, 34]]",valence,0.5206971677559913,0.5454545454545454,0.5479302832244008,21,0.38181818181818183,,19,0.5757575757575758,0.041916167664670656,0.78406174210754,0.041964345453112645,subject_dependent,rbf_svm,0.4,0.6415094339622641,0.730300836677912,0.5207547169811321,0.5454545454545454,0.5509433962264151,0.5212121212121212,0.5454545454545454,0.5454545454545454,0.6225895316804407,14,0.42424242424242425,34,0.6181818181818182,0.875,0.8333333333333333,0.2121921733672114,"[[2, 1], [0, 5]]",0.8545454545454545,0.875,0.8681818181818182,0,0.0,1,0.3333333333333333,0.7142857142857143,0.6093711588984587,0.7453559924999299,1.0,0.8333333333333334,0.8766666666666667,0.9166666666666667,0.875,0.8958333333333334,0.8333333333333333,0.875,0.875,0.8,2,0.6666666666666666,5,1.0
0.3409090909090909,0.34090909090909094,"{""clf__C"": 243.14537412227003, ""clf__gamma"": 0.0004992453416923984, ""clf__class_weight"": ""balanced""}",0.49479696439499676,"[[16, 28], [30, 14]]",valence,0.3405684754521964,0.3409090909090909,0.34056847545219643,30,0.6818181818181818,,28,0.6363636363636364,-0.3181818181818181,1.7382312593298368,-0.31851102863530306,subject_dependent,rbf_svm,0.34782608695652173,0.3333333333333333,0.38409566129292744,0.3405797101449275,0.3409090909090909,0.34057971014492755,0.34090909090909094,0.3409090909090909,0.3409090909090909,0.29390495867768596,16,0.36363636363636365,14,0.3181818181818182,0.25,0.25,0.43388838022292076,"[[1, 3], [3, 1]]",0.25,0.25,0.25,3,0.75,3,0.75,-0.5,1.1335908544066415,-0.5,0.25,0.25,0.5821428571428572,0.25,0.25,0.25,0.25,0.25,0.25,0.3125,1,0.25,1,0.25
0.4318181818181818,0.4181818181818182,"{""clf__C"": 183.42628625395747, ""clf__gamma"": 0.0001005394019469303, ""clf__class_weight"": ""balanced""}",0.3329233810871818,"[[12, 21], [29, 26]]",valence,0.4170641229464759,0.4318181818181818,0.4402490726020138,29,0.5272727272727272,,21,0.6363636363636364,-0.1560693641618498,0.952016866303103,-0.15880979213461996,subject_dependent,rbf_svm,0.2926829268292683,0.5531914893617021,0.5617441184744979,0.4229372080954852,0.4318181818181818,0.45550077841203945,0.4181818181818182,0.4318181818181818,0.4318181818181818,0.40110192837465564,12,0.36363636363636365,26,0.4727272727272727,0.625,0.5666666666666667,0.2991430652259635,"[[1, 2], [1, 4]]",0.5636363636363637,0.625,0.6045454545454546,1,0.2,2,0.6666666666666666,0.1428571428571429,0.8109166771819523,0.14907119849998599,0.5,0.6666666666666666,0.5449999999999999,0.5833333333333333,0.625,0.6041666666666666,0.5666666666666667,0.625,0.625,0.2666666666666667,1,0.3333333333333333,4,0.8
0.6136363636363636,0.5151515151515151,"{""clf__C"": 243.14537412227003, ""clf__gamma"": 0.0004992453416923984, ""clf__class_weight"": ""balanced""}",0.2254675035855506,"[[7, 15], [19, 47]]",valence,0.5130208333333334,0.6136363636363636,0.6236979166666666,19,0.2878787878787879,,15,0.6818181818181818,0.02857142857142858,0.6370045314669386,0.028759865427152538,subject_dependent,rbf_svm,0.2692307692307692,0.7580645161290323,0.8112002873281913,0.5136476426799007,0.6136363636363636,0.6358560794044664,0.5151515151515151,0.6136363636363636,0.6136363636363636,0.5736914600550964,7,0.3181818181818182,47,0.7121212121212122,0.875,0.75,0.19064759736826153,"[[1, 1], [0, 6]]",0.7948717948717949,0.875,0.8589743589743589,0,0.0,1,0.5,0.6,0.5669885442770837,0.6546536707079772,1.0,0.8571428571428571,0.8178571428571428,0.9285714285714286,0.875,0.8928571428571428,0.75,0.875,0.875,0.5833333333333334,1,0.5,6,1.0
0.5568181818181818,0.38636363636363635,"{""clf__C"": 64.69870699850829, ""clf__gamma"": 0.0008200518402245837, ""clf__class_weight"": null}",0.3153134923556511,"[[1, 21], [18, 48]]",valence,0.3799457994579946,0.5568181818181818,0.5455284552845528,18,0.2727272727272727,,21,0.9545454545454546,-0.23809523809523814,0.9219145325686315,-0.23918243661746993,subject_dependent,rbf_svm,0.05263157894736842,0.6956521739130435,0.6485427482154594,0.3741418764302059,0.5568181818181818,0.5348970251716246,0.38636363636363635,0.5568181818181818,0.5568181818181818,0.2940771349862259,1,0.045454545454545456,48,0.7272727272727273,0.75,0.5,0.26442322461733037,"[[0, 2], [0, 6]]",0.42857142857142855,0.75,0.6428571428571428,0,0.0,2,1.0,0.0,0.7431785480973181,0.0,0.0,0.75,0.7051587301587301,0.375,0.75,0.5625,0.5,0.75,0.75,0.16666666666666666,0,0.0,6,1.0
0.4772727272727273,0.48484848484848486,"{""clf__C"": 100.2571297605856, ""clf__gamma"": 0.0074112997810832455, ""clf__class_weight"": ""balanced""}",0.38804154563833393,"[[11, 11], [35, 31]]",valence,0.44880174291939,0.4772727272727273,0.511437908496732,35,0.5303030303030303,,11,0.5,-0.022222222222222143,1.319907188806579,-0.02627034687463669,subject_dependent,rbf_svm,0.2391304347826087,0.7380952380952381,0.7318798648535911,0.4886128364389234,0.4772727272727273,0.6133540372670807,0.48484848484848486,0.4772727272727273,0.4772727272727273,0.5151515151515152,11,0.5,31,0.4696969696969697,0.375,0.41666666666666663,0.2941716248173395,"[[1, 1], [4, 2]]",0.36507936507936506,0.375,0.40476190476190477,4,0.6666666666666666,1,0.5,-0.11111111111111116,0.7841218103205276,-0.14907119849998599,0.2,0.6666666666666666,0.7345238095238095,0.43333333333333335,0.375,0.55,0.41666666666666663,0.375,0.375,0.5,1,0.5,2,0.3333333333333333
0.6477272727272727,0.6477272727272727,"{""clf__C"": 0.6351054340728711, ""clf__gamma"": 0.0005285382203816729, ""clf__class_weight"": ""balanced""}",0.26667218715781865,"[[22, 22], [9, 35]]",valence,0.6398679867986798,0.6477272727272727,0.6398679867986798,9,0.20454545454545456,,22,0.5,0.2954545454545454,0.7281330090620505,0.30926094424537426,subject_dependent,rbf_svm,0.7096774193548387,0.6140350877192983,0.5650295232085711,0.6618562535370685,0.6477272727272727,0.6618562535370685,0.6477272727272727,0.6477272727272727,0.6477272727272727,0.6120867768595042,22,0.5,35,0.7954545454545454,0.5,0.5,0.26659660097068705,"[[0, 4], [0, 4]]",0.3333333333333333,0.5,0.3333333333333333,0,0.0,4,1.0,0.0,0.7279280896880445,0.0,0.0,0.5,0.6916666666666667,0.25,0.5,0.25,0.5,0.5,0.5,0.625,0,0.0,4,1.0
0.5795454545454546,0.5075757575757576,"{""clf__C"": 13.411788774467905, ""clf__gamma"": 0.00026210878782654407, ""clf__class_weight"": ""balanced""}",0.2406470746095254,"[[8, 14], [23, 43]]",valence,0.5005368921613744,0.5795454545454546,0.5998619420156466,23,0.3484848484848485,,14,0.6363636363636364,0.013333333333333308,0.6800754817906354,0.013734760723838819,subject_dependent,rbf_svm,0.25806451612903225,0.7543859649122807,0.7282398285374316,0.5062252405206564,0.5795454545454546,0.6303056027164686,0.5075757575757576,0.5795454545454546,0.5795454545454546,0.4648760330578513,8,0.36363636363636365,43,0.6515151515151515,0.625,0.4166666666666667,0.22475748279453428,"[[0, 2], [1, 5]]",0.38461538461538464,0.625,0.576923076923077,1,0.16666666666666666,2,1.0,-0.19999999999999996,0.642037630590528,-0.2182178902359924,0.0,0.7142857142857143,0.7166666666666667,0.35714285714285715,0.625,0.5357142857142857,0.4166666666666667,0.625,0.625,0.4166666666666667,0,0.0,5,0.8333333333333334
0.5909090909090909,0.5333333333333333,"{""clf__C"": 1.351144633701368, ""clf__gamma"": 0.015446089075047083, ""clf__class_weight"": ""balanced""}",0.2694494100106045,"[[10, 23], [13, 42]]",valence,0.5285714285714286,0.5909090909090909,0.5714285714285714,13,0.23636363636363636,,23,0.696969696969697,0.07096774193548383,0.794137817175379,0.07345586196235955,subject_dependent,rbf_svm,0.43478260869565216,0.6461538461538462,0.593657401641095,0.5404682274247492,0.5909090909090909,0.5668896321070235,0.5333333333333333,0.5909090909090909,0.5909090909090909,0.49421487603305786,10,0.30303030303030304,42,0.7636363636363637,0.75,0.6666666666666666,0.23442084596597965,"[[1, 2], [0, 5]]",0.6666666666666667,0.75,0.7083333333333334,0,0.0,2,0.6666666666666666,0.3846153846153846,0.6858626108559382,0.4879500364742666,1.0,0.7142857142857143,0.6861904761904762,0.8571428571428572,0.75,0.8214285714285714,0.6666666666666666,0.75,0.75,0.6000000000000001,1,0.3333333333333333,5,1.0
0.5681818181818182,0.6363636363636364,"{""clf__C"": 34.26465148409954, ""clf__gamma"": 0.020597335357437203, ""clf__class_weight"": null}",0.33243249430746835,"[[42, 35], [3, 8]]",valence,0.49241044323011535,0.5681818181818182,0.6394960534304797,3,0.2727272727272727,,35,0.45454545454545453,0.12138728323699421,1.4116155659706673,0.18043874177926347,subject_dependent,rbf_svm,0.9333333333333333,0.18604651162790697,0.1993486158488884,0.5596899224806202,0.5681818181818182,0.8399224806201552,0.6363636363636364,0.5681818181818182,0.5681818181818182,0.6812278630460449,42,0.5454545454545454,8,0.7272727272727273,0.625,0.7857142857142857,0.24575321282808807,"[[4, 3], [0, 1]]",0.5636363636363637,0.625,0.6863636363636364,0,0.0,3,0.42857142857142855,0.25,0.7411569407441299,0.3779644730092272,1.0,0.25,0.5,0.625,0.625,0.90625,0.7857142857142857,0.625,0.625,0.8571428571428572,4,0.5714285714285714,1,1.0
0.5,0.5,"{""clf__C"": 243.14537412227003, ""clf__gamma"": 0.0004992453416923984, ""clf__class_weight"": ""balanced""}",0.3732539775422292,"[[34, 10], [34, 10]]",valence,0.45982142857142855,0.5,0.4598214285714285,34,0.7727272727272727,,10,0.22727272727272727,0.0,1.3206316275134324,0.0,subject_dependent,rbf_svm,0.5,0.5,0.5802376466718888,0.5,0.5,0.5,0.5,0.5,0.5,0.5506198347107438,34,0.7727272727272727,10,0.22727272727272727,0.5,0.5,0.30325337007782066,"[[4, 0], [4, 0]]",0.3333333333333333,0.5,0.3333333333333333,4,1.0,0,0.0,0.0,0.8495638756650072,0.0,0.5,0.0,0.7678571428571428,0.25,0.5,0.25,0.5,0.5,0.5,0.625,4,1.0,0,0.0
0.38636363636363635,0.5,"{""clf__C"": 0.40069130793659025, ""clf__gamma"": 0.0014899847475658245, ""clf__class_weight"": ""balanced""}",0.3121772456997254,"[[18, 48], [6, 16]]",valence,0.386046511627907,0.38636363636363635,0.39302325581395353,6,0.2727272727272727,,48,0.7272727272727273,0.0,0.8530572078823817,0.0,subject_dependent,rbf_svm,0.75,0.25,0.24737740577619743,0.5,0.38636363636363635,0.625,0.5,0.38636363636363635,0.38636363636363635,0.4917355371900826,18,0.2727272727272727,16,0.7272727272727273,0.375,0.41666666666666663,0.2883780055062356,"[[2, 4], [1, 1]]",0.36507936507936506,0.375,0.40476190476190477,1,0.5,4,0.6666666666666666,-0.11111111111111116,0.772317109229449,-0.14907119849998599,0.6666666666666666,0.2,0.39285714285714285,0.43333333333333335,0.375,0.55,0.41666666666666663,0.375,0.375,0.5,2,0.3333333333333333,1,0.5
0.4659090909090909,0.46590909090909094,"{""clf__C"": 166.2878326769575, ""clf__gamma"": 0.008979064194712979, ""clf__class_weight"": ""balanced""}",0.4064033848898346,"[[22, 22], [25, 19]]",valence,0.46528765352294765,0.4659090909090909,0.4652876535229476,25,0.5681818181818182,,22,0.5,-0.06818181818181812,1.9600013463120611,-0.0683408533502272,subject_dependent,rbf_svm,0.46808510638297873,0.4634146341463415,0.48812350166528407,0.4657498702646601,0.4659090909090909,0.4657498702646601,0.46590909090909094,0.4659090909090909,0.4659090909090909,0.48037190082644626,22,0.5,19,0.4318181818181818,0.5,0.5,0.29742026105190444,"[[2, 2], [2, 2]]",0.5,0.5,0.5,2,0.5,2,0.5,0.0,0.7990683533035039,0.0,0.5,0.5,0.5178571428571428,0.5,0.5,0.5,0.5,0.5,0.5,0.4375,2,0.5,2,0.5
0.5454545454545454,0.4909090909090909,"{""clf__C"": 1.351144633701368, ""clf__gamma"": 0.015446089075047083, ""clf__class_weight"": ""balanced""}",0.32803432523262627,"[[39, 16], [24, 9]]",valence,0.4856808883693746,0.5454545454545454,0.5295149035651666,24,0.7272727272727273,,16,0.2909090909090909,-0.019108280254777066,1.0907437109377345,-0.019518001458970664,subject_dependent,rbf_svm,0.6190476190476191,0.36,0.3627371733340627,0.4895238095238095,0.5454545454545454,0.5219047619047619,0.4909090909090909,0.5454545454545454,0.5454545454545454,0.4275482093663912,39,0.7090909090909091,9,0.2727272727272727,0.625,0.5,0.2707657273175384,"[[5, 0], [3, 0]]",0.38461538461538464,0.625,0.4807692307692308,3,1.0,0,0.0,0.0,0.7935609103097476,0.0,0.625,0.0,0.5916666666666666,0.3125,0.625,0.390625,0.5,0.625,0.625,0.4666666666666667,5,1.0,0,0.0
0.5227272727272727,0.5227272727272727,"{""clf__C"": 0.26052157465743125, ""clf__gamma"": 0.013795402040204185, ""clf__class_weight"": null}",0.3080676971029898,"[[14, 30], [12, 32]]",valence,0.5018867924528302,0.5227272727272727,0.5018867924528302,12,0.2727272727272727,,30,0.6818181818181818,0.045454545454545414,0.8848469264973734,0.04981354813867179,subject_dependent,rbf_svm,0.5384615384615384,0.5161290322580645,0.7487422332218496,0.5272952853598014,0.5227272727272727,0.5272952853598014,0.5227272727272727,0.5227272727272727,0.5227272727272727,0.6544421487603307,14,0.3181818181818182,32,0.7272727272727273,0.5,0.5,0.2834058804487637,"[[1, 3], [1, 3]]",0.4666666666666667,0.5,0.4666666666666667,1,0.25,3,0.75,0.0,0.7366224782661168,0.0,0.5,0.5,0.7678571428571428,0.5,0.5,0.5,0.5,0.5,0.5,0.625,1,0.25,3,0.75
0.5909090909090909,0.6666666666666667,"{""clf__C"": 166.2878326769575, ""clf__gamma"": 0.008979064194712979, ""clf__class_weight"": ""balanced""}",0.2995521702063117,"[[18, 4], [32, 34]]",valence,0.5769230769230769,0.5909090909090909,0.6153846153846154,32,0.48484848484848486,,4,0.18181818181818182,0.23404255319148937,0.9781304992417404,0.2913971185543096,subject_dependent,rbf_svm,0.36,0.8947368421052632,0.9192980443367226,0.6273684210526316,0.5909090909090909,0.7610526315789474,0.6666666666666667,0.5909090909090909,0.5909090909090909,0.7803030303030303,18,0.8181818181818182,34,0.5151515151515151,0.5,0.6666666666666666,0.23857732638085102,"[[2, 0], [4, 2]]",0.5,0.5,0.5,4,0.6666666666666666,0,0.0,0.19999999999999996,0.6530417901272171,0.3333333333333333,0.3333333333333333,1.0,1.0,0.6666666666666666,0.5,0.8333333333333334,0.6666666666666666,0.5,0.5,1.0,2,1.0,2,0.3333333333333333
0.6590909090909091,0.6727272727272727,"{""clf__C"": 10.969957609487873, ""clf__gamma"": 0.07866216981266846, ""clf__class_weight"": ""balanced""}",0.2645954450957648,"[[24, 9], [21, 34]]",valence,0.6546310832025117,0.6590909090909091,0.6644427001569859,21,0.38181818181818183,,9,0.2727272727272727,0.3220338983050848,0.9201889023283427,0.33457134440373704,subject_dependent,rbf_svm,0.5333333333333333,0.7906976744186046,0.8278493860187848,0.662015503875969,0.6590909090909091,0.6941860465116279,0.6727272727272727,0.6590909090909091,0.6590909090909091,0.6925619834710744,24,0.7272727272727273,34,0.6181818181818182,0.75,0.8,0.19762397612659316,"[[3, 0], [2, 3]]",0.75,0.75,0.75,2,0.4,0,0.0,0.5294117647058824,0.5742724432546985,0.6,0.6,1.0,0.925,0.8,0.75,0.85,0.8,0.75,0.75,0.8,3,1.0,3,0.6
0.5681818181818182,0.5393939393939394,"{""clf__C"": 0.24298576400577698, ""clf__gamma"": 0.0020797422068521733, ""clf__class_weight"": null}",0.26169970128045905,"[[14, 19], [19, 36]]",valence,0.5393939393939394,0.5681818181818182,0.5681818181818182,19,0.34545454545454546,,19,0.5757575757575758,0.07878787878787874,0.7510563378255221,0.07878787878787878,subject_dependent,rbf_svm,0.42424242424242425,0.6545454545454545,0.8071607613182655,0.5393939393939394,0.5681818181818182,0.5681818181818182,0.5393939393939394,0.5681818181818182,0.5681818181818182,0.6380165289256199,14,0.42424242424242425,36,0.6545454545454545,0.625,0.6333333333333333,0.24173124267591645,"[[2, 1], [2, 3]]",0.6190476190476191,0.625,0.6309523809523809,2,0.4,1,0.3333333333333333,0.25,0.6692466270082081,0.2581988897471611,0.5,0.75,0.8583333333333333,0.625,0.625,0.65625,0.6333333333333333,0.625,0.625,0.6666666666666667,2,0.6666666666666666,3,0.6
0.6477272727272727,0.7,"{""clf__C"": 0.40069130793659025, ""clf__gamma"": 0.0014899847475658245, ""clf__class_weight"": ""balanced""}",0.16029643551938555,"[[30, 3], [28, 27]]",valence,0.647317388493859,0.6477272727272727,0.644311570782159,28,0.509090909090909,,3,0.09090909090909091,0.34736842105263155,0.48671313212187306,0.4085297439895141,subject_dependent,rbf_svm,0.5172413793103449,0.9,0.9149007331748621,0.7086206896551724,0.6477272727272727,0.7564655172413793,0.7,0.6477272727272727,0.6477272727272727,0.8661157024793389,30,0.9090909090909091,27,0.4909090909090909,0.875,0.9,0.13295537589180736,"[[3, 0], [1, 4]]",0.873015873015873,0.875,0.876984126984127,1,0.2,0,0.0,0.75,0.44391543686723955,0.7745966692414834,0.75,1.0,1.0,0.875,0.875,0.90625,0.9,0.875,0.875,1.0,3,1.0,4,0.8
0.9772727272727273,0.9818181818181818,"{""clf__C"": 2.2463533171675794, ""clf__gamma"": 0.0006516990611177178, ""clf__class_weight"": null}",0.055145670395020524,"[[33, 0], [2, 53]]",valence,0.9760348583877996,0.9772727272727273,0.9773965141612201,2,0.03636363636363636,,0,0.0,0.9520958083832335,0.24754126599883575,0.9531901324349873,subject_dependent,rbf_svm,0.9428571428571428,1.0,1.0,0.9714285714285714,0.9772727272727273,0.9785714285714285,0.9818181818181818,0.9772727272727273,0.9772727272727273,1.0,33,1.0,53,0.9636363636363636,1.0,1.0,0.051707252022310274,"[[3, 0], [0, 5]]",1.0,1.0,1.0,0,0.0,0,0.0,1.0,0.24420132522277616,1.0,1.0,1.0,1.0,1.0,1.0,1.0,1.0,1.0,1.0,1.0,3,1.0,5,1.0
0.8977272727272727,0.9181818181818182,"{""clf__C"": 7.709391232564023, ""clf__gamma"": 0.00026471141828218194, ""clf__class_weight"": null}",0.11203965362698233,"[[46, 9], [0, 33]]",valence,0.8954455445544555,0.8977272727272727,0.8993069306930692,0,0.0,,9,0.16363636363636364,0.7931034482758621,0.37188320670106806,0.8106434833777776,subject_dependent,rbf_svm,1.0,0.7857142857142857,0.9586003641265302,0.8928571428571428,0.8977272727272727,0.9196428571428572,0.9181818181818182,0.8977272727272727,0.8977272727272727,0.9768595041322314,46,0.8363636363636363,33,1.0,0.875,0.9,0.09573406436426525,"[[4, 1], [0, 3]]",0.873015873015873,0.875,0.876984126984127,0,0.0,1,0.2,0.75,0.3345775131469,0.7745966692414834,1.0,0.75,1.0,0.875,0.875,0.90625,0.9,0.875,0.875,1.0,4,0.8,3,1.0
0.75,0.7454545454545455,"{""clf__C"": 13.411788774467905, ""clf__gamma"": 0.00026210878782654407, ""clf__class_weight"": ""balanced""}",0.17372179635586465,"[[42, 13], [9, 24]]",valence,0.7390835579514825,0.75,0.7524258760107817,9,0.2727272727272727,,13,0.23636363636363636,0.47928994082840237,0.5342740595001566,0.4814524923445071,subject_dependent,rbf_svm,0.8235294117647058,0.6486486486486487,0.6712454958856298,0.7360890302066773,0.75,0.7579491255961844,0.7454545454545455,0.75,0.75,0.822038567493113,42,0.7636363636363637,24,0.7272727272727273,0.875,0.9,0.15034193908145535,"[[4, 1], [0, 3]]",0.873015873015873,0.875,0.876984126984127,0,0.0,1,0.2,0.75,0.4825672952732469,0.7745966692414834,1.0,0.75,0.6388888888888888,0.875,0.875,0.90625,0.9,0.875,0.875,0.8,4,0.8,3,1.0
0.7272727272727273,0.7272727272727273,"{""clf__C"": 2.2463533171675794, ""clf__gamma"": 0.0006516990611177178, ""clf__class_weight"": null}",0.18097711877106903,"[[43, 1], [23, 21]]",valence,0.7090909090909091,0.7272727272727273,0.7090909090909091,23,0.5227272727272727,,1,0.022727272727272728,0.4545454545454546,0.557798665037498,0.524863881081478,subject_dependent,rbf_svm,0.6515151515151515,0.9545454545454546,0.8709069110404809,0.803030303030303,0.7272727272727273,0.8030303030303029,0.7272727272727273,0.7272727272727273,0.7272727272727273,0.8119834710743802,43,0.9772727272727273,21,0.4772727272727273,0.875,0.875,0.16659279251322853,"[[4, 0], [1, 3]]",0.873015873015873,0.875,0.873015873015873,1,0.25,0,0.0,0.75,0.5291068970215299,0.7745966692414834,0.8,1.0,0.8928571428571428,0.9,0.875,0.9,0.875,0.875,0.875,0.8125,4,1.0,3,0.75
0.8295454545454546,0.8295454545454546,"{""clf__C"": 7.709391232564023, ""clf__gamma"": 0.00026471141828218194, ""clf__class_weight"": null}",0.17724705408973354,"[[40, 4], [11, 33]]",valence,0.8284600389863548,0.8295454545454546,0.8284600389863548,11,0.25,,4,0.09090909090909091,0.6590909090909092,0.6127018627898164,0.6675934204983898,subject_dependent,rbf_svm,0.7843137254901961,0.8918918918918919,0.8205708455380274,0.838102808691044,0.8295454545454546,0.838102808691044,0.8295454545454546,0.8295454545454546,0.8295454545454546,0.7334710743801653,40,0.9090909090909091,33,0.75,0.875,0.875,0.15779513422062078,"[[4, 0], [1, 3]]",0.873015873015873,0.875,0.873015873015873,1,0.25,0,0.0,0.75,0.5555611202734967,0.7745966692414834,0.8,1.0,0.875,0.9,0.875,0.9,0.875,0.875,0.875,0.75,4,1.0,3,0.75
0.5681818181818182,0.5681818181818182,"{""clf__C"": 0.40069130793659025, ""clf__gamma"": 0.0014899847475658245, ""clf__class_weight"": ""balanced""}",0.24707795982397773,"[[37, 7], [31, 13]]",valence,0.5334821428571428,0.5681818181818182,0.5334821428571428,31,0.7045454545454546,,7,0.1590909090909091,0.13636363636363635,0.6879240077420206,0.16269784336399212,subject_dependent,rbf_svm,0.5441176470588235,0.65,0.5641306017949934,0.5970588235294118,0.5681818181818182,0.5970588235294118,0.5681818181818182,0.5681818181818182,0.5681818181818182,0.6167355371900827,37,0.8409090909090909,13,0.29545454545454547,0.5,0.5,0.24443544071182072,"[[3, 1], [3, 1]]",0.4666666666666667,0.5,0.4666666666666667,3,0.75,1,0.25,0.0,0.6819578332299027,0.0,0.5,0.5,0.6458333333333333,0.5,0.5,0.5,0.5,0.5,0.5,0.6875,3,0.75,1,0.25
0.5227272727272727,0.5227272727272727,"{""clf__C"": 243.14537412227003, ""clf__gamma"": 0.0004992453416923984, ""clf__class_weight"": ""balanced""}",0.26325815819030185,"[[19, 25], [17, 27]]",valence,0.51875,0.5227272727272727,0.5187499999999999,17,0.38636363636363635,,25,0.5681818181818182,0.045454545454545414,0.7338706611202762,0.046225016352102424,subject_dependent,rbf_svm,0.5277777777777778,0.5192307692307693,0.5257828403730052,0.5235042735042735,0.5227272727272727,0.5235042735042735,0.5227272727272727,0.5227272727272727,0.5227272727272727,0.5650826446280992,19,0.4318181818181818,27,0.6136363636363636,0.625,0.625,0.23410355964884905,"[[1, 3], [0, 4]]",0.5636363636363637,0.625,0.5636363636363637,0,0.0,3,0.75,0.25,0.6594855688352999,0.3779644730092272,1.0,0.5714285714285714,0.7678571428571428,0.7857142857142857,0.625,0.7857142857142857,0.625,0.625,0.625,0.625,1,0.25,4,1.0
0.5340909090909091,0.5666666666666667,"{""clf__C"": 32.32518791282502, ""clf__gamma"": 0.0005104518230902811, ""clf__class_weight"": ""balanced""}",0.25643597380180033,"[[23, 10], [31, 24]]",valence,0.5340307374402686,0.5340909090909091,0.5353545137543588,31,0.5636363636363636,,10,0.30303030303030304,0.11827956989247312,0.7173985772170846,0.132568613111401,subject_dependent,rbf_svm,0.42592592592592593,0.7058823529411765,0.7383375876248475,0.5659041394335512,0.5340909090909091,0.6008986928104576,0.5666666666666667,0.5340909090909091,0.5340909090909091,0.609366391184573,23,0.696969696969697,24,0.43636363636363634,0.75,0.8,0.21921685731343377,"[[3, 0], [2, 3]]",0.75,0.75,0.75,2,0.4,0,0.0,0.5294117647058824,0.6311945368277874,0.6,0.6,1.0,0.925,0.8,0.75,0.85,0.8,0.75,0.75,0.8,3,1.0,3,0.6
0.6136363636363636,0.6606060606060606,"{""clf__C"": 5.2117930643778205, ""clf__gamma"": 0.0036999724314638123, ""clf__class_weight"": null}",0.24324045137084924,"[[26, 29], [5, 28]]",valence,0.6134366925064599,0.6136363636363636,0.6112403100775193,5,0.15151515151515152,,29,0.5272727272727272,0.28042328042328046,0.6950853787445989,0.3255457015118968,subject_dependent,rbf_svm,0.8387096774193549,0.49122807017543857,0.5268216312845867,0.6649688737973967,0.6136363636363636,0.7084040747028862,0.6606060606060606,0.6136363636363636,0.6136363636363636,0.6911845730027548,26,0.4727272727272727,28,0.8484848484848485,0.625,0.7,0.20518717080530335,"[[2, 3], [0, 3]]",0.6190476190476191,0.625,0.6071428571428571,0,0.0,3,0.6,0.33333333333333337,0.5987472507381375,0.4472135954999579,1.0,0.5,0.8055555555555556,0.75,0.625,0.8125,0.7,0.625,0.625,0.8666666666666667,2,0.4,3,1.0
0.4659090909090909,0.4575757575757576,"{""clf__C"": 2.2463533171675794, ""clf__gamma"": 0.0006516990611177178, ""clf__class_weight"": null}",0.33043169014173907,"[[14, 19], [28, 27]]",valence,0.453993399339934,0.4659090909090909,0.4741584158415842,28,0.509090909090909,,19,0.5757575757575758,-0.08045977011494254,0.8985390026511016,-0.08223919396586149,subject_dependent,rbf_svm,0.3333333333333333,0.5869565217391305,0.6077744264540539,0.46014492753623193,0.4659090909090909,0.4918478260869566,0.4575757575757576,0.4659090909090909,0.4659090909090909,0.4046831955922865,14,0.42424242424242425,27,0.4909090909090909,0.25,0.2,0.31123629365166383,"[[0, 3], [3, 2]]",0.2,0.25,0.25,3,0.6,3,1.0,-0.6000000000000001,0.8394019591988298,-0.6,0.0,0.4,0.7392857142857143,0.2,0.25,0.25,0.2,0.25,0.25,0.4,0,0.0,2,0.4
0.38636363636363635,0.5324675324675325,"{""clf__C"": 13.411788774467905, ""clf__gamma"": 0.00026210878782654407, ""clf__class_weight"": ""balanced""}",0.27638584934960436,"[[8, 3], [51, 26]]",valence,0.3595687331536388,0.38636363636363635,0.45781671159029647,51,0.6623376623376623,,3,0.2727272727272727,0.022624434389140302,0.7513160766254885,0.04568735117012666,subject_dependent,rbf_svm,0.13559322033898305,0.896551724137931,0.8936709074396745,0.5160724722384571,0.38636363636363635,0.8014319111630627,0.5324675324675325,0.38636363636363635,0.38636363636363635,0.5442739079102716,8,0.7272727272727273,26,0.33766233766233766,0.5,0.7142857142857143,0.2622854878372237,"[[1, 0], [4, 3]]",0.4666666666666667,0.5,0.5666666666666667,4,0.5714285714285714,0,0.0,0.1578947368421053,0.7162107152058115,0.29277002188455997,0.2,1.0,0.9093537414965986,0.6,0.5,0.9,0.7142857142857143,0.5,0.5,0.42857142857142855,1,1.0,3,0.42857142857142855
0.5,0.49696969696969695,"{""clf__C"": 13.411788774467905, ""clf__gamma"": 0.00026210878782654407, ""clf__class_weight"": ""balanced""}",0.28963379769622666,"[[16, 17], [27, 28]]",valence,0.4905263157894737,0.5,0.5078947368421053,27,0.4909090909090909,,17,0.5151515151515151,-0.005714285714285783,0.7881976021623077,-0.0058696727088374916,subject_dependent,rbf_svm,0.37209302325581395,0.6222222222222222,0.7034547524113404,0.4971576227390181,0.5,0.5284237726098191,0.49696969696969695,0.5,0.5,0.49476584022038567,16,0.48484848484848486,28,0.509090909090909,0.375,0.3,0.268737019653677,"[[0, 3], [2, 3]]",0.2727272727272727,0.375,0.3409090909090909,2,0.4,3,1.0,-0.4285714285714286,0.7312005609446846,-0.4472135954999579,0.0,0.5,0.7892857142857144,0.25,0.375,0.3125,0.3,0.375,0.375,0.5333333333333333,0,0.0,3,0.6
0.5909090909090909,0.6883116883116883,"{""clf__C"": 243.14537412227003, ""clf__gamma"": 0.0004992453416923984, ""clf__class_weight"": ""balanced""}",0.26305967779536316,"[[43, 34], [2, 9]]",valence,0.5191256830601093,0.5909090909090909,0.6584699453551912,2,0.18181818181818182,,34,0.44155844155844154,0.16763005780346818,0.7433108072874923,0.24917731007612576,subject_dependent,rbf_svm,0.9555555555555556,0.20930232558139536,0.2761196405933248,0.5824289405684755,0.5909090909090909,0.8622739018087856,0.6883116883116883,0.5909090909090909,0.5909090909090909,0.7792207792207793,43,0.5584415584415584,9,0.8181818181818182,0.625,0.7857142857142857,0.22869243384780602,"[[4, 3], [0, 1]]",0.5636363636363637,0.625,0.6863636363636364,0,0.0,3,0.42857142857142855,0.25,0.6443729601976912,0.3779644730092272,1.0,0.25,1.0,0.625,0.625,0.90625,0.7857142857142857,0.625,0.625,1.0,4,0.5714285714285714,1,1.0
0.625,0.5787878787878789,"{""clf__C"": 183.42628625395747, ""clf__gamma"": 0.0001005394019469303, ""clf__class_weight"": ""balanced""}",0.2623919562882577,"[[42, 13], [20, 13]]",valence,0.5793133420252065,0.625,0.6139721860060843,20,0.6060606060606061,,13,0.23636363636363636,0.16455696202531644,0.7346469097441811,0.16720343670903368,subject_dependent,rbf_svm,0.6774193548387096,0.5,0.4894772204560186,0.5887096774193548,0.625,0.6108870967741935,0.5787878787878789,0.625,0.625,0.5909090909090909,42,0.7636363636363637,13,0.3939393939393939,0.625,0.5666666666666667,0.22941290730848446,"[[4, 1], [2, 1]]",0.5636363636363637,0.625,0.6045454545454546,2,0.6666666666666666,1,0.2,0.1428571428571429,0.6432817582208494,0.14907119849998599,0.6666666666666666,0.5,0.6428571428571429,0.5833333333333333,0.625,0.6041666666666666,0.5666666666666667,0.625,0.625,0.6,4,0.8,1,0.3333333333333333
0.5795454545454546,0.5666666666666667,"{""clf__C"": 262.30889101079146, ""clf__gamma"": 0.0025135566617708314, ""clf__class_weight"": null}",0.33067781157370585,"[[34, 21], [16, 17]]",valence,0.5632461435278336,0.5795454545454546,0.5843393695506371,16,0.48484848484848486,,21,0.38181818181818183,0.12941176470588234,1.0816863682462703,0.13031675310700033,subject_dependent,rbf_svm,0.68,0.4473684210526316,0.4751335123920343,0.5636842105263158,0.5795454545454546,0.5927631578947369,0.5666666666666667,0.5795454545454546,0.5795454545454546,0.5636363636363637,34,0.6181818181818182,17,0.5151515151515151,0.625,0.6333333333333333,0.24839687870527313,"[[3, 2], [1, 2]]",0.6190476190476191,0.625,0.6309523809523809,1,0.3333333333333333,2,0.4,0.25,0.6926034544995363,0.2581988897471611,0.75,0.5,0.6428571428571429,0.625,0.625,0.65625,0.6333333333333333,0.625,0.625,0.6,3,0.6,2,0.6666666666666666
0.5909090909090909,0.5909090909090909,"{""clf__C"": 243.14537412227003, ""clf__gamma"": 0.0004992453416923984, ""clf__class_weight"": ""balanced""}",0.23875224433152684,"[[26, 18], [18, 26]]",valence,0.5909090909090909,0.5909090909090909,0.5909090909090909,18,0.4090909090909091,,18,0.4090909090909091,0.18181818181818177,0.6873801272679686,0.18181818181818182,subject_dependent,rbf_svm,0.5909090909090909,0.5909090909090909,0.728372674462598,0.5909090909090909,0.5909090909090909,0.5909090909090909,0.5909090909090909,0.5909090909090909,0.5909090909090909,0.6818181818181818,26,0.5909090909090909,26,0.5909090909090909,0.75,0.75,0.1768199312136211,"[[3, 1], [1, 3]]",0.75,0.75,0.75,1,0.25,1,0.25,0.5,0.5403251016866856,0.5,0.75,0.75,0.95,0.75,0.75,0.75,0.75,0.75,0.75,0.9375,3,0.75,3,0.75
0.6477272727272727,0.6477272727272727,"{""clf__C"": 160.49758307716223, ""clf__gamma"": 0.00018427970406864567, ""clf__class_weight"": null}",0.22900761877131973,"[[30, 14], [17, 27]]",valence,0.647317388493859,0.6477272727272727,0.647317388493859,17,0.38636363636363635,,14,0.3181818181818182,0.2954545454545454,0.6609722913884997,0.29614369785098454,subject_dependent,rbf_svm,0.6382978723404256,0.6585365853658537,0.7228973770212852,0.6484172288531396,0.6477272727272727,0.6484172288531397,0.6477272727272727,0.6477272727272727,0.6477272727272727,0.700413223140496,30,0.6818181818181818,27,0.6136363636363636,0.625,0.625,0.1781271540274263,"[[3, 1], [2, 2]]",0.6190476190476191,0.625,0.6190476190476191,2,0.5,1,0.25,0.25,0.5423763772103507,0.2581988897471611,0.6,0.6666666666666666,0.8875,0.6333333333333333,0.625,0.6333333333333333,0.625,0.625,0.625,0.875,3,0.75,2,0.5
0.4659090909090909,0.4757575757575757,"{""clf__C"": 262.30889101079146, ""clf__gamma"": 0.0025135566617708314, ""clf__class_weight"": null}",0.34108613936446586,"[[17, 16], [31, 24]]",valence,0.46250812215724496,0.4659090909090909,0.473196881091618,31,0.5636363636363636,,16,0.48484848484848486,-0.04444444444444451,1.025111041881967,-0.04714045207910317,subject_dependent,rbf_svm,0.3541666666666667,0.6,0.6271899805537144,0.4770833333333333,0.4659090909090909,0.5078125,0.4757575757575757,0.4659090909090909,0.4659090909090909,0.5134986225895316,17,0.5151515151515151,24,0.43636363636363634,0.5,0.5333333333333333,0.2820530612764059,"[[2, 1], [3, 2]]",0.5,0.5,0.5,3,0.6,1,0.3333333333333333,0.05882352941176472,0.7630607152388995,0.06666666666666667,0.4,0.6666666666666666,0.6683333333333333,0.5333333333333333,0.5,0.5666666666666667,0.5333333333333333,0.5,0.5,0.5333333333333334,2,0.6666666666666666,2,0.4
0.6363636363636364,0.6303030303030304,"{""clf__C"": 20.12196163610286, ""clf__gamma"": 0.0008612579192594886, ""clf__class_weight"": ""balanced""}",0.23868681029776642,"[[36, 19], [13, 20]]",valence,0.6239316239316239,0.6363636363636364,0.641025641025641,13,0.3939393939393939,,19,0.34545454545454546,0.2514619883040936,0.7044248845464673,0.25397588511123637,subject_dependent,rbf_svm,0.7346938775510204,0.5128205128205128,0.5370468000482845,0.6237571951857666,0.6363636363636364,0.65149136577708,0.6303030303030304,0.6363636363636364,0.6363636363636364,0.6892561983471075,36,0.6545454545454545,20,0.6060606060606061,0.75,0.7333333333333334,0.1718711836825889,"[[4, 1], [1, 2]]",0.7333333333333334,0.75,0.75,1,0.3333333333333333,1,0.2,0.4666666666666667,0.5297899064518243,0.4666666666666667,0.8,0.6666666666666666,0.9166666666666666,0.7333333333333334,0.75,0.75,0.7333333333333334,0.75,0.75,0.9333333333333333,4,0.8,2,0.6666666666666666
0.6704545454545454,0.6636363636363636,"{""clf__C"": 243.14537412227003, ""clf__gamma"": 0.0004992453416923984, ""clf__class_weight"": ""balanced""}",0.1935819826174652,"[[38, 17], [12, 21]]",valence,0.6576794097920858,0.6704545454545454,0.6742119382964453,12,0.36363636363636365,,17,0.3090909090909091,0.3176470588235294,0.5602020038528432,0.3198683939899099,subject_dependent,rbf_svm,0.76,0.5526315789473685,0.6955222969157585,0.6563157894736842,0.6704545454545454,0.6822368421052633,0.6636363636363636,0.6704545454545454,0.6704545454545454,0.7796143250688705,38,0.6909090909090909,21,0.6363636363636364,1.0,1.0,0.14761945181718863,"[[5, 0], [0, 3]]",1.0,1.0,1.0,0,0.0,0,0.0,1.0,0.47981812359305764,1.0,1.0,1.0,1.0,1.0,1.0,1.0,1.0,1.0,1.0,1.0,5,1.0,3,1.0
0.7159090909090909,0.8106060606060606,"{""clf__C"": 1.351144633701368, ""clf__gamma"": 0.015446089075047083, ""clf__class_weight"": ""balanced""}",0.25374665263839463,"[[41, 25], [0, 22]]",valence,0.7020181498036029,0.7159090909090909,0.7341866449952593,0,0.0,,25,0.3787878787878788,0.4505494505494505,0.748668958798119,0.5392403377381663,subject_dependent,rbf_svm,1.0,0.46808510638297873,0.7578145090341383,0.7340425531914894,0.7159090909090909,0.8670212765957447,0.8106060606060606,0.7159090909090909,0.7159090909090909,0.9325068870523416,41,0.6212121212121212,22,1.0,0.75,0.8333333333333333,0.22249192177684496,"[[4, 2], [0, 2]]",0.7333333333333334,0.75,0.7666666666666667,0,0.0,2,0.3333333333333333,0.5,0.6125039256116505,0.5773502691896258,1.0,0.5,1.0,0.75,0.75,0.875,0.8333333333333333,0.75,0.75,1.0,4,0.6666666666666666,2,1.0
0.7613636363636364,0.7613636363636365,"{""clf__C"": 0.5284919490133119, ""clf__gamma"": 0.005047786565710607, ""clf__class_weight"": null}",0.14982611706828133,"[[36, 8], [13, 31]]",valence,0.7605907500971628,0.7613636363636364,0.7605907500971628,13,0.29545454545454547,,8,0.18181818181818182,0.5227272727272727,0.45896476993090773,0.5261353625024291,subject_dependent,rbf_svm,0.7346938775510204,0.7948717948717948,0.8933256743721958,0.7647828362114076,0.7613636363636364,0.7647828362114076,0.7613636363636365,0.7613636363636364,0.7613636363636364,0.8698347107438016,36,0.8181818181818182,31,0.7045454545454546,1.0,1.0,0.12051712297527661,"[[4, 0], [0, 4]]",1.0,1.0,1.0,0,0.0,0,0.0,1.0,0.40957228936340084,1.0,1.0,1.0,1.0,1.0,1.0,1.0,1.0,1.0,1.0,1.0,4,1.0,4,1.0
0.6931818181818182,0.693939393939394,"{""clf__C"": 0.26566952561151125, ""clf__gamma"": 0.0030586566669785274, ""clf__class_weight"": null}",0.1786232985348078,"[[23, 10], [17, 38]]",valence,0.6840005319856364,0.6931818181818182,0.697466418406703,17,0.3090909090909091,,10,0.30303030303030304,0.37209302325581395,0.550628516238943,0.37712361663282534,subject_dependent,rbf_svm,0.575,0.7916666666666666,0.8167728941897794,0.6833333333333333,0.6931818181818182,0.7104166666666667,0.693939393939394,0.6931818181818182,0.6931818181818182,0.7823691460055097,23,0.696969696969697,38,0.6909090909090909,0.875,0.8333333333333333,0.1494505472104477,"[[2, 1], [0, 5]]",0.8545454545454545,0.875,0.8681818181818182,0,0.0,1,0.3333333333333333,0.7142857142857143,0.4683401941722468,0.7453559924999299,1.0,0.8333333333333334,0.8766666666666667,0.9166666666666667,0.875,0.8958333333333334,0.8333333333333333,0.875,0.875,0.8,2,0.6666666666666666,5,1.0
0.7613636363636364,0.6136363636363636,"{""clf__C"": 13.411788774467905, ""clf__gamma"": 0.00026210878782654407, ""clf__class_weight"": ""balanced""}",0.17096179186823646,"[[60, 6], [15, 7]]",valence,0.625531914893617,0.7613636363636364,0.7382978723404254,15,0.6818181818181818,,6,0.09090909090909091,0.26315789473684215,0.5038358790229475,0.2773500981126146,subject_dependent,rbf_svm,0.8,0.5384615384615384,0.5820391515714742,0.6692307692307693,0.7613636363636364,0.7346153846153847,0.6136363636363636,0.7613636363636364,0.7613636363636364,0.7596418732782368,60,0.9090909090909091,7,0.3181818181818182,0.75,0.6666666666666667,0.15261583275712637,"[[5, 1], [1, 1]]",0.6666666666666667,0.75,0.75,1,0.5,1,0.16666666666666666,0.33333333333333337,0.4773302261113912,0.3333333333333333,0.8333333333333334,0.5,0.7,0.6666666666666667,0.75,0.75,0.6666666666666667,0.75,0.75,0.75,5,0.8333333333333334,1,0.5
0.9204545454545454,0.8939393939393939,"{""clf__C"": 12.957079329680445, ""clf__gamma"": 0.00032476735706274504, ""clf__class_weight"": null}",0.1038072966883456,"[[55, 0], [7, 26]]",valence,0.910763436187165,0.9204545454545454,0.9181153121831088,7,0.21212121212121213,,0,0.0,0.8227848101265822,0.36002887058205046,0.8360171835451683,subject_dependent,rbf_svm,0.8870967741935484,1.0,0.9618421717501615,0.9435483870967742,0.9204545454545454,0.9294354838709676,0.8939393939393939,0.9204545454545454,0.9204545454545454,0.9680440771349863,55,1.0,26,0.7878787878787878,1.0,1.0,0.09197244041174896,"[[5, 0], [0, 3]]",1.0,1.0,1.0,0,0.0,0,0.0,1.0,0.3467378832870207,1.0,1.0,1.0,1.0,1.0,1.0,1.0,1.0,1.0,1.0,1.0,5,1.0,3,1.0
0.625,0.6818181818181818,"{""clf__C"": 48.43827864278568, ""clf__gamma"": 0.00039459088111000007, ""clf__class_weight"": ""balanced""}",0.28098149860658483,"[[25, 30], [3, 30]]",valence,0.6237854644383988,0.625,0.6184415079673533,3,0.09090909090909091,,30,0.5454545454545454,0.3125,1.186511421197946,0.37796447300922725,subject_dependent,rbf_svm,0.8928571428571429,0.5,0.5420751505394071,0.6964285714285714,0.625,0.7455357142857143,0.6818181818181818,0.625,0.625,0.7333333333333333,25,0.45454545454545453,30,0.9090909090909091,0.625,0.7,0.21614583147728095,"[[2, 3], [0, 3]]",0.6190476190476191,0.625,0.6071428571428571,0,0.0,3,0.6,0.33333333333333337,0.6221743991862607,0.4472135954999579,1.0,0.5,0.8055555555555556,0.75,0.625,0.8125,0.7,0.625,0.625,0.8666666666666667,2,0.4,3,1.0
0.6931818181818182,0.7045454545454546,"{""clf__C"": 1.351144633701368, ""clf__gamma"": 0.015446089075047083, ""clf__class_weight"": ""balanced""}",0.22959672997169903,"[[45, 21], [6, 16]]",valence,0.6558018252933507,0.6931818181818182,0.71251629726206,6,0.2727272727272727,,21,0.3181818181818182,0.33333333333333337,0.7291782040269124,0.358853500273005,subject_dependent,rbf_svm,0.8823529411764706,0.43243243243243246,0.3639578666614721,0.6573926868044515,0.6931818181818182,0.769872813990461,0.7045454545454546,0.6931818181818182,0.6931818181818182,0.7183195592286501,45,0.6818181818181818,16,0.7272727272727273,1.0,1.0,0.14312899457965156,"[[6, 0], [0, 2]]",1.0,1.0,1.0,0,0.0,0,0.0,1.0,0.458466695932335,1.0,1.0,1.0,1.0,1.0,1.0,1.0,1.0,1.0,1.0,1.0,6,1.0,2,1.0
0.6818181818181818,0.5,"{""clf__C"": 13.411788774467905, ""clf__gamma"": 0.00026210878782654407, ""clf__class_weight"": ""balanced""}",0.24154302663155722,"[[57, 9], [19, 3]]",valence,0.48964374482187245,0.6818181818181818,0.6462303231151616,19,0.8636363636363636,,9,0.13636363636363635,0.0,0.824426010026778,0.0,subject_dependent,rbf_svm,0.75,0.25,0.27760281480243154,0.5,0.6818181818181818,0.625,0.5,0.6818181818181818,0.6818181818181818,0.49104683195592286,57,0.8636363636363636,3,0.13636363636363635,0.75,0.5,0.1990788869690437,"[[6, 0], [2, 0]]",0.42857142857142855,0.75,0.6428571428571428,2,1.0,0,0.0,0.0,0.6223168903718983,0.0,0.75,0.0,0.6666666666666666,0.375,0.75,0.5625,0.5,0.75,0.75,0.6666666666666667,6,1.0,0,0.0
0.7386363636363636,0.6893939393939394,"{""clf__C"": 183.42628625395747, ""clf__gamma"": 0.0001005394019469303, ""clf__class_weight"": ""balanced""}",0.16393236181142104,"[[52, 14], [9, 13]]",valence,0.6747549413466174,0.7386363636363636,0.7468262895709464,9,0.4090909090909091,,14,0.21212121212121213,0.352112676056338,0.47818267057960867,0.3556579998135999,subject_dependent,rbf_svm,0.8524590163934426,0.48148148148148145,0.6392387290924202,0.666970248937462,0.7386363636363636,0.7597146326654524,0.6893939393939394,0.7386363636363636,0.7386363636363636,0.8181818181818181,52,0.7878787878787878,13,0.5909090909090909,0.875,0.75,0.12121842364168428,"[[6, 0], [1, 1]]",0.7948717948717949,0.875,0.8589743589743589,1,0.5,0,0.0,0.6,0.3967963885177498,0.6546536707079772,0.8571428571428571,1.0,0.8333333333333333,0.9285714285714286,0.875,0.8928571428571428,0.75,0.875,0.875,0.9166666666666667,6,1.0,1,0.5
0.5454545454545454,0.5454545454545454,"{""clf__C"": 20.12196163610286, ""clf__gamma"": 0.0008612579192594886, ""clf__class_weight"": ""balanced""}",0.3446174257128274,"[[24, 20], [20, 24]]",valence,0.5454545454545454,0.5454545454545454,0.5454545454545454,20,0.45454545454545453,,20,0.45454545454545453,0.09090909090909094,1.0879712180546173,0.09090909090909091,subject_dependent,rbf_svm,0.5454545454545454,0.5454545454545454,0.5921433535472477,0.5454545454545454,0.5454545454545454,0.5454545454545454,0.5454545454545454,0.5454545454545454,0.5454545454545454,0.5712809917355373,24,0.5454545454545454,24,0.5454545454545454,0.625,0.625,0.29085904773476423,"[[3, 1], [2, 2]]",0.6190476190476191,0.625,0.6190476190476191,2,0.5,1,0.25,0.25,0.8555198895200579,0.2581988897471611,0.6,0.6666666666666666,0.5666666666666667,0.6333333333333333,0.625,0.6333333333333333,0.625,0.625,0.625,0.5,3,0.75,2,0.5
0.3181818181818182,0.3090909090909091,"{""clf__C"": 0.6351054340728711, ""clf__gamma"": 0.0005285382203816729, ""clf__class_weight"": ""balanced""}",0.36371430163441903,"[[19, 36], [24, 9]]",valence,0.3092621664050236,0.3181818181818182,0.3288854003139718,24,0.7272727272727273,,36,0.6545454545454545,-0.35593220338983045,0.989529917088558,-0.369789380656762,subject_dependent,rbf_svm,0.4418604651162791,0.2,0.26888970066352735,0.32093023255813957,0.3181818181818182,0.3511627906976744,0.3090909090909091,0.3181818181818182,0.3181818181818182,0.2669421487603306,19,0.34545454545454546,9,0.2727272727272727,0.25,0.2,0.3570019419569606,"[[2, 3], [3, 0]]",0.2,0.25,0.25,3,1.0,3,0.6,-0.6000000000000001,0.9627007662178968,-0.6,0.4,0.0,0.3416666666666666,0.2,0.25,0.25,0.2,0.25,0.25,0.26666666666666666,2,0.4,0,0.0
0.4659090909090909,0.43939393939393934,"{""clf__C"": 183.42628625395747, ""clf__gamma"": 0.0001005394019469303, ""clf__class_weight"": ""balanced""}",0.38950245276458645,"[[30, 25], [22, 11]]",valence,0.43979412163077336,0.4659090909090909,0.4700325071109305,22,0.6666666666666666,,25,0.45454545454545453,-0.11904761904761907,1.269000239758317,-0.11935247900657216,subject_dependent,rbf_svm,0.5769230769230769,0.3055555555555556,0.42003967081096505,0.4412393162393162,0.4659090909090909,0.4751602564102564,0.43939393939393934,0.4659090909090909,0.4659090909090909,0.3851239669421488,30,0.5454545454545454,11,0.3333333333333333,0.375,0.3666666666666667,0.352850152248141,"[[2, 3], [2, 1]]",0.36507936507936506,0.375,0.38492063492063494,2,0.6666666666666666,3,0.6,-0.25,1.0372254169932864,-0.2581988897471611,0.5,0.25,0.5694444444444444,0.375,0.375,0.40625,0.3666666666666667,0.375,0.375,0.39999999999999997,2,0.4,1,0.3333333333333333
0.5795454545454546,0.6393939393939394,"{""clf__C"": 1.351144633701368, ""clf__gamma"": 0.015446089075047083, ""clf__class_weight"": ""balanced""}",0.26395656743840346,"[[22, 33], [4, 29]]",valence,0.5768680961663417,0.5795454545454546,0.5684535412605588,4,0.12121212121212122,,33,0.6,0.23711340206185572,0.761856645850358,0.2958214649467519,subject_dependent,rbf_svm,0.8461538461538461,0.46774193548387094,0.733552928243433,0.6569478908188585,0.5795454545454546,0.7042493796526054,0.6393939393939394,0.5795454545454546,0.5795454545454546,0.7625344352617079,22,0.4,29,0.8787878787878788,0.625,0.7,0.21542179507487735,"[[2, 3], [0, 3]]",0.6190476190476191,0.625,0.6071428571428571,0,0.0,3,0.6,0.33333333333333337,0.5945961296209281,0.4472135954999579,1.0,0.5,0.8333333333333333,0.75,0.625,0.8125,0.7,0.625,0.625,0.8,2,0.4,3,1.0
0.5227272727272727,0.5227272727272727,"{""clf__C"": 243.14537412227003, ""clf__gamma"": 0.0004992453416923984, ""clf__class_weight"": ""balanced""}",0.38736129070980446,"[[16, 28], [14, 30]]",valence,0.5103338632750398,0.5227272727272727,0.5103338632750397,14,0.3181818181818182,,28,0.6363636363636364,0.045454545454545414,1.6339557760644325,0.04794633014853841,subject_dependent,rbf_svm,0.5333333333333333,0.5172413793103449,0.6301335498252,0.5252873563218391,0.5227272727272727,0.5252873563218391,0.5227272727272727,0.5227272727272727,0.5227272727272727,0.5526859504132231,16,0.36363636363636365,30,0.6818181818181818,0.5,0.5,0.3281266465974041,"[[1, 3], [1, 3]]",0.4666666666666667,0.5,0.4666666666666667,1,0.25,3,0.75,0.0,1.222358293507583,0.0,0.5,0.5,0.8125,0.5,0.5,0.5,0.5,0.5,0.5,0.6875,1,0.25,3,0.75
0.5227272727272727,0.5227272727272727,"{""clf__C"": 0.6351054340728711, ""clf__gamma"": 0.0005285382203816729, ""clf__class_weight"": ""balanced""}",0.2494112713161953,"[[16, 28], [14, 30]]",valence,0.5103338632750398,0.5227272727272727,0.5103338632750397,14,0.3181818181818182,,28,0.6363636363636364,0.045454545454545414,0.6893772640597579,0.04794633014853841,subject_dependent,rbf_svm,0.5333333333333333,0.5172413793103449,0.6347822831267486,0.5252873563218391,0.5227272727272727,0.5252873563218391,0.5227272727272727,0.5227272727272727,0.5227272727272727,0.5764462809917356,16,0.36363636363636365,30,0.6818181818181818,0.625,0.625,0.24407676348231827,"[[2, 2], [1, 3]]",0.6190476190476191,0.625,0.6190476190476191,1,0.25,2,0.5,0.25,0.6784868753632887,0.2581988897471611,0.6666666666666666,0.6,0.7095238095238094,0.6333333333333333,0.625,0.6333333333333333,0.625,0.625,0.625,0.625,2,0.5,3,0.75
0.45454545454545453,0.4545454545454546,"{""clf__C"": 0.40069130793659025, ""clf__gamma"": 0.0014899847475658245, ""clf__class_weight"": ""balanced""}",0.2664017162990312,"[[21, 23], [25, 19]]",valence,0.4542635658914729,0.45454545454545453,0.4542635658914728,25,0.5681818181818182,,23,0.5227272727272727,-0.09090909090909083,0.7271382571201811,-0.09100315103865801,subject_dependent,rbf_svm,0.45652173913043476,0.4523809523809524,0.4438725871141791,0.45445134575569357,0.45454545454545453,0.4544513457556936,0.4545454545454546,0.45454545454545453,0.45454545454545453,0.4385330578512397,21,0.4772727272727273,19,0.4318181818181818,0.5,0.5,0.2643491320634924,"[[2, 2], [2, 2]]",0.5,0.5,0.5,2,0.5,2,0.5,0.0,0.7227053664327042,0.0,0.5,0.5,0.5178571428571428,0.5,0.5,0.5,0.5,0.5,0.5,0.4375,2,0.5,2,0.5
0.5340909090909091,0.5363636363636364,"{""clf__C"": 166.2878326769575, ""clf__gamma"": 0.008979064194712979, ""clf__class_weight"": ""balanced""}",0.3503844622801153,"[[18, 15], [26, 29]]",valence,0.5266955266955267,0.5340909090909091,0.5414862914862915,26,0.4727272727272727,,15,0.45454545454545453,0.06818181818181823,1.0740528237143794,0.07041787902195304,subject_dependent,rbf_svm,0.4090909090909091,0.6590909090909091,0.6692196122885277,0.5340909090909091,0.5340909090909091,0.5653409090909091,0.5363636363636364,0.5340909090909091,0.5340909090909091,0.4903581267217631,18,0.5454545454545454,29,0.5272727272727272,0.5,0.4666666666666667,0.2562338592815638,"[[1, 2], [2, 3]]",0.4666666666666667,0.5,0.5,2,0.4,2,0.6666666666666666,-0.06666666666666665,0.7056840421741111,-0.06666666666666667,0.3333333333333333,0.6,0.7783333333333333,0.4666666666666667,0.5,0.5,0.4666666666666667,0.5,0.5,0.5333333333333334,1,0.3333333333333333,3,0.6
0.375,0.34090909090909094,"{""clf__C"": 0.40069130793659025, ""clf__gamma"": 0.0014899847475658245, ""clf__class_weight"": ""balanced""}",0.36566893976831155,"[[6, 16], [39, 27]]",valence,0.33725866082431877,0.375,0.416335752430508,39,0.5909090909090909,,16,0.7272727272727273,-0.2359550561797752,0.9550156123178186,-0.2756247308353552,subject_dependent,rbf_svm,0.13333333333333333,0.627906976744186,0.6023561353335497,0.3806201550387597,0.375,0.5042635658914728,0.34090909090909094,0.375,0.375,0.21694214876033058,6,0.2727272727272727,27,0.4090909090909091,0.375,0.25,0.34775167054735456,"[[0, 2], [3, 3]]",0.2727272727272727,0.375,0.40909090909090906,3,0.5,2,1.0,-0.4285714285714286,0.899400831960986,-0.4472135954999579,0.0,0.6,0.594047619047619,0.3,0.375,0.44999999999999996,0.25,0.375,0.375,0.0,0,0.0,3,0.5
0.3068181818181818,0.33636363636363636,"{""clf__C"": 0.40069130793659025, ""clf__gamma"": 0.0014899847475658245, ""clf__class_weight"": ""balanced""}",0.33073699415712965,"[[15, 18], [43, 12]]",valence,0.30601163542340015,0.3068181818181818,0.30009696186166773,43,0.7818181818181819,,18,0.5454545454545454,-0.28421052631578947,0.8651613885128014,-0.33425160871869336,subject_dependent,rbf_svm,0.25862068965517243,0.4,0.5461501234002502,0.32931034482758625,0.3068181818181818,0.34698275862068967,0.33636363636363636,0.3068181818181818,0.3068181818181818,0.4396694214876033,15,0.45454545454545453,12,0.21818181818181817,0.25,0.3333333333333333,0.3177450274902672,"[[2, 1], [5, 0]]",0.2,0.25,0.15000000000000002,5,1.0,1,0.3333333333333333,-0.26315789473684204,0.8317695913605794,-0.4879500364742666,0.2857142857142857,0.0,0.5961904761904762,0.14285714285714285,0.25,0.10714285714285714,0.3333333333333333,0.25,0.25,0.4,2,0.6666666666666666,0,0.0
0.625,0.5848484848484848,"{""clf__C"": 0.40069130793659025, ""clf__gamma"": 0.0014899847475658245, ""clf__class_weight"": ""balanced""}",0.2448010335805984,"[[14, 19], [14, 41]]",valence,0.5860299358517462,0.625,0.6177833214540271,14,0.2545454545454545,,19,0.5757575757575758,0.17500000000000004,0.6826762312714977,0.17638342073763938,subject_dependent,rbf_svm,0.5,0.6833333333333333,0.6944556595148524,0.5916666666666667,0.625,0.6145833333333334,0.5848484848484848,0.625,0.625,0.5845730027548208,14,0.42424242424242425,41,0.7454545454545455,0.625,0.6333333333333333,0.24347114350933502,"[[2, 1], [2, 3]]",0.6190476190476191,0.625,0.6309523809523809,2,0.4,1,0.3333333333333333,0.25,0.6800776396450366,0.2581988897471611,0.5,0.75,0.885,0.625,0.625,0.65625,0.6333333333333333,0.625,0.625,0.7333333333333334,2,0.6666666666666666,3,0.6
0.7840909090909091,0.6742424242424242,"{""clf__C"": 2.2463533171675794, ""clf__gamma"": 0.0006516990611177178, ""clf__class_weight"": null}",0.11614400913771843,"[[10, 12], [7, 59]]",valence,0.6870671907168258,0.7840909090909091,0.7741905296649821,7,0.10606060606060606,,12,0.5454545454545454,0.3770491803278688,0.37559228902074,0.38222014561347567,subject_dependent,rbf_svm,0.5882352941176471,0.8309859154929577,0.9722113786108435,0.7096106048053024,0.7840909090909091,0.77029826014913,0.6742424242424242,0.7840909090909091,0.7840909090909091,0.9077134986225895,10,0.45454545454545453,59,0.8939393939393939,0.875,0.75,0.10244284214188185,"[[1, 1], [0, 6]]",0.7948717948717949,0.875,0.8589743589743589,0,0.0,1,0.5,0.6,0.3532517543259206,0.6546536707079772,1.0,0.8571428571428571,0.9761904761904762,0.9285714285714286,0.875,0.8928571428571428,0.75,0.875,0.875,0.9166666666666667,1,0.5,6,1.0
0.5340909090909091,0.5606060606060606,"{""clf__C"": 0.40069130793659025, ""clf__gamma"": 0.0014899847475658245, ""clf__class_weight"": ""balanced""}",0.31567741514648046,"[[25, 30], [11, 22]]",valence,0.5335488041370395,0.5340909090909091,0.537524240465417,11,0.3333333333333333,,30,0.5454545454545454,0.10869565217391308,0.9813149811525228,0.11935247900657216,subject_dependent,rbf_svm,0.6944444444444444,0.4230769230769231,0.3779989571498616,0.5587606837606838,0.5340909090909091,0.5926816239316239,0.5606060606060606,0.5340909090909091,0.5340909090909091,0.5553719008264463,25,0.45454545454545453,22,0.6666666666666666,0.625,0.7,0.3010075552157829,"[[2, 3], [0, 3]]",0.6190476190476191,0.625,0.6071428571428571,0,0.0,3,0.6,0.33333333333333337,0.9431137447450297,0.4472135954999579,1.0,0.5,0.4666666666666667,0.75,0.625,0.8125,0.7,0.625,0.625,0.5333333333333333,2,0.4,3,1.0
0.5568181818181818,0.4696969696969697,"{""clf__C"": 1.4465894873674117, ""clf__gamma"": 0.00026828750938254404, ""clf__class_weight"": null}",0.24800362318332372,"[[4, 29], [10, 45]]",valence,0.433943592281049,0.5568181818181818,0.4998762988619495,10,0.18181818181818182,,29,0.8787878787878788,-0.06849315068493156,0.6948114510038101,-0.08021849185198159,subject_dependent,rbf_svm,0.2857142857142857,0.6081081081081081,0.7494053991506886,0.4469111969111969,0.5568181818181818,0.4872104247104247,0.4696969696969697,0.5568181818181818,0.5568181818181818,0.6066115702479339,4,0.12121212121212122,45,0.8181818181818182,0.75,0.6666666666666666,0.22898391297425014,"[[1, 2], [0, 5]]",0.6666666666666667,0.75,0.7083333333333334,0,0.0,2,0.6666666666666666,0.3846153846153846,0.6430936392791302,0.4879500364742666,1.0,0.7142857142857143,0.7961904761904761,0.8571428571428572,0.75,0.8214285714285714,0.6666666666666666,0.75,0.75,0.6000000000000001,1,0.3333333333333333,5,1.0
0.8977272727272727,0.8696969696969696,"{""clf__C"": 0.40069130793659025, ""clf__gamma"": 0.0014899847475658245, ""clf__class_weight"": ""balanced""}",0.09360373314673963,"[[25, 8], [1, 54]]",valence,0.8852672750977836,0.8977272727272727,0.8947196870925684,1,0.01818181818181818,,8,0.24242424242424243,0.7721518987341772,0.3493142700957081,0.7845699722500811,subject_dependent,rbf_svm,0.9615384615384616,0.8709677419354839,0.9949452464900579,0.9162531017369727,0.8977272727272727,0.9049317617866005,0.8696969696969696,0.8977272727272727,0.8977272727272727,0.9906336088154271,25,0.7575757575757576,54,0.9818181818181818,0.875,0.8333333333333333,0.08923405478632745,"[[2, 1], [0, 5]]",0.8545454545454545,0.875,0.8681818181818182,0,0.0,1,0.3333333333333333,0.7142857142857143,0.34437339724523575,0.7453559924999299,1.0,0.8333333333333334,1.0,0.9166666666666667,0.875,0.8958333333333334,0.8333333333333333,0.875,0.875,1.0,2,0.6666666666666666,5,1.0
0.6704545454545454,0.6287878787878788,"{""clf__C"": 183.42628625395747, ""clf__gamma"": 0.0001005394019469303, ""clf__class_weight"": ""balanced""}",0.2264019187924028,"[[12, 10], [19, 47]]",valence,0.608528915477834,0.6704545454545454,0.6863782788771284,19,0.2878787878787879,,10,0.45454545454545453,0.22666666666666668,0.6563431376697024,0.2334909323052599,subject_dependent,rbf_svm,0.3870967741935484,0.8245614035087719,0.8987277980128889,0.6058290888511602,0.6704545454545454,0.715195246179966,0.6287878787878788,0.6704545454545454,0.6704545454545454,0.7128099173553719,12,0.5454545454545454,47,0.7121212121212122,0.875,0.9166666666666667,0.15007254071321846,"[[2, 0], [1, 5]]",0.8545454545454545,0.875,0.8818181818181818,1,0.16666666666666666,0,0.0,0.7142857142857143,0.47611591581973944,0.7453559924999299,0.6666666666666666,1.0,1.0,0.8333333333333333,0.875,0.9166666666666666,0.9166666666666667,0.875,0.875,1.0,2,1.0,5,0.8333333333333334
0.6022727272727273,0.6022727272727273,"{""clf__C"": 0.40069130793659025, ""clf__gamma"": 0.0014899847475658245, ""clf__class_weight"": ""balanced""}",0.24457715577372793,"[[23, 21], [14, 30]]",valence,0.5997400909681612,0.6022727272727273,0.5997400909681612,14,0.3181818181818182,,21,0.4772727272727273,0.20454545454545459,0.6870049233506282,0.2071841649822589,subject_dependent,rbf_svm,0.6216216216216216,0.5882352941176471,0.5769642814539873,0.6049284578696343,0.6022727272727273,0.6049284578696343,0.6022727272727273,0.6022727272727273,0.6022727272727273,0.631198347107438,23,0.5227272727272727,30,0.6818181818181818,0.75,0.75,0.22902080910726455,"[[3, 1], [1, 3]]",0.75,0.75,0.75,1,0.25,1,0.25,0.5,0.6547499489742944,0.5,0.75,0.75,0.7708333333333333,0.75,0.75,0.75,0.75,0.75,0.75,0.75,3,0.75,3,0.75
0.5227272727272727,0.5212121212121212,"{""clf__C"": 1.4465894873674117, ""clf__gamma"": 0.00026828750938254404, ""clf__class_weight"": null}",0.3081891847820083,"[[29, 26], [16, 17]]",valence,0.5136842105263157,0.5227272727272727,0.5302631578947369,16,0.48484848484848486,,26,0.4727272727272727,0.040000000000000036,0.8452487875444405,0.041087708961862444,subject_dependent,rbf_svm,0.6444444444444445,0.3953488372093023,0.3571270948980971,0.5198966408268734,0.5227272727272727,0.5510335917312662,0.5212121212121212,0.5227272727272727,0.5227272727272727,0.5121212121212121,29,0.5272727272727272,17,0.5151515151515151,0.625,0.7,0.3002672789370068,"[[2, 3], [0, 3]]",0.6190476190476191,0.625,0.6071428571428571,0,0.0,3,0.6,0.33333333333333337,0.8238018457720295,0.4472135954999579,1.0,0.5,0.41111111111111115,0.75,0.625,0.8125,0.7,0.625,0.625,0.4666666666666667,2,0.4,3,1.0
0.4090909090909091,0.4484848484848485,"{""clf__C"": 166.2878326769575, ""clf__gamma"": 0.008979064194712979, ""clf__class_weight"": ""balanced""}",0.43022835800612463,"[[20, 13], [39, 16]]",valence,0.4078674948240165,0.4090909090909091,0.40113871635610765,39,0.7090909090909091,,13,0.3939393939393939,-0.08900523560209428,1.5135142873599394,-0.10611536862860942,subject_dependent,rbf_svm,0.3389830508474576,0.5517241379310345,0.5885383791065728,0.44535359438924604,0.4090909090909091,0.4719462302746931,0.4484848484848485,0.4090909090909091,0.4090909090909091,0.4573002754820936,20,0.6060606060606061,16,0.2909090909090909,0.5,0.5333333333333333,0.3364755188987566,"[[2, 1], [3, 2]]",0.5,0.5,0.5,3,0.6,1,0.3333333333333333,0.05882352941176472,0.8910042567924383,0.06666666666666667,0.4,0.6666666666666666,0.6726190476190477,0.5333333333333333,0.5,0.5666666666666667,0.5333333333333333,0.5,0.5,0.33333333333333337,2,0.6666666666666666,2,0.4
0.42045454545454547,0.5227272727272727,"{""clf__C"": 0.6351054340728711, ""clf__gamma"": 0.0005285382203816729, ""clf__class_weight"": ""balanced""}",0.3174143165061705,"[[16, 6], [45, 21]]",valence,0.4185775359502526,0.42045454545454547,0.4350952195880295,45,0.6818181818181818,,6,0.2727272727272727,0.02857142857142858,0.8391595459779598,0.04267895997763199,subject_dependent,rbf_svm,0.26229508196721313,0.7777777777777778,0.8273593327400203,0.5200364298724954,0.42045454545454547,0.6489071038251366,0.5227272727272727,0.42045454545454547,0.42045454545454547,0.5461432506887052,16,0.7272727272727273,21,0.3181818181818182,0.375,0.5833333333333334,0.309481214349306,"[[2, 0], [5, 1]]",0.36507936507936506,0.375,0.32539682539682535,5,0.8333333333333334,0,0.0,0.09090909090909094,0.8148948455449749,0.2182178902359924,0.2857142857142857,1.0,0.8178571428571428,0.6428571428571428,0.375,0.8214285714285714,0.5833333333333334,0.375,0.375,0.5833333333333334,2,1.0,1,0.16666666666666666
0.6136363636363636,0.5515151515151515,"{""clf__C"": 0.6351054340728711, ""clf__gamma"": 0.0005285382203816729, ""clf__class_weight"": ""balanced""}",0.2356500160622108,"[[44, 11], [23, 10]]",valence,0.5458409228901032,0.6136363636363636,0.5897085610200364,23,0.696969696969697,,11,0.2,0.11111111111111116,0.663987690940878,0.1170189624549568,subject_dependent,rbf_svm,0.6567164179104478,0.47619047619047616,0.49412808059919733,0.566453447050462,0.6136363636363636,0.5890191897654584,0.5515151515151515,0.6136363636363636,0.6136363636363636,0.5898071625344352,44,0.8,10,0.30303030303030304,0.625,0.5666666666666667,0.2331267347856674,"[[4, 1], [2, 1]]",0.5636363636363637,0.625,0.6045454545454546,2,0.6666666666666666,1,0.2,0.1428571428571429,0.6590628887989363,0.14907119849998599,0.6666666666666666,0.5,0.7,0.5833333333333333,0.625,0.6041666666666666,0.5666666666666667,0.625,0.625,0.7333333333333333,4,0.8,1,0.3333333333333333
0.45454545454545453,0.41818181818181815,"{""clf__C"": 20.12196163610286, ""clf__gamma"": 0.0008612579192594886, ""clf__class_weight"": ""balanced""}",0.28275132262246544,"[[31, 24], [24, 9]]",valence,0.41818181818181815,0.45454545454545453,0.45454545454545453,24,0.7272727272727273,,24,0.43636363636363634,-0.16363636363636358,0.778369298386193,-0.16363636363636364,subject_dependent,rbf_svm,0.5636363636363636,0.2727272727272727,0.3300875618713059,0.41818181818181815,0.45454545454545453,0.45454545454545453,0.41818181818181815,0.45454545454545453,0.45454545454545453,0.44269972451790635,31,0.5636363636363636,9,0.2727272727272727,0.5,0.4,0.25675701030259,"[[4, 1], [3, 0]]",0.3333333333333333,0.5,0.41666666666666663,3,1.0,1,0.2,-0.23076923076923084,0.7067107284754253,-0.29277002188455997,0.5714285714285714,0.0,0.3595238095238095,0.2857142857142857,0.5,0.3571428571428571,0.4,0.5,0.5,0.3333333333333333,4,0.8,0,0.0
0.5909090909090909,0.5757575757575757,"{""clf__C"": 64.69870699850829, ""clf__gamma"": 0.0008200518402245837, ""clf__class_weight"": null}",0.22282586306822483,"[[35, 20], [16, 17]]",valence,0.5730458221024258,0.5909090909090909,0.5948787061994608,16,0.48484848484848486,,20,0.36363636363636365,0.14792899408284022,0.6314805246657977,0.14859644825447751,subject_dependent,rbf_svm,0.6862745098039216,0.4594594594594595,0.5079011976991755,0.5728669846316905,0.5909090909090909,0.6012188659247483,0.5757575757575757,0.5909090909090909,0.5909090909090909,0.6402203856749311,35,0.6363636363636364,17,0.5151515151515151,0.625,0.5,0.20332686712837594,"[[5, 0], [3, 0]]",0.38461538461538464,0.625,0.4807692307692308,3,1.0,0,0.0,0.0,0.596831404360884,0.0,0.625,0.0,0.8055555555555556,0.3125,0.625,0.390625,0.5,0.625,0.625,0.8666666666666667,5,1.0,0,0.0
0.5568181818181818,0.5378787878787878,"{""clf__C"": 243.14537412227003, ""clf__gamma"": 0.0004992453416923984, ""clf__class_weight"": ""balanced""}",0.27145837917159726,"[[38, 28], [11, 11]]",valence,0.5107626514611546,0.5568181818181818,0.585816108339273,11,0.5,,28,0.42424242424242425,0.06024096385542166,0.7504903203397977,0.06603573764586061,subject_dependent,rbf_svm,0.7755102040816326,0.28205128205128205,0.3111862409295025,0.5287807430664573,0.5568181818181818,0.652145473574045,0.5378787878787878,0.5568181818181818,0.5568181818181818,0.5165289256198348,38,0.5757575757575758,11,0.5,0.5,0.5,0.24516002871015674,"[[3, 3], [1, 1]]",0.4666666666666667,0.5,0.5333333333333333,1,0.5,3,0.5,0.0,0.6831158656277682,0.0,0.75,0.25,0.6428571428571428,0.5,0.5,0.625,0.5,0.5,0.5,0.5833333333333333,3,0.5,1,0.5
0.4772727272727273,0.4285714285714286,"{""clf__C"": 243.14537412227003, ""clf__gamma"": 0.0004992453416923984, ""clf__class_weight"": ""balanced""}",0.2868543784808926,"[[38, 39], [7, 4]]",valence,0.38554948391013966,0.4772727272727273,0.5636004857316332,7,0.6363636363636364,,39,0.5064935064935064,-0.06358381502890165,0.7783820503026643,-0.09451553140818562,subject_dependent,rbf_svm,0.8444444444444444,0.09302325581395349,0.16434274529463627,0.468733850129199,0.4772727272727273,0.750516795865633,0.4285714285714286,0.4772727272727273,0.4772727272727273,0.4203069657615112,38,0.4935064935064935,4,0.36363636363636365,0.375,0.21428571428571427,0.25916071400628704,"[[3, 4], [1, 0]]",0.2727272727272727,0.375,0.47727272727272724,1,1.0,4,0.5714285714285714,-0.25,0.7114372587825224,-0.3779644730092272,0.75,0.0,0.16666666666666666,0.375,0.375,0.65625,0.21428571428571427,0.375,0.375,0.2857142857142857,3,0.42857142857142855,0,0.0
0.42045454545454547,0.3909090909090909,"{""clf__C"": 0.40069130793659025, ""clf__gamma"": 0.0014899847475658245, ""clf__class_weight"": ""balanced""}",0.2941965991076365,"[[9, 24], [27, 28]]",valence,0.3921170255993498,0.42045454545454547,0.4249288906948394,27,0.4909090909090909,,24,0.7272727272727273,-0.2142857142857142,0.7838913184103166,-0.21483446221182986,subject_dependent,rbf_svm,0.25,0.5384615384615384,0.656405037245448,0.3942307692307692,0.42045454545454547,0.4302884615384615,0.3909090909090909,0.42045454545454547,0.42045454545454547,0.406060606060606,9,0.2727272727272727,28,0.509090909090909,0.375,0.5,0.29405936073608707,"[[3, 0], [5, 0]]",0.2727272727272727,0.375,0.20454545454545453,5,1.0,0,0.0,0.0,0.783519628194962,0.0,0.375,0.0,0.7392857142857143,0.1875,0.375,0.140625,0.5,0.375,0.375,0.4,3,1.0,0,0.0
0.5113636363636364,0.5181818181818182,"{""clf__C"": 32.32518791282502, ""clf__gamma"": 0.0005104518230902811, ""clf__class_weight"": ""balanced""}",0.2961883299945581,"[[18, 15], [28, 27]]",valence,0.5061986167297403,0.5113636363636364,0.518824220279264,28,0.509090909090909,,15,0.45454545454545453,0.0337078651685393,0.8006049595545953,0.035245368842512066,subject_dependent,rbf_svm,0.391304347826087,0.6428571428571429,0.6453634177887547,0.517080745341615,0.5113636363636364,0.548524844720497,0.5181818181818182,0.5113636363636364,0.5113636363636364,0.5151515151515151,18,0.5454545454545454,27,0.4909090909090909,0.375,0.5,0.27100784612348966,"[[3, 0], [5, 0]]",0.2727272727272727,0.375,0.20454545454545453,5,1.0,0,0.0,0.0,0.7356054876904544,0.0,0.375,0.0,0.7961904761904761,0.1875,0.375,0.140625,0.5,0.375,0.375,0.6000000000000001,3,1.0,0,0.0
0.4659090909090909,0.4636363636363636,"{""clf__C"": 183.42628625395747, ""clf__gamma"": 0.0001005394019469303, ""clf__class_weight"": ""balanced""}",0.2978400780342288,"[[15, 18], [29, 26]]",valence,0.45743145743145747,0.4659090909090909,0.4743867243867244,29,0.5272727272727272,,18,0.5454545454545454,-0.06818181818181812,0.804250475769312,-0.07041787902195304,subject_dependent,rbf_svm,0.3409090909090909,0.5909090909090909,0.615731339745851,0.46590909090909094,0.4659090909090909,0.4971590909090909,0.4636363636363636,0.4659090909090909,0.4659090909090909,0.47520661157024796,15,0.45454545454545453,26,0.4727272727272727,0.625,0.6333333333333333,0.2751175991072701,"[[2, 1], [2, 3]]",0.6190476190476191,0.625,0.6309523809523809,2,0.4,1,0.3333333333333333,0.25,0.7465945051876092,0.2581988897471611,0.5,0.75,0.8392857142857143,0.625,0.625,0.65625,0.6333333333333333,0.625,0.625,0.6,2,0.6666666666666666,3,0.6
0.42045454545454547,0.4204545454545454,"{""clf__C"": 1.351144633701368, ""clf__gamma"": 0.015446089075047083, ""clf__class_weight"": ""balanced""}",0.3845458328593203,"[[14, 30], [21, 23]]",valence,0.4143285919352734,0.42045454545454547,0.41432859193527344,21,0.4772727272727273,,30,0.6818181818181818,-0.15909090909090917,1.0946716037919704,-0.16252721107440024,subject_dependent,rbf_svm,0.4,0.4339622641509434,0.4597359085311623,0.4169811320754717,0.42045454545454547,0.41698113207547166,0.4204545454545454,0.42045454545454547,0.42045454545454547,0.4018595041322314,14,0.3181818181818182,23,0.5227272727272727,0.25,0.25,0.3333614040058485,"[[0, 4], [2, 2]]",0.2,0.25,0.2,2,0.5,4,1.0,-0.5,0.8682149405252624,-0.5773502691896258,0.0,0.3333333333333333,0.5821428571428572,0.16666666666666666,0.25,0.16666666666666666,0.25,0.25,0.25,0.3125,0,0.0,2,0.5
0.5,0.5303030303030303,"{""clf__C"": 48.43827864278568, ""clf__gamma"": 0.00039459088111000007, ""clf__class_weight"": ""balanced""}",0.3319005730774845,"[[31, 35], [9, 13]]",valence,0.47816711590296496,0.5,0.5315363881401617,9,0.4090909090909091,,35,0.5303030303030303,0.04347826086956519,0.9079366650183709,0.05270462766947299,subject_dependent,rbf_svm,0.775,0.2708333333333333,0.21742272896912104,0.5229166666666667,0.5,0.6489583333333333,0.5303030303030303,0.5,0.5,0.4214876033057851,31,0.4696969696969697,13,0.5909090909090909,0.375,0.41666666666666663,0.29279923869478053,"[[2, 4], [1, 1]]",0.36507936507936506,0.375,0.40476190476190477,1,0.5,4,0.6666666666666666,-0.11111111111111116,0.7802716889149238,-0.14907119849998599,0.6666666666666666,0.2,0.225,0.43333333333333335,0.375,0.55,0.41666666666666663,0.375,0.375,0.16666666666666669,2,0.3333333333333333,1,0.5
0.4431818181818182,0.38636363636363635,"{""clf__C"": 48.43827864278568, ""clf__gamma"": 0.00039459088111000007, ""clf__class_weight"": ""balanced""}",0.3449343903760142,"[[33, 33], [16, 6]]",valence,0.38531717747683536,0.4431818181818182,0.47961511047754807,16,0.7272727272727273,,33,0.5,-0.1807228915662651,0.9553098118656103,-0.19810721293758182,subject_dependent,rbf_svm,0.673469387755102,0.15384615384615385,0.2022776518907545,0.41365777080062793,0.4431818181818182,0.543563579277865,0.38636363636363635,0.4431818181818182,0.4431818181818182,0.3746556473829201,33,0.5,6,0.2727272727272727,0.375,0.25,0.3021916123110644,"[[3, 3], [2, 0]]",0.2727272727272727,0.375,0.40909090909090906,2,1.0,3,0.5,-0.4285714285714286,0.8067616424803822,-0.4472135954999579,0.6,0.0,0.225,0.3,0.375,0.44999999999999996,0.25,0.375,0.375,0.16666666666666669,3,0.5,0,0.0
0.5340909090909091,0.5340909090909092,"{""clf__C"": 0.6351054340728711, ""clf__gamma"": 0.0005285382203816729, ""clf__class_weight"": ""balanced""}",0.24754062847233102,"[[25, 19], [22, 22]]",valence,0.5335488041370395,0.5340909090909091,0.5335488041370394,22,0.5,,19,0.4318181818181818,0.06818181818181823,0.689098065608978,0.0683408533502272,subject_dependent,rbf_svm,0.5319148936170213,0.5365853658536586,0.5329938157636271,0.5342501297353399,0.5340909090909091,0.5342501297353399,0.5340909090909092,0.5340909090909091,0.5340909090909091,0.5728305785123967,25,0.5681818181818182,22,0.5,0.625,0.625,0.24298490725584398,"[[2, 2], [1, 3]]",0.6190476190476191,0.625,0.6190476190476191,1,0.25,2,0.5,0.25,0.6799177992158734,0.2581988897471611,0.6666666666666666,0.6,0.6083333333333333,0.6333333333333333,0.625,0.6333333333333333,0.625,0.625,0.625,0.625,2,0.5,3,0.75
0.5795454545454546,0.5795454545454546,"{""clf__C"": 0.6351054340728711, ""clf__gamma"": 0.0005285382203816729, ""clf__class_weight"": ""balanced""}",0.24784838321689956,"[[15, 29], [8, 36]]",valence,0.5541558263727235,0.5795454545454546,0.5541558263727236,8,0.18181818181818182,,29,0.6590909090909091,0.15909090909090906,0.688323059545677,0.1810412100391551,subject_dependent,rbf_svm,0.6521739130434783,0.5538461538461539,0.715595302334194,0.6030100334448161,0.5795454545454546,0.6030100334448161,0.5795454545454546,0.5795454545454546,0.5795454545454546,0.6477272727272727,15,0.3409090909090909,36,0.8181818181818182,0.5,0.5,0.24670992295028787,"[[0, 4], [0, 4]]",0.3333333333333333,0.5,0.3333333333333333,0,0.0,4,1.0,0.0,0.6856635256811741,0.0,0.0,0.5,0.875,0.25,0.5,0.25,0.5,0.5,0.5,0.75,0,0.0,4,1.0
0.5795454545454546,0.5787878787878789,"{""clf__C"": 100.2571297605856, ""clf__gamma"": 0.0074112997810832455, ""clf__class_weight"": ""balanced""}",0.3276542299238127,"[[19, 14], [23, 32]]",valence,0.5701650165016502,0.5795454545454546,0.586039603960396,23,0.41818181818181815,,14,0.42424242424242425,0.14942528735632188,1.288413552873714,0.15272993165088564,subject_dependent,rbf_svm,0.4523809523809524,0.6956521739130435,0.7395442291241017,0.5740165631469979,0.5795454545454546,0.6044254658385093,0.5787878787878789,0.5795454545454546,0.5795454545454546,0.5977961432506887,19,0.5757575757575758,32,0.5818181818181818,0.75,0.7333333333333334,0.24364536237449522,"[[2, 1], [1, 4]]",0.7333333333333334,0.75,0.75,1,0.2,1,0.3333333333333333,0.4666666666666667,0.7337945427806467,0.4666666666666667,0.6666666666666666,0.8,0.8350000000000001,0.7333333333333334,0.75,0.75,0.7333333333333334,0.75,0.75,0.6666666666666667,2,0.6666666666666666,4,0.8
0.4090909090909091,0.40909090909090906,"{""clf__C"": 0.40069130793659025, ""clf__gamma"": 0.0014899847475658245, ""clf__class_weight"": ""balanced""}",0.3530692241507273,"[[8, 36], [16, 28]]",valence,0.3769063180827886,0.4090909090909091,0.3769063180827887,16,0.36363636363636365,,36,0.8181818181818182,-0.18181818181818188,0.9549599633692327,-0.2041241452319315,subject_dependent,rbf_svm,0.3333333333333333,0.4375,0.40150019762166045,0.38541666666666663,0.4090909090909091,0.38541666666666663,0.40909090909090906,0.4090909090909091,0.4090909090909091,0.3450413223140496,8,0.18181818181818182,28,0.6363636363636364,0.375,0.375,0.3403805784310833,"[[0, 4], [1, 3]]",0.2727272727272727,0.375,0.2727272727272727,1,0.25,4,1.0,-0.25,0.9098254616841737,-0.3779644730092272,0.0,0.42857142857142855,0.44047619047619047,0.21428571428571427,0.375,0.21428571428571427,0.375,0.375,0.375,0.25,0,0.0,3,0.75
0.5113636363636364,0.4575757575757576,"{""clf__C"": 2.2463533171675794, ""clf__gamma"": 0.0006516990611177178, ""clf__class_weight"": null}",0.3402555180681626,"[[8, 25], [18, 37]]",valence,0.45183253657829925,0.5113636363636364,0.4969940605533825,18,0.32727272727272727,,25,0.7575757575757576,-0.08860759493670889,0.9345687466124911,-0.09003261976640274,subject_dependent,rbf_svm,0.3076923076923077,0.5967741935483871,0.5193393739162879,0.4522332506203474,0.5113636363636364,0.4883684863523573,0.4575757575757576,0.5113636363636364,0.5113636363636364,0.3388429752066115,8,0.24242424242424243,37,0.6727272727272727,0.5,0.4666666666666667,0.3282258959376283,"[[1, 2], [2, 3]]",0.4666666666666667,0.5,0.5,2,0.4,2,0.6666666666666666,-0.06666666666666665,0.8974323778893075,-0.06666666666666667,0.3333333333333333,0.6,0.5926190476190476,0.4666666666666667,0.5,0.5,0.4666666666666667,0.5,0.5,0.33333333333333337,1,0.3333333333333333,3,0.6
0.625,0.625,"{""clf__C"": 243.14537412227003, ""clf__gamma"": 0.0004992453416923984, ""clf__class_weight"": ""balanced""}",0.2333709928003394,"[[20, 24], [9, 35]]",valence,0.6137784279824445,0.625,0.6137784279824444,9,0.20454545454545456,,24,0.5454545454545454,0.25,0.6651627856706233,0.2659302123663481,subject_dependent,rbf_svm,0.6896551724137931,0.5932203389830508,0.7219811248476602,0.641437755698422,0.625,0.641437755698422,0.625,0.625,0.625,0.7076446280991735,20,0.45454545454545453,35,0.7954545454545454,0.5,0.5,0.19344655453005952,"[[1, 3], [1, 3]]",0.4666666666666667,0.5,0.4666666666666667,1,0.25,3,0.75,0.0,0.5637119549780254,0.0,0.5,0.5,0.8928571428571428,0.5,0.5,0.5,0.5,0.5,0.5,0.8125,1,0.25,3,0.75
0.5795454545454546,0.6515151515151516,"{""clf__C"": 13.411788774467905, ""clf__gamma"": 0.00026210878782654407, ""clf__class_weight"": ""balanced""}",0.29269271823652615,"[[20, 35], [2, 31]]",valence,0.5728715728715729,0.5795454545454546,0.5595238095238095,2,0.06060606060606061,,35,0.6363636363636364,0.2525252525252525,0.8259653733637106,0.338798178409059,subject_dependent,rbf_svm,0.9090909090909091,0.4696969696969697,0.5394218740084892,0.6893939393939394,0.5795454545454546,0.7443181818181818,0.6515151515151516,0.5795454545454546,0.5795454545454546,0.6865013774104683,20,0.36363636363636365,31,0.9393939393939394,0.625,0.7,0.27647580892308254,"[[2, 3], [0, 3]]",0.6190476190476191,0.625,0.6071428571428571,0,0.0,3,0.6,0.33333333333333337,0.76473382913529,0.4472135954999579,1.0,0.5,0.6333333333333333,0.75,0.625,0.8125,0.7,0.625,0.625,0.6,2,0.4,3,1.0
0.29545454545454547,0.3696969696969697,"{""clf__C"": 13.411788774467905, ""clf__gamma"": 0.00026210878782654407, ""clf__class_weight"": ""balanced""}",0.5010904906691053,"[[4, 51], [11, 22]]",valence,0.2646900269541779,0.29545454545454547,0.22708894878706198,11,0.3333333333333333,,51,0.9272727272727272,-0.20975609756097557,1.37798157424368,-0.33551795529557427,subject_dependent,rbf_svm,0.26666666666666666,0.3013698630136986,0.5236543445760837,0.28401826484018267,0.29545454545454547,0.2796803652968036,0.3696969696969697,0.29545454545454547,0.29545454545454547,0.48319559228650144,4,0.07272727272727272,22,0.6666666666666666,0.25,0.3333333333333333,0.48863848678385235,"[[0, 5], [1, 2]]",0.2,0.25,0.15000000000000002,1,0.3333333333333333,5,1.0,-0.26315789473684204,1.2989361870808809,-0.4879500364742666,0.0,0.2857142857142857,0.7916666666666666,0.14285714285714285,0.25,0.10714285714285714,0.3333333333333333,0.25,0.25,0.6666666666666666,0,0.0,2,0.6666666666666666
0.6363636363636364,0.606060606060606,"{""clf__C"": 243.14537412227003, ""clf__gamma"": 0.0004992453416923984, ""clf__class_weight"": ""balanced""}",0.23737909225479575,"[[44, 22], [10, 12]]",valence,0.5809523809523809,0.6363636363636364,0.6571428571428571,10,0.45454545454545453,,22,0.3333333333333333,0.17948717948717952,0.6830590866668094,0.18863881947270342,subject_dependent,rbf_svm,0.8148148148148148,0.35294117647058826,0.4953596132869548,0.5838779956427015,0.6363636363636364,0.6993464052287581,0.606060606060606,0.6363636363636364,0.6363636363636364,0.7128099173553719,44,0.6666666666666666,12,0.5454545454545454,0.75,0.8333333333333333,0.17916238717116167,"[[4, 2], [0, 2]]",0.7333333333333334,0.75,0.7666666666666667,0,0.0,2,0.3333333333333333,0.5,0.5263726344306032,0.5773502691896258,1.0,0.5,0.5,0.75,0.75,0.875,0.8333333333333333,0.75,0.75,0.7500000000000001,4,0.6666666666666666,2,1.0
0.26136363636363635,0.3303030303030303,"{""clf__C"": 2.0059560245279644, ""clf__gamma"": 0.07114476009343425, ""clf__class_weight"": null}",0.4192009339939505,"[[20, 13], [52, 3]]",valence,0.23272971160295103,0.26136363636363635,0.19567404426559357,52,0.9454545454545454,,13,0.3939393939393939,-0.27450980392156854,1.4627704966720025,-0.42600643361512924,subject_dependent,rbf_svm,0.2777777777777778,0.1875,0.5438354800622212,0.2326388888888889,0.26136363636363635,0.22135416666666669,0.3303030303030303,0.26136363636363635,0.26136363636363635,0.41873278236914596,20,0.6060606060606061,3,0.05454545454545454,0.375,0.43333333333333335,0.38075270098263503,"[[2, 1], [4, 1]]",0.36507936507936506,0.375,0.34523809523809523,4,0.8,1,0.3333333333333333,-0.11111111111111116,1.019705434679522,-0.14907119849998599,0.3333333333333333,0.5,0.5961904761904762,0.41666666666666663,0.375,0.4375,0.43333333333333335,0.375,0.375,0.4,2,0.6666666666666666,1,0.2
0.8409090909090909,0.8303030303030303,"{""clf__C"": 13.411788774467905, ""clf__gamma"": 0.00026210878782654407, ""clf__class_weight"": ""balanced""}",0.13105112904360464,"[[48, 7], [7, 26]]",valence,0.8303030303030303,0.8409090909090909,0.8409090909090909,7,0.21212121212121213,,7,0.12727272727272726,0.6606060606060606,0.4198972465519646,0.6606060606060606,subject_dependent,rbf_svm,0.8727272727272727,0.7878787878787878,0.8740731254835837,0.8303030303030303,0.8409090909090909,0.8409090909090909,0.8303030303030303,0.8409090909090909,0.8409090909090909,0.8914600550964188,48,0.8727272727272727,26,0.7878787878787878,1.0,1.0,0.09818950325583159,"[[5, 0], [0, 3]]",1.0,1.0,1.0,0,0.0,0,0.0,1.0,0.36319681564117,1.0,1.0,1.0,1.0,1.0,1.0,1.0,1.0,1.0,1.0,1.0,5,1.0,3,1.0
0.5454545454545454,0.7012987012987013,"{""clf__C"": 0.40069130793659025, ""clf__gamma"": 0.0014899847475658245, ""clf__class_weight"": ""balanced""}",0.237595293791403,"[[38, 39], [1, 10]]",valence,0.49425287356321834,0.5454545454545454,0.6149425287356322,1,0.09090909090909091,,39,0.5064935064935064,0.16230366492146597,0.6660213837055685,0.26802933589618394,subject_dependent,rbf_svm,0.9743589743589743,0.20408163265306123,0.3851968008068487,0.5892203035060177,0.5454545454545454,0.8780743066457352,0.7012987012987013,0.5454545454545454,0.5454545454545454,0.8170011806375442,38,0.4935064935064935,10,0.9090909090909091,0.625,0.7857142857142857,0.22483698312610018,"[[4, 3], [0, 1]]",0.5636363636363637,0.625,0.6863636363636364,0,0.0,3,0.42857142857142855,0.25,0.6384084046656182,0.3779644730092272,1.0,0.25,0.5,0.625,0.625,0.90625,0.7857142857142857,0.625,0.625,0.8571428571428572,4,0.5714285714285714,1,1.0
0.7159090909090909,0.7424242424242424,"{""clf__C"": 12.957079329680445, ""clf__gamma"": 0.00032476735706274504, ""clf__class_weight"": null}",0.21246648225602324,"[[35, 20], [5, 28]]",valence,0.714100064977258,0.7159090909090909,0.7197855750487329,5,0.15151515151515152,,20,0.36363636363636365,0.4444444444444444,0.6346388071058257,0.4714045207910317,subject_dependent,rbf_svm,0.875,0.5833333333333334,0.6300350509473468,0.7291666666666667,0.7159090909090909,0.765625,0.7424242424242424,0.7159090909090909,0.7159090909090909,0.7713498622589532,35,0.6363636363636364,28,0.8484848484848485,0.75,0.8,0.16768120772487172,"[[3, 2], [0, 3]]",0.75,0.75,0.75,0,0.0,2,0.4,0.5294117647058824,0.5220138681604044,0.6,1.0,0.6,0.6388888888888888,0.8,0.75,0.85,0.8,0.75,0.75,0.8,3,0.6,3,1.0
0.7727272727272727,0.8060606060606061,"{""clf__C"": 0.6351054340728711, ""clf__gamma"": 0.0005285382203816729, ""clf__class_weight"": ""balanced""}",0.17479851949146516,"[[31, 2], [18, 37]]",valence,0.7716658017644007,0.7727272727272727,0.7755578619615985,18,0.32727272727272727,,2,0.06060606060606061,0.5580110497237569,0.5229604389203787,0.5965480092147645,subject_dependent,rbf_svm,0.6326530612244898,0.9487179487179487,0.9522349081505485,0.7906855049712193,0.7727272727272727,0.8301936159079016,0.8060606060606061,0.7727272727272727,0.7727272727272727,0.925068870523416,31,0.9393939393939394,37,0.6727272727272727,0.75,0.8,0.16121947876307613,"[[3, 0], [2, 3]]",0.75,0.75,0.75,2,0.4,0,0.0,0.5294117647058824,0.4974873507202812,0.6,0.6,1.0,1.0,0.8,0.75,0.85,0.8,0.75,0.75,1.0,3,1.0,3,0.6
0.4659090909090909,0.4818181818181818,"{""clf__C"": 7.709391232564023, ""clf__gamma"": 0.00026471141828218194, ""clf__class_weight"": null}",0.3441739008468042,"[[18, 15], [32, 23]]",valence,0.46417929783650735,0.4659090909090909,0.4717903873558751,32,0.5818181818181818,,15,0.45454545454545453,-0.03296703296703307,1.0013284134441436,-0.03554093266554555,subject_dependent,rbf_svm,0.36,0.6052631578947368,0.6197238249490948,0.4826315789473684,0.4659090909090909,0.5132894736842105,0.4818181818181818,0.4659090909090909,0.4659090909090909,0.5046831955922865,18,0.5454545454545454,23,0.41818181818181815,0.625,0.6333333333333333,0.2999689814650439,"[[2, 1], [2, 3]]",0.6190476190476191,0.625,0.6309523809523809,2,0.4,1,0.3333333333333333,0.25,0.8268693662429414,0.2581988897471611,0.5,0.75,0.6416666666666666,0.625,0.625,0.65625,0.6333333333333333,0.625,0.625,0.4666666666666667,2,0.6666666666666666,3,0.6
0.5568181818181818,0.5833333333333333,"{""clf__C"": 13.411788774467905, ""clf__gamma"": 0.00026210878782654407, ""clf__class_weight"": ""balanced""}",0.2708524855401606,"[[14, 8], [31, 35]]",valence,0.5300561413117897,0.5568181818181818,0.5861289880870875,31,0.4696969696969697,,8,0.36363636363636365,0.1235955056179775,0.7838041231866039,0.1443748590089956,subject_dependent,rbf_svm,0.3111111111111111,0.813953488372093,0.8303513006402039,0.562532299741602,0.5568181818181818,0.6882428940568475,0.5833333333333333,0.5568181818181818,0.5568181818181818,0.6088154269972452,14,0.6363636363636364,35,0.5303030303030303,0.625,0.5833333333333333,0.24734397492830107,"[[1, 1], [2, 4]]",0.5636363636363637,0.625,0.6454545454545454,2,0.3333333333333333,1,0.5,0.1428571428571429,0.6845381040304162,0.14907119849998599,0.3333333333333333,0.8,0.8555555555555556,0.5666666666666667,0.625,0.6833333333333335,0.5833333333333333,0.625,0.625,0.5833333333333334,1,0.5,4,0.6666666666666666
0.38636363636363635,0.33939393939393936,"{""clf__C"": 51.4138527229363, ""clf__gamma"": 0.006173770394704574, ""clf__class_weight"": ""balanced""}",0.5074367414621418,"[[5, 28], [26, 29]]",valence,0.33705357142857145,0.38636363636363635,0.38225446428571436,26,0.4727272727272727,,28,0.8484848484848485,-0.32515337423312873,2.086971218080882,-0.3255457015118968,subject_dependent,rbf_svm,0.16129032258064516,0.5087719298245614,0.60540435855322,0.3350311262026033,0.38636363636363635,0.37846632710809286,0.33939393939393936,0.38636363636363635,0.38636363636363635,0.3355371900826446,5,0.15151515151515152,29,0.5272727272727272,0.25,0.2,0.4411027254396874,"[[0, 3], [3, 2]]",0.2,0.25,0.25,3,0.6,3,1.0,-0.6000000000000001,1.3637316275992148,-0.6,0.0,0.4,0.6192857142857142,0.2,0.25,0.25,0.2,0.25,0.25,0.2,0,0.0,2,0.4
0.6022727272727273,0.553030303030303,"{""clf__C"": 64.69870699850829, ""clf__gamma"": 0.0008200518402245837, ""clf__class_weight"": null}",0.31296593425266417,"[[10, 12], [23, 43]]",valence,0.5371900826446281,0.6022727272727273,0.6239669421487603,23,0.3484848484848485,,12,0.5454545454545454,0.09090909090909094,1.0549985191838884,0.09486348995453653,subject_dependent,rbf_svm,0.30303030303030304,0.7818181818181819,0.7248828541186274,0.5424242424242425,0.6022727272727273,0.6621212121212121,0.553030303030303,0.6022727272727273,0.6022727272727273,0.4827823691460055,10,0.45454545454545453,43,0.6515151515151515,0.5,0.5,0.2658409260446383,"[[1, 1], [3, 3]]",0.4666666666666667,0.5,0.5333333333333333,3,0.5,1,0.5,0.0,0.7513240775939669,0.0,0.25,0.75,0.8178571428571428,0.5,0.5,0.625,0.5,0.5,0.5,0.5833333333333334,1,0.5,3,0.5
0.5340909090909091,0.41666666666666663,"{""clf__C"": 0.40069130793659025, ""clf__gamma"": 0.0014899847475658245, ""clf__class_weight"": ""balanced""}",0.2716616198228813,"[[4, 18], [23, 43]]",valence,0.4202153302265788,0.5340909090909091,0.5486903422786438,23,0.3484848484848485,,18,0.8181818181818182,-0.15492957746478875,0.7573994769383556,-0.15648951991798396,subject_dependent,rbf_svm,0.14814814814814814,0.7049180327868853,0.6834182410847001,0.4265330904675167,0.5340909090909091,0.565725561627201,0.41666666666666663,0.5340909090909091,0.5340909090909091,0.35640495867768596,4,0.18181818181818182,43,0.6515151515151515,0.625,0.4166666666666667,0.2549491282101606,"[[0, 2], [1, 5]]",0.38461538461538464,0.625,0.576923076923077,1,0.16666666666666666,2,1.0,-0.19999999999999996,0.7149842828936666,-0.2182178902359924,0.0,0.7142857142857143,0.6968253968253968,0.35714285714285715,0.625,0.5357142857142857,0.4166666666666667,0.625,0.625,0.3333333333333333,0,0.0,5,0.8333333333333334
0.5909090909090909,0.4935064935064935,"{""clf__C"": 0.40069130793659025, ""clf__gamma"": 0.0014899847475658245, ""clf__class_weight"": ""balanced""}",0.226423068302988,"[[4, 7], [29, 48]]",valence,0.4545454545454546,0.5909090909090909,0.6590909090909091,29,0.37662337662337664,,7,0.6363636363636364,-0.006993006993007089,0.6469991027840417,-0.008871818844986664,subject_dependent,rbf_svm,0.12121212121212122,0.8727272727272727,0.8869424614832655,0.49696969696969695,0.5909090909090909,0.7787878787878788,0.4935064935064935,0.5909090909090909,0.5909090909090909,0.5401416765053129,4,0.36363636363636365,48,0.6233766233766234,0.75,0.42857142857142855,0.2174840411250646,"[[0, 1], [1, 6]]",0.42857142857142855,0.75,0.75,1,0.14285714285714285,1,1.0,-0.1428571428571428,0.6276097231746768,-0.14285714285714285,0.0,0.8571428571428571,0.9617346938775511,0.42857142857142855,0.75,0.75,0.42857142857142855,0.75,0.75,0.7142857142857143,0,0.0,6,0.8571428571428571
0.4659090909090909,0.49242424242424243,"{""clf__C"": 48.43827864278568, ""clf__gamma"": 0.00039459088111000007, ""clf__class_weight"": ""balanced""}",0.3231395399922219,"[[12, 10], [37, 29]]",valence,0.44520456069751846,0.4659090909090909,0.49879275653923544,37,0.5606060606060606,,10,0.45454545454545453,-0.010752688172043001,0.9088107482110007,-0.013207147529172122,subject_dependent,rbf_svm,0.24489795918367346,0.7435897435897436,0.7657730888811224,0.49424385138670857,0.4659090909090909,0.618916797488226,0.49242424242424243,0.4659090909090909,0.4659090909090909,0.47073002754820936,12,0.5454545454545454,29,0.4393939393939394,0.5,0.5,0.2832432720910391,"[[1, 1], [3, 3]]",0.4666666666666667,0.5,0.5333333333333333,3,0.5,1,0.5,0.0,0.7701821803041348,0.0,0.25,0.75,0.8773809523809524,0.5,0.5,0.625,0.5,0.5,0.5,0.5833333333333333,1,0.5,3,0.5
0.6022727272727273,0.6022727272727273,"{""clf__C"": 53.72198163554894, ""clf__gamma"": 0.0003972110727381913, ""clf__class_weight"": null}",0.2704017835695036,"[[23, 21], [14, 30]]",valence,0.5997400909681612,0.6022727272727273,0.5997400909681612,14,0.3181818181818182,,21,0.4772727272727273,0.20454545454545459,0.7857628771987362,0.2071841649822589,subject_dependent,rbf_svm,0.6216216216216216,0.5882352941176471,0.7057450172461182,0.6049284578696343,0.6022727272727273,0.6049284578696343,0.6022727272727273,0.6022727272727273,0.6022727272727273,0.6425619834710744,23,0.5227272727272727,30,0.6818181818181818,0.625,0.625,0.22139976931524005,"[[2, 2], [1, 3]]",0.6190476190476191,0.625,0.6190476190476191,1,0.25,2,0.5,0.25,0.6194766789897086,0.2581988897471611,0.6666666666666666,0.6,0.8125,0.6333333333333333,0.625,0.6333333333333333,0.625,0.625,0.625,0.6875,2,0.5,3,0.75
0.4431818181818182,0.42727272727272725,"{""clf__C"": 64.69870699850829, ""clf__gamma"": 0.0008200518402245837, ""clf__class_weight"": null}",0.4001862714253582,"[[12, 21], [28, 27]]",valence,0.4265194839739327,0.4431818181818182,0.4509575741454981,28,0.509090909090909,,21,0.6363636363636364,-0.13953488372093026,1.2940186803182316,-0.1414213562373095,subject_dependent,rbf_svm,0.3,0.5625,0.586113709112971,0.43125,0.4431818181818182,0.4640625,0.42727272727272725,0.4431818181818182,0.4431818181818182,0.43471074380165287,12,0.36363636363636365,27,0.4909090909090909,0.625,0.6333333333333333,0.31635658378850184,"[[2, 1], [2, 3]]",0.6190476190476191,0.625,0.6309523809523809,2,0.4,1,0.3333333333333333,0.25,0.8747145653175681,0.2581988897471611,0.5,0.75,0.6226190476190476,0.625,0.625,0.65625,0.6333333333333333,0.625,0.625,0.4,2,0.6666666666666666,3,0.6
0.6477272727272727,0.5363636363636364,"{""clf__C"": 2.0059560245279644, ""clf__gamma"": 0.07114476009343425, ""clf__class_weight"": null}",0.28838886905492167,"[[3, 30], [1, 54]]",valence,0.46957028971417464,0.6477272727272727,0.5464223216021777,1,0.01818181818181818,,30,0.9090909090909091,0.08823529411764708,0.8852300146171637,0.16903085094570333,subject_dependent,rbf_svm,0.75,0.6428571428571429,0.573156745872609,0.6964285714285714,0.6477272727272727,0.6830357142857143,0.5363636363636364,0.6477272727272727,0.6477272727272727,0.45454545454545453,3,0.09090909090909091,54,0.9818181818181818,0.75,0.6666666666666666,0.24094069865262796,"[[1, 2], [0, 5]]",0.6666666666666667,0.75,0.7083333333333334,0,0.0,2,0.6666666666666666,0.3846153846153846,0.6908527830527899,0.4879500364742666,1.0,0.7142857142857143,0.5961904761904762,0.8571428571428572,0.75,0.8214285714285714,0.6666666666666666,0.75,0.75,0.4,1,0.3333333333333333,5,1.0
0.5454545454545454,0.5454545454545454,"{""clf__C"": 100.2571297605856, ""clf__gamma"": 0.0074112997810832455, ""clf__class_weight"": ""balanced""}",0.3154573031828449,"[[21, 23], [17, 27]]",valence,0.5433316035288013,0.5454545454545454,0.5433316035288013,17,0.38636363636363635,,23,0.5227272727272727,0.09090909090909094,1.0476219758478253,0.09176629354822471,subject_dependent,rbf_svm,0.5526315789473685,0.54,0.5810518988047795,0.5463157894736843,0.5454545454545454,0.5463157894736842,0.5454545454545454,0.5454545454545454,0.5454545454545454,0.5655991735537191,21,0.4772727272727273,27,0.6136363636363636,0.5,0.5,0.2413732105059805,"[[2, 2], [2, 2]]",0.5,0.5,0.5,2,0.5,2,0.5,0.0,0.6781161698440392,0.0,0.5,0.5,0.7333333333333333,0.5,0.5,0.5,0.5,0.5,0.5,0.6875,2,0.5,2,0.5
0.5227272727272727,0.4393939393939394,"{""clf__C"": 13.411788774467905, ""clf__gamma"": 0.00026210878782654407, ""clf__class_weight"": ""balanced""}",0.317113248816814,"[[40, 26], [16, 6]]",valence,0.4389799635701275,0.5227272727272727,0.54735883424408,16,0.7272727272727273,,26,0.3939393939393939,-0.10526315789473695,0.8817909146756716,-0.1091089451179962,subject_dependent,rbf_svm,0.7142857142857143,0.1875,0.19173065141921602,0.45089285714285715,0.5227272727272727,0.5825892857142857,0.4393939393939394,0.5227272727272727,0.5227272727272727,0.3440082644628099,40,0.6060606060606061,6,0.2727272727272727,0.5,0.3333333333333333,0.2916525548938199,"[[4, 2], [2, 0]]",0.3333333333333333,0.5,0.5,2,1.0,2,0.3333333333333333,-0.33333333333333326,0.7930752061266207,-0.3333333333333333,0.6666666666666666,0.0,0.325,0.3333333333333333,0.5,0.5,0.3333333333333333,0.5,0.5,0.5,4,0.6666666666666666,0,0.0
0.6931818181818182,0.6287878787878788,"{""clf__C"": 13.411788774467905, ""clf__gamma"": 0.00026210878782654407, ""clf__class_weight"": ""balanced""}",0.18733982437658592,"[[50, 16], [11, 11]]",valence,0.6181905833199421,0.6931818181818182,0.7027960790615458,11,0.5,,16,0.24242424242424243,0.23943661971830987,0.5490485021871088,0.24184743987324794,subject_dependent,rbf_svm,0.819672131147541,0.4074074074074074,0.4292379812872762,0.6135397692774742,0.6931818181818182,0.7166059502125076,0.6287878787878788,0.6931818181818182,0.6931818181818182,0.752754820936639,50,0.7575757575757576,11,0.5,0.875,0.9166666666666667,0.1652205137078429,"[[5, 1], [0, 2]]",0.8545454545454545,0.875,0.8818181818181818,0,0.0,1,0.16666666666666666,0.7142857142857143,0.5122456393855702,0.7453559924999299,1.0,0.6666666666666666,0.5833333333333333,0.8333333333333333,0.875,0.9166666666666666,0.9166666666666667,0.875,0.875,0.8333333333333334,5,0.8333333333333334,2,1.0
0.6590909090909091,0.6060606060606061,"{""clf__C"": 12.957079329680445, ""clf__gamma"": 0.00032476735706274504, ""clf__class_weight"": null}",0.2570120031191881,"[[11, 11], [19, 47]]",valence,0.5905707196029777,0.6590909090909091,0.674317617866005,19,0.2878787878787879,,11,0.5,0.18918918918918914,0.7356511502957762,0.19377278632539327,subject_dependent,rbf_svm,0.36666666666666664,0.8103448275862069,0.7735169347391455,0.5885057471264368,0.6590909090909091,0.6994252873563217,0.6060606060606061,0.6590909090909091,0.6590909090909091,0.5495867768595041,11,0.5,47,0.7121212121212122,0.625,0.5833333333333333,0.244318898803472,"[[1, 1], [2, 4]]",0.5636363636363637,0.625,0.6454545454545454,2,0.3333333333333333,1,0.5,0.1428571428571429,0.6990361372925907,0.14907119849998599,0.3333333333333333,0.8,0.7166666666666667,0.5666666666666667,0.625,0.6833333333333335,0.5833333333333333,0.625,0.625,0.4166666666666667,1,0.5,4,0.6666666666666666
0.7386363636363636,0.6742424242424242,"{""clf__C"": 64.69870699850829, ""clf__gamma"": 0.0008200518402245837, ""clf__class_weight"": null}",0.19729160903849918,"[[53, 13], [10, 12]]",valence,0.6661718621144648,0.7386363636363636,0.743938644235527,10,0.45454545454545453,,13,0.19696969696969696,0.33333333333333337,0.608165225340837,0.33460076502852165,subject_dependent,rbf_svm,0.8412698412698413,0.48,0.4217252659083982,0.6606349206349207,0.7386363636363636,0.7509523809523809,0.6742424242424242,0.7386363636363636,0.7386363636363636,0.7148760330578512,53,0.803030303030303,12,0.5454545454545454,0.75,0.6666666666666667,0.16243030081027227,"[[5, 1], [1, 1]]",0.6666666666666667,0.75,0.75,1,0.5,1,0.16666666666666666,0.33333333333333337,0.5038076682453219,0.3333333333333333,0.8333333333333334,0.5,0.5833333333333333,0.6666666666666667,0.75,0.75,0.6666666666666667,0.75,0.75,0.8333333333333334,5,0.8333333333333334,1,0.5
0.6022727272727273,0.5984848484848485,"{""clf__C"": 13.411788774467905, ""clf__gamma"": 0.00026210878782654407, ""clf__class_weight"": ""balanced""}",0.2833831006394241,"[[13, 9], [26, 40]]",valence,0.5609408410548824,0.6022727272727273,0.6282965074839629,26,0.3939393939393939,,9,0.4090909090909091,0.15662650602409633,0.7866812147734685,0.17169291787923757,subject_dependent,rbf_svm,0.3333333333333333,0.8163265306122449,0.7913886528259826,0.5748299319727891,0.6022727272727273,0.6955782312925171,0.5984848484848485,0.6022727272727273,0.6022727272727273,0.5853994490358126,13,0.5909090909090909,40,0.6060606060606061,0.625,0.5833333333333333,0.2669507310090622,"[[1, 1], [2, 4]]",0.5636363636363637,0.625,0.6454545454545454,2,0.3333333333333333,1,0.5,0.1428571428571429,0.7435963818852753,0.14907119849998599,0.3333333333333333,0.8,0.8972222222222223,0.5666666666666667,0.625,0.6833333333333335,0.5833333333333333,0.625,0.625,0.6666666666666667,1,0.5,4,0.6666666666666666
0.4772727272727273,0.5909090909090909,"{""clf__C"": 262.30889101079146, ""clf__gamma"": 0.0025135566617708314, ""clf__class_weight"": null}",0.35903413843951665,"[[24, 42], [4, 18]]",valence,0.47483134405812144,0.4772727272727273,0.49273482096523086,4,0.18181818181818182,,42,0.6363636363636364,0.11538461538461542,1.0578967835275213,0.16903085094570333,subject_dependent,rbf_svm,0.8571428571428571,0.3,0.5019812146102735,0.5785714285714285,0.4772727272727273,0.7178571428571429,0.5909090909090909,0.4772727272727273,0.4772727272727273,0.7017906336088154,24,0.36363636363636365,18,0.8181818181818182,0.5,0.6666666666666666,0.30452331454388853,"[[2, 4], [0, 2]]",0.5,0.5,0.5,0,0.0,4,0.6666666666666666,0.19999999999999996,0.8048165566386962,0.3333333333333333,1.0,0.3333333333333333,0.8333333333333333,0.6666666666666666,0.5,0.8333333333333334,0.6666666666666666,0.5,0.5,0.9166666666666667,2,0.3333333333333333,2,1.0
0.5909090909090909,0.6181818181818182,"{""clf__C"": 34.26465148409954, ""clf__gamma"": 0.020597335357437203, ""clf__class_weight"": null}",0.27883339668152424,"[[28, 27], [9, 24]]",valence,0.5900621118012422,0.5909090909090909,0.59472049689441,9,0.2727272727272727,,27,0.4909090909090909,0.21311475409836067,0.8434219845701669,0.2318104592769849,subject_dependent,rbf_svm,0.7567567567567568,0.47058823529411764,0.4982149807296743,0.6136724960254372,0.5909090909090909,0.6494435612082671,0.6181818181818182,0.5909090909090909,0.5909090909090909,0.6385674931129477,28,0.509090909090909,24,0.7272727272727273,0.75,0.7333333333333334,0.21533124171064283,"[[4, 1], [1, 2]]",0.7333333333333334,0.75,0.75,1,0.3333333333333333,1,0.2,0.4666666666666667,0.6151875680516063,0.4666666666666667,0.8,0.6666666666666666,0.7555555555555555,0.7333333333333334,0.75,0.75,0.7333333333333334,0.75,0.75,0.8,4,0.8,2,0.6666666666666666
0.5454545454545454,0.4696969696969697,"{""clf__C"": 160.49758307716223, ""clf__gamma"": 0.00018427970406864567, ""clf__class_weight"": null}",0.22833561258489257,"[[7, 15], [25, 41]]",valence,0.4656952034001214,0.5454545454545454,0.5689131754705525,25,0.3787878787878788,,15,0.6818181818181818,-0.05263157894736836,0.6451114667872275,-0.0545544725589981,subject_dependent,rbf_svm,0.21875,0.7321428571428571,0.8236332493783571,0.47544642857142855,0.5454545454545454,0.6037946428571428,0.4696969696969697,0.5454545454545454,0.5454545454545454,0.5578512396694215,7,0.3181818181818182,41,0.6212121212121212,0.75,0.5,0.20563320851699002,"[[0, 2], [0, 6]]",0.42857142857142855,0.75,0.6428571428571428,0,0.0,2,1.0,0.0,0.6012751292276612,0.0,0.0,0.75,0.8357142857142856,0.375,0.75,0.5625,0.5,0.75,0.75,0.5,0,0.0,6,1.0
0.375,0.3666666666666667,"{""clf__C"": 0.6351054340728711, ""clf__gamma"": 0.0005285382203816729, ""clf__class_weight"": ""balanced""}",0.34327208005649845,"[[22, 33], [22, 11]]",valence,0.36507936507936506,0.375,0.38492063492063494,22,0.6666666666666666,,33,0.6,-0.25,0.9080508884051184,-0.2581988897471611,subject_dependent,rbf_svm,0.5,0.25,0.4228028928855183,0.375,0.375,0.40625,0.3666666666666667,0.375,0.375,0.41432506887052345,22,0.4,11,0.3333333333333333,0.375,0.43333333333333335,0.3368509117756261,"[[1, 4], [1, 2]]",0.36507936507936506,0.375,0.34523809523809523,1,0.3333333333333333,4,0.8,-0.11111111111111116,0.8816187339370425,-0.14907119849998599,0.5,0.3333333333333333,0.5694444444444444,0.41666666666666663,0.375,0.4375,0.43333333333333335,0.375,0.375,0.39999999999999997,1,0.2,2,0.6666666666666666
0.5681818181818182,0.5696969696969697,"{""clf__C"": 100.2571297605856, ""clf__gamma"": 0.0074112997810832455, ""clf__class_weight"": ""balanced""}",0.30081821038005974,"[[19, 14], [24, 31]]",valence,0.56,0.5681818181818182,0.5750000000000001,24,0.43636363636363634,,14,0.42424242424242425,0.13142857142857145,0.93395342095666,0.13500247230326232,subject_dependent,rbf_svm,0.4418604651162791,0.6888888888888889,0.7023110155322164,0.565374677002584,0.5681818181818182,0.5962532299741602,0.5696969696969697,0.5681818181818182,0.5681818181818182,0.6011019283746557,19,0.5757575757575758,31,0.5636363636363636,0.75,0.7333333333333334,0.207717871929677,"[[2, 1], [1, 4]]",0.7333333333333334,0.75,0.75,1,0.2,1,0.3333333333333333,0.4666666666666667,0.6046111298596135,0.4666666666666667,0.6666666666666666,0.8,0.852857142857143,0.7333333333333334,0.75,0.75,0.7333333333333334,0.75,0.75,0.7333333333333334,2,0.6666666666666666,4,0.8
0.5681818181818182,0.6484848484848484,"{""clf__C"": 183.42628625395747, ""clf__gamma"": 0.0001005394019469303, ""clf__class_weight"": ""balanced""}",0.3096580443775392,"[[18, 37], [1, 32]]",valence,0.5569687334393216,0.5681818181818182,0.5393481717011128,1,0.030303030303030304,,37,0.6727272727272727,0.24378109452736318,0.9131596445320276,0.3494210823697891,subject_dependent,rbf_svm,0.9473684210526315,0.463768115942029,0.7577483903016885,0.7055682684973302,0.5681818181818182,0.7660183066361556,0.6484848484848484,0.5681818181818182,0.5681818181818182,0.8314049586776859,18,0.32727272727272727,32,0.9696969696969697,0.5,0.6,0.28972443265219516,"[[1, 4], [0, 3]]",0.4666666666666667,0.5,0.4333333333333333,0,0.0,4,0.8,0.1578947368421053,0.8049524312967039,0.29277002188455997,1.0,0.42857142857142855,0.8055555555555556,0.7142857142857143,0.5,0.7857142857142857,0.6,0.5,0.5,0.8666666666666667,1,0.2,3,1.0
0.5795454545454546,0.6439393939393939,"{""clf__C"": 20.12196163610286, ""clf__gamma"": 0.0008612579192594886, ""clf__class_weight"": ""balanced""}",0.28694298767238025,"[[34, 32], [5, 17]]",valence,0.5632461435278336,0.5795454545454546,0.6054325955734406,5,0.22727272727272727,,32,0.48484848484848486,0.20430107526881724,0.8485587234922072,0.2509358030542703,subject_dependent,rbf_svm,0.8717948717948718,0.3469387755102041,0.502902718069585,0.6093668236525379,0.5795454545454546,0.7405808477237049,0.6439393939393939,0.5795454545454546,0.5795454545454546,0.7320936639118457,34,0.5151515151515151,17,0.7727272727272727,0.625,0.75,0.2357841383243326,"[[3, 3], [0, 2]]",0.6190476190476191,0.625,0.6428571428571428,0,0.0,3,0.5,0.33333333333333337,0.6652572721010046,0.4472135954999579,1.0,0.4,0.75,0.7,0.625,0.85,0.75,0.625,0.625,0.8333333333333334,3,0.5,2,1.0
0.45454545454545453,0.45454545454545453,"{""clf__C"": 0.21466070134458173, ""clf__gamma"": 0.0012955517240662183, ""clf__class_weight"": ""balanced""}",0.2739097897619263,"[[20, 24], [24, 20]]",valence,0.45454545454545453,0.45454545454545453,0.45454545454545453,24,0.5454545454545454,,24,0.5454545454545454,-0.09090909090909083,0.7424734592081804,-0.09090909090909091,subject_dependent,rbf_svm,0.45454545454545453,0.45454545454545453,0.567544050656373,0.45454545454545453,0.45454545454545453,0.45454545454545453,0.45454545454545453,0.45454545454545453,0.45454545454545453,0.47572314049586767,20,0.45454545454545453,20,0.45454545454545453,0.375,0.375,0.2703727546520125,"[[0, 4], [1, 3]]",0.2727272727272727,0.375,0.2727272727272727,1,0.25,4,1.0,-0.25,0.7345972066418855,-0.3779644730092272,0.0,0.42857142857142855,0.6666666666666666,0.21428571428571427,0.375,0.21428571428571427,0.375,0.375,0.375,0.5,0,0.0,3,0.75
0.4772727272727273,0.4772727272727273,"{""clf__C"": 5.2117930643778205, ""clf__gamma"": 0.0036999724314638123, ""clf__class_weight"": null}",0.3640236902735754,"[[20, 24], [22, 22]]",valence,0.47700258397932815,0.4772727272727273,0.4770025839793282,22,0.5,,24,0.5454545454545454,-0.045454545454545414,1.0923520226375536,-0.045501575519329006,subject_dependent,rbf_svm,0.47619047619047616,0.4782608695652174,0.48546070055247226,0.4772256728778468,0.4772727272727273,0.4772256728778468,0.4772727272727273,0.4772727272727273,0.4772727272727273,0.4855371900826446,20,0.45454545454545453,22,0.5,0.375,0.375,0.3160796492661566,"[[1, 3], [2, 2]]",0.36507936507936506,0.375,0.36507936507936506,2,0.5,3,0.75,-0.25,0.8352459128358425,-0.2581988897471611,0.3333333333333333,0.4,0.5178571428571428,0.3666666666666667,0.375,0.3666666666666667,0.375,0.375,0.375,0.4375,1,0.25,2,0.5
0.5795454545454546,0.5795454545454546,"{""clf__C"": 243.14537412227003, ""clf__gamma"": 0.0004992453416923984, ""clf__class_weight"": ""balanced""}",0.27027896535453483,"[[26, 18], [19, 25]]",valence,0.5794911532997546,0.5795454545454546,0.5794911532997545,19,0.4318181818181818,,18,0.4090909090909091,0.15909090909090906,0.750739515522043,0.1591320125431105,subject_dependent,rbf_svm,0.5777777777777777,0.5813953488372093,0.6458553682051005,0.5795865633074935,0.5795454545454546,0.5795865633074936,0.5795454545454546,0.5795454545454546,0.5795454545454546,0.618801652892562,26,0.5909090909090909,25,0.5681818181818182,0.625,0.625,0.21940353093658732,"[[2, 2], [1, 3]]",0.6190476190476191,0.625,0.6190476190476191,1,0.25,2,0.5,0.25,0.6284174600005434,0.2581988897471611,0.6666666666666666,0.6,0.7470238095238095,0.6333333333333333,0.625,0.6333333333333333,0.625,0.625,0.625,0.6875,2,0.5,3,0.75
0.625,0.5,"{""clf__C"": 0.34866781670451225, ""clf__gamma"": 0.00014936568554617635, ""clf__class_weight"": ""balanced""}",0.33690514317583686,"[[0, 33], [0, 55]]",valence,0.38461538461538464,0.625,0.4807692307692308,0,0.0,,33,1.0,0.0,0.8789007539129756,0.0,subject_dependent,rbf_svm,0.0,0.625,0.7491316629689408,0.3125,0.625,0.390625,0.5,0.625,0.625,0.6088154269972452,0,0.0,55,1.0,0.375,0.5,0.3369050336695878,"[[3, 0], [5, 0]]",0.2727272727272727,0.375,0.20454545454545453,5,1.0,0,0.0,0.0,0.8789002892801114,0.0,0.375,0.0,0.852857142857143,0.1875,0.375,0.140625,0.5,0.375,0.375,0.7333333333333334,3,1.0,0,0.0
0.6477272727272727,0.5681818181818182,"{""clf__C"": 100.2571297605856, ""clf__gamma"": 0.0074112997810832455, ""clf__class_weight"": ""balanced""}",0.23612831361685496,"[[48, 18], [13, 9]]",valence,0.5616262252932669,0.6477272727272727,0.6587658685521453,13,0.5909090909090909,,18,0.2727272727272727,0.12676056338028174,0.6966356593173842,0.12803687993289598,subject_dependent,rbf_svm,0.7868852459016393,0.3333333333333333,0.31501009325461493,0.5601092896174863,0.6477272727272727,0.6734972677595629,0.5681818181818182,0.6477272727272727,0.6477272727272727,0.5578512396694215,48,0.7272727272727273,9,0.4090909090909091,0.75,0.5,0.18257472474805025,"[[6, 0], [2, 0]]",0.42857142857142855,0.75,0.6428571428571428,2,1.0,0,0.0,0.0,0.5480095217590941,0.0,0.75,0.0,0.5833333333333333,0.375,0.75,0.5625,0.5,0.75,0.75,0.8333333333333334,6,1.0,0,0.0
0.625,0.5,"{""clf__C"": 2.2463533171675794, ""clf__gamma"": 0.0006516990611177178, ""clf__class_weight"": null}",0.25787087565385375,"[[55, 0], [33, 0]]",valence,0.38461538461538464,0.625,0.4807692307692308,33,1.0,,0,0.0,0.0,0.7187621280707837,0.0,subject_dependent,rbf_svm,0.625,0.0,0.3746256592902443,0.3125,0.625,0.390625,0.5,0.625,0.625,0.5090909090909091,55,1.0,0,0.0,0.5,0.4,0.24794460840719834,"[[4, 1], [3, 0]]",0.3333333333333333,0.5,0.41666666666666663,3,1.0,1,0.2,-0.23076923076923084,0.6879868927459927,-0.29277002188455997,0.5714285714285714,0.0,0.4666666666666667,0.2857142857142857,0.5,0.3571428571428571,0.4,0.5,0.5,0.5333333333333333,4,0.8,0,0.0
0.36363636363636365,0.4121212121212121,"{""clf__C"": 48.43827864278568, ""clf__gamma"": 0.00039459088111000007, ""clf__class_weight"": ""balanced""}",0.45858239051913097,"[[20, 13], [43, 12]]",valence,0.35833333333333334,0.36363636363636365,0.34375,43,0.7818181818181819,,13,0.3939393939393939,-0.14871794871794863,1.325066835491023,-0.18867401410338308,subject_dependent,rbf_svm,0.31746031746031744,0.48,0.5396876308946491,0.3987301587301587,0.36363636363636365,0.419047619047619,0.4121212121212121,0.36363636363636365,0.36363636363636365,0.39283746556473825,20,0.6060606060606061,12,0.21818181818181817,0.375,0.5,0.4236927483149499,"[[3, 0], [5, 0]]",0.2727272727272727,0.375,0.20454545454545453,5,1.0,0,0.0,0.0,1.1126321343992789,0.0,0.375,0.0,0.4859523809523809,0.1875,0.375,0.140625,0.5,0.375,0.375,0.06666666666666668,3,1.0,0,0.0
0.5454545454545454,0.4424242424242424,"{""clf__C"": 0.40069130793659025, ""clf__gamma"": 0.0014899847475658245, ""clf__class_weight"": ""balanced""}",0.2396019499162086,"[[47, 8], [32, 1]]",valence,0.37455579246624027,0.5454545454545454,0.45628997867803833,32,0.9696969696969697,,8,0.14545454545454545,-0.13475177304964547,0.6728992243581705,-0.18398108302847346,subject_dependent,rbf_svm,0.5949367088607594,0.1111111111111111,0.3091419391411145,0.35302390998593525,0.5454545454545454,0.41350210970464124,0.4424242424242424,0.5454545454545454,0.5454545454545454,0.3730027548209367,47,0.8545454545454545,1,0.030303030303030304,0.625,0.5,0.23930448723349906,"[[5, 0], [3, 0]]",0.38461538461538464,0.625,0.4807692307692308,3,1.0,0,0.0,0.0,0.6723047171252389,0.0,0.625,0.0,0.3694444444444444,0.3125,0.625,0.390625,0.5,0.625,0.625,0.3333333333333333,5,1.0,0,0.0
0.4772727272727273,0.5151515151515151,"{""clf__C"": 1.351144633701368, ""clf__gamma"": 0.015446089075047083, ""clf__class_weight"": ""balanced""}",0.3659644011708068,"[[13, 9], [37, 29]]",valence,0.45940170940170943,0.4772727272727273,0.5085470085470085,37,0.5606060606060606,,9,0.4090909090909091,0.021276595744680882,1.0910455939369053,0.026490647141300876,subject_dependent,rbf_svm,0.26,0.7631578947368421,0.7418590930017586,0.5115789473684211,0.4772727272727273,0.6373684210526316,0.5151515151515151,0.4772727272727273,0.4772727272727273,0.46280991735537197,13,0.5909090909090909,29,0.4393939393939394,0.25,0.3333333333333333,0.3107029888626605,"[[1, 1], [5, 1]]",0.25,0.25,0.25,5,0.8333333333333334,1,0.5,-0.19999999999999996,0.819200404101561,-0.3333333333333333,0.16666666666666666,0.5,0.8178571428571428,0.3333333333333333,0.25,0.4166666666666667,0.3333333333333333,0.25,0.25,0.5833333333333334,1,0.5,1,0.16666666666666666
0.5454545454545454,0.5454545454545454,"{""clf__C"": 235.1599274057192, ""clf__gamma"": 0.021154290797261225, ""clf__class_weight"": ""balanced""}",0.33311470018615047,"[[27, 17], [23, 21]]",valence,0.5433316035288013,0.5454545454545454,0.5433316035288013,23,0.5227272727272727,,17,0.38636363636363635,0.09090909090909094,1.1480629522663774,0.09176629354822471,subject_dependent,rbf_svm,0.54,0.5526315789473685,0.5592710420792951,0.5463157894736843,0.5454545454545454,0.5463157894736842,0.5454545454545454,0.5454545454545454,0.5454545454545454,0.553202479338843,27,0.6136363636363636,21,0.4772727272727273,0.5,0.5,0.271580461262423,"[[2, 2], [2, 2]]",0.5,0.5,0.5,2,0.5,2,0.5,0.0,0.742260479140024,0.0,0.5,0.5,0.7678571428571428,0.5,0.5,0.5,0.5,0.5,0.5,0.625,2,0.5,2,0.5
0.6363636363636364,0.36363636363636365,"{""clf__C"": 1.351144633701368, ""clf__gamma"": 0.015446089075047083, ""clf__class_weight"": ""balanced""}",0.21665495251483335,"[[0, 11], [21, 56]]",valence,0.3888888888888889,0.6363636363636364,0.6805555555555556,21,0.2727272727272727,,11,1.0,-0.19626168224299056,0.7780079772382845,-0.21160368475757949,subject_dependent,rbf_svm,0.0,0.835820895522388,0.814362289937199,0.417910447761194,0.6363636363636364,0.7313432835820894,0.36363636363636365,0.6363636363636364,0.6363636363636364,0.35537190082644626,0,0.0,56,0.7272727272727273,0.875,0.5,0.16851647067627076,"[[0, 1], [0, 7]]",0.4666666666666667,0.875,0.8166666666666667,0,0.0,1,1.0,0.0,0.5277291301285469,0.0,0.0,0.875,0.8260204081632654,0.4375,0.875,0.765625,0.5,0.875,0.875,0.14285714285714285,0,0.0,7,1.0
0.5454545454545454,0.5454545454545454,"{""clf__C"": 1.351144633701368, ""clf__gamma"": 0.015446089075047083, ""clf__class_weight"": ""balanced""}",0.3080126569900484,"[[16, 28], [12, 32]]",valence,0.5299145299145299,0.5454545454545454,0.5299145299145299,12,0.2727272727272727,,28,0.6363636363636364,0.09090909090909094,0.8930341705182993,0.09759000729485331,subject_dependent,rbf_svm,0.5714285714285714,0.5333333333333333,0.5691840712679067,0.5523809523809524,0.5454545454545454,0.5523809523809523,0.5454545454545454,0.5454545454545454,0.5454545454545454,0.5640495867768596,16,0.36363636363636365,32,0.7272727272727273,0.5,0.5,0.2680826844526207,"[[1, 3], [1, 3]]",0.4666666666666667,0.5,0.4666666666666667,1,0.25,3,0.75,0.0,0.7405040460267716,0.0,0.5,0.5,0.7095238095238094,0.5,0.5,0.5,0.5,0.5,0.5,0.625,1,0.25,3,0.75
0.625,0.603030303030303,"{""clf__C"": 183.42628625395747, ""clf__gamma"": 0.0001005394019469303, ""clf__class_weight"": ""balanced""}",0.21701957135919256,"[[38, 17], [16, 17]]",valence,0.6023551964945912,0.625,0.626078323976448,16,0.48484848484848486,,17,0.3090909090909091,0.20481927710843373,0.6151912404072122,0.20487876571761973,subject_dependent,rbf_svm,0.7037037037037037,0.5,0.5881598163938784,0.6018518518518519,0.625,0.6273148148148148,0.603030303030303,0.625,0.625,0.6914600550964187,38,0.6909090909090909,17,0.5151515151515151,0.5,0.4666666666666667,0.20060402069912756,"[[3, 2], [2, 1]]",0.4666666666666667,0.5,0.5,2,0.6666666666666666,2,0.4,-0.06666666666666665,0.580699375735895,-0.06666666666666667,0.6,0.3333333333333333,0.7,0.4666666666666667,0.5,0.5,0.4666666666666667,0.5,0.5,0.7333333333333333,3,0.6,1,0.3333333333333333
0.5568181818181818,0.5848484848484848,"{""clf__C"": 243.14537412227003, ""clf__gamma"": 0.0004992453416923984, ""clf__class_weight"": ""balanced""}",0.341832189082587,"[[26, 29], [10, 23]]",valence,0.5563025210084034,0.5568181818181818,0.5600840336134454,10,0.30303030303030304,,29,0.5272727272727272,0.15217391304347827,1.0818818043653964,0.16709347060920102,subject_dependent,rbf_svm,0.7222222222222222,0.4423076923076923,0.42017843615179823,0.5822649572649572,0.5568181818181818,0.6172542735042735,0.5848484848484848,0.5568181818181818,0.5568181818181818,0.593939393939394,26,0.4727272727272727,23,0.696969696969697,0.5,0.5333333333333333,0.26970627965256966,"[[2, 3], [1, 2]]",0.5,0.5,0.5,1,0.3333333333333333,3,0.6,0.05882352941176472,0.7399491677623322,0.06666666666666667,0.6666666666666666,0.4,0.6666666666666667,0.5333333333333333,0.5,0.5666666666666667,0.5333333333333333,0.5,0.5,0.6666666666666666,2,0.4,2,0.6666666666666666
0.42045454545454547,0.6136363636363636,"{""clf__C"": 166.2878326769575, ""clf__gamma"": 0.008979064194712979, ""clf__class_weight"": ""balanced""}",0.464697781949077,"[[15, 51], [0, 22]]",valence,0.4167641325536062,0.42045454545454547,0.3935672514619883,0,0.0,,51,0.7727272727272727,0.1282051282051282,2.17804616003843,0.2617119612951069,subject_dependent,rbf_svm,1.0,0.3013698630136986,0.2805014644841418,0.6506849315068493,0.42045454545454547,0.8253424657534246,0.6136363636363636,0.42045454545454547,0.42045454545454547,0.5929752066115702,15,0.22727272727272727,22,1.0,0.375,0.5833333333333334,0.43591944289893547,"[[1, 5], [0, 2]]",0.36507936507936506,0.375,0.32539682539682535,0,0.0,5,0.8333333333333334,0.09090909090909094,1.4485700633521355,0.2182178902359924,1.0,0.2857142857142857,0.41666666666666663,0.6428571428571428,0.375,0.8214285714285714,0.5833333333333334,0.375,0.375,0.6666666666666667,1,0.16666666666666666,2,1.0
0.4431818181818182,0.5227272727272727,"{""clf__C"": 235.1599274057192, ""clf__gamma"": 0.021154290797261225, ""clf__class_weight"": ""balanced""}",0.41400815493531834,"[[24, 42], [7, 15]]",valence,0.43729609813389014,0.4431818181818182,0.4660707294793162,7,0.3181818181818182,,42,0.6363636363636364,0.02970297029702973,1.715579150760175,0.041204282171516456,subject_dependent,rbf_svm,0.7741935483870968,0.2631578947368421,0.27745542488891206,0.5186757215619694,0.4431818181818182,0.6464346349745331,0.5227272727272727,0.4431818181818182,0.4431818181818182,0.5089531680440771,24,0.36363636363636365,15,0.6818181818181818,0.5,0.5,0.3598555277101743,"[[3, 3], [1, 1]]",0.4666666666666667,0.5,0.5333333333333333,1,0.5,3,0.5,0.0,1.1555008362601837,0.0,0.75,0.25,0.39285714285714285,0.5,0.5,0.625,0.5,0.5,0.5,0.5,3,0.5,1,0.5
0.5340909090909091,0.5340909090909091,"{""clf__C"": 262.30889101079146, ""clf__gamma"": 0.0025135566617708314, ""clf__class_weight"": null}",0.3945407467046697,"[[37, 7], [34, 10]]",valence,0.4856735566642908,0.5340909090909091,0.48567355666429074,34,0.7727272727272727,,7,0.1590909090909091,0.06818181818181823,2.0374641006611123,0.08635104937551057,subject_dependent,rbf_svm,0.5211267605633803,0.5882352941176471,0.5794481219024189,0.5546810273405136,0.5340909090909091,0.5546810273405136,0.5340909090909091,0.5340909090909091,0.5340909090909091,0.5816115702479339,37,0.8409090909090909,10,0.22727272727272727,0.5,0.5,0.31960313146583735,"[[4, 0], [4, 0]]",0.3333333333333333,0.5,0.3333333333333333,4,1.0,0,0.0,0.0,1.1793574702067473,0.0,0.5,0.0,0.7291666666666666,0.25,0.5,0.25,0.5,0.5,0.5,0.625,4,1.0,0,0.0
0.38636363636363635,0.37575757575757573,"{""clf__C"": 0.40069130793659025, ""clf__gamma"": 0.0014899847475658245, ""clf__class_weight"": ""balanced""}",0.31865755897485454,"[[11, 22], [32, 23]]",valence,0.37473684210526315,0.38636363636363635,0.3960526315789474,32,0.5818181818181818,,22,0.6666666666666666,-0.2342857142857142,0.8385944846114275,-0.24065658106233717,subject_dependent,rbf_svm,0.2558139534883721,0.5111111111111111,0.5275547315690255,0.3834625322997416,0.38636363636363635,0.4153746770025839,0.37575757575757573,0.38636363636363635,0.38636363636363635,0.3691460055096419,11,0.3333333333333333,23,0.41818181818181815,0.25,0.26666666666666666,0.3167173164209104,"[[1, 2], [4, 1]]",0.25,0.25,0.25,4,0.8,2,0.6666666666666666,-0.41176470588235303,0.8332403575896818,-0.4666666666666667,0.2,0.3333333333333333,0.5783333333333334,0.26666666666666666,0.25,0.2833333333333333,0.26666666666666666,0.25,0.25,0.33333333333333337,1,0.3333333333333333,1,0.2
0.6022727272727273,0.5848484848484848,"{""clf__C"": 13.411788774467905, ""clf__gamma"": 0.00026210878782654407, ""clf__class_weight"": ""balanced""}",0.27090395741697004,"[[17, 16], [19, 36]]",arousal,0.582825409725044,0.6022727272727273,0.6053433563592036,19,0.34545454545454546,,16,0.48484848484848486,0.16666666666666663,0.7846809456897833,0.16709347060920102,subject_dependent,rbf_svm,0.4722222222222222,0.6923076923076923,0.78269204418502,0.5822649572649572,0.6022727272727273,0.609775641025641,0.5848484848484848,0.6022727272727273,0.6022727272727273,0.6308539944903582,17,0.5151515151515151,36,0.6545454545454545,0.5,0.4,0.24524085525882863,"[[0, 3], [1, 4]]",0.3333333333333333,0.5,0.41666666666666663,1,0.2,3,1.0,-0.23076923076923084,0.6732952717537088,-0.29277002188455997,0.0,0.5714285714285714,0.885,0.2857142857142857,0.5,0.3571428571428571,0.4,0.5,0.5,0.7333333333333334,0,0.0,4,0.8
0.6022727272727273,0.603030303030303,"{""clf__C"": 13.411788774467905, ""clf__gamma"": 0.00026210878782654407, ""clf__class_weight"": ""balanced""}",0.2939576106966936,"[[20, 13], [22, 33]]",arousal,0.5933993399339934,0.6022727272727273,0.6084158415841584,22,0.4,,13,0.3939393939393939,0.1954022988505747,0.9945973062382794,0.19972375677423504,subject_dependent,rbf_svm,0.47619047619047616,0.717391304347826,0.8057729881888918,0.5967908902691511,0.6022727272727273,0.6269409937888198,0.603030303030303,0.6022727272727273,0.6022727272727273,0.6666666666666667,20,0.6060606060606061,33,0.6,0.5,0.4666666666666667,0.260672671564424,"[[1, 2], [2, 3]]",0.4666666666666667,0.5,0.5,2,0.4,2,0.6666666666666666,-0.06666666666666665,0.7244773024379256,-0.06666666666666667,0.3333333333333333,0.6,0.8761904761904762,0.4666666666666667,0.5,0.5,0.4666666666666667,0.5,0.5,0.7333333333333334,1,0.3333333333333333,3,0.6
0.6022727272727273,0.5378787878787878,"{""clf__C"": 13.411788774467905, ""clf__gamma"": 0.00026210878782654407, ""clf__class_weight"": ""balanced""}",0.2302940211406435,"[[9, 13], [22, 44]]",arousal,0.5275348979904894,0.6022727272727273,0.621491026231017,22,0.3333333333333333,,13,0.5909090909090909,0.06666666666666665,0.6662438868151684,0.06867380361919409,subject_dependent,rbf_svm,0.2903225806451613,0.7719298245614035,0.7808070454687267,0.5311262026032824,0.6022727272727273,0.651528013582343,0.5378787878787878,0.6022727272727273,0.6022727272727273,0.5368457300275482,9,0.4090909090909091,44,0.6666666666666666,0.75,0.5,0.1990092509200343,"[[0, 2], [0, 6]]",0.42857142857142855,0.75,0.6428571428571428,0,0.0,2,1.0,0.0,0.5833501180905597,0.0,0.0,0.75,0.8551587301587301,0.375,0.75,0.5625,0.5,0.75,0.75,0.5,0,0.0,6,1.0
0.6022727272727273,0.6948051948051948,"{""clf__C"": 1.351144633701368, ""clf__gamma"": 0.015446089075047083, ""clf__class_weight"": ""balanced""}",0.3091610202548823,"[[9, 2], [33, 44]]",arousal,0.5275348979904894,0.6022727272727273,0.668469090351281,33,0.42857142857142855,,2,0.18181818181818182,0.17647058823529416,1.0728676207767613,0.25796968518379115,subject_dependent,rbf_svm,0.21428571428571427,0.9565217391304348,0.9355473770434556,0.5854037267080745,0.6022727272727273,0.8637422360248448,0.6948051948051948,0.6022727272727273,0.6022727272727273,0.6422668240850058,9,0.8181818181818182,44,0.5714285714285714,0.75,0.8571428571428572,0.2533202975348894,"[[1, 0], [2, 5]]",0.6666666666666667,0.75,0.7916666666666667,2,0.2857142857142857,0,0.0,0.3846153846153846,0.8343847327428404,0.4879500364742666,0.3333333333333333,1.0,0.9617346938775511,0.6666666666666666,0.75,0.9166666666666666,0.8571428571428572,0.75,0.75,0.7142857142857143,1,1.0,5,0.7142857142857143
0.5681818181818182,0.5636363636363636,"{""clf__C"": 243.14537412227003, ""clf__gamma"": 0.0004992453416923984, ""clf__class_weight"": ""balanced""}",0.33125433301072194,"[[18, 15], [23, 32]]",arousal,0.5569687334393216,0.5681818181818182,0.5745892951775304,23,0.41818181818181815,,15,0.45454545454545453,0.12138728323699421,1.284160576825863,0.12351872721581553,subject_dependent,rbf_svm,0.43902439024390244,0.6808510638297872,0.729910178363768,0.5599377270368449,0.5681818181818182,0.5901660612350805,0.5636363636363636,0.5681818181818182,0.5681818181818182,0.5652892561983472,18,0.5454545454545454,32,0.5818181818181818,0.625,0.5666666666666667,0.26828190687636,"[[1, 2], [1, 4]]",0.5636363636363637,0.625,0.6045454545454546,1,0.2,2,0.6666666666666666,0.1428571428571429,0.8276847829878438,0.14907119849998599,0.5,0.6666666666666666,0.8350000000000001,0.5833333333333333,0.625,0.6041666666666666,0.5666666666666667,0.625,0.625,0.6666666666666667,1,0.3333333333333333,4,0.8
0.5795454545454546,0.5795454545454546,"{""clf__C"": 166.2878326769575, ""clf__gamma"": 0.008979064194712979, ""clf__class_weight"": ""balanced""}",0.317406658116324,"[[14, 30], [7, 37]]",arousal,0.5487179487179488,0.5795454545454546,0.5487179487179487,7,0.1590909090909091,,30,0.6818181818181818,0.15909090909090906,1.2411261069295632,0.18661690879115475,subject_dependent,rbf_svm,0.6666666666666666,0.5522388059701493,0.7420292961774665,0.6094527363184079,0.5795454545454546,0.609452736318408,0.5795454545454546,0.5795454545454546,0.5795454545454546,0.7164256198347108,14,0.3181818181818182,37,0.8409090909090909,0.625,0.625,0.25990534055868675,"[[1, 3], [0, 4]]",0.5636363636363637,0.625,0.5636363636363637,0,0.0,3,0.75,0.25,0.7222829419658949,0.3779644730092272,1.0,0.5714285714285714,0.8166666666666667,0.7857142857142857,0.625,0.7857142857142857,0.625,0.625,0.625,0.75,1,0.25,4,1.0
0.6818181818181818,0.6606060606060606,"{""clf__C"": 262.30889101079146, ""clf__gamma"": 0.0025135566617708314, ""clf__class_weight"": null}",0.2583468133709445,"[[19, 14], [14, 41]]",arousal,0.6606060606060606,0.6818181818181818,0.6818181818181818,14,0.2545454545454545,,14,0.42424242424242425,0.32121212121212117,1.0512883508308268,0.3212121212121212,subject_dependent,rbf_svm,0.5757575757575758,0.7454545454545455,0.8167352540791518,0.6606060606060606,0.6818181818181818,0.6818181818181818,0.6606060606060606,0.6818181818181818,0.6818181818181818,0.7151515151515152,19,0.5757575757575758,41,0.7454545454545455,0.625,0.6333333333333333,0.1941502015968789,"[[2, 1], [2, 3]]",0.6190476190476191,0.625,0.6309523809523809,2,0.4,1,0.3333333333333333,0.25,0.5474775370551347,0.2581988897471611,0.5,0.75,0.8766666666666667,0.625,0.625,0.65625,0.6333333333333333,0.625,0.625,0.8,2,0.6666666666666666,3,0.6
0.48863636363636365,0.48863636363636365,"{""clf__C"": 262.30889101079146, ""clf__gamma"": 0.0025135566617708314, ""clf__class_weight"": null}",0.3808491320049506,"[[18, 26], [19, 25]]",arousal,0.4853801169590643,0.48863636363636365,0.48538011695906425,19,0.4318181818181818,,26,0.5909090909090909,-0.022727272727272707,1.223193987930623,-0.023020462775806542,subject_dependent,rbf_svm,0.4864864864864865,0.49019607843137253,0.548068229503129,0.4883412824589295,0.48863636363636365,0.4883412824589295,0.48863636363636365,0.48863636363636365,0.48863636363636365,0.5139462809917354,18,0.4090909090909091,25,0.5681818181818182,0.5,0.5,0.31587434235043577,"[[2, 2], [2, 2]]",0.5,0.5,0.5,2,0.5,2,0.5,0.0,0.8601146591482772,0.0,0.5,0.5,0.6678571428571428,0.5,0.5,0.5,0.5,0.5,0.5,0.5625,2,0.5,2,0.5
0.5340909090909091,0.5666666666666667,"{""clf__C"": 243.14537412227003, ""clf__gamma"": 0.0004992453416923984, ""clf__class_weight"": ""balanced""}",0.3349822100443418,"[[24, 31], [10, 23]]",arousal,0.5340307374402686,0.5340909090909091,0.5353545137543588,10,0.30303030303030304,,31,0.5636363636363636,0.11827956989247312,0.9795674621502783,0.132568613111401,subject_dependent,rbf_svm,0.7058823529411765,0.42592592592592593,0.5918389496057448,0.5659041394335512,0.5340909090909091,0.6008986928104576,0.5666666666666667,0.5340909090909091,0.5340909090909091,0.631404958677686,24,0.43636363636363634,23,0.696969696969697,0.625,0.6333333333333333,0.27473060988658565,"[[3, 2], [1, 2]]",0.6190476190476191,0.625,0.6309523809523809,1,0.3333333333333333,2,0.4,0.25,0.7500684840415623,0.2581988897471611,0.75,0.5,0.6805555555555556,0.625,0.625,0.65625,0.6333333333333333,0.625,0.625,0.6,3,0.6,2,0.6666666666666666
0.5113636363636364,0.4818181818181818,"{""clf__C"": 166.2878326769575, ""clf__gamma"": 0.008979064194712979, ""clf__class_weight"": ""balanced""}",0.3747467524096289,"[[12, 21], [22, 33]]",arousal,0.481856771189922,0.5113636363636364,0.5127687251814322,22,0.4,,21,0.6363636363636364,-0.03614457831325302,2.212673646598811,-0.036155076303109365,subject_dependent,rbf_svm,0.35294117647058826,0.6111111111111112,0.5483318690294923,0.48202614379084974,0.5113636363636364,0.5142973856209151,0.4818181818181818,0.5113636363636364,0.5113636363636364,0.42369146005509645,12,0.36363636363636365,33,0.6,0.625,0.5666666666666667,0.2831962438824746,"[[1, 2], [1, 4]]",0.5636363636363637,0.625,0.6045454545454546,1,0.2,2,0.6666666666666666,0.1428571428571429,0.8414563797186893,0.14907119849998599,0.5,0.6666666666666666,0.7295238095238095,0.5833333333333333,0.625,0.6041666666666666,0.5666666666666667,0.625,0.625,0.5333333333333334,1,0.3333333333333333,4,0.8
0.5795454545454546,0.4939393939393939,"{""clf__C"": 0.6351054340728711, ""clf__gamma"": 0.0005285382203816729, ""clf__class_weight"": ""balanced""}",0.2511177366156149,"[[5, 28], [9, 46]]",arousal,0.46297212601022597,0.5795454545454546,0.5255236681510804,9,0.16363636363636364,,28,0.8484848484848485,-0.013698630136986356,0.7003079851599548,-0.016043698370396316,subject_dependent,rbf_svm,0.35714285714285715,0.6216216216216216,0.7428573297643356,0.48938223938223935,0.5795454545454546,0.5224420849420849,0.4939393939393939,0.5795454545454546,0.5795454545454546,0.5955922865013774,5,0.15151515151515152,46,0.8363636363636363,0.625,0.5666666666666667,0.2342913743765291,"[[1, 2], [1, 4]]",0.5636363636363637,0.625,0.6045454545454546,1,0.2,2,0.6666666666666666,0.1428571428571429,0.6600415688320599,0.14907119849998599,0.5,0.6666666666666666,0.7416666666666667,0.5833333333333333,0.625,0.6041666666666666,0.5666666666666667,0.625,0.625,0.5333333333333334,1,0.3333333333333333,4,0.8
0.5227272727272727,0.6060606060606061,"{""clf__C"": 0.40069130793659025, ""clf__gamma"": 0.0014899847475658245, ""clf__class_weight"": ""balanced""}",0.22851186147079472,"[[29, 37], [5, 17]]",arousal,0.5136842105263157,0.5227272727272727,0.5468421052631579,5,0.22727272727272727,,37,0.5606060606060606,0.1428571428571429,0.6453001254160431,0.18863881947270342,subject_dependent,rbf_svm,0.8529411764705882,0.3148148148148148,0.46257137373575097,0.5838779956427015,0.5227272727272727,0.7184095860566448,0.6060606060606061,0.5227272727272727,0.5227272727272727,0.6728650137741047,29,0.4393939393939394,17,0.7727272727272727,0.75,0.6666666666666667,0.21688011487976358,"[[5, 1], [1, 1]]",0.6666666666666667,0.75,0.75,1,0.5,1,0.16666666666666666,0.33333333333333337,0.6235847030019518,0.3333333333333333,0.8333333333333334,0.5,0.41666666666666663,0.6666666666666667,0.75,0.75,0.6666666666666667,0.75,0.75,0.5833333333333334,5,0.8333333333333334,1,0.5
0.7727272727272727,0.7575757575757576,"{""clf__C"": 0.40069130793659025, ""clf__gamma"": 0.0014899847475658245, ""clf__class_weight"": ""balanced""}",0.17873588989890662,"[[45, 10], [10, 23]]",arousal,0.7575757575757576,0.7727272727272727,0.7727272727272727,10,0.30303030303030304,,10,0.18181818181818182,0.5151515151515151,0.535629486653547,0.5151515151515151,subject_dependent,rbf_svm,0.8181818181818182,0.696969696969697,0.7301972039070277,0.7575757575757576,0.7727272727272727,0.7727272727272727,0.7575757575757576,0.7727272727272727,0.7727272727272727,0.7933884297520661,45,0.8181818181818182,23,0.696969696969697,0.75,0.6666666666666666,0.15738263419580928,"[[5, 0], [2, 1]]",0.6666666666666667,0.75,0.7083333333333334,2,0.6666666666666666,0,0.0,0.3846153846153846,0.4944100563387047,0.4879500364742666,0.7142857142857143,1.0,1.0,0.8571428571428572,0.75,0.8214285714285714,0.6666666666666666,0.75,0.75,1.0,5,1.0,1,0.3333333333333333
0.375,0.375,"{""clf__C"": 0.40069130793659025, ""clf__gamma"": 0.0014899847475658245, ""clf__class_weight"": ""balanced""}",,"[[33, 55], [0, 0]]",arousal,0.2727272727272727,0.375,0.5454545454545454,,,,,,0.0,,0.0,subject_dependent,rbf_svm,,,0.0,0.5,0.375,1.0,0.1875,0.375,0.375,nan,,,,,0.625,0.625,,"[[5, 3], [0, 0]]",0.38461538461538464,0.625,0.7692307692307693,,,,,0.0,,0.0,,,0.0,0.5,0.625,1.0,0.3125,0.625,0.625,nan,,,,
0.6022727272727273,0.34415584415584416,"{""clf__C"": 13.411788774467905, ""clf__gamma"": 0.00026210878782654407, ""clf__class_weight"": ""balanced""}",0.305133264889435,"[[0, 11], [24, 53]]",arousal,0.375886524822695,0.6022727272727273,0.6578014184397163,24,0.3116883116883117,,11,1.0,-0.2068965517241379,0.8917820102747233,-0.23145502494313785,subject_dependent,rbf_svm,0.0,0.828125,0.9121814563931643,0.4140625,0.6022727272727273,0.724609375,0.34415584415584416,0.6022727272727273,0.6022727272727273,0.5112160566706021,0,0.0,53,0.6883116883116883,0.625,0.35714285714285715,0.2767628924801557,"[[0, 1], [2, 5]]",0.38461538461538464,0.625,0.6730769230769231,2,0.2857142857142857,1,1.0,-0.19999999999999996,0.8028968965043757,-0.2182178902359924,0.0,0.8333333333333334,0.9617346938775511,0.4166666666666667,0.625,0.7291666666666667,0.35714285714285715,0.625,0.625,0.7142857142857143,0,0.0,5,0.7142857142857143
0.4772727272727273,0.4696969696969697,"{""clf__C"": 166.2878326769575, ""clf__gamma"": 0.008979064194712979, ""clf__class_weight"": ""balanced""}",0.35875349366672105,"[[10, 12], [34, 32]]",arousal,0.4424242424242424,0.4772727272727273,0.5121212121212121,34,0.5151515151515151,,12,0.5454545454545454,-0.045454545454545414,1.0693946105638883,-0.0524863881081478,subject_dependent,rbf_svm,0.22727272727272727,0.7272727272727273,0.7435549096904346,0.4772727272727273,0.4772727272727273,0.6022727272727273,0.4696969696969697,0.4772727272727273,0.4772727272727273,0.47933884297520657,10,0.45454545454545453,32,0.48484848484848486,0.5,0.5,0.275587961376226,"[[1, 1], [3, 3]]",0.4666666666666667,0.5,0.5333333333333333,3,0.5,1,0.5,0.0,0.7488264469672248,0.0,0.25,0.75,0.7801587301587302,0.5,0.5,0.625,0.5,0.5,0.5,0.41666666666666663,1,0.5,3,0.5
0.6363636363636364,0.6363636363636364,"{""clf__C"": 0.40069130793659025, ""clf__gamma"": 0.0014899847475658245, ""clf__class_weight"": ""balanced""}",0.2747762058719115,"[[21, 12], [20, 35]]",arousal,0.6269210386857446,0.6363636363636364,0.6417594064652888,20,0.36363636363636365,,12,0.36363636363636365,0.2601156069364162,0.7432069392384745,0.26468298689103326,subject_dependent,rbf_svm,0.5121951219512195,0.7446808510638298,0.6977999236137322,0.6284379865075247,0.6363636363636364,0.6574987026466009,0.6363636363636364,0.6363636363636364,0.6363636363636364,0.6176308539944904,21,0.6363636363636364,35,0.6363636363636364,0.375,0.5,0.27423931392286655,"[[3, 0], [5, 0]]",0.2727272727272727,0.375,0.20454545454545453,5,1.0,0,0.0,0.0,0.7419752686249235,0.0,0.375,0.0,0.7861904761904762,0.1875,0.375,0.140625,0.5,0.375,0.375,0.6666666666666667,3,1.0,0,0.0
0.48863636363636365,0.5121212121212121,"{""clf__C"": 1.351144633701368, ""clf__gamma"": 0.015446089075047083, ""clf__class_weight"": ""balanced""}",0.3340909394524059,"[[20, 13], [32, 23]]",arousal,0.48804137039431156,0.48863636363636365,0.4924046541693601,32,0.5818181818181818,,13,0.3939393939393939,0.021739130434782594,0.9495058516663781,0.02387049580131443,subject_dependent,rbf_svm,0.38461538461538464,0.6388888888888888,0.644663138231962,0.5117521367521367,0.48863636363636365,0.5435363247863247,0.5121212121212121,0.48863636363636365,0.48863636363636365,0.48705234159779615,20,0.6060606060606061,23,0.41818181818181815,0.625,0.7,0.2947881530928646,"[[3, 0], [3, 2]]",0.6190476190476191,0.625,0.6071428571428571,3,0.6,0,0.0,0.33333333333333337,0.8045164423315471,0.4472135954999579,0.5,1.0,0.7892857142857144,0.75,0.625,0.8125,0.7,0.625,0.625,0.5333333333333333,3,1.0,2,0.4
0.38636363636363635,0.43939393939393934,"{""clf__C"": 243.14537412227003, ""clf__gamma"": 0.0004992453416923984, ""clf__class_weight"": ""balanced""}",0.3143886763766019,"[[22, 44], [10, 12]]",arousal,0.37833594976452123,0.38636363636363635,0.413657770800628,10,0.45454545454545453,,44,0.6666666666666666,-0.08000000000000007,0.8359665031872077,-0.1091089451179962,subject_dependent,rbf_svm,0.6875,0.21428571428571427,0.24398028689626292,0.45089285714285715,0.38636363636363635,0.5691964285714286,0.43939393939393934,0.38636363636363635,0.38636363636363635,0.4276859504132232,22,0.3333333333333333,12,0.5454545454545454,0.5,0.6666666666666666,0.28418225248943213,"[[2, 4], [0, 2]]",0.5,0.5,0.5,0,0.0,4,0.6666666666666666,0.19999999999999996,0.7624741506765957,0.3333333333333333,1.0,0.3333333333333333,0.26666666666666666,0.6666666666666666,0.5,0.8333333333333334,0.6666666666666666,0.5,0.5,0.33333333333333337,2,0.3333333333333333,2,1.0
0.4659090909090909,0.4818181818181818,"{""clf__C"": 48.43827864278568, ""clf__gamma"": 0.00039459088111000007, ""clf__class_weight"": ""balanced""}",0.37968648178645653,"[[18, 15], [32, 23]]",arousal,0.46417929783650735,0.4659090909090909,0.4717903873558751,32,0.5818181818181818,,15,0.45454545454545453,-0.03296703296703307,1.074234058770287,-0.03554093266554555,subject_dependent,rbf_svm,0.36,0.6052631578947368,0.5764424965090537,0.4826315789473684,0.4659090909090909,0.5132894736842105,0.4818181818181818,0.4659090909090909,0.4659090909090909,0.42589531680440773,18,0.5454545454545454,23,0.41818181818181815,0.375,0.43333333333333335,0.32945758751787674,"[[2, 1], [4, 1]]",0.36507936507936506,0.375,0.34523809523809523,4,0.8,1,0.3333333333333333,-0.11111111111111116,0.8616830180079391,-0.14907119849998599,0.3333333333333333,0.5,0.5592857142857143,0.41666666666666663,0.375,0.4375,0.43333333333333335,0.375,0.375,0.26666666666666666,2,0.6666666666666666,1,0.2
0.42045454545454547,0.40909090909090906,"{""clf__C"": 0.40069130793659025, ""clf__gamma"": 0.0014899847475658245, ""clf__class_weight"": ""balanced""}",0.39234942012808566,"[[12, 21], [30, 25]]",arousal,0.40752475247524755,0.42045454545454547,0.4294059405940594,30,0.5454545454545454,,21,0.6363636363636364,-0.17241379310344818,1.0718580193799538,-0.17622684421256035,subject_dependent,rbf_svm,0.2857142857142857,0.5434782608695652,0.5433533843066464,0.41459627329192544,0.42045454545454547,0.4468167701863354,0.40909090909090906,0.42045454545454547,0.42045454545454547,0.38898071625344355,12,0.36363636363636365,25,0.45454545454545453,0.375,0.43333333333333335,0.37815318785856544,"[[2, 1], [4, 1]]",0.36507936507936506,0.375,0.34523809523809523,4,0.8,1,0.3333333333333333,-0.11111111111111116,1.0047508023837775,-0.14907119849998599,0.3333333333333333,0.5,0.5783333333333334,0.41666666666666663,0.375,0.4375,0.43333333333333335,0.375,0.375,0.33333333333333337,2,0.6666666666666666,1,0.2
0.5454545454545454,0.5393939393939393,"{""clf__C"": 0.40069130793659025, ""clf__gamma"": 0.0014899847475658245, ""clf__class_weight"": ""balanced""}",0.24895920300606866,"[[31, 24], [16, 17]]",arousal,0.5336512983571807,0.5454545454545454,0.552199258081611,16,0.48484848484848486,,24,0.43636363636363634,0.07514450867052025,0.6875477425552226,0.07646397399074295,subject_dependent,rbf_svm,0.6595744680851063,0.4146341463414634,0.40188226234393054,0.5371043072132848,0.5454545454545454,0.5677218474312402,0.5393939393939393,0.5454545454545454,0.5454545454545454,0.5707988980716254,31,0.5636363636363636,17,0.5151515151515151,0.625,0.5666666666666667,0.232082888154203,"[[4, 1], [2, 1]]",0.5636363636363637,0.625,0.6045454545454546,2,0.6666666666666666,1,0.2,0.1428571428571429,0.6534733611483177,0.14907119849998599,0.6666666666666666,0.5,0.5555555555555556,0.5833333333333333,0.625,0.6041666666666666,0.5666666666666667,0.625,0.625,0.6666666666666666,4,0.8,1,0.3333333333333333
0.6590909090909091,0.6848484848484848,"{""clf__C"": 0.6351054340728711, ""clf__gamma"": 0.0005285382203816729, ""clf__class_weight"": ""balanced""}",0.2076479025138764,"[[32, 23], [7, 26]]",arousal,0.6574987026466009,0.6590909090909091,0.6633367929423976,7,0.21212121212121213,,23,0.41818181818181815,0.3370165745856354,0.5992967197857635,0.36029137190198646,subject_dependent,rbf_svm,0.8205128205128205,0.5306122448979592,0.5586089377828631,0.6755625327053898,0.6590909090909091,0.7118001046572474,0.6848484848484848,0.6590909090909091,0.6590909090909091,0.7057851239669422,32,0.5818181818181818,26,0.7878787878787878,0.75,0.7333333333333334,0.1963585107562521,"[[4, 1], [1, 2]]",0.7333333333333334,0.75,0.75,1,0.3333333333333333,1,0.2,0.4666666666666667,0.5758052732170712,0.4666666666666667,0.8,0.6666666666666666,0.5888888888888888,0.7333333333333334,0.75,0.75,0.7333333333333334,0.75,0.75,0.7333333333333333,4,0.8,2,0.6666666666666666
0.36363636363636365,0.34545454545454546,"{""clf__C"": 0.21466070134458173, ""clf__gamma"": 0.0012955517240662183, ""clf__class_weight"": ""balanced""}",0.39170288447987356,"[[9, 24], [32, 23]]",arousal,0.347111817700053,0.36363636363636365,0.3730789613142554,32,0.5818181818181818,,24,0.7272727272727273,-0.2947976878612717,1.0378325606193461,-0.2999740518098377,subject_dependent,rbf_svm,0.21951219512195122,0.48936170212765956,0.5158797151509834,0.3544369486248054,0.36363636363636365,0.38816813700051894,0.34545454545454546,0.36363636363636365,0.36363636363636365,0.32396694214876026,9,0.2727272727272727,23,0.41818181818181815,0.125,0.16666666666666666,0.3666045502982965,"[[1, 2], [5, 0]]",0.1111111111111111,0.125,0.08333333333333333,5,1.0,2,0.6666666666666666,-0.5555555555555556,0.9421624711641224,-0.7453559924999299,0.16666666666666666,0.0,0.5449999999999999,0.08333333333333333,0.125,0.0625,0.16666666666666666,0.125,0.125,0.2666666666666667,1,0.3333333333333333,0,0.0
0.6477272727272727,0.6333333333333333,"{""clf__C"": 0.40069130793659025, ""clf__gamma"": 0.0014899847475658245, ""clf__class_weight"": ""balanced""}",0.26472697342991447,"[[19, 14], [17, 38]]",arousal,0.6305025057564675,0.6477272727272727,0.6504469727752945,17,0.3090909090909091,,14,0.42424242424242425,0.26190476190476186,0.7256371772087195,0.26257545381445874,subject_dependent,rbf_svm,0.5277777777777778,0.7307692307692307,0.7867300452966889,0.6292735042735043,0.6477272727272727,0.654647435897436,0.6333333333333333,0.6477272727272727,0.6477272727272727,0.7005509641873279,19,0.5757575757575758,38,0.6909090909090909,0.5,0.6,0.25067477486708534,"[[3, 0], [4, 1]]",0.4666666666666667,0.5,0.4333333333333333,4,0.8,0,0.0,0.1578947368421053,0.6929091577941455,0.29277002188455997,0.42857142857142855,1.0,0.9028571428571428,0.7142857142857143,0.5,0.7857142857142857,0.6,0.5,0.5,0.8,3,1.0,1,0.2
0.5340909090909091,0.553030303030303,"{""clf__C"": 32.32518791282502, ""clf__gamma"": 0.0005104518230902811, ""clf__class_weight"": ""balanced""}",0.3716870822760121,"[[13, 9], [32, 34]]",arousal,0.5059564562508558,0.5340909090909091,0.5649048336300151,32,0.48484848484848486,,9,0.4090909090909091,0.0786516853932584,1.0779281112328996,0.09187491027845174,subject_dependent,rbf_svm,0.28888888888888886,0.7906976744186046,0.7483851264910083,0.5397932816537467,0.5340909090909091,0.6652454780361757,0.553030303030303,0.5340909090909091,0.5340909090909091,0.5137741046831956,13,0.5909090909090909,34,0.5151515151515151,0.375,0.41666666666666663,0.3259241683715693,"[[1, 1], [4, 2]]",0.36507936507936506,0.375,0.40476190476190477,4,0.6666666666666666,1,0.5,-0.11111111111111116,0.8618688866774149,-0.14907119849998599,0.2,0.6666666666666666,0.8555555555555556,0.43333333333333335,0.375,0.55,0.41666666666666663,0.375,0.375,0.5833333333333334,1,0.5,2,0.3333333333333333
0.6477272727272727,0.603030303030303,"{""clf__C"": 243.14537412227003, ""clf__gamma"": 0.0004992453416923984, ""clf__class_weight"": ""balanced""}",0.23768643271043158,"[[43, 12], [19, 14]]",arousal,0.6048095031145879,0.6477272727272727,0.6373678110966247,19,0.5757575757575758,,12,0.21818181818181817,0.21518987341772156,0.7191074044984064,0.21865064800412096,subject_dependent,rbf_svm,0.6935483870967742,0.5384615384615384,0.5643274321224052,0.6160049627791564,0.6477272727272727,0.6353908188585607,0.603030303030303,0.6477272727272727,0.6477272727272727,0.646831955922865,43,0.7818181818181819,14,0.42424242424242425,0.75,0.6666666666666666,0.189935083944681,"[[5, 0], [2, 1]]",0.6666666666666667,0.75,0.7083333333333334,2,0.6666666666666666,0,0.0,0.3846153846153846,0.5667326331844269,0.4879500364742666,0.7142857142857143,1.0,0.7222222222222223,0.8571428571428572,0.75,0.8214285714285714,0.6666666666666666,0.75,0.75,0.7333333333333333,5,1.0,1,0.3333333333333333
0.5681818181818182,0.5681818181818181,"{""clf__C"": 5.2117930643778205, ""clf__gamma"": 0.0036999724314638123, ""clf__class_weight"": null}",0.2697568773195092,"[[35, 9], [29, 15]]",arousal,0.5446623093681917,0.5681818181818182,0.5446623093681917,29,0.6590909090909091,,9,0.20454545454545456,0.13636363636363635,0.816509618788796,0.15309310892394862,subject_dependent,rbf_svm,0.546875,0.625,0.704850402301714,0.5859375,0.5681818181818182,0.5859375,0.5681818181818181,0.5681818181818182,0.5681818181818182,0.6720041322314049,35,0.7954545454545454,15,0.3409090909090909,0.75,0.75,0.22539039108525286,"[[4, 0], [2, 2]]",0.7333333333333334,0.75,0.7333333333333334,2,0.5,0,0.0,0.5,0.691622466617321,0.5773502691896258,0.6666666666666666,1.0,0.875,0.8333333333333333,0.75,0.8333333333333333,0.75,0.75,0.75,0.75,4,1.0,2,0.5
0.5454545454545454,0.5454545454545454,"{""clf__C"": 0.40069130793659025, ""clf__gamma"": 0.0014899847475658245, ""clf__class_weight"": ""balanced""}",0.2695640543665991,"[[42, 2], [38, 6]]",arousal,0.4540942928039702,0.5454545454545454,0.4540942928039702,38,0.8636363636363636,,2,0.045454545454545456,0.09090909090909094,0.736883233453394,0.15811388300841897,subject_dependent,rbf_svm,0.525,0.75,0.6446372251975048,0.6375,0.5454545454545454,0.6375000000000001,0.5454545454545454,0.5454545454545454,0.5454545454545454,0.6022727272727273,42,0.9545454545454546,6,0.13636363636363635,0.5,0.5,0.2672568413297397,"[[4, 0], [4, 0]]",0.3333333333333333,0.5,0.3333333333333333,4,1.0,0,0.0,0.0,0.730121267221705,0.0,0.5,0.0,0.7678571428571428,0.25,0.5,0.25,0.5,0.5,0.5,0.625,4,1.0,0,0.0
0.4772727272727273,0.5303030303030303,"{""clf__C"": 183.42628625395747, ""clf__gamma"": 0.0001005394019469303, ""clf__class_weight"": ""balanced""}",0.32137621524986065,"[[28, 38], [8, 14]]",arousal,0.46369899311075785,0.4772727272727273,0.5063593004769475,8,0.36363636363636365,,38,0.5757575757575758,0.04166666666666663,0.9229863156791486,0.05337605126836238,subject_dependent,rbf_svm,0.7777777777777778,0.2692307692307692,0.2792883669171867,0.5235042735042735,0.4772727272727273,0.6506410256410257,0.5303030303030303,0.4772727272727273,0.4772727272727273,0.5323691460055097,28,0.42424242424242425,14,0.6363636363636364,0.625,0.75,0.2672446010414852,"[[3, 3], [0, 2]]",0.6190476190476191,0.625,0.6428571428571428,0,0.0,3,0.5,0.33333333333333337,0.7311504686889908,0.4472135954999579,1.0,0.4,0.325,0.7,0.625,0.85,0.75,0.625,0.625,0.5,3,0.5,2,1.0
0.4318181818181818,0.42424242424242425,"{""clf__C"": 0.40069130793659025, ""clf__gamma"": 0.0014899847475658245, ""clf__class_weight"": ""balanced""}",0.3353070212756639,"[[9, 13], [37, 29]]",arousal,0.40087145969498916,0.4318181818181818,0.4689542483660131,37,0.5606060606060606,,13,0.5909090909090909,-0.11111111111111116,0.9167184309337806,-0.13135173437318345,subject_dependent,rbf_svm,0.1956521739130435,0.6904761904761905,0.7487379596307111,0.44306418219461696,0.4318181818181818,0.5667701863354037,0.42424242424242425,0.4318181818181818,0.4318181818181818,0.44283746556473824,9,0.4090909090909091,29,0.4393939393939394,0.5,0.5,0.3204830636138206,"[[1, 1], [3, 3]]",0.4666666666666667,0.5,0.5333333333333333,3,0.5,1,0.5,0.0,0.8665561179843035,0.0,0.25,0.75,0.8,0.5,0.5,0.625,0.5,0.5,0.5,0.5,1,0.5,3,0.5
0.42045454545454547,0.4204545454545454,"{""clf__C"": 262.30889101079146, ""clf__gamma"": 0.0025135566617708314, ""clf__class_weight"": null}",0.4809332378681592,"[[15, 29], [22, 22]]",arousal,0.4167641325536062,0.42045454545454547,0.41676413255360617,22,0.5,,29,0.6590909090909091,-0.15909090909090917,1.9160455353117454,-0.1611432394306458,subject_dependent,rbf_svm,0.40540540540540543,0.43137254901960786,0.42202673019777925,0.4183889772125067,0.42045454545454547,0.4183889772125067,0.4204545454545454,0.42045454545454547,0.42045454545454547,0.35743801652892565,15,0.3409090909090909,22,0.5,0.25,0.25,0.404444531738722,"[[0, 4], [2, 2]]",0.2,0.25,0.2,2,0.5,4,1.0,-0.5,1.0823977122929662,-0.5773502691896258,0.0,0.3333333333333333,0.6488095238095237,0.16666666666666666,0.25,0.16666666666666666,0.25,0.25,0.25,0.4375,0,0.0,2,0.5
0.5,0.5,"{""clf__C"": 183.42628625395747, ""clf__gamma"": 0.0001005394019469303, ""clf__class_weight"": ""balanced""}",0.2978193801935495,"[[19, 25], [19, 25]]",arousal,0.49766476388168135,0.5,0.4976647638816814,19,0.4318181818181818,,25,0.5681818181818182,0.0,0.8135309389135085,0.0,subject_dependent,rbf_svm,0.5,0.5,0.5928329962840075,0.5,0.5,0.5,0.5,0.5,0.5,0.5237603305785123,19,0.4318181818181818,25,0.5681818181818182,0.625,0.625,0.2606413392453235,"[[1, 3], [0, 4]]",0.5636363636363637,0.625,0.5636363636363637,0,0.0,3,0.75,0.25,0.7153695513289537,0.3779644730092272,1.0,0.5714285714285714,0.6428571428571428,0.7857142857142857,0.625,0.7857142857142857,0.625,0.625,0.625,0.5,1,0.25,4,1.0
0.5113636363636364,0.5242424242424243,"{""clf__C"": 262.30889101079146, ""clf__gamma"": 0.0025135566617708314, ""clf__class_weight"": null}",0.3715022476591703,"[[26, 29], [14, 19]]",arousal,0.5082521117608837,0.5113636363636364,0.5180311890838207,14,0.42424242424242425,,29,0.5272727272727272,0.0444444444444444,1.250774267549374,0.04714045207910317,subject_dependent,rbf_svm,0.65,0.3958333333333333,0.46064771881797717,0.5229166666666667,0.5113636363636364,0.5546875,0.5242424242424243,0.5113636363636364,0.5113636363636364,0.537741046831956,26,0.4727272727272727,19,0.5757575757575758,0.375,0.43333333333333335,0.29289496391100156,"[[1, 4], [1, 2]]",0.36507936507936506,0.375,0.34523809523809523,1,0.3333333333333333,4,0.8,-0.11111111111111116,0.8078603982041377,-0.14907119849998599,0.5,0.3333333333333333,0.7916666666666666,0.41666666666666663,0.375,0.4375,0.43333333333333335,0.375,0.375,0.6666666666666666,1,0.2,2,0.6666666666666666
0.5909090909090909,0.5757575757575757,"{""clf__C"": 243.14537412227003, ""clf__gamma"": 0.0004992453416923984, ""clf__class_weight"": ""balanced""}",0.2609688574452314,"[[12, 10], [26, 40]]",arousal,0.5448275862068965,0.5909090909090909,0.6172413793103448,26,0.3939393939393939,,10,0.45454545454545453,0.12195121951219512,0.7349879387971382,0.13245323570650439,subject_dependent,rbf_svm,0.3157894736842105,0.8,0.8502879471793608,0.5578947368421052,0.5909090909090909,0.6789473684210526,0.5757575757575757,0.5909090909090909,0.5909090909090909,0.6050275482093663,12,0.5454545454545454,40,0.6060606060606061,0.625,0.75,0.2217072395231743,"[[2, 0], [3, 3]]",0.6190476190476191,0.625,0.6428571428571428,3,0.5,0,0.0,0.33333333333333337,0.6291762473896992,0.4472135954999579,0.4,1.0,0.9305555555555556,0.7,0.625,0.85,0.75,0.625,0.625,0.75,2,1.0,3,0.5
0.2727272727272727,0.40909090909090906,"{""clf__C"": 0.40069130793659025, ""clf__gamma"": 0.0014899847475658245, ""clf__class_weight"": ""balanced""}",0.3964279404343112,"[[15, 7], [57, 9]]",arousal,0.269330565646082,0.2727272727272727,0.24442138038401662,57,0.8636363636363636,,7,0.3181818181818182,-0.10344827586206895,1.0412842747737603,-0.2041241452319315,subject_dependent,rbf_svm,0.20833333333333334,0.5625,0.687552035544125,0.3854166666666667,0.2727272727272727,0.47395833333333337,0.40909090909090906,0.2727272727272727,0.2727272727272727,0.3422865013774105,15,0.6818181818181818,9,0.13636363636363635,0.25,0.5,0.38537044135700144,"[[2, 0], [6, 0]]",0.2,0.25,0.1,6,1.0,0,0.0,0.0,0.9914075105627753,0.0,0.25,0.0,0.6746031746031745,0.125,0.25,0.0625,0.5,0.25,0.25,0.25,2,1.0,0,0.0
0.4318181818181818,0.4318181818181818,"{""clf__C"": 100.2571297605856, ""clf__gamma"": 0.0074112997810832455, ""clf__class_weight"": ""balanced""}",0.4563420590693381,"[[18, 26], [24, 20]]",arousal,0.4315245478036176,0.4318181818181818,0.43152454780361754,24,0.5454545454545454,,26,0.5909090909090909,-0.13636363636363646,1.6060798583674667,-0.136504726557987,subject_dependent,rbf_svm,0.42857142857142855,0.43478260869565216,0.4396535854218483,0.43167701863354035,0.4318181818181818,0.43167701863354035,0.4318181818181818,0.4318181818181818,0.4318181818181818,0.3543388429752066,18,0.4090909090909091,20,0.45454545454545453,0.375,0.375,0.3646100113695931,"[[1, 3], [2, 2]]",0.36507936507936506,0.375,0.36507936507936506,2,0.5,3,0.75,-0.25,1.0140944726954646,-0.2581988897471611,0.3333333333333333,0.4,0.5238095238095237,0.3666666666666667,0.375,0.3666666666666667,0.375,0.375,0.375,0.375,1,0.25,2,0.5
0.4659090909090909,0.46590909090909094,"{""clf__C"": 12.957079329680445, ""clf__gamma"": 0.00032476735706274504, ""clf__class_weight"": null}",0.33295350296963927,"[[33, 11], [36, 8]]",arousal,0.4190195252142155,0.4659090909090909,0.41901952521421554,36,0.8181818181818182,,11,0.25,-0.06818181818181812,0.9265375074911724,-0.08285522649991611,subject_dependent,rbf_svm,0.4782608695652174,0.42105263157894735,0.46640362832156457,0.4496567505720824,0.4659090909090909,0.4496567505720824,0.46590909090909094,0.4659090909090909,0.4659090909090909,0.43130165289256195,33,0.75,8,0.18181818181818182,0.5,0.5,0.3048128163852031,"[[4, 0], [4, 0]]",0.3333333333333333,0.5,0.3333333333333333,4,1.0,0,0.0,0.0,0.8141443160784521,0.0,0.5,0.0,0.5178571428571428,0.25,0.5,0.25,0.5,0.5,0.5,0.4375,4,1.0,0,0.0
0.6022727272727273,0.6022727272727273,"{""clf__C"": 262.30889101079146, ""clf__gamma"": 0.0025135566617708314, ""clf__class_weight"": null}",0.31427089842884787,"[[31, 13], [22, 22]]",arousal,0.5980686415242071,0.6022727272727273,0.5980686415242072,22,0.5,,13,0.29545454545454547,0.20454545454545459,0.9891282692782958,0.20896355709565745,subject_dependent,rbf_svm,0.5849056603773585,0.6285714285714286,0.6260564458614848,0.6067385444743936,0.6022727272727273,0.6067385444743935,0.6022727272727273,0.6022727272727273,0.6022727272727273,0.5653409090909091,31,0.7045454545454546,22,0.5,0.75,0.75,0.23047211820100713,"[[4, 0], [2, 2]]",0.7333333333333334,0.75,0.7333333333333334,2,0.5,0,0.0,0.5,0.6568606730723744,0.5773502691896258,0.6666666666666666,1.0,0.7678571428571428,0.8333333333333333,0.75,0.8333333333333333,0.75,0.75,0.75,0.625,4,1.0,2,0.5
0.4090909090909091,0.3939393939393939,"{""clf__C"": 243.14537412227003, ""clf__gamma"": 0.0004992453416923984, ""clf__class_weight"": ""balanced""}",0.32017548879065677,"[[28, 38], [14, 8]]",arousal,0.3769063180827886,0.4090909090909091,0.4477124183006536,14,0.6363636363636364,,38,0.5757575757575758,-0.15555555555555545,0.8608260366818093,-0.18389242812245682,subject_dependent,rbf_svm,0.6666666666666666,0.17391304347826086,0.19497825854614714,0.42028985507246375,0.4090909090909091,0.5434782608695653,0.3939393939393939,0.4090909090909091,0.4090909090909091,0.3595041322314049,28,0.42424242424242425,8,0.36363636363636365,0.5,0.5,0.29609351928078975,"[[3, 3], [1, 1]]",0.4666666666666667,0.5,0.5333333333333333,1,0.5,3,0.5,0.0,0.7899274911333087,0.0,0.75,0.25,0.25,0.5,0.5,0.625,0.5,0.5,0.5,0.25,3,0.5,1,0.5
0.7159090909090909,0.7606060606060606,"{""clf__C"": 64.69870699850829, ""clf__gamma"": 0.0008200518402245837, ""clf__class_weight"": null}",0.2263378434597671,"[[31, 2], [23, 32]]",arousal,0.7158724008782126,0.7159090909090909,0.7166795815575359,23,0.41818181818181815,,2,0.06060606060606061,0.4623655913978495,0.785863354964759,0.5182227603445676,subject_dependent,rbf_svm,0.5740740740740741,0.9411764705882353,0.8914994379360538,0.7576252723311547,0.7159090909090909,0.8035130718954249,0.7606060606060606,0.7159090909090909,0.7159090909090909,0.7812672176308539,31,0.9393939393939394,32,0.5818181818181818,0.75,0.8,0.17493413559954796,"[[3, 0], [2, 3]]",0.75,0.75,0.75,2,0.4,0,0.0,0.5294117647058824,0.5396787141377801,0.6,0.6,1.0,0.9428571428571428,0.8,0.75,0.85,0.8,0.75,0.75,0.8666666666666667,3,1.0,3,0.6
0.4659090909090909,0.44545454545454544,"{""clf__C"": 160.49758307716223, ""clf__gamma"": 0.00018427970406864567, ""clf__class_weight"": null}",0.3667793291047605,"[[12, 21], [26, 29]]",arousal,0.44520456069751846,0.4659090909090909,0.4719986586183769,26,0.4727272727272727,,21,0.6363636363636364,-0.10588235294117654,1.4258456245401907,-0.10662279799663663,subject_dependent,rbf_svm,0.3157894736842105,0.58,0.6338589687464651,0.44789473684210523,0.4659090909090909,0.4809210526315789,0.44545454545454544,0.4659090909090909,0.4659090909090909,0.5112947658402204,12,0.36363636363636365,29,0.5272727272727272,0.75,0.7333333333333334,0.2863435311474143,"[[2, 1], [1, 4]]",0.7333333333333334,0.75,0.75,1,0.2,1,0.3333333333333333,0.4666666666666667,0.8133155016709598,0.4666666666666667,0.6666666666666666,0.8,0.7683333333333333,0.7333333333333334,0.75,0.75,0.7333333333333334,0.75,0.75,0.6000000000000001,2,0.6666666666666666,4,0.8
0.4431818181818182,0.6287878787878788,"{""clf__C"": 2.0059560245279644, ""clf__gamma"": 0.07114476009343425, ""clf__class_weight"": null}",0.3629722877529333,"[[22, 0], [49, 17]]",arousal,0.44137841689338,0.4431818181818182,0.4255084855551237,49,0.7424242424242424,,0,0.0,0.14782608695652177,1.2038403474080253,0.28251054240996026,subject_dependent,rbf_svm,0.30985915492957744,1.0,0.9306377108256798,0.6549295774647887,0.4431818181818182,0.8274647887323944,0.6287878787878788,0.4431818181818182,0.4431818181818182,0.796831955922865,22,1.0,17,0.25757575757575757,0.375,0.5833333333333334,0.3220433110678985,"[[2, 0], [5, 1]]",0.36507936507936506,0.375,0.32539682539682535,5,0.8333333333333334,0,0.0,0.09090909090909094,0.8684869021441992,0.2182178902359924,0.2857142857142857,1.0,1.0,0.6428571428571428,0.375,0.8214285714285714,0.5833333333333334,0.375,0.375,1.0,2,1.0,1,0.16666666666666666
0.6818181818181818,0.7878787878787878,"{""clf__C"": 243.14537412227003, ""clf__gamma"": 0.0004992453416923984, ""clf__class_weight"": ""balanced""}",0.20539409860222613,"[[22, 0], [28, 38]]",arousal,0.670940170940171,0.6818181818181818,0.7008547008547008,28,0.42424242424242425,,0,0.0,0.4042553191489362,0.6077972288291439,0.5033222956847166,subject_dependent,rbf_svm,0.44,1.0,0.9656267220481761,0.72,0.6818181818181818,0.8600000000000001,0.7878787878787878,0.6818181818181818,0.6818181818181818,0.8918732782369145,22,1.0,38,0.5757575757575758,0.75,0.8333333333333333,0.17803088749555943,"[[2, 0], [2, 4]]",0.7333333333333334,0.75,0.7666666666666667,2,0.3333333333333333,0,0.0,0.5,0.5285909568374709,0.5773502691896258,0.5,1.0,0.9761904761904762,0.75,0.75,0.875,0.8333333333333333,0.75,0.75,0.9166666666666667,2,1.0,4,0.6666666666666666
0.48863636363636365,0.5075757575757576,"{""clf__C"": 48.43827864278568, ""clf__gamma"": 0.00039459088111000007, ""clf__class_weight"": ""balanced""}",0.34295155396234106,"[[31, 35], [10, 12]]",arousal,0.46363266964648514,0.48863636363636365,0.5215359609914668,10,0.45454545454545453,,35,0.5303030303030303,0.01098901098901095,1.103577316598232,0.01315220335946747,subject_dependent,rbf_svm,0.7560975609756098,0.2553191489361702,0.29862541350173666,0.50570835495589,0.48863636363636365,0.6309029579657499,0.5075757575757576,0.48863636363636365,0.48863636363636365,0.5888429752066116,31,0.4696969696969697,12,0.5454545454545454,0.5,0.6666666666666666,0.28747953241240976,"[[2, 4], [0, 2]]",0.5,0.5,0.5,0,0.0,4,0.6666666666666666,0.19999999999999996,0.8004090011720679,0.3333333333333333,1.0,0.3333333333333333,0.45,0.6666666666666666,0.5,0.8333333333333334,0.6666666666666666,0.5,0.5,0.6666666666666667,2,0.3333333333333333,2,1.0
0.4431818181818182,0.5303030303030303,"{""clf__C"": 7.709391232564023, ""clf__gamma"": 0.00026471141828218194, ""clf__class_weight"": null}",0.3784325360857164,"[[10, 45], [4, 29]]",arousal,0.41595557361506164,0.4431818181818182,0.38443044832723816,4,0.12121212121212122,,45,0.8181818181818182,0.04854368932038833,1.171751946531988,0.08021849185198159,subject_dependent,rbf_svm,0.7142857142857143,0.3918918918918919,0.4418437613922486,0.553088803088803,0.4431818181818182,0.5933880308880308,0.5303030303030303,0.4431818181818182,0.4431818181818182,0.5878787878787879,10,0.18181818181818182,29,0.8787878787878788,0.375,0.5,0.3614609914810714,"[[0, 5], [0, 3]]",0.2727272727272727,0.375,0.20454545454545453,0,0.0,5,1.0,0.0,1.0251079348784113,0.0,0.0,0.375,0.6428571428571429,0.1875,0.375,0.140625,0.5,0.375,0.375,0.6,0,0.0,3,1.0
0.6477272727272727,0.6454545454545455,"{""clf__C"": 166.2878326769575, ""clf__gamma"": 0.008979064194712979, ""clf__class_weight"": ""balanced""}",0.28534307610753235,"[[21, 12], [19, 36]]",arousal,0.6371857959835084,0.6477272727272727,0.6526466285410294,19,0.34545454545454546,,12,0.36363636363636365,0.2790697674418605,1.0396330441620896,0.282842712474619,subject_dependent,rbf_svm,0.525,0.75,0.7666892572143515,0.6375,0.6477272727272727,0.665625,0.6454545454545455,0.6477272727272727,0.6477272727272727,0.6418732782369145,21,0.6363636363636364,36,0.6545454545454545,0.625,0.6333333333333333,0.21700192869692012,"[[2, 1], [2, 3]]",0.6190476190476191,0.625,0.6309523809523809,2,0.4,1,0.3333333333333333,0.25,0.6059272249342446,0.2581988897471611,0.5,0.75,0.8583333333333333,0.625,0.625,0.65625,0.6333333333333333,0.625,0.625,0.6666666666666667,2,0.6666666666666666,3,0.6
0.36363636363636365,0.24675324675324678,"{""clf__C"": 0.4342298948286134, ""clf__gamma"": 0.0008179499475211679, ""clf__class_weight"": ""balanced""}",0.37530736784076085,"[[1, 10], [46, 31]]",arousal,0.2799532437171245,0.36363636363636365,0.46405610753945065,46,0.5974025974025974,,10,0.9090909090909091,-0.21081081081081088,0.999884740081563,-0.33579539007975356,subject_dependent,rbf_svm,0.02127659574468085,0.7560975609756098,0.7790800717788615,0.3886870783601453,0.36363636363636365,0.6642449403217436,0.24675324675324678,0.36363636363636365,0.36363636363636365,0.1959858323494687,1,0.09090909090909091,31,0.4025974025974026,0.375,0.21428571428571427,0.35855109446699773,"[[0, 1], [4, 3]]",0.2727272727272727,0.375,0.47727272727272724,4,0.5714285714285714,1,1.0,-0.25,0.9414701303135136,-0.3779644730092272,0.0,0.75,0.8260204081632654,0.375,0.375,0.65625,0.21428571428571427,0.375,0.375,0.14285714285714285,0,0.0,3,0.42857142857142855
0.5454545454545454,0.5454545454545454,"{""clf__C"": 0.40069130793659025, ""clf__gamma"": 0.0014899847475658245, ""clf__class_weight"": ""balanced""}",0.28861980179750196,"[[24, 20], [20, 24]]",arousal,0.5454545454545454,0.5454545454545454,0.5454545454545454,20,0.45454545454545453,,20,0.45454545454545453,0.09090909090909094,0.7986444506635785,0.09090909090909091,subject_dependent,rbf_svm,0.5454545454545454,0.5454545454545454,0.5918428812492567,0.5454545454545454,0.5454545454545454,0.5454545454545454,0.5454545454545454,0.5454545454545454,0.5454545454545454,0.5371900826446281,24,0.5454545454545454,24,0.5454545454545454,0.375,0.375,0.2758092481921977,"[[1, 3], [2, 2]]",0.36507936507936506,0.375,0.36507936507936506,2,0.5,3,0.75,-0.25,0.7446682747590213,-0.2581988897471611,0.3333333333333333,0.4,0.6666666666666666,0.3666666666666667,0.375,0.3666666666666667,0.375,0.375,0.375,0.5,1,0.25,2,0.5
0.7727272727272727,0.7757575757575758,"{""clf__C"": 13.411788774467905, ""clf__gamma"": 0.00026210878782654407, ""clf__class_weight"": ""balanced""}",0.18469977382051084,"[[42, 13], [7, 26]]",arousal,0.7649572649572649,0.7727272727272727,0.7756410256410257,7,0.21212121212121213,,13,0.23636363636363636,0.5321637426900585,0.5323076171116966,0.5374838498865699,subject_dependent,rbf_svm,0.8571428571428571,0.6666666666666666,0.8443849948219275,0.7619047619047619,0.7727272727272727,0.7857142857142857,0.7757575757575758,0.7727272727272727,0.7727272727272727,0.8363636363636363,42,0.7636363636363637,26,0.7878787878787878,0.625,0.6333333333333333,0.15851056414123488,"[[3, 2], [1, 2]]",0.6190476190476191,0.625,0.6309523809523809,1,0.3333333333333333,2,0.4,0.25,0.47922885824795664,0.2581988897471611,0.75,0.5,0.8333333333333333,0.625,0.625,0.65625,0.6333333333333333,0.625,0.625,0.8,3,0.6,2,0.6666666666666666
0.5113636363636364,0.5,"{""clf__C"": 100.2571297605856, ""clf__gamma"": 0.0074112997810832455, ""clf__class_weight"": ""balanced""}",0.33226061824339365,"[[30, 25], [18, 15]]",arousal,0.4967415879771246,0.5113636363636364,0.5181872589440085,18,0.5454545454545454,,25,0.45454545454545453,0.0,1.0731489053098675,0.0,subject_dependent,rbf_svm,0.625,0.375,0.5498920329033339,0.5,0.5113636363636364,0.53125,0.5,0.5113636363636364,0.5113636363636364,0.537741046831956,30,0.5454545454545454,15,0.45454545454545453,0.625,0.5666666666666667,0.2647200487707988,"[[4, 1], [2, 1]]",0.5636363636363637,0.625,0.6045454545454546,2,0.6666666666666666,1,0.2,0.1428571428571429,0.7390848592257437,0.14907119849998599,0.6666666666666666,0.5,0.625,0.5833333333333333,0.625,0.6041666666666666,0.5666666666666667,0.625,0.625,0.5333333333333333,4,0.8,1,0.3333333333333333
0.32954545454545453,0.29393939393939394,"{""clf__C"": 0.40069130793659025, ""clf__gamma"": 0.0014899847475658245, ""clf__class_weight"": ""balanced""}",0.45288998530750907,"[[5, 28], [31, 24]]",arousal,0.2967628335365028,0.32954545454545453,0.3347216578626575,31,0.5636363636363636,,28,0.8484848484848485,-0.40476190476190466,1.2862076630532653,-0.40579842862234533,subject_dependent,rbf_svm,0.1388888888888889,0.46153846153846156,0.5424057136185373,0.30021367521367526,0.32954545454545453,0.34054487179487186,0.29393939393939394,0.32954545454545453,0.32954545454545453,0.2608815426997245,5,0.15151515151515152,24,0.43636363636363634,0.25,0.26666666666666666,0.4237854977870323,"[[1, 2], [4, 1]]",0.25,0.25,0.25,4,0.8,2,0.6666666666666666,-0.41176470588235303,1.1308629659676517,-0.4666666666666667,0.2,0.3333333333333333,0.5192857142857142,0.26666666666666666,0.25,0.2833333333333333,0.26666666666666666,0.25,0.25,0.13333333333333336,1,0.3333333333333333,1,0.2
0.29545454545454547,0.3939393939393939,"{""clf__C"": 0.9020715489795292, ""clf__gamma"": 0.0048275888720946784, ""clf__class_weight"": null}",0.46388309221036245,"[[13, 9], [53, 13]]",arousal,0.29545454545454547,0.29545454545454547,0.29545454545454547,53,0.803030303030303,,9,0.4090909090909091,-0.1272727272727272,1.3488115387262865,-0.21212121212121213,subject_dependent,rbf_svm,0.19696969696969696,0.5909090909090909,0.6867971895267208,0.3939393939393939,0.29545454545454547,0.49242424242424243,0.3939393939393939,0.29545454545454547,0.29545454545454547,0.45798898071625344,13,0.5909090909090909,13,0.19696969696969696,0.375,0.41666666666666663,0.4392891436250064,"[[1, 1], [4, 2]]",0.36507936507936506,0.375,0.40476190476190477,4,0.6666666666666666,1,0.5,-0.11111111111111116,1.1443802425023106,-0.14907119849998599,0.2,0.6666666666666666,0.7345238095238095,0.43333333333333335,0.375,0.55,0.41666666666666663,0.375,0.375,0.5,1,0.5,2,0.3333333333333333
0.5,0.5454545454545454,"{""clf__C"": 262.30889101079146, ""clf__gamma"": 0.0025135566617708314, ""clf__class_weight"": null}",0.3814980873014632,"[[20, 35], [9, 24]]",arousal,0.4989648033126294,0.5,0.49327122153209113,9,0.2727272727272727,,35,0.6363636363636364,0.07853403141361259,1.466442701196666,0.09363120761347889,subject_dependent,rbf_svm,0.6896551724137931,0.4067796610169492,0.4814010053968018,0.5482174167153712,0.5,0.5835768556399766,0.5454545454545454,0.5,0.5,0.6137741046831957,20,0.36363636363636365,24,0.7272727272727273,0.5,0.6,0.2862070524333732,"[[1, 4], [0, 3]]",0.4666666666666667,0.5,0.4333333333333333,0,0.0,4,0.8,0.1578947368421053,0.7995114589717129,0.29277002188455997,1.0,0.42857142857142855,0.6666666666666667,0.7142857142857143,0.5,0.7857142857142857,0.6,0.5,0.5,0.6666666666666666,1,0.2,3,1.0
0.6590909090909091,0.6242424242424243,"{""clf__C"": 13.411788774467905, ""clf__gamma"": 0.00026210878782654407, ""clf__class_weight"": ""balanced""}",0.21174718018491642,"[[42, 13], [17, 16]]",arousal,0.6264855687606112,0.6590909090909091,0.6540747028862479,17,0.5151515151515151,,13,0.23636363636363636,0.25465838509316774,0.6183107181333973,0.2559253008101756,subject_dependent,rbf_svm,0.711864406779661,0.5517241379310345,0.6607159960665338,0.6317942723553478,0.6590909090909091,0.6518118059614261,0.6242424242424243,0.6590909090909091,0.6590909090909091,0.6831955922865014,42,0.7636363636363637,16,0.48484848484848486,0.625,0.5666666666666667,0.19516922826591493,"[[4, 1], [2, 1]]",0.5636363636363637,0.625,0.6045454545454546,2,0.6666666666666666,1,0.2,0.1428571428571429,0.5749916813748135,0.14907119849998599,0.6666666666666666,0.5,0.6984126984126985,0.5833333333333333,0.625,0.6041666666666666,0.5666666666666667,0.625,0.625,0.6666666666666666,4,0.8,1,0.3333333333333333
0.5909090909090909,0.5909090909090909,"{""clf__C"": 1.351144633701368, ""clf__gamma"": 0.015446089075047083, ""clf__class_weight"": ""balanced""}",0.25088587401716284,"[[20, 24], [12, 32]]",arousal,0.5831578947368421,0.5909090909090909,0.5831578947368421,12,0.2727272727272727,,24,0.5454545454545454,0.18181818181818177,0.7176390857266374,0.18898223650461363,subject_dependent,rbf_svm,0.625,0.5714285714285714,0.79477395046425,0.5982142857142857,0.5909090909090909,0.5982142857142857,0.5909090909090909,0.5909090909090909,0.5909090909090909,0.7386363636363636,20,0.45454545454545453,32,0.7272727272727273,0.75,0.75,0.18909411790006347,"[[2, 2], [0, 4]]",0.7333333333333334,0.75,0.7333333333333334,0,0.0,2,0.5,0.5,0.5400429749401401,0.5773502691896258,1.0,0.6666666666666666,0.8541666666666666,0.8333333333333333,0.75,0.8333333333333333,0.75,0.75,0.75,0.8125,2,0.5,4,1.0
0.6477272727272727,0.6590909090909091,"{""clf__C"": 262.30889101079146, ""clf__gamma"": 0.0025135566617708314, ""clf__class_weight"": null}",0.2849421345820798,"[[15, 7], [24, 42]]",arousal,0.6111190306486101,0.6477272727272727,0.670776906628653,24,0.36363636363636365,,7,0.3181818181818182,0.2530120481927711,1.0011338267914762,0.2773500981126146,subject_dependent,rbf_svm,0.38461538461538464,0.8571428571428571,0.8748829190549445,0.6208791208791209,0.6477272727272727,0.739010989010989,0.6590909090909091,0.6477272727272727,0.6477272727272727,0.662534435261708,15,0.6818181818181818,42,0.6363636363636364,0.5,0.5,0.23674864491479433,"[[1, 1], [3, 3]]",0.4666666666666667,0.5,0.5333333333333333,3,0.5,1,0.5,0.0,0.653142620862285,0.0,0.25,0.75,0.915079365079365,0.5,0.5,0.625,0.5,0.5,0.5,0.75,1,0.5,3,0.5
0.7613636363636364,0.7857142857142858,"{""clf__C"": 51.4138527229363, ""clf__gamma"": 0.006173770394704574, ""clf__class_weight"": ""balanced""}",0.1666197167459919,"[[9, 2], [19, 58]]",arousal,0.6541268950028074,0.7613636363636364,0.7985682201010669,19,0.24675324675324675,,2,0.18181818181818182,0.34375,0.5419871061760544,0.40574111245982464,subject_dependent,rbf_svm,0.32142857142857145,0.9666666666666667,0.9805788115899774,0.6440476190476191,0.7613636363636364,0.8860119047619048,0.7857142857142858,0.7613636363636364,0.7613636363636364,0.8772136953955136,9,0.8181818181818182,58,0.7532467532467533,0.875,0.9285714285714286,0.12031762708596397,"[[1, 0], [1, 6]]",0.7948717948717949,0.875,0.8910256410256411,1,0.14285714285714285,0,0.0,0.6,0.3887191393130617,0.6546536707079772,0.5,1.0,1.0,0.75,0.875,0.9375,0.9285714285714286,0.875,0.875,1.0,1,1.0,6,0.8571428571428571
0.5795454545454546,0.44805194805194803,"{""clf__C"": 51.4138527229363, ""clf__gamma"": 0.006173770394704574, ""clf__class_weight"": ""balanced""}",0.2541970261340911,"[[3, 8], [29, 48]]",arousal,0.43066969749956285,0.5795454545454546,0.6490208078335372,29,0.37662337662337664,,8,0.7272727272727273,-0.05714285714285716,0.8709232530740743,-0.07142857142857142,subject_dependent,rbf_svm,0.09375,0.8571428571428571,0.901652019652243,0.47544642857142855,0.5795454545454546,0.76171875,0.44805194805194803,0.5795454545454546,0.5795454545454546,0.5608028335301063,3,0.2727272727272727,48,0.6233766233766234,0.75,0.42857142857142855,0.17364842647107326,"[[0, 1], [1, 6]]",0.42857142857142855,0.75,0.75,1,0.14285714285714285,1,1.0,-0.1428571428571428,0.5022324019069132,-0.14285714285714285,0.0,0.8571428571428571,0.9379251700680272,0.42857142857142855,0.75,0.75,0.42857142857142855,0.75,0.75,0.5714285714285714,0,0.0,6,0.8571428571428571
0.5,0.5,"{""clf__C"": 12.957079329680445, ""clf__gamma"": 0.00032476735706274504, ""clf__class_weight"": null}",0.3322702982109821,"[[9, 35], [9, 35]]",arousal,0.4521788341822298,0.5,0.45217883418222976,9,0.20454545454545456,,35,0.7954545454545454,0.0,0.9590042980929863,0.0,subject_dependent,rbf_svm,0.5,0.5,0.47834500018802273,0.5,0.5,0.5,0.5,0.5,0.5,0.48760330578512395,9,0.20454545454545456,35,0.7954545454545454,0.5,0.5,0.2938989519352071,"[[1, 3], [1, 3]]",0.4666666666666667,0.5,0.4666666666666667,1,0.25,3,0.75,0.0,0.7931601608368226,0.0,0.5,0.5,0.6428571428571428,0.5,0.5,0.5,0.5,0.5,0.5,0.5,1,0.25,3,0.75
0.4772727272727273,0.40909090909090906,"{""clf__C"": 1.351144633701368, ""clf__gamma"": 0.015446089075047083, ""clf__class_weight"": ""balanced""}",0.31322041169693515,"[[6, 16], [30, 36]]",arousal,0.40853302162478083,0.4772727272727273,0.5093512565751023,30,0.45454545454545453,,16,0.7272727272727273,-0.1499999999999999,0.9020781706006017,-0.16012815380508713,subject_dependent,rbf_svm,0.16666666666666666,0.6923076923076923,0.7769265148104636,0.42948717948717946,0.4772727272727273,0.5608974358974359,0.40909090909090906,0.4772727272727273,0.4772727272727273,0.465564738292011,6,0.2727272727272727,36,0.5454545454545454,0.375,0.25,0.2477750494920693,"[[0, 2], [3, 3]]",0.2727272727272727,0.375,0.40909090909090906,3,0.5,2,1.0,-0.4285714285714286,0.6810404802405381,-0.4472135954999579,0.0,0.6,0.7884920634920635,0.3,0.375,0.44999999999999996,0.25,0.375,0.375,0.3333333333333333,0,0.0,3,0.5
0.5454545454545454,0.5454545454545454,"{""clf__C"": 235.1599274057192, ""clf__gamma"": 0.021154290797261225, ""clf__class_weight"": ""balanced""}",0.3080682549216048,"[[15, 29], [11, 33]]",arousal,0.5256064690026954,0.5454545454545454,0.5256064690026954,11,0.25,,29,0.6590909090909091,0.09090909090909094,0.9099227075058626,0.09962709627734358,subject_dependent,rbf_svm,0.5769230769230769,0.532258064516129,0.6471056929515957,0.5545905707196029,0.5454545454545454,0.5545905707196029,0.5454545454545454,0.5454545454545454,0.5454545454545454,0.6007231404958678,15,0.3409090909090909,33,0.75,0.625,0.625,0.22956419540548967,"[[1, 3], [0, 4]]",0.5636363636363637,0.625,0.5636363636363637,0,0.0,3,0.75,0.25,0.6513168003889704,0.3779644730092272,1.0,0.5714285714285714,0.7333333333333333,0.7857142857142857,0.625,0.7857142857142857,0.625,0.625,0.625,0.6875,1,0.25,4,1.0
0.3977272727272727,0.3545454545454545,"{""clf__C"": 13.411788774467905, ""clf__gamma"": 0.00026210878782654407, ""clf__class_weight"": ""balanced""}",0.379315693917663,"[[6, 27], [26, 29]]",arousal,0.35356895356895357,0.3977272727272727,0.39580734580734583,26,0.4727272727272727,,27,0.8181818181818182,-0.29268292682926833,1.0987111483919572,-0.2927700218845599,subject_dependent,rbf_svm,0.1875,0.5178571428571429,0.4940201085603768,0.35267857142857145,0.3977272727272727,0.39397321428571436,0.3545454545454545,0.3977272727272727,0.3977272727272727,0.26611570247933886,6,0.18181818181818182,29,0.5272727272727272,0.5,0.4,0.363409066951063,"[[0, 3], [1, 4]]",0.3333333333333333,0.5,0.41666666666666663,1,0.2,3,1.0,-0.23076923076923084,1.0171176693322534,-0.29277002188455997,0.0,0.5714285714285714,0.6192857142857142,0.2857142857142857,0.5,0.3571428571428571,0.4,0.5,0.5,0.2,0,0.0,4,0.8
0.5454545454545454,0.5454545454545454,"{""clf__C"": 12.957079329680445, ""clf__gamma"": 0.00032476735706274504, ""clf__class_weight"": null}",0.29085039751596437,"[[4, 40], [0, 44]]",arousal,0.4270833333333333,0.5454545454545454,0.42708333333333337,0,0.0,,40,0.9090909090909091,0.09090909090909094,0.8106111077558732,0.2182178902359924,subject_dependent,rbf_svm,1.0,0.5238095238095238,0.47753986850726093,0.7619047619047619,0.5454545454545454,0.761904761904762,0.5454545454545454,0.5454545454545454,0.5454545454545454,0.5149793388429752,4,0.09090909090909091,44,1.0,0.625,0.625,0.2806616103875216,"[[1, 3], [0, 4]]",0.5636363636363637,0.625,0.5636363636363637,0,0.0,3,0.75,0.25,0.7750387907997225,0.3779644730092272,1.0,0.5714285714285714,0.5011904761904762,0.7857142857142857,0.625,0.7857142857142857,0.625,0.625,0.625,0.4375,1,0.25,4,1.0
0.5227272727272727,0.5151515151515151,"{""clf__C"": 0.40069130793659025, ""clf__gamma"": 0.0014899847475658245, ""clf__class_weight"": ""balanced""}",0.2203967340741883,"[[11, 11], [31, 35]]",arousal,0.484375,0.5227272727272727,0.5546875,31,0.4696969696969697,,11,0.5,0.023255813953488413,0.633622757095956,0.02627034687463669,subject_dependent,rbf_svm,0.2619047619047619,0.7608695652173914,0.7355125523583875,0.5113871635610766,0.5227272727272727,0.6361283643892339,0.5151515151515151,0.5227272727272727,0.5227272727272727,0.546831955922865,11,0.5,35,0.5303030303030303,0.75,0.5,0.22018252153292783,"[[0, 2], [0, 6]]",0.42857142857142855,0.75,0.6428571428571428,0,0.0,2,1.0,0.0,0.6332550342470746,0.0,0.0,0.75,0.7345238095238095,0.375,0.75,0.5625,0.5,0.75,0.75,0.5,0,0.0,6,1.0
0.4318181818181818,0.44242424242424244,"{""clf__C"": 1.351144633701368, ""clf__gamma"": 0.015446089075047083, ""clf__class_weight"": ""balanced""}",0.37594677775497654,"[[16, 17], [33, 22]]",arousal,0.42916450441100157,0.4318181818181818,0.4388946549039959,33,0.6,,17,0.5151515151515151,-0.1049723756906078,1.0632364831487033,-0.11222190272356955,subject_dependent,rbf_svm,0.32653061224489793,0.5641025641025641,0.6475537573361394,0.445316588173731,0.4318181818181818,0.4750130821559393,0.44242424242424244,0.4318181818181818,0.4318181818181818,0.42424242424242425,16,0.48484848484848486,22,0.4,0.375,0.3666666666666667,0.3521121120920065,"[[1, 2], [3, 2]]",0.36507936507936506,0.375,0.38492063492063494,3,0.6,2,0.6666666666666666,-0.25,0.9000959851500796,-0.2581988897471611,0.25,0.5,0.7392857142857143,0.375,0.375,0.40625,0.3666666666666667,0.375,0.375,0.4,1,0.3333333333333333,2,0.4
0.6363636363636364,0.5606060606060607,"{""clf__C"": 262.30889101079146, ""clf__gamma"": 0.0025135566617708314, ""clf__class_weight"": null}",0.23204765695339333,"[[9, 13], [19, 47]]",arousal,0.553015873015873,0.6363636363636364,0.6495238095238096,19,0.2878787878787879,,13,0.5909090909090909,0.11111111111111116,0.679067794467687,0.11268723396380222,subject_dependent,rbf_svm,0.32142857142857145,0.7833333333333333,0.8346951947549304,0.5523809523809524,0.6363636363636364,0.6678571428571428,0.5606060606060607,0.6363636363636364,0.6363636363636364,0.5888429752066117,9,0.4090909090909091,47,0.7121212121212122,0.625,0.4166666666666667,0.18889853949981641,"[[0, 2], [1, 5]]",0.38461538461538464,0.625,0.576923076923077,1,0.16666666666666666,2,1.0,-0.19999999999999996,0.549518068680821,-0.2182178902359924,0.0,0.7142857142857143,0.9305555555555556,0.35714285714285715,0.625,0.5357142857142857,0.4166666666666667,0.625,0.625,0.75,0,0.0,5,0.8333333333333334
0.5454545454545454,0.5,"{""clf__C"": 1.351144633701368, ""clf__gamma"": 0.015446089075047083, ""clf__class_weight"": ""balanced""}",0.2641710073212749,"[[9, 13], [27, 39]]",arousal,0.4856808883693746,0.5454545454545454,0.5733489187609585,27,0.4090909090909091,,13,0.5909090909090909,0.0,0.7981135992922386,0.0,subject_dependent,rbf_svm,0.25,0.75,0.7446916682179496,0.5,0.5454545454545454,0.625,0.5,0.5454545454545454,0.5454545454545454,0.49311294765840225,9,0.4090909090909091,39,0.5909090909090909,0.75,0.6666666666666667,0.22105990233094053,"[[1, 1], [1, 5]]",0.6666666666666667,0.75,0.75,1,0.16666666666666666,1,0.5,0.33333333333333337,0.7109167217685043,0.3333333333333333,0.5,0.8333333333333334,0.7345238095238095,0.6666666666666667,0.75,0.75,0.6666666666666667,0.75,0.75,0.5,1,0.5,5,0.8333333333333334
0.4772727272727273,0.4772727272727273,"{""clf__C"": 1.351144633701368, ""clf__gamma"": 0.015446089075047083, ""clf__class_weight"": ""balanced""}",0.3962211612223909,"[[22, 22], [24, 20]]",arousal,0.47700258397932815,0.4772727272727273,0.4770025839793282,24,0.5454545454545454,,22,0.5,-0.045454545454545414,1.3386292418635142,-0.045501575519329006,subject_dependent,rbf_svm,0.4782608695652174,0.47619047619047616,0.4879607091295958,0.4772256728778468,0.4772727272727273,0.4772256728778468,0.4772727272727273,0.4772727272727273,0.4772727272727273,0.4416322314049587,22,0.5,20,0.45454545454545453,0.375,0.375,0.3467836657788245,"[[0, 4], [1, 3]]",0.2727272727272727,0.375,0.2727272727272727,1,0.25,4,1.0,-0.25,1.0305005563393748,-0.3779644730092272,0.0,0.42857142857142855,0.4571428571428572,0.21428571428571427,0.375,0.21428571428571427,0.375,0.375,0.375,0.25,0,0.0,3,0.75
0.38636363636363635,0.4,"{""clf__C"": 262.30889101079146, ""clf__gamma"": 0.0025135566617708314, ""clf__class_weight"": null}",0.41248407743785426,"[[15, 18], [36, 19]]",arousal,0.38509316770186336,0.38636363636363635,0.3920807453416149,36,0.6545454545454545,,18,0.5454545454545454,-0.180327868852459,1.297343620179347,-0.1961473116959103,subject_dependent,rbf_svm,0.29411764705882354,0.5135135135135135,0.5487831292222624,0.4038155802861685,0.38636363636363635,0.4312400635930047,0.4,0.38636363636363635,0.38636363636363635,0.38126721763085397,15,0.45454545454545453,19,0.34545454545454546,0.375,0.3666666666666667,0.3369058033817783,"[[1, 2], [3, 2]]",0.36507936507936506,0.375,0.38492063492063494,3,0.6,2,0.6666666666666666,-0.25,0.8821896833366516,-0.2581988897471611,0.25,0.5,0.5592857142857143,0.375,0.375,0.40625,0.3666666666666667,0.375,0.375,0.26666666666666666,1,0.3333333333333333,2,0.4
0.6136363636363636,0.6181818181818182,"{""clf__C"": 183.42628625395747, ""clf__gamma"": 0.0001005394019469303, ""clf__class_weight"": ""balanced""}",0.24242035435887874,"[[21, 12], [22, 33]]",arousal,0.6063157894736843,0.6136363636363636,0.6197368421052633,22,0.4,,12,0.36363636363636365,0.22285714285714286,0.6865448209512676,0.22891723564466218,subject_dependent,rbf_svm,0.4883720930232558,0.7333333333333333,0.712329821795344,0.6108527131782946,0.6136363636363636,0.6414728682170542,0.6181818181818182,0.6136363636363636,0.6136363636363636,0.6385674931129476,21,0.6363636363636364,33,0.6,0.5,0.4666666666666667,0.2168667980647884,"[[1, 2], [2, 3]]",0.4666666666666667,0.5,0.5,2,0.4,2,0.6666666666666666,-0.06666666666666665,0.6178336907045823,-0.06666666666666667,0.3333333333333333,0.6,0.7295238095238095,0.4666666666666667,0.5,0.5,0.4666666666666667,0.5,0.5,0.5333333333333334,1,0.3333333333333333,3,0.6
0.5568181818181818,0.5909090909090908,"{""clf__C"": 51.4138527229363, ""clf__gamma"": 0.006173770394704574, ""clf__class_weight"": ""balanced""}",0.338960334272161,"[[7, 4], [35, 42]]",arousal,0.4735388863322596,0.5568181818181818,0.6305798435342844,35,0.45454545454545453,,4,0.36363636363636365,0.08235294117647063,1.0608690599813122,0.1203858530857692,subject_dependent,rbf_svm,0.16666666666666666,0.9130434782608695,0.9234613487296095,0.5398550724637681,0.5568181818181818,0.8197463768115941,0.5909090909090908,0.5568181818181818,0.5568181818181818,0.6280991735537189,7,0.6363636363636364,42,0.5454545454545454,0.5,0.7142857142857143,0.24370578089582143,"[[1, 0], [4, 3]]",0.4666666666666667,0.5,0.5666666666666667,4,0.5714285714285714,0,0.0,0.1578947368421053,0.6790792973515889,0.29277002188455997,0.2,1.0,0.9821428571428572,0.6,0.5,0.9,0.7142857142857143,0.5,0.5,0.8571428571428571,1,1.0,3,0.42857142857142855
0.375,0.375,"{""clf__C"": 243.14537412227003, ""clf__gamma"": 0.0004992453416923984, ""clf__class_weight"": ""balanced""}",0.42220328188674594,"[[15, 29], [26, 18]]",arousal,0.3742727860374919,0.375,0.37427278603749187,26,0.5909090909090909,,29,0.6590909090909091,-0.25,1.259945288938932,-0.25058312895083307,subject_dependent,rbf_svm,0.36585365853658536,0.3829787234042553,0.43406757358963244,0.37441619097042034,0.375,0.37441619097042034,0.375,0.375,0.375,0.3605371900826447,15,0.3409090909090909,18,0.4090909090909091,0.375,0.375,0.3540719444934832,"[[1, 3], [2, 2]]",0.36507936507936506,0.375,0.36507936507936506,2,0.5,3,0.75,-0.25,0.9284779511420027,-0.2581988897471611,0.3333333333333333,0.4,0.4125,0.3666666666666667,0.375,0.3666666666666667,0.375,0.375,0.375,0.1875,1,0.25,2,0.5
0.6136363636363636,0.6136363636363635,"{""clf__C"": 243.14537412227003, ""clf__gamma"": 0.0004992453416923984, ""clf__class_weight"": ""balanced""}",0.25479186954128696,"[[30, 14], [20, 24]]",arousal,0.611831862999481,0.6136363636363636,0.6118318629994811,20,0.45454545454545453,,14,0.3181818181818182,0.2272727272727273,0.7493313893000303,0.22941573387056177,subject_dependent,rbf_svm,0.6,0.631578947368421,0.5982820483499411,0.6157894736842104,0.6136363636363636,0.6157894736842106,0.6136363636363635,0.6136363636363636,0.6136363636363636,0.6394628099173554,30,0.6818181818181818,24,0.5454545454545454,0.75,0.75,0.20853480148673265,"[[3, 1], [1, 3]]",0.75,0.75,0.75,1,0.25,1,0.25,0.5,0.6023431707065594,0.5,0.75,0.75,0.6220238095238095,0.75,0.75,0.75,0.75,0.75,0.75,0.625,3,0.75,3,0.75
0.5681818181818182,0.5681818181818182,"{""clf__C"": 32.32518791282502, ""clf__gamma"": 0.0005104518230902811, ""clf__class_weight"": ""balanced""}",0.27868486559135996,"[[19, 25], [13, 31]]",arousal,0.56,0.5681818181818182,0.56,13,0.29545454545454547,,25,0.5681818181818182,0.13636363636363635,0.7921297740719786,0.1417366773784602,subject_dependent,rbf_svm,0.59375,0.5535714285714286,0.5902649573524752,0.5736607142857143,0.5681818181818182,0.5736607142857143,0.5681818181818182,0.5681818181818182,0.5681818181818182,0.6025309917355373,19,0.4318181818181818,31,0.7045454545454546,0.5,0.5,0.24507565812908627,"[[0, 4], [0, 4]]",0.3333333333333333,0.5,0.3333333333333333,0,0.0,4,1.0,0.0,0.6797118661147755,0.0,0.0,0.5,0.7291666666666666,0.25,0.5,0.25,0.5,0.5,0.5,0.625,0,0.0,4,1.0
0.625,0.6575757575757575,"{""clf__C"": 235.1599274057192, ""clf__gamma"": 0.021154290797261225, ""clf__class_weight"": ""balanced""}",0.2817259084422927,"[[26, 7], [26, 29]]",arousal,0.6245636716224952,0.625,0.6277634130575307,26,0.4727272727272727,,7,0.21212121212121213,0.28260869565217395,0.9502053020748421,0.3103164454170876,subject_dependent,rbf_svm,0.5,0.8055555555555556,0.8263472171345968,0.6527777777777778,0.625,0.6909722222222222,0.6575757575757575,0.625,0.625,0.6809917355371901,26,0.7878787878787878,29,0.5272727272727272,0.75,0.8,0.22172344477579115,"[[3, 0], [2, 3]]",0.75,0.75,0.75,2,0.4,0,0.0,0.5294117647058824,0.6561132617792287,0.6,0.6,1.0,0.9428571428571428,0.8,0.75,0.85,0.8,0.75,0.75,0.8666666666666667,3,1.0,3,0.6
0.75,0.75,"{""clf__C"": 0.26566952561151125, ""clf__gamma"": 0.0030586566669785274, ""clf__class_weight"": null}",0.13279699263334413,"[[44, 0], [22, 22]]",arousal,0.7333333333333334,0.75,0.7333333333333333,22,0.5,,0,0.0,0.5,0.42070133843158997,0.5773502691896257,subject_dependent,rbf_svm,0.6666666666666666,1.0,0.951558848490909,0.8333333333333333,0.75,0.8333333333333333,0.75,0.75,0.75,0.9493801652892562,44,1.0,22,0.5,0.75,0.75,0.12158893854867375,"[[4, 0], [2, 2]]",0.7333333333333334,0.75,0.7333333333333334,2,0.5,0,0.0,0.5,0.4053292440436721,0.5773502691896258,0.6666666666666666,1.0,1.0,0.8333333333333333,0.75,0.8333333333333333,0.75,0.75,0.75,1.0,4,1.0,2,0.5
0.7613636363636364,0.7787878787878788,"{""clf__C"": 235.1599274057192, ""clf__gamma"": 0.021154290797261225, ""clf__class_weight"": ""balanced""}",0.17623473419242816,"[[28, 5], [16, 39]]",arousal,0.7575757575757576,0.7613636363636364,0.7651515151515151,16,0.2909090909090909,,5,0.15151515151515152,0.5227272727272727,0.5751137219084701,0.5398704058349733,subject_dependent,rbf_svm,0.6363636363636364,0.8863636363636364,0.9201229415503841,0.7613636363636364,0.7613636363636364,0.7926136363636364,0.7787878787878788,0.7613636363636364,0.7613636363636364,0.8506887052341597,28,0.8484848484848485,39,0.7090909090909091,0.75,0.8,0.11793801665310379,"[[3, 0], [2, 3]]",0.75,0.75,0.75,2,0.4,0,0.0,0.5294117647058824,0.36831157805772863,0.6,0.6,1.0,0.9666666666666667,0.8,0.75,0.85,0.8,0.75,0.75,0.9333333333333333,3,1.0,3,0.6
0.6818181818181818,0.6818181818181819,"{""clf__C"": 166.2878326769575, ""clf__gamma"": 0.008979064194712979, ""clf__class_weight"": ""balanced""}",0.26340889160948494,"[[36, 8], [20, 24]]",arousal,0.6757894736842105,0.6818181818181818,0.6757894736842105,20,0.45454545454545453,,8,0.18181818181818182,0.36363636363636365,1.1228566985442214,0.37796447300922725,subject_dependent,rbf_svm,0.6428571428571429,0.75,0.7168244841143369,0.6964285714285714,0.6818181818181818,0.6964285714285715,0.6818181818181819,0.6818181818181818,0.6818181818181818,0.7009297520661157,36,0.8181818181818182,24,0.5454545454545454,0.625,0.625,0.21934003280402,"[[3, 1], [2, 2]]",0.6190476190476191,0.625,0.6190476190476191,2,0.5,1,0.25,0.25,0.6658571178994509,0.2581988897471611,0.6,0.6666666666666666,0.8303571428571428,0.6333333333333333,0.625,0.6333333333333333,0.625,0.625,0.625,0.75,3,0.75,2,0.5
0.5113636363636364,0.5113636363636364,"{""clf__C"": 13.411788774467905, ""clf__gamma"": 0.00026210878782654407, ""clf__class_weight"": ""balanced""}",0.32857747732126324,"[[16, 28], [15, 29]]",arousal,0.5004620462046204,0.5113636363636364,0.5004620462046204,15,0.3409090909090909,,28,0.6363636363636364,0.022727272727272707,1.075298443920448,0.023789303403490326,subject_dependent,rbf_svm,0.5161290322580645,0.5087719298245614,0.7223994937832177,0.512450481041313,0.5113636363636364,0.512450481041313,0.5113636363636364,0.5113636363636364,0.5113636363636364,0.6451446280991735,16,0.36363636363636365,29,0.6590909090909091,0.5,0.5,0.30440779688057606,"[[1, 3], [1, 3]]",0.4666666666666667,0.5,0.4666666666666667,1,0.25,3,0.75,0.0,0.8436355535893649,0.0,0.5,0.5,0.7678571428571428,0.5,0.5,0.5,0.5,0.5,0.5,0.625,1,0.25,3,0.75
0.6704545454545454,0.6272727272727273,"{""clf__C"": 7.709391232564023, ""clf__gamma"": 0.00026471141828218194, ""clf__class_weight"": null}",0.19144999249981834,"[[15, 18], [11, 44]]",arousal,0.6303056642039693,0.6704545454545454,0.660763436187165,11,0.2,,18,0.5454545454545454,0.26582278481012656,0.561359439034669,0.2700978592992082,subject_dependent,rbf_svm,0.5769230769230769,0.7096774193548387,0.8075747727979234,0.6433002481389578,0.6704545454545454,0.659894540942928,0.6272727272727273,0.6704545454545454,0.6704545454545454,0.7531680440771351,15,0.45454545454545453,44,0.8,0.75,0.7333333333333334,0.16218745680509591,"[[2, 1], [1, 4]]",0.7333333333333334,0.75,0.75,1,0.2,1,0.3333333333333333,0.4666666666666667,0.5051618205633654,0.4666666666666667,0.6666666666666666,0.8,0.9266666666666666,0.7333333333333334,0.75,0.75,0.7333333333333334,0.75,0.75,0.8666666666666667,2,0.6666666666666666,4,0.8
0.5909090909090909,0.5909090909090909,"{""clf__C"": 0.40069130793659025, ""clf__gamma"": 0.0014899847475658245, ""clf__class_weight"": ""balanced""}",0.2730227670873084,"[[25, 19], [17, 27]]",arousal,0.5906976744186047,0.5909090909090909,0.5906976744186047,17,0.38636363636363635,,19,0.4318181818181818,0.18181818181818177,0.79888583373703,0.18200630207731602,subject_dependent,rbf_svm,0.5952380952380952,0.5869565217391305,0.5101068974579407,0.5910973084886129,0.5909090909090909,0.5910973084886129,0.5909090909090909,0.5909090909090909,0.5909090909090909,0.5738636363636364,25,0.5681818181818182,27,0.6136363636363636,0.625,0.625,0.24535869370324231,"[[1, 3], [0, 4]]",0.5636363636363637,0.625,0.5636363636363637,0,0.0,3,0.75,0.25,0.6975840088973511,0.3779644730092272,1.0,0.5714285714285714,0.6458333333333333,0.7857142857142857,0.625,0.7857142857142857,0.625,0.625,0.625,0.6875,1,0.25,4,1.0
0.75,0.6666666666666667,"{""clf__C"": 12.957079329680445, ""clf__gamma"": 0.00032476735706274504, ""clf__class_weight"": null}",0.17675123231325543,"[[11, 11], [11, 55]]",arousal,0.6666666666666667,0.75,0.75,11,0.16666666666666666,,11,0.5,0.33333333333333337,0.5547200910908793,0.3333333333333333,subject_dependent,rbf_svm,0.5,0.8333333333333334,0.8213608107881033,0.6666666666666667,0.75,0.75,0.6666666666666667,0.75,0.75,0.6983471074380165,11,0.5,55,0.8333333333333334,0.875,0.75,0.15333843747614168,"[[1, 1], [0, 6]]",0.7948717948717949,0.875,0.8589743589743589,0,0.0,1,0.5,0.6,0.47926387898187206,0.6546536707079772,1.0,0.8571428571428571,0.915079365079365,0.9285714285714286,0.875,0.8928571428571428,0.75,0.875,0.875,0.75,1,0.5,6,1.0
0.6704545454545454,0.6704545454545454,"{""clf__C"": 7.709391232564023, ""clf__gamma"": 0.00026471141828218194, ""clf__class_weight"": null}",0.2235862203498364,"[[27, 17], [12, 32]]",arousal,0.6693872263246534,0.6704545454545454,0.6693872263246535,12,0.2727272727272727,,17,0.38636363636363635,0.34090909090909094,0.652550902685507,0.3431317581537581,subject_dependent,rbf_svm,0.6923076923076923,0.6530612244897959,0.699368726573516,0.6726844583987441,0.6704545454545454,0.672684458398744,0.6704545454545454,0.6704545454545454,0.6704545454545454,0.71849173553719,27,0.6136363636363636,32,0.7272727272727273,0.875,0.875,0.17495982697218274,"[[4, 0], [1, 3]]",0.873015873015873,0.875,0.873015873015873,1,0.25,0,0.0,0.75,0.5343734892826282,0.7745966692414834,0.8,1.0,0.95,0.9,0.875,0.9,0.875,0.875,0.875,0.9375,4,1.0,3,0.75
0.7840909090909091,0.7545454545454545,"{""clf__C"": 0.40069130793659025, ""clf__gamma"": 0.0014899847475658245, ""clf__class_weight"": ""balanced""}",0.18991387609118748,"[[21, 12], [7, 48]]",arousal,0.7616535994297933,0.7840909090909091,0.779935851746258,7,0.12727272727272726,,12,0.36363636363636365,0.525,0.5774056754824517,0.5291502622129182,subject_dependent,rbf_svm,0.75,0.8,0.7499259607212527,0.775,0.7840909090909091,0.78125,0.7545454545454545,0.7840909090909091,0.7840909090909091,0.7327823691460055,21,0.6363636363636364,48,0.8727272727272727,0.75,0.6666666666666666,0.17664105926810858,"[[1, 2], [0, 5]]",0.6666666666666667,0.75,0.7083333333333334,0,0.0,2,0.6666666666666666,0.3846153846153846,0.5360332457831355,0.4879500364742666,1.0,0.7142857142857143,0.8766666666666667,0.8571428571428572,0.75,0.8214285714285714,0.6666666666666666,0.75,0.75,0.8,1,0.3333333333333333,5,1.0
0.4659090909090909,0.4696969696969697,"{""clf__C"": 235.1599274057192, ""clf__gamma"": 0.021154290797261225, ""clf__class_weight"": ""balanced""}",0.3932116128222736,"[[16, 17], [30, 25]]",arousal,0.4602636043325068,0.4659090909090909,0.47406368263082344,30,0.5454545454545454,,17,0.5151515151515151,-0.05617977528089879,1.2686815721338045,-0.05874228140418678,subject_dependent,rbf_svm,0.34782608695652173,0.5952380952380952,0.6242312567604535,0.4715320910973085,0.4659090909090909,0.5024585921325052,0.4696969696969697,0.4659090909090909,0.4659090909090909,0.46501377410468325,16,0.48484848484848486,25,0.45454545454545453,0.5,0.5333333333333333,0.32636013869858593,"[[2, 1], [3, 2]]",0.5,0.5,0.5,3,0.6,1,0.3333333333333333,0.05882352941176472,0.8626864975813908,0.06666666666666667,0.4,0.6666666666666666,0.6926190476190477,0.5333333333333333,0.5,0.5666666666666667,0.5333333333333333,0.5,0.5,0.4,2,0.6666666666666666,2,0.4
0.6477272727272727,0.6212121212121212,"{""clf__C"": 0.40069130793659025, ""clf__gamma"": 0.0014899847475658245, ""clf__class_weight"": ""balanced""}",0.2277779935375591,"[[17, 16], [15, 40]]",arousal,0.621898821898822,0.6477272727272727,0.6466042966042966,15,0.2727272727272727,,16,0.48484848484848486,0.24390243902439024,0.6470518552854746,0.24397501823713327,subject_dependent,rbf_svm,0.53125,0.7142857142857143,0.7787486354062966,0.6227678571428572,0.6477272727272727,0.6456473214285714,0.6212121212121212,0.6477272727272727,0.6477272727272727,0.6421487603305785,17,0.5151515151515151,40,0.7272727272727273,0.625,0.5666666666666667,0.22714092735541785,"[[1, 2], [1, 4]]",0.5636363636363637,0.625,0.6045454545454546,1,0.2,2,0.6666666666666666,0.1428571428571429,0.6457290948996336,0.14907119849998599,0.5,0.6666666666666666,0.8083333333333333,0.5833333333333333,0.625,0.6041666666666666,0.5666666666666667,0.625,0.625,0.6,1,0.3333333333333333,4,0.8
0.5340909090909091,0.5,"{""clf__C"": 13.411788774467905, ""clf__gamma"": 0.00026210878782654407, ""clf__class_weight"": ""balanced""}",0.2858140033458754,"[[12, 21], [20, 35]]",arousal,0.49993069993069994,0.5340909090909091,0.5326056826056825,20,0.36363636363636365,,21,0.6363636363636364,0.0,0.803506843761674,0.0,subject_dependent,rbf_svm,0.375,0.625,0.6256268094395263,0.5,0.5340909090909091,0.53125,0.5,0.5340909090909091,0.5340909090909091,0.49476584022038567,12,0.36363636363636365,35,0.6363636363636364,0.625,0.5666666666666667,0.2627317117413611,"[[1, 2], [1, 4]]",0.5636363636363637,0.625,0.6045454545454546,1,0.2,2,0.6666666666666666,0.1428571428571429,0.7270431592364195,0.14907119849998599,0.5,0.6666666666666666,0.6416666666666666,0.5833333333333333,0.625,0.6041666666666666,0.5666666666666667,0.625,0.625,0.4666666666666667,1,0.3333333333333333,4,0.8
0.6022727272727273,0.42207792207792205,"{""clf__C"": 160.49758307716223, ""clf__gamma"": 0.00018427970406864567, ""clf__class_weight"": null}",0.3024346450950319,"[[2, 9], [26, 51]]",arousal,0.423544825004679,0.6022727272727273,0.6642803668351114,26,0.33766233766233766,,9,0.8181818181818182,-0.09375,0.8895204605499106,-0.11065666703449763,subject_dependent,rbf_svm,0.07142857142857142,0.85,0.8145103023243014,0.4607142857142857,0.6022727272727273,0.7526785714285715,0.42207792207792205,0.6022727272727273,0.6022727272727273,0.3246753246753247,2,0.18181818181818182,51,0.6623376623376623,0.625,0.35714285714285715,0.25015495343867467,"[[0, 1], [2, 5]]",0.38461538461538464,0.625,0.6730769230769231,2,0.2857142857142857,1,1.0,-0.19999999999999996,0.691190991766776,-0.2182178902359924,0.0,0.8333333333333334,0.8736394557823131,0.4166666666666667,0.625,0.7291666666666667,0.35714285714285715,0.625,0.625,0.2857142857142857,0,0.0,5,0.7142857142857143
0.5340909090909091,0.4333333333333333,"{""clf__C"": 0.4342298948286134, ""clf__gamma"": 0.0008179499475211679, ""clf__class_weight"": ""balanced""}",0.2977221527408949,"[[1, 32], [9, 46]]",arousal,0.3691204756076237,0.5340909090909091,0.44977268753278543,9,0.16363636363636364,,32,0.9696969696969697,-0.15492957746478875,0.8039738738994935,-0.20339007194925068,subject_dependent,rbf_svm,0.1,0.5897435897435898,0.44374123050746417,0.34487179487179487,0.5340909090909091,0.4060897435897436,0.4333333333333333,0.5340909090909091,0.5340909090909091,0.13223140495867766,1,0.030303030303030304,46,0.8363636363636363,0.625,0.5,0.2956666349497584,"[[0, 3], [0, 5]]",0.38461538461538464,0.625,0.4807692307692308,0,0.0,3,1.0,0.0,0.797963681012089,0.0,0.0,0.625,0.5192857142857142,0.3125,0.625,0.390625,0.5,0.625,0.625,0.13333333333333336,0,0.0,5,1.0
0.4659090909090909,0.41666666666666663,"{""clf__C"": 0.21466070134458173, ""clf__gamma"": 0.0012955517240662183, ""clf__class_weight"": ""balanced""}",0.25059701234347315,"[[7, 15], [32, 34]]",arousal,0.41040627227369925,0.4659090909090909,0.500855310049893,32,0.48484848484848486,,15,0.6818181818181818,-0.1325301204819278,0.7375042086794162,-0.14527862282089332,subject_dependent,rbf_svm,0.1794871794871795,0.6938775510204082,0.6982382970113205,0.43668236525379384,0.4659090909090909,0.565279958137101,0.41666666666666663,0.4659090909090909,0.4659090909090909,0.35881542699724517,7,0.3181818181818182,34,0.5151515151515151,0.625,0.4166666666666667,0.24228645472476787,"[[0, 2], [1, 5]]",0.38461538461538464,0.625,0.576923076923077,1,0.16666666666666666,2,1.0,-0.19999999999999996,0.7235570834670538,-0.2182178902359924,0.0,0.7142857142857143,0.7801587301587302,0.35714285714285715,0.625,0.5357142857142857,0.4166666666666667,0.625,0.625,0.41666666666666663,0,0.0,5,0.8333333333333334
0.4318181818181818,0.4318181818181818,"{""clf__C"": 0.40069130793659025, ""clf__gamma"": 0.0014899847475658245, ""clf__class_weight"": ""balanced""}",0.37701010103036176,"[[16, 28], [22, 22]]",arousal,0.42916450441100157,0.4318181818181818,0.42916450441100157,22,0.5,,28,0.6363636363636364,-0.13636363636363646,1.1357116369634588,-0.13764944032233706,subject_dependent,rbf_svm,0.42105263157894735,0.44,0.4329957680824251,0.43052631578947365,0.4318181818181818,0.4305263157894737,0.4318181818181818,0.4318181818181818,0.4318181818181818,0.3899793388429752,16,0.36363636363636365,22,0.5,0.5,0.5,0.36601449415847703,"[[0, 4], [0, 4]]",0.3333333333333333,0.5,0.3333333333333333,0,0.0,4,1.0,0.0,1.100386709685013,0.0,0.0,0.5,0.48214285714285715,0.25,0.5,0.25,0.5,0.5,0.5,0.3125,0,0.0,4,1.0
0.5568181818181818,0.5378787878787878,"{""clf__C"": 243.14537412227003, ""clf__gamma"": 0.0004992453416923984, ""clf__class_weight"": ""balanced""}",0.2935464604489804,"[[11, 11], [28, 38]]",arousal,0.5107626514611546,0.5568181818181818,0.585816108339273,28,0.42424242424242425,,11,0.5,0.06024096385542166,0.8426104553672524,0.06603573764586061,subject_dependent,rbf_svm,0.28205128205128205,0.7755102040816326,0.7999319033329358,0.5287807430664573,0.5568181818181818,0.652145473574045,0.5378787878787878,0.5568181818181818,0.5568181818181818,0.5296143250688705,11,0.5,38,0.5757575757575758,0.5,0.3333333333333333,0.2332939867864422,"[[0, 2], [2, 4]]",0.3333333333333333,0.5,0.5,2,0.3333333333333333,2,1.0,-0.33333333333333326,0.6436097963726437,-0.3333333333333333,0.0,0.6666666666666666,0.8357142857142856,0.3333333333333333,0.5,0.5,0.3333333333333333,0.5,0.5,0.5,0,0.0,4,0.6666666666666666
0.4659090909090909,0.5121212121212122,"{""clf__C"": 0.4342298948286134, ""clf__gamma"": 0.0008179499475211679, ""clf__class_weight"": ""balanced""}",0.23206787910791216,"[[23, 10], [37, 18]]",arousal,0.46417929783650735,0.4659090909090909,0.45656820831713957,37,0.6727272727272727,,10,0.30303030303030304,0.02083333333333337,0.6562722816275343,0.025197631533948484,subject_dependent,rbf_svm,0.38333333333333336,0.6428571428571429,0.7294845912425216,0.5130952380952382,0.4659090909090909,0.5455357142857143,0.5121212121212122,0.4659090909090909,0.4659090909090909,0.571900826446281,23,0.696969696969697,18,0.32727272727272727,0.625,0.5,0.2311432799344262,"[[0, 3], [0, 5]]",0.38461538461538464,0.625,0.4807692307692308,0,0.0,3,1.0,0.0,0.6541777530122781,0.0,0.0,0.625,0.8583333333333333,0.3125,0.625,0.390625,0.5,0.625,0.625,0.6666666666666667,0,0.0,5,1.0
0.5795454545454546,0.5795454545454546,"{""clf__C"": 243.14537412227003, ""clf__gamma"": 0.0004992453416923984, ""clf__class_weight"": ""balanced""}",0.2895825637009704,"[[21, 23], [14, 30]]",arousal,0.5751011353255905,0.5795454545454546,0.5751011353255905,14,0.3181818181818182,,23,0.5227272727272727,0.15909090909090906,0.8797922779481492,0.16252721107440024,subject_dependent,rbf_svm,0.6,0.5660377358490566,0.5815023019040779,0.5830188679245283,0.5795454545454546,0.5830188679245283,0.5795454545454546,0.5795454545454546,0.5795454545454546,0.5991735537190083,21,0.4772727272727273,30,0.6818181818181818,0.5,0.5,0.23651770485764625,"[[0, 4], [0, 4]]",0.3333333333333333,0.5,0.3333333333333333,0,0.0,4,1.0,0.0,0.6694809452612823,0.0,0.0,0.5,0.6458333333333333,0.25,0.5,0.25,0.5,0.5,0.5,0.6875,0,0.0,4,1.0
0.5454545454545454,0.5909090909090908,"{""clf__C"": 13.411788774467905, ""clf__gamma"": 0.00026210878782654407, ""clf__class_weight"": ""balanced""}",0.2875375567982525,"[[15, 7], [33, 33]]",arousal,0.5256064690026954,0.5454545454545454,0.5741239892183289,33,0.5,,7,0.3181818181818182,0.13043478260869568,0.7862349129358456,0.15811388300841897,subject_dependent,rbf_svm,0.3125,0.825,0.8047608144341031,0.56875,0.5454545454545454,0.6968749999999999,0.5909090909090908,0.5454545454545454,0.5454545454545454,0.6039944903581267,15,0.6818181818181818,33,0.5,0.375,0.41666666666666663,0.2650506262900815,"[[1, 1], [4, 2]]",0.36507936507936506,0.375,0.40476190476190477,4,0.6666666666666666,1,0.5,-0.11111111111111116,0.7225284732042944,-0.14907119849998599,0.2,0.6666666666666666,0.8734126984126984,0.43333333333333335,0.375,0.55,0.41666666666666663,0.375,0.375,0.6666666666666666,1,0.5,2,0.3333333333333333
0.6590909090909091,0.6363636363636364,"{""clf__C"": 13.411788774467905, ""clf__gamma"": 0.00026210878782654407, ""clf__class_weight"": ""balanced""}",0.2109785723176536,"[[13, 9], [21, 45]]",arousal,0.6071428571428572,0.6590909090909091,0.6785714285714286,21,0.3181818181818182,,9,0.4090909090909091,0.23076923076923073,0.6116542439588103,0.24253562503633297,subject_dependent,rbf_svm,0.38235294117647056,0.8333333333333334,0.8852201025859932,0.607843137254902,0.6590909090909091,0.7205882352941176,0.6363636363636364,0.6590909090909091,0.6590909090909091,0.7017906336088154,13,0.5909090909090909,45,0.6818181818181818,0.875,0.9166666666666667,0.19208818225146246,"[[2, 0], [1, 5]]",0.8545454545454545,0.875,0.8818181818181818,1,0.16666666666666666,0,0.0,0.7142857142857143,0.5741733137392839,0.7453559924999299,0.6666666666666666,1.0,0.9761904761904762,0.8333333333333333,0.875,0.9166666666666666,0.9166666666666667,0.875,0.875,0.9166666666666667,2,1.0,5,0.8333333333333334
0.5681818181818182,0.45454545454545453,"{""clf__C"": 0.4342298948286134, ""clf__gamma"": 0.0008179499475211679, ""clf__class_weight"": ""balanced""}",0.25669105198968034,"[[5, 17], [21, 45]]",arousal,0.4557291666666667,0.5681818181818182,0.5794270833333334,21,0.3181818181818182,,17,0.7727272727272727,-0.08571428571428563,0.7084725703643403,-0.08627959628145762,subject_dependent,rbf_svm,0.19230769230769232,0.7258064516129032,0.7164557648523766,0.45905707196029777,0.5681818181818182,0.5924317617866005,0.45454545454545453,0.5681818181818182,0.5681818181818182,0.43767217630853994,5,0.22727272727272727,45,0.6818181818181818,0.375,0.25,0.2481178018704423,"[[0, 2], [3, 3]]",0.2727272727272727,0.375,0.40909090909090906,3,0.5,2,1.0,-0.4285714285714286,0.6892054292933949,-0.4472135954999579,0.0,0.6,0.7884920634920635,0.3,0.375,0.44999999999999996,0.25,0.375,0.375,0.3333333333333333,0,0.0,3,0.5
0.5795454545454546,0.553030303030303,"{""clf__C"": 183.42628625395747, ""clf__gamma"": 0.0001005394019469303, ""clf__class_weight"": ""balanced""}",0.26623254320863193,"[[40, 26], [11, 11]]",arousal,0.5283210198464436,0.5795454545454546,0.6060408518035637,11,0.5,,26,0.3939393939393939,0.0864197530864198,0.7326278517776863,0.09303609266337166,subject_dependent,rbf_svm,0.7843137254901961,0.2972972972972973,0.3713975278708507,0.5408055113937467,0.5795454545454546,0.6625596184419714,0.553030303030303,0.5795454545454546,0.5795454545454546,0.5750688705234159,40,0.6060606060606061,11,0.5,0.375,0.41666666666666663,0.23754454510108863,"[[2, 4], [1, 1]]",0.36507936507936506,0.375,0.40476190476190477,1,0.5,4,0.6666666666666666,-0.11111111111111116,0.666227024867306,-0.14907119849998599,0.6666666666666666,0.2,0.6666666666666666,0.43333333333333335,0.375,0.55,0.41666666666666663,0.375,0.375,0.6666666666666667,2,0.3333333333333333,1,0.5
0.4659090909090909,0.4757575757575757,"{""clf__C"": 183.42628625395747, ""clf__gamma"": 0.0001005394019469303, ""clf__class_weight"": ""balanced""}",0.3103955752167056,"[[24, 31], [16, 17]]",arousal,0.46250812215724496,0.4659090909090909,0.473196881091618,16,0.48484848484848486,,31,0.5636363636363636,-0.04444444444444451,0.8628125831132913,-0.04714045207910317,subject_dependent,rbf_svm,0.6,0.3541666666666667,0.4654992454220511,0.4770833333333333,0.4659090909090909,0.5078125,0.4757575757575757,0.4659090909090909,0.4659090909090909,0.5146005509641873,24,0.43636363636363634,17,0.5151515151515151,0.5,0.5333333333333333,0.2724410390426996,"[[2, 3], [1, 2]]",0.5,0.5,0.5,1,0.3333333333333333,3,0.6,0.05882352941176472,0.7418713171982012,0.06666666666666667,0.6666666666666666,0.4,0.625,0.5333333333333333,0.5,0.5666666666666667,0.5333333333333333,0.5,0.5,0.5333333333333333,2,0.4,2,0.6666666666666666
0.75,0.5,"{""clf__C"": 2.0059560245279644, ""clf__gamma"": 0.07114476009343425, ""clf__class_weight"": null}",0.18336611518020665,"[[0, 22], [0, 66]]",arousal,0.42857142857142855,0.75,0.6428571428571428,0,0.0,,22,1.0,0.0,0.5727239636921165,0.0,subject_dependent,rbf_svm,0.0,0.75,0.8311263465308816,0.375,0.75,0.5625,0.5,0.75,0.75,0.6398071625344353,0,0.0,66,1.0,0.75,0.5,0.15185864606075478,"[[0, 2], [0, 6]]",0.42857142857142855,0.75,0.6428571428571428,0,0.0,2,1.0,0.0,0.458670795686427,0.0,0.0,0.75,1.0,0.375,0.75,0.5625,0.5,0.75,0.75,1.0,0,0.0,6,1.0
0.5,0.49090909090909085,"{""clf__C"": 13.411788774467905, ""clf__gamma"": 0.00026210878782654407, ""clf__class_weight"": ""balanced""}",0.24416140348314233,"[[15, 18], [26, 29]]",arousal,0.4870164281928988,0.5,0.5074191838897721,26,0.4727272727272727,,18,0.5454545454545454,-0.01734104046242768,0.6845211024896557,-0.01764553245940222,subject_dependent,rbf_svm,0.36585365853658536,0.6170212765957447,0.606859215370658,0.491437467566165,0.5,0.5228334198235599,0.49090909090909085,0.5,0.5,0.4928374655647383,15,0.45454545454545453,29,0.5272727272727272,0.625,0.5,0.23750064902260773,"[[0, 3], [0, 5]]",0.38461538461538464,0.625,0.4807692307692308,0,0.0,3,1.0,0.0,0.6675770701785879,0.0,0.0,0.625,0.7683333333333333,0.3125,0.625,0.390625,0.5,0.625,0.625,0.6000000000000001,0,0.0,5,1.0
1.0,1.0,"{""clf__C"": 0.34866781670451225, ""clf__gamma"": 0.00014936568554617635, ""clf__class_weight"": ""balanced""}",,[[88]],arousal,1.0,1.0,1.0,,,,,,nan,,0.0,subject_dependent,rbf_svm,,,1.0,1.0,1.0,1.0,1.0,1.0,1.0,nan,,,,,1.0,1.0,,[[8]],1.0,1.0,1.0,,,,,nan,,0.0,,,1.0,1.0,1.0,1.0,1.0,1.0,1.0,nan,,,,
0.42045454545454547,0.4939393939393939,"{""clf__C"": 34.26465148409954, ""clf__gamma"": 0.020597335357437203, ""clf__class_weight"": null}",0.39481661271737906,"[[11, 44], [7, 26]]",arousal,0.4031121159728687,0.42045454545454547,0.37767655273307615,7,0.21212121212121213,,44,0.8,-0.00990099009900991,1.1953997101894542,-0.014547859349066158,subject_dependent,rbf_svm,0.6111111111111112,0.37142857142857144,0.40627691755170525,0.4912698412698413,0.42045454545454547,0.5212301587301588,0.4939393939393939,0.42045454545454547,0.42045454545454547,0.47548209366391186,11,0.2,26,0.7878787878787878,0.5,0.6,0.33563825436155503,"[[1, 4], [0, 3]]",0.4666666666666667,0.5,0.4333333333333333,0,0.0,4,0.8,0.1578947368421053,0.8845588571357456,0.29277002188455997,1.0,0.42857142857142855,0.3595238095238095,0.7142857142857143,0.5,0.7857142857142857,0.6,0.5,0.5,0.3333333333333333,1,0.2,3,1.0
0.4772727272727273,0.5272727272727273,"{""clf__C"": 160.49758307716223, ""clf__gamma"": 0.00018427970406864567, ""clf__class_weight"": null}",0.36991806175251973,"[[18, 37], [9, 24]]",arousal,0.47483134405812144,0.4772727272727273,0.46587960560456665,9,0.2727272727272727,,37,0.6727272727272727,0.04663212435233166,1.0484983276421735,0.05725983343138682,subject_dependent,rbf_svm,0.6666666666666666,0.39344262295081966,0.38858830228465285,0.5300546448087431,0.4772727272727273,0.5642076502732241,0.5272727272727273,0.4772727272727273,0.4772727272727273,0.48402203856749315,18,0.32727272727272727,24,0.7272727272727273,0.5,0.6,0.3329807909933799,"[[1, 4], [0, 3]]",0.4666666666666667,0.5,0.4333333333333333,0,0.0,4,0.8,0.1578947368421053,0.8860886764365493,0.29277002188455997,1.0,0.42857142857142855,0.5873015873015872,0.7142857142857143,0.5,0.7857142857142857,0.6,0.5,0.5,0.4666666666666666,1,0.2,3,1.0
0.3522727272727273,0.5530303030303031,"{""clf__C"": 0.34866781670451225, ""clf__gamma"": 0.00014936568554617635, ""clf__class_weight"": ""balanced""}",0.1962979720578029,"[[21, 1], [56, 10]]",arousal,0.34199134199134196,0.3522727272727273,0.30086580086580084,56,0.8484848484848485,,1,0.045454545454545456,0.05785123966942152,0.5828899890564124,0.13886593015017698,subject_dependent,rbf_svm,0.2727272727272727,0.9090909090909091,0.761523804623104,0.5909090909090908,0.3522727272727273,0.75,0.5530303030303031,0.3522727272727273,0.3522727272727273,0.4228650137741047,21,0.9545454545454546,10,0.15151515151515152,0.75,0.5,0.19629796675272326,"[[0, 2], [0, 6]]",0.42857142857142855,0.75,0.6428571428571428,0,0.0,2,1.0,0.0,0.5828899785644741,0.0,0.0,0.75,0.8551587301587301,0.375,0.75,0.5625,0.5,0.75,0.75,0.5,0,0.0,6,1.0
0.6022727272727273,0.6022727272727273,"{""clf__C"": 243.14537412227003, ""clf__gamma"": 0.0004992453416923984, ""clf__class_weight"": ""balanced""}",0.3446717799593191,"[[14, 30], [5, 39]]",arousal,0.567354965585054,0.6022727272727273,0.567354965585054,5,0.11363636363636363,,30,0.6818181818181818,0.20454545454545459,2.7424935385049363,0.24856567949974837,subject_dependent,rbf_svm,0.7368421052631579,0.5652173913043478,0.6488998339019186,0.6510297482837528,0.6022727272727273,0.6510297482837527,0.6022727272727273,0.6022727272727273,0.6022727272727273,0.6683884297520661,14,0.3181818181818182,39,0.8863636363636364,0.5,0.5,0.2640573381654758,"[[0, 4], [0, 4]]",0.3333333333333333,0.5,0.3333333333333333,0,0.0,4,1.0,0.0,0.8388855040783427,0.0,0.0,0.5,0.6791666666666667,0.25,0.5,0.25,0.5,0.5,0.5,0.75,0,0.0,4,1.0
0.4431818181818182,0.5181818181818182,"{""clf__C"": 166.2878326769575, ""clf__gamma"": 0.008979064194712979, ""clf__class_weight"": ""balanced""}",0.40606646512006994,"[[12, 43], [6, 27]]",arousal,0.4265194839739327,0.4431818181818182,0.40208139380236735,6,0.18181818181818182,,43,0.7818181818181819,0.02970297029702973,2.0052501198195465,0.04364357804719848,subject_dependent,rbf_svm,0.6666666666666666,0.38571428571428573,0.6016234003746317,0.5261904761904762,0.4431818181818182,0.5613095238095238,0.5181818181818182,0.4431818181818182,0.4431818181818182,0.7338842975206613,12,0.21818181818181817,27,0.8181818181818182,0.375,0.5,0.33766597563221584,"[[0, 5], [0, 3]]",0.2727272727272727,0.375,0.20454545454545453,0,0.0,5,1.0,0.0,0.8905282844758929,0.0,0.0,0.375,0.7555555555555555,0.1875,0.375,0.140625,0.5,0.375,0.375,0.8,0,0.0,3,1.0
0.5113636363636364,0.5113636363636364,"{""clf__C"": 13.411788774467905, ""clf__gamma"": 0.00026210878782654407, ""clf__class_weight"": ""balanced""}",0.3144460787337209,"[[25, 19], [24, 20]]",arousal,0.509781059722762,0.5113636363636364,0.509781059722762,24,0.5454545454545454,,19,0.4318181818181818,0.022727272727272707,0.9214233653573335,0.022875450543583874,subject_dependent,rbf_svm,0.5102040816326531,0.5128205128205128,0.5350561181239755,0.5115122972265829,0.5113636363636364,0.511512297226583,0.5113636363636364,0.5113636363636364,0.5113636363636364,0.5707644628099173,25,0.5681818181818182,20,0.45454545454545453,0.5,0.5,0.2941173012344346,"[[2, 2], [2, 2]]",0.5,0.5,0.5,2,0.5,2,0.5,0.0,0.8012256919417797,0.0,0.5,0.5,0.5428571428571428,0.5,0.5,0.5,0.5,0.5,0.5,0.5,2,0.5,2,0.5
0.6704545454545454,0.7348484848484849,"{""clf__C"": 262.30889101079146, ""clf__gamma"": 0.0025135566617708314, ""clf__class_weight"": null}",0.25126090637125215,"[[40, 26], [3, 19]]",arousal,0.6505545666164589,0.6704545454545454,0.6922497603724497,3,0.13636363636363635,,26,0.3939393939393939,0.348314606741573,1.2286766365775066,0.4068746026617149,subject_dependent,rbf_svm,0.9302325581395349,0.4222222222222222,0.611751598154845,0.6762273901808785,0.6704545454545454,0.8032299741602067,0.7348484848484849,0.6704545454545454,0.6704545454545454,0.8436639118457301,40,0.6060606060606061,19,0.8636363636363636,0.75,0.8333333333333333,0.20359087093954414,"[[4, 2], [0, 2]]",0.7333333333333334,0.75,0.7666666666666667,0,0.0,2,0.3333333333333333,0.5,0.6352912848112033,0.5773502691896258,1.0,0.5,0.5833333333333333,0.75,0.75,0.875,0.8333333333333333,0.75,0.75,0.8333333333333334,4,0.6666666666666666,2,1.0
0.5,0.5,"{""clf__C"": 243.14537412227003, ""clf__gamma"": 0.0004992453416923984, ""clf__class_weight"": ""balanced""}",0.2881976053189174,"[[25, 19], [25, 19]]",arousal,0.49766476388168135,0.5,0.4976647638816814,25,0.5681818181818182,,19,0.4318181818181818,0.0,0.7884183699523413,0.0,subject_dependent,rbf_svm,0.5,0.5,0.545275090617324,0.5,0.5,0.5,0.5,0.5,0.5,0.5743801652892562,25,0.5681818181818182,19,0.4318181818181818,0.5,0.5,0.23804836193288145,"[[3, 1], [3, 1]]",0.4666666666666667,0.5,0.4666666666666667,3,0.75,1,0.25,0.0,0.6697596238903882,0.0,0.5,0.5,0.7470238095238095,0.5,0.5,0.5,0.5,0.5,0.5,0.6875,3,0.75,1,0.25
0.4090909090909091,0.6060606060606061,"{""clf__C"": 2.365839532258546, ""clf__gamma"": 0.06025271171095385, ""clf__class_weight"": null}",0.42841218654994456,"[[14, 52], [0, 22]]",arousal,0.4041666666666667,0.4090909090909091,0.37708333333333327,0,0.0,,52,0.7878787878787878,0.11864406779661019,1.7605007046219576,0.2511236011669613,subject_dependent,rbf_svm,1.0,0.2972972972972973,0.392503141813772,0.6486486486486487,0.4090909090909091,0.8243243243243245,0.6060606060606061,0.4090909090909091,0.4090909090909091,0.7024793388429752,14,0.21212121212121213,22,1.0,0.5,0.6666666666666666,0.40294845461849027,"[[2, 4], [0, 2]]",0.5,0.5,0.5,0,0.0,4,0.6666666666666666,0.19999999999999996,1.083334774312549,0.3333333333333333,1.0,0.3333333333333333,0.5833333333333333,0.6666666666666666,0.5,0.8333333333333334,0.6666666666666666,0.5,0.5,0.8333333333333334,2,0.3333333333333333,2,1.0
0.4772727272727273,0.48484848484848486,"{""clf__C"": 183.42628625395747, ""clf__gamma"": 0.0001005394019469303, ""clf__class_weight"": ""balanced""}",0.3368250661950873,"[[25, 30], [16, 17]]",arousal,0.47291666666666665,0.4772727272727273,0.48489583333333336,16,0.48484848484848486,,30,0.5454545454545454,-0.027932960893854775,0.9408445778134109,-0.029409220765670364,subject_dependent,rbf_svm,0.6097560975609756,0.3617021276595745,0.3483211500377597,0.48572911261027507,0.4772727272727273,0.5167358588479503,0.48484848484848486,0.4772727272727273,0.4772727272727273,0.42314049586776864,25,0.45454545454545453,17,0.5151515151515151,0.375,0.3666666666666667,0.2959618855815766,"[[2, 3], [2, 1]]",0.36507936507936506,0.375,0.38492063492063494,2,0.6666666666666666,3,0.6,-0.25,0.7974789333863905,-0.2581988897471611,0.5,0.25,0.5694444444444444,0.375,0.375,0.40625,0.3666666666666667,0.375,0.375,0.39999999999999997,2,0.4,1,0.3333333333333333
0.45454545454545453,0.33333333333333337,"{""clf__C"": 262.30889101079146, ""clf__gamma"": 0.0025135566617708314, ""clf__class_weight"": null}",0.42527005865763295,"[[38, 28], [20, 2]]",arousal,0.3449131513647643,0.45454545454545453,0.47890818858560796,20,0.9090909090909091,,28,0.42424242424242425,-0.29729729729729737,1.6970004251361714,-0.30450009279704654,subject_dependent,rbf_svm,0.6551724137931034,0.06666666666666667,0.16561255039788403,0.36091954022988504,0.45454545454545453,0.5080459770114942,0.33333333333333337,0.45454545454545453,0.45454545454545453,0.21005509641873277,38,0.5757575757575758,2,0.09090909090909091,0.5,0.3333333333333333,0.3710083082984375,"[[4, 2], [2, 0]]",0.3333333333333333,0.5,0.5,2,1.0,2,0.3333333333333333,-0.33333333333333326,1.2519138338838438,-0.3333333333333333,0.6666666666666666,0.0,0.20833333333333331,0.3333333333333333,0.5,0.5,0.3333333333333333,0.5,0.5,0.08333333333333331,4,0.6666666666666666,0,0.0
0.45454545454545453,0.4727272727272727,"{""clf__C"": 5.2117930643778205, ""clf__gamma"": 0.0036999724314638123, ""clf__class_weight"": null}",0.37804043643635377,"[[22, 33], [15, 18]]",arousal,0.45341614906832295,0.45454545454545453,0.45962732919254656,15,0.45454545454545453,,33,0.6,-0.049180327868852514,1.0931275055102225,-0.0534947213716119,subject_dependent,rbf_svm,0.5945945945945946,0.35294117647058826,0.3167667045333593,0.4737678855325914,0.45454545454545453,0.5039745627980922,0.4727272727272727,0.45454545454545453,0.45454545454545453,0.39669421487603307,22,0.4,18,0.5454545454545454,0.375,0.43333333333333335,0.3166378870486797,"[[1, 4], [1, 2]]",0.36507936507936506,0.375,0.34523809523809523,1,0.3333333333333333,4,0.8,-0.11111111111111116,0.8343893393208064,-0.14907119849998599,0.5,0.3333333333333333,0.3194444444444444,0.41666666666666663,0.375,0.4375,0.43333333333333335,0.375,0.375,0.19999999999999998,1,0.2,2,0.6666666666666666
0.6022727272727273,0.5787878787878789,"{""clf__C"": 0.40069130793659025, ""clf__gamma"": 0.0014899847475658245, ""clf__class_weight"": ""balanced""}",0.24930150870754655,"[[16, 17], [18, 37]]",arousal,0.5782555114336574,0.6022727272727273,0.6034164042174449,18,0.32727272727272727,,17,0.5151515151515151,0.15662650602409633,0.7295087748859175,0.15667199731347392,subject_dependent,rbf_svm,0.47058823529411764,0.6851851851851852,0.6295388439361209,0.5778867102396514,0.6022727272727273,0.604711328976035,0.5787878787878789,0.6022727272727273,0.6022727272727273,0.5418732782369146,16,0.48484848484848486,37,0.6727272727272727,0.625,0.5666666666666667,0.24035151807360855,"[[1, 2], [1, 4]]",0.5636363636363637,0.625,0.6045454545454546,1,0.2,2,0.6666666666666666,0.1428571428571429,0.6963840388810882,0.14907119849998599,0.5,0.6666666666666666,0.6595238095238095,0.5833333333333333,0.625,0.6041666666666666,0.5666666666666667,0.625,0.625,0.5333333333333333,1,0.3333333333333333,4,0.8
0.6818181818181818,0.696969696969697,"{""clf__C"": 0.40069130793659025, ""clf__gamma"": 0.0014899847475658245, ""clf__class_weight"": ""balanced""}",0.18857210112744838,"[[16, 6], [22, 44]]",arousal,0.6459770114942529,0.6818181818181818,0.7022988505747126,22,0.3333333333333333,,6,0.2727272727272727,0.31707317073170727,0.5655057639928791,0.3443784128369114,subject_dependent,rbf_svm,0.42105263157894735,0.88,0.9306180707511478,0.6505263157894736,0.6818181818181818,0.7652631578947368,0.696969696969697,0.6818181818181818,0.6818181818181818,0.794077134986226,16,0.7272727272727273,44,0.6666666666666666,0.75,0.5,0.18837540583236692,"[[0, 2], [0, 6]]",0.42857142857142855,0.75,0.6428571428571428,0,0.0,2,1.0,0.0,0.5651874896101593,0.0,0.0,0.75,0.9761904761904762,0.375,0.75,0.5625,0.5,0.75,0.75,0.9166666666666667,0,0.0,6,1.0
0.7386363636363636,0.6558441558441559,"{""clf__C"": 0.21466070134458173, ""clf__gamma"": 0.0012955517240662183, ""clf__class_weight"": ""balanced""}",0.17492100540277458,"[[6, 5], [18, 59]]",arousal,0.5898682877406282,0.7386363636363636,0.7751266464032421,18,0.23376623376623376,,5,0.45454545454545453,0.2068965517241379,0.5402874652101324,0.23145502494313785,subject_dependent,rbf_svm,0.25,0.921875,0.7942270707797053,0.5859375,0.7386363636363636,0.837890625,0.6558441558441559,0.7386363636363636,0.7386363636363636,0.22195985832349469,6,0.5454545454545454,59,0.7662337662337663,0.875,0.5,0.17487103770998969,"[[0, 1], [0, 7]]",0.4666666666666667,0.875,0.8166666666666667,0,0.0,1,1.0,0.0,0.5402125359920186,0.0,0.0,0.875,0.754591836734694,0.4375,0.875,0.765625,0.5,0.875,0.875,0.0,0,0.0,7,1.0
0.5,0.49090909090909085,"{""clf__C"": 13.411788774467905, ""clf__gamma"": 0.00026210878782654407, ""clf__class_weight"": ""balanced""}",0.34292754403717957,"[[29, 26], [18, 15]]",arousal,0.4870164281928988,0.5,0.5074191838897721,18,0.5454545454545454,,26,0.4727272727272727,-0.01734104046242768,0.9371304888225812,-0.01764553245940222,subject_dependent,rbf_svm,0.6170212765957447,0.36585365853658536,0.4549612087093776,0.491437467566165,0.5,0.5228334198235599,0.49090909090909085,0.5,0.5,0.46391184573002753,29,0.5272727272727272,15,0.45454545454545453,0.25,0.26666666666666666,0.3021860631007507,"[[1, 4], [2, 1]]",0.25,0.25,0.25,2,0.6666666666666666,4,0.8,-0.41176470588235303,0.793799124103971,-0.4666666666666667,0.3333333333333333,0.2,0.5535714285714286,0.26666666666666666,0.25,0.2833333333333333,0.26666666666666666,0.25,0.25,0.3333333333333333,1,0.2,1,0.3333333333333333
0.2840909090909091,0.28409090909090906,"{""clf__C"": 0.40069130793659025, ""clf__gamma"": 0.0014899847475658245, ""clf__class_weight"": ""balanced""}",0.3151738145610279,"[[15, 29], [34, 10]]",arousal,0.28177225029148856,0.2840909090909091,0.2817722502914885,34,0.7727272727272727,,29,0.6590909090909091,-0.4318181818181819,0.8369010197029422,-0.43463356032809364,subject_dependent,rbf_svm,0.30612244897959184,0.2564102564102564,0.37485769054156176,0.2812663526949241,0.2840909090909091,0.2812663526949241,0.28409090909090906,0.2840909090909091,0.2840909090909091,0.25542355371900827,15,0.3409090909090909,10,0.22727272727272727,0.5,0.5,0.3095027686591525,"[[0, 4], [0, 4]]",0.3333333333333333,0.5,0.3333333333333333,0,0.0,4,1.0,0.0,0.8198024283438797,0.0,0.0,0.5,0.44047619047619047,0.25,0.5,0.25,0.5,0.5,0.5,0.1875,0,0.0,4,1.0
0.625,0.693939393939394,"{""clf__C"": 0.34866781670451225, ""clf__gamma"": 0.00014936568554617635, ""clf__class_weight"": ""balanced""}",0.23767997991162906,"[[32, 1], [32, 23]]",arousal,0.6210361477228239,0.625,0.6113467310452825,32,0.5818181818181818,,1,0.030303030303030304,0.326530612244898,0.6689204733960327,0.4216370213557839,subject_dependent,rbf_svm,0.5,0.9583333333333334,0.4532718492658945,0.7291666666666667,0.625,0.7864583333333335,0.693939393939394,0.625,0.625,0.15261707988980716,32,0.9696969696969697,23,0.41818181818181815,0.625,0.5,0.2376752182036037,"[[0, 3], [0, 5]]",0.38461538461538464,0.625,0.4807692307692308,0,0.0,3,1.0,0.0,0.6689105634708898,0.0,0.0,0.625,0.46928571428571425,0.3125,0.625,0.390625,0.5,0.625,0.625,0.0,0,0.0,5,1.0
0.7386363636363636,0.7848484848484849,"{""clf__C"": 0.40069130793659025, ""clf__gamma"": 0.0014899847475658245, ""clf__class_weight"": ""balanced""}",0.17106504673214704,"[[32, 1], [22, 33]]",arousal,0.7386026088079556,0.7386363636363636,0.739345215032933,22,0.4,,1,0.030303030303030304,0.5053763440860215,0.5082084342145524,0.5664295287487133,subject_dependent,rbf_svm,0.5925925925925926,0.9705882352941176,0.9201456175194862,0.7815904139433552,0.7386363636363636,0.8288398692810457,0.7848484848484849,0.7386363636363636,0.7386363636363636,0.8545454545454546,32,0.9696969696969697,33,0.6,0.75,0.6666666666666666,0.16018416598049465,"[[1, 2], [0, 5]]",0.6666666666666667,0.75,0.7083333333333334,0,0.0,2,0.6666666666666666,0.3846153846153846,0.49078156578568605,0.4879500364742666,1.0,0.7142857142857143,1.0,0.8571428571428572,0.75,0.8214285714285714,0.6666666666666666,0.75,0.75,1.0,1,0.3333333333333333,5,1.0
0.5,0.6363636363636364,"{""clf__C"": 20.12196163610286, ""clf__gamma"": 0.0008612579192594886, ""clf__class_weight"": ""balanced""}",0.4746877048631376,"[[24, 42], [2, 20]]",arousal,0.4989648033126294,0.5,0.510351966873706,2,0.09090909090909091,,42,0.6363636363636364,0.16981132075471694,2.8954240737357786,0.25883878884437284,subject_dependent,rbf_svm,0.9230769230769231,0.3225806451612903,0.5329371083036296,0.6228287841191067,0.5,0.772952853598015,0.6363636363636364,0.5,0.5,0.747245179063361,24,0.36363636363636365,20,0.9090909090909091,0.375,0.5833333333333334,0.4368600193151735,"[[1, 5], [0, 2]]",0.36507936507936506,0.375,0.32539682539682535,0,0.0,5,0.8333333333333334,0.09090909090909094,1.3903234303336398,0.2182178902359924,1.0,0.2857142857142857,0.8333333333333333,0.6428571428571428,0.375,0.8214285714285714,0.5833333333333334,0.375,0.375,0.9166666666666667,1,0.16666666666666666,2,1.0
0.7045454545454546,0.7090909090909091,"{""clf__C"": 13.411788774467905, ""clf__gamma"": 0.00026210878782654407, ""clf__class_weight"": ""balanced""}",0.19710458953122742,"[[24, 9], [17, 38]]",arousal,0.6968733439321675,0.7045454545454546,0.7089295177530471,17,0.3090909090909091,,9,0.2727272727272727,0.3988439306358381,0.5814993417678026,0.40584724656625104,subject_dependent,rbf_svm,0.5853658536585366,0.8085106382978723,0.8194587578763555,0.6969382459782044,0.7045454545454546,0.7248313440581214,0.7090909090909091,0.7045454545454546,0.7045454545454546,0.7388429752066115,24,0.7272727272727273,38,0.6909090909090909,0.75,0.6666666666666666,0.1648418278998525,"[[1, 2], [0, 5]]",0.6666666666666667,0.75,0.7083333333333334,0,0.0,2,0.6666666666666666,0.3846153846153846,0.49913194003779815,0.4879500364742666,1.0,0.7142857142857143,0.9266666666666666,0.8571428571428572,0.75,0.8214285714285714,0.6666666666666666,0.75,0.75,0.8666666666666667,1,0.3333333333333333,5,1.0
0.6022727272727273,0.5181818181818182,"{""clf__C"": 100.2571297605856, ""clf__gamma"": 0.0074112997810832455, ""clf__class_weight"": ""balanced""}",0.3299620590463268,"[[6, 27], [8, 47]]",arousal,0.4920006597394029,0.6022727272727273,0.5511710374402111,8,0.14545454545454545,,27,0.8181818181818182,0.04109589041095896,2.1126512752600046,0.04813109511118895,subject_dependent,rbf_svm,0.42857142857142855,0.6351351351351351,0.810423506734995,0.5318532818532818,0.6022727272727273,0.5576737451737451,0.5181818181818182,0.6022727272727273,0.6022727272727273,0.7129476584022039,6,0.18181818181818182,47,0.8545454545454545,0.5,0.4,0.2767642769650326,"[[0, 3], [1, 4]]",0.3333333333333333,0.5,0.41666666666666663,1,0.2,3,1.0,-0.23076923076923084,0.8029637287412831,-0.29277002188455997,0.0,0.5714285714285714,0.885,0.2857142857142857,0.5,0.3571428571428571,0.4,0.5,0.5,0.7333333333333334,0,0.0,4,0.8
0.5,0.49090909090909085,"{""clf__C"": 183.42628625395747, ""clf__gamma"": 0.0001005394019469303, ""clf__class_weight"": ""balanced""}",0.33655135706988903,"[[29, 26], [18, 15]]",arousal,0.4870164281928988,0.5,0.5074191838897721,18,0.5454545454545454,,26,0.4727272727272727,-0.01734104046242768,0.954087187231831,-0.01764553245940222,subject_dependent,rbf_svm,0.6170212765957447,0.36585365853658536,0.4879202100021003,0.491437467566165,0.5,0.5228334198235599,0.49090909090909085,0.5,0.5,0.4798898071625345,29,0.5272727272727272,15,0.45454545454545453,0.625,0.6333333333333333,0.277902823379255,"[[3, 2], [1, 2]]",0.6190476190476191,0.625,0.6309523809523809,1,0.3333333333333333,2,0.4,0.25,0.7678012329947338,0.2581988897471611,0.75,0.5,0.6805555555555556,0.625,0.625,0.65625,0.6333333333333333,0.625,0.625,0.6,3,0.6,2,0.6666666666666666
0.5113636363636364,0.5113636363636364,"{""clf__C"": 48.43827864278568, ""clf__gamma"": 0.00039459088111000007, ""clf__class_weight"": ""balanced""}",0.29206294631935115,"[[29, 15], [28, 16]]",arousal,0.5004620462046204,0.5113636363636364,0.5004620462046204,28,0.6363636363636364,,15,0.3409090909090909,0.022727272727272707,0.8222807860349555,0.023789303403490326,subject_dependent,rbf_svm,0.5087719298245614,0.5161290322580645,0.6138333992221473,0.512450481041313,0.5113636363636364,0.512450481041313,0.5113636363636364,0.5113636363636364,0.5113636363636364,0.5625,29,0.6590909090909091,16,0.36363636363636365,0.5,0.5,0.25241800092908895,"[[3, 1], [3, 1]]",0.4666666666666667,0.5,0.4666666666666667,3,0.75,1,0.25,0.0,0.6894376962651136,0.0,0.5,0.5,0.6178571428571429,0.5,0.5,0.5,0.5,0.5,0.5,0.4375,3,0.75,1,0.25
0.5568181818181818,0.5,"{""clf__C"": 13.411788774467905, ""clf__gamma"": 0.00026210878782654407, ""clf__class_weight"": ""balanced""}",0.2968938272741811,"[[40, 15], [24, 9]]",arousal,0.4940291906236179,0.5568181818181818,0.5385891198584697,24,0.7272727272727273,,15,0.2727272727272727,0.0,0.839342305833938,0.0,subject_dependent,rbf_svm,0.625,0.375,0.37433739242240893,0.5,0.5568181818181818,0.53125,0.5,0.5568181818181818,0.5568181818181818,0.5168044077134986,40,0.7272727272727273,9,0.2727272727272727,0.625,0.5666666666666667,0.2683709918083773,"[[4, 1], [2, 1]]",0.5636363636363637,0.625,0.6045454545454546,2,0.6666666666666666,1,0.2,0.1428571428571429,0.7466322795243334,0.14907119849998599,0.6666666666666666,0.5,0.5,0.5833333333333333,0.625,0.6041666666666666,0.5666666666666667,0.625,0.625,0.6,4,0.8,1,0.3333333333333333
0.5454545454545454,0.6242424242424243,"{""clf__C"": 6.471483909913166, ""clf__gamma"": 0.07647439907543511, ""clf__class_weight"": null}",0.2714399154430818,"[[17, 38], [2, 31]]",arousal,0.5336512983571807,0.5454545454545454,0.5151033386327504,2,0.06060606060606061,,38,0.6909090909090909,0.20398009950248752,0.7946079111450928,0.29237274239104805,subject_dependent,rbf_svm,0.8947368421052632,0.4492753623188406,0.4200622946314107,0.6720061022120518,0.5454545454545454,0.7276887871853547,0.6242424242424243,0.5454545454545454,0.5454545454545454,0.6192837465564739,17,0.3090909090909091,31,0.9393939393939394,0.625,0.7,0.23595418221923684,"[[2, 3], [0, 3]]",0.6190476190476191,0.625,0.6071428571428571,0,0.0,3,0.6,0.33333333333333337,0.6534894382971522,0.4472135954999579,1.0,0.5,0.5,0.75,0.625,0.8125,0.7,0.625,0.625,0.6,2,0.4,3,1.0
0.6818181818181818,0.6818181818181818,"{""clf__C"": 1.351144633701368, ""clf__gamma"": 0.015446089075047083, ""clf__class_weight"": ""balanced""}",0.2245578016861324,"[[40, 4], [24, 20]]",arousal,0.6644880174291938,0.6818181818181818,0.6644880174291938,24,0.5454545454545454,,4,0.09090909090909091,0.36363636363636365,0.6834537965289015,0.408248290463863,subject_dependent,rbf_svm,0.625,0.8333333333333334,0.7734651671368674,0.7291666666666667,0.6818181818181818,0.7291666666666667,0.6818181818181818,0.6818181818181818,0.6818181818181818,0.7308884297520662,40,0.9090909090909091,20,0.45454545454545453,0.75,0.75,0.17974954816329775,"[[4, 0], [2, 2]]",0.7333333333333334,0.75,0.7333333333333334,2,0.5,0,0.0,0.5,0.5324056903411967,0.5773502691896258,0.6666666666666666,1.0,0.9166666666666666,0.8333333333333333,0.75,0.8333333333333333,0.75,0.75,0.75,0.875,4,1.0,2,0.5
0.7045454545454546,0.6666666666666667,"{""clf__C"": 243.14537412227003, ""clf__gamma"": 0.0004992453416923984, ""clf__class_weight"": ""balanced""}",0.16361694801521465,"[[49, 17], [9, 13]]",arousal,0.6451612903225806,0.7045454545454546,0.7177419354838709,9,0.4090909090909091,,17,0.25757575757575757,0.29729729729729726,0.47922881021016317,0.30450009279704654,subject_dependent,rbf_svm,0.8448275862068966,0.43333333333333335,0.565294281567748,0.639080459770115,0.7045454545454546,0.7419540229885058,0.6666666666666667,0.7045454545454546,0.7045454545454546,0.8064738292011019,49,0.7424242424242424,13,0.5909090909090909,0.875,0.75,0.12026242959374406,"[[6, 0], [1, 1]]",0.7948717948717949,0.875,0.8589743589743589,1,0.5,0,0.0,0.6,0.40139091375911795,0.6546536707079772,0.8571428571428571,1.0,0.8333333333333333,0.9285714285714286,0.875,0.8928571428571428,0.75,0.875,0.875,0.9166666666666667,6,1.0,1,0.5
0.6704545454545454,0.6558441558441559,"{""clf__C"": 243.14537412227003, ""clf__gamma"": 0.0004992453416923984, ""clf__class_weight"": ""balanced""}",0.20346814961480286,"[[52, 25], [4, 7]]",arousal,0.5537681412834412,0.6704545454545454,0.7249082007343941,4,0.36363636363636365,,25,0.3246753246753247,0.17142857142857137,0.5853877970998976,0.21428571428571427,subject_dependent,rbf_svm,0.9285714285714286,0.21875,0.28564250774674294,0.5736607142857143,0.6704545454545454,0.83984375,0.6558441558441559,0.6704545454545454,0.6704545454545454,0.7107438016528926,52,0.6753246753246753,7,0.6363636363636364,0.875,0.9285714285714286,0.1480904109529163,"[[6, 1], [0, 1]]",0.7948717948717949,0.875,0.8910256410256411,0,0.0,1,0.14285714285714285,0.6,0.47681858450306286,0.6546536707079772,1.0,0.5,1.0,0.75,0.875,0.9375,0.9285714285714286,0.875,0.875,1.0,6,0.8571428571428571,1,1.0
0.7954545454545454,0.8051948051948052,"{""clf__C"": 183.42628625395747, ""clf__gamma"": 0.0001005394019469303, ""clf__class_weight"": ""balanced""}",0.10916736307578051,"[[9, 2], [16, 61]]",arousal,0.6857142857142857,0.7954545454545454,0.825,16,0.2077922077922078,,2,0.18181818181818182,0.39495798319327735,0.3436471262808889,0.44761904761904764,subject_dependent,rbf_svm,0.36,0.9682539682539683,0.983218116390152,0.6641269841269841,0.7954545454545454,0.8922222222222221,0.8051948051948052,0.7954545454545454,0.7954545454545454,0.8831168831168832,9,0.8181818181818182,61,0.7922077922077922,0.875,0.9285714285714286,0.09777601578385445,"[[1, 0], [1, 6]]",0.7948717948717949,0.875,0.8910256410256411,1,0.14285714285714285,0,0.0,0.6,0.3232509301572352,0.6546536707079772,0.5,1.0,0.9821428571428572,0.75,0.875,0.9375,0.9285714285714286,0.875,0.875,0.8571428571428571,1,1.0,6,0.8571428571428571
0.75,0.7792207792207793,"{""clf__C"": 243.14537412227003, ""clf__gamma"": 0.0004992453416923984, ""clf__class_weight"": ""balanced""}",0.18027478280509188,"[[57, 20], [2, 9]]",arousal,0.6441176470588236,0.75,0.7897058823529413,2,0.18181818181818182,,20,0.2597402597402597,0.3282442748091603,0.5579338859581152,0.3929112200630892,subject_dependent,rbf_svm,0.9661016949152542,0.3103448275862069,0.4468282733052895,0.6382232612507306,0.75,0.8841320864991232,0.7792207792207793,0.75,0.75,0.7992916174734357,57,0.7402597402597403,9,0.8181818181818182,0.875,0.9285714285714286,0.1196776530683966,"[[6, 1], [0, 1]]",0.7948717948717949,0.875,0.8910256410256411,0,0.0,1,0.14285714285714285,0.6,0.40826208797260405,0.6546536707079772,1.0,0.5,1.0,0.75,0.875,0.9375,0.9285714285714286,0.875,0.875,1.0,6,0.8571428571428571,1,1.0
0.6136363636363636,0.7792207792207793,"{""clf__C"": 13.411788774467905, ""clf__gamma"": 0.00026210878782654407, ""clf__class_weight"": ""balanced""}",0.18155982162774206,"[[11, 0], [34, 43]]",arousal,0.5547619047619048,0.6136363636363636,0.6761904761904762,34,0.44155844155844154,,0,0.0,0.24022346368715086,0.5372741245086279,0.3694698045956347,subject_dependent,rbf_svm,0.24444444444444444,1.0,0.9856681384419967,0.6222222222222222,0.6136363636363636,0.9055555555555554,0.7792207792207793,0.6136363636363636,0.6136363636363636,0.898465171192444,11,1.0,43,0.5584415584415584,0.875,0.9285714285714286,0.15490932570596633,"[[1, 0], [1, 6]]",0.7948717948717949,0.875,0.8910256410256411,1,0.14285714285714285,0,0.0,0.6,0.4744411276005494,0.6546536707079772,0.5,1.0,0.9821428571428572,0.75,0.875,0.9375,0.9285714285714286,0.875,0.875,0.8571428571428571,1,1.0,6,0.8571428571428571
0.5,0.503030303030303,"{""clf__C"": 183.42628625395747, ""clf__gamma"": 0.0001005394019469303, ""clf__class_weight"": ""balanced""}",0.32031048358303804,"[[27, 28], [16, 17]]",arousal,0.4934589220303506,0.5,0.5078492935635792,16,0.48484848484848486,,28,0.509090909090909,0.005649717514124242,0.8856410206404579,0.0058696727088374916,subject_dependent,rbf_svm,0.627906976744186,0.37777777777777777,0.4023170426245436,0.5028423772609819,0.5,0.5341085271317829,0.503030303030303,0.5,0.5,0.4842975206611571,27,0.4909090909090909,17,0.5151515151515151,0.375,0.43333333333333335,0.27171012653639914,"[[1, 4], [1, 2]]",0.36507936507936506,0.375,0.34523809523809523,1,0.3333333333333333,4,0.8,-0.11111111111111116,0.7372904919339714,-0.14907119849998599,0.5,0.3333333333333333,0.44285714285714284,0.41666666666666663,0.375,0.4375,0.43333333333333335,0.375,0.375,0.4666666666666666,1,0.2,2,0.6666666666666666
0.5795454545454546,0.5969696969696969,"{""clf__C"": 51.4138527229363, ""clf__gamma"": 0.006173770394704574, ""clf__class_weight"": ""balanced""}",0.29983500192031115,"[[29, 26], [11, 22]]",arousal,0.5768680961663417,0.5795454545454546,0.5852826510721247,11,0.3333333333333333,,26,0.4727272727272727,0.1777777777777778,0.8625711143467361,0.18856180831641267,subject_dependent,rbf_svm,0.725,0.4583333333333333,0.4663459151025413,0.5916666666666667,0.5795454545454546,0.625,0.5969696969696969,0.5795454545454546,0.5795454545454546,0.5895316804407713,29,0.5272727272727272,22,0.6666666666666666,0.5,0.5333333333333333,0.24636216381755902,"[[2, 3], [1, 2]]",0.5,0.5,0.5,1,0.3333333333333333,3,0.6,0.05882352941176472,0.6809143120270564,0.06666666666666667,0.6666666666666666,0.4,0.6428571428571429,0.5333333333333333,0.5,0.5666666666666667,0.5333333333333333,0.5,0.5,0.6,2,0.4,2,0.6666666666666666
0.4090909090909091,0.4121212121212121,"{""clf__C"": 13.411788774467905, ""clf__gamma"": 0.00026210878782654407, ""clf__class_weight"": ""balanced""}",0.3000659232111349,"[[14, 19], [33, 22]]",arousal,0.4041666666666667,0.4090909090909091,0.41770833333333335,33,0.6,,19,0.5757575757575758,-0.16201117318435765,0.8081145951771146,-0.1705734804408881,subject_dependent,rbf_svm,0.2978723404255319,0.5365853658536586,0.5720800135670964,0.41722885313959523,0.4090909090909091,0.4470679813181111,0.4121212121212121,0.4090909090909091,0.4090909090909091,0.38953168044077136,14,0.42424242424242425,22,0.4,0.25,0.26666666666666666,0.2922128739566051,"[[1, 2], [4, 1]]",0.25,0.25,0.25,4,0.8,2,0.6666666666666666,-0.41176470588235303,0.7809586988364002,-0.4666666666666667,0.2,0.3333333333333333,0.6592857142857143,0.26666666666666666,0.25,0.2833333333333333,0.26666666666666666,0.25,0.25,0.33333333333333337,1,0.3333333333333333,1,0.2
0.6022727272727273,0.603030303030303,"{""clf__C"": 183.42628625395747, ""clf__gamma"": 0.0001005394019469303, ""clf__class_weight"": ""balanced""}",0.26744462427321364,"[[20, 13], [22, 33]]",arousal,0.5933993399339934,0.6022727272727273,0.6084158415841584,22,0.4,,13,0.3939393939393939,0.1954022988505747,0.7382247894569346,0.19972375677423504,subject_dependent,rbf_svm,0.47619047619047616,0.717391304347826,0.6734734208535003,0.5967908902691511,0.6022727272727273,0.6269409937888198,0.603030303030303,0.6022727272727273,0.6022727272727273,0.581267217630854,20,0.6060606060606061,33,0.6,0.5,0.6,0.24478561657885917,"[[3, 0], [4, 1]]",0.4666666666666667,0.5,0.4333333333333333,4,0.8,0,0.0,0.1578947368421053,0.6826002444338325,0.29277002188455997,0.42857142857142855,1.0,0.9266666666666666,0.7142857142857143,0.5,0.7857142857142857,0.6,0.5,0.5,0.8666666666666667,3,1.0,1,0.2
0.42045454545454547,0.4212121212121212,"{""clf__C"": 51.4138527229363, ""clf__gamma"": 0.006173770394704574, ""clf__class_weight"": ""balanced""}",0.383861425709244,"[[14, 19], [32, 23]]",arousal,0.4143285919352734,0.42045454545454547,0.42930314498238287,32,0.5818181818181818,,19,0.5757575757575758,-0.146067415730337,1.115598387692414,-0.15272993165088564,subject_dependent,rbf_svm,0.30434782608695654,0.5476190476190477,0.5937061378196258,0.4259834368530021,0.42045454545454547,0.45639233954451347,0.4212121212121212,0.42045454545454547,0.42045454545454547,0.3900826446280991,14,0.42424242424242425,23,0.41818181818181815,0.25,0.26666666666666666,0.3146306956128777,"[[1, 2], [4, 1]]",0.25,0.25,0.25,4,0.8,2,0.6666666666666666,-0.41176470588235303,0.8269659639423573,-0.4666666666666667,0.2,0.3333333333333333,0.5392857142857144,0.26666666666666666,0.25,0.2833333333333333,0.26666666666666666,0.25,0.25,0.2,1,0.3333333333333333,1,0.2
0.625,0.5969696969696969,"{""clf__C"": 51.4138527229363, ""clf__gamma"": 0.006173770394704574, ""clf__class_weight"": ""balanced""}",0.3023179946546967,"[[16, 17], [16, 39]]",arousal,0.5975051975051975,0.625,0.6238045738045739,16,0.2909090909090909,,17,0.5151515151515151,0.19512195121951215,1.0651725272466188,0.19518001458970663,subject_dependent,rbf_svm,0.5,0.6964285714285714,0.7227900154508441,0.5982142857142857,0.625,0.6227678571428571,0.5969696969696969,0.625,0.625,0.5983471074380164,16,0.48484848484848486,39,0.7090909090909091,0.625,0.5666666666666667,0.232919842283338,"[[1, 2], [1, 4]]",0.5636363636363637,0.625,0.6045454545454546,1,0.2,2,0.6666666666666666,0.1428571428571429,0.7370534388284159,0.14907119849998599,0.5,0.6666666666666666,0.6861904761904762,0.5833333333333333,0.625,0.6041666666666666,0.5666666666666667,0.625,0.625,0.6000000000000001,1,0.3333333333333333,4,0.8
0.6590909090909091,0.6590909090909091,"{""clf__C"": 32.32518791282502, ""clf__gamma"": 0.0005104518230902811, ""clf__class_weight"": ""balanced""}",0.2317980235897488,"[[34, 10], [20, 24]]",arousal,0.6546310832025117,0.6590909090909091,0.6546310832025118,20,0.45454545454545453,,10,0.22727272727272727,0.31818181818181823,0.6837301774390886,0.32673201960653564,subject_dependent,rbf_svm,0.6296296296296297,0.7058823529411765,0.7307393820085605,0.6677559912854031,0.6590909090909091,0.6677559912854032,0.6590909090909091,0.6590909090909091,0.6590909090909091,0.7381198347107438,34,0.7727272727272727,24,0.5454545454545454,0.75,0.75,0.17719707676486113,"[[4, 0], [2, 2]]",0.7333333333333334,0.75,0.7333333333333334,2,0.5,0,0.0,0.5,0.525886040893625,0.5773502691896258,0.6666666666666666,1.0,0.8541666666666666,0.8333333333333333,0.75,0.8333333333333333,0.75,0.75,0.75,0.8125,4,1.0,2,0.5
0.6022727272727273,0.38311688311688313,"{""clf__C"": 0.21466070134458173, ""clf__gamma"": 0.0012955517240662183, ""clf__class_weight"": ""balanced""}",0.17754395423753877,"[[1, 10], [25, 52]]",arousal,0.40112774645148747,0.6022727272727273,0.6614330157495626,25,0.3246753246753247,,10,0.9090909090909091,-0.14754098360655732,0.534336246537139,-0.1694497632385757,subject_dependent,rbf_svm,0.038461538461538464,0.8387096774193549,0.8786794453769871,0.43858560794044665,0.6022727272727273,0.7386786600496277,0.38311688311688313,0.6022727272727273,0.6022727272727273,0.40850059031877217,1,0.09090909090909091,52,0.6753246753246753,0.875,0.5,0.1677093512157096,"[[0, 1], [0, 7]]",0.4666666666666667,0.875,0.8166666666666667,0,0.0,1,1.0,0.0,0.5160628771459703,0.0,0.0,0.875,0.9093537414965986,0.4375,0.875,0.765625,0.5,0.875,0.875,0.42857142857142855,0,0.0,7,1.0
0.7386363636363636,0.7386363636363636,"{""clf__C"": 51.4138527229363, ""clf__gamma"": 0.006173770394704574, ""clf__class_weight"": ""balanced""}",0.18749884720556514,"[[32, 12], [11, 33]]",arousal,0.7386026088079556,0.7386363636363636,0.7386026088079557,11,0.25,,12,0.2727272727272727,0.4772727272727273,0.5667725558077923,0.47739603762933147,subject_dependent,rbf_svm,0.7441860465116279,0.7333333333333333,0.8093220778691004,0.7387596899224806,0.7386363636363636,0.7387596899224806,0.7386363636363636,0.7386363636363636,0.7386363636363636,0.8135330578512396,32,0.7272727272727273,33,0.75,0.75,0.75,0.12333496316264625,"[[2, 2], [0, 4]]",0.7333333333333334,0.75,0.7333333333333334,0,0.0,2,0.5,0.5,0.402841472709087,0.5773502691896258,1.0,0.6666666666666666,1.0,0.8333333333333333,0.75,0.8333333333333333,0.75,0.75,0.75,1.0,2,0.5,4,1.0
0.45454545454545453,0.4121212121212121,"{""clf__C"": 243.14537412227003, ""clf__gamma"": 0.0004992453416923984, ""clf__class_weight"": ""balanced""}",0.35323192661166425,"[[8, 25], [23, 32]]",arousal,0.4107142857142857,0.45454545454545453,0.45089285714285715,23,0.41818181818181815,,25,0.7575757575757576,-0.17791411042944794,1.0486497870951152,-0.17812878007254732,subject_dependent,rbf_svm,0.25806451612903225,0.5614035087719298,0.6357281964385573,0.409734012450481,0.45454545454545453,0.4476513865308432,0.4121212121212121,0.45454545454545453,0.45454545454545453,0.46005509641873277,8,0.24242424242424243,32,0.5818181818181818,0.375,0.3,0.30903116428457,"[[0, 3], [2, 3]]",0.2727272727272727,0.375,0.3409090909090909,2,0.4,3,1.0,-0.4285714285714286,0.8125623925128573,-0.4472135954999579,0.0,0.5,0.7592857142857143,0.25,0.375,0.3125,0.3,0.375,0.375,0.4666666666666667,0,0.0,3,0.6
0.5340909090909091,0.49242424242424243,"{""clf__C"": 243.14537412227003, ""clf__gamma"": 0.0004992453416923984, ""clf__class_weight"": ""balanced""}",0.22708094642797638,"[[9, 13], [28, 38]]",arousal,0.4773286976676807,0.5340909090909091,0.5634506736201652,28,0.42424242424242425,,13,0.5909090909090909,-0.012345679012345734,0.6423167990117652,-0.013290870380481667,subject_dependent,rbf_svm,0.24324324324324326,0.7450980392156863,0.807904158333641,0.49417064122946475,0.5340909090909091,0.6196343402225756,0.49242424242424243,0.5340909090909091,0.5340909090909091,0.5399449035812672,9,0.4090909090909091,38,0.5757575757575758,0.625,0.4166666666666667,0.20693390314809512,"[[0, 2], [1, 5]]",0.38461538461538464,0.625,0.576923076923077,1,0.16666666666666666,2,1.0,-0.19999999999999996,0.5971811530761498,-0.2182178902359924,0.0,0.7142857142857143,0.8357142857142856,0.35714285714285715,0.625,0.5357142857142857,0.4166666666666667,0.625,0.625,0.5,0,0.0,5,0.8333333333333334
0.5340909090909091,0.5242424242424242,"{""clf__C"": 262.30889101079146, ""clf__gamma"": 0.0025135566617708314, ""clf__class_weight"": null}",0.3121649665917972,"[[16, 17], [24, 31]]",arousal,0.5201489559781886,0.5340909090909091,0.5405971538768454,24,0.43636363636363634,,17,0.5151515151515151,0.046511627906976716,0.8820892232323998,0.04714045207910317,subject_dependent,rbf_svm,0.4,0.6458333333333334,0.6350162139134383,0.5229166666666667,0.5340909090909091,0.5536458333333334,0.5242424242424242,0.5340909090909091,0.5340909090909091,0.4771349862258953,16,0.48484848484848486,31,0.5636363636363636,0.25,0.2,0.2657063713928797,"[[0, 3], [3, 2]]",0.2,0.25,0.25,3,0.6,3,1.0,-0.6000000000000001,0.7186248334221592,-0.6,0.0,0.4,0.7392857142857143,0.2,0.25,0.25,0.2,0.25,0.25,0.4,0,0.0,2,0.4
0.26136363636363635,0.5075757575757576,"{""clf__C"": 0.4342298948286134, ""clf__gamma"": 0.0008179499475211679, ""clf__class_weight"": ""balanced""}",0.20598254723991663,"[[22, 0], [65, 1]]",arousal,0.21676023551964946,0.26136363636363635,0.12330549089415309,65,0.9848484848484849,,0,0.0,0.007633587786259555,0.6037630357806602,0.06189844605901729,subject_dependent,rbf_svm,0.25287356321839083,1.0,0.7908166773235974,0.6264367816091954,0.26136363636363635,0.8132183908045977,0.5075757575757576,0.26136363636363635,0.26136363636363635,0.53099173553719,22,1.0,1,0.015151515151515152,0.75,0.5,0.20596189683711935,"[[0, 2], [0, 6]]",0.42857142857142855,0.75,0.6428571428571428,0,0.0,2,1.0,0.0,0.6037239491236837,0.0,0.0,0.75,0.8,0.375,0.75,0.5625,0.5,0.75,0.75,0.5,0,0.0,6,1.0
0.4431818181818182,0.4772727272727273,"{""clf__C"": 183.42628625395747, ""clf__gamma"": 0.0001005394019469303, ""clf__class_weight"": ""balanced""}",0.28226079038201185,"[[12, 10], [39, 27]]",arousal,0.4265194839739327,0.4431818181818182,0.4753956643170634,39,0.5909090909090909,,10,0.45454545454545453,-0.03157894736842115,0.779836846391649,-0.039872611141445,subject_dependent,rbf_svm,0.23529411764705882,0.7297297297297297,0.7341244464262734,0.48251192368839424,0.4431818181818182,0.606120826709062,0.4772727272727273,0.4431818181818182,0.4431818181818182,0.44972451790633605,12,0.5454545454545454,27,0.4090909090909091,0.375,0.25,0.24890259030435952,"[[0, 2], [3, 3]]",0.2727272727272727,0.375,0.40909090909090906,3,0.5,2,1.0,-0.4285714285714286,0.6896414765254453,-0.4472135954999579,0.0,0.6,0.8551587301587301,0.3,0.375,0.44999999999999996,0.25,0.375,0.375,0.5,0,0.0,3,0.5
0.42045454545454547,0.4575757575757576,"{""clf__C"": 0.40069130793659025, ""clf__gamma"": 0.0014899847475658245, ""clf__class_weight"": ""balanced""}",0.2738787021017125,"[[20, 13], [38, 17]]",arousal,0.4197802197802198,0.42045454545454547,0.4148351648351648,38,0.6909090909090909,,13,0.3939393939393939,-0.0736842105263158,0.7418306284401353,-0.0866578244826242,subject_dependent,rbf_svm,0.3448275862068966,0.5666666666666667,0.5475023279720546,0.4557471264367816,0.42045454545454547,0.4834770114942529,0.4575757575757576,0.42045454545454547,0.42045454545454547,0.3256198347107438,20,0.6060606060606061,17,0.3090909090909091,0.25,0.2,0.2720828265649772,"[[0, 3], [3, 2]]",0.2,0.25,0.25,3,0.6,3,1.0,-0.6000000000000001,0.737793410392936,-0.6,0.0,0.4,0.5726190476190476,0.2,0.25,0.25,0.2,0.25,0.25,0.2666666666666667,0,0.0,2,0.4
0.7045454545454546,0.6787878787878788,"{""clf__C"": 1.351144633701368, ""clf__gamma"": 0.015446089075047083, ""clf__class_weight"": ""balanced""}",0.18593181954249544,"[[43, 12], [14, 19]]",arousal,0.6808035714285714,0.7045454545454546,0.7025669642857143,14,0.42424242424242425,,12,0.21818181818181817,0.3619631901840491,0.5510050736030799,0.3623999318717342,subject_dependent,rbf_svm,0.7543859649122807,0.6129032258064516,0.6912115638260509,0.6836445953593662,0.7045454545454546,0.7013299377475948,0.6787878787878788,0.7045454545454546,0.7045454545454546,0.7983471074380165,43,0.7818181818181819,19,0.5757575757575758,0.75,0.6666666666666666,0.13173005469328639,"[[5, 0], [2, 1]]",0.6666666666666667,0.75,0.7083333333333334,2,0.6666666666666666,0,0.0,0.3846153846153846,0.4175503399697403,0.4879500364742666,0.7142857142857143,1.0,1.0,0.8571428571428572,0.75,0.8214285714285714,0.6666666666666666,0.75,0.75,1.0,5,1.0,1,0.3333333333333333
0.625,0.6515151515151515,"{""clf__C"": 183.42628625395747, ""clf__gamma"": 0.0001005394019469303, ""clf__class_weight"": ""balanced""}",0.23950151844014525,"[[30, 25], [8, 25]]",arousal,0.6237854644383988,0.625,0.6291294209094442,8,0.24242424242424243,,25,0.45454545454545453,0.27472527472527475,0.6782075997633967,0.2961744388795462,subject_dependent,rbf_svm,0.7894736842105263,0.5,0.6365958160101054,0.6447368421052632,0.625,0.6809210526315789,0.6515151515151515,0.625,0.625,0.7179063360881542,30,0.5454545454545454,25,0.7575757575757576,0.75,0.8,0.198101914680291,"[[3, 2], [0, 3]]",0.75,0.75,0.75,0,0.0,2,0.4,0.5294117647058824,0.5813343549578992,0.6,1.0,0.6,0.8666666666666667,0.8,0.75,0.85,0.8,0.75,0.75,0.8666666666666667,3,0.6,3,1.0
0.6022727272727273,0.6022727272727273,"{""clf__C"": 13.411788774467905, ""clf__gamma"": 0.00026210878782654407, ""clf__class_weight"": ""balanced""}",0.2480574940192822,"[[21, 23], [12, 32]]",arousal,0.595959595959596,0.6022727272727273,0.5959595959595959,12,0.2727272727272727,,23,0.5227272727272727,0.20454545454545459,0.7118783611417178,0.2112536370658591,subject_dependent,rbf_svm,0.6363636363636364,0.5818181818181818,0.6321418791825473,0.6090909090909091,0.6022727272727273,0.609090909090909,0.6022727272727273,0.6022727272727273,0.6022727272727273,0.6526342975206612,21,0.4772727272727273,32,0.7272727272727273,0.625,0.625,0.21222574380489861,"[[2, 2], [1, 3]]",0.6190476190476191,0.625,0.6190476190476191,1,0.25,2,0.5,0.25,0.6111577680550049,0.2581988897471611,0.6666666666666666,0.6,0.7708333333333333,0.6333333333333333,0.625,0.6333333333333333,0.625,0.625,0.625,0.75,2,0.5,3,0.75
0.5340909090909091,0.5969696969696969,"{""clf__C"": 13.411788774467905, ""clf__gamma"": 0.00026210878782654407, ""clf__class_weight"": ""balanced""}",0.29413054220490087,"[[28, 5], [36, 19]]",arousal,0.5291661229283571,0.5340909090909091,0.5171277567532298,36,0.6545454545454545,,5,0.15151515151515152,0.16326530612244894,0.8118514132492116,0.21081851067789195,subject_dependent,rbf_svm,0.4375,0.7916666666666666,0.7233973978106176,0.6145833333333333,0.5340909090909091,0.6588541666666666,0.5969696969696969,0.5340909090909091,0.5340909090909091,0.577961432506887,28,0.8484848484848485,19,0.34545454545454546,0.625,0.7,0.2712485853766109,"[[3, 0], [3, 2]]",0.6190476190476191,0.625,0.6071428571428571,3,0.6,0,0.0,0.33333333333333337,0.7551783996856435,0.4472135954999579,0.5,1.0,0.885,0.75,0.625,0.8125,0.7,0.625,0.625,0.7333333333333334,3,1.0,2,0.4
0.7045454545454546,0.7030303030303031,"{""clf__C"": 0.40069130793659025, ""clf__gamma"": 0.0014899847475658245, ""clf__class_weight"": ""balanced""}",0.18841457118643448,"[[23, 10], [16, 39]]",arousal,0.6944444444444444,0.7045454545454546,0.7083333333333333,16,0.2909090909090909,,10,0.30303030303030304,0.39181286549707606,0.5554725825474617,0.39572986749890315,subject_dependent,rbf_svm,0.5897435897435898,0.7959183673469388,0.8722543114511555,0.6928309785452642,0.7045454545454546,0.7186028257456829,0.7030303030303031,0.7045454545454546,0.7045454545454546,0.7881542699724517,23,0.696969696969697,39,0.7090909090909091,0.875,0.9,0.16645479181964873,"[[3, 0], [1, 4]]",0.873015873015873,0.875,0.876984126984127,1,0.2,0,0.0,0.75,0.5159807306924682,0.7745966692414834,0.75,1.0,0.9428571428571428,0.875,0.875,0.90625,0.9,0.875,0.875,0.8666666666666667,3,1.0,4,0.8
0.7045454545454546,0.7575757575757576,"{""clf__C"": 13.411788774467905, ""clf__gamma"": 0.00026210878782654407, ""clf__class_weight"": ""balanced""}",0.17920045753528988,"[[19, 3], [23, 43]]",arousal,0.6808035714285714,0.7045454545454546,0.7243303571428572,23,0.3484848484848485,,3,0.13636363636363635,0.39534883720930236,0.521381674015462,0.4465958968688237,subject_dependent,rbf_svm,0.4523809523809524,0.9347826086956522,0.9272692856126804,0.6935817805383023,0.7045454545454546,0.8141821946169773,0.7575757575757576,0.7045454545454546,0.7045454545454546,0.7582644628099173,19,0.8636363636363636,43,0.6515151515151515,0.5,0.3333333333333333,0.16412220625988932,"[[0, 2], [2, 4]]",0.3333333333333333,0.5,0.5,2,0.3333333333333333,2,1.0,-0.33333333333333326,0.48379582728780257,-0.3333333333333333,0.0,0.6666666666666666,0.9107142857142857,0.3333333333333333,0.5,0.5,0.3333333333333333,0.5,0.5,0.6666666666666666,0,0.0,4,0.6666666666666666
0.2159090909090909,0.3571428571428571,"{""clf__C"": 1.351144633701368, ""clf__gamma"": 0.015446089075047083, ""clf__class_weight"": ""balanced""}",0.5807509009184852,"[[6, 5], [64, 13]]",arousal,0.21091617933723197,0.2159090909090909,0.25799220272904483,64,0.8311688311688312,,5,0.45454545454545453,-0.08661417322834652,2.3120603530172565,-0.234254740499978,subject_dependent,rbf_svm,0.08571428571428572,0.7222222222222222,0.7666789606642601,0.403968253968254,0.2159090909090909,0.6426587301587301,0.3571428571428571,0.2159090909090909,0.2159090909090909,0.20070838252656434,6,0.5454545454545454,13,0.16883116883116883,0.25,0.14285714285714285,0.5305247732719098,"[[0, 1], [5, 2]]",0.2,0.25,0.35000000000000003,5,0.7142857142857143,1,1.0,-0.26315789473684204,1.7483301090703252,-0.4879500364742666,0.0,0.6666666666666666,0.8260204081632654,0.3333333333333333,0.25,0.5833333333333333,0.14285714285714285,0.25,0.25,0.14285714285714285,0,0.0,2,0.2857142857142857
0.6136363636363636,0.6545454545454545,"{""clf__C"": 235.1599274057192, ""clf__gamma"": 0.021154290797261225, ""clf__class_weight"": ""balanced""}",0.33749966012875326,"[[27, 6], [28, 27]]",arousal,0.6136363636363636,0.6136363636363636,0.6136363636363636,28,0.509090909090909,,6,0.18181818181818182,0.2727272727272727,1.5120445525338477,0.3090909090909091,subject_dependent,rbf_svm,0.4909090909090909,0.8181818181818182,0.7863479274063574,0.6545454545454545,0.6136363636363636,0.6954545454545454,0.6545454545454545,0.6136363636363636,0.6136363636363636,0.6771349862258954,27,0.8181818181818182,27,0.4909090909090909,0.5,0.5333333333333333,0.302914679119471,"[[2, 1], [3, 2]]",0.5,0.5,0.5,3,0.6,1,0.3333333333333333,0.05882352941176472,0.9664080199242553,0.06666666666666667,0.4,0.6666666666666666,0.852857142857143,0.5333333333333333,0.5,0.5666666666666667,0.5333333333333333,0.5,0.5,0.7333333333333334,2,0.6666666666666666,2,0.4
0.7045454545454546,0.7045454545454546,"{""clf__C"": 166.2878326769575, ""clf__gamma"": 0.008979064194712979, ""clf__class_weight"": ""balanced""}",0.2458635074986816,"[[29, 15], [11, 33]]",arousal,0.7039337474120082,0.7045454545454546,0.7039337474120082,11,0.25,,15,0.3409090909090909,0.40909090909090906,0.7805578033638518,0.41079191812887456,subject_dependent,rbf_svm,0.725,0.6875,0.7946005401399416,0.70625,0.7045454545454546,0.7062499999999999,0.7045454545454546,0.7045454545454546,0.7045454545454546,0.734504132231405,29,0.6590909090909091,33,0.75,0.625,0.625,0.18578465507864234,"[[2, 2], [1, 3]]",0.6190476190476191,0.625,0.6190476190476191,1,0.25,2,0.5,0.25,0.5226502372964171,0.2581988897471611,0.6666666666666666,0.6,0.8166666666666667,0.6333333333333333,0.625,0.6333333333333333,0.625,0.625,0.625,0.75,2,0.5,3,0.75
0.6704545454545454,0.706060606060606,"{""clf__C"": 0.21466070134458173, ""clf__gamma"": 0.0012955517240662183, ""clf__class_weight"": ""balanced""}",0.201543197790509,"[[28, 5], [24, 31]]",arousal,0.6700711053652231,0.6704545454545454,0.6728829993535876,24,0.43636363636363634,,5,0.15151515151515152,0.3695652173913043,0.5821708122317916,0.40579842862234533,subject_dependent,rbf_svm,0.5384615384615384,0.8611111111111112,0.8605207388184823,0.6997863247863247,0.6704545454545454,0.7401175213675214,0.706060606060606,0.6704545454545454,0.6704545454545454,0.7146005509641873,28,0.8484848484848485,31,0.5636363636363636,0.625,0.5666666666666667,0.2007918986060993,"[[1, 2], [1, 4]]",0.5636363636363637,0.625,0.6045454545454546,1,0.2,2,0.6666666666666666,0.1428571428571429,0.5804989773559204,0.14907119849998599,0.5,0.6666666666666666,0.8583333333333333,0.5833333333333333,0.625,0.6041666666666666,0.5666666666666667,0.625,0.625,0.6666666666666667,1,0.3333333333333333,4,0.8
