feature_tag,model,dimension,subject_id,split,train_trials_json,test_trials_json,metrics_json,best_params_json,grid_summary_json
A_window_w8_s4,rbf_svm,valence,1,0,"[19, 13, 24, 31, 7, 6, 35, 9, 20, 37, 10, 32, 14, 8, 12, 5, 36, 28, 39, 29, 22, 26, 33, 15, 1, 25, 11, 34, 18, 3, 38, 23]","[30, 2, 27, 17, 16, 21, 0, 4]","{""accuracy"": 0.45535714285714285, ""balanced_accuracy"": 0.47380952380952385, ""precision_macro"": 0.47479541734860886, ""precision_micro"": 0.45535714285714285, ""precision_weighted"": 0.5050327332242226, ""recall_macro"": 0.47380952380952385, ""recall_micro"": 0.45535714285714285, ""recall_weighted"": 0.45535714285714285, ""f1_macro"": 0.4542695103442767, ""f1_micro"": 0.45535714285714285, ""f1_weighted"": 0.46036025241632716, ""mcc"": -0.05138560194537569, ""kappa"": -0.047210300429184615, ""confusion_matrix"": [[23, 19], [42, 28]], ""tp"": 28, ""tn"": 23, ""fp"": 19, ""fn"": 42, ""tpr"": 0.4, ""tnr"": 0.5476190476190477, ""fpr"": 0.4523809523809524, ""fnr"": 0.6, ""ppv"": 0.5957446808510638, ""npv"": 0.35384615384615387, ""roc_auc"": 0.5238095238095237, ""pr_auc"": 0.6666912930573381, ""log_loss"": 0.875727704848428, ""brier"": 0.3203420908366202, ""trial_accuracy"": 0.25, ""trial_f1_macro"": 0.25}","{""clf__C"": 10.0, ""clf__class_weight"": ""balanced"", ""clf__gamma"": 0.0001}","{""scores"": {""{'clf__C': 0.1, 'clf__class_weight': None, 'clf__gamma': 0.0001}"": 0.3145972306448353, ""{'clf__C': 0.1, 'clf__class_weight': None, 'clf__gamma': 0.001}"": 0.3145972306448353, ""{'clf__C': 0.1, 'clf__class_weight': None, 'clf__gamma': 0.01}"": 0.37069383089204067, ""{'clf__C': 0.1, 'clf__class_weight': None, 'clf__gamma': 0.1}"": 0.3468137254901961, ""{'clf__C': 0.1, 'clf__class_weight': 'balanced', 'clf__gamma': 0.0001}"": 0.3145972306448353, ""{'clf__C': 0.1, 'clf__class_weight': 'balanced', 'clf__gamma': 0.001}"": 0.3813721964451089, ""{'clf__C': 0.1, 'clf__class_weight': 'balanced', 'clf__gamma': 0.01}"": 0.37713689363817693, ""{'clf__C': 0.1, 'clf__class_weight': 'balanced', 'clf__gamma': 0.1}"": 0.3468137254901961, ""{'clf__C': 1.0, 'clf__class_weight': None, 'clf__gamma': 0.0001}"": 0.3051373063242298, ""{'clf__C': 1.0, 'clf__class_weight': None, 'clf__gamma': 0.001}"": 0.4706627907931047, ""{'clf__C': 1.0, 'clf__class_weight': None, 'clf__gamma': 0.01}"": 0.4334671504477437, ""{'clf__C': 1.0, 'clf__class_weight': None, 'clf__gamma': 0.1}"": 0.3458794952958762, ""{'clf__C': 1.0, 'clf__class_weight': 'balanced', 'clf__gamma': 0.0001}"": 0.3147974044596739, ""{'clf__C': 1.0, 'clf__class_weight': 'balanced', 'clf__gamma': 0.001}"": 0.4851377259178468, ""{'clf__C': 1.0, 'clf__class_weight': 'balanced', 'clf__gamma': 0.01}"": 0.4472776069645778, ""{'clf__C': 1.0, 'clf__class_weight': 'balanced', 'clf__gamma': 0.1}"": 0.3458794952958762, ""{'clf__C': 10.0, 'clf__class_weight': None, 'clf__gamma': 0.0001}"": 0.4714812218300806, ""{'clf__C': 10.0, 'clf__class_weight': None, 'clf__gamma': 0.001}"": 0.43579591231655196, ""{'clf__C': 10.0, 'clf__class_weight': None, 'clf__gamma': 0.01}"": 0.437389799099213, ""{'clf__C': 10.0, 'clf__class_weight': None, 'clf__gamma': 0.1}"": 0.34493684861331925, ""{'clf__C': 10.0, 'clf__class_weight': 'balanced', 'clf__gamma': 0.0001}"": 0.5027130641718488, ""{'clf__C': 10.0, 'clf__class_weight': 'balanced', 'clf__gamma': 0.001}"": 0.4423835346760056, ""{'clf__C': 10.0, 'clf__class_weight': 'balanced', 'clf__gamma': 0.01}"": 0.437389799099213, ""{'clf__C': 10.0, 'clf__class_weight': 'balanced', 'clf__gamma': 0.1}"": 0.34493684861331925, ""{'clf__C': 100.0, 'clf__class_weight': None, 'clf__gamma': 0.0001}"": 0.47212920559280924, ""{'clf__C': 100.0, 'clf__class_weight': None, 'clf__gamma': 0.001}"": 0.42611376411464413, ""{'clf__C': 100.0, 'clf__class_weight': None, 'clf__gamma': 0.01}"": 0.437389799099213, ""{'clf__C': 100.0, 'clf__class_weight': None, 'clf__gamma': 0.1}"": 0.34493684861331925, ""{'clf__C': 100.0, 'clf__class_weight': 'balanced', 'clf__gamma': 0.0001}"": 0.4744088070997736, ""{'clf__C': 100.0, 'clf__class_weight': 'balanced', 'clf__gamma': 0.001}"": 0.43058005665680565, ""{'clf__C': 100.0, 'clf__class_weight': 'balanced', 'clf__gamma': 0.01}"": 0.437389799099213, ""{'clf__C': 100.0, 'clf__class_weight': 'balanced', 'clf__gamma': 0.1}"": 0.34493684861331925}, ""best_score"": 0.5027130641718488}"
A_window_w8_s4,rbf_svm,valence,1,1,"[31, 15, 1, 24, 16, 9, 30, 0, 39, 11, 23, 5, 4, 28, 12, 13, 17, 6, 35, 18, 36, 14, 2, 19, 22, 37, 7, 33, 27, 10, 8, 38]","[21, 26, 29, 25, 34, 3, 32, 20]","{""accuracy"": 0.5714285714285714, ""balanced_accuracy"": 0.5714285714285714, ""precision_macro"": 0.6131313131313131, ""precision_micro"": 0.5714285714285714, ""precision_weighted"": 0.6131313131313131, ""recall_macro"": 0.5714285714285714, ""recall_micro"": 0.5714285714285714, ""recall_weighted"": 0.5714285714285714, ""f1_macro"": 0.5279241306638567, ""f1_micro"": 0.5714285714285714, ""f1_weighted"": 0.5279241306638567, ""mcc"": 0.17978662999019787, ""kappa"": 0.1428571428571429, ""confusion_matrix"": [[49, 7], [41, 15]], ""tp"": 15, ""tn"": 49, ""fp"": 7, ""fn"": 41, ""tpr"": 0.26785714285714285, ""tnr"": 0.875, ""fpr"": 0.125, ""fnr"": 0.7321428571428571, ""ppv"": 0.6818181818181818, ""npv"": 0.5444444444444444, ""roc_auc"": 0.47608418367346933, ""pr_auc"": 0.5834068275909271, ""log_loss"": 1.2591017655579932, ""brier"": 0.34911341474804153, ""trial_accuracy"": 0.625, ""trial_f1_macro"": 0.5636363636363637}","{""clf__C"": 10.0, ""clf__class_weight"": null, ""clf__gamma"": 0.01}","{""scores"": {""{'clf__C': 0.1, 'clf__class_weight': None, 'clf__gamma': 0.0001}"": 0.34640522875817, ""{'clf__C': 0.1, 'clf__class_weight': None, 'clf__gamma': 0.001}"": 0.34640522875817, ""{'clf__C': 0.1, 'clf__class_weight': None, 'clf__gamma': 0.01}"": 0.34640522875817, ""{'clf__C': 0.1, 'clf__class_weight': None, 'clf__gamma': 0.1}"": 0.34640522875817, ""{'clf__C': 0.1, 'clf__class_weight': 'balanced', 'clf__gamma': 0.0001}"": 0.3194444444444444, ""{'clf__C': 0.1, 'clf__class_weight': 'balanced', 'clf__gamma': 0.001}"": 0.3194444444444444, ""{'clf__C': 0.1, 'clf__class_weight': 'balanced', 'clf__gamma': 0.01}"": 0.3731565451314445, ""{'clf__C': 0.1, 'clf__class_weight': 'balanced', 'clf__gamma': 0.1}"": 0.3194444444444444, ""{'clf__C': 1.0, 'clf__class_weight': None, 'clf__gamma': 0.0001}"": 0.34640522875817, ""{'clf__C': 1.0, 'clf__class_weight': None, 'clf__gamma': 0.001}"": 0.5160928116908213, ""{'clf__C': 1.0, 'clf__class_weight': None, 'clf__gamma': 0.01}"": 0.5223006531508106, ""{'clf__C': 1.0, 'clf__class_weight': None, 'clf__gamma': 0.1}"": 0.34640522875817, ""{'clf__C': 1.0, 'clf__class_weight': 'balanced', 'clf__gamma': 0.0001}"": 0.4159212078307813, ""{'clf__C': 1.0, 'clf__class_weight': 'balanced', 'clf__gamma': 0.001}"": 0.5069368307540186, ""{'clf__C': 1.0, 'clf__class_weight': 'balanced', 'clf__gamma': 0.01}"": 0.5303177777309632, ""{'clf__C': 1.0, 'clf__class_weight': 'balanced', 'clf__gamma': 0.1}"": 0.34640522875817, ""{'clf__C': 10.0, 'clf__class_weight': None, 'clf__gamma': 0.0001}"": 0.5205263684745615, ""{'clf__C': 10.0, 'clf__class_weight': None, 'clf__gamma': 0.001}"": 0.5205156233491666, ""{'clf__C': 10.0, 'clf__class_weight': None, 'clf__gamma': 0.01}"": 0.5441028523326098, ""{'clf__C': 10.0, 'clf__class_weight': None, 'clf__gamma': 0.1}"": 0.34640522875817, ""{'clf__C': 10.0, 'clf__class_weight': 'balanced', 'clf__gamma': 0.0001}"": 0.5225262344198645, ""{'clf__C': 10.0, 'clf__class_weight': 'balanced', 'clf__gamma': 0.001}"": 0.5182759367255578, ""{'clf__C': 10.0, 'clf__class_weight': 'balanced', 'clf__gamma': 0.01}"": 0.5441028523326098, ""{'clf__C': 10.0, 'clf__class_weight': 'balanced', 'clf__gamma': 0.1}"": 0.34640522875817, ""{'clf__C': 100.0, 'clf__class_weight': None, 'clf__gamma': 0.0001}"": 0.5217348300837739, ""{'clf__C': 100.0, 'clf__class_weight': None, 'clf__gamma': 0.001}"": 0.5195138410483309, ""{'clf__C': 100.0, 'clf__class_weight': None, 'clf__gamma': 0.01}"": 0.5441028523326098, ""{'clf__C': 100.0, 'clf__class_weight': None, 'clf__gamma': 0.1}"": 0.34640522875817, ""{'clf__C': 100.0, 'clf__class_weight': 'balanced', 'clf__gamma': 0.0001}"": 0.5150176398484323, ""{'clf__C': 100.0, 'clf__class_weight': 'balanced', 'clf__gamma': 0.001}"": 0.5217349341052645, ""{'clf__C': 100.0, 'clf__class_weight': 'balanced', 'clf__gamma': 0.01}"": 0.5441028523326098, ""{'clf__C': 100.0, 'clf__class_weight': 'balanced', 'clf__gamma': 0.1}"": 0.34640522875817}, ""best_score"": 0.5441028523326098}"
A_window_w8_s4,rbf_svm,valence,2,0,"[36, 5, 11, 38, 19, 15, 27, 17, 31, 26, 16, 12, 8, 2, 9, 18, 10, 0, 33, 29, 14, 1, 24, 4, 21, 13, 6, 28, 30, 7, 34, 25]","[22, 23, 37, 39, 32, 3, 35, 20]","{""accuracy"": 0.5089285714285714, ""balanced_accuracy"": 0.29081632653061223, ""precision_macro"": 0.4014084507042254, ""precision_micro"": 0.5089285714285714, ""precision_weighted"": 0.7024647887323944, ""recall_macro"": 0.29081632653061223, ""recall_micro"": 0.5089285714285714, ""recall_weighted"": 0.5089285714285714, ""f1_macro"": 0.33727810650887574, ""f1_micro"": 0.5089285714285714, ""f1_weighted"": 0.5902366863905326, ""mcc"": -0.2872193757720977, ""kappa"": -0.22905027932960897, ""confusion_matrix"": [[57, 41], [14, 0]], ""tp"": 0, ""tn"": 57, ""fp"": 41, ""fn"": 14, ""tpr"": 0.0, ""tnr"": 0.5816326530612245, ""fpr"": 0.41836734693877553, ""fnr"": 1.0, ""ppv"": 0.0, ""npv"": 0.8028169014084507, ""roc_auc"": 0.20772594752186588, ""pr_auc"": 0.0820670830554639, ""log_loss"": 1.0638890523101556, ""brier"": 0.35361215608422547, ""trial_accuracy"": 0.625, ""trial_f1_macro"": 0.38461538461538464}","{""clf__C"": 1.0, ""clf__class_weight"": null, ""clf__gamma"": 0.001}","{""scores"": {""{'clf__C': 0.1, 'clf__class_weight': None, 'clf__gamma': 0.0001}"": 0.28829365079365077, ""{'clf__C': 0.1, 'clf__class_weight': None, 'clf__gamma': 0.001}"": 0.4448740320511095, ""{'clf__C': 0.1, 'clf__class_weight': None, 'clf__gamma': 0.01}"": 0.5519603743972851, ""{'clf__C': 0.1, 'clf__class_weight': None, 'clf__gamma': 0.1}"": 0.28829365079365077, ""{'clf__C': 0.1, 'clf__class_weight': 'balanced', 'clf__gamma': 0.0001}"": 0.37227668845315903, ""{'clf__C': 0.1, 'clf__class_weight': 'balanced', 'clf__gamma': 0.001}"": 0.5939837642991316, ""{'clf__C': 0.1, 'clf__class_weight': 'balanced', 'clf__gamma': 0.01}"": 0.5812675172050171, ""{'clf__C': 0.1, 'clf__class_weight': 'balanced', 'clf__gamma': 0.1}"": 0.37227668845315903, ""{'clf__C': 1.0, 'clf__class_weight': None, 'clf__gamma': 0.0001}"": 0.47564478605585014, ""{'clf__C': 1.0, 'clf__class_weight': None, 'clf__gamma': 0.001}"": 0.6487041690537673, ""{'clf__C': 1.0, 'clf__class_weight': None, 'clf__gamma': 0.01}"": 0.6294502862024803, ""{'clf__C': 1.0, 'clf__class_weight': None, 'clf__gamma': 0.1}"": 0.28829365079365077, ""{'clf__C': 1.0, 'clf__class_weight': 'balanced', 'clf__gamma': 0.0001}"": 0.6028165123190373, ""{'clf__C': 1.0, 'clf__class_weight': 'balanced', 'clf__gamma': 0.001}"": 0.6305340318963011, ""{'clf__C': 1.0, 'clf__class_weight': 'balanced', 'clf__gamma': 0.01}"": 0.6335526994372378, ""{'clf__C': 1.0, 'clf__class_weight': 'balanced', 'clf__gamma': 0.1}"": 0.28829365079365077, ""{'clf__C': 10.0, 'clf__class_weight': None, 'clf__gamma': 0.0001}"": 0.6395123416985882, ""{'clf__C': 10.0, 'clf__class_weight': None, 'clf__gamma': 0.001}"": 0.6123372473531735, ""{'clf__C': 10.0, 'clf__class_weight': None, 'clf__gamma': 0.01}"": 0.6307399966511686, ""{'clf__C': 10.0, 'clf__class_weight': None, 'clf__gamma': 0.1}"": 0.28829365079365077, ""{'clf__C': 10.0, 'clf__class_weight': 'balanced', 'clf__gamma': 0.0001}"": 0.6406612778591042, ""{'clf__C': 10.0, 'clf__class_weight': 'balanced', 'clf__gamma': 0.001}"": 0.6007752090797939, ""{'clf__C': 10.0, 'clf__class_weight': 'balanced', 'clf__gamma': 0.01}"": 0.6307399966511686, ""{'clf__C': 10.0, 'clf__class_weight': 'balanced', 'clf__gamma': 0.1}"": 0.28829365079365077, ""{'clf__C': 100.0, 'clf__class_weight': None, 'clf__gamma': 0.0001}"": 0.5986912158982466, ""{'clf__C': 100.0, 'clf__class_weight': None, 'clf__gamma': 0.001}"": 0.6009104486025144, ""{'clf__C': 100.0, 'clf__class_weight': None, 'clf__gamma': 0.01}"": 0.6307399966511686, ""{'clf__C': 100.0, 'clf__class_weight': None, 'clf__gamma': 0.1}"": 0.28829365079365077, ""{'clf__C': 100.0, 'clf__class_weight': 'balanced', 'clf__gamma': 0.0001}"": 0.5994321324567625, ""{'clf__C': 100.0, 'clf__class_weight': 'balanced', 'clf__gamma': 0.001}"": 0.598799499885231, ""{'clf__C': 100.0, 'clf__class_weight': 'balanced', 'clf__gamma': 0.01}"": 0.6307399966511686, ""{'clf__C': 100.0, 'clf__class_weight': 'balanced', 'clf__gamma': 0.1}"": 0.28829365079365077}, ""best_score"": 0.6487041690537673}"
A_window_w8_s4,rbf_svm,valence,2,1,"[7, 25, 26, 27, 14, 16, 5, 23, 3, 0, 30, 37, 39, 38, 22, 15, 19, 31, 18, 34, 13, 36, 21, 6, 20, 10, 33, 4, 32, 8, 17, 24]","[9, 35, 11, 2, 12, 1, 29, 28]","{""accuracy"": 0.5178571428571429, ""balanced_accuracy"": 0.5178571428571428, ""precision_macro"": 0.533096926713948, ""precision_micro"": 0.5178571428571429, ""precision_weighted"": 0.533096926713948, ""recall_macro"": 0.5178571428571428, ""recall_micro"": 0.5178571428571429, ""recall_weighted"": 0.5178571428571429, ""f1_macro"": 0.45513513513513515, ""f1_micro"": 0.5178571428571429, ""f1_weighted"": 0.4551351351351352, ""mcc"": 0.04862166383263152, ""kappa"": 0.0357142857142857, ""confusion_matrix"": [[10, 46], [8, 48]], ""tp"": 48, ""tn"": 10, ""fp"": 46, ""fn"": 8, ""tpr"": 0.8571428571428571, ""tnr"": 0.17857142857142858, ""fpr"": 0.8214285714285714, ""fnr"": 0.14285714285714285, ""ppv"": 0.5106382978723404, ""npv"": 0.5555555555555556, ""roc_auc"": 0.6600765306122449, ""pr_auc"": 0.6654189844122422, ""log_loss"": 0.7114801656472806, ""brier"": 0.25596099489209573, ""trial_accuracy"": 0.5, ""trial_f1_macro"": 0.4666666666666667}","{""clf__C"": 0.1, ""clf__class_weight"": ""balanced"", ""clf__gamma"": 0.01}","{""scores"": {""{'clf__C': 0.1, 'clf__class_weight': None, 'clf__gamma': 0.0001}"": 0.3658387096774193, ""{'clf__C': 0.1, 'clf__class_weight': None, 'clf__gamma': 0.001}"": 0.339027245636441, ""{'clf__C': 0.1, 'clf__class_weight': None, 'clf__gamma': 0.01}"": 0.38254196321402434, ""{'clf__C': 0.1, 'clf__class_weight': None, 'clf__gamma': 0.1}"": 0.3194444444444444, ""{'clf__C': 0.1, 'clf__class_weight': 'balanced', 'clf__gamma': 0.0001}"": 0.39279949399114483, ""{'clf__C': 0.1, 'clf__class_weight': 'balanced', 'clf__gamma': 0.001}"": 0.36598802995016655, ""{'clf__C': 0.1, 'clf__class_weight': 'balanced', 'clf__gamma': 0.01}"": 0.5360243057941639, ""{'clf__C': 0.1, 'clf__class_weight': 'balanced', 'clf__gamma': 0.1}"": 0.34640522875817, ""{'clf__C': 1.0, 'clf__class_weight': None, 'clf__gamma': 0.0001}"": 0.3439568339203376, ""{'clf__C': 1.0, 'clf__class_weight': None, 'clf__gamma': 0.001}"": 0.5110072383287404, ""{'clf__C': 1.0, 'clf__class_weight': None, 'clf__gamma': 0.01}"": 0.5196181596181596, ""{'clf__C': 1.0, 'clf__class_weight': None, 'clf__gamma': 0.1}"": 0.3369883040935672, ""{'clf__C': 1.0, 'clf__class_weight': 'balanced', 'clf__gamma': 0.0001}"": 0.4795140648439478, ""{'clf__C': 1.0, 'clf__class_weight': 'balanced', 'clf__gamma': 0.001}"": 0.5290937508986794, ""{'clf__C': 1.0, 'clf__class_weight': 'balanced', 'clf__gamma': 0.01}"": 0.5155538678566, ""{'clf__C': 1.0, 'clf__class_weight': 'balanced', 'clf__gamma': 0.1}"": 0.3369883040935672, ""{'clf__C': 10.0, 'clf__class_weight': None, 'clf__gamma': 0.0001}"": 0.5022424228024958, ""{'clf__C': 10.0, 'clf__class_weight': None, 'clf__gamma': 0.001}"": 0.49414199164199163, ""{'clf__C': 10.0, 'clf__class_weight': None, 'clf__gamma': 0.01}"": 0.49866825653476293, ""{'clf__C': 10.0, 'clf__class_weight': None, 'clf__gamma': 0.1}"": 0.3369883040935672, ""{'clf__C': 10.0, 'clf__class_weight': 'balanced', 'clf__gamma': 0.0001}"": 0.5131473228897462, ""{'clf__C': 10.0, 'clf__class_weight': 'balanced', 'clf__gamma': 0.001}"": 0.4920461337287591, ""{'clf__C': 10.0, 'clf__class_weight': 'balanced', 'clf__gamma': 0.01}"": 0.49866825653476293, ""{'clf__C': 10.0, 'clf__class_weight': 'balanced', 'clf__gamma': 0.1}"": 0.3369883040935672, ""{'clf__C': 100.0, 'clf__class_weight': None, 'clf__gamma': 0.0001}"": 0.4831622497010375, ""{'clf__C': 100.0, 'clf__class_weight': None, 'clf__gamma': 0.001}"": 0.5212955483662638, ""{'clf__C': 100.0, 'clf__class_weight': None, 'clf__gamma': 0.01}"": 0.49866825653476293, ""{'clf__C': 100.0, 'clf__class_weight': None, 'clf__gamma': 0.1}"": 0.3369883040935672, ""{'clf__C': 100.0, 'clf__class_weight': 'balanced', 'clf__gamma': 0.0001}"": 0.48303140150600304, ""{'clf__C': 100.0, 'clf__class_weight': 'balanced', 'clf__gamma': 0.001}"": 0.5191830688991729, ""{'clf__C': 100.0, 'clf__class_weight': 'balanced', 'clf__gamma': 0.01}"": 0.49866825653476293, ""{'clf__C': 100.0, 'clf__class_weight': 'balanced', 'clf__gamma': 0.1}"": 0.3369883040935672}, ""best_score"": 0.5360243057941639}"
A_window_w8_s4,rbf_svm,valence,3,0,"[5, 13, 7, 0, 37, 20, 9, 19, 35, 39, 18, 16, 10, 28, 36, 24, 33, 6, 17, 27, 2, 12, 29, 26, 38, 23, 8, 22, 25, 34, 14, 1]","[15, 4, 21, 31, 32, 3, 30, 11]","{""accuracy"": 0.6428571428571429, ""balanced_accuracy"": 0.5523809523809524, ""precision_macro"": 0.6122448979591837, ""precision_micro"": 0.6428571428571429, ""precision_weighted"": 0.6224489795918366, ""recall_macro"": 0.5523809523809524, ""recall_micro"": 0.6428571428571429, ""recall_weighted"": 0.6428571428571429, ""f1_macro"": 0.5238095238095237, ""f1_micro"": 0.6428571428571429, ""f1_weighted"": 0.5833333333333333, ""mcc"": 0.1533557257490552, ""kappa"": 0.1208791208791209, ""confusion_matrix"": [[64, 6], [34, 8]], ""tp"": 8, ""tn"": 64, ""fp"": 6, ""fn"": 34, ""tpr"": 0.19047619047619047, ""tnr"": 0.9142857142857143, ""fpr"": 0.08571428571428572, ""fnr"": 0.8095238095238095, ""ppv"": 0.5714285714285714, ""npv"": 0.6530612244897959, ""roc_auc"": 0.5612244897959184, ""pr_auc"": 0.5101646455232517, ""log_loss"": 0.8928371376443612, ""brier"": 0.26858867157630795, ""trial_accuracy"": 0.625, ""trial_f1_macro"": 0.38461538461538464}","{""clf__C"": 1.0, ""clf__class_weight"": null, ""clf__gamma"": 0.001}","{""scores"": {""{'clf__C': 0.1, 'clf__class_weight': None, 'clf__gamma': 0.0001}"": 0.369109047127623, ""{'clf__C': 0.1, 'clf__class_weight': None, 'clf__gamma': 0.001}"": 0.4340730556718695, ""{'clf__C': 0.1, 'clf__class_weight': None, 'clf__gamma': 0.01}"": 0.49063129006249123, ""{'clf__C': 0.1, 'clf__class_weight': None, 'clf__gamma': 0.1}"": 0.369109047127623, ""{'clf__C': 0.1, 'clf__class_weight': 'balanced', 'clf__gamma': 0.0001}"": 0.30018674136321194, ""{'clf__C': 0.1, 'clf__class_weight': 'balanced', 'clf__gamma': 0.001}"": 0.7033969635483324, ""{'clf__C': 0.1, 'clf__class_weight': 'balanced', 'clf__gamma': 0.01}"": 0.7332252591102587, ""{'clf__C': 0.1, 'clf__class_weight': 'balanced', 'clf__gamma': 0.1}"": 0.30018674136321194, ""{'clf__C': 1.0, 'clf__class_weight': None, 'clf__gamma': 0.0001}"": 0.533687751417296, ""{'clf__C': 1.0, 'clf__class_weight': None, 'clf__gamma': 0.001}"": 0.762175752445451, ""{'clf__C': 1.0, 'clf__class_weight': None, 'clf__gamma': 0.01}"": 0.7438591537245406, ""{'clf__C': 1.0, 'clf__class_weight': None, 'clf__gamma': 0.1}"": 0.369109047127623, ""{'clf__C': 1.0, 'clf__class_weight': 'balanced', 'clf__gamma': 0.0001}"": 0.7102461786562762, ""{'clf__C': 1.0, 'clf__class_weight': 'balanced', 'clf__gamma': 0.001}"": 0.7579520801710355, ""{'clf__C': 1.0, 'clf__class_weight': 'balanced', 'clf__gamma': 0.01}"": 0.743808697699644, ""{'clf__C': 1.0, 'clf__class_weight': 'balanced', 'clf__gamma': 0.1}"": 0.369109047127623, ""{'clf__C': 10.0, 'clf__class_weight': None, 'clf__gamma': 0.0001}"": 0.7523182315996996, ""{'clf__C': 10.0, 'clf__class_weight': None, 'clf__gamma': 0.001}"": 0.7283714702748744, ""{'clf__C': 10.0, 'clf__class_weight': None, 'clf__gamma': 0.01}"": 0.7317053746666372, ""{'clf__C': 10.0, 'clf__class_weight': None, 'clf__gamma': 0.1}"": 0.369109047127623, ""{'clf__C': 10.0, 'clf__class_weight': 'balanced', 'clf__gamma': 0.0001}"": 0.7495617813307934, ""{'clf__C': 10.0, 'clf__class_weight': 'balanced', 'clf__gamma': 0.001}"": 0.7256144556035821, ""{'clf__C': 10.0, 'clf__class_weight': 'balanced', 'clf__gamma': 0.01}"": 0.7317053746666372, ""{'clf__C': 10.0, 'clf__class_weight': 'balanced', 'clf__gamma': 0.1}"": 0.369109047127623, ""{'clf__C': 100.0, 'clf__class_weight': None, 'clf__gamma': 0.0001}"": 0.7131113230302842, ""{'clf__C': 100.0, 'clf__class_weight': None, 'clf__gamma': 0.001}"": 0.7123937692916854, ""{'clf__C': 100.0, 'clf__class_weight': None, 'clf__gamma': 0.01}"": 0.7317053746666372, ""{'clf__C': 100.0, 'clf__class_weight': None, 'clf__gamma': 0.1}"": 0.369109047127623, ""{'clf__C': 100.0, 'clf__class_weight': 'balanced', 'clf__gamma': 0.0001}"": 0.7042372028977336, ""{'clf__C': 100.0, 'clf__class_weight': 'balanced', 'clf__gamma': 0.001}"": 0.7123937692916854, ""{'clf__C': 100.0, 'clf__class_weight': 'balanced', 'clf__gamma': 0.01}"": 0.7317053746666372, ""{'clf__C': 100.0, 'clf__class_weight': 'balanced', 'clf__gamma': 0.1}"": 0.369109047127623}, ""best_score"": 0.762175752445451}"
A_window_w8_s4,rbf_svm,valence,3,1,"[29, 21, 10, 25, 39, 1, 4, 20, 14, 2, 19, 28, 17, 12, 7, 3, 15, 5, 36, 30, 8, 23, 6, 35, 33, 32, 9, 18, 26, 38, 37, 0]","[27, 22, 34, 31, 24, 16, 11, 13]","{""accuracy"": 0.7678571428571429, ""balanced_accuracy"": 0.7142857142857142, ""precision_macro"": 0.696875, ""precision_micro"": 0.7678571428571429, ""precision_weighted"": 0.7796875, ""recall_macro"": 0.7142857142857142, ""recall_micro"": 0.7678571428571429, ""recall_weighted"": 0.7678571428571429, ""f1_macro"": 0.7040650406504065, ""f1_micro"": 0.7678571428571429, ""f1_weighted"": 0.7727642276422765, ""mcc"": 0.4107919181288746, ""kappa"": 0.40909090909090906, ""confusion_matrix"": [[69, 15], [11, 17]], ""tp"": 17, ""tn"": 69, ""fp"": 15, ""fn"": 11, ""tpr"": 0.6071428571428571, ""tnr"": 0.8214285714285714, ""fpr"": 0.17857142857142858, ""fnr"": 0.39285714285714285, ""ppv"": 0.53125, ""npv"": 0.8625, ""roc_auc"": 0.7223639455782314, ""pr_auc"": 0.5111646627056884, ""log_loss"": 0.5696280305907458, ""brier"": 0.1887012185277895, ""trial_accuracy"": 0.75, ""trial_f1_macro"": 0.6666666666666667}","{""clf__C"": 0.1, ""clf__class_weight"": ""balanced"", ""clf__gamma"": 0.01}","{""scores"": {""{'clf__C': 0.1, 'clf__class_weight': None, 'clf__gamma': 0.0001}"": 0.28670634920634924, ""{'clf__C': 0.1, 'clf__class_weight': None, 'clf__gamma': 0.001}"": 0.3268762859767111, ""{'clf__C': 0.1, 'clf__class_weight': None, 'clf__gamma': 0.01}"": 0.42605890044914435, ""{'clf__C': 0.1, 'clf__class_weight': None, 'clf__gamma': 0.1}"": 0.28670634920634924, ""{'clf__C': 0.1, 'clf__class_weight': 'balanced', 'clf__gamma': 0.0001}"": 0.3556286549707602, ""{'clf__C': 0.1, 'clf__class_weight': 'balanced', 'clf__gamma': 0.001}"": 0.6635735167900663, ""{'clf__C': 0.1, 'clf__class_weight': 'balanced', 'clf__gamma': 0.01}"": 0.7100618310112905, ""{'clf__C': 0.1, 'clf__class_weight': 'balanced', 'clf__gamma': 0.1}"": 0.3556286549707602, ""{'clf__C': 1.0, 'clf__class_weight': None, 'clf__gamma': 0.0001}"": 0.4338245144218697, ""{'clf__C': 1.0, 'clf__class_weight': None, 'clf__gamma': 0.001}"": 0.698178478728036, ""{'clf__C': 1.0, 'clf__class_weight': None, 'clf__gamma': 0.01}"": 0.6993726006456674, ""{'clf__C': 1.0, 'clf__class_weight': None, 'clf__gamma': 0.1}"": 0.28670634920634924, ""{'clf__C': 1.0, 'clf__class_weight': 'balanced', 'clf__gamma': 0.0001}"": 0.6631682334352879, ""{'clf__C': 1.0, 'clf__class_weight': 'balanced', 'clf__gamma': 0.001}"": 0.7044593094434356, ""{'clf__C': 1.0, 'clf__class_weight': 'balanced', 'clf__gamma': 0.01}"": 0.7008881822097589, ""{'clf__C': 1.0, 'clf__class_weight': 'balanced', 'clf__gamma': 0.1}"": 0.28670634920634924, ""{'clf__C': 10.0, 'clf__class_weight': None, 'clf__gamma': 0.0001}"": 0.6756276614661224, ""{'clf__C': 10.0, 'clf__class_weight': None, 'clf__gamma': 0.001}"": 0.6530561058183101, ""{'clf__C': 10.0, 'clf__class_weight': None, 'clf__gamma': 0.01}"": 0.6809539212577268, ""{'clf__C': 10.0, 'clf__class_weight': None, 'clf__gamma': 0.1}"": 0.28670634920634924, ""{'clf__C': 10.0, 'clf__class_weight': 'balanced', 'clf__gamma': 0.0001}"": 0.6946245559619623, ""{'clf__C': 10.0, 'clf__class_weight': 'balanced', 'clf__gamma': 0.001}"": 0.6464988711103272, ""{'clf__C': 10.0, 'clf__class_weight': 'balanced', 'clf__gamma': 0.01}"": 0.6809539212577268, ""{'clf__C': 10.0, 'clf__class_weight': 'balanced', 'clf__gamma': 0.1}"": 0.28670634920634924, ""{'clf__C': 100.0, 'clf__class_weight': None, 'clf__gamma': 0.0001}"": 0.6308014169094113, ""{'clf__C': 100.0, 'clf__class_weight': None, 'clf__gamma': 0.001}"": 0.6302905154555148, ""{'clf__C': 100.0, 'clf__class_weight': None, 'clf__gamma': 0.01}"": 0.6809539212577268, ""{'clf__C': 100.0, 'clf__class_weight': None, 'clf__gamma': 0.1}"": 0.28670634920634924, ""{'clf__C': 100.0, 'clf__class_weight': 'balanced', 'clf__gamma': 0.0001}"": 0.6225459956709957, ""{'clf__C': 100.0, 'clf__class_weight': 'balanced', 'clf__gamma': 0.001}"": 0.6302905154555148, ""{'clf__C': 100.0, 'clf__class_weight': 'balanced', 'clf__gamma': 0.01}"": 0.6809539212577268, ""{'clf__C': 100.0, 'clf__class_weight': 'balanced', 'clf__gamma': 0.1}"": 0.28670634920634924}, ""best_score"": 0.7100618310112905}"
A_window_w8_s4,rbf_svm,valence,4,0,"[3, 38, 6, 4, 17, 10, 9, 39, 7, 30, 26, 13, 14, 1, 12, 20, 21, 35, 36, 24, 33, 31, 28, 37, 25, 34, 15, 32, 22, 23, 0, 8]","[2, 16, 27, 29, 11, 18, 19, 5]","{""accuracy"": 0.5535714285714286, ""balanced_accuracy"": 0.6785714285714286, ""precision_macro"": 0.6493598862019915, ""precision_micro"": 0.5535714285714286, ""precision_weighted"": 0.7983641536273115, ""recall_macro"": 0.6785714285714286, ""recall_micro"": 0.5535714285714286, ""recall_weighted"": 0.5535714285714286, ""f1_macro"": 0.5499839279974285, ""f1_micro"": 0.5535714285714286, ""f1_weighted"": 0.570073931211829, ""mcc"": 0.32662766723200665, ""kappa"": 0.23076923076923073, ""confusion_matrix"": [[26, 2], [48, 36]], ""tp"": 36, ""tn"": 26, ""fp"": 2, ""fn"": 48, ""tpr"": 0.42857142857142855, ""tnr"": 0.9285714285714286, ""fpr"": 0.07142857142857142, ""fnr"": 0.5714285714285714, ""ppv"": 0.9473684210526315, ""npv"": 0.35135135135135137, ""roc_auc"": 0.7261904761904762, ""pr_auc"": 0.8987748142195617, ""log_loss"": 0.8708207476963751, ""brier"": 0.3042363976068407, ""trial_accuracy"": 0.375, ""trial_f1_macro"": 0.36507936507936506}","{""clf__C"": 1.0, ""clf__class_weight"": ""balanced"", ""clf__gamma"": 0.01}","{""scores"": {""{'clf__C': 0.1, 'clf__class_weight': None, 'clf__gamma': 0.0001}"": 0.35838779956427014, ""{'clf__C': 0.1, 'clf__class_weight': None, 'clf__gamma': 0.001}"": 0.35838779956427014, ""{'clf__C': 0.1, 'clf__class_weight': None, 'clf__gamma': 0.01}"": 0.35838779956427014, ""{'clf__C': 0.1, 'clf__class_weight': None, 'clf__gamma': 0.1}"": 0.35838779956427014, ""{'clf__C': 0.1, 'clf__class_weight': 'balanced', 'clf__gamma': 0.0001}"": 0.30416666666666664, ""{'clf__C': 0.1, 'clf__class_weight': 'balanced', 'clf__gamma': 0.001}"": 0.30416666666666664, ""{'clf__C': 0.1, 'clf__class_weight': 'balanced', 'clf__gamma': 0.01}"": 0.30416666666666664, ""{'clf__C': 0.1, 'clf__class_weight': 'balanced', 'clf__gamma': 0.1}"": 0.30416666666666664, ""{'clf__C': 1.0, 'clf__class_weight': None, 'clf__gamma': 0.0001}"": 0.35838779956427014, ""{'clf__C': 1.0, 'clf__class_weight': None, 'clf__gamma': 0.001}"": 0.4578147357707479, ""{'clf__C': 1.0, 'clf__class_weight': None, 'clf__gamma': 0.01}"": 0.5075028755929857, ""{'clf__C': 1.0, 'clf__class_weight': None, 'clf__gamma': 0.1}"": 0.35838779956427014, ""{'clf__C': 1.0, 'clf__class_weight': 'balanced', 'clf__gamma': 0.0001}"": 0.3609126984126984, ""{'clf__C': 1.0, 'clf__class_weight': 'balanced', 'clf__gamma': 0.001}"": 0.4766881502097351, ""{'clf__C': 1.0, 'clf__class_weight': 'balanced', 'clf__gamma': 0.01}"": 0.5279367337588771, ""{'clf__C': 1.0, 'clf__class_weight': 'balanced', 'clf__gamma': 0.1}"": 0.35838779956427014, ""{'clf__C': 10.0, 'clf__class_weight': None, 'clf__gamma': 0.0001}"": 0.43730422252449497, ""{'clf__C': 10.0, 'clf__class_weight': None, 'clf__gamma': 0.001}"": 0.45666774235484825, ""{'clf__C': 10.0, 'clf__class_weight': None, 'clf__gamma': 0.01}"": 0.5067025823210974, ""{'clf__C': 10.0, 'clf__class_weight': None, 'clf__gamma': 0.1}"": 0.35838779956427014, ""{'clf__C': 10.0, 'clf__class_weight': 'balanced', 'clf__gamma': 0.0001}"": 0.4653887165859581, ""{'clf__C': 10.0, 'clf__class_weight': 'balanced', 'clf__gamma': 0.001}"": 0.459114543189735, ""{'clf__C': 10.0, 'clf__class_weight': 'balanced', 'clf__gamma': 0.01}"": 0.5067025823210974, ""{'clf__C': 10.0, 'clf__class_weight': 'balanced', 'clf__gamma': 0.1}"": 0.35838779956427014, ""{'clf__C': 100.0, 'clf__class_weight': None, 'clf__gamma': 0.0001}"": 0.45432043933904404, ""{'clf__C': 100.0, 'clf__class_weight': None, 'clf__gamma': 0.001}"": 0.49263810847879147, ""{'clf__C': 100.0, 'clf__class_weight': None, 'clf__gamma': 0.01}"": 0.5067025823210974, ""{'clf__C': 100.0, 'clf__class_weight': None, 'clf__gamma': 0.1}"": 0.35838779956427014, ""{'clf__C': 100.0, 'clf__class_weight': 'balanced', 'clf__gamma': 0.0001}"": 0.4626900485304133, ""{'clf__C': 100.0, 'clf__class_weight': 'balanced', 'clf__gamma': 0.001}"": 0.4917439103576225, ""{'clf__C': 100.0, 'clf__class_weight': 'balanced', 'clf__gamma': 0.01}"": 0.5067025823210974, ""{'clf__C': 100.0, 'clf__class_weight': 'balanced', 'clf__gamma': 0.1}"": 0.35838779956427014}, ""best_score"": 0.5279367337588771}"
A_window_w8_s4,rbf_svm,valence,4,1,"[1, 32, 37, 8, 23, 13, 10, 19, 11, 24, 28, 35, 34, 38, 21, 2, 27, 17, 20, 6, 25, 5, 14, 33, 4, 3, 31, 36, 15, 9, 29, 26]","[7, 18, 0, 39, 16, 12, 30, 22]","{""accuracy"": 0.5535714285714286, ""balanced_accuracy"": 0.5857142857142857, ""precision_macro"": 0.5842245989304813, ""precision_micro"": 0.5535714285714286, ""precision_weighted"": 0.6199866310160428, ""recall_macro"": 0.5857142857142857, ""recall_micro"": 0.5535714285714286, ""recall_weighted"": 0.5535714285714286, ""f1_macro"": 0.5534290271132376, ""f1_micro"": 0.5535714285714286, ""f1_weighted"": 0.5554226475279106, ""mcc"": 0.16993235521110622, ""kappa"": 0.15254237288135597, ""confusion_matrix"": [[30, 12], [38, 32]], ""tp"": 32, ""tn"": 30, ""fp"": 12, ""fn"": 38, ""tpr"": 0.45714285714285713, ""tnr"": 0.7142857142857143, ""fpr"": 0.2857142857142857, ""fnr"": 0.5428571428571428, ""ppv"": 0.7272727272727273, ""npv"": 0.4411764705882353, ""roc_auc"": 0.5673469387755102, ""pr_auc"": 0.6940440350134962, ""log_loss"": 0.8768063640131102, ""brier"": 0.3087978822400009, ""trial_accuracy"": 0.5, ""trial_f1_macro"": 0.4666666666666667}","{""clf__C"": 100.0, ""clf__class_weight"": ""balanced"", ""clf__gamma"": 0.001}","{""scores"": {""{'clf__C': 0.1, 'clf__class_weight': None, 'clf__gamma': 0.0001}"": 0.34640522875817, ""{'clf__C': 0.1, 'clf__class_weight': None, 'clf__gamma': 0.001}"": 0.34640522875817, ""{'clf__C': 0.1, 'clf__class_weight': None, 'clf__gamma': 0.01}"": 0.34640522875817, ""{'clf__C': 0.1, 'clf__class_weight': None, 'clf__gamma': 0.1}"": 0.34640522875817, ""{'clf__C': 0.1, 'clf__class_weight': 'balanced', 'clf__gamma': 0.0001}"": 0.3194444444444444, ""{'clf__C': 0.1, 'clf__class_weight': 'balanced', 'clf__gamma': 0.001}"": 0.3194444444444444, ""{'clf__C': 0.1, 'clf__class_weight': 'balanced', 'clf__gamma': 0.01}"": 0.3194444444444444, ""{'clf__C': 0.1, 'clf__class_weight': 'balanced', 'clf__gamma': 0.1}"": 0.3194444444444444, ""{'clf__C': 1.0, 'clf__class_weight': None, 'clf__gamma': 0.0001}"": 0.34640522875817, ""{'clf__C': 1.0, 'clf__class_weight': None, 'clf__gamma': 0.001}"": 0.44776809216878366, ""{'clf__C': 1.0, 'clf__class_weight': None, 'clf__gamma': 0.01}"": 0.45362802434358523, ""{'clf__C': 1.0, 'clf__class_weight': None, 'clf__gamma': 0.1}"": 0.34640522875817, ""{'clf__C': 1.0, 'clf__class_weight': 'balanced', 'clf__gamma': 0.0001}"": 0.37286126571840855, ""{'clf__C': 1.0, 'clf__class_weight': 'balanced', 'clf__gamma': 0.001}"": 0.4599536286081407, ""{'clf__C': 1.0, 'clf__class_weight': 'balanced', 'clf__gamma': 0.01}"": 0.46044160393662015, ""{'clf__C': 1.0, 'clf__class_weight': 'balanced', 'clf__gamma': 0.1}"": 0.34640522875817, ""{'clf__C': 10.0, 'clf__class_weight': None, 'clf__gamma': 0.0001}"": 0.45003678875904624, ""{'clf__C': 10.0, 'clf__class_weight': None, 'clf__gamma': 0.001}"": 0.4754520901686046, ""{'clf__C': 10.0, 'clf__class_weight': None, 'clf__gamma': 0.01}"": 0.4583194748058827, ""{'clf__C': 10.0, 'clf__class_weight': None, 'clf__gamma': 0.1}"": 0.34640522875817, ""{'clf__C': 10.0, 'clf__class_weight': 'balanced', 'clf__gamma': 0.0001}"": 0.47105492753207073, ""{'clf__C': 10.0, 'clf__class_weight': 'balanced', 'clf__gamma': 0.001}"": 0.4744937554908133, ""{'clf__C': 10.0, 'clf__class_weight': 'balanced', 'clf__gamma': 0.01}"": 0.4583194748058827, ""{'clf__C': 10.0, 'clf__class_weight': 'balanced', 'clf__gamma': 0.1}"": 0.34640522875817, ""{'clf__C': 100.0, 'clf__class_weight': None, 'clf__gamma': 0.0001}"": 0.4824299479657075, ""{'clf__C': 100.0, 'clf__class_weight': None, 'clf__gamma': 0.001}"": 0.48058893179726914, ""{'clf__C': 100.0, 'clf__class_weight': None, 'clf__gamma': 0.01}"": 0.4583194748058827, ""{'clf__C': 100.0, 'clf__class_weight': None, 'clf__gamma': 0.1}"": 0.34640522875817, ""{'clf__C': 100.0, 'clf__class_weight': 'balanced', 'clf__gamma': 0.0001}"": 0.47123635433209254, ""{'clf__C': 100.0, 'clf__class_weight': 'balanced', 'clf__gamma': 0.001}"": 0.484980572264603, ""{'clf__C': 100.0, 'clf__class_weight': 'balanced', 'clf__gamma': 0.01}"": 0.4583194748058827, ""{'clf__C': 100.0, 'clf__class_weight': 'balanced', 'clf__gamma': 0.1}"": 0.34640522875817}, ""best_score"": 0.484980572264603}"
A_window_w8_s4,rbf_svm,valence,5,0,"[14, 30, 21, 24, 38, 10, 5, 15, 3, 4, 28, 29, 0, 2, 12, 19, 32, 27, 22, 25, 9, 35, 20, 1, 11, 26, 18, 33, 17, 13, 31, 37]","[34, 23, 16, 36, 8, 39, 6, 7]","{""accuracy"": 0.44642857142857145, ""balanced_accuracy"": 0.44642857142857145, ""precision_macro"": 0.44642857142857145, ""precision_micro"": 0.44642857142857145, ""precision_weighted"": 0.44642857142857145, ""recall_macro"": 0.44642857142857145, ""recall_micro"": 0.44642857142857145, ""recall_weighted"": 0.44642857142857145, ""f1_macro"": 0.44642857142857145, ""f1_micro"": 0.44642857142857145, ""f1_weighted"": 0.44642857142857145, ""mcc"": -0.10714285714285714, ""kappa"": -0.1071428571428572, ""confusion_matrix"": [[25, 31], [31, 25]], ""tp"": 25, ""tn"": 25, ""fp"": 31, ""fn"": 31, ""tpr"": 0.44642857142857145, ""tnr"": 0.44642857142857145, ""fpr"": 0.5535714285714286, ""fnr"": 0.5535714285714286, ""ppv"": 0.44642857142857145, ""npv"": 0.44642857142857145, ""roc_auc"": 0.4599808673469388, ""pr_auc"": 0.46180554055816586, ""log_loss"": 0.9175073597028892, ""brier"": 0.3313975591164026, ""trial_accuracy"": 0.5, ""trial_f1_macro"": 0.5}","{""clf__C"": 10.0, ""clf__class_weight"": ""balanced"", ""clf__gamma"": 0.0001}","{""scores"": {""{'clf__C': 0.1, 'clf__class_weight': None, 'clf__gamma': 0.0001}"": 0.3587962962962963, ""{'clf__C': 0.1, 'clf__class_weight': None, 'clf__gamma': 0.001}"": 0.3587962962962963, ""{'clf__C': 0.1, 'clf__class_weight': None, 'clf__gamma': 0.01}"": 0.3587962962962963, ""{'clf__C': 0.1, 'clf__class_weight': None, 'clf__gamma': 0.1}"": 0.3587962962962963, ""{'clf__C': 0.1, 'clf__class_weight': 'balanced', 'clf__gamma': 0.0001}"": 0.28829365079365077, ""{'clf__C': 0.1, 'clf__class_weight': 'balanced', 'clf__gamma': 0.001}"": 0.29698402721658534, ""{'clf__C': 0.1, 'clf__class_weight': 'balanced', 'clf__gamma': 0.01}"": 0.4129357552268693, ""{'clf__C': 0.1, 'clf__class_weight': 'balanced', 'clf__gamma': 0.1}"": 0.28829365079365077, ""{'clf__C': 1.0, 'clf__class_weight': None, 'clf__gamma': 0.0001}"": 0.3587962962962963, ""{'clf__C': 1.0, 'clf__class_weight': None, 'clf__gamma': 0.001}"": 0.6067320073022869, ""{'clf__C': 1.0, 'clf__class_weight': None, 'clf__gamma': 0.01}"": 0.5324112416380041, ""{'clf__C': 1.0, 'clf__class_weight': None, 'clf__gamma': 0.1}"": 0.3587962962962963, ""{'clf__C': 1.0, 'clf__class_weight': 'balanced', 'clf__gamma': 0.0001}"": 0.4258826748262188, ""{'clf__C': 1.0, 'clf__class_weight': 'balanced', 'clf__gamma': 0.001}"": 0.6112251827080847, ""{'clf__C': 1.0, 'clf__class_weight': 'balanced', 'clf__gamma': 0.01}"": 0.5409350917258249, ""{'clf__C': 1.0, 'clf__class_weight': 'balanced', 'clf__gamma': 0.1}"": 0.3587962962962963, ""{'clf__C': 10.0, 'clf__class_weight': None, 'clf__gamma': 0.0001}"": 0.601107241814374, ""{'clf__C': 10.0, 'clf__class_weight': None, 'clf__gamma': 0.001}"": 0.5610969524741721, ""{'clf__C': 10.0, 'clf__class_weight': None, 'clf__gamma': 0.01}"": 0.5175113444584789, ""{'clf__C': 10.0, 'clf__class_weight': None, 'clf__gamma': 0.1}"": 0.3587962962962963, ""{'clf__C': 10.0, 'clf__class_weight': 'balanced', 'clf__gamma': 0.0001}"": 0.6159068608297097, ""{'clf__C': 10.0, 'clf__class_weight': 'balanced', 'clf__gamma': 0.001}"": 0.5634869263144903, ""{'clf__C': 10.0, 'clf__class_weight': 'balanced', 'clf__gamma': 0.01}"": 0.5175113444584789, ""{'clf__C': 10.0, 'clf__class_weight': 'balanced', 'clf__gamma': 0.1}"": 0.3587962962962963, ""{'clf__C': 100.0, 'clf__class_weight': None, 'clf__gamma': 0.0001}"": 0.5710695495986048, ""{'clf__C': 100.0, 'clf__class_weight': None, 'clf__gamma': 0.001}"": 0.4788594018198353, ""{'clf__C': 100.0, 'clf__class_weight': None, 'clf__gamma': 0.01}"": 0.5175113444584789, ""{'clf__C': 100.0, 'clf__class_weight': None, 'clf__gamma': 0.1}"": 0.3587962962962963, ""{'clf__C': 100.0, 'clf__class_weight': 'balanced', 'clf__gamma': 0.0001}"": 0.5668535274131566, ""{'clf__C': 100.0, 'clf__class_weight': 'balanced', 'clf__gamma': 0.001}"": 0.4778602712605659, ""{'clf__C': 100.0, 'clf__class_weight': 'balanced', 'clf__gamma': 0.01}"": 0.5175113444584789, ""{'clf__C': 100.0, 'clf__class_weight': 'balanced', 'clf__gamma': 0.1}"": 0.3587962962962963}, ""best_score"": 0.6159068608297097}"
A_window_w8_s4,rbf_svm,valence,5,1,"[32, 34, 28, 14, 7, 5, 17, 23, 30, 6, 35, 18, 15, 0, 29, 8, 25, 38, 9, 16, 31, 2, 11, 24, 20, 1, 36, 26, 12, 39, 22, 37]","[3, 4, 13, 10, 19, 21, 27, 33]","{""accuracy"": 0.5803571428571429, ""balanced_accuracy"": 0.6130952380952381, ""precision_macro"": 0.5848484848484848, ""precision_micro"": 0.5803571428571429, ""precision_weighted"": 0.7106060606060606, ""recall_macro"": 0.6130952380952381, ""recall_micro"": 0.5803571428571429, ""recall_weighted"": 0.5803571428571429, ""f1_macro"": 0.5544646635632671, ""f1_micro"": 0.5803571428571429, ""f1_weighted"": 0.6081675835801947, ""mcc"": 0.19591793788175288, ""kappa"": 0.16814159292035402, ""confusion_matrix"": [[19, 9], [38, 46]], ""tp"": 46, ""tn"": 19, ""fp"": 9, ""fn"": 38, ""tpr"": 0.5476190476190477, ""tnr"": 0.6785714285714286, ""fpr"": 0.32142857142857145, ""fnr"": 0.4523809523809524, ""ppv"": 0.8363636363636363, ""npv"": 0.3333333333333333, ""roc_auc"": 0.5599489795918368, ""pr_auc"": 0.8127618675720827, ""log_loss"": 0.7954506669206853, ""brier"": 0.2906654754459386, ""trial_accuracy"": 0.75, ""trial_f1_macro"": 0.7333333333333334}","{""clf__C"": 1.0, ""clf__class_weight"": ""balanced"", ""clf__gamma"": 0.001}","{""scores"": {""{'clf__C': 0.1, 'clf__class_weight': None, 'clf__gamma': 0.0001}"": 0.30357142857142855, ""{'clf__C': 0.1, 'clf__class_weight': None, 'clf__gamma': 0.001}"": 0.30357142857142855, ""{'clf__C': 0.1, 'clf__class_weight': None, 'clf__gamma': 0.01}"": 0.30357142857142855, ""{'clf__C': 0.1, 'clf__class_weight': None, 'clf__gamma': 0.1}"": 0.30357142857142855, ""{'clf__C': 0.1, 'clf__class_weight': 'balanced', 'clf__gamma': 0.0001}"": 0.3602941176470589, ""{'clf__C': 0.1, 'clf__class_weight': 'balanced', 'clf__gamma': 0.001}"": 0.3602941176470589, ""{'clf__C': 0.1, 'clf__class_weight': 'balanced', 'clf__gamma': 0.01}"": 0.38140588453887686, ""{'clf__C': 0.1, 'clf__class_weight': 'balanced', 'clf__gamma': 0.1}"": 0.3602941176470589, ""{'clf__C': 1.0, 'clf__class_weight': None, 'clf__gamma': 0.0001}"": 0.30357142857142855, ""{'clf__C': 1.0, 'clf__class_weight': None, 'clf__gamma': 0.001}"": 0.598093905571064, ""{'clf__C': 1.0, 'clf__class_weight': None, 'clf__gamma': 0.01}"": 0.5530989565384222, ""{'clf__C': 1.0, 'clf__class_weight': None, 'clf__gamma': 0.1}"": 0.30357142857142855, ""{'clf__C': 1.0, 'clf__class_weight': 'balanced', 'clf__gamma': 0.0001}"": 0.5128528006448434, ""{'clf__C': 1.0, 'clf__class_weight': 'balanced', 'clf__gamma': 0.001}"": 0.60524975524785, ""{'clf__C': 1.0, 'clf__class_weight': 'balanced', 'clf__gamma': 0.01}"": 0.5618555526127568, ""{'clf__C': 1.0, 'clf__class_weight': 'balanced', 'clf__gamma': 0.1}"": 0.30357142857142855, ""{'clf__C': 10.0, 'clf__class_weight': None, 'clf__gamma': 0.0001}"": 0.5895323664832854, ""{'clf__C': 10.0, 'clf__class_weight': None, 'clf__gamma': 0.001}"": 0.5460092149970076, ""{'clf__C': 10.0, 'clf__class_weight': None, 'clf__gamma': 0.01}"": 0.5358538609082403, ""{'clf__C': 10.0, 'clf__class_weight': None, 'clf__gamma': 0.1}"": 0.30357142857142855, ""{'clf__C': 10.0, 'clf__class_weight': 'balanced', 'clf__gamma': 0.0001}"": 0.5999206230550899, ""{'clf__C': 10.0, 'clf__class_weight': 'balanced', 'clf__gamma': 0.001}"": 0.5510760668683949, ""{'clf__C': 10.0, 'clf__class_weight': 'balanced', 'clf__gamma': 0.01}"": 0.5358538609082403, ""{'clf__C': 10.0, 'clf__class_weight': 'balanced', 'clf__gamma': 0.1}"": 0.30357142857142855, ""{'clf__C': 100.0, 'clf__class_weight': None, 'clf__gamma': 0.0001}"": 0.5420790149097595, ""{'clf__C': 100.0, 'clf__class_weight': None, 'clf__gamma': 0.001}"": 0.5515326745518387, ""{'clf__C': 100.0, 'clf__class_weight': None, 'clf__gamma': 0.01}"": 0.5358538609082403, ""{'clf__C': 100.0, 'clf__class_weight': None, 'clf__gamma': 0.1}"": 0.30357142857142855, ""{'clf__C': 100.0, 'clf__class_weight': 'balanced', 'clf__gamma': 0.0001}"": 0.554942762008667, ""{'clf__C': 100.0, 'clf__class_weight': 'balanced', 'clf__gamma': 0.001}"": 0.5515326745518387, ""{'clf__C': 100.0, 'clf__class_weight': 'balanced', 'clf__gamma': 0.01}"": 0.5358538609082403, ""{'clf__C': 100.0, 'clf__class_weight': 'balanced', 'clf__gamma': 0.1}"": 0.30357142857142855}, ""best_score"": 0.60524975524785}"
A_window_w8_s4,rbf_svm,valence,6,0,"[26, 3, 36, 9, 24, 25, 23, 37, 11, 35, 32, 5, 1, 30, 19, 13, 38, 21, 10, 20, 18, 2, 15, 8, 7, 31, 14, 22, 33, 29, 12, 16]","[28, 34, 6, 39, 27, 4, 17, 0]","{""accuracy"": 0.3392857142857143, ""balanced_accuracy"": 0.3142857142857143, ""precision_macro"": 0.32387096774193547, ""precision_micro"": 0.3392857142857143, ""precision_weighted"": 0.3598387096774194, ""recall_macro"": 0.3142857142857143, ""recall_micro"": 0.3392857142857143, ""recall_weighted"": 0.3392857142857143, ""f1_macro"": 0.31752305665349145, ""f1_micro"": 0.3392857142857143, ""f1_weighted"": 0.34799077733860345, ""mcc"": -0.3617163386929313, ""kappa"": -0.35779816513761475, ""confusion_matrix"": [[9, 33], [41, 29]], ""tp"": 29, ""tn"": 9, ""fp"": 33, ""fn"": 41, ""tpr"": 0.4142857142857143, ""tnr"": 0.21428571428571427, ""fpr"": 0.7857142857142857, ""fnr"": 0.5857142857142857, ""ppv"": 0.46774193548387094, ""npv"": 0.18, ""roc_auc"": 0.3074829931972789, ""pr_auc"": 0.5836097246152521, ""log_loss"": 1.6096960902701534, ""brier"": 0.505187659186194, ""trial_accuracy"": 0.25, ""trial_f1_macro"": 0.2}","{""clf__C"": 100.0, ""clf__class_weight"": ""balanced"", ""clf__gamma"": 0.0001}","{""scores"": {""{'clf__C': 0.1, 'clf__class_weight': None, 'clf__gamma': 0.0001}"": 0.44396590271237074, ""{'clf__C': 0.1, 'clf__class_weight': None, 'clf__gamma': 0.001}"": 0.43822866344605477, ""{'clf__C': 0.1, 'clf__class_weight': None, 'clf__gamma': 0.01}"": 0.4288403831134131, ""{'clf__C': 0.1, 'clf__class_weight': None, 'clf__gamma': 0.1}"": 0.3666666666666667, ""{'clf__C': 0.1, 'clf__class_weight': 'balanced', 'clf__gamma': 0.0001}"": 0.44396590271237074, ""{'clf__C': 0.1, 'clf__class_weight': 'balanced', 'clf__gamma': 0.001}"": 0.49435347896365966, ""{'clf__C': 0.1, 'clf__class_weight': 'balanced', 'clf__gamma': 0.01}"": 0.5302443619940893, ""{'clf__C': 0.1, 'clf__class_weight': 'balanced', 'clf__gamma': 0.1}"": 0.3666666666666667, ""{'clf__C': 1.0, 'clf__class_weight': None, 'clf__gamma': 0.0001}"": 0.44396590271237074, ""{'clf__C': 1.0, 'clf__class_weight': None, 'clf__gamma': 0.001}"": 0.44951556380127816, ""{'clf__C': 1.0, 'clf__class_weight': None, 'clf__gamma': 0.01}"": 0.47809803681027657, ""{'clf__C': 1.0, 'clf__class_weight': None, 'clf__gamma': 0.1}"": 0.3666666666666667, ""{'clf__C': 1.0, 'clf__class_weight': 'balanced', 'clf__gamma': 0.0001}"": 0.5310397553845903, ""{'clf__C': 1.0, 'clf__class_weight': 'balanced', 'clf__gamma': 0.001}"": 0.5298401040857114, ""{'clf__C': 1.0, 'clf__class_weight': 'balanced', 'clf__gamma': 0.01}"": 0.49212868506882296, ""{'clf__C': 1.0, 'clf__class_weight': 'balanced', 'clf__gamma': 0.1}"": 0.3666666666666667, ""{'clf__C': 10.0, 'clf__class_weight': None, 'clf__gamma': 0.0001}"": 0.4409434147298225, ""{'clf__C': 10.0, 'clf__class_weight': None, 'clf__gamma': 0.001}"": 0.5400337802180912, ""{'clf__C': 10.0, 'clf__class_weight': None, 'clf__gamma': 0.01}"": 0.4662665917255843, ""{'clf__C': 10.0, 'clf__class_weight': None, 'clf__gamma': 0.1}"": 0.3666666666666667, ""{'clf__C': 10.0, 'clf__class_weight': 'balanced', 'clf__gamma': 0.0001}"": 0.5231166868681343, ""{'clf__C': 10.0, 'clf__class_weight': 'balanced', 'clf__gamma': 0.001}"": 0.5601506172916233, ""{'clf__C': 10.0, 'clf__class_weight': 'balanced', 'clf__gamma': 0.01}"": 0.4662665917255843, ""{'clf__C': 10.0, 'clf__class_weight': 'balanced', 'clf__gamma': 0.1}"": 0.3666666666666667, ""{'clf__C': 100.0, 'clf__class_weight': None, 'clf__gamma': 0.0001}"": 0.5607716766186556, ""{'clf__C': 100.0, 'clf__class_weight': None, 'clf__gamma': 0.001}"": 0.5448669705135223, ""{'clf__C': 100.0, 'clf__class_weight': None, 'clf__gamma': 0.01}"": 0.4662665917255843, ""{'clf__C': 100.0, 'clf__class_weight': None, 'clf__gamma': 0.1}"": 0.3666666666666667, ""{'clf__C': 100.0, 'clf__class_weight': 'balanced', 'clf__gamma': 0.0001}"": 0.5616705873806426, ""{'clf__C': 100.0, 'clf__class_weight': 'balanced', 'clf__gamma': 0.001}"": 0.5448669705135223, ""{'clf__C': 100.0, 'clf__class_weight': 'balanced', 'clf__gamma': 0.01}"": 0.4662665917255843, ""{'clf__C': 100.0, 'clf__class_weight': 'balanced', 'clf__gamma': 0.1}"": 0.3666666666666667}, ""best_score"": 0.5616705873806426}"
A_window_w8_s4,rbf_svm,valence,6,1,"[9, 20, 16, 37, 23, 8, 24, 4, 35, 26, 5, 30, 12, 32, 27, 10, 18, 25, 1, 13, 19, 14, 6, 31, 17, 38, 34, 39, 29, 15, 28, 11]","[33, 3, 0, 7, 36, 21, 2, 22]","{""accuracy"": 0.5535714285714286, ""balanced_accuracy"": 0.5238095238095238, ""precision_macro"": 0.5238095238095238, ""precision_micro"": 0.5535714285714286, ""precision_weighted"": 0.5535714285714286, ""recall_macro"": 0.5238095238095238, ""recall_micro"": 0.5535714285714286, ""recall_weighted"": 0.5535714285714286, ""f1_macro"": 0.5238095238095238, ""f1_micro"": 0.5535714285714286, ""f1_weighted"": 0.5535714285714286, ""mcc"": 0.047619047619047616, ""kappa"": 0.04761904761904767, ""confusion_matrix"": [[17, 25], [25, 45]], ""tp"": 45, ""tn"": 17, ""fp"": 25, ""fn"": 25, ""tpr"": 0.6428571428571429, ""tnr"": 0.40476190476190477, ""fpr"": 0.5952380952380952, ""fnr"": 0.35714285714285715, ""ppv"": 0.6428571428571429, ""npv"": 0.40476190476190477, ""roc_auc"": 0.5391156462585034, ""pr_auc"": 0.7082331985643788, ""log_loss"": 0.8511997743756721, ""brier"": 0.2963689606500079, ""trial_accuracy"": 0.5, ""trial_f1_macro"": 0.3333333333333333}","{""clf__C"": 100.0, ""clf__class_weight"": null, ""clf__gamma"": 0.001}","{""scores"": {""{'clf__C': 0.1, 'clf__class_weight': None, 'clf__gamma': 0.0001}"": 0.37227668845315903, ""{'clf__C': 0.1, 'clf__class_weight': None, 'clf__gamma': 0.001}"": 0.37227668845315903, ""{'clf__C': 0.1, 'clf__class_weight': None, 'clf__gamma': 0.01}"": 0.37227668845315903, ""{'clf__C': 0.1, 'clf__class_weight': None, 'clf__gamma': 0.1}"": 0.37227668845315903, ""{'clf__C': 0.1, 'clf__class_weight': 'balanced', 'clf__gamma': 0.0001}"": 0.3017740429505135, ""{'clf__C': 0.1, 'clf__class_weight': 'balanced', 'clf__gamma': 0.001}"": 0.29902060114826073, ""{'clf__C': 0.1, 'clf__class_weight': 'balanced', 'clf__gamma': 0.01}"": 0.29032167439247086, ""{'clf__C': 0.1, 'clf__class_weight': 'balanced', 'clf__gamma': 0.1}"": 0.3017740429505135, ""{'clf__C': 1.0, 'clf__class_weight': None, 'clf__gamma': 0.0001}"": 0.37227668845315903, ""{'clf__C': 1.0, 'clf__class_weight': None, 'clf__gamma': 0.001}"": 0.35345884995506643, ""{'clf__C': 1.0, 'clf__class_weight': None, 'clf__gamma': 0.01}"": 0.4237239704195395, ""{'clf__C': 1.0, 'clf__class_weight': None, 'clf__gamma': 0.1}"": 0.37227668845315903, ""{'clf__C': 1.0, 'clf__class_weight': 'balanced', 'clf__gamma': 0.0001}"": 0.29586164129656467, ""{'clf__C': 1.0, 'clf__class_weight': 'balanced', 'clf__gamma': 0.001}"": 0.4224279792888816, ""{'clf__C': 1.0, 'clf__class_weight': 'balanced', 'clf__gamma': 0.01}"": 0.4294589747344794, ""{'clf__C': 1.0, 'clf__class_weight': 'balanced', 'clf__gamma': 0.1}"": 0.37227668845315903, ""{'clf__C': 10.0, 'clf__class_weight': None, 'clf__gamma': 0.0001}"": 0.34889406448933963, ""{'clf__C': 10.0, 'clf__class_weight': None, 'clf__gamma': 0.001}"": 0.40871701835469954, ""{'clf__C': 10.0, 'clf__class_weight': None, 'clf__gamma': 0.01}"": 0.42995221656683275, ""{'clf__C': 10.0, 'clf__class_weight': None, 'clf__gamma': 0.1}"": 0.37227668845315903, ""{'clf__C': 10.0, 'clf__class_weight': 'balanced', 'clf__gamma': 0.0001}"": 0.428554427081673, ""{'clf__C': 10.0, 'clf__class_weight': 'balanced', 'clf__gamma': 0.001}"": 0.41619350702119434, ""{'clf__C': 10.0, 'clf__class_weight': 'balanced', 'clf__gamma': 0.01}"": 0.42995221656683275, ""{'clf__C': 10.0, 'clf__class_weight': 'balanced', 'clf__gamma': 0.1}"": 0.37227668845315903, ""{'clf__C': 100.0, 'clf__class_weight': None, 'clf__gamma': 0.0001}"": 0.4110627609513622, ""{'clf__C': 100.0, 'clf__class_weight': None, 'clf__gamma': 0.001}"": 0.43047732074685513, ""{'clf__C': 100.0, 'clf__class_weight': None, 'clf__gamma': 0.01}"": 0.42995221656683275, ""{'clf__C': 100.0, 'clf__class_weight': None, 'clf__gamma': 0.1}"": 0.37227668845315903, ""{'clf__C': 100.0, 'clf__class_weight': 'balanced', 'clf__gamma': 0.0001}"": 0.40114072116018207, ""{'clf__C': 100.0, 'clf__class_weight': 'balanced', 'clf__gamma': 0.001}"": 0.42856351771945156, ""{'clf__C': 100.0, 'clf__class_weight': 'balanced', 'clf__gamma': 0.01}"": 0.42995221656683275, ""{'clf__C': 100.0, 'clf__class_weight': 'balanced', 'clf__gamma': 0.1}"": 0.37227668845315903}, ""best_score"": 0.43047732074685513}"
A_window_w8_s4,rbf_svm,valence,7,0,"[25, 21, 0, 14, 23, 16, 2, 19, 10, 17, 33, 11, 28, 29, 13, 22, 7, 37, 20, 35, 30, 9, 24, 3, 8, 34, 15, 4, 31, 1, 27, 6]","[26, 36, 32, 39, 18, 38, 5, 12]","{""accuracy"": 0.6339285714285714, ""balanced_accuracy"": 0.48214285714285715, ""precision_macro"": 0.47948216902784563, ""precision_micro"": 0.6339285714285714, ""precision_weighted"": 0.6105276013678554, ""recall_macro"": 0.48214285714285715, ""recall_micro"": 0.6339285714285714, ""recall_weighted"": 0.6339285714285714, ""f1_macro"": 0.4795421058596849, ""f1_micro"": 0.6339285714285714, ""f1_weighted"": 0.6212739431032528, ""mcc"": -0.03828262471610174, ""kappa"": -0.03797468354430378, ""confusion_matrix"": [[5, 23], [18, 66]], ""tp"": 66, ""tn"": 5, ""fp"": 23, ""fn"": 18, ""tpr"": 0.7857142857142857, ""tnr"": 0.17857142857142858, ""fpr"": 0.8214285714285714, ""fnr"": 0.21428571428571427, ""ppv"": 0.7415730337078652, ""npv"": 0.21739130434782608, ""roc_auc"": 0.3975340136054422, ""pr_auc"": 0.7039804072837649, ""log_loss"": 0.9526745727872316, ""brier"": 0.3006683074548314, ""trial_accuracy"": 0.75, ""trial_f1_macro"": 0.42857142857142855}","{""clf__C"": 10.0, ""clf__class_weight"": null, ""clf__gamma"": 0.01}","{""scores"": {""{'clf__C': 0.1, 'clf__class_weight': None, 'clf__gamma': 0.0001}"": 0.36951754385964913, ""{'clf__C': 0.1, 'clf__class_weight': None, 'clf__gamma': 0.001}"": 0.36951754385964913, ""{'clf__C': 0.1, 'clf__class_weight': None, 'clf__gamma': 0.01}"": 0.36951754385964913, ""{'clf__C': 0.1, 'clf__class_weight': None, 'clf__gamma': 0.1}"": 0.36951754385964913, ""{'clf__C': 0.1, 'clf__class_weight': 'balanced', 'clf__gamma': 0.0001}"": 0.2686399621883493, ""{'clf__C': 0.1, 'clf__class_weight': 'balanced', 'clf__gamma': 0.001}"": 0.34094467625857766, ""{'clf__C': 0.1, 'clf__class_weight': 'balanced', 'clf__gamma': 0.01}"": 0.39729007073968314, ""{'clf__C': 0.1, 'clf__class_weight': 'balanced', 'clf__gamma': 0.1}"": 0.2708333333333333, ""{'clf__C': 1.0, 'clf__class_weight': None, 'clf__gamma': 0.0001}"": 0.4391025641025641, ""{'clf__C': 1.0, 'clf__class_weight': None, 'clf__gamma': 0.001}"": 0.522575011673608, ""{'clf__C': 1.0, 'clf__class_weight': None, 'clf__gamma': 0.01}"": 0.5261761211745796, ""{'clf__C': 1.0, 'clf__class_weight': None, 'clf__gamma': 0.1}"": 0.36951754385964913, ""{'clf__C': 1.0, 'clf__class_weight': 'balanced', 'clf__gamma': 0.0001}"": 0.4029545128107483, ""{'clf__C': 1.0, 'clf__class_weight': 'balanced', 'clf__gamma': 0.001}"": 0.4604147823250737, ""{'clf__C': 1.0, 'clf__class_weight': 'balanced', 'clf__gamma': 0.01}"": 0.5153196349790773, ""{'clf__C': 1.0, 'clf__class_weight': 'balanced', 'clf__gamma': 0.1}"": 0.36951754385964913, ""{'clf__C': 10.0, 'clf__class_weight': None, 'clf__gamma': 0.0001}"": 0.5096714010462439, ""{'clf__C': 10.0, 'clf__class_weight': None, 'clf__gamma': 0.001}"": 0.48351281574703076, ""{'clf__C': 10.0, 'clf__class_weight': None, 'clf__gamma': 0.01}"": 0.5319301840845977, ""{'clf__C': 10.0, 'clf__class_weight': None, 'clf__gamma': 0.1}"": 0.36951754385964913, ""{'clf__C': 10.0, 'clf__class_weight': 'balanced', 'clf__gamma': 0.0001}"": 0.4548917030415502, ""{'clf__C': 10.0, 'clf__class_weight': 'balanced', 'clf__gamma': 0.001}"": 0.4569428293577438, ""{'clf__C': 10.0, 'clf__class_weight': 'balanced', 'clf__gamma': 0.01}"": 0.5319301840845977, ""{'clf__C': 10.0, 'clf__class_weight': 'balanced', 'clf__gamma': 0.1}"": 0.36951754385964913, ""{'clf__C': 100.0, 'clf__class_weight': None, 'clf__gamma': 0.0001}"": 0.4931628896832028, ""{'clf__C': 100.0, 'clf__class_weight': None, 'clf__gamma': 0.001}"": 0.5199215311516717, ""{'clf__C': 100.0, 'clf__class_weight': None, 'clf__gamma': 0.01}"": 0.5319301840845977, ""{'clf__C': 100.0, 'clf__class_weight': None, 'clf__gamma': 0.1}"": 0.36951754385964913, ""{'clf__C': 100.0, 'clf__class_weight': 'balanced', 'clf__gamma': 0.0001}"": 0.4866014913285402, ""{'clf__C': 100.0, 'clf__class_weight': 'balanced', 'clf__gamma': 0.001}"": 0.5184790683142707, ""{'clf__C': 100.0, 'clf__class_weight': 'balanced', 'clf__gamma': 0.01}"": 0.5319301840845977, ""{'clf__C': 100.0, 'clf__class_weight': 'balanced', 'clf__gamma': 0.1}"": 0.36951754385964913}, ""best_score"": 0.5319301840845977}"
A_window_w8_s4,rbf_svm,valence,7,1,"[25, 18, 21, 9, 31, 16, 22, 0, 24, 23, 13, 37, 11, 39, 1, 38, 19, 15, 12, 20, 10, 30, 28, 29, 6, 4, 14, 17, 33, 36, 34, 26]","[35, 7, 2, 3, 5, 8, 27, 32]","{""accuracy"": 0.5982142857142857, ""balanced_accuracy"": 0.5297619047619048, ""precision_macro"": 0.5245872848612574, ""precision_micro"": 0.5982142857142857, ""precision_weighted"": 0.6458552862662452, ""recall_macro"": 0.5297619047619048, ""recall_micro"": 0.5982142857142857, ""recall_weighted"": 0.5982142857142857, ""f1_macro"": 0.5208670025667839, ""f1_micro"": 0.5982142857142857, ""f1_weighted"": 0.6171213993725638, ""mcc"": 0.05410228943009963, ""kappa"": 0.052631578947368474, ""confusion_matrix"": [[11, 17], [28, 56]], ""tp"": 56, ""tn"": 11, ""fp"": 17, ""fn"": 28, ""tpr"": 0.6666666666666666, ""tnr"": 0.39285714285714285, ""fpr"": 0.6071428571428571, ""fnr"": 0.3333333333333333, ""ppv"": 0.7671232876712328, ""npv"": 0.28205128205128205, ""roc_auc"": 0.5157312925170068, ""pr_auc"": 0.7196980701527789, ""log_loss"": 0.9608060077754068, ""brier"": 0.3268438226375534, ""trial_accuracy"": 0.75, ""trial_f1_macro"": 0.6666666666666667}","{""clf__C"": 1.0, ""clf__class_weight"": null, ""clf__gamma"": 0.01}","{""scores"": {""{'clf__C': 0.1, 'clf__class_weight': None, 'clf__gamma': 0.0001}"": 0.369109047127623, ""{'clf__C': 0.1, 'clf__class_weight': None, 'clf__gamma': 0.001}"": 0.3683808114440745, ""{'clf__C': 0.1, 'clf__class_weight': None, 'clf__gamma': 0.01}"": 0.35919295254333616, ""{'clf__C': 0.1, 'clf__class_weight': None, 'clf__gamma': 0.1}"": 0.369109047127623, ""{'clf__C': 0.1, 'clf__class_weight': 'balanced', 'clf__gamma': 0.0001}"": 0.30018674136321194, ""{'clf__C': 0.1, 'clf__class_weight': 'balanced', 'clf__gamma': 0.001}"": 0.32637458267922786, ""{'clf__C': 0.1, 'clf__class_weight': 'balanced', 'clf__gamma': 0.01}"": 0.3504049112398704, ""{'clf__C': 0.1, 'clf__class_weight': 'balanced', 'clf__gamma': 0.1}"": 0.30018674136321194, ""{'clf__C': 1.0, 'clf__class_weight': None, 'clf__gamma': 0.0001}"": 0.36764705882352944, ""{'clf__C': 1.0, 'clf__class_weight': None, 'clf__gamma': 0.001}"": 0.33976430377976435, ""{'clf__C': 1.0, 'clf__class_weight': None, 'clf__gamma': 0.01}"": 0.4331806192821858, ""{'clf__C': 1.0, 'clf__class_weight': None, 'clf__gamma': 0.1}"": 0.369109047127623, ""{'clf__C': 1.0, 'clf__class_weight': 'balanced', 'clf__gamma': 0.0001}"": 0.329683246378949, ""{'clf__C': 1.0, 'clf__class_weight': 'balanced', 'clf__gamma': 0.001}"": 0.3381282168695868, ""{'clf__C': 1.0, 'clf__class_weight': 'balanced', 'clf__gamma': 0.01}"": 0.39027140784992387, ""{'clf__C': 1.0, 'clf__class_weight': 'balanced', 'clf__gamma': 0.1}"": 0.369109047127623, ""{'clf__C': 10.0, 'clf__class_weight': None, 'clf__gamma': 0.0001}"": 0.32779421541108245, ""{'clf__C': 10.0, 'clf__class_weight': None, 'clf__gamma': 0.001}"": 0.4052739447353062, ""{'clf__C': 10.0, 'clf__class_weight': None, 'clf__gamma': 0.01}"": 0.43050127093458873, ""{'clf__C': 10.0, 'clf__class_weight': None, 'clf__gamma': 0.1}"": 0.369109047127623, ""{'clf__C': 10.0, 'clf__class_weight': 'balanced', 'clf__gamma': 0.0001}"": 0.3434880264937223, ""{'clf__C': 10.0, 'clf__class_weight': 'balanced', 'clf__gamma': 0.001}"": 0.36985930288094004, ""{'clf__C': 10.0, 'clf__class_weight': 'balanced', 'clf__gamma': 0.01}"": 0.43050127093458873, ""{'clf__C': 10.0, 'clf__class_weight': 'balanced', 'clf__gamma': 0.1}"": 0.369109047127623, ""{'clf__C': 100.0, 'clf__class_weight': None, 'clf__gamma': 0.0001}"": 0.3960817865642717, ""{'clf__C': 100.0, 'clf__class_weight': None, 'clf__gamma': 0.001}"": 0.42569187044269013, ""{'clf__C': 100.0, 'clf__class_weight': None, 'clf__gamma': 0.01}"": 0.43050127093458873, ""{'clf__C': 100.0, 'clf__class_weight': None, 'clf__gamma': 0.1}"": 0.369109047127623, ""{'clf__C': 100.0, 'clf__class_weight': 'balanced', 'clf__gamma': 0.0001}"": 0.3709856969563057, ""{'clf__C': 100.0, 'clf__class_weight': 'balanced', 'clf__gamma': 0.001}"": 0.41813323182808476, ""{'clf__C': 100.0, 'clf__class_weight': 'balanced', 'clf__gamma': 0.01}"": 0.43050127093458873, ""{'clf__C': 100.0, 'clf__class_weight': 'balanced', 'clf__gamma': 0.1}"": 0.369109047127623}, ""best_score"": 0.4331806192821858}"
A_window_w8_s4,rbf_svm,valence,8,0,"[31, 1, 36, 16, 27, 8, 25, 28, 18, 12, 19, 29, 23, 39, 21, 24, 0, 9, 10, 17, 38, 20, 37, 3, 14, 35, 15, 7, 26, 2, 5, 13]","[22, 34, 6, 4, 30, 33, 11, 32]","{""accuracy"": 0.5892857142857143, ""balanced_accuracy"": 0.5816326530612245, ""precision_macro"": 0.5364583333333334, ""precision_micro"": 0.5892857142857143, ""precision_weighted"": 0.8138020833333333, ""recall_macro"": 0.5816326530612245, ""recall_micro"": 0.5892857142857143, ""recall_weighted"": 0.5892857142857143, ""f1_macro"": 0.4870569494225408, ""f1_micro"": 0.5892857142857143, ""f1_weighted"": 0.6588012743926722, ""mcc"": 0.10910894511799618, ""kappa"": 0.07999999999999996, ""confusion_matrix"": [[58, 40], [6, 8]], ""tp"": 8, ""tn"": 58, ""fp"": 40, ""fn"": 6, ""tpr"": 0.5714285714285714, ""tnr"": 0.5918367346938775, ""fpr"": 0.40816326530612246, ""fnr"": 0.42857142857142855, ""ppv"": 0.16666666666666666, ""npv"": 0.90625, ""roc_auc"": 0.5969387755102041, ""pr_auc"": 0.21244402279374594, ""log_loss"": 1.0458098457209772, ""brier"": 0.3392665584571629, ""trial_accuracy"": 0.75, ""trial_f1_macro"": 0.6666666666666667}","{""clf__C"": 1.0, ""clf__class_weight"": null, ""clf__gamma"": 0.01}","{""scores"": {""{'clf__C': 0.1, 'clf__class_weight': None, 'clf__gamma': 0.0001}"": 0.3544973544973545, ""{'clf__C': 0.1, 'clf__class_weight': None, 'clf__gamma': 0.001}"": 0.3544973544973545, ""{'clf__C': 0.1, 'clf__class_weight': None, 'clf__gamma': 0.01}"": 0.3660199042065491, ""{'clf__C': 0.1, 'clf__class_weight': None, 'clf__gamma': 0.1}"": 0.3544973544973545, ""{'clf__C': 0.1, 'clf__class_weight': 'balanced', 'clf__gamma': 0.0001}"": 0.30277777777777776, ""{'clf__C': 0.1, 'clf__class_weight': 'balanced', 'clf__gamma': 0.001}"": 0.30277777777777776, ""{'clf__C': 0.1, 'clf__class_weight': 'balanced', 'clf__gamma': 0.01}"": 0.4283005609920181, ""{'clf__C': 0.1, 'clf__class_weight': 'balanced', 'clf__gamma': 0.1}"": 0.30277777777777776, ""{'clf__C': 1.0, 'clf__class_weight': None, 'clf__gamma': 0.0001}"": 0.3544973544973545, ""{'clf__C': 1.0, 'clf__class_weight': None, 'clf__gamma': 0.001}"": 0.516109461008217, ""{'clf__C': 1.0, 'clf__class_weight': None, 'clf__gamma': 0.01}"": 0.5724023837452101, ""{'clf__C': 1.0, 'clf__class_weight': None, 'clf__gamma': 0.1}"": 0.3544973544973545, ""{'clf__C': 1.0, 'clf__class_weight': 'balanced', 'clf__gamma': 0.0001}"": 0.3876457114379226, ""{'clf__C': 1.0, 'clf__class_weight': 'balanced', 'clf__gamma': 0.001}"": 0.5511040781285833, ""{'clf__C': 1.0, 'clf__class_weight': 'balanced', 'clf__gamma': 0.01}"": 0.5612637490730066, ""{'clf__C': 1.0, 'clf__class_weight': 'balanced', 'clf__gamma': 0.1}"": 0.3544973544973545, ""{'clf__C': 10.0, 'clf__class_weight': None, 'clf__gamma': 0.0001}"": 0.5444619321803513, ""{'clf__C': 10.0, 'clf__class_weight': None, 'clf__gamma': 0.001}"": 0.5561320629448159, ""{'clf__C': 10.0, 'clf__class_weight': None, 'clf__gamma': 0.01}"": 0.5446873688095896, ""{'clf__C': 10.0, 'clf__class_weight': None, 'clf__gamma': 0.1}"": 0.3544973544973545, ""{'clf__C': 10.0, 'clf__class_weight': 'balanced', 'clf__gamma': 0.0001}"": 0.5497585727625167, ""{'clf__C': 10.0, 'clf__class_weight': 'balanced', 'clf__gamma': 0.001}"": 0.5495388042756464, ""{'clf__C': 10.0, 'clf__class_weight': 'balanced', 'clf__gamma': 0.01}"": 0.5446873688095896, ""{'clf__C': 10.0, 'clf__class_weight': 'balanced', 'clf__gamma': 0.1}"": 0.3544973544973545, ""{'clf__C': 100.0, 'clf__class_weight': None, 'clf__gamma': 0.0001}"": 0.5484815072069374, ""{'clf__C': 100.0, 'clf__class_weight': None, 'clf__gamma': 0.001}"": 0.5119135793791817, ""{'clf__C': 100.0, 'clf__class_weight': None, 'clf__gamma': 0.01}"": 0.5446873688095896, ""{'clf__C': 100.0, 'clf__class_weight': None, 'clf__gamma': 0.1}"": 0.3544973544973545, ""{'clf__C': 100.0, 'clf__class_weight': 'balanced', 'clf__gamma': 0.0001}"": 0.5418752020485597, ""{'clf__C': 100.0, 'clf__class_weight': 'balanced', 'clf__gamma': 0.001}"": 0.5143024281785616, ""{'clf__C': 100.0, 'clf__class_weight': 'balanced', 'clf__gamma': 0.01}"": 0.5446873688095896, ""{'clf__C': 100.0, 'clf__class_weight': 'balanced', 'clf__gamma': 0.1}"": 0.3544973544973545}, ""best_score"": 0.5724023837452101}"
A_window_w8_s4,rbf_svm,valence,8,1,"[31, 8, 16, 39, 12, 6, 38, 3, 28, 27, 5, 20, 22, 15, 9, 17, 1, 18, 25, 21, 32, 33, 23, 4, 35, 13, 14, 24, 19, 7, 26, 34]","[11, 37, 30, 36, 29, 0, 10, 2]","{""accuracy"": 0.42857142857142855, ""balanced_accuracy"": 0.4285714285714286, ""precision_macro"": 0.4155354449472096, ""precision_micro"": 0.42857142857142855, ""precision_weighted"": 0.4155354449472096, ""recall_macro"": 0.4285714285714286, ""recall_micro"": 0.42857142857142855, ""recall_weighted"": 0.42857142857142855, ""f1_macro"": 0.4056384742951907, ""f1_micro"": 0.42857142857142855, ""f1_weighted"": 0.4056384742951907, ""mcc"": -0.15534712747612348, ""kappa"": -0.1428571428571428, ""confusion_matrix"": [[35, 21], [43, 13]], ""tp"": 13, ""tn"": 35, ""fp"": 21, ""fn"": 43, ""tpr"": 0.23214285714285715, ""tnr"": 0.625, ""fpr"": 0.375, ""fnr"": 0.7678571428571429, ""ppv"": 0.38235294117647056, ""npv"": 0.44871794871794873, ""roc_auc"": 0.4842155612244898, ""pr_auc"": 0.539418520282825, ""log_loss"": 1.502621280187087, ""brier"": 0.4180274569874664, ""trial_accuracy"": 0.375, ""trial_f1_macro"": 0.2727272727272727}","{""clf__C"": 1.0, ""clf__class_weight"": ""balanced"", ""clf__gamma"": 0.01}","{""scores"": {""{'clf__C': 0.1, 'clf__class_weight': None, 'clf__gamma': 0.0001}"": 0.3954248366013072, ""{'clf__C': 0.1, 'clf__class_weight': None, 'clf__gamma': 0.001}"": 0.3954248366013072, ""{'clf__C': 0.1, 'clf__class_weight': None, 'clf__gamma': 0.01}"": 0.3954248366013072, ""{'clf__C': 0.1, 'clf__class_weight': None, 'clf__gamma': 0.1}"": 0.3954248366013072, ""{'clf__C': 0.1, 'clf__class_weight': 'balanced', 'clf__gamma': 0.0001}"": 0.32556958522449886, ""{'clf__C': 0.1, 'clf__class_weight': 'balanced', 'clf__gamma': 0.001}"": 0.3428427743105951, ""{'clf__C': 0.1, 'clf__class_weight': 'balanced', 'clf__gamma': 0.01}"": 0.5295008836101185, ""{'clf__C': 0.1, 'clf__class_weight': 'balanced', 'clf__gamma': 0.1}"": 0.2893518518518518, ""{'clf__C': 1.0, 'clf__class_weight': None, 'clf__gamma': 0.0001}"": 0.3954248366013072, ""{'clf__C': 1.0, 'clf__class_weight': None, 'clf__gamma': 0.001}"": 0.5342866053799915, ""{'clf__C': 1.0, 'clf__class_weight': None, 'clf__gamma': 0.01}"": 0.5255231764455346, ""{'clf__C': 1.0, 'clf__class_weight': None, 'clf__gamma': 0.1}"": 0.3954248366013072, ""{'clf__C': 1.0, 'clf__class_weight': 'balanced', 'clf__gamma': 0.0001}"": 0.4217662189211326, ""{'clf__C': 1.0, 'clf__class_weight': 'balanced', 'clf__gamma': 0.001}"": 0.4905409404697126, ""{'clf__C': 1.0, 'clf__class_weight': 'balanced', 'clf__gamma': 0.01}"": 0.5606134856594137, ""{'clf__C': 1.0, 'clf__class_weight': 'balanced', 'clf__gamma': 0.1}"": 0.3954248366013072, ""{'clf__C': 10.0, 'clf__class_weight': None, 'clf__gamma': 0.0001}"": 0.5306408737247577, ""{'clf__C': 10.0, 'clf__class_weight': None, 'clf__gamma': 0.001}"": 0.5150555342431611, ""{'clf__C': 10.0, 'clf__class_weight': None, 'clf__gamma': 0.01}"": 0.5392653131742307, ""{'clf__C': 10.0, 'clf__class_weight': None, 'clf__gamma': 0.1}"": 0.3954248366013072, ""{'clf__C': 10.0, 'clf__class_weight': 'balanced', 'clf__gamma': 0.0001}"": 0.48567402995747067, ""{'clf__C': 10.0, 'clf__class_weight': 'balanced', 'clf__gamma': 0.001}"": 0.5015915509520635, ""{'clf__C': 10.0, 'clf__class_weight': 'balanced', 'clf__gamma': 0.01}"": 0.5392653131742307, ""{'clf__C': 10.0, 'clf__class_weight': 'balanced', 'clf__gamma': 0.1}"": 0.3954248366013072, ""{'clf__C': 100.0, 'clf__class_weight': None, 'clf__gamma': 0.0001}"": 0.5323162892120302, ""{'clf__C': 100.0, 'clf__class_weight': None, 'clf__gamma': 0.001}"": 0.5246507268366677, ""{'clf__C': 100.0, 'clf__class_weight': None, 'clf__gamma': 0.01}"": 0.5392653131742307, ""{'clf__C': 100.0, 'clf__class_weight': None, 'clf__gamma': 0.1}"": 0.3954248366013072, ""{'clf__C': 100.0, 'clf__class_weight': 'balanced', 'clf__gamma': 0.0001}"": 0.5173301651932297, ""{'clf__C': 100.0, 'clf__class_weight': 'balanced', 'clf__gamma': 0.001}"": 0.5193504890298356, ""{'clf__C': 100.0, 'clf__class_weight': 'balanced', 'clf__gamma': 0.01}"": 0.5392653131742307, ""{'clf__C': 100.0, 'clf__class_weight': 'balanced', 'clf__gamma': 0.1}"": 0.3954248366013072}, ""best_score"": 0.5606134856594137}"
A_window_w8_s4,rbf_svm,valence,9,0,"[17, 15, 34, 11, 0, 22, 23, 18, 14, 19, 31, 2, 39, 36, 12, 29, 24, 8, 35, 7, 13, 1, 26, 25, 38, 10, 6, 27, 3, 4, 20, 28]","[33, 30, 21, 16, 5, 9, 32, 37]","{""accuracy"": 0.5267857142857143, ""balanced_accuracy"": 0.5267857142857143, ""precision_macro"": 0.5268628078030061, ""precision_micro"": 0.5267857142857143, ""precision_weighted"": 0.5268628078030061, ""recall_macro"": 0.5267857142857143, ""recall_micro"": 0.5267857142857143, ""recall_weighted"": 0.5267857142857143, ""f1_macro"": 0.5264459513362585, ""f1_micro"": 0.5267857142857143, ""f1_weighted"": 0.5264459513362585, ""mcc"": 0.05364846669657492, ""kappa"": 0.0535714285714286, ""confusion_matrix"": [[28, 28], [25, 31]], ""tp"": 31, ""tn"": 28, ""fp"": 28, ""fn"": 25, ""tpr"": 0.5535714285714286, ""tnr"": 0.5, ""fpr"": 0.5, ""fnr"": 0.44642857142857145, ""ppv"": 0.5254237288135594, ""npv"": 0.5283018867924528, ""roc_auc"": 0.5902423469387755, ""pr_auc"": 0.6522340385055233, ""log_loss"": 0.9164372029619186, ""brier"": 0.31533701796574987, ""trial_accuracy"": 0.375, ""trial_f1_macro"": 0.36507936507936506}","{""clf__C"": 10.0, ""clf__class_weight"": ""balanced"", ""clf__gamma"": 0.0001}","{""scores"": {""{'clf__C': 0.1, 'clf__class_weight': None, 'clf__gamma': 0.0001}"": 0.35838779956427014, ""{'clf__C': 0.1, 'clf__class_weight': None, 'clf__gamma': 0.001}"": 0.5124089738645188, ""{'clf__C': 0.1, 'clf__class_weight': None, 'clf__gamma': 0.01}"": 0.6183363517600439, ""{'clf__C': 0.1, 'clf__class_weight': None, 'clf__gamma': 0.1}"": 0.35838779956427014, ""{'clf__C': 0.1, 'clf__class_weight': 'balanced', 'clf__gamma': 0.0001}"": 0.30416666666666664, ""{'clf__C': 0.1, 'clf__class_weight': 'balanced', 'clf__gamma': 0.001}"": 0.6394790798460109, ""{'clf__C': 0.1, 'clf__class_weight': 'balanced', 'clf__gamma': 0.01}"": 0.6971660996660995, ""{'clf__C': 0.1, 'clf__class_weight': 'balanced', 'clf__gamma': 0.1}"": 0.30416666666666664, ""{'clf__C': 1.0, 'clf__class_weight': None, 'clf__gamma': 0.0001}"": 0.5468599218552695, ""{'clf__C': 1.0, 'clf__class_weight': None, 'clf__gamma': 0.001}"": 0.7023104144410489, ""{'clf__C': 1.0, 'clf__class_weight': None, 'clf__gamma': 0.01}"": 0.6320835982941677, ""{'clf__C': 1.0, 'clf__class_weight': None, 'clf__gamma': 0.1}"": 0.40535083881047157, ""{'clf__C': 1.0, 'clf__class_weight': 'balanced', 'clf__gamma': 0.0001}"": 0.6472987002056011, ""{'clf__C': 1.0, 'clf__class_weight': 'balanced', 'clf__gamma': 0.001}"": 0.7048973074916591, ""{'clf__C': 1.0, 'clf__class_weight': 'balanced', 'clf__gamma': 0.01}"": 0.6355544621967542, ""{'clf__C': 1.0, 'clf__class_weight': 'balanced', 'clf__gamma': 0.1}"": 0.4076490224129709, ""{'clf__C': 10.0, 'clf__class_weight': None, 'clf__gamma': 0.0001}"": 0.7070646148211378, ""{'clf__C': 10.0, 'clf__class_weight': None, 'clf__gamma': 0.001}"": 0.6291601114104017, ""{'clf__C': 10.0, 'clf__class_weight': None, 'clf__gamma': 0.01}"": 0.5987519526708095, ""{'clf__C': 10.0, 'clf__class_weight': None, 'clf__gamma': 0.1}"": 0.41210363175463693, ""{'clf__C': 10.0, 'clf__class_weight': 'balanced', 'clf__gamma': 0.0001}"": 0.7134513311168064, ""{'clf__C': 10.0, 'clf__class_weight': 'balanced', 'clf__gamma': 0.001}"": 0.6271417527150128, ""{'clf__C': 10.0, 'clf__class_weight': 'balanced', 'clf__gamma': 0.01}"": 0.5987519526708095, ""{'clf__C': 10.0, 'clf__class_weight': 'balanced', 'clf__gamma': 0.1}"": 0.41210363175463693, ""{'clf__C': 100.0, 'clf__class_weight': None, 'clf__gamma': 0.0001}"": 0.6703377410011857, ""{'clf__C': 100.0, 'clf__class_weight': None, 'clf__gamma': 0.001}"": 0.6060726005727537, ""{'clf__C': 100.0, 'clf__class_weight': None, 'clf__gamma': 0.01}"": 0.6006394471833819, ""{'clf__C': 100.0, 'clf__class_weight': None, 'clf__gamma': 0.1}"": 0.41210363175463693, ""{'clf__C': 100.0, 'clf__class_weight': 'balanced', 'clf__gamma': 0.0001}"": 0.6546101346492652, ""{'clf__C': 100.0, 'clf__class_weight': 'balanced', 'clf__gamma': 0.001}"": 0.6154528940883689, ""{'clf__C': 100.0, 'clf__class_weight': 'balanced', 'clf__gamma': 0.01}"": 0.6006394471833819, ""{'clf__C': 100.0, 'clf__class_weight': 'balanced', 'clf__gamma': 0.1}"": 0.41210363175463693}, ""best_score"": 0.7134513311168064}"
A_window_w8_s4,rbf_svm,valence,9,1,"[37, 36, 15, 0, 12, 10, 29, 26, 31, 6, 11, 4, 33, 28, 7, 21, 18, 14, 16, 24, 19, 25, 32, 9, 20, 30, 2, 34, 27, 22, 38, 39]","[1, 35, 23, 5, 13, 8, 3, 17]","{""accuracy"": 0.7232142857142857, ""balanced_accuracy"": 0.6964285714285714, ""precision_macro"": 0.6622760800842993, ""precision_micro"": 0.7232142857142857, ""precision_weighted"": 0.7626448893572181, ""recall_macro"": 0.6964285714285714, ""recall_micro"": 0.7232142857142857, ""recall_weighted"": 0.7232142857142857, ""f1_macro"": 0.6699306017682289, ""f1_micro"": 0.7232142857142857, ""f1_weighted"": 0.7362391862344329, ""mcc"": 0.3570751102386575, ""kappa"": 0.34736842105263155, ""confusion_matrix"": [[18, 10], [21, 63]], ""tp"": 63, ""tn"": 18, ""fp"": 10, ""fn"": 21, ""tpr"": 0.75, ""tnr"": 0.6428571428571429, ""fpr"": 0.35714285714285715, ""fnr"": 0.25, ""ppv"": 0.863013698630137, ""npv"": 0.46153846153846156, ""roc_auc"": 0.7487244897959184, ""pr_auc"": 0.9033422262147889, ""log_loss"": 0.5365740183619495, ""brier"": 0.18231812805296554, ""trial_accuracy"": 0.75, ""trial_f1_macro"": 0.7333333333333334}","{""clf__C"": 0.1, ""clf__class_weight"": ""balanced"", ""clf__gamma"": 0.01}","{""scores"": {""{'clf__C': 0.1, 'clf__class_weight': None, 'clf__gamma': 0.0001}"": 0.2883905468345696, ""{'clf__C': 0.1, 'clf__class_weight': None, 'clf__gamma': 0.001}"": 0.42287569920034174, ""{'clf__C': 0.1, 'clf__class_weight': None, 'clf__gamma': 0.01}"": 0.47902651396805807, ""{'clf__C': 0.1, 'clf__class_weight': None, 'clf__gamma': 0.1}"": 0.30184354758345794, ""{'clf__C': 0.1, 'clf__class_weight': 'balanced', 'clf__gamma': 0.0001}"": 0.32913128757531035, ""{'clf__C': 0.1, 'clf__class_weight': 'balanced', 'clf__gamma': 0.001}"": 0.5826170932554613, ""{'clf__C': 0.1, 'clf__class_weight': 'balanced', 'clf__gamma': 0.01}"": 0.5973599407362056, ""{'clf__C': 0.1, 'clf__class_weight': 'balanced', 'clf__gamma': 0.1}"": 0.3425842883241987, ""{'clf__C': 1.0, 'clf__class_weight': None, 'clf__gamma': 0.0001}"": 0.4231150062554628, ""{'clf__C': 1.0, 'clf__class_weight': None, 'clf__gamma': 0.001}"": 0.5208484982030807, ""{'clf__C': 1.0, 'clf__class_weight': None, 'clf__gamma': 0.01}"": 0.5054216417687764, ""{'clf__C': 1.0, 'clf__class_weight': None, 'clf__gamma': 0.1}"": 0.3201034259857789, ""{'clf__C': 1.0, 'clf__class_weight': 'balanced', 'clf__gamma': 0.0001}"": 0.5708328862786746, ""{'clf__C': 1.0, 'clf__class_weight': 'balanced', 'clf__gamma': 0.001}"": 0.5673461015240663, ""{'clf__C': 1.0, 'clf__class_weight': 'balanced', 'clf__gamma': 0.01}"": 0.5266999679574945, ""{'clf__C': 1.0, 'clf__class_weight': 'balanced', 'clf__gamma': 0.1}"": 0.3235905856595512, ""{'clf__C': 10.0, 'clf__class_weight': None, 'clf__gamma': 0.0001}"": 0.5211398177914789, ""{'clf__C': 10.0, 'clf__class_weight': None, 'clf__gamma': 0.001}"": 0.532788681345991, ""{'clf__C': 10.0, 'clf__class_weight': None, 'clf__gamma': 0.01}"": 0.5268721595903455, ""{'clf__C': 10.0, 'clf__class_weight': None, 'clf__gamma': 0.1}"": 0.32123132225930623, ""{'clf__C': 10.0, 'clf__class_weight': 'balanced', 'clf__gamma': 0.0001}"": 0.5766312672387259, ""{'clf__C': 10.0, 'clf__class_weight': 'balanced', 'clf__gamma': 0.001}"": 0.537984803641896, ""{'clf__C': 10.0, 'clf__class_weight': 'balanced', 'clf__gamma': 0.01}"": 0.5268721595903455, ""{'clf__C': 10.0, 'clf__class_weight': 'balanced', 'clf__gamma': 0.1}"": 0.32123132225930623, ""{'clf__C': 100.0, 'clf__class_weight': None, 'clf__gamma': 0.0001}"": 0.5414980758032902, ""{'clf__C': 100.0, 'clf__class_weight': None, 'clf__gamma': 0.001}"": 0.5519704588027569, ""{'clf__C': 100.0, 'clf__class_weight': None, 'clf__gamma': 0.01}"": 0.5268721595903455, ""{'clf__C': 100.0, 'clf__class_weight': None, 'clf__gamma': 0.1}"": 0.32123132225930623, ""{'clf__C': 100.0, 'clf__class_weight': 'balanced', 'clf__gamma': 0.0001}"": 0.5660126356286921, ""{'clf__C': 100.0, 'clf__class_weight': 'balanced', 'clf__gamma': 0.001}"": 0.5519704588027569, ""{'clf__C': 100.0, 'clf__class_weight': 'balanced', 'clf__gamma': 0.01}"": 0.5268721595903455, ""{'clf__C': 100.0, 'clf__class_weight': 'balanced', 'clf__gamma': 0.1}"": 0.32123132225930623}, ""best_score"": 0.5973599407362056}"
A_window_w8_s4,rbf_svm,valence,10,0,"[36, 8, 0, 35, 24, 2, 18, 19, 21, 4, 9, 7, 12, 6, 15, 37, 31, 14, 20, 30, 16, 17, 33, 25, 34, 1, 29, 3, 26, 27, 38, 10]","[5, 32, 39, 22, 23, 13, 11, 28]","{""accuracy"": 0.9285714285714286, ""balanced_accuracy"": 0.9428571428571428, ""precision_macro"": 0.9199999999999999, ""precision_micro"": 0.9285714285714286, ""precision_weighted"": 0.9400000000000001, ""recall_macro"": 0.9428571428571428, ""recall_micro"": 0.9285714285714286, ""recall_weighted"": 0.9285714285714286, ""f1_macro"": 0.9262187088274045, ""f1_micro"": 0.9285714285714286, ""f1_weighted"": 0.9295125164690382, ""mcc"": 0.862554346113913, ""kappa"": 0.8532110091743119, ""confusion_matrix"": [[42, 0], [8, 62]], ""tp"": 62, ""tn"": 42, ""fp"": 0, ""fn"": 8, ""tpr"": 0.8857142857142857, ""tnr"": 1.0, ""fpr"": 0.0, ""fnr"": 0.11428571428571428, ""ppv"": 1.0, ""npv"": 0.84, ""roc_auc"": 0.9962585034013606, ""pr_auc"": 0.9978103191923067, ""log_loss"": 0.5288480771213514, ""brier"": 0.16992425102201825, ""trial_accuracy"": 0.875, ""trial_f1_macro"": 0.873015873015873}","{""clf__C"": 0.1, ""clf__class_weight"": ""balanced"", ""clf__gamma"": 0.001}","{""scores"": {""{'clf__C': 0.1, 'clf__class_weight': None, 'clf__gamma': 0.0001}"": 0.34640522875817, ""{'clf__C': 0.1, 'clf__class_weight': None, 'clf__gamma': 0.001}"": 0.4121759915293947, ""{'clf__C': 0.1, 'clf__class_weight': None, 'clf__gamma': 0.01}"": 0.5254699849119087, ""{'clf__C': 0.1, 'clf__class_weight': None, 'clf__gamma': 0.1}"": 0.34640522875817, ""{'clf__C': 0.1, 'clf__class_weight': 'balanced', 'clf__gamma': 0.0001}"": 0.3194444444444444, ""{'clf__C': 0.1, 'clf__class_weight': 'balanced', 'clf__gamma': 0.001}"": 0.66291184589139, ""{'clf__C': 0.1, 'clf__class_weight': 'balanced', 'clf__gamma': 0.01}"": 0.6480451571914986, ""{'clf__C': 0.1, 'clf__class_weight': 'balanced', 'clf__gamma': 0.1}"": 0.3194444444444444, ""{'clf__C': 1.0, 'clf__class_weight': None, 'clf__gamma': 0.0001}"": 0.44316486672120003, ""{'clf__C': 1.0, 'clf__class_weight': None, 'clf__gamma': 0.001}"": 0.6388296646961481, ""{'clf__C': 1.0, 'clf__class_weight': None, 'clf__gamma': 0.01}"": 0.633498331562191, ""{'clf__C': 1.0, 'clf__class_weight': None, 'clf__gamma': 0.1}"": 0.34640522875817, ""{'clf__C': 1.0, 'clf__class_weight': 'balanced', 'clf__gamma': 0.0001}"": 0.5821379813242183, ""{'clf__C': 1.0, 'clf__class_weight': 'balanced', 'clf__gamma': 0.001}"": 0.6463554848223871, ""{'clf__C': 1.0, 'clf__class_weight': 'balanced', 'clf__gamma': 0.01}"": 0.6295249900888497, ""{'clf__C': 1.0, 'clf__class_weight': 'balanced', 'clf__gamma': 0.1}"": 0.34640522875817, ""{'clf__C': 10.0, 'clf__class_weight': None, 'clf__gamma': 0.0001}"": 0.6302955093705265, ""{'clf__C': 10.0, 'clf__class_weight': None, 'clf__gamma': 0.001}"": 0.6000167966362469, ""{'clf__C': 10.0, 'clf__class_weight': None, 'clf__gamma': 0.01}"": 0.6317891774400234, ""{'clf__C': 10.0, 'clf__class_weight': None, 'clf__gamma': 0.1}"": 0.34640522875817, ""{'clf__C': 10.0, 'clf__class_weight': 'balanced', 'clf__gamma': 0.0001}"": 0.6430744798639709, ""{'clf__C': 10.0, 'clf__class_weight': 'balanced', 'clf__gamma': 0.001}"": 0.6029286968678161, ""{'clf__C': 10.0, 'clf__class_weight': 'balanced', 'clf__gamma': 0.01}"": 0.6317891774400234, ""{'clf__C': 10.0, 'clf__class_weight': 'balanced', 'clf__gamma': 0.1}"": 0.34640522875817, ""{'clf__C': 100.0, 'clf__class_weight': None, 'clf__gamma': 0.0001}"": 0.6142030460537379, ""{'clf__C': 100.0, 'clf__class_weight': None, 'clf__gamma': 0.001}"": 0.6252927699236921, ""{'clf__C': 100.0, 'clf__class_weight': None, 'clf__gamma': 0.01}"": 0.6317891774400234, ""{'clf__C': 100.0, 'clf__class_weight': None, 'clf__gamma': 0.1}"": 0.34640522875817, ""{'clf__C': 100.0, 'clf__class_weight': 'balanced', 'clf__gamma': 0.0001}"": 0.6077487896360287, ""{'clf__C': 100.0, 'clf__class_weight': 'balanced', 'clf__gamma': 0.001}"": 0.6252927699236921, ""{'clf__C': 100.0, 'clf__class_weight': 'balanced', 'clf__gamma': 0.01}"": 0.6317891774400234, ""{'clf__C': 100.0, 'clf__class_weight': 'balanced', 'clf__gamma': 0.1}"": 0.34640522875817}, ""best_score"": 0.66291184589139}"
A_window_w8_s4,rbf_svm,valence,10,1,"[2, 33, 16, 5, 3, 7, 36, 27, 28, 30, 19, 32, 4, 12, 8, 11, 14, 38, 13, 20, 10, 23, 34, 9, 17, 24, 35, 29, 39, 26, 21, 31]","[15, 22, 25, 6, 18, 37, 1, 0]","{""accuracy"": 0.8660714285714286, ""balanced_accuracy"": 0.8833333333333333, ""precision_macro"": 0.8604093380236648, ""precision_micro"": 0.8660714285714286, ""precision_weighted"": 0.8868324272465623, ""recall_macro"": 0.8833333333333333, ""recall_micro"": 0.8660714285714286, ""recall_weighted"": 0.8660714285714286, ""f1_macro"": 0.8629130966952264, ""f1_micro"": 0.8660714285714286, ""f1_weighted"": 0.8681150550795593, ""mcc"": 0.7433893001895348, ""kappa"": 0.7285067873303168, ""confusion_matrix"": [[57, 13], [2, 40]], ""tp"": 40, ""tn"": 57, ""fp"": 13, ""fn"": 2, ""tpr"": 0.9523809523809523, ""tnr"": 0.8142857142857143, ""fpr"": 0.18571428571428572, ""fnr"": 0.047619047619047616, ""ppv"": 0.7547169811320755, ""npv"": 0.9661016949152542, ""roc_auc"": 0.9574829931972789, ""pr_auc"": 0.91583787823674, ""log_loss"": 0.36357666456447063, ""brier"": 0.10981690473765593, ""trial_accuracy"": 0.875, ""trial_f1_macro"": 0.873015873015873}","{""clf__C"": 10.0, ""clf__class_weight"": null, ""clf__gamma"": 0.0001}","{""scores"": {""{'clf__C': 0.1, 'clf__class_weight': None, 'clf__gamma': 0.0001}"": 0.4330852606788687, ""{'clf__C': 0.1, 'clf__class_weight': None, 'clf__gamma': 0.001}"": 0.4355414836829867, ""{'clf__C': 0.1, 'clf__class_weight': None, 'clf__gamma': 0.01}"": 0.5475811545995598, ""{'clf__C': 0.1, 'clf__class_weight': None, 'clf__gamma': 0.1}"": 0.31705182072829136, ""{'clf__C': 0.1, 'clf__class_weight': 'balanced', 'clf__gamma': 0.0001}"": 0.4330852606788687, ""{'clf__C': 0.1, 'clf__class_weight': 'balanced', 'clf__gamma': 0.001}"": 0.5208153036460057, ""{'clf__C': 0.1, 'clf__class_weight': 'balanced', 'clf__gamma': 0.01}"": 0.676706847766789, ""{'clf__C': 0.1, 'clf__class_weight': 'balanced', 'clf__gamma': 0.1}"": 0.31705182072829136, ""{'clf__C': 1.0, 'clf__class_weight': None, 'clf__gamma': 0.0001}"": 0.48918424895755264, ""{'clf__C': 1.0, 'clf__class_weight': None, 'clf__gamma': 0.001}"": 0.7197865757003186, ""{'clf__C': 1.0, 'clf__class_weight': None, 'clf__gamma': 0.01}"": 0.6543566559522137, ""{'clf__C': 1.0, 'clf__class_weight': None, 'clf__gamma': 0.1}"": 0.3548905726836458, ""{'clf__C': 1.0, 'clf__class_weight': 'balanced', 'clf__gamma': 0.0001}"": 0.5725024377656681, ""{'clf__C': 1.0, 'clf__class_weight': 'balanced', 'clf__gamma': 0.001}"": 0.705303017067723, ""{'clf__C': 1.0, 'clf__class_weight': 'balanced', 'clf__gamma': 0.01}"": 0.6584169136282616, ""{'clf__C': 1.0, 'clf__class_weight': 'balanced', 'clf__gamma': 0.1}"": 0.3548905726836458, ""{'clf__C': 10.0, 'clf__class_weight': None, 'clf__gamma': 0.0001}"": 0.7225643914363964, ""{'clf__C': 10.0, 'clf__class_weight': None, 'clf__gamma': 0.001}"": 0.6748476286937826, ""{'clf__C': 10.0, 'clf__class_weight': None, 'clf__gamma': 0.01}"": 0.6522386872148046, ""{'clf__C': 10.0, 'clf__class_weight': None, 'clf__gamma': 0.1}"": 0.3537475025852635, ""{'clf__C': 10.0, 'clf__class_weight': 'balanced', 'clf__gamma': 0.0001}"": 0.7065220476481127, ""{'clf__C': 10.0, 'clf__class_weight': 'balanced', 'clf__gamma': 0.001}"": 0.6725504484851316, ""{'clf__C': 10.0, 'clf__class_weight': 'balanced', 'clf__gamma': 0.01}"": 0.6522386872148046, ""{'clf__C': 10.0, 'clf__class_weight': 'balanced', 'clf__gamma': 0.1}"": 0.3537475025852635, ""{'clf__C': 100.0, 'clf__class_weight': None, 'clf__gamma': 0.0001}"": 0.6755634223813903, ""{'clf__C': 100.0, 'clf__class_weight': None, 'clf__gamma': 0.001}"": 0.6938986413574529, ""{'clf__C': 100.0, 'clf__class_weight': None, 'clf__gamma': 0.01}"": 0.6522386872148046, ""{'clf__C': 100.0, 'clf__class_weight': None, 'clf__gamma': 0.1}"": 0.3537475025852635, ""{'clf__C': 100.0, 'clf__class_weight': 'balanced', 'clf__gamma': 0.0001}"": 0.6820733315561848, ""{'clf__C': 100.0, 'clf__class_weight': 'balanced', 'clf__gamma': 0.001}"": 0.6938986413574529, ""{'clf__C': 100.0, 'clf__class_weight': 'balanced', 'clf__gamma': 0.01}"": 0.6522386872148046, ""{'clf__C': 100.0, 'clf__class_weight': 'balanced', 'clf__gamma': 0.1}"": 0.3537475025852635}, ""best_score"": 0.7225643914363964}"
A_window_w8_s4,rbf_svm,arousal,1,0,"[19, 13, 24, 31, 7, 6, 35, 9, 20, 37, 10, 32, 14, 8, 12, 5, 36, 28, 39, 29, 22, 26, 33, 15, 1, 25, 11, 34, 18, 3, 38, 23]","[30, 2, 27, 17, 16, 21, 0, 4]","{""accuracy"": 0.6517857142857143, ""balanced_accuracy"": 0.6309523809523809, ""precision_macro"": 0.6297607010448264, ""precision_micro"": 0.6517857142857143, ""precision_weighted"": 0.6534799460734748, ""recall_macro"": 0.6309523809523809, ""recall_micro"": 0.6517857142857143, ""recall_weighted"": 0.6517857142857143, ""f1_macro"": 0.6303004655099449, ""f1_micro"": 0.6517857142857143, ""f1_weighted"": 0.6525814642403723, ""mcc"": 0.2607103584890338, ""kappa"": 0.26066350710900477, ""confusion_matrix"": [[23, 19], [20, 50]], ""tp"": 50, ""tn"": 23, ""fp"": 19, ""fn"": 20, ""tpr"": 0.7142857142857143, ""tnr"": 0.5476190476190477, ""fpr"": 0.4523809523809524, ""fnr"": 0.2857142857142857, ""ppv"": 0.7246376811594203, ""npv"": 0.5348837209302325, ""roc_auc"": 0.6755102040816326, ""pr_auc"": 0.816087933687665, ""log_loss"": 0.7228471434610257, ""brier"": 0.25366013831776935, ""trial_accuracy"": 0.75, ""trial_f1_macro"": 0.7333333333333334}","{""clf__C"": 10.0, ""clf__class_weight"": ""balanced"", ""clf__gamma"": 0.0001}","{""scores"": {""{'clf__C': 0.1, 'clf__class_weight': None, 'clf__gamma': 0.0001}"": 0.37254901960784315, ""{'clf__C': 0.1, 'clf__class_weight': None, 'clf__gamma': 0.001}"": 0.37254901960784315, ""{'clf__C': 0.1, 'clf__class_weight': None, 'clf__gamma': 0.01}"": 0.37254901960784315, ""{'clf__C': 0.1, 'clf__class_weight': None, 'clf__gamma': 0.1}"": 0.37254901960784315, ""{'clf__C': 0.1, 'clf__class_weight': 'balanced', 'clf__gamma': 0.0001}"": 0.31221719457013575, ""{'clf__C': 0.1, 'clf__class_weight': 'balanced', 'clf__gamma': 0.001}"": 0.4217559791328586, ""{'clf__C': 0.1, 'clf__class_weight': 'balanced', 'clf__gamma': 0.01}"": 0.4773276320557894, ""{'clf__C': 0.1, 'clf__class_weight': 'balanced', 'clf__gamma': 0.1}"": 0.31221719457013575, ""{'clf__C': 1.0, 'clf__class_weight': None, 'clf__gamma': 0.0001}"": 0.3691358220278865, ""{'clf__C': 1.0, 'clf__class_weight': None, 'clf__gamma': 0.001}"": 0.5668813182581748, ""{'clf__C': 1.0, 'clf__class_weight': None, 'clf__gamma': 0.01}"": 0.5658118671249686, ""{'clf__C': 1.0, 'clf__class_weight': None, 'clf__gamma': 0.1}"": 0.37254901960784315, ""{'clf__C': 1.0, 'clf__class_weight': 'balanced', 'clf__gamma': 0.0001}"": 0.4562367289369993, ""{'clf__C': 1.0, 'clf__class_weight': 'balanced', 'clf__gamma': 0.001}"": 0.6374485746445446, ""{'clf__C': 1.0, 'clf__class_weight': 'balanced', 'clf__gamma': 0.01}"": 0.568692807057674, ""{'clf__C': 1.0, 'clf__class_weight': 'balanced', 'clf__gamma': 0.1}"": 0.37254901960784315, ""{'clf__C': 10.0, 'clf__class_weight': None, 'clf__gamma': 0.0001}"": 0.5927706903795429, ""{'clf__C': 10.0, 'clf__class_weight': None, 'clf__gamma': 0.001}"": 0.5642657757425694, ""{'clf__C': 10.0, 'clf__class_weight': None, 'clf__gamma': 0.01}"": 0.5698654944826056, ""{'clf__C': 10.0, 'clf__class_weight': None, 'clf__gamma': 0.1}"": 0.37254901960784315, ""{'clf__C': 10.0, 'clf__class_weight': 'balanced', 'clf__gamma': 0.0001}"": 0.6626393086172019, ""{'clf__C': 10.0, 'clf__class_weight': 'balanced', 'clf__gamma': 0.001}"": 0.5852015633253677, ""{'clf__C': 10.0, 'clf__class_weight': 'balanced', 'clf__gamma': 0.01}"": 0.5698654944826056, ""{'clf__C': 10.0, 'clf__class_weight': 'balanced', 'clf__gamma': 0.1}"": 0.37254901960784315, ""{'clf__C': 100.0, 'clf__class_weight': None, 'clf__gamma': 0.0001}"": 0.5984519195043863, ""{'clf__C': 100.0, 'clf__class_weight': None, 'clf__gamma': 0.001}"": 0.5889837159475703, ""{'clf__C': 100.0, 'clf__class_weight': None, 'clf__gamma': 0.01}"": 0.5698654944826056, ""{'clf__C': 100.0, 'clf__class_weight': None, 'clf__gamma': 0.1}"": 0.37254901960784315, ""{'clf__C': 100.0, 'clf__class_weight': 'balanced', 'clf__gamma': 0.0001}"": 0.6169755181423336, ""{'clf__C': 100.0, 'clf__class_weight': 'balanced', 'clf__gamma': 0.001}"": 0.5889837159475703, ""{'clf__C': 100.0, 'clf__class_weight': 'balanced', 'clf__gamma': 0.01}"": 0.5698654944826056, ""{'clf__C': 100.0, 'clf__class_weight': 'balanced', 'clf__gamma': 0.1}"": 0.37254901960784315}, ""best_score"": 0.6626393086172019}"
A_window_w8_s4,rbf_svm,arousal,1,1,"[31, 15, 1, 24, 16, 9, 30, 0, 39, 11, 23, 5, 4, 28, 12, 13, 17, 6, 35, 18, 36, 14, 2, 19, 22, 37, 7, 33, 27, 10, 8, 38]","[21, 26, 29, 25, 34, 3, 32, 20]","{""accuracy"": 0.6517857142857143, ""balanced_accuracy"": 0.6595238095238095, ""precision_macro"": 0.6496012759170653, ""precision_micro"": 0.6517857142857143, ""precision_weighted"": 0.6801834130781499, ""recall_macro"": 0.6595238095238095, ""recall_micro"": 0.6517857142857143, ""recall_weighted"": 0.6517857142857143, ""f1_macro"": 0.6454257650783343, ""f1_micro"": 0.6517857142857143, ""f1_weighted"": 0.6572976702654436, ""mcc"": 0.30896579386018, ""kappa"": 0.3004484304932735, ""confusion_matrix"": [[29, 13], [26, 44]], ""tp"": 44, ""tn"": 29, ""fp"": 13, ""fn"": 26, ""tpr"": 0.6285714285714286, ""tnr"": 0.6904761904761905, ""fpr"": 0.30952380952380953, ""fnr"": 0.37142857142857144, ""ppv"": 0.7719298245614035, ""npv"": 0.5272727272727272, ""roc_auc"": 0.6534013605442177, ""pr_auc"": 0.776888698533512, ""log_loss"": 0.7961697241698259, ""brier"": 0.26637660313087175, ""trial_accuracy"": 0.625, ""trial_f1_macro"": 0.6190476190476191}","{""clf__C"": 1.0, ""clf__class_weight"": ""balanced"", ""clf__gamma"": 0.001}","{""scores"": {""{'clf__C': 0.1, 'clf__class_weight': None, 'clf__gamma': 0.0001}"": 0.37227668845315903, ""{'clf__C': 0.1, 'clf__class_weight': None, 'clf__gamma': 0.001}"": 0.37227668845315903, ""{'clf__C': 0.1, 'clf__class_weight': None, 'clf__gamma': 0.01}"": 0.37227668845315903, ""{'clf__C': 0.1, 'clf__class_weight': None, 'clf__gamma': 0.1}"": 0.37227668845315903, ""{'clf__C': 0.1, 'clf__class_weight': 'balanced', 'clf__gamma': 0.0001}"": 0.3017740429505135, ""{'clf__C': 0.1, 'clf__class_weight': 'balanced', 'clf__gamma': 0.001}"": 0.4137225208738899, ""{'clf__C': 0.1, 'clf__class_weight': 'balanced', 'clf__gamma': 0.01}"": 0.45750283848087053, ""{'clf__C': 0.1, 'clf__class_weight': 'balanced', 'clf__gamma': 0.1}"": 0.3017740429505135, ""{'clf__C': 1.0, 'clf__class_weight': None, 'clf__gamma': 0.0001}"": 0.4012889442018739, ""{'clf__C': 1.0, 'clf__class_weight': None, 'clf__gamma': 0.001}"": 0.5137493669541543, ""{'clf__C': 1.0, 'clf__class_weight': None, 'clf__gamma': 0.01}"": 0.5702855346747241, ""{'clf__C': 1.0, 'clf__class_weight': None, 'clf__gamma': 0.1}"": 0.37227668845315903, ""{'clf__C': 1.0, 'clf__class_weight': 'balanced', 'clf__gamma': 0.0001}"": 0.40468909368827705, ""{'clf__C': 1.0, 'clf__class_weight': 'balanced', 'clf__gamma': 0.001}"": 0.6398775584595744, ""{'clf__C': 1.0, 'clf__class_weight': 'balanced', 'clf__gamma': 0.01}"": 0.5888602611991832, ""{'clf__C': 1.0, 'clf__class_weight': 'balanced', 'clf__gamma': 0.1}"": 0.37227668845315903, ""{'clf__C': 10.0, 'clf__class_weight': None, 'clf__gamma': 0.0001}"": 0.566722340987796, ""{'clf__C': 10.0, 'clf__class_weight': None, 'clf__gamma': 0.001}"": 0.5683954540384515, ""{'clf__C': 10.0, 'clf__class_weight': None, 'clf__gamma': 0.01}"": 0.5573451954659815, ""{'clf__C': 10.0, 'clf__class_weight': None, 'clf__gamma': 0.1}"": 0.37227668845315903, ""{'clf__C': 10.0, 'clf__class_weight': 'balanced', 'clf__gamma': 0.0001}"": 0.6342244806370059, ""{'clf__C': 10.0, 'clf__class_weight': 'balanced', 'clf__gamma': 0.001}"": 0.5792943373198324, ""{'clf__C': 10.0, 'clf__class_weight': 'balanced', 'clf__gamma': 0.01}"": 0.5573451954659815, ""{'clf__C': 10.0, 'clf__class_weight': 'balanced', 'clf__gamma': 0.1}"": 0.37227668845315903, ""{'clf__C': 100.0, 'clf__class_weight': None, 'clf__gamma': 0.0001}"": 0.5815052646187496, ""{'clf__C': 100.0, 'clf__class_weight': None, 'clf__gamma': 0.001}"": 0.5740464024900852, ""{'clf__C': 100.0, 'clf__class_weight': None, 'clf__gamma': 0.01}"": 0.5573451954659815, ""{'clf__C': 100.0, 'clf__class_weight': None, 'clf__gamma': 0.1}"": 0.37227668845315903, ""{'clf__C': 100.0, 'clf__class_weight': 'balanced', 'clf__gamma': 0.0001}"": 0.5932698610351789, ""{'clf__C': 100.0, 'clf__class_weight': 'balanced', 'clf__gamma': 0.001}"": 0.5760140036803086, ""{'clf__C': 100.0, 'clf__class_weight': 'balanced', 'clf__gamma': 0.01}"": 0.5573451954659815, ""{'clf__C': 100.0, 'clf__class_weight': 'balanced', 'clf__gamma': 0.1}"": 0.37227668845315903}, ""best_score"": 0.6398775584595744}"
A_window_w8_s4,rbf_svm,arousal,2,0,"[36, 5, 11, 38, 19, 15, 27, 17, 31, 26, 16, 12, 8, 2, 9, 18, 10, 0, 33, 29, 14, 1, 24, 4, 21, 13, 6, 28, 30, 7, 34, 25]","[22, 23, 37, 39, 32, 3, 35, 20]","{""accuracy"": 0.6428571428571429, ""balanced_accuracy"": 0.6428571428571428, ""precision_macro"": 0.675, ""precision_micro"": 0.6428571428571429, ""precision_weighted"": 0.6749999999999999, ""recall_macro"": 0.6428571428571428, ""recall_micro"": 0.6428571428571429, ""recall_weighted"": 0.6428571428571429, ""f1_macro"": 0.625668449197861, ""f1_micro"": 0.6428571428571429, ""f1_weighted"": 0.625668449197861, ""mcc"": 0.31622776601683794, ""kappa"": 0.2857142857142857, ""confusion_matrix"": [[24, 32], [8, 48]], ""tp"": 48, ""tn"": 24, ""fp"": 32, ""fn"": 8, ""tpr"": 0.8571428571428571, ""tnr"": 0.42857142857142855, ""fpr"": 0.5714285714285714, ""fnr"": 0.14285714285714285, ""ppv"": 0.6, ""npv"": 0.75, ""roc_auc"": 0.7311862244897959, ""pr_auc"": 0.7253011299609717, ""log_loss"": 1.0386291929934346, ""brier"": 0.27807828597672746, ""trial_accuracy"": 0.75, ""trial_f1_macro"": 0.7333333333333334}","{""clf__C"": 100.0, ""clf__class_weight"": null, ""clf__gamma"": 0.001}","{""scores"": {""{'clf__C': 0.1, 'clf__class_weight': None, 'clf__gamma': 0.0001}"": 0.3017740429505135, ""{'clf__C': 0.1, 'clf__class_weight': None, 'clf__gamma': 0.001}"": 0.34660433173088373, ""{'clf__C': 0.1, 'clf__class_weight': None, 'clf__gamma': 0.01}"": 0.3607199269625001, ""{'clf__C': 0.1, 'clf__class_weight': None, 'clf__gamma': 0.1}"": 0.3017740429505135, ""{'clf__C': 0.1, 'clf__class_weight': 'balanced', 'clf__gamma': 0.0001}"": 0.3587962962962963, ""{'clf__C': 0.1, 'clf__class_weight': 'balanced', 'clf__gamma': 0.001}"": 0.4084995314156939, ""{'clf__C': 0.1, 'clf__class_weight': 'balanced', 'clf__gamma': 0.01}"": 0.40460817428549295, ""{'clf__C': 0.1, 'clf__class_weight': 'balanced', 'clf__gamma': 0.1}"": 0.3587962962962963, ""{'clf__C': 1.0, 'clf__class_weight': None, 'clf__gamma': 0.0001}"": 0.3641853904682441, ""{'clf__C': 1.0, 'clf__class_weight': None, 'clf__gamma': 0.001}"": 0.5059629480139015, ""{'clf__C': 1.0, 'clf__class_weight': None, 'clf__gamma': 0.01}"": 0.5302443889120764, ""{'clf__C': 1.0, 'clf__class_weight': None, 'clf__gamma': 0.1}"": 0.3017740429505135, ""{'clf__C': 1.0, 'clf__class_weight': 'balanced', 'clf__gamma': 0.0001}"": 0.5281002369571823, ""{'clf__C': 1.0, 'clf__class_weight': 'balanced', 'clf__gamma': 0.001}"": 0.5063743917417179, ""{'clf__C': 1.0, 'clf__class_weight': 'balanced', 'clf__gamma': 0.01}"": 0.523804915231737, ""{'clf__C': 1.0, 'clf__class_weight': 'balanced', 'clf__gamma': 0.1}"": 0.3017740429505135, ""{'clf__C': 10.0, 'clf__class_weight': None, 'clf__gamma': 0.0001}"": 0.5142207205072377, ""{'clf__C': 10.0, 'clf__class_weight': None, 'clf__gamma': 0.001}"": 0.5022690692536383, ""{'clf__C': 10.0, 'clf__class_weight': None, 'clf__gamma': 0.01}"": 0.5380673790616634, ""{'clf__C': 10.0, 'clf__class_weight': None, 'clf__gamma': 0.1}"": 0.3017740429505135, ""{'clf__C': 10.0, 'clf__class_weight': 'balanced', 'clf__gamma': 0.0001}"": 0.5225470744958441, ""{'clf__C': 10.0, 'clf__class_weight': 'balanced', 'clf__gamma': 0.001}"": 0.5044078534257653, ""{'clf__C': 10.0, 'clf__class_weight': 'balanced', 'clf__gamma': 0.01}"": 0.5380673790616634, ""{'clf__C': 10.0, 'clf__class_weight': 'balanced', 'clf__gamma': 0.1}"": 0.3017740429505135, ""{'clf__C': 100.0, 'clf__class_weight': None, 'clf__gamma': 0.0001}"": 0.5011302455090811, ""{'clf__C': 100.0, 'clf__class_weight': None, 'clf__gamma': 0.001}"": 0.5405617501844883, ""{'clf__C': 100.0, 'clf__class_weight': None, 'clf__gamma': 0.01}"": 0.5380673790616634, ""{'clf__C': 100.0, 'clf__class_weight': None, 'clf__gamma': 0.1}"": 0.3017740429505135, ""{'clf__C': 100.0, 'clf__class_weight': 'balanced', 'clf__gamma': 0.0001}"": 0.4926447038811957, ""{'clf__C': 100.0, 'clf__class_weight': 'balanced', 'clf__gamma': 0.001}"": 0.5405617501844883, ""{'clf__C': 100.0, 'clf__class_weight': 'balanced', 'clf__gamma': 0.01}"": 0.5380673790616634, ""{'clf__C': 100.0, 'clf__class_weight': 'balanced', 'clf__gamma': 0.1}"": 0.3017740429505135}, ""best_score"": 0.5405617501844883}"
A_window_w8_s4,rbf_svm,arousal,2,1,"[7, 25, 26, 27, 14, 16, 5, 23, 3, 0, 30, 37, 39, 38, 22, 15, 19, 31, 18, 34, 13, 36, 21, 6, 20, 10, 33, 4, 32, 8, 17, 24]","[9, 35, 11, 2, 12, 1, 29, 28]","{""accuracy"": 0.7142857142857143, ""balanced_accuracy"": 0.6952380952380952, ""precision_macro"": 0.6952380952380952, ""precision_micro"": 0.7142857142857143, ""precision_weighted"": 0.7142857142857143, ""recall_macro"": 0.6952380952380952, ""recall_micro"": 0.7142857142857143, ""recall_weighted"": 0.7142857142857143, ""f1_macro"": 0.6952380952380952, ""f1_micro"": 0.7142857142857143, ""f1_weighted"": 0.7142857142857143, ""mcc"": 0.3904761904761905, ""kappa"": 0.3904761904761904, ""confusion_matrix"": [[26, 16], [16, 54]], ""tp"": 54, ""tn"": 26, ""fp"": 16, ""fn"": 16, ""tpr"": 0.7714285714285715, ""tnr"": 0.6190476190476191, ""fpr"": 0.38095238095238093, ""fnr"": 0.22857142857142856, ""ppv"": 0.7714285714285715, ""npv"": 0.6190476190476191, ""roc_auc"": 0.8051020408163264, ""pr_auc"": 0.8878354750644235, ""log_loss"": 0.7115022623474024, ""brier"": 0.21944962674049792, ""trial_accuracy"": 0.75, ""trial_f1_macro"": 0.7333333333333334}","{""clf__C"": 10.0, ""clf__class_weight"": null, ""clf__gamma"": 0.01}","{""scores"": {""{'clf__C': 0.1, 'clf__class_weight': None, 'clf__gamma': 0.0001}"": 0.30357142857142855, ""{'clf__C': 0.1, 'clf__class_weight': None, 'clf__gamma': 0.001}"": 0.30357142857142855, ""{'clf__C': 0.1, 'clf__class_weight': None, 'clf__gamma': 0.01}"": 0.30357142857142855, ""{'clf__C': 0.1, 'clf__class_weight': None, 'clf__gamma': 0.1}"": 0.30357142857142855, ""{'clf__C': 0.1, 'clf__class_weight': 'balanced', 'clf__gamma': 0.0001}"": 0.3602941176470589, ""{'clf__C': 0.1, 'clf__class_weight': 'balanced', 'clf__gamma': 0.001}"": 0.412905327125276, ""{'clf__C': 0.1, 'clf__class_weight': 'balanced', 'clf__gamma': 0.01}"": 0.469724335988301, ""{'clf__C': 0.1, 'clf__class_weight': 'balanced', 'clf__gamma': 0.1}"": 0.3602941176470589, ""{'clf__C': 1.0, 'clf__class_weight': None, 'clf__gamma': 0.0001}"": 0.33257266926621765, ""{'clf__C': 1.0, 'clf__class_weight': None, 'clf__gamma': 0.001}"": 0.5860875162040182, ""{'clf__C': 1.0, 'clf__class_weight': None, 'clf__gamma': 0.01}"": 0.6025926202857429, ""{'clf__C': 1.0, 'clf__class_weight': None, 'clf__gamma': 0.1}"": 0.30357142857142855, ""{'clf__C': 1.0, 'clf__class_weight': 'balanced', 'clf__gamma': 0.0001}"": 0.48504802042760725, ""{'clf__C': 1.0, 'clf__class_weight': 'balanced', 'clf__gamma': 0.001}"": 0.5936984115145948, ""{'clf__C': 1.0, 'clf__class_weight': 'balanced', 'clf__gamma': 0.01}"": 0.6024895302719971, ""{'clf__C': 1.0, 'clf__class_weight': 'balanced', 'clf__gamma': 0.1}"": 0.30357142857142855, ""{'clf__C': 10.0, 'clf__class_weight': None, 'clf__gamma': 0.0001}"": 0.5679708684762403, ""{'clf__C': 10.0, 'clf__class_weight': None, 'clf__gamma': 0.001}"": 0.5907518358411958, ""{'clf__C': 10.0, 'clf__class_weight': None, 'clf__gamma': 0.01}"": 0.6130415699907008, ""{'clf__C': 10.0, 'clf__class_weight': None, 'clf__gamma': 0.1}"": 0.30357142857142855, ""{'clf__C': 10.0, 'clf__class_weight': 'balanced', 'clf__gamma': 0.0001}"": 0.5861458607947372, ""{'clf__C': 10.0, 'clf__class_weight': 'balanced', 'clf__gamma': 0.001}"": 0.5919860359129828, ""{'clf__C': 10.0, 'clf__class_weight': 'balanced', 'clf__gamma': 0.01}"": 0.6130415699907008, ""{'clf__C': 10.0, 'clf__class_weight': 'balanced', 'clf__gamma': 0.1}"": 0.30357142857142855, ""{'clf__C': 100.0, 'clf__class_weight': None, 'clf__gamma': 0.0001}"": 0.5703076746921998, ""{'clf__C': 100.0, 'clf__class_weight': None, 'clf__gamma': 0.001}"": 0.5910828818564425, ""{'clf__C': 100.0, 'clf__class_weight': None, 'clf__gamma': 0.01}"": 0.6130415699907008, ""{'clf__C': 100.0, 'clf__class_weight': None, 'clf__gamma': 0.1}"": 0.30357142857142855, ""{'clf__C': 100.0, 'clf__class_weight': 'balanced', 'clf__gamma': 0.0001}"": 0.5714492515920963, ""{'clf__C': 100.0, 'clf__class_weight': 'balanced', 'clf__gamma': 0.001}"": 0.5932518563214321, ""{'clf__C': 100.0, 'clf__class_weight': 'balanced', 'clf__gamma': 0.01}"": 0.6130415699907008, ""{'clf__C': 100.0, 'clf__class_weight': 'balanced', 'clf__gamma': 0.1}"": 0.30357142857142855}, ""best_score"": 0.6130415699907008}"
A_window_w8_s4,rbf_svm,arousal,3,0,"[5, 13, 7, 0, 37, 20, 9, 19, 35, 39, 18, 16, 10, 28, 36, 24, 33, 6, 17, 27, 2, 12, 29, 26, 38, 23, 8, 22, 25, 34, 14, 1]","[15, 4, 21, 31, 32, 3, 30, 11]","{""accuracy"": 0.5625, ""balanced_accuracy"": 0.4928571428571429, ""precision_macro"": 0.4903448275862069, ""precision_micro"": 0.5625, ""precision_weighted"": 0.5229310344827586, ""recall_macro"": 0.4928571428571429, ""recall_micro"": 0.5625, ""recall_weighted"": 0.5625, ""f1_macro"": 0.47827740279494246, ""f1_micro"": 0.5625, ""f1_weighted"": 0.5306825743892005, ""mcc"": -0.016609095970747993, ""kappa"": -0.015544041450777257, ""confusion_matrix"": [[9, 33], [16, 54]], ""tp"": 54, ""tn"": 9, ""fp"": 33, ""fn"": 16, ""tpr"": 0.7714285714285715, ""tnr"": 0.21428571428571427, ""fpr"": 0.7857142857142857, ""fnr"": 0.22857142857142856, ""ppv"": 0.6206896551724138, ""npv"": 0.36, ""roc_auc"": 0.5806122448979592, ""pr_auc"": 0.7180504722520186, ""log_loss"": 0.7085462629796767, ""brier"": 0.2549843988008062, ""trial_accuracy"": 0.5, ""trial_f1_macro"": 0.3333333333333333}","{""clf__C"": 0.1, ""clf__class_weight"": ""balanced"", ""clf__gamma"": 0.01}","{""scores"": {""{'clf__C': 0.1, 'clf__class_weight': None, 'clf__gamma': 0.0001}"": 0.2853174603174603, ""{'clf__C': 0.1, 'clf__class_weight': None, 'clf__gamma': 0.001}"": 0.2834405834405834, ""{'clf__C': 0.1, 'clf__class_weight': None, 'clf__gamma': 0.01}"": 0.28648891143712096, ""{'clf__C': 0.1, 'clf__class_weight': None, 'clf__gamma': 0.1}"": 0.2853174603174603, ""{'clf__C': 0.1, 'clf__class_weight': 'balanced', 'clf__gamma': 0.0001}"": 0.4101921470342522, ""{'clf__C': 0.1, 'clf__class_weight': 'balanced', 'clf__gamma': 0.001}"": 0.5443750307309382, ""{'clf__C': 0.1, 'clf__class_weight': 'balanced', 'clf__gamma': 0.01}"": 0.6555775712980939, ""{'clf__C': 0.1, 'clf__class_weight': 'balanced', 'clf__gamma': 0.1}"": 0.32447786131996653, ""{'clf__C': 1.0, 'clf__class_weight': None, 'clf__gamma': 0.0001}"": 0.32610436584623853, ""{'clf__C': 1.0, 'clf__class_weight': None, 'clf__gamma': 0.001}"": 0.5856400359186736, ""{'clf__C': 1.0, 'clf__class_weight': None, 'clf__gamma': 0.01}"": 0.5418906309140251, ""{'clf__C': 1.0, 'clf__class_weight': None, 'clf__gamma': 0.1}"": 0.2853174603174603, ""{'clf__C': 1.0, 'clf__class_weight': 'balanced', 'clf__gamma': 0.0001}"": 0.637403711364962, ""{'clf__C': 1.0, 'clf__class_weight': 'balanced', 'clf__gamma': 0.001}"": 0.6281472983878681, ""{'clf__C': 1.0, 'clf__class_weight': 'balanced', 'clf__gamma': 0.01}"": 0.5578600335446776, ""{'clf__C': 1.0, 'clf__class_weight': 'balanced', 'clf__gamma': 0.1}"": 0.2853174603174603, ""{'clf__C': 10.0, 'clf__class_weight': None, 'clf__gamma': 0.0001}"": 0.5939508745694146, ""{'clf__C': 10.0, 'clf__class_weight': None, 'clf__gamma': 0.001}"": 0.5487702681016712, ""{'clf__C': 10.0, 'clf__class_weight': None, 'clf__gamma': 0.01}"": 0.5111771427304027, ""{'clf__C': 10.0, 'clf__class_weight': None, 'clf__gamma': 0.1}"": 0.2853174603174603, ""{'clf__C': 10.0, 'clf__class_weight': 'balanced', 'clf__gamma': 0.0001}"": 0.6359357400760639, ""{'clf__C': 10.0, 'clf__class_weight': 'balanced', 'clf__gamma': 0.001}"": 0.5458076364226947, ""{'clf__C': 10.0, 'clf__class_weight': 'balanced', 'clf__gamma': 0.01}"": 0.5111771427304027, ""{'clf__C': 10.0, 'clf__class_weight': 'balanced', 'clf__gamma': 0.1}"": 0.2853174603174603, ""{'clf__C': 100.0, 'clf__class_weight': None, 'clf__gamma': 0.0001}"": 0.5476515008349361, ""{'clf__C': 100.0, 'clf__class_weight': None, 'clf__gamma': 0.001}"": 0.5304371621317059, ""{'clf__C': 100.0, 'clf__class_weight': None, 'clf__gamma': 0.01}"": 0.5111771427304027, ""{'clf__C': 100.0, 'clf__class_weight': None, 'clf__gamma': 0.1}"": 0.2853174603174603, ""{'clf__C': 100.0, 'clf__class_weight': 'balanced', 'clf__gamma': 0.0001}"": 0.5467974221216269, ""{'clf__C': 100.0, 'clf__class_weight': 'balanced', 'clf__gamma': 0.001}"": 0.5282479212502648, ""{'clf__C': 100.0, 'clf__class_weight': 'balanced', 'clf__gamma': 0.01}"": 0.5111771427304027, ""{'clf__C': 100.0, 'clf__class_weight': 'balanced', 'clf__gamma': 0.1}"": 0.2853174603174603}, ""best_score"": 0.6555775712980939}"
A_window_w8_s4,rbf_svm,arousal,3,1,"[29, 21, 10, 25, 39, 1, 4, 20, 14, 2, 19, 28, 17, 12, 7, 3, 15, 5, 36, 30, 8, 23, 6, 35, 33, 32, 9, 18, 26, 38, 37, 0]","[27, 22, 34, 31, 24, 16, 11, 13]","{""accuracy"": 0.5625, ""balanced_accuracy"": 0.5535714285714286, ""precision_macro"": 0.5405014464802315, ""precision_micro"": 0.5625, ""precision_weighted"": 0.6636933461909355, ""recall_macro"": 0.5535714285714286, ""recall_micro"": 0.5625, ""recall_weighted"": 0.5625, ""f1_macro"": 0.5209079004801397, ""f1_micro"": 0.5625, ""f1_weighted"": 0.5914884329986905, ""mcc"": 0.09316051410668054, ""kappa"": 0.08411214953271029, ""confusion_matrix"": [[48, 36], [13, 15]], ""tp"": 15, ""tn"": 48, ""fp"": 36, ""fn"": 13, ""tpr"": 0.5357142857142857, ""tnr"": 0.5714285714285714, ""fpr"": 0.42857142857142855, ""fnr"": 0.4642857142857143, ""ppv"": 0.29411764705882354, ""npv"": 0.7868852459016393, ""roc_auc"": 0.5990646258503401, ""pr_auc"": 0.33556460276156835, ""log_loss"": 0.7191318645700957, ""brier"": 0.25720758934246907, ""trial_accuracy"": 0.75, ""trial_f1_macro"": 0.6666666666666667}","{""clf__C"": 1.0, ""clf__class_weight"": null, ""clf__gamma"": 0.001}","{""scores"": {""{'clf__C': 0.1, 'clf__class_weight': None, 'clf__gamma': 0.0001}"": 0.4353609625668449, ""{'clf__C': 0.1, 'clf__class_weight': None, 'clf__gamma': 0.001}"": 0.4374726485368545, ""{'clf__C': 0.1, 'clf__class_weight': None, 'clf__gamma': 0.01}"": 0.42149059998531246, ""{'clf__C': 0.1, 'clf__class_weight': None, 'clf__gamma': 0.1}"": 0.29873680241327305, ""{'clf__C': 0.1, 'clf__class_weight': 'balanced', 'clf__gamma': 0.0001}"": 0.42188057040998217, ""{'clf__C': 0.1, 'clf__class_weight': 'balanced', 'clf__gamma': 0.001}"": 0.5658454967225369, ""{'clf__C': 0.1, 'clf__class_weight': 'balanced', 'clf__gamma': 0.01}"": 0.5745760299844358, ""{'clf__C': 0.1, 'clf__class_weight': 'balanced', 'clf__gamma': 0.1}"": 0.2852564102564103, ""{'clf__C': 1.0, 'clf__class_weight': None, 'clf__gamma': 0.0001}"": 0.43325001384956136, ""{'clf__C': 1.0, 'clf__class_weight': None, 'clf__gamma': 0.001}"": 0.6135002751531204, ""{'clf__C': 1.0, 'clf__class_weight': None, 'clf__gamma': 0.01}"": 0.5385371925987689, ""{'clf__C': 1.0, 'clf__class_weight': None, 'clf__gamma': 0.1}"": 0.30252879515554204, ""{'clf__C': 1.0, 'clf__class_weight': 'balanced', 'clf__gamma': 0.0001}"": 0.5766309632814735, ""{'clf__C': 1.0, 'clf__class_weight': 'balanced', 'clf__gamma': 0.001}"": 0.5873276241784268, ""{'clf__C': 1.0, 'clf__class_weight': 'balanced', 'clf__gamma': 0.01}"": 0.545195810426593, ""{'clf__C': 1.0, 'clf__class_weight': 'balanced', 'clf__gamma': 0.1}"": 0.30252879515554204, ""{'clf__C': 10.0, 'clf__class_weight': None, 'clf__gamma': 0.0001}"": 0.6116646780100398, ""{'clf__C': 10.0, 'clf__class_weight': None, 'clf__gamma': 0.001}"": 0.5485302201168681, ""{'clf__C': 10.0, 'clf__class_weight': None, 'clf__gamma': 0.01}"": 0.5445009982789837, ""{'clf__C': 10.0, 'clf__class_weight': None, 'clf__gamma': 0.1}"": 0.30252879515554204, ""{'clf__C': 10.0, 'clf__class_weight': 'balanced', 'clf__gamma': 0.0001}"": 0.5870584815253511, ""{'clf__C': 10.0, 'clf__class_weight': 'balanced', 'clf__gamma': 0.001}"": 0.5500483138870405, ""{'clf__C': 10.0, 'clf__class_weight': 'balanced', 'clf__gamma': 0.01}"": 0.5445009982789837, ""{'clf__C': 10.0, 'clf__class_weight': 'balanced', 'clf__gamma': 0.1}"": 0.30252879515554204, ""{'clf__C': 100.0, 'clf__class_weight': None, 'clf__gamma': 0.0001}"": 0.5606893487900354, ""{'clf__C': 100.0, 'clf__class_weight': None, 'clf__gamma': 0.001}"": 0.5339079405332297, ""{'clf__C': 100.0, 'clf__class_weight': None, 'clf__gamma': 0.01}"": 0.5445009982789837, ""{'clf__C': 100.0, 'clf__class_weight': None, 'clf__gamma': 0.1}"": 0.30252879515554204, ""{'clf__C': 100.0, 'clf__class_weight': 'balanced', 'clf__gamma': 0.0001}"": 0.5552337555947296, ""{'clf__C': 100.0, 'clf__class_weight': 'balanced', 'clf__gamma': 0.001}"": 0.5339079405332297, ""{'clf__C': 100.0, 'clf__class_weight': 'balanced', 'clf__gamma': 0.01}"": 0.5445009982789837, ""{'clf__C': 100.0, 'clf__class_weight': 'balanced', 'clf__gamma': 0.1}"": 0.30252879515554204}, ""best_score"": 0.6135002751531204}"
A_window_w8_s4,rbf_svm,arousal,4,0,"[3, 38, 6, 4, 17, 10, 9, 39, 7, 30, 26, 13, 14, 1, 12, 20, 21, 35, 36, 24, 33, 31, 28, 37, 25, 34, 15, 32, 22, 23, 0, 8]","[2, 16, 27, 29, 11, 18, 19, 5]","{""accuracy"": 0.4642857142857143, ""balanced_accuracy"": 0.44047619047619047, ""precision_macro"": 0.4553001277139208, ""precision_micro"": 0.4642857142857143, ""precision_weighted"": 0.5810983397190295, ""recall_macro"": 0.44047619047619047, ""recall_micro"": 0.4642857142857143, ""recall_weighted"": 0.4642857142857143, ""f1_macro"": 0.42287873582961183, ""f1_micro"": 0.4642857142857143, ""f1_weighted"": 0.5001717622810031, ""mcc"": -0.10316407676502881, ""kappa"": -0.09090909090909083, ""confusion_matrix"": [[11, 17], [43, 41]], ""tp"": 41, ""tn"": 11, ""fp"": 17, ""fn"": 43, ""tpr"": 0.4880952380952381, ""tnr"": 0.39285714285714285, ""fpr"": 0.6071428571428571, ""fnr"": 0.5119047619047619, ""ppv"": 0.7068965517241379, ""npv"": 0.2037037037037037, ""roc_auc"": 0.45833333333333337, ""pr_auc"": 0.7214023535779948, ""log_loss"": 0.7862786282001901, ""brier"": 0.2889141104711408, ""trial_accuracy"": 0.25, ""trial_f1_macro"": 0.2}","{""clf__C"": 100.0, ""clf__class_weight"": ""balanced"", ""clf__gamma"": 0.0001}","{""scores"": {""{'clf__C': 0.1, 'clf__class_weight': None, 'clf__gamma': 0.0001}"": 0.252518315018315, ""{'clf__C': 0.1, 'clf__class_weight': None, 'clf__gamma': 0.001}"": 0.252518315018315, ""{'clf__C': 0.1, 'clf__class_weight': None, 'clf__gamma': 0.01}"": 0.252518315018315, ""{'clf__C': 0.1, 'clf__class_weight': None, 'clf__gamma': 0.1}"": 0.252518315018315, ""{'clf__C': 0.1, 'clf__class_weight': 'balanced', 'clf__gamma': 0.0001}"": 0.32633053221288516, ""{'clf__C': 0.1, 'clf__class_weight': 'balanced', 'clf__gamma': 0.001}"": 0.32633053221288516, ""{'clf__C': 0.1, 'clf__class_weight': 'balanced', 'clf__gamma': 0.01}"": 0.3255031970594145, ""{'clf__C': 0.1, 'clf__class_weight': 'balanced', 'clf__gamma': 0.1}"": 0.32633053221288516, ""{'clf__C': 1.0, 'clf__class_weight': None, 'clf__gamma': 0.0001}"": 0.252518315018315, ""{'clf__C': 1.0, 'clf__class_weight': None, 'clf__gamma': 0.001}"": 0.3488841173671064, ""{'clf__C': 1.0, 'clf__class_weight': None, 'clf__gamma': 0.01}"": 0.44868573368675796, ""{'clf__C': 1.0, 'clf__class_weight': None, 'clf__gamma': 0.1}"": 0.252518315018315, ""{'clf__C': 1.0, 'clf__class_weight': 'balanced', 'clf__gamma': 0.0001}"": 0.35992221212809444, ""{'clf__C': 1.0, 'clf__class_weight': 'balanced', 'clf__gamma': 0.001}"": 0.5254887787669934, ""{'clf__C': 1.0, 'clf__class_weight': 'balanced', 'clf__gamma': 0.01}"": 0.49841776320239756, ""{'clf__C': 1.0, 'clf__class_weight': 'balanced', 'clf__gamma': 0.1}"": 0.252518315018315, ""{'clf__C': 10.0, 'clf__class_weight': None, 'clf__gamma': 0.0001}"": 0.34367522755530566, ""{'clf__C': 10.0, 'clf__class_weight': None, 'clf__gamma': 0.001}"": 0.47820521361827156, ""{'clf__C': 10.0, 'clf__class_weight': None, 'clf__gamma': 0.01}"": 0.4702036768882716, ""{'clf__C': 10.0, 'clf__class_weight': None, 'clf__gamma': 0.1}"": 0.252518315018315, ""{'clf__C': 10.0, 'clf__class_weight': 'balanced', 'clf__gamma': 0.0001}"": 0.5009741448226309, ""{'clf__C': 10.0, 'clf__class_weight': 'balanced', 'clf__gamma': 0.001}"": 0.5334247635082998, ""{'clf__C': 10.0, 'clf__class_weight': 'balanced', 'clf__gamma': 0.01}"": 0.4702036768882716, ""{'clf__C': 10.0, 'clf__class_weight': 'balanced', 'clf__gamma': 0.1}"": 0.252518315018315, ""{'clf__C': 100.0, 'clf__class_weight': None, 'clf__gamma': 0.0001}"": 0.4698115796077369, ""{'clf__C': 100.0, 'clf__class_weight': None, 'clf__gamma': 0.001}"": 0.49595517486864643, ""{'clf__C': 100.0, 'clf__class_weight': None, 'clf__gamma': 0.01}"": 0.4702036768882716, ""{'clf__C': 100.0, 'clf__class_weight': None, 'clf__gamma': 0.1}"": 0.252518315018315, ""{'clf__C': 100.0, 'clf__class_weight': 'balanced', 'clf__gamma': 0.0001}"": 0.5402346170400957, ""{'clf__C': 100.0, 'clf__class_weight': 'balanced', 'clf__gamma': 0.001}"": 0.48889166284810565, ""{'clf__C': 100.0, 'clf__class_weight': 'balanced', 'clf__gamma': 0.01}"": 0.4702036768882716, ""{'clf__C': 100.0, 'clf__class_weight': 'balanced', 'clf__gamma': 0.1}"": 0.252518315018315}, ""best_score"": 0.5402346170400957}"
A_window_w8_s4,rbf_svm,arousal,4,1,"[1, 32, 37, 8, 23, 13, 10, 19, 11, 24, 28, 35, 34, 38, 21, 2, 27, 17, 20, 6, 25, 5, 14, 33, 4, 3, 31, 36, 15, 9, 29, 26]","[7, 18, 0, 39, 16, 12, 30, 22]","{""accuracy"": 0.5178571428571429, ""balanced_accuracy"": 0.5285714285714286, ""precision_macro"": 0.5269230769230769, ""precision_micro"": 0.5178571428571429, ""precision_weighted"": 0.5586538461538462, ""recall_macro"": 0.5285714285714286, ""recall_micro"": 0.5178571428571429, ""recall_weighted"": 0.5178571428571429, ""f1_macro"": 0.5139826422372227, ""f1_micro"": 0.5178571428571429, ""f1_weighted"": 0.5248312439729991, ""mcc"": 0.05547001962252291, ""kappa"": 0.052631578947368474, ""confusion_matrix"": [[24, 18], [36, 34]], ""tp"": 34, ""tn"": 24, ""fp"": 18, ""fn"": 36, ""tpr"": 0.4857142857142857, ""tnr"": 0.5714285714285714, ""fpr"": 0.42857142857142855, ""fnr"": 0.5142857142857142, ""ppv"": 0.6538461538461539, ""npv"": 0.4, ""roc_auc"": 0.5687074829931973, ""pr_auc"": 0.6650848194789946, ""log_loss"": 0.8380547291052037, ""brier"": 0.3051652737704601, ""trial_accuracy"": 0.5, ""trial_f1_macro"": 0.5}","{""clf__C"": 10.0, ""clf__class_weight"": ""balanced"", ""clf__gamma"": 0.001}","{""scores"": {""{'clf__C': 0.1, 'clf__class_weight': None, 'clf__gamma': 0.0001}"": 0.369109047127623, ""{'clf__C': 0.1, 'clf__class_weight': None, 'clf__gamma': 0.001}"": 0.369109047127623, ""{'clf__C': 0.1, 'clf__class_weight': None, 'clf__gamma': 0.01}"": 0.369109047127623, ""{'clf__C': 0.1, 'clf__class_weight': None, 'clf__gamma': 0.1}"": 0.369109047127623, ""{'clf__C': 0.1, 'clf__class_weight': 'balanced', 'clf__gamma': 0.0001}"": 0.30018674136321194, ""{'clf__C': 0.1, 'clf__class_weight': 'balanced', 'clf__gamma': 0.001}"": 0.30018674136321194, ""{'clf__C': 0.1, 'clf__class_weight': 'balanced', 'clf__gamma': 0.01}"": 0.30018674136321194, ""{'clf__C': 0.1, 'clf__class_weight': 'balanced', 'clf__gamma': 0.1}"": 0.30018674136321194, ""{'clf__C': 1.0, 'clf__class_weight': None, 'clf__gamma': 0.0001}"": 0.369109047127623, ""{'clf__C': 1.0, 'clf__class_weight': None, 'clf__gamma': 0.001}"": 0.3828660940960406, ""{'clf__C': 1.0, 'clf__class_weight': None, 'clf__gamma': 0.01}"": 0.4677349242461471, ""{'clf__C': 1.0, 'clf__class_weight': None, 'clf__gamma': 0.1}"": 0.369109047127623, ""{'clf__C': 1.0, 'clf__class_weight': 'balanced', 'clf__gamma': 0.0001}"": 0.3950073787699278, ""{'clf__C': 1.0, 'clf__class_weight': 'balanced', 'clf__gamma': 0.001}"": 0.4728320141768699, ""{'clf__C': 1.0, 'clf__class_weight': 'balanced', 'clf__gamma': 0.01}"": 0.5069559199832514, ""{'clf__C': 1.0, 'clf__class_weight': 'balanced', 'clf__gamma': 0.1}"": 0.369109047127623, ""{'clf__C': 10.0, 'clf__class_weight': None, 'clf__gamma': 0.0001}"": 0.38125094019624023, ""{'clf__C': 10.0, 'clf__class_weight': None, 'clf__gamma': 0.001}"": 0.504866231513264, ""{'clf__C': 10.0, 'clf__class_weight': None, 'clf__gamma': 0.01}"": 0.4987153254976564, ""{'clf__C': 10.0, 'clf__class_weight': None, 'clf__gamma': 0.1}"": 0.369109047127623, ""{'clf__C': 10.0, 'clf__class_weight': 'balanced', 'clf__gamma': 0.0001}"": 0.46482559736476153, ""{'clf__C': 10.0, 'clf__class_weight': 'balanced', 'clf__gamma': 0.001}"": 0.5149880061476528, ""{'clf__C': 10.0, 'clf__class_weight': 'balanced', 'clf__gamma': 0.01}"": 0.4987153254976564, ""{'clf__C': 10.0, 'clf__class_weight': 'balanced', 'clf__gamma': 0.1}"": 0.369109047127623, ""{'clf__C': 100.0, 'clf__class_weight': None, 'clf__gamma': 0.0001}"": 0.5102630538102254, ""{'clf__C': 100.0, 'clf__class_weight': None, 'clf__gamma': 0.001}"": 0.5122214774621191, ""{'clf__C': 100.0, 'clf__class_weight': None, 'clf__gamma': 0.01}"": 0.4987153254976564, ""{'clf__C': 100.0, 'clf__class_weight': None, 'clf__gamma': 0.1}"": 0.369109047127623, ""{'clf__C': 100.0, 'clf__class_weight': 'balanced', 'clf__gamma': 0.0001}"": 0.5009710336861471, ""{'clf__C': 100.0, 'clf__class_weight': 'balanced', 'clf__gamma': 0.001}"": 0.5106310482535821, ""{'clf__C': 100.0, 'clf__class_weight': 'balanced', 'clf__gamma': 0.01}"": 0.4987153254976564, ""{'clf__C': 100.0, 'clf__class_weight': 'balanced', 'clf__gamma': 0.1}"": 0.369109047127623}, ""best_score"": 0.5149880061476528}"
A_window_w8_s4,rbf_svm,arousal,5,0,"[14, 30, 21, 24, 38, 10, 5, 15, 3, 4, 28, 29, 0, 2, 12, 19, 32, 27, 22, 25, 9, 35, 20, 1, 11, 26, 18, 33, 17, 13, 31, 37]","[34, 23, 16, 36, 8, 39, 6, 7]","{""accuracy"": 0.41964285714285715, ""balanced_accuracy"": 0.4357142857142857, ""precision_macro"": 0.43813420621931265, ""precision_micro"": 0.41964285714285715, ""precision_weighted"": 0.46689852700491, ""recall_macro"": 0.4357142857142857, ""recall_micro"": 0.41964285714285715, ""recall_weighted"": 0.41964285714285715, ""f1_macro"": 0.4184839044652129, ""f1_micro"": 0.41964285714285715, ""f1_weighted"": 0.42497403946002077, ""mcc"": -0.12612829568410397, ""kappa"": -0.11587982832618016, ""confusion_matrix"": [[21, 21], [44, 26]], ""tp"": 26, ""tn"": 21, ""fp"": 21, ""fn"": 44, ""tpr"": 0.37142857142857144, ""tnr"": 0.5, ""fpr"": 0.5, ""fnr"": 0.6285714285714286, ""ppv"": 0.5531914893617021, ""npv"": 0.3230769230769231, ""roc_auc"": 0.38231292517006804, ""pr_auc"": 0.5384888980052104, ""log_loss"": 1.0028204830418728, ""brier"": 0.37657952393404026, ""trial_accuracy"": 0.25, ""trial_f1_macro"": 0.25}","{""clf__C"": 0.1, ""clf__class_weight"": ""balanced"", ""clf__gamma"": 0.001}","{""scores"": {""{'clf__C': 0.1, 'clf__class_weight': None, 'clf__gamma': 0.0001}"": 0.39498050682261204, ""{'clf__C': 0.1, 'clf__class_weight': None, 'clf__gamma': 0.001}"": 0.39498050682261204, ""{'clf__C': 0.1, 'clf__class_weight': None, 'clf__gamma': 0.01}"": 0.39498050682261204, ""{'clf__C': 0.1, 'clf__class_weight': None, 'clf__gamma': 0.1}"": 0.39498050682261204, ""{'clf__C': 0.1, 'clf__class_weight': 'balanced', 'clf__gamma': 0.0001}"": 0.4309361641138128, ""{'clf__C': 0.1, 'clf__class_weight': 'balanced', 'clf__gamma': 0.001}"": 0.6180295048952982, ""{'clf__C': 0.1, 'clf__class_weight': 'balanced', 'clf__gamma': 0.01}"": 0.600470687625843, ""{'clf__C': 0.1, 'clf__class_weight': 'balanced', 'clf__gamma': 0.1}"": 0.39498050682261204, ""{'clf__C': 1.0, 'clf__class_weight': None, 'clf__gamma': 0.0001}"": 0.39498050682261204, ""{'clf__C': 1.0, 'clf__class_weight': None, 'clf__gamma': 0.001}"": 0.47025413831426915, ""{'clf__C': 1.0, 'clf__class_weight': None, 'clf__gamma': 0.01}"": 0.4662963894477979, ""{'clf__C': 1.0, 'clf__class_weight': None, 'clf__gamma': 0.1}"": 0.39498050682261204, ""{'clf__C': 1.0, 'clf__class_weight': 'balanced', 'clf__gamma': 0.0001}"": 0.6078104188377154, ""{'clf__C': 1.0, 'clf__class_weight': 'balanced', 'clf__gamma': 0.001}"": 0.6008028928548996, ""{'clf__C': 1.0, 'clf__class_weight': 'balanced', 'clf__gamma': 0.01}"": 0.50022524634246, ""{'clf__C': 1.0, 'clf__class_weight': 'balanced', 'clf__gamma': 0.1}"": 0.39498050682261204, ""{'clf__C': 10.0, 'clf__class_weight': None, 'clf__gamma': 0.0001}"": 0.4768257262952078, ""{'clf__C': 10.0, 'clf__class_weight': None, 'clf__gamma': 0.001}"": 0.51447350001552, ""{'clf__C': 10.0, 'clf__class_weight': None, 'clf__gamma': 0.01}"": 0.45486666023004546, ""{'clf__C': 10.0, 'clf__class_weight': None, 'clf__gamma': 0.1}"": 0.39498050682261204, ""{'clf__C': 10.0, 'clf__class_weight': 'balanced', 'clf__gamma': 0.0001}"": 0.594238369370591, ""{'clf__C': 10.0, 'clf__class_weight': 'balanced', 'clf__gamma': 0.001}"": 0.5260693939725888, ""{'clf__C': 10.0, 'clf__class_weight': 'balanced', 'clf__gamma': 0.01}"": 0.45486666023004546, ""{'clf__C': 10.0, 'clf__class_weight': 'balanced', 'clf__gamma': 0.1}"": 0.39498050682261204, ""{'clf__C': 100.0, 'clf__class_weight': None, 'clf__gamma': 0.0001}"": 0.49883662499854015, ""{'clf__C': 100.0, 'clf__class_weight': None, 'clf__gamma': 0.001}"": 0.46869603568428064, ""{'clf__C': 100.0, 'clf__class_weight': None, 'clf__gamma': 0.01}"": 0.45486666023004546, ""{'clf__C': 100.0, 'clf__class_weight': None, 'clf__gamma': 0.1}"": 0.39498050682261204, ""{'clf__C': 100.0, 'clf__class_weight': 'balanced', 'clf__gamma': 0.0001}"": 0.5053598943484692, ""{'clf__C': 100.0, 'clf__class_weight': 'balanced', 'clf__gamma': 0.001}"": 0.46710973477711315, ""{'clf__C': 100.0, 'clf__class_weight': 'balanced', 'clf__gamma': 0.01}"": 0.45486666023004546, ""{'clf__C': 100.0, 'clf__class_weight': 'balanced', 'clf__gamma': 0.1}"": 0.39498050682261204}, ""best_score"": 0.6180295048952982}"
A_window_w8_s4,rbf_svm,arousal,5,1,"[32, 34, 28, 14, 7, 5, 17, 23, 30, 6, 35, 18, 15, 0, 29, 8, 25, 38, 9, 16, 31, 2, 11, 24, 20, 1, 36, 26, 12, 39, 22, 37]","[3, 4, 13, 10, 19, 21, 27, 33]","{""accuracy"": 0.48214285714285715, ""balanced_accuracy"": 0.4857142857142857, ""precision_macro"": 0.48659003831417624, ""precision_micro"": 0.48214285714285715, ""precision_weighted"": 0.51772030651341, ""recall_macro"": 0.4857142857142857, ""recall_micro"": 0.48214285714285715, ""recall_weighted"": 0.48214285714285715, ""f1_macro"": 0.47612903225806447, ""f1_micro"": 0.48214285714285715, ""f1_weighted"": 0.49016129032258066, ""mcc"": -0.027681826617913324, ""kappa"": -0.026548672566371723, ""confusion_matrix"": [[33, 37], [21, 21]], ""tp"": 21, ""tn"": 33, ""fp"": 37, ""fn"": 21, ""tpr"": 0.5, ""tnr"": 0.4714285714285714, ""fpr"": 0.5285714285714286, ""fnr"": 0.5, ""ppv"": 0.3620689655172414, ""npv"": 0.6111111111111112, ""roc_auc"": 0.4824829931972789, ""pr_auc"": 0.3565841422662054, ""log_loss"": 0.7579259975987725, ""brier"": 0.2802081761266111, ""trial_accuracy"": 0.375, ""trial_f1_macro"": 0.36507936507936506}","{""clf__C"": 1.0, ""clf__class_weight"": ""balanced"", ""clf__gamma"": 0.001}","{""scores"": {""{'clf__C': 0.1, 'clf__class_weight': None, 'clf__gamma': 0.0001}"": 0.25996552467140704, ""{'clf__C': 0.1, 'clf__class_weight': None, 'clf__gamma': 0.001}"": 0.25996552467140704, ""{'clf__C': 0.1, 'clf__class_weight': None, 'clf__gamma': 0.01}"": 0.2713743405746049, ""{'clf__C': 0.1, 'clf__class_weight': None, 'clf__gamma': 0.1}"": 0.25996552467140704, ""{'clf__C': 0.1, 'clf__class_weight': 'balanced', 'clf__gamma': 0.0001}"": 0.29835164835164835, ""{'clf__C': 0.1, 'clf__class_weight': 'balanced', 'clf__gamma': 0.001}"": 0.5191534849334326, ""{'clf__C': 0.1, 'clf__class_weight': 'balanced', 'clf__gamma': 0.01}"": 0.5132980871383065, ""{'clf__C': 0.1, 'clf__class_weight': 'balanced', 'clf__gamma': 0.1}"": 0.29835164835164835, ""{'clf__C': 1.0, 'clf__class_weight': None, 'clf__gamma': 0.0001}"": 0.25996552467140704, ""{'clf__C': 1.0, 'clf__class_weight': None, 'clf__gamma': 0.001}"": 0.44746421109687523, ""{'clf__C': 1.0, 'clf__class_weight': None, 'clf__gamma': 0.01}"": 0.4732153593760737, ""{'clf__C': 1.0, 'clf__class_weight': None, 'clf__gamma': 0.1}"": 0.25996552467140704, ""{'clf__C': 1.0, 'clf__class_weight': 'balanced', 'clf__gamma': 0.0001}"": 0.530424100569239, ""{'clf__C': 1.0, 'clf__class_weight': 'balanced', 'clf__gamma': 0.001}"": 0.5537362734184459, ""{'clf__C': 1.0, 'clf__class_weight': 'balanced', 'clf__gamma': 0.01}"": 0.46940893571417314, ""{'clf__C': 1.0, 'clf__class_weight': 'balanced', 'clf__gamma': 0.1}"": 0.25996552467140704, ""{'clf__C': 10.0, 'clf__class_weight': None, 'clf__gamma': 0.0001}"": 0.4499116904735452, ""{'clf__C': 10.0, 'clf__class_weight': None, 'clf__gamma': 0.001}"": 0.43276504162538804, ""{'clf__C': 10.0, 'clf__class_weight': None, 'clf__gamma': 0.01}"": 0.44850610681283126, ""{'clf__C': 10.0, 'clf__class_weight': None, 'clf__gamma': 0.1}"": 0.25996552467140704, ""{'clf__C': 10.0, 'clf__class_weight': 'balanced', 'clf__gamma': 0.0001}"": 0.5418618143459916, ""{'clf__C': 10.0, 'clf__class_weight': 'balanced', 'clf__gamma': 0.001}"": 0.43851135632375077, ""{'clf__C': 10.0, 'clf__class_weight': 'balanced', 'clf__gamma': 0.01}"": 0.44850610681283126, ""{'clf__C': 10.0, 'clf__class_weight': 'balanced', 'clf__gamma': 0.1}"": 0.25996552467140704, ""{'clf__C': 100.0, 'clf__class_weight': None, 'clf__gamma': 0.0001}"": 0.43774918371173643, ""{'clf__C': 100.0, 'clf__class_weight': None, 'clf__gamma': 0.001}"": 0.4318044824844587, ""{'clf__C': 100.0, 'clf__class_weight': None, 'clf__gamma': 0.01}"": 0.44850610681283126, ""{'clf__C': 100.0, 'clf__class_weight': None, 'clf__gamma': 0.1}"": 0.25996552467140704, ""{'clf__C': 100.0, 'clf__class_weight': 'balanced', 'clf__gamma': 0.0001}"": 0.45202216991694083, ""{'clf__C': 100.0, 'clf__class_weight': 'balanced', 'clf__gamma': 0.001}"": 0.4318044824844587, ""{'clf__C': 100.0, 'clf__class_weight': 'balanced', 'clf__gamma': 0.01}"": 0.44850610681283126, ""{'clf__C': 100.0, 'clf__class_weight': 'balanced', 'clf__gamma': 0.1}"": 0.25996552467140704}, ""best_score"": 0.5537362734184459}"
A_window_w8_s4,rbf_svm,arousal,6,0,"[26, 3, 36, 9, 24, 25, 23, 37, 11, 35, 32, 5, 1, 30, 19, 13, 38, 21, 10, 20, 18, 2, 15, 8, 7, 31, 14, 22, 33, 29, 12, 16]","[28, 34, 6, 39, 27, 4, 17, 0]","{""accuracy"": 0.44642857142857145, ""balanced_accuracy"": 0.4880952380952381, ""precision_macro"": 0.49077733860342554, ""precision_micro"": 0.44642857142857145, ""precision_weighted"": 0.614953886693017, ""recall_macro"": 0.4880952380952381, ""recall_micro"": 0.44642857142857145, ""recall_weighted"": 0.44642857142857145, ""f1_macro"": 0.43175122749590833, ""f1_micro"": 0.44642857142857145, ""f1_weighted"": 0.4774140752864157, ""mcc"": -0.020956487115397715, ""kappa"": -0.016393442622950838, ""confusion_matrix"": [[16, 12], [50, 34]], ""tp"": 34, ""tn"": 16, ""fp"": 12, ""fn"": 50, ""tpr"": 0.40476190476190477, ""tnr"": 0.5714285714285714, ""fpr"": 0.42857142857142855, ""fnr"": 0.5952380952380952, ""ppv"": 0.7391304347826086, ""npv"": 0.24242424242424243, ""roc_auc"": 0.524234693877551, ""pr_auc"": 0.7614212389616101, ""log_loss"": 1.208263849145279, ""brier"": 0.38478627242349667, ""trial_accuracy"": 0.25, ""trial_f1_macro"": 0.25}","{""clf__C"": 100.0, ""clf__class_weight"": null, ""clf__gamma"": 0.001}","{""scores"": {""{'clf__C': 0.1, 'clf__class_weight': None, 'clf__gamma': 0.0001}"": 0.38109161793372315, ""{'clf__C': 0.1, 'clf__class_weight': None, 'clf__gamma': 0.001}"": 0.38109161793372315, ""{'clf__C': 0.1, 'clf__class_weight': None, 'clf__gamma': 0.01}"": 0.38109161793372315, ""{'clf__C': 0.1, 'clf__class_weight': None, 'clf__gamma': 0.1}"": 0.38109161793372315, ""{'clf__C': 0.1, 'clf__class_weight': 'balanced', 'clf__gamma': 0.0001}"": 0.31216931216931215, ""{'clf__C': 0.1, 'clf__class_weight': 'balanced', 'clf__gamma': 0.001}"": 0.31216931216931215, ""{'clf__C': 0.1, 'clf__class_weight': 'balanced', 'clf__gamma': 0.01}"": 0.31216931216931215, ""{'clf__C': 0.1, 'clf__class_weight': 'balanced', 'clf__gamma': 0.1}"": 0.31216931216931215, ""{'clf__C': 1.0, 'clf__class_weight': None, 'clf__gamma': 0.0001}"": 0.38109161793372315, ""{'clf__C': 1.0, 'clf__class_weight': None, 'clf__gamma': 0.001}"": 0.3969395638887164, ""{'clf__C': 1.0, 'clf__class_weight': None, 'clf__gamma': 0.01}"": 0.40101415315998423, ""{'clf__C': 1.0, 'clf__class_weight': None, 'clf__gamma': 0.1}"": 0.38109161793372315, ""{'clf__C': 1.0, 'clf__class_weight': 'balanced', 'clf__gamma': 0.0001}"": 0.31216931216931215, ""{'clf__C': 1.0, 'clf__class_weight': 'balanced', 'clf__gamma': 0.001}"": 0.44533960930887, ""{'clf__C': 1.0, 'clf__class_weight': 'balanced', 'clf__gamma': 0.01}"": 0.406524792059411, ""{'clf__C': 1.0, 'clf__class_weight': 'balanced', 'clf__gamma': 0.1}"": 0.38109161793372315, ""{'clf__C': 10.0, 'clf__class_weight': None, 'clf__gamma': 0.0001}"": 0.3916650068971231, ""{'clf__C': 10.0, 'clf__class_weight': None, 'clf__gamma': 0.001}"": 0.4539063665581442, ""{'clf__C': 10.0, 'clf__class_weight': None, 'clf__gamma': 0.01}"": 0.4058411550339274, ""{'clf__C': 10.0, 'clf__class_weight': None, 'clf__gamma': 0.1}"": 0.38109161793372315, ""{'clf__C': 10.0, 'clf__class_weight': 'balanced', 'clf__gamma': 0.0001}"": 0.4475006777724749, ""{'clf__C': 10.0, 'clf__class_weight': 'balanced', 'clf__gamma': 0.001}"": 0.4264459990103277, ""{'clf__C': 10.0, 'clf__class_weight': 'balanced', 'clf__gamma': 0.01}"": 0.4058411550339274, ""{'clf__C': 10.0, 'clf__class_weight': 'balanced', 'clf__gamma': 0.1}"": 0.38109161793372315, ""{'clf__C': 100.0, 'clf__class_weight': None, 'clf__gamma': 0.0001}"": 0.44455072573560384, ""{'clf__C': 100.0, 'clf__class_weight': None, 'clf__gamma': 0.001}"": 0.48295510995959307, ""{'clf__C': 100.0, 'clf__class_weight': None, 'clf__gamma': 0.01}"": 0.4058411550339274, ""{'clf__C': 100.0, 'clf__class_weight': None, 'clf__gamma': 0.1}"": 0.38109161793372315, ""{'clf__C': 100.0, 'clf__class_weight': 'balanced', 'clf__gamma': 0.0001}"": 0.42085074611252377, ""{'clf__C': 100.0, 'clf__class_weight': 'balanced', 'clf__gamma': 0.001}"": 0.48295510995959307, ""{'clf__C': 100.0, 'clf__class_weight': 'balanced', 'clf__gamma': 0.01}"": 0.4058411550339274, ""{'clf__C': 100.0, 'clf__class_weight': 'balanced', 'clf__gamma': 0.1}"": 0.38109161793372315}, ""best_score"": 0.48295510995959307}"
A_window_w8_s4,rbf_svm,arousal,6,1,"[9, 20, 16, 37, 23, 8, 24, 4, 35, 26, 5, 30, 12, 32, 27, 10, 18, 25, 1, 13, 19, 14, 6, 31, 17, 38, 34, 39, 29, 15, 28, 11]","[33, 3, 0, 7, 36, 21, 2, 22]","{""accuracy"": 0.6607142857142857, ""balanced_accuracy"": 0.6285714285714286, ""precision_macro"": 0.6344238975817924, ""precision_micro"": 0.6607142857142857, ""precision_weighted"": 0.6548719772403983, ""recall_macro"": 0.6285714285714286, ""recall_micro"": 0.6607142857142857, ""recall_weighted"": 0.6607142857142857, ""f1_macro"": 0.6305555555555555, ""f1_micro"": 0.6607142857142857, ""f1_weighted"": 0.6569444444444444, ""mcc"": 0.26293020021466107, ""kappa"": 0.2621359223300971, ""confusion_matrix"": [[53, 17], [21, 21]], ""tp"": 21, ""tn"": 53, ""fp"": 17, ""fn"": 21, ""tpr"": 0.5, ""tnr"": 0.7571428571428571, ""fpr"": 0.24285714285714285, ""fnr"": 0.5, ""ppv"": 0.5526315789473685, ""npv"": 0.7162162162162162, ""roc_auc"": 0.686734693877551, ""pr_auc"": 0.5713271178411969, ""log_loss"": 0.6246766692800286, ""brier"": 0.21497314351866176, ""trial_accuracy"": 0.75, ""trial_f1_macro"": 0.6666666666666667}","{""clf__C"": 10.0, ""clf__class_weight"": ""balanced"", ""clf__gamma"": 0.0001}","{""scores"": {""{'clf__C': 0.1, 'clf__class_weight': None, 'clf__gamma': 0.0001}"": 0.3602941176470589, ""{'clf__C': 0.1, 'clf__class_weight': None, 'clf__gamma': 0.001}"": 0.3602941176470589, ""{'clf__C': 0.1, 'clf__class_weight': None, 'clf__gamma': 0.01}"": 0.3602941176470589, ""{'clf__C': 0.1, 'clf__class_weight': None, 'clf__gamma': 0.1}"": 0.3602941176470589, ""{'clf__C': 0.1, 'clf__class_weight': 'balanced', 'clf__gamma': 0.0001}"": 0.30357142857142855, ""{'clf__C': 0.1, 'clf__class_weight': 'balanced', 'clf__gamma': 0.001}"": 0.30357142857142855, ""{'clf__C': 0.1, 'clf__class_weight': 'balanced', 'clf__gamma': 0.01}"": 0.30784643641491677, ""{'clf__C': 0.1, 'clf__class_weight': 'balanced', 'clf__gamma': 0.1}"": 0.30357142857142855, ""{'clf__C': 1.0, 'clf__class_weight': None, 'clf__gamma': 0.0001}"": 0.3602941176470589, ""{'clf__C': 1.0, 'clf__class_weight': None, 'clf__gamma': 0.001}"": 0.46917084718472807, ""{'clf__C': 1.0, 'clf__class_weight': None, 'clf__gamma': 0.01}"": 0.480404329235167, ""{'clf__C': 1.0, 'clf__class_weight': None, 'clf__gamma': 0.1}"": 0.3602941176470589, ""{'clf__C': 1.0, 'clf__class_weight': 'balanced', 'clf__gamma': 0.0001}"": 0.3215080178169574, ""{'clf__C': 1.0, 'clf__class_weight': 'balanced', 'clf__gamma': 0.001}"": 0.488563209004714, ""{'clf__C': 1.0, 'clf__class_weight': 'balanced', 'clf__gamma': 0.01}"": 0.47916048513573734, ""{'clf__C': 1.0, 'clf__class_weight': 'balanced', 'clf__gamma': 0.1}"": 0.3602941176470589, ""{'clf__C': 10.0, 'clf__class_weight': None, 'clf__gamma': 0.0001}"": 0.47127875843525785, ""{'clf__C': 10.0, 'clf__class_weight': None, 'clf__gamma': 0.001}"": 0.49043667457941753, ""{'clf__C': 10.0, 'clf__class_weight': None, 'clf__gamma': 0.01}"": 0.47815983460192313, ""{'clf__C': 10.0, 'clf__class_weight': None, 'clf__gamma': 0.1}"": 0.3602941176470589, ""{'clf__C': 10.0, 'clf__class_weight': 'balanced', 'clf__gamma': 0.0001}"": 0.49086035507107645, ""{'clf__C': 10.0, 'clf__class_weight': 'balanced', 'clf__gamma': 0.001}"": 0.48114272447039846, ""{'clf__C': 10.0, 'clf__class_weight': 'balanced', 'clf__gamma': 0.01}"": 0.47815983460192313, ""{'clf__C': 10.0, 'clf__class_weight': 'balanced', 'clf__gamma': 0.1}"": 0.3602941176470589, ""{'clf__C': 100.0, 'clf__class_weight': None, 'clf__gamma': 0.0001}"": 0.4679359693725895, ""{'clf__C': 100.0, 'clf__class_weight': None, 'clf__gamma': 0.001}"": 0.48188129517914674, ""{'clf__C': 100.0, 'clf__class_weight': None, 'clf__gamma': 0.01}"": 0.47815983460192313, ""{'clf__C': 100.0, 'clf__class_weight': None, 'clf__gamma': 0.1}"": 0.3602941176470589, ""{'clf__C': 100.0, 'clf__class_weight': 'balanced', 'clf__gamma': 0.0001}"": 0.4762063243973064, ""{'clf__C': 100.0, 'clf__class_weight': 'balanced', 'clf__gamma': 0.001}"": 0.48188129517914674, ""{'clf__C': 100.0, 'clf__class_weight': 'balanced', 'clf__gamma': 0.01}"": 0.47815983460192313, ""{'clf__C': 100.0, 'clf__class_weight': 'balanced', 'clf__gamma': 0.1}"": 0.3602941176470589}, ""best_score"": 0.49086035507107645}"
A_window_w8_s4,rbf_svm,arousal,7,0,"[25, 21, 0, 14, 23, 16, 2, 19, 10, 17, 33, 11, 28, 29, 13, 22, 7, 37, 20, 35, 30, 9, 24, 3, 8, 34, 15, 4, 31, 1, 27, 6]","[26, 36, 32, 39, 18, 38, 5, 12]","{""accuracy"": 0.45535714285714285, ""balanced_accuracy"": 0.5178571428571429, ""precision_macro"": 0.5141557128412538, ""precision_micro"": 0.45535714285714285, ""precision_weighted"": 0.6407987866531851, ""recall_macro"": 0.5178571428571429, ""recall_micro"": 0.45535714285714285, ""recall_weighted"": 0.45535714285714285, ""f1_macro"": 0.4454095299943177, ""f1_micro"": 0.45535714285714285, ""f1_weighted"": 0.48254728468219815, ""mcc"": 0.03179815003744466, ""kappa"": 0.02400000000000002, ""confusion_matrix"": [[18, 10], [51, 33]], ""tp"": 33, ""tn"": 18, ""fp"": 10, ""fn"": 51, ""tpr"": 0.39285714285714285, ""tnr"": 0.6428571428571429, ""fpr"": 0.35714285714285715, ""fnr"": 0.6071428571428571, ""ppv"": 0.7674418604651163, ""npv"": 0.2608695652173913, ""roc_auc"": 0.5499574829931972, ""pr_auc"": 0.819036836943517, ""log_loss"": 0.8604016527333427, ""brier"": 0.30599656785703166, ""trial_accuracy"": 0.375, ""trial_f1_macro"": 0.36507936507936506}","{""clf__C"": 100.0, ""clf__class_weight"": ""balanced"", ""clf__gamma"": 0.0001}","{""scores"": {""{'clf__C': 0.1, 'clf__class_weight': None, 'clf__gamma': 0.0001}"": 0.28829365079365077, ""{'clf__C': 0.1, 'clf__class_weight': None, 'clf__gamma': 0.001}"": 0.3041310885854521, ""{'clf__C': 0.1, 'clf__class_weight': None, 'clf__gamma': 0.01}"": 0.3225837742504409, ""{'clf__C': 0.1, 'clf__class_weight': None, 'clf__gamma': 0.1}"": 0.28829365079365077, ""{'clf__C': 0.1, 'clf__class_weight': 'balanced', 'clf__gamma': 0.0001}"": 0.37227668845315903, ""{'clf__C': 0.1, 'clf__class_weight': 'balanced', 'clf__gamma': 0.001}"": 0.4762195761895221, ""{'clf__C': 0.1, 'clf__class_weight': 'balanced', 'clf__gamma': 0.01}"": 0.4736626080415703, ""{'clf__C': 0.1, 'clf__class_weight': 'balanced', 'clf__gamma': 0.1}"": 0.37227668845315903, ""{'clf__C': 1.0, 'clf__class_weight': None, 'clf__gamma': 0.0001}"": 0.37292907522213253, ""{'clf__C': 1.0, 'clf__class_weight': None, 'clf__gamma': 0.001}"": 0.5059564768679258, ""{'clf__C': 1.0, 'clf__class_weight': None, 'clf__gamma': 0.01}"": 0.5043834366455583, ""{'clf__C': 1.0, 'clf__class_weight': None, 'clf__gamma': 0.1}"": 0.28829365079365077, ""{'clf__C': 1.0, 'clf__class_weight': 'balanced', 'clf__gamma': 0.0001}"": 0.5243558608137491, ""{'clf__C': 1.0, 'clf__class_weight': 'balanced', 'clf__gamma': 0.001}"": 0.5230377595066432, ""{'clf__C': 1.0, 'clf__class_weight': 'balanced', 'clf__gamma': 0.01}"": 0.50054792534525, ""{'clf__C': 1.0, 'clf__class_weight': 'balanced', 'clf__gamma': 0.1}"": 0.28829365079365077, ""{'clf__C': 10.0, 'clf__class_weight': None, 'clf__gamma': 0.0001}"": 0.5121422268664328, ""{'clf__C': 10.0, 'clf__class_weight': None, 'clf__gamma': 0.001}"": 0.5032881851002949, ""{'clf__C': 10.0, 'clf__class_weight': None, 'clf__gamma': 0.01}"": 0.4673747670941549, ""{'clf__C': 10.0, 'clf__class_weight': None, 'clf__gamma': 0.1}"": 0.28829365079365077, ""{'clf__C': 10.0, 'clf__class_weight': 'balanced', 'clf__gamma': 0.0001}"": 0.5294180279693771, ""{'clf__C': 10.0, 'clf__class_weight': 'balanced', 'clf__gamma': 0.001}"": 0.4972268927303376, ""{'clf__C': 10.0, 'clf__class_weight': 'balanced', 'clf__gamma': 0.01}"": 0.4673747670941549, ""{'clf__C': 10.0, 'clf__class_weight': 'balanced', 'clf__gamma': 0.1}"": 0.28829365079365077, ""{'clf__C': 100.0, 'clf__class_weight': None, 'clf__gamma': 0.0001}"": 0.5290436550514003, ""{'clf__C': 100.0, 'clf__class_weight': None, 'clf__gamma': 0.001}"": 0.5007735639577295, ""{'clf__C': 100.0, 'clf__class_weight': None, 'clf__gamma': 0.01}"": 0.4673747670941549, ""{'clf__C': 100.0, 'clf__class_weight': None, 'clf__gamma': 0.1}"": 0.28829365079365077, ""{'clf__C': 100.0, 'clf__class_weight': 'balanced', 'clf__gamma': 0.0001}"": 0.5392395142481247, ""{'clf__C': 100.0, 'clf__class_weight': 'balanced', 'clf__gamma': 0.001}"": 0.5046340811965813, ""{'clf__C': 100.0, 'clf__class_weight': 'balanced', 'clf__gamma': 0.01}"": 0.4673747670941549, ""{'clf__C': 100.0, 'clf__class_weight': 'balanced', 'clf__gamma': 0.1}"": 0.28829365079365077}, ""best_score"": 0.5392395142481247}"
A_window_w8_s4,rbf_svm,arousal,7,1,"[25, 18, 21, 9, 31, 16, 22, 0, 24, 23, 13, 37, 11, 39, 1, 38, 19, 15, 12, 20, 10, 30, 28, 29, 6, 4, 14, 17, 33, 36, 34, 26]","[35, 7, 2, 3, 5, 8, 27, 32]","{""accuracy"": 0.4107142857142857, ""balanced_accuracy"": 0.4107142857142857, ""precision_macro"": 0.40885416666666663, ""precision_micro"": 0.4107142857142857, ""precision_weighted"": 0.40885416666666663, ""recall_macro"": 0.4107142857142857, ""recall_micro"": 0.4107142857142857, ""recall_weighted"": 0.4107142857142857, ""f1_macro"": 0.4076923076923077, ""f1_micro"": 0.4107142857142857, ""f1_weighted"": 0.40769230769230763, ""mcc"": -0.18042195912175807, ""kappa"": -0.1785714285714286, ""confusion_matrix"": [[19, 37], [29, 27]], ""tp"": 27, ""tn"": 19, ""fp"": 37, ""fn"": 29, ""tpr"": 0.48214285714285715, ""tnr"": 0.3392857142857143, ""fpr"": 0.6607142857142857, ""fnr"": 0.5178571428571429, ""ppv"": 0.421875, ""npv"": 0.3958333333333333, ""roc_auc"": 0.3239795918367347, ""pr_auc"": 0.3915047719202651, ""log_loss"": 1.8071675132417526, ""brier"": 0.4592608498849931, ""trial_accuracy"": 0.375, ""trial_f1_macro"": 0.36507936507936506}","{""clf__C"": 100.0, ""clf__class_weight"": ""balanced"", ""clf__gamma"": 0.001}","{""scores"": {""{'clf__C': 0.1, 'clf__class_weight': None, 'clf__gamma': 0.0001}"": 0.3602941176470589, ""{'clf__C': 0.1, 'clf__class_weight': None, 'clf__gamma': 0.001}"": 0.3602941176470589, ""{'clf__C': 0.1, 'clf__class_weight': None, 'clf__gamma': 0.01}"": 0.3732833957553059, ""{'clf__C': 0.1, 'clf__class_weight': None, 'clf__gamma': 0.1}"": 0.3602941176470589, ""{'clf__C': 0.1, 'clf__class_weight': 'balanced', 'clf__gamma': 0.0001}"": 0.30357142857142855, ""{'clf__C': 0.1, 'clf__class_weight': 'balanced', 'clf__gamma': 0.001}"": 0.4156884876241322, ""{'clf__C': 0.1, 'clf__class_weight': 'balanced', 'clf__gamma': 0.01}"": 0.4369902718655962, ""{'clf__C': 0.1, 'clf__class_weight': 'balanced', 'clf__gamma': 0.1}"": 0.30357142857142855, ""{'clf__C': 1.0, 'clf__class_weight': None, 'clf__gamma': 0.0001}"": 0.3789401027686172, ""{'clf__C': 1.0, 'clf__class_weight': None, 'clf__gamma': 0.001}"": 0.5172945271154145, ""{'clf__C': 1.0, 'clf__class_weight': None, 'clf__gamma': 0.01}"": 0.575965484117108, ""{'clf__C': 1.0, 'clf__class_weight': None, 'clf__gamma': 0.1}"": 0.3602941176470589, ""{'clf__C': 1.0, 'clf__class_weight': 'balanced', 'clf__gamma': 0.0001}"": 0.41545918367346935, ""{'clf__C': 1.0, 'clf__class_weight': 'balanced', 'clf__gamma': 0.001}"": 0.5820979813585662, ""{'clf__C': 1.0, 'clf__class_weight': 'balanced', 'clf__gamma': 0.01}"": 0.5907212919388919, ""{'clf__C': 1.0, 'clf__class_weight': 'balanced', 'clf__gamma': 0.1}"": 0.3602941176470589, ""{'clf__C': 10.0, 'clf__class_weight': None, 'clf__gamma': 0.0001}"": 0.5303917381602082, ""{'clf__C': 10.0, 'clf__class_weight': None, 'clf__gamma': 0.001}"": 0.5809068388822819, ""{'clf__C': 10.0, 'clf__class_weight': None, 'clf__gamma': 0.01}"": 0.5866510833819937, ""{'clf__C': 10.0, 'clf__class_weight': None, 'clf__gamma': 0.1}"": 0.3602941176470589, ""{'clf__C': 10.0, 'clf__class_weight': 'balanced', 'clf__gamma': 0.0001}"": 0.5679165212857328, ""{'clf__C': 10.0, 'clf__class_weight': 'balanced', 'clf__gamma': 0.001}"": 0.5914395094515214, ""{'clf__C': 10.0, 'clf__class_weight': 'balanced', 'clf__gamma': 0.01}"": 0.5866510833819937, ""{'clf__C': 10.0, 'clf__class_weight': 'balanced', 'clf__gamma': 0.1}"": 0.3602941176470589, ""{'clf__C': 100.0, 'clf__class_weight': None, 'clf__gamma': 0.0001}"": 0.5943243922072635, ""{'clf__C': 100.0, 'clf__class_weight': None, 'clf__gamma': 0.001}"": 0.6265612699989277, ""{'clf__C': 100.0, 'clf__class_weight': None, 'clf__gamma': 0.01}"": 0.5866510833819937, ""{'clf__C': 100.0, 'clf__class_weight': None, 'clf__gamma': 0.1}"": 0.3602941176470589, ""{'clf__C': 100.0, 'clf__class_weight': 'balanced', 'clf__gamma': 0.0001}"": 0.5890554374273537, ""{'clf__C': 100.0, 'clf__class_weight': 'balanced', 'clf__gamma': 0.001}"": 0.6316337078860206, ""{'clf__C': 100.0, 'clf__class_weight': 'balanced', 'clf__gamma': 0.01}"": 0.5866510833819937, ""{'clf__C': 100.0, 'clf__class_weight': 'balanced', 'clf__gamma': 0.1}"": 0.3602941176470589}, ""best_score"": 0.6316337078860206}"
A_window_w8_s4,rbf_svm,arousal,8,0,"[31, 1, 36, 16, 27, 8, 25, 28, 18, 12, 19, 29, 23, 39, 21, 24, 0, 9, 10, 17, 38, 20, 37, 3, 14, 35, 15, 7, 26, 2, 5, 13]","[22, 34, 6, 4, 30, 33, 11, 32]","{""accuracy"": 0.25892857142857145, ""balanced_accuracy"": 0.3273809523809524, ""precision_macro"": 0.3383114297092792, ""precision_micro"": 0.25892857142857145, ""precision_weighted"": 0.42722023098367184, ""recall_macro"": 0.3273809523809524, ""recall_micro"": 0.25892857142857145, ""recall_weighted"": 0.25892857142857145, ""f1_macro"": 0.2583964898284803, ""f1_micro"": 0.25892857142857145, ""f1_weighted"": 0.2683286796968488, ""mcc"": -0.334128879413137, ""kappa"": -0.2116788321167884, ""confusion_matrix"": [[13, 15], [68, 16]], ""tp"": 16, ""tn"": 13, ""fp"": 15, ""fn"": 68, ""tpr"": 0.19047619047619047, ""tnr"": 0.4642857142857143, ""fpr"": 0.5357142857142857, ""fnr"": 0.8095238095238095, ""ppv"": 0.5161290322580645, ""npv"": 0.16049382716049382, ""roc_auc"": 0.235969387755102, ""pr_auc"": 0.6187781133869729, ""log_loss"": 1.796877665057777, ""brier"": 0.5602080040754267, ""trial_accuracy"": 0.125, ""trial_f1_macro"": 0.1111111111111111}","{""clf__C"": 10.0, ""clf__class_weight"": ""balanced"", ""clf__gamma"": 0.001}","{""scores"": {""{'clf__C': 0.1, 'clf__class_weight': None, 'clf__gamma': 0.0001}"": 0.37916666666666665, ""{'clf__C': 0.1, 'clf__class_weight': None, 'clf__gamma': 0.001}"": 0.37916666666666665, ""{'clf__C': 0.1, 'clf__class_weight': None, 'clf__gamma': 0.01}"": 0.37916666666666665, ""{'clf__C': 0.1, 'clf__class_weight': None, 'clf__gamma': 0.1}"": 0.37916666666666665, ""{'clf__C': 0.1, 'clf__class_weight': 'balanced', 'clf__gamma': 0.0001}"": 0.26416720534367594, ""{'clf__C': 0.1, 'clf__class_weight': 'balanced', 'clf__gamma': 0.001}"": 0.40970888727212973, ""{'clf__C': 0.1, 'clf__class_weight': 'balanced', 'clf__gamma': 0.01}"": 0.46478325853057467, ""{'clf__C': 0.1, 'clf__class_weight': 'balanced', 'clf__gamma': 0.1}"": 0.26416720534367594, ""{'clf__C': 1.0, 'clf__class_weight': None, 'clf__gamma': 0.0001}"": 0.37916666666666665, ""{'clf__C': 1.0, 'clf__class_weight': None, 'clf__gamma': 0.001}"": 0.41347904349288145, ""{'clf__C': 1.0, 'clf__class_weight': None, 'clf__gamma': 0.01}"": 0.46253810729618694, ""{'clf__C': 1.0, 'clf__class_weight': None, 'clf__gamma': 0.1}"": 0.37916666666666665, ""{'clf__C': 1.0, 'clf__class_weight': 'balanced', 'clf__gamma': 0.0001}"": 0.45599512313314877, ""{'clf__C': 1.0, 'clf__class_weight': 'balanced', 'clf__gamma': 0.001}"": 0.48810623019209715, ""{'clf__C': 1.0, 'clf__class_weight': 'balanced', 'clf__gamma': 0.01}"": 0.4743157651378022, ""{'clf__C': 1.0, 'clf__class_weight': 'balanced', 'clf__gamma': 0.1}"": 0.37916666666666665, ""{'clf__C': 10.0, 'clf__class_weight': None, 'clf__gamma': 0.0001}"": 0.4166733520994605, ""{'clf__C': 10.0, 'clf__class_weight': None, 'clf__gamma': 0.001}"": 0.4634008339791611, ""{'clf__C': 10.0, 'clf__class_weight': None, 'clf__gamma': 0.01}"": 0.4867762353078838, ""{'clf__C': 10.0, 'clf__class_weight': None, 'clf__gamma': 0.1}"": 0.37916666666666665, ""{'clf__C': 10.0, 'clf__class_weight': 'balanced', 'clf__gamma': 0.0001}"": 0.47630949606334294, ""{'clf__C': 10.0, 'clf__class_weight': 'balanced', 'clf__gamma': 0.001}"": 0.5010961022644964, ""{'clf__C': 10.0, 'clf__class_weight': 'balanced', 'clf__gamma': 0.01}"": 0.4867762353078838, ""{'clf__C': 10.0, 'clf__class_weight': 'balanced', 'clf__gamma': 0.1}"": 0.37916666666666665, ""{'clf__C': 100.0, 'clf__class_weight': None, 'clf__gamma': 0.0001}"": 0.4779802477363453, ""{'clf__C': 100.0, 'clf__class_weight': None, 'clf__gamma': 0.001}"": 0.45192261814338774, ""{'clf__C': 100.0, 'clf__class_weight': None, 'clf__gamma': 0.01}"": 0.4867762353078838, ""{'clf__C': 100.0, 'clf__class_weight': None, 'clf__gamma': 0.1}"": 0.37916666666666665, ""{'clf__C': 100.0, 'clf__class_weight': 'balanced', 'clf__gamma': 0.0001}"": 0.4821247469745324, ""{'clf__C': 100.0, 'clf__class_weight': 'balanced', 'clf__gamma': 0.001}"": 0.4507895468299574, ""{'clf__C': 100.0, 'clf__class_weight': 'balanced', 'clf__gamma': 0.01}"": 0.4867762353078838, ""{'clf__C': 100.0, 'clf__class_weight': 'balanced', 'clf__gamma': 0.1}"": 0.37916666666666665}, ""best_score"": 0.5010961022644964}"
A_window_w8_s4,rbf_svm,arousal,8,1,"[31, 8, 16, 39, 12, 6, 38, 3, 28, 27, 5, 20, 22, 15, 9, 17, 1, 18, 25, 21, 32, 33, 23, 4, 35, 13, 14, 24, 19, 7, 26, 34]","[11, 37, 30, 36, 29, 0, 10, 2]","{""accuracy"": 0.5267857142857143, ""balanced_accuracy"": 0.5267857142857143, ""precision_macro"": 0.5274959083469721, ""precision_micro"": 0.5267857142857143, ""precision_weighted"": 0.5274959083469721, ""recall_macro"": 0.5267857142857143, ""recall_micro"": 0.5267857142857143, ""recall_weighted"": 0.5267857142857143, ""f1_macro"": 0.5237101821391319, ""f1_micro"": 0.5267857142857143, ""f1_weighted"": 0.5237101821391319, ""mcc"": 0.0542769765188955, ""kappa"": 0.0535714285714286, ""confusion_matrix"": [[25, 31], [22, 34]], ""tp"": 34, ""tn"": 25, ""fp"": 31, ""fn"": 22, ""tpr"": 0.6071428571428571, ""tnr"": 0.44642857142857145, ""fpr"": 0.5535714285714286, ""fnr"": 0.39285714285714285, ""ppv"": 0.5230769230769231, ""npv"": 0.5319148936170213, ""roc_auc"": 0.42139668367346944, ""pr_auc"": 0.4634784375773449, ""log_loss"": 0.7813016292062145, ""brier"": 0.2899344370307144, ""trial_accuracy"": 0.625, ""trial_f1_macro"": 0.6190476190476191}","{""clf__C"": 0.1, ""clf__class_weight"": ""balanced"", ""clf__gamma"": 0.01}","{""scores"": {""{'clf__C': 0.1, 'clf__class_weight': None, 'clf__gamma': 0.0001}"": 0.3544973544973545, ""{'clf__C': 0.1, 'clf__class_weight': None, 'clf__gamma': 0.001}"": 0.3544973544973545, ""{'clf__C': 0.1, 'clf__class_weight': None, 'clf__gamma': 0.01}"": 0.38726526585133136, ""{'clf__C': 0.1, 'clf__class_weight': None, 'clf__gamma': 0.1}"": 0.3544973544973545, ""{'clf__C': 0.1, 'clf__class_weight': 'balanced', 'clf__gamma': 0.0001}"": 0.30277777777777776, ""{'clf__C': 0.1, 'clf__class_weight': 'balanced', 'clf__gamma': 0.001}"": 0.408415637914697, ""{'clf__C': 0.1, 'clf__class_weight': 'balanced', 'clf__gamma': 0.01}"": 0.5485136584752849, ""{'clf__C': 0.1, 'clf__class_weight': 'balanced', 'clf__gamma': 0.1}"": 0.30277777777777776, ""{'clf__C': 1.0, 'clf__class_weight': None, 'clf__gamma': 0.0001}"": 0.36086176042141654, ""{'clf__C': 1.0, 'clf__class_weight': None, 'clf__gamma': 0.001}"": 0.45333898011628865, ""{'clf__C': 1.0, 'clf__class_weight': None, 'clf__gamma': 0.01}"": 0.49289571989076714, ""{'clf__C': 1.0, 'clf__class_weight': None, 'clf__gamma': 0.1}"": 0.3544973544973545, ""{'clf__C': 1.0, 'clf__class_weight': 'balanced', 'clf__gamma': 0.0001}"": 0.44765238218193176, ""{'clf__C': 1.0, 'clf__class_weight': 'balanced', 'clf__gamma': 0.001}"": 0.5234046633983606, ""{'clf__C': 1.0, 'clf__class_weight': 'balanced', 'clf__gamma': 0.01}"": 0.49116498540360515, ""{'clf__C': 1.0, 'clf__class_weight': 'balanced', 'clf__gamma': 0.1}"": 0.3544973544973545, ""{'clf__C': 10.0, 'clf__class_weight': None, 'clf__gamma': 0.0001}"": 0.4525943087673879, ""{'clf__C': 10.0, 'clf__class_weight': None, 'clf__gamma': 0.001}"": 0.5280438484461473, ""{'clf__C': 10.0, 'clf__class_weight': None, 'clf__gamma': 0.01}"": 0.48598504959099925, ""{'clf__C': 10.0, 'clf__class_weight': None, 'clf__gamma': 0.1}"": 0.3544973544973545, ""{'clf__C': 10.0, 'clf__class_weight': 'balanced', 'clf__gamma': 0.0001}"": 0.5167364481701869, ""{'clf__C': 10.0, 'clf__class_weight': 'balanced', 'clf__gamma': 0.001}"": 0.524439763075267, ""{'clf__C': 10.0, 'clf__class_weight': 'balanced', 'clf__gamma': 0.01}"": 0.48598504959099925, ""{'clf__C': 10.0, 'clf__class_weight': 'balanced', 'clf__gamma': 0.1}"": 0.3544973544973545, ""{'clf__C': 100.0, 'clf__class_weight': None, 'clf__gamma': 0.0001}"": 0.5086488703621802, ""{'clf__C': 100.0, 'clf__class_weight': None, 'clf__gamma': 0.001}"": 0.5336250401189994, ""{'clf__C': 100.0, 'clf__class_weight': None, 'clf__gamma': 0.01}"": 0.48598504959099925, ""{'clf__C': 100.0, 'clf__class_weight': None, 'clf__gamma': 0.1}"": 0.3544973544973545, ""{'clf__C': 100.0, 'clf__class_weight': 'balanced', 'clf__gamma': 0.0001}"": 0.4907185456905907, ""{'clf__C': 100.0, 'clf__class_weight': 'balanced', 'clf__gamma': 0.001}"": 0.5323726761097975, ""{'clf__C': 100.0, 'clf__class_weight': 'balanced', 'clf__gamma': 0.01}"": 0.48598504959099925, ""{'clf__C': 100.0, 'clf__class_weight': 'balanced', 'clf__gamma': 0.1}"": 0.3544973544973545}, ""best_score"": 0.5485136584752849}"
A_window_w8_s4,rbf_svm,arousal,9,0,"[17, 15, 34, 11, 0, 22, 23, 18, 14, 19, 31, 2, 39, 36, 12, 29, 24, 8, 35, 7, 13, 1, 26, 25, 38, 10, 6, 27, 3, 4, 20, 28]","[33, 30, 21, 16, 5, 9, 32, 37]","{""accuracy"": 0.6607142857142857, ""balanced_accuracy"": 0.7142857142857143, ""precision_macro"": 0.7240398293029872, ""precision_micro"": 0.6607142857142857, ""precision_weighted"": 0.7732930298719772, ""recall_macro"": 0.7142857142857143, ""recall_micro"": 0.6607142857142857, ""recall_weighted"": 0.6607142857142857, ""f1_macro"": 0.6602809706257982, ""f1_micro"": 0.6607142857142857, ""f1_weighted"": 0.6572477650063856, ""mcc"": 0.4382170003577685, ""kappa"": 0.371900826446281, ""confusion_matrix"": [[39, 3], [35, 35]], ""tp"": 35, ""tn"": 39, ""fp"": 3, ""fn"": 35, ""tpr"": 0.5, ""tnr"": 0.9285714285714286, ""fpr"": 0.07142857142857142, ""fnr"": 0.5, ""ppv"": 0.9210526315789473, ""npv"": 0.527027027027027, ""roc_auc"": 0.708843537414966, ""pr_auc"": 0.8454649013886908, ""log_loss"": 1.0031587191067535, ""brier"": 0.2962135789419925, ""trial_accuracy"": 0.625, ""trial_f1_macro"": 0.6190476190476191}","{""clf__C"": 1.0, ""clf__class_weight"": ""balanced"", ""clf__gamma"": 0.01}","{""scores"": {""{'clf__C': 0.1, 'clf__class_weight': None, 'clf__gamma': 0.0001}"": 0.3017740429505135, ""{'clf__C': 0.1, 'clf__class_weight': None, 'clf__gamma': 0.001}"": 0.3017740429505135, ""{'clf__C': 0.1, 'clf__class_weight': None, 'clf__gamma': 0.01}"": 0.28984379856754583, ""{'clf__C': 0.1, 'clf__class_weight': None, 'clf__gamma': 0.1}"": 0.3017740429505135, ""{'clf__C': 0.1, 'clf__class_weight': 'balanced', 'clf__gamma': 0.0001}"": 0.3587962962962963, ""{'clf__C': 0.1, 'clf__class_weight': 'balanced', 'clf__gamma': 0.001}"": 0.3593794178996903, ""{'clf__C': 0.1, 'clf__class_weight': 'balanced', 'clf__gamma': 0.01}"": 0.40324948793850846, ""{'clf__C': 0.1, 'clf__class_weight': 'balanced', 'clf__gamma': 0.1}"": 0.3587962962962963, ""{'clf__C': 1.0, 'clf__class_weight': None, 'clf__gamma': 0.0001}"": 0.30676659491622427, ""{'clf__C': 1.0, 'clf__class_weight': None, 'clf__gamma': 0.001}"": 0.3375480134585256, ""{'clf__C': 1.0, 'clf__class_weight': None, 'clf__gamma': 0.01}"": 0.47966238037096603, ""{'clf__C': 1.0, 'clf__class_weight': None, 'clf__gamma': 0.1}"": 0.3336034952701619, ""{'clf__C': 1.0, 'clf__class_weight': 'balanced', 'clf__gamma': 0.0001}"": 0.3368275933728251, ""{'clf__C': 1.0, 'clf__class_weight': 'balanced', 'clf__gamma': 0.001}"": 0.42810559063979037, ""{'clf__C': 1.0, 'clf__class_weight': 'balanced', 'clf__gamma': 0.01}"": 0.4851149393907395, ""{'clf__C': 1.0, 'clf__class_weight': 'balanced', 'clf__gamma': 0.1}"": 0.33742689461619735, ""{'clf__C': 10.0, 'clf__class_weight': None, 'clf__gamma': 0.0001}"": 0.343134530722841, ""{'clf__C': 10.0, 'clf__class_weight': None, 'clf__gamma': 0.001}"": 0.4422530538508253, ""{'clf__C': 10.0, 'clf__class_weight': None, 'clf__gamma': 0.01}"": 0.4438345795985707, ""{'clf__C': 10.0, 'clf__class_weight': None, 'clf__gamma': 0.1}"": 0.3377243614085719, ""{'clf__C': 10.0, 'clf__class_weight': 'balanced', 'clf__gamma': 0.0001}"": 0.4041795035500499, ""{'clf__C': 10.0, 'clf__class_weight': 'balanced', 'clf__gamma': 0.001}"": 0.4465036439823428, ""{'clf__C': 10.0, 'clf__class_weight': 'balanced', 'clf__gamma': 0.01}"": 0.4438345795985707, ""{'clf__C': 10.0, 'clf__class_weight': 'balanced', 'clf__gamma': 0.1}"": 0.3377243614085719, ""{'clf__C': 100.0, 'clf__class_weight': None, 'clf__gamma': 0.0001}"": 0.4318883517732623, ""{'clf__C': 100.0, 'clf__class_weight': None, 'clf__gamma': 0.001}"": 0.4448956348165633, ""{'clf__C': 100.0, 'clf__class_weight': None, 'clf__gamma': 0.01}"": 0.4438345795985707, ""{'clf__C': 100.0, 'clf__class_weight': None, 'clf__gamma': 0.1}"": 0.3377243614085719, ""{'clf__C': 100.0, 'clf__class_weight': 'balanced', 'clf__gamma': 0.0001}"": 0.4199742435273584, ""{'clf__C': 100.0, 'clf__class_weight': 'balanced', 'clf__gamma': 0.001}"": 0.4450391927149733, ""{'clf__C': 100.0, 'clf__class_weight': 'balanced', 'clf__gamma': 0.01}"": 0.4438345795985707, ""{'clf__C': 100.0, 'clf__class_weight': 'balanced', 'clf__gamma': 0.1}"": 0.3377243614085719}, ""best_score"": 0.4851149393907395}"
A_window_w8_s4,rbf_svm,arousal,9,1,"[37, 36, 15, 0, 12, 10, 29, 26, 31, 6, 11, 4, 33, 28, 7, 21, 18, 14, 16, 24, 19, 25, 32, 9, 20, 30, 2, 34, 27, 22, 38, 39]","[1, 35, 23, 5, 13, 8, 3, 17]","{""accuracy"": 0.5, ""balanced_accuracy"": 0.45714285714285713, ""precision_macro"": 0.45519203413940257, ""precision_micro"": 0.5, ""precision_weighted"": 0.4900426742532006, ""recall_macro"": 0.45714285714285713, ""recall_micro"": 0.5, ""recall_weighted"": 0.5, ""f1_macro"": 0.4555555555555556, ""f1_micro"": 0.5, ""f1_weighted"": 0.49444444444444446, ""mcc"": -0.0876434000715537, ""kappa"": -0.08737864077669899, ""confusion_matrix"": [[12, 30], [26, 44]], ""tp"": 44, ""tn"": 12, ""fp"": 30, ""fn"": 26, ""tpr"": 0.6285714285714286, ""tnr"": 0.2857142857142857, ""fpr"": 0.7142857142857143, ""fnr"": 0.37142857142857144, ""ppv"": 0.5945945945945946, ""npv"": 0.3157894736842105, ""roc_auc"": 0.4945578231292517, ""pr_auc"": 0.6582600816031278, ""log_loss"": 1.5923366918330566, ""brier"": 0.4073942515663879, ""trial_accuracy"": 0.5, ""trial_f1_macro"": 0.3333333333333333}","{""clf__C"": 10.0, ""clf__class_weight"": ""balanced"", ""clf__gamma"": 0.001}","{""scores"": {""{'clf__C': 0.1, 'clf__class_weight': None, 'clf__gamma': 0.0001}"": 0.3017740429505135, ""{'clf__C': 0.1, 'clf__class_weight': None, 'clf__gamma': 0.001}"": 0.3564010543530937, ""{'clf__C': 0.1, 'clf__class_weight': None, 'clf__gamma': 0.01}"": 0.3596345630450761, ""{'clf__C': 0.1, 'clf__class_weight': None, 'clf__gamma': 0.1}"": 0.3017740429505135, ""{'clf__C': 0.1, 'clf__class_weight': 'balanced', 'clf__gamma': 0.0001}"": 0.3587962962962963, ""{'clf__C': 0.1, 'clf__class_weight': 'balanced', 'clf__gamma': 0.001}"": 0.410784647048394, ""{'clf__C': 0.1, 'clf__class_weight': 'balanced', 'clf__gamma': 0.01}"": 0.531135421447228, ""{'clf__C': 0.1, 'clf__class_weight': 'balanced', 'clf__gamma': 0.1}"": 0.3587962962962963, ""{'clf__C': 1.0, 'clf__class_weight': None, 'clf__gamma': 0.0001}"": 0.360615263577273, ""{'clf__C': 1.0, 'clf__class_weight': None, 'clf__gamma': 0.001}"": 0.5338150079145146, ""{'clf__C': 1.0, 'clf__class_weight': None, 'clf__gamma': 0.01}"": 0.5787017919732494, ""{'clf__C': 1.0, 'clf__class_weight': None, 'clf__gamma': 0.1}"": 0.3763369704839759, ""{'clf__C': 1.0, 'clf__class_weight': 'balanced', 'clf__gamma': 0.0001}"": 0.5176729933426362, ""{'clf__C': 1.0, 'clf__class_weight': 'balanced', 'clf__gamma': 0.001}"": 0.5684704041661526, ""{'clf__C': 1.0, 'clf__class_weight': 'balanced', 'clf__gamma': 0.01}"": 0.6110448694131905, ""{'clf__C': 1.0, 'clf__class_weight': 'balanced', 'clf__gamma': 0.1}"": 0.37770054659635766, ""{'clf__C': 10.0, 'clf__class_weight': None, 'clf__gamma': 0.0001}"": 0.5316333598878403, ""{'clf__C': 10.0, 'clf__class_weight': None, 'clf__gamma': 0.001}"": 0.6246666236491616, ""{'clf__C': 10.0, 'clf__class_weight': None, 'clf__gamma': 0.01}"": 0.5923720461718082, ""{'clf__C': 10.0, 'clf__class_weight': None, 'clf__gamma': 0.1}"": 0.37587445384930956, ""{'clf__C': 10.0, 'clf__class_weight': 'balanced', 'clf__gamma': 0.0001}"": 0.5596149412837718, ""{'clf__C': 10.0, 'clf__class_weight': 'balanced', 'clf__gamma': 0.001}"": 0.6516266634383153, ""{'clf__C': 10.0, 'clf__class_weight': 'balanced', 'clf__gamma': 0.01}"": 0.5896024703082898, ""{'clf__C': 10.0, 'clf__class_weight': 'balanced', 'clf__gamma': 0.1}"": 0.37587445384930956, ""{'clf__C': 100.0, 'clf__class_weight': None, 'clf__gamma': 0.0001}"": 0.6245769004855285, ""{'clf__C': 100.0, 'clf__class_weight': None, 'clf__gamma': 0.001}"": 0.5922356267540011, ""{'clf__C': 100.0, 'clf__class_weight': None, 'clf__gamma': 0.01}"": 0.5896024703082898, ""{'clf__C': 100.0, 'clf__class_weight': None, 'clf__gamma': 0.1}"": 0.37587445384930956, ""{'clf__C': 100.0, 'clf__class_weight': 'balanced', 'clf__gamma': 0.0001}"": 0.6316252752614929, ""{'clf__C': 100.0, 'clf__class_weight': 'balanced', 'clf__gamma': 0.001}"": 0.5965407495283304, ""{'clf__C': 100.0, 'clf__class_weight': 'balanced', 'clf__gamma': 0.01}"": 0.5896024703082898, ""{'clf__C': 100.0, 'clf__class_weight': 'balanced', 'clf__gamma': 0.1}"": 0.37587445384930956}, ""best_score"": 0.6516266634383153}"
A_window_w8_s4,rbf_svm,arousal,10,0,"[36, 8, 0, 35, 24, 2, 18, 19, 21, 4, 9, 7, 12, 6, 15, 37, 31, 14, 20, 30, 16, 17, 33, 25, 34, 1, 29, 3, 26, 27, 38, 10]","[5, 32, 39, 22, 23, 13, 11, 28]","{""accuracy"": 0.5267857142857143, ""balanced_accuracy"": 0.5642857142857143, ""precision_macro"": 0.5649261422191687, ""precision_micro"": 0.5267857142857143, ""precision_weighted"": 0.6005238749570594, ""recall_macro"": 0.5642857142857143, ""recall_micro"": 0.5267857142857143, ""recall_weighted"": 0.5267857142857143, ""f1_macro"": 0.526747986924978, ""f1_micro"": 0.5267857142857143, ""f1_weighted"": 0.5256916208243643, ""mcc"": 0.12921026938096103, ""kappa"": 0.11297071129707115, ""confusion_matrix"": [[29, 41], [12, 30]], ""tp"": 30, ""tn"": 29, ""fp"": 41, ""fn"": 12, ""tpr"": 0.7142857142857143, ""tnr"": 0.4142857142857143, ""fpr"": 0.5857142857142857, ""fnr"": 0.2857142857142857, ""ppv"": 0.4225352112676056, ""npv"": 0.7073170731707317, ""roc_auc"": 0.6068027210884352, ""pr_auc"": 0.508401625233854, ""log_loss"": 1.0742789877712673, ""brier"": 0.3667387622409532, ""trial_accuracy"": 0.625, ""trial_f1_macro"": 0.6190476190476191}","{""clf__C"": 0.1, ""clf__class_weight"": ""balanced"", ""clf__gamma"": 0.01}","{""scores"": {""{'clf__C': 0.1, 'clf__class_weight': None, 'clf__gamma': 0.0001}"": 0.37227668845315903, ""{'clf__C': 0.1, 'clf__class_weight': None, 'clf__gamma': 0.001}"": 0.37227668845315903, ""{'clf__C': 0.1, 'clf__class_weight': None, 'clf__gamma': 0.01}"": 0.43019123677283355, ""{'clf__C': 0.1, 'clf__class_weight': None, 'clf__gamma': 0.1}"": 0.37227668845315903, ""{'clf__C': 0.1, 'clf__class_weight': 'balanced', 'clf__gamma': 0.0001}"": 0.3017740429505135, ""{'clf__C': 0.1, 'clf__class_weight': 'balanced', 'clf__gamma': 0.001}"": 0.6104329897335389, ""{'clf__C': 0.1, 'clf__class_weight': 'balanced', 'clf__gamma': 0.01}"": 0.677524288153342, ""{'clf__C': 0.1, 'clf__class_weight': 'balanced', 'clf__gamma': 0.1}"": 0.3017740429505135, ""{'clf__C': 1.0, 'clf__class_weight': None, 'clf__gamma': 0.0001}"": 0.3786410943772211, ""{'clf__C': 1.0, 'clf__class_weight': None, 'clf__gamma': 0.001}"": 0.6589496151996151, ""{'clf__C': 1.0, 'clf__class_weight': None, 'clf__gamma': 0.01}"": 0.6601321924325653, ""{'clf__C': 1.0, 'clf__class_weight': None, 'clf__gamma': 0.1}"": 0.37227668845315903, ""{'clf__C': 1.0, 'clf__class_weight': 'balanced', 'clf__gamma': 0.0001}"": 0.6514146104346247, ""{'clf__C': 1.0, 'clf__class_weight': 'balanced', 'clf__gamma': 0.001}"": 0.6747691318139571, ""{'clf__C': 1.0, 'clf__class_weight': 'balanced', 'clf__gamma': 0.01}"": 0.6639284112445842, ""{'clf__C': 1.0, 'clf__class_weight': 'balanced', 'clf__gamma': 0.1}"": 0.37227668845315903, ""{'clf__C': 10.0, 'clf__class_weight': None, 'clf__gamma': 0.0001}"": 0.6629372778715217, ""{'clf__C': 10.0, 'clf__class_weight': None, 'clf__gamma': 0.001}"": 0.6691965837783337, ""{'clf__C': 10.0, 'clf__class_weight': None, 'clf__gamma': 0.01}"": 0.6519138083841044, ""{'clf__C': 10.0, 'clf__class_weight': None, 'clf__gamma': 0.1}"": 0.37227668845315903, ""{'clf__C': 10.0, 'clf__class_weight': 'balanced', 'clf__gamma': 0.0001}"": 0.6768706300065038, ""{'clf__C': 10.0, 'clf__class_weight': 'balanced', 'clf__gamma': 0.001}"": 0.6691245176087923, ""{'clf__C': 10.0, 'clf__class_weight': 'balanced', 'clf__gamma': 0.01}"": 0.6519138083841044, ""{'clf__C': 10.0, 'clf__class_weight': 'balanced', 'clf__gamma': 0.1}"": 0.37227668845315903, ""{'clf__C': 100.0, 'clf__class_weight': None, 'clf__gamma': 0.0001}"": 0.6643104869447782, ""{'clf__C': 100.0, 'clf__class_weight': None, 'clf__gamma': 0.001}"": 0.6506353659964202, ""{'clf__C': 100.0, 'clf__class_weight': None, 'clf__gamma': 0.01}"": 0.6519138083841044, ""{'clf__C': 100.0, 'clf__class_weight': None, 'clf__gamma': 0.1}"": 0.37227668845315903, ""{'clf__C': 100.0, 'clf__class_weight': 'balanced', 'clf__gamma': 0.0001}"": 0.6694385230521273, ""{'clf__C': 100.0, 'clf__class_weight': 'balanced', 'clf__gamma': 0.001}"": 0.6509894274646048, ""{'clf__C': 100.0, 'clf__class_weight': 'balanced', 'clf__gamma': 0.01}"": 0.6519138083841044, ""{'clf__C': 100.0, 'clf__class_weight': 'balanced', 'clf__gamma': 0.1}"": 0.37227668845315903}, ""best_score"": 0.677524288153342}"
A_window_w8_s4,rbf_svm,arousal,10,1,"[2, 33, 16, 5, 3, 7, 36, 27, 28, 30, 19, 32, 4, 12, 8, 11, 14, 38, 13, 20, 10, 23, 34, 9, 17, 24, 35, 29, 39, 26, 21, 31]","[15, 22, 25, 6, 18, 37, 1, 0]","{""accuracy"": 0.7232142857142857, ""balanced_accuracy"": 0.7357142857142858, ""precision_macro"": 0.7210526315789474, ""precision_micro"": 0.7232142857142857, ""precision_weighted"": 0.7513157894736843, ""recall_macro"": 0.7357142857142858, ""recall_micro"": 0.7232142857142857, ""recall_weighted"": 0.7232142857142857, ""f1_macro"": 0.7181589414725221, ""f1_micro"": 0.7232142857142857, ""f1_weighted"": 0.7275955840571475, ""mcc"": 0.45653154615160924, ""kappa"": 0.4439461883408071, ""confusion_matrix"": [[33, 9], [22, 48]], ""tp"": 48, ""tn"": 33, ""fp"": 9, ""fn"": 22, ""tpr"": 0.6857142857142857, ""tnr"": 0.7857142857142857, ""fpr"": 0.21428571428571427, ""fnr"": 0.3142857142857143, ""ppv"": 0.8421052631578947, ""npv"": 0.6, ""roc_auc"": 0.7772108843537414, ""pr_auc"": 0.8771912389411427, ""log_loss"": 0.5658097488615697, ""brier"": 0.19306635452566404, ""trial_accuracy"": 0.875, ""trial_f1_macro"": 0.873015873015873}","{""clf__C"": 10.0, ""clf__class_weight"": null, ""clf__gamma"": 0.0001}","{""scores"": {""{'clf__C': 0.1, 'clf__class_weight': None, 'clf__gamma': 0.0001}"": 0.35838779956427014, ""{'clf__C': 0.1, 'clf__class_weight': None, 'clf__gamma': 0.001}"": 0.35838779956427014, ""{'clf__C': 0.1, 'clf__class_weight': None, 'clf__gamma': 0.01}"": 0.4154570639506077, ""{'clf__C': 0.1, 'clf__class_weight': None, 'clf__gamma': 0.1}"": 0.35838779956427014, ""{'clf__C': 0.1, 'clf__class_weight': 'balanced', 'clf__gamma': 0.0001}"": 0.30416666666666664, ""{'clf__C': 0.1, 'clf__class_weight': 'balanced', 'clf__gamma': 0.001}"": 0.40073198857860987, ""{'clf__C': 0.1, 'clf__class_weight': 'balanced', 'clf__gamma': 0.01}"": 0.5317995011372308, ""{'clf__C': 0.1, 'clf__class_weight': 'balanced', 'clf__gamma': 0.1}"": 0.30416666666666664, ""{'clf__C': 1.0, 'clf__class_weight': None, 'clf__gamma': 0.0001}"": 0.3803448470917347, ""{'clf__C': 1.0, 'clf__class_weight': None, 'clf__gamma': 0.001}"": 0.5346439155413514, ""{'clf__C': 1.0, 'clf__class_weight': None, 'clf__gamma': 0.01}"": 0.508162252319988, ""{'clf__C': 1.0, 'clf__class_weight': None, 'clf__gamma': 0.1}"": 0.35838779956427014, ""{'clf__C': 1.0, 'clf__class_weight': 'balanced', 'clf__gamma': 0.0001}"": 0.5153496677378017, ""{'clf__C': 1.0, 'clf__class_weight': 'balanced', 'clf__gamma': 0.001}"": 0.5243985313878196, ""{'clf__C': 1.0, 'clf__class_weight': 'balanced', 'clf__gamma': 0.01}"": 0.518464668446262, ""{'clf__C': 1.0, 'clf__class_weight': 'balanced', 'clf__gamma': 0.1}"": 0.35838779956427014, ""{'clf__C': 10.0, 'clf__class_weight': None, 'clf__gamma': 0.0001}"": 0.5349256099377617, ""{'clf__C': 10.0, 'clf__class_weight': None, 'clf__gamma': 0.001}"": 0.500516518111964, ""{'clf__C': 10.0, 'clf__class_weight': None, 'clf__gamma': 0.01}"": 0.4924071582802099, ""{'clf__C': 10.0, 'clf__class_weight': None, 'clf__gamma': 0.1}"": 0.35838779956427014, ""{'clf__C': 10.0, 'clf__class_weight': 'balanced', 'clf__gamma': 0.0001}"": 0.5257116914918782, ""{'clf__C': 10.0, 'clf__class_weight': 'balanced', 'clf__gamma': 0.001}"": 0.5130769155421616, ""{'clf__C': 10.0, 'clf__class_weight': 'balanced', 'clf__gamma': 0.01}"": 0.4924071582802099, ""{'clf__C': 10.0, 'clf__class_weight': 'balanced', 'clf__gamma': 0.1}"": 0.35838779956427014, ""{'clf__C': 100.0, 'clf__class_weight': None, 'clf__gamma': 0.0001}"": 0.5040094918185285, ""{'clf__C': 100.0, 'clf__class_weight': None, 'clf__gamma': 0.001}"": 0.4730051327183153, ""{'clf__C': 100.0, 'clf__class_weight': None, 'clf__gamma': 0.01}"": 0.4924071582802099, ""{'clf__C': 100.0, 'clf__class_weight': None, 'clf__gamma': 0.1}"": 0.35838779956427014, ""{'clf__C': 100.0, 'clf__class_weight': 'balanced', 'clf__gamma': 0.0001}"": 0.5335283080450748, ""{'clf__C': 100.0, 'clf__class_weight': 'balanced', 'clf__gamma': 0.001}"": 0.47284495254667097, ""{'clf__C': 100.0, 'clf__class_weight': 'balanced', 'clf__gamma': 0.01}"": 0.4924071582802099, ""{'clf__C': 100.0, 'clf__class_weight': 'balanced', 'clf__gamma': 0.1}"": 0.35838779956427014}, ""best_score"": 0.5349256099377617}"
