accuracy,balanced_accuracy,best_params,brier,confusion_matrix,dimension,f1_macro,f1_micro,f1_weighted,fn,fnr,fold,fp,fpr,kappa,log_loss,mcc,mode,model,npv,ppv,pr_auc,precision_macro,precision_micro,precision_weighted,recall_macro,recall_micro,recall_weighted,roc_auc,tn,tnr,tp,tpr,trial_accuracy,trial_balanced_accuracy,trial_brier,trial_confusion_matrix,trial_f1_macro,trial_f1_micro,trial_f1_weighted,trial_fn,trial_fnr,trial_fp,trial_fpr,trial_kappa,trial_log_loss,trial_mcc,trial_npv,trial_ppv,trial_pr_auc,trial_precision_macro,trial_precision_micro,trial_precision_weighted,trial_recall_macro,trial_recall_micro,trial_recall_weighted,trial_roc_auc,trial_tn,trial_tnr,trial_tp,trial_tpr
0.5227272727272727,0.5393939393939394,"{""clf__C"": 235.1599274057192, ""clf__gamma"": 0.021154290797261225, ""clf__class_weight"": ""balanced""}",0.3488918609616778,"[[20, 13], [29, 26]]",valence,0.5204981837052414,0.5227272727272727,0.5286715101193565,29,0.5272727272727272,,13,0.3939393939393939,0.07182320441988954,1.252234067114158,0.07678340712665285,subject_dependent,rbf_svm,0.40816326530612246,0.6666666666666666,0.6833555126687354,0.5374149659863945,0.5227272727272727,0.5697278911564626,0.5393939393939394,0.5227272727272727,0.5227272727272727,0.5696969696969696,20,0.6060606060606061,26,0.4727272727272727,0.625,0.6333333333333333,0.28367304526705595,"[[2, 1], [2, 3]]",0.6190476190476191,0.625,0.6309523809523809,2,0.4,1,0.3333333333333333,0.25,0.7629622790401838,0.2581988897471611,0.5,0.75,0.6595238095238095,0.625,0.625,0.65625,0.6333333333333333,0.625,0.625,0.5333333333333333,2,0.6666666666666666,3,0.6
0.5795454545454546,0.5795454545454546,"{""clf__C"": 1.351144633701368, ""clf__gamma"": 0.015446089075047083, ""clf__class_weight"": ""balanced""}",0.3602412846216643,"[[40, 4], [33, 11]]",valence,0.5283210198464436,0.5795454545454546,0.5283210198464435,33,0.75,,4,0.09090909090909091,0.15909090909090906,1.3975110419773165,0.2115392598254248,subject_dependent,rbf_svm,0.547945205479452,0.7333333333333333,0.5531187688974815,0.6406392694063927,0.5795454545454546,0.6406392694063926,0.5795454545454546,0.5795454545454546,0.5795454545454546,0.4772727272727273,40,0.9090909090909091,11,0.25,0.5,0.5,0.31853054905559414,"[[4, 0], [4, 0]]",0.3333333333333333,0.5,0.3333333333333333,4,1.0,0,0.0,0.0,0.8972309723096655,0.0,0.5,0.0,0.6845238095238095,0.25,0.5,0.25,0.5,0.5,0.5,0.5625,4,1.0,0,0.0
0.6363636363636364,0.5909090909090908,"{""clf__C"": 13.411788774467905, ""clf__gamma"": 0.00026210878782654407, ""clf__class_weight"": ""balanced""}",0.2001211547153732,"[[45, 21], [11, 11]]",valence,0.5725561627200971,0.6363636363636364,0.655130540376442,11,0.5,,21,0.3181818181818182,0.1578947368421053,0.5816453792774126,0.1636634176769943,subject_dependent,rbf_svm,0.8035714285714286,0.34375,0.45805605231958246,0.5736607142857143,0.6363636363636364,0.6886160714285714,0.5909090909090908,0.6363636363636364,0.6363636363636364,0.6590909090909091,45,0.6818181818181818,11,0.5,0.75,0.6666666666666667,0.18253603528148993,"[[5, 1], [1, 1]]",0.6666666666666667,0.75,0.75,1,0.5,1,0.16666666666666666,0.33333333333333337,0.5447736729338812,0.3333333333333333,0.8333333333333334,0.5,0.7,0.6666666666666667,0.75,0.75,0.6666666666666667,0.75,0.75,0.75,5,0.8333333333333334,1,0.5
0.5681818181818182,0.5333333333333333,"{""clf__C"": 235.1599274057192, ""clf__gamma"": 0.021154290797261225, ""clf__class_weight"": ""balanced""}",0.33796256267545166,"[[37, 18], [20, 13]]",valence,0.5334821428571428,0.5681818181818182,0.5652901785714286,20,0.6060606060606061,,18,0.32727272727272727,0.06748466257668717,1.1339184843822745,0.06756608899303519,subject_dependent,rbf_svm,0.6491228070175439,0.41935483870967744,0.4182472062086835,0.5342388228636107,0.5681818181818182,0.5629598189020939,0.5333333333333333,0.5681818181818182,0.5681818181818182,0.5289256198347108,37,0.6727272727272727,13,0.3939393939393939,0.5,0.4666666666666667,0.2870360217096649,"[[3, 2], [2, 1]]",0.4666666666666667,0.5,0.5,2,0.6666666666666666,2,0.4,-0.06666666666666665,0.7806497434784099,-0.06666666666666667,0.6,0.3333333333333333,0.44285714285714284,0.4666666666666667,0.5,0.5,0.4666666666666667,0.5,0.5,0.4666666666666666,3,0.6,1,0.3333333333333333
0.38636363636363635,0.4121212121212121,"{""clf__C"": 160.49758307716223, ""clf__gamma"": 0.00018427970406864567, ""clf__class_weight"": null}",0.3694666728430485,"[[17, 16], [38, 17]]",valence,0.38636363636363635,0.38636363636363635,0.38636363636363635,38,0.6909090909090909,,16,0.48484848484848486,-0.15508021390374327,1.0239129053674334,-0.17575757575757575,subject_dependent,rbf_svm,0.3090909090909091,0.5151515151515151,0.6166972275706855,0.4121212121212121,0.38636363636363635,0.43787878787878787,0.4121212121212121,0.38636363636363635,0.38636363636363635,0.40771349862258954,17,0.5151515151515151,17,0.3090909090909091,0.5,0.6,0.3222976710768043,"[[3, 0], [4, 1]]",0.4666666666666667,0.5,0.4333333333333333,4,0.8,0,0.0,0.1578947368421053,0.857911190697543,0.29277002188455997,0.42857142857142855,1.0,0.6192857142857142,0.7142857142857143,0.5,0.7857142857142857,0.6,0.5,0.5,0.2,3,1.0,1,0.2
0.5227272727272727,0.2987012987012987,"{""clf__C"": 0.40069130793659025, ""clf__gamma"": 0.0014899847475658245, ""clf__class_weight"": ""balanced""}",0.3248957485229081,"[[46, 31], [11, 0]]",valence,0.34328358208955223,0.5227272727272727,0.6007462686567164,11,1.0,,31,0.4025974025974026,-0.22627737226277378,0.9318287631082789,-0.27873685724886194,subject_dependent,rbf_svm,0.8070175438596491,0.0,0.08845798086091101,0.40350877192982454,0.5227272727272727,0.706140350877193,0.2987012987012987,0.5227272727272727,0.5227272727272727,0.25501770956316405,46,0.5974025974025974,0,0.0,0.5,0.2857142857142857,0.3152640631624938,"[[4, 3], [1, 0]]",0.3333333333333333,0.5,0.5833333333333333,1,1.0,3,0.42857142857142855,-0.23076923076923084,0.8992603116848682,-0.29277002188455997,0.8,0.0,0.14285714285714285,0.4,0.5,0.7000000000000001,0.2857142857142857,0.5,0.5,0.1428571428571429,4,0.5714285714285714,0,0.0
0.48863636363636365,0.48863636363636365,"{""clf__C"": 2.365839532258546, ""clf__gamma"": 0.06025271171095385, ""clf__class_weight"": null}",0.30250256619832633,"[[7, 37], [8, 36]]",valence,0.4263363754889179,0.48863636363636365,0.4263363754889179,8,0.18181818181818182,,37,0.8409090909090909,-0.022727272727272707,0.8252814304813608,-0.03021989426077497,subject_dependent,rbf_svm,0.4666666666666667,0.4931506849315068,0.5936402226433681,0.47990867579908675,0.48863636363636365,0.47990867579908675,0.48863636363636365,0.48863636363636365,0.48863636363636365,0.5361570247933883,7,0.1590909090909091,36,0.8181818181818182,0.375,0.375,0.28774848408147913,"[[0, 4], [1, 3]]",0.2727272727272727,0.375,0.2727272727272727,1,0.25,4,1.0,-0.25,0.7673495803280743,-0.3779644730092272,0.0,0.42857142857142855,0.75,0.21428571428571427,0.375,0.21428571428571427,0.375,0.375,0.375,0.5625,0,0.0,3,0.75
0.7272727272727273,0.7121212121212122,"{""clf__C"": 0.21466070134458173, ""clf__gamma"": 0.0012955517240662183, ""clf__class_weight"": ""balanced""}",0.2064954946424753,"[[49, 17], [7, 15]]",valence,0.6794171220400729,0.7272727272727273,0.7413479052823315,7,0.3181818181818182,,17,0.25757575757575757,0.368421052631579,0.6050521322202013,0.3818813079129867,subject_dependent,rbf_svm,0.875,0.46875,0.4778802464955756,0.671875,0.7272727272727273,0.7734375,0.7121212121212122,0.7272727272727273,0.7272727272727273,0.7806473829201102,49,0.7424242424242424,15,0.6818181818181818,0.625,0.5833333333333333,0.202753236709302,"[[4, 2], [1, 1]]",0.5636363636363637,0.625,0.6454545454545454,1,0.5,2,0.3333333333333333,0.1428571428571429,0.5982930667356918,0.14907119849998599,0.8,0.3333333333333333,0.5,0.5666666666666667,0.625,0.6833333333333335,0.5833333333333333,0.625,0.625,0.7500000000000001,4,0.6666666666666666,1,0.5
0.6704545454545454,0.6704545454545454,"{""clf__C"": 13.411788774467905, ""clf__gamma"": 0.00026210878782654407, ""clf__class_weight"": ""balanced""}",0.22136063497637268,"[[27, 17], [12, 32]]",valence,0.6693872263246534,0.6704545454545454,0.6693872263246535,12,0.2727272727272727,,17,0.38636363636363635,0.34090909090909094,0.62931188717484,0.3431317581537581,subject_dependent,rbf_svm,0.6923076923076923,0.6530612244897959,0.7751418313489902,0.6726844583987441,0.6704545454545454,0.672684458398744,0.6704545454545454,0.6704545454545454,0.6704545454545454,0.7293388429752066,27,0.6136363636363636,32,0.7272727272727273,0.625,0.625,0.19929890319757262,"[[2, 2], [1, 3]]",0.6190476190476191,0.625,0.6190476190476191,1,0.25,2,0.5,0.25,0.5670534906493705,0.2581988897471611,0.6666666666666666,0.6,0.8303571428571428,0.6333333333333333,0.625,0.6333333333333333,0.625,0.625,0.625,0.75,2,0.5,3,0.75
0.6704545454545454,0.6704545454545454,"{""clf__C"": 13.411788774467905, ""clf__gamma"": 0.00026210878782654407, ""clf__class_weight"": ""balanced""}",0.17390085765415425,"[[28, 16], [13, 31]]",valence,0.6700711053652231,0.6704545454545454,0.6700711053652231,13,0.29545454545454547,,16,0.36363636363636365,0.34090909090909094,0.5078679094276889,0.34170426675113597,subject_dependent,rbf_svm,0.6829268292682927,0.6595744680851063,0.8362550365609538,0.6712506486766996,0.6704545454545454,0.6712506486766995,0.6704545454545454,0.6704545454545454,0.6704545454545454,0.818698347107438,28,0.6363636363636364,31,0.7045454545454546,0.625,0.625,0.16142476271604028,"[[3, 1], [2, 2]]",0.6190476190476191,0.625,0.6190476190476191,2,0.5,1,0.25,0.25,0.48066191140026715,0.2581988897471611,0.6,0.6666666666666666,0.8166666666666667,0.6333333333333333,0.625,0.6333333333333333,0.625,0.625,0.625,0.75,3,0.75,2,0.5
0.625,0.5242424242424242,"{""clf__C"": 0.40069130793659025, ""clf__gamma"": 0.0014899847475658245, ""clf__class_weight"": ""balanced""}",0.2811660978005404,"[[51, 4], [29, 4]]",valence,0.47533875338753384,0.625,0.5453929539295393,29,0.8787878787878788,,4,0.07272727272727272,0.05714285714285716,0.9040357384752553,0.08164965809277261,subject_dependent,rbf_svm,0.6375,0.5,0.46090798503523145,0.56875,0.625,0.5859375,0.5242424242424242,0.625,0.625,0.5399449035812672,51,0.9272727272727272,4,0.12121212121212122,0.625,0.5,0.24563577817797164,"[[5, 0], [3, 0]]",0.38461538461538464,0.625,0.4807692307692308,3,1.0,0,0.0,0.0,0.723349352012711,0.0,0.625,0.0,0.6805555555555556,0.3125,0.625,0.390625,0.5,0.625,0.625,0.6,5,1.0,0,0.0
0.7727272727272727,0.6666666666666666,"{""clf__C"": 2.2463533171675794, ""clf__gamma"": 0.0006516990611177178, ""clf__class_weight"": null}",0.1508637112073188,"[[58, 8], [12, 10]]",valence,0.6764705882352942,0.7727272727272727,0.764705882352941,12,0.5454545454545454,,8,0.12121212121212122,0.3548387096774194,0.4899973517442842,0.35783002674779546,subject_dependent,rbf_svm,0.8285714285714286,0.5555555555555556,0.5326907957777374,0.692063492063492,0.7727272727272727,0.7603174603174604,0.6666666666666666,0.7727272727272727,0.7727272727272727,0.7741046831955923,58,0.8787878787878788,10,0.45454545454545453,0.75,0.6666666666666667,0.1173797888326144,"[[5, 1], [1, 1]]",0.6666666666666667,0.75,0.75,1,0.5,1,0.16666666666666666,0.33333333333333337,0.3891454055258959,0.3333333333333333,0.8333333333333334,0.5,0.8333333333333333,0.6666666666666667,0.75,0.75,0.6666666666666667,0.75,0.75,0.9166666666666667,5,0.8333333333333334,1,0.5
0.5340909090909091,0.6212121212121212,"{""clf__C"": 34.26465148409954, ""clf__gamma"": 0.020597335357437203, ""clf__class_weight"": null}",0.371921827310373,"[[32, 1], [40, 15]]",valence,0.5160295103957075,0.5340909090909091,0.4926559356136821,40,0.7272727272727273,,1,0.030303030303030304,0.196078431372549,1.2417795942261198,0.3042903097250923,subject_dependent,rbf_svm,0.4444444444444444,0.9375,0.7520842673639199,0.6909722222222222,0.5340909090909091,0.7526041666666667,0.6212121212121212,0.5340909090909091,0.5340909090909091,0.5774104683195592,32,0.9696969696969697,15,0.2727272727272727,0.5,0.6,0.29067336830511353,"[[3, 0], [4, 1]]",0.4666666666666667,0.5,0.4333333333333333,4,0.8,0,0.0,0.1578947368421053,0.7844666690484499,0.29277002188455997,0.42857142857142855,1.0,0.852857142857143,0.7142857142857143,0.5,0.7857142857142857,0.6,0.5,0.5,0.7333333333333334,3,1.0,1,0.2
0.3977272727272727,0.49393939393939396,"{""clf__C"": 1.351144633701368, ""clf__gamma"": 0.015446089075047083, ""clf__class_weight"": ""balanced""}",0.4428918443736288,"[[29, 4], [49, 6]]",valence,0.35356895356895357,0.3977272727272727,0.3113305613305613,49,0.8909090909090909,,4,0.12121212121212122,-0.00952380952380949,1.5004864711232897,-0.01849000654084097,subject_dependent,rbf_svm,0.3717948717948718,0.6,0.7029565129328467,0.4858974358974359,0.3977272727272727,0.514423076923077,0.49393939393939396,0.3977272727272727,0.3977272727272727,0.6484848484848484,29,0.8787878787878788,6,0.10909090909090909,0.375,0.5,0.384990486124657,"[[3, 0], [5, 0]]",0.2727272727272727,0.375,0.20454545454545453,5,1.0,0,0.0,0.0,1.0007583541924259,0.0,0.375,0.0,0.8261904761904763,0.1875,0.375,0.140625,0.5,0.375,0.375,0.6666666666666667,3,1.0,0,0.0
0.8068181818181818,0.7787878787878788,"{""clf__C"": 7.709391232564023, ""clf__gamma"": 0.00026471141828218194, ""clf__class_weight"": null}",0.21829996252157768,"[[49, 6], [11, 22]]",valence,0.7867426942266571,0.8068181818181818,0.8031004989308624,11,0.3333333333333333,,6,0.10909090909090909,0.575,0.7111131426697302,0.5795455252808152,subject_dependent,rbf_svm,0.8166666666666667,0.7857142857142857,0.7633755188967468,0.8011904761904762,0.8068181818181818,0.8050595238095237,0.7787878787878788,0.8068181818181818,0.8068181818181818,0.6903581267217631,49,0.8909090909090909,22,0.6666666666666666,0.875,0.8333333333333333,0.19541136064322967,"[[5, 0], [1, 2]]",0.8545454545454545,0.875,0.8681818181818182,1,0.3333333333333333,0,0.0,0.7142857142857143,0.6213908958603739,0.7453559924999299,0.8333333333333334,1.0,0.7916666666666666,0.9166666666666667,0.875,0.8958333333333334,0.8333333333333333,0.875,0.875,0.6666666666666666,5,1.0,2,0.6666666666666666
0.5454545454545454,0.6666666666666666,"{""clf__C"": 1.351144633701368, ""clf__gamma"": 0.015446089075047083, ""clf__class_weight"": ""balanced""}",0.3246070468458859,"[[20, 2], [38, 28]]",valence,0.5416666666666667,0.5454545454545454,0.5625,38,0.5757575757575758,,2,0.09090909090909091,0.21568627450980393,0.9710757410920858,0.30450009279704654,subject_dependent,rbf_svm,0.3448275862068966,0.9333333333333333,0.8943948584013905,0.639080459770115,0.5454545454545454,0.7862068965517242,0.6666666666666666,0.5454545454545454,0.5454545454545454,0.700413223140496,20,0.9090909090909091,28,0.42424242424242425,0.5,0.6666666666666666,0.26918212286338933,"[[2, 0], [4, 2]]",0.5,0.5,0.5,4,0.6666666666666666,0,0.0,0.19999999999999996,0.736584974650588,0.3333333333333333,0.3333333333333333,1.0,0.9761904761904762,0.6666666666666666,0.5,0.8333333333333334,0.6666666666666666,0.5,0.5,0.9166666666666667,2,1.0,2,0.3333333333333333
0.375,0.5,"{""clf__C"": 6.471483909913166, ""clf__gamma"": 0.07647439907543511, ""clf__class_weight"": null}",0.2419842417636857,"[[33, 0], [55, 0]]",valence,0.2727272727272727,0.375,0.20454545454545456,55,1.0,,0,0.0,0.0,0.6767326203478331,0.0,subject_dependent,rbf_svm,0.375,0.0,0.8172628281882971,0.1875,0.375,0.140625,0.5,0.375,0.375,0.7041322314049586,33,1.0,0,0.0,0.625,0.7,0.23704415289282185,"[[3, 0], [3, 2]]",0.6190476190476191,0.625,0.6071428571428571,3,0.6,0,0.0,0.33333333333333337,0.6669242532612054,0.4472135954999579,0.5,1.0,0.9266666666666666,0.75,0.625,0.8125,0.7,0.625,0.625,0.8666666666666667,3,1.0,2,0.4
0.5113636363636364,0.44545454545454544,"{""clf__C"": 1.351144633701368, ""clf__gamma"": 0.015446089075047083, ""clf__class_weight"": ""balanced""}",0.3558141362129393,"[[39, 16], [27, 6]]",valence,0.4314049586776859,0.5113636363636364,0.4847107438016529,27,0.8181818181818182,,16,0.2909090909090909,-0.11688311688311681,1.1118755697422493,-0.12196734422726126,subject_dependent,rbf_svm,0.5909090909090909,0.2727272727272727,0.33356231063256936,0.4318181818181818,0.5113636363636364,0.4715909090909091,0.44545454545454544,0.5113636363636364,0.5113636363636364,0.41046831955922863,39,0.7090909090909091,6,0.18181818181818182,0.375,0.3,0.3074824495776781,"[[3, 2], [3, 0]]",0.2727272727272727,0.375,0.3409090909090909,3,1.0,2,0.4,-0.4285714285714286,0.8192767834071941,-0.4472135954999579,0.5,0.0,0.4206349206349207,0.25,0.375,0.3125,0.3,0.375,0.375,0.4666666666666666,3,0.6,0,0.0
0.4318181818181818,0.4545454545454546,"{""clf__C"": 243.14537412227003, ""clf__gamma"": 0.0004992453416923984, ""clf__class_weight"": ""balanced""}",0.30425583188344496,"[[27, 39], [11, 11]]",valence,0.4123931623931624,0.4318181818181818,0.4658119658119659,11,0.5,,39,0.5909090909090909,-0.06382978723404253,0.8306794691306496,-0.07947194142390263,subject_dependent,rbf_svm,0.7105263157894737,0.22,0.36556941745233923,0.4652631578947368,0.4318181818181818,0.5878947368421052,0.4545454545454546,0.4318181818181818,0.4318181818181818,0.5006887052341598,27,0.4090909090909091,11,0.5,0.5,0.5,0.2648797245776696,"[[3, 3], [1, 1]]",0.4666666666666667,0.5,0.5333333333333333,1,0.5,3,0.5,0.0,0.7258268531474272,0.0,0.75,0.25,0.3666666666666667,0.5,0.5,0.625,0.5,0.5,0.5,0.5833333333333334,3,0.5,1,0.5
0.5454545454545454,0.5454545454545454,"{""clf__C"": 1.351144633701368, ""clf__gamma"": 0.015446089075047083, ""clf__class_weight"": ""balanced""}",0.3299640129482386,"[[27, 17], [23, 21]]",valence,0.5433316035288013,0.5454545454545454,0.5433316035288013,23,0.5227272727272727,,17,0.38636363636363635,0.09090909090909094,1.001565155915974,0.09176629354822471,subject_dependent,rbf_svm,0.54,0.5526315789473685,0.5653617983509704,0.5463157894736843,0.5454545454545454,0.5463157894736842,0.5454545454545454,0.5454545454545454,0.5454545454545454,0.5707644628099173,27,0.6136363636363636,21,0.4772727272727273,0.625,0.625,0.26922240076098486,"[[2, 2], [1, 3]]",0.6190476190476191,0.625,0.6190476190476191,1,0.25,2,0.5,0.25,0.7403837802921334,0.2581988897471611,0.6666666666666666,0.6,0.6678571428571428,0.6333333333333333,0.625,0.6333333333333333,0.625,0.625,0.625,0.5625,2,0.5,3,0.75
0.5227272727272727,0.5227272727272727,"{""clf__C"": 183.42628625395747, ""clf__gamma"": 0.0001005394019469303, ""clf__class_weight"": ""balanced""}",0.30776769093631934,"[[22, 22], [20, 24]]",valence,0.5224806201550387,0.5227272727272727,0.5224806201550387,20,0.45454545454545453,,22,0.5,0.045454545454545414,0.887325730531911,0.045501575519329006,subject_dependent,rbf_svm,0.5238095238095238,0.5217391304347826,0.47197797722750423,0.5227743271221532,0.5227272727272727,0.5227743271221532,0.5227272727272727,0.5227272727272727,0.5227272727272727,0.5036157024793388,22,0.5,24,0.5454545454545454,0.5,0.5,0.278557139718286,"[[2, 2], [2, 2]]",0.5,0.5,0.5,2,0.5,2,0.5,0.0,0.7627114057125308,0.0,0.5,0.5,0.5249999999999999,0.5,0.5,0.5,0.5,0.5,0.5,0.5,2,0.5,2,0.5
0.5,0.5606060606060606,"{""clf__C"": 0.5284919490133119, ""clf__gamma"": 0.005047786565710607, ""clf__class_weight"": null}",0.30443003986968165,"[[15, 7], [37, 29]]",valence,0.4870164281928988,0.5,0.5278219395866455,37,0.5606060606060606,,7,0.3181818181818182,0.08333333333333337,0.8284062568133316,0.10675210253672476,subject_dependent,rbf_svm,0.28846153846153844,0.8055555555555556,0.7997834977536862,0.5470085470085471,0.5,0.6762820512820513,0.5606060606060606,0.5,0.5,0.5433884297520661,15,0.6818181818181818,29,0.4393939393939394,0.5,0.6666666666666666,0.2845930257315444,"[[2, 0], [4, 2]]",0.5,0.5,0.5,4,0.6666666666666666,0,0.0,0.19999999999999996,0.7738977609442966,0.3333333333333333,0.3333333333333333,1.0,0.8972222222222223,0.6666666666666666,0.5,0.8333333333333334,0.6666666666666666,0.5,0.5,0.6666666666666667,2,1.0,2,0.3333333333333333
0.6022727272727273,0.5121212121212121,"{""clf__C"": 0.21466070134458173, ""clf__gamma"": 0.0012955517240662183, ""clf__class_weight"": ""balanced""}",0.27275912954179315,"[[48, 7], [28, 5]]",valence,0.4775233248515691,0.6022727272727273,0.5413486005089059,28,0.8484848484848485,,7,0.12727272727272726,0.02777777777777779,0.7390439469808204,0.03419927840283847,subject_dependent,rbf_svm,0.631578947368421,0.4166666666666667,0.45018833777416145,0.5241228070175439,0.6022727272727273,0.5509868421052632,0.5121212121212121,0.6022727272727273,0.6022727272727273,0.5338842975206612,48,0.8727272727272727,5,0.15151515151515152,0.375,0.5,0.2727185089476568,"[[0, 5], [0, 3]]",0.2727272727272727,0.375,0.20454545454545453,0,0.0,5,1.0,0.0,0.7389548368989184,0.0,0.0,0.375,0.4583333333333333,0.1875,0.375,0.140625,0.5,0.375,0.375,0.4666666666666666,0,0.0,3,1.0
0.4772727272727273,0.4772727272727273,"{""clf__C"": 0.4342298948286134, ""clf__gamma"": 0.0008179499475211679, ""clf__class_weight"": ""balanced""}",0.25115707134640247,"[[39, 5], [41, 3]]",valence,0.37220843672456577,0.4772727272727273,0.3722084367245657,41,0.9318181818181818,,5,0.11363636363636363,-0.045454545454545414,0.695468965642006,-0.07905694150420949,subject_dependent,rbf_svm,0.4875,0.375,0.580777845431699,0.43125,0.4772727272727273,0.43125,0.4772727272727273,0.4772727272727273,0.4772727272727273,0.5831611570247933,39,0.8863636363636364,3,0.06818181818181818,0.5,0.5,0.2510709587851083,"[[0, 4], [0, 4]]",0.3333333333333333,0.5,0.3333333333333333,0,0.0,4,1.0,0.0,0.6952931114736811,0.0,0.0,0.5,0.6083333333333333,0.25,0.5,0.25,0.5,0.5,0.5,0.625,0,0.0,4,1.0
0.4659090909090909,0.4636363636363636,"{""clf__C"": 1.351144633701368, ""clf__gamma"": 0.015446089075047083, ""clf__class_weight"": ""balanced""}",0.37303808714172887,"[[15, 18], [29, 26]]",valence,0.45743145743145747,0.4659090909090909,0.4743867243867244,29,0.5272727272727272,,18,0.5454545454545454,-0.06818181818181812,1.0983415592422479,-0.07041787902195304,subject_dependent,rbf_svm,0.3409090909090909,0.5909090909090909,0.6428898342303766,0.46590909090909094,0.4659090909090909,0.4971590909090909,0.4636363636363636,0.4659090909090909,0.4659090909090909,0.45867768595041325,15,0.45454545454545453,26,0.4727272727272727,0.5,0.5333333333333333,0.3088290523610123,"[[2, 1], [3, 2]]",0.5,0.5,0.5,3,0.6,1,0.3333333333333333,0.05882352941176472,0.8295693233865881,0.06666666666666667,0.4,0.6666666666666666,0.7592857142857143,0.5333333333333333,0.5,0.5666666666666667,0.5333333333333333,0.5,0.5,0.4666666666666667,2,0.6666666666666666,2,0.4
0.38636363636363635,0.3515151515151515,"{""clf__C"": 243.14537412227003, ""clf__gamma"": 0.0004992453416923984, ""clf__class_weight"": ""balanced""}",0.4323374303228942,"[[7, 26], [28, 27]]",valence,0.3529411764705882,0.38636363636363635,0.3897058823529412,28,0.509090909090909,,26,0.7878787878787878,-0.2934131736526946,1.5103402839867734,-0.29375041817178854,subject_dependent,rbf_svm,0.2,0.5094339622641509,0.6094812482175513,0.3547169811320755,0.38636363636363635,0.39339622641509436,0.3515151515151515,0.38636363636363635,0.38636363636363635,0.3983471074380166,7,0.21212121212121213,27,0.4909090909090909,0.25,0.2,0.3845159386236662,"[[0, 3], [3, 2]]",0.2,0.25,0.25,3,0.6,3,1.0,-0.6000000000000001,0.9818328142948433,-0.6,0.0,0.4,0.7392857142857143,0.2,0.25,0.25,0.2,0.25,0.25,0.4,0,0.0,2,0.4
0.5227272727272727,0.503030303030303,"{""clf__C"": 13.411788774467905, ""clf__gamma"": 0.00026210878782654407, ""clf__class_weight"": ""balanced""}",0.2712590089733753,"[[14, 19], [23, 32]]",valence,0.5018867924528302,0.5227272727272727,0.5273584905660378,23,0.41818181818181815,,19,0.5757575757575758,0.00591715976331364,0.7690983212076862,0.0059438579301791,subject_dependent,rbf_svm,0.3783783783783784,0.6274509803921569,0.6028795840264041,0.5029146793852677,0.5227272727272727,0.53404875463699,0.503030303030303,0.5227272727272727,0.5227272727272727,0.4826446280991736,14,0.42424242424242425,32,0.5818181818181818,0.625,0.5,0.24675297269796792,"[[0, 3], [0, 5]]",0.38461538461538464,0.625,0.4807692307692308,0,0.0,3,1.0,0.0,0.693856419744506,0.0,0.0,0.625,0.7116666666666667,0.3125,0.625,0.390625,0.5,0.625,0.625,0.46666666666666673,0,0.0,5,1.0
0.36363636363636365,0.36363636363636365,"{""clf__C"": 243.14537412227003, ""clf__gamma"": 0.0004992453416923984, ""clf__class_weight"": ""balanced""}",0.5124545897882936,"[[14, 30], [26, 18]]",valence,0.36231884057971014,0.36363636363636365,0.36231884057971014,26,0.5909090909090909,,30,0.6818181818181818,-0.2727272727272727,1.9248760874193094,-0.27386127875258304,subject_dependent,rbf_svm,0.35,0.375,0.3962466698692453,0.3625,0.36363636363636365,0.3625,0.36363636363636365,0.36363636363636365,0.36363636363636365,0.2928719008264463,14,0.3181818181818182,18,0.4090909090909091,0.375,0.375,0.4451154756570961,"[[1, 3], [2, 2]]",0.36507936507936506,0.375,0.36507936507936506,2,0.5,3,0.75,-0.25,1.171520561235734,-0.2581988897471611,0.3333333333333333,0.4,0.5821428571428572,0.3666666666666667,0.375,0.3666666666666667,0.375,0.375,0.375,0.3125,1,0.25,2,0.5
0.4659090909090909,0.43333333333333335,"{""clf__C"": 13.411788774467905, ""clf__gamma"": 0.00026210878782654407, ""clf__class_weight"": ""balanced""}",0.3337068745145839,"[[10, 23], [24, 31]]",valence,0.4336574010680542,0.4659090909090909,0.467444885663426,24,0.43636363636363634,,23,0.696969696969697,-0.1325301204819278,0.9417137092980343,-0.132568613111401,subject_dependent,rbf_svm,0.29411764705882354,0.5740740740740741,0.517415872256455,0.4340958605664488,0.4659090909090909,0.4690904139433551,0.43333333333333335,0.4659090909090909,0.4659090909090909,0.34159779614325064,10,0.30303030303030304,31,0.5636363636363636,0.5,0.4,0.3075679475784823,"[[0, 3], [1, 4]]",0.3333333333333333,0.5,0.41666666666666663,1,0.2,3,1.0,-0.23076923076923084,0.8358792620403681,-0.29277002188455997,0.0,0.5714285714285714,0.5449999999999999,0.2857142857142857,0.5,0.3571428571428571,0.4,0.5,0.5,0.2666666666666667,0,0.0,4,0.8
0.5681818181818182,0.5606060606060606,"{""clf__C"": 183.42628625395747, ""clf__gamma"": 0.0001005394019469303, ""clf__class_weight"": ""balanced""}",0.24643516122205053,"[[12, 10], [28, 38]]",valence,0.5268817204301075,0.5681818181818182,0.5967741935483871,28,0.42424242424242425,,10,0.45454545454545453,0.09523809523809523,0.6844203273810062,0.10540925533894598,subject_dependent,rbf_svm,0.3,0.7916666666666666,0.8550720323116815,0.5458333333333333,0.5681818181818182,0.6687500000000001,0.5606060606060606,0.5681818181818182,0.5681818181818182,0.6411845730027548,12,0.5454545454545454,38,0.5757575757575758,0.625,0.5833333333333333,0.19746148832340865,"[[1, 1], [2, 4]]",0.5636363636363637,0.625,0.6454545454545454,2,0.3333333333333333,1,0.5,0.1428571428571429,0.5802085976667604,0.14907119849998599,0.3333333333333333,0.8,0.915079365079365,0.5666666666666667,0.625,0.6833333333333335,0.5833333333333333,0.625,0.625,0.75,1,0.5,4,0.6666666666666666
0.48863636363636365,0.3712121212121212,"{""clf__C"": 243.14537412227003, ""clf__gamma"": 0.0004992453416923984, ""clf__class_weight"": ""balanced""}",0.34293213949858503,"[[3, 19], [26, 40]]",valence,0.3788235294117647,0.48863636363636365,0.5094117647058823,26,0.3939393939393939,,19,0.8636363636363636,-0.23287671232876717,1.0693387015369886,-0.23728117771101928,subject_dependent,rbf_svm,0.10344827586206896,0.6779661016949152,0.6942293932703469,0.3907071887784921,0.48863636363636365,0.5343366452367037,0.3712121212121212,0.48863636363636365,0.48863636363636365,0.35330578512396693,3,0.13636363636363635,40,0.6060606060606061,0.75,0.5,0.26611945202189646,"[[0, 2], [0, 6]]",0.42857142857142855,0.75,0.6428571428571428,0,0.0,2,1.0,0.0,0.7377724212356261,0.0,0.0,0.75,0.7051587301587301,0.375,0.75,0.5625,0.5,0.75,0.75,0.16666666666666666,0,0.0,6,1.0
0.45454545454545453,0.4696969696969697,"{""clf__C"": 51.4138527229363, ""clf__gamma"": 0.006173770394704574, ""clf__class_weight"": ""balanced""}",0.3956410276196544,"[[11, 11], [37, 29]]",valence,0.4307277628032345,0.45454545454545453,0.4889487870619945,37,0.5606060606060606,,11,0.5,-0.04347826086956519,1.2567116159345786,-0.05270462766947299,subject_dependent,rbf_svm,0.22916666666666666,0.725,0.7383333136672674,0.4770833333333333,0.45454545454545453,0.6010416666666667,0.4696969696969697,0.45454545454545453,0.45454545454545453,0.506198347107438,11,0.5,29,0.4393939393939394,0.375,0.41666666666666663,0.3099886372651706,"[[1, 1], [4, 2]]",0.36507936507936506,0.375,0.40476190476190477,4,0.6666666666666666,1,0.5,-0.11111111111111116,0.8170270789874494,-0.14907119849998599,0.2,0.6666666666666666,0.7345238095238095,0.43333333333333335,0.375,0.55,0.41666666666666663,0.375,0.375,0.5,1,0.5,2,0.3333333333333333
0.6477272727272727,0.6477272727272727,"{""clf__C"": 13.411788774467905, ""clf__gamma"": 0.00026210878782654407, ""clf__class_weight"": ""balanced""}",0.24515989656217993,"[[29, 15], [16, 28]]",valence,0.6476817770889836,0.6477272727272727,0.6476817770889837,16,0.36363636363636365,,15,0.3409090909090909,0.2954545454545454,0.7091427146445796,0.2955308804372052,subject_dependent,rbf_svm,0.6444444444444445,0.6511627906976745,0.5809329618834775,0.6478036175710595,0.6477272727272727,0.6478036175710595,0.6477272727272727,0.6477272727272727,0.6477272727272727,0.665289256198347,29,0.6590909090909091,28,0.6363636363636364,0.75,0.75,0.23265623327710605,"[[2, 2], [0, 4]]",0.7333333333333334,0.75,0.7333333333333334,0,0.0,2,0.5,0.5,0.6646346769832797,0.5773502691896258,1.0,0.6666666666666666,0.7333333333333333,0.8333333333333333,0.75,0.8333333333333333,0.75,0.75,0.75,0.6875,2,0.5,4,1.0
0.4772727272727273,0.4242424242424242,"{""clf__C"": 48.43827864278568, ""clf__gamma"": 0.00039459088111000007, ""clf__class_weight"": ""balanced""}",0.2615714348161841,"[[7, 15], [31, 35]]",valence,0.41839080459770117,0.4772727272727273,0.5109195402298851,31,0.4696969696969697,,15,0.6818181818181818,-0.12195121951219523,0.7257480422244199,-0.13245323570650439,subject_dependent,rbf_svm,0.18421052631578946,0.7,0.7084247017049845,0.4421052631578947,0.4772727272727273,0.5710526315789474,0.4242424242424242,0.4772727272727273,0.4772727272727273,0.38016528925619836,7,0.3181818181818182,35,0.5303030303030303,0.75,0.5,0.23097945349412805,"[[0, 2], [0, 6]]",0.42857142857142855,0.75,0.6428571428571428,0,0.0,2,1.0,0.0,0.6575695321362407,0.0,0.0,0.75,0.6218253968253968,0.375,0.75,0.5625,0.5,0.75,0.75,0.08333333333333333,0,0.0,6,1.0
0.5568181818181818,0.5303030303030303,"{""clf__C"": 13.411788774467905, ""clf__gamma"": 0.00026210878782654407, ""clf__class_weight"": ""balanced""}",0.24002126927292952,"[[14, 19], [20, 35]]",valence,0.5300561413117897,0.5568181818181818,0.5580925646994387,20,0.36363636363636365,,19,0.5757575757575758,0.06024096385542166,0.6678692054518209,0.06025846050518227,subject_dependent,rbf_svm,0.4117647058823529,0.6481481481481481,0.7589439315557807,0.5299564270152506,0.5568181818181818,0.5595043572984749,0.5303030303030303,0.5568181818181818,0.5568181818181818,0.5785123966942148,14,0.42424242424242425,35,0.6363636363636364,0.5,0.4,0.2275381386497775,"[[0, 3], [1, 4]]",0.3333333333333333,0.5,0.41666666666666663,1,0.2,3,1.0,-0.23076923076923084,0.6440769459308671,-0.29277002188455997,0.0,0.5714285714285714,0.8350000000000001,0.2857142857142857,0.5,0.3571428571428571,0.4,0.5,0.5,0.6666666666666667,0,0.0,4,0.8
0.6363636363636364,0.5974025974025974,"{""clf__C"": 235.1599274057192, ""clf__gamma"": 0.021154290797261225, ""clf__class_weight"": ""balanced""}",0.30468371038396763,"[[50, 27], [5, 6]]",valence,0.5151515151515151,0.6363636363636364,0.696969696969697,5,0.45454545454545453,,27,0.35064935064935066,0.1048951048951049,1.1623371396247015,0.13307728267479998,subject_dependent,rbf_svm,0.9090909090909091,0.18181818181818182,0.21173111217402768,0.5454545454545454,0.6363636363636364,0.8181818181818182,0.5974025974025974,0.6363636363636364,0.6363636363636364,0.6475796930342385,50,0.6493506493506493,6,0.5454545454545454,0.875,0.9285714285714286,0.21825902068006947,"[[6, 1], [0, 1]]",0.7948717948717949,0.875,0.8910256410256411,0,0.0,1,0.14285714285714285,0.6,0.6475476568640162,0.6546536707079772,1.0,0.5,0.5,0.75,0.875,0.9375,0.9285714285714286,0.875,0.875,0.8571428571428572,6,0.8571428571428571,1,1.0
0.5681818181818182,0.5681818181818182,"{""clf__C"": 64.69870699850829, ""clf__gamma"": 0.0008200518402245837, ""clf__class_weight"": null}",0.3819348518940817,"[[37, 7], [31, 13]]",valence,0.5334821428571428,0.5681818181818182,0.5334821428571428,31,0.7045454545454546,,7,0.1590909090909091,0.13636363636363635,1.4355229909405116,0.16269784336399212,subject_dependent,rbf_svm,0.5441176470588235,0.65,0.5709005400525796,0.5970588235294118,0.5681818181818182,0.5970588235294118,0.5681818181818182,0.5681818181818182,0.5681818181818182,0.5444214876033058,37,0.8409090909090909,13,0.29545454545454547,0.625,0.625,0.3160746241062084,"[[4, 0], [3, 1]]",0.5636363636363637,0.625,0.5636363636363637,3,0.75,0,0.0,0.25,0.9133235888277687,0.3779644730092272,0.5714285714285714,1.0,0.65,0.7857142857142857,0.625,0.7857142857142857,0.625,0.625,0.625,0.5,4,1.0,1,0.25
0.625,0.5681818181818181,"{""clf__C"": 2.2463533171675794, ""clf__gamma"": 0.0006516990611177178, ""clf__class_weight"": null}",0.30400613577615393,"[[45, 21], [12, 10]]",valence,0.5545329038196043,0.625,0.6431201104463874,12,0.5454545454545454,,21,0.3181818181818182,0.12,0.845108763621609,0.12361284651454937,subject_dependent,rbf_svm,0.7894736842105263,0.3225806451612903,0.31838073850014537,0.5560271646859083,0.625,0.6727504244482173,0.5681818181818181,0.625,0.625,0.5943526170798897,45,0.6818181818181818,10,0.45454545454545453,0.375,0.41666666666666663,0.27280765915218985,"[[2, 4], [1, 1]]",0.36507936507936506,0.375,0.40476190476190477,1,0.5,4,0.6666666666666666,-0.11111111111111116,0.74209398720291,-0.14907119849998599,0.6666666666666666,0.2,0.41666666666666663,0.43333333333333335,0.375,0.55,0.41666666666666663,0.375,0.375,0.5833333333333334,2,0.3333333333333333,1,0.5
0.4318181818181818,0.4318181818181818,"{""clf__C"": 183.42628625395747, ""clf__gamma"": 0.0001005394019469303, ""clf__class_weight"": ""balanced""}",0.41800865115286306,"[[19, 25], [25, 19]]",valence,0.4318181818181818,0.4318181818181818,0.4318181818181818,25,0.5681818181818182,,25,0.5681818181818182,-0.13636363636363646,1.3404385737519415,-0.13636363636363635,subject_dependent,rbf_svm,0.4318181818181818,0.4318181818181818,0.4717989464269227,0.4318181818181818,0.4318181818181818,0.4318181818181818,0.4318181818181818,0.4318181818181818,0.4318181818181818,0.3827479338842975,19,0.4318181818181818,19,0.4318181818181818,0.5,0.5,0.34606182659006873,"[[3, 1], [3, 1]]",0.4666666666666667,0.5,0.4666666666666667,3,0.75,1,0.25,0.0,0.9118190280942666,0.0,0.5,0.5,0.4571428571428572,0.5,0.5,0.5,0.5,0.5,0.5,0.25,3,0.75,1,0.25
0.6022727272727273,0.5424242424242425,"{""clf__C"": 1.351144633701368, ""clf__gamma"": 0.015446089075047083, ""clf__class_weight"": ""balanced""}",0.3196874844675695,"[[43, 12], [23, 10]]",valence,0.5371900826446281,0.6022727272727273,0.5805785123966941,23,0.696969696969697,,12,0.21818181818181817,0.09090909090909094,1.0085596001130182,0.09486348995453653,subject_dependent,rbf_svm,0.6515151515151515,0.45454545454545453,0.37970736121361137,0.553030303030303,0.6022727272727273,0.5776515151515151,0.5424242424242425,0.6022727272727273,0.6022727272727273,0.4490358126721763,43,0.7818181818181819,10,0.30303030303030304,0.625,0.5,0.2506160393929183,"[[5, 0], [3, 0]]",0.38461538461538464,0.625,0.4807692307692308,3,1.0,0,0.0,0.0,0.70942940069329,0.0,0.625,0.0,0.625,0.3125,0.625,0.390625,0.5,0.625,0.625,0.5333333333333333,5,1.0,0,0.0
0.6363636363636364,0.6363636363636365,"{""clf__C"": 0.40069130793659025, ""clf__gamma"": 0.0014899847475658245, ""clf__class_weight"": ""balanced""}",0.27477148745380414,"[[31, 13], [19, 25]]",valence,0.634665282823041,0.6363636363636364,0.634665282823041,19,0.4318181818181818,,13,0.29545454545454547,0.2727272727272727,0.765390291002755,0.2752988806446741,subject_dependent,rbf_svm,0.62,0.6578947368421053,0.7535320098027398,0.6389473684210527,0.6363636363636364,0.6389473684210526,0.6363636363636365,0.6363636363636364,0.6363636363636364,0.6508264462809917,31,0.7045454545454546,25,0.5681818181818182,0.5,0.5,0.2528832022670714,"[[2, 2], [2, 2]]",0.5,0.5,0.5,2,0.5,2,0.5,0.0,0.6602123753206053,0.0,0.5,0.5,0.7678571428571428,0.5,0.5,0.5,0.5,0.5,0.5,0.625,2,0.5,2,0.5
0.5795454545454546,0.7045454545454546,"{""clf__C"": 262.30889101079146, ""clf__gamma"": 0.0025135566617708314, ""clf__class_weight"": null}",0.34117760866941393,"[[21, 1], [36, 30]]",valence,0.5751011353255905,0.5795454545454546,0.5968289181782592,36,0.5454545454545454,,1,0.045454545454545456,0.26732673267326734,1.2922503928635074,0.3708385395436481,subject_dependent,rbf_svm,0.3684210526315789,0.967741935483871,0.9083923079397722,0.668081494057725,0.5795454545454546,0.817911714770798,0.7045454545454546,0.5795454545454546,0.5795454545454546,0.7382920110192838,21,0.9545454545454546,30,0.45454545454545453,0.5,0.6666666666666666,0.2798506247711232,"[[2, 0], [4, 2]]",0.5,0.5,0.5,4,0.6666666666666666,0,0.0,0.19999999999999996,0.7967151441410713,0.3333333333333333,0.3333333333333333,1.0,0.9583333333333334,0.6666666666666666,0.5,0.8333333333333334,0.6666666666666666,0.5,0.5,0.8333333333333334,2,1.0,2,0.3333333333333333
0.6818181818181818,0.6848484848484848,"{""clf__C"": 2.0059560245279644, ""clf__gamma"": 0.07114476009343425, ""clf__class_weight"": null}",0.24319043899015325,"[[23, 10], [18, 37]]",valence,0.6735559088500265,0.6818181818181818,0.6865394806571277,18,0.32727272727272727,,10,0.30303030303030304,0.35260115606936415,0.7970410761911612,0.35879249334117846,subject_dependent,rbf_svm,0.5609756097560976,0.7872340425531915,0.8471731065918,0.6741048261546445,0.6818181818181818,0.7023871302542813,0.6848484848484848,0.6818181818181818,0.6818181818181818,0.7212121212121211,23,0.696969696969697,37,0.6727272727272727,0.75,0.8,0.18668424047779653,"[[3, 0], [2, 3]]",0.75,0.75,0.75,2,0.4,0,0.0,0.5294117647058824,0.5515544185877743,0.6,0.6,1.0,0.9428571428571428,0.8,0.75,0.85,0.8,0.75,0.75,0.8666666666666667,3,1.0,3,0.6
0.5909090909090909,0.5636363636363636,"{""clf__C"": 0.26052157465743125, ""clf__gamma"": 0.013795402040204185, ""clf__class_weight"": null}",0.30010176873431293,"[[15, 18], [18, 37]]",valence,0.5636363636363636,0.5909090909090909,0.5909090909090909,18,0.32727272727272727,,18,0.5454545454545454,0.12727272727272732,0.9158972950137433,0.12727272727272726,subject_dependent,rbf_svm,0.45454545454545453,0.6727272727272727,0.7811091217385413,0.5636363636363636,0.5909090909090909,0.5909090909090909,0.5636363636363636,0.5909090909090909,0.5909090909090909,0.6170798898071624,15,0.45454545454545453,37,0.6727272727272727,0.625,0.6333333333333333,0.26437675988307824,"[[2, 1], [2, 3]]",0.6190476190476191,0.625,0.6309523809523809,2,0.4,1,0.3333333333333333,0.25,0.7515835312538988,0.2581988897471611,0.5,0.75,0.8350000000000001,0.625,0.625,0.65625,0.6333333333333333,0.625,0.625,0.6666666666666667,2,0.6666666666666666,3,0.6
0.6818181818181818,0.7212121212121212,"{""clf__C"": 0.40069130793659025, ""clf__gamma"": 0.0014899847475658245, ""clf__class_weight"": ""balanced""}",0.14765477247509037,"[[29, 4], [24, 31]]",valence,0.6816537467700259,0.6818181818181818,0.6834625322997415,24,0.43636363636363634,,4,0.12121212121212122,0.39459459459459456,0.4567672725857781,0.4376281740110319,subject_dependent,rbf_svm,0.5471698113207547,0.8857142857142857,0.9238961343788938,0.7164420485175202,0.6818181818181818,0.7587601078167115,0.7212121212121212,0.6818181818181818,0.6818181818181818,0.8853994490358126,29,0.8787878787878788,31,0.5636363636363636,0.875,0.9,0.12294690608035735,"[[3, 0], [1, 4]]",0.873015873015873,0.875,0.876984126984127,1,0.2,0,0.0,0.75,0.4205891974413898,0.7745966692414834,0.75,1.0,1.0,0.875,0.875,0.90625,0.9,0.875,0.875,1.0,3,1.0,4,0.8
0.9886363636363636,0.990909090909091,"{""clf__C"": 13.411788774467905, ""clf__gamma"": 0.00026210878782654407, ""clf__class_weight"": ""balanced""}",0.042938507503529906,"[[33, 0], [1, 54]]",valence,0.9879501574695331,0.9886363636363636,0.9886690401204984,1,0.01818181818181818,,0,0.0,0.9759036144578314,0.20211811418806433,0.9761870601839528,subject_dependent,rbf_svm,0.9705882352941176,1.0,1.0,0.9852941176470589,0.9886363636363636,0.9889705882352942,0.990909090909091,0.9886363636363636,0.9886363636363636,1.0,33,1.0,54,0.9818181818181818,1.0,1.0,0.03609673956442408,"[[3, 0], [0, 5]]",1.0,1.0,1.0,0,0.0,0,0.0,1.0,0.19613875395443092,1.0,1.0,1.0,1.0,1.0,1.0,1.0,1.0,1.0,1.0,1.0,3,1.0,5,1.0
0.7727272727272727,0.8,"{""clf__C"": 235.1599274057192, ""clf__gamma"": 0.021154290797261225, ""clf__class_weight"": ""balanced""}",0.13928414533675057,"[[38, 17], [3, 30]]",valence,0.7708333333333333,0.7727272727272727,0.7760416666666665,3,0.09090909090909091,,17,0.3090909090909091,0.553072625698324,0.5081310582342504,0.5823025711602732,subject_dependent,rbf_svm,0.926829268292683,0.6382978723404256,0.8836712718294292,0.7825635703165543,0.7727272727272727,0.8186299948105865,0.8,0.7727272727272727,0.7727272727272727,0.9272727272727272,38,0.6909090909090909,30,0.9090909090909091,0.875,0.9,0.08705358843262556,"[[4, 1], [0, 3]]",0.873015873015873,0.875,0.876984126984127,0,0.0,1,0.2,0.75,0.2959196319971676,0.7745966692414834,1.0,0.75,1.0,0.875,0.875,0.90625,0.9,0.875,0.875,1.0,4,0.8,3,1.0
0.7159090909090909,0.7,"{""clf__C"": 13.411788774467905, ""clf__gamma"": 0.00026210878782654407, ""clf__class_weight"": ""balanced""}",0.17258620262570776,"[[42, 13], [12, 21]]",valence,0.6987539367383268,0.7159090909090909,0.7167260030124606,12,0.36363636363636365,,13,0.23636363636363636,0.3975903614457831,0.5306364101774265,0.397705839334203,subject_dependent,rbf_svm,0.7777777777777778,0.6176470588235294,0.6822839335084081,0.6977124183006536,0.7159090909090909,0.7177287581699346,0.7,0.7159090909090909,0.7159090909090909,0.8181818181818181,42,0.7636363636363637,21,0.6363636363636364,0.875,0.9,0.14811918453636708,"[[4, 1], [0, 3]]",0.873015873015873,0.875,0.876984126984127,0,0.0,1,0.2,0.75,0.47533409023001283,0.7745966692414834,1.0,0.75,0.6388888888888888,0.875,0.875,0.90625,0.9,0.875,0.875,0.8,4,0.8,3,1.0
0.6931818181818182,0.6931818181818182,"{""clf__C"": 0.26566952561151125, ""clf__gamma"": 0.0030586566669785274, ""clf__class_weight"": null}",0.18246357721449222,"[[42, 2], [25, 19]]",valence,0.6706860706860707,0.6931818181818182,0.6706860706860707,25,0.5681818181818182,,2,0.045454545454545456,0.38636363636363635,0.554221717220149,0.45321249277851866,subject_dependent,rbf_svm,0.6268656716417911,0.9047619047619048,0.8525062207481352,0.7658137882018479,0.6931818181818182,0.7658137882018479,0.6931818181818182,0.6931818181818182,0.6931818181818182,0.803202479338843,42,0.9545454545454546,19,0.4318181818181818,0.875,0.875,0.16732975543992665,"[[4, 0], [1, 3]]",0.873015873015873,0.875,0.873015873015873,1,0.25,0,0.0,0.75,0.5289324056829009,0.7745966692414834,0.8,1.0,0.8928571428571428,0.9,0.875,0.9,0.875,0.875,0.875,0.8125,4,1.0,3,0.75
0.8295454545454546,0.8295454545454546,"{""clf__C"": 2.2463533171675794, ""clf__gamma"": 0.0006516990611177178, ""clf__class_weight"": null}",0.1757752857636035,"[[40, 4], [11, 33]]",valence,0.8284600389863548,0.8295454545454546,0.8284600389863548,11,0.25,,4,0.09090909090909091,0.6590909090909092,0.632060441824068,0.6675934204983898,subject_dependent,rbf_svm,0.7843137254901961,0.8918918918918919,0.819618709423533,0.838102808691044,0.8295454545454546,0.838102808691044,0.8295454545454546,0.8295454545454546,0.8295454545454546,0.7246900826446282,40,0.9090909090909091,33,0.75,0.875,0.875,0.15846280679262287,"[[4, 0], [1, 3]]",0.873015873015873,0.875,0.873015873015873,1,0.25,0,0.0,0.75,0.5851845262682375,0.7745966692414834,0.8,1.0,0.875,0.9,0.875,0.9,0.875,0.875,0.875,0.75,4,1.0,3,0.75
0.5,0.5,"{""clf__C"": 0.40069130793659025, ""clf__gamma"": 0.0014899847475658245, ""clf__class_weight"": ""balanced""}",0.24901284711240235,"[[37, 7], [37, 7]]",valence,0.4342489772063121,0.5,0.4342489772063121,37,0.8409090909090909,,7,0.1590909090909091,0.0,0.6928103733783183,0.0,subject_dependent,rbf_svm,0.5,0.5,0.5639402156105023,0.5,0.5,0.5,0.5,0.5,0.5,0.6133780991735537,37,0.8409090909090909,7,0.1590909090909091,0.5,0.5,0.2444391153584784,"[[3, 1], [3, 1]]",0.4666666666666667,0.5,0.4666666666666667,3,0.75,1,0.25,0.0,0.6818353487571254,0.0,0.5,0.5,0.6791666666666667,0.5,0.5,0.5,0.5,0.5,0.5,0.75,3,0.75,1,0.25
0.5568181818181818,0.5568181818181818,"{""clf__C"": 160.49758307716223, ""clf__gamma"": 0.00018427970406864567, ""clf__class_weight"": null}",0.2969786475823746,"[[15, 29], [10, 34]]",valence,0.5351483136936205,0.5568181818181818,0.5351483136936204,10,0.22727272727272727,,29,0.6590909090909091,0.11363636363636365,0.8464836565501983,0.12598815766974242,subject_dependent,rbf_svm,0.6,0.5396825396825397,0.5790527292436008,0.5698412698412698,0.5568181818181818,0.5698412698412697,0.5568181818181818,0.5568181818181818,0.5568181818181818,0.5738636363636364,15,0.3409090909090909,34,0.7727272727272727,0.625,0.625,0.2517396022510029,"[[1, 3], [0, 4]]",0.5636363636363637,0.625,0.5636363636363637,0,0.0,3,0.75,0.25,0.699932880969933,0.3779644730092272,1.0,0.5714285714285714,0.6220238095238095,0.7857142857142857,0.625,0.7857142857142857,0.625,0.625,0.625,0.625,1,0.25,4,1.0
0.5113636363636364,0.4636363636363636,"{""clf__C"": 0.40069130793659025, ""clf__gamma"": 0.0014899847475658245, ""clf__class_weight"": ""balanced""}",0.24619433825070738,"[[9, 24], [19, 36]]",valence,0.46058446186742696,0.5113636363636364,0.501960085531005,19,0.34545454545454546,,24,0.7272727272727273,-0.07499999999999996,0.6851523690805377,-0.07559289460184544,subject_dependent,rbf_svm,0.32142857142857145,0.6,0.7784767857185724,0.46071428571428574,0.5113636363636364,0.49553571428571436,0.4636363636363636,0.5113636363636364,0.5113636363636364,0.5895316804407714,9,0.2727272727272727,36,0.6545454545454545,0.375,0.3,0.24315031308762736,"[[0, 3], [2, 3]]",0.2727272727272727,0.375,0.3409090909090909,2,0.4,3,1.0,-0.4285714285714286,0.6774325723192514,-0.4472135954999579,0.0,0.5,0.8392857142857143,0.25,0.375,0.3125,0.3,0.375,0.375,0.6,0,0.0,3,0.6
0.5227272727272727,0.5454545454545454,"{""clf__C"": 243.14537412227003, ""clf__gamma"": 0.0004992453416923984, ""clf__class_weight"": ""balanced""}",0.2886953424828694,"[[25, 30], [12, 21]]",valence,0.5217391304347826,0.5227272727272727,0.5271739130434783,12,0.36363636363636365,,30,0.5454545454545454,0.08196721311475408,0.8190004759143901,0.0891578689526865,subject_dependent,rbf_svm,0.6756756756756757,0.4117647058823529,0.5276099121976437,0.5437201907790143,0.5227272727272727,0.5767090620031796,0.5454545454545454,0.5227272727272727,0.5227272727272727,0.6242424242424243,25,0.45454545454545453,21,0.6363636363636364,0.75,0.8,0.2194328173165142,"[[3, 2], [0, 3]]",0.75,0.75,0.75,0,0.0,2,0.4,0.5294117647058824,0.6274007808431593,0.6,1.0,0.6,0.7555555555555555,0.8,0.75,0.85,0.8,0.75,0.75,0.8,3,0.6,3,1.0
0.4318181818181818,0.4121212121212121,"{""clf__C"": 2.2463533171675794, ""clf__gamma"": 0.0006516990611177178, ""clf__class_weight"": null}",0.35168898328198367,"[[11, 22], [28, 27]]",valence,0.4123931623931624,0.4318181818181818,0.4391025641025641,28,0.509090909090909,,22,0.6666666666666666,-0.16959064327485374,0.9707844508769803,-0.17128606205176405,subject_dependent,rbf_svm,0.28205128205128205,0.5510204081632653,0.6128781275500718,0.41653584510727365,0.4318181818181818,0.45015698587127156,0.4121212121212121,0.4318181818181818,0.4318181818181818,0.39393939393939387,11,0.3333333333333333,27,0.4909090909090909,0.5,0.5333333333333333,0.32938454733682976,"[[2, 1], [3, 2]]",0.5,0.5,0.5,3,0.6,1,0.3333333333333333,0.05882352941176472,0.8998062642587821,0.06666666666666667,0.4,0.6666666666666666,0.6726190476190477,0.5333333333333333,0.5,0.5666666666666667,0.5333333333333333,0.5,0.5,0.33333333333333337,2,0.6666666666666666,2,0.4
0.17045454545454544,0.525974025974026,"{""clf__C"": 0.40069130793659025, ""clf__gamma"": 0.0014899847475658245, ""clf__class_weight"": ""balanced""}",0.28849923768597524,"[[11, 0], [73, 4]]",valence,0.16517218973359324,0.17045454545454544,0.11536712150747239,73,0.948051948051948,,0,0.0,0.013513513513513487,0.7792159881968637,0.08247860988423224,subject_dependent,rbf_svm,0.13095238095238096,1.0,0.8960630038554005,0.5654761904761905,0.17045454545454544,0.8913690476190476,0.525974025974026,0.17045454545454544,0.17045454545454544,0.538370720188902,11,1.0,4,0.05194805194805195,0.375,0.6428571428571428,0.2788447545951107,"[[1, 0], [5, 2]]",0.36507936507936506,0.375,0.42460317460317454,5,0.7142857142857143,0,0.0,0.09090909090909094,0.7532794750141075,0.2182178902359924,0.16666666666666666,1.0,0.9093537414965986,0.5833333333333334,0.375,0.8958333333333334,0.6428571428571428,0.375,0.375,0.42857142857142855,1,1.0,2,0.2857142857142857
0.4431818181818182,0.43333333333333335,"{""clf__C"": 13.411788774467905, ""clf__gamma"": 0.00026210878782654407, ""clf__class_weight"": ""balanced""}",0.31111136674993084,"[[13, 20], [29, 26]]",valence,0.43075907590759077,0.4431818181818182,0.45178217821782174,29,0.5272727272727272,,20,0.6060606060606061,-0.12643678160919536,0.8395656477782804,-0.12923301908921092,subject_dependent,rbf_svm,0.30952380952380953,0.5652173913043478,0.7019110154654756,0.43737060041407866,0.4431818181818182,0.469332298136646,0.43333333333333335,0.4431818181818182,0.4431818181818182,0.45950413223140496,13,0.3939393939393939,26,0.4727272727272727,0.375,0.3,0.2867569396952372,"[[0, 3], [2, 3]]",0.2727272727272727,0.375,0.3409090909090909,2,0.4,3,1.0,-0.4285714285714286,0.7693118049771275,-0.4472135954999579,0.0,0.5,0.7892857142857144,0.25,0.375,0.3125,0.3,0.375,0.375,0.5333333333333333,0,0.0,3,0.6
0.5681818181818182,0.7532467532467533,"{""clf__C"": 64.69870699850829, ""clf__gamma"": 0.0008200518402245837, ""clf__class_weight"": null}",0.31828136158836495,"[[39, 38], [0, 11]]",valence,0.5195402298850574,0.5681818181818182,0.6341954022988505,0,0.0,,38,0.4935064935064935,0.20418848167539272,1.0237502847961941,0.33719819677261853,subject_dependent,rbf_svm,1.0,0.22448979591836735,0.27799249915067537,0.6122448979591837,0.5681818181818182,0.903061224489796,0.7532467532467533,0.5681818181818182,0.5681818181818181,0.8051948051948052,39,0.5064935064935064,11,1.0,0.625,0.7857142857142857,0.26717491891588785,"[[4, 3], [0, 1]]",0.5636363636363637,0.625,0.6863636363636364,0,0.0,3,0.42857142857142855,0.25,0.737030914854417,0.3779644730092272,1.0,0.25,1.0,0.625,0.625,0.90625,0.7857142857142857,0.625,0.625,1.0,4,0.5714285714285714,1,1.0
0.5681818181818182,0.5272727272727273,"{""clf__C"": 13.411788774467905, ""clf__gamma"": 0.00026210878782654407, ""clf__class_weight"": ""balanced""}",0.28669151107875224,"[[38, 17], [21, 12]]",valence,0.5268817204301075,0.5681818181818182,0.5618279569892473,21,0.6363636363636364,,17,0.3090909090909091,0.05590062111801242,0.7939603253029834,0.05617872456808733,subject_dependent,rbf_svm,0.6440677966101694,0.41379310344827586,0.4451940408864701,0.5289304500292227,0.5681818181818182,0.5577147866744594,0.5272727272727273,0.5681818181818182,0.5681818181818182,0.5333333333333333,38,0.6909090909090909,12,0.36363636363636365,0.5,0.4666666666666667,0.26121012095732,"[[3, 2], [2, 1]]",0.4666666666666667,0.5,0.5,2,0.6666666666666666,2,0.4,-0.06666666666666665,0.7120920005161905,-0.06666666666666667,0.6,0.3333333333333333,0.6095238095238096,0.4666666666666667,0.5,0.5,0.4666666666666667,0.5,0.5,0.5333333333333333,3,0.6,1,0.3333333333333333
0.6022727272727273,0.5727272727272728,"{""clf__C"": 64.69870699850829, ""clf__gamma"": 0.0008200518402245837, ""clf__class_weight"": null}",0.25116849801750457,"[[38, 17], [18, 15]]",valence,0.5731115731115731,0.6022727272727273,0.601004851004851,18,0.5454545454545454,,17,0.3090909090909091,0.14634146341463417,0.7378415287486232,0.14638501094227996,subject_dependent,rbf_svm,0.6785714285714286,0.46875,0.5131194675330135,0.5736607142857143,0.6022727272727273,0.5998883928571429,0.5727272727272728,0.6022727272727273,0.6022727272727273,0.6336088154269973,38,0.6909090909090909,15,0.45454545454545453,0.75,0.7333333333333334,0.2018401665414566,"[[4, 1], [1, 2]]",0.7333333333333334,0.75,0.75,1,0.3333333333333333,1,0.2,0.4666666666666667,0.588291730966418,0.4666666666666667,0.8,0.6666666666666666,0.8095238095238095,0.7333333333333334,0.75,0.75,0.7333333333333334,0.75,0.75,0.7333333333333333,4,0.8,2,0.6666666666666666
0.5454545454545454,0.5454545454545454,"{""clf__C"": 64.69870699850829, ""clf__gamma"": 0.0008200518402245837, ""clf__class_weight"": null}",0.28556938632311557,"[[24, 20], [20, 24]]",valence,0.5454545454545454,0.5454545454545454,0.5454545454545454,20,0.45454545454545453,,20,0.45454545454545453,0.09090909090909094,0.8664883370984576,0.09090909090909091,subject_dependent,rbf_svm,0.5454545454545454,0.5454545454545454,0.6651365416402313,0.5454545454545454,0.5454545454545454,0.5454545454545454,0.5454545454545454,0.5454545454545454,0.5454545454545454,0.6105371900826447,24,0.5454545454545454,24,0.5454545454545454,0.625,0.625,0.20564627311800857,"[[3, 1], [2, 2]]",0.6190476190476191,0.625,0.6190476190476191,2,0.5,1,0.25,0.25,0.5992532748366379,0.2581988897471611,0.6,0.6666666666666666,0.8875,0.6333333333333333,0.625,0.6333333333333333,0.625,0.625,0.625,0.875,3,0.75,2,0.5
0.5795454545454546,0.5795454545454546,"{""clf__C"": 48.43827864278568, ""clf__gamma"": 0.00039459088111000007, ""clf__class_weight"": ""balanced""}",0.24597449403945876,"[[28, 16], [21, 23]]",valence,0.5781837025521441,0.5795454545454546,0.5781837025521441,21,0.4772727272727273,,16,0.36363636363636365,0.15909090909090906,0.7036471161602003,0.16012815380508713,subject_dependent,rbf_svm,0.5714285714285714,0.5897435897435898,0.6741390282581118,0.5805860805860805,0.5795454545454546,0.5805860805860806,0.5795454545454546,0.5795454545454546,0.5795454545454546,0.6503099173553719,28,0.6363636363636364,23,0.5227272727272727,0.75,0.75,0.20377169688688915,"[[3, 1], [1, 3]]",0.75,0.75,0.75,1,0.25,1,0.25,0.5,0.5948402062393082,0.5,0.75,0.75,0.8041666666666667,0.75,0.75,0.75,0.75,0.75,0.75,0.8125,3,0.75,3,0.75
0.48863636363636365,0.4757575757575757,"{""clf__C"": 20.12196163610286, ""clf__gamma"": 0.0008612579192594886, ""clf__class_weight"": ""balanced""}",0.3249025120058068,"[[14, 19], [26, 29]]",valence,0.4733342199760606,0.48863636363636365,0.4957773640111716,26,0.4727272727272727,,19,0.5757575757575758,-0.04651162790697683,0.8959222062861482,-0.04714045207910317,subject_dependent,rbf_svm,0.35,0.6041666666666666,0.6249369197958827,0.4770833333333333,0.48863636363636365,0.5088541666666666,0.4757575757575757,0.48863636363636365,0.48863636363636365,0.49090909090909085,14,0.42424242424242425,29,0.5272727272727272,0.5,0.5333333333333333,0.27582143499651646,"[[2, 1], [3, 2]]",0.5,0.5,0.5,3,0.6,1,0.3333333333333333,0.05882352941176472,0.7493364322226912,0.06666666666666667,0.4,0.6666666666666666,0.6295238095238094,0.5333333333333333,0.5,0.5666666666666667,0.5333333333333333,0.5,0.5,0.4666666666666667,2,0.6666666666666666,2,0.4
0.6477272727272727,0.6333333333333333,"{""clf__C"": 13.411788774467905, ""clf__gamma"": 0.00026210878782654407, ""clf__class_weight"": ""balanced""}",0.22094487259099302,"[[38, 17], [14, 19]]",valence,0.6305025057564675,0.6477272727272727,0.6504469727752945,14,0.42424242424242425,,17,0.3090909090909091,0.26190476190476186,0.6432247117164891,0.26257545381445874,subject_dependent,rbf_svm,0.7307692307692307,0.5277777777777778,0.5326357324236547,0.6292735042735043,0.6477272727272727,0.654647435897436,0.6333333333333333,0.6477272727272727,0.6477272727272727,0.6898071625344353,38,0.6909090909090909,19,0.5757575757575758,0.875,0.8333333333333333,0.1798069151121195,"[[5, 0], [1, 2]]",0.8545454545454545,0.875,0.8681818181818182,1,0.3333333333333333,0,0.0,0.7142857142857143,0.5447790084778863,0.7453559924999299,0.8333333333333334,1.0,0.8666666666666667,0.9166666666666667,0.875,0.8958333333333334,0.8333333333333333,0.875,0.875,0.8666666666666667,5,1.0,2,0.6666666666666666
0.7045454545454546,0.7212121212121212,"{""clf__C"": 183.42628625395747, ""clf__gamma"": 0.0001005394019469303, ""clf__class_weight"": ""balanced""}",0.19010274679983416,"[[36, 19], [7, 26]]",valence,0.7006802721088435,0.7045454545454546,0.7091836734693877,7,0.21212121212121213,,19,0.34545454545454546,0.4124293785310734,0.5544309798076767,0.4284861077451369,subject_dependent,rbf_svm,0.8372093023255814,0.5777777777777777,0.7395619655342789,0.7074935400516795,0.7045454545454546,0.7399224806201551,0.7212121212121212,0.7045454545454546,0.7045454545454546,0.8019283746556474,36,0.6545454545454545,26,0.7878787878787878,0.875,0.9,0.13687793846754293,"[[4, 1], [0, 3]]",0.873015873015873,0.875,0.876984126984127,0,0.0,1,0.2,0.75,0.4530685246160857,0.7745966692414834,1.0,0.75,1.0,0.875,0.875,0.90625,0.9,0.875,0.875,1.0,4,0.8,3,1.0
0.7045454545454546,0.803030303030303,"{""clf__C"": 0.9020715489795292, ""clf__gamma"": 0.0048275888720946784, ""clf__class_weight"": null}",0.21616718178017066,"[[40, 26], [0, 22]]",valence,0.691644204851752,0.7045454545454546,0.7231805929919138,0,0.0,,26,0.3939393939393939,0.4347826086956522,0.6366411434845216,0.5270462766947299,subject_dependent,rbf_svm,1.0,0.4583333333333333,0.8156271921259255,0.7291666666666666,0.7045454545454546,0.8645833333333333,0.803030303030303,0.7045454545454546,0.7045454545454546,0.9462809917355371,40,0.6060606060606061,22,1.0,0.75,0.8333333333333333,0.19509427107885763,"[[4, 2], [0, 2]]",0.7333333333333334,0.75,0.7666666666666667,0,0.0,2,0.3333333333333333,0.5,0.5578997050359142,0.5773502691896258,1.0,0.5,1.0,0.75,0.75,0.875,0.8333333333333333,0.75,0.75,1.0,4,0.6666666666666666,2,1.0
0.6363636363636364,0.6363636363636365,"{""clf__C"": 0.34866781670451225, ""clf__gamma"": 0.00014936568554617635, ""clf__class_weight"": ""balanced""}",0.21479775107658147,"[[31, 13], [19, 25]]",valence,0.634665282823041,0.6363636363636364,0.634665282823041,19,0.4318181818181818,,13,0.29545454545454547,0.2727272727272727,0.6137903924974839,0.2752988806446741,subject_dependent,rbf_svm,0.62,0.6578947368421053,0.7422406022679573,0.6389473684210527,0.6363636363636364,0.6389473684210526,0.6363636363636365,0.6363636363636364,0.6363636363636364,0.6872417355371901,31,0.7045454545454546,25,0.5681818181818182,0.75,0.75,0.19954798197200393,"[[3, 1], [1, 3]]",0.75,0.75,0.75,1,0.25,1,0.25,0.5,0.5859369327501717,0.5,0.75,0.75,0.8541666666666666,0.75,0.75,0.75,0.75,0.75,0.75,0.8125,3,0.75,3,0.75
0.75,0.7454545454545455,"{""clf__C"": 0.5284919490133119, ""clf__gamma"": 0.005047786565710607, ""clf__class_weight"": null}",0.1578554633851645,"[[24, 9], [13, 42]]",valence,0.7390835579514825,0.75,0.7524258760107817,13,0.23636363636363636,,9,0.2727272727272727,0.47928994082840237,0.4940220945970795,0.4814524923445071,subject_dependent,rbf_svm,0.6486486486486487,0.8235294117647058,0.8573976457333301,0.7360890302066773,0.75,0.7579491255961844,0.7454545454545455,0.75,0.75,0.8203856749311296,24,0.7272727272727273,42,0.7636363636363637,0.875,0.8333333333333333,0.12959485783391878,"[[2, 1], [0, 5]]",0.8545454545454545,0.875,0.8681818181818182,0,0.0,1,0.3333333333333333,0.7142857142857143,0.4267955017099101,0.7453559924999299,1.0,0.8333333333333334,0.8766666666666667,0.9166666666666667,0.875,0.8958333333333334,0.8333333333333333,0.875,0.875,0.8,2,0.6666666666666666,5,1.0
0.75,0.6060606060606061,"{""clf__C"": 13.411788774467905, ""clf__gamma"": 0.00026210878782654407, ""clf__class_weight"": ""balanced""}",0.17545566179601482,"[[59, 7], [15, 7]]",valence,0.6158730158730159,0.75,0.7293650793650793,15,0.6818181818181818,,7,0.10606060606060606,0.24137931034482762,0.5182791584818208,0.2511236011669613,subject_dependent,rbf_svm,0.7972972972972973,0.5,0.5721819113044981,0.6486486486486487,0.75,0.7229729729729729,0.6060606060606061,0.75,0.75,0.7520661157024794,59,0.8939393939393939,7,0.3181818181818182,0.75,0.6666666666666667,0.154313224414787,"[[5, 1], [1, 1]]",0.6666666666666667,0.75,0.75,1,0.5,1,0.16666666666666666,0.33333333333333337,0.4851999319181983,0.3333333333333333,0.8333333333333334,0.5,0.75,0.6666666666666667,0.75,0.75,0.6666666666666667,0.75,0.75,0.8333333333333334,5,0.8333333333333334,1,0.5
0.8863636363636364,0.8545454545454545,"{""clf__C"": 12.957079329680445, ""clf__gamma"": 0.00032476735706274504, ""clf__class_weight"": null}",0.10375820871588516,"[[54, 1], [9, 24]]",valence,0.8714202220923437,0.8863636363636364,0.8823787258912916,9,0.2727272727272727,,1,0.01818181818181818,0.7452229299363058,0.3586002200641209,0.7612020568998559,subject_dependent,rbf_svm,0.8571428571428571,0.96,0.9505148108568648,0.9085714285714286,0.8863636363636364,0.8957142857142858,0.8545454545454545,0.8863636363636364,0.8863636363636364,0.9619834710743801,54,0.9818181818181818,24,0.7272727272727273,1.0,1.0,0.0895868446426514,"[[5, 0], [0, 3]]",1.0,1.0,1.0,0,0.0,0,0.0,1.0,0.34236104565600256,1.0,1.0,1.0,1.0,1.0,1.0,1.0,1.0,1.0,1.0,1.0,5,1.0,3,1.0
0.5568181818181818,0.6333333333333333,"{""clf__C"": 13.411788774467905, ""clf__gamma"": 0.00026210878782654407, ""clf__class_weight"": ""balanced""}",0.29987992709118144,"[[18, 37], [2, 31]]",valence,0.546930693069307,0.5568181818181818,0.5301980198019801,2,0.06060606060606061,,37,0.6727272727272727,0.21999999999999997,1.0257628576578712,0.30806161848616215,subject_dependent,rbf_svm,0.9,0.45588235294117646,0.48854874937874276,0.6779411764705883,0.5568181818181818,0.7334558823529412,0.6333333333333333,0.5568181818181818,0.5568181818181818,0.684297520661157,18,0.32727272727272727,31,0.9393939393939394,0.625,0.7,0.25443821397994826,"[[2, 3], [0, 3]]",0.6190476190476191,0.625,0.6071428571428571,0,0.0,3,0.6,0.33333333333333337,0.7209810592691148,0.4472135954999579,1.0,0.5,0.6388888888888888,0.75,0.625,0.8125,0.7,0.625,0.625,0.8,2,0.4,3,1.0
0.6931818181818182,0.7045454545454546,"{""clf__C"": 1.351144633701368, ""clf__gamma"": 0.015446089075047083, ""clf__class_weight"": ""balanced""}",0.221620941456984,"[[45, 21], [6, 16]]",valence,0.6558018252933507,0.6931818181818182,0.71251629726206,6,0.2727272727272727,,21,0.3181818181818182,0.33333333333333337,0.7392224142890979,0.358853500273005,subject_dependent,rbf_svm,0.8823529411764706,0.43243243243243246,0.40959305297538606,0.6573926868044515,0.6931818181818182,0.769872813990461,0.7045454545454546,0.6931818181818182,0.6931818181818182,0.756198347107438,45,0.6818181818181818,16,0.7272727272727273,1.0,1.0,0.1295528972281584,"[[6, 0], [0, 2]]",1.0,1.0,1.0,0,0.0,0,0.0,1.0,0.42353141207063727,1.0,1.0,1.0,1.0,1.0,1.0,1.0,1.0,1.0,1.0,1.0,6,1.0,2,1.0
0.7045454545454546,0.5151515151515151,"{""clf__C"": 7.709391232564023, ""clf__gamma"": 0.00026471141828218194, ""clf__class_weight"": null}",0.2392165390045462,"[[59, 7], [19, 3]]",valence,0.5034722222222222,0.7045454545454546,0.6614583333333333,19,0.8636363636363636,,7,0.10606060606060606,0.03703703703703709,0.7968797259432272,0.04134491152973615,subject_dependent,rbf_svm,0.7564102564102564,0.3,0.26858521775740674,0.5282051282051282,0.7045454545454546,0.6423076923076922,0.5151515151515151,0.7045454545454546,0.7045454545454546,0.4951790633608815,59,0.8939393939393939,3,0.13636363636363635,0.75,0.5,0.19986378027682408,"[[6, 0], [2, 0]]",0.42857142857142855,0.75,0.6428571428571428,2,1.0,0,0.0,0.0,0.6129077523510746,0.0,0.75,0.0,0.3333333333333333,0.375,0.75,0.5625,0.5,0.75,0.75,0.5,6,1.0,0,0.0
0.7613636363636364,0.7803030303030303,"{""clf__C"": 183.42628625395747, ""clf__gamma"": 0.0001005394019469303, ""clf__class_weight"": ""balanced""}",0.18363060782037025,"[[49, 17], [4, 18]]",valence,0.7275541795665634,0.7613636363636364,0.7755417956656347,4,0.18181818181818182,,17,0.25757575757575757,0.4683544303797469,0.5393902505529784,0.49598568219777595,subject_dependent,rbf_svm,0.9245283018867925,0.5142857142857142,0.5883832053394693,0.7194070080862534,0.7613636363636364,0.8219676549865228,0.7803030303030303,0.7613636363636364,0.7613636363636364,0.7878787878787878,49,0.7424242424242424,18,0.8181818181818182,0.875,0.75,0.12813457733347744,"[[6, 0], [1, 1]]",0.7948717948717949,0.875,0.8589743589743589,1,0.5,0,0.0,0.6,0.41889895465249266,0.6546536707079772,0.8571428571428571,1.0,1.0,0.9285714285714286,0.875,0.8928571428571428,0.75,0.875,0.875,1.0,6,1.0,1,0.5
0.5681818181818182,0.5681818181818181,"{""clf__C"": 5.2117930643778205, ""clf__gamma"": 0.0036999724314638123, ""clf__class_weight"": null}",0.3210898684221923,"[[29, 15], [23, 21]]",valence,0.5645833333333333,0.5681818181818182,0.5645833333333333,23,0.5227272727272727,,15,0.3409090909090909,0.13636363636363635,1.0972979939216063,0.1386750490563073,subject_dependent,rbf_svm,0.5576923076923077,0.5833333333333334,0.6371175963794555,0.5705128205128205,0.5681818181818182,0.5705128205128205,0.5681818181818181,0.5681818181818182,0.5681818181818182,0.6255165289256198,29,0.6590909090909091,21,0.4772727272727273,0.625,0.625,0.2575300993059659,"[[3, 1], [2, 2]]",0.6190476190476191,0.625,0.6190476190476191,2,0.5,1,0.25,0.25,0.7248337890504456,0.2581988897471611,0.6,0.6666666666666666,0.7470238095238095,0.6333333333333333,0.625,0.6333333333333333,0.625,0.625,0.625,0.6875,3,0.75,2,0.5
0.3181818181818182,0.30303030303030304,"{""clf__C"": 0.21466070134458173, ""clf__gamma"": 0.0012955517240662183, ""clf__class_weight"": ""balanced""}",0.36555611487884593,"[[20, 35], [25, 8]]",valence,0.30526315789473685,0.3181818181818182,0.3289473684210526,25,0.7575757575757576,,35,0.6363636363636364,-0.37142857142857144,0.994079514589396,-0.381528726074437,subject_dependent,rbf_svm,0.4444444444444444,0.18604651162790697,0.2683172333651168,0.3152454780361757,0.3181818181818182,0.34754521963824286,0.30303030303030304,0.3181818181818182,0.3181818181818182,0.2628099173553719,20,0.36363636363636365,8,0.24242424242424243,0.25,0.2,0.3590625723118215,"[[2, 3], [3, 0]]",0.2,0.25,0.25,3,1.0,3,0.6,-0.6000000000000001,0.968693265952029,-0.6,0.4,0.0,0.3416666666666666,0.2,0.25,0.25,0.2,0.25,0.25,0.26666666666666666,2,0.4,0,0.0
0.4659090909090909,0.44545454545454544,"{""clf__C"": 20.12196163610286, ""clf__gamma"": 0.0008612579192594886, ""clf__class_weight"": ""balanced""}",0.41048882615125115,"[[29, 26], [21, 12]]",valence,0.44520456069751846,0.4659090909090909,0.4719986586183769,21,0.6363636363636364,,26,0.4727272727272727,-0.10588235294117654,1.4255527011836426,-0.10662279799663663,subject_dependent,rbf_svm,0.58,0.3157894736842105,0.3690089495404254,0.44789473684210523,0.4659090909090909,0.4809210526315789,0.44545454545454544,0.4659090909090909,0.4659090909090909,0.4110192837465565,29,0.5272727272727272,12,0.36363636363636365,0.375,0.3666666666666667,0.36260080955486923,"[[2, 3], [2, 1]]",0.36507936507936506,0.375,0.38492063492063494,2,0.6666666666666666,3,0.6,-0.25,1.0846679376024504,-0.2581988897471611,0.5,0.25,0.5694444444444444,0.375,0.375,0.40625,0.3666666666666667,0.375,0.375,0.39999999999999997,2,0.4,1,0.3333333333333333
0.5340909090909091,0.5909090909090909,"{""clf__C"": 32.32518791282502, ""clf__gamma"": 0.0005104518230902811, ""clf__class_weight"": ""balanced""}",0.27021317797997546,"[[20, 35], [6, 27]]",valence,0.531124106562703,0.5340909090909091,0.5217998700454841,6,0.18181818181818182,,35,0.6363636363636364,0.15463917525773196,0.762644411420715,0.19292704235657732,subject_dependent,rbf_svm,0.7692307692307693,0.43548387096774194,0.6933478791483516,0.6023573200992556,0.5340909090909091,0.644075682382134,0.5909090909090909,0.5340909090909091,0.5340909090909091,0.7245179063360883,20,0.36363636363636365,27,0.8181818181818182,0.5,0.6,0.22700412629009886,"[[1, 4], [0, 3]]",0.4666666666666667,0.5,0.4333333333333333,0,0.0,4,0.8,0.1578947368421053,0.6257088665406465,0.29277002188455997,1.0,0.42857142857142855,0.8333333333333333,0.7142857142857143,0.5,0.7857142857142857,0.6,0.5,0.5,0.8,1,0.2,3,1.0
0.5340909090909091,0.5340909090909091,"{""clf__C"": 183.42628625395747, ""clf__gamma"": 0.0001005394019469303, ""clf__class_weight"": ""balanced""}",0.33703684155800956,"[[17, 27], [14, 30]]",valence,0.5236963696369636,0.5340909090909091,0.5236963696369638,14,0.3181818181818182,,27,0.6136363636363636,0.06818181818181823,1.1469303753888376,0.07136791021047098,subject_dependent,rbf_svm,0.5483870967741935,0.5263157894736842,0.6974662342765002,0.5373514431239388,0.5340909090909091,0.5373514431239388,0.5340909090909091,0.5340909090909091,0.5340909090909091,0.6007231404958678,17,0.38636363636363635,30,0.6818181818181818,0.5,0.5,0.29666594890016074,"[[1, 3], [1, 3]]",0.4666666666666667,0.5,0.4666666666666667,1,0.25,3,0.75,0.0,0.9695809234213455,0.0,0.5,0.5,0.875,0.5,0.5,0.5,0.5,0.5,0.5,0.75,1,0.25,3,0.75
0.5227272727272727,0.5227272727272727,"{""clf__C"": 0.21466070134458173, ""clf__gamma"": 0.0012955517240662183, ""clf__class_weight"": ""balanced""}",0.26027099583497254,"[[16, 28], [14, 30]]",valence,0.5103338632750398,0.5227272727272727,0.5103338632750397,14,0.3181818181818182,,28,0.6363636363636364,0.045454545454545414,0.7145959974285541,0.04794633014853841,subject_dependent,rbf_svm,0.5333333333333333,0.5172413793103449,0.6122195662021889,0.5252873563218391,0.5227272727272727,0.5252873563218391,0.5227272727272727,0.5227272727272727,0.5227272727272727,0.5787706611570249,16,0.36363636363636365,30,0.6818181818181818,0.625,0.625,0.253154577684543,"[[2, 2], [1, 3]]",0.6190476190476191,0.625,0.6190476190476191,1,0.25,2,0.5,0.25,0.6967643267555323,0.2581988897471611,0.6666666666666666,0.6,0.7095238095238094,0.6333333333333333,0.625,0.6333333333333333,0.625,0.625,0.625,0.625,2,0.5,3,0.75
0.4318181818181818,0.4318181818181818,"{""clf__C"": 0.40069130793659025, ""clf__gamma"": 0.0014899847475658245, ""clf__class_weight"": ""balanced""}",0.26450263618313324,"[[22, 22], [28, 16]]",valence,0.42916450441100157,0.4318181818181818,0.42916450441100157,28,0.6363636363636364,,22,0.5,-0.13636363636363646,0.7228752205415205,-0.13764944032233706,subject_dependent,rbf_svm,0.44,0.42105263157894735,0.4345553124332937,0.43052631578947365,0.4318181818181818,0.4305263157894737,0.4318181818181818,0.4318181818181818,0.4318181818181818,0.42716942148760334,22,0.5,16,0.36363636363636365,0.5,0.5,0.2629379381641588,"[[2, 2], [2, 2]]",0.5,0.5,0.5,2,0.5,2,0.5,0.0,0.7195615345371508,0.0,0.5,0.5,0.5178571428571428,0.5,0.5,0.5,0.5,0.5,0.5,0.4375,2,0.5,2,0.5
0.6590909090909091,0.6242424242424243,"{""clf__C"": 0.40069130793659025, ""clf__gamma"": 0.0014899847475658245, ""clf__class_weight"": ""balanced""}",0.22784114120161736,"[[16, 17], [13, 42]]",valence,0.6264855687606112,0.6590909090909091,0.6540747028862479,13,0.23636363636363636,,17,0.5151515151515151,0.25465838509316774,0.6481500873200031,0.2559253008101756,subject_dependent,rbf_svm,0.5517241379310345,0.711864406779661,0.7626128654837538,0.6317942723553478,0.6590909090909091,0.6518118059614261,0.6242424242424243,0.6590909090909091,0.6590909090909091,0.6953168044077135,16,0.48484848484848486,42,0.7636363636363637,1.0,1.0,0.2243486841542634,"[[3, 0], [0, 5]]",1.0,1.0,1.0,0,0.0,0,0.0,1.0,0.6417382953758368,1.0,1.0,1.0,1.0,1.0,1.0,1.0,1.0,1.0,1.0,1.0,3,1.0,5,1.0
0.36363636363636365,0.28787878787878785,"{""clf__C"": 0.4342298948286134, ""clf__gamma"": 0.0008179499475211679, ""clf__class_weight"": ""balanced""}",0.28241920911539115,"[[3, 19], [37, 29]]",valence,0.3027730616864743,0.36363636363636365,0.4057724957555178,37,0.5606060606060606,,19,0.8636363636363636,-0.33333333333333326,0.758559442695553,-0.3689323936863109,subject_dependent,rbf_svm,0.075,0.6041666666666666,0.6040555836998615,0.3395833333333333,0.36363636363636365,0.471875,0.28787878787878785,0.36363636363636365,0.36363636363636365,0.21969696969696972,3,0.13636363636363635,29,0.4393939393939394,0.0,0.0,0.28089848509386206,"[[0, 2], [6, 0]]",0.0,0.0,0.0,6,1.0,2,1.0,-0.6000000000000001,0.7552106301601587,-1.0,0.0,0.0,0.594047619047619,0.0,0.0,0.0,0.0,0.0,0.0,0.0,0,0.0,0,0.0
0.32954545454545453,0.3727272727272727,"{""clf__C"": 0.40069130793659025, ""clf__gamma"": 0.0014899847475658245, ""clf__class_weight"": ""balanced""}",0.34937848607550354,"[[18, 15], [44, 11]]",valence,0.32527615334632876,0.32954545454545453,0.3118583495776478,44,0.8,,15,0.45454545454545453,-0.21649484536082464,0.9074873639213847,-0.2700978592992082,subject_dependent,rbf_svm,0.2903225806451613,0.4230769230769231,0.5521556583868346,0.3566997518610422,0.32954545454545453,0.3732940446650124,0.3727272727272727,0.32954545454545453,0.32954545454545453,0.44628099173553715,18,0.5454545454545454,11,0.2,0.25,0.3333333333333333,0.3347537763413673,"[[2, 1], [5, 0]]",0.2,0.25,0.15000000000000002,5,1.0,1,0.3333333333333333,-0.26315789473684204,0.8682805215088842,-0.4879500364742666,0.2857142857142857,0.0,0.5961904761904762,0.14285714285714285,0.25,0.10714285714285714,0.3333333333333333,0.25,0.25,0.4,2,0.6666666666666666,0,0.0
0.6022727272727273,0.5606060606060606,"{""clf__C"": 0.40069130793659025, ""clf__gamma"": 0.0014899847475658245, ""clf__class_weight"": ""balanced""}",0.23862353522569563,"[[13, 20], [15, 40]]",valence,0.5609408410548824,0.6022727272727273,0.5946186742694226,15,0.2727272727272727,,20,0.6060606060606061,0.125,0.670065843419944,0.12598815766974242,subject_dependent,rbf_svm,0.4642857142857143,0.6666666666666666,0.6889362169709797,0.5654761904761905,0.6022727272727273,0.5907738095238094,0.5606060606060606,0.6022727272727273,0.6022727272727273,0.5895316804407713,13,0.3939393939393939,40,0.7272727272727273,0.75,0.7333333333333334,0.23438581456439256,"[[2, 1], [1, 4]]",0.7333333333333334,0.75,0.75,1,0.2,1,0.3333333333333333,0.4666666666666667,0.6616949260260183,0.4666666666666667,0.6666666666666666,0.8,0.885,0.7333333333333334,0.75,0.75,0.7333333333333334,0.75,0.75,0.7333333333333334,2,0.6666666666666666,4,0.8
0.7840909090909091,0.6742424242424242,"{""clf__C"": 2.2463533171675794, ""clf__gamma"": 0.0006516990611177178, ""clf__class_weight"": null}",0.11628472939348024,"[[10, 12], [7, 59]]",valence,0.6870671907168258,0.7840909090909091,0.7741905296649821,7,0.10606060606060606,,12,0.5454545454545454,0.3770491803278688,0.37141424789873995,0.38222014561347567,subject_dependent,rbf_svm,0.5882352941176471,0.8309859154929577,0.965614313233135,0.7096106048053024,0.7840909090909091,0.77029826014913,0.6742424242424242,0.7840909090909091,0.7840909090909091,0.8932506887052342,10,0.45454545454545453,59,0.8939393939393939,0.875,0.75,0.09731566137997513,"[[1, 1], [0, 6]]",0.7948717948717949,0.875,0.8589743589743589,0,0.0,1,0.5,0.6,0.3411373606862173,0.6546536707079772,1.0,0.8571428571428571,1.0,0.9285714285714286,0.875,0.8928571428571428,0.75,0.875,0.875,1.0,1,0.5,6,1.0
0.5113636363636364,0.5242424242424243,"{""clf__C"": 0.40069130793659025, ""clf__gamma"": 0.0014899847475658245, ""clf__class_weight"": ""balanced""}",0.30506502618456255,"[[26, 29], [14, 19]]",valence,0.5082521117608837,0.5113636363636364,0.5180311890838207,14,0.42424242424242425,,29,0.5272727272727272,0.0444444444444444,0.9251012790044267,0.04714045207910317,subject_dependent,rbf_svm,0.65,0.3958333333333333,0.39068445812955543,0.5229166666666667,0.5113636363636364,0.5546875,0.5242424242424243,0.5113636363636364,0.5113636363636364,0.5752066115702479,26,0.4727272727272727,19,0.5757575757575758,0.625,0.7,0.28922836190592244,"[[2, 3], [0, 3]]",0.6190476190476191,0.625,0.6071428571428571,0,0.0,3,0.6,0.33333333333333337,0.88482199566766,0.4472135954999579,1.0,0.5,0.4666666666666667,0.75,0.625,0.8125,0.7,0.625,0.625,0.5333333333333333,2,0.4,3,1.0
0.5795454545454546,0.5121212121212122,"{""clf__C"": 1.4465894873674117, ""clf__gamma"": 0.00026828750938254404, ""clf__class_weight"": null}",0.2517996555341297,"[[8, 25], [12, 43]]",valence,0.5005368921613744,0.5795454545454546,0.5501994170885105,12,0.21818181818181817,,25,0.7575757575757576,0.02631578947368418,0.7116714175397842,0.028005601680560193,subject_dependent,rbf_svm,0.4,0.6323529411764706,0.7376707185121254,0.5161764705882352,0.5795454545454546,0.5452205882352942,0.5121212121212122,0.5795454545454546,0.5795454545454546,0.5999999999999999,8,0.24242424242424243,43,0.7818181818181819,0.75,0.6666666666666666,0.23144707412003163,"[[1, 2], [0, 5]]",0.6666666666666667,0.75,0.7083333333333334,0,0.0,2,0.6666666666666666,0.3846153846153846,0.6489668433013418,0.4879500364742666,1.0,0.7142857142857143,0.7961904761904761,0.8571428571428572,0.75,0.8214285714285714,0.6666666666666666,0.75,0.75,0.6000000000000001,1,0.3333333333333333,5,1.0
0.7954545454545454,0.793939393939394,"{""clf__C"": 51.4138527229363, ""clf__gamma"": 0.006173770394704574, ""clf__class_weight"": ""balanced""}",0.16207262262293168,"[[26, 7], [11, 44]]",valence,0.786522911051213,0.7954545454545454,0.7974393530997305,11,0.2,,7,0.21212121212121213,0.5739644970414202,0.5529953874299023,0.5765542192273727,subject_dependent,rbf_svm,0.7027027027027027,0.8627450980392157,0.91166025476482,0.7827239003709592,0.7954545454545454,0.8027291997880234,0.793939393939394,0.7954545454545454,0.7954545454545454,0.8512396694214875,26,0.7878787878787878,44,0.8,0.75,0.7333333333333334,0.10154414521755004,"[[2, 1], [1, 4]]",0.7333333333333334,0.75,0.75,1,0.2,1,0.3333333333333333,0.4666666666666667,0.3281884541791715,0.4666666666666667,0.6666666666666666,0.8,0.9666666666666667,0.7333333333333334,0.75,0.75,0.7333333333333334,0.75,0.75,0.9333333333333333,2,0.6666666666666666,4,0.8
0.7954545454545454,0.803030303030303,"{""clf__C"": 0.40069130793659025, ""clf__gamma"": 0.0014899847475658245, ""clf__class_weight"": ""balanced""}",0.15621202585673769,"[[18, 4], [14, 52]]",valence,0.7595628415300546,0.7954545454545454,0.8060109289617486,14,0.21212121212121213,,4,0.18181818181818182,0.5263157894736843,0.47937517746918057,0.545544725589981,subject_dependent,rbf_svm,0.5625,0.9285714285714286,0.9585099939561537,0.7455357142857143,0.7954545454545454,0.8370535714285713,0.803030303030303,0.7954545454545454,0.7954545454545454,0.8719008264462809,18,0.8181818181818182,52,0.7878787878787878,1.0,1.0,0.13616548733846845,"[[2, 0], [0, 6]]",1.0,1.0,1.0,0,0.0,0,0.0,1.0,0.44443840418465386,1.0,1.0,1.0,1.0,1.0,1.0,1.0,1.0,1.0,1.0,1.0,2,1.0,6,1.0
0.6136363636363636,0.6136363636363635,"{""clf__C"": 0.4342298948286134, ""clf__gamma"": 0.0008179499475211679, ""clf__class_weight"": ""balanced""}",0.2386519023485928,"[[24, 20], [14, 30]]",valence,0.611831862999481,0.6136363636363636,0.6118318629994811,14,0.3181818181818182,,20,0.45454545454545453,0.2272727272727273,0.6730097274968697,0.22941573387056177,subject_dependent,rbf_svm,0.631578947368421,0.6,0.59528193981222,0.6157894736842104,0.6136363636363636,0.6157894736842106,0.6136363636363635,0.6136363636363636,0.6136363636363636,0.6472107438016529,24,0.5454545454545454,30,0.6818181818181818,0.75,0.75,0.22767542411329697,"[[3, 1], [1, 3]]",0.75,0.75,0.75,1,0.25,1,0.25,0.5,0.6510590382459346,0.5,0.75,0.75,0.7708333333333333,0.75,0.75,0.75,0.75,0.75,0.75,0.75,3,0.75,3,0.75
0.5681818181818182,0.5878787878787879,"{""clf__C"": 0.24298576400577698, ""clf__gamma"": 0.0020797422068521733, ""clf__class_weight"": null}",0.29983528498666795,"[[28, 27], [11, 22]]",valence,0.5661650233523612,0.5681818181818182,0.5735599377270368,11,0.3333333333333333,,27,0.4909090909090909,0.16022099447513816,0.8218542488665034,0.17128606205176405,subject_dependent,rbf_svm,0.717948717948718,0.4489795918367347,0.37247487057030004,0.5834641548927263,0.5681818181818182,0.6170852956567242,0.5878787878787879,0.5681818181818182,0.5681818181818182,0.5322314049586777,28,0.509090909090909,22,0.6666666666666666,0.625,0.7,0.29026560310214866,"[[2, 3], [0, 3]]",0.6190476190476191,0.625,0.6071428571428571,0,0.0,3,0.6,0.33333333333333337,0.7981683812130904,0.4472135954999579,1.0,0.5,0.4444444444444445,0.75,0.625,0.8125,0.7,0.625,0.625,0.5333333333333333,2,0.4,3,1.0
0.4318181818181818,0.5090909090909091,"{""clf__C"": 5.2117930643778205, ""clf__gamma"": 0.0036999724314638123, ""clf__class_weight"": null}",0.41258763561975337,"[[27, 6], [44, 11]]",valence,0.4123931623931624,0.4318181818181818,0.3856837606837607,44,0.8,,6,0.18181818181818182,0.014778325123152691,1.3954212338733845,0.02229574507725912,subject_dependent,rbf_svm,0.38028169014084506,0.6470588235294118,0.6689577069470596,0.5136702568351285,0.4318181818181818,0.5470173985086993,0.5090909090909091,0.4318181818181818,0.4318181818181818,0.5741046831955923,27,0.8181818181818182,11,0.2,0.375,0.43333333333333335,0.35559327580040445,"[[2, 1], [4, 1]]",0.36507936507936506,0.375,0.34523809523809523,4,0.8,1,0.3333333333333333,-0.11111111111111116,0.9353719292589959,-0.14907119849998599,0.3333333333333333,0.5,0.7595238095238095,0.41666666666666663,0.375,0.4375,0.43333333333333335,0.375,0.375,0.6000000000000001,2,0.6666666666666666,1,0.2
0.4772727272727273,0.6212121212121212,"{""clf__C"": 0.21466070134458173, ""clf__gamma"": 0.0012955517240662183, ""clf__class_weight"": ""balanced""}",0.31845674500410814,"[[20, 2], [44, 22]]",valence,0.47700258397932815,0.4772727272727273,0.48294573643410854,44,0.6666666666666666,,2,0.09090909090909091,0.14814814814814814,0.841271301051042,0.23570226039551584,subject_dependent,rbf_svm,0.3125,0.9166666666666666,0.8479563601658155,0.6145833333333333,0.4772727272727273,0.765625,0.6212121212121212,0.4772727272727273,0.4772727272727273,0.587465564738292,20,0.9090909090909091,22,0.3333333333333333,0.375,0.5833333333333334,0.31082750759018785,"[[2, 0], [5, 1]]",0.36507936507936506,0.375,0.32539682539682535,5,0.8333333333333334,0,0.0,0.09090909090909094,0.8176997630868839,0.2182178902359924,0.2857142857142857,1.0,0.8734126984126984,0.6428571428571428,0.375,0.8214285714285714,0.5833333333333334,0.375,0.375,0.6666666666666666,2,1.0,1,0.16666666666666666
0.6136363636363636,0.5515151515151515,"{""clf__C"": 0.6351054340728711, ""clf__gamma"": 0.0005285382203816729, ""clf__class_weight"": ""balanced""}",0.2332151635523236,"[[44, 11], [23, 10]]",valence,0.5458409228901032,0.6136363636363636,0.5897085610200364,23,0.696969696969697,,11,0.2,0.11111111111111116,0.6594546831442304,0.1170189624549568,subject_dependent,rbf_svm,0.6567164179104478,0.47619047619047616,0.48619635935854355,0.566453447050462,0.6136363636363636,0.5890191897654584,0.5515151515151515,0.6136363636363636,0.6136363636363636,0.5730027548209367,44,0.8,10,0.30303030303030304,0.625,0.5666666666666667,0.22483170112180823,"[[4, 1], [2, 1]]",0.5636363636363637,0.625,0.6045454545454546,2,0.6666666666666666,1,0.2,0.1428571428571429,0.6408235341998576,0.14907119849998599,0.6666666666666666,0.5,0.7,0.5833333333333333,0.625,0.6041666666666666,0.5666666666666667,0.625,0.625,0.7333333333333333,4,0.8,1,0.3333333333333333
0.5227272727272727,0.49696969696969695,"{""clf__C"": 243.14537412227003, ""clf__gamma"": 0.0004992453416923984, ""clf__class_weight"": ""balanced""}",0.28187673400798896,"[[33, 22], [20, 13]]",valence,0.49673202614379086,0.5227272727272727,0.5253267973856209,20,0.6060606060606061,,22,0.4,-0.0059880239520957446,0.8111824457118857,-0.005994906493301807,subject_dependent,rbf_svm,0.6226415094339622,0.37142857142857144,0.3833011297645878,0.49703504043126684,0.5227272727272727,0.5284366576819407,0.49696969696969695,0.5227272727272727,0.5227272727272727,0.5305785123966942,33,0.6,13,0.3939393939393939,0.5,0.4,0.24186976550094347,"[[4, 1], [3, 0]]",0.3333333333333333,0.5,0.41666666666666663,3,1.0,1,0.2,-0.23076923076923084,0.6711062422943987,-0.29277002188455997,0.5714285714285714,0.0,0.47619047619047616,0.2857142857142857,0.5,0.3571428571428571,0.4,0.5,0.5,0.5333333333333332,4,0.8,0,0.0
0.6931818181818182,0.6757575757575758,"{""clf__C"": 64.69870699850829, ""clf__gamma"": 0.0008200518402245837, ""clf__class_weight"": null}",0.21686991974495234,"[[41, 14], [13, 20]]",valence,0.6746542516773928,0.6931818181818182,0.6940640832534576,13,0.3939393939393939,,14,0.2545454545454545,0.3493975903614458,0.6240366316455472,0.34949907093005717,subject_dependent,rbf_svm,0.7592592592592593,0.5882352941176471,0.5612058701067626,0.6737472766884531,0.6931818181818182,0.6951252723311547,0.6757575757575758,0.6931818181818182,0.6931818181818182,0.6771349862258953,41,0.7454545454545455,20,0.6060606060606061,0.625,0.5,0.19150195727329228,"[[5, 0], [3, 0]]",0.38461538461538464,0.625,0.4807692307692308,3,1.0,0,0.0,0.0,0.5714084075791721,0.0,0.625,0.0,0.9166666666666666,0.3125,0.625,0.390625,0.5,0.625,0.625,0.9333333333333333,5,1.0,0,0.0
0.5,0.48484848484848486,"{""clf__C"": 243.14537412227003, ""clf__gamma"": 0.0004992453416923984, ""clf__class_weight"": ""balanced""}",0.29150404099062416,"[[34, 32], [12, 10]]",valence,0.45982142857142855,0.5,0.5334821428571428,12,0.5454545454545454,,32,0.48484848484848486,-0.023255813953488413,0.8149690184350583,-0.02627034687463669,subject_dependent,rbf_svm,0.7391304347826086,0.23809523809523808,0.26735333443878495,0.4886128364389234,0.5,0.6138716356107661,0.48484848484848486,0.5,0.5,0.506198347107438,34,0.5151515151515151,10,0.45454545454545453,0.5,0.5,0.24548552005112084,"[[3, 3], [1, 1]]",0.4666666666666667,0.5,0.5333333333333333,1,0.5,3,0.5,0.0,0.6837294406650758,0.0,0.75,0.25,0.6428571428571428,0.5,0.5,0.625,0.5,0.5,0.5,0.5833333333333333,3,0.5,1,0.5
0.5340909090909091,0.577922077922078,"{""clf__C"": 2.365839532258546, ""clf__gamma"": 0.06025271171095385, ""clf__class_weight"": null}",0.28990446298674416,"[[40, 37], [4, 7]]",valence,0.4578512396694215,0.5340909090909091,0.6103305785123967,4,0.36363636363636365,,37,0.4805194805194805,0.06818181818181823,0.846874672117735,0.10308121991160743,subject_dependent,rbf_svm,0.9090909090909091,0.1590909090909091,0.14990571910135464,0.5340909090909091,0.5340909090909091,0.8153409090909091,0.577922077922078,0.5340909090909091,0.5340909090909091,0.4899645808736718,40,0.5194805194805194,7,0.6363636363636364,0.5,0.2857142857142857,0.2416864691533659,"[[4, 3], [1, 0]]",0.3333333333333333,0.5,0.5833333333333333,1,1.0,3,0.42857142857142855,-0.23076923076923084,0.6760435084538543,-0.29277002188455997,0.8,0.0,0.16666666666666666,0.4,0.5,0.7000000000000001,0.2857142857142857,0.5,0.5,0.2857142857142857,4,0.5714285714285714,0,0.0
0.48863636363636365,0.5181818181818182,"{""clf__C"": 100.2571297605856, ""clf__gamma"": 0.0074112997810832455, ""clf__class_weight"": ""balanced""}",0.36583585797286006,"[[21, 12], [33, 22]]",valence,0.4885703215807826,0.48863636363636365,0.4900232468035645,33,0.6,,12,0.36363636363636365,0.032258064516129004,1.049259161932515,0.036155076303109365,subject_dependent,rbf_svm,0.3888888888888889,0.6470588235294118,0.629269999334225,0.5179738562091504,0.48863636363636365,0.5502450980392157,0.5181818181818182,0.48863636363636365,0.48863636363636365,0.4352617079889807,21,0.6363636363636364,22,0.4,0.5,0.5333333333333333,0.3241250454996732,"[[2, 1], [3, 2]]",0.5,0.5,0.5,3,0.6,1,0.3333333333333333,0.05882352941176472,0.8771290950744308,0.06666666666666667,0.4,0.6666666666666666,0.6926190476190477,0.5333333333333333,0.5,0.5666666666666667,0.5333333333333333,0.5,0.5,0.4,2,0.6666666666666666,2,0.4
0.5,0.5333333333333333,"{""clf__C"": 32.32518791282502, ""clf__gamma"": 0.0005104518230902811, ""clf__class_weight"": ""balanced""}",0.2842164600114954,"[[22, 11], [33, 22]]",valence,0.5,0.5,0.5,33,0.6,,11,0.3333333333333333,0.05882352941176472,0.7742047340047189,0.06666666666666667,subject_dependent,rbf_svm,0.4,0.6666666666666666,0.6796221051176398,0.5333333333333333,0.5,0.5666666666666667,0.5333333333333333,0.5,0.5,0.5658402203856749,22,0.6666666666666666,22,0.4,0.375,0.5,0.2603774394691544,"[[3, 0], [5, 0]]",0.2727272727272727,0.375,0.20454545454545453,5,1.0,0,0.0,0.0,0.7132702456604372,0.0,0.375,0.0,0.7861904761904762,0.1875,0.375,0.140625,0.5,0.375,0.375,0.6666666666666667,3,1.0,0,0.0
0.4318181818181818,0.4666666666666667,"{""clf__C"": 5.2117930643778205, ""clf__gamma"": 0.0036999724314638123, ""clf__class_weight"": null}",0.30095175978159944,"[[20, 13], [37, 18]]",valence,0.4315245478036176,0.4318181818181818,0.42829457364341084,37,0.6727272727272727,,13,0.3939393939393939,-0.05820105820105814,0.8286285586525192,-0.06756608899303519,subject_dependent,rbf_svm,0.3508771929824561,0.5806451612903226,0.6494292313496253,0.46576117713638937,0.4318181818181818,0.4944821731748727,0.4666666666666667,0.4318181818181818,0.4318181818181818,0.5520661157024793,20,0.6060606060606061,18,0.32727272727272727,0.25,0.3333333333333333,0.25820406448875,"[[2, 1], [5, 0]]",0.2,0.25,0.15000000000000002,5,1.0,1,0.3333333333333333,-0.26315789473684204,0.7073389679030799,-0.4879500364742666,0.2857142857142857,0.0,0.71,0.14285714285714285,0.25,0.10714285714285714,0.3333333333333333,0.25,0.25,0.6666666666666667,2,0.6666666666666666,0,0.0
0.4318181818181818,0.4318181818181818,"{""clf__C"": 13.411788774467905, ""clf__gamma"": 0.00026210878782654407, ""clf__class_weight"": ""balanced""}",0.2984679969203199,"[[6, 38], [12, 32]]",valence,0.377475947934352,0.4318181818181818,0.37747594793435196,12,0.2727272727272727,,38,0.8636363636363636,-0.13636363636363646,0.8127296293756927,-0.16903085094570333,subject_dependent,rbf_svm,0.3333333333333333,0.45714285714285713,0.5204408797008476,0.3952380952380952,0.4318181818181818,0.3952380952380952,0.4318181818181818,0.4318181818181818,0.4318181818181818,0.4643595041322314,6,0.13636363636363635,32,0.7272727272727273,0.25,0.25,0.27836359577112935,"[[0, 4], [2, 2]]",0.2,0.25,0.2,2,0.5,4,1.0,-0.5,0.7485809541035375,-0.5773502691896258,0.0,0.3333333333333333,0.6071428571428572,0.16666666666666666,0.25,0.16666666666666666,0.25,0.25,0.25,0.375,0,0.0,2,0.5
0.42045454545454547,0.4621212121212121,"{""clf__C"": 243.14537412227003, ""clf__gamma"": 0.0004992453416923984, ""clf__class_weight"": ""balanced""}",0.3548026738024559,"[[25, 41], [10, 12]]",valence,0.40752475247524755,0.42045454545454547,0.45128712871287124,10,0.45454545454545453,,41,0.6212121212121212,-0.05154639175257736,0.9831046073486909,-0.06702509218888864,subject_dependent,rbf_svm,0.7142857142857143,0.22641509433962265,0.21254972315019197,0.4703504043126685,0.42045454545454547,0.5923180592991915,0.4621212121212121,0.42045454545454547,0.42045454545454547,0.4152892561983471,25,0.3787878787878788,12,0.5454545454545454,0.375,0.41666666666666663,0.3110475309149582,"[[2, 4], [1, 1]]",0.36507936507936506,0.375,0.40476190476190477,1,0.5,4,0.6666666666666666,-0.11111111111111116,0.822288771804707,-0.14907119849998599,0.6666666666666666,0.2,0.25,0.43333333333333335,0.375,0.55,0.41666666666666663,0.375,0.375,0.25,2,0.3333333333333333,1,0.5
0.42045454545454547,0.3712121212121212,"{""clf__C"": 183.42628625395747, ""clf__gamma"": 0.0001005394019469303, ""clf__class_weight"": ""balanced""}",0.3446847370462028,"[[31, 35], [16, 6]]",valence,0.3695743784239359,0.42045454545454547,0.45912347239780865,16,0.7272727272727273,,35,0.5303030303030303,-0.19999999999999996,0.9299237486795604,-0.223587457110947,subject_dependent,rbf_svm,0.6595744680851063,0.14634146341463414,0.19038243589080087,0.40295796574987025,0.42045454545454547,0.5312662169174883,0.3712121212121212,0.42045454545454547,0.42045454545454547,0.3402203856749312,31,0.4696969696969697,6,0.2727272727272727,0.375,0.25,0.31721697438300006,"[[3, 3], [2, 0]]",0.2727272727272727,0.375,0.40909090909090906,2,1.0,3,0.5,-0.4285714285714286,0.8420377667070624,-0.4472135954999579,0.6,0.0,0.225,0.3,0.375,0.44999999999999996,0.25,0.375,0.375,0.16666666666666669,3,0.5,0,0.0
0.5,0.5,"{""clf__C"": 0.6351054340728711, ""clf__gamma"": 0.0005285382203816729, ""clf__class_weight"": ""balanced""}",0.2495626465591946,"[[24, 20], [24, 20]]",valence,0.4989648033126294,0.5,0.4989648033126294,24,0.5454545454545454,,20,0.45454545454545453,0.0,0.692927924834617,0.0,subject_dependent,rbf_svm,0.5,0.5,0.5255219720245814,0.5,0.5,0.5,0.5,0.5,0.5,0.5557851239669421,24,0.5454545454545454,20,0.45454545454545453,0.625,0.625,0.24636285356165305,"[[2, 2], [1, 3]]",0.6190476190476191,0.625,0.6190476190476191,1,0.25,2,0.5,0.25,0.6863565995510822,0.2581988897471611,0.6666666666666666,0.6,0.5666666666666667,0.6333333333333333,0.625,0.6333333333333333,0.625,0.625,0.625,0.5625,2,0.5,3,0.75
0.5681818181818182,0.5681818181818182,"{""clf__C"": 0.40069130793659025, ""clf__gamma"": 0.0014899847475658245, ""clf__class_weight"": ""balanced""}",0.25507692014725775,"[[18, 26], [12, 32]]",valence,0.5569687334393216,0.5681818181818182,0.5569687334393216,12,0.2727272727272727,,26,0.5909090909090909,0.13636363636363635,0.7040959404796733,0.14383899044561524,subject_dependent,rbf_svm,0.6,0.5517241379310345,0.684892876233107,0.5758620689655172,0.5681818181818182,0.5758620689655172,0.5681818181818182,0.5681818181818182,0.5681818181818182,0.6172520661157025,18,0.4090909090909091,32,0.7272727272727273,0.375,0.375,0.23981312922625875,"[[0, 4], [1, 3]]",0.2727272727272727,0.375,0.2727272727272727,1,0.25,4,1.0,-0.25,0.6667268291686063,-0.3779644730092272,0.0,0.42857142857142855,0.8125,0.21428571428571427,0.375,0.21428571428571427,0.375,0.375,0.375,0.6875,0,0.0,3,0.75
0.4659090909090909,0.4636363636363636,"{""clf__C"": 262.30889101079146, ""clf__gamma"": 0.0025135566617708314, ""clf__class_weight"": null}",0.4161089248649928,"[[15, 18], [29, 26]]",valence,0.45743145743145747,0.4659090909090909,0.4743867243867244,29,0.5272727272727272,,18,0.5454545454545454,-0.06818181818181812,1.6367700630239612,-0.07041787902195304,subject_dependent,rbf_svm,0.3409090909090909,0.5909090909090909,0.5884457767446584,0.46590909090909094,0.4659090909090909,0.4971590909090909,0.4636363636363636,0.4659090909090909,0.4659090909090909,0.42699724517906334,15,0.45454545454545453,26,0.4727272727272727,0.5,0.5333333333333333,0.3355224694366404,"[[2, 1], [3, 2]]",0.5,0.5,0.5,3,0.6,1,0.3333333333333333,0.05882352941176472,0.9298694394251438,0.06666666666666667,0.4,0.6666666666666666,0.6926190476190477,0.5333333333333333,0.5,0.5666666666666667,0.5333333333333333,0.5,0.5,0.4,2,0.6666666666666666,2,0.4
0.38636363636363635,0.38636363636363635,"{""clf__C"": 0.4342298948286134, ""clf__gamma"": 0.0008179499475211679, ""clf__class_weight"": ""balanced""}",0.3564852661711887,"[[8, 36], [18, 26]]",valence,0.3595687331536388,0.38636363636363635,0.3595687331536388,18,0.4090909090909091,,36,0.8181818181818182,-0.2272727272727273,0.9547173555660341,-0.24906774069335894,subject_dependent,rbf_svm,0.3076923076923077,0.41935483870967744,0.38997078130748186,0.3635235732009926,0.38636363636363635,0.3635235732009926,0.38636363636363635,0.38636363636363635,0.38636363636363635,0.31637396694214875,8,0.18181818181818182,26,0.5909090909090909,0.25,0.25,0.3459933055544582,"[[0, 4], [2, 2]]",0.2,0.25,0.2,2,0.5,4,1.0,-0.5,0.9176000057985456,-0.5773502691896258,0.0,0.3333333333333333,0.44047619047619047,0.16666666666666666,0.25,0.16666666666666666,0.25,0.25,0.25,0.25,0,0.0,2,0.5
0.48863636363636365,0.43333333333333335,"{""clf__C"": 2.2463533171675794, ""clf__gamma"": 0.0006516990611177178, ""clf__class_weight"": null}",0.3561846269868317,"[[7, 26], [19, 36]]",valence,0.4263363754889179,0.48863636363636365,0.47359843546284225,19,0.34545454545454546,,26,0.7878787878787878,-0.139240506329114,0.9892635732256856,-0.14147983106149004,subject_dependent,rbf_svm,0.2692307692307692,0.5806451612903226,0.5163598698845854,0.42493796526054595,0.48863636363636365,0.4638647642679901,0.43333333333333335,0.48863636363636365,0.48863636363636365,0.3294765840220386,7,0.21212121212121213,36,0.6545454545454545,0.5,0.4666666666666667,0.3401399270438822,"[[1, 2], [2, 3]]",0.4666666666666667,0.5,0.5,2,0.4,2,0.6666666666666666,-0.06666666666666665,0.9378723708832908,-0.06666666666666667,0.3333333333333333,0.6,0.5926190476190476,0.4666666666666667,0.5,0.5,0.4666666666666667,0.5,0.5,0.33333333333333337,1,0.3333333333333333,3,0.6
0.5568181818181818,0.5568181818181818,"{""clf__C"": 0.6351054340728711, ""clf__gamma"": 0.0005285382203816729, ""clf__class_weight"": ""balanced""}",0.2418426613179639,"[[19, 25], [14, 30]]",valence,0.5497835497835498,0.5568181818181818,0.5497835497835498,14,0.3181818181818182,,25,0.5681818181818182,0.11363636363636365,0.6746192746989345,0.11736313170325506,subject_dependent,rbf_svm,0.5757575757575758,0.5454545454545454,0.5995858868970718,0.5606060606060606,0.5568181818181818,0.5606060606060607,0.5568181818181818,0.5568181818181818,0.5568181818181818,0.6167355371900827,19,0.4318181818181818,30,0.6818181818181818,0.625,0.625,0.2352238419890308,"[[3, 1], [2, 2]]",0.6190476190476191,0.625,0.6190476190476191,2,0.5,1,0.25,0.25,0.6615442692992567,0.2581988897471611,0.6,0.6666666666666666,0.6845238095238095,0.6333333333333333,0.625,0.6333333333333333,0.625,0.625,0.625,0.5625,3,0.75,2,0.5
0.5795454545454546,0.6515151515151516,"{""clf__C"": 13.411788774467905, ""clf__gamma"": 0.00026210878782654407, ""clf__class_weight"": ""balanced""}",0.3156496982876421,"[[20, 35], [2, 31]]",valence,0.5728715728715729,0.5795454545454546,0.5595238095238095,2,0.06060606060606061,,35,0.6363636363636364,0.2525252525252525,0.9048924603617879,0.338798178409059,subject_dependent,rbf_svm,0.9090909090909091,0.4696969696969697,0.5432093881734253,0.6893939393939394,0.5795454545454546,0.7443181818181818,0.6515151515151516,0.5795454545454546,0.5795454545454546,0.6749311294765841,20,0.36363636363636365,31,0.9393939393939394,0.625,0.7,0.29987750688516024,"[[2, 3], [0, 3]]",0.6190476190476191,0.625,0.6071428571428571,0,0.0,3,0.6,0.33333333333333337,0.8311271535776174,0.4472135954999579,1.0,0.5,0.6333333333333333,0.75,0.625,0.8125,0.7,0.625,0.625,0.6,2,0.4,3,1.0
0.29545454545454547,0.3696969696969697,"{""clf__C"": 0.40069130793659025, ""clf__gamma"": 0.0014899847475658245, ""clf__class_weight"": ""balanced""}",0.4435950292884645,"[[4, 51], [11, 22]]",valence,0.2646900269541779,0.29545454545454547,0.22708894878706198,11,0.3333333333333333,,51,0.9272727272727272,-0.20975609756097557,1.1852361627192345,-0.33551795529557427,subject_dependent,rbf_svm,0.26666666666666666,0.3013698630136986,0.5591944737008799,0.28401826484018267,0.29545454545454547,0.2796803652968036,0.3696969696969697,0.29545454545454547,0.29545454545454547,0.5338842975206611,4,0.07272727272727272,22,0.6666666666666666,0.25,0.3333333333333333,0.43044759256404,"[[0, 5], [1, 2]]",0.2,0.25,0.15000000000000002,1,0.3333333333333333,5,1.0,-0.26315789473684204,1.1211266340298915,-0.4879500364742666,0.0,0.2857142857142857,0.6805555555555556,0.14285714285714285,0.25,0.10714285714285714,0.3333333333333333,0.25,0.25,0.6,0,0.0,2,0.6666666666666666
0.6363636363636364,0.6363636363636364,"{""clf__C"": 262.30889101079146, ""clf__gamma"": 0.0025135566617708314, ""clf__class_weight"": null}",0.26694217933937614,"[[42, 24], [8, 14]]",valence,0.5954022988505747,0.6363636363636364,0.6597701149425288,8,0.36363636363636365,,24,0.36363636363636365,0.2195121951219512,0.8142505048195752,0.23841582427170788,subject_dependent,rbf_svm,0.84,0.3684210526315789,0.38994592814678036,0.6042105263157894,0.6363636363636364,0.7221052631578947,0.6363636363636364,0.6363636363636364,0.6363636363636364,0.6728650137741047,42,0.6363636363636364,14,0.6363636363636364,0.75,0.8333333333333333,0.19412599845701228,"[[4, 2], [0, 2]]",0.7333333333333334,0.75,0.7666666666666667,0,0.0,2,0.3333333333333333,0.5,0.5536288619776212,0.5773502691896258,1.0,0.5,0.5,0.75,0.75,0.875,0.8333333333333333,0.75,0.75,0.7500000000000001,4,0.6666666666666666,2,1.0
0.2727272727272727,0.32727272727272727,"{""clf__C"": 0.26052157465743125, ""clf__gamma"": 0.013795402040204185, ""clf__class_weight"": null}",0.38424195722719534,"[[18, 15], [49, 6]]",valence,0.2589473684210526,0.2727272727272727,0.2336842105263158,49,0.8909090909090909,,15,0.45454545454545453,-0.2864321608040201,1.0387942664294356,-0.3923576976430904,subject_dependent,rbf_svm,0.26865671641791045,0.2857142857142857,0.5185008774293307,0.2771855010660981,0.2727272727272727,0.279317697228145,0.32727272727272727,0.2727272727272727,0.2727272727272727,0.36088154269972456,18,0.5454545454545454,6,0.10909090909090909,0.25,0.26666666666666666,0.3633510590971634,"[[1, 2], [4, 1]]",0.25,0.25,0.25,4,0.8,2,0.6666666666666666,-0.41176470588235303,0.9569121132708462,-0.4666666666666667,0.2,0.3333333333333333,0.5961904761904762,0.26666666666666666,0.25,0.2833333333333333,0.26666666666666666,0.25,0.25,0.4,1,0.3333333333333333,1,0.2
0.7954545454545454,0.7757575757575758,"{""clf__C"": 166.2878326769575, ""clf__gamma"": 0.008979064194712979, ""clf__class_weight"": ""balanced""}",0.1650534080045387,"[[47, 8], [10, 23]]",valence,0.7790178571428572,0.7954545454545454,0.7940848214285713,10,0.30303030303030304,,8,0.14545454545454545,0.558282208588957,0.5214348314206938,0.5589558271242002,subject_dependent,rbf_svm,0.8245614035087719,0.7419354838709677,0.7483438106888192,0.7832484436898699,0.7954545454545454,0.7935766836445953,0.7757575757575758,0.7954545454545454,0.7954545454545454,0.8369146005509642,47,0.8545454545454545,23,0.696969696969697,1.0,1.0,0.09675941911896582,"[[5, 0], [0, 3]]",1.0,1.0,1.0,0,0.0,0,0.0,1.0,0.3371208713242526,1.0,1.0,1.0,1.0,1.0,1.0,1.0,1.0,1.0,1.0,1.0,5,1.0,3,1.0
0.5454545454545454,0.7012987012987013,"{""clf__C"": 0.40069130793659025, ""clf__gamma"": 0.0014899847475658245, ""clf__class_weight"": ""balanced""}",0.24914561202840402,"[[38, 39], [1, 10]]",valence,0.49425287356321834,0.5454545454545454,0.6149425287356322,1,0.09090909090909091,,39,0.5064935064935064,0.16230366492146597,0.6920004030218636,0.26802933589618394,subject_dependent,rbf_svm,0.9743589743589743,0.20408163265306123,0.31846340348521607,0.5892203035060177,0.5454545454545454,0.8780743066457352,0.7012987012987013,0.5454545454545454,0.5454545454545454,0.8146399055489965,38,0.4935064935064935,10,0.9090909090909091,0.5,0.7142857142857143,0.23479013745291027,"[[3, 4], [0, 1]]",0.4666666666666667,0.5,0.5666666666666667,0,0.0,4,0.5714285714285714,0.1578947368421053,0.6580185259866669,0.29277002188455997,1.0,0.2,0.5,0.6,0.5,0.9,0.7142857142857143,0.5,0.5,0.8571428571428572,3,0.42857142857142855,1,1.0
0.7159090909090909,0.7545454545454545,"{""clf__C"": 13.411788774467905, ""clf__gamma"": 0.00026210878782654407, ""clf__class_weight"": ""balanced""}",0.20258590134257295,"[[33, 22], [3, 30]]",valence,0.7155785391079509,0.7159090909090909,0.7180025856496445,3,0.09090909090909091,,22,0.4,0.4565217391304348,0.5962884805775434,0.5012804118276031,subject_dependent,rbf_svm,0.9166666666666666,0.5769230769230769,0.6404324912572336,0.7467948717948718,0.7159090909090909,0.7892628205128205,0.7545454545454545,0.7159090909090909,0.7159090909090909,0.7881542699724519,33,0.6,30,0.9090909090909091,0.75,0.8,0.16763764922212843,"[[3, 2], [0, 3]]",0.75,0.75,0.75,0,0.0,2,0.4,0.5294117647058824,0.520941329073075,0.6,1.0,0.6,0.9166666666666666,0.8,0.75,0.85,0.8,0.75,0.75,0.9333333333333333,3,0.6,3,1.0
0.8068181818181818,0.8393939393939394,"{""clf__C"": 13.411788774467905, ""clf__gamma"": 0.00026210878782654407, ""clf__class_weight"": ""balanced""}",0.16600551828590146,"[[32, 1], [16, 39]]",valence,0.8055880441845353,0.8068181818181818,0.8094541910331383,16,0.2909090909090909,,1,0.030303030303030304,0.6222222222222222,0.502447603826917,0.6599663291074443,subject_dependent,rbf_svm,0.6666666666666666,0.975,0.946621329121598,0.8208333333333333,0.8068181818181818,0.859375,0.8393939393939394,0.8068181818181818,0.8068181818181818,0.9013774104683195,32,0.9696969696969697,39,0.7090909090909091,0.875,0.9,0.12554929384964608,"[[3, 0], [1, 4]]",0.873015873015873,0.875,0.876984126984127,1,0.2,0,0.0,0.75,0.415554276293725,0.7745966692414834,0.75,1.0,1.0,0.875,0.875,0.90625,0.9,0.875,0.875,1.0,3,1.0,4,0.8
0.5227272727272727,0.5454545454545454,"{""clf__C"": 0.5284919490133119, ""clf__gamma"": 0.005047786565710607, ""clf__class_weight"": null}",0.3526475666132121,"[[21, 12], [30, 25]]",valence,0.5217391304347826,0.5227272727272727,0.5271739130434783,30,0.5454545454545454,,12,0.36363636363636365,0.08196721311475408,1.0435602092059322,0.0891578689526865,subject_dependent,rbf_svm,0.4117647058823529,0.6756756756756757,0.6212693982990536,0.5437201907790143,0.5227272727272727,0.5767090620031796,0.5454545454545454,0.5227272727272727,0.5227272727272727,0.5126721763085399,21,0.6363636363636364,25,0.45454545454545453,0.625,0.6333333333333333,0.309290333754757,"[[2, 1], [2, 3]]",0.6190476190476191,0.625,0.6309523809523809,2,0.4,1,0.3333333333333333,0.25,0.864980175171976,0.2581988897471611,0.5,0.75,0.6683333333333333,0.625,0.625,0.65625,0.6333333333333333,0.625,0.625,0.5333333333333334,2,0.6666666666666666,3,0.6
0.5454545454545454,0.5909090909090908,"{""clf__C"": 0.40069130793659025, ""clf__gamma"": 0.0014899847475658245, ""clf__class_weight"": ""balanced""}",0.25134947873588076,"[[15, 7], [33, 33]]",valence,0.5256064690026954,0.5454545454545454,0.5741239892183289,33,0.5,,7,0.3181818181818182,0.13043478260869568,0.7050604786349237,0.15811388300841897,subject_dependent,rbf_svm,0.3125,0.825,0.8320238621689053,0.56875,0.5454545454545454,0.6968749999999999,0.5909090909090908,0.5454545454545454,0.5454545454545454,0.5847107438016529,15,0.6818181818181818,33,0.5,0.625,0.5833333333333333,0.23063909441130878,"[[1, 1], [2, 4]]",0.5636363636363637,0.625,0.6454545454545454,2,0.3333333333333333,1,0.5,0.1428571428571429,0.6462769553322372,0.14907119849998599,0.3333333333333333,0.8,0.8773809523809524,0.5666666666666667,0.625,0.6833333333333335,0.5833333333333333,0.625,0.625,0.5833333333333333,1,0.5,4,0.6666666666666666
0.42045454545454547,0.38484848484848483,"{""clf__C"": 51.4138527229363, ""clf__gamma"": 0.006173770394704574, ""clf__class_weight"": ""balanced""}",0.4852497501586297,"[[8, 25], [26, 29]]",valence,0.3854580309461865,0.42045454545454547,0.4221210461454197,26,0.4727272727272727,,25,0.7575757575757576,-0.22891566265060237,2.2232473506593724,-0.22898214991969265,subject_dependent,rbf_svm,0.23529411764705882,0.5370370370370371,0.6100051541471113,0.3861655773420479,0.42045454545454547,0.4238834422657952,0.38484848484848483,0.42045454545454547,0.42045454545454547,0.35537190082644626,8,0.24242424242424243,29,0.5272727272727272,0.25,0.2,0.42145605599522284,"[[0, 3], [3, 2]]",0.2,0.25,0.25,3,0.6,3,1.0,-0.6000000000000001,1.3187891214006793,-0.6,0.0,0.4,0.6392857142857143,0.2,0.25,0.25,0.2,0.25,0.25,0.2666666666666667,0,0.0,2,0.4
0.6477272727272727,0.6136363636363635,"{""clf__C"": 48.43827864278568, ""clf__gamma"": 0.00039459088111000007, ""clf__class_weight"": ""balanced""}",0.27539189371329764,"[[12, 10], [21, 45]]",valence,0.5900826446280991,0.6477272727272727,0.6669421487603305,21,0.3181818181818182,,10,0.45454545454545453,0.19480519480519476,0.8677484469945068,0.20327890704543541,subject_dependent,rbf_svm,0.36363636363636365,0.8181818181818182,0.7235541126778431,0.5909090909090909,0.6477272727272727,0.7045454545454546,0.6136363636363635,0.6477272727272727,0.6477272727272727,0.49586776859504134,12,0.5454545454545454,45,0.6818181818181818,0.625,0.5833333333333333,0.23103758631727053,"[[1, 1], [2, 4]]",0.5636363636363637,0.625,0.6454545454545454,2,0.3333333333333333,1,0.5,0.1428571428571429,0.6584722250900403,0.14907119849998599,0.3333333333333333,0.8,0.8555555555555556,0.5666666666666667,0.625,0.6833333333333335,0.5833333333333333,0.625,0.625,0.5833333333333334,1,0.5,4,0.6666666666666666
0.5681818181818182,0.4090909090909091,"{""clf__C"": 0.6351054340728711, ""clf__gamma"": 0.0005285382203816729, ""clf__class_weight"": ""balanced""}",0.22868450325799702,"[[2, 20], [18, 48]]",valence,0.4058280028429282,0.5681818181818182,0.5611229566453446,18,0.2727272727272727,,20,0.9090909090909091,-0.1875,0.6508033646605298,-0.18786728732554484,subject_dependent,rbf_svm,0.1,0.7058823529411765,0.682676948153787,0.40294117647058825,0.5681818181818182,0.5544117647058825,0.4090909090909091,0.5681818181818182,0.5681818181818182,0.3746556473829201,2,0.09090909090909091,48,0.7272727272727273,0.625,0.4166666666666667,0.2239864884096613,"[[0, 2], [1, 5]]",0.38461538461538464,0.625,0.576923076923077,1,0.16666666666666666,2,1.0,-0.19999999999999996,0.6418439844962887,-0.2182178902359924,0.0,0.7142857142857143,0.6968253968253968,0.35714285714285715,0.625,0.5357142857142857,0.4166666666666667,0.625,0.625,0.3333333333333333,0,0.0,5,0.8333333333333334
0.6022727272727273,0.461038961038961,"{""clf__C"": 0.40069130793659025, ""clf__gamma"": 0.0014899847475658245, ""clf__class_weight"": ""balanced""}",0.24810800686219964,"[[3, 8], [27, 50]]",valence,0.44354110207768743,0.6022727272727273,0.6664408310749773,27,0.35064935064935066,,8,0.7272727272727273,-0.04477611940298498,0.6984367110444004,-0.05436602822195624,subject_dependent,rbf_svm,0.1,0.8620689655172413,0.8821991668212347,0.48103448275862065,0.6022727272727273,0.7668103448275861,0.461038961038961,0.6022727272727273,0.6022727272727273,0.48642266824085,3,0.2727272727272727,50,0.6493506493506493,0.75,0.42857142857142855,0.23302537943151164,"[[0, 1], [1, 6]]",0.42857142857142855,0.75,0.75,1,0.14285714285714285,1,1.0,-0.1428571428571428,0.6616502282882963,-0.14285714285714285,0.0,0.8571428571428571,0.9379251700680272,0.42857142857142855,0.75,0.75,0.42857142857142855,0.75,0.75,0.5714285714285714,0,0.0,6,0.8571428571428571
0.48863636363636365,0.5833333333333333,"{""clf__C"": 12.957079329680445, ""clf__gamma"": 0.00032476735706274504, ""clf__class_weight"": null}",0.32555282671737806,"[[17, 5], [40, 26]]",valence,0.48323111053112355,0.48863636363636365,0.5096567923789639,40,0.6060606060606061,,5,0.22727272727272727,0.1089108910891089,0.9274902756163883,0.15108236796222702,subject_dependent,rbf_svm,0.2982456140350877,0.8387096774193549,0.8484315365783032,0.5684776457272213,0.48863636363636365,0.7035936615732882,0.5833333333333333,0.48863636363636365,0.48863636363636365,0.59366391184573,17,0.7727272727272727,26,0.3939393939393939,0.625,0.75,0.28958410144358854,"[[2, 0], [3, 3]]",0.6190476190476191,0.625,0.6428571428571428,3,0.5,0,0.0,0.33333333333333337,0.7885317797517851,0.4472135954999579,0.4,1.0,0.9107142857142857,0.7,0.625,0.85,0.75,0.625,0.625,0.6666666666666666,2,1.0,3,0.5
0.5454545454545454,0.5454545454545454,"{""clf__C"": 1.351144633701368, ""clf__gamma"": 0.015446089075047083, ""clf__class_weight"": ""balanced""}",0.31139392082600437,"[[13, 31], [9, 35]]",valence,0.5151515151515151,0.5454545454545454,0.5151515151515151,9,0.20454545454545456,,31,0.7045454545454546,0.09090909090909094,0.9506968220954832,0.1049727762162956,subject_dependent,rbf_svm,0.5909090909090909,0.5303030303030303,0.6252023724669984,0.5606060606060606,0.5454545454545454,0.5606060606060606,0.5454545454545454,0.5454545454545454,0.5454545454545454,0.6451446280991736,13,0.29545454545454547,35,0.7954545454545454,0.75,0.75,0.23844825470959785,"[[2, 2], [0, 4]]",0.7333333333333334,0.75,0.7333333333333334,0,0.0,2,0.5,0.5,0.6677192585152787,0.5773502691896258,1.0,0.6666666666666666,0.8166666666666667,0.8333333333333333,0.75,0.8333333333333333,0.75,0.75,0.75,0.75,2,0.5,4,1.0
0.4090909090909091,0.4,"{""clf__C"": 64.69870699850829, ""clf__gamma"": 0.0008200518402245837, ""clf__class_weight"": null}",0.45311290460625225,"[[12, 21], [31, 24]]",valence,0.39789473684210525,0.4090909090909091,0.4184210526315789,31,0.5636363636363636,,21,0.6363636363636364,-0.1885714285714286,1.4745901603875404,-0.19369919939163724,subject_dependent,rbf_svm,0.27906976744186046,0.5333333333333333,0.5635318942980638,0.40620155038759687,0.4090909090909091,0.43798449612403095,0.4,0.4090909090909091,0.4090909090909091,0.36639118457300274,12,0.36363636363636365,24,0.43636363636363634,0.5,0.4666666666666667,0.3651556773106793,"[[1, 2], [2, 3]]",0.4666666666666667,0.5,0.5,2,0.4,2,0.6666666666666666,-0.06666666666666665,0.9795024408361026,-0.06666666666666667,0.3333333333333333,0.6,0.5592857142857143,0.4666666666666667,0.5,0.5,0.4666666666666667,0.5,0.5,0.26666666666666666,1,0.3333333333333333,3,0.6
0.48863636363636365,0.4393939393939394,"{""clf__C"": 1.351144633701368, ""clf__gamma"": 0.015446089075047083, ""clf__class_weight"": ""balanced""}",0.3631263183228912,"[[8, 25], [20, 35]]",valence,0.43549536707056313,0.48863636363636365,0.4787954383464006,20,0.36363636363636365,,25,0.7575757575757576,-0.125,1.0723135855963946,-0.12598815766974242,subject_dependent,rbf_svm,0.2857142857142857,0.5833333333333334,0.5862425071748625,0.43452380952380953,0.48863636363636365,0.4717261904761905,0.4393939393939394,0.48863636363636365,0.48863636363636365,0.4137741046831956,8,0.24242424242424243,35,0.6363636363636364,0.5,0.4666666666666667,0.2973458694657368,"[[1, 2], [2, 3]]",0.4666666666666667,0.5,0.5,2,0.4,2,0.6666666666666666,-0.06666666666666665,0.8023631060286746,-0.06666666666666667,0.3333333333333333,0.6,0.525952380952381,0.4666666666666667,0.5,0.5,0.4666666666666667,0.5,0.5,0.2,1,0.3333333333333333,3,0.6
0.4772727272727273,0.4772727272727273,"{""clf__C"": 262.30889101079146, ""clf__gamma"": 0.0025135566617708314, ""clf__class_weight"": null}",0.3898976636162509,"[[22, 22], [24, 20]]",valence,0.47700258397932815,0.4772727272727273,0.4770025839793282,24,0.5454545454545454,,22,0.5,-0.045454545454545414,1.222543022093061,-0.045501575519329006,subject_dependent,rbf_svm,0.4782608695652174,0.47619047619047616,0.5660040359037368,0.4772256728778468,0.4772727272727273,0.4772256728778468,0.4772727272727273,0.4772727272727273,0.4772727272727273,0.4700413223140496,22,0.5,20,0.45454545454545453,0.375,0.375,0.3055240520085756,"[[1, 3], [2, 2]]",0.36507936507936506,0.375,0.36507936507936506,2,0.5,3,0.75,-0.25,0.8157353234868028,-0.2581988897471611,0.3333333333333333,0.4,0.6488095238095237,0.3666666666666667,0.375,0.3666666666666667,0.375,0.375,0.375,0.4375,1,0.25,2,0.5
0.5681818181818182,0.42424242424242425,"{""clf__C"": 48.43827864278568, ""clf__gamma"": 0.00039459088111000007, ""clf__class_weight"": ""balanced""}",0.30655467610201526,"[[47, 19], [19, 3]]",valence,0.42424242424242425,0.5681818181818182,0.5681818181818182,19,0.8636363636363636,,19,0.2878787878787879,-0.1515151515151516,0.8833131989947159,-0.15151515151515152,subject_dependent,rbf_svm,0.7121212121212122,0.13636363636363635,0.20299683803128768,0.42424242424242425,0.5681818181818182,0.5681818181818182,0.42424242424242425,0.5681818181818182,0.5681818181818182,0.38360881542699726,47,0.7121212121212122,3,0.13636363636363635,0.5,0.3333333333333333,0.27704645093495717,"[[4, 2], [2, 0]]",0.3333333333333333,0.5,0.5,2,1.0,2,0.3333333333333333,-0.33333333333333326,0.7562693023045471,-0.3333333333333333,0.6666666666666666,0.0,0.26666666666666666,0.3333333333333333,0.5,0.5,0.3333333333333333,0.5,0.5,0.33333333333333337,4,0.6666666666666666,0,0.0
0.7045454545454546,0.6363636363636364,"{""clf__C"": 13.411788774467905, ""clf__gamma"": 0.00026210878782654407, ""clf__class_weight"": ""balanced""}",0.19203128696236907,"[[51, 15], [11, 11]]",valence,0.6276041666666666,0.7045454545454546,0.7122395833333333,11,0.5,,15,0.22727272727272727,0.2571428571428571,0.558095527332688,0.25883878884437284,subject_dependent,rbf_svm,0.8225806451612904,0.4230769230769231,0.41389679155043313,0.6228287841191067,0.7045454545454546,0.7227047146401986,0.6363636363636364,0.7045454545454546,0.7045454545454546,0.7224517906336088,51,0.7727272727272727,11,0.5,0.75,0.6666666666666667,0.1658853743437182,"[[5, 1], [1, 1]]",0.6666666666666667,0.75,0.75,1,0.5,1,0.16666666666666666,0.33333333333333337,0.5100880928509923,0.3333333333333333,0.8333333333333334,0.5,0.5833333333333333,0.6666666666666667,0.75,0.75,0.6666666666666667,0.75,0.75,0.8333333333333334,5,0.8333333333333334,1,0.5
0.6590909090909091,0.6060606060606061,"{""clf__C"": 13.411788774467905, ""clf__gamma"": 0.00026210878782654407, ""clf__class_weight"": ""balanced""}",0.25050663525318906,"[[11, 11], [19, 47]]",valence,0.5905707196029777,0.6590909090909091,0.674317617866005,19,0.2878787878787879,,11,0.5,0.18918918918918914,0.7074400335229863,0.19377278632539327,subject_dependent,rbf_svm,0.36666666666666664,0.8103448275862069,0.7543744517145192,0.5885057471264368,0.6590909090909091,0.6994252873563217,0.6060606060606061,0.6590909090909091,0.6590909090909091,0.5296143250688705,11,0.5,47,0.7121212121212122,0.625,0.5833333333333333,0.2397566709312238,"[[1, 1], [2, 4]]",0.5636363636363637,0.625,0.6454545454545454,2,0.3333333333333333,1,0.5,0.1428571428571429,0.6829890384695696,0.14907119849998599,0.3333333333333333,0.8,0.7345238095238095,0.5666666666666667,0.625,0.6833333333333335,0.5833333333333333,0.625,0.625,0.5,1,0.5,4,0.6666666666666666
0.75,0.6666666666666667,"{""clf__C"": 20.12196163610286, ""clf__gamma"": 0.0008612579192594886, ""clf__class_weight"": ""balanced""}",0.18125446995880862,"[[55, 11], [11, 11]]",valence,0.6666666666666667,0.75,0.75,11,0.5,,11,0.16666666666666666,0.33333333333333337,0.5927831901530553,0.3333333333333333,subject_dependent,rbf_svm,0.8333333333333334,0.5,0.4761181865106868,0.6666666666666667,0.75,0.75,0.6666666666666667,0.75,0.75,0.752754820936639,55,0.8333333333333334,11,0.5,0.75,0.6666666666666667,0.1417060174751037,"[[5, 1], [1, 1]]",0.6666666666666667,0.75,0.75,1,0.5,1,0.16666666666666666,0.33333333333333337,0.44696353584675935,0.3333333333333333,0.8333333333333334,0.5,0.5833333333333333,0.6666666666666667,0.75,0.75,0.6666666666666667,0.75,0.75,0.8333333333333334,5,0.8333333333333334,1,0.5
0.4772727272727273,0.5454545454545454,"{""clf__C"": 243.14537412227003, ""clf__gamma"": 0.0004992453416923984, ""clf__class_weight"": ""balanced""}",0.3567440063592282,"[[15, 7], [39, 27]]",valence,0.4673684210526316,0.4772727272727273,0.5036842105263157,39,0.5909090909090909,,7,0.3181818181818182,0.061224489795918324,1.0282447260412992,0.08084520834544433,subject_dependent,rbf_svm,0.2777777777777778,0.7941176470588235,0.7868318273577024,0.5359477124183006,0.4772727272727273,0.6650326797385621,0.5454545454545454,0.4772727272727273,0.4772727272727273,0.4986225895316804,15,0.6818181818181818,27,0.4090909090909091,0.25,0.3333333333333333,0.3009464254156245,"[[1, 1], [5, 1]]",0.25,0.25,0.25,5,0.8333333333333334,1,0.5,-0.19999999999999996,0.8011847209155922,-0.3333333333333333,0.16666666666666666,0.5,0.8,0.3333333333333333,0.25,0.4166666666666667,0.3333333333333333,0.25,0.25,0.5,1,0.5,1,0.16666666666666666
0.4318181818181818,0.5454545454545454,"{""clf__C"": 262.30889101079146, ""clf__gamma"": 0.0025135566617708314, ""clf__class_weight"": null}",0.3884670028378507,"[[21, 45], [5, 17]]",valence,0.43064182194616973,0.4318181818181818,0.4435817805383023,5,0.22727272727272727,,45,0.6818181818181818,0.05660377358490565,1.189134867938669,0.08627959628145762,subject_dependent,rbf_svm,0.8076923076923077,0.27419354838709675,0.5135313620586255,0.5409429280397022,0.4318181818181818,0.674317617866005,0.5454545454545454,0.4318181818181818,0.4318181818181818,0.6769972451790635,21,0.3181818181818182,17,0.7727272727272727,0.5,0.6666666666666666,0.3315876236233028,"[[2, 4], [0, 2]]",0.5,0.5,0.5,0,0.0,4,0.6666666666666666,0.19999999999999996,0.8841380649366448,0.3333333333333333,1.0,0.3333333333333333,0.7,0.6666666666666666,0.5,0.8333333333333334,0.6666666666666666,0.5,0.5,0.75,2,0.3333333333333333,2,1.0
0.6022727272727273,0.6393939393939394,"{""clf__C"": 51.4138527229363, ""clf__gamma"": 0.006173770394704574, ""clf__class_weight"": ""balanced""}",0.2913699664967644,"[[27, 28], [7, 26]]",valence,0.6022213612294977,0.6022727272727273,0.6033514141805502,7,0.21212121212121213,,28,0.509090909090909,0.24731182795698925,0.9162642264079097,0.27718891832383846,subject_dependent,rbf_svm,0.7941176470588235,0.48148148148148145,0.48337690454602034,0.6377995642701525,0.6022727272727273,0.6768790849673202,0.6393939393939394,0.6022727272727273,0.6022727272727273,0.6440771349862259,27,0.4909090909090909,26,0.7878787878787878,0.625,0.7,0.21701586773299858,"[[2, 3], [0, 3]]",0.6190476190476191,0.625,0.6071428571428571,0,0.0,3,0.6,0.33333333333333337,0.6222883275065005,0.4472135954999579,1.0,0.5,0.8666666666666667,0.75,0.625,0.8125,0.7,0.625,0.625,0.8666666666666667,2,0.4,3,1.0
0.5454545454545454,0.5303030303030303,"{""clf__C"": 48.43827864278568, ""clf__gamma"": 0.00039459088111000007, ""clf__class_weight"": ""balanced""}",0.24763701997219084,"[[11, 11], [29, 37]]",valence,0.5019807583474816,0.5454545454545454,0.5755517826825127,29,0.4393939393939394,,11,0.5,0.04761904761904767,0.6997657732547382,0.05270462766947299,subject_dependent,rbf_svm,0.275,0.7708333333333334,0.822969446567759,0.5229166666666667,0.5454545454545454,0.646875,0.5303030303030303,0.5454545454545454,0.5454545454545454,0.5664600550964187,11,0.5,37,0.5606060606060606,0.75,0.6666666666666667,0.21353507262297122,"[[1, 1], [1, 5]]",0.6666666666666667,0.75,0.75,1,0.16666666666666666,1,0.5,0.33333333333333337,0.6165174890626004,0.3333333333333333,0.5,0.8333333333333334,0.8734126984126984,0.6666666666666667,0.75,0.75,0.6666666666666667,0.75,0.75,0.6666666666666666,1,0.5,5,0.8333333333333334
0.4772727272727273,0.5151515151515151,"{""clf__C"": 48.43827864278568, ""clf__gamma"": 0.00039459088111000007, ""clf__class_weight"": ""balanced""}",0.3389605415620402,"[[20, 35], [11, 22]]",valence,0.47700258397932815,0.4772727272727273,0.474031007751938,11,0.3333333333333333,,35,0.6363636363636364,0.02645502645502651,0.9444890208988947,0.030711858633197815,subject_dependent,rbf_svm,0.6451612903225806,0.38596491228070173,0.452119350146008,0.5155631013016412,0.4772727272727273,0.547962648556876,0.5151515151515151,0.4772727272727273,0.4772727272727273,0.5393939393939394,20,0.36363636363636365,22,0.6666666666666666,0.5,0.6,0.301051978180906,"[[1, 4], [0, 3]]",0.4666666666666667,0.5,0.4333333333333333,0,0.0,4,0.8,0.1578947368421053,0.7984486213079436,0.29277002188455997,1.0,0.42857142857142855,0.6095238095238096,0.7142857142857143,0.5,0.7857142857142857,0.6,0.5,0.5,0.5333333333333333,1,0.2,3,1.0
0.5568181818181818,0.5606060606060606,"{""clf__C"": 51.4138527229363, ""clf__gamma"": 0.006173770394704574, ""clf__class_weight"": ""balanced""}",0.3084578101231131,"[[19, 14], [25, 30]]",valence,0.5497835497835498,0.5568181818181818,0.5638528138528138,25,0.45454545454545453,,14,0.42424242424242425,0.11363636363636365,0.9546278882016833,0.11736313170325506,subject_dependent,rbf_svm,0.4318181818181818,0.6818181818181818,0.7351424854137916,0.5568181818181818,0.5568181818181818,0.5880681818181818,0.5606060606060606,0.5568181818181818,0.5568181818181818,0.5895316804407713,19,0.5757575757575758,30,0.5454545454545454,0.625,0.6333333333333333,0.2204640838373269,"[[2, 1], [2, 3]]",0.6190476190476191,0.625,0.6309523809523809,2,0.4,1,0.3333333333333333,0.25,0.6308572607173211,0.2581988897471611,0.5,0.75,0.8261904761904763,0.625,0.625,0.65625,0.6333333333333333,0.625,0.625,0.6666666666666667,2,0.6666666666666666,3,0.6
0.5227272727272727,0.6121212121212121,"{""clf__C"": 20.12196163610286, ""clf__gamma"": 0.0008612579192594886, ""clf__class_weight"": ""balanced""}",0.38101359991548556,"[[14, 41], [1, 32]]",valence,0.5018867924528302,0.5227272727272727,0.47641509433962265,1,0.030303030303030304,,41,0.7454545454545455,0.18048780487804883,1.2313991969914801,0.28870149641712206,subject_dependent,rbf_svm,0.9333333333333333,0.4383561643835616,0.7335698029505442,0.6858447488584475,0.5227272727272727,0.7477168949771689,0.6121212121212121,0.5227272727272727,0.5227272727272727,0.7526170798898072,14,0.2545454545454545,32,0.9696969696969697,0.5,0.6,0.35429576876983077,"[[1, 4], [0, 3]]",0.4666666666666667,0.5,0.4333333333333333,0,0.0,4,0.8,0.1578947368421053,0.9822323620765596,0.29277002188455997,1.0,0.42857142857142855,0.8666666666666667,0.7142857142857143,0.5,0.7857142857142857,0.6,0.5,0.5,0.8666666666666667,1,0.2,3,1.0
0.5227272727272727,0.6060606060606061,"{""clf__C"": 166.2878326769575, ""clf__gamma"": 0.008979064194712979, ""clf__class_weight"": ""balanced""}",0.3644271049996469,"[[29, 37], [5, 17]]",valence,0.5136842105263157,0.5227272727272727,0.5468421052631579,5,0.22727272727272727,,37,0.5606060606060606,0.1428571428571429,1.2840430120632909,0.18863881947270342,subject_dependent,rbf_svm,0.8529411764705882,0.3148148148148148,0.44157127698263876,0.5838779956427015,0.5227272727272727,0.7184095860566448,0.6060606060606061,0.5227272727272727,0.5227272727272727,0.6277548209366391,29,0.4393939393939394,17,0.7727272727272727,0.625,0.75,0.3030286119033975,"[[3, 3], [0, 2]]",0.6190476190476191,0.625,0.6428571428571428,0,0.0,3,0.5,0.33333333333333337,0.9370312168847739,0.4472135954999579,1.0,0.4,0.45,0.7,0.625,0.85,0.75,0.625,0.625,0.6666666666666667,3,0.5,2,1.0
0.42045454545454547,0.42045454545454547,"{""clf__C"": 0.21466070134458173, ""clf__gamma"": 0.0012955517240662183, ""clf__class_weight"": ""balanced""}",0.28146380158857215,"[[16, 28], [23, 21]]",valence,0.4185775359502526,0.42045454545454547,0.41857753595025265,23,0.5227272727272727,,28,0.6363636363636364,-0.15909090909090917,0.7593873288580849,-0.16012815380508713,subject_dependent,rbf_svm,0.41025641025641024,0.42857142857142855,0.5642709684743561,0.41941391941391937,0.42045454545454547,0.41941391941391937,0.42045454545454547,0.42045454545454547,0.42045454545454547,0.4607438016528926,16,0.36363636363636365,21,0.4772727272727273,0.375,0.375,0.2774565774033639,"[[0, 4], [1, 3]]",0.2727272727272727,0.375,0.2727272727272727,1,0.25,4,1.0,-0.25,0.7503623406823274,-0.3779644730092272,0.0,0.42857142857142855,0.6666666666666666,0.21428571428571427,0.375,0.21428571428571427,0.375,0.375,0.375,0.5,0,0.0,3,0.75
0.45454545454545453,0.4545454545454546,"{""clf__C"": 7.709391232564023, ""clf__gamma"": 0.00026471141828218194, ""clf__class_weight"": null}",0.32523719938363804,"[[21, 23], [25, 19]]",valence,0.4542635658914729,0.45454545454545453,0.4542635658914728,25,0.5681818181818182,,23,0.5227272727272727,-0.09090909090909083,0.8956130574448747,-0.09100315103865801,subject_dependent,rbf_svm,0.45652173913043476,0.4523809523809524,0.4572208889211374,0.45445134575569357,0.45454545454545453,0.4544513457556936,0.4545454545454546,0.45454545454545453,0.45454545454545453,0.48295454545454547,21,0.4772727272727273,19,0.4318181818181818,0.5,0.5,0.29608273253074635,"[[2, 2], [2, 2]]",0.5,0.5,0.5,2,0.5,2,0.5,0.0,0.7797262828643823,0.0,0.5,0.5,0.47619047619047616,0.5,0.5,0.5,0.5,0.5,0.5,0.375,2,0.5,2,0.5
0.5681818181818182,0.5681818181818181,"{""clf__C"": 160.49758307716223, ""clf__gamma"": 0.00018427970406864567, ""clf__class_weight"": null}",0.24635026164809545,"[[26, 18], [20, 24]]",valence,0.5679586563307493,0.5681818181818182,0.5679586563307493,20,0.45454545454545453,,18,0.4090909090909091,0.13636363636363635,0.687996983926658,0.136504726557987,subject_dependent,rbf_svm,0.5652173913043478,0.5714285714285714,0.6800757543890737,0.5683229813664596,0.5681818181818182,0.5683229813664595,0.5681818181818181,0.5681818181818182,0.5681818181818182,0.65650826446281,26,0.5909090909090909,24,0.5454545454545454,0.75,0.75,0.20415687327451512,"[[4, 0], [2, 2]]",0.7333333333333334,0.75,0.7333333333333334,2,0.5,0,0.0,0.5,0.5983357733638937,0.5773502691896258,0.6666666666666666,1.0,0.8125,0.8333333333333333,0.75,0.8333333333333333,0.75,0.75,0.75,0.6875,4,1.0,2,0.5
0.625,0.5,"{""clf__C"": 0.34866781670451225, ""clf__gamma"": 0.00014936568554617635, ""clf__class_weight"": ""balanced""}",0.348829912312366,"[[0, 33], [0, 55]]",valence,0.38461538461538464,0.625,0.4807692307692308,0,0.0,,33,1.0,0.0,0.9075441100661582,0.0,subject_dependent,rbf_svm,0.0,0.625,0.7067910404104252,0.3125,0.625,0.390625,0.5,0.625,0.625,0.5388429752066115,0,0.0,55,1.0,0.375,0.5,0.34882814042363874,"[[3, 0], [5, 0]]",0.2727272727272727,0.375,0.20454545454545453,5,1.0,0,0.0,0.0,0.9075359798439158,0.0,0.375,0.0,0.7683333333333333,0.1875,0.375,0.140625,0.5,0.375,0.375,0.6000000000000001,3,1.0,0,0.0
0.6931818181818182,0.5378787878787878,"{""clf__C"": 12.957079329680445, ""clf__gamma"": 0.00032476735706274504, ""clf__class_weight"": null}",0.2171765009462063,"[[56, 10], [17, 5]]",valence,0.5380128329768618,0.6931818181818182,0.6718841143301574,17,0.7727272727272727,,10,0.15151515151515152,0.0847457627118644,0.6249639629059682,0.08723732043170229,subject_dependent,rbf_svm,0.7671232876712328,0.3333333333333333,0.3428986591644602,0.550228310502283,0.6931818181818182,0.658675799086758,0.5378787878787878,0.6931818181818182,0.6931818181818182,0.5695592286501376,56,0.8484848484848485,5,0.22727272727272727,0.625,0.4166666666666667,0.19986970606499488,"[[5, 1], [2, 0]]",0.38461538461538464,0.625,0.576923076923077,2,1.0,1,0.16666666666666666,-0.19999999999999996,0.5880851469655408,-0.2182178902359924,0.7142857142857143,0.0,0.5833333333333333,0.35714285714285715,0.625,0.5357142857142857,0.4166666666666667,0.625,0.625,0.8333333333333334,5,0.8333333333333334,0,0.0
0.5340909090909091,0.5,"{""clf__C"": 183.42628625395747, ""clf__gamma"": 0.0001005394019469303, ""clf__class_weight"": ""balanced""}",0.25843764361736254,"[[35, 20], [21, 12]]",valence,0.49993069993069994,0.5340909090909091,0.5326056826056825,21,0.6363636363636364,,20,0.36363636363636365,0.0,0.7262747298792886,0.0,subject_dependent,rbf_svm,0.625,0.375,0.374173018990587,0.5,0.5340909090909091,0.53125,0.5,0.5340909090909091,0.5340909090909091,0.509641873278237,35,0.6363636363636364,12,0.36363636363636365,0.625,0.5,0.242482109688817,"[[5, 0], [3, 0]]",0.38461538461538464,0.625,0.4807692307692308,3,1.0,0,0.0,0.0,0.6765053438197942,0.0,0.625,0.0,0.4666666666666667,0.3125,0.625,0.390625,0.5,0.625,0.625,0.5333333333333333,5,1.0,0,0.0
0.36363636363636365,0.4121212121212121,"{""clf__C"": 243.14537412227003, ""clf__gamma"": 0.0004992453416923984, ""clf__class_weight"": ""balanced""}",0.4803446531862639,"[[20, 13], [43, 12]]",valence,0.35833333333333334,0.36363636363636365,0.34375,43,0.7818181818181819,,13,0.3939393939393939,-0.14871794871794863,1.5780028674118716,-0.18867401410338308,subject_dependent,rbf_svm,0.31746031746031744,0.48,0.5517891327121354,0.3987301587301587,0.36363636363636365,0.419047619047619,0.4121212121212121,0.36363636363636365,0.36363636363636365,0.40606060606060607,20,0.6060606060606061,12,0.21818181818181817,0.375,0.5,0.42594976510703453,"[[3, 0], [5, 0]]",0.2727272727272727,0.375,0.20454545454545453,5,1.0,0,0.0,0.0,1.1617493801556282,0.0,0.375,0.0,0.525952380952381,0.1875,0.375,0.140625,0.5,0.375,0.375,0.2,3,1.0,0,0.0
0.5681818181818182,0.509090909090909,"{""clf__C"": 53.72198163554894, ""clf__gamma"": 0.0003972110727381913, ""clf__class_weight"": null}",0.2843237003877459,"[[41, 14], [24, 9]]",valence,0.5023809523809524,0.5681818181818182,0.5476190476190476,24,0.7272727272727273,,14,0.2545454545454545,0.01935483870967747,0.8162665670614161,0.020033416898825335,subject_dependent,rbf_svm,0.6307692307692307,0.391304347826087,0.3767107938253811,0.5110367892976588,0.5681818181818182,0.5409698996655519,0.509090909090909,0.5681818181818182,0.5681818181818182,0.4798898071625345,41,0.7454545454545455,9,0.2727272727272727,0.5,0.4,0.2546361404388877,"[[4, 1], [3, 0]]",0.3333333333333333,0.5,0.41666666666666663,3,1.0,1,0.2,-0.23076923076923084,0.7094736765902805,-0.29277002188455997,0.5714285714285714,0.0,0.5317460317460317,0.2857142857142857,0.5,0.3571428571428571,0.4,0.5,0.5,0.6,4,0.8,0,0.0
0.4431818181818182,0.44696969696969696,"{""clf__C"": 5.2117930643778205, ""clf__gamma"": 0.0036999724314638123, ""clf__class_weight"": null}",0.41921902047886284,"[[10, 12], [37, 29]]",valence,0.41595557361506164,0.4431818181818182,0.4790058241907083,37,0.5606060606060606,,12,0.5454545454545454,-0.07692307692307687,1.4203498691004215,-0.09206542351627228,subject_dependent,rbf_svm,0.2127659574468085,0.7073170731707317,0.6849072799226352,0.4600415153087701,0.4431818181818182,0.5836792942397508,0.44696969696969696,0.4431818181818182,0.4431818181818182,0.38016528925619836,10,0.45454545454545453,29,0.4393939393939394,0.375,0.41666666666666663,0.3693716915648796,"[[1, 1], [4, 2]]",0.36507936507936506,0.375,0.40476190476190477,4,0.6666666666666666,1,0.5,-0.11111111111111116,0.9813732369406607,-0.14907119849998599,0.2,0.6666666666666666,0.7801587301587302,0.43333333333333335,0.375,0.55,0.41666666666666663,0.375,0.375,0.41666666666666663,1,0.5,2,0.3333333333333333
0.5681818181818182,0.5681818181818182,"{""clf__C"": 235.1599274057192, ""clf__gamma"": 0.021154290797261225, ""clf__class_weight"": ""balanced""}",0.32285652204628995,"[[32, 12], [26, 18]]",valence,0.5569687334393216,0.5681818181818182,0.5569687334393216,26,0.5909090909090909,,12,0.2727272727272727,0.13636363636363635,1.0964308013511024,0.14383899044561524,subject_dependent,rbf_svm,0.5517241379310345,0.6,0.5865787902297477,0.5758620689655172,0.5681818181818182,0.5758620689655172,0.5681818181818182,0.5681818181818182,0.5681818181818182,0.5552685950413223,32,0.7272727272727273,18,0.4090909090909091,0.625,0.625,0.262617206885273,"[[3, 1], [2, 2]]",0.6190476190476191,0.625,0.6190476190476191,2,0.5,1,0.25,0.25,0.7455551678019314,0.2581988897471611,0.6,0.6666666666666666,0.775,0.6333333333333333,0.625,0.6333333333333333,0.625,0.625,0.625,0.625,3,0.75,2,0.5
0.6477272727272727,0.37012987012987014,"{""clf__C"": 1.351144633701368, ""clf__gamma"": 0.015446089075047083, ""clf__class_weight"": ""balanced""}",0.22826439388298256,"[[0, 11], [20, 57]]",valence,0.3931034482758621,0.6477272727272727,0.6879310344827586,20,0.2597402597402597,,11,1.0,-0.1923076923076923,0.8100740918007222,-0.20498001542269695,subject_dependent,rbf_svm,0.0,0.8382352941176471,0.8045995222793865,0.41911764705882354,0.6477272727272727,0.7334558823529412,0.37012987012987014,0.6477272727272727,0.6477272727272727,0.32585596221959856,0,0.0,57,0.7402597402597403,0.875,0.5,0.1797226487369381,"[[0, 1], [0, 7]]",0.4666666666666667,0.875,0.8166666666666667,0,0.0,1,1.0,0.0,0.5538660936854254,0.0,0.0,0.875,0.8260204081632654,0.4375,0.875,0.765625,0.5,0.875,0.875,0.14285714285714285,0,0.0,7,1.0
0.5227272727272727,0.5227272727272727,"{""clf__C"": 1.351144633701368, ""clf__gamma"": 0.015446089075047083, ""clf__class_weight"": ""balanced""}",0.3336352989291622,"[[17, 27], [15, 29]]",valence,0.5136842105263157,0.5227272727272727,0.5136842105263159,15,0.3409090909090909,,27,0.6136363636363636,0.045454545454545414,0.9776951407646735,0.04724555912615341,subject_dependent,rbf_svm,0.53125,0.5178571428571429,0.5462019108502121,0.5245535714285714,0.5227272727272727,0.5245535714285715,0.5227272727272727,0.5227272727272727,0.5227272727272727,0.5423553719008264,17,0.38636363636363635,29,0.6590909090909091,0.5,0.5,0.2909184178231087,"[[1, 3], [1, 3]]",0.4666666666666667,0.5,0.4666666666666667,1,0.25,3,0.75,0.0,0.8048279998419737,0.0,0.5,0.5,0.5428571428571428,0.5,0.5,0.5,0.5,0.5,0.5,0.5,1,0.25,3,0.75
0.5909090909090909,0.5878787878787879,"{""clf__C"": 0.40069130793659025, ""clf__gamma"": 0.0014899847475658245, ""clf__class_weight"": ""balanced""}",0.24009361864813022,"[[33, 22], [14, 19]]",valence,0.5802861685214626,0.5909090909090909,0.5969793322734499,14,0.42424242424242425,,22,0.4,0.16763005780346818,0.6710857951809251,0.1705734804408881,subject_dependent,rbf_svm,0.7021276595744681,0.4634146341463415,0.49046552862730675,0.5827711468604048,0.5909090909090909,0.6126102750389205,0.5878787878787879,0.5909090909090909,0.5909090909090909,0.621763085399449,33,0.6,19,0.5757575757575758,0.625,0.6333333333333333,0.23052559689925745,"[[3, 2], [1, 2]]",0.6190476190476191,0.625,0.6309523809523809,1,0.3333333333333333,2,0.4,0.25,0.6527919102084043,0.2581988897471611,0.75,0.5,0.5,0.625,0.625,0.65625,0.6333333333333333,0.625,0.625,0.6,3,0.6,2,0.6666666666666666
0.4659090909090909,0.4818181818181818,"{""clf__C"": 243.14537412227003, ""clf__gamma"": 0.0004992453416923984, ""clf__class_weight"": ""balanced""}",0.3987957433415218,"[[23, 32], [15, 18]]",valence,0.46417929783650735,0.4659090909090909,0.4717903873558751,15,0.45454545454545453,,32,0.5818181818181818,-0.03296703296703307,1.7312200164875151,-0.03554093266554555,subject_dependent,rbf_svm,0.6052631578947368,0.36,0.370513671103223,0.4826315789473684,0.4659090909090909,0.5132894736842105,0.4818181818181818,0.4659090909090909,0.4659090909090909,0.5112947658402204,23,0.41818181818181815,18,0.5454545454545454,0.5,0.5333333333333333,0.3398824689086047,"[[2, 3], [1, 2]]",0.5,0.5,0.5,1,0.3333333333333333,3,0.6,0.05882352941176472,0.9855641796021399,0.06666666666666667,0.6666666666666666,0.4,0.5138888888888888,0.5333333333333333,0.5,0.5666666666666667,0.5333333333333333,0.5,0.5,0.5333333333333333,2,0.4,2,0.6666666666666666
0.375,0.553030303030303,"{""clf__C"": 166.2878326769575, ""clf__gamma"": 0.008979064194712979, ""clf__class_weight"": ""balanced""}",0.5274902707726096,"[[13, 53], [2, 20]]",valence,0.3710201429499675,0.375,0.3460038986354776,2,0.09090909090909091,,53,0.803030303030303,0.05982905982905984,2.447749554819554,0.12213224860438321,subject_dependent,rbf_svm,0.8666666666666667,0.273972602739726,0.21755218410120603,0.5703196347031964,0.375,0.7184931506849316,0.553030303030303,0.375,0.375,0.4455922865013774,13,0.19696969696969696,20,0.9090909090909091,0.375,0.5833333333333334,0.4916278456024804,"[[1, 5], [0, 2]]",0.36507936507936506,0.375,0.32539682539682535,0,0.0,5,0.8333333333333334,0.09090909090909094,1.7949029253112898,0.2182178902359924,1.0,0.2857142857142857,0.30952380952380953,0.6428571428571428,0.375,0.8214285714285714,0.5833333333333334,0.375,0.375,0.41666666666666663,1,0.16666666666666666,2,1.0
0.42045454545454547,0.4772727272727273,"{""clf__C"": 166.2878326769575, ""clf__gamma"": 0.008979064194712979, ""clf__class_weight"": ""balanced""}",0.4783131063370663,"[[24, 42], [9, 13]]",valence,0.41125541125541126,0.42045454545454547,0.4480519480519481,9,0.4090909090909091,,42,0.6363636363636364,-0.030303030303030276,2.2775339491162883,-0.040655781409087086,subject_dependent,rbf_svm,0.7272727272727273,0.23636363636363636,0.27687625700699636,0.4818181818181818,0.42045454545454547,0.6045454545454546,0.4772727272727273,0.42045454545454547,0.42045454545454547,0.46487603305785125,24,0.36363636363636365,13,0.5909090909090909,0.5,0.5,0.4049297989929743,"[[3, 3], [1, 1]]",0.4666666666666667,0.5,0.5333333333333333,1,0.5,3,0.5,0.0,1.3676431250162298,0.0,0.75,0.25,0.30952380952380953,0.5,0.5,0.625,0.5,0.5,0.5,0.41666666666666663,3,0.5,1,0.5
0.5227272727272727,0.5227272727272727,"{""clf__C"": 243.14537412227003, ""clf__gamma"": 0.0004992453416923984, ""clf__class_weight"": ""balanced""}",0.40348908729379834,"[[35, 9], [33, 11]]",valence,0.484375,0.5227272727272727,0.484375,33,0.75,,9,0.20454545454545456,0.045454545454545414,1.8302456705179788,0.05423261445466404,subject_dependent,rbf_svm,0.5147058823529411,0.55,0.5338240384047026,0.5323529411764706,0.5227272727272727,0.5323529411764706,0.5227272727272727,0.5227272727272727,0.5227272727272727,0.5382231404958677,35,0.7954545454545454,11,0.25,0.375,0.375,0.33812494356735867,"[[3, 1], [4, 0]]",0.2727272727272727,0.375,0.2727272727272727,4,1.0,1,0.25,-0.25,1.1943178094892775,-0.3779644730092272,0.42857142857142855,0.0,0.6041666666666666,0.21428571428571427,0.375,0.21428571428571427,0.375,0.375,0.375,0.5625,3,0.75,0,0.0
0.3522727272727273,0.3484848484848485,"{""clf__C"": 183.42628625395747, ""clf__gamma"": 0.0001005394019469303, ""clf__class_weight"": ""balanced""}",0.47082468958379875,"[[11, 22], [35, 20]]",valence,0.3454260733394232,0.3522727272727273,0.362162338509722,35,0.6363636363636364,,22,0.6666666666666666,-0.2808988764044944,1.5343716494309503,-0.2937114070209339,subject_dependent,rbf_svm,0.2391304347826087,0.47619047619047616,0.5594653182669783,0.35766045548654246,0.3522727272727273,0.3872929606625259,0.3484848484848485,0.3522727272727273,0.3522727272727273,0.3421487603305785,11,0.3333333333333333,20,0.36363636363636365,0.375,0.3666666666666667,0.4173091081706609,"[[1, 2], [3, 2]]",0.36507936507936506,0.375,0.38492063492063494,3,0.6,2,0.6666666666666666,-0.25,1.1205987530280868,-0.2581988897471611,0.25,0.5,0.525952380952381,0.375,0.375,0.40625,0.3666666666666667,0.375,0.375,0.2,1,0.3333333333333333,2,0.4
0.5909090909090909,0.5757575757575757,"{""clf__C"": 13.411788774467905, ""clf__gamma"": 0.00026210878782654407, ""clf__class_weight"": ""balanced""}",0.26736677126295644,"[[17, 16], [20, 35]]",arousal,0.5730458221024258,0.5909090909090909,0.5948787061994608,20,0.36363636363636365,,16,0.48484848484848486,0.14792899408284022,0.7645151713135501,0.14859644825447751,subject_dependent,rbf_svm,0.4594594594594595,0.6862745098039216,0.784726977281773,0.5728669846316905,0.5909090909090909,0.6012188659247483,0.5757575757575757,0.5909090909090909,0.5909090909090909,0.6269972451790634,17,0.5151515151515151,35,0.6363636363636364,0.625,0.5666666666666667,0.24153680882692138,"[[1, 2], [1, 4]]",0.5636363636363637,0.625,0.6045454545454546,1,0.2,2,0.6666666666666666,0.1428571428571429,0.6700805242747763,0.14907119849998599,0.5,0.6666666666666666,0.885,0.5833333333333333,0.625,0.6041666666666666,0.5666666666666667,0.625,0.625,0.7333333333333334,1,0.3333333333333333,4,0.8
0.6136363636363636,0.6121212121212121,"{""clf__C"": 13.411788774467905, ""clf__gamma"": 0.00026210878782654407, ""clf__class_weight"": ""balanced""}",0.30172859627818743,"[[20, 13], [21, 34]]",arousal,0.6036036036036037,0.6136363636363636,0.6193693693693694,21,0.38181818181818183,,13,0.3939393939393939,0.21387283236994215,1.0234318507686053,0.2176282336659607,subject_dependent,rbf_svm,0.4878048780487805,0.723404255319149,0.7797458461318707,0.6056045666839647,0.6136363636363636,0.6350544888427607,0.6121212121212121,0.6136363636363636,0.6136363636363636,0.6561983471074381,20,0.6060606060606061,34,0.6181818181818182,0.5,0.4666666666666667,0.2656284429836606,"[[1, 2], [2, 3]]",0.4666666666666667,0.5,0.5,2,0.4,2,0.6666666666666666,-0.06666666666666665,0.7506874949889213,-0.06666666666666667,0.3333333333333333,0.6,0.8761904761904762,0.4666666666666667,0.5,0.5,0.4666666666666667,0.5,0.5,0.7333333333333334,1,0.3333333333333333,3,0.6
0.6818181818181818,0.6060606060606061,"{""clf__C"": 13.411788774467905, ""clf__gamma"": 0.00026210878782654407, ""clf__class_weight"": ""balanced""}",0.2142440746190043,"[[10, 12], [16, 50]]",arousal,0.5989583333333334,0.6818181818181818,0.6901041666666667,16,0.24242424242424243,,12,0.5454545454545454,0.19999999999999996,0.6291927080684891,0.20131905799006777,subject_dependent,rbf_svm,0.38461538461538464,0.8064516129032258,0.8134811480822514,0.5955334987593052,0.6818181818181818,0.7009925558312654,0.6060606060606061,0.6818181818181818,0.6818181818181818,0.5936639118457301,10,0.45454545454545453,50,0.7575757575757576,0.625,0.4166666666666667,0.18028364097893126,"[[0, 2], [1, 5]]",0.38461538461538464,0.625,0.576923076923077,1,0.16666666666666666,2,1.0,-0.19999999999999996,0.5395338855866644,-0.2182178902359924,0.0,0.7142857142857143,0.9583333333333334,0.35714285714285715,0.625,0.5357142857142857,0.4166666666666667,0.625,0.625,0.8333333333333334,0,0.0,5,0.8333333333333334
0.6477272727272727,0.7207792207792207,"{""clf__C"": 13.411788774467905, ""clf__gamma"": 0.00026210878782654407, ""clf__class_weight"": ""balanced""}",0.2577632064871935,"[[9, 2], [29, 48]]",arousal,0.5616262252932669,0.6477272727272727,0.7073356901815844,29,0.37662337662337664,,2,0.18181818181818182,0.21518987341772156,0.7970943434341226,0.29481738963820076,subject_dependent,rbf_svm,0.23684210526315788,0.96,0.9572730773366374,0.598421052631579,0.6477272727272727,0.8696052631578948,0.7207792207792207,0.6477272727272727,0.6477272727272727,0.7284533648170012,9,0.8181818181818182,48,0.6233766233766234,0.75,0.8571428571428572,0.23187394342316675,"[[1, 0], [2, 5]]",0.6666666666666667,0.75,0.7916666666666667,2,0.2857142857142857,0,0.0,0.3846153846153846,0.7002282165500315,0.4879500364742666,0.3333333333333333,1.0,0.9617346938775511,0.6666666666666666,0.75,0.9166666666666666,0.8571428571428572,0.75,0.75,0.7142857142857143,1,1.0,5,0.7142857142857143
0.5681818181818182,0.5696969696969697,"{""clf__C"": 183.42628625395747, ""clf__gamma"": 0.0001005394019469303, ""clf__class_weight"": ""balanced""}",0.30136834398691736,"[[19, 14], [24, 31]]",arousal,0.56,0.5681818181818182,0.5750000000000001,24,0.43636363636363634,,14,0.42424242424242425,0.13142857142857145,0.9692895047593265,0.13500247230326232,subject_dependent,rbf_svm,0.4418604651162791,0.6888888888888889,0.7754785310983289,0.565374677002584,0.5681818181818182,0.5962532299741602,0.5696969696969697,0.5681818181818182,0.5681818181818182,0.5895316804407714,19,0.5757575757575758,31,0.5636363636363636,0.5,0.4666666666666667,0.2550748596586246,"[[1, 2], [2, 3]]",0.4666666666666667,0.5,0.5,2,0.4,2,0.6666666666666666,-0.06666666666666665,0.7327364336754509,-0.06666666666666667,0.3333333333333333,0.6,0.8583333333333333,0.4666666666666667,0.5,0.5,0.4666666666666667,0.5,0.5,0.6666666666666667,1,0.3333333333333333,3,0.6
0.625,0.625,"{""clf__C"": 100.2571297605856, ""clf__gamma"": 0.0074112997810832455, ""clf__class_weight"": ""balanced""}",0.2906593773282782,"[[17, 27], [6, 38]]",arousal,0.6023551964945912,0.625,0.6023551964945913,6,0.13636363636363635,,27,0.6136363636363636,0.25,1.140421125521758,0.28449333006152944,subject_dependent,rbf_svm,0.7391304347826086,0.5846153846153846,0.7356852269662659,0.6618729096989966,0.625,0.6618729096989967,0.625,0.625,0.625,0.7262396694214877,17,0.38636363636363635,38,0.8636363636363636,0.75,0.75,0.2337877107477421,"[[2, 2], [0, 4]]",0.7333333333333334,0.75,0.7333333333333334,0,0.0,2,0.5,0.5,0.6652950428054415,0.5773502691896258,1.0,0.6666666666666666,0.8166666666666667,0.8333333333333333,0.75,0.8333333333333333,0.75,0.75,0.75,0.75,2,0.5,4,1.0
0.625,0.603030303030303,"{""clf__C"": 183.42628625395747, ""clf__gamma"": 0.0001005394019469303, ""clf__class_weight"": ""balanced""}",0.29038694934864545,"[[17, 16], [17, 38]]",arousal,0.6023551964945912,0.625,0.626078323976448,17,0.3090909090909091,,16,0.48484848484848486,0.20481927710843373,0.906787138021586,0.20487876571761973,subject_dependent,rbf_svm,0.5,0.7037037037037037,0.6919025534883931,0.6018518518518519,0.625,0.6273148148148148,0.603030303030303,0.625,0.625,0.593939393939394,17,0.5151515151515151,38,0.6909090909090909,0.625,0.6333333333333333,0.24471883538251643,"[[2, 1], [2, 3]]",0.6190476190476191,0.625,0.6309523809523809,2,0.4,1,0.3333333333333333,0.25,0.7582097321992345,0.2581988897471611,0.5,0.75,0.7861904761904762,0.625,0.625,0.65625,0.6333333333333333,0.625,0.625,0.6666666666666667,2,0.6666666666666666,3,0.6
0.4431818181818182,0.44318181818181823,"{""clf__C"": 243.14537412227003, ""clf__gamma"": 0.0004992453416923984, ""clf__class_weight"": ""balanced""}",0.4458140166186096,"[[18, 26], [23, 21]]",arousal,0.4425339366515837,0.4431818181818182,0.44253393665158375,23,0.5227272727272727,,26,0.5909090909090909,-0.11363636363636354,1.704356226541673,-0.11390142225037866,subject_dependent,rbf_svm,0.43902439024390244,0.44680851063829785,0.4926830882725223,0.4429164504411002,0.4431818181818182,0.4429164504411002,0.44318181818181823,0.4431818181818182,0.4431818181818182,0.4602272727272727,18,0.4090909090909091,21,0.4772727272727273,0.5,0.5,0.3752160928912396,"[[2, 2], [2, 2]]",0.5,0.5,0.5,2,0.5,2,0.5,0.0,1.0427556283976436,0.0,0.5,0.5,0.47619047619047616,0.5,0.5,0.5,0.5,0.5,0.5,0.375,2,0.5,2,0.5
0.5681818181818182,0.6060606060606061,"{""clf__C"": 235.1599274057192, ""clf__gamma"": 0.021154290797261225, ""clf__class_weight"": ""balanced""}",0.31603237056447503,"[[25, 30], [8, 25]]",arousal,0.5681818181818182,0.5681818181818182,0.5681818181818182,8,0.24242424242424243,,30,0.5454545454545454,0.1871657754010695,1.3498850124166337,0.21212121212121213,subject_dependent,rbf_svm,0.7575757575757576,0.45454545454545453,0.46026329668149113,0.6060606060606061,0.5681818181818182,0.6439393939393939,0.6060606060606061,0.5681818181818182,0.5681818181818182,0.6358126721763085,25,0.45454545454545453,25,0.7575757575757576,0.75,0.8,0.2670514681103709,"[[3, 2], [0, 3]]",0.75,0.75,0.75,0,0.0,2,0.4,0.5294117647058824,0.8276169758559595,0.6,1.0,0.6,0.5333333333333333,0.8,0.75,0.85,0.8,0.75,0.75,0.6666666666666666,3,0.6,3,1.0
0.5454545454545454,0.5272727272727272,"{""clf__C"": 1.351144633701368, ""clf__gamma"": 0.015446089075047083, ""clf__class_weight"": ""balanced""}",0.32879356147411887,"[[15, 18], [22, 33]]",arousal,0.5256064690026954,0.5454545454545454,0.549865229110512,22,0.4,,18,0.5454545454545454,0.053254437869822535,1.3565791322887428,0.0534947213716119,subject_dependent,rbf_svm,0.40540540540540543,0.6470588235294118,0.580388292830567,0.5262321144674086,0.5454545454545454,0.5564387917329094,0.5272727272727272,0.5454545454545454,0.5454545454545454,0.4876033057851239,15,0.45454545454545453,33,0.6,0.5,0.4666666666666667,0.2751867529922869,"[[1, 2], [2, 3]]",0.4666666666666667,0.5,0.5,2,0.4,2,0.6666666666666666,-0.06666666666666665,0.8545896562754114,-0.06666666666666667,0.3333333333333333,0.6,0.6295238095238094,0.4666666666666667,0.5,0.5,0.4666666666666667,0.5,0.5,0.4666666666666667,1,0.3333333333333333,3,0.6
0.5909090909090909,0.503030303030303,"{""clf__C"": 0.21466070134458173, ""clf__gamma"": 0.0012955517240662183, ""clf__class_weight"": ""balanced""}",0.236787547459015,"[[5, 28], [8, 47]]",arousal,0.47023411371237456,0.5909090909090909,0.5334448160535117,8,0.14545454545454545,,28,0.8484848484848485,0.006896551724137945,0.6659463334288634,0.00826898230594723,subject_dependent,rbf_svm,0.38461538461538464,0.6266666666666667,0.7542890785323558,0.5056410256410256,0.5909090909090909,0.5358974358974359,0.503030303030303,0.5909090909090909,0.5909090909090909,0.6060606060606061,5,0.15151515151515152,47,0.8545454545454545,0.625,0.6333333333333333,0.23332847816175623,"[[2, 1], [2, 3]]",0.6190476190476191,0.625,0.6309523809523809,2,0.4,1,0.3333333333333333,0.25,0.659304895621524,0.2581988897471611,0.5,0.75,0.8350000000000001,0.625,0.625,0.65625,0.6333333333333333,0.625,0.625,0.6666666666666667,2,0.6666666666666666,3,0.6
0.5113636363636364,0.5681818181818181,"{""clf__C"": 0.40069130793659025, ""clf__gamma"": 0.0014899847475658245, ""clf__class_weight"": ""balanced""}",0.23336477567939215,"[[30, 36], [7, 15]]",arousal,0.4967415879771246,0.5113636363636364,0.5396329299108924,7,0.3181818181818182,,36,0.5454545454545454,0.09473684210526312,0.6605245230730822,0.11961783342433499,subject_dependent,rbf_svm,0.8108108108108109,0.29411764705882354,0.4599678213604263,0.5524642289348172,0.5113636363636364,0.681637519872814,0.5681818181818181,0.5113636363636364,0.5113636363636364,0.6522038567493113,30,0.45454545454545453,15,0.6818181818181818,0.75,0.6666666666666667,0.22042861020215754,"[[5, 1], [1, 1]]",0.6666666666666667,0.75,0.75,1,0.5,1,0.16666666666666666,0.33333333333333337,0.6341794248027264,0.3333333333333333,0.8333333333333334,0.5,0.41666666666666663,0.6666666666666667,0.75,0.75,0.6666666666666667,0.75,0.75,0.5833333333333334,5,0.8333333333333334,1,0.5
0.7840909090909091,0.7545454545454545,"{""clf__C"": 0.40069130793659025, ""clf__gamma"": 0.0014899847475658245, ""clf__class_weight"": ""balanced""}",0.17714810160243763,"[[48, 7], [12, 21]]",arousal,0.7616535994297933,0.7840909090909091,0.779935851746258,12,0.36363636363636365,,7,0.12727272727272726,0.525,0.5320614333748039,0.5291502622129182,subject_dependent,rbf_svm,0.8,0.75,0.7331815546234945,0.775,0.7840909090909091,0.78125,0.7545454545454545,0.7840909090909091,0.7840909090909091,0.8016528925619834,48,0.8727272727272727,21,0.6363636363636364,0.75,0.6666666666666666,0.15609557574229677,"[[5, 0], [2, 1]]",0.6666666666666667,0.75,0.7083333333333334,2,0.6666666666666666,0,0.0,0.3846153846153846,0.488417194370437,0.4879500364742666,0.7142857142857143,1.0,0.9166666666666666,0.8571428571428572,0.75,0.8214285714285714,0.6666666666666666,0.75,0.75,0.9333333333333333,5,1.0,1,0.3333333333333333
0.375,0.375,"{""clf__C"": 0.6351054340728711, ""clf__gamma"": 0.0005285382203816729, ""clf__class_weight"": ""balanced""}",,"[[33, 55], [0, 0]]",arousal,0.2727272727272727,0.375,0.5454545454545454,,,,,,0.0,,0.0,subject_dependent,rbf_svm,,,0.0,0.5,0.375,1.0,0.1875,0.375,0.375,nan,,,,,0.625,0.625,,"[[5, 3], [0, 0]]",0.38461538461538464,0.625,0.7692307692307693,,,,,0.0,,0.0,,,0.0,0.5,0.625,1.0,0.3125,0.625,0.625,nan,,,,
0.6704545454545454,0.38311688311688313,"{""clf__C"": 0.40069130793659025, ""clf__gamma"": 0.0014899847475658245, ""clf__class_weight"": ""balanced""}",0.27094686935417733,"[[0, 11], [18, 59]]",arousal,0.4013605442176871,0.6704545454545454,0.7023809523809524,18,0.23376623376623376,,11,1.0,-0.18367346938775508,0.7695587982172363,-0.191662969499982,subject_dependent,rbf_svm,0.0,0.8428571428571429,0.900341520435961,0.42142857142857143,0.6704545454545454,0.7375,0.38311688311688313,0.6704545454545454,0.6704545454545454,0.48288075560802834,0,0.0,59,0.7662337662337663,0.625,0.35714285714285715,0.25572569079926455,"[[0, 1], [2, 5]]",0.38461538461538464,0.625,0.6730769230769231,2,0.2857142857142857,1,1.0,-0.19999999999999996,0.7196384783359187,-0.2182178902359924,0.0,0.8333333333333334,0.9617346938775511,0.4166666666666667,0.625,0.7291666666666667,0.35714285714285715,0.625,0.625,0.7142857142857143,0,0.0,5,0.7142857142857143
0.48863636363636365,0.4772727272727273,"{""clf__C"": 64.69870699850829, ""clf__gamma"": 0.0008200518402245837, ""clf__class_weight"": null}",0.3546156814745048,"[[10, 12], [33, 33]]",arousal,0.45114345114345117,0.48863636363636365,0.5228690228690229,33,0.5,,12,0.5454545454545454,-0.034482758620689724,1.031820073546159,-0.039374961547907886,subject_dependent,rbf_svm,0.23255813953488372,0.7333333333333333,0.7415821324648428,0.4829457364341085,0.48863636363636365,0.608139534883721,0.4772727272727273,0.48863636363636365,0.48863636363636365,0.47451790633608815,10,0.45454545454545453,33,0.5,0.5,0.5,0.28565011039140414,"[[1, 1], [3, 3]]",0.4666666666666667,0.5,0.5333333333333333,3,0.5,1,0.5,0.0,0.7774244293783743,0.0,0.25,0.75,0.7801587301587302,0.5,0.5,0.625,0.5,0.5,0.5,0.41666666666666663,1,0.5,3,0.5
0.6477272727272727,0.6575757575757576,"{""clf__C"": 0.40069130793659025, ""clf__gamma"": 0.0014899847475658245, ""clf__class_weight"": ""balanced""}",0.27745960529399355,"[[23, 10], [21, 34]]",arousal,0.6421356421356421,0.6477272727272727,0.6533189033189033,21,0.38181818181818183,,10,0.30303030303030304,0.2954545454545454,0.748694725013975,0.30514414242846316,subject_dependent,rbf_svm,0.5227272727272727,0.7727272727272727,0.7306701919110627,0.6477272727272727,0.6477272727272727,0.6789772727272727,0.6575757575757576,0.6477272727272727,0.6477272727272727,0.6418732782369146,23,0.696969696969697,34,0.6181818181818182,0.375,0.5,0.2770905607951616,"[[3, 0], [5, 0]]",0.2727272727272727,0.375,0.20454545454545453,5,1.0,0,0.0,0.0,0.7478263701108995,0.0,0.375,0.0,0.8766666666666667,0.1875,0.375,0.140625,0.5,0.375,0.375,0.8,3,1.0,0,0.0
0.42045454545454547,0.4212121212121212,"{""clf__C"": 48.43827864278568, ""clf__gamma"": 0.00039459088111000007, ""clf__class_weight"": ""balanced""}",0.33875127035258407,"[[14, 19], [32, 23]]",arousal,0.4143285919352734,0.42045454545454547,0.42930314498238287,32,0.5818181818181818,,19,0.5757575757575758,-0.146067415730337,0.9068975621677766,-0.15272993165088564,subject_dependent,rbf_svm,0.30434782608695654,0.5476190476190477,0.588705430197224,0.4259834368530021,0.42045454545454547,0.45639233954451347,0.4212121212121212,0.42045454545454547,0.42045454545454547,0.46501377410468325,14,0.42424242424242425,23,0.41818181818181815,0.375,0.43333333333333335,0.3102173503204534,"[[2, 1], [4, 1]]",0.36507936507936506,0.375,0.34523809523809523,4,0.8,1,0.3333333333333333,-0.11111111111111116,0.8277464229562591,-0.14907119849998599,0.3333333333333333,0.5,0.6926190476190477,0.41666666666666663,0.375,0.4375,0.43333333333333335,0.375,0.375,0.4,2,0.6666666666666666,1,0.2
0.4659090909090909,0.553030303030303,"{""clf__C"": 0.40069130793659025, ""clf__gamma"": 0.0014899847475658245, ""clf__class_weight"": ""balanced""}",0.27180017702088627,"[[25, 41], [6, 16]]",arousal,0.4602636043325068,0.4659090909090909,0.4878637609291399,6,0.2727272727272727,,41,0.6212121212121212,0.06930693069306926,0.7392894304109393,0.09614332506687173,subject_dependent,rbf_svm,0.8064516129032258,0.2807017543859649,0.24854372249201073,0.5435766836445953,0.4659090909090909,0.6750141482739105,0.553030303030303,0.4659090909090909,0.4659090909090909,0.4999999999999999,25,0.3787878787878788,16,0.7272727272727273,0.5,0.5,0.2677957445842914,"[[3, 3], [1, 1]]",0.4666666666666667,0.5,0.5333333333333333,1,0.5,3,0.5,0.0,0.7294793609790429,0.0,0.75,0.25,0.3666666666666667,0.5,0.5,0.625,0.5,0.5,0.5,0.5833333333333334,3,0.5,1,0.5
0.4431818181818182,0.45151515151515154,"{""clf__C"": 13.411788774467905, ""clf__gamma"": 0.00026210878782654407, ""clf__class_weight"": ""balanced""}",0.36319820018561105,"[[16, 17], [32, 23]]",arousal,0.43963612735542557,0.4431818181818182,0.45077972709551656,32,0.5818181818181818,,17,0.5151515151515151,-0.0888888888888888,0.9782687537791207,-0.09428090415820634,subject_dependent,rbf_svm,0.3333333333333333,0.575,0.5588456238630481,0.4541666666666666,0.4431818181818182,0.484375,0.45151515151515154,0.4431818181818182,0.4431818181818182,0.40110192837465564,16,0.48484848484848486,23,0.41818181818181815,0.375,0.43333333333333335,0.3303264256705165,"[[2, 1], [4, 1]]",0.36507936507936506,0.375,0.34523809523809523,4,0.8,1,0.3333333333333333,-0.11111111111111116,0.864127362654326,-0.14907119849998599,0.3333333333333333,0.5,0.5392857142857144,0.41666666666666663,0.375,0.4375,0.43333333333333335,0.375,0.375,0.2,2,0.6666666666666666,1,0.2
0.4318181818181818,0.4181818181818182,"{""clf__C"": 0.40069130793659025, ""clf__gamma"": 0.0014899847475658245, ""clf__class_weight"": ""balanced""}",0.40372796279038015,"[[12, 21], [29, 26]]",arousal,0.4170641229464759,0.4318181818181818,0.4402490726020138,29,0.5272727272727272,,21,0.6363636363636364,-0.1560693641618498,1.1210479368379156,-0.15880979213461996,subject_dependent,rbf_svm,0.2926829268292683,0.5531914893617021,0.5386046304009148,0.4229372080954852,0.4318181818181818,0.45550077841203945,0.4181818181818182,0.4318181818181818,0.4318181818181818,0.3823691460055096,12,0.36363636363636365,26,0.4727272727272727,0.375,0.43333333333333335,0.3886256725835091,"[[2, 1], [4, 1]]",0.36507936507936506,0.375,0.34523809523809523,4,0.8,1,0.3333333333333333,-0.11111111111111116,1.0471398899182995,-0.14907119849998599,0.3333333333333333,0.5,0.5783333333333334,0.41666666666666663,0.375,0.4375,0.43333333333333335,0.375,0.375,0.33333333333333337,2,0.6666666666666666,1,0.2
0.5227272727272727,0.5212121212121212,"{""clf__C"": 0.40069130793659025, ""clf__gamma"": 0.0014899847475658245, ""clf__class_weight"": ""balanced""}",0.25030760276670866,"[[29, 26], [16, 17]]",arousal,0.5136842105263157,0.5227272727272727,0.5302631578947369,16,0.48484848484848486,,26,0.4727272727272727,0.040000000000000036,0.6900305272505052,0.041087708961862444,subject_dependent,rbf_svm,0.6444444444444445,0.3953488372093023,0.3950917389506942,0.5198966408268734,0.5227272727272727,0.5510335917312662,0.5212121212121212,0.5227272727272727,0.5227272727272727,0.5553719008264463,29,0.5272727272727272,17,0.5151515151515151,0.625,0.5666666666666667,0.2335288869552291,"[[4, 1], [2, 1]]",0.5636363636363637,0.625,0.6045454545454546,2,0.6666666666666666,1,0.2,0.1428571428571429,0.656421214858804,0.14907119849998599,0.6666666666666666,0.5,0.5,0.5833333333333333,0.625,0.6041666666666666,0.5666666666666667,0.625,0.625,0.6,4,0.8,1,0.3333333333333333
0.6363636363636364,0.6545454545454545,"{""clf__C"": 0.21466070134458173, ""clf__gamma"": 0.0012955517240662183, ""clf__class_weight"": ""balanced""}",0.21666809764374462,"[[32, 23], [9, 24]]",arousal,0.6333333333333333,0.6363636363636364,0.6416666666666667,9,0.2727272727272727,,23,0.41818181818181815,0.2849162011173184,0.623632805202461,0.2999740518098377,subject_dependent,rbf_svm,0.7804878048780488,0.5106382978723404,0.5320497172765091,0.6455630513751947,0.6363636363636364,0.6792942397509081,0.6545454545454545,0.6363636363636364,0.6363636363636364,0.7107438016528925,32,0.5818181818181818,24,0.7272727272727273,0.625,0.5,0.2152201849048821,"[[5, 0], [3, 0]]",0.38461538461538464,0.625,0.4807692307692308,3,1.0,0,0.0,0.0,0.6206076368500545,0.0,0.625,0.0,0.5888888888888888,0.3125,0.625,0.390625,0.5,0.625,0.625,0.7333333333333333,5,1.0,0,0.0
0.36363636363636365,0.33939393939393936,"{""clf__C"": 0.4342298948286134, ""clf__gamma"": 0.0008179499475211679, ""clf__class_weight"": ""balanced""}",0.38419711737341483,"[[8, 25], [31, 24]]",arousal,0.3418803418803419,0.36363636363636365,0.37179487179487186,31,0.5636363636363636,,25,0.7575757575757576,-0.3099415204678362,1.0158343763121982,-0.31304004443943084,subject_dependent,rbf_svm,0.20512820512820512,0.4897959183673469,0.5157030440054938,0.34746206174777605,0.36363636363636365,0.3830455259026687,0.33939393939393936,0.36363636363636365,0.36363636363636365,0.3179063360881543,8,0.24242424242424243,24,0.43636363636363634,0.125,0.16666666666666666,0.3615389936089169,"[[1, 2], [5, 0]]",0.1111111111111111,0.125,0.08333333333333333,5,1.0,2,0.6666666666666666,-0.5555555555555556,0.9312718110932265,-0.7453559924999299,0.16666666666666666,0.0,0.5449999999999999,0.08333333333333333,0.125,0.0625,0.16666666666666666,0.125,0.125,0.2666666666666667,1,0.3333333333333333,0,0.0
0.6477272727272727,0.6393939393939394,"{""clf__C"": 0.4342298948286134, ""clf__gamma"": 0.0008179499475211679, ""clf__class_weight"": ""balanced""}",0.27278017768931834,"[[20, 13], [18, 37]]",arousal,0.6340710932260228,0.6477272727272727,0.6517437961099933,18,0.32727272727272727,,13,0.3939393939393939,0.2705882352941177,0.7415884779215717,0.2724804837691825,subject_dependent,rbf_svm,0.5263157894736842,0.74,0.8035598360559739,0.6331578947368421,0.6477272727272727,0.6598684210526315,0.6393939393939394,0.6477272727272727,0.6477272727272727,0.7096418732782369,20,0.6060606060606061,37,0.6727272727272727,0.5,0.6,0.26529924688692674,"[[3, 0], [4, 1]]",0.4666666666666667,0.5,0.4333333333333333,4,0.8,0,0.0,0.1578947368421053,0.7236499725173494,0.29277002188455997,0.42857142857142855,1.0,0.9028571428571428,0.7142857142857143,0.5,0.7857142857142857,0.6,0.5,0.5,0.8,3,1.0,1,0.2
0.4318181818181818,0.5,"{""clf__C"": 166.2878326769575, ""clf__gamma"": 0.008979064194712979, ""clf__class_weight"": ""balanced""}",0.39616776503439327,"[[14, 8], [42, 24]]",arousal,0.4243851386708529,0.4318181818181818,0.4570905285190999,42,0.6363636363636364,,8,0.36363636363636365,0.0,1.435547016155516,0.0,subject_dependent,rbf_svm,0.25,0.75,0.7813963554299916,0.5,0.4318181818181818,0.625,0.5,0.4318181818181818,0.4318181818181818,0.5578512396694215,14,0.6363636363636364,24,0.36363636363636365,0.375,0.41666666666666663,0.30223352457768987,"[[1, 1], [4, 2]]",0.36507936507936506,0.375,0.40476190476190477,4,0.6666666666666666,1,0.5,-0.11111111111111116,0.832717838403726,-0.14907119849998599,0.2,0.6666666666666666,0.8555555555555556,0.43333333333333335,0.375,0.55,0.41666666666666663,0.375,0.375,0.5833333333333334,1,0.5,2,0.3333333333333333
0.6590909090909091,0.6060606060606061,"{""clf__C"": 160.49758307716223, ""clf__gamma"": 0.00018427970406864567, ""clf__class_weight"": null}",0.2536221113400709,"[[45, 10], [20, 13]]",arousal,0.6071428571428572,0.6590909090909091,0.6428571428571428,20,0.6060606060606061,,10,0.18181818181818182,0.22580645161290325,0.8219032583454325,0.23372319715296222,subject_dependent,rbf_svm,0.6923076923076923,0.5652173913043478,0.5172247495083321,0.6287625418060201,0.6590909090909091,0.6446488294314381,0.6060606060606061,0.6590909090909091,0.6590909090909091,0.6561983471074381,45,0.8181818181818182,13,0.3939393939393939,0.75,0.6666666666666666,0.18274429250203705,"[[5, 0], [2, 1]]",0.6666666666666667,0.75,0.7083333333333334,2,0.6666666666666666,0,0.0,0.3846153846153846,0.5427406807547116,0.4879500364742666,0.7142857142857143,1.0,0.7555555555555555,0.8571428571428572,0.75,0.8214285714285714,0.6666666666666666,0.75,0.75,0.8,5,1.0,1,0.3333333333333333
0.6363636363636364,0.6363636363636364,"{""clf__C"": 166.2878326769575, ""clf__gamma"": 0.008979064194712979, ""clf__class_weight"": ""balanced""}",0.2955207488961333,"[[38, 6], [26, 18]]",arousal,0.616557734204793,0.6363636363636364,0.6165577342047931,26,0.5909090909090909,,6,0.13636363636363635,0.2727272727272727,1.299347991615533,0.30618621784789724,subject_dependent,rbf_svm,0.59375,0.75,0.717026796334232,0.671875,0.6363636363636364,0.671875,0.6363636363636364,0.6363636363636364,0.6363636363636364,0.6554752066115703,38,0.8636363636363636,18,0.4090909090909091,0.75,0.75,0.23302487778278894,"[[4, 0], [2, 2]]",0.7333333333333334,0.75,0.7333333333333334,2,0.5,0,0.0,0.5,1.012806142556059,0.5773502691896258,0.6666666666666666,1.0,0.875,0.8333333333333333,0.75,0.8333333333333333,0.75,0.75,0.75,0.75,4,1.0,2,0.5
0.5113636363636364,0.5113636363636364,"{""clf__C"": 0.6351054340728711, ""clf__gamma"": 0.0005285382203816729, ""clf__class_weight"": ""balanced""}",0.27008345984515364,"[[41, 3], [40, 4]]",arousal,0.4064313725490196,0.5113636363636364,0.4064313725490196,40,0.9090909090909091,,3,0.06818181818181818,0.022727272727272707,0.7357928938886839,0.0419960525565808,subject_dependent,rbf_svm,0.5061728395061729,0.5714285714285714,0.5919935458914143,0.5388007054673721,0.5113636363636364,0.5388007054673721,0.5113636363636364,0.5113636363636364,0.5113636363636364,0.5619834710743802,41,0.9318181818181818,4,0.09090909090909091,0.5,0.5,0.26950774653462634,"[[4, 0], [4, 0]]",0.3333333333333333,0.5,0.3333333333333333,4,1.0,0,0.0,0.0,0.7341326743760175,0.0,0.5,0.0,0.6845238095238095,0.25,0.5,0.25,0.5,0.5,0.5,0.5625,4,1.0,0,0.0
0.4318181818181818,0.48484848484848486,"{""clf__C"": 183.42628625395747, ""clf__gamma"": 0.0001005394019469303, ""clf__class_weight"": ""balanced""}",0.3898469173224132,"[[25, 41], [9, 13]]",arousal,0.42105263157894735,0.4318181818181818,0.4605263157894737,9,0.4090909090909091,,41,0.6212121212121212,-0.020408163265306145,1.13279461315507,-0.026948402781814772,subject_dependent,rbf_svm,0.7352941176470589,0.24074074074074073,0.29548444873366764,0.4880174291938998,0.4318181818181818,0.6116557734204794,0.48484848484848486,0.4318181818181818,0.4318181818181818,0.46315426997245174,25,0.3787878787878788,13,0.5909090909090909,0.5,0.6666666666666666,0.31955223692155843,"[[2, 4], [0, 2]]",0.5,0.5,0.5,0,0.0,4,0.6666666666666666,0.19999999999999996,0.8414741299585731,0.3333333333333333,1.0,0.3333333333333333,0.26666666666666666,0.6666666666666666,0.5,0.8333333333333334,0.6666666666666666,0.5,0.5,0.33333333333333337,2,0.3333333333333333,2,1.0
0.4431818181818182,0.44696969696969696,"{""clf__C"": 0.4342298948286134, ""clf__gamma"": 0.0008179499475211679, ""clf__class_weight"": ""balanced""}",0.32655862079379544,"[[10, 12], [37, 29]]",arousal,0.41595557361506164,0.4431818181818182,0.4790058241907083,37,0.5606060606060606,,12,0.5454545454545454,-0.07692307692307687,0.8858705631714435,-0.09206542351627228,subject_dependent,rbf_svm,0.2127659574468085,0.7073170731707317,0.7479367891779818,0.4600415153087701,0.4431818181818182,0.5836792942397508,0.44696969696969696,0.4431818181818182,0.4431818181818182,0.4428374655647383,10,0.45454545454545453,29,0.4393939393939394,0.5,0.5,0.3149851561935059,"[[1, 1], [3, 3]]",0.4666666666666667,0.5,0.5333333333333333,3,0.5,1,0.5,0.0,0.8494432625993524,0.0,0.25,0.75,0.8,0.5,0.5,0.625,0.5,0.5,0.5,0.5,1,0.5,3,0.5
0.4090909090909091,0.40909090909090906,"{""clf__C"": 262.30889101079146, ""clf__gamma"": 0.0025135566617708314, ""clf__class_weight"": null}",0.4979189933623363,"[[14, 30], [22, 22]]",arousal,0.4041666666666667,0.4090909090909091,0.4041666666666666,22,0.5,,30,0.6818181818181818,-0.18181818181818188,2.0367537930562576,-0.1849000654084097,subject_dependent,rbf_svm,0.3888888888888889,0.4230769230769231,0.4441752899114702,0.405982905982906,0.4090909090909091,0.405982905982906,0.40909090909090906,0.4090909090909091,0.4090909090909091,0.3894628099173554,14,0.3181818181818182,22,0.5,0.25,0.25,0.42283239636359254,"[[0, 4], [2, 2]]",0.2,0.25,0.2,2,0.5,4,1.0,-0.5,1.1787201812446377,-0.5773502691896258,0.0,0.3333333333333333,0.5238095238095237,0.16666666666666666,0.25,0.16666666666666666,0.25,0.25,0.25,0.375,0,0.0,2,0.5
0.5227272727272727,0.5227272727272727,"{""clf__C"": 20.12196163610286, ""clf__gamma"": 0.0008612579192594886, ""clf__class_weight"": ""balanced""}",0.2839050163475886,"[[20, 24], [18, 26]]",arousal,0.5204981837052414,0.5227272727272727,0.5204981837052413,18,0.4090909090909091,,24,0.5454545454545454,0.045454545454545414,0.7819442232737582,0.04588314677411236,subject_dependent,rbf_svm,0.5263157894736842,0.52,0.625832945795541,0.523157894736842,0.5227272727272727,0.5231578947368422,0.5227272727272727,0.5227272727272727,0.5227272727272727,0.574896694214876,20,0.45454545454545453,26,0.5909090909090909,0.625,0.625,0.24401079568527057,"[[2, 2], [1, 3]]",0.6190476190476191,0.625,0.6190476190476191,1,0.25,2,0.5,0.25,0.6818096558651321,0.2581988897471611,0.6666666666666666,0.6,0.7095238095238094,0.6333333333333333,0.625,0.6333333333333333,0.625,0.625,0.625,0.625,2,0.5,3,0.75
0.5909090909090909,0.5818181818181818,"{""clf__C"": 13.411788774467905, ""clf__gamma"": 0.00026210878782654407, ""clf__class_weight"": ""balanced""}",0.2849699499055325,"[[34, 21], [15, 18]]",arousal,0.5769230769230769,0.5909090909090909,0.5961538461538461,15,0.45454545454545453,,21,0.38181818181818183,0.1578947368421053,0.796212868482565,0.15947323018612516,subject_dependent,rbf_svm,0.6938775510204082,0.46153846153846156,0.5588616631253975,0.5777080062794349,0.5909090909090909,0.6067503924646782,0.5818181818181818,0.5909090909090909,0.5909090909090909,0.6060606060606061,34,0.6181818181818182,18,0.5454545454545454,0.625,0.6333333333333333,0.2577189991495242,"[[3, 2], [1, 2]]",0.6190476190476191,0.625,0.6309523809523809,1,0.3333333333333333,2,0.4,0.25,0.707312105595137,0.2581988897471611,0.75,0.5,0.6805555555555556,0.625,0.625,0.65625,0.6333333333333333,0.625,0.625,0.6,3,0.6,2,0.6666666666666666
0.6363636363636364,0.5757575757575758,"{""clf__C"": 183.42628625395747, ""clf__gamma"": 0.0001005394019469303, ""clf__class_weight"": ""balanced""}",0.23621314508678068,"[[10, 12], [20, 46]]",arousal,0.5632754342431762,0.6363636363636364,0.6526054590570719,20,0.30303030303030304,,12,0.5454545454545454,0.1351351351351351,0.6921401933619786,0.13840913308956662,subject_dependent,rbf_svm,0.3333333333333333,0.7931034482758621,0.8597731701892208,0.5632183908045977,0.6363636363636364,0.67816091954023,0.5757575757575758,0.6363636363636364,0.6363636363636364,0.6280991735537191,10,0.45454545454545453,46,0.696969696969697,0.625,0.5833333333333333,0.19483981391265226,"[[1, 1], [2, 4]]",0.5636363636363637,0.625,0.6454545454545454,2,0.3333333333333333,1,0.5,0.1428571428571429,0.5691775758099019,0.14907119849998599,0.3333333333333333,0.8,0.915079365079365,0.5666666666666667,0.625,0.6833333333333335,0.5833333333333333,0.625,0.625,0.75,1,0.5,4,0.6666666666666666
0.25,0.3787878787878788,"{""clf__C"": 0.40069130793659025, ""clf__gamma"": 0.0014899847475658245, ""clf__class_weight"": ""balanced""}",0.41272527822552246,"[[14, 8], [58, 8]]",arousal,0.24649714582252205,0.25,0.2208095485210171,58,0.8787878787878788,,8,0.36363636363636365,-0.13793103448275867,1.07800339416002,-0.2721655269759087,subject_dependent,rbf_svm,0.19444444444444445,0.5,0.6642759991780575,0.3472222222222222,0.25,0.4236111111111111,0.3787878787878788,0.25,0.25,0.3415977961432507,14,0.6363636363636364,8,0.12121212121212122,0.25,0.5,0.4027395479578201,"[[2, 0], [6, 0]]",0.2,0.25,0.1,6,1.0,0,0.0,0.0,1.0330316442113765,0.0,0.25,0.0,0.6746031746031745,0.125,0.25,0.0625,0.5,0.25,0.25,0.25,2,1.0,0,0.0
0.4772727272727273,0.4772727272727273,"{""clf__C"": 12.957079329680445, ""clf__gamma"": 0.00032476735706274504, ""clf__class_weight"": null}",0.2974220572071905,"[[26, 18], [28, 16]]",arousal,0.47043432757718473,0.4772727272727273,0.47043432757718473,28,0.6363636363636364,,18,0.4090909090909091,-0.045454545454545414,0.8034083305162018,-0.04667600280093366,subject_dependent,rbf_svm,0.48148148148148145,0.47058823529411764,0.5346583547608446,0.4760348583877996,0.4772727272727273,0.4760348583877996,0.4772727272727273,0.4772727272727273,0.4772727272727273,0.4550619834710744,26,0.5909090909090909,16,0.36363636363636365,0.5,0.5,0.26959830762998194,"[[2, 2], [2, 2]]",0.5,0.5,0.5,2,0.5,2,0.5,0.0,0.7353471476057044,0.0,0.5,0.5,0.625,0.5,0.5,0.5,0.5,0.5,0.5,0.4375,2,0.5,2,0.5
0.4431818181818182,0.4431818181818182,"{""clf__C"": 12.957079329680445, ""clf__gamma"": 0.00032476735706274504, ""clf__class_weight"": null}",0.3441714523013564,"[[33, 11], [38, 6]]",arousal,0.38531717747683536,0.4431818181818182,0.38531717747683536,38,0.8636363636363636,,11,0.25,-0.11363636363636354,0.9616919216979208,-0.14391841562585095,subject_dependent,rbf_svm,0.4647887323943662,0.35294117647058826,0.44910174729576646,0.4088649544324772,0.4431818181818182,0.4088649544324772,0.4431818181818182,0.4431818181818182,0.4431818181818182,0.4323347107438017,33,0.75,6,0.13636363636363635,0.375,0.375,0.3134832783579739,"[[3, 1], [4, 0]]",0.2727272727272727,0.375,0.2727272727272727,4,1.0,1,0.25,-0.25,0.8400777969169657,-0.3779644730092272,0.42857142857142855,0.0,0.48214285714285715,0.21428571428571427,0.375,0.21428571428571427,0.375,0.375,0.375,0.3125,3,0.75,0,0.0
0.5113636363636364,0.5113636363636364,"{""clf__C"": 262.30889101079146, ""clf__gamma"": 0.0025135566617708314, ""clf__class_weight"": null}",0.3537133941994726,"[[23, 21], [22, 22]]",arousal,0.5113005295105257,0.5113636363636364,0.5113005295105256,22,0.5,,21,0.4772727272727273,0.022727272727272707,1.1141193007767336,0.022733144649015786,subject_dependent,rbf_svm,0.5111111111111111,0.5116279069767442,0.5639666799518548,0.5113695090439276,0.5113636363636364,0.5113695090439276,0.5113636363636364,0.5113636363636364,0.5113636363636364,0.5131714876033058,23,0.5227272727272727,22,0.5,0.625,0.625,0.2762808616380454,"[[3, 1], [2, 2]]",0.6190476190476191,0.625,0.6190476190476191,2,0.5,1,0.25,0.25,0.7743215690059452,0.2581988897471611,0.6,0.6666666666666666,0.6666666666666666,0.6333333333333333,0.625,0.6333333333333333,0.625,0.625,0.625,0.5,3,0.75,2,0.5
0.42045454545454547,0.4621212121212121,"{""clf__C"": 64.69870699850829, ""clf__gamma"": 0.0008200518402245837, ""clf__class_weight"": null}",0.3421112134432213,"[[25, 41], [10, 12]]",arousal,0.40752475247524755,0.42045454545454547,0.45128712871287124,10,0.45454545454545453,,41,0.6212121212121212,-0.05154639175257736,0.9273748305999248,-0.06702509218888864,subject_dependent,rbf_svm,0.7142857142857143,0.22641509433962265,0.22530368369899872,0.4703504043126685,0.42045454545454547,0.5923180592991915,0.4621212121212121,0.42045454545454547,0.42045454545454547,0.428374655647383,25,0.3787878787878788,12,0.5454545454545454,0.375,0.41666666666666663,0.30643723894514646,"[[2, 4], [1, 1]]",0.36507936507936506,0.375,0.40476190476190477,1,0.5,4,0.6666666666666666,-0.11111111111111116,0.8100955393703144,-0.14907119849998599,0.6666666666666666,0.2,0.25,0.43333333333333335,0.375,0.55,0.41666666666666663,0.375,0.375,0.25,2,0.3333333333333333,1,0.5
0.6818181818181818,0.7272727272727273,"{""clf__C"": 160.49758307716223, ""clf__gamma"": 0.00018427970406864567, ""clf__class_weight"": null}",0.2323881790062212,"[[30, 3], [25, 30]]",arousal,0.6818181818181818,0.6818181818181818,0.6818181818181818,25,0.45454545454545453,,3,0.09090909090909091,0.4010695187165776,0.7920807713993846,0.45454545454545453,subject_dependent,rbf_svm,0.5454545454545454,0.9090909090909091,0.885815023844828,0.7272727272727273,0.6818181818181818,0.7727272727272727,0.7272727272727273,0.6818181818181818,0.6818181818181818,0.7757575757575758,30,0.9090909090909091,30,0.5454545454545454,0.625,0.7,0.18586977841756017,"[[3, 0], [3, 2]]",0.6190476190476191,0.625,0.6071428571428571,3,0.6,0,0.0,0.33333333333333337,0.5551420238251082,0.4472135954999579,0.5,1.0,0.9428571428571428,0.75,0.625,0.8125,0.7,0.625,0.625,0.8666666666666667,3,1.0,2,0.4
0.4772727272727273,0.4606060606060606,"{""clf__C"": 183.42628625395747, ""clf__gamma"": 0.0001005394019469303, ""clf__class_weight"": ""balanced""}",0.3739524114197451,"[[13, 20], [26, 29]]",arousal,0.45940170940170943,0.4772727272727273,0.483974358974359,26,0.4727272727272727,,20,0.6060606060606061,-0.07602339181286544,1.5276040771228474,-0.07678340712665285,subject_dependent,rbf_svm,0.3333333333333333,0.5918367346938775,0.6277472517546187,0.4625850340136054,0.4772727272727273,0.4948979591836735,0.4606060606060606,0.4772727272727273,0.4772727272727273,0.5085399449035812,13,0.3939393939393939,29,0.5272727272727272,0.625,0.6333333333333333,0.2880302012176254,"[[2, 1], [2, 3]]",0.6190476190476191,0.625,0.6309523809523809,2,0.4,1,0.3333333333333333,0.25,0.8165894632242645,0.2581988897471611,0.5,0.75,0.6683333333333333,0.625,0.625,0.65625,0.6333333333333333,0.625,0.625,0.5333333333333334,2,0.6666666666666666,3,0.6
0.5568181818181818,0.5681818181818181,"{""clf__C"": 13.411788774467905, ""clf__gamma"": 0.00026210878782654407, ""clf__class_weight"": ""balanced""}",0.2728100070361075,"[[13, 9], [30, 36]]",arousal,0.5243243243243243,0.5568181818181818,0.5864864864864866,30,0.45454545454545453,,9,0.4090909090909091,0.10344827586206895,0.743541053470548,0.11812488464372367,subject_dependent,rbf_svm,0.3023255813953488,0.8,0.8171105860863032,0.5511627906976744,0.5568181818181818,0.6755813953488373,0.5681818181818181,0.5568181818181818,0.5568181818181818,0.6012396694214877,13,0.5909090909090909,36,0.5454545454545454,0.5,0.5,0.2548561133471271,"[[1, 1], [3, 3]]",0.4666666666666667,0.5,0.5333333333333333,3,0.5,1,0.5,0.0,0.6957552194086625,0.0,0.25,0.75,0.8734126984126984,0.5,0.5,0.625,0.5,0.5,0.5,0.6666666666666666,1,0.5,3,0.5
0.6818181818181818,0.7424242424242424,"{""clf__C"": 243.14537412227003, ""clf__gamma"": 0.0004992453416923984, ""clf__class_weight"": ""balanced""}",0.21403209853250146,"[[19, 3], [25, 41]]",arousal,0.6606060606060606,0.6818181818181818,0.7030303030303031,25,0.3787878787878788,,3,0.13636363636363635,0.36363636363636365,0.633974876425603,0.4198911048651824,subject_dependent,rbf_svm,0.4318181818181818,0.9318181818181818,0.9530224089985364,0.6818181818181818,0.6818181818181818,0.8068181818181818,0.7424242424242424,0.6818181818181818,0.6818181818181818,0.862258953168044,19,0.8636363636363636,41,0.6212121212121212,0.625,0.75,0.17824276643749554,"[[2, 0], [3, 3]]",0.6190476190476191,0.625,0.6428571428571428,3,0.5,0,0.0,0.33333333333333337,0.5291526498657722,0.4472135954999579,0.4,1.0,0.9761904761904762,0.7,0.625,0.85,0.75,0.625,0.625,0.9166666666666667,2,1.0,3,0.5
0.5227272727272727,0.5303030303030303,"{""clf__C"": 48.43827864278568, ""clf__gamma"": 0.00039459088111000007, ""clf__class_weight"": ""balanced""}",0.3436140043880877,"[[34, 32], [10, 12]]",arousal,0.4909090909090909,0.5227272727272727,0.5545454545454546,10,0.45454545454545453,,32,0.48484848484848486,0.045454545454545414,1.3092135736084332,0.0524863881081478,subject_dependent,rbf_svm,0.7727272727272727,0.2727272727272727,0.2901828280616908,0.5227272727272727,0.5227272727272727,0.6477272727272727,0.5303030303030303,0.5227272727272727,0.5227272727272727,0.559228650137741,34,0.5151515151515151,12,0.5454545454545454,0.5,0.6666666666666666,0.2785249634552593,"[[2, 4], [0, 2]]",0.5,0.5,0.5,0,0.0,4,0.6666666666666666,0.19999999999999996,0.7816714691434312,0.3333333333333333,1.0,0.3333333333333333,0.45,0.6666666666666666,0.5,0.8333333333333334,0.6666666666666666,0.5,0.5,0.6666666666666667,2,0.3333333333333333,2,1.0
0.4772727272727273,0.5515151515151515,"{""clf__C"": 7.709391232564023, ""clf__gamma"": 0.00026471141828218194, ""clf__class_weight"": null}",0.36846698483545165,"[[14, 41], [5, 28]]",arousal,0.46369899311075785,0.4772727272727273,0.442368839427663,5,0.15151515151515152,,41,0.7454545454545455,0.08457711442786064,1.239917601689254,0.1212277224548248,subject_dependent,rbf_svm,0.7368421052631579,0.4057971014492754,0.4846825954039443,0.5713196033562167,0.4772727272727273,0.6127002288329519,0.5515151515151515,0.4772727272727273,0.4772727272727273,0.6214876033057851,14,0.2545454545454545,28,0.8484848484848485,0.375,0.5,0.34141375635293536,"[[0, 5], [0, 3]]",0.2727272727272727,0.375,0.20454545454545453,0,0.0,5,1.0,0.0,0.9868150489019687,0.0,0.0,0.375,0.6805555555555556,0.1875,0.375,0.140625,0.5,0.375,0.375,0.6,0,0.0,3,1.0
0.7045454545454546,0.7575757575757576,"{""clf__C"": 0.21466070134458173, ""clf__gamma"": 0.0012955517240662183, ""clf__class_weight"": ""balanced""}",0.2014760694837636,"[[32, 1], [25, 30]]",arousal,0.7043927648578812,0.7045454545454546,0.7027131782945737,25,0.45454545454545453,,1,0.030303030303030304,0.44973544973544977,0.5910059701853421,0.5221015967643629,subject_dependent,rbf_svm,0.5614035087719298,0.967741935483871,0.8895449236885465,0.7645727221279004,0.7045454545454546,0.8153650254668932,0.7575757575757576,0.7045454545454546,0.7045454545454546,0.7862258953168045,32,0.9696969696969697,30,0.5454545454545454,0.75,0.7333333333333334,0.19966671004334088,"[[2, 1], [1, 4]]",0.7333333333333334,0.75,0.75,1,0.2,1,0.3333333333333333,0.4666666666666667,0.5877618904410461,0.4666666666666667,0.6666666666666666,0.8,0.9428571428571428,0.7333333333333334,0.75,0.75,0.7333333333333334,0.75,0.75,0.8666666666666667,2,0.6666666666666666,4,0.8
0.375,0.2532467532467533,"{""clf__C"": 0.4342298948286134, ""clf__gamma"": 0.0008179499475211679, ""clf__class_weight"": ""balanced""}",0.38187386997088607,"[[1, 10], [45, 32]]",arousal,0.2864514226743329,0.375,0.47497420020639824,45,0.5844155844155844,,10,0.9090909090909091,-0.20879120879120872,1.020581756945994,-0.3267616012328021,subject_dependent,rbf_svm,0.021739130434782608,0.7619047619047619,0.7682412131084555,0.39182194616977223,0.375,0.6693840579710145,0.2532467532467533,0.375,0.375,0.18890200708382526,1,0.09090909090909091,32,0.4155844155844156,0.375,0.21428571428571427,0.3636800559595147,"[[0, 1], [4, 3]]",0.2727272727272727,0.375,0.47727272727272724,4,0.5714285714285714,1,1.0,-0.25,0.9550010402063865,-0.3779644730092272,0.0,0.75,0.8260204081632654,0.375,0.375,0.65625,0.21428571428571427,0.375,0.375,0.14285714285714285,0,0.0,3,0.42857142857142855
0.5113636363636364,0.5113636363636364,"{""clf__C"": 0.21466070134458173, ""clf__gamma"": 0.0012955517240662183, ""clf__class_weight"": ""balanced""}",0.29731203225510583,"[[23, 21], [22, 22]]",arousal,0.5113005295105257,0.5113636363636364,0.5113005295105256,22,0.5,,21,0.4772727272727273,0.022727272727272707,0.8181389820819601,0.022733144649015786,subject_dependent,rbf_svm,0.5111111111111111,0.5116279069767442,0.5723402210121807,0.5113695090439276,0.5113636363636364,0.5113695090439276,0.5113636363636364,0.5113636363636364,0.5113636363636364,0.5299586776859504,23,0.5227272727272727,22,0.5,0.5,0.5,0.2864013362106937,"[[1, 3], [1, 3]]",0.4666666666666667,0.5,0.4666666666666667,1,0.25,3,0.75,0.0,0.7738519562445147,0.0,0.5,0.5,0.6666666666666666,0.5,0.5,0.5,0.5,0.5,0.5,0.5,1,0.25,3,0.75
0.7272727272727273,0.7333333333333334,"{""clf__C"": 13.411788774467905, ""clf__gamma"": 0.00026210878782654407, ""clf__class_weight"": ""balanced""}",0.21039911792626836,"[[39, 16], [8, 25]]",arousal,0.7201907790143084,0.7272727272727273,0.7313195548489666,8,0.24242424242424243,,16,0.2909090909090909,0.4450867052023122,0.5921017874428682,0.4529019997913236,subject_dependent,rbf_svm,0.8297872340425532,0.6097560975609756,0.8007216816371262,0.7197716658017643,0.7272727272727273,0.7472755578619615,0.7333333333333334,0.7272727272727273,0.7272727272727273,0.7944903581267218,39,0.7090909090909091,25,0.7575757575757576,0.5,0.5333333333333333,0.1786448439874961,"[[2, 3], [1, 2]]",0.5,0.5,0.5,1,0.3333333333333333,3,0.6,0.05882352941176472,0.5201255360988893,0.06666666666666667,0.6666666666666666,0.4,0.8333333333333333,0.5333333333333333,0.5,0.5666666666666667,0.5333333333333333,0.5,0.5,0.8,2,0.4,2,0.6666666666666666
0.5454545454545454,0.5515151515151515,"{""clf__C"": 13.411788774467905, ""clf__gamma"": 0.00026210878782654407, ""clf__class_weight"": ""balanced""}",0.2656726836354743,"[[29, 26], [14, 19]]",arousal,0.5395081109366824,0.5454545454545454,0.5525902668759812,14,0.42424242424242425,,26,0.4727272727272727,0.096045197740113,0.7424385281286604,0.09978443605023736,subject_dependent,rbf_svm,0.6744186046511628,0.4222222222222222,0.5274793452775312,0.5483204134366925,0.5454545454545454,0.57984496124031,0.5515151515151515,0.5454545454545454,0.5454545454545454,0.5873278236914601,29,0.5272727272727272,19,0.5757575757575758,0.625,0.5666666666666667,0.22724370303910338,"[[4, 1], [2, 1]]",0.5636363636363637,0.625,0.6045454545454546,2,0.6666666666666666,1,0.2,0.1428571428571429,0.643284428839283,0.14907119849998599,0.6666666666666666,0.5,0.6428571428571429,0.5833333333333333,0.625,0.6041666666666666,0.5666666666666667,0.625,0.625,0.6,4,0.8,1,0.3333333333333333
0.3181818181818182,0.28484848484848485,"{""clf__C"": 0.40069130793659025, ""clf__gamma"": 0.0014899847475658245, ""clf__class_weight"": ""balanced""}",0.45042856883876037,"[[5, 28], [32, 23]]",arousal,0.28840970350404316,0.3181818181818182,0.3247978436657682,32,0.5818181818181818,,28,0.8484848484848485,-0.4201183431952662,1.2712942420490574,-0.4220139130427161,subject_dependent,rbf_svm,0.13513513513513514,0.45098039215686275,0.5371669020747449,0.29305776364599895,0.3181818181818182,0.3325384207737149,0.28484848484848485,0.3181818181818182,0.3181818181818182,0.25922865013774105,5,0.15151515151515152,23,0.41818181818181815,0.25,0.26666666666666666,0.4238437584952116,"[[1, 2], [4, 1]]",0.25,0.25,0.25,4,0.8,2,0.6666666666666666,-0.41176470588235303,1.1328081254879978,-0.4666666666666667,0.2,0.3333333333333333,0.5192857142857142,0.26666666666666666,0.25,0.2833333333333333,0.26666666666666666,0.25,0.25,0.13333333333333336,1,0.3333333333333333,1,0.2
0.32954545454545453,0.4166666666666667,"{""clf__C"": 13.411788774467905, ""clf__gamma"": 0.00026210878782654407, ""clf__class_weight"": ""balanced""}",0.47222070505808295,"[[13, 9], [50, 16]]",arousal,0.3287653522947641,0.32954545454545453,0.3402068519715579,50,0.7575757575757576,,9,0.4090909090909091,-0.10280373831775691,1.411539374289469,-0.16002645283972775,subject_dependent,rbf_svm,0.20634920634920634,0.64,0.681378092207756,0.4231746031746032,0.32954545454545453,0.5315873015873016,0.4166666666666667,0.32954545454545453,0.32954545454545453,0.4511019283746557,13,0.5909090909090909,16,0.24242424242424243,0.375,0.41666666666666663,0.4405402058076316,"[[1, 1], [4, 2]]",0.36507936507936506,0.375,0.40476190476190477,4,0.6666666666666666,1,0.5,-0.11111111111111116,1.1456132296513428,-0.14907119849998599,0.2,0.6666666666666666,0.7345238095238095,0.43333333333333335,0.375,0.55,0.41666666666666663,0.375,0.375,0.5,1,0.5,2,0.3333333333333333
0.5568181818181818,0.6090909090909091,"{""clf__C"": 243.14537412227003, ""clf__gamma"": 0.0004992453416923984, ""clf__class_weight"": ""balanced""}",0.2954028946993193,"[[22, 33], [6, 27]]",arousal,0.5553828216090168,0.5568181818181818,0.5490672366886904,6,0.18181818181818182,,33,0.6,0.1875,0.9031041492760469,0.22677868380553634,subject_dependent,rbf_svm,0.7857142857142857,0.45,0.5462819712201812,0.6178571428571429,0.5568181818181818,0.6598214285714286,0.6090909090909091,0.5568181818181818,0.5568181818181818,0.6749311294765841,22,0.4,27,0.8181818181818182,0.5,0.6,0.23850461346561766,"[[1, 4], [0, 3]]",0.4666666666666667,0.5,0.4333333333333333,0,0.0,4,0.8,0.1578947368421053,0.6615782097865985,0.29277002188455997,1.0,0.42857142857142855,0.8055555555555556,0.7142857142857143,0.5,0.7857142857142857,0.6,0.5,0.5,0.8666666666666667,1,0.2,3,1.0
0.6477272727272727,0.603030303030303,"{""clf__C"": 183.42628625395747, ""clf__gamma"": 0.0001005394019469303, ""clf__class_weight"": ""balanced""}",0.22751679306336675,"[[43, 12], [19, 14]]",arousal,0.6048095031145879,0.6477272727272727,0.6373678110966247,19,0.5757575757575758,,12,0.21818181818181817,0.21518987341772156,0.6836305319152379,0.21865064800412096,subject_dependent,rbf_svm,0.6935483870967742,0.5384615384615384,0.6435082295990098,0.6160049627791564,0.6477272727272727,0.6353908188585607,0.603030303030303,0.6477272727272727,0.6477272727272727,0.6424242424242425,43,0.7818181818181819,14,0.42424242424242425,0.75,0.6666666666666666,0.1951412942531316,"[[5, 0], [2, 1]]",0.6666666666666667,0.75,0.7083333333333334,2,0.6666666666666666,0,0.0,0.3846153846153846,0.5809829807530462,0.4879500364742666,0.7142857142857143,1.0,0.6805555555555556,0.8571428571428572,0.75,0.8214285714285714,0.6666666666666666,0.75,0.75,0.6,5,1.0,1,0.3333333333333333
0.6363636363636364,0.6363636363636364,"{""clf__C"": 51.4138527229363, ""clf__gamma"": 0.006173770394704574, ""clf__class_weight"": ""balanced""}",0.23988412919718136,"[[21, 23], [9, 35]]",arousal,0.6269210386857446,0.6363636363636364,0.6269210386857446,9,0.20454545454545456,,23,0.5227272727272727,0.2727272727272727,0.7044942999392334,0.2876779808912305,subject_dependent,rbf_svm,0.7,0.603448275862069,0.822622787769254,0.6517241379310345,0.6363636363636364,0.6517241379310345,0.6363636363636364,0.6363636363636364,0.6363636363636364,0.7696280991735538,21,0.4772727272727273,35,0.7954545454545454,0.875,0.875,0.16652564307702206,"[[3, 1], [0, 4]]",0.873015873015873,0.875,0.873015873015873,0,0.0,1,0.25,0.75,0.4928925573938792,0.7745966692414834,1.0,0.8,0.95,0.9,0.875,0.9,0.875,0.875,0.875,0.9375,3,0.75,4,1.0
0.6818181818181818,0.7272727272727273,"{""clf__C"": 235.1599274057192, ""clf__gamma"": 0.021154290797261225, ""clf__class_weight"": ""balanced""}",0.25016292010495395,"[[18, 4], [24, 42]]",arousal,0.65625,0.6818181818181818,0.703125,24,0.36363636363636365,,4,0.18181818181818182,0.34883720930232553,0.8271181983470655,0.39405520311955033,subject_dependent,rbf_svm,0.42857142857142855,0.9130434782608695,0.9264358737064238,0.670807453416149,0.6818181818181818,0.7919254658385093,0.7272727272727273,0.6818181818181818,0.6818181818181818,0.7803030303030304,18,0.8181818181818182,42,0.6363636363636364,0.625,0.75,0.21041601703392593,"[[2, 0], [3, 3]]",0.6190476190476191,0.625,0.6428571428571428,3,0.5,0,0.0,0.33333333333333337,0.5923196189506224,0.4472135954999579,0.4,1.0,0.9484126984126984,0.7,0.625,0.85,0.75,0.625,0.625,0.8333333333333333,2,1.0,3,0.5
0.7840909090909091,0.7207792207792207,"{""clf__C"": 262.30889101079146, ""clf__gamma"": 0.0025135566617708314, ""clf__class_weight"": null}",0.1441497961023671,"[[7, 4], [15, 62]]",arousal,0.6456876456876457,0.7840909090909091,0.8117715617715617,15,0.19480519480519481,,4,0.36363636363636365,0.3090909090909091,0.4904303157558841,0.3372458303647155,subject_dependent,rbf_svm,0.3181818181818182,0.9393939393939394,0.9791577728789276,0.6287878787878788,0.7840909090909091,0.8617424242424243,0.7207792207792207,0.7840909090909091,0.7840909090909091,0.8654073199527744,7,0.6363636363636364,62,0.8051948051948052,0.875,0.9285714285714286,0.07773985752064999,"[[1, 0], [1, 6]]",0.7948717948717949,0.875,0.8910256410256411,1,0.14285714285714285,0,0.0,0.6,0.29880064200390716,0.6546536707079772,0.5,1.0,1.0,0.75,0.875,0.9375,0.9285714285714286,0.875,0.875,1.0,1,1.0,6,0.8571428571428571
0.6704545454545454,0.577922077922078,"{""clf__C"": 51.4138527229363, ""clf__gamma"": 0.006173770394704574, ""clf__class_weight"": ""balanced""}",0.23526318569679977,"[[5, 6], [23, 54]]",arousal,0.522365712146734,0.6704545454545454,0.7218323039490923,23,0.2987012987012987,,6,0.5454545454545454,0.09375,0.902452029623748,0.11065666703449763,subject_dependent,rbf_svm,0.17857142857142858,0.9,0.9324573787785325,0.5392857142857143,0.6704545454545454,0.8098214285714285,0.577922077922078,0.6704545454545454,0.6704545454545454,0.6765053128689493,5,0.45454545454545453,54,0.7012987012987013,0.875,0.9285714285714286,0.12814514273376026,"[[1, 0], [1, 6]]",0.7948717948717949,0.875,0.8910256410256411,1,0.14285714285714285,0,0.0,0.6,0.4164998509464475,0.6546536707079772,0.5,1.0,1.0,0.75,0.875,0.9375,0.9285714285714286,0.875,0.875,1.0,1,1.0,6,0.8571428571428571
0.5113636363636364,0.5113636363636364,"{""clf__C"": 12.957079329680445, ""clf__gamma"": 0.00032476735706274504, ""clf__class_weight"": null}",0.3348771175672414,"[[11, 33], [10, 34]]",arousal,0.4755370755370755,0.5113636363636364,0.4755370755370755,10,0.22727272727272727,,33,0.75,0.022727272727272707,0.9890976816650057,0.026659558398736394,subject_dependent,rbf_svm,0.5238095238095238,0.5074626865671642,0.4727089824481773,0.515636105188344,0.5113636363636364,0.515636105188344,0.5113636363636364,0.5113636363636364,0.5113636363636364,0.4824380165289256,11,0.25,34,0.7727272727272727,0.5,0.5,0.28242895757426956,"[[1, 3], [1, 3]]",0.4666666666666667,0.5,0.4666666666666667,1,0.25,3,0.75,0.0,0.7672978631526325,0.0,0.5,0.5,0.5178571428571428,0.5,0.5,0.5,0.5,0.5,0.5,0.4375,1,0.25,3,0.75
0.5227272727272727,0.4545454545454546,"{""clf__C"": 34.26465148409954, ""clf__gamma"": 0.020597335357437203, ""clf__class_weight"": null}",0.31512516445409744,"[[7, 15], [27, 39]]",arousal,0.45,0.5227272727272727,0.5499999999999999,27,0.4090909090909091,,15,0.6818181818181818,-0.07692307692307687,0.9328024143347523,-0.08084520834544433,subject_dependent,rbf_svm,0.20588235294117646,0.7222222222222222,0.7963469053063409,0.46405228758169936,0.5227272727272727,0.5931372549019608,0.4545454545454546,0.5227272727272727,0.5227272727272727,0.4951790633608815,7,0.3181818181818182,39,0.5909090909090909,0.5,0.3333333333333333,0.24585454981535146,"[[0, 2], [2, 4]]",0.3333333333333333,0.5,0.5,2,0.3333333333333333,2,1.0,-0.33333333333333326,0.6776621571155785,-0.3333333333333333,0.0,0.6666666666666666,0.7884920634920635,0.3333333333333333,0.5,0.5,0.3333333333333333,0.5,0.5,0.3333333333333333,0,0.0,4,0.6666666666666666
0.5113636363636364,0.5113636363636364,"{""clf__C"": 243.14537412227003, ""clf__gamma"": 0.0004992453416923984, ""clf__class_weight"": ""balanced""}",0.31049282245481896,"[[17, 27], [16, 28]]",arousal,0.5036075036075036,0.5113636363636364,0.5036075036075036,16,0.36363636363636365,,27,0.6136363636363636,0.022727272727272707,0.8539294604285051,0.02347262634065101,subject_dependent,rbf_svm,0.5151515151515151,0.509090909090909,0.5611414632419217,0.5121212121212121,0.5113636363636364,0.5121212121212121,0.5113636363636364,0.5113636363636364,0.5113636363636364,0.5077479338842975,17,0.38636363636363635,28,0.6363636363636364,0.5,0.5,0.27876201236844533,"[[0, 4], [0, 4]]",0.3333333333333333,0.5,0.3333333333333333,0,0.0,4,1.0,0.0,0.754427440559909,0.0,0.0,0.5,0.625,0.25,0.5,0.25,0.5,0.5,0.5,0.4375,0,0.0,4,1.0
0.5113636363636364,0.44545454545454544,"{""clf__C"": 0.9020715489795292, ""clf__gamma"": 0.0048275888720946784, ""clf__class_weight"": null}",0.34684644090952327,"[[6, 27], [16, 39]]",arousal,0.4314049586776859,0.5113636363636364,0.4847107438016529,16,0.2909090909090909,,27,0.8181818181818182,-0.11688311688311681,0.9934765048581135,-0.12196734422726126,subject_dependent,rbf_svm,0.2727272727272727,0.5909090909090909,0.5970844038023547,0.4318181818181818,0.5113636363636364,0.4715909090909091,0.44545454545454544,0.5113636363636364,0.5113636363636364,0.38567493112947654,6,0.18181818181818182,39,0.7090909090909091,0.5,0.4,0.3235678993923562,"[[0, 3], [1, 4]]",0.3333333333333333,0.5,0.41666666666666663,1,0.2,3,1.0,-0.23076923076923084,0.9234285987977824,-0.29277002188455997,0.0,0.5714285714285714,0.6726190476190477,0.2857142857142857,0.5,0.3571428571428571,0.4,0.5,0.5,0.33333333333333337,0,0.0,4,0.8
0.5795454545454546,0.5795454545454546,"{""clf__C"": 0.40069130793659025, ""clf__gamma"": 0.0014899847475658245, ""clf__class_weight"": ""balanced""}",0.27144391061340417,"[[9, 35], [2, 42]]",arousal,0.5107438016528926,0.5795454545454546,0.5107438016528926,2,0.045454545454545456,,35,0.7954545454545454,0.15909090909090906,0.7425555500745378,0.24052284646041733,subject_dependent,rbf_svm,0.8181818181818182,0.5454545454545454,0.4740481121626018,0.6818181818181819,0.5795454545454546,0.6818181818181818,0.5795454545454546,0.5795454545454546,0.5795454545454546,0.5046487603305785,9,0.20454545454545456,42,0.9545454545454546,0.5,0.5,0.26916695968685317,"[[0, 4], [0, 4]]",0.3333333333333333,0.5,0.3333333333333333,0,0.0,4,1.0,0.0,0.7367458666914779,0.0,0.0,0.5,0.5011904761904762,0.25,0.5,0.25,0.5,0.5,0.5,0.4375,0,0.0,4,1.0
0.5113636363636364,0.5075757575757576,"{""clf__C"": 0.4342298948286134, ""clf__gamma"": 0.0008179499475211679, ""clf__class_weight"": ""balanced""}",0.22265619512724874,"[[11, 11], [32, 34]]",arousal,0.4755370755370755,0.5113636363636364,0.5440748440748441,32,0.48484848484848486,,11,0.5,0.011494252873563204,0.6381984149701946,0.013124987182635963,subject_dependent,rbf_svm,0.2558139534883721,0.7555555555555555,0.6838443906806035,0.5056847545219638,0.5113636363636364,0.6306201550387597,0.5075757575757576,0.5113636363636364,0.5113636363636364,0.4683195592286501,11,0.5,34,0.5151515151515151,0.75,0.5,0.22262980641368105,"[[0, 2], [0, 6]]",0.42857142857142855,0.75,0.6428571428571428,0,0.0,2,1.0,0.0,0.6381529040104104,0.0,0.0,0.75,0.7345238095238095,0.375,0.75,0.5625,0.5,0.75,0.75,0.5,0,0.0,6,1.0
0.4431818181818182,0.44545454545454544,"{""clf__C"": 183.42628625395747, ""clf__gamma"": 0.0001005394019469303, ""clf__class_weight"": ""balanced""}",0.34992027141849413,"[[15, 18], [31, 24]]",arousal,0.43729609813389014,0.4431818181818182,0.4516834138066032,31,0.5636363636363636,,18,0.5454545454545454,-0.101123595505618,0.949194447791228,-0.1057361065275362,subject_dependent,rbf_svm,0.32608695652173914,0.5714285714285714,0.6585738073672712,0.44875776397515527,0.4431818181818182,0.4794254658385093,0.44545454545454544,0.4431818181818182,0.4431818181818182,0.39669421487603307,15,0.45454545454545453,24,0.43636363636363634,0.25,0.2,0.3306341615710895,"[[0, 3], [3, 2]]",0.2,0.25,0.25,3,0.6,3,1.0,-0.6000000000000001,0.8508262182432619,-0.6,0.0,0.4,0.7392857142857143,0.2,0.25,0.25,0.2,0.25,0.25,0.4,0,0.0,2,0.4
0.5681818181818182,0.5151515151515151,"{""clf__C"": 1.351144633701368, ""clf__gamma"": 0.015446089075047083, ""clf__class_weight"": ""balanced""}",0.24972114066498124,"[[9, 13], [25, 41]]",arousal,0.5023809523809524,0.5681818181818182,0.5928571428571429,25,0.3787878787878788,,13,0.5909090909090909,0.02564102564102566,0.7094022363228727,0.026948402781814772,subject_dependent,rbf_svm,0.2647058823529412,0.7592592592592593,0.8356074190648389,0.5119825708061002,0.5681818181818182,0.6356209150326797,0.5151515151515151,0.5681818181818182,0.5681818181818182,0.556473829201102,9,0.4090909090909091,41,0.6212121212121212,0.5,0.3333333333333333,0.21715362725453935,"[[0, 2], [2, 4]]",0.3333333333333333,0.5,0.5,2,0.3333333333333333,2,1.0,-0.33333333333333326,0.6083304765077986,-0.3333333333333333,0.0,0.6666666666666666,0.8773809523809524,0.3333333333333333,0.5,0.5,0.3333333333333333,0.5,0.5,0.5833333333333333,0,0.0,4,0.6666666666666666
0.6363636363636364,0.5606060606060607,"{""clf__C"": 243.14537412227003, ""clf__gamma"": 0.0004992453416923984, ""clf__class_weight"": ""balanced""}",0.2615605734619893,"[[9, 13], [19, 47]]",arousal,0.553015873015873,0.6363636363636364,0.6495238095238096,19,0.2878787878787879,,13,0.5909090909090909,0.11111111111111116,0.9919061242820771,0.11268723396380222,subject_dependent,rbf_svm,0.32142857142857145,0.7833333333333333,0.7491776513892623,0.5523809523809524,0.6363636363636364,0.6678571428571428,0.5606060606060607,0.6363636363636364,0.6363636363636364,0.5420110192837465,9,0.4090909090909091,47,0.7121212121212122,0.75,0.6666666666666667,0.2208354194526794,"[[1, 1], [1, 5]]",0.6666666666666667,0.75,0.75,1,0.16666666666666666,1,0.5,0.33333333333333337,0.7146444475845262,0.3333333333333333,0.5,0.8333333333333334,0.7166666666666667,0.6666666666666667,0.75,0.75,0.6666666666666667,0.75,0.75,0.4166666666666667,1,0.5,5,0.8333333333333334
0.5909090909090909,0.5909090909090908,"{""clf__C"": 32.32518791282502, ""clf__gamma"": 0.0005104518230902811, ""clf__class_weight"": ""balanced""}",0.3022851909047102,"[[28, 16], [20, 24]]",arousal,0.5900621118012422,0.5909090909090909,0.5900621118012422,20,0.45454545454545453,,16,0.36363636363636365,0.18181818181818177,0.8728755730814196,0.18257418583505536,subject_dependent,rbf_svm,0.5833333333333334,0.6,0.5804385287164037,0.5916666666666667,0.5909090909090909,0.5916666666666667,0.5909090909090908,0.5909090909090909,0.5909090909090909,0.5661157024793388,28,0.6363636363636364,24,0.5454545454545454,0.5,0.5,0.27193189162695985,"[[0, 4], [0, 4]]",0.3333333333333333,0.5,0.3333333333333333,0,0.0,4,1.0,0.0,0.7687041399859729,0.0,0.0,0.5,0.8041666666666667,0.25,0.5,0.25,0.5,0.5,0.5,0.8125,0,0.0,4,1.0
0.48863636363636365,0.4878787878787879,"{""clf__C"": 262.30889101079146, ""clf__gamma"": 0.0025135566617708314, ""clf__class_weight"": null}",0.3888464193670709,"[[16, 17], [28, 27]]",arousal,0.4805194805194805,0.48863636363636365,0.49675324675324667,28,0.509090909090909,,17,0.5151515151515151,-0.022727272727272707,1.360882679157127,-0.02347262634065101,subject_dependent,rbf_svm,0.36363636363636365,0.6136363636363636,0.5748716460100454,0.48863636363636365,0.48863636363636365,0.5198863636363636,0.4878787878787879,0.48863636363636365,0.48863636363636365,0.4214876033057851,16,0.48484848484848486,27,0.4909090909090909,0.375,0.3666666666666667,0.30069347418620984,"[[1, 2], [3, 2]]",0.36507936507936506,0.375,0.38492063492063494,3,0.6,2,0.6666666666666666,-0.25,0.7998455166318335,-0.2581988897471611,0.25,0.5,0.5592857142857143,0.375,0.375,0.40625,0.3666666666666667,0.375,0.375,0.26666666666666666,1,0.3333333333333333,2,0.4
0.6704545454545454,0.6696969696969697,"{""clf__C"": 183.42628625395747, ""clf__gamma"": 0.0001005394019469303, ""clf__class_weight"": ""balanced""}",0.23524546949226463,"[[22, 11], [18, 37]]",arousal,0.6605931639845724,0.6704545454545454,0.6750565234738662,18,0.32727272727272727,,11,0.3333333333333333,0.32558139534883723,0.6883162028407951,0.3299831645537222,subject_dependent,rbf_svm,0.55,0.7708333333333334,0.7442144275560254,0.6604166666666667,0.6704545454545454,0.6880208333333333,0.6696969696969697,0.6704545454545454,0.6704545454545454,0.6661157024793388,22,0.6666666666666666,37,0.6727272727272727,0.5,0.4666666666666667,0.1949927786230481,"[[1, 2], [2, 3]]",0.4666666666666667,0.5,0.5,2,0.4,2,0.6666666666666666,-0.06666666666666665,0.5691698201202385,-0.06666666666666667,0.3333333333333333,0.6,0.8761904761904762,0.4666666666666667,0.5,0.5,0.4666666666666667,0.5,0.5,0.7333333333333334,1,0.3333333333333333,3,0.6
0.45454545454545453,0.45454545454545453,"{""clf__C"": 5.2117930643778205, ""clf__gamma"": 0.0036999724314638123, ""clf__class_weight"": null}",0.34936337681188456,"[[5, 6], [42, 35]]",arousal,0.38281706604324955,0.45454545454545453,0.5406195207481005,42,0.5454545454545454,,6,0.5454545454545454,-0.037837837837837895,1.0469163061762508,-0.06027096745021218,subject_dependent,rbf_svm,0.10638297872340426,0.8536585365853658,0.9098876322563869,0.48002075765438507,0.45454545454545453,0.7602490918526207,0.45454545454545453,0.45454545454545453,0.45454545454545453,0.525383707201889,5,0.45454545454545453,35,0.45454545454545453,0.625,0.7857142857142857,0.25506409299213834,"[[1, 0], [3, 4]]",0.5636363636363637,0.625,0.6863636363636364,3,0.42857142857142855,0,0.0,0.25,0.7035433620066569,0.3779644730092272,0.25,1.0,0.9379251700680272,0.625,0.625,0.90625,0.7857142857142857,0.625,0.625,0.5714285714285714,1,1.0,4,0.5714285714285714
0.3977272727272727,0.3977272727272727,"{""clf__C"": 243.14537412227003, ""clf__gamma"": 0.0004992453416923984, ""clf__class_weight"": ""balanced""}",0.4290552109080663,"[[14, 30], [23, 21]]",arousal,0.3938921377517869,0.3977272727272727,0.39389213775178694,23,0.5227272727272727,,30,0.6818181818181818,-0.20454545454545459,1.310904676182493,-0.2071841649822589,subject_dependent,rbf_svm,0.3783783783783784,0.4117647058823529,0.45330883067943417,0.39507154213036566,0.3977272727272727,0.3950715421303657,0.3977272727272727,0.3977272727272727,0.3977272727272727,0.3755165289256199,14,0.3181818181818182,21,0.4772727272727273,0.125,0.125,0.3622345628152071,"[[0, 4], [3, 1]]",0.1111111111111111,0.125,0.1111111111111111,3,0.75,4,1.0,-0.75,0.9323709450110784,-0.7745966692414834,0.0,0.2,0.5654761904761905,0.1,0.125,0.1,0.125,0.125,0.125,0.25,0,0.0,1,0.25
0.5340909090909091,0.5340909090909091,"{""clf__C"": 160.49758307716223, ""clf__gamma"": 0.00018427970406864567, ""clf__class_weight"": null}",0.3020101948169867,"[[23, 21], [20, 24]]",arousal,0.5340307374402686,0.5340909090909091,0.5340307374402686,20,0.45454545454545453,,21,0.4772727272727273,0.06818181818181823,0.8450185664568479,0.06819943394704735,subject_dependent,rbf_svm,0.5348837209302325,0.5333333333333333,0.5340277660990109,0.5341085271317829,0.5340909090909091,0.5341085271317829,0.5340909090909091,0.5340909090909091,0.5340909090909091,0.5578512396694215,23,0.5227272727272727,24,0.5454545454545454,0.375,0.375,0.2505501857740726,"[[1, 3], [2, 2]]",0.36507936507936506,0.375,0.36507936507936506,2,0.5,3,0.75,-0.25,0.6887233769988079,-0.2581988897471611,0.3333333333333333,0.4,0.4928571428571429,0.3666666666666667,0.375,0.3666666666666667,0.375,0.375,0.375,0.375,1,0.25,2,0.5
0.6022727272727273,0.6022727272727273,"{""clf__C"": 20.12196163610286, ""clf__gamma"": 0.0008612579192594886, ""clf__class_weight"": ""balanced""}",0.2865340959609719,"[[22, 22], [13, 31]]",arousal,0.5980686415242071,0.6022727272727273,0.5980686415242072,13,0.29545454545454547,,22,0.5,0.20454545454545459,0.8859326644879765,0.20896355709565745,subject_dependent,rbf_svm,0.6285714285714286,0.5849056603773585,0.5744792704766388,0.6067385444743936,0.6022727272727273,0.6067385444743935,0.6022727272727273,0.6022727272727273,0.6022727272727273,0.6115702479338843,22,0.5,31,0.7045454545454546,0.625,0.625,0.2307249856928969,"[[1, 3], [0, 4]]",0.5636363636363637,0.625,0.5636363636363637,0,0.0,3,0.75,0.25,0.650125749106419,0.3779644730092272,1.0,0.5714285714285714,0.8303571428571428,0.7857142857142857,0.625,0.7857142857142857,0.625,0.625,0.625,0.75,1,0.25,4,1.0
0.6590909090909091,0.6848484848484848,"{""clf__C"": 1.351144633701368, ""clf__gamma"": 0.015446089075047083, ""clf__class_weight"": ""balanced""}",0.268210868546978,"[[26, 7], [23, 32]]",arousal,0.6574987026466009,0.6590909090909091,0.6633367929423976,23,0.41818181818181815,,7,0.21212121212121213,0.3370165745856354,0.8750661403111714,0.36029137190198646,subject_dependent,rbf_svm,0.5306122448979592,0.8205128205128205,0.8300848492957387,0.6755625327053898,0.6590909090909091,0.7118001046572474,0.6848484848484848,0.6590909090909091,0.6590909090909091,0.6969696969696969,26,0.7878787878787878,32,0.5818181818181818,0.75,0.8,0.21283928517919753,"[[3, 0], [2, 3]]",0.75,0.75,0.75,2,0.4,0,0.0,0.5294117647058824,0.6267663760292733,0.6,0.6,1.0,0.9028571428571428,0.8,0.75,0.85,0.8,0.75,0.75,0.8,3,1.0,3,0.6
0.75,0.75,"{""clf__C"": 0.4342298948286134, ""clf__gamma"": 0.0008179499475211679, ""clf__class_weight"": ""balanced""}",0.13868431713589635,"[[43, 1], [21, 23]]",arousal,0.7363834422657952,0.75,0.7363834422657952,21,0.4772727272727273,,1,0.022727272727272728,0.5,0.4356581130832531,0.5613413993878117,subject_dependent,rbf_svm,0.671875,0.9583333333333334,0.9355368050838744,0.8151041666666667,0.75,0.8151041666666667,0.75,0.75,0.75,0.9338842975206612,43,0.9772727272727273,23,0.5227272727272727,0.75,0.75,0.12658447988082086,"[[4, 0], [2, 2]]",0.7333333333333334,0.75,0.7333333333333334,2,0.5,0,0.0,0.5,0.41900109739145297,0.5773502691896258,0.6666666666666666,1.0,1.0,0.8333333333333333,0.75,0.8333333333333333,0.75,0.75,0.75,1.0,4,1.0,2,0.5
0.7613636363636364,0.796969696969697,"{""clf__C"": 166.2878326769575, ""clf__gamma"": 0.008979064194712979, ""clf__class_weight"": ""balanced""}",0.18099574278576566,"[[31, 2], [19, 36]]",arousal,0.7605907500971628,0.7613636363636364,0.7639914496696463,19,0.34545454545454546,,2,0.06060606060606061,0.5384615384615384,0.6688906140377093,0.5805019002039106,subject_dependent,rbf_svm,0.62,0.9473684210526315,0.9244099035996245,0.7836842105263158,0.7613636363636364,0.8246052631578947,0.796969696969697,0.7613636363636364,0.7613636363636364,0.8539944903581268,31,0.9393939393939394,36,0.6545454545454545,0.75,0.8,0.12085524274409397,"[[3, 0], [2, 3]]",0.75,0.75,0.75,2,0.4,0,0.0,0.5294117647058824,0.3738829652021954,0.6,0.6,1.0,0.9666666666666667,0.8,0.75,0.85,0.8,0.75,0.75,0.9333333333333333,3,1.0,3,0.6
0.625,0.625,"{""clf__C"": 100.2571297605856, ""clf__gamma"": 0.0074112997810832455, ""clf__class_weight"": ""balanced""}",0.3032446499889886,"[[33, 11], [22, 22]]",arousal,0.6190476190476191,0.625,0.6190476190476191,22,0.5,,11,0.25,0.25,1.3595912091431963,0.2581988897471611,subject_dependent,rbf_svm,0.6,0.6666666666666666,0.7396480949702067,0.6333333333333333,0.625,0.6333333333333333,0.625,0.625,0.625,0.6792355371900827,33,0.75,22,0.5,0.625,0.625,0.24701881184207974,"[[3, 1], [2, 2]]",0.6190476190476191,0.625,0.6190476190476191,2,0.5,1,0.25,0.25,0.7419755944960666,0.2581988897471611,0.6,0.6666666666666666,0.8303571428571428,0.6333333333333333,0.625,0.6333333333333333,0.625,0.625,0.625,0.75,3,0.75,2,0.5
0.5227272727272727,0.5227272727272727,"{""clf__C"": 13.411788774467905, ""clf__gamma"": 0.00026210878782654407, ""clf__class_weight"": ""balanced""}",0.33753505204598305,"[[15, 29], [13, 31]]",arousal,0.5064102564102564,0.5227272727272727,0.5064102564102565,13,0.29545454545454547,,29,0.6590909090909091,0.045454545454545414,1.1625190029273114,0.04879500364742666,subject_dependent,rbf_svm,0.5357142857142857,0.5166666666666667,0.7236072692710038,0.5261904761904762,0.5227272727272727,0.5261904761904762,0.5227272727272727,0.5227272727272727,0.5227272727272727,0.6518595041322315,15,0.3409090909090909,31,0.7045454545454546,0.5,0.5,0.3067313354452196,"[[1, 3], [1, 3]]",0.4666666666666667,0.5,0.4666666666666667,1,0.25,3,0.75,0.0,0.8361555575107213,0.0,0.5,0.5,0.7678571428571428,0.5,0.5,0.5,0.5,0.5,0.5,0.625,1,0.25,3,0.75
0.6477272727272727,0.6090909090909091,"{""clf__C"": 7.709391232564023, ""clf__gamma"": 0.00026471141828218194, ""clf__class_weight"": null}",0.19717728175199695,"[[15, 18], [13, 42]]",arousal,0.6111190306486101,0.6477272727272727,0.6409479686386315,13,0.23636363636363636,,18,0.5454545454545454,0.22499999999999998,0.5739334947213531,0.22677868380553634,subject_dependent,rbf_svm,0.5357142857142857,0.7,0.8070618254388057,0.6178571428571429,0.6477272727272727,0.6383928571428572,0.6090909090909091,0.6477272727272727,0.6477272727272727,0.7382920110192837,15,0.45454545454545453,42,0.7636363636363637,0.75,0.7333333333333334,0.16700923391615052,"[[2, 1], [1, 4]]",0.7333333333333334,0.75,0.75,1,0.2,1,0.3333333333333333,0.4666666666666667,0.5178088978302218,0.4666666666666667,0.6666666666666666,0.8,0.9266666666666666,0.7333333333333334,0.75,0.75,0.7333333333333334,0.75,0.75,0.8666666666666667,2,0.6666666666666666,4,0.8
0.5795454545454546,0.5795454545454546,"{""clf__C"": 0.40069130793659025, ""clf__gamma"": 0.0014899847475658245, ""clf__class_weight"": ""balanced""}",0.26489654854068684,"[[24, 20], [17, 27]]",arousal,0.5790562378797672,0.5795454545454546,0.5790562378797673,17,0.38636363636363635,,20,0.45454545454545453,0.15909090909090906,0.7787115247120656,0.1594619911505301,subject_dependent,rbf_svm,0.5853658536585366,0.574468085106383,0.5362920059428824,0.5799169693824597,0.5795454545454546,0.5799169693824598,0.5795454545454546,0.5795454545454546,0.5795454545454546,0.6043388429752066,24,0.5454545454545454,27,0.6136363636363636,0.625,0.625,0.2378249118836986,"[[1, 3], [0, 4]]",0.5636363636363637,0.625,0.5636363636363637,0,0.0,3,0.75,0.25,0.6789872921658624,0.3779644730092272,1.0,0.5714285714285714,0.6791666666666667,0.7857142857142857,0.625,0.7857142857142857,0.625,0.625,0.625,0.75,1,0.25,4,1.0
0.7727272727272727,0.6515151515151515,"{""clf__C"": 7.709391232564023, ""clf__gamma"": 0.00026471141828218194, ""clf__class_weight"": null}",0.1689683887613618,"[[9, 13], [7, 59]]",arousal,0.6643783371472158,0.7727272727272727,0.7597254004576659,7,0.10606060606060606,,13,0.5909090909090909,0.33333333333333337,0.5458369727440449,0.34020690871988585,subject_dependent,rbf_svm,0.5625,0.8194444444444444,0.8081594306326891,0.6909722222222222,0.7727272727272727,0.7552083333333333,0.6515151515151515,0.7727272727272727,0.7727272727272727,0.696969696969697,9,0.4090909090909091,59,0.8939393939393939,0.875,0.75,0.14840538932321282,"[[1, 1], [0, 6]]",0.7948717948717949,0.875,0.8589743589743589,0,0.0,1,0.5,0.6,0.4683177687672464,0.6546536707079772,1.0,0.8571428571428571,0.915079365079365,0.9285714285714286,0.875,0.8928571428571428,0.75,0.875,0.875,0.75,1,0.5,6,1.0
0.625,0.625,"{""clf__C"": 7.709391232564023, ""clf__gamma"": 0.00026471141828218194, ""clf__class_weight"": null}",0.2358990919570574,"[[26, 18], [15, 29]]",arousal,0.6245636716224952,0.625,0.6245636716224952,15,0.3409090909090909,,18,0.4090909090909091,0.25,0.6933304981247027,0.25058312895083307,subject_dependent,rbf_svm,0.6341463414634146,0.6170212765957447,0.694031345206648,0.6255838090295797,0.625,0.6255838090295797,0.625,0.625,0.625,0.6916322314049587,26,0.5909090909090909,29,0.6590909090909091,0.75,0.75,0.18360715553310608,"[[3, 1], [1, 3]]",0.75,0.75,0.75,1,0.25,1,0.25,0.5,0.5516820909787692,0.5,0.75,0.75,0.95,0.75,0.75,0.75,0.75,0.75,0.75,0.9375,3,0.75,3,0.75
0.6704545454545454,0.6333333333333333,"{""clf__C"": 13.411788774467905, ""clf__gamma"": 0.00026210878782654407, ""clf__class_weight"": ""balanced""}",0.21093021813065632,"[[16, 17], [12, 43]]",arousal,0.636208125445474,0.6704545454545454,0.664112615823236,12,0.21818181818181817,,17,0.5151515151515151,0.275,0.6651620057591704,0.27717394687343333,subject_dependent,rbf_svm,0.5714285714285714,0.7166666666666667,0.7199257372129046,0.644047619047619,0.6704545454545454,0.6622023809523809,0.6333333333333333,0.6704545454545454,0.6704545454545454,0.6837465564738292,16,0.48484848484848486,43,0.7818181818181819,0.625,0.5666666666666667,0.18789499110527674,"[[1, 2], [1, 4]]",0.5636363636363637,0.625,0.6045454545454546,1,0.2,2,0.6666666666666666,0.1428571428571429,0.5517520421963379,0.14907119849998599,0.5,0.6666666666666666,0.852857142857143,0.5833333333333333,0.625,0.6041666666666666,0.5666666666666667,0.625,0.625,0.7333333333333334,1,0.3333333333333333,4,0.8
0.42045454545454547,0.43333333333333335,"{""clf__C"": 235.1599274057192, ""clf__gamma"": 0.021154290797261225, ""clf__class_weight"": ""balanced""}",0.3964303500029031,"[[16, 17], [34, 21]]",arousal,0.4185775359502526,0.42045454545454547,0.4268363777691411,34,0.6181818181818182,,17,0.5151515151515151,-0.1208791208791209,1.244194432926947,-0.13031675310700033,subject_dependent,rbf_svm,0.32,0.5526315789473685,0.6285768222588268,0.4363157894736842,0.42045454545454547,0.46539473684210536,0.43333333333333335,0.42045454545454547,0.42045454545454547,0.4771349862258953,16,0.48484848484848486,21,0.38181818181818183,0.375,0.43333333333333335,0.3428332703392544,"[[2, 1], [4, 1]]",0.36507936507936506,0.375,0.34523809523809523,4,0.8,1,0.3333333333333333,-0.11111111111111116,0.9295154299354316,-0.14907119849998599,0.3333333333333333,0.5,0.6926190476190477,0.41666666666666663,0.375,0.4375,0.43333333333333335,0.375,0.375,0.4,2,0.6666666666666666,1,0.2
0.6136363636363636,0.6060606060606061,"{""clf__C"": 0.40069130793659025, ""clf__gamma"": 0.0014899847475658245, ""clf__class_weight"": ""balanced""}",0.23099742709921614,"[[19, 14], [20, 35]]",arousal,0.6004273504273505,0.6136363636363636,0.6185897435897437,20,0.36363636363636365,,14,0.42424242424242425,0.20467836257309946,0.6533681116012523,0.20672455764868075,subject_dependent,rbf_svm,0.48717948717948717,0.7142857142857143,0.7590063412736339,0.6007326007326007,0.6136363636363636,0.6291208791208791,0.6060606060606061,0.6136363636363636,0.6136363636363636,0.6319559228650139,19,0.5757575757575758,35,0.6363636363636364,0.5,0.4666666666666667,0.2298722835911043,"[[1, 2], [2, 3]]",0.4666666666666667,0.5,0.5,2,0.4,2,0.6666666666666666,-0.06666666666666665,0.6509779633526018,-0.06666666666666667,0.3333333333333333,0.6,0.8083333333333333,0.4666666666666667,0.5,0.5,0.4666666666666667,0.5,0.5,0.6,1,0.3333333333333333,3,0.6
0.5454545454545454,0.4727272727272728,"{""clf__C"": 0.6351054340728711, ""clf__gamma"": 0.0005285382203816729, ""clf__class_weight"": ""balanced""}",0.28746849247689316,"[[6, 27], [13, 42]]",arousal,0.4540942928039702,0.5454545454545454,0.5099255583126551,13,0.23636363636363636,,27,0.8181818181818182,-0.0596026490066226,0.7801002338805053,-0.06417938247608371,subject_dependent,rbf_svm,0.3157894736842105,0.6086956521739131,0.5804413358775862,0.4622425629290618,0.5454545454545454,0.4988558352402746,0.4727272727272728,0.5454545454545454,0.5454545454545454,0.4286501377410468,6,0.18181818181818182,42,0.7636363636363637,0.625,0.5666666666666667,0.28213730234426937,"[[1, 2], [1, 4]]",0.5636363636363637,0.625,0.6045454545454546,1,0.2,2,0.6666666666666666,0.1428571428571429,0.7661746798724673,0.14907119849998599,0.5,0.6666666666666666,0.6783333333333333,0.5833333333333333,0.625,0.6041666666666666,0.5666666666666667,0.625,0.625,0.4,1,0.3333333333333333,4,0.8
0.5227272727272727,0.33766233766233766,"{""clf__C"": 160.49758307716223, ""clf__gamma"": 0.00018427970406864567, ""clf__class_weight"": null}",0.2863397265329927,"[[1, 10], [32, 45]]",arousal,0.3636363636363636,0.5227272727272727,0.6022727272727272,32,0.4155844155844156,,10,0.9090909090909091,-0.1748251748251748,0.8135523002285164,-0.22179547112466663,subject_dependent,rbf_svm,0.030303030303030304,0.8181818181818182,0.8422261874936501,0.42424242424242425,0.5227272727272727,0.7196969696969698,0.33766233766233766,0.5227272727272727,0.5227272727272727,0.36953955135773314,1,0.09090909090909091,45,0.5844155844155844,0.5,0.2857142857142857,0.24836840400285953,"[[0, 1], [3, 4]]",0.3333333333333333,0.5,0.5833333333333333,3,0.42857142857142855,1,1.0,-0.23076923076923084,0.6742636331534446,-0.29277002188455997,0.0,0.8,0.8736394557823131,0.4,0.5,0.7000000000000001,0.2857142857142857,0.5,0.5,0.2857142857142857,0,0.0,4,0.5714285714285714
0.5227272727272727,0.42424242424242425,"{""clf__C"": 0.4342298948286134, ""clf__gamma"": 0.0008179499475211679, ""clf__class_weight"": ""balanced""}",0.3081794128974081,"[[1, 32], [10, 45]]",arousal,0.3636363636363636,0.5227272727272727,0.4431818181818182,10,0.18181818181818182,,32,0.9696969696969697,-0.1748251748251748,0.8313071511912095,-0.22179547112466663,subject_dependent,rbf_svm,0.09090909090909091,0.5844155844155844,0.44383426375113405,0.33766233766233766,0.5227272727272727,0.3993506493506493,0.42424242424242425,0.5227272727272727,0.5227272727272727,0.13112947658402202,1,0.030303030303030304,45,0.8181818181818182,0.5,0.4,0.30569861338641297,"[[0, 3], [1, 4]]",0.3333333333333333,0.5,0.41666666666666663,1,0.2,3,1.0,-0.23076923076923084,0.8237242721078659,-0.29277002188455997,0.0,0.5714285714285714,0.5192857142857142,0.2857142857142857,0.5,0.3571428571428571,0.4,0.5,0.5,0.13333333333333336,0,0.0,4,0.8
0.48863636363636365,0.41666666666666663,"{""clf__C"": 0.40069130793659025, ""clf__gamma"": 0.0014899847475658245, ""clf__class_weight"": ""balanced""}",0.2555926699119042,"[[6, 16], [29, 37]]",arousal,0.416187527642636,0.48863636363636365,0.5190181335692171,29,0.4393939393939394,,16,0.7272727272727273,-0.139240506329114,0.7502851019764409,-0.14745520281555502,subject_dependent,rbf_svm,0.17142857142857143,0.6981132075471698,0.6768146323338894,0.43477088948787057,0.48863636363636365,0.5664420485175202,0.41666666666666663,0.48863636363636365,0.48863636363636365,0.365702479338843,6,0.2727272727272727,37,0.5606060606060606,0.625,0.4166666666666667,0.24448914198813898,"[[0, 2], [1, 5]]",0.38461538461538464,0.625,0.576923076923077,1,0.16666666666666666,2,1.0,-0.19999999999999996,0.7304875992774904,-0.2182178902359924,0.0,0.7142857142857143,0.6968253968253968,0.35714285714285715,0.625,0.5357142857142857,0.4166666666666667,0.625,0.625,0.3333333333333333,0,0.0,5,0.8333333333333334
0.4318181818181818,0.43181818181818177,"{""clf__C"": 0.40069130793659025, ""clf__gamma"": 0.0014899847475658245, ""clf__class_weight"": ""balanced""}",0.3725188731985607,"[[14, 30], [20, 24]]",arousal,0.4243851386708529,0.4318181818181818,0.424385138670853,20,0.45454545454545453,,30,0.6818181818181818,-0.13636363636363646,1.0939572809199847,-0.14002800840280097,subject_dependent,rbf_svm,0.4117647058823529,0.4444444444444444,0.42530641905393934,0.42810457516339867,0.4318181818181818,0.4281045751633986,0.43181818181818177,0.4318181818181818,0.4318181818181818,0.37758264462809926,14,0.3181818181818182,24,0.5454545454545454,0.5,0.5,0.3627536611172184,"[[0, 4], [0, 4]]",0.3333333333333333,0.5,0.3333333333333333,0,0.0,4,1.0,0.0,1.0637142676439502,0.0,0.0,0.5,0.48214285714285715,0.25,0.5,0.25,0.5,0.5,0.5,0.3125,0,0.0,4,1.0
0.5113636363636364,0.4621212121212121,"{""clf__C"": 243.14537412227003, ""clf__gamma"": 0.0004992453416923984, ""clf__class_weight"": ""balanced""}",0.31619702013397344,"[[8, 14], [29, 37]]",arousal,0.45183253657829925,0.5113636363636364,0.5421555845284659,29,0.4393939393939394,,14,0.6363636363636364,-0.06172839506172845,0.9679111709636533,-0.06645435190240834,subject_dependent,rbf_svm,0.21621621621621623,0.7254901960784313,0.7847964775776683,0.4708532061473238,0.5113636363636364,0.5981717011128777,0.4621212121212121,0.5113636363636364,0.5113636363636364,0.5234159779614325,8,0.36363636363636365,37,0.5606060606060606,0.5,0.5,0.2408697867490816,"[[1, 1], [3, 3]]",0.4666666666666667,0.5,0.5333333333333333,3,0.5,1,0.5,0.0,0.66173204403284,0.0,0.25,0.75,0.8773809523809524,0.5,0.5,0.625,0.5,0.5,0.5,0.5833333333333333,1,0.5,3,0.5
0.4772727272727273,0.49696969696969695,"{""clf__C"": 0.40069130793659025, ""clf__gamma"": 0.0014899847475658245, ""clf__class_weight"": ""balanced""}",0.2395698904849538,"[[19, 14], [32, 23]]",arousal,0.47619047619047616,0.4772727272727273,0.48214285714285715,32,0.5818181818181818,,14,0.42424242424242425,-0.005464480874316946,0.6717738032579664,-0.0059438579301791,subject_dependent,rbf_svm,0.37254901960784315,0.6216216216216216,0.6938218263998054,0.4970853206147324,0.4772727272727273,0.5282193958664547,0.49696969696969695,0.4772727272727273,0.4772727272727273,0.5143250688705234,19,0.5757575757575758,23,0.41818181818181815,0.625,0.5,0.2343283305550753,"[[0, 3], [0, 5]]",0.38461538461538464,0.625,0.4807692307692308,0,0.0,3,1.0,0.0,0.6590214748145304,0.0,0.0,0.625,0.7592857142857143,0.3125,0.625,0.390625,0.5,0.625,0.625,0.4666666666666667,0,0.0,5,1.0
0.48863636363636365,0.48863636363636365,"{""clf__C"": 100.2571297605856, ""clf__gamma"": 0.0074112997810832455, ""clf__class_weight"": ""balanced""}",0.37130481962709827,"[[12, 32], [13, 31]]",arousal,0.46363266964648514,0.48863636363636365,0.4636326696464852,13,0.29545454545454547,,32,0.7272727272727273,-0.022727272727272707,1.268662952884149,-0.025197631533948484,subject_dependent,rbf_svm,0.48,0.49206349206349204,0.5149697495302503,0.48603174603174604,0.48863636363636365,0.48603174603174604,0.48863636363636365,0.48863636363636365,0.48863636363636365,0.4963842975206612,12,0.2727272727272727,31,0.7045454545454546,0.625,0.625,0.2889184420487896,"[[1, 3], [0, 4]]",0.5636363636363637,0.625,0.5636363636363637,0,0.0,3,0.75,0.25,0.8019369048322241,0.3779644730092272,1.0,0.5714285714285714,0.5011904761904762,0.7857142857142857,0.625,0.7857142857142857,0.625,0.625,0.625,0.4375,1,0.25,4,1.0
0.5113636363636364,0.5681818181818181,"{""clf__C"": 20.12196163610286, ""clf__gamma"": 0.0008612579192594886, ""clf__class_weight"": ""balanced""}",0.30400352398009756,"[[15, 7], [36, 30]]",arousal,0.4967415879771246,0.5113636363636364,0.5396329299108924,36,0.5454545454545454,,7,0.3181818181818182,0.09473684210526312,0.8346673762237363,0.11961783342433499,subject_dependent,rbf_svm,0.29411764705882354,0.8108108108108109,0.8400565548545397,0.5524642289348172,0.5113636363636364,0.681637519872814,0.5681818181818181,0.5113636363636364,0.5113636363636364,0.6198347107438017,15,0.6818181818181818,30,0.45454545454545453,0.5,0.6666666666666666,0.26597651680340395,"[[2, 0], [4, 2]]",0.5,0.5,0.5,4,0.6666666666666666,0,0.0,0.19999999999999996,0.7252666013038441,0.3333333333333333,0.3333333333333333,1.0,0.915079365079365,0.6666666666666666,0.5,0.8333333333333334,0.6666666666666666,0.5,0.5,0.75,2,1.0,2,0.3333333333333333
0.6477272727272727,0.6287878787878788,"{""clf__C"": 13.411788774467905, ""clf__gamma"": 0.00026210878782654407, ""clf__class_weight"": ""balanced""}",0.20998672410506558,"[[13, 9], [22, 44]]",arousal,0.5978180745982604,0.6477272727272727,0.6686569364587941,22,0.3333333333333333,,9,0.4090909090909091,0.21518987341772156,0.6098034645556932,0.22788531344222138,subject_dependent,rbf_svm,0.37142857142857144,0.8301886792452831,0.8737308284059276,0.6008086253369272,0.6477272727272727,0.7154986522911051,0.6287878787878788,0.6477272727272727,0.6477272727272727,0.6955922865013773,13,0.5909090909090909,44,0.6666666666666666,0.875,0.9166666666666667,0.18553881707668923,"[[2, 0], [1, 5]]",0.8545454545454545,0.875,0.8818181818181818,1,0.16666666666666666,0,0.0,0.7142857142857143,0.559870505115213,0.7453559924999299,0.6666666666666666,1.0,1.0,0.8333333333333333,0.875,0.9166666666666666,0.9166666666666667,0.875,0.875,1.0,2,1.0,5,0.8333333333333334
0.6022727272727273,0.4772727272727273,"{""clf__C"": 0.6351054340728711, ""clf__gamma"": 0.0005285382203816729, ""clf__class_weight"": ""balanced""}",0.25310812590750936,"[[5, 17], [18, 48]]",arousal,0.4775233248515691,0.6022727272727273,0.6051738761662425,18,0.2727272727272727,,17,0.7727272727272727,-0.04477611940298498,0.7003473479798591,-0.044796082007366476,subject_dependent,rbf_svm,0.21739130434782608,0.7384615384615385,0.7228732775478438,0.4779264214046823,0.6022727272727273,0.6081939799331104,0.4772727272727273,0.6022727272727273,0.6022727272727273,0.45041322314049587,5,0.22727272727272727,48,0.7272727272727273,0.375,0.25,0.24612675682332524,"[[0, 2], [3, 3]]",0.2727272727272727,0.375,0.40909090909090906,3,0.5,2,1.0,-0.4285714285714286,0.6852598796370526,-0.4472135954999579,0.0,0.6,0.7884920634920635,0.3,0.375,0.44999999999999996,0.25,0.375,0.375,0.3333333333333333,0,0.0,3,0.5
0.5227272727272727,0.5151515151515151,"{""clf__C"": 262.30889101079146, ""clf__gamma"": 0.0025135566617708314, ""clf__class_weight"": null}",0.2800582019155819,"[[35, 31], [11, 11]]",arousal,0.484375,0.5227272727272727,0.5546875,11,0.5,,31,0.4696969696969697,0.023255813953488413,0.7682885525343256,0.02627034687463669,subject_dependent,rbf_svm,0.7608695652173914,0.2619047619047619,0.4621180019088201,0.5113871635610766,0.5227272727272727,0.6361283643892339,0.5151515151515151,0.5227272727272727,0.5227272727272727,0.5668044077134986,35,0.5303030303030303,11,0.5,0.625,0.5833333333333333,0.23562725813991228,"[[4, 2], [1, 1]]",0.5636363636363637,0.625,0.6454545454545454,1,0.5,2,0.3333333333333333,0.1428571428571429,0.6623692251484157,0.14907119849998599,0.8,0.3333333333333333,0.625,0.5666666666666667,0.625,0.6833333333333335,0.5833333333333333,0.625,0.625,0.5,4,0.6666666666666666,1,0.5
0.5454545454545454,0.5454545454545454,"{""clf__C"": 0.6351054340728711, ""clf__gamma"": 0.0005285382203816729, ""clf__class_weight"": ""balanced""}",0.26771404372648633,"[[30, 25], [15, 18]]",arousal,0.5368421052631579,0.5454545454545454,0.5526315789473684,15,0.45454545454545453,,25,0.45454545454545453,0.08571428571428574,0.733563874117483,0.08804509063256238,subject_dependent,rbf_svm,0.6666666666666666,0.4186046511627907,0.513164009169534,0.5426356589147286,0.5454545454545454,0.5736434108527132,0.5454545454545454,0.5454545454545454,0.5454545454545454,0.524793388429752,30,0.5454545454545454,18,0.5454545454545454,0.625,0.6333333333333333,0.26151661820110644,"[[3, 2], [1, 2]]",0.6190476190476191,0.625,0.6309523809523809,1,0.3333333333333333,2,0.4,0.25,0.7191639151886502,0.2581988897471611,0.75,0.5,0.7916666666666666,0.625,0.625,0.65625,0.6333333333333333,0.625,0.625,0.6666666666666666,3,0.6,2,0.6666666666666666
0.75,0.5,"{""clf__C"": 2.0059560245279644, ""clf__gamma"": 0.07114476009343425, ""clf__class_weight"": null}",0.1789462239754316,"[[0, 22], [0, 66]]",arousal,0.42857142857142855,0.75,0.6428571428571428,0,0.0,,22,1.0,0.0,0.5399351900788946,0.0,subject_dependent,rbf_svm,0.0,0.75,0.8235413118694962,0.375,0.75,0.5625,0.5,0.75,0.75,0.6280991735537191,0,0.0,66,1.0,0.75,0.5,0.17744547331876856,"[[0, 2], [0, 6]]",0.42857142857142855,0.75,0.6428571428571428,0,0.0,2,1.0,0.0,0.5325683219520163,0.0,0.0,0.75,1.0,0.375,0.75,0.5625,0.5,0.75,0.75,1.0,0,0.0,6,1.0
0.45454545454545453,0.4242424242424242,"{""clf__C"": 13.411788774467905, ""clf__gamma"": 0.00026210878782654407, ""clf__class_weight"": ""balanced""}",0.2479697021830022,"[[10, 23], [25, 30]]",arousal,0.4248366013071896,0.45454545454545453,0.45751633986928103,25,0.45454545454545453,,23,0.696969696969697,-0.14970059880239517,0.6918464275141916,-0.14987266233254518,subject_dependent,rbf_svm,0.2857142857142857,0.5660377358490566,0.608434035762446,0.42587601078167114,0.45454545454545453,0.4609164420485175,0.4242424242424242,0.45454545454545453,0.45454545454545453,0.4823691460055096,10,0.30303030303030304,30,0.5454545454545454,0.625,0.5,0.2422463448444882,"[[0, 3], [0, 5]]",0.38461538461538464,0.625,0.4807692307692308,0,0.0,3,1.0,0.0,0.6776326274623279,0.0,0.0,0.625,0.6926190476190477,0.3125,0.625,0.390625,0.5,0.625,0.625,0.4,0,0.0,5,1.0
1.0,1.0,"{""clf__C"": 0.21466070134458173, ""clf__gamma"": 0.0012955517240662183, ""clf__class_weight"": ""balanced""}",,[[88]],arousal,1.0,1.0,1.0,,,,,,nan,,0.0,subject_dependent,rbf_svm,,,1.0,1.0,1.0,1.0,1.0,1.0,1.0,nan,,,,,1.0,1.0,,[[8]],1.0,1.0,1.0,,,,,nan,,0.0,,,1.0,1.0,1.0,1.0,1.0,1.0,1.0,nan,,,,
0.42045454545454547,0.47575757575757577,"{""clf__C"": 1.351144633701368, ""clf__gamma"": 0.015446089075047083, ""clf__class_weight"": ""balanced""}",0.40266677386936095,"[[14, 41], [10, 23]]",arousal,0.4143285919352734,0.42045454545454547,0.3993540388881639,10,0.30303030303030304,,41,0.7454545454545455,-0.04081632653061229,1.211973864886103,-0.05270462766947299,subject_dependent,rbf_svm,0.5833333333333334,0.359375,0.4254585216787139,0.4713541666666667,0.42045454545454547,0.49934895833333337,0.47575757575757577,0.42045454545454547,0.42045454545454547,0.4887052341597796,14,0.2545454545454545,23,0.696969696969697,0.25,0.3333333333333333,0.33326831926789346,"[[0, 5], [1, 2]]",0.2,0.25,0.15000000000000002,1,0.3333333333333333,5,1.0,-0.26315789473684204,0.873625953175708,-0.4879500364742666,0.0,0.2857142857142857,0.5138888888888888,0.14285714285714285,0.25,0.10714285714285714,0.3333333333333333,0.25,0.25,0.5333333333333333,0,0.0,2,0.6666666666666666
0.42045454545454547,0.46969696969696967,"{""clf__C"": 5.2117930643778205, ""clf__gamma"": 0.0036999724314638123, ""clf__class_weight"": null}",0.41168427697715093,"[[15, 40], [11, 22]]",arousal,0.4167641325536062,0.42045454545454547,0.40516569200779723,11,0.3333333333333333,,40,0.7272727272727273,-0.05154639175257736,1.280025596285288,-0.0643090141188591,subject_dependent,rbf_svm,0.5769230769230769,0.3548387096774194,0.4431017254136437,0.4658808933002481,0.42045454545454547,0.4936414392059553,0.46969696969696967,0.42045454545454547,0.42045454545454547,0.4727272727272728,15,0.2727272727272727,22,0.6666666666666666,0.25,0.3333333333333333,0.34801360489664257,"[[0, 5], [1, 2]]",0.2,0.25,0.15000000000000002,1,0.3333333333333333,5,1.0,-0.26315789473684204,0.9319874232741666,-0.4879500364742666,0.0,0.2857142857142857,0.5694444444444444,0.14285714285714285,0.25,0.10714285714285714,0.3333333333333333,0.25,0.25,0.39999999999999997,0,0.0,2,0.6666666666666666
0.3409090909090909,0.5303030303030303,"{""clf__C"": 0.34866781670451225, ""clf__gamma"": 0.00014936568554617635, ""clf__class_weight"": ""balanced""}",0.19620593187618107,"[[20, 2], [56, 10]]",arousal,0.3322867608581894,0.3409090909090909,0.2943485086342229,56,0.8484848484848485,,2,0.09090909090909091,0.033333333333333326,0.5826831169016601,0.07647191129018725,subject_dependent,rbf_svm,0.2631578947368421,0.8333333333333334,0.8487687164972509,0.5482456140350878,0.3409090909090909,0.6907894736842105,0.5303030303030303,0.3409090909090909,0.3409090909090909,0.5853994490358126,20,0.9090909090909091,10,0.15151515151515152,0.75,0.5,0.19620456716661555,"[[0, 2], [0, 6]]",0.42857142857142855,0.75,0.6428571428571428,0,0.0,2,1.0,0.0,0.582680276652398,0.0,0.0,0.75,0.8551587301587301,0.375,0.75,0.5625,0.5,0.75,0.75,0.5,0,0.0,6,1.0
0.6818181818181818,0.6818181818181819,"{""clf__C"": 51.4138527229363, ""clf__gamma"": 0.006173770394704574, ""clf__class_weight"": ""balanced""}",0.29830155191414554,"[[18, 26], [2, 42]]",arousal,0.65625,0.6818181818181818,0.65625,2,0.045454545454545456,,26,0.5909090909090909,0.36363636363636365,2.3992812106611034,0.4338609156373123,subject_dependent,rbf_svm,0.9,0.6176470588235294,0.7558174692515816,0.7588235294117647,0.6818181818181818,0.7588235294117648,0.6818181818181819,0.6818181818181818,0.6818181818181818,0.7556818181818182,18,0.4090909090909091,42,0.9545454545454546,0.625,0.625,0.2105178691420477,"[[1, 3], [0, 4]]",0.5636363636363637,0.625,0.5636363636363637,0,0.0,3,0.75,0.25,0.5845776575401257,0.3779644730092272,1.0,0.5714285714285714,1.0,0.7857142857142857,0.625,0.7857142857142857,0.625,0.625,0.625,1.0,1,0.25,4,1.0
0.4431818181818182,0.5303030303030303,"{""clf__C"": 166.2878326769575, ""clf__gamma"": 0.008979064194712979, ""clf__class_weight"": ""balanced""}",0.4578910246967924,"[[10, 45], [4, 29]]",arousal,0.41595557361506164,0.4431818181818182,0.38443044832723816,4,0.12121212121212122,,45,0.8181818181818182,0.04854368932038833,2.233460849593581,0.08021849185198159,subject_dependent,rbf_svm,0.7142857142857143,0.3918918918918919,0.6593002236281231,0.553088803088803,0.4431818181818182,0.5933880308880308,0.5303030303030303,0.4431818181818182,0.4431818181818182,0.703030303030303,10,0.18181818181818182,29,0.8787878787878788,0.375,0.5,0.3952660402164694,"[[0, 5], [0, 3]]",0.2727272727272727,0.375,0.20454545454545453,0,0.0,5,1.0,0.0,1.0309421430587775,0.0,0.0,0.375,0.7555555555555555,0.1875,0.375,0.140625,0.5,0.375,0.375,0.8,0,0.0,3,1.0
0.6477272727272727,0.6477272727272727,"{""clf__C"": 262.30889101079146, ""clf__gamma"": 0.0025135566617708314, ""clf__class_weight"": null}",0.30290110980937784,"[[30, 14], [17, 27]]",arousal,0.647317388493859,0.6477272727272727,0.647317388493859,17,0.38636363636363635,,14,0.3181818181818182,0.2954545454545454,1.6766592047031936,0.29614369785098454,subject_dependent,rbf_svm,0.6382978723404256,0.6585365853658537,0.6293535161984186,0.6484172288531396,0.6477272727272727,0.6484172288531397,0.6477272727272727,0.6477272727272727,0.6477272727272727,0.6714876033057852,30,0.6818181818181818,27,0.6136363636363636,0.625,0.625,0.241368735775484,"[[2, 2], [1, 3]]",0.6190476190476191,0.625,0.6190476190476191,1,0.25,2,0.5,0.25,0.6716923638365534,0.2581988897471611,0.6666666666666666,0.6,0.7708333333333333,0.6333333333333333,0.625,0.6333333333333333,0.625,0.625,0.625,0.75,2,0.5,3,0.75
0.7272727272727273,0.803030303030303,"{""clf__C"": 183.42628625395747, ""clf__gamma"": 0.0001005394019469303, ""clf__class_weight"": ""balanced""}",0.2569122314958723,"[[43, 23], [1, 21]]",arousal,0.7090909090909091,0.7272727272727273,0.7454545454545454,1,0.045454545454545456,,23,0.3484848484848485,0.4545454545454546,0.9940806614297564,0.524863881081478,subject_dependent,rbf_svm,0.9772727272727273,0.4772727272727273,0.685804534748888,0.7272727272727273,0.7272727272727273,0.8522727272727273,0.803030303030303,0.7272727272727273,0.7272727272727273,0.865702479338843,43,0.6515151515151515,21,0.9545454545454546,0.75,0.8333333333333333,0.20366608949476156,"[[4, 2], [0, 2]]",0.7333333333333334,0.75,0.7666666666666667,0,0.0,2,0.3333333333333333,0.5,0.6078872614661631,0.5773502691896258,1.0,0.5,1.0,0.75,0.75,0.875,0.8333333333333333,0.75,0.75,1.0,4,0.6666666666666666,2,1.0
0.5568181818181818,0.5568181818181819,"{""clf__C"": 183.42628625395747, ""clf__gamma"": 0.0001005394019469303, ""clf__class_weight"": ""balanced""}",0.299458536843161,"[[24, 20], [19, 25]]",arousal,0.5567609453700116,0.5568181818181818,0.5567609453700116,19,0.4318181818181818,,20,0.45454545454545453,0.11363636363636365,0.8318332827990346,0.11366572324507893,subject_dependent,rbf_svm,0.5581395348837209,0.5555555555555556,0.5130020165925346,0.5568475452196382,0.5568181818181818,0.5568475452196382,0.5568181818181819,0.5568181818181818,0.5568181818181818,0.5382231404958677,24,0.5454545454545454,25,0.5681818181818182,0.75,0.75,0.25380197568660734,"[[4, 0], [2, 2]]",0.7333333333333334,0.75,0.7333333333333334,2,0.5,0,0.0,0.5,0.7039299464914206,0.5773502691896258,0.6666666666666666,1.0,0.75,0.8333333333333333,0.75,0.8333333333333333,0.75,0.75,0.75,0.5625,4,1.0,2,0.5
0.375,0.5681818181818182,"{""clf__C"": 243.14537412227003, ""clf__gamma"": 0.0004992453416923984, ""clf__class_weight"": ""balanced""}",0.4694452052422023,"[[12, 54], [1, 21]]",arousal,0.36839357953804,0.375,0.33609552394623515,1,0.045454545454545456,,54,0.8181818181818182,0.07563025210084029,1.533831887074762,0.16641005886756874,subject_dependent,rbf_svm,0.9230769230769231,0.28,0.3898646224955596,0.6015384615384616,0.375,0.7623076923076924,0.5681818181818182,0.375,0.375,0.6577134986225895,12,0.18181818181818182,21,0.9545454545454546,0.375,0.5833333333333334,0.44827744956364085,"[[1, 5], [0, 2]]",0.36507936507936506,0.375,0.32539682539682535,0,0.0,5,0.8333333333333334,0.09090909090909094,1.3016180422891677,0.2182178902359924,1.0,0.2857142857142857,0.3666666666666667,0.6428571428571428,0.375,0.8214285714285714,0.5833333333333334,0.375,0.375,0.5833333333333334,1,0.16666666666666666,2,1.0
0.4659090909090909,0.4757575757575757,"{""clf__C"": 243.14537412227003, ""clf__gamma"": 0.0004992453416923984, ""clf__class_weight"": ""balanced""}",0.36792472454069913,"[[24, 31], [16, 17]]",arousal,0.46250812215724496,0.4659090909090909,0.473196881091618,16,0.48484848484848486,,31,0.5636363636363636,-0.04444444444444451,1.0494353889659591,-0.04714045207910317,subject_dependent,rbf_svm,0.6,0.3541666666666667,0.36030081099800176,0.4770833333333333,0.4659090909090909,0.5078125,0.4757575757575757,0.4659090909090909,0.4659090909090909,0.43195592286501383,24,0.43636363636363634,17,0.5151515151515151,0.375,0.3666666666666667,0.3208026282931274,"[[2, 3], [2, 1]]",0.36507936507936506,0.375,0.38492063492063494,2,0.6666666666666666,3,0.6,-0.25,0.850332520410229,-0.2581988897471611,0.5,0.25,0.5694444444444444,0.375,0.375,0.40625,0.3666666666666667,0.375,0.375,0.39999999999999997,2,0.4,1,0.3333333333333333
0.4090909090909091,0.28787878787878785,"{""clf__C"": 243.14537412227003, ""clf__gamma"": 0.0004992453416923984, ""clf__class_weight"": ""balanced""}",0.42328618630014797,"[[35, 31], [21, 1]]",arousal,0.3054037644201578,0.4090909090909091,0.4395871281117183,21,0.9545454545454546,,31,0.4696969696969697,-0.368421052631579,1.4472169161762538,-0.3818813079129867,subject_dependent,rbf_svm,0.625,0.03125,0.17154091669978178,0.328125,0.4090909090909091,0.4765625,0.28787878787878785,0.4090909090909091,0.4090909090909091,0.21349862258953167,35,0.5303030303030303,1,0.045454545454545456,0.5,0.3333333333333333,0.373830090517404,"[[4, 2], [2, 0]]",0.3333333333333333,0.5,0.5,2,1.0,2,0.3333333333333333,-0.33333333333333326,1.0650244248214586,-0.3333333333333333,0.6666666666666666,0.0,0.20833333333333331,0.3333333333333333,0.5,0.5,0.3333333333333333,0.5,0.5,0.08333333333333331,4,0.6666666666666666,0,0.0
0.42045454545454547,0.40909090909090906,"{""clf__C"": 64.69870699850829, ""clf__gamma"": 0.0008200518402245837, ""clf__class_weight"": null}",0.3703604711504743,"[[25, 30], [21, 12]]",arousal,0.40752475247524755,0.42045454545454547,0.4294059405940594,21,0.6363636363636364,,30,0.5454545454545454,-0.17241379310344818,1.0700079610902071,-0.17622684421256035,subject_dependent,rbf_svm,0.5434782608695652,0.2857142857142857,0.30809829268951183,0.41459627329192544,0.42045454545454547,0.4468167701863354,0.40909090909090906,0.42045454545454547,0.42045454545454547,0.38512396694214873,25,0.45454545454545453,12,0.36363636363636365,0.25,0.2,0.3085478433016574,"[[2, 3], [3, 0]]",0.2,0.25,0.25,3,1.0,3,0.6,-0.6000000000000001,0.8129759881542726,-0.6,0.4,0.0,0.3194444444444444,0.2,0.25,0.25,0.2,0.25,0.25,0.19999999999999998,2,0.4,0,0.0
0.625,0.5969696969696969,"{""clf__C"": 0.4342298948286134, ""clf__gamma"": 0.0008179499475211679, ""clf__class_weight"": ""balanced""}",0.24076707695036062,"[[16, 17], [16, 39]]",arousal,0.5975051975051975,0.625,0.6238045738045739,16,0.2909090909090909,,17,0.5151515151515151,0.19512195121951215,0.694413685277475,0.19518001458970663,subject_dependent,rbf_svm,0.5,0.6964285714285714,0.6721623385315864,0.5982142857142857,0.625,0.6227678571428571,0.5969696969696969,0.625,0.625,0.5790633608815428,16,0.48484848484848486,39,0.7090909090909091,0.625,0.5,0.23529516842304624,"[[0, 3], [0, 5]]",0.38461538461538464,0.625,0.4807692307692308,0,0.0,3,1.0,0.0,0.6737114090751068,0.0,0.0,0.625,0.6595238095238095,0.3125,0.625,0.390625,0.5,0.625,0.625,0.5333333333333333,0,0.0,5,1.0
0.6590909090909091,0.7727272727272727,"{""clf__C"": 0.40069130793659025, ""clf__gamma"": 0.0014899847475658245, ""clf__class_weight"": ""balanced""}",0.17053604355022198,"[[22, 0], [30, 36]]",arousal,0.6502384737678856,0.6590909090909091,0.678060413354531,30,0.45454545454545453,,0,0.0,0.375,0.5215959016703259,0.4803844614152614,subject_dependent,rbf_svm,0.4230769230769231,1.0,0.9404662043457326,0.7115384615384616,0.6590909090909091,0.8557692307692307,0.7727272727272727,0.6590909090909091,0.6590909090909091,0.8185261707988981,22,1.0,36,0.5454545454545454,0.75,0.5,0.16517014438980385,"[[0, 2], [0, 6]]",0.42857142857142855,0.75,0.6428571428571428,0,0.0,2,1.0,0.0,0.5140390261331298,0.0,0.0,0.75,0.9761904761904762,0.375,0.75,0.5625,0.5,0.75,0.75,0.9166666666666667,0,0.0,6,1.0
0.875,0.5,"{""clf__C"": 0.34866781670451225, ""clf__gamma"": 0.00014936568554617635, ""clf__class_weight"": ""balanced""}",0.18049386339786483,"[[0, 11], [0, 77]]",arousal,0.4666666666666667,0.875,0.8166666666666668,0,0.0,,11,1.0,0.0,0.5520851311080074,0.0,subject_dependent,rbf_svm,0.0,0.875,0.7813948215731803,0.4375,0.875,0.765625,0.5,0.875,0.875,0.19952774498229042,0,0.0,77,1.0,0.875,0.5,0.18049131905298554,"[[0, 1], [0, 7]]",0.4666666666666667,0.875,0.8166666666666667,0,0.0,1,1.0,0.0,0.5520812854040154,0.0,0.0,0.875,0.754591836734694,0.4375,0.875,0.765625,0.5,0.875,0.875,0.0,0,0.0,7,1.0
0.4431818181818182,0.47575757575757577,"{""clf__C"": 160.49758307716223, ""clf__gamma"": 0.00018427970406864567, ""clf__class_weight"": null}",0.3607128916124891,"[[19, 36], [13, 20]]",arousal,0.44310990572129666,0.4431818181818182,0.4415278315898231,13,0.3939393939393939,,36,0.6545454545454545,-0.042553191489361764,1.00939108418771,-0.04879500364742666,subject_dependent,rbf_svm,0.59375,0.35714285714285715,0.5202025160181765,0.4754464285714286,0.4431818181818182,0.5050223214285714,0.47575757575757577,0.4431818181818182,0.4431818181818182,0.543801652892562,19,0.34545454545454546,20,0.6060606060606061,0.25,0.26666666666666666,0.3019376772759252,"[[1, 4], [2, 1]]",0.25,0.25,0.25,2,0.6666666666666666,4,0.8,-0.41176470588235303,0.7954080331671458,-0.4666666666666667,0.3333333333333333,0.2,0.5535714285714286,0.26666666666666666,0.25,0.2833333333333333,0.26666666666666666,0.25,0.25,0.3333333333333333,1,0.2,1,0.3333333333333333
0.2840909090909091,0.2840909090909091,"{""clf__C"": 0.40069130793659025, ""clf__gamma"": 0.0014899847475658245, ""clf__class_weight"": ""balanced""}",0.3506709502959033,"[[18, 26], [37, 7]]",arousal,0.2727272727272727,0.2840909090909091,0.2727272727272727,37,0.8409090909090909,,26,0.5909090909090909,-0.4318181818181819,0.927798153315705,-0.4459799004723692,subject_dependent,rbf_svm,0.32727272727272727,0.21212121212121213,0.36916444219272065,0.2696969696969697,0.2840909090909091,0.2696969696969697,0.2840909090909091,0.2840909090909091,0.2840909090909091,0.24612603305785125,18,0.4090909090909091,7,0.1590909090909091,0.375,0.375,0.33863564260959306,"[[0, 4], [1, 3]]",0.2727272727272727,0.375,0.2727272727272727,1,0.25,4,1.0,-0.25,0.8849529718717056,-0.3779644730092272,0.0,0.42857142857142855,0.3988095238095238,0.21428571428571427,0.375,0.21428571428571427,0.375,0.375,0.375,0.125,0,0.0,3,0.75
0.5909090909090909,0.6545454545454545,"{""clf__C"": 0.34866781670451225, ""clf__gamma"": 0.00014936568554617635, ""clf__class_weight"": ""balanced""}",0.23625586929239886,"[[30, 3], [33, 22]]",arousal,0.5875,0.5909090909090909,0.578125,33,0.6,,3,0.09090909090909091,0.2615384615384615,0.6656947061583913,0.33180602480250126,subject_dependent,rbf_svm,0.47619047619047616,0.88,0.4643270969172314,0.6780952380952381,0.5909090909090909,0.7285714285714285,0.6545454545454545,0.5909090909090909,0.5909090909090909,0.1746556473829201,30,0.9090909090909091,22,0.4,0.625,0.5,0.236253320688739,"[[0, 3], [0, 5]]",0.38461538461538464,0.625,0.4807692307692308,0,0.0,3,1.0,0.0,0.6656895580692173,0.0,0.0,0.625,0.46928571428571425,0.3125,0.625,0.390625,0.5,0.625,0.625,0.0,0,0.0,5,1.0
0.8181818181818182,0.8363636363636364,"{""clf__C"": 13.411788774467905, ""clf__gamma"": 0.00026210878782654407, ""clf__class_weight"": ""balanced""}",0.11933208860643996,"[[30, 3], [13, 42]]",arousal,0.8147368421052632,0.8181818181818182,0.8210526315789473,13,0.23636363636363636,,3,0.09090909090909091,0.6342857142857143,0.3780228790670941,0.6515336706809616,subject_dependent,rbf_svm,0.6976744186046512,0.9333333333333333,0.9549924000405167,0.8155038759689923,0.8181818181818182,0.8449612403100776,0.8363636363636364,0.8181818181818182,0.8181818181818182,0.9151515151515152,30,0.9090909090909091,42,0.7636363636363637,0.875,0.8333333333333333,0.09881703130667478,"[[2, 1], [0, 5]]",0.8545454545454545,0.875,0.8681818181818182,0,0.0,1,0.3333333333333333,0.7142857142857143,0.34946666487377875,0.7453559924999299,1.0,0.8333333333333334,1.0,0.9166666666666667,0.875,0.8958333333333334,0.8333333333333333,0.875,0.875,1.0,2,0.6666666666666666,5,1.0
0.3977272727272727,0.5833333333333334,"{""clf__C"": 262.30889101079146, ""clf__gamma"": 0.0025135566617708314, ""clf__class_weight"": null}",0.5234784874438474,"[[14, 52], [1, 21]]",arousal,0.3938921377517869,0.3977272727272727,0.36978557504873294,1,0.045454545454545456,,52,0.7878787878787878,0.09401709401709402,3.945523349282766,0.19192210494974504,subject_dependent,rbf_svm,0.9333333333333333,0.2876712328767123,0.5152197424547265,0.6105022831050229,0.3977272727272727,0.7719178082191781,0.5833333333333334,0.3977272727272727,0.3977272727272727,0.7203856749311295,14,0.21212121212121213,21,0.9545454545454546,0.375,0.5833333333333334,0.4737493508739725,"[[1, 5], [0, 2]]",0.36507936507936506,0.375,0.32539682539682535,0,0.0,5,0.8333333333333334,0.09090909090909094,1.369542692316531,0.2182178902359924,1.0,0.2857142857142857,0.7,0.6428571428571428,0.375,0.8214285714285714,0.5833333333333334,0.375,0.375,0.75,1,0.16666666666666666,2,1.0
0.6931818181818182,0.7,"{""clf__C"": 13.411788774467905, ""clf__gamma"": 0.00026210878782654407, ""clf__class_weight"": ""balanced""}",0.20105419826956575,"[[24, 9], [18, 37]]",arousal,0.6863366336633663,0.6931818181818182,0.6979207920792079,18,0.32727272727272727,,9,0.2727272727272727,0.3793103448275862,0.584662883151491,0.38769905726763276,subject_dependent,rbf_svm,0.5714285714285714,0.8043478260869565,0.8534833606397076,0.687888198757764,0.6931818181818182,0.7170031055900622,0.7,0.6931818181818182,0.6931818181818182,0.7539944903581267,24,0.7272727272727273,37,0.6727272727272727,0.875,0.8333333333333333,0.1636926459229677,"[[2, 1], [0, 5]]",0.8545454545454545,0.875,0.8681818181818182,0,0.0,1,0.3333333333333333,0.7142857142857143,0.4924076476794788,0.7453559924999299,1.0,0.8333333333333334,0.9266666666666666,0.9166666666666667,0.875,0.8958333333333334,0.8333333333333333,0.875,0.875,0.8666666666666667,2,0.6666666666666666,5,1.0
0.6136363636363636,0.5393939393939393,"{""clf__C"": 243.14537412227003, ""clf__gamma"": 0.0004992453416923984, ""clf__class_weight"": ""balanced""}",0.3443634754951191,"[[8, 25], [9, 46]]",arousal,0.525079365079365,0.6136363636363636,0.5763492063492064,9,0.16363636363636364,,25,0.7575757575757576,0.08724832214765099,2.158929908406972,0.09661489533478952,subject_dependent,rbf_svm,0.47058823529411764,0.647887323943662,0.7678302450117332,0.5592377796188899,0.6136363636363636,0.5814001657000829,0.5393939393939393,0.6136363636363636,0.6136363636363636,0.6424242424242423,8,0.24242424242424243,46,0.8363636363636363,0.625,0.5,0.27182681103686357,"[[0, 3], [0, 5]]",0.38461538461538464,0.625,0.4807692307692308,0,0.0,3,1.0,0.0,0.7362677782350662,0.0,0.0,0.625,0.8583333333333333,0.3125,0.625,0.390625,0.5,0.625,0.625,0.6666666666666667,0,0.0,5,1.0
0.4659090909090909,0.4636363636363636,"{""clf__C"": 183.42628625395747, ""clf__gamma"": 0.0001005394019469303, ""clf__class_weight"": ""balanced""}",0.3872881953019533,"[[26, 29], [18, 15]]",arousal,0.45743145743145747,0.4659090909090909,0.4743867243867244,18,0.5454545454545454,,29,0.5272727272727272,-0.06818181818181812,1.196563592508489,-0.07041787902195304,subject_dependent,rbf_svm,0.5909090909090909,0.3409090909090909,0.3978810916934421,0.46590909090909094,0.4659090909090909,0.4971590909090909,0.4636363636363636,0.4659090909090909,0.4659090909090909,0.46115702479338844,26,0.4727272727272727,15,0.45454545454545453,0.5,0.5333333333333333,0.31554311782147315,"[[2, 3], [1, 2]]",0.5,0.5,0.5,1,0.3333333333333333,3,0.6,0.05882352941176472,0.8461134323107321,0.06666666666666667,0.6666666666666666,0.4,0.42499999999999993,0.5333333333333333,0.5,0.5666666666666667,0.5333333333333333,0.5,0.5,0.39999999999999997,2,0.4,2,0.6666666666666666
0.48863636363636365,0.48863636363636365,"{""clf__C"": 13.411788774467905, ""clf__gamma"": 0.00026210878782654407, ""clf__class_weight"": ""balanced""}",0.30940611474561003,"[[27, 17], [28, 16]]",arousal,0.4805194805194805,0.48863636363636365,0.48051948051948057,28,0.6363636363636364,,17,0.38636363636363635,-0.022727272727272707,0.8394537394511861,-0.02347262634065101,subject_dependent,rbf_svm,0.4909090909090909,0.48484848484848486,0.5227189748732614,0.4878787878787879,0.48863636363636365,0.4878787878787879,0.48863636363636365,0.48863636363636365,0.48863636363636365,0.465650826446281,27,0.6136363636363636,16,0.36363636363636365,0.375,0.375,0.28372803569704663,"[[2, 2], [3, 1]]",0.36507936507936506,0.375,0.36507936507936506,3,0.75,2,0.5,-0.25,0.7633972117510879,-0.2581988897471611,0.4,0.3333333333333333,0.6178571428571429,0.3666666666666667,0.375,0.3666666666666667,0.375,0.375,0.375,0.4375,2,0.5,1,0.25
0.5227272727272727,0.4303030303030303,"{""clf__C"": 0.4342298948286134, ""clf__gamma"": 0.0008179499475211679, ""clf__class_weight"": ""balanced""}",0.2927342100461949,"[[44, 11], [31, 2]]",arousal,0.38193979933110367,0.5227272727272727,0.455685618729097,31,0.9393939393939394,,11,0.2,-0.1586206896551725,0.7947184262384994,-0.19018659303678628,subject_dependent,rbf_svm,0.5866666666666667,0.15384615384615385,0.3204121942047267,0.37025641025641026,0.5227272727272727,0.4243589743589744,0.4303030303030303,0.5227272727272727,0.5227272727272727,0.4316804407713499,44,0.8,2,0.06060606060606061,0.375,0.3,0.28177046061276906,"[[3, 2], [3, 0]]",0.2727272727272727,0.375,0.3409090909090909,3,1.0,2,0.4,-0.4285714285714286,0.7619928954986275,-0.4472135954999579,0.5,0.0,0.3694444444444444,0.25,0.375,0.3125,0.3,0.375,0.375,0.3333333333333333,3,0.6,0,0.0
0.6704545454545454,0.6575757575757576,"{""clf__C"": 183.42628625395747, ""clf__gamma"": 0.0001005394019469303, ""clf__class_weight"": ""balanced""}",0.2331183944475484,"[[39, 16], [13, 20]]",arousal,0.6543410537721793,0.6704545454545454,0.6729987809833401,13,0.3939393939393939,,16,0.2909090909090909,0.30952380952380953,0.7145632219197552,0.3103164454170876,subject_dependent,rbf_svm,0.75,0.5555555555555556,0.6333437479174959,0.6527777777777778,0.6704545454545454,0.6770833333333334,0.6575757575757576,0.6704545454545454,0.6704545454545454,0.6925619834710743,39,0.7090909090909091,20,0.6060606060606061,0.75,0.7333333333333334,0.18588380956418699,"[[4, 1], [1, 2]]",0.7333333333333334,0.75,0.75,1,0.3333333333333333,1,0.2,0.4666666666666667,0.5510565256552868,0.4666666666666667,0.8,0.6666666666666666,0.8095238095238095,0.7333333333333334,0.75,0.75,0.7333333333333334,0.75,0.75,0.7333333333333333,4,0.8,2,0.6666666666666666
0.6477272727272727,0.6477272727272727,"{""clf__C"": 34.26465148409954, ""clf__gamma"": 0.020597335357437203, ""clf__class_weight"": null}",0.2499413171881825,"[[35, 9], [22, 22]]",arousal,0.6398679867986798,0.6477272727272727,0.6398679867986798,22,0.5,,9,0.20454545454545456,0.2954545454545454,0.7708101336804302,0.30926094424537426,subject_dependent,rbf_svm,0.6140350877192983,0.7096774193548387,0.733413143846203,0.6618562535370685,0.6477272727272727,0.6618562535370685,0.6477272727272727,0.6477272727272727,0.6477272727272727,0.7117768595041323,35,0.7954545454545454,22,0.5,0.625,0.625,0.18406822048497484,"[[4, 0], [3, 1]]",0.5636363636363637,0.625,0.5636363636363637,3,0.75,0,0.0,0.25,0.5383047253595333,0.3779644730092272,0.5714285714285714,1.0,0.95,0.7857142857142857,0.625,0.7857142857142857,0.625,0.625,0.625,0.9375,4,1.0,1,0.25
0.6931818181818182,0.6742424242424243,"{""clf__C"": 48.43827864278568, ""clf__gamma"": 0.00039459088111000007, ""clf__class_weight"": ""balanced""}",0.1773815281064977,"[[47, 19], [8, 14]]",arousal,0.6429752066115701,0.6931818181818182,0.7099173553719008,8,0.36363636363636365,,19,0.2878787878787879,0.2987012987012987,0.5134965158275449,0.3116943241363343,subject_dependent,rbf_svm,0.8545454545454545,0.42424242424242425,0.47549835964857734,0.6393939393939394,0.6931818181818182,0.746969696969697,0.6742424242424243,0.6931818181818182,0.6931818181818182,0.7451790633608816,47,0.7121212121212122,14,0.6363636363636364,0.75,0.6666666666666667,0.14212474705029193,"[[5, 1], [1, 1]]",0.6666666666666667,0.75,0.75,1,0.5,1,0.16666666666666666,0.33333333333333337,0.452128886565881,0.3333333333333333,0.8333333333333334,0.5,0.8333333333333333,0.6666666666666667,0.75,0.75,0.6666666666666667,0.75,0.75,0.9166666666666667,5,0.8333333333333334,1,0.5
0.6931818181818182,0.7077922077922079,"{""clf__C"": 243.14537412227003, ""clf__gamma"": 0.0004992453416923984, ""clf__class_weight"": ""balanced""}",0.20682568526877557,"[[53, 24], [3, 8]]",arousal,0.5845427522294107,0.6931818181818182,0.7438800489596082,3,0.2727272727272727,,24,0.3116883116883117,0.22857142857142854,0.593378047783543,0.2857142857142857,subject_dependent,rbf_svm,0.9464285714285714,0.25,0.2632864257864258,0.5982142857142857,0.6931818181818182,0.859375,0.7077922077922079,0.6931818181818182,0.6931818181818182,0.7249114521841794,53,0.6883116883116883,8,0.7272727272727273,0.875,0.9285714285714286,0.15182290334007803,"[[6, 1], [0, 1]]",0.7948717948717949,0.875,0.8910256410256411,0,0.0,1,0.14285714285714285,0.6,0.4875990755949383,0.6546536707079772,1.0,0.5,1.0,0.75,0.875,0.9375,0.9285714285714286,0.875,0.875,1.0,6,0.8571428571428571,1,1.0
0.8522727272727273,0.8766233766233766,"{""clf__C"": 183.42628625395747, ""clf__gamma"": 0.0001005394019469303, ""clf__class_weight"": ""balanced""}",0.09421592711808315,"[[10, 1], [12, 65]]",arousal,0.7575757575757576,0.8522727272727273,0.8712121212121212,12,0.15584415584415584,,1,0.09090909090909091,0.5272727272727273,0.3144854420491124,0.5753017106221617,subject_dependent,rbf_svm,0.45454545454545453,0.9848484848484849,0.9891892525552644,0.7196969696969697,0.8522727272727273,0.918560606060606,0.8766233766233766,0.8522727272727273,0.8522727272727273,0.9220779220779219,10,0.9090909090909091,65,0.8441558441558441,0.875,0.9285714285714286,0.0862209957517716,"[[1, 0], [1, 6]]",0.7948717948717949,0.875,0.8910256410256411,1,0.14285714285714285,0,0.0,0.6,0.3002804689832914,0.6546536707079772,0.5,1.0,0.9821428571428572,0.75,0.875,0.9375,0.9285714285714286,0.875,0.875,0.8571428571428571,1,1.0,6,0.8571428571428571
0.7045454545454546,0.7142857142857143,"{""clf__C"": 243.14537412227003, ""clf__gamma"": 0.0004992453416923984, ""clf__class_weight"": ""balanced""}",0.2038841702002433,"[[54, 23], [3, 8]]",arousal,0.5934612651030562,0.7045454545454546,0.7528429282160626,3,0.2727272727272727,,23,0.2987012987012987,0.24087591240875916,0.6523290043596088,0.2967198802971756,subject_dependent,rbf_svm,0.9473684210526315,0.25806451612903225,0.37170173155563657,0.6027164685908319,0.7045454545454546,0.8612054329371817,0.7142857142857143,0.7045454545454546,0.7045454545454546,0.7615112160566706,54,0.7012987012987013,8,0.7272727272727273,0.875,0.9285714285714286,0.12963699550288593,"[[6, 1], [0, 1]]",0.7948717948717949,0.875,0.8910256410256411,0,0.0,1,0.14285714285714285,0.6,0.43294286790012104,0.6546536707079772,1.0,0.5,1.0,0.75,0.875,0.9375,0.9285714285714286,0.875,0.875,1.0,6,0.8571428571428571,1,1.0
0.6477272727272727,0.7207792207792207,"{""clf__C"": 32.32518791282502, ""clf__gamma"": 0.0005104518230902811, ""clf__class_weight"": ""balanced""}",0.2059268371086313,"[[9, 2], [29, 48]]",arousal,0.5616262252932669,0.6477272727272727,0.7073356901815844,29,0.37662337662337664,,2,0.18181818181818182,0.21518987341772156,0.5986774267908122,0.29481738963820076,subject_dependent,rbf_svm,0.23684210526315788,0.96,0.9624009768549643,0.598421052631579,0.6477272727272727,0.8696052631578948,0.7207792207792207,0.6477272727272727,0.6477272727272727,0.7508854781582055,9,0.8181818181818182,48,0.6233766233766234,0.875,0.9285714285714286,0.16359027443144453,"[[1, 0], [1, 6]]",0.7948717948717949,0.875,0.8910256410256411,1,0.14285714285714285,0,0.0,0.6,0.49671107451182406,0.6546536707079772,0.5,1.0,0.9821428571428572,0.75,0.875,0.9375,0.9285714285714286,0.875,0.875,0.8571428571428571,1,1.0,6,0.8571428571428571
0.48863636363636365,0.4878787878787879,"{""clf__C"": 183.42628625395747, ""clf__gamma"": 0.0001005394019469303, ""clf__class_weight"": ""balanced""}",0.31361921176688323,"[[27, 28], [17, 16]]",arousal,0.4805194805194805,0.48863636363636365,0.49675324675324667,17,0.5151515151515151,,28,0.509090909090909,-0.022727272727272707,0.8694086602156715,-0.02347262634065101,subject_dependent,rbf_svm,0.6136363636363636,0.36363636363636365,0.3904592751138676,0.48863636363636365,0.48863636363636365,0.5198863636363636,0.4878787878787879,0.48863636363636365,0.48863636363636365,0.4837465564738292,27,0.4909090909090909,16,0.48484848484848486,0.375,0.43333333333333335,0.2706856223469499,"[[1, 4], [1, 2]]",0.36507936507936506,0.375,0.34523809523809523,1,0.3333333333333333,4,0.8,-0.11111111111111116,0.7353368756291148,-0.14907119849998599,0.5,0.3333333333333333,0.44285714285714284,0.41666666666666663,0.375,0.4375,0.43333333333333335,0.375,0.375,0.4666666666666666,1,0.2,2,0.6666666666666666
0.5340909090909091,0.5606060606060606,"{""clf__C"": 243.14537412227003, ""clf__gamma"": 0.0004992453416923984, ""clf__class_weight"": ""balanced""}",0.30236421486723075,"[[25, 30], [11, 22]]",arousal,0.5335488041370395,0.5340909090909091,0.537524240465417,11,0.3333333333333333,,30,0.5454545454545454,0.10869565217391308,0.8500101781324624,0.11935247900657216,subject_dependent,rbf_svm,0.6944444444444444,0.4230769230769231,0.4287844232901412,0.5587606837606838,0.5340909090909091,0.5926816239316239,0.5606060606060606,0.5340909090909091,0.5340909090909091,0.5608815426997245,25,0.45454545454545453,22,0.6666666666666666,0.375,0.43333333333333335,0.2577402581825041,"[[1, 4], [1, 2]]",0.36507936507936506,0.375,0.34523809523809523,1,0.3333333333333333,4,0.8,-0.11111111111111116,0.7054461517830908,-0.14907119849998599,0.5,0.3333333333333333,0.6428571428571429,0.41666666666666663,0.375,0.4375,0.43333333333333335,0.375,0.375,0.6,1,0.2,2,0.6666666666666666
0.3977272727272727,0.41515151515151516,"{""clf__C"": 262.30889101079146, ""clf__gamma"": 0.0025135566617708314, ""clf__class_weight"": null}",0.39675815867518677,"[[16, 17], [36, 19]]",arousal,0.3970265029088559,0.3977272727272727,0.4021654815772463,36,0.6545454545454545,,17,0.5151515151515151,-0.15217391304347827,1.24930685008635,-0.16709347060920102,subject_dependent,rbf_svm,0.3076923076923077,0.5277777777777778,0.5790727240092245,0.41773504273504275,0.3977272727272727,0.4452457264957265,0.41515151515151516,0.3977272727272727,0.3977272727272727,0.4225895316804408,16,0.48484848484848486,19,0.34545454545454546,0.25,0.26666666666666666,0.3249701724046477,"[[1, 2], [4, 1]]",0.25,0.25,0.25,4,0.8,2,0.6666666666666666,-0.41176470588235303,0.8522197016517263,-0.4666666666666667,0.2,0.3333333333333333,0.6592857142857143,0.26666666666666666,0.25,0.2833333333333333,0.26666666666666666,0.25,0.25,0.33333333333333337,1,0.3333333333333333,1,0.2
0.5909090909090909,0.5878787878787879,"{""clf__C"": 183.42628625395747, ""clf__gamma"": 0.0001005394019469303, ""clf__class_weight"": ""balanced""}",0.2550625603262382,"[[19, 14], [22, 33]]",arousal,0.5802861685214626,0.5909090909090909,0.5969793322734499,22,0.4,,14,0.42424242424242425,0.16763005780346818,0.7162840752800814,0.1705734804408881,subject_dependent,rbf_svm,0.4634146341463415,0.7021276595744681,0.6947648087569939,0.5827711468604048,0.5909090909090909,0.6126102750389205,0.5878787878787879,0.5909090909090909,0.5909090909090909,0.6231404958677685,19,0.5757575757575758,33,0.6,0.75,0.8,0.22776806358772908,"[[3, 0], [2, 3]]",0.75,0.75,0.75,2,0.4,0,0.0,0.5294117647058824,0.648349033948108,0.6,0.6,1.0,0.9266666666666666,0.8,0.75,0.85,0.8,0.75,0.75,0.8666666666666667,3,1.0,3,0.6
0.4318181818181818,0.406060606060606,"{""clf__C"": 262.30889101079146, ""clf__gamma"": 0.0025135566617708314, ""clf__class_weight"": null}",0.38031245741949776,"[[10, 23], [27, 28]]",arousal,0.40700808625336926,0.4318181818181818,0.43733153638814015,27,0.4909090909090909,,23,0.696969696969697,-0.18343195266272194,1.1194600641923542,-0.1842595958355521,subject_dependent,rbf_svm,0.2702702702702703,0.5490196078431373,0.6048802926382041,0.4096449390567038,0.4318181818181818,0.4444886062533122,0.406060606060606,0.4318181818181818,0.4318181818181818,0.4110192837465565,10,0.30303030303030304,28,0.509090909090909,0.375,0.3666666666666667,0.3085049576227217,"[[1, 2], [3, 2]]",0.36507936507936506,0.375,0.38492063492063494,3,0.6,2,0.6666666666666666,-0.25,0.8154011352677203,-0.2581988897471611,0.25,0.5,0.6392857142857143,0.375,0.375,0.40625,0.3666666666666667,0.375,0.375,0.2666666666666667,1,0.3333333333333333,2,0.4
0.6477272727272727,0.6212121212121212,"{""clf__C"": 262.30889101079146, ""clf__gamma"": 0.0025135566617708314, ""clf__class_weight"": null}",0.26846046375960914,"[[17, 16], [15, 40]]",arousal,0.621898821898822,0.6477272727272727,0.6466042966042966,15,0.2727272727272727,,16,0.48484848484848486,0.24390243902439024,0.910942886559225,0.24397501823713327,subject_dependent,rbf_svm,0.53125,0.7142857142857143,0.8152765855753703,0.6227678571428572,0.6477272727272727,0.6456473214285714,0.6212121212121212,0.6477272727272727,0.6477272727272727,0.6958677685950414,17,0.5151515151515151,40,0.7272727272727273,0.625,0.5666666666666667,0.18922378201320414,"[[1, 2], [1, 4]]",0.5636363636363637,0.625,0.6045454545454546,1,0.2,2,0.6666666666666666,0.1428571428571429,0.5378337019616821,0.14907119849998599,0.5,0.6666666666666666,0.852857142857143,0.5833333333333333,0.625,0.6041666666666666,0.5666666666666667,0.625,0.625,0.7333333333333334,1,0.3333333333333333,4,0.8
0.7386363636363636,0.7386363636363636,"{""clf__C"": 13.411788774467905, ""clf__gamma"": 0.00026210878782654407, ""clf__class_weight"": ""balanced""}",0.1867582818219148,"[[37, 7], [16, 28]]",arousal,0.7358736787159076,0.7386363636363636,0.7358736787159075,16,0.36363636363636365,,7,0.1590909090909091,0.4772727272727273,0.5498847159874685,0.4875816332232007,subject_dependent,rbf_svm,0.6981132075471698,0.8,0.7998712641849407,0.7490566037735849,0.7386363636363636,0.749056603773585,0.7386363636363636,0.7386363636363636,0.7386363636363636,0.8006198347107437,37,0.8409090909090909,28,0.6363636363636364,0.75,0.75,0.13907996260958197,"[[4, 0], [2, 2]]",0.7333333333333334,0.75,0.7333333333333334,2,0.5,0,0.0,0.5,0.4470251643239065,0.5773502691896258,0.6666666666666666,1.0,0.95,0.8333333333333333,0.75,0.8333333333333333,0.75,0.75,0.75,0.9375,4,1.0,2,0.5
0.6022727272727273,0.42207792207792205,"{""clf__C"": 0.21466070134458173, ""clf__gamma"": 0.0012955517240662183, ""clf__class_weight"": ""balanced""}",0.21904240967531868,"[[2, 9], [26, 51]]",arousal,0.423544825004679,0.6022727272727273,0.6642803668351114,26,0.33766233766233766,,9,0.8181818181818182,-0.09375,0.6278565003334388,-0.11065666703449763,subject_dependent,rbf_svm,0.07142857142857142,0.85,0.8944445911651849,0.4607142857142857,0.6022727272727273,0.7526785714285715,0.42207792207792205,0.6022727272727273,0.6022727272727273,0.4675324675324676,2,0.18181818181818182,51,0.6623376623376623,0.625,0.35714285714285715,0.19431911911791855,"[[0, 1], [2, 5]]",0.38461538461538464,0.625,0.6730769230769231,2,0.2857142857142857,1,1.0,-0.19999999999999996,0.5632871365414576,-0.2182178902359924,0.0,0.8333333333333334,0.9093537414965986,0.4166666666666667,0.625,0.7291666666666667,0.35714285714285715,0.625,0.625,0.42857142857142855,0,0.0,5,0.7142857142857143
0.75,0.75,"{""clf__C"": 0.40069130793659025, ""clf__gamma"": 0.0014899847475658245, ""clf__class_weight"": ""balanced""}",0.18830690145796722,"[[26, 18], [4, 40]]",arousal,0.7435082140964494,0.75,0.7435082140964494,4,0.09090909090909091,,18,0.4090909090909091,0.5,0.5596918768714502,0.5274096316339225,subject_dependent,rbf_svm,0.8666666666666667,0.6896551724137931,0.7862705545762534,0.7781609195402299,0.75,0.7781609195402299,0.75,0.75,0.75,0.8073347107438017,26,0.5909090909090909,40,0.9090909090909091,0.875,0.875,0.1588589170480449,"[[3, 1], [0, 4]]",0.873015873015873,0.875,0.873015873015873,0,0.0,1,0.25,0.75,0.5002426006239484,0.7745966692414834,1.0,0.8,1.0,0.9,0.875,0.9,0.875,0.875,0.875,1.0,3,0.75,4,1.0
0.5227272727272727,0.48484848484848486,"{""clf__C"": 32.32518791282502, ""clf__gamma"": 0.0005104518230902811, ""clf__class_weight"": ""balanced""}",0.33136177580798254,"[[11, 22], [20, 35]]",arousal,0.484375,0.5227272727272727,0.51953125,20,0.36363636363636365,,22,0.6666666666666666,-0.030674846625766916,0.9490986691003666,-0.030711858633197815,subject_dependent,rbf_svm,0.3548387096774194,0.6140350877192983,0.7491834706951932,0.4844368986983588,0.5227272727272727,0.5168364459535937,0.48484848484848486,0.5227272727272727,0.5227272727272727,0.5702479338842975,11,0.3333333333333333,35,0.6363636363636364,0.5,0.4666666666666667,0.2741607629935721,"[[1, 2], [2, 3]]",0.4666666666666667,0.5,0.5,2,0.4,2,0.6666666666666666,-0.06666666666666665,0.7277899605757188,-0.06666666666666667,0.3333333333333333,0.6,0.8392857142857143,0.4666666666666667,0.5,0.5,0.4666666666666667,0.5,0.5,0.6,1,0.3333333333333333,3,0.6
0.5454545454545454,0.45454545454545453,"{""clf__C"": 48.43827864278568, ""clf__gamma"": 0.00039459088111000007, ""clf__class_weight"": ""balanced""}",0.23108138250919705,"[[6, 16], [24, 42]]",arousal,0.4540942928039702,0.5454545454545454,0.56575682382134,24,0.36363636363636365,,16,0.7272727272727273,-0.08108108108108114,0.6501856449396315,-0.08304547985373997,subject_dependent,rbf_svm,0.2,0.7241379310344828,0.8049690188083275,0.4620689655172414,0.5454545454545454,0.593103448275862,0.45454545454545453,0.5454545454545454,0.5454545454545454,0.5041322314049587,6,0.2727272727272727,42,0.6363636363636364,0.625,0.4166666666666667,0.2126678981155461,"[[0, 2], [1, 5]]",0.38461538461538464,0.625,0.576923076923077,1,0.16666666666666666,2,1.0,-0.19999999999999996,0.6089375139666797,-0.2182178902359924,0.0,0.7142857142857143,0.8357142857142856,0.35714285714285715,0.625,0.5357142857142857,0.4166666666666667,0.625,0.625,0.5,0,0.0,5,0.8333333333333334
0.5454545454545454,0.5151515151515151,"{""clf__C"": 13.411788774467905, ""clf__gamma"": 0.00026210878782654407, ""clf__class_weight"": ""balanced""}",0.2602389677659815,"[[13, 20], [20, 35]]",arousal,0.5151515151515151,0.5454545454545454,0.5454545454545454,20,0.36363636363636365,,20,0.6060606060606061,0.030303030303030276,0.7198816453731013,0.030303030303030304,subject_dependent,rbf_svm,0.3939393939393939,0.6363636363636364,0.6299586733839763,0.5151515151515151,0.5454545454545454,0.5454545454545454,0.5151515151515151,0.5454545454545454,0.5454545454545454,0.487603305785124,13,0.3939393939393939,35,0.6363636363636364,0.5,0.4,0.247277136187458,"[[0, 3], [1, 4]]",0.3333333333333333,0.5,0.41666666666666663,1,0.2,3,1.0,-0.23076923076923084,0.6874061022478137,-0.29277002188455997,0.0,0.5714285714285714,0.7226190476190476,0.2857142857142857,0.5,0.3571428571428571,0.4,0.5,0.5,0.4666666666666667,0,0.0,4,0.8
0.5681818181818182,0.45454545454545453,"{""clf__C"": 235.1599274057192, ""clf__gamma"": 0.021154290797261225, ""clf__class_weight"": ""balanced""}",0.32581345838870807,"[[5, 17], [21, 45]]",arousal,0.4557291666666667,0.5681818181818182,0.5794270833333334,21,0.3181818181818182,,17,0.7727272727272727,-0.08571428571428563,0.9059936391191621,-0.08627959628145762,subject_dependent,rbf_svm,0.19230769230769232,0.7258064516129032,0.7461158915683201,0.45905707196029777,0.5681818181818182,0.5924317617866005,0.45454545454545453,0.5681818181818182,0.5681818181818182,0.40426997245179064,5,0.22727272727272727,45,0.6818181818181818,0.5,0.3333333333333333,0.27189699849876103,"[[0, 2], [2, 4]]",0.3333333333333333,0.5,0.5,2,0.3333333333333333,2,1.0,-0.33333333333333326,0.7453571068151112,-0.3333333333333333,0.0,0.6666666666666666,0.6968253968253968,0.3333333333333333,0.5,0.5,0.3333333333333333,0.5,0.5,0.3333333333333333,0,0.0,4,0.6666666666666666
0.4318181818181818,0.46969696969696967,"{""clf__C"": 183.42628625395747, ""clf__gamma"": 0.0001005394019469303, ""clf__class_weight"": ""balanced""}",0.3180740027460674,"[[12, 10], [40, 26]]",arousal,0.4170641229464759,0.4318181818181818,0.46343402225755165,40,0.6060606060606061,,10,0.45454545454545453,-0.04166666666666674,0.8892396501682505,-0.05337605126836238,subject_dependent,rbf_svm,0.23076923076923078,0.7222222222222222,0.7101668887040663,0.47649572649572647,0.4318181818181818,0.5993589743589743,0.46969696969696967,0.4318181818181818,0.4318181818181818,0.4180440771349862,12,0.5454545454545454,26,0.3939393939393939,0.375,0.25,0.2743879138211147,"[[0, 2], [3, 3]]",0.2727272727272727,0.375,0.40909090909090906,3,0.5,2,1.0,-0.4285714285714286,0.7422813252240114,-0.4472135954999579,0.0,0.6,0.8134920634920635,0.3,0.375,0.44999999999999996,0.25,0.375,0.375,0.41666666666666663,0,0.0,3,0.5
0.38636363636363635,0.4121212121212121,"{""clf__C"": 0.4342298948286134, ""clf__gamma"": 0.0008179499475211679, ""clf__class_weight"": ""balanced""}",0.24165344974607522,"[[17, 16], [38, 17]]",arousal,0.38636363636363635,0.38636363636363635,0.38636363636363635,38,0.6909090909090909,,16,0.48484848484848486,-0.15508021390374327,0.6764352152136631,-0.17575757575757575,subject_dependent,rbf_svm,0.3090909090909091,0.5151515151515151,0.5401859706724133,0.4121212121212121,0.38636363636363635,0.43787878787878787,0.4121212121212121,0.38636363636363635,0.38636363636363635,0.3035812672176308,17,0.5151515151515151,17,0.3090909090909091,0.625,0.5,0.24162740832678042,"[[0, 3], [0, 5]]",0.38461538461538464,0.625,0.4807692307692308,0,0.0,3,1.0,0.0,0.67638452964609,0.0,0.0,0.625,0.5726190476190476,0.3125,0.625,0.390625,0.5,0.625,0.625,0.2666666666666667,0,0.0,5,1.0
0.8522727272727273,0.8515151515151516,"{""clf__C"": 13.411788774467905, ""clf__gamma"": 0.00026210878782654407, ""clf__class_weight"": ""balanced""}",0.10925860825711214,"[[47, 8], [5, 28]]",arousal,0.8450494378978735,0.8522727272727273,0.8534132466477042,5,0.15151515151515152,,8,0.14545454545454545,0.6904761904761905,0.3603123812013236,0.6922443782381185,subject_dependent,rbf_svm,0.9038461538461539,0.7777777777777778,0.8823265594708639,0.8408119658119658,0.8522727272727273,0.8565705128205128,0.8515151515151516,0.8522727272727273,0.8522727272727273,0.9206611570247935,47,0.8545454545454545,28,0.8484848484848485,0.875,0.9,0.08631320731608781,"[[4, 1], [0, 3]]",0.873015873015873,0.875,0.876984126984127,0,0.0,1,0.2,0.75,0.31440441213482473,0.7745966692414834,1.0,0.75,1.0,0.875,0.875,0.90625,0.9,0.875,0.875,1.0,4,0.8,3,1.0
0.6590909090909091,0.6909090909090909,"{""clf__C"": 183.42628625395747, ""clf__gamma"": 0.0001005394019469303, ""clf__class_weight"": ""balanced""}",0.254093699979775,"[[31, 24], [6, 27]]",arousal,0.6583850931677019,0.6590909090909091,0.6622670807453416,6,0.18181818181818182,,24,0.43636363636363634,0.34426229508196726,0.7301408654807862,0.3744630496012833,subject_dependent,rbf_svm,0.8378378378378378,0.5294117647058824,0.6733130635961712,0.6836248012718601,0.6590909090909091,0.7221780604133545,0.6909090909090909,0.6590909090909091,0.6590909090909091,0.731129476584022,31,0.5636363636363636,27,0.8181818181818182,0.625,0.7,0.20082824553614767,"[[2, 3], [0, 3]]",0.6190476190476191,0.625,0.6071428571428571,0,0.0,3,0.6,0.33333333333333337,0.5799849473285238,0.4472135954999579,1.0,0.5,0.9166666666666666,0.75,0.625,0.8125,0.7,0.625,0.625,0.9333333333333333,2,0.4,3,1.0
0.6136363636363636,0.6136363636363636,"{""clf__C"": 7.709391232564023, ""clf__gamma"": 0.00026471141828218194, ""clf__class_weight"": null}",0.23772661034243206,"[[23, 21], [13, 31]]",arousal,0.6104166666666666,0.6136363636363636,0.6104166666666667,13,0.29545454545454547,,21,0.4772727272727273,0.2272727272727273,0.6892988232100415,0.23112508176051214,subject_dependent,rbf_svm,0.6388888888888888,0.5961538461538461,0.6471805216709274,0.6175213675213675,0.6136363636363636,0.6175213675213675,0.6136363636363636,0.6136363636363636,0.6136363636363636,0.6849173553719008,23,0.5227272727272727,31,0.7045454545454546,0.75,0.75,0.1964515521387451,"[[2, 2], [0, 4]]",0.7333333333333334,0.75,0.7333333333333334,0,0.0,2,0.5,0.5,0.5751505035553244,0.5773502691896258,1.0,0.6666666666666666,0.7708333333333333,0.8333333333333333,0.75,0.8333333333333333,0.75,0.75,0.75,0.75,2,0.5,4,1.0
0.5113636363636364,0.5666666666666667,"{""clf__C"": 13.411788774467905, ""clf__gamma"": 0.00026210878782654407, ""clf__class_weight"": ""balanced""}",0.2923009678821107,"[[26, 7], [36, 19]]",arousal,0.5082521117608837,0.5113636363636364,0.49847303443794677,36,0.6545454545454545,,7,0.21212121212121213,0.11340206185567014,0.7974681268621183,0.14147983106149004,subject_dependent,rbf_svm,0.41935483870967744,0.7307692307692307,0.7017049506748685,0.575062034739454,0.5113636363636364,0.6139888337468983,0.5666666666666667,0.5113636363636364,0.5113636363636364,0.5636363636363637,26,0.7878787878787878,19,0.34545454545454546,0.625,0.7,0.27272893466603654,"[[3, 0], [3, 2]]",0.6190476190476191,0.625,0.6071428571428571,3,0.6,0,0.0,0.33333333333333337,0.7508344419890692,0.4472135954999579,0.5,1.0,0.8583333333333333,0.75,0.625,0.8125,0.7,0.625,0.625,0.6666666666666667,3,1.0,2,0.4
0.6931818181818182,0.693939393939394,"{""clf__C"": 0.40069130793659025, ""clf__gamma"": 0.0014899847475658245, ""clf__class_weight"": ""balanced""}",0.19373818736893658,"[[23, 10], [17, 38]]",arousal,0.6840005319856364,0.6931818181818182,0.697466418406703,17,0.3090909090909091,,10,0.30303030303030304,0.37209302325581395,0.5680287880042453,0.37712361663282534,subject_dependent,rbf_svm,0.575,0.7916666666666666,0.8658458007205848,0.6833333333333333,0.6931818181818182,0.7104166666666667,0.693939393939394,0.6931818181818182,0.6931818181818182,0.7765840220385675,23,0.696969696969697,38,0.6909090909090909,0.875,0.9,0.1726776670624112,"[[3, 0], [1, 4]]",0.873015873015873,0.875,0.876984126984127,1,0.2,0,0.0,0.75,0.529428643419254,0.7745966692414834,0.75,1.0,0.9428571428571428,0.875,0.875,0.90625,0.9,0.875,0.875,0.8666666666666667,3,1.0,4,0.8
0.6931818181818182,0.5833333333333333,"{""clf__C"": 1.351144633701368, ""clf__gamma"": 0.015446089075047083, ""clf__class_weight"": ""balanced""}",0.2370515833784301,"[[8, 14], [13, 53]]",arousal,0.5845427522294107,0.6931818181818182,0.690767616716209,13,0.19696969696969696,,14,0.6363636363636364,0.16923076923076918,0.7812652580297003,0.16931093539785705,subject_dependent,rbf_svm,0.38095238095238093,0.7910447761194029,0.9090812437981368,0.5859985785358919,0.6931818181818182,0.6885216773276475,0.5833333333333333,0.6931818181818182,0.6931818181818182,0.725206611570248,8,0.36363636363636365,53,0.803030303030303,0.625,0.4166666666666667,0.18310996228864812,"[[0, 2], [1, 5]]",0.38461538461538464,0.625,0.576923076923077,1,0.16666666666666666,2,1.0,-0.19999999999999996,0.4835974194139091,-0.2182178902359924,0.0,0.7142857142857143,0.9107142857142857,0.35714285714285715,0.625,0.5357142857142857,0.4166666666666667,0.625,0.625,0.6666666666666666,0,0.0,5,0.8333333333333334
0.2727272727272727,0.4675324675324676,"{""clf__C"": 166.2878326769575, ""clf__gamma"": 0.008979064194712979, ""clf__class_weight"": ""balanced""}",0.6361662184823648,"[[8, 3], [61, 16]]",arousal,0.26666666666666666,0.2727272727272727,0.31666666666666665,61,0.7922077922077922,,3,0.2727272727272727,-0.019920318725099584,2.8124664211576005,-0.05219388670016826,subject_dependent,rbf_svm,0.11594202898550725,0.8421052631578947,0.820839727277499,0.47902364607170095,0.2727272727272727,0.7513348588863462,0.4675324675324676,0.2727272727272727,0.2727272727272727,0.29043683589138136,8,0.7272727272727273,16,0.2077922077922078,0.125,0.5,0.589515435918186,"[[1, 0], [7, 0]]",0.1111111111111111,0.125,0.027777777777777776,7,1.0,0,0.0,0.0,2.2891588297147702,0.0,0.125,0.0,0.8260204081632654,0.0625,0.125,0.015625,0.5,0.125,0.125,0.14285714285714285,1,1.0,0,0.0
0.5909090909090909,0.6121212121212121,"{""clf__C"": 235.1599274057192, ""clf__gamma"": 0.021154290797261225, ""clf__class_weight"": ""balanced""}",0.3491617186712532,"[[23, 10], [26, 29]]",arousal,0.5889984431759212,0.5909090909090909,0.596004151530877,26,0.4727272727272727,,10,0.30303030303030304,0.20441988950276246,1.4978891142792208,0.21853738951431967,subject_dependent,rbf_svm,0.46938775510204084,0.7435897435897436,0.7927458361599383,0.6064887493458923,0.5909090909090909,0.6407639979068551,0.6121212121212121,0.5909090909090909,0.5909090909090909,0.6677685950413224,23,0.696969696969697,29,0.5272727272727272,0.5,0.5333333333333333,0.32470244142278526,"[[2, 1], [3, 2]]",0.5,0.5,0.5,3,0.6,1,0.3333333333333333,0.05882352941176472,1.0148733759841897,0.06666666666666667,0.4,0.6666666666666666,0.852857142857143,0.5333333333333333,0.5,0.5666666666666667,0.5333333333333333,0.5,0.5,0.7333333333333334,2,0.6666666666666666,2,0.4
0.5454545454545454,0.5454545454545454,"{""clf__C"": 53.72198163554894, ""clf__gamma"": 0.0003972110727381913, ""clf__class_weight"": null}",0.26784127674929264,"[[22, 22], [18, 26]]",arousal,0.5445134575569358,0.5454545454545454,0.5445134575569358,18,0.4090909090909091,,22,0.5,0.09090909090909094,0.7601213728027211,0.09128709291752768,subject_dependent,rbf_svm,0.55,0.5416666666666666,0.7450213751546471,0.5458333333333334,0.5454545454545454,0.5458333333333333,0.5454545454545454,0.5454545454545454,0.5454545454545454,0.6740702479338843,22,0.5,26,0.5909090909090909,0.75,0.75,0.23210808670614114,"[[3, 1], [1, 3]]",0.75,0.75,0.75,1,0.25,1,0.25,0.5,0.6461885090409796,0.5,0.75,0.75,0.7470238095238095,0.75,0.75,0.75,0.75,0.75,0.75,0.6875,3,0.75,3,0.75
0.6931818181818182,0.7242424242424242,"{""clf__C"": 0.21466070134458173, ""clf__gamma"": 0.0012955517240662183, ""clf__class_weight"": ""balanced""}",0.20126886214815806,"[[28, 5], [22, 33]]",arousal,0.6921881072677808,0.6931818181818182,0.6965604352895453,22,0.4,,5,0.15151515151515152,0.4065934065934066,0.5781482107125385,0.4383381695417284,subject_dependent,rbf_svm,0.56,0.868421052631579,0.8624021770688406,0.7142105263157895,0.6931818181818182,0.7527631578947368,0.7242424242424242,0.6931818181818182,0.6931818181818182,0.7192837465564738,28,0.8484848484848485,33,0.6,0.625,0.5666666666666667,0.20014797879868657,"[[1, 2], [1, 4]]",0.5636363636363637,0.625,0.6045454545454546,1,0.2,2,0.6666666666666666,0.1428571428571429,0.5754174360312447,0.14907119849998599,0.5,0.6666666666666666,0.8583333333333333,0.5833333333333333,0.625,0.6041666666666666,0.5666666666666667,0.625,0.625,0.6666666666666667,1,0.3333333333333333,4,0.8
