feature_tag,model,dimension,subject_id,split,train_trials_json,test_trials_json,metrics_json,best_params_json,grid_summary_json
D_select_l1_c1,rbf_svm,valence,1,0,"[19, 13, 24, 31, 7, 6, 35, 9, 20, 37, 10, 32, 14, 8, 12, 5, 36, 28, 39, 29, 22, 26, 33, 15, 1, 25, 11, 34, 18, 3, 38, 23]","[30, 2, 27, 17, 16, 21, 0, 4]","{""accuracy"": 0.5, ""balanced_accuracy"": 0.53, ""precision_macro"": 0.5296247531270573, ""precision_micro"": 0.5, ""precision_weighted"": 0.5625411454904542, ""recall_macro"": 0.53, ""recall_micro"": 0.5, ""recall_weighted"": 0.5, ""f1_macro"": 0.4999218627910611, ""f1_micro"": 0.5, ""f1_weighted"": 0.5014846069698391, ""mcc"": 0.05962357231202164, ""kappa"": 0.053254437869822535, ""confusion_matrix"": [[39, 21], [59, 41]], ""tp"": 41, ""tn"": 39, ""fp"": 21, ""fn"": 59, ""tpr"": 0.41, ""tnr"": 0.65, ""fpr"": 0.35, ""fnr"": 0.59, ""ppv"": 0.6612903225806451, ""npv"": 0.3979591836734694, ""roc_auc"": 0.5568333333333334, ""pr_auc"": 0.6781080468704732, ""log_loss"": 0.9725553566332259, ""brier"": 0.3360018649498828, ""trial_accuracy"": 0.375, ""trial_f1_macro"": 0.36507936507936506}","{""clf__C"": 100.0, ""clf__class_weight"": ""balanced"", ""clf__gamma"": 0.0001}","{""scores"": {""{'clf__C': 0.1, 'clf__class_weight': None, 'clf__gamma': 0.0001}"": 0.3153389053463112, ""{'clf__C': 0.1, 'clf__class_weight': None, 'clf__gamma': 0.001}"": 0.3153389053463112, ""{'clf__C': 0.1, 'clf__class_weight': None, 'clf__gamma': 0.01}"": 0.3449747175036471, ""{'clf__C': 0.1, 'clf__class_weight': None, 'clf__gamma': 0.1}"": 0.36187950738155844, ""{'clf__C': 0.1, 'clf__class_weight': 'balanced', 'clf__gamma': 0.0001}"": 0.3153389053463112, ""{'clf__C': 0.1, 'clf__class_weight': 'balanced', 'clf__gamma': 0.001}"": 0.3153389053463112, ""{'clf__C': 0.1, 'clf__class_weight': 'balanced', 'clf__gamma': 0.01}"": 0.4596219303531482, ""{'clf__C': 0.1, 'clf__class_weight': 'balanced', 'clf__gamma': 0.1}"": 0.36187950738155844, ""{'clf__C': 1.0, 'clf__class_weight': None, 'clf__gamma': 0.0001}"": 0.3153389053463112, ""{'clf__C': 1.0, 'clf__class_weight': None, 'clf__gamma': 0.001}"": 0.45616953144217603, ""{'clf__C': 1.0, 'clf__class_weight': None, 'clf__gamma': 0.01}"": 0.4937071452326125, ""{'clf__C': 1.0, 'clf__class_weight': None, 'clf__gamma': 0.1}"": 0.3852140398563723, ""{'clf__C': 1.0, 'clf__class_weight': 'balanced', 'clf__gamma': 0.0001}"": 0.32160790230679753, ""{'clf__C': 1.0, 'clf__class_weight': 'balanced', 'clf__gamma': 0.001}"": 0.5105881951956076, ""{'clf__C': 1.0, 'clf__class_weight': 'balanced', 'clf__gamma': 0.01}"": 0.49662668178560754, ""{'clf__C': 1.0, 'clf__class_weight': 'balanced', 'clf__gamma': 0.1}"": 0.38879875250707424, ""{'clf__C': 10.0, 'clf__class_weight': None, 'clf__gamma': 0.0001}"": 0.4596334876895021, ""{'clf__C': 10.0, 'clf__class_weight': None, 'clf__gamma': 0.001}"": 0.5084714675471463, ""{'clf__C': 10.0, 'clf__class_weight': None, 'clf__gamma': 0.01}"": 0.5067782530156252, ""{'clf__C': 10.0, 'clf__class_weight': None, 'clf__gamma': 0.1}"": 0.388411757640932, ""{'clf__C': 10.0, 'clf__class_weight': 'balanced', 'clf__gamma': 0.0001}"": 0.5184301339400582, ""{'clf__C': 10.0, 'clf__class_weight': 'balanced', 'clf__gamma': 0.001}"": 0.5178012186036506, ""{'clf__C': 10.0, 'clf__class_weight': 'balanced', 'clf__gamma': 0.01}"": 0.5067782530156252, ""{'clf__C': 10.0, 'clf__class_weight': 'balanced', 'clf__gamma': 0.1}"": 0.388411757640932, ""{'clf__C': 100.0, 'clf__class_weight': None, 'clf__gamma': 0.0001}"": 0.5147154638280401, ""{'clf__C': 100.0, 'clf__class_weight': None, 'clf__gamma': 0.001}"": 0.5030209226872494, ""{'clf__C': 100.0, 'clf__class_weight': None, 'clf__gamma': 0.01}"": 0.5067782530156252, ""{'clf__C': 100.0, 'clf__class_weight': None, 'clf__gamma': 0.1}"": 0.388411757640932, ""{'clf__C': 100.0, 'clf__class_weight': 'balanced', 'clf__gamma': 0.0001}"": 0.5366158848461599, ""{'clf__C': 100.0, 'clf__class_weight': 'balanced', 'clf__gamma': 0.001}"": 0.50659856548817, ""{'clf__C': 100.0, 'clf__class_weight': 'balanced', 'clf__gamma': 0.01}"": 0.5067782530156252, ""{'clf__C': 100.0, 'clf__class_weight': 'balanced', 'clf__gamma': 0.1}"": 0.388411757640932}, ""best_score"": 0.5366158848461599}"
D_select_l1_c1,rbf_svm,valence,1,1,"[31, 15, 1, 24, 16, 9, 30, 0, 39, 11, 23, 5, 4, 28, 12, 13, 17, 6, 35, 18, 36, 14, 2, 19, 22, 37, 7, 33, 27, 10, 8, 38]","[21, 26, 29, 25, 34, 3, 32, 20]","{""accuracy"": 0.54375, ""balanced_accuracy"": 0.54375, ""precision_macro"": 0.5484848484848485, ""precision_micro"": 0.54375, ""precision_weighted"": 0.5484848484848485, ""recall_macro"": 0.54375, ""recall_micro"": 0.54375, ""recall_weighted"": 0.54375, ""f1_macro"": 0.5323323323323323, ""f1_micro"": 0.54375, ""f1_weighted"": 0.5323323323323323, ""mcc"": 0.09211323729436766, ""kappa"": 0.08750000000000002, ""confusion_matrix"": [[56, 24], [49, 31]], ""tp"": 31, ""tn"": 56, ""fp"": 24, ""fn"": 49, ""tpr"": 0.3875, ""tnr"": 0.7, ""fpr"": 0.3, ""fnr"": 0.6125, ""ppv"": 0.5636363636363636, ""npv"": 0.5333333333333333, ""roc_auc"": 0.51171875, ""pr_auc"": 0.558723144251525, ""log_loss"": 1.0011563550201192, ""brier"": 0.3293584868221352, ""trial_accuracy"": 0.75, ""trial_f1_macro"": 0.7333333333333334}","{""clf__C"": 100.0, ""clf__class_weight"": ""balanced"", ""clf__gamma"": 0.001}","{""scores"": {""{'clf__C': 0.1, 'clf__class_weight': None, 'clf__gamma': 0.0001}"": 0.34640522875817, ""{'clf__C': 0.1, 'clf__class_weight': None, 'clf__gamma': 0.001}"": 0.34640522875817, ""{'clf__C': 0.1, 'clf__class_weight': None, 'clf__gamma': 0.01}"": 0.34640522875817, ""{'clf__C': 0.1, 'clf__class_weight': None, 'clf__gamma': 0.1}"": 0.34640522875817, ""{'clf__C': 0.1, 'clf__class_weight': 'balanced', 'clf__gamma': 0.0001}"": 0.3194444444444444, ""{'clf__C': 0.1, 'clf__class_weight': 'balanced', 'clf__gamma': 0.001}"": 0.3194444444444444, ""{'clf__C': 0.1, 'clf__class_weight': 'balanced', 'clf__gamma': 0.01}"": 0.4515259212557106, ""{'clf__C': 0.1, 'clf__class_weight': 'balanced', 'clf__gamma': 0.1}"": 0.3194444444444444, ""{'clf__C': 1.0, 'clf__class_weight': None, 'clf__gamma': 0.0001}"": 0.34640522875817, ""{'clf__C': 1.0, 'clf__class_weight': None, 'clf__gamma': 0.001}"": 0.4688464454296817, ""{'clf__C': 1.0, 'clf__class_weight': None, 'clf__gamma': 0.01}"": 0.5324671456147697, ""{'clf__C': 1.0, 'clf__class_weight': None, 'clf__gamma': 0.1}"": 0.3493831457632363, ""{'clf__C': 1.0, 'clf__class_weight': 'balanced', 'clf__gamma': 0.0001}"": 0.42089844243305113, ""{'clf__C': 1.0, 'clf__class_weight': 'balanced', 'clf__gamma': 0.001}"": 0.49997645061790763, ""{'clf__C': 1.0, 'clf__class_weight': 'balanced', 'clf__gamma': 0.01}"": 0.5341187136327458, ""{'clf__C': 1.0, 'clf__class_weight': 'balanced', 'clf__gamma': 0.1}"": 0.352231918408389, ""{'clf__C': 10.0, 'clf__class_weight': None, 'clf__gamma': 0.0001}"": 0.4797288009323755, ""{'clf__C': 10.0, 'clf__class_weight': None, 'clf__gamma': 0.001}"": 0.5321207119519731, ""{'clf__C': 10.0, 'clf__class_weight': None, 'clf__gamma': 0.01}"": 0.5287556750426573, ""{'clf__C': 10.0, 'clf__class_weight': None, 'clf__gamma': 0.1}"": 0.352231918408389, ""{'clf__C': 10.0, 'clf__class_weight': 'balanced', 'clf__gamma': 0.0001}"": 0.5184467491557697, ""{'clf__C': 10.0, 'clf__class_weight': 'balanced', 'clf__gamma': 0.001}"": 0.5343309625248291, ""{'clf__C': 10.0, 'clf__class_weight': 'balanced', 'clf__gamma': 0.01}"": 0.5270902226671569, ""{'clf__C': 10.0, 'clf__class_weight': 'balanced', 'clf__gamma': 0.1}"": 0.352231918408389, ""{'clf__C': 100.0, 'clf__class_weight': None, 'clf__gamma': 0.0001}"": 0.5330325445142864, ""{'clf__C': 100.0, 'clf__class_weight': None, 'clf__gamma': 0.001}"": 0.5353573327257538, ""{'clf__C': 100.0, 'clf__class_weight': None, 'clf__gamma': 0.01}"": 0.5287556750426573, ""{'clf__C': 100.0, 'clf__class_weight': None, 'clf__gamma': 0.1}"": 0.352231918408389, ""{'clf__C': 100.0, 'clf__class_weight': 'balanced', 'clf__gamma': 0.0001}"": 0.531114871448965, ""{'clf__C': 100.0, 'clf__class_weight': 'balanced', 'clf__gamma': 0.001}"": 0.5387739036067455, ""{'clf__C': 100.0, 'clf__class_weight': 'balanced', 'clf__gamma': 0.01}"": 0.5287556750426573, ""{'clf__C': 100.0, 'clf__class_weight': 'balanced', 'clf__gamma': 0.1}"": 0.352231918408389}, ""best_score"": 0.5387739036067455}"
D_select_l1_c1,rbf_svm,valence,2,0,"[36, 5, 11, 38, 19, 15, 27, 17, 31, 26, 16, 12, 8, 2, 9, 18, 10, 0, 33, 29, 14, 1, 24, 4, 21, 13, 6, 28, 30, 7, 34, 25]","[22, 23, 37, 39, 32, 3, 35, 20]","{""accuracy"": 0.5, ""balanced_accuracy"": 0.30714285714285716, ""precision_macro"": 0.4111257406188282, ""precision_micro"": 0.5, ""precision_weighted"": 0.707373271889401, ""recall_macro"": 0.30714285714285716, ""recall_micro"": 0.5, ""recall_weighted"": 0.5, ""f1_macro"": 0.3441278950604632, ""f1_micro"": 0.5, ""f1_weighted"": 0.5839311334289813, ""mcc"": -0.26183991855939326, ""kappa"": -0.20300751879699241, ""confusion_matrix"": [[79, 61], [19, 1]], ""tp"": 1, ""tn"": 79, ""fp"": 61, ""fn"": 19, ""tpr"": 0.05, ""tnr"": 0.5642857142857143, ""fpr"": 0.4357142857142857, ""fnr"": 0.95, ""ppv"": 0.016129032258064516, ""npv"": 0.8061224489795918, ""roc_auc"": 0.23142857142857143, ""pr_auc"": 0.08161299413740232, ""log_loss"": 0.9611611804583712, ""brier"": 0.33126839400571606, ""trial_accuracy"": 0.625, ""trial_f1_macro"": 0.38461538461538464}","{""clf__C"": 1.0, ""clf__class_weight"": ""balanced"", ""clf__gamma"": 0.001}","{""scores"": {""{'clf__C': 0.1, 'clf__class_weight': None, 'clf__gamma': 0.0001}"": 0.28829365079365077, ""{'clf__C': 0.1, 'clf__class_weight': None, 'clf__gamma': 0.001}"": 0.28829365079365077, ""{'clf__C': 0.1, 'clf__class_weight': None, 'clf__gamma': 0.01}"": 0.5228088940385079, ""{'clf__C': 0.1, 'clf__class_weight': None, 'clf__gamma': 0.1}"": 0.28829365079365077, ""{'clf__C': 0.1, 'clf__class_weight': 'balanced', 'clf__gamma': 0.0001}"": 0.37227668845315903, ""{'clf__C': 0.1, 'clf__class_weight': 'balanced', 'clf__gamma': 0.001}"": 0.44731766401327805, ""{'clf__C': 0.1, 'clf__class_weight': 'balanced', 'clf__gamma': 0.01}"": 0.6126945724435519, ""{'clf__C': 0.1, 'clf__class_weight': 'balanced', 'clf__gamma': 0.1}"": 0.37227668845315903, ""{'clf__C': 1.0, 'clf__class_weight': None, 'clf__gamma': 0.0001}"": 0.28829365079365077, ""{'clf__C': 1.0, 'clf__class_weight': None, 'clf__gamma': 0.001}"": 0.6124192331171271, ""{'clf__C': 1.0, 'clf__class_weight': None, 'clf__gamma': 0.01}"": 0.596416657704271, ""{'clf__C': 1.0, 'clf__class_weight': None, 'clf__gamma': 0.1}"": 0.34986052288105074, ""{'clf__C': 1.0, 'clf__class_weight': 'balanced', 'clf__gamma': 0.0001}"": 0.5102865247705227, ""{'clf__C': 1.0, 'clf__class_weight': 'balanced', 'clf__gamma': 0.001}"": 0.6137983164281121, ""{'clf__C': 1.0, 'clf__class_weight': 'balanced', 'clf__gamma': 0.01}"": 0.5980065279089107, ""{'clf__C': 1.0, 'clf__class_weight': 'balanced', 'clf__gamma': 0.1}"": 0.3584571621103103, ""{'clf__C': 10.0, 'clf__class_weight': None, 'clf__gamma': 0.0001}"": 0.6105370180776334, ""{'clf__C': 10.0, 'clf__class_weight': None, 'clf__gamma': 0.001}"": 0.5964644949973279, ""{'clf__C': 10.0, 'clf__class_weight': None, 'clf__gamma': 0.01}"": 0.6014382329037501, ""{'clf__C': 10.0, 'clf__class_weight': None, 'clf__gamma': 0.1}"": 0.3584571621103103, ""{'clf__C': 10.0, 'clf__class_weight': 'balanced', 'clf__gamma': 0.0001}"": 0.611140244522587, ""{'clf__C': 10.0, 'clf__class_weight': 'balanced', 'clf__gamma': 0.001}"": 0.5950359745087974, ""{'clf__C': 10.0, 'clf__class_weight': 'balanced', 'clf__gamma': 0.01}"": 0.5998986118873849, ""{'clf__C': 10.0, 'clf__class_weight': 'balanced', 'clf__gamma': 0.1}"": 0.3584571621103103, ""{'clf__C': 100.0, 'clf__class_weight': None, 'clf__gamma': 0.0001}"": 0.5963608613660486, ""{'clf__C': 100.0, 'clf__class_weight': None, 'clf__gamma': 0.001}"": 0.5682396456269557, ""{'clf__C': 100.0, 'clf__class_weight': None, 'clf__gamma': 0.01}"": 0.6029720829386128, ""{'clf__C': 100.0, 'clf__class_weight': None, 'clf__gamma': 0.1}"": 0.3584571621103103, ""{'clf__C': 100.0, 'clf__class_weight': 'balanced', 'clf__gamma': 0.0001}"": 0.6048246603496238, ""{'clf__C': 100.0, 'clf__class_weight': 'balanced', 'clf__gamma': 0.001}"": 0.5740360985926428, ""{'clf__C': 100.0, 'clf__class_weight': 'balanced', 'clf__gamma': 0.01}"": 0.6029720829386128, ""{'clf__C': 100.0, 'clf__class_weight': 'balanced', 'clf__gamma': 0.1}"": 0.3584571621103103}, ""best_score"": 0.6137983164281121}"
D_select_l1_c1,rbf_svm,valence,2,1,"[7, 25, 26, 27, 14, 16, 5, 23, 3, 0, 30, 37, 39, 38, 22, 15, 19, 31, 18, 34, 13, 36, 21, 6, 20, 10, 33, 4, 32, 8, 17, 24]","[9, 35, 11, 2, 12, 1, 29, 28]","{""accuracy"": 0.575, ""balanced_accuracy"": 0.575, ""precision_macro"": 0.6000000000000001, ""precision_micro"": 0.575, ""precision_weighted"": 0.6, ""recall_macro"": 0.575, ""recall_micro"": 0.575, ""recall_weighted"": 0.575, ""f1_macro"": 0.5466666666666666, ""f1_micro"": 0.575, ""f1_weighted"": 0.5466666666666666, ""mcc"": 0.17320508075688773, ""kappa"": 0.15000000000000002, ""confusion_matrix"": [[26, 54], [14, 66]], ""tp"": 66, ""tn"": 26, ""fp"": 54, ""fn"": 14, ""tpr"": 0.825, ""tnr"": 0.325, ""fpr"": 0.675, ""fnr"": 0.175, ""ppv"": 0.55, ""npv"": 0.65, ""roc_auc"": 0.7532812500000001, ""pr_auc"": 0.8166789396758756, ""log_loss"": 0.6333788853347266, ""brier"": 0.2218325819240695, ""trial_accuracy"": 0.625, ""trial_f1_macro"": 0.6190476190476191}","{""clf__C"": 0.1, ""clf__class_weight"": ""balanced"", ""clf__gamma"": 0.01}","{""scores"": {""{'clf__C': 0.1, 'clf__class_weight': None, 'clf__gamma': 0.0001}"": 0.36808627619505047, ""{'clf__C': 0.1, 'clf__class_weight': None, 'clf__gamma': 0.001}"": 0.35492530345471524, ""{'clf__C': 0.1, 'clf__class_weight': None, 'clf__gamma': 0.01}"": 0.34922104047040275, ""{'clf__C': 0.1, 'clf__class_weight': None, 'clf__gamma': 0.1}"": 0.35290920236740675, ""{'clf__C': 0.1, 'clf__class_weight': 'balanced', 'clf__gamma': 0.0001}"": 0.3950470605087759, ""{'clf__C': 0.1, 'clf__class_weight': 'balanced', 'clf__gamma': 0.001}"": 0.3818860877684407, ""{'clf__C': 0.1, 'clf__class_weight': 'balanced', 'clf__gamma': 0.01}"": 0.5356942666496377, ""{'clf__C': 0.1, 'clf__class_weight': 'balanced', 'clf__gamma': 0.1}"": 0.3798699866811322, ""{'clf__C': 1.0, 'clf__class_weight': None, 'clf__gamma': 0.0001}"": 0.36808627619505047, ""{'clf__C': 1.0, 'clf__class_weight': None, 'clf__gamma': 0.001}"": 0.479842678932942, ""{'clf__C': 1.0, 'clf__class_weight': None, 'clf__gamma': 0.01}"": 0.486082302428165, ""{'clf__C': 1.0, 'clf__class_weight': None, 'clf__gamma': 0.1}"": 0.3690946275068785, ""{'clf__C': 1.0, 'clf__class_weight': 'balanced', 'clf__gamma': 0.0001}"": 0.4919425901778476, ""{'clf__C': 1.0, 'clf__class_weight': 'balanced', 'clf__gamma': 0.001}"": 0.5128699512155608, ""{'clf__C': 1.0, 'clf__class_weight': 'balanced', 'clf__gamma': 0.01}"": 0.49218275287748936, ""{'clf__C': 1.0, 'clf__class_weight': 'balanced', 'clf__gamma': 0.1}"": 0.37196835340676065, ""{'clf__C': 10.0, 'clf__class_weight': None, 'clf__gamma': 0.0001}"": 0.4919777513592208, ""{'clf__C': 10.0, 'clf__class_weight': None, 'clf__gamma': 0.001}"": 0.46379725058005367, ""{'clf__C': 10.0, 'clf__class_weight': None, 'clf__gamma': 0.01}"": 0.4677539749849405, ""{'clf__C': 10.0, 'clf__class_weight': None, 'clf__gamma': 0.1}"": 0.3697736777266974, ""{'clf__C': 10.0, 'clf__class_weight': 'balanced', 'clf__gamma': 0.0001}"": 0.5221504389821913, ""{'clf__C': 10.0, 'clf__class_weight': 'balanced', 'clf__gamma': 0.001}"": 0.4677731765370452, ""{'clf__C': 10.0, 'clf__class_weight': 'balanced', 'clf__gamma': 0.01}"": 0.4677539749849405, ""{'clf__C': 10.0, 'clf__class_weight': 'balanced', 'clf__gamma': 0.1}"": 0.3697736777266974, ""{'clf__C': 100.0, 'clf__class_weight': None, 'clf__gamma': 0.0001}"": 0.4675994923538009, ""{'clf__C': 100.0, 'clf__class_weight': None, 'clf__gamma': 0.001}"": 0.4931790476001264, ""{'clf__C': 100.0, 'clf__class_weight': None, 'clf__gamma': 0.01}"": 0.4677539749849405, ""{'clf__C': 100.0, 'clf__class_weight': None, 'clf__gamma': 0.1}"": 0.3697736777266974, ""{'clf__C': 100.0, 'clf__class_weight': 'balanced', 'clf__gamma': 0.0001}"": 0.46989758678070365, ""{'clf__C': 100.0, 'clf__class_weight': 'balanced', 'clf__gamma': 0.001}"": 0.4959931181545218, ""{'clf__C': 100.0, 'clf__class_weight': 'balanced', 'clf__gamma': 0.01}"": 0.4677539749849405, ""{'clf__C': 100.0, 'clf__class_weight': 'balanced', 'clf__gamma': 0.1}"": 0.3697736777266974}, ""best_score"": 0.5356942666496377}"
D_select_l1_c1,rbf_svm,valence,3,0,"[5, 13, 7, 0, 37, 20, 9, 19, 35, 39, 18, 16, 10, 28, 36, 24, 33, 6, 17, 27, 2, 12, 29, 26, 38, 23, 8, 22, 25, 34, 14, 1]","[15, 4, 21, 31, 32, 3, 30, 11]","{""accuracy"": 0.6375, ""balanced_accuracy"": 0.5433333333333333, ""precision_macro"": 0.6017214397496088, ""precision_micro"": 0.6375, ""precision_weighted"": 0.6132629107981222, ""recall_macro"": 0.5433333333333333, ""recall_micro"": 0.6375, ""recall_weighted"": 0.6375, ""f1_macro"": 0.5083704174613266, ""f1_micro"": 0.6375, ""f1_weighted"": 0.5713604577240942, ""mcc"": 0.13278447282444406, ""kappa"": 0.10077519379844957, ""confusion_matrix"": [[92, 8], [50, 10]], ""tp"": 10, ""tn"": 92, ""fp"": 8, ""fn"": 50, ""tpr"": 0.16666666666666666, ""tnr"": 0.92, ""fpr"": 0.08, ""fnr"": 0.8333333333333334, ""ppv"": 0.5555555555555556, ""npv"": 0.647887323943662, ""roc_auc"": 0.5488333333333334, ""pr_auc"": 0.4668998350119783, ""log_loss"": 0.9095827868467913, ""brier"": 0.27502411155413864, ""trial_accuracy"": 0.625, ""trial_f1_macro"": 0.38461538461538464}","{""clf__C"": 0.1, ""clf__class_weight"": ""balanced"", ""clf__gamma"": 0.01}","{""scores"": {""{'clf__C': 0.1, 'clf__class_weight': None, 'clf__gamma': 0.0001}"": 0.369109047127623, ""{'clf__C': 0.1, 'clf__class_weight': None, 'clf__gamma': 0.001}"": 0.369109047127623, ""{'clf__C': 0.1, 'clf__class_weight': None, 'clf__gamma': 0.01}"": 0.5878400449508442, ""{'clf__C': 0.1, 'clf__class_weight': None, 'clf__gamma': 0.1}"": 0.369109047127623, ""{'clf__C': 0.1, 'clf__class_weight': 'balanced', 'clf__gamma': 0.0001}"": 0.30018674136321194, ""{'clf__C': 0.1, 'clf__class_weight': 'balanced', 'clf__gamma': 0.001}"": 0.4004081419111976, ""{'clf__C': 0.1, 'clf__class_weight': 'balanced', 'clf__gamma': 0.01}"": 0.7621170872498068, ""{'clf__C': 0.1, 'clf__class_weight': 'balanced', 'clf__gamma': 0.1}"": 0.30018674136321194, ""{'clf__C': 1.0, 'clf__class_weight': None, 'clf__gamma': 0.0001}"": 0.369109047127623, ""{'clf__C': 1.0, 'clf__class_weight': None, 'clf__gamma': 0.001}"": 0.7091487815471584, ""{'clf__C': 1.0, 'clf__class_weight': None, 'clf__gamma': 0.01}"": 0.7424891652047035, ""{'clf__C': 1.0, 'clf__class_weight': None, 'clf__gamma': 0.1}"": 0.45796837029774135, ""{'clf__C': 1.0, 'clf__class_weight': 'balanced', 'clf__gamma': 0.0001}"": 0.5589389165116635, ""{'clf__C': 1.0, 'clf__class_weight': 'balanced', 'clf__gamma': 0.001}"": 0.7606495560751475, ""{'clf__C': 1.0, 'clf__class_weight': 'balanced', 'clf__gamma': 0.01}"": 0.7568048151565153, ""{'clf__C': 1.0, 'clf__class_weight': 'balanced', 'clf__gamma': 0.1}"": 0.4851875330375031, ""{'clf__C': 10.0, 'clf__class_weight': None, 'clf__gamma': 0.0001}"": 0.7108809154030226, ""{'clf__C': 10.0, 'clf__class_weight': None, 'clf__gamma': 0.001}"": 0.7314480048775804, ""{'clf__C': 10.0, 'clf__class_weight': None, 'clf__gamma': 0.01}"": 0.698392748640933, ""{'clf__C': 10.0, 'clf__class_weight': None, 'clf__gamma': 0.1}"": 0.4851875330375031, ""{'clf__C': 10.0, 'clf__class_weight': 'balanced', 'clf__gamma': 0.0001}"": 0.7594835968377681, ""{'clf__C': 10.0, 'clf__class_weight': 'balanced', 'clf__gamma': 0.001}"": 0.7226820709112115, ""{'clf__C': 10.0, 'clf__class_weight': 'balanced', 'clf__gamma': 0.01}"": 0.698392748640933, ""{'clf__C': 10.0, 'clf__class_weight': 'balanced', 'clf__gamma': 0.1}"": 0.4721803055906206, ""{'clf__C': 100.0, 'clf__class_weight': None, 'clf__gamma': 0.0001}"": 0.7198222599956017, ""{'clf__C': 100.0, 'clf__class_weight': None, 'clf__gamma': 0.001}"": 0.6934181860494805, ""{'clf__C': 100.0, 'clf__class_weight': None, 'clf__gamma': 0.01}"": 0.6969744736969817, ""{'clf__C': 100.0, 'clf__class_weight': None, 'clf__gamma': 0.1}"": 0.4851875330375031, ""{'clf__C': 100.0, 'clf__class_weight': 'balanced', 'clf__gamma': 0.0001}"": 0.7133285727537609, ""{'clf__C': 100.0, 'clf__class_weight': 'balanced', 'clf__gamma': 0.001}"": 0.7015925154717353, ""{'clf__C': 100.0, 'clf__class_weight': 'balanced', 'clf__gamma': 0.01}"": 0.6969744736969817, ""{'clf__C': 100.0, 'clf__class_weight': 'balanced', 'clf__gamma': 0.1}"": 0.4851875330375031}, ""best_score"": 0.7621170872498068}"
D_select_l1_c1,rbf_svm,valence,3,1,"[29, 21, 10, 25, 39, 1, 4, 20, 14, 2, 19, 28, 17, 12, 7, 3, 15, 5, 36, 30, 8, 23, 6, 35, 33, 32, 9, 18, 26, 38, 37, 0]","[27, 22, 34, 31, 24, 16, 11, 13]","{""accuracy"": 0.7625, ""balanced_accuracy"": 0.6833333333333333, ""precision_macro"": 0.6833333333333333, ""precision_micro"": 0.7625, ""precision_weighted"": 0.7625, ""recall_macro"": 0.6833333333333333, ""recall_micro"": 0.7625, ""recall_weighted"": 0.7625, ""f1_macro"": 0.6833333333333333, ""f1_micro"": 0.7625, ""f1_weighted"": 0.7625, ""mcc"": 0.36666666666666664, ""kappa"": 0.3666666666666667, ""confusion_matrix"": [[101, 19], [19, 21]], ""tp"": 21, ""tn"": 101, ""fp"": 19, ""fn"": 19, ""tpr"": 0.525, ""tnr"": 0.8416666666666667, ""fpr"": 0.15833333333333333, ""fnr"": 0.475, ""ppv"": 0.525, ""npv"": 0.8416666666666667, ""roc_auc"": 0.7247916666666666, ""pr_auc"": 0.48345080091596093, ""log_loss"": 0.5451830322470179, ""brier"": 0.1804800405828829, ""trial_accuracy"": 0.75, ""trial_f1_macro"": 0.6666666666666667}","{""clf__C"": 0.1, ""clf__class_weight"": ""balanced"", ""clf__gamma"": 0.01}","{""scores"": {""{'clf__C': 0.1, 'clf__class_weight': None, 'clf__gamma': 0.0001}"": 0.28670634920634924, ""{'clf__C': 0.1, 'clf__class_weight': None, 'clf__gamma': 0.001}"": 0.28670634920634924, ""{'clf__C': 0.1, 'clf__class_weight': None, 'clf__gamma': 0.01}"": 0.5662688283774244, ""{'clf__C': 0.1, 'clf__class_weight': None, 'clf__gamma': 0.1}"": 0.28670634920634924, ""{'clf__C': 0.1, 'clf__class_weight': 'balanced', 'clf__gamma': 0.0001}"": 0.3556286549707602, ""{'clf__C': 0.1, 'clf__class_weight': 'balanced', 'clf__gamma': 0.001}"": 0.3556286549707602, ""{'clf__C': 0.1, 'clf__class_weight': 'balanced', 'clf__gamma': 0.01}"": 0.6948192183879596, ""{'clf__C': 0.1, 'clf__class_weight': 'balanced', 'clf__gamma': 0.1}"": 0.3556286549707602, ""{'clf__C': 1.0, 'clf__class_weight': None, 'clf__gamma': 0.0001}"": 0.28670634920634924, ""{'clf__C': 1.0, 'clf__class_weight': None, 'clf__gamma': 0.001}"": 0.6219022247353989, ""{'clf__C': 1.0, 'clf__class_weight': None, 'clf__gamma': 0.01}"": 0.6740531407505047, ""{'clf__C': 1.0, 'clf__class_weight': None, 'clf__gamma': 0.1}"": 0.3615944620679646, ""{'clf__C': 1.0, 'clf__class_weight': 'balanced', 'clf__gamma': 0.0001}"": 0.44467790178382, ""{'clf__C': 1.0, 'clf__class_weight': 'balanced', 'clf__gamma': 0.001}"": 0.6792040603176299, ""{'clf__C': 1.0, 'clf__class_weight': 'balanced', 'clf__gamma': 0.01}"": 0.6743356692159294, ""{'clf__C': 1.0, 'clf__class_weight': 'balanced', 'clf__gamma': 0.1}"": 0.3615944620679646, ""{'clf__C': 10.0, 'clf__class_weight': None, 'clf__gamma': 0.0001}"": 0.6170047987667658, ""{'clf__C': 10.0, 'clf__class_weight': None, 'clf__gamma': 0.001}"": 0.646163627847892, ""{'clf__C': 10.0, 'clf__class_weight': None, 'clf__gamma': 0.01}"": 0.6416533327260034, ""{'clf__C': 10.0, 'clf__class_weight': None, 'clf__gamma': 0.1}"": 0.3615944620679646, ""{'clf__C': 10.0, 'clf__class_weight': 'balanced', 'clf__gamma': 0.0001}"": 0.6809766081345963, ""{'clf__C': 10.0, 'clf__class_weight': 'balanced', 'clf__gamma': 0.001}"": 0.6357267484862673, ""{'clf__C': 10.0, 'clf__class_weight': 'balanced', 'clf__gamma': 0.01}"": 0.6395982664943668, ""{'clf__C': 10.0, 'clf__class_weight': 'balanced', 'clf__gamma': 0.1}"": 0.3615944620679646, ""{'clf__C': 100.0, 'clf__class_weight': None, 'clf__gamma': 0.0001}"": 0.6261018549674288, ""{'clf__C': 100.0, 'clf__class_weight': None, 'clf__gamma': 0.001}"": 0.604132474640608, ""{'clf__C': 100.0, 'clf__class_weight': None, 'clf__gamma': 0.01}"": 0.6416533327260034, ""{'clf__C': 100.0, 'clf__class_weight': None, 'clf__gamma': 0.1}"": 0.3615944620679646, ""{'clf__C': 100.0, 'clf__class_weight': 'balanced', 'clf__gamma': 0.0001}"": 0.6298261226461442, ""{'clf__C': 100.0, 'clf__class_weight': 'balanced', 'clf__gamma': 0.001}"": 0.6055627204328652, ""{'clf__C': 100.0, 'clf__class_weight': 'balanced', 'clf__gamma': 0.01}"": 0.6416533327260034, ""{'clf__C': 100.0, 'clf__class_weight': 'balanced', 'clf__gamma': 0.1}"": 0.3615944620679646}, ""best_score"": 0.6948192183879596}"
D_select_l1_c1,rbf_svm,valence,4,0,"[3, 38, 6, 4, 17, 10, 9, 39, 7, 30, 26, 13, 14, 1, 12, 20, 21, 35, 36, 24, 33, 31, 28, 37, 25, 34, 15, 32, 22, 23, 0, 8]","[2, 16, 27, 29, 11, 18, 19, 5]","{""accuracy"": 0.46875, ""balanced_accuracy"": 0.6125, ""precision_macro"": 0.6073345259391771, ""precision_micro"": 0.46875, ""precision_weighted"": 0.7571556350626117, ""recall_macro"": 0.6125, ""recall_micro"": 0.46875, ""recall_weighted"": 0.46875, ""f1_macro"": 0.46856316673830645, ""f1_micro"": 0.46875, ""f1_weighted"": 0.4735453870501348, ""mcc"": 0.21977383072747694, ""kappa"": 0.13705583756345174, ""confusion_matrix"": [[36, 4], [81, 39]], ""tp"": 39, ""tn"": 36, ""fp"": 4, ""fn"": 81, ""tpr"": 0.325, ""tnr"": 0.9, ""fpr"": 0.1, ""fnr"": 0.675, ""ppv"": 0.9069767441860465, ""npv"": 0.3076923076923077, ""roc_auc"": 0.5914583333333333, ""pr_auc"": 0.8289821207904906, ""log_loss"": 0.8492572503465257, ""brier"": 0.30856049370446714, ""trial_accuracy"": 0.375, ""trial_f1_macro"": 0.36507936507936506}","{""clf__C"": 1.0, ""clf__class_weight"": null, ""clf__gamma"": 0.01}","{""scores"": {""{'clf__C': 0.1, 'clf__class_weight': None, 'clf__gamma': 0.0001}"": 0.35838779956427014, ""{'clf__C': 0.1, 'clf__class_weight': None, 'clf__gamma': 0.001}"": 0.35838779956427014, ""{'clf__C': 0.1, 'clf__class_weight': None, 'clf__gamma': 0.01}"": 0.35838779956427014, ""{'clf__C': 0.1, 'clf__class_weight': None, 'clf__gamma': 0.1}"": 0.35838779956427014, ""{'clf__C': 0.1, 'clf__class_weight': 'balanced', 'clf__gamma': 0.0001}"": 0.30416666666666664, ""{'clf__C': 0.1, 'clf__class_weight': 'balanced', 'clf__gamma': 0.001}"": 0.30416666666666664, ""{'clf__C': 0.1, 'clf__class_weight': 'balanced', 'clf__gamma': 0.01}"": 0.32035491690853757, ""{'clf__C': 0.1, 'clf__class_weight': 'balanced', 'clf__gamma': 0.1}"": 0.30416666666666664, ""{'clf__C': 1.0, 'clf__class_weight': None, 'clf__gamma': 0.0001}"": 0.35838779956427014, ""{'clf__C': 1.0, 'clf__class_weight': None, 'clf__gamma': 0.001}"": 0.39875562734628556, ""{'clf__C': 1.0, 'clf__class_weight': None, 'clf__gamma': 0.01}"": 0.49033752674738745, ""{'clf__C': 1.0, 'clf__class_weight': None, 'clf__gamma': 0.1}"": 0.35975278299468516, ""{'clf__C': 1.0, 'clf__class_weight': 'balanced', 'clf__gamma': 0.0001}"": 0.39243653633188513, ""{'clf__C': 1.0, 'clf__class_weight': 'balanced', 'clf__gamma': 0.001}"": 0.49023367876112517, ""{'clf__C': 1.0, 'clf__class_weight': 'balanced', 'clf__gamma': 0.01}"": 0.4791064217530341, ""{'clf__C': 1.0, 'clf__class_weight': 'balanced', 'clf__gamma': 0.1}"": 0.37119203236850296, ""{'clf__C': 10.0, 'clf__class_weight': None, 'clf__gamma': 0.0001}"": 0.40043315156437326, ""{'clf__C': 10.0, 'clf__class_weight': None, 'clf__gamma': 0.001}"": 0.4530968837650084, ""{'clf__C': 10.0, 'clf__class_weight': None, 'clf__gamma': 0.01}"": 0.4638427599995749, ""{'clf__C': 10.0, 'clf__class_weight': None, 'clf__gamma': 0.1}"": 0.37119203236850296, ""{'clf__C': 10.0, 'clf__class_weight': 'balanced', 'clf__gamma': 0.0001}"": 0.4895549568524277, ""{'clf__C': 10.0, 'clf__class_weight': 'balanced', 'clf__gamma': 0.001}"": 0.46760391354781333, ""{'clf__C': 10.0, 'clf__class_weight': 'balanced', 'clf__gamma': 0.01}"": 0.46325380987532744, ""{'clf__C': 10.0, 'clf__class_weight': 'balanced', 'clf__gamma': 0.1}"": 0.37119203236850296, ""{'clf__C': 100.0, 'clf__class_weight': None, 'clf__gamma': 0.0001}"": 0.44927388869541635, ""{'clf__C': 100.0, 'clf__class_weight': None, 'clf__gamma': 0.001}"": 0.48150911227609633, ""{'clf__C': 100.0, 'clf__class_weight': None, 'clf__gamma': 0.01}"": 0.46370266664097376, ""{'clf__C': 100.0, 'clf__class_weight': None, 'clf__gamma': 0.1}"": 0.37119203236850296, ""{'clf__C': 100.0, 'clf__class_weight': 'balanced', 'clf__gamma': 0.0001}"": 0.4547886845490335, ""{'clf__C': 100.0, 'clf__class_weight': 'balanced', 'clf__gamma': 0.001}"": 0.47765627093245794, ""{'clf__C': 100.0, 'clf__class_weight': 'balanced', 'clf__gamma': 0.01}"": 0.46746881248685596, ""{'clf__C': 100.0, 'clf__class_weight': 'balanced', 'clf__gamma': 0.1}"": 0.37119203236850296}, ""best_score"": 0.49033752674738745}"
D_select_l1_c1,rbf_svm,valence,4,1,"[1, 32, 37, 8, 23, 13, 10, 19, 11, 24, 28, 35, 34, 38, 21, 2, 27, 17, 20, 6, 25, 5, 14, 33, 4, 3, 31, 36, 15, 9, 29, 26]","[7, 18, 0, 39, 16, 12, 30, 22]","{""accuracy"": 0.53125, ""balanced_accuracy"": 0.555, ""precision_macro"": 0.552961001444391, ""precision_micro"": 0.53125, ""precision_weighted"": 0.5863625421280693, ""recall_macro"": 0.555, ""recall_micro"": 0.53125, ""recall_weighted"": 0.53125, ""f1_macro"": 0.5303510625807208, ""f1_micro"": 0.53125, ""f1_weighted"": 0.5354878478337443, ""mcc"": 0.10794174501908893, ""kappa"": 0.09909909909909909, ""confusion_matrix"": [[39, 21], [54, 46]], ""tp"": 46, ""tn"": 39, ""fp"": 21, ""fn"": 54, ""tpr"": 0.46, ""tnr"": 0.65, ""fpr"": 0.35, ""fnr"": 0.54, ""ppv"": 0.6865671641791045, ""npv"": 0.41935483870967744, ""roc_auc"": 0.5546666666666666, ""pr_auc"": 0.6893366361200643, ""log_loss"": 0.7960929529392231, ""brier"": 0.2881978250764871, ""trial_accuracy"": 0.5, ""trial_f1_macro"": 0.4666666666666667}","{""clf__C"": 100.0, ""clf__class_weight"": ""balanced"", ""clf__gamma"": 0.001}","{""scores"": {""{'clf__C': 0.1, 'clf__class_weight': None, 'clf__gamma': 0.0001}"": 0.34640522875817, ""{'clf__C': 0.1, 'clf__class_weight': None, 'clf__gamma': 0.001}"": 0.34640522875817, ""{'clf__C': 0.1, 'clf__class_weight': None, 'clf__gamma': 0.01}"": 0.3493831457632363, ""{'clf__C': 0.1, 'clf__class_weight': None, 'clf__gamma': 0.1}"": 0.34640522875817, ""{'clf__C': 0.1, 'clf__class_weight': 'balanced', 'clf__gamma': 0.0001}"": 0.3194444444444444, ""{'clf__C': 0.1, 'clf__class_weight': 'balanced', 'clf__gamma': 0.001}"": 0.3194444444444444, ""{'clf__C': 0.1, 'clf__class_weight': 'balanced', 'clf__gamma': 0.01}"": 0.35527182377889094, ""{'clf__C': 0.1, 'clf__class_weight': 'balanced', 'clf__gamma': 0.1}"": 0.3194444444444444, ""{'clf__C': 1.0, 'clf__class_weight': None, 'clf__gamma': 0.0001}"": 0.34640522875817, ""{'clf__C': 1.0, 'clf__class_weight': None, 'clf__gamma': 0.001}"": 0.41227427599614014, ""{'clf__C': 1.0, 'clf__class_weight': None, 'clf__gamma': 0.01}"": 0.44263753586102594, ""{'clf__C': 1.0, 'clf__class_weight': None, 'clf__gamma': 0.1}"": 0.37184211734029526, ""{'clf__C': 1.0, 'clf__class_weight': 'balanced', 'clf__gamma': 0.0001}"": 0.3648033126293995, ""{'clf__C': 1.0, 'clf__class_weight': 'balanced', 'clf__gamma': 0.001}"": 0.40914483333792545, ""{'clf__C': 1.0, 'clf__class_weight': 'balanced', 'clf__gamma': 0.01}"": 0.43510224269720815, ""{'clf__C': 1.0, 'clf__class_weight': 'balanced', 'clf__gamma': 0.1}"": 0.379644972415854, ""{'clf__C': 10.0, 'clf__class_weight': None, 'clf__gamma': 0.0001}"": 0.4143892437144412, ""{'clf__C': 10.0, 'clf__class_weight': None, 'clf__gamma': 0.001}"": 0.44998834791553727, ""{'clf__C': 10.0, 'clf__class_weight': None, 'clf__gamma': 0.01}"": 0.46416498650858135, ""{'clf__C': 10.0, 'clf__class_weight': None, 'clf__gamma': 0.1}"": 0.3779020088389664, ""{'clf__C': 10.0, 'clf__class_weight': 'balanced', 'clf__gamma': 0.0001}"": 0.41759329702811554, ""{'clf__C': 10.0, 'clf__class_weight': 'balanced', 'clf__gamma': 0.001}"": 0.4423240891913718, ""{'clf__C': 10.0, 'clf__class_weight': 'balanced', 'clf__gamma': 0.01}"": 0.460797983141578, ""{'clf__C': 10.0, 'clf__class_weight': 'balanced', 'clf__gamma': 0.1}"": 0.3779020088389664, ""{'clf__C': 100.0, 'clf__class_weight': None, 'clf__gamma': 0.0001}"": 0.45047996735076423, ""{'clf__C': 100.0, 'clf__class_weight': None, 'clf__gamma': 0.001}"": 0.46261157935809877, ""{'clf__C': 100.0, 'clf__class_weight': None, 'clf__gamma': 0.01}"": 0.4625087708419858, ""{'clf__C': 100.0, 'clf__class_weight': None, 'clf__gamma': 0.1}"": 0.3779020088389664, ""{'clf__C': 100.0, 'clf__class_weight': 'balanced', 'clf__gamma': 0.0001}"": 0.45326391499405316, ""{'clf__C': 100.0, 'clf__class_weight': 'balanced', 'clf__gamma': 0.001}"": 0.4649166807032115, ""{'clf__C': 100.0, 'clf__class_weight': 'balanced', 'clf__gamma': 0.01}"": 0.4625087708419858, ""{'clf__C': 100.0, 'clf__class_weight': 'balanced', 'clf__gamma': 0.1}"": 0.3779020088389664}, ""best_score"": 0.4649166807032115}"
D_select_l1_c1,rbf_svm,valence,5,0,"[14, 30, 21, 24, 38, 10, 5, 15, 3, 4, 28, 29, 0, 2, 12, 19, 32, 27, 22, 25, 9, 35, 20, 1, 11, 26, 18, 33, 17, 13, 31, 37]","[34, 23, 16, 36, 8, 39, 6, 7]","{""accuracy"": 0.45, ""balanced_accuracy"": 0.44999999999999996, ""precision_macro"": 0.44920634920634916, ""precision_micro"": 0.45, ""precision_weighted"": 0.4492063492063492, ""recall_macro"": 0.44999999999999996, ""recall_micro"": 0.45, ""recall_weighted"": 0.45, ""f1_macro"": 0.447843137254902, ""f1_micro"": 0.45, ""f1_weighted"": 0.447843137254902, ""mcc"": -0.10079052613579392, ""kappa"": -0.10000000000000009, ""confusion_matrix"": [[41, 39], [49, 31]], ""tp"": 31, ""tn"": 41, ""fp"": 39, ""fn"": 49, ""tpr"": 0.3875, ""tnr"": 0.5125, ""fpr"": 0.4875, ""fnr"": 0.6125, ""ppv"": 0.44285714285714284, ""npv"": 0.45555555555555555, ""roc_auc"": 0.47328125, ""pr_auc"": 0.4514773724127913, ""log_loss"": 0.9618733730824681, ""brier"": 0.333419460327954, ""trial_accuracy"": 0.375, ""trial_f1_macro"": 0.36507936507936506}","{""clf__C"": 100.0, ""clf__class_weight"": ""balanced"", ""clf__gamma"": 0.0001}","{""scores"": {""{'clf__C': 0.1, 'clf__class_weight': None, 'clf__gamma': 0.0001}"": 0.3587962962962963, ""{'clf__C': 0.1, 'clf__class_weight': None, 'clf__gamma': 0.001}"": 0.3587962962962963, ""{'clf__C': 0.1, 'clf__class_weight': None, 'clf__gamma': 0.01}"": 0.3587962962962963, ""{'clf__C': 0.1, 'clf__class_weight': None, 'clf__gamma': 0.1}"": 0.3587962962962963, ""{'clf__C': 0.1, 'clf__class_weight': 'balanced', 'clf__gamma': 0.0001}"": 0.28829365079365077, ""{'clf__C': 0.1, 'clf__class_weight': 'balanced', 'clf__gamma': 0.001}"": 0.28829365079365077, ""{'clf__C': 0.1, 'clf__class_weight': 'balanced', 'clf__gamma': 0.01}"": 0.5464699852590554, ""{'clf__C': 0.1, 'clf__class_weight': 'balanced', 'clf__gamma': 0.1}"": 0.28829365079365077, ""{'clf__C': 1.0, 'clf__class_weight': None, 'clf__gamma': 0.0001}"": 0.3587962962962963, ""{'clf__C': 1.0, 'clf__class_weight': None, 'clf__gamma': 0.001}"": 0.5361369456482147, ""{'clf__C': 1.0, 'clf__class_weight': None, 'clf__gamma': 0.01}"": 0.5518891784349597, ""{'clf__C': 1.0, 'clf__class_weight': None, 'clf__gamma': 0.1}"": 0.3587962962962963, ""{'clf__C': 1.0, 'clf__class_weight': 'balanced', 'clf__gamma': 0.0001}"": 0.3827101974885137, ""{'clf__C': 1.0, 'clf__class_weight': 'balanced', 'clf__gamma': 0.001}"": 0.5685268097715798, ""{'clf__C': 1.0, 'clf__class_weight': 'balanced', 'clf__gamma': 0.01}"": 0.5632799609219488, ""{'clf__C': 1.0, 'clf__class_weight': 'balanced', 'clf__gamma': 0.1}"": 0.3587962962962963, ""{'clf__C': 10.0, 'clf__class_weight': None, 'clf__gamma': 0.0001}"": 0.5412079384174787, ""{'clf__C': 10.0, 'clf__class_weight': None, 'clf__gamma': 0.001}"": 0.5587967409185897, ""{'clf__C': 10.0, 'clf__class_weight': None, 'clf__gamma': 0.01}"": 0.5457328849930082, ""{'clf__C': 10.0, 'clf__class_weight': None, 'clf__gamma': 0.1}"": 0.3587962962962963, ""{'clf__C': 10.0, 'clf__class_weight': 'balanced', 'clf__gamma': 0.0001}"": 0.5611579879551419, ""{'clf__C': 10.0, 'clf__class_weight': 'balanced', 'clf__gamma': 0.001}"": 0.5824076027460269, ""{'clf__C': 10.0, 'clf__class_weight': 'balanced', 'clf__gamma': 0.01}"": 0.5457328849930082, ""{'clf__C': 10.0, 'clf__class_weight': 'balanced', 'clf__gamma': 0.1}"": 0.3587962962962963, ""{'clf__C': 100.0, 'clf__class_weight': None, 'clf__gamma': 0.0001}"": 0.5621991476948923, ""{'clf__C': 100.0, 'clf__class_weight': None, 'clf__gamma': 0.001}"": 0.5565625890015098, ""{'clf__C': 100.0, 'clf__class_weight': None, 'clf__gamma': 0.01}"": 0.5457328849930082, ""{'clf__C': 100.0, 'clf__class_weight': None, 'clf__gamma': 0.1}"": 0.3587962962962963, ""{'clf__C': 100.0, 'clf__class_weight': 'balanced', 'clf__gamma': 0.0001}"": 0.5842928160874531, ""{'clf__C': 100.0, 'clf__class_weight': 'balanced', 'clf__gamma': 0.001}"": 0.5562994395718474, ""{'clf__C': 100.0, 'clf__class_weight': 'balanced', 'clf__gamma': 0.01}"": 0.5457328849930082, ""{'clf__C': 100.0, 'clf__class_weight': 'balanced', 'clf__gamma': 0.1}"": 0.3587962962962963}, ""best_score"": 0.5842928160874531}"
D_select_l1_c1,rbf_svm,valence,5,1,"[32, 34, 28, 14, 7, 5, 17, 23, 30, 6, 35, 18, 15, 0, 29, 8, 25, 38, 9, 16, 31, 2, 11, 24, 20, 1, 36, 26, 12, 39, 22, 37]","[3, 4, 13, 10, 19, 21, 27, 33]","{""accuracy"": 0.46875, ""balanced_accuracy"": 0.5291666666666667, ""precision_macro"": 0.52290950744559, ""precision_micro"": 0.46875, ""precision_weighted"": 0.6503436426116839, ""recall_macro"": 0.5291666666666667, ""recall_micro"": 0.46875, ""recall_weighted"": 0.46875, ""f1_macro"": 0.4575405847393403, ""f1_micro"": 0.46875, ""f1_weighted"": 0.4965298552112003, ""mcc"": 0.05169889620342157, ""kappa"": 0.039548022598870025, ""confusion_matrix"": [[26, 14], [71, 49]], ""tp"": 49, ""tn"": 26, ""fp"": 14, ""fn"": 71, ""tpr"": 0.4083333333333333, ""tnr"": 0.65, ""fpr"": 0.35, ""fnr"": 0.5916666666666667, ""ppv"": 0.7777777777777778, ""npv"": 0.26804123711340205, ""roc_auc"": 0.5675, ""pr_auc"": 0.8188364605741927, ""log_loss"": 0.7797251912455991, ""brier"": 0.28729649025478043, ""trial_accuracy"": 0.5, ""trial_f1_macro"": 0.5}","{""clf__C"": 1.0, ""clf__class_weight"": ""balanced"", ""clf__gamma"": 0.001}","{""scores"": {""{'clf__C': 0.1, 'clf__class_weight': None, 'clf__gamma': 0.0001}"": 0.30357142857142855, ""{'clf__C': 0.1, 'clf__class_weight': None, 'clf__gamma': 0.001}"": 0.30357142857142855, ""{'clf__C': 0.1, 'clf__class_weight': None, 'clf__gamma': 0.01}"": 0.3244730059069472, ""{'clf__C': 0.1, 'clf__class_weight': None, 'clf__gamma': 0.1}"": 0.30357142857142855, ""{'clf__C': 0.1, 'clf__class_weight': 'balanced', 'clf__gamma': 0.0001}"": 0.3602941176470589, ""{'clf__C': 0.1, 'clf__class_weight': 'balanced', 'clf__gamma': 0.001}"": 0.3602941176470589, ""{'clf__C': 0.1, 'clf__class_weight': 'balanced', 'clf__gamma': 0.01}"": 0.5860606273054105, ""{'clf__C': 0.1, 'clf__class_weight': 'balanced', 'clf__gamma': 0.1}"": 0.3602941176470589, ""{'clf__C': 1.0, 'clf__class_weight': None, 'clf__gamma': 0.0001}"": 0.30357142857142855, ""{'clf__C': 1.0, 'clf__class_weight': None, 'clf__gamma': 0.001}"": 0.5745203572600139, ""{'clf__C': 1.0, 'clf__class_weight': None, 'clf__gamma': 0.01}"": 0.5644765631830039, ""{'clf__C': 1.0, 'clf__class_weight': None, 'clf__gamma': 0.1}"": 0.3066527907828848, ""{'clf__C': 1.0, 'clf__class_weight': 'balanced', 'clf__gamma': 0.0001}"": 0.5167820489249061, ""{'clf__C': 1.0, 'clf__class_weight': 'balanced', 'clf__gamma': 0.001}"": 0.6003359701769717, ""{'clf__C': 1.0, 'clf__class_weight': 'balanced', 'clf__gamma': 0.01}"": 0.5703879638373853, ""{'clf__C': 1.0, 'clf__class_weight': 'balanced', 'clf__gamma': 0.1}"": 0.3066527907828848, ""{'clf__C': 10.0, 'clf__class_weight': None, 'clf__gamma': 0.0001}"": 0.5728498988318865, ""{'clf__C': 10.0, 'clf__class_weight': None, 'clf__gamma': 0.001}"": 0.5590801874618886, ""{'clf__C': 10.0, 'clf__class_weight': None, 'clf__gamma': 0.01}"": 0.5450370285460647, ""{'clf__C': 10.0, 'clf__class_weight': None, 'clf__gamma': 0.1}"": 0.3066527907828848, ""{'clf__C': 10.0, 'clf__class_weight': 'balanced', 'clf__gamma': 0.0001}"": 0.5994466318404352, ""{'clf__C': 10.0, 'clf__class_weight': 'balanced', 'clf__gamma': 0.001}"": 0.5738532713785983, ""{'clf__C': 10.0, 'clf__class_weight': 'balanced', 'clf__gamma': 0.01}"": 0.5431292603882966, ""{'clf__C': 10.0, 'clf__class_weight': 'balanced', 'clf__gamma': 0.1}"": 0.3066527907828848, ""{'clf__C': 100.0, 'clf__class_weight': None, 'clf__gamma': 0.0001}"": 0.5590447039962053, ""{'clf__C': 100.0, 'clf__class_weight': None, 'clf__gamma': 0.001}"": 0.5548587899195069, ""{'clf__C': 100.0, 'clf__class_weight': None, 'clf__gamma': 0.01}"": 0.5465155037745401, ""{'clf__C': 100.0, 'clf__class_weight': None, 'clf__gamma': 0.1}"": 0.3066527907828848, ""{'clf__C': 100.0, 'clf__class_weight': 'balanced', 'clf__gamma': 0.0001}"": 0.5698600386180792, ""{'clf__C': 100.0, 'clf__class_weight': 'balanced', 'clf__gamma': 0.001}"": 0.5604477612062565, ""{'clf__C': 100.0, 'clf__class_weight': 'balanced', 'clf__gamma': 0.01}"": 0.5465155037745401, ""{'clf__C': 100.0, 'clf__class_weight': 'balanced', 'clf__gamma': 0.1}"": 0.3066527907828848}, ""best_score"": 0.6003359701769717}"
D_select_l1_c1,rbf_svm,valence,6,0,"[26, 3, 36, 9, 24, 25, 23, 37, 11, 35, 32, 5, 1, 30, 19, 13, 38, 21, 10, 20, 18, 2, 15, 8, 7, 31, 14, 22, 33, 29, 12, 16]","[28, 34, 6, 39, 27, 4, 17, 0]","{""accuracy"": 0.325, ""balanced_accuracy"": 0.29333333333333333, ""precision_macro"": 0.30179028132992325, ""precision_micro"": 0.325, ""precision_weighted"": 0.3404731457800511, ""recall_macro"": 0.29333333333333333, ""recall_micro"": 0.325, ""recall_weighted"": 0.325, ""f1_macro"": 0.296875, ""f1_micro"": 0.325, ""f1_weighted"": 0.33203125, ""mcc"": -0.4047880524841736, ""kappa"": -0.4025974025974026, ""confusion_matrix"": [[10, 50], [58, 42]], ""tp"": 42, ""tn"": 10, ""fp"": 50, ""fn"": 58, ""tpr"": 0.42, ""tnr"": 0.16666666666666666, ""fpr"": 0.8333333333333334, ""fnr"": 0.58, ""ppv"": 0.45652173913043476, ""npv"": 0.14705882352941177, ""roc_auc"": 0.29533333333333334, ""pr_auc"": 0.5713496227196782, ""log_loss"": 1.4633498785965882, ""brier"": 0.4815279983776472, ""trial_accuracy"": 0.25, ""trial_f1_macro"": 0.2}","{""clf__C"": 10.0, ""clf__class_weight"": ""balanced"", ""clf__gamma"": 0.0001}","{""scores"": {""{'clf__C': 0.1, 'clf__class_weight': None, 'clf__gamma': 0.0001}"": 0.44546372863506184, ""{'clf__C': 0.1, 'clf__class_weight': None, 'clf__gamma': 0.001}"": 0.44546372863506184, ""{'clf__C': 0.1, 'clf__class_weight': None, 'clf__gamma': 0.01}"": 0.44041586917070524, ""{'clf__C': 0.1, 'clf__class_weight': None, 'clf__gamma': 0.1}"": 0.37906741048806025, ""{'clf__C': 0.1, 'clf__class_weight': 'balanced', 'clf__gamma': 0.0001}"": 0.44546372863506184, ""{'clf__C': 0.1, 'clf__class_weight': 'balanced', 'clf__gamma': 0.001}"": 0.44546372863506184, ""{'clf__C': 0.1, 'clf__class_weight': 'balanced', 'clf__gamma': 0.01}"": 0.5547288093393332, ""{'clf__C': 0.1, 'clf__class_weight': 'balanced', 'clf__gamma': 0.1}"": 0.37906741048806025, ""{'clf__C': 1.0, 'clf__class_weight': None, 'clf__gamma': 0.0001}"": 0.44546372863506184, ""{'clf__C': 1.0, 'clf__class_weight': None, 'clf__gamma': 0.001}"": 0.48025793650793647, ""{'clf__C': 1.0, 'clf__class_weight': None, 'clf__gamma': 0.01}"": 0.5708519912338549, ""{'clf__C': 1.0, 'clf__class_weight': None, 'clf__gamma': 0.1}"": 0.3847674742411584, ""{'clf__C': 1.0, 'clf__class_weight': 'balanced', 'clf__gamma': 0.0001}"": 0.44546372863506184, ""{'clf__C': 1.0, 'clf__class_weight': 'balanced', 'clf__gamma': 0.001}"": 0.6270646020646021, ""{'clf__C': 1.0, 'clf__class_weight': 'balanced', 'clf__gamma': 0.01}"": 0.6277375289561296, ""{'clf__C': 1.0, 'clf__class_weight': 'balanced', 'clf__gamma': 0.1}"": 0.3847674742411584, ""{'clf__C': 10.0, 'clf__class_weight': None, 'clf__gamma': 0.0001}"": 0.48695914367556153, ""{'clf__C': 10.0, 'clf__class_weight': None, 'clf__gamma': 0.001}"": 0.5789454564830424, ""{'clf__C': 10.0, 'clf__class_weight': None, 'clf__gamma': 0.01}"": 0.5791550177353131, ""{'clf__C': 10.0, 'clf__class_weight': None, 'clf__gamma': 0.1}"": 0.3847674742411584, ""{'clf__C': 10.0, 'clf__class_weight': 'balanced', 'clf__gamma': 0.0001}"": 0.6392205293270569, ""{'clf__C': 10.0, 'clf__class_weight': 'balanced', 'clf__gamma': 0.001}"": 0.6001267889894343, ""{'clf__C': 10.0, 'clf__class_weight': 'balanced', 'clf__gamma': 0.01}"": 0.5791550177353131, ""{'clf__C': 10.0, 'clf__class_weight': 'balanced', 'clf__gamma': 0.1}"": 0.3847674742411584, ""{'clf__C': 100.0, 'clf__class_weight': None, 'clf__gamma': 0.0001}"": 0.5932749058742833, ""{'clf__C': 100.0, 'clf__class_weight': None, 'clf__gamma': 0.001}"": 0.6006305234040809, ""{'clf__C': 100.0, 'clf__class_weight': None, 'clf__gamma': 0.01}"": 0.5791550177353131, ""{'clf__C': 100.0, 'clf__class_weight': None, 'clf__gamma': 0.1}"": 0.3847674742411584, ""{'clf__C': 100.0, 'clf__class_weight': 'balanced', 'clf__gamma': 0.0001}"": 0.6078243949952989, ""{'clf__C': 100.0, 'clf__class_weight': 'balanced', 'clf__gamma': 0.001}"": 0.6106865691777622, ""{'clf__C': 100.0, 'clf__class_weight': 'balanced', 'clf__gamma': 0.01}"": 0.5791550177353131, ""{'clf__C': 100.0, 'clf__class_weight': 'balanced', 'clf__gamma': 0.1}"": 0.3847674742411584}, ""best_score"": 0.6392205293270569}"
D_select_l1_c1,rbf_svm,valence,6,1,"[9, 20, 16, 37, 23, 8, 24, 4, 35, 26, 5, 30, 12, 32, 27, 10, 18, 25, 1, 13, 19, 14, 6, 31, 17, 38, 34, 39, 29, 15, 28, 11]","[33, 3, 0, 7, 36, 21, 2, 22]","{""accuracy"": 0.63125, ""balanced_accuracy"": 0.6083333333333334, ""precision_macro"": 0.6076337141910912, ""precision_micro"": 0.63125, ""precision_weighted"": 0.6324929624109952, ""recall_macro"": 0.6083333333333334, ""recall_micro"": 0.63125, ""recall_weighted"": 0.63125, ""f1_macro"": 0.6079571410772873, ""f1_micro"": 0.63125, ""f1_weighted"": 0.63184725279289, ""mcc"": 0.2159659143232396, ""kappa"": 0.21594684385382057, ""confusion_matrix"": [[31, 29], [30, 70]], ""tp"": 70, ""tn"": 31, ""fp"": 29, ""fn"": 30, ""tpr"": 0.7, ""tnr"": 0.5166666666666667, ""fpr"": 0.48333333333333334, ""fnr"": 0.3, ""ppv"": 0.7070707070707071, ""npv"": 0.5081967213114754, ""roc_auc"": 0.65425, ""pr_auc"": 0.7859058136251121, ""log_loss"": 0.690099515331125, ""brier"": 0.24023542366368672, ""trial_accuracy"": 0.875, ""trial_f1_macro"": 0.8545454545454545}","{""clf__C"": 100.0, ""clf__class_weight"": ""balanced"", ""clf__gamma"": 0.001}","{""scores"": {""{'clf__C': 0.1, 'clf__class_weight': None, 'clf__gamma': 0.0001}"": 0.37227668845315903, ""{'clf__C': 0.1, 'clf__class_weight': None, 'clf__gamma': 0.001}"": 0.37227668845315903, ""{'clf__C': 0.1, 'clf__class_weight': None, 'clf__gamma': 0.01}"": 0.37227668845315903, ""{'clf__C': 0.1, 'clf__class_weight': None, 'clf__gamma': 0.1}"": 0.37227668845315903, ""{'clf__C': 0.1, 'clf__class_weight': 'balanced', 'clf__gamma': 0.0001}"": 0.3017740429505135, ""{'clf__C': 0.1, 'clf__class_weight': 'balanced', 'clf__gamma': 0.001}"": 0.3017740429505135, ""{'clf__C': 0.1, 'clf__class_weight': 'balanced', 'clf__gamma': 0.01}"": 0.31457611881894615, ""{'clf__C': 0.1, 'clf__class_weight': 'balanced', 'clf__gamma': 0.1}"": 0.3017740429505135, ""{'clf__C': 1.0, 'clf__class_weight': None, 'clf__gamma': 0.0001}"": 0.37227668845315903, ""{'clf__C': 1.0, 'clf__class_weight': None, 'clf__gamma': 0.001}"": 0.35798096440952926, ""{'clf__C': 1.0, 'clf__class_weight': None, 'clf__gamma': 0.01}"": 0.43805441886421875, ""{'clf__C': 1.0, 'clf__class_weight': None, 'clf__gamma': 0.1}"": 0.37227668845315903, ""{'clf__C': 1.0, 'clf__class_weight': 'balanced', 'clf__gamma': 0.0001}"": 0.3017740429505135, ""{'clf__C': 1.0, 'clf__class_weight': 'balanced', 'clf__gamma': 0.001}"": 0.4685779365054392, ""{'clf__C': 1.0, 'clf__class_weight': 'balanced', 'clf__gamma': 0.01}"": 0.46161468796703425, ""{'clf__C': 1.0, 'clf__class_weight': 'balanced', 'clf__gamma': 0.1}"": 0.37227668845315903, ""{'clf__C': 10.0, 'clf__class_weight': None, 'clf__gamma': 0.0001}"": 0.35454504055178077, ""{'clf__C': 10.0, 'clf__class_weight': None, 'clf__gamma': 0.001}"": 0.4599274495540923, ""{'clf__C': 10.0, 'clf__class_weight': None, 'clf__gamma': 0.01}"": 0.4631140941092027, ""{'clf__C': 10.0, 'clf__class_weight': None, 'clf__gamma': 0.1}"": 0.37227668845315903, ""{'clf__C': 10.0, 'clf__class_weight': 'balanced', 'clf__gamma': 0.0001}"": 0.46062337664952374, ""{'clf__C': 10.0, 'clf__class_weight': 'balanced', 'clf__gamma': 0.001}"": 0.4532296586776046, ""{'clf__C': 10.0, 'clf__class_weight': 'balanced', 'clf__gamma': 0.01}"": 0.4631140941092027, ""{'clf__C': 10.0, 'clf__class_weight': 'balanced', 'clf__gamma': 0.1}"": 0.37227668845315903, ""{'clf__C': 100.0, 'clf__class_weight': None, 'clf__gamma': 0.0001}"": 0.464041012264592, ""{'clf__C': 100.0, 'clf__class_weight': None, 'clf__gamma': 0.001}"": 0.45368643190082997, ""{'clf__C': 100.0, 'clf__class_weight': None, 'clf__gamma': 0.01}"": 0.4631140941092027, ""{'clf__C': 100.0, 'clf__class_weight': None, 'clf__gamma': 0.1}"": 0.37227668845315903, ""{'clf__C': 100.0, 'clf__class_weight': 'balanced', 'clf__gamma': 0.0001}"": 0.4568363191520128, ""{'clf__C': 100.0, 'clf__class_weight': 'balanced', 'clf__gamma': 0.001}"": 0.4777558264261958, ""{'clf__C': 100.0, 'clf__class_weight': 'balanced', 'clf__gamma': 0.01}"": 0.4631140941092027, ""{'clf__C': 100.0, 'clf__class_weight': 'balanced', 'clf__gamma': 0.1}"": 0.37227668845315903}, ""best_score"": 0.4777558264261958}"
D_select_l1_c1,rbf_svm,valence,7,0,"[25, 21, 0, 14, 23, 16, 2, 19, 10, 17, 33, 11, 28, 29, 13, 22, 7, 37, 20, 35, 30, 9, 24, 3, 8, 34, 15, 4, 31, 1, 27, 6]","[26, 36, 32, 39, 18, 38, 5, 12]","{""accuracy"": 0.625, ""balanced_accuracy"": 0.4833333333333334, ""precision_macro"": 0.482078853046595, ""precision_micro"": 0.625, ""precision_weighted"": 0.6120071684587813, ""recall_macro"": 0.4833333333333334, ""recall_micro"": 0.625, ""recall_weighted"": 0.625, ""f1_macro"": 0.48231233822260566, ""f1_micro"": 0.625, ""f1_weighted"": 0.6182053494391717, ""mcc"": -0.03456505649101418, ""kappa"": -0.034482758620689724, ""confusion_matrix"": [[8, 32], [28, 92]], ""tp"": 92, ""tn"": 8, ""fp"": 32, ""fn"": 28, ""tpr"": 0.7666666666666667, ""tnr"": 0.2, ""fpr"": 0.8, ""fnr"": 0.23333333333333334, ""ppv"": 0.7419354838709677, ""npv"": 0.2222222222222222, ""roc_auc"": 0.5177083333333333, ""pr_auc"": 0.7709628542727875, ""log_loss"": 0.8195358173984753, ""brier"": 0.26313664854698754, ""trial_accuracy"": 0.75, ""trial_f1_macro"": 0.42857142857142855}","{""clf__C"": 100.0, ""clf__class_weight"": null, ""clf__gamma"": 0.01}","{""scores"": {""{'clf__C': 0.1, 'clf__class_weight': None, 'clf__gamma': 0.0001}"": 0.36951754385964913, ""{'clf__C': 0.1, 'clf__class_weight': None, 'clf__gamma': 0.001}"": 0.36951754385964913, ""{'clf__C': 0.1, 'clf__class_weight': None, 'clf__gamma': 0.01}"": 0.4474728437743419, ""{'clf__C': 0.1, 'clf__class_weight': None, 'clf__gamma': 0.1}"": 0.36951754385964913, ""{'clf__C': 0.1, 'clf__class_weight': 'balanced', 'clf__gamma': 0.0001}"": 0.29738880762771547, ""{'clf__C': 0.1, 'clf__class_weight': 'balanced', 'clf__gamma': 0.001}"": 0.28952694956395236, ""{'clf__C': 0.1, 'clf__class_weight': 'balanced', 'clf__gamma': 0.01}"": 0.5036081098600728, ""{'clf__C': 0.1, 'clf__class_weight': 'balanced', 'clf__gamma': 0.1}"": 0.28613624467210047, ""{'clf__C': 1.0, 'clf__class_weight': None, 'clf__gamma': 0.0001}"": 0.36951754385964913, ""{'clf__C': 1.0, 'clf__class_weight': None, 'clf__gamma': 0.001}"": 0.46993606760405365, ""{'clf__C': 1.0, 'clf__class_weight': None, 'clf__gamma': 0.01}"": 0.4990503186970454, ""{'clf__C': 1.0, 'clf__class_weight': None, 'clf__gamma': 0.1}"": 0.4080657916485806, ""{'clf__C': 1.0, 'clf__class_weight': 'balanced', 'clf__gamma': 0.0001}"": 0.4104949886191685, ""{'clf__C': 1.0, 'clf__class_weight': 'balanced', 'clf__gamma': 0.001}"": 0.48458949415419816, ""{'clf__C': 1.0, 'clf__class_weight': 'balanced', 'clf__gamma': 0.01}"": 0.47176683070883046, ""{'clf__C': 1.0, 'clf__class_weight': 'balanced', 'clf__gamma': 0.1}"": 0.406744439306923, ""{'clf__C': 10.0, 'clf__class_weight': None, 'clf__gamma': 0.0001}"": 0.48789725061378036, ""{'clf__C': 10.0, 'clf__class_weight': None, 'clf__gamma': 0.001}"": 0.4485507382123419, ""{'clf__C': 10.0, 'clf__class_weight': None, 'clf__gamma': 0.01}"": 0.481078121584317, ""{'clf__C': 10.0, 'clf__class_weight': None, 'clf__gamma': 0.1}"": 0.4092408082248606, ""{'clf__C': 10.0, 'clf__class_weight': 'balanced', 'clf__gamma': 0.0001}"": 0.47742865483930413, ""{'clf__C': 10.0, 'clf__class_weight': 'balanced', 'clf__gamma': 0.001}"": 0.44689499570488683, ""{'clf__C': 10.0, 'clf__class_weight': 'balanced', 'clf__gamma': 0.01}"": 0.47913330972215656, ""{'clf__C': 10.0, 'clf__class_weight': 'balanced', 'clf__gamma': 0.1}"": 0.4092408082248606, ""{'clf__C': 100.0, 'clf__class_weight': None, 'clf__gamma': 0.0001}"": 0.4567266990214834, ""{'clf__C': 100.0, 'clf__class_weight': None, 'clf__gamma': 0.001}"": 0.46817190455643115, ""{'clf__C': 100.0, 'clf__class_weight': None, 'clf__gamma': 0.01}"": 0.5079335284704841, ""{'clf__C': 100.0, 'clf__class_weight': None, 'clf__gamma': 0.1}"": 0.4092408082248606, ""{'clf__C': 100.0, 'clf__class_weight': 'balanced', 'clf__gamma': 0.0001}"": 0.44781074026917295, ""{'clf__C': 100.0, 'clf__class_weight': 'balanced', 'clf__gamma': 0.001}"": 0.47375930319605875, ""{'clf__C': 100.0, 'clf__class_weight': 'balanced', 'clf__gamma': 0.01}"": 0.503749520339991, ""{'clf__C': 100.0, 'clf__class_weight': 'balanced', 'clf__gamma': 0.1}"": 0.4092408082248606}, ""best_score"": 0.5079335284704841}"
D_select_l1_c1,rbf_svm,valence,7,1,"[25, 18, 21, 9, 31, 16, 22, 0, 24, 23, 13, 37, 11, 39, 1, 38, 19, 15, 12, 20, 10, 30, 28, 29, 6, 4, 14, 17, 33, 36, 34, 26]","[35, 7, 2, 3, 5, 8, 27, 32]","{""accuracy"": 0.53125, ""balanced_accuracy"": 0.5041666666666667, ""precision_macro"": 0.5031650577623041, ""precision_micro"": 0.53125, ""precision_weighted"": 0.6279870232631746, ""recall_macro"": 0.5041666666666667, ""recall_micro"": 0.53125, ""recall_weighted"": 0.53125, ""f1_macro"": 0.482736324841588, ""f1_micro"": 0.53125, ""f1_weighted"": 0.5619423251002198, ""mcc"": 0.0072629857982147656, ""kappa"": 0.0066225165562914245, ""confusion_matrix"": [[18, 22], [53, 67]], ""tp"": 67, ""tn"": 18, ""fp"": 22, ""fn"": 53, ""tpr"": 0.5583333333333333, ""tnr"": 0.45, ""fpr"": 0.55, ""fnr"": 0.44166666666666665, ""ppv"": 0.7528089887640449, ""npv"": 0.2535211267605634, ""roc_auc"": 0.494375, ""pr_auc"": 0.7162564538814963, ""log_loss"": 1.052298241903139, ""brier"": 0.3306776105124262, ""trial_accuracy"": 0.75, ""trial_f1_macro"": 0.6666666666666667}","{""clf__C"": 10.0, ""clf__class_weight"": null, ""clf__gamma"": 0.01}","{""scores"": {""{'clf__C': 0.1, 'clf__class_weight': None, 'clf__gamma': 0.0001}"": 0.369109047127623, ""{'clf__C': 0.1, 'clf__class_weight': None, 'clf__gamma': 0.001}"": 0.369109047127623, ""{'clf__C': 0.1, 'clf__class_weight': None, 'clf__gamma': 0.01}"": 0.3255323634830276, ""{'clf__C': 0.1, 'clf__class_weight': None, 'clf__gamma': 0.1}"": 0.369109047127623, ""{'clf__C': 0.1, 'clf__class_weight': 'balanced', 'clf__gamma': 0.0001}"": 0.30018674136321194, ""{'clf__C': 0.1, 'clf__class_weight': 'balanced', 'clf__gamma': 0.001}"": 0.30018674136321194, ""{'clf__C': 0.1, 'clf__class_weight': 'balanced', 'clf__gamma': 0.01}"": 0.34654164131597587, ""{'clf__C': 0.1, 'clf__class_weight': 'balanced', 'clf__gamma': 0.1}"": 0.30018674136321194, ""{'clf__C': 1.0, 'clf__class_weight': None, 'clf__gamma': 0.0001}"": 0.369109047127623, ""{'clf__C': 1.0, 'clf__class_weight': None, 'clf__gamma': 0.001}"": 0.37050667351975036, ""{'clf__C': 1.0, 'clf__class_weight': None, 'clf__gamma': 0.01}"": 0.36687903279329587, ""{'clf__C': 1.0, 'clf__class_weight': None, 'clf__gamma': 0.1}"": 0.33412572774024785, ""{'clf__C': 1.0, 'clf__class_weight': 'balanced', 'clf__gamma': 0.0001}"": 0.3202347568792963, ""{'clf__C': 1.0, 'clf__class_weight': 'balanced', 'clf__gamma': 0.001}"": 0.3560522496493366, ""{'clf__C': 1.0, 'clf__class_weight': 'balanced', 'clf__gamma': 0.01}"": 0.37769576610641176, ""{'clf__C': 1.0, 'clf__class_weight': 'balanced', 'clf__gamma': 0.1}"": 0.33133716329775315, ""{'clf__C': 10.0, 'clf__class_weight': None, 'clf__gamma': 0.0001}"": 0.37190791117432886, ""{'clf__C': 10.0, 'clf__class_weight': None, 'clf__gamma': 0.001}"": 0.3718815374477275, ""{'clf__C': 10.0, 'clf__class_weight': None, 'clf__gamma': 0.01}"": 0.44289459282197213, ""{'clf__C': 10.0, 'clf__class_weight': None, 'clf__gamma': 0.1}"": 0.33699978991179663, ""{'clf__C': 10.0, 'clf__class_weight': 'balanced', 'clf__gamma': 0.0001}"": 0.35036764928921954, ""{'clf__C': 10.0, 'clf__class_weight': 'balanced', 'clf__gamma': 0.001}"": 0.3777304165801927, ""{'clf__C': 10.0, 'clf__class_weight': 'balanced', 'clf__gamma': 0.01}"": 0.4375050490420249, ""{'clf__C': 10.0, 'clf__class_weight': 'balanced', 'clf__gamma': 0.1}"": 0.33699978991179663, ""{'clf__C': 100.0, 'clf__class_weight': None, 'clf__gamma': 0.0001}"": 0.36772578897878816, ""{'clf__C': 100.0, 'clf__class_weight': None, 'clf__gamma': 0.001}"": 0.435206296206212, ""{'clf__C': 100.0, 'clf__class_weight': None, 'clf__gamma': 0.01}"": 0.4324251898837945, ""{'clf__C': 100.0, 'clf__class_weight': None, 'clf__gamma': 0.1}"": 0.33699978991179663, ""{'clf__C': 100.0, 'clf__class_weight': 'balanced', 'clf__gamma': 0.0001}"": 0.3843111643850792, ""{'clf__C': 100.0, 'clf__class_weight': 'balanced', 'clf__gamma': 0.001}"": 0.4393877768512647, ""{'clf__C': 100.0, 'clf__class_weight': 'balanced', 'clf__gamma': 0.01}"": 0.4324251898837945, ""{'clf__C': 100.0, 'clf__class_weight': 'balanced', 'clf__gamma': 0.1}"": 0.33699978991179663}, ""best_score"": 0.44289459282197213}"
D_select_l1_c1,rbf_svm,valence,8,0,"[31, 1, 36, 16, 27, 8, 25, 28, 18, 12, 19, 29, 23, 39, 21, 24, 0, 9, 10, 17, 38, 20, 37, 3, 14, 35, 15, 7, 26, 2, 5, 13]","[22, 34, 6, 4, 30, 33, 11, 32]","{""accuracy"": 0.6, ""balanced_accuracy"": 0.6, ""precision_macro"": 0.5447570332480818, ""precision_micro"": 0.6, ""precision_weighted"": 0.8209718670076726, ""recall_macro"": 0.6, ""recall_micro"": 0.6, ""recall_weighted"": 0.6, ""f1_macro"": 0.49843260188087773, ""f1_micro"": 0.6, ""f1_weighted"": 0.6677115987460815, ""mcc"": 0.133801394982387, ""kappa"": 0.09859154929577463, ""confusion_matrix"": [[84, 56], [8, 12]], ""tp"": 12, ""tn"": 84, ""fp"": 56, ""fn"": 8, ""tpr"": 0.6, ""tnr"": 0.6, ""fpr"": 0.4, ""fnr"": 0.4, ""ppv"": 0.17647058823529413, ""npv"": 0.9130434782608695, ""roc_auc"": 0.655, ""pr_auc"": 0.22603212937299288, ""log_loss"": 0.8654610670031653, ""brier"": 0.28580175545683706, ""trial_accuracy"": 0.75, ""trial_f1_macro"": 0.6666666666666667}","{""clf__C"": 1.0, ""clf__class_weight"": ""balanced"", ""clf__gamma"": 0.01}","{""scores"": {""{'clf__C': 0.1, 'clf__class_weight': None, 'clf__gamma': 0.0001}"": 0.3544973544973545, ""{'clf__C': 0.1, 'clf__class_weight': None, 'clf__gamma': 0.001}"": 0.3544973544973545, ""{'clf__C': 0.1, 'clf__class_weight': None, 'clf__gamma': 0.01}"": 0.3650451803747332, ""{'clf__C': 0.1, 'clf__class_weight': None, 'clf__gamma': 0.1}"": 0.3544973544973545, ""{'clf__C': 0.1, 'clf__class_weight': 'balanced', 'clf__gamma': 0.0001}"": 0.30277777777777776, ""{'clf__C': 0.1, 'clf__class_weight': 'balanced', 'clf__gamma': 0.001}"": 0.30277777777777776, ""{'clf__C': 0.1, 'clf__class_weight': 'balanced', 'clf__gamma': 0.01}"": 0.5056196199616679, ""{'clf__C': 0.1, 'clf__class_weight': 'balanced', 'clf__gamma': 0.1}"": 0.30277777777777776, ""{'clf__C': 1.0, 'clf__class_weight': None, 'clf__gamma': 0.0001}"": 0.3544973544973545, ""{'clf__C': 1.0, 'clf__class_weight': None, 'clf__gamma': 0.001}"": 0.45040420438170087, ""{'clf__C': 1.0, 'clf__class_weight': None, 'clf__gamma': 0.01}"": 0.5686230602291379, ""{'clf__C': 1.0, 'clf__class_weight': None, 'clf__gamma': 0.1}"": 0.3716370236234863, ""{'clf__C': 1.0, 'clf__class_weight': 'balanced', 'clf__gamma': 0.0001}"": 0.40368651163518693, ""{'clf__C': 1.0, 'clf__class_weight': 'balanced', 'clf__gamma': 0.001}"": 0.5429634692792588, ""{'clf__C': 1.0, 'clf__class_weight': 'balanced', 'clf__gamma': 0.01}"": 0.5775399434276319, ""{'clf__C': 1.0, 'clf__class_weight': 'balanced', 'clf__gamma': 0.1}"": 0.37415359257944175, ""{'clf__C': 10.0, 'clf__class_weight': None, 'clf__gamma': 0.0001}"": 0.47073875855327474, ""{'clf__C': 10.0, 'clf__class_weight': None, 'clf__gamma': 0.001}"": 0.5643251257856318, ""{'clf__C': 10.0, 'clf__class_weight': None, 'clf__gamma': 0.01}"": 0.572676585964711, ""{'clf__C': 10.0, 'clf__class_weight': None, 'clf__gamma': 0.1}"": 0.37340135320256057, ""{'clf__C': 10.0, 'clf__class_weight': 'balanced', 'clf__gamma': 0.0001}"": 0.5491365994362201, ""{'clf__C': 10.0, 'clf__class_weight': 'balanced', 'clf__gamma': 0.001}"": 0.5597447113804978, ""{'clf__C': 10.0, 'clf__class_weight': 'balanced', 'clf__gamma': 0.01}"": 0.5744070743306361, ""{'clf__C': 10.0, 'clf__class_weight': 'balanced', 'clf__gamma': 0.1}"": 0.37340135320256057, ""{'clf__C': 100.0, 'clf__class_weight': None, 'clf__gamma': 0.0001}"": 0.5673584223299942, ""{'clf__C': 100.0, 'clf__class_weight': None, 'clf__gamma': 0.001}"": 0.5661643178440781, ""{'clf__C': 100.0, 'clf__class_weight': None, 'clf__gamma': 0.01}"": 0.572676585964711, ""{'clf__C': 100.0, 'clf__class_weight': None, 'clf__gamma': 0.1}"": 0.37340135320256057, ""{'clf__C': 100.0, 'clf__class_weight': 'balanced', 'clf__gamma': 0.0001}"": 0.5574887154651097, ""{'clf__C': 100.0, 'clf__class_weight': 'balanced', 'clf__gamma': 0.001}"": 0.55851005842684, ""{'clf__C': 100.0, 'clf__class_weight': 'balanced', 'clf__gamma': 0.01}"": 0.572676585964711, ""{'clf__C': 100.0, 'clf__class_weight': 'balanced', 'clf__gamma': 0.1}"": 0.37340135320256057}, ""best_score"": 0.5775399434276319}"
D_select_l1_c1,rbf_svm,valence,8,1,"[31, 8, 16, 39, 12, 6, 38, 3, 28, 27, 5, 20, 22, 15, 9, 17, 1, 18, 25, 21, 32, 33, 23, 4, 35, 13, 14, 24, 19, 7, 26, 34]","[11, 37, 30, 36, 29, 0, 10, 2]","{""accuracy"": 0.525, ""balanced_accuracy"": 0.525, ""precision_macro"": 0.5297619047619048, ""precision_micro"": 0.525, ""precision_weighted"": 0.5297619047619048, ""recall_macro"": 0.525, ""recall_micro"": 0.525, ""recall_weighted"": 0.525, ""f1_macro"": 0.5052083333333333, ""f1_micro"": 0.525, ""f1_weighted"": 0.5052083333333333, ""mcc"": 0.0545544725589981, ""kappa"": 0.050000000000000044, ""confusion_matrix"": [[58, 22], [54, 26]], ""tp"": 26, ""tn"": 58, ""fp"": 22, ""fn"": 54, ""tpr"": 0.325, ""tnr"": 0.725, ""fpr"": 0.275, ""fnr"": 0.675, ""ppv"": 0.5416666666666666, ""npv"": 0.5178571428571429, ""roc_auc"": 0.5290625, ""pr_auc"": 0.5503768246441425, ""log_loss"": 1.1446449085478085, ""brier"": 0.3575557706157559, ""trial_accuracy"": 0.5, ""trial_f1_macro"": 0.3333333333333333}","{""clf__C"": 1.0, ""clf__class_weight"": ""balanced"", ""clf__gamma"": 0.01}","{""scores"": {""{'clf__C': 0.1, 'clf__class_weight': None, 'clf__gamma': 0.0001}"": 0.3954248366013072, ""{'clf__C': 0.1, 'clf__class_weight': None, 'clf__gamma': 0.001}"": 0.3954248366013072, ""{'clf__C': 0.1, 'clf__class_weight': None, 'clf__gamma': 0.01}"": 0.3954248366013072, ""{'clf__C': 0.1, 'clf__class_weight': None, 'clf__gamma': 0.1}"": 0.3954248366013072, ""{'clf__C': 0.1, 'clf__class_weight': 'balanced', 'clf__gamma': 0.0001}"": 0.3169398223594552, ""{'clf__C': 0.1, 'clf__class_weight': 'balanced', 'clf__gamma': 0.001}"": 0.31685971309703526, ""{'clf__C': 0.1, 'clf__class_weight': 'balanced', 'clf__gamma': 0.01}"": 0.4910987449792088, ""{'clf__C': 0.1, 'clf__class_weight': 'balanced', 'clf__gamma': 0.1}"": 0.2893518518518518, ""{'clf__C': 1.0, 'clf__class_weight': None, 'clf__gamma': 0.0001}"": 0.3954248366013072, ""{'clf__C': 1.0, 'clf__class_weight': None, 'clf__gamma': 0.001}"": 0.4181373327912927, ""{'clf__C': 1.0, 'clf__class_weight': None, 'clf__gamma': 0.01}"": 0.5275611748336012, ""{'clf__C': 1.0, 'clf__class_weight': None, 'clf__gamma': 0.1}"": 0.3954248366013072, ""{'clf__C': 1.0, 'clf__class_weight': 'balanced', 'clf__gamma': 0.0001}"": 0.3169398223594552, ""{'clf__C': 1.0, 'clf__class_weight': 'balanced', 'clf__gamma': 0.001}"": 0.4980562357323546, ""{'clf__C': 1.0, 'clf__class_weight': 'balanced', 'clf__gamma': 0.01}"": 0.5419009476054416, ""{'clf__C': 1.0, 'clf__class_weight': 'balanced', 'clf__gamma': 0.1}"": 0.3954248366013072, ""{'clf__C': 10.0, 'clf__class_weight': None, 'clf__gamma': 0.0001}"": 0.4266025691990439, ""{'clf__C': 10.0, 'clf__class_weight': None, 'clf__gamma': 0.001}"": 0.5198460704126567, ""{'clf__C': 10.0, 'clf__class_weight': None, 'clf__gamma': 0.01}"": 0.5382408926124932, ""{'clf__C': 10.0, 'clf__class_weight': None, 'clf__gamma': 0.1}"": 0.3954248366013072, ""{'clf__C': 10.0, 'clf__class_weight': 'balanced', 'clf__gamma': 0.0001}"": 0.49705373391555846, ""{'clf__C': 10.0, 'clf__class_weight': 'balanced', 'clf__gamma': 0.001}"": 0.5151636719515762, ""{'clf__C': 10.0, 'clf__class_weight': 'balanced', 'clf__gamma': 0.01}"": 0.5394190903854854, ""{'clf__C': 10.0, 'clf__class_weight': 'balanced', 'clf__gamma': 0.1}"": 0.3954248366013072, ""{'clf__C': 100.0, 'clf__class_weight': None, 'clf__gamma': 0.0001}"": 0.5333297534886229, ""{'clf__C': 100.0, 'clf__class_weight': None, 'clf__gamma': 0.001}"": 0.518789277297722, ""{'clf__C': 100.0, 'clf__class_weight': None, 'clf__gamma': 0.01}"": 0.5394190903854854, ""{'clf__C': 100.0, 'clf__class_weight': None, 'clf__gamma': 0.1}"": 0.3954248366013072, ""{'clf__C': 100.0, 'clf__class_weight': 'balanced', 'clf__gamma': 0.0001}"": 0.5049522545934589, ""{'clf__C': 100.0, 'clf__class_weight': 'balanced', 'clf__gamma': 0.001}"": 0.5078121790760223, ""{'clf__C': 100.0, 'clf__class_weight': 'balanced', 'clf__gamma': 0.01}"": 0.5394190903854854, ""{'clf__C': 100.0, 'clf__class_weight': 'balanced', 'clf__gamma': 0.1}"": 0.3954248366013072}, ""best_score"": 0.5419009476054416}"
D_select_l1_c1,rbf_svm,valence,9,0,"[17, 15, 34, 11, 0, 22, 23, 18, 14, 19, 31, 2, 39, 36, 12, 29, 24, 8, 35, 7, 13, 1, 26, 25, 38, 10, 6, 27, 3, 4, 20, 28]","[33, 30, 21, 16, 5, 9, 32, 37]","{""accuracy"": 0.63125, ""balanced_accuracy"": 0.63125, ""precision_macro"": 0.631764705882353, ""precision_micro"": 0.63125, ""precision_weighted"": 0.631764705882353, ""recall_macro"": 0.63125, ""recall_micro"": 0.63125, ""recall_weighted"": 0.63125, ""f1_macro"": 0.6308895405669599, ""f1_micro"": 0.63125, ""f1_weighted"": 0.6308895405669599, ""mcc"": 0.26301420225576283, ""kappa"": 0.26249999999999996, ""confusion_matrix"": [[53, 27], [32, 48]], ""tp"": 48, ""tn"": 53, ""fp"": 27, ""fn"": 32, ""tpr"": 0.6, ""tnr"": 0.6625, ""fpr"": 0.3375, ""fnr"": 0.4, ""ppv"": 0.64, ""npv"": 0.6235294117647059, ""roc_auc"": 0.7020312500000001, ""pr_auc"": 0.7786414184901664, ""log_loss"": 0.7042566098590052, ""brier"": 0.2511285469466426, ""trial_accuracy"": 0.625, ""trial_f1_macro"": 0.6190476190476191}","{""clf__C"": 0.1, ""clf__class_weight"": ""balanced"", ""clf__gamma"": 0.01}","{""scores"": {""{'clf__C': 0.1, 'clf__class_weight': None, 'clf__gamma': 0.0001}"": 0.35838779956427014, ""{'clf__C': 0.1, 'clf__class_weight': None, 'clf__gamma': 0.001}"": 0.35838779956427014, ""{'clf__C': 0.1, 'clf__class_weight': None, 'clf__gamma': 0.01}"": 0.5883589957996573, ""{'clf__C': 0.1, 'clf__class_weight': None, 'clf__gamma': 0.1}"": 0.3941868746611588, ""{'clf__C': 0.1, 'clf__class_weight': 'balanced', 'clf__gamma': 0.0001}"": 0.30416666666666664, ""{'clf__C': 0.1, 'clf__class_weight': 'balanced', 'clf__gamma': 0.001}"": 0.45301748072746123, ""{'clf__C': 0.1, 'clf__class_weight': 'balanced', 'clf__gamma': 0.01}"": 0.707651637507503, ""{'clf__C': 0.1, 'clf__class_weight': 'balanced', 'clf__gamma': 0.1}"": 0.5661014049861731, ""{'clf__C': 1.0, 'clf__class_weight': None, 'clf__gamma': 0.0001}"": 0.35838779956427014, ""{'clf__C': 1.0, 'clf__class_weight': None, 'clf__gamma': 0.001}"": 0.6555477769577969, ""{'clf__C': 1.0, 'clf__class_weight': None, 'clf__gamma': 0.01}"": 0.6824054055717795, ""{'clf__C': 1.0, 'clf__class_weight': None, 'clf__gamma': 0.1}"": 0.6062431948237251, ""{'clf__C': 1.0, 'clf__class_weight': 'balanced', 'clf__gamma': 0.0001}"": 0.5240429643796173, ""{'clf__C': 1.0, 'clf__class_weight': 'balanced', 'clf__gamma': 0.001}"": 0.6978223079550928, ""{'clf__C': 1.0, 'clf__class_weight': 'balanced', 'clf__gamma': 0.01}"": 0.6763651511203222, ""{'clf__C': 1.0, 'clf__class_weight': 'balanced', 'clf__gamma': 0.1}"": 0.6124591096311381, ""{'clf__C': 10.0, 'clf__class_weight': None, 'clf__gamma': 0.0001}"": 0.6730574346976743, ""{'clf__C': 10.0, 'clf__class_weight': None, 'clf__gamma': 0.001}"": 0.693161080074488, ""{'clf__C': 10.0, 'clf__class_weight': None, 'clf__gamma': 0.01}"": 0.5994095092605205, ""{'clf__C': 10.0, 'clf__class_weight': None, 'clf__gamma': 0.1}"": 0.6082909712049794, ""{'clf__C': 10.0, 'clf__class_weight': 'balanced', 'clf__gamma': 0.0001}"": 0.6962689086911275, ""{'clf__C': 10.0, 'clf__class_weight': 'balanced', 'clf__gamma': 0.001}"": 0.6863209497035649, ""{'clf__C': 10.0, 'clf__class_weight': 'balanced', 'clf__gamma': 0.01}"": 0.6112228824840036, ""{'clf__C': 10.0, 'clf__class_weight': 'balanced', 'clf__gamma': 0.1}"": 0.6096270004161773, ""{'clf__C': 100.0, 'clf__class_weight': None, 'clf__gamma': 0.0001}"": 0.6836376917290532, ""{'clf__C': 100.0, 'clf__class_weight': None, 'clf__gamma': 0.001}"": 0.6205151526146507, ""{'clf__C': 100.0, 'clf__class_weight': None, 'clf__gamma': 0.01}"": 0.5829319420682045, ""{'clf__C': 100.0, 'clf__class_weight': None, 'clf__gamma': 0.1}"": 0.6035493060541541, ""{'clf__C': 100.0, 'clf__class_weight': 'balanced', 'clf__gamma': 0.0001}"": 0.6709304313449508, ""{'clf__C': 100.0, 'clf__class_weight': 'balanced', 'clf__gamma': 0.001}"": 0.6218276153229549, ""{'clf__C': 100.0, 'clf__class_weight': 'balanced', 'clf__gamma': 0.01}"": 0.5950224686774908, ""{'clf__C': 100.0, 'clf__class_weight': 'balanced', 'clf__gamma': 0.1}"": 0.6022132768429563}, ""best_score"": 0.707651637507503}"
D_select_l1_c1,rbf_svm,valence,9,1,"[37, 36, 15, 0, 12, 10, 29, 26, 31, 6, 11, 4, 33, 28, 7, 21, 18, 14, 16, 24, 19, 25, 32, 9, 20, 30, 2, 34, 27, 22, 38, 39]","[1, 35, 23, 5, 13, 8, 3, 17]","{""accuracy"": 0.51875, ""balanced_accuracy"": 0.6541666666666667, ""precision_macro"": 0.6360544217687075, ""precision_micro"": 0.51875, ""precision_weighted"": 0.7874149659863946, ""recall_macro"": 0.6541666666666667, ""recall_micro"": 0.51875, ""recall_weighted"": 0.51875, ""f1_macro"": 0.5172224616952075, ""f1_micro"": 0.51875, ""f1_weighted"": 0.5308005799600297, ""mcc"": 0.2896553585856295, ""kappa"": 0.19371727748691103, ""confusion_matrix"": [[37, 3], [74, 46]], ""tp"": 46, ""tn"": 37, ""fp"": 3, ""fn"": 74, ""tpr"": 0.38333333333333336, ""tnr"": 0.925, ""fpr"": 0.075, ""fnr"": 0.6166666666666667, ""ppv"": 0.9387755102040817, ""npv"": 0.3333333333333333, ""roc_auc"": 0.688125, ""pr_auc"": 0.8816082198794895, ""log_loss"": 1.413393629650794, ""brier"": 0.38950532509463665, ""trial_accuracy"": 0.375, ""trial_f1_macro"": 0.36507936507936506}","{""clf__C"": 100.0, ""clf__class_weight"": ""balanced"", ""clf__gamma"": 0.001}","{""scores"": {""{'clf__C': 0.1, 'clf__class_weight': None, 'clf__gamma': 0.0001}"": 0.29627619478365746, ""{'clf__C': 0.1, 'clf__class_weight': None, 'clf__gamma': 0.001}"": 0.31697191697191696, ""{'clf__C': 0.1, 'clf__class_weight': None, 'clf__gamma': 0.01}"": 0.49994104767880815, ""{'clf__C': 0.1, 'clf__class_weight': None, 'clf__gamma': 0.1}"": 0.34344252238989076, ""{'clf__C': 0.1, 'clf__class_weight': 'balanced', 'clf__gamma': 0.0001}"": 0.3370169355243982, ""{'clf__C': 0.1, 'clf__class_weight': 'balanced', 'clf__gamma': 0.001}"": 0.5576093968838806, ""{'clf__C': 0.1, 'clf__class_weight': 'balanced', 'clf__gamma': 0.01}"": 0.5583805029019228, ""{'clf__C': 0.1, 'clf__class_weight': 'balanced', 'clf__gamma': 0.1}"": 0.382056131879459, ""{'clf__C': 1.0, 'clf__class_weight': None, 'clf__gamma': 0.0001}"": 0.3223754341919416, ""{'clf__C': 1.0, 'clf__class_weight': None, 'clf__gamma': 0.001}"": 0.5180830941775543, ""{'clf__C': 1.0, 'clf__class_weight': None, 'clf__gamma': 0.01}"": 0.528843443237958, ""{'clf__C': 1.0, 'clf__class_weight': None, 'clf__gamma': 0.1}"": 0.518812098134067, ""{'clf__C': 1.0, 'clf__class_weight': 'balanced', 'clf__gamma': 0.0001}"": 0.4959589009261336, ""{'clf__C': 1.0, 'clf__class_weight': 'balanced', 'clf__gamma': 0.001}"": 0.5634320366957658, ""{'clf__C': 1.0, 'clf__class_weight': 'balanced', 'clf__gamma': 0.01}"": 0.5431218223317577, ""{'clf__C': 1.0, 'clf__class_weight': 'balanced', 'clf__gamma': 0.1}"": 0.5229960678720258, ""{'clf__C': 10.0, 'clf__class_weight': None, 'clf__gamma': 0.0001}"": 0.5255020401444723, ""{'clf__C': 10.0, 'clf__class_weight': None, 'clf__gamma': 0.001}"": 0.5149038099704164, ""{'clf__C': 10.0, 'clf__class_weight': None, 'clf__gamma': 0.01}"": 0.5353301992298732, ""{'clf__C': 10.0, 'clf__class_weight': None, 'clf__gamma': 0.1}"": 0.5094068976102429, ""{'clf__C': 10.0, 'clf__class_weight': 'balanced', 'clf__gamma': 0.0001}"": 0.5712915361520609, ""{'clf__C': 10.0, 'clf__class_weight': 'balanced', 'clf__gamma': 0.001}"": 0.5469101696874272, ""{'clf__C': 10.0, 'clf__class_weight': 'balanced', 'clf__gamma': 0.01}"": 0.5494671683227538, ""{'clf__C': 10.0, 'clf__class_weight': 'balanced', 'clf__gamma': 0.1}"": 0.5041455526730505, ""{'clf__C': 100.0, 'clf__class_weight': None, 'clf__gamma': 0.0001}"": 0.522589348163163, ""{'clf__C': 100.0, 'clf__class_weight': None, 'clf__gamma': 0.001}"": 0.5728191995625666, ""{'clf__C': 100.0, 'clf__class_weight': None, 'clf__gamma': 0.01}"": 0.5280882680330229, ""{'clf__C': 100.0, 'clf__class_weight': None, 'clf__gamma': 0.1}"": 0.50594886006295, ""{'clf__C': 100.0, 'clf__class_weight': 'balanced', 'clf__gamma': 0.0001}"": 0.5477926519136004, ""{'clf__C': 100.0, 'clf__class_weight': 'balanced', 'clf__gamma': 0.001}"": 0.5797450769658594, ""{'clf__C': 100.0, 'clf__class_weight': 'balanced', 'clf__gamma': 0.01}"": 0.5280882680330229, ""{'clf__C': 100.0, 'clf__class_weight': 'balanced', 'clf__gamma': 0.1}"": 0.5028149569290469}, ""best_score"": 0.5797450769658594}"
D_select_l1_c1,rbf_svm,valence,10,0,"[36, 8, 0, 35, 24, 2, 18, 19, 21, 4, 9, 7, 12, 6, 15, 37, 31, 14, 20, 30, 16, 17, 33, 25, 34, 1, 29, 3, 26, 27, 38, 10]","[5, 32, 39, 22, 23, 13, 11, 28]","{""accuracy"": 0.98125, ""balanced_accuracy"": 0.985, ""precision_macro"": 0.9761904761904762, ""precision_micro"": 0.98125, ""precision_weighted"": 0.9821428571428571, ""recall_macro"": 0.985, ""recall_micro"": 0.98125, ""recall_weighted"": 0.98125, ""f1_macro"": 0.980190664850811, ""f1_micro"": 0.98125, ""f1_weighted"": 0.9813358920391234, ""mcc"": 0.9611501047232548, ""kappa"": 0.9603960396039604, ""confusion_matrix"": [[60, 0], [3, 97]], ""tp"": 97, ""tn"": 60, ""fp"": 0, ""fn"": 3, ""tpr"": 0.97, ""tnr"": 1.0, ""fpr"": 0.0, ""fnr"": 0.03, ""ppv"": 1.0, ""npv"": 0.9523809523809523, ""roc_auc"": 0.9996666666666666, ""pr_auc"": 0.99970099009901, ""log_loss"": 0.2705683270683428, ""brier"": 0.06334944254264578, ""trial_accuracy"": 1.0, ""trial_f1_macro"": 1.0}","{""clf__C"": 10.0, ""clf__class_weight"": ""balanced"", ""clf__gamma"": 0.0001}","{""scores"": {""{'clf__C': 0.1, 'clf__class_weight': None, 'clf__gamma': 0.0001}"": 0.34640522875817, ""{'clf__C': 0.1, 'clf__class_weight': None, 'clf__gamma': 0.001}"": 0.34640522875817, ""{'clf__C': 0.1, 'clf__class_weight': None, 'clf__gamma': 0.01}"": 0.5693317360467579, ""{'clf__C': 0.1, 'clf__class_weight': None, 'clf__gamma': 0.1}"": 0.34640522875817, ""{'clf__C': 0.1, 'clf__class_weight': 'balanced', 'clf__gamma': 0.0001}"": 0.3194444444444444, ""{'clf__C': 0.1, 'clf__class_weight': 'balanced', 'clf__gamma': 0.001}"": 0.3194444444444444, ""{'clf__C': 0.1, 'clf__class_weight': 'balanced', 'clf__gamma': 0.01}"": 0.6490758356537408, ""{'clf__C': 0.1, 'clf__class_weight': 'balanced', 'clf__gamma': 0.1}"": 0.3194444444444444, ""{'clf__C': 1.0, 'clf__class_weight': None, 'clf__gamma': 0.0001}"": 0.34640522875817, ""{'clf__C': 1.0, 'clf__class_weight': None, 'clf__gamma': 0.001}"": 0.6381287256985474, ""{'clf__C': 1.0, 'clf__class_weight': None, 'clf__gamma': 0.01}"": 0.6077999282609879, ""{'clf__C': 1.0, 'clf__class_weight': None, 'clf__gamma': 0.1}"": 0.4650401373294444, ""{'clf__C': 1.0, 'clf__class_weight': 'balanced', 'clf__gamma': 0.0001}"": 0.5370879332682423, ""{'clf__C': 1.0, 'clf__class_weight': 'balanced', 'clf__gamma': 0.001}"": 0.6574449558451977, ""{'clf__C': 1.0, 'clf__class_weight': 'balanced', 'clf__gamma': 0.01}"": 0.6005908474719469, ""{'clf__C': 1.0, 'clf__class_weight': 'balanced', 'clf__gamma': 0.1}"": 0.4782862936275198, ""{'clf__C': 10.0, 'clf__class_weight': None, 'clf__gamma': 0.0001}"": 0.6451848964221413, ""{'clf__C': 10.0, 'clf__class_weight': None, 'clf__gamma': 0.001}"": 0.5860148990268986, ""{'clf__C': 10.0, 'clf__class_weight': None, 'clf__gamma': 0.01}"": 0.5979937245684408, ""{'clf__C': 10.0, 'clf__class_weight': None, 'clf__gamma': 0.1}"": 0.4782862936275198, ""{'clf__C': 10.0, 'clf__class_weight': 'balanced', 'clf__gamma': 0.0001}"": 0.6575542465905394, ""{'clf__C': 10.0, 'clf__class_weight': 'balanced', 'clf__gamma': 0.001}"": 0.5913011162516272, ""{'clf__C': 10.0, 'clf__class_weight': 'balanced', 'clf__gamma': 0.01}"": 0.5979937245684408, ""{'clf__C': 10.0, 'clf__class_weight': 'balanced', 'clf__gamma': 0.1}"": 0.4782862936275198, ""{'clf__C': 100.0, 'clf__class_weight': None, 'clf__gamma': 0.0001}"": 0.5971868159456339, ""{'clf__C': 100.0, 'clf__class_weight': None, 'clf__gamma': 0.001}"": 0.561707199596746, ""{'clf__C': 100.0, 'clf__class_weight': None, 'clf__gamma': 0.01}"": 0.5997221330530235, ""{'clf__C': 100.0, 'clf__class_weight': None, 'clf__gamma': 0.1}"": 0.4782862936275198, ""{'clf__C': 100.0, 'clf__class_weight': 'balanced', 'clf__gamma': 0.0001}"": 0.5995757704581876, ""{'clf__C': 100.0, 'clf__class_weight': 'balanced', 'clf__gamma': 0.001}"": 0.5700109099570803, ""{'clf__C': 100.0, 'clf__class_weight': 'balanced', 'clf__gamma': 0.01}"": 0.5997221330530235, ""{'clf__C': 100.0, 'clf__class_weight': 'balanced', 'clf__gamma': 0.1}"": 0.4782862936275198}, ""best_score"": 0.6575542465905394}"
D_select_l1_c1,rbf_svm,valence,10,1,"[2, 33, 16, 5, 3, 7, 36, 27, 28, 30, 19, 32, 4, 12, 8, 11, 14, 38, 13, 20, 10, 23, 34, 9, 17, 24, 35, 29, 39, 26, 21, 31]","[15, 22, 25, 6, 18, 37, 1, 0]","{""accuracy"": 0.875, ""balanced_accuracy"": 0.8966666666666667, ""precision_macro"": 0.8721075672295184, ""precision_micro"": 0.875, ""precision_weighted"": 0.901031894934334, ""recall_macro"": 0.8966666666666667, ""recall_micro"": 0.875, ""recall_weighted"": 0.875, ""f1_macro"": 0.872591176939003, ""f1_micro"": 0.875, ""f1_weighted"": 0.8769708552317248, ""mcc"": 0.7683818538575091, ""kappa"": 0.7484276729559749, ""confusion_matrix"": [[81, 19], [1, 59]], ""tp"": 59, ""tn"": 81, ""fp"": 19, ""fn"": 1, ""tpr"": 0.9833333333333333, ""tnr"": 0.81, ""fpr"": 0.19, ""fnr"": 0.016666666666666666, ""ppv"": 0.7564102564102564, ""npv"": 0.9878048780487805, ""roc_auc"": 0.9683333333333334, ""pr_auc"": 0.9447594763469678, ""log_loss"": 0.3910897752470469, ""brier"": 0.12034283578216934, ""trial_accuracy"": 1.0, ""trial_f1_macro"": 1.0}","{""clf__C"": 1.0, ""clf__class_weight"": null, ""clf__gamma"": 0.001}","{""scores"": {""{'clf__C': 0.1, 'clf__class_weight': None, 'clf__gamma': 0.0001}"": 0.4059260801094631, ""{'clf__C': 0.1, 'clf__class_weight': None, 'clf__gamma': 0.001}"": 0.4059260801094631, ""{'clf__C': 0.1, 'clf__class_weight': None, 'clf__gamma': 0.01}"": 0.5925729990656086, ""{'clf__C': 0.1, 'clf__class_weight': None, 'clf__gamma': 0.1}"": 0.35547703980233286, ""{'clf__C': 0.1, 'clf__class_weight': 'balanced', 'clf__gamma': 0.0001}"": 0.4059260801094631, ""{'clf__C': 0.1, 'clf__class_weight': 'balanced', 'clf__gamma': 0.001}"": 0.4059260801094631, ""{'clf__C': 0.1, 'clf__class_weight': 'balanced', 'clf__gamma': 0.01}"": 0.6568389924455645, ""{'clf__C': 0.1, 'clf__class_weight': 'balanced', 'clf__gamma': 0.1}"": 0.35547703980233286, ""{'clf__C': 1.0, 'clf__class_weight': None, 'clf__gamma': 0.0001}"": 0.4059260801094631, ""{'clf__C': 1.0, 'clf__class_weight': None, 'clf__gamma': 0.001}"": 0.7063024042361542, ""{'clf__C': 1.0, 'clf__class_weight': None, 'clf__gamma': 0.01}"": 0.6664795140631153, ""{'clf__C': 1.0, 'clf__class_weight': None, 'clf__gamma': 0.1}"": 0.476505223008747, ""{'clf__C': 1.0, 'clf__class_weight': 'balanced', 'clf__gamma': 0.0001}"": 0.4836728108153912, ""{'clf__C': 1.0, 'clf__class_weight': 'balanced', 'clf__gamma': 0.001}"": 0.6741137189937918, ""{'clf__C': 1.0, 'clf__class_weight': 'balanced', 'clf__gamma': 0.01}"": 0.6768920481699986, ""{'clf__C': 1.0, 'clf__class_weight': 'balanced', 'clf__gamma': 0.1}"": 0.495339871310651, ""{'clf__C': 10.0, 'clf__class_weight': None, 'clf__gamma': 0.0001}"": 0.7063024042361542, ""{'clf__C': 10.0, 'clf__class_weight': None, 'clf__gamma': 0.001}"": 0.6668710384562985, ""{'clf__C': 10.0, 'clf__class_weight': None, 'clf__gamma': 0.01}"": 0.645209483698593, ""{'clf__C': 10.0, 'clf__class_weight': None, 'clf__gamma': 0.1}"": 0.495339871310651, ""{'clf__C': 10.0, 'clf__class_weight': 'balanced', 'clf__gamma': 0.0001}"": 0.6792544920634734, ""{'clf__C': 10.0, 'clf__class_weight': 'balanced', 'clf__gamma': 0.001}"": 0.6709033763126797, ""{'clf__C': 10.0, 'clf__class_weight': 'balanced', 'clf__gamma': 0.01}"": 0.645209483698593, ""{'clf__C': 10.0, 'clf__class_weight': 'balanced', 'clf__gamma': 0.1}"": 0.495339871310651, ""{'clf__C': 100.0, 'clf__class_weight': None, 'clf__gamma': 0.0001}"": 0.6677284273954024, ""{'clf__C': 100.0, 'clf__class_weight': None, 'clf__gamma': 0.001}"": 0.6448935407095617, ""{'clf__C': 100.0, 'clf__class_weight': None, 'clf__gamma': 0.01}"": 0.6468273818569735, ""{'clf__C': 100.0, 'clf__class_weight': None, 'clf__gamma': 0.1}"": 0.495339871310651, ""{'clf__C': 100.0, 'clf__class_weight': 'balanced', 'clf__gamma': 0.0001}"": 0.67808071834539, ""{'clf__C': 100.0, 'clf__class_weight': 'balanced', 'clf__gamma': 0.001}"": 0.646323479423721, ""{'clf__C': 100.0, 'clf__class_weight': 'balanced', 'clf__gamma': 0.01}"": 0.6468273818569735, ""{'clf__C': 100.0, 'clf__class_weight': 'balanced', 'clf__gamma': 0.1}"": 0.495339871310651}, ""best_score"": 0.7063024042361542}"
D_select_l1_c1,rbf_svm,arousal,1,0,"[19, 13, 24, 31, 7, 6, 35, 9, 20, 37, 10, 32, 14, 8, 12, 5, 36, 28, 39, 29, 22, 26, 33, 15, 1, 25, 11, 34, 18, 3, 38, 23]","[30, 2, 27, 17, 16, 21, 0, 4]","{""accuracy"": 0.61875, ""balanced_accuracy"": 0.5816666666666667, ""precision_macro"": 0.5864045141950274, ""precision_micro"": 0.61875, ""precision_weighted"": 0.6103641333098219, ""recall_macro"": 0.5816666666666667, ""recall_micro"": 0.61875, ""recall_weighted"": 0.61875, ""f1_macro"": 0.5827455004061391, ""f1_micro"": 0.61875, ""f1_weighted"": 0.6133876277200633, ""mcc"": 0.1680043887433964, ""kappa"": 0.16723549488054612, ""confusion_matrix"": [[26, 34], [27, 73]], ""tp"": 73, ""tn"": 26, ""fp"": 34, ""fn"": 27, ""tpr"": 0.73, ""tnr"": 0.43333333333333335, ""fpr"": 0.5666666666666667, ""fnr"": 0.27, ""ppv"": 0.6822429906542056, ""npv"": 0.49056603773584906, ""roc_auc"": 0.6559166666666667, ""pr_auc"": 0.7687728428132052, ""log_loss"": 0.7076085794872807, ""brier"": 0.24681118006204744, ""trial_accuracy"": 0.75, ""trial_f1_macro"": 0.7333333333333334}","{""clf__C"": 10.0, ""clf__class_weight"": ""balanced"", ""clf__gamma"": 0.0001}","{""scores"": {""{'clf__C': 0.1, 'clf__class_weight': None, 'clf__gamma': 0.0001}"": 0.37254901960784315, ""{'clf__C': 0.1, 'clf__class_weight': None, 'clf__gamma': 0.001}"": 0.37254901960784315, ""{'clf__C': 0.1, 'clf__class_weight': None, 'clf__gamma': 0.01}"": 0.37369567710124985, ""{'clf__C': 0.1, 'clf__class_weight': None, 'clf__gamma': 0.1}"": 0.37254901960784315, ""{'clf__C': 0.1, 'clf__class_weight': 'balanced', 'clf__gamma': 0.0001}"": 0.31221719457013575, ""{'clf__C': 0.1, 'clf__class_weight': 'balanced', 'clf__gamma': 0.001}"": 0.33267721503015624, ""{'clf__C': 0.1, 'clf__class_weight': 'balanced', 'clf__gamma': 0.01}"": 0.5917484951779147, ""{'clf__C': 0.1, 'clf__class_weight': 'balanced', 'clf__gamma': 0.1}"": 0.31221719457013575, ""{'clf__C': 1.0, 'clf__class_weight': None, 'clf__gamma': 0.0001}"": 0.37254901960784315, ""{'clf__C': 1.0, 'clf__class_weight': None, 'clf__gamma': 0.001}"": 0.4649976322463618, ""{'clf__C': 1.0, 'clf__class_weight': None, 'clf__gamma': 0.01}"": 0.5831263307242643, ""{'clf__C': 1.0, 'clf__class_weight': None, 'clf__gamma': 0.1}"": 0.37254901960784315, ""{'clf__C': 1.0, 'clf__class_weight': 'balanced', 'clf__gamma': 0.0001}"": 0.45705827231720425, ""{'clf__C': 1.0, 'clf__class_weight': 'balanced', 'clf__gamma': 0.001}"": 0.6362620788710963, ""{'clf__C': 1.0, 'clf__class_weight': 'balanced', 'clf__gamma': 0.01}"": 0.5975793905459073, ""{'clf__C': 1.0, 'clf__class_weight': 'balanced', 'clf__gamma': 0.1}"": 0.37254901960784315, ""{'clf__C': 10.0, 'clf__class_weight': None, 'clf__gamma': 0.0001}"": 0.4630022647970895, ""{'clf__C': 10.0, 'clf__class_weight': None, 'clf__gamma': 0.001}"": 0.5695095151811959, ""{'clf__C': 10.0, 'clf__class_weight': None, 'clf__gamma': 0.01}"": 0.5723372696169732, ""{'clf__C': 10.0, 'clf__class_weight': None, 'clf__gamma': 0.1}"": 0.37254901960784315, ""{'clf__C': 10.0, 'clf__class_weight': 'balanced', 'clf__gamma': 0.0001}"": 0.6383632233314638, ""{'clf__C': 10.0, 'clf__class_weight': 'balanced', 'clf__gamma': 0.001}"": 0.583309963799641, ""{'clf__C': 10.0, 'clf__class_weight': 'balanced', 'clf__gamma': 0.01}"": 0.5723372696169732, ""{'clf__C': 10.0, 'clf__class_weight': 'balanced', 'clf__gamma': 0.1}"": 0.37254901960784315, ""{'clf__C': 100.0, 'clf__class_weight': None, 'clf__gamma': 0.0001}"": 0.5539806482516781, ""{'clf__C': 100.0, 'clf__class_weight': None, 'clf__gamma': 0.001}"": 0.5802302275226818, ""{'clf__C': 100.0, 'clf__class_weight': None, 'clf__gamma': 0.01}"": 0.5723372696169732, ""{'clf__C': 100.0, 'clf__class_weight': None, 'clf__gamma': 0.1}"": 0.37254901960784315, ""{'clf__C': 100.0, 'clf__class_weight': 'balanced', 'clf__gamma': 0.0001}"": 0.5545858026372755, ""{'clf__C': 100.0, 'clf__class_weight': 'balanced', 'clf__gamma': 0.001}"": 0.5886473710657402, ""{'clf__C': 100.0, 'clf__class_weight': 'balanced', 'clf__gamma': 0.01}"": 0.5723372696169732, ""{'clf__C': 100.0, 'clf__class_weight': 'balanced', 'clf__gamma': 0.1}"": 0.37254901960784315}, ""best_score"": 0.6383632233314638}"
D_select_l1_c1,rbf_svm,arousal,1,1,"[31, 15, 1, 24, 16, 9, 30, 0, 39, 11, 23, 5, 4, 28, 12, 13, 17, 6, 35, 18, 36, 14, 2, 19, 22, 37, 7, 33, 27, 10, 8, 38]","[21, 26, 29, 25, 34, 3, 32, 20]","{""accuracy"": 0.59375, ""balanced_accuracy"": 0.5916666666666667, ""precision_macro"": 0.5862745098039216, ""precision_micro"": 0.59375, ""precision_weighted"": 0.6161764705882353, ""recall_macro"": 0.5916666666666667, ""recall_micro"": 0.59375, ""recall_weighted"": 0.59375, ""f1_macro"": 0.5835835835835836, ""f1_micro"": 0.59375, ""f1_weighted"": 0.5998498498498499, ""mcc"": 0.17785945835997752, ""kappa"": 0.17460317460317465, ""confusion_matrix"": [[35, 25], [40, 60]], ""tp"": 60, ""tn"": 35, ""fp"": 25, ""fn"": 40, ""tpr"": 0.6, ""tnr"": 0.5833333333333334, ""fpr"": 0.4166666666666667, ""fnr"": 0.4, ""ppv"": 0.7058823529411765, ""npv"": 0.4666666666666667, ""roc_auc"": 0.6293333333333333, ""pr_auc"": 0.741997626935572, ""log_loss"": 0.9236951759324132, ""brier"": 0.2964128771625828, ""trial_accuracy"": 0.5, ""trial_f1_macro"": 0.4666666666666667}","{""clf__C"": 1.0, ""clf__class_weight"": ""balanced"", ""clf__gamma"": 0.001}","{""scores"": {""{'clf__C': 0.1, 'clf__class_weight': None, 'clf__gamma': 0.0001}"": 0.37227668845315903, ""{'clf__C': 0.1, 'clf__class_weight': None, 'clf__gamma': 0.001}"": 0.37227668845315903, ""{'clf__C': 0.1, 'clf__class_weight': None, 'clf__gamma': 0.01}"": 0.4039723835561211, ""{'clf__C': 0.1, 'clf__class_weight': None, 'clf__gamma': 0.1}"": 0.37227668845315903, ""{'clf__C': 0.1, 'clf__class_weight': 'balanced', 'clf__gamma': 0.0001}"": 0.3017740429505135, ""{'clf__C': 0.1, 'clf__class_weight': 'balanced', 'clf__gamma': 0.001}"": 0.3100110918607742, ""{'clf__C': 0.1, 'clf__class_weight': 'balanced', 'clf__gamma': 0.01}"": 0.5411305439044031, ""{'clf__C': 0.1, 'clf__class_weight': 'balanced', 'clf__gamma': 0.1}"": 0.3017740429505135, ""{'clf__C': 1.0, 'clf__class_weight': None, 'clf__gamma': 0.0001}"": 0.37227668845315903, ""{'clf__C': 1.0, 'clf__class_weight': None, 'clf__gamma': 0.001}"": 0.41097504771897514, ""{'clf__C': 1.0, 'clf__class_weight': None, 'clf__gamma': 0.01}"": 0.5320926554578258, ""{'clf__C': 1.0, 'clf__class_weight': None, 'clf__gamma': 0.1}"": 0.37227668845315903, ""{'clf__C': 1.0, 'clf__class_weight': 'balanced', 'clf__gamma': 0.0001}"": 0.3843989833953592, ""{'clf__C': 1.0, 'clf__class_weight': 'balanced', 'clf__gamma': 0.001}"": 0.5809453266520136, ""{'clf__C': 1.0, 'clf__class_weight': 'balanced', 'clf__gamma': 0.01}"": 0.5611991238441812, ""{'clf__C': 1.0, 'clf__class_weight': 'balanced', 'clf__gamma': 0.1}"": 0.37227668845315903, ""{'clf__C': 10.0, 'clf__class_weight': None, 'clf__gamma': 0.0001}"": 0.4167393004855024, ""{'clf__C': 10.0, 'clf__class_weight': None, 'clf__gamma': 0.001}"": 0.5494068810253231, ""{'clf__C': 10.0, 'clf__class_weight': None, 'clf__gamma': 0.01}"": 0.5581864348527444, ""{'clf__C': 10.0, 'clf__class_weight': None, 'clf__gamma': 0.1}"": 0.37227668845315903, ""{'clf__C': 10.0, 'clf__class_weight': 'balanced', 'clf__gamma': 0.0001}"": 0.5802448241108223, ""{'clf__C': 10.0, 'clf__class_weight': 'balanced', 'clf__gamma': 0.001}"": 0.5527721409645943, ""{'clf__C': 10.0, 'clf__class_weight': 'balanced', 'clf__gamma': 0.01}"": 0.5581864348527444, ""{'clf__C': 10.0, 'clf__class_weight': 'balanced', 'clf__gamma': 0.1}"": 0.37227668845315903, ""{'clf__C': 100.0, 'clf__class_weight': None, 'clf__gamma': 0.0001}"": 0.5461730528784884, ""{'clf__C': 100.0, 'clf__class_weight': None, 'clf__gamma': 0.001}"": 0.5403624031453854, ""{'clf__C': 100.0, 'clf__class_weight': None, 'clf__gamma': 0.01}"": 0.5581864348527444, ""{'clf__C': 100.0, 'clf__class_weight': None, 'clf__gamma': 0.1}"": 0.37227668845315903, ""{'clf__C': 100.0, 'clf__class_weight': 'balanced', 'clf__gamma': 0.0001}"": 0.5520153366370472, ""{'clf__C': 100.0, 'clf__class_weight': 'balanced', 'clf__gamma': 0.001}"": 0.5453372637576561, ""{'clf__C': 100.0, 'clf__class_weight': 'balanced', 'clf__gamma': 0.01}"": 0.5581864348527444, ""{'clf__C': 100.0, 'clf__class_weight': 'balanced', 'clf__gamma': 0.1}"": 0.37227668845315903}, ""best_score"": 0.5809453266520136}"
D_select_l1_c1,rbf_svm,arousal,2,0,"[36, 5, 11, 38, 19, 15, 27, 17, 31, 26, 16, 12, 8, 2, 9, 18, 10, 0, 33, 29, 14, 1, 24, 4, 21, 13, 6, 28, 30, 7, 34, 25]","[22, 23, 37, 39, 32, 3, 35, 20]","{""accuracy"": 0.675, ""balanced_accuracy"": 0.675, ""precision_macro"": 0.680528691166989, ""precision_micro"": 0.675, ""precision_weighted"": 0.680528691166989, ""recall_macro"": 0.675, ""recall_micro"": 0.675, ""recall_weighted"": 0.675, ""f1_macro"": 0.6724925208628563, ""f1_micro"": 0.675, ""f1_weighted"": 0.6724925208628563, ""mcc"": 0.35548570128331786, ""kappa"": 0.35, ""confusion_matrix"": [[47, 33], [19, 61]], ""tp"": 61, ""tn"": 47, ""fp"": 33, ""fn"": 19, ""tpr"": 0.7625, ""tnr"": 0.5875, ""fpr"": 0.4125, ""fnr"": 0.2375, ""ppv"": 0.648936170212766, ""npv"": 0.7121212121212122, ""roc_auc"": 0.7579687500000001, ""pr_auc"": 0.7874585710200401, ""log_loss"": 0.8627390771500274, ""brier"": 0.24660409524867316, ""trial_accuracy"": 0.75, ""trial_f1_macro"": 0.75}","{""clf__C"": 10.0, ""clf__class_weight"": null, ""clf__gamma"": 0.01}","{""scores"": {""{'clf__C': 0.1, 'clf__class_weight': None, 'clf__gamma': 0.0001}"": 0.3017740429505135, ""{'clf__C': 0.1, 'clf__class_weight': None, 'clf__gamma': 0.001}"": 0.3017740429505135, ""{'clf__C': 0.1, 'clf__class_weight': None, 'clf__gamma': 0.01}"": 0.375917666744487, ""{'clf__C': 0.1, 'clf__class_weight': None, 'clf__gamma': 0.1}"": 0.3017740429505135, ""{'clf__C': 0.1, 'clf__class_weight': 'balanced', 'clf__gamma': 0.0001}"": 0.3587962962962963, ""{'clf__C': 0.1, 'clf__class_weight': 'balanced', 'clf__gamma': 0.001}"": 0.3587962962962963, ""{'clf__C': 0.1, 'clf__class_weight': 'balanced', 'clf__gamma': 0.01}"": 0.46278223373412725, ""{'clf__C': 0.1, 'clf__class_weight': 'balanced', 'clf__gamma': 0.1}"": 0.3587962962962963, ""{'clf__C': 1.0, 'clf__class_weight': None, 'clf__gamma': 0.0001}"": 0.3017740429505135, ""{'clf__C': 1.0, 'clf__class_weight': None, 'clf__gamma': 0.001}"": 0.430775459266073, ""{'clf__C': 1.0, 'clf__class_weight': None, 'clf__gamma': 0.01}"": 0.5378177378177379, ""{'clf__C': 1.0, 'clf__class_weight': None, 'clf__gamma': 0.1}"": 0.3177966744661028, ""{'clf__C': 1.0, 'clf__class_weight': 'balanced', 'clf__gamma': 0.0001}"": 0.4871555991856938, ""{'clf__C': 1.0, 'clf__class_weight': 'balanced', 'clf__gamma': 0.001}"": 0.4981212366601285, ""{'clf__C': 1.0, 'clf__class_weight': 'balanced', 'clf__gamma': 0.01}"": 0.5274320926155927, ""{'clf__C': 1.0, 'clf__class_weight': 'balanced', 'clf__gamma': 0.1}"": 0.3265773567809767, ""{'clf__C': 10.0, 'clf__class_weight': None, 'clf__gamma': 0.0001}"": 0.43643607490908254, ""{'clf__C': 10.0, 'clf__class_weight': None, 'clf__gamma': 0.001}"": 0.5110273071310749, ""{'clf__C': 10.0, 'clf__class_weight': None, 'clf__gamma': 0.01}"": 0.5495702707235294, ""{'clf__C': 10.0, 'clf__class_weight': None, 'clf__gamma': 0.1}"": 0.3253582381971934, ""{'clf__C': 10.0, 'clf__class_weight': 'balanced', 'clf__gamma': 0.0001}"": 0.5020339963807304, ""{'clf__C': 10.0, 'clf__class_weight': 'balanced', 'clf__gamma': 0.001}"": 0.5200869208868898, ""{'clf__C': 10.0, 'clf__class_weight': 'balanced', 'clf__gamma': 0.01}"": 0.5495702707235294, ""{'clf__C': 10.0, 'clf__class_weight': 'balanced', 'clf__gamma': 0.1}"": 0.3253582381971934, ""{'clf__C': 100.0, 'clf__class_weight': None, 'clf__gamma': 0.0001}"": 0.5150371334276721, ""{'clf__C': 100.0, 'clf__class_weight': None, 'clf__gamma': 0.001}"": 0.5273216525654923, ""{'clf__C': 100.0, 'clf__class_weight': None, 'clf__gamma': 0.01}"": 0.5495702707235294, ""{'clf__C': 100.0, 'clf__class_weight': None, 'clf__gamma': 0.1}"": 0.3253582381971934, ""{'clf__C': 100.0, 'clf__class_weight': 'balanced', 'clf__gamma': 0.0001}"": 0.5205148322038541, ""{'clf__C': 100.0, 'clf__class_weight': 'balanced', 'clf__gamma': 0.001}"": 0.5269774959854, ""{'clf__C': 100.0, 'clf__class_weight': 'balanced', 'clf__gamma': 0.01}"": 0.5427496205298753, ""{'clf__C': 100.0, 'clf__class_weight': 'balanced', 'clf__gamma': 0.1}"": 0.3253582381971934}, ""best_score"": 0.5495702707235294}"
D_select_l1_c1,rbf_svm,arousal,2,1,"[7, 25, 26, 27, 14, 16, 5, 23, 3, 0, 30, 37, 39, 38, 22, 15, 19, 31, 18, 34, 13, 36, 21, 6, 20, 10, 33, 4, 32, 8, 17, 24]","[9, 35, 11, 2, 12, 1, 29, 28]","{""accuracy"": 0.6125, ""balanced_accuracy"": 0.5933333333333334, ""precision_macro"": 0.5911458333333333, ""precision_micro"": 0.6125, ""precision_weighted"": 0.6178385416666666, ""recall_macro"": 0.5933333333333334, ""recall_micro"": 0.6125, ""recall_weighted"": 0.6125, ""f1_macro"": 0.5918367346938775, ""f1_micro"": 0.6125, ""f1_weighted"": 0.6147959183673469, ""mcc"": 0.18446619684315546, ""kappa"": 0.1842105263157895, ""confusion_matrix"": [[31, 29], [33, 67]], ""tp"": 67, ""tn"": 31, ""fp"": 29, ""fn"": 33, ""tpr"": 0.67, ""tnr"": 0.5166666666666667, ""fpr"": 0.48333333333333334, ""fnr"": 0.33, ""ppv"": 0.6979166666666666, ""npv"": 0.484375, ""roc_auc"": 0.6586666666666667, ""pr_auc"": 0.7821179409556094, ""log_loss"": 0.8534697274464762, ""brier"": 0.2771666166041136, ""trial_accuracy"": 0.625, ""trial_f1_macro"": 0.6190476190476191}","{""clf__C"": 100.0, ""clf__class_weight"": null, ""clf__gamma"": 0.001}","{""scores"": {""{'clf__C': 0.1, 'clf__class_weight': None, 'clf__gamma': 0.0001}"": 0.30357142857142855, ""{'clf__C': 0.1, 'clf__class_weight': None, 'clf__gamma': 0.001}"": 0.30357142857142855, ""{'clf__C': 0.1, 'clf__class_weight': None, 'clf__gamma': 0.01}"": 0.3509088751029584, ""{'clf__C': 0.1, 'clf__class_weight': None, 'clf__gamma': 0.1}"": 0.30357142857142855, ""{'clf__C': 0.1, 'clf__class_weight': 'balanced', 'clf__gamma': 0.0001}"": 0.3602941176470589, ""{'clf__C': 0.1, 'clf__class_weight': 'balanced', 'clf__gamma': 0.001}"": 0.3602941176470589, ""{'clf__C': 0.1, 'clf__class_weight': 'balanced', 'clf__gamma': 0.01}"": 0.5016565454696326, ""{'clf__C': 0.1, 'clf__class_weight': 'balanced', 'clf__gamma': 0.1}"": 0.3602941176470589, ""{'clf__C': 1.0, 'clf__class_weight': None, 'clf__gamma': 0.0001}"": 0.30357142857142855, ""{'clf__C': 1.0, 'clf__class_weight': None, 'clf__gamma': 0.001}"": 0.541189631812487, ""{'clf__C': 1.0, 'clf__class_weight': None, 'clf__gamma': 0.01}"": 0.6057673821452555, ""{'clf__C': 1.0, 'clf__class_weight': None, 'clf__gamma': 0.1}"": 0.3090305760949911, ""{'clf__C': 1.0, 'clf__class_weight': 'balanced', 'clf__gamma': 0.0001}"": 0.44635718193387125, ""{'clf__C': 1.0, 'clf__class_weight': 'balanced', 'clf__gamma': 0.001}"": 0.5509571152689922, ""{'clf__C': 1.0, 'clf__class_weight': 'balanced', 'clf__gamma': 0.01}"": 0.5861298997936929, ""{'clf__C': 1.0, 'clf__class_weight': 'balanced', 'clf__gamma': 0.1}"": 0.3181415557369084, ""{'clf__C': 10.0, 'clf__class_weight': None, 'clf__gamma': 0.0001}"": 0.546338759765414, ""{'clf__C': 10.0, 'clf__class_weight': None, 'clf__gamma': 0.001}"": 0.5938971662060277, ""{'clf__C': 10.0, 'clf__class_weight': None, 'clf__gamma': 0.01}"": 0.6069862690775769, ""{'clf__C': 10.0, 'clf__class_weight': None, 'clf__gamma': 0.1}"": 0.3181415557369084, ""{'clf__C': 10.0, 'clf__class_weight': 'balanced', 'clf__gamma': 0.0001}"": 0.5589133799577747, ""{'clf__C': 10.0, 'clf__class_weight': 'balanced', 'clf__gamma': 0.001}"": 0.5802058344036456, ""{'clf__C': 10.0, 'clf__class_weight': 'balanced', 'clf__gamma': 0.01}"": 0.6069862690775769, ""{'clf__C': 10.0, 'clf__class_weight': 'balanced', 'clf__gamma': 0.1}"": 0.3181415557369084, ""{'clf__C': 100.0, 'clf__class_weight': None, 'clf__gamma': 0.0001}"": 0.5847427583091157, ""{'clf__C': 100.0, 'clf__class_weight': None, 'clf__gamma': 0.001}"": 0.6136647276036832, ""{'clf__C': 100.0, 'clf__class_weight': None, 'clf__gamma': 0.01}"": 0.6069862690775769, ""{'clf__C': 100.0, 'clf__class_weight': None, 'clf__gamma': 0.1}"": 0.3181415557369084, ""{'clf__C': 100.0, 'clf__class_weight': 'balanced', 'clf__gamma': 0.0001}"": 0.572335409822517, ""{'clf__C': 100.0, 'clf__class_weight': 'balanced', 'clf__gamma': 0.001}"": 0.6006697619270301, ""{'clf__C': 100.0, 'clf__class_weight': 'balanced', 'clf__gamma': 0.01}"": 0.6069862690775769, ""{'clf__C': 100.0, 'clf__class_weight': 'balanced', 'clf__gamma': 0.1}"": 0.3181415557369084}, ""best_score"": 0.6136647276036832}"
D_select_l1_c1,rbf_svm,arousal,3,0,"[5, 13, 7, 0, 37, 20, 9, 19, 35, 39, 18, 16, 10, 28, 36, 24, 33, 6, 17, 27, 2, 12, 29, 26, 38, 23, 8, 22, 25, 34, 14, 1]","[15, 4, 21, 31, 32, 3, 30, 11]","{""accuracy"": 0.6, ""balanced_accuracy"": 0.5433333333333333, ""precision_macro"": 0.5524616626311541, ""precision_micro"": 0.6, ""precision_weighted"": 0.5774818401937046, ""recall_macro"": 0.5433333333333333, ""recall_micro"": 0.6, ""recall_weighted"": 0.6, ""f1_macro"": 0.5394855189782335, ""f1_micro"": 0.6, ""f1_weighted"": 0.581219643820831, ""mcc"": 0.09535908376272666, ""kappa"": 0.09219858156028371, ""confusion_matrix"": [[19, 41], [23, 77]], ""tp"": 77, ""tn"": 19, ""fp"": 41, ""fn"": 23, ""tpr"": 0.77, ""tnr"": 0.31666666666666665, ""fpr"": 0.6833333333333333, ""fnr"": 0.23, ""ppv"": 0.652542372881356, ""npv"": 0.4523809523809524, ""roc_auc"": 0.5876666666666668, ""pr_auc"": 0.6903054937447526, ""log_loss"": 0.7266492324475571, ""brier"": 0.25994759210790264, ""trial_accuracy"": 0.625, ""trial_f1_macro"": 0.5636363636363637}","{""clf__C"": 0.1, ""clf__class_weight"": ""balanced"", ""clf__gamma"": 0.01}","{""scores"": {""{'clf__C': 0.1, 'clf__class_weight': None, 'clf__gamma': 0.0001}"": 0.2853174603174603, ""{'clf__C': 0.1, 'clf__class_weight': None, 'clf__gamma': 0.001}"": 0.2853174603174603, ""{'clf__C': 0.1, 'clf__class_weight': None, 'clf__gamma': 0.01}"": 0.4269469407514201, ""{'clf__C': 0.1, 'clf__class_weight': None, 'clf__gamma': 0.1}"": 0.2853174603174603, ""{'clf__C': 0.1, 'clf__class_weight': 'balanced', 'clf__gamma': 0.0001}"": 0.3928603319496282, ""{'clf__C': 0.1, 'clf__class_weight': 'balanced', 'clf__gamma': 0.001}"": 0.4156665635034365, ""{'clf__C': 0.1, 'clf__class_weight': 'balanced', 'clf__gamma': 0.01}"": 0.641794526393307, ""{'clf__C': 0.1, 'clf__class_weight': 'balanced', 'clf__gamma': 0.1}"": 0.32447786131996653, ""{'clf__C': 1.0, 'clf__class_weight': None, 'clf__gamma': 0.0001}"": 0.2853174603174603, ""{'clf__C': 1.0, 'clf__class_weight': None, 'clf__gamma': 0.001}"": 0.5435430446994525, ""{'clf__C': 1.0, 'clf__class_weight': None, 'clf__gamma': 0.01}"": 0.5227096252572565, ""{'clf__C': 1.0, 'clf__class_weight': None, 'clf__gamma': 0.1}"": 0.28897766506955674, ""{'clf__C': 1.0, 'clf__class_weight': 'balanced', 'clf__gamma': 0.0001}"": 0.5223890063424946, ""{'clf__C': 1.0, 'clf__class_weight': 'balanced', 'clf__gamma': 0.001}"": 0.6406867006451333, ""{'clf__C': 1.0, 'clf__class_weight': 'balanced', 'clf__gamma': 0.01}"": 0.5326109031442207, ""{'clf__C': 1.0, 'clf__class_weight': 'balanced', 'clf__gamma': 0.1}"": 0.2904249485638669, ""{'clf__C': 10.0, 'clf__class_weight': None, 'clf__gamma': 0.0001}"": 0.545031019605323, ""{'clf__C': 10.0, 'clf__class_weight': None, 'clf__gamma': 0.001}"": 0.518714990352541, ""{'clf__C': 10.0, 'clf__class_weight': None, 'clf__gamma': 0.01}"": 0.49949624294665457, ""{'clf__C': 10.0, 'clf__class_weight': None, 'clf__gamma': 0.1}"": 0.2904249485638669, ""{'clf__C': 10.0, 'clf__class_weight': 'balanced', 'clf__gamma': 0.0001}"": 0.6386597212992283, ""{'clf__C': 10.0, 'clf__class_weight': 'balanced', 'clf__gamma': 0.001}"": 0.5183702158490973, ""{'clf__C': 10.0, 'clf__class_weight': 'balanced', 'clf__gamma': 0.01}"": 0.4979505535890529, ""{'clf__C': 10.0, 'clf__class_weight': 'balanced', 'clf__gamma': 0.1}"": 0.2904249485638669, ""{'clf__C': 100.0, 'clf__class_weight': None, 'clf__gamma': 0.0001}"": 0.5253851676541772, ""{'clf__C': 100.0, 'clf__class_weight': None, 'clf__gamma': 0.001}"": 0.489041696738711, ""{'clf__C': 100.0, 'clf__class_weight': None, 'clf__gamma': 0.01}"": 0.49949624294665457, ""{'clf__C': 100.0, 'clf__class_weight': None, 'clf__gamma': 0.1}"": 0.2904249485638669, ""{'clf__C': 100.0, 'clf__class_weight': 'balanced', 'clf__gamma': 0.0001}"": 0.5298433166029434, ""{'clf__C': 100.0, 'clf__class_weight': 'balanced', 'clf__gamma': 0.001}"": 0.4954830934602832, ""{'clf__C': 100.0, 'clf__class_weight': 'balanced', 'clf__gamma': 0.01}"": 0.49949624294665457, ""{'clf__C': 100.0, 'clf__class_weight': 'balanced', 'clf__gamma': 0.1}"": 0.2904249485638669}, ""best_score"": 0.641794526393307}"
D_select_l1_c1,rbf_svm,arousal,3,1,"[29, 21, 10, 25, 39, 1, 4, 20, 14, 2, 19, 28, 17, 12, 7, 3, 15, 5, 36, 30, 8, 23, 6, 35, 33, 32, 9, 18, 26, 38, 37, 0]","[27, 22, 34, 31, 24, 16, 11, 13]","{""accuracy"": 0.48125, ""balanced_accuracy"": 0.5041666666666667, ""precision_macro"": 0.5031491103763187, ""precision_micro"": 0.48125, ""precision_weighted"": 0.6282868839552826, ""recall_macro"": 0.5041666666666667, ""recall_micro"": 0.48125, ""recall_weighted"": 0.48125, ""f1_macro"": 0.45820243972094166, ""f1_micro"": 0.48125, ""f1_weighted"": 0.5140753131247195, ""mcc"": 0.00724466513640519, ""kappa"": 0.005988023952095856, ""confusion_matrix"": [[55, 65], [18, 22]], ""tp"": 22, ""tn"": 55, ""fp"": 65, ""fn"": 18, ""tpr"": 0.55, ""tnr"": 0.4583333333333333, ""fpr"": 0.5416666666666666, ""fnr"": 0.45, ""ppv"": 0.25287356321839083, ""npv"": 0.7534246575342466, ""roc_auc"": 0.6089583333333333, ""pr_auc"": 0.4098040946447558, ""log_loss"": 0.6561078762213033, ""brier"": 0.2335180784376958, ""trial_accuracy"": 0.375, ""trial_f1_macro"": 0.36507936507936506}","{""clf__C"": 0.1, ""clf__class_weight"": ""balanced"", ""clf__gamma"": 0.01}","{""scores"": {""{'clf__C': 0.1, 'clf__class_weight': None, 'clf__gamma': 0.0001}"": 0.4354152580572459, ""{'clf__C': 0.1, 'clf__class_weight': None, 'clf__gamma': 0.001}"": 0.4354152580572459, ""{'clf__C': 0.1, 'clf__class_weight': None, 'clf__gamma': 0.01}"": 0.4325465263869314, ""{'clf__C': 0.1, 'clf__class_weight': None, 'clf__gamma': 0.1}"": 0.42221035630753895, ""{'clf__C': 0.1, 'clf__class_weight': 'balanced', 'clf__gamma': 0.0001}"": 0.42193486590038315, ""{'clf__C': 0.1, 'clf__class_weight': 'balanced', 'clf__gamma': 0.001}"": 0.5298008802359148, ""{'clf__C': 0.1, 'clf__class_weight': 'balanced', 'clf__gamma': 0.01}"": 0.6262149143731081, ""{'clf__C': 0.1, 'clf__class_weight': 'balanced', 'clf__gamma': 0.1}"": 0.40872996415067614, ""{'clf__C': 1.0, 'clf__class_weight': None, 'clf__gamma': 0.0001}"": 0.4354152580572459, ""{'clf__C': 1.0, 'clf__class_weight': None, 'clf__gamma': 0.001}"": 0.6202470418909974, ""{'clf__C': 1.0, 'clf__class_weight': None, 'clf__gamma': 0.01}"": 0.6034064039086254, ""{'clf__C': 1.0, 'clf__class_weight': None, 'clf__gamma': 0.1}"": 0.42553416325318705, ""{'clf__C': 1.0, 'clf__class_weight': 'balanced', 'clf__gamma': 0.0001}"": 0.45557890713788235, ""{'clf__C': 1.0, 'clf__class_weight': 'balanced', 'clf__gamma': 0.001}"": 0.6178033270506034, ""{'clf__C': 1.0, 'clf__class_weight': 'balanced', 'clf__gamma': 0.01}"": 0.6065365736195927, ""{'clf__C': 1.0, 'clf__class_weight': 'balanced', 'clf__gamma': 0.1}"": 0.42553416325318705, ""{'clf__C': 10.0, 'clf__class_weight': None, 'clf__gamma': 0.0001}"": 0.6200493817853258, ""{'clf__C': 10.0, 'clf__class_weight': None, 'clf__gamma': 0.001}"": 0.5971858543164963, ""{'clf__C': 10.0, 'clf__class_weight': None, 'clf__gamma': 0.01}"": 0.5735597004452359, ""{'clf__C': 10.0, 'clf__class_weight': None, 'clf__gamma': 0.1}"": 0.42553416325318705, ""{'clf__C': 10.0, 'clf__class_weight': 'balanced', 'clf__gamma': 0.0001}"": 0.6149779329654388, ""{'clf__C': 10.0, 'clf__class_weight': 'balanced', 'clf__gamma': 0.001}"": 0.6104329113937668, ""{'clf__C': 10.0, 'clf__class_weight': 'balanced', 'clf__gamma': 0.01}"": 0.5735597004452359, ""{'clf__C': 10.0, 'clf__class_weight': 'balanced', 'clf__gamma': 0.1}"": 0.42553416325318705, ""{'clf__C': 100.0, 'clf__class_weight': None, 'clf__gamma': 0.0001}"": 0.6008654116632213, ""{'clf__C': 100.0, 'clf__class_weight': None, 'clf__gamma': 0.001}"": 0.5528878369516733, ""{'clf__C': 100.0, 'clf__class_weight': None, 'clf__gamma': 0.01}"": 0.5735597004452359, ""{'clf__C': 100.0, 'clf__class_weight': None, 'clf__gamma': 0.1}"": 0.42553416325318705, ""{'clf__C': 100.0, 'clf__class_weight': 'balanced', 'clf__gamma': 0.0001}"": 0.6049477248807416, ""{'clf__C': 100.0, 'clf__class_weight': 'balanced', 'clf__gamma': 0.001}"": 0.5607769253828673, ""{'clf__C': 100.0, 'clf__class_weight': 'balanced', 'clf__gamma': 0.01}"": 0.5735597004452359, ""{'clf__C': 100.0, 'clf__class_weight': 'balanced', 'clf__gamma': 0.1}"": 0.42553416325318705}, ""best_score"": 0.6262149143731081}"
D_select_l1_c1,rbf_svm,arousal,4,0,"[3, 38, 6, 4, 17, 10, 9, 39, 7, 30, 26, 13, 14, 1, 12, 20, 21, 35, 36, 24, 33, 31, 28, 37, 25, 34, 15, 32, 22, 23, 0, 8]","[2, 16, 27, 29, 11, 18, 19, 5]","{""accuracy"": 0.48125, ""balanced_accuracy"": 0.45416666666666666, ""precision_macro"": 0.4654901960784314, ""precision_micro"": 0.48125, ""precision_weighted"": 0.5915686274509804, ""recall_macro"": 0.45416666666666666, ""recall_micro"": 0.48125, ""recall_weighted"": 0.48125, ""f1_macro"": 0.4366914103923648, ""f1_micro"": 0.48125, ""f1_weighted"": 0.5159066808059384, ""mcc"": -0.0795411678668406, ""kappa"": -0.07096774193548394, ""confusion_matrix"": [[16, 24], [59, 61]], ""tp"": 61, ""tn"": 16, ""fp"": 24, ""fn"": 59, ""tpr"": 0.5083333333333333, ""tnr"": 0.4, ""fpr"": 0.6, ""fnr"": 0.49166666666666664, ""ppv"": 0.7176470588235294, ""npv"": 0.21333333333333335, ""roc_auc"": 0.49354166666666666, ""pr_auc"": 0.7900186642323663, ""log_loss"": 0.8493110722402211, ""brier"": 0.3069356078105173, ""trial_accuracy"": 0.625, ""trial_f1_macro"": 0.5636363636363637}","{""clf__C"": 1.0, ""clf__class_weight"": ""balanced"", ""clf__gamma"": 0.01}","{""scores"": {""{'clf__C': 0.1, 'clf__class_weight': None, 'clf__gamma': 0.0001}"": 0.252518315018315, ""{'clf__C': 0.1, 'clf__class_weight': None, 'clf__gamma': 0.001}"": 0.252518315018315, ""{'clf__C': 0.1, 'clf__class_weight': None, 'clf__gamma': 0.01}"": 0.252518315018315, ""{'clf__C': 0.1, 'clf__class_weight': None, 'clf__gamma': 0.1}"": 0.252518315018315, ""{'clf__C': 0.1, 'clf__class_weight': 'balanced', 'clf__gamma': 0.0001}"": 0.32633053221288516, ""{'clf__C': 0.1, 'clf__class_weight': 'balanced', 'clf__gamma': 0.001}"": 0.32633053221288516, ""{'clf__C': 0.1, 'clf__class_weight': 'balanced', 'clf__gamma': 0.01}"": 0.3593403471888645, ""{'clf__C': 0.1, 'clf__class_weight': 'balanced', 'clf__gamma': 0.1}"": 0.32633053221288516, ""{'clf__C': 1.0, 'clf__class_weight': None, 'clf__gamma': 0.0001}"": 0.252518315018315, ""{'clf__C': 1.0, 'clf__class_weight': None, 'clf__gamma': 0.001}"": 0.26349488640972396, ""{'clf__C': 1.0, 'clf__class_weight': None, 'clf__gamma': 0.01}"": 0.4742885641348333, ""{'clf__C': 1.0, 'clf__class_weight': None, 'clf__gamma': 0.1}"": 0.25710351986383023, ""{'clf__C': 1.0, 'clf__class_weight': 'balanced', 'clf__gamma': 0.0001}"": 0.35280323872537417, ""{'clf__C': 1.0, 'clf__class_weight': 'balanced', 'clf__gamma': 0.001}"": 0.5150861542878988, ""{'clf__C': 1.0, 'clf__class_weight': 'balanced', 'clf__gamma': 0.01}"": 0.5487208715393649, ""{'clf__C': 1.0, 'clf__class_weight': 'balanced', 'clf__gamma': 0.1}"": 0.26296762920966743, ""{'clf__C': 10.0, 'clf__class_weight': None, 'clf__gamma': 0.0001}"": 0.2677330378532969, ""{'clf__C': 10.0, 'clf__class_weight': None, 'clf__gamma': 0.001}"": 0.4971295679495493, ""{'clf__C': 10.0, 'clf__class_weight': None, 'clf__gamma': 0.01}"": 0.5217360292905205, ""{'clf__C': 10.0, 'clf__class_weight': None, 'clf__gamma': 0.1}"": 0.26296762920966743, ""{'clf__C': 10.0, 'clf__class_weight': 'balanced', 'clf__gamma': 0.0001}"": 0.5160122842325822, ""{'clf__C': 10.0, 'clf__class_weight': 'balanced', 'clf__gamma': 0.001}"": 0.5432235185665313, ""{'clf__C': 10.0, 'clf__class_weight': 'balanced', 'clf__gamma': 0.01}"": 0.5217360292905205, ""{'clf__C': 10.0, 'clf__class_weight': 'balanced', 'clf__gamma': 0.1}"": 0.26296762920966743, ""{'clf__C': 100.0, 'clf__class_weight': None, 'clf__gamma': 0.0001}"": 0.496531136060454, ""{'clf__C': 100.0, 'clf__class_weight': None, 'clf__gamma': 0.001}"": 0.5274645282068917, ""{'clf__C': 100.0, 'clf__class_weight': None, 'clf__gamma': 0.01}"": 0.5232735807945007, ""{'clf__C': 100.0, 'clf__class_weight': None, 'clf__gamma': 0.1}"": 0.26296762920966743, ""{'clf__C': 100.0, 'clf__class_weight': 'balanced', 'clf__gamma': 0.0001}"": 0.5235857082208639, ""{'clf__C': 100.0, 'clf__class_weight': 'balanced', 'clf__gamma': 0.001}"": 0.5291227277174558, ""{'clf__C': 100.0, 'clf__class_weight': 'balanced', 'clf__gamma': 0.01}"": 0.5232735807945007, ""{'clf__C': 100.0, 'clf__class_weight': 'balanced', 'clf__gamma': 0.1}"": 0.26296762920966743}, ""best_score"": 0.5487208715393649}"
D_select_l1_c1,rbf_svm,arousal,4,1,"[1, 32, 37, 8, 23, 13, 10, 19, 11, 24, 28, 35, 34, 38, 21, 2, 27, 17, 20, 6, 25, 5, 14, 33, 4, 3, 31, 36, 15, 9, 29, 26]","[7, 18, 0, 39, 16, 12, 30, 22]","{""accuracy"": 0.45625, ""balanced_accuracy"": 0.5083333333333333, ""precision_macro"": 0.5094144228958765, ""precision_micro"": 0.45625, ""precision_weighted"": 0.5416352852570137, ""recall_macro"": 0.5083333333333333, ""recall_micro"": 0.45625, ""recall_weighted"": 0.45625, ""f1_macro"": 0.4526365459478589, ""f1_micro"": 0.45625, ""f1_weighted"": 0.4415182257874248, ""mcc"": 0.017714798800133637, ""kappa"": 0.014164305949008527, ""confusion_matrix"": [[43, 17], [70, 30]], ""tp"": 30, ""tn"": 43, ""fp"": 17, ""fn"": 70, ""tpr"": 0.3, ""tnr"": 0.7166666666666667, ""fpr"": 0.2833333333333333, ""fnr"": 0.7, ""ppv"": 0.6382978723404256, ""npv"": 0.3805309734513274, ""roc_auc"": 0.5730833333333333, ""pr_auc"": 0.692971632370754, ""log_loss"": 1.1580469378764064, ""brier"": 0.37196175811581716, ""trial_accuracy"": 0.375, ""trial_f1_macro"": 0.2727272727272727}","{""clf__C"": 10.0, ""clf__class_weight"": null, ""clf__gamma"": 0.01}","{""scores"": {""{'clf__C': 0.1, 'clf__class_weight': None, 'clf__gamma': 0.0001}"": 0.369109047127623, ""{'clf__C': 0.1, 'clf__class_weight': None, 'clf__gamma': 0.001}"": 0.369109047127623, ""{'clf__C': 0.1, 'clf__class_weight': None, 'clf__gamma': 0.01}"": 0.369109047127623, ""{'clf__C': 0.1, 'clf__class_weight': None, 'clf__gamma': 0.1}"": 0.369109047127623, ""{'clf__C': 0.1, 'clf__class_weight': 'balanced', 'clf__gamma': 0.0001}"": 0.30018674136321194, ""{'clf__C': 0.1, 'clf__class_weight': 'balanced', 'clf__gamma': 0.001}"": 0.30018674136321194, ""{'clf__C': 0.1, 'clf__class_weight': 'balanced', 'clf__gamma': 0.01}"": 0.3726777722174297, ""{'clf__C': 0.1, 'clf__class_weight': 'balanced', 'clf__gamma': 0.1}"": 0.30018674136321194, ""{'clf__C': 1.0, 'clf__class_weight': None, 'clf__gamma': 0.0001}"": 0.369109047127623, ""{'clf__C': 1.0, 'clf__class_weight': None, 'clf__gamma': 0.001}"": 0.3878774665475082, ""{'clf__C': 1.0, 'clf__class_weight': None, 'clf__gamma': 0.01}"": 0.4787710053103404, ""{'clf__C': 1.0, 'clf__class_weight': None, 'clf__gamma': 0.1}"": 0.3873450939030247, ""{'clf__C': 1.0, 'clf__class_weight': 'balanced', 'clf__gamma': 0.0001}"": 0.3838777646088481, ""{'clf__C': 1.0, 'clf__class_weight': 'balanced', 'clf__gamma': 0.001}"": 0.48704263014378474, ""{'clf__C': 1.0, 'clf__class_weight': 'balanced', 'clf__gamma': 0.01}"": 0.5410081406823705, ""{'clf__C': 1.0, 'clf__class_weight': 'balanced', 'clf__gamma': 0.1}"": 0.40106775108400067, ""{'clf__C': 10.0, 'clf__class_weight': None, 'clf__gamma': 0.0001}"": 0.3857709203900139, ""{'clf__C': 10.0, 'clf__class_weight': None, 'clf__gamma': 0.001}"": 0.48443159496630095, ""{'clf__C': 10.0, 'clf__class_weight': None, 'clf__gamma': 0.01}"": 0.5552513225268076, ""{'clf__C': 10.0, 'clf__class_weight': None, 'clf__gamma': 0.1}"": 0.4020495250441774, ""{'clf__C': 10.0, 'clf__class_weight': 'balanced', 'clf__gamma': 0.0001}"": 0.47740136325662635, ""{'clf__C': 10.0, 'clf__class_weight': 'balanced', 'clf__gamma': 0.001}"": 0.5267886992170102, ""{'clf__C': 10.0, 'clf__class_weight': 'balanced', 'clf__gamma': 0.01}"": 0.552075085401948, ""{'clf__C': 10.0, 'clf__class_weight': 'balanced', 'clf__gamma': 0.1}"": 0.4020495250441774, ""{'clf__C': 100.0, 'clf__class_weight': None, 'clf__gamma': 0.0001}"": 0.47557768203135137, ""{'clf__C': 100.0, 'clf__class_weight': None, 'clf__gamma': 0.001}"": 0.5304735926358431, ""{'clf__C': 100.0, 'clf__class_weight': None, 'clf__gamma': 0.01}"": 0.5552513225268076, ""{'clf__C': 100.0, 'clf__class_weight': None, 'clf__gamma': 0.1}"": 0.4020495250441774, ""{'clf__C': 100.0, 'clf__class_weight': 'balanced', 'clf__gamma': 0.0001}"": 0.5096224616642697, ""{'clf__C': 100.0, 'clf__class_weight': 'balanced', 'clf__gamma': 0.001}"": 0.5313620921155345, ""{'clf__C': 100.0, 'clf__class_weight': 'balanced', 'clf__gamma': 0.01}"": 0.5552513225268076, ""{'clf__C': 100.0, 'clf__class_weight': 'balanced', 'clf__gamma': 0.1}"": 0.4020495250441774}, ""best_score"": 0.5552513225268076}"
D_select_l1_c1,rbf_svm,arousal,5,0,"[14, 30, 21, 24, 38, 10, 5, 15, 3, 4, 28, 29, 0, 2, 12, 19, 32, 27, 22, 25, 9, 35, 20, 1, 11, 26, 18, 33, 17, 13, 31, 37]","[34, 23, 16, 36, 8, 39, 6, 7]","{""accuracy"": 0.475, ""balanced_accuracy"": 0.4633333333333334, ""precision_macro"": 0.4654305468258957, ""precision_micro"": 0.475, ""precision_weighted"": 0.4973287240729102, ""recall_macro"": 0.4633333333333334, ""recall_micro"": 0.475, ""recall_weighted"": 0.475, ""f1_macro"": 0.4607607125662012, ""f1_micro"": 0.475, ""f1_weighted"": 0.4826673086181993, ""mcc"": -0.07120524184029785, ""kappa"": -0.07006369426751591, ""confusion_matrix"": [[25, 35], [49, 51]], ""tp"": 51, ""tn"": 25, ""fp"": 35, ""fn"": 49, ""tpr"": 0.51, ""tnr"": 0.4166666666666667, ""fpr"": 0.5833333333333334, ""fnr"": 0.49, ""ppv"": 0.5930232558139535, ""npv"": 0.33783783783783783, ""roc_auc"": 0.43050000000000005, ""pr_auc"": 0.5868783800554394, ""log_loss"": 1.0299144260386246, ""brier"": 0.3742009196777514, ""trial_accuracy"": 0.5, ""trial_f1_macro"": 0.4666666666666667}","{""clf__C"": 0.1, ""clf__class_weight"": ""balanced"", ""clf__gamma"": 0.01}","{""scores"": {""{'clf__C': 0.1, 'clf__class_weight': None, 'clf__gamma': 0.0001}"": 0.39498050682261204, ""{'clf__C': 0.1, 'clf__class_weight': None, 'clf__gamma': 0.001}"": 0.39498050682261204, ""{'clf__C': 0.1, 'clf__class_weight': None, 'clf__gamma': 0.01}"": 0.39498050682261204, ""{'clf__C': 0.1, 'clf__class_weight': None, 'clf__gamma': 0.1}"": 0.39498050682261204, ""{'clf__C': 0.1, 'clf__class_weight': 'balanced', 'clf__gamma': 0.0001}"": 0.43217290130127056, ""{'clf__C': 0.1, 'clf__class_weight': 'balanced', 'clf__gamma': 0.001}"": 0.45447340298603084, ""{'clf__C': 0.1, 'clf__class_weight': 'balanced', 'clf__gamma': 0.01}"": 0.5922831573481124, ""{'clf__C': 0.1, 'clf__class_weight': 'balanced', 'clf__gamma': 0.1}"": 0.39498050682261204, ""{'clf__C': 1.0, 'clf__class_weight': None, 'clf__gamma': 0.0001}"": 0.39498050682261204, ""{'clf__C': 1.0, 'clf__class_weight': None, 'clf__gamma': 0.001}"": 0.44663096619796433, ""{'clf__C': 1.0, 'clf__class_weight': None, 'clf__gamma': 0.01}"": 0.4816449084514312, ""{'clf__C': 1.0, 'clf__class_weight': None, 'clf__gamma': 0.1}"": 0.39498050682261204, ""{'clf__C': 1.0, 'clf__class_weight': 'balanced', 'clf__gamma': 0.0001}"": 0.4489446954481637, ""{'clf__C': 1.0, 'clf__class_weight': 'balanced', 'clf__gamma': 0.001}"": 0.583363222684113, ""{'clf__C': 1.0, 'clf__class_weight': 'balanced', 'clf__gamma': 0.01}"": 0.5080096013714321, ""{'clf__C': 1.0, 'clf__class_weight': 'balanced', 'clf__gamma': 0.1}"": 0.39498050682261204, ""{'clf__C': 10.0, 'clf__class_weight': None, 'clf__gamma': 0.0001}"": 0.4466640935736704, ""{'clf__C': 10.0, 'clf__class_weight': None, 'clf__gamma': 0.001}"": 0.5092861465905844, ""{'clf__C': 10.0, 'clf__class_weight': None, 'clf__gamma': 0.01}"": 0.4587584816506429, ""{'clf__C': 10.0, 'clf__class_weight': None, 'clf__gamma': 0.1}"": 0.39498050682261204, ""{'clf__C': 10.0, 'clf__class_weight': 'balanced', 'clf__gamma': 0.0001}"": 0.583319878984387, ""{'clf__C': 10.0, 'clf__class_weight': 'balanced', 'clf__gamma': 0.001}"": 0.5260137343885328, ""{'clf__C': 10.0, 'clf__class_weight': 'balanced', 'clf__gamma': 0.01}"": 0.4621753735215466, ""{'clf__C': 10.0, 'clf__class_weight': 'balanced', 'clf__gamma': 0.1}"": 0.39498050682261204, ""{'clf__C': 100.0, 'clf__class_weight': None, 'clf__gamma': 0.0001}"": 0.5214764528004091, ""{'clf__C': 100.0, 'clf__class_weight': None, 'clf__gamma': 0.001}"": 0.4920297769869563, ""{'clf__C': 100.0, 'clf__class_weight': None, 'clf__gamma': 0.01}"": 0.46116080153257516, ""{'clf__C': 100.0, 'clf__class_weight': None, 'clf__gamma': 0.1}"": 0.39498050682261204, ""{'clf__C': 100.0, 'clf__class_weight': 'balanced', 'clf__gamma': 0.0001}"": 0.519195984609819, ""{'clf__C': 100.0, 'clf__class_weight': 'balanced', 'clf__gamma': 0.001}"": 0.47220407887417665, ""{'clf__C': 100.0, 'clf__class_weight': 'balanced', 'clf__gamma': 0.01}"": 0.46116080153257516, ""{'clf__C': 100.0, 'clf__class_weight': 'balanced', 'clf__gamma': 0.1}"": 0.39498050682261204}, ""best_score"": 0.5922831573481124}"
D_select_l1_c1,rbf_svm,arousal,5,1,"[32, 34, 28, 14, 7, 5, 17, 23, 30, 6, 35, 18, 15, 0, 29, 8, 25, 38, 9, 16, 31, 2, 11, 24, 20, 1, 36, 26, 12, 39, 22, 37]","[3, 4, 13, 10, 19, 21, 27, 33]","{""accuracy"": 0.55625, ""balanced_accuracy"": 0.5583333333333333, ""precision_macro"": 0.5546960462572277, ""precision_micro"": 0.55625, ""precision_weighted"": 0.5857751211126739, ""recall_macro"": 0.5583333333333333, ""recall_micro"": 0.55625, ""recall_weighted"": 0.55625, ""f1_macro"": 0.5484717198616798, ""f1_micro"": 0.55625, ""f1_weighted"": 0.5632874915537183, ""mcc"": 0.1129708404560802, ""kappa"": 0.10971786833855801, ""confusion_matrix"": [[55, 45], [26, 34]], ""tp"": 34, ""tn"": 55, ""fp"": 45, ""fn"": 26, ""tpr"": 0.5666666666666667, ""tnr"": 0.55, ""fpr"": 0.45, ""fnr"": 0.43333333333333335, ""ppv"": 0.43037974683544306, ""npv"": 0.6790123456790124, ""roc_auc"": 0.55425, ""pr_auc"": 0.38181093210175987, ""log_loss"": 0.7150322542385114, ""brier"": 0.2595084438719435, ""trial_accuracy"": 0.625, ""trial_f1_macro"": 0.5636363636363637}","{""clf__C"": 0.1, ""clf__class_weight"": ""balanced"", ""clf__gamma"": 0.01}","{""scores"": {""{'clf__C': 0.1, 'clf__class_weight': None, 'clf__gamma': 0.0001}"": 0.25996552467140704, ""{'clf__C': 0.1, 'clf__class_weight': None, 'clf__gamma': 0.001}"": 0.25996552467140704, ""{'clf__C': 0.1, 'clf__class_weight': None, 'clf__gamma': 0.01}"": 0.3629821508582092, ""{'clf__C': 0.1, 'clf__class_weight': None, 'clf__gamma': 0.1}"": 0.25996552467140704, ""{'clf__C': 0.1, 'clf__class_weight': 'balanced', 'clf__gamma': 0.0001}"": 0.29835164835164835, ""{'clf__C': 0.1, 'clf__class_weight': 'balanced', 'clf__gamma': 0.001}"": 0.3419597320035442, ""{'clf__C': 0.1, 'clf__class_weight': 'balanced', 'clf__gamma': 0.01}"": 0.5731416007243951, ""{'clf__C': 0.1, 'clf__class_weight': 'balanced', 'clf__gamma': 0.1}"": 0.29835164835164835, ""{'clf__C': 1.0, 'clf__class_weight': None, 'clf__gamma': 0.0001}"": 0.25996552467140704, ""{'clf__C': 1.0, 'clf__class_weight': None, 'clf__gamma': 0.001}"": 0.4391471726278709, ""{'clf__C': 1.0, 'clf__class_weight': None, 'clf__gamma': 0.01}"": 0.45471173707513296, ""{'clf__C': 1.0, 'clf__class_weight': None, 'clf__gamma': 0.1}"": 0.28511708431983057, ""{'clf__C': 1.0, 'clf__class_weight': 'balanced', 'clf__gamma': 0.0001}"": 0.45482271398029667, ""{'clf__C': 1.0, 'clf__class_weight': 'balanced', 'clf__gamma': 0.001}"": 0.5673120717322248, ""{'clf__C': 1.0, 'clf__class_weight': 'balanced', 'clf__gamma': 0.01}"": 0.4717716159049776, ""{'clf__C': 1.0, 'clf__class_weight': 'balanced', 'clf__gamma': 0.1}"": 0.2869389982126452, ""{'clf__C': 10.0, 'clf__class_weight': None, 'clf__gamma': 0.0001}"": 0.43781014437961874, ""{'clf__C': 10.0, 'clf__class_weight': None, 'clf__gamma': 0.001}"": 0.4396232775251871, ""{'clf__C': 10.0, 'clf__class_weight': None, 'clf__gamma': 0.01}"": 0.44547891356402, ""{'clf__C': 10.0, 'clf__class_weight': None, 'clf__gamma': 0.1}"": 0.2869389982126452, ""{'clf__C': 10.0, 'clf__class_weight': 'balanced', 'clf__gamma': 0.0001}"": 0.5666664600939476, ""{'clf__C': 10.0, 'clf__class_weight': 'balanced', 'clf__gamma': 0.001}"": 0.472495601632146, ""{'clf__C': 10.0, 'clf__class_weight': 'balanced', 'clf__gamma': 0.01}"": 0.443711374793706, ""{'clf__C': 10.0, 'clf__class_weight': 'balanced', 'clf__gamma': 0.1}"": 0.2869389982126452, ""{'clf__C': 100.0, 'clf__class_weight': None, 'clf__gamma': 0.0001}"": 0.44426401944293553, ""{'clf__C': 100.0, 'clf__class_weight': None, 'clf__gamma': 0.001}"": 0.4410638974975414, ""{'clf__C': 100.0, 'clf__class_weight': None, 'clf__gamma': 0.01}"": 0.4422482125645562, ""{'clf__C': 100.0, 'clf__class_weight': None, 'clf__gamma': 0.1}"": 0.2869389982126452, ""{'clf__C': 100.0, 'clf__class_weight': 'balanced', 'clf__gamma': 0.0001}"": 0.4723689362380812, ""{'clf__C': 100.0, 'clf__class_weight': 'balanced', 'clf__gamma': 0.001}"": 0.46105998639943735, ""{'clf__C': 100.0, 'clf__class_weight': 'balanced', 'clf__gamma': 0.01}"": 0.4422482125645562, ""{'clf__C': 100.0, 'clf__class_weight': 'balanced', 'clf__gamma': 0.1}"": 0.28511708431983057}, ""best_score"": 0.5731416007243951}"
D_select_l1_c1,rbf_svm,arousal,6,0,"[26, 3, 36, 9, 24, 25, 23, 37, 11, 35, 32, 5, 1, 30, 19, 13, 38, 21, 10, 20, 18, 2, 15, 8, 7, 31, 14, 22, 33, 29, 12, 16]","[28, 34, 6, 39, 27, 4, 17, 0]","{""accuracy"": 0.51875, ""balanced_accuracy"": 0.4708333333333333, ""precision_macro"": 0.47753169635692505, ""precision_micro"": 0.51875, ""precision_weighted"": 0.604357246027925, ""recall_macro"": 0.4708333333333333, ""recall_micro"": 0.51875, ""recall_weighted"": 0.51875, ""f1_macro"": 0.45943574217893024, ""f1_micro"": 0.51875, ""f1_weighted"": 0.5489666973805449, ""mcc"": -0.05119865322146743, ""kappa"": -0.04761904761904767, ""confusion_matrix"": [[15, 25], [52, 68]], ""tp"": 68, ""tn"": 15, ""fp"": 25, ""fn"": 52, ""tpr"": 0.5666666666666667, ""tnr"": 0.375, ""fpr"": 0.625, ""fnr"": 0.43333333333333335, ""ppv"": 0.7311827956989247, ""npv"": 0.22388059701492538, ""roc_auc"": 0.4275, ""pr_auc"": 0.7000503415437447, ""log_loss"": 1.0112733202900226, ""brier"": 0.364953724120582, ""trial_accuracy"": 0.625, ""trial_f1_macro"": 0.5636363636363637}","{""clf__C"": 100.0, ""clf__class_weight"": ""balanced"", ""clf__gamma"": 0.0001}","{""scores"": {""{'clf__C': 0.1, 'clf__class_weight': None, 'clf__gamma': 0.0001}"": 0.38109161793372315, ""{'clf__C': 0.1, 'clf__class_weight': None, 'clf__gamma': 0.001}"": 0.38109161793372315, ""{'clf__C': 0.1, 'clf__class_weight': None, 'clf__gamma': 0.01}"": 0.38109161793372315, ""{'clf__C': 0.1, 'clf__class_weight': None, 'clf__gamma': 0.1}"": 0.38109161793372315, ""{'clf__C': 0.1, 'clf__class_weight': 'balanced', 'clf__gamma': 0.0001}"": 0.31216931216931215, ""{'clf__C': 0.1, 'clf__class_weight': 'balanced', 'clf__gamma': 0.001}"": 0.31216931216931215, ""{'clf__C': 0.1, 'clf__class_weight': 'balanced', 'clf__gamma': 0.01}"": 0.32829496161788835, ""{'clf__C': 0.1, 'clf__class_weight': 'balanced', 'clf__gamma': 0.1}"": 0.31216931216931215, ""{'clf__C': 1.0, 'clf__class_weight': None, 'clf__gamma': 0.0001}"": 0.38109161793372315, ""{'clf__C': 1.0, 'clf__class_weight': None, 'clf__gamma': 0.001}"": 0.3800705467372134, ""{'clf__C': 1.0, 'clf__class_weight': None, 'clf__gamma': 0.01}"": 0.4285615478371488, ""{'clf__C': 1.0, 'clf__class_weight': None, 'clf__gamma': 0.1}"": 0.38109161793372315, ""{'clf__C': 1.0, 'clf__class_weight': 'balanced', 'clf__gamma': 0.0001}"": 0.31216931216931215, ""{'clf__C': 1.0, 'clf__class_weight': 'balanced', 'clf__gamma': 0.001}"": 0.40144169098284616, ""{'clf__C': 1.0, 'clf__class_weight': 'balanced', 'clf__gamma': 0.01}"": 0.4346468267705175, ""{'clf__C': 1.0, 'clf__class_weight': 'balanced', 'clf__gamma': 0.1}"": 0.38109161793372315, ""{'clf__C': 10.0, 'clf__class_weight': None, 'clf__gamma': 0.0001}"": 0.3800705467372134, ""{'clf__C': 10.0, 'clf__class_weight': None, 'clf__gamma': 0.001}"": 0.4229151281304528, ""{'clf__C': 10.0, 'clf__class_weight': None, 'clf__gamma': 0.01}"": 0.458015940295114, ""{'clf__C': 10.0, 'clf__class_weight': None, 'clf__gamma': 0.1}"": 0.38109161793372315, ""{'clf__C': 10.0, 'clf__class_weight': 'balanced', 'clf__gamma': 0.0001}"": 0.40391413444366026, ""{'clf__C': 10.0, 'clf__class_weight': 'balanced', 'clf__gamma': 0.001}"": 0.46150230151147537, ""{'clf__C': 10.0, 'clf__class_weight': 'balanced', 'clf__gamma': 0.01}"": 0.458015940295114, ""{'clf__C': 10.0, 'clf__class_weight': 'balanced', 'clf__gamma': 0.1}"": 0.38109161793372315, ""{'clf__C': 100.0, 'clf__class_weight': None, 'clf__gamma': 0.0001}"": 0.4340204874147773, ""{'clf__C': 100.0, 'clf__class_weight': None, 'clf__gamma': 0.001}"": 0.43655631397037203, ""{'clf__C': 100.0, 'clf__class_weight': None, 'clf__gamma': 0.01}"": 0.458015940295114, ""{'clf__C': 100.0, 'clf__class_weight': None, 'clf__gamma': 0.1}"": 0.38109161793372315, ""{'clf__C': 100.0, 'clf__class_weight': 'balanced', 'clf__gamma': 0.0001}"": 0.46551558110857943, ""{'clf__C': 100.0, 'clf__class_weight': 'balanced', 'clf__gamma': 0.001}"": 0.43659287178887923, ""{'clf__C': 100.0, 'clf__class_weight': 'balanced', 'clf__gamma': 0.01}"": 0.458015940295114, ""{'clf__C': 100.0, 'clf__class_weight': 'balanced', 'clf__gamma': 0.1}"": 0.38109161793372315}, ""best_score"": 0.46551558110857943}"
D_select_l1_c1,rbf_svm,arousal,6,1,"[9, 20, 16, 37, 23, 8, 24, 4, 35, 26, 5, 30, 12, 32, 27, 10, 18, 25, 1, 13, 19, 14, 6, 31, 17, 38, 34, 39, 29, 15, 28, 11]","[33, 3, 0, 7, 36, 21, 2, 22]","{""accuracy"": 0.65, ""balanced_accuracy"": 0.6000000000000001, ""precision_macro"": 0.6175548589341693, ""precision_micro"": 0.65, ""precision_weighted"": 0.6355799373040754, ""recall_macro"": 0.6000000000000001, ""recall_micro"": 0.65, ""recall_weighted"": 0.65, ""f1_macro"": 0.6011396011396011, ""f1_micro"": 0.65, ""f1_weighted"": 0.636039886039886, ""mcc"": 0.21684543705982776, ""kappa"": 0.21126760563380287, ""confusion_matrix"": [[80, 20], [36, 24]], ""tp"": 24, ""tn"": 80, ""fp"": 20, ""fn"": 36, ""tpr"": 0.4, ""tnr"": 0.8, ""fpr"": 0.2, ""fnr"": 0.6, ""ppv"": 0.5454545454545454, ""npv"": 0.6896551724137931, ""roc_auc"": 0.6581666666666667, ""pr_auc"": 0.5435004279671616, ""log_loss"": 0.6651056192549858, ""brier"": 0.225562792141046, ""trial_accuracy"": 0.75, ""trial_f1_macro"": 0.6666666666666667}","{""clf__C"": 100.0, ""clf__class_weight"": ""balanced"", ""clf__gamma"": 0.0001}","{""scores"": {""{'clf__C': 0.1, 'clf__class_weight': None, 'clf__gamma': 0.0001}"": 0.3602941176470589, ""{'clf__C': 0.1, 'clf__class_weight': None, 'clf__gamma': 0.001}"": 0.3602941176470589, ""{'clf__C': 0.1, 'clf__class_weight': None, 'clf__gamma': 0.01}"": 0.3602941176470589, ""{'clf__C': 0.1, 'clf__class_weight': None, 'clf__gamma': 0.1}"": 0.3602941176470589, ""{'clf__C': 0.1, 'clf__class_weight': 'balanced', 'clf__gamma': 0.0001}"": 0.30357142857142855, ""{'clf__C': 0.1, 'clf__class_weight': 'balanced', 'clf__gamma': 0.001}"": 0.30357142857142855, ""{'clf__C': 0.1, 'clf__class_weight': 'balanced', 'clf__gamma': 0.01}"": 0.40937556667658354, ""{'clf__C': 0.1, 'clf__class_weight': 'balanced', 'clf__gamma': 0.1}"": 0.30357142857142855, ""{'clf__C': 1.0, 'clf__class_weight': None, 'clf__gamma': 0.0001}"": 0.3602941176470589, ""{'clf__C': 1.0, 'clf__class_weight': None, 'clf__gamma': 0.001}"": 0.41423864927133486, ""{'clf__C': 1.0, 'clf__class_weight': None, 'clf__gamma': 0.01}"": 0.46577490745234457, ""{'clf__C': 1.0, 'clf__class_weight': None, 'clf__gamma': 0.1}"": 0.3602941176470589, ""{'clf__C': 1.0, 'clf__class_weight': 'balanced', 'clf__gamma': 0.0001}"": 0.30357142857142855, ""{'clf__C': 1.0, 'clf__class_weight': 'balanced', 'clf__gamma': 0.001}"": 0.46963871389186274, ""{'clf__C': 1.0, 'clf__class_weight': 'balanced', 'clf__gamma': 0.01}"": 0.46014297093431794, ""{'clf__C': 1.0, 'clf__class_weight': 'balanced', 'clf__gamma': 0.1}"": 0.3602941176470589, ""{'clf__C': 10.0, 'clf__class_weight': None, 'clf__gamma': 0.0001}"": 0.4251146738197156, ""{'clf__C': 10.0, 'clf__class_weight': None, 'clf__gamma': 0.001}"": 0.4686688683789105, ""{'clf__C': 10.0, 'clf__class_weight': None, 'clf__gamma': 0.01}"": 0.44663946963222534, ""{'clf__C': 10.0, 'clf__class_weight': None, 'clf__gamma': 0.1}"": 0.3602941176470589, ""{'clf__C': 10.0, 'clf__class_weight': 'balanced', 'clf__gamma': 0.0001}"": 0.473260029605922, ""{'clf__C': 10.0, 'clf__class_weight': 'balanced', 'clf__gamma': 0.001}"": 0.4818977080393632, ""{'clf__C': 10.0, 'clf__class_weight': 'balanced', 'clf__gamma': 0.01}"": 0.44663946963222534, ""{'clf__C': 10.0, 'clf__class_weight': 'balanced', 'clf__gamma': 0.1}"": 0.3602941176470589, ""{'clf__C': 100.0, 'clf__class_weight': None, 'clf__gamma': 0.0001}"": 0.4806023798372843, ""{'clf__C': 100.0, 'clf__class_weight': None, 'clf__gamma': 0.001}"": 0.45858393661624003, ""{'clf__C': 100.0, 'clf__class_weight': None, 'clf__gamma': 0.01}"": 0.44663946963222534, ""{'clf__C': 100.0, 'clf__class_weight': None, 'clf__gamma': 0.1}"": 0.3602941176470589, ""{'clf__C': 100.0, 'clf__class_weight': 'balanced', 'clf__gamma': 0.0001}"": 0.48463958041090355, ""{'clf__C': 100.0, 'clf__class_weight': 'balanced', 'clf__gamma': 0.001}"": 0.45005081179238476, ""{'clf__C': 100.0, 'clf__class_weight': 'balanced', 'clf__gamma': 0.01}"": 0.44663946963222534, ""{'clf__C': 100.0, 'clf__class_weight': 'balanced', 'clf__gamma': 0.1}"": 0.3602941176470589}, ""best_score"": 0.48463958041090355}"
D_select_l1_c1,rbf_svm,arousal,7,0,"[25, 21, 0, 14, 23, 16, 2, 19, 10, 17, 33, 11, 28, 29, 13, 22, 7, 37, 20, 35, 30, 9, 24, 3, 8, 34, 15, 4, 31, 1, 27, 6]","[26, 36, 32, 39, 18, 38, 5, 12]","{""accuracy"": 0.475, ""balanced_accuracy"": 0.5, ""precision_macro"": 0.5, ""precision_micro"": 0.475, ""precision_weighted"": 0.625, ""recall_macro"": 0.5, ""recall_micro"": 0.475, ""recall_weighted"": 0.475, ""f1_macro"": 0.453125, ""f1_micro"": 0.475, ""f1_weighted"": 0.5078125, ""mcc"": 0.0, ""kappa"": 0.0, ""confusion_matrix"": [[22, 18], [66, 54]], ""tp"": 54, ""tn"": 22, ""fp"": 18, ""fn"": 66, ""tpr"": 0.45, ""tnr"": 0.55, ""fpr"": 0.45, ""fnr"": 0.55, ""ppv"": 0.75, ""npv"": 0.25, ""roc_auc"": 0.5494791666666665, ""pr_auc"": 0.8054586167353255, ""log_loss"": 0.791199418565381, ""brier"": 0.29017309913058675, ""trial_accuracy"": 0.5, ""trial_f1_macro"": 0.4666666666666667}","{""clf__C"": 10.0, ""clf__class_weight"": ""balanced"", ""clf__gamma"": 0.001}","{""scores"": {""{'clf__C': 0.1, 'clf__class_weight': None, 'clf__gamma': 0.0001}"": 0.28829365079365077, ""{'clf__C': 0.1, 'clf__class_weight': None, 'clf__gamma': 0.001}"": 0.28829365079365077, ""{'clf__C': 0.1, 'clf__class_weight': None, 'clf__gamma': 0.01}"": 0.36820084422796767, ""{'clf__C': 0.1, 'clf__class_weight': None, 'clf__gamma': 0.1}"": 0.28829365079365077, ""{'clf__C': 0.1, 'clf__class_weight': 'balanced', 'clf__gamma': 0.0001}"": 0.37227668845315903, ""{'clf__C': 0.1, 'clf__class_weight': 'balanced', 'clf__gamma': 0.001}"": 0.37227668845315903, ""{'clf__C': 0.1, 'clf__class_weight': 'balanced', 'clf__gamma': 0.01}"": 0.506622304068325, ""{'clf__C': 0.1, 'clf__class_weight': 'balanced', 'clf__gamma': 0.1}"": 0.37227668845315903, ""{'clf__C': 1.0, 'clf__class_weight': None, 'clf__gamma': 0.0001}"": 0.28829365079365077, ""{'clf__C': 1.0, 'clf__class_weight': None, 'clf__gamma': 0.001}"": 0.44911104175434374, ""{'clf__C': 1.0, 'clf__class_weight': None, 'clf__gamma': 0.01}"": 0.5438589142382664, ""{'clf__C': 1.0, 'clf__class_weight': None, 'clf__gamma': 0.1}"": 0.40523679807068563, ""{'clf__C': 1.0, 'clf__class_weight': 'balanced', 'clf__gamma': 0.0001}"": 0.41048334339774556, ""{'clf__C': 1.0, 'clf__class_weight': 'balanced', 'clf__gamma': 0.001}"": 0.5461178703215298, ""{'clf__C': 1.0, 'clf__class_weight': 'balanced', 'clf__gamma': 0.01}"": 0.5570037424876134, ""{'clf__C': 1.0, 'clf__class_weight': 'balanced', 'clf__gamma': 0.1}"": 0.4347118098207548, ""{'clf__C': 10.0, 'clf__class_weight': None, 'clf__gamma': 0.0001}"": 0.4696927545947154, ""{'clf__C': 10.0, 'clf__class_weight': None, 'clf__gamma': 0.001}"": 0.5542829409962919, ""{'clf__C': 10.0, 'clf__class_weight': None, 'clf__gamma': 0.01}"": 0.5072377916232187, ""{'clf__C': 10.0, 'clf__class_weight': None, 'clf__gamma': 0.1}"": 0.43410926421249085, ""{'clf__C': 10.0, 'clf__class_weight': 'balanced', 'clf__gamma': 0.0001}"": 0.5499607048422407, ""{'clf__C': 10.0, 'clf__class_weight': 'balanced', 'clf__gamma': 0.001}"": 0.5655135222618125, ""{'clf__C': 10.0, 'clf__class_weight': 'balanced', 'clf__gamma': 0.01}"": 0.5163500475275951, ""{'clf__C': 10.0, 'clf__class_weight': 'balanced', 'clf__gamma': 0.1}"": 0.43410926421249085, ""{'clf__C': 100.0, 'clf__class_weight': None, 'clf__gamma': 0.0001}"": 0.5548533571640256, ""{'clf__C': 100.0, 'clf__class_weight': None, 'clf__gamma': 0.001}"": 0.5336991278042139, ""{'clf__C': 100.0, 'clf__class_weight': None, 'clf__gamma': 0.01}"": 0.5256919675374522, ""{'clf__C': 100.0, 'clf__class_weight': None, 'clf__gamma': 0.1}"": 0.4326294065883049, ""{'clf__C': 100.0, 'clf__class_weight': 'balanced', 'clf__gamma': 0.0001}"": 0.5644954930591363, ""{'clf__C': 100.0, 'clf__class_weight': 'balanced', 'clf__gamma': 0.001}"": 0.5462727272727274, ""{'clf__C': 100.0, 'clf__class_weight': 'balanced', 'clf__gamma': 0.01}"": 0.5306064862090233, ""{'clf__C': 100.0, 'clf__class_weight': 'balanced', 'clf__gamma': 0.1}"": 0.43220483940506144}, ""best_score"": 0.5655135222618125}"
D_select_l1_c1,rbf_svm,arousal,7,1,"[25, 18, 21, 9, 31, 16, 22, 0, 24, 23, 13, 37, 11, 39, 1, 38, 19, 15, 12, 20, 10, 30, 28, 29, 6, 4, 14, 17, 33, 36, 34, 26]","[35, 7, 2, 3, 5, 8, 27, 32]","{""accuracy"": 0.4125, ""balanced_accuracy"": 0.4125, ""precision_macro"": 0.41161616161616166, ""precision_micro"": 0.4125, ""precision_weighted"": 0.4116161616161616, ""recall_macro"": 0.4125, ""recall_micro"": 0.4125, ""recall_weighted"": 0.4125, ""f1_macro"": 0.41102756892230574, ""f1_micro"": 0.4125, ""f1_weighted"": 0.4110275689223058, ""mcc"": -0.17588161767036212, ""kappa"": -0.17500000000000004, ""confusion_matrix"": [[29, 51], [43, 37]], ""tp"": 37, ""tn"": 29, ""fp"": 51, ""fn"": 43, ""tpr"": 0.4625, ""tnr"": 0.3625, ""fpr"": 0.6375, ""fnr"": 0.5375, ""ppv"": 0.42045454545454547, ""npv"": 0.4027777777777778, ""roc_auc"": 0.361875, ""pr_auc"": 0.4052529270438504, ""log_loss"": 1.8244861377993176, ""brier"": 0.43976898365624245, ""trial_accuracy"": 0.5, ""trial_f1_macro"": 0.5}","{""clf__C"": 10.0, ""clf__class_weight"": ""balanced"", ""clf__gamma"": 0.01}","{""scores"": {""{'clf__C': 0.1, 'clf__class_weight': None, 'clf__gamma': 0.0001}"": 0.3602941176470589, ""{'clf__C': 0.1, 'clf__class_weight': None, 'clf__gamma': 0.001}"": 0.3602941176470589, ""{'clf__C': 0.1, 'clf__class_weight': None, 'clf__gamma': 0.01}"": 0.40822644847412654, ""{'clf__C': 0.1, 'clf__class_weight': None, 'clf__gamma': 0.1}"": 0.3602941176470589, ""{'clf__C': 0.1, 'clf__class_weight': 'balanced', 'clf__gamma': 0.0001}"": 0.30357142857142855, ""{'clf__C': 0.1, 'clf__class_weight': 'balanced', 'clf__gamma': 0.001}"": 0.30357142857142855, ""{'clf__C': 0.1, 'clf__class_weight': 'balanced', 'clf__gamma': 0.01}"": 0.5508715908781113, ""{'clf__C': 0.1, 'clf__class_weight': 'balanced', 'clf__gamma': 0.1}"": 0.30357142857142855, ""{'clf__C': 1.0, 'clf__class_weight': None, 'clf__gamma': 0.0001}"": 0.3602941176470589, ""{'clf__C': 1.0, 'clf__class_weight': None, 'clf__gamma': 0.001}"": 0.4319724250328751, ""{'clf__C': 1.0, 'clf__class_weight': None, 'clf__gamma': 0.01}"": 0.5735572032816896, ""{'clf__C': 1.0, 'clf__class_weight': None, 'clf__gamma': 0.1}"": 0.4666354476715891, ""{'clf__C': 1.0, 'clf__class_weight': 'balanced', 'clf__gamma': 0.0001}"": 0.30357142857142855, ""{'clf__C': 1.0, 'clf__class_weight': 'balanced', 'clf__gamma': 0.001}"": 0.5928061288182419, ""{'clf__C': 1.0, 'clf__class_weight': 'balanced', 'clf__gamma': 0.01}"": 0.6224951770099539, ""{'clf__C': 1.0, 'clf__class_weight': 'balanced', 'clf__gamma': 0.1}"": 0.5066663834013794, ""{'clf__C': 10.0, 'clf__class_weight': None, 'clf__gamma': 0.0001}"": 0.44279076970542536, ""{'clf__C': 10.0, 'clf__class_weight': None, 'clf__gamma': 0.001}"": 0.5757722485939912, ""{'clf__C': 10.0, 'clf__class_weight': None, 'clf__gamma': 0.01}"": 0.6275622620877531, ""{'clf__C': 10.0, 'clf__class_weight': None, 'clf__gamma': 0.1}"": 0.516004924611576, ""{'clf__C': 10.0, 'clf__class_weight': 'balanced', 'clf__gamma': 0.0001}"": 0.5915954542550494, ""{'clf__C': 10.0, 'clf__class_weight': 'balanced', 'clf__gamma': 0.001}"": 0.5984979316616811, ""{'clf__C': 10.0, 'clf__class_weight': 'balanced', 'clf__gamma': 0.01}"": 0.6291754928279304, ""{'clf__C': 10.0, 'clf__class_weight': 'balanced', 'clf__gamma': 0.1}"": 0.516004924611576, ""{'clf__C': 100.0, 'clf__class_weight': None, 'clf__gamma': 0.0001}"": 0.581976950205603, ""{'clf__C': 100.0, 'clf__class_weight': None, 'clf__gamma': 0.001}"": 0.609622104709328, ""{'clf__C': 100.0, 'clf__class_weight': None, 'clf__gamma': 0.01}"": 0.6290518212856745, ""{'clf__C': 100.0, 'clf__class_weight': None, 'clf__gamma': 0.1}"": 0.5092838169730372, ""{'clf__C': 100.0, 'clf__class_weight': 'balanced', 'clf__gamma': 0.0001}"": 0.5959314826934267, ""{'clf__C': 100.0, 'clf__class_weight': 'balanced', 'clf__gamma': 0.001}"": 0.6185286363658776, ""{'clf__C': 100.0, 'clf__class_weight': 'balanced', 'clf__gamma': 0.01}"": 0.6290518212856745, ""{'clf__C': 100.0, 'clf__class_weight': 'balanced', 'clf__gamma': 0.1}"": 0.516004924611576}, ""best_score"": 0.6291754928279304}"
D_select_l1_c1,rbf_svm,arousal,8,0,"[31, 1, 36, 16, 27, 8, 25, 28, 18, 12, 19, 29, 23, 39, 21, 24, 0, 9, 10, 17, 38, 20, 37, 3, 14, 35, 15, 7, 26, 2, 5, 13]","[22, 34, 6, 4, 30, 33, 11, 32]","{""accuracy"": 0.2875, ""balanced_accuracy"": 0.35833333333333334, ""precision_macro"": 0.3703279938977879, ""precision_micro"": 0.2875, ""precision_weighted"": 0.46777269260106785, ""recall_macro"": 0.35833333333333334, ""recall_micro"": 0.2875, ""recall_weighted"": 0.2875, ""f1_macro"": 0.28649663589422625, ""f1_micro"": 0.2875, ""f1_weighted"": 0.2998748239712095, ""mcc"": -0.2710734281664659, ""kappa"": -0.17525773195876293, ""confusion_matrix"": [[20, 20], [94, 26]], ""tp"": 26, ""tn"": 20, ""fp"": 20, ""fn"": 94, ""tpr"": 0.21666666666666667, ""tnr"": 0.5, ""fpr"": 0.5, ""fnr"": 0.7833333333333333, ""ppv"": 0.5652173913043478, ""npv"": 0.17543859649122806, ""roc_auc"": 0.2665625, ""pr_auc"": 0.6221734776239451, ""log_loss"": 1.2547071886194285, ""brier"": 0.467683140949, ""trial_accuracy"": 0.125, ""trial_f1_macro"": 0.1111111111111111}","{""clf__C"": 1.0, ""clf__class_weight"": ""balanced"", ""clf__gamma"": 0.001}","{""scores"": {""{'clf__C': 0.1, 'clf__class_weight': None, 'clf__gamma': 0.0001}"": 0.37916666666666665, ""{'clf__C': 0.1, 'clf__class_weight': None, 'clf__gamma': 0.001}"": 0.37916666666666665, ""{'clf__C': 0.1, 'clf__class_weight': None, 'clf__gamma': 0.01}"": 0.37870718462823727, ""{'clf__C': 0.1, 'clf__class_weight': None, 'clf__gamma': 0.1}"": 0.37916666666666665, ""{'clf__C': 0.1, 'clf__class_weight': 'balanced', 'clf__gamma': 0.0001}"": 0.26416720534367594, ""{'clf__C': 0.1, 'clf__class_weight': 'balanced', 'clf__gamma': 0.001}"": 0.42960837360341503, ""{'clf__C': 0.1, 'clf__class_weight': 'balanced', 'clf__gamma': 0.01}"": 0.550757211738209, ""{'clf__C': 0.1, 'clf__class_weight': 'balanced', 'clf__gamma': 0.1}"": 0.26416720534367594, ""{'clf__C': 1.0, 'clf__class_weight': None, 'clf__gamma': 0.0001}"": 0.37916666666666665, ""{'clf__C': 1.0, 'clf__class_weight': None, 'clf__gamma': 0.001}"": 0.4123903957112353, ""{'clf__C': 1.0, 'clf__class_weight': None, 'clf__gamma': 0.01}"": 0.469423963109574, ""{'clf__C': 1.0, 'clf__class_weight': None, 'clf__gamma': 0.1}"": 0.37916666666666665, ""{'clf__C': 1.0, 'clf__class_weight': 'balanced', 'clf__gamma': 0.0001}"": 0.4218891114740864, ""{'clf__C': 1.0, 'clf__class_weight': 'balanced', 'clf__gamma': 0.001}"": 0.5604506524493912, ""{'clf__C': 1.0, 'clf__class_weight': 'balanced', 'clf__gamma': 0.01}"": 0.51163538876036, ""{'clf__C': 1.0, 'clf__class_weight': 'balanced', 'clf__gamma': 0.1}"": 0.37870718462823727, ""{'clf__C': 10.0, 'clf__class_weight': None, 'clf__gamma': 0.0001}"": 0.4082358323253737, ""{'clf__C': 10.0, 'clf__class_weight': None, 'clf__gamma': 0.001}"": 0.48758413967710856, ""{'clf__C': 10.0, 'clf__class_weight': None, 'clf__gamma': 0.01}"": 0.4934101061739658, ""{'clf__C': 10.0, 'clf__class_weight': None, 'clf__gamma': 0.1}"": 0.37870718462823727, ""{'clf__C': 10.0, 'clf__class_weight': 'balanced', 'clf__gamma': 0.0001}"": 0.5586072511535044, ""{'clf__C': 10.0, 'clf__class_weight': 'balanced', 'clf__gamma': 0.001}"": 0.5054239293913624, ""{'clf__C': 10.0, 'clf__class_weight': 'balanced', 'clf__gamma': 0.01}"": 0.4934101061739658, ""{'clf__C': 10.0, 'clf__class_weight': 'balanced', 'clf__gamma': 0.1}"": 0.37870718462823727, ""{'clf__C': 100.0, 'clf__class_weight': None, 'clf__gamma': 0.0001}"": 0.4931199725331856, ""{'clf__C': 100.0, 'clf__class_weight': None, 'clf__gamma': 0.001}"": 0.48595788439082616, ""{'clf__C': 100.0, 'clf__class_weight': None, 'clf__gamma': 0.01}"": 0.4934101061739658, ""{'clf__C': 100.0, 'clf__class_weight': None, 'clf__gamma': 0.1}"": 0.37870718462823727, ""{'clf__C': 100.0, 'clf__class_weight': 'balanced', 'clf__gamma': 0.0001}"": 0.5145451475811618, ""{'clf__C': 100.0, 'clf__class_weight': 'balanced', 'clf__gamma': 0.001}"": 0.49369085517128203, ""{'clf__C': 100.0, 'clf__class_weight': 'balanced', 'clf__gamma': 0.01}"": 0.4934101061739658, ""{'clf__C': 100.0, 'clf__class_weight': 'balanced', 'clf__gamma': 0.1}"": 0.37870718462823727}, ""best_score"": 0.5604506524493912}"
D_select_l1_c1,rbf_svm,arousal,8,1,"[31, 8, 16, 39, 12, 6, 38, 3, 28, 27, 5, 20, 22, 15, 9, 17, 1, 18, 25, 21, 32, 33, 23, 4, 35, 13, 14, 24, 19, 7, 26, 34]","[11, 37, 30, 36, 29, 0, 10, 2]","{""accuracy"": 0.35625, ""balanced_accuracy"": 0.35624999999999996, ""precision_macro"": 0.35440734293400855, ""precision_micro"": 0.35625, ""precision_weighted"": 0.35440734293400855, ""recall_macro"": 0.35624999999999996, ""recall_micro"": 0.35625, ""recall_weighted"": 0.35625, ""f1_macro"": 0.3542066695403425, ""f1_micro"": 0.35625, ""f1_weighted"": 0.35420666954034247, ""mcc"": -0.2893367895946609, ""kappa"": -0.2875000000000001, ""confusion_matrix"": [[24, 56], [47, 33]], ""tp"": 33, ""tn"": 24, ""fp"": 56, ""fn"": 47, ""tpr"": 0.4125, ""tnr"": 0.3, ""fpr"": 0.7, ""fnr"": 0.5875, ""ppv"": 0.3707865168539326, ""npv"": 0.3380281690140845, ""roc_auc"": 0.34765625, ""pr_auc"": 0.45837947733674245, ""log_loss"": 1.1959526424268507, ""brier"": 0.41979475240568664, ""trial_accuracy"": 0.375, ""trial_f1_macro"": 0.36507936507936506}","{""clf__C"": 1.0, ""clf__class_weight"": ""balanced"", ""clf__gamma"": 0.01}","{""scores"": {""{'clf__C': 0.1, 'clf__class_weight': None, 'clf__gamma': 0.0001}"": 0.3544973544973545, ""{'clf__C': 0.1, 'clf__class_weight': None, 'clf__gamma': 0.001}"": 0.3544973544973545, ""{'clf__C': 0.1, 'clf__class_weight': None, 'clf__gamma': 0.01}"": 0.4062281351607194, ""{'clf__C': 0.1, 'clf__class_weight': None, 'clf__gamma': 0.1}"": 0.3544973544973545, ""{'clf__C': 0.1, 'clf__class_weight': 'balanced', 'clf__gamma': 0.0001}"": 0.30277777777777776, ""{'clf__C': 0.1, 'clf__class_weight': 'balanced', 'clf__gamma': 0.001}"": 0.4910997903764795, ""{'clf__C': 0.1, 'clf__class_weight': 'balanced', 'clf__gamma': 0.01}"": 0.5080570701789947, ""{'clf__C': 0.1, 'clf__class_weight': 'balanced', 'clf__gamma': 0.1}"": 0.30277777777777776, ""{'clf__C': 1.0, 'clf__class_weight': None, 'clf__gamma': 0.0001}"": 0.3544973544973545, ""{'clf__C': 1.0, 'clf__class_weight': None, 'clf__gamma': 0.001}"": 0.4165707230182172, ""{'clf__C': 1.0, 'clf__class_weight': None, 'clf__gamma': 0.01}"": 0.512187531017582, ""{'clf__C': 1.0, 'clf__class_weight': None, 'clf__gamma': 0.1}"": 0.35335934497945676, ""{'clf__C': 1.0, 'clf__class_weight': 'balanced', 'clf__gamma': 0.0001}"": 0.38742529837932277, ""{'clf__C': 1.0, 'clf__class_weight': 'balanced', 'clf__gamma': 0.001}"": 0.5164579662689995, ""{'clf__C': 1.0, 'clf__class_weight': 'balanced', 'clf__gamma': 0.01}"": 0.5315267548223747, ""{'clf__C': 1.0, 'clf__class_weight': 'balanced', 'clf__gamma': 0.1}"": 0.35335934497945676, ""{'clf__C': 10.0, 'clf__class_weight': None, 'clf__gamma': 0.0001}"": 0.433337713896132, ""{'clf__C': 10.0, 'clf__class_weight': None, 'clf__gamma': 0.001}"": 0.5131776889529683, ""{'clf__C': 10.0, 'clf__class_weight': None, 'clf__gamma': 0.01}"": 0.5115003823434054, ""{'clf__C': 10.0, 'clf__class_weight': None, 'clf__gamma': 0.1}"": 0.35335934497945676, ""{'clf__C': 10.0, 'clf__class_weight': 'balanced', 'clf__gamma': 0.0001}"": 0.5218259747901689, ""{'clf__C': 10.0, 'clf__class_weight': 'balanced', 'clf__gamma': 0.001}"": 0.5057550177154516, ""{'clf__C': 10.0, 'clf__class_weight': 'balanced', 'clf__gamma': 0.01}"": 0.5115003823434054, ""{'clf__C': 10.0, 'clf__class_weight': 'balanced', 'clf__gamma': 0.1}"": 0.35335934497945676, ""{'clf__C': 100.0, 'clf__class_weight': None, 'clf__gamma': 0.0001}"": 0.509461265174659, ""{'clf__C': 100.0, 'clf__class_weight': None, 'clf__gamma': 0.001}"": 0.5000092390529033, ""{'clf__C': 100.0, 'clf__class_weight': None, 'clf__gamma': 0.01}"": 0.5115003823434054, ""{'clf__C': 100.0, 'clf__class_weight': None, 'clf__gamma': 0.1}"": 0.35335934497945676, ""{'clf__C': 100.0, 'clf__class_weight': 'balanced', 'clf__gamma': 0.0001}"": 0.5176017744289086, ""{'clf__C': 100.0, 'clf__class_weight': 'balanced', 'clf__gamma': 0.001}"": 0.49243895434036333, ""{'clf__C': 100.0, 'clf__class_weight': 'balanced', 'clf__gamma': 0.01}"": 0.5115003823434054, ""{'clf__C': 100.0, 'clf__class_weight': 'balanced', 'clf__gamma': 0.1}"": 0.35335934497945676}, ""best_score"": 0.5315267548223747}"
D_select_l1_c1,rbf_svm,arousal,9,0,"[17, 15, 34, 11, 0, 22, 23, 18, 14, 19, 31, 2, 39, 36, 12, 29, 24, 8, 35, 7, 13, 1, 26, 25, 38, 10, 6, 27, 3, 4, 20, 28]","[33, 30, 21, 16, 5, 9, 32, 37]","{""accuracy"": 0.65625, ""balanced_accuracy"": 0.545, ""precision_macro"": 0.7521008403361344, ""precision_micro"": 0.65625, ""precision_weighted"": 0.7258403361344538, ""recall_macro"": 0.545, ""recall_micro"": 0.65625, ""recall_weighted"": 0.65625, ""f1_macro"": 0.4808565866320571, ""f1_micro"": 0.65625, ""f1_weighted"": 0.5562946138870863, ""mcc"": 0.2130214807490179, ""kappa"": 0.10931174089068829, ""confusion_matrix"": [[6, 54], [1, 99]], ""tp"": 99, ""tn"": 6, ""fp"": 54, ""fn"": 1, ""tpr"": 0.99, ""tnr"": 0.1, ""fpr"": 0.9, ""fnr"": 0.01, ""ppv"": 0.6470588235294118, ""npv"": 0.8571428571428571, ""roc_auc"": 0.6751666666666667, ""pr_auc"": 0.7258696758546557, ""log_loss"": 0.7076091837381697, ""brier"": 0.2572242356574451, ""trial_accuracy"": 0.625, ""trial_f1_macro"": 0.38461538461538464}","{""clf__C"": 0.1, ""clf__class_weight"": ""balanced"", ""clf__gamma"": 0.1}","{""scores"": {""{'clf__C': 0.1, 'clf__class_weight': None, 'clf__gamma': 0.0001}"": 0.3017740429505135, ""{'clf__C': 0.1, 'clf__class_weight': None, 'clf__gamma': 0.001}"": 0.3017740429505135, ""{'clf__C': 0.1, 'clf__class_weight': None, 'clf__gamma': 0.01}"": 0.28789116979849594, ""{'clf__C': 0.1, 'clf__class_weight': None, 'clf__gamma': 0.1}"": 0.3017740429505135, ""{'clf__C': 0.1, 'clf__class_weight': 'balanced', 'clf__gamma': 0.0001}"": 0.3587962962962963, ""{'clf__C': 0.1, 'clf__class_weight': 'balanced', 'clf__gamma': 0.001}"": 0.3559272300469483, ""{'clf__C': 0.1, 'clf__class_weight': 'balanced', 'clf__gamma': 0.01}"": 0.40187614553411705, ""{'clf__C': 0.1, 'clf__class_weight': 'balanced', 'clf__gamma': 0.1}"": 0.4643447784072059, ""{'clf__C': 1.0, 'clf__class_weight': None, 'clf__gamma': 0.0001}"": 0.3017740429505135, ""{'clf__C': 1.0, 'clf__class_weight': None, 'clf__gamma': 0.001}"": 0.3033716891924206, ""{'clf__C': 1.0, 'clf__class_weight': None, 'clf__gamma': 0.01}"": 0.3970765289313798, ""{'clf__C': 1.0, 'clf__class_weight': None, 'clf__gamma': 0.1}"": 0.4537219310574246, ""{'clf__C': 1.0, 'clf__class_weight': 'balanced', 'clf__gamma': 0.0001}"": 0.3746607547273923, ""{'clf__C': 1.0, 'clf__class_weight': 'balanced', 'clf__gamma': 0.001}"": 0.3844104752317163, ""{'clf__C': 1.0, 'clf__class_weight': 'balanced', 'clf__gamma': 0.01}"": 0.40656234744620806, ""{'clf__C': 1.0, 'clf__class_weight': 'balanced', 'clf__gamma': 0.1}"": 0.4544534273198872, ""{'clf__C': 10.0, 'clf__class_weight': None, 'clf__gamma': 0.0001}"": 0.2896179590266039, ""{'clf__C': 10.0, 'clf__class_weight': None, 'clf__gamma': 0.001}"": 0.3384426037729211, ""{'clf__C': 10.0, 'clf__class_weight': None, 'clf__gamma': 0.01}"": 0.4043352771054805, ""{'clf__C': 10.0, 'clf__class_weight': None, 'clf__gamma': 0.1}"": 0.445723542248839, ""{'clf__C': 10.0, 'clf__class_weight': 'balanced', 'clf__gamma': 0.0001}"": 0.37406531673430066, ""{'clf__C': 10.0, 'clf__class_weight': 'balanced', 'clf__gamma': 0.001}"": 0.350859389681579, ""{'clf__C': 10.0, 'clf__class_weight': 'balanced', 'clf__gamma': 0.01}"": 0.4089129192973133, ""{'clf__C': 10.0, 'clf__class_weight': 'balanced', 'clf__gamma': 0.1}"": 0.445723542248839, ""{'clf__C': 100.0, 'clf__class_weight': None, 'clf__gamma': 0.0001}"": 0.3273219432652094, ""{'clf__C': 100.0, 'clf__class_weight': None, 'clf__gamma': 0.001}"": 0.3886129508372296, ""{'clf__C': 100.0, 'clf__class_weight': None, 'clf__gamma': 0.01}"": 0.39948847538017657, ""{'clf__C': 100.0, 'clf__class_weight': None, 'clf__gamma': 0.1}"": 0.445723542248839, ""{'clf__C': 100.0, 'clf__class_weight': 'balanced', 'clf__gamma': 0.0001}"": 0.35472865969403805, ""{'clf__C': 100.0, 'clf__class_weight': 'balanced', 'clf__gamma': 0.001}"": 0.38011559757715724, ""{'clf__C': 100.0, 'clf__class_weight': 'balanced', 'clf__gamma': 0.01}"": 0.39948847538017657, ""{'clf__C': 100.0, 'clf__class_weight': 'balanced', 'clf__gamma': 0.1}"": 0.45347604288555865}, ""best_score"": 0.4643447784072059}"
D_select_l1_c1,rbf_svm,arousal,9,1,"[37, 36, 15, 0, 12, 10, 29, 26, 31, 6, 11, 4, 33, 28, 7, 21, 18, 14, 16, 24, 19, 25, 32, 9, 20, 30, 2, 34, 27, 22, 38, 39]","[1, 35, 23, 5, 13, 8, 3, 17]","{""accuracy"": 0.5, ""balanced_accuracy"": 0.4666666666666667, ""precision_macro"": 0.4666666666666667, ""precision_micro"": 0.5, ""precision_weighted"": 0.5, ""recall_macro"": 0.4666666666666667, ""recall_micro"": 0.5, ""recall_weighted"": 0.5, ""f1_macro"": 0.4666666666666667, ""f1_micro"": 0.5, ""f1_weighted"": 0.5, ""mcc"": -0.06666666666666667, ""kappa"": -0.06666666666666665, ""confusion_matrix"": [[20, 40], [40, 60]], ""tp"": 60, ""tn"": 20, ""fp"": 40, ""fn"": 40, ""tpr"": 0.6, ""tnr"": 0.3333333333333333, ""fpr"": 0.6666666666666666, ""fnr"": 0.4, ""ppv"": 0.6, ""npv"": 0.3333333333333333, ""roc_auc"": 0.4615, ""pr_auc"": 0.5980225032418153, ""log_loss"": 2.3884304249779036, ""brier"": 0.4318848412871901, ""trial_accuracy"": 0.5, ""trial_f1_macro"": 0.3333333333333333}","{""clf__C"": 100.0, ""clf__class_weight"": ""balanced"", ""clf__gamma"": 0.001}","{""scores"": {""{'clf__C': 0.1, 'clf__class_weight': None, 'clf__gamma': 0.0001}"": 0.3017740429505135, ""{'clf__C': 0.1, 'clf__class_weight': None, 'clf__gamma': 0.001}"": 0.3017740429505135, ""{'clf__C': 0.1, 'clf__class_weight': None, 'clf__gamma': 0.01}"": 0.4033343881273304, ""{'clf__C': 0.1, 'clf__class_weight': None, 'clf__gamma': 0.1}"": 0.3017740429505135, ""{'clf__C': 0.1, 'clf__class_weight': 'balanced', 'clf__gamma': 0.0001}"": 0.3587962962962963, ""{'clf__C': 0.1, 'clf__class_weight': 'balanced', 'clf__gamma': 0.001}"": 0.45901820992735126, ""{'clf__C': 0.1, 'clf__class_weight': 'balanced', 'clf__gamma': 0.01}"": 0.5541091536908669, ""{'clf__C': 0.1, 'clf__class_weight': 'balanced', 'clf__gamma': 0.1}"": 0.3587962962962963, ""{'clf__C': 1.0, 'clf__class_weight': None, 'clf__gamma': 0.0001}"": 0.3017740429505135, ""{'clf__C': 1.0, 'clf__class_weight': None, 'clf__gamma': 0.001}"": 0.5012410664839732, ""{'clf__C': 1.0, 'clf__class_weight': None, 'clf__gamma': 0.01}"": 0.5971064320500427, ""{'clf__C': 1.0, 'clf__class_weight': None, 'clf__gamma': 0.1}"": 0.5161126566661464, ""{'clf__C': 1.0, 'clf__class_weight': 'balanced', 'clf__gamma': 0.0001}"": 0.523492490839229, ""{'clf__C': 1.0, 'clf__class_weight': 'balanced', 'clf__gamma': 0.001}"": 0.552017841518607, ""{'clf__C': 1.0, 'clf__class_weight': 'balanced', 'clf__gamma': 0.01}"": 0.6086625912313985, ""{'clf__C': 1.0, 'clf__class_weight': 'balanced', 'clf__gamma': 0.1}"": 0.5248782928881677, ""{'clf__C': 10.0, 'clf__class_weight': None, 'clf__gamma': 0.0001}"": 0.5025753368770517, ""{'clf__C': 10.0, 'clf__class_weight': None, 'clf__gamma': 0.001}"": 0.6080259599814161, ""{'clf__C': 10.0, 'clf__class_weight': None, 'clf__gamma': 0.01}"": 0.5901709273908816, ""{'clf__C': 10.0, 'clf__class_weight': None, 'clf__gamma': 0.1}"": 0.5181347607671293, ""{'clf__C': 10.0, 'clf__class_weight': 'balanced', 'clf__gamma': 0.0001}"": 0.5563299747824783, ""{'clf__C': 10.0, 'clf__class_weight': 'balanced', 'clf__gamma': 0.001}"": 0.6211946553637356, ""{'clf__C': 10.0, 'clf__class_weight': 'balanced', 'clf__gamma': 0.01}"": 0.601599128938059, ""{'clf__C': 10.0, 'clf__class_weight': 'balanced', 'clf__gamma': 0.1}"": 0.5181347607671293, ""{'clf__C': 100.0, 'clf__class_weight': None, 'clf__gamma': 0.0001}"": 0.6059152295220745, ""{'clf__C': 100.0, 'clf__class_weight': None, 'clf__gamma': 0.001}"": 0.6374521257883815, ""{'clf__C': 100.0, 'clf__class_weight': None, 'clf__gamma': 0.01}"": 0.5800417840305737, ""{'clf__C': 100.0, 'clf__class_weight': None, 'clf__gamma': 0.1}"": 0.5164579266881058, ""{'clf__C': 100.0, 'clf__class_weight': 'balanced', 'clf__gamma': 0.0001}"": 0.6114841295553298, ""{'clf__C': 100.0, 'clf__class_weight': 'balanced', 'clf__gamma': 0.001}"": 0.6475597476068192, ""{'clf__C': 100.0, 'clf__class_weight': 'balanced', 'clf__gamma': 0.01}"": 0.5695346263567338, ""{'clf__C': 100.0, 'clf__class_weight': 'balanced', 'clf__gamma': 0.1}"": 0.5164579266881058}, ""best_score"": 0.6475597476068192}"
D_select_l1_c1,rbf_svm,arousal,10,0,"[36, 8, 0, 35, 24, 2, 18, 19, 21, 4, 9, 7, 12, 6, 15, 37, 31, 14, 20, 30, 16, 17, 33, 25, 34, 1, 29, 3, 26, 27, 38, 10]","[5, 32, 39, 22, 23, 13, 11, 28]","{""accuracy"": 0.49375, ""balanced_accuracy"": 0.5349999999999999, ""precision_macro"": 0.5363636363636364, ""precision_micro"": 0.49375, ""precision_weighted"": 0.5704545454545454, ""recall_macro"": 0.5349999999999999, ""recall_micro"": 0.49375, ""recall_weighted"": 0.49375, ""f1_macro"": 0.49325513196480936, ""f1_micro"": 0.49375, ""f1_weighted"": 0.4892961876832844, ""mcc"": 0.07135060680126758, ""kappa"": 0.060869565217391286, ""confusion_matrix"": [[37, 63], [18, 42]], ""tp"": 42, ""tn"": 37, ""fp"": 63, ""fn"": 18, ""tpr"": 0.7, ""tnr"": 0.37, ""fpr"": 0.63, ""fnr"": 0.3, ""ppv"": 0.4, ""npv"": 0.6727272727272727, ""roc_auc"": 0.5355, ""pr_auc"": 0.410600109352355, ""log_loss"": 1.7225003035466755, ""brier"": 0.4188904670734229, ""trial_accuracy"": 0.625, ""trial_f1_macro"": 0.6190476190476191}","{""clf__C"": 100.0, ""clf__class_weight"": ""balanced"", ""clf__gamma"": 0.0001}","{""scores"": {""{'clf__C': 0.1, 'clf__class_weight': None, 'clf__gamma': 0.0001}"": 0.37227668845315903, ""{'clf__C': 0.1, 'clf__class_weight': None, 'clf__gamma': 0.001}"": 0.37227668845315903, ""{'clf__C': 0.1, 'clf__class_weight': None, 'clf__gamma': 0.01}"": 0.5579899814346069, ""{'clf__C': 0.1, 'clf__class_weight': None, 'clf__gamma': 0.1}"": 0.37227668845315903, ""{'clf__C': 0.1, 'clf__class_weight': 'balanced', 'clf__gamma': 0.0001}"": 0.3017740429505135, ""{'clf__C': 0.1, 'clf__class_weight': 'balanced', 'clf__gamma': 0.001}"": 0.3017740429505135, ""{'clf__C': 0.1, 'clf__class_weight': 'balanced', 'clf__gamma': 0.01}"": 0.6780817135923071, ""{'clf__C': 0.1, 'clf__class_weight': 'balanced', 'clf__gamma': 0.1}"": 0.3017740429505135, ""{'clf__C': 1.0, 'clf__class_weight': None, 'clf__gamma': 0.0001}"": 0.37227668845315903, ""{'clf__C': 1.0, 'clf__class_weight': None, 'clf__gamma': 0.001}"": 0.6603300808566217, ""{'clf__C': 1.0, 'clf__class_weight': None, 'clf__gamma': 0.01}"": 0.6829418982763448, ""{'clf__C': 1.0, 'clf__class_weight': None, 'clf__gamma': 0.1}"": 0.3960561497326203, ""{'clf__C': 1.0, 'clf__class_weight': 'balanced', 'clf__gamma': 0.0001}"": 0.3408300052450414, ""{'clf__C': 1.0, 'clf__class_weight': 'balanced', 'clf__gamma': 0.001}"": 0.6878022722725646, ""{'clf__C': 1.0, 'clf__class_weight': 'balanced', 'clf__gamma': 0.01}"": 0.6893745214468279, ""{'clf__C': 1.0, 'clf__class_weight': 'balanced', 'clf__gamma': 0.1}"": 0.3939471822286573, ""{'clf__C': 10.0, 'clf__class_weight': None, 'clf__gamma': 0.0001}"": 0.6595910190054609, ""{'clf__C': 10.0, 'clf__class_weight': None, 'clf__gamma': 0.001}"": 0.6894507380541343, ""{'clf__C': 10.0, 'clf__class_weight': None, 'clf__gamma': 0.01}"": 0.6604369258014381, ""{'clf__C': 10.0, 'clf__class_weight': None, 'clf__gamma': 0.1}"": 0.3939471822286573, ""{'clf__C': 10.0, 'clf__class_weight': 'balanced', 'clf__gamma': 0.0001}"": 0.6843621288891333, ""{'clf__C': 10.0, 'clf__class_weight': 'balanced', 'clf__gamma': 0.001}"": 0.6833788003815937, ""{'clf__C': 10.0, 'clf__class_weight': 'balanced', 'clf__gamma': 0.01}"": 0.6604369258014381, ""{'clf__C': 10.0, 'clf__class_weight': 'balanced', 'clf__gamma': 0.1}"": 0.3939471822286573, ""{'clf__C': 100.0, 'clf__class_weight': None, 'clf__gamma': 0.0001}"": 0.6942472072243207, ""{'clf__C': 100.0, 'clf__class_weight': None, 'clf__gamma': 0.001}"": 0.68971082935186, ""{'clf__C': 100.0, 'clf__class_weight': None, 'clf__gamma': 0.01}"": 0.659047543843415, ""{'clf__C': 100.0, 'clf__class_weight': None, 'clf__gamma': 0.1}"": 0.3939471822286573, ""{'clf__C': 100.0, 'clf__class_weight': 'balanced', 'clf__gamma': 0.0001}"": 0.6947973010279401, ""{'clf__C': 100.0, 'clf__class_weight': 'balanced', 'clf__gamma': 0.001}"": 0.6832379044564459, ""{'clf__C': 100.0, 'clf__class_weight': 'balanced', 'clf__gamma': 0.01}"": 0.659047543843415, ""{'clf__C': 100.0, 'clf__class_weight': 'balanced', 'clf__gamma': 0.1}"": 0.3939471822286573}, ""best_score"": 0.6947973010279401}"
D_select_l1_c1,rbf_svm,arousal,10,1,"[2, 33, 16, 5, 3, 7, 36, 27, 28, 30, 19, 32, 4, 12, 8, 11, 14, 38, 13, 20, 10, 23, 34, 9, 17, 24, 35, 29, 39, 26, 21, 31]","[15, 22, 25, 6, 18, 37, 1, 0]","{""accuracy"": 0.69375, ""balanced_accuracy"": 0.7316666666666667, ""precision_macro"": 0.7251012145748987, ""precision_micro"": 0.69375, ""precision_weighted"": 0.7669028340080972, ""recall_macro"": 0.7316666666666667, ""recall_micro"": 0.69375, ""recall_weighted"": 0.69375, ""f1_macro"": 0.6934506353861192, ""f1_micro"": 0.69375, ""f1_weighted"": 0.6958455522971652, ""mcc"": 0.4567206938302003, ""kappa"": 0.4149253731343283, ""confusion_matrix"": [[53, 7], [42, 58]], ""tp"": 58, ""tn"": 53, ""fp"": 7, ""fn"": 42, ""tpr"": 0.58, ""tnr"": 0.8833333333333333, ""fpr"": 0.11666666666666667, ""fnr"": 0.42, ""ppv"": 0.8923076923076924, ""npv"": 0.5578947368421052, ""roc_auc"": 0.7733333333333334, ""pr_auc"": 0.879338872116613, ""log_loss"": 0.5516138463652279, ""brier"": 0.18937884799848387, ""trial_accuracy"": 0.625, ""trial_f1_macro"": 0.6190476190476191}","{""clf__C"": 1.0, ""clf__class_weight"": ""balanced"", ""clf__gamma"": 0.001}","{""scores"": {""{'clf__C': 0.1, 'clf__class_weight': None, 'clf__gamma': 0.0001}"": 0.35838779956427014, ""{'clf__C': 0.1, 'clf__class_weight': None, 'clf__gamma': 0.001}"": 0.35838779956427014, ""{'clf__C': 0.1, 'clf__class_weight': None, 'clf__gamma': 0.01}"": 0.39933865509313077, ""{'clf__C': 0.1, 'clf__class_weight': None, 'clf__gamma': 0.1}"": 0.35838779956427014, ""{'clf__C': 0.1, 'clf__class_weight': 'balanced', 'clf__gamma': 0.0001}"": 0.30416666666666664, ""{'clf__C': 0.1, 'clf__class_weight': 'balanced', 'clf__gamma': 0.001}"": 0.30416666666666664, ""{'clf__C': 0.1, 'clf__class_weight': 'balanced', 'clf__gamma': 0.01}"": 0.5394846077458444, ""{'clf__C': 0.1, 'clf__class_weight': 'balanced', 'clf__gamma': 0.1}"": 0.30416666666666664, ""{'clf__C': 1.0, 'clf__class_weight': None, 'clf__gamma': 0.0001}"": 0.35838779956427014, ""{'clf__C': 1.0, 'clf__class_weight': None, 'clf__gamma': 0.001}"": 0.497327541414966, ""{'clf__C': 1.0, 'clf__class_weight': None, 'clf__gamma': 0.01}"": 0.47302186560345527, ""{'clf__C': 1.0, 'clf__class_weight': None, 'clf__gamma': 0.1}"": 0.3963348895113601, ""{'clf__C': 1.0, 'clf__class_weight': 'balanced', 'clf__gamma': 0.0001}"": 0.3985335917312662, ""{'clf__C': 1.0, 'clf__class_weight': 'balanced', 'clf__gamma': 0.001}"": 0.5416758992010866, ""{'clf__C': 1.0, 'clf__class_weight': 'balanced', 'clf__gamma': 0.01}"": 0.48314336291813403, ""{'clf__C': 1.0, 'clf__class_weight': 'balanced', 'clf__gamma': 0.1}"": 0.3994088175911956, ""{'clf__C': 10.0, 'clf__class_weight': None, 'clf__gamma': 0.0001}"": 0.5053569426570105, ""{'clf__C': 10.0, 'clf__class_weight': None, 'clf__gamma': 0.001}"": 0.482195123525825, ""{'clf__C': 10.0, 'clf__class_weight': None, 'clf__gamma': 0.01}"": 0.4474918064287536, ""{'clf__C': 10.0, 'clf__class_weight': None, 'clf__gamma': 0.1}"": 0.3994088175911956, ""{'clf__C': 10.0, 'clf__class_weight': 'balanced', 'clf__gamma': 0.0001}"": 0.5310987457783959, ""{'clf__C': 10.0, 'clf__class_weight': 'balanced', 'clf__gamma': 0.001}"": 0.5068242371536275, ""{'clf__C': 10.0, 'clf__class_weight': 'balanced', 'clf__gamma': 0.01}"": 0.4474918064287536, ""{'clf__C': 10.0, 'clf__class_weight': 'balanced', 'clf__gamma': 0.1}"": 0.3994088175911956, ""{'clf__C': 100.0, 'clf__class_weight': None, 'clf__gamma': 0.0001}"": 0.4786184457518407, ""{'clf__C': 100.0, 'clf__class_weight': None, 'clf__gamma': 0.001}"": 0.45745463599619657, ""{'clf__C': 100.0, 'clf__class_weight': None, 'clf__gamma': 0.01}"": 0.4461179989154891, ""{'clf__C': 100.0, 'clf__class_weight': None, 'clf__gamma': 0.1}"": 0.3994088175911956, ""{'clf__C': 100.0, 'clf__class_weight': 'balanced', 'clf__gamma': 0.0001}"": 0.4969735580533679, ""{'clf__C': 100.0, 'clf__class_weight': 'balanced', 'clf__gamma': 0.001}"": 0.4474577828935619, ""{'clf__C': 100.0, 'clf__class_weight': 'balanced', 'clf__gamma': 0.01}"": 0.4461179989154891, ""{'clf__C': 100.0, 'clf__class_weight': 'balanced', 'clf__gamma': 0.1}"": 0.3994088175911956}, ""best_score"": 0.5416758992010866}"
