accuracy,balanced_accuracy,best_params,brier,confusion_matrix,dimension,f1_macro,f1_micro,f1_weighted,fn,fnr,fold,fp,fpr,kappa,log_loss,mcc,mode,model,npv,ppv,pr_auc,precision_macro,precision_micro,precision_weighted,recall_macro,recall_micro,recall_weighted,roc_auc,tn,tnr,tp,tpr,trial_accuracy,trial_f1_macro
0.46875,0.5083333333333333,"{""clf__C"": 10.0, ""clf__class_weight"": null, ""clf__gamma"": 0.00030000000000000003}",0.33627054800056533,"[[40, 20], [65, 35]]",valence,0.4682306940371457,0.46875,0.4640762463343108,65,0.65,,20,0.3333333333333333,0.01449275362318836,0.9457543343892578,0.016988239714587516,subject_dependent,rbf_svm,0.38095238095238093,0.6363636363636364,0.6492718679758107,0.5086580086580086,0.46875,0.5405844155844155,0.5083333333333333,0.46875,0.46875,0.5368333333333334,40,0.6666666666666666,35,0.35,0.375,0.36507936507936506
0.5,0.5,"{""clf__C"": 30.0, ""clf__class_weight"": ""balanced"", ""clf__gamma"": 0.00030000000000000003}",0.3347841025366762,"[[51, 29], [51, 29]]",valence,0.4903647077560121,0.5,0.49036470775601215,51,0.6375,,29,0.3625,0.0,0.9525028288484456,0.0,subject_dependent,rbf_svm,0.5,0.5,0.518601603664894,0.5,0.5,0.5,0.5,0.5,0.5,0.44468749999999996,51,0.6375,29,0.3625,0.5,0.5
0.6625,0.575,"{""clf__C"": 10.0, ""clf__class_weight"": ""balanced"", ""clf__gamma"": 0.0001}",0.1945993574508855,"[[90, 30], [24, 16]]",valence,0.5706618962432917,0.6625,0.6699463327370304,24,0.6,,30,0.25,0.1428571428571429,0.5726037645377247,0.14350946197048195,subject_dependent,rbf_svm,0.7894736842105263,0.34782608695652173,0.466520309389814,0.568649885583524,0.6625,0.6790617848970253,0.575,0.6625,0.6625,0.6495833333333334,90,0.75,16,0.4,0.75,0.6666666666666667
0.54375,0.5183333333333333,"{""clf__C"": 30.0, ""clf__class_weight"": ""balanced"", ""clf__gamma"": 0.0001}",0.268241341828989,"[[62, 38], [35, 25]]",valence,0.5179728447030663,0.54375,0.5458400396186703,35,0.5833333333333334,,38,0.38,0.0363036303630363,0.7492680605517428,0.03633213454280345,subject_dependent,rbf_svm,0.6391752577319587,0.3968253968253968,0.40452808782720495,0.5180003272786777,0.54375,0.548294059891998,0.5183333333333333,0.54375,0.54375,0.5715,62,0.62,25,0.4166666666666667,0.625,0.5636363636363637
0.4125,0.44666666666666666,"{""clf__C"": 30.0, ""clf__class_weight"": null, ""clf__gamma"": 0.00030000000000000003}",0.37746183972202074,"[[35, 25], [69, 31]]",valence,0.41213258286429016,0.4125,0.408458411507192,69,0.69,,25,0.4166666666666667,-0.09302325581395343,1.05774099346571,-0.10826639239215334,subject_dependent,rbf_svm,0.33653846153846156,0.5535714285714286,0.5579711845218197,0.4450549450549451,0.4125,0.472184065934066,0.44666666666666666,0.4125,0.4125,0.36541666666666667,35,0.5833333333333334,31,0.31,0.25,0.2
0.475,0.3142857142857143,"{""clf__C"": 3.3333333333333335, ""clf__class_weight"": ""balanced"", ""clf__gamma"": 0.0001}",0.32699630353760967,"[[74, 66], [18, 2]]",valence,0.34169278996865204,0.475,0.563871473354232,18,0.9,,66,0.4714285714285714,-0.18309859154929575,0.9223511885762017,-0.24848830496729013,subject_dependent,rbf_svm,0.8043478260869565,0.029411764705882353,0.08430534894500144,0.41687979539641945,0.475,0.7074808184143223,0.3142857142857143,0.475,0.475,0.26321428571428573,74,0.5285714285714286,2,0.1,0.5,0.3333333333333333
0.65625,0.65625,"{""clf__C"": 3.3333333333333335, ""clf__class_weight"": null, ""clf__gamma"": 0.0001}",0.21151057724023142,"[[39, 41], [14, 66]]",valence,0.6461742591773552,0.65625,0.6461742591773552,14,0.175,,41,0.5125,0.3125,0.6108199898527122,0.3319786733127199,subject_dependent,rbf_svm,0.7358490566037735,0.616822429906542,0.8192784355217779,0.6763357432551578,0.65625,0.6763357432551578,0.65625,0.65625,0.65625,0.7676562499999999,39,0.4875,66,0.825,0.625,0.6190476190476191
0.66875,0.7125,"{""clf__C"": 30.0, ""clf__class_weight"": null, ""clf__gamma"": 0.00030000000000000003}",0.2602472759948828,"[[75, 45], [8, 32]]",valence,0.6429624015830913,0.66875,0.6909393288703634,8,0.2,,45,0.375,0.32484076433121023,0.9512090494301072,0.3683198626217297,subject_dependent,rbf_svm,0.9036144578313253,0.4155844155844156,0.44571304156604696,0.6595994367078705,0.66875,0.7816069472695979,0.7125,0.66875,0.66875,0.7491666666666666,75,0.625,32,0.8,0.875,0.8545454545454545
0.66875,0.66875,"{""clf__C"": 30.0, ""clf__class_weight"": ""balanced"", ""clf__gamma"": 0.00030000000000000003}",0.21978708861611498,"[[54, 26], [27, 53]]",valence,0.6687370600414079,0.66875,0.6687370600414079,27,0.3375,,26,0.325,0.3375,0.638597537656121,0.33752637027780713,subject_dependent,rbf_svm,0.6666666666666666,0.6708860759493671,0.7511167217839007,0.6687763713080168,0.66875,0.6687763713080168,0.66875,0.66875,0.66875,0.72875,54,0.675,53,0.6625,0.625,0.6190476190476191
0.7,0.7,"{""clf__C"": 30.0, ""clf__class_weight"": ""balanced"", ""clf__gamma"": 0.0001}",0.1889020348498227,"[[52, 28], [20, 60]]",valence,0.6992481203007519,0.7,0.6992481203007519,20,0.25,,28,0.35,0.4,0.5532607301825155,0.40201512610368484,subject_dependent,rbf_svm,0.7222222222222222,0.6818181818181818,0.7990073027164648,0.702020202020202,0.7,0.702020202020202,0.7,0.7,0.7,0.7849999999999999,52,0.65,60,0.75,0.625,0.6190476190476191
0.65,0.5566666666666666,"{""clf__C"": 3.3333333333333335, ""clf__class_weight"": ""balanced"", ""clf__gamma"": 0.00030000000000000003}",0.2787461759007827,"[[93, 7], [49, 11]]",valence,0.525323161686798,0.65,0.586141131595677,49,0.8166666666666667,,7,0.07,0.13178294573643412,0.9220583294786925,0.17364123369350376,subject_dependent,rbf_svm,0.6549295774647887,0.6111111111111112,0.44104717848430147,0.63302034428795,0.65,0.6384976525821597,0.5566666666666666,0.65,0.65,0.5083333333333333,93,0.93,11,0.18333333333333332,0.625,0.38461538461538464
0.80625,0.7375,"{""clf__C"": 3.3333333333333335, ""clf__class_weight"": ""balanced"", ""clf__gamma"": 0.00030000000000000003}",0.16391791565057792,"[[105, 15], [16, 24]]",valence,0.739482115657335,0.80625,0.805425705131572,16,0.4,,15,0.125,0.4789915966386554,0.5089244403609126,0.47905926037633423,subject_dependent,rbf_svm,0.8677685950413223,0.6153846153846154,0.5193666197778173,0.7415766052129689,0.80625,0.8046726001271456,0.7375,0.80625,0.80625,0.7579166666666667,105,0.875,24,0.6,0.875,0.7948717948717949
0.58125,0.6216666666666667,"{""clf__C"": 3.3333333333333335, ""clf__class_weight"": ""balanced"", ""clf__gamma"": 0.0001}",0.2619659241593152,"[[47, 13], [54, 46]]",valence,0.5812336419391382,0.58125,0.5805793195046681,54,0.54,,13,0.21666666666666667,0.21407624633431088,0.7344081565682152,0.24416900749952622,subject_dependent,rbf_svm,0.46534653465346537,0.7796610169491526,0.790104956308602,0.622503775801309,0.58125,0.6617930860882698,0.6216666666666667,0.58125,0.58125,0.6810833333333333,47,0.7833333333333333,46,0.46,0.625,0.6190476190476191
0.4875,0.56,"{""clf__C"": 3.3333333333333335, ""clf__class_weight"": ""balanced"", ""clf__gamma"": 0.0001}",0.3041647434830743,"[[51, 9], [73, 27]]",valence,0.4757033248081841,0.4875,0.456042199488491,73,0.73,,9,0.15,0.09890109890109888,0.8308764006637821,0.13912166872805048,subject_dependent,rbf_svm,0.4112903225806452,0.75,0.7623742730966168,0.5806451612903226,0.4875,0.622983870967742,0.56,0.4875,0.4875,0.6935,51,0.85,27,0.27,0.375,0.2727272727272727
0.68125,0.665,"{""clf__C"": 30.0, ""clf__class_weight"": null, ""clf__gamma"": 0.0001}",0.2408148976010755,"[[73, 27], [24, 36]]",valence,0.663241302463786,0.68125,0.6827101646650984,24,0.4,,27,0.27,0.3267326732673267,0.7627326785746295,0.32698921088523103,subject_dependent,rbf_svm,0.7525773195876289,0.5714285714285714,0.6516978047559718,0.6620029455081001,0.68125,0.6846465390279823,0.665,0.68125,0.68125,0.6523333333333333,73,0.73,36,0.6,0.875,0.8545454545454545
0.5625,0.6000000000000001,"{""clf__C"": 3.3333333333333335, ""clf__class_weight"": ""balanced"", ""clf__gamma"": 0.00030000000000000003}",0.27659084426213504,"[[27, 13], [57, 63]]",valence,0.5391705069124424,0.5625,0.5910138248847927,57,0.475,,13,0.325,0.14634146341463417,0.7510496054147178,0.173421993904824,subject_dependent,rbf_svm,0.32142857142857145,0.8289473684210527,0.8640355938327785,0.575187969924812,0.5625,0.7020676691729324,0.6000000000000001,0.5625,0.5625,0.63,27,0.675,63,0.525,0.75,0.7333333333333334
0.59375,0.5783333333333334,"{""clf__C"": 10.0, ""clf__class_weight"": ""balanced"", ""clf__gamma"": 0.0001}",0.2520835460566909,"[[31, 29], [36, 64]]",valence,0.5757007058055568,0.59375,0.5975786381624577,36,0.36,,29,0.48333333333333334,0.15309446254071657,0.6976953069720243,0.15373521260294484,subject_dependent,rbf_svm,0.4626865671641791,0.6881720430107527,0.6953254193067104,0.5754293050874659,0.59375,0.6036149895682876,0.5783333333333334,0.59375,0.59375,0.56725,31,0.5166666666666667,64,0.64,0.625,0.6190476190476191
0.5375,0.4666666666666667,"{""clf__C"": 30.0, ""clf__class_weight"": null, ""clf__gamma"": 0.0001}",0.2885568743119803,"[[75, 25], [49, 11]]",valence,0.44940476190476186,0.5375,0.5044642857142857,49,0.8166666666666667,,25,0.25,-0.07246376811594213,0.8040132333619351,-0.07728981596002804,subject_dependent,rbf_svm,0.6048387096774194,0.3055555555555556,0.33511077331767014,0.4551971326164875,0.5375,0.4926075268817204,0.4666666666666667,0.5375,0.5375,0.43916666666666665,75,0.75,11,0.18333333333333332,0.625,0.38461538461538464
0.525,0.5833333333333333,"{""clf__C"": 10.0, ""clf__class_weight"": ""balanced"", ""clf__gamma"": 0.0001}",0.2624641878452236,"[[56, 64], [12, 28]]",valence,0.5099935525467441,0.525,0.5528691166989039,12,0.3,,64,0.5333333333333333,0.11627906976744184,0.7214081914906971,0.14598929061844595,subject_dependent,rbf_svm,0.8235294117647058,0.30434782608695654,0.29983081137491946,0.5639386189258312,0.525,0.6937340153452685,0.5833333333333333,0.525,0.525,0.5996875,56,0.4666666666666667,28,0.7,0.625,0.6190476190476191
0.50625,0.50625,"{""clf__C"": 30.0, ""clf__class_weight"": ""balanced"", ""clf__gamma"": 0.00030000000000000003}",0.2734440071860397,"[[46, 34], [45, 35]]",valence,0.5039051768122768,0.50625,0.5039051768122768,45,0.5625,,34,0.425,0.012499999999999956,0.7510809906762976,0.01261986643456444,subject_dependent,rbf_svm,0.5054945054945055,0.5072463768115942,0.5565873874678113,0.5063704411530499,0.50625,0.5063704411530499,0.50625,0.50625,0.50625,0.5360156250000001,46,0.575,35,0.4375,0.5,0.5
0.475,0.475,"{""clf__C"": 10.0, ""clf__class_weight"": ""balanced"", ""clf__gamma"": 0.0001}",0.335067916707539,"[[41, 39], [45, 35]]",valence,0.47426067907995617,0.475,0.4742606790799561,45,0.5625,,39,0.4875,-0.050000000000000044,0.925817632576415,-0.05014122105639002,subject_dependent,rbf_svm,0.47674418604651164,0.47297297297297297,0.43274045920894255,0.4748585795097423,0.475,0.4748585795097423,0.475,0.475,0.475,0.44249999999999995,41,0.5125,35,0.4375,0.5,0.5
0.46875,0.5291666666666667,"{""clf__C"": 3.3333333333333335, ""clf__class_weight"": ""balanced"", ""clf__gamma"": 0.00030000000000000003}",0.2925326819016617,"[[26, 14], [71, 49]]",valence,0.4575405847393403,0.46875,0.4965298552112003,71,0.5916666666666667,,14,0.35,0.039548022598870025,0.795321219744896,0.05169889620342157,subject_dependent,rbf_svm,0.26804123711340205,0.7777777777777778,0.8241049318820237,0.52290950744559,0.46875,0.6503436426116839,0.5291666666666667,0.46875,0.46875,0.5748958333333334,26,0.65,49,0.4083333333333333,0.5,0.5
0.56875,0.5416666666666667,"{""clf__C"": 3.3333333333333335, ""clf__class_weight"": ""balanced"", ""clf__gamma"": 0.0001}",0.27535326520847014,"[[65, 35], [34, 26]]",valence,0.541509198886997,0.56875,0.5694484820798207,34,0.5666666666666667,,35,0.35,0.0830564784053156,0.7504052617636681,0.083063813201246,subject_dependent,rbf_svm,0.6565656565656566,0.4262295081967213,0.4184625949341067,0.541397582381189,0.56875,0.5701896009273059,0.5416666666666667,0.56875,0.56875,0.555,65,0.65,26,0.43333333333333335,0.625,0.5636363636363637
0.50625,0.50625,"{""clf__C"": 3.3333333333333335, ""clf__class_weight"": ""balanced"", ""clf__gamma"": 0.0001}",0.24387202572989372,"[[69, 11], [68, 12]]",valence,0.4344772045993468,0.50625,0.43447720459934674,68,0.85,,11,0.1375,0.012499999999999956,0.6801107213694936,0.017814588639398526,subject_dependent,rbf_svm,0.5036496350364964,0.5217391304347826,0.5542780163873434,0.5126943827356395,0.50625,0.5126943827356396,0.50625,0.50625,0.50625,0.5795312499999999,69,0.8625,12,0.15,0.5,0.3333333333333333
0.41875,0.435,"{""clf__C"": 30.0, ""clf__class_weight"": ""balanced"", ""clf__gamma"": 0.00030000000000000003}",0.3270070681386755,"[[30, 30], [63, 37]]",valence,0.4176353176000939,0.41875,0.42400493131384287,63,0.63,,30,0.5,-0.11711711711711703,0.8813327455810744,-0.12756751684074147,subject_dependent,rbf_svm,0.3225806451612903,0.5522388059701493,0.5695392752316986,0.4374097255657198,0.41875,0.4661169956668272,0.435,0.41875,0.41875,0.3833333333333333,30,0.5,37,0.37,0.375,0.36507936507936506
0.35625,0.345,"{""clf__C"": 10.0, ""clf__class_weight"": ""balanced"", ""clf__gamma"": 0.00030000000000000003}",0.5039334224195151,"[[18, 42], [61, 39]]",valence,0.3449660161373663,0.35625,0.366459318732859,61,0.61,,42,0.7,-0.2915360501567399,1.602581928916316,-0.30017966178329886,subject_dependent,rbf_svm,0.22784810126582278,0.48148148148148145,0.5893763410097432,0.35466479137365214,0.35625,0.3863689639006095,0.345,0.35625,0.35625,0.30900000000000005,18,0.3,39,0.39,0.25,0.2
0.54375,0.5083333333333333,"{""clf__C"": 10.0, ""clf__class_weight"": ""balanced"", ""clf__gamma"": 0.00030000000000000003}",0.253251646493785,"[[22, 38], [35, 65]]",valence,0.5082312323691633,0.54375,0.5412719464443603,35,0.35,,38,0.6333333333333333,0.01683501683501687,0.707165750620335,0.016848775151204264,subject_dependent,rbf_svm,0.38596491228070173,0.6310679611650486,0.6545233988033499,0.5085164367228752,0.54375,0.5391543178334185,0.5083333333333333,0.54375,0.54375,0.5268333333333334,22,0.36666666666666664,65,0.65,0.5,0.4666666666666667
0.38125,0.38125,"{""clf__C"": 30.0, ""clf__class_weight"": ""balanced"", ""clf__gamma"": 0.00030000000000000003}",0.4401957010290851,"[[33, 47], [52, 28]]",valence,0.38064516129032255,0.38125,0.3806451612903226,52,0.65,,47,0.5875,-0.23750000000000004,1.3199881595816276,-0.23796523061235683,subject_dependent,rbf_svm,0.38823529411764707,0.37333333333333335,0.41107806504346645,0.3807843137254902,0.38125,0.38078431372549015,0.38125,0.38125,0.38125,0.31656249999999997,33,0.4125,28,0.35,0.25,0.25
0.4625,0.43666666666666665,"{""clf__C"": 30.0, ""clf__class_weight"": ""balanced"", ""clf__gamma"": 0.0001}",0.3084809962830302,"[[20, 40], [46, 54]]",valence,0.43708067419407626,0.4625,0.46698576337751596,46,0.46,,40,0.6666666666666666,-0.12418300653594772,0.8457524747676185,-0.12456673246103782,subject_dependent,rbf_svm,0.30303030303030304,0.574468085106383,0.6025809770409363,0.438749194068343,0.4625,0.47267891682785307,0.43666666666666665,0.4625,0.4625,0.41400000000000003,20,0.3333333333333333,54,0.54,0.625,0.5636363636363637
0.59375,0.6125,"{""clf__C"": 30.0, ""clf__class_weight"": ""balanced"", ""clf__gamma"": 0.00030000000000000003}",0.22357909963678235,"[[26, 14], [51, 69]]",valence,0.5621237000547346,0.59375,0.6209633278598796,51,0.425,,14,0.35,0.1719745222929936,0.6351320303335855,0.19499286844679808,subject_dependent,rbf_svm,0.33766233766233766,0.8313253012048193,0.8546839002707777,0.5844938194335785,0.59375,0.7079095603191989,0.6125,0.59375,0.59375,0.6679166666666666,26,0.65,69,0.575,0.875,0.8545454545454545
0.6875,0.5333333333333333,"{""clf__C"": 3.3333333333333335, ""clf__class_weight"": ""balanced"", ""clf__gamma"": 0.0001}",0.20317688005467666,"[[9, 31], [19, 101]]",valence,0.5331465919701214,0.6875,0.6673669467787116,19,0.15833333333333333,,31,0.775,0.07407407407407407,0.5949418609198883,0.07597371763975863,subject_dependent,rbf_svm,0.32142857142857145,0.7651515151515151,0.7944261010982476,0.5432900432900433,0.6875,0.6542207792207793,0.5333333333333333,0.6875,0.6875,0.5860416666666666,9,0.225,101,0.8416666666666667,0.625,0.38461538461538464
0.45625,0.5041666666666667,"{""clf__C"": 30.0, ""clf__class_weight"": ""balanced"", ""clf__gamma"": 0.00030000000000000003}",0.2731902248719521,"[[24, 16], [71, 49]]",valence,0.44264264264264264,0.45625,0.4861861861861862,71,0.5916666666666667,,16,0.4,0.005714285714285672,0.7600694282080932,0.00734718358370645,subject_dependent,rbf_svm,0.25263157894736843,0.7538461538461538,0.739041238822244,0.5032388663967611,0.45625,0.6285425101214575,0.5041666666666667,0.45625,0.45625,0.5304166666666668,24,0.6,49,0.4083333333333333,0.375,0.36507936507936506
0.625,0.625,"{""clf__C"": 10.0, ""clf__class_weight"": ""balanced"", ""clf__gamma"": 0.00030000000000000003}",0.24192148677300945,"[[49, 31], [29, 51]]",valence,0.6249413970932958,0.625,0.6249413970932958,29,0.3625,,31,0.3875,0.25,0.6889714411038618,0.25007816164017765,subject_dependent,rbf_svm,0.6282051282051282,0.6219512195121951,0.6225021183206279,0.6250781738586617,0.625,0.6250781738586617,0.625,0.625,0.625,0.6709375,49,0.6125,51,0.6375,0.625,0.6190476190476191
0.66875,0.5541666666666667,"{""clf__C"": 10.0, ""clf__class_weight"": ""balanced"", ""clf__gamma"": 0.0001}",0.21860747612226214,"[[13, 27], [26, 94]]",valence,0.55459845580125,0.66875,0.6673407216765586,26,0.21666666666666667,,27,0.675,0.10924369747899154,0.6289585902665332,0.10925912955951482,subject_dependent,rbf_svm,0.3333333333333333,0.7768595041322314,0.7647258372846152,0.5550964187327824,0.66875,0.6659779614325069,0.5541666666666667,0.66875,0.66875,0.5374999999999999,13,0.325,94,0.7833333333333333,0.75,0.6666666666666667
0.7125,0.6733333333333333,"{""clf__C"": 3.3333333333333335, ""clf__class_weight"": ""balanced"", ""clf__gamma"": 0.0001}",0.2126696961632326,"[[31, 29], [17, 83]]",valence,0.6785464709993012,0.7125,0.704664570230608,17,0.17,,29,0.48333333333333334,0.36111111111111116,0.6153068498099217,0.3662335103823572,subject_dependent,rbf_svm,0.6458333333333334,0.7410714285714286,0.7583725257938397,0.6934523809523809,0.7125,0.7053571428571429,0.6733333333333333,0.7125,0.7125,0.6739999999999999,31,0.5166666666666667,83,0.83,0.75,0.7333333333333334
0.63125,0.5964285714285715,"{""clf__C"": 30.0, ""clf__class_weight"": null, ""clf__gamma"": 0.00030000000000000003}",0.25387314654074783,"[[90, 50], [9, 11]]",valence,0.5123715067927062,0.63125,0.6929464331835322,9,0.45,,50,0.35714285714285715,0.1026615969581749,0.718789709923428,0.13132040980721646,subject_dependent,rbf_svm,0.9090909090909091,0.18032786885245902,0.1731409221919934,0.5447093889716841,0.63125,0.8179955290611028,0.5964285714285715,0.63125,0.63125,0.6146428571428572,90,0.6428571428571429,11,0.55,0.75,0.6666666666666667
0.51875,0.51875,"{""clf__C"": 30.0, ""clf__class_weight"": null, ""clf__gamma"": 0.00030000000000000003}",0.3269442502541025,"[[67, 13], [64, 16]]",valence,0.46432453584938477,0.51875,0.4643245358493848,64,0.8,,13,0.1625,0.03749999999999998,0.9252330293217487,0.04867283108050006,subject_dependent,rbf_svm,0.5114503816793893,0.5517241379310345,0.5490703013754269,0.5315872598052118,0.51875,0.5315872598052118,0.51875,0.51875,0.51875,0.5215624999999999,67,0.8375,16,0.2,0.5,0.3333333333333333
0.3875,0.5,"{""clf__C"": 3.3333333333333335, ""clf__class_weight"": ""balanced"", ""clf__gamma"": 0.0001}",0.27480546103846026,"[[33, 87], [11, 29]]",valence,0.38711694809255787,0.3875,0.3947779862414009,11,0.275,,87,0.725,0.0,0.7490274123401001,0.0,subject_dependent,rbf_svm,0.75,0.25,0.2431865208501472,0.5,0.3875,0.625,0.5,0.3875,0.3875,0.4891666666666667,33,0.275,29,0.725,0.25,0.25
0.41875,0.41874999999999996,"{""clf__C"": 30.0, ""clf__class_weight"": ""balanced"", ""clf__gamma"": 0.00030000000000000003}",0.35826443878602793,"[[39, 41], [52, 28]]",valence,0.4159896385258448,0.41875,0.4159896385258448,52,0.65,,41,0.5125,-0.1625000000000001,1.0010825009404727,-0.16405826364933773,subject_dependent,rbf_svm,0.42857142857142855,0.4057971014492754,0.48450150866752256,0.417184265010352,0.41875,0.41718426501035194,0.41874999999999996,0.41875,0.41875,0.45195312499999996,39,0.4875,28,0.35,0.375,0.36507936507936506
0.4875,0.45666666666666667,"{""clf__C"": 30.0, ""clf__class_weight"": ""balanced"", ""clf__gamma"": 0.00030000000000000003}",0.2830569478691756,"[[58, 42], [40, 20]]",valence,0.4568637191588011,0.4875,0.4891124358337473,40,0.6666666666666666,,42,0.42,-0.08609271523178808,0.8080525801044066,-0.08612293778403125,subject_dependent,rbf_svm,0.5918367346938775,0.3225806451612903,0.36683140402843434,0.4572086899275839,0.4875,0.4908657011191574,0.45666666666666667,0.4875,0.4875,0.4565,58,0.58,20,0.3333333333333333,0.5,0.3333333333333333
0.575,0.575,"{""clf__C"": 10.0, ""clf__class_weight"": ""balanced"", ""clf__gamma"": 0.00030000000000000003}",0.29962150058859083,"[[43, 37], [31, 49]]",valence,0.5744015021123454,0.575,0.5744015021123455,31,0.3875,,37,0.4625,0.15000000000000002,0.8817294260754709,0.15042366316917005,subject_dependent,rbf_svm,0.581081081081081,0.5697674418604651,0.6861258366127494,0.5754242614707731,0.575,0.5754242614707732,0.575,0.575,0.575,0.63296875,43,0.5375,49,0.6125,0.5,0.5
0.6125,0.6499999999999999,"{""clf__C"": 3.3333333333333335, ""clf__class_weight"": ""balanced"", ""clf__gamma"": 0.0001}",0.20833933807758953,"[[29, 11], [51, 69]]",valence,0.5866666666666667,0.6125,0.6383333333333333,51,0.425,,11,0.275,0.22499999999999998,0.5918669460106256,0.2598076211353316,subject_dependent,rbf_svm,0.3625,0.8625,0.8960996243105748,0.6125,0.6125,0.7375,0.6499999999999999,0.6125,0.6125,0.7108333333333333,29,0.725,69,0.575,0.75,0.7333333333333334
0.63125,0.7016666666666667,"{""clf__C"": 3.3333333333333335, ""clf__class_weight"": ""balanced"", ""clf__gamma"": 0.0001}",0.18392899530807638,"[[59, 1], [58, 42]]",valence,0.627039627039627,0.63125,0.6171328671328672,58,0.58,,1,0.016666666666666666,0.3389355742296919,0.5379396426351692,0.44046619442253804,subject_dependent,rbf_svm,0.5042735042735043,0.9767441860465116,0.8917665205407405,0.7405088451600079,0.63125,0.7995676803816337,0.7016666666666667,0.63125,0.63125,0.81075,59,0.9833333333333333,42,0.42,0.625,0.6190476190476191
0.59375,0.5783333333333334,"{""clf__C"": 3.3333333333333335, ""clf__class_weight"": null, ""clf__gamma"": 0.0001}",0.26724470117532284,"[[31, 29], [36, 64]]",valence,0.5757007058055568,0.59375,0.5975786381624577,36,0.36,,29,0.48333333333333334,0.15309446254071657,0.7548210665719626,0.15373521260294484,subject_dependent,rbf_svm,0.4626865671641791,0.6881720430107527,0.7902405154585141,0.5754293050874659,0.59375,0.6036149895682876,0.5783333333333334,0.59375,0.59375,0.618,31,0.5166666666666667,64,0.64,0.625,0.6190476190476191
0.68125,0.7316666666666667,"{""clf__C"": 10.0, ""clf__class_weight"": ""balanced"", ""clf__gamma"": 0.0001}",0.18065001717229395,"[[56, 4], [47, 53]]",valence,0.6811379000429838,0.68125,0.6796432339494354,47,0.47,,4,0.06666666666666667,0.40524781341107874,0.5409337391735888,0.46839594920347855,subject_dependent,rbf_svm,0.5436893203883495,0.9298245614035088,0.903985853327691,0.7367569408959291,0.68125,0.785023846022824,0.7316666666666667,0.68125,0.68125,0.8361666666666667,56,0.9333333333333333,53,0.53,0.75,0.75
0.975,0.9766666666666666,"{""clf__C"": 3.3333333333333335, ""clf__class_weight"": ""balanced"", ""clf__gamma"": 0.00030000000000000003}",0.061667573315652605,"[[59, 1], [3, 97]]",valence,0.973505547276039,0.975,0.9750786554065243,3,0.03,,1,0.016666666666666666,0.9470198675496688,0.264023341414097,0.9473523156243439,subject_dependent,rbf_svm,0.9516129032258065,0.9897959183673469,0.9996999799979998,0.9707044107965768,0.975,0.9754772876892692,0.9766666666666666,0.975,0.975,0.9994999999999999,59,0.9833333333333333,97,0.97,1.0,1.0
0.89375,0.9116666666666666,"{""clf__C"": 3.3333333333333335, ""clf__class_weight"": ""balanced"", ""clf__gamma"": 0.00030000000000000003}",0.11275465441979016,"[[84, 16], [1, 59]]",valence,0.8910910910910912,0.89375,0.8953453453453454,1,0.016666666666666666,,16,0.16,0.7841269841269841,0.37496422822917685,0.79875065845299,subject_dependent,rbf_svm,0.9882352941176471,0.7866666666666666,0.9512330078751766,0.8874509803921569,0.89375,0.9126470588235295,0.9116666666666666,0.89375,0.89375,0.9723333333333333,84,0.84,59,0.9833333333333333,1.0,1.0
0.7875,0.7733333333333333,"{""clf__C"": 10.0, ""clf__class_weight"": ""balanced"", ""clf__gamma"": 0.0001}",0.164813247806679,"[[83, 17], [17, 43]]",valence,0.7733333333333333,0.7875,0.7875,17,0.2833333333333333,,17,0.17,0.5466666666666666,0.5119536758389562,0.5466666666666666,subject_dependent,rbf_svm,0.83,0.7166666666666667,0.6772907541443454,0.7733333333333333,0.7875,0.7875,0.7733333333333333,0.7875,0.7875,0.8413333333333334,83,0.83,43,0.7166666666666667,0.875,0.873015873015873
0.73125,0.73125,"{""clf__C"": 3.3333333333333335, ""clf__class_weight"": null, ""clf__gamma"": 0.0001}",0.1844759984142725,"[[77, 3], [40, 40]]",valence,0.7160661961949568,0.73125,0.7160661961949568,40,0.5,,3,0.0375,0.4625,0.5600802961727946,0.5216444191399701,subject_dependent,rbf_svm,0.6581196581196581,0.9302325581395349,0.8559026526514176,0.7941761081295965,0.73125,0.7941761081295965,0.73125,0.73125,0.73125,0.805625,77,0.9625,40,0.5,0.75,0.7333333333333334
0.825,0.825,"{""clf__C"": 3.3333333333333335, ""clf__class_weight"": ""balanced"", ""clf__gamma"": 0.00030000000000000003}",0.17258034032988784,"[[73, 7], [21, 59]]",valence,0.8236498189261534,0.825,0.8236498189261532,21,0.2625,,7,0.0875,0.65,0.5787318411343129,0.6601877309547333,subject_dependent,rbf_svm,0.776595744680851,0.8939393939393939,0.837624401038048,0.8352675693101225,0.825,0.8352675693101226,0.825,0.825,0.825,0.75578125,73,0.9125,59,0.7375,0.875,0.873015873015873
0.6,0.6,"{""clf__C"": 10.0, ""clf__class_weight"": ""balanced"", ""clf__gamma"": 0.0001}",0.2532017533529169,"[[65, 15], [49, 31]]",valence,0.5810832924234985,0.6,0.5810832924234985,49,0.6125,,15,0.1875,0.19999999999999996,0.712628683719835,0.220947270666443,subject_dependent,rbf_svm,0.5701754385964912,0.6739130434782609,0.6052226704465957,0.6220442410373761,0.6,0.622044241037376,0.6,0.6,0.6,0.61125,65,0.8125,31,0.3875,0.625,0.5636363636363637
0.45,0.45,"{""clf__C"": 30.0, ""clf__class_weight"": ""balanced"", ""clf__gamma"": 0.00030000000000000003}",0.31949927896799235,"[[27, 53], [35, 45]]",valence,0.4429498338344675,0.45,0.44294983383446745,35,0.4375,,53,0.6625,-0.10000000000000009,0.8761567217355907,-0.10263160115815709,subject_dependent,rbf_svm,0.43548387096774194,0.45918367346938777,0.45856892638335023,0.44733377221856485,0.45,0.4473337722185649,0.45,0.45,0.45,0.43859374999999995,27,0.3375,45,0.5625,0.5,0.4666666666666667
0.5625,0.55,"{""clf__C"": 30.0, ""clf__class_weight"": ""balanced"", ""clf__gamma"": 0.0001}",0.24118972448781256,"[[30, 30], [40, 60]]",valence,0.5465587044534412,0.5625,0.5678137651821862,40,0.4,,30,0.5,0.09677419354838712,0.6774689172313771,0.09759000729485331,subject_dependent,rbf_svm,0.42857142857142855,0.6666666666666666,0.7595757266922886,0.5476190476190476,0.5625,0.5773809523809523,0.55,0.5625,0.5625,0.6146666666666666,30,0.5,60,0.6,0.625,0.6190476190476191
0.6625,0.6766666666666666,"{""clf__C"": 30.0, ""clf__class_weight"": ""balanced"", ""clf__gamma"": 0.00030000000000000003}",0.2377903806335163,"[[62, 38], [16, 44]]",valence,0.6581737616711505,0.6625,0.6677876246241494,16,0.26666666666666666,,38,0.38,0.3291925465838509,0.6736814122986539,0.34222048953317635,subject_dependent,rbf_svm,0.7948717948717948,0.5365853658536586,0.5822557322472853,0.6657285803627266,0.6625,0.6980143839899938,0.6766666666666666,0.6625,0.6625,0.7104166666666668,62,0.62,44,0.7333333333333333,0.875,0.873015873015873
0.43125,0.42833333333333334,"{""clf__C"": 3.3333333333333335, ""clf__class_weight"": null, ""clf__gamma"": 0.00030000000000000003}",0.3393070655943212,"[[25, 35], [56, 44]]",valence,0.4231150204049289,0.43125,0.4402412932366575,56,0.56,,35,0.5833333333333334,-0.1339563862928348,0.9487759355416842,-0.1387927468460414,subject_dependent,rbf_svm,0.30864197530864196,0.5569620253164557,0.6543498078283521,0.4328020003125488,0.43125,0.46384200656352553,0.42833333333333334,0.43125,0.43125,0.43025,25,0.4166666666666667,44,0.44,0.375,0.36507936507936506
0.1875,0.4714285714285714,"{""clf__C"": 3.3333333333333335, ""clf__class_weight"": ""balanced"", ""clf__gamma"": 0.00030000000000000003}",0.2892207631249818,"[[17, 3], [127, 13]]",valence,0.18699186991869918,0.1875,0.17174796747967477,127,0.9071428571428571,,3,0.15,-0.015625,0.7805546723007766,-0.06299407883487121,subject_dependent,rbf_svm,0.11805555555555555,0.8125,0.8729540711033684,0.4652777777777778,0.1875,0.7256944444444444,0.4714285714285714,0.1875,0.1875,0.5564285714285714,17,0.85,13,0.09285714285714286,0.125,0.1111111111111111
0.50625,0.5116666666666667,"{""clf__C"": 3.3333333333333335, ""clf__class_weight"": ""balanced"", ""clf__gamma"": 0.0001}",0.25670848643692457,"[[32, 28], [51, 49]]",valence,0.5006123819683141,0.50625,0.5138773655722808,51,0.51,,28,0.4666666666666667,0.021671826625387025,0.7048681607699674,0.022608304909800005,subject_dependent,rbf_svm,0.3855421686746988,0.6363636363636364,0.699056105032733,0.5109529025191676,0.50625,0.5423055859802848,0.5116666666666667,0.50625,0.50625,0.4866666666666667,32,0.5333333333333333,49,0.49,0.625,0.6190476190476191
0.45,0.6857142857142857,"{""clf__C"": 30.0, ""clf__class_weight"": null, ""clf__gamma"": 0.00030000000000000003}",0.34729024182108387,"[[52, 88], [0, 20]]",valence,0.4270833333333333,0.45,0.5130208333333333,0,0.0,,88,0.6285714285714286,0.12871287128712872,0.9522325367144141,0.26226526415648105,subject_dependent,rbf_svm,1.0,0.18518518518518517,0.1859489278704598,0.5925925925925926,0.45,0.8981481481481481,0.6857142857142857,0.45,0.45,0.6932142857142857,52,0.37142857142857144,20,1.0,0.5,0.4666666666666667
0.54375,0.5083333333333333,"{""clf__C"": 30.0, ""clf__class_weight"": ""balanced"", ""clf__gamma"": 0.00030000000000000003}",0.28605652552727784,"[[65, 35], [38, 22]]",valence,0.5082312323691633,0.54375,0.5412719464443603,38,0.6333333333333333,,35,0.35,0.01683501683501687,0.7908209717653746,0.016848775151204264,subject_dependent,rbf_svm,0.6310679611650486,0.38596491228070173,0.45079789307967416,0.5085164367228752,0.54375,0.5391543178334185,0.5083333333333333,0.54375,0.54375,0.5466666666666666,65,0.65,22,0.36666666666666664,0.625,0.5636363636363637
0.5875,0.5766666666666667,"{""clf__C"": 3.3333333333333335, ""clf__class_weight"": ""balanced"", ""clf__gamma"": 0.00030000000000000003}",0.26273443131998314,"[[62, 38], [28, 32]]",valence,0.5724696356275304,0.5875,0.5925101214574899,28,0.4666666666666667,,38,0.38,0.1483870967741936,0.7324181714886168,0.14963801118544176,subject_dependent,rbf_svm,0.6888888888888889,0.45714285714285713,0.40846569485478573,0.573015873015873,0.5875,0.601984126984127,0.5766666666666667,0.5875,0.5875,0.5478333333333334,62,0.62,32,0.5333333333333333,0.625,0.6190476190476191
0.55625,0.5562499999999999,"{""clf__C"": 30.0, ""clf__class_weight"": ""balanced"", ""clf__gamma"": 0.00030000000000000003}",0.255205776339957,"[[46, 34], [37, 43]]",valence,0.5560939392755265,0.55625,0.5560939392755265,37,0.4625,,34,0.425,0.11250000000000004,0.7210117318509682,0.11257918508781617,subject_dependent,rbf_svm,0.5542168674698795,0.5584415584415584,0.6249027827070954,0.5563292129557189,0.55625,0.5563292129557189,0.5562499999999999,0.55625,0.55625,0.6140625,46,0.575,43,0.5375,0.5,0.5
0.64375,0.64375,"{""clf__C"": 30.0, ""clf__class_weight"": ""balanced"", ""clf__gamma"": 0.00030000000000000003}",0.23884280122830606,"[[49, 31], [26, 54]]",valence,0.6434017595307917,0.64375,0.6434017595307917,26,0.325,,31,0.3875,0.2875,0.6786514326187273,0.2880631738991688,subject_dependent,rbf_svm,0.6533333333333333,0.6352941176470588,0.667647316460055,0.644313725490196,0.64375,0.644313725490196,0.64375,0.64375,0.64375,0.6578125,49,0.6125,54,0.675,0.75,0.75
0.4875,0.48333333333333334,"{""clf__C"": 30.0, ""clf__class_weight"": ""balanced"", ""clf__gamma"": 0.00030000000000000003}",0.3122837951618799,"[[28, 32], [50, 50]]",valence,0.47762382544991244,0.4875,0.49558050645007173,50,0.5,,32,0.5333333333333333,-0.03144654088050314,0.8573368493563759,-0.032284951842752485,subject_dependent,rbf_svm,0.358974358974359,0.6097560975609756,0.5968470257592924,0.48436522826766726,0.4875,0.5157129455909943,0.48333333333333334,0.4875,0.4875,0.481,28,0.4666666666666667,50,0.5,0.5,0.5
0.63125,0.6183333333333334,"{""clf__C"": 30.0, ""clf__class_weight"": ""balanced"", ""clf__gamma"": 0.0001}",0.23559517384003303,"[[67, 33], [26, 34]]",valence,0.6148667945004285,0.63125,0.6347252254090001,26,0.43333333333333335,,33,0.33,0.23127035830618892,0.6683075755177206,0.23223829988955497,subject_dependent,rbf_svm,0.7204301075268817,0.5074626865671642,0.4926575043011369,0.6139463970470229,0.63125,0.6405673246669876,0.6183333333333334,0.63125,0.63125,0.6361666666666667,67,0.67,34,0.5666666666666667,0.75,0.7333333333333334
0.69375,0.695,"{""clf__C"": 30.0, ""clf__class_weight"": ""balanced"", ""clf__gamma"": 0.0001}",0.20665720988627978,"[[69, 31], [18, 42]]",valence,0.6847734309034619,0.69375,0.6980720517872221,18,0.3,,31,0.31,0.3738019169329073,0.6007593672203418,0.3790697910298601,subject_dependent,rbf_svm,0.7931034482758621,0.5753424657534246,0.635526377441925,0.6842229570146434,0.69375,0.711443079829948,0.695,0.69375,0.69375,0.7368333333333333,69,0.69,42,0.7,0.875,0.8545454545454545
0.55625,0.6958333333333333,"{""clf__C"": 30.0, ""clf__class_weight"": null, ""clf__gamma"": 0.0001}",0.25057240859784125,"[[50, 70], [1, 39]]",valence,0.5541426272616665,0.55625,0.5694689744495467,1,0.025,,70,0.5833333333333334,0.24867724867724872,0.6966054250556594,0.36394762826100074,subject_dependent,rbf_svm,0.9803921568627451,0.3577981651376147,0.8772525110331943,0.6690951610001798,0.55625,0.8247436589314624,0.6958333333333333,0.55625,0.55625,0.9504166666666667,50,0.4166666666666667,39,0.975,0.375,0.36507936507936506
0.8125,0.8125,"{""clf__C"": 10.0, ""clf__class_weight"": null, ""clf__gamma"": 0.00030000000000000003}",0.14705101269905027,"[[73, 7], [23, 57]]",valence,0.8106060606060606,0.8125,0.8106060606060606,23,0.2875,,7,0.0875,0.625,0.4501969928906041,0.637887953849786,subject_dependent,rbf_svm,0.7604166666666666,0.890625,0.895499055784764,0.8255208333333333,0.8125,0.8255208333333333,0.8125,0.8125,0.8125,0.8653125,73,0.9125,57,0.7125,1.0,1.0
0.75625,0.7483333333333333,"{""clf__C"": 10.0, ""clf__class_weight"": ""balanced"", ""clf__gamma"": 0.00030000000000000003}",0.1680367112597558,"[[43, 17], [22, 78]]",valence,0.744,0.75625,0.758,22,0.22,,17,0.2833333333333333,0.48852459016393446,0.5352300863264261,0.4895782977028766,subject_dependent,rbf_svm,0.6615384615384615,0.8210526315789474,0.8378772219781694,0.7412955465587044,0.75625,0.7612348178137652,0.7483333333333333,0.75625,0.75625,0.8009166666666666,43,0.7166666666666667,78,0.78,0.875,0.8545454545454545
0.725,0.6166666666666667,"{""clf__C"": 30.0, ""clf__class_weight"": ""balanced"", ""clf__gamma"": 0.00030000000000000003}",0.20128274608226385,"[[100, 20], [24, 16]]",valence,0.6203623813632442,0.725,0.7200172562553926,24,0.6,,20,0.16666666666666666,0.24137931034482762,0.5788005751844815,0.24195539543709924,subject_dependent,rbf_svm,0.8064516129032258,0.4444444444444444,0.5250624261780396,0.6254480286738351,0.725,0.7159498207885304,0.6166666666666667,0.725,0.725,0.6933333333333334,100,0.8333333333333334,16,0.4,0.875,0.7948717948717949
0.9,0.87,"{""clf__C"": 10.0, ""clf__class_weight"": ""balanced"", ""clf__gamma"": 0.00030000000000000003}",0.12367032883228268,"[[99, 1], [15, 45]]",valence,0.887145124316699,0.9,0.8966672544524774,15,0.25,,1,0.01,0.7762237762237763,0.4036521051945109,0.7915457172050324,subject_dependent,rbf_svm,0.868421052631579,0.9782608695652174,0.9242084350210659,0.9233409610983982,0.9,0.9096109839816935,0.87,0.9,0.9,0.929,99,0.99,45,0.75,0.875,0.8545454545454545
0.58125,0.635,"{""clf__C"": 30.0, ""clf__class_weight"": ""balanced"", ""clf__gamma"": 0.00030000000000000003}",0.2940601597955391,"[[42, 58], [9, 51]]",valence,0.5799208432932325,0.58125,0.5740134801520436,9,0.15,,58,0.58,0.2320916905444126,0.9040831129970558,0.28050528766108557,subject_dependent,rbf_svm,0.8235294117647058,0.46788990825688076,0.481708681553028,0.6457096600107933,0.58125,0.6901645979492714,0.635,0.58125,0.58125,0.6663333333333333,42,0.42,51,0.85,0.625,0.6190476190476191
0.775,0.7666666666666666,"{""clf__C"": 30.0, ""clf__class_weight"": ""balanced"", ""clf__gamma"": 0.00030000000000000003}",0.16405631937017945,"[[94, 26], [10, 30]]",valence,0.7321428571428572,0.775,0.7857142857142858,10,0.25,,26,0.21666666666666667,0.47058823529411764,0.5041109604231445,0.48418202613504197,subject_dependent,rbf_svm,0.9038461538461539,0.5357142857142857,0.5171327288262324,0.7197802197802198,0.775,0.8118131868131868,0.7666666666666666,0.775,0.775,0.8171875,94,0.7833333333333333,30,0.75,1.0,1.0
0.6625,0.4916666666666667,"{""clf__C"": 10.0, ""clf__class_weight"": ""balanced"", ""clf__gamma"": 0.0001}",0.24440277086844367,"[[100, 20], [34, 6]]",valence,0.4846098783106657,0.6625,0.6360057265569077,34,0.85,,20,0.16666666666666666,-0.018867924528301883,0.7562490545992668,-0.019562767576168476,subject_dependent,rbf_svm,0.746268656716418,0.23076923076923078,0.2520817406829306,0.48851894374282434,0.6625,0.6173938002296211,0.4916666666666667,0.6625,0.6625,0.5154166666666666,100,0.8333333333333334,6,0.15,0.75,0.42857142857142855
0.75625,0.7208333333333333,"{""clf__C"": 30.0, ""clf__class_weight"": null, ""clf__gamma"": 0.00030000000000000003}",0.16812815019009508,"[[95, 25], [14, 26]]",valence,0.7005614472863382,0.75625,0.7651278852152215,14,0.35,,25,0.20833333333333334,0.40458015267175573,0.5123249709010789,0.41040902761346887,subject_dependent,rbf_svm,0.8715596330275229,0.5098039215686274,0.5448187922749067,0.6906817772980751,0.75625,0.7811207051627991,0.7208333333333333,0.75625,0.75625,0.8104166666666667,95,0.7916666666666666,26,0.65,1.0,1.0
0.575,0.575,"{""clf__C"": 10.0, ""clf__class_weight"": ""balanced"", ""clf__gamma"": 0.00030000000000000003}",0.3059423777404913,"[[40, 40], [28, 52]]",valence,0.5725958516656191,0.575,0.5725958516656191,28,0.35,,40,0.5,0.15000000000000002,0.9261244095937837,0.1517165212272521,subject_dependent,rbf_svm,0.5882352941176471,0.5652173913043478,0.6034048039553107,0.5767263427109974,0.575,0.5767263427109974,0.575,0.575,0.575,0.6028125000000001,40,0.5,52,0.65,0.75,0.75
0.30625,0.2816666666666667,"{""clf__C"": 3.3333333333333335, ""clf__class_weight"": ""balanced"", ""clf__gamma"": 0.0001}",0.3597640237107118,"[[38, 62], [49, 11]]",valence,0.28591532306702583,0.30625,0.31604077037513567,49,0.8166666666666667,,62,0.62,-0.4185303514376997,0.9901066655184415,-0.4244285694436895,subject_dependent,rbf_svm,0.4367816091954023,0.1506849315068493,0.2672665268471377,0.29373327035112584,0.30625,0.32949535506219496,0.2816666666666667,0.30625,0.30625,0.2810833333333333,38,0.38,11,0.18333333333333332,0.25,0.2
0.46875,0.46499999999999997,"{""clf__C"": 30.0, ""clf__class_weight"": ""balanced"", ""clf__gamma"": 0.00030000000000000003}",0.3725855375267059,"[[48, 52], [33, 27]]",valence,0.4594379744822926,0.46875,0.47717516594459236,33,0.55,,52,0.52,-0.0658307210031348,1.2322864568319276,-0.06778250427364813,subject_dependent,rbf_svm,0.5925925925925926,0.34177215189873417,0.4494539513457695,0.4671823722456634,0.46875,0.4985349273323957,0.46499999999999997,0.46875,0.46875,0.43933333333333335,48,0.48,27,0.45,0.375,0.36507936507936506
0.58125,0.605,"{""clf__C"": 3.3333333333333335, ""clf__class_weight"": ""balanced"", ""clf__gamma"": 0.0001}",0.19537733636571258,"[[51, 49], [18, 42]]",valence,0.5799208432932325,0.58125,0.5858282064344215,18,0.3,,49,0.49,0.19033232628398788,0.5702954400503,0.2052814366362062,subject_dependent,rbf_svm,0.7391304347826086,0.46153846153846156,0.7539815140161857,0.600334448160535,0.58125,0.6350334448160535,0.605,0.58125,0.58125,0.776,51,0.51,42,0.7,0.5,0.5
0.5,0.5,"{""clf__C"": 30.0, ""clf__class_weight"": ""balanced"", ""clf__gamma"": 0.00030000000000000003}",0.3579712357047345,"[[30, 50], [30, 50]]",valence,0.4920634920634921,0.5,0.4920634920634921,30,0.375,,50,0.625,0.0,1.1971174288521325,0.0,subject_dependent,rbf_svm,0.5,0.5,0.5682992885091501,0.5,0.5,0.5,0.5,0.5,0.5,0.50171875,30,0.375,50,0.625,0.5,0.4666666666666667
0.50625,0.50625,"{""clf__C"": 3.3333333333333335, ""clf__class_weight"": ""balanced"", ""clf__gamma"": 0.0001}",0.2571809658323505,"[[31, 49], [30, 50]]",valence,0.4991877649669163,0.50625,0.49918776496691636,30,0.375,,49,0.6125,0.012499999999999956,0.7061900622520562,0.012868190608036383,subject_dependent,rbf_svm,0.5081967213114754,0.5050505050505051,0.647798775601834,0.5066236131809903,0.50625,0.5066236131809903,0.50625,0.50625,0.50625,0.5859375,31,0.3875,50,0.625,0.625,0.6190476190476191
0.4,0.4,"{""clf__C"": 10.0, ""clf__class_weight"": ""balanced"", ""clf__gamma"": 0.00030000000000000003}",0.319887310891498,"[[28, 52], [44, 36]]",valence,0.39849624060150374,0.4,0.39849624060150374,44,0.55,,52,0.65,-0.19999999999999996,0.8541241662568329,-0.20100756305184242,subject_dependent,rbf_svm,0.3888888888888889,0.4090909090909091,0.45726865576764497,0.398989898989899,0.4,0.39898989898989895,0.4,0.4,0.4,0.39625,28,0.35,36,0.45,0.25,0.25
0.60625,0.6083333333333334,"{""clf__C"": 10.0, ""clf__class_weight"": ""balanced"", ""clf__gamma"": 0.0001}",0.23397159434408515,"[[37, 23], [40, 60]]",valence,0.5979418451597462,0.60625,0.612390810099318,40,0.4,,23,0.38333333333333336,0.20504731861198733,0.6602285116528075,0.20993425987671435,subject_dependent,rbf_svm,0.4805194805194805,0.7228915662650602,0.7468842501896349,0.6017055233922703,0.60625,0.6320020341104678,0.6083333333333334,0.60625,0.60625,0.6666666666666666,37,0.6166666666666667,60,0.6,0.875,0.873015873015873
0.4375,0.3583333333333334,"{""clf__C"": 3.3333333333333335, ""clf__class_weight"": ""balanced"", ""clf__gamma"": 0.0001}",0.3012894744633364,"[[8, 32], [58, 62]]",valence,0.3651913242814318,0.4375,0.47231528830894015,58,0.48333333333333334,,32,0.8,-0.23287671232876717,0.8027483164704229,-0.24921971504234075,subject_dependent,rbf_svm,0.12121212121212122,0.6595744680851063,0.6286154146348679,0.3903932946486138,0.4375,0.52498388136686,0.3583333333333334,0.4375,0.4375,0.2802083333333333,8,0.2,62,0.5166666666666667,0.375,0.2727272727272727
0.33125,0.36833333333333335,"{""clf__C"": 3.3333333333333335, ""clf__class_weight"": ""balanced"", ""clf__gamma"": 0.0001}",0.33318449621285817,"[[31, 29], [78, 22]]",valence,0.3291273169011325,0.33125,0.31969316979505463,78,0.78,,29,0.48333333333333334,-0.22636103151862463,0.8740617770477902,-0.2735792311756267,subject_dependent,rbf_svm,0.28440366972477066,0.43137254901960786,0.5488878602570657,0.3578881093721893,0.33125,0.37625921928404393,0.36833333333333335,0.33125,0.33125,0.43333333333333335,31,0.5166666666666667,22,0.22,0.375,0.36507936507936506
0.575,0.5533333333333333,"{""clf__C"": 3.3333333333333335, ""clf__class_weight"": ""balanced"", ""clf__gamma"": 0.00030000000000000003}",0.2550853199576519,"[[28, 32], [36, 64]]",valence,0.5523370638578011,0.575,0.5775181040157998,36,0.36,,32,0.5333333333333333,0.10526315789473684,0.7067212335873487,0.10540925533894599,subject_dependent,rbf_svm,0.4375,0.6666666666666666,0.6428585280355843,0.5520833333333333,0.575,0.5807291666666666,0.5533333333333333,0.575,0.575,0.5546666666666666,28,0.4666666666666667,64,0.64,0.75,0.7333333333333334
0.8125,0.7166666666666667,"{""clf__C"": 10.0, ""clf__class_weight"": null, ""clf__gamma"": 0.0001}",0.12915827904554728,"[[21, 19], [11, 109]]",valence,0.7311827956989247,0.8125,0.8051075268817204,11,0.09166666666666666,,19,0.475,0.4642857142857143,0.4082305721468516,0.4690970937165709,subject_dependent,rbf_svm,0.65625,0.8515625,0.9586845319627123,0.75390625,0.8125,0.802734375,0.7166666666666667,0.8125,0.8125,0.87625,21,0.525,109,0.9083333333333333,0.875,0.7948717948717949
0.63125,0.6316666666666666,"{""clf__C"": 3.3333333333333335, ""clf__class_weight"": ""balanced"", ""clf__gamma"": 0.00030000000000000003}",0.2909715060735831,"[[63, 37], [22, 38]]",valence,0.6220220220220221,0.63125,0.6367867867867869,22,0.36666666666666664,,37,0.37,0.2507936507936508,0.9438643300996429,0.25547085837160405,subject_dependent,rbf_svm,0.7411764705882353,0.5066666666666667,0.41060934655440495,0.6239215686274511,0.63125,0.6532352941176471,0.6316666666666666,0.63125,0.63125,0.6119166666666667,63,0.63,38,0.6333333333333333,0.75,0.75
0.5875,0.51,"{""clf__C"": 3.3333333333333335, ""clf__class_weight"": null, ""clf__gamma"": 0.0001}",0.2491472174883874,"[[12, 48], [18, 82]]",valence,0.48985507246376814,0.5875,0.5456521739130434,18,0.18,,48,0.8,0.022222222222222254,0.7126074479799238,0.02480694691784169,subject_dependent,rbf_svm,0.4,0.6307692307692307,0.7343134828507747,0.5153846153846153,0.5875,0.5442307692307692,0.51,0.5875,0.5875,0.6155,12,0.2,82,0.82,0.625,0.38461538461538464
0.8875,0.8733333333333333,"{""clf__C"": 3.3333333333333335, ""clf__class_weight"": ""balanced"", ""clf__gamma"": 0.00030000000000000003}",0.09668198031675139,"[[49, 11], [7, 93]]",valence,0.8782961460446248,0.8875,0.8866632860040567,7,0.07,,11,0.18333333333333332,0.7567567567567568,0.34054077092214774,0.7578647467450734,subject_dependent,rbf_svm,0.875,0.8942307692307693,0.9822289653773026,0.8846153846153846,0.8875,0.8870192307692308,0.8733333333333333,0.8875,0.8875,0.9663333333333334,49,0.8166666666666667,93,0.93,1.0,1.0
0.775,0.775,"{""clf__C"": 10.0, ""clf__class_weight"": ""balanced"", ""clf__gamma"": 0.0001}",0.15853729707410777,"[[31, 9], [27, 93]]",valence,0.7352454495311638,0.775,0.7865416436845007,27,0.225,,9,0.225,0.4782608695652174,0.4860530727127358,0.49541508402214945,subject_dependent,rbf_svm,0.5344827586206896,0.9117647058823529,0.9433686282398753,0.7231237322515213,0.775,0.8174442190669371,0.775,0.775,0.775,0.8418749999999999,31,0.775,93,0.775,1.0,1.0
0.64375,0.64375,"{""clf__C"": 3.3333333333333335, ""clf__class_weight"": ""balanced"", ""clf__gamma"": 0.0001}",0.23694436422689588,"[[41, 39], [18, 62]]",valence,0.6375054652410668,0.64375,0.6375054652410668,18,0.225,,39,0.4875,0.2875,0.6689151450348889,0.29794845881137194,subject_dependent,rbf_svm,0.6949152542372882,0.6138613861386139,0.6188212183212418,0.654388320187951,0.64375,0.654388320187951,0.64375,0.64375,0.64375,0.647265625,41,0.5125,62,0.775,0.75,0.7333333333333334
0.54375,0.5383333333333333,"{""clf__C"": 3.3333333333333335, ""clf__class_weight"": null, ""clf__gamma"": 0.0001}",0.2887013623084604,"[[56, 44], [29, 31]]",valence,0.5323323323323323,0.54375,0.5506006006006007,29,0.48333333333333334,,44,0.44,0.07301587301587298,0.7942105363114951,0.07437759167780877,subject_dependent,rbf_svm,0.6588235294117647,0.41333333333333333,0.3768029279689586,0.5360784313725491,0.54375,0.5667647058823528,0.5383333333333333,0.54375,0.5437500000000001,0.5475,56,0.56,31,0.5166666666666667,0.5,0.4666666666666667
0.4,0.4633333333333333,"{""clf__C"": 30.0, ""clf__class_weight"": null, ""clf__gamma"": 0.00030000000000000003}",0.40700873110121805,"[[43, 17], [79, 21]]",valence,0.3884376493072145,0.4,0.36741519350215,79,0.79,,17,0.2833333333333333,-0.06077348066298338,1.2601656312391574,-0.08342675235402924,subject_dependent,rbf_svm,0.3524590163934426,0.5526315789473685,0.6348690554459642,0.4525452976704055,0.4,0.4775668679896463,0.4633333333333333,0.4,0.4,0.4961666666666667,43,0.7166666666666667,21,0.21,0.375,0.2727272727272727
0.4625,0.5583333333333333,"{""clf__C"": 3.3333333333333335, ""clf__class_weight"": ""balanced"", ""clf__gamma"": 0.0001}",0.3196959233279739,"[[30, 10], [76, 44]]",valence,0.45835301527318534,0.4625,0.48205007085498347,76,0.6333333333333333,,10,0.25,0.07526881720430112,0.8477454432863214,0.10683599418231368,subject_dependent,rbf_svm,0.2830188679245283,0.8148148148148148,0.8049143236913595,0.5489168413696716,0.4625,0.6818658280922432,0.5583333333333333,0.4625,0.4625,0.5328124999999999,30,0.75,44,0.36666666666666664,0.375,0.36507936507936506
0.64375,0.5783333333333334,"{""clf__C"": 3.3333333333333335, ""clf__class_weight"": ""balanced"", ""clf__gamma"": 0.0001}",0.2243825335849196,"[[84, 16], [41, 19]]",valence,0.5733333333333334,0.64375,0.6166666666666667,41,0.6833333333333333,,16,0.16,0.1709090909090909,0.6403142612567553,0.18346921371432423,subject_dependent,rbf_svm,0.672,0.5428571428571428,0.519930682331023,0.6074285714285714,0.64375,0.6235714285714286,0.5783333333333334,0.64375,0.64375,0.6166666666666667,84,0.84,19,0.31666666666666665,0.75,0.6666666666666667
0.5375,0.53,"{""clf__C"": 10.0, ""clf__class_weight"": ""balanced"", ""clf__gamma"": 0.0001}",0.23786039944133197,"[[56, 44], [30, 30]]",valence,0.5249558658321297,0.5375,0.5442545337826994,30,0.5,,44,0.44,0.0573248407643312,0.6685501240521438,0.058258834232970964,subject_dependent,rbf_svm,0.6511627906976745,0.40540540540540543,0.40060587693445965,0.52828409805154,0.5375,0.5590037712130735,0.53,0.5375,0.5375,0.5326666666666666,56,0.56,30,0.5,0.625,0.6190476190476191
0.575,0.53,"{""clf__C"": 30.0, ""clf__class_weight"": null, ""clf__gamma"": 0.00030000000000000003}",0.23271095105556924,"[[71, 29], [39, 21]]",valence,0.529004329004329,0.575,0.5658008658008657,39,0.65,,29,0.29,0.06206896551724139,0.6557998142781092,0.06266795614405123,subject_dependent,rbf_svm,0.6454545454545455,0.42,0.4406416099760099,0.5327272727272727,0.575,0.5609090909090909,0.53,0.575,0.575,0.5924166666666666,71,0.71,21,0.35,0.625,0.38461538461538464
0.51875,0.5125,"{""clf__C"": 30.0, ""clf__class_weight"": ""balanced"", ""clf__gamma"": 0.00030000000000000003}",0.25981197283406776,"[[63, 57], [20, 20]]",valence,0.48128499852637785,0.51875,0.5509873268493959,20,0.5,,57,0.475,0.019108280254777066,0.7190708487416669,0.021665874271866455,subject_dependent,rbf_svm,0.7590361445783133,0.2597402597402597,0.23676806487337865,0.5093882021592865,0.51875,0.6342121733687998,0.5125,0.51875,0.51875,0.47822916666666665,63,0.525,20,0.5,0.5,0.4666666666666667
0.625,0.5285714285714286,"{""clf__C"": 30.0, ""clf__class_weight"": null, ""clf__gamma"": 0.00030000000000000003}",0.23311589757455348,"[[92, 48], [12, 8]]",valence,0.48231233822260566,0.625,0.6861518550474547,12,0.6,,48,0.34285714285714286,0.032258064516129004,0.6588218980902567,0.03962144258751637,subject_dependent,rbf_svm,0.8846153846153846,0.14285714285714285,0.13330042690949934,0.5137362637362637,0.625,0.7918956043956044,0.5285714285714286,0.625,0.625,0.5285714285714286,92,0.6571428571428571,8,0.4,0.75,0.42857142857142855
0.50625,0.505,"{""clf__C"": 30.0, ""clf__class_weight"": ""balanced"", ""clf__gamma"": 0.00030000000000000003}",0.30523571945076033,"[[30, 30], [49, 51]]",valence,0.49759529393060137,0.50625,0.5140804483485035,49,0.49,,30,0.5,0.009404388714733591,0.8232437944229897,0.009683214896235446,subject_dependent,rbf_svm,0.379746835443038,0.6296296296296297,0.6916888549664191,0.5046882325363338,0.50625,0.5359235818096577,0.505,0.50625,0.50625,0.5076666666666667,30,0.5,51,0.51,0.5,0.4666666666666667
0.53125,0.555,"{""clf__C"": 30.0, ""clf__class_weight"": ""balanced"", ""clf__gamma"": 0.00030000000000000003}",0.2794503075894269,"[[39, 21], [54, 46]]",valence,0.5303510625807208,0.53125,0.5354878478337443,54,0.54,,21,0.35,0.09909909909909909,0.7557963425145342,0.10794174501908893,subject_dependent,rbf_svm,0.41935483870967744,0.6865671641791045,0.6465989518896414,0.552961001444391,0.53125,0.5863625421280693,0.555,0.53125,0.53125,0.5315,39,0.65,46,0.46,0.625,0.6190476190476191
0.51875,0.5283333333333333,"{""clf__C"": 30.0, ""clf__class_weight"": ""balanced"", ""clf__gamma"": 0.00030000000000000003}",0.28540957302372877,"[[34, 26], [51, 49]]",valence,0.5144827586206897,0.51875,0.5258620689655172,51,0.51,,26,0.43333333333333335,0.05230769230769228,0.7720680900556026,0.05497474167490214,subject_dependent,rbf_svm,0.4,0.6533333333333333,0.611046858852774,0.5266666666666666,0.51875,0.5583333333333333,0.5283333333333333,0.51875,0.51875,0.5141666666666667,34,0.5666666666666667,49,0.49,0.5,0.5
0.4375,0.4375,"{""clf__C"": 30.0, ""clf__class_weight"": ""balanced"", ""clf__gamma"": 0.00030000000000000003}",0.28806819784981663,"[[22, 58], [32, 48]]",valence,0.4222436206066442,0.4375,0.4222436206066442,32,0.4,,58,0.725,-0.125,0.7765644130277543,-0.13217526428635734,subject_dependent,rbf_svm,0.4074074074074074,0.4528301886792453,0.45325617009421126,0.4301187980433263,0.4375,0.4301187980433263,0.4375,0.4375,0.4375,0.427578125,22,0.275,48,0.6,0.25,0.2
0.425,0.4166666666666667,"{""clf__C"": 10.0, ""clf__class_weight"": ""balanced"", ""clf__gamma"": 0.00030000000000000003}",0.3012125261323336,"[[52, 68], [24, 16]]",valence,0.39433838051349573,0.425,0.4624753127057275,24,0.6,,68,0.5666666666666667,-0.12195121951219523,0.811691135651467,-0.14451832825401997,subject_dependent,rbf_svm,0.6842105263157895,0.19047619047619047,0.1987393313854,0.43734335839599,0.425,0.5607769423558897,0.4166666666666667,0.425,0.425,0.38333333333333336,52,0.43333333333333335,16,0.4,0.25,0.2
0.4,0.375,"{""clf__C"": 30.0, ""clf__class_weight"": ""balanced"", ""clf__gamma"": 0.00030000000000000003}",0.35029204146684184,"[[51, 69], [27, 13]]",valence,0.3641331346249379,0.4,0.43964232488822647,27,0.675,,69,0.575,-0.18518518518518512,0.9438366222928751,-0.216574040912105,subject_dependent,rbf_svm,0.6538461538461539,0.15853658536585366,0.1852167911798231,0.40619136960600377,0.4,0.5300187617260789,0.375,0.4,0.4,0.33625,51,0.425,13,0.325,0.375,0.2727272727272727
0.55,0.55,"{""clf__C"": 10.0, ""clf__class_weight"": ""balanced"", ""clf__gamma"": 0.0001}",0.2677534261252553,"[[49, 31], [41, 39]]",valence,0.548235294117647,0.55,0.548235294117647,41,0.5125,,31,0.3875,0.09999999999999998,0.752295787023925,0.10079052613579392,subject_dependent,rbf_svm,0.5444444444444444,0.5571428571428572,0.5028291625387866,0.5507936507936508,0.55,0.5507936507936508,0.55,0.55,0.55,0.562109375,49,0.6125,39,0.4875,0.625,0.6190476190476191
0.575,0.575,"{""clf__C"": 3.3333333333333335, ""clf__class_weight"": ""balanced"", ""clf__gamma"": 0.0001}",0.2531446196997967,"[[38, 42], [26, 54]]",valence,0.5707070707070707,0.575,0.5707070707070707,26,0.325,,42,0.525,0.15000000000000002,0.7015660948054661,0.15309310892394865,subject_dependent,rbf_svm,0.59375,0.5625,0.6775293959603244,0.578125,0.575,0.578125,0.575,0.575,0.575,0.622734375,38,0.475,54,0.675,0.625,0.6190476190476191
0.525,0.5666666666666667,"{""clf__C"": 3.3333333333333335, ""clf__class_weight"": ""balanced"", ""clf__gamma"": 0.0001}",0.2594919199250002,"[[44, 16], [60, 40]]",valence,0.5247029393370857,0.525,0.5217323327079424,60,0.6,,16,0.26666666666666666,0.11627906976744184,0.7192147690134199,0.13533299049019168,subject_dependent,rbf_svm,0.4230769230769231,0.7142857142857143,0.7335799297521476,0.5686813186813187,0.525,0.6050824175824177,0.5666666666666667,0.525,0.525,0.6095,44,0.7333333333333333,40,0.4,0.625,0.6190476190476191
0.4125,0.4125,"{""clf__C"": 3.3333333333333335, ""clf__class_weight"": ""balanced"", ""clf__gamma"": 0.0001}",0.34054685380342875,"[[16, 64], [30, 50]]",valence,0.38471608574701355,0.4125,0.38471608574701355,30,0.375,,64,0.8,-0.17500000000000004,0.9152178096387485,-0.19332886183313763,subject_dependent,rbf_svm,0.34782608695652173,0.43859649122807015,0.3977166141793081,0.39321128909229597,0.4125,0.39321128909229597,0.4125,0.4125,0.4125,0.3465625,16,0.2,50,0.625,0.375,0.36507936507936506
0.49375,0.425,"{""clf__C"": 3.3333333333333335, ""clf__class_weight"": null, ""clf__gamma"": 0.0001}",0.3137519223278525,"[[9, 51], [30, 70]]",valence,0.4076511723570547,0.49375,0.4641094199917729,30,0.3,,51,0.85,-0.16129032258064524,0.8467126334884061,-0.1691382744398297,subject_dependent,rbf_svm,0.23076923076923078,0.5785123966942148,0.5328115440347083,0.4046408137317228,0.49375,0.4481087094723458,0.425,0.49375,0.49375,0.35691666666666666,9,0.15,70,0.7,0.375,0.2727272727272727
0.625,0.625,"{""clf__C"": 3.3333333333333335, ""clf__class_weight"": ""balanced"", ""clf__gamma"": 0.0001}",0.2334675010323517,"[[34, 46], [14, 66]]",valence,0.609375,0.625,0.609375,14,0.175,,46,0.575,0.25,0.6585607172209563,0.2727723627949905,subject_dependent,rbf_svm,0.7083333333333334,0.5892857142857143,0.6138515041307182,0.6488095238095238,0.625,0.648809523809524,0.625,0.625,0.625,0.64796875,34,0.425,66,0.825,0.625,0.5636363636363637
0.5625,0.6466666666666666,"{""clf__C"": 3.3333333333333335, ""clf__class_weight"": ""balanced"", ""clf__gamma"": 0.00030000000000000003}",0.2781895441122052,"[[31, 69], [1, 59]]",valence,0.5486782720825274,0.5625,0.528932946486138,1,0.016666666666666666,,69,0.69,0.23913043478260865,0.7772746028574298,0.3550234734023466,subject_dependent,rbf_svm,0.96875,0.4609375,0.4913452406926845,0.71484375,0.5625,0.7783203125,0.6466666666666666,0.5625,0.5625,0.65575,31,0.31,59,0.9833333333333333,0.625,0.6190476190476191
0.2875,0.3633333333333333,"{""clf__C"": 3.3333333333333335, ""clf__class_weight"": null, ""clf__gamma"": 0.00030000000000000003}",0.4330480123184402,"[[6, 94], [20, 40]]",valence,0.2538046146293569,0.2875,0.21416298478154147,20,0.3333333333333333,,94,0.94,-0.2192513368983957,1.1610357767409734,-0.3586981606524004,subject_dependent,rbf_svm,0.23076923076923078,0.29850746268656714,0.5319775846848187,0.264638346727899,0.2875,0.2561710677382319,0.3633333333333333,0.2875,0.2875,0.5125,6,0.06,40,0.6666666666666666,0.25,0.2
0.59375,0.5791666666666666,"{""clf__C"": 30.0, ""clf__class_weight"": ""balanced"", ""clf__gamma"": 0.0001}",0.2349887524105859,"[[73, 47], [18, 22]]",valence,0.5478064263663638,0.59375,0.6198747771642246,18,0.45,,47,0.39166666666666666,0.12751677852348997,0.6503131397105775,0.13843558237952514,subject_dependent,rbf_svm,0.8021978021978022,0.3188405797101449,0.41517581068596954,0.5605191909539735,0.59375,0.6813584965758879,0.5791666666666666,0.59375,0.59375,0.6910416666666667,73,0.6083333333333333,22,0.55,0.625,0.5636363636363637
0.54375,0.5349999999999999,"{""clf__C"": 30.0, ""clf__class_weight"": ""balanced"", ""clf__gamma"": 0.00030000000000000003}",0.3022610270338911,"[[30, 30], [43, 57]]",valence,0.530376743999035,0.54375,0.5501889751115757,43,0.43,,30,0.5,0.06709265175718848,0.8243255968171223,0.06803816762074412,subject_dependent,rbf_svm,0.410958904109589,0.6551724137931034,0.6744476009969194,0.5330656589513463,0.54375,0.5635923476617856,0.5349999999999999,0.54375,0.54375,0.5548333333333333,30,0.5,57,0.57,0.625,0.6190476190476191
0.75625,0.7583333333333333,"{""clf__C"": 3.3333333333333335, ""clf__class_weight"": ""balanced"", ""clf__gamma"": 0.00030000000000000003}",0.17943799736767235,"[[75, 25], [14, 46]]",valence,0.7479704349933357,0.75625,0.7593905246577002,14,0.23333333333333334,,25,0.25,0.4983922829581994,0.5385868912607693,0.5034564288971374,subject_dependent,rbf_svm,0.8426966292134831,0.647887323943662,0.7247970957554255,0.7452919765785726,0.75625,0.7696431397373003,0.7583333333333333,0.75625,0.75625,0.8058333333333333,75,0.75,46,0.7666666666666667,1.0,1.0
0.58125,0.6964285714285714,"{""clf__C"": 3.3333333333333335, ""clf__class_weight"": ""balanced"", ""clf__gamma"": 0.0001}",0.2330140781215702,"[[76, 64], [3, 17]]",valence,0.515348795153488,0.58125,0.6493851439938514,3,0.15,,64,0.45714285714285713,0.1702786377708978,0.6566288712478527,0.2598708783993436,subject_dependent,rbf_svm,0.9620253164556962,0.20987654320987653,0.29124263298004355,0.5859509298327864,0.58125,0.8680067197999687,0.6964285714285714,0.58125,0.58125,0.7842857142857143,76,0.5428571428571428,17,0.85,0.625,0.5636363636363637
0.61875,0.645,"{""clf__C"": 10.0, ""clf__class_weight"": ""balanced"", ""clf__gamma"": 0.0001}",0.2281810724737788,"[[54, 46], [15, 45]]",valence,0.6175398722520475,0.61875,0.6229182177985031,15,0.25,,46,0.46,0.2628398791540786,0.6471708103283674,0.2834838886880943,subject_dependent,rbf_svm,0.782608695652174,0.4945054945054945,0.5992136277051211,0.6385570950788342,0.61875,0.6745699952221692,0.645,0.61875,0.61875,0.7249166666666667,54,0.54,45,0.75,0.875,0.873015873015873
0.75625,0.7783333333333333,"{""clf__C"": 3.3333333333333335, ""clf__class_weight"": ""balanced"", ""clf__gamma"": 0.0001}",0.1963274481706874,"[[52, 8], [31, 69]]",valence,0.7534668721109399,0.75625,0.7600154083204931,31,0.31,,8,0.13333333333333333,0.5170278637770898,0.5750416570935307,0.539369559990943,subject_dependent,rbf_svm,0.6265060240963856,0.8961038961038961,0.9007853400168886,0.7613049601001408,0.75625,0.7950046941010795,0.7783333333333333,0.75625,0.75625,0.8448333333333334,52,0.8666666666666667,69,0.69,0.875,0.873015873015873
0.4875,0.48,"{""clf__C"": 10.0, ""clf__class_weight"": ""balanced"", ""clf__gamma"": 0.0001}",0.34484775907418524,"[[27, 33], [49, 51]]",valence,0.4757033248081841,0.4875,0.4953644501278772,49,0.49,,33,0.55,-0.03797468354430378,0.9731766053583991,-0.038778336716474064,subject_dependent,rbf_svm,0.35526315789473684,0.6071428571428571,0.6035802048256075,0.48120300751879697,0.4875,0.5126879699248119,0.48,0.4875,0.4875,0.4585000000000001,27,0.45,51,0.51,0.625,0.6190476190476191
0.5,0.575,"{""clf__C"": 3.3333333333333335, ""clf__class_weight"": ""balanced"", ""clf__gamma"": 0.0001}",0.2597593549552748,"[[29, 11], [69, 51]]",valence,0.4903647077560121,0.5,0.5254021340977862,69,0.575,,11,0.275,0.101123595505618,0.7258578768312905,0.1333223607510547,subject_dependent,rbf_svm,0.29591836734693877,0.8225806451612904,0.8232682411619179,0.5592495062541145,0.5,0.6909150757077025,0.575,0.5,0.5,0.5864583333333333,29,0.725,51,0.425,0.5,0.5
0.43125,0.455,"{""clf__C"": 30.0, ""clf__class_weight"": ""balanced"", ""clf__gamma"": 0.0001}",0.35606078837872923,"[[33, 27], [64, 36]]",valence,0.43104997850806925,0.43125,0.43371693173381265,64,0.64,,27,0.45,-0.0801186943620178,1.0641845049961511,-0.08917887569597209,subject_dependent,rbf_svm,0.3402061855670103,0.5714285714285714,0.6440483365629652,0.45581737849779086,0.43125,0.48472017673048595,0.455,0.43125,0.43125,0.44675,33,0.55,36,0.36,0.375,0.36507936507936506
0.56875,0.5041666666666667,"{""clf__C"": 30.0, ""clf__class_weight"": ""balanced"", ""clf__gamma"": 0.00030000000000000003}",0.2813989857722393,"[[15, 25], [44, 76]]",valence,0.4954065542300836,0.56875,0.591594679829974,44,0.36666666666666664,,25,0.625,0.007194244604316502,0.8468663914209469,0.0074791575173643364,subject_dependent,rbf_svm,0.2542372881355932,0.7524752475247525,0.7308934982581742,0.5033562678301728,0.56875,0.6279157576774625,0.5041666666666667,0.56875,0.56875,0.46729166666666666,15,0.375,76,0.6333333333333333,0.625,0.5636363636363637
0.5625,0.4833333333333334,"{""clf__C"": 3.3333333333333335, ""clf__class_weight"": ""balanced"", ""clf__gamma"": 0.0001}",0.25092085496522243,"[[13, 27], [43, 77]]",valence,0.47916666666666663,0.5625,0.5833333333333333,43,0.35833333333333334,,27,0.675,-0.02941176470588225,0.701934999136086,-0.030261376633440123,subject_dependent,rbf_svm,0.23214285714285715,0.7403846153846154,0.6954343259578213,0.4862637362637363,0.5625,0.6133241758241759,0.4833333333333334,0.5625,0.5625,0.40062499999999995,13,0.325,77,0.6416666666666667,0.625,0.5636363636363637
0.6375,0.5785714285714285,"{""clf__C"": 30.0, ""clf__class_weight"": ""balanced"", ""clf__gamma"": 0.0001}",0.21947720304222457,"[[10, 10], [48, 92]]",valence,0.5083704174613266,0.6375,0.6973405382496292,48,0.34285714285714286,,10,0.5,0.08661417322834641,0.639781079391635,0.10810843442640036,subject_dependent,rbf_svm,0.1724137931034483,0.9019607843137255,0.9238501470271396,0.5371872887085869,0.6375,0.8107674104124408,0.5785714285714285,0.6375,0.6375,0.5957142857142858,10,0.5,92,0.6571428571428571,0.75,0.6666666666666667
0.54375,0.5875,"{""clf__C"": 30.0, ""clf__class_weight"": null, ""clf__gamma"": 0.00030000000000000003}",0.297879600768295,"[[27, 13], [60, 60]]",valence,0.5234792542123945,0.54375,0.5726204561217412,60,0.5,,13,0.325,0.12574850299401197,0.8445341906495839,0.152137967864509,subject_dependent,rbf_svm,0.3103448275862069,0.821917808219178,0.8406829922403332,0.5661313179026924,0.54375,0.6940245630609352,0.5875,0.54375,0.54375,0.5843750000000001,27,0.675,60,0.5,0.625,0.6190476190476191
0.6125,0.6125,"{""clf__C"": 30.0, ""clf__class_weight"": null, ""clf__gamma"": 0.00030000000000000003}",0.25205675236396746,"[[36, 44], [18, 62]]",valence,0.6019900497512438,0.6125,0.6019900497512437,18,0.225,,44,0.55,0.22499999999999998,0.7241088644936247,0.23791547571544322,subject_dependent,rbf_svm,0.6666666666666666,0.5849056603773585,0.6706010085060428,0.6257861635220126,0.6125,0.6257861635220126,0.6125,0.6125,0.6125,0.6690625,36,0.45,62,0.775,0.625,0.6190476190476191
0.4625,0.45333333333333337,"{""clf__C"": 30.0, ""clf__class_weight"": ""balanced"", ""clf__gamma"": 0.00030000000000000003}",0.34857324524900835,"[[25, 35], [51, 49]]",valence,0.4501278772378517,0.4625,0.47074808184143235,51,0.51,,35,0.5833333333333334,-0.08860759493670889,0.9879156196086007,-0.09048278567177281,subject_dependent,rbf_svm,0.32894736842105265,0.5833333333333334,0.5871704289395521,0.456140350877193,0.4625,0.48793859649122806,0.45333333333333337,0.4625,0.4625,0.42799999999999994,25,0.4166666666666667,49,0.49,0.5,0.4666666666666667
0.55,0.53,"{""clf__C"": 10.0, ""clf__class_weight"": ""balanced"", ""clf__gamma"": 0.0001}",0.2601019153971495,"[[27, 33], [39, 61]]",valence,0.5287187039764359,0.55,0.5537555228276878,39,0.39,,33,0.55,0.05882352941176472,0.7190335687672442,0.059005294323649496,subject_dependent,rbf_svm,0.4090909090909091,0.648936170212766,0.7012016729884283,0.5290135396518375,0.55,0.5589941972920697,0.53,0.55,0.55,0.53625,27,0.45,61,0.61,0.5,0.4666666666666667
0.48125,0.48125,"{""clf__C"": 30.0, ""clf__class_weight"": ""balanced"", ""clf__gamma"": 0.0001}",0.31638186007639346,"[[45, 35], [48, 32]]",valence,0.4778026817663481,0.48125,0.47780268176634805,48,0.6,,35,0.4375,-0.03750000000000009,0.8624766772375715,-0.03800514371086353,subject_dependent,rbf_svm,0.4838709677419355,0.47761194029850745,0.5448186609669987,0.4807414540202215,0.48125,0.4807414540202215,0.48125,0.48125,0.48125,0.47906249999999995,45,0.5625,32,0.4,0.5,0.4666666666666667
0.54375,0.41250000000000003,"{""clf__C"": 30.0, ""clf__class_weight"": ""balanced"", ""clf__gamma"": 0.00030000000000000003}",0.30361081412250845,"[[81, 39], [34, 6]]",valence,0.41526908635794746,0.54375,0.5523153942428035,34,0.85,,39,0.325,-0.16799999999999993,0.836834237418081,-0.16854019432007686,subject_dependent,rbf_svm,0.7043478260869566,0.13333333333333333,0.19724617252089754,0.41884057971014493,0.54375,0.5615942028985507,0.41250000000000003,0.54375,0.54375,0.38500000000000006,81,0.675,6,0.15,0.625,0.38461538461538464
0.66875,0.6291666666666667,"{""clf__C"": 30.0, ""clf__class_weight"": ""balanced"", ""clf__gamma"": 0.00030000000000000003}",0.23199226833146436,"[[85, 35], [18, 22]]",valence,0.6079700429938514,0.66875,0.685150940779437,18,0.45,,35,0.2916666666666667,0.22627737226277367,0.6556022861390177,0.23358504076935263,subject_dependent,rbf_svm,0.8252427184466019,0.38596491228070173,0.34462019666436267,0.6056038153636518,0.66875,0.7154232669051269,0.6291666666666667,0.66875,0.66875,0.6382291666666666,85,0.7083333333333334,22,0.55,0.75,0.6666666666666667
0.60625,0.5625,"{""clf__C"": 10.0, ""clf__class_weight"": ""balanced"", ""clf__gamma"": 0.00030000000000000003}",0.2629431581905136,"[[19, 21], [42, 78]]",valence,0.544283195442832,0.60625,0.6283059812830598,42,0.35,,21,0.525,0.1063829787234043,0.7409878889179613,0.11144179967299828,subject_dependent,rbf_svm,0.3114754098360656,0.7878787878787878,0.7292359077887426,0.5496770988574267,0.60625,0.6687779433681074,0.5625,0.60625,0.60625,0.5352083333333333,19,0.475,78,0.65,0.625,0.5636363636363637
0.675,0.6166666666666667,"{""clf__C"": 30.0, ""clf__class_weight"": ""balanced"", ""clf__gamma"": 0.00030000000000000003}",0.21659493847065373,"[[88, 32], [20, 20]]",valence,0.6033562166285278,0.675,0.6876430205949656,20,0.5,,32,0.26666666666666666,0.21212121212121215,0.6333253419827557,0.215716742976478,subject_dependent,rbf_svm,0.8148148148148148,0.38461538461538464,0.40663110053822366,0.5997150997150997,0.675,0.7072649572649572,0.6166666666666667,0.675,0.675,0.6889583333333333,88,0.7333333333333333,20,0.5,0.625,0.38461538461538464
0.5625,0.5666666666666667,"{""clf__C"": 3.3333333333333335, ""clf__class_weight"": ""balanced"", ""clf__gamma"": 0.00030000000000000003}",0.2961075215766636,"[[23, 17], [53, 67]]",valence,0.5267072346179851,0.5625,0.5917849898580122,53,0.44166666666666665,,17,0.425,0.10256410256410253,0.8076549134101247,0.11561466260321598,subject_dependent,rbf_svm,0.3026315789473684,0.7976190476190477,0.7671638253227027,0.550125313283208,0.5625,0.6738721804511278,0.5666666666666667,0.5625,0.5625,0.521875,23,0.575,67,0.5583333333333333,0.625,0.5636363636363637
0.50625,0.5708333333333333,"{""clf__C"": 3.3333333333333335, ""clf__class_weight"": ""balanced"", ""clf__gamma"": 0.0001}",0.3650607041250745,"[[53, 67], [12, 28]]",valence,0.49389389389389393,0.50625,0.5334334334334334,12,0.3,,67,0.5583333333333333,0.0971428571428572,0.956678364901719,0.12490212092300965,subject_dependent,rbf_svm,0.8153846153846154,0.29473684210526313,0.30773559092813835,0.5550607287449393,0.50625,0.6852226720647773,0.5708333333333333,0.50625,0.50625,0.598125,53,0.44166666666666665,28,0.7,0.375,0.36507936507936506
0.36875,0.32166666666666666,"{""clf__C"": 3.3333333333333335, ""clf__class_weight"": ""balanced"", ""clf__gamma"": 0.0001}",0.32184066007792905,"[[51, 49], [52, 8]]",valence,0.31960759546966444,0.36875,0.3653214601490464,52,0.8666666666666667,,49,0.49,-0.3602693602693603,0.856941791861393,-0.3605637882357713,subject_dependent,rbf_svm,0.49514563106796117,0.14035087719298245,0.2832396166586605,0.3177482541304718,0.36875,0.3620975983648441,0.32166666666666666,0.36875,0.36875,0.33875,51,0.51,8,0.13333333333333333,0.375,0.2727272727272727
0.525,0.55,"{""clf__C"": 3.3333333333333335, ""clf__class_weight"": ""balanced"", ""clf__gamma"": 0.0001}",0.20409780649591064,"[[24, 16], [60, 60]]",valence,0.49967083607636603,0.525,0.5559578670177749,60,0.5,,16,0.4,0.07317073170731703,0.5945502671356852,0.086710996952412,subject_dependent,rbf_svm,0.2857142857142857,0.7894736842105263,0.832886242596393,0.5375939849624061,0.525,0.6635338345864662,0.55,0.525,0.525,0.6214583333333334,24,0.6,60,0.5,0.5,0.4666666666666667
0.4625,0.49,"{""clf__C"": 30.0, ""clf__class_weight"": ""balanced"", ""clf__gamma"": 0.00030000000000000003}",0.327072240598533,"[[38, 62], [24, 36]]",valence,0.46241600250039067,0.4625,0.4640959524925769,24,0.4,,62,0.62,-0.01775147928994092,0.8794958745510317,-0.019874524104007214,subject_dependent,rbf_svm,0.6129032258064516,0.3673469387755102,0.4775622560344737,0.49012508229098095,0.4625,0.5208196181698486,0.49,0.4625,0.4625,0.5335,38,0.38,36,0.6,0.5,0.5
0.5125,0.5533333333333333,"{""clf__C"": 30.0, ""clf__class_weight"": ""balanced"", ""clf__gamma"": 0.00030000000000000003}",0.25310352393285973,"[[43, 17], [61, 39]]",valence,0.5121951219512195,0.5125,0.5091463414634146,61,0.61,,17,0.2833333333333333,0.09302325581395354,0.7008621347084851,0.10826639239215334,subject_dependent,rbf_svm,0.41346153846153844,0.6964285714285714,0.7223063081791272,0.554945054945055,0.5125,0.5903159340659341,0.5533333333333333,0.5125,0.5125,0.6094999999999999,43,0.7166666666666667,39,0.39,0.25,0.2
0.55625,0.6383333333333333,"{""clf__C"": 3.3333333333333335, ""clf__class_weight"": ""balanced"", ""clf__gamma"": 0.0001}",0.29672947931137,"[[31, 69], [2, 58]]",valence,0.543243134574404,0.55625,0.5239737043142616,2,0.03333333333333333,,69,0.69,0.22615803814713897,0.8253911443035692,0.331034785587661,subject_dependent,rbf_svm,0.9393939393939394,0.4566929133858268,0.6311967050671927,0.6980434263898831,0.55625,0.7583810546408971,0.6383333333333333,0.55625,0.55625,0.7333333333333334,31,0.31,58,0.9666666666666667,0.5,0.4666666666666667
0.5875,0.6666666666666666,"{""clf__C"": 30.0, ""clf__class_weight"": null, ""clf__gamma"": 0.00030000000000000003}",0.2752858096520884,"[[61, 59], [7, 33]]",valence,0.574468085106383,0.5875,0.6117021276595744,7,0.175,,59,0.49166666666666664,0.2325581395348837,0.8374873902122604,0.2919785812368919,subject_dependent,rbf_svm,0.8970588235294118,0.358695652173913,0.42722918810415833,0.6278772378516624,0.5875,0.7624680306905371,0.6666666666666666,0.5875,0.5875,0.713125,61,0.5083333333333333,33,0.825,0.625,0.6190476190476191
0.41875,0.41874999999999996,"{""clf__C"": 3.3333333333333335, ""clf__class_weight"": ""balanced"", ""clf__gamma"": 0.0001}",0.3425789666276855,"[[29, 51], [42, 38]]",valence,0.4169050511383675,0.41875,0.4169050511383675,42,0.525,,51,0.6375,-0.1625000000000001,0.9250825671442223,-0.16353818542306922,subject_dependent,rbf_svm,0.4084507042253521,0.42696629213483145,0.5836273460633854,0.4177084981800918,0.41875,0.41770849818009176,0.41874999999999996,0.41875,0.41875,0.47265625,29,0.3625,38,0.475,0.375,0.36507936507936506
0.44375,0.44375,"{""clf__C"": 10.0, ""clf__class_weight"": null, ""clf__gamma"": 0.00030000000000000003}",0.3343653877354866,"[[38, 42], [47, 33]]",valence,0.44320625610948194,0.44375,0.4432062561094819,47,0.5875,,42,0.525,-0.11250000000000004,0.9333331993294575,-0.11272037239532691,subject_dependent,rbf_svm,0.4470588235294118,0.44,0.4488039947276395,0.4435294117647059,0.44375,0.4435294117647059,0.44375,0.44375,0.44375,0.4628125,38,0.475,33,0.4125,0.375,0.36507936507936506
0.675,0.675,"{""clf__C"": 30.0, ""clf__class_weight"": ""balanced"", ""clf__gamma"": 0.0001}",0.21099655985290328,"[[57, 23], [29, 51]]",valence,0.6745423251447348,0.675,0.6745423251447348,29,0.3625,,23,0.2875,0.35,0.605668694060466,0.3509885473947301,subject_dependent,rbf_svm,0.6627906976744186,0.6891891891891891,0.7441907345007135,0.6759899434318039,0.675,0.6759899434318039,0.675,0.675,0.675,0.72359375,57,0.7125,51,0.6375,0.75,0.75
0.375,0.5,"{""clf__C"": 3.3333333333333335, ""clf__class_weight"": null, ""clf__gamma"": 0.0001}",0.3132982943976549,"[[60, 0], [100, 0]]",valence,0.2727272727272727,0.375,0.20454545454545453,100,1.0,,0,0.0,0.0,0.8554741744730301,0.0,subject_dependent,rbf_svm,0.375,0.0,0.7487980353775738,0.1875,0.375,0.140625,0.5,0.375,0.375,0.6083333333333334,60,1.0,0,0.0,0.375,0.2727272727272727
0.51875,0.46249999999999997,"{""clf__C"": 10.0, ""clf__class_weight"": ""balanced"", ""clf__gamma"": 0.0001}",0.23020130948587428,"[[69, 51], [26, 14]]",valence,0.4542635658914729,0.51875,0.548062015503876,26,0.65,,51,0.425,-0.06206896551724128,0.6520355192250884,-0.06612465225335805,subject_dependent,rbf_svm,0.7263157894736842,0.2153846153846154,0.25124067733319605,0.4708502024291498,0.51875,0.5985829959514171,0.46249999999999997,0.51875,0.51875,0.4805208333333333,69,0.575,14,0.35,0.5,0.3333333333333333
0.625,0.5,"{""clf__C"": 3.3333333333333335, ""clf__class_weight"": null, ""clf__gamma"": 0.00030000000000000003}",0.2687983381647359,"[[100, 0], [60, 0]]",valence,0.38461538461538464,0.625,0.48076923076923084,60,1.0,,0,0.0,0.0,0.7499713771286205,0.0,subject_dependent,rbf_svm,0.625,0.0,0.38577688030285606,0.3125,0.625,0.390625,0.5,0.625,0.625,0.5033333333333334,100,1.0,0,0.0,0.625,0.38461538461538464
0.35625,0.475,"{""clf__C"": 10.0, ""clf__class_weight"": null, ""clf__gamma"": 0.00030000000000000003}",0.3683725823057899,"[[57, 3], [100, 0]]",valence,0.2626728110599078,0.35625,0.19700460829493086,100,1.0,,3,0.05,-0.037783375314861534,0.9922260168015249,-0.17845765256206242,subject_dependent,rbf_svm,0.3630573248407643,0.0,0.5763328891745338,0.18152866242038215,0.35625,0.13614649681528662,0.475,0.35625,0.35625,0.4493333333333333,57,0.95,0,0.0,0.375,0.2727272727272727
0.54375,0.46166666666666667,"{""clf__C"": 3.3333333333333335, ""clf__class_weight"": ""balanced"", ""clf__gamma"": 0.0001}",0.2428288115695243,"[[79, 21], [52, 8]]",valence,0.4318789824407802,0.54375,0.4949049078262561,52,0.8666666666666667,,21,0.21,-0.08550185873605942,0.6803395348887652,-0.0963490772514111,subject_dependent,rbf_svm,0.6030534351145038,0.27586206896551724,0.3200417661433359,0.43945775204001053,0.54375,0.48035667280863387,0.46166666666666667,0.54375,0.54375,0.4191666666666667,79,0.79,8,0.13333333333333333,0.625,0.38461538461538464
0.475,0.43333333333333335,"{""clf__C"": 3.3333333333333335, ""clf__class_weight"": ""balanced"", ""clf__gamma"": 0.00030000000000000003}",0.3374576886124019,"[[14, 26], [58, 62]]",valence,0.4230769230769231,0.475,0.5096153846153846,58,0.48333333333333334,,26,0.65,-0.10526315789473695,0.9440712230963706,-0.11605177063713189,subject_dependent,rbf_svm,0.19444444444444445,0.7045454545454546,0.7261130693594486,0.4494949494949495,0.475,0.577020202020202,0.43333333333333335,0.475,0.475,0.38677083333333334,14,0.35,62,0.5166666666666667,0.5,0.4666666666666667
0.55625,0.55625,"{""clf__C"": 30.0, ""clf__class_weight"": ""balanced"", ""clf__gamma"": 0.00030000000000000003}",0.26045118510664567,"[[39, 41], [30, 50]]",valence,0.5541426272616665,0.55625,0.5541426272616665,30,0.375,,41,0.5125,0.11250000000000004,0.7276231573203102,0.11357879791107997,subject_dependent,rbf_svm,0.5652173913043478,0.5494505494505495,0.6107417173844458,0.5573339703774487,0.55625,0.5573339703774487,0.55625,0.55625,0.55625,0.60828125,39,0.4875,50,0.625,0.625,0.6190476190476191
0.54375,0.35357142857142854,"{""clf__C"": 30.0, ""clf__class_weight"": ""balanced"", ""clf__gamma"": 0.00030000000000000003}",0.2218725380878666,"[[2, 18], [55, 85]]",valence,0.3757682646571536,0.54375,0.6186334241889797,55,0.39285714285714285,,18,0.9,-0.1633466135458168,0.6698740647649514,-0.2022454670595902,subject_dependent,rbf_svm,0.03508771929824561,0.8252427184466019,0.8293299166507215,0.43016521887242376,0.54375,0.7264733435530574,0.35357142857142854,0.54375,0.54375,0.32785714285714285,2,0.1,85,0.6071428571428571,0.5,0.3333333333333333
0.5375,0.5375,"{""clf__C"": 3.3333333333333335, ""clf__class_weight"": ""balanced"", ""clf__gamma"": 0.00030000000000000003}",0.27459266884629707,"[[24, 56], [18, 62]]",valence,0.509852624606723,0.5375,0.509852624606723,18,0.225,,56,0.7,0.07499999999999996,0.757876074700014,0.08522864845907041,subject_dependent,rbf_svm,0.5714285714285714,0.5254237288135594,0.5131213045600763,0.5484261501210654,0.5375,0.5484261501210653,0.5375,0.5375,0.5375,0.54609375,24,0.3,62,0.775,0.5,0.4666666666666667
0.6125,0.6333333333333333,"{""clf__C"": 3.3333333333333335, ""clf__class_weight"": ""balanced"", ""clf__gamma"": 0.00030000000000000003}",0.24309221999060976,"[[55, 45], [17, 43]]",valence,0.6103079824010056,0.6125,0.6176147077309868,17,0.2833333333333333,,45,0.45,0.24390243902439024,0.680518886339135,0.259499648053841,subject_dependent,rbf_svm,0.7638888888888888,0.48863636363636365,0.5117238040324184,0.6262626262626263,0.6125,0.6606691919191918,0.6333333333333333,0.6125,0.6125,0.6535833333333333,55,0.55,43,0.7166666666666667,0.625,0.6190476190476191
0.51875,0.5349999999999999,"{""clf__C"": 30.0, ""clf__class_weight"": ""balanced"", ""clf__gamma"": 0.00030000000000000003}",0.36014107973985354,"[[47, 53], [24, 36]]",valence,0.5164645394246242,0.51875,0.5247753051532634,24,0.4,,53,0.53,0.06382978723404253,1.1705169725404463,0.0682102258505799,subject_dependent,rbf_svm,0.6619718309859155,0.4044943820224719,0.3454138993316904,0.5332331065041938,0.51875,0.5654177876246241,0.5349999999999999,0.51875,0.51875,0.4843333333333333,47,0.47,36,0.6,0.5,0.5
0.33125,0.4125,"{""clf__C"": 30.0, ""clf__class_weight"": ""balanced"", ""clf__gamma"": 0.00030000000000000003}",0.4405316749163477,"[[30, 90], [17, 23]]",valence,0.32996751594849516,0.33125,0.34462447653712186,17,0.425,,90,0.75,-0.10880829015544036,1.305208613060961,-0.16636827616428818,subject_dependent,rbf_svm,0.6382978723404256,0.20353982300884957,0.22197557394485856,0.42091884767463755,0.33125,0.5296083600075316,0.4125,0.33125,0.33125,0.4129166666666667,30,0.25,23,0.575,0.25,0.25
0.44375,0.5041666666666667,"{""clf__C"": 30.0, ""clf__class_weight"": ""balanced"", ""clf__gamma"": 0.00030000000000000003}",0.3988020132965286,"[[46, 74], [15, 25]]",valence,0.43399976151675346,0.44375,0.4711435271672165,15,0.375,,74,0.6166666666666667,0.005586592178770999,1.181199684576384,0.007429453311533219,subject_dependent,rbf_svm,0.7540983606557377,0.25252525252525254,0.34773094022232687,0.5033118065904951,0.44375,0.6287050836231164,0.5041666666666667,0.44375,0.44375,0.49270833333333336,46,0.38333333333333336,25,0.625,0.375,0.36507936507936506
0.51875,0.51875,"{""clf__C"": 30.0, ""clf__class_weight"": ""balanced"", ""clf__gamma"": 0.00030000000000000003}",0.34156533597198774,"[[60, 20], [57, 23]]",valence,0.49156039783748096,0.51875,0.49156039783748096,57,0.7125,,20,0.25,0.03749999999999998,1.0979033621203018,0.042295493443781355,subject_dependent,rbf_svm,0.5128205128205128,0.5348837209302325,0.5516156815214608,0.5238521168753727,0.51875,0.5238521168753726,0.51875,0.51875,0.51875,0.54984375,60,0.75,23,0.2875,0.5,0.3333333333333333
0.375,0.3766666666666667,"{""clf__C"": 30.0, ""clf__class_weight"": null, ""clf__gamma"": 0.00030000000000000003}",0.4212877796356338,"[[23, 37], [63, 37]]",valence,0.370177924736262,0.375,0.3839552826326562,63,0.63,,37,0.6166666666666667,-0.22699386503067487,1.2399519274115156,-0.2395085407355473,subject_dependent,rbf_svm,0.26744186046511625,0.5,0.5472568938404794,0.38372093023255816,0.375,0.4127906976744186,0.3766666666666667,0.375,0.375,0.3558333333333334,23,0.38333333333333336,37,0.37,0.25,0.25
0.65625,0.6316666666666666,"{""clf__C"": 30.0, ""clf__class_weight"": ""balanced"", ""clf__gamma"": 0.0001}",0.2531623963421771,"[[32, 28], [27, 73]]",arousal,0.6320916426272001,0.65625,0.6556607717713951,27,0.27,,28,0.4666666666666667,0.2642140468227425,0.7432851510396853,0.2642376930474325,subject_dependent,rbf_svm,0.5423728813559322,0.7227722772277227,0.7804122915900318,0.6325725792918275,0.65625,0.6551225037758013,0.6316666666666666,0.65625,0.65625,0.6636666666666666,32,0.5333333333333333,73,0.73,0.75,0.7333333333333334
0.60625,0.6183333333333333,"{""clf__C"": 10.0, ""clf__class_weight"": ""balanced"", ""clf__gamma"": 0.00030000000000000003}",0.2808720360076782,"[[40, 20], [43, 57]]",arousal,0.6017541780253645,0.60625,0.6123325826715658,43,0.43,,20,0.3333333333333333,0.2198142414860681,0.8700338107957707,0.2293128069422572,subject_dependent,rbf_svm,0.4819277108433735,0.7402597402597403,0.7863446934005386,0.6110937255515569,0.60625,0.6433852292286028,0.6183333333333333,0.60625,0.60625,0.6591666666666667,40,0.6666666666666666,57,0.57,0.625,0.6190476190476191
0.5625,0.5333333333333333,"{""clf__C"": 30.0, ""clf__class_weight"": ""balanced"", ""clf__gamma"": 0.0001}",0.23737701065072953,"[[19, 21], [49, 71]]",arousal,0.5108315863032844,0.5625,0.5903214535290007,49,0.4083333333333333,,21,0.525,0.05405405405405406,0.6788365710402292,0.058395716247378375,subject_dependent,rbf_svm,0.27941176470588236,0.7717391304347826,0.794238447822845,0.5255754475703325,0.5625,0.6486572890025575,0.5333333333333333,0.5625,0.5625,0.5652083333333333,19,0.475,71,0.5916666666666667,0.625,0.5636363636363637
0.60625,0.7107142857142856,"{""clf__C"": 30.0, ""clf__class_weight"": ""balanced"", ""clf__gamma"": 0.00030000000000000003}",0.2622853626072429,"[[17, 3], [60, 80]]",arousal,0.5340021265775969,0.60625,0.6716171235726504,60,0.42857142857142855,,3,0.15,0.18971061093247588,0.7878926318602699,0.27894500104977293,subject_dependent,rbf_svm,0.22077922077922077,0.963855421686747,0.9540875868306753,0.5923173212329839,0.60625,0.8709708965733063,0.7107142857142856,0.60625,0.60625,0.7103571428571429,17,0.85,80,0.5714285714285714,0.75,0.6666666666666667
0.525,0.5333333333333333,"{""clf__C"": 30.0, ""clf__class_weight"": ""balanced"", ""clf__gamma"": 0.0001}",0.294094674921814,"[[34, 26], [50, 50]]",arousal,0.5202020202020202,0.525,0.5321969696969697,50,0.5,,26,0.43333333333333335,0.06172839506172845,0.8538935228403762,0.06463056119412344,subject_dependent,rbf_svm,0.40476190476190477,0.6578947368421053,0.729226477058942,0.531328320802005,0.525,0.5629699248120301,0.5333333333333333,0.525,0.525,0.5589999999999999,34,0.5666666666666667,50,0.5,0.5,0.5
0.63125,0.63125,"{""clf__C"": 30.0, ""clf__class_weight"": ""balanced"", ""clf__gamma"": 0.00030000000000000003}",0.2656675603300408,"[[46, 34], [25, 55]]",arousal,0.6300795485716525,0.63125,0.6300795485716526,25,0.3125,,34,0.425,0.26249999999999996,0.7610797759299357,0.2641770687603426,subject_dependent,rbf_svm,0.647887323943662,0.6179775280898876,0.70299991112146,0.6329324260167748,0.63125,0.6329324260167748,0.63125,0.63125,0.63125,0.6553125,46,0.575,55,0.6875,0.625,0.6190476190476191
0.64375,0.6216666666666666,"{""clf__C"": 30.0, ""clf__class_weight"": ""balanced"", ""clf__gamma"": 0.00030000000000000003}",0.2526259713647452,"[[32, 28], [29, 71]]",arousal,0.6212467295153453,0.64375,0.6443270069355039,29,0.29,,28,0.4666666666666667,0.24252491694352163,0.7360771120552162,0.24254633454763835,subject_dependent,rbf_svm,0.5245901639344263,0.7171717171717171,0.7619075599580211,0.6208809405530717,0.64375,0.644953634707733,0.6216666666666666,0.64375,0.64375,0.6538333333333334,32,0.5333333333333333,71,0.71,0.625,0.6190476190476191
0.54375,0.54375,"{""clf__C"": 30.0, ""clf__class_weight"": ""balanced"", ""clf__gamma"": 0.00030000000000000003}",0.3200775587997143,"[[49, 31], [42, 38]]",arousal,0.541583264649319,0.54375,0.541583264649319,42,0.525,,31,0.3875,0.08750000000000002,0.9870199117252568,0.08833906504195109,subject_dependent,rbf_svm,0.5384615384615384,0.5507246376811594,0.5708701105748206,0.544593088071349,0.54375,0.5445930880713489,0.54375,0.54375,0.54375,0.56296875,49,0.6125,38,0.475,0.625,0.6190476190476191
0.61875,0.6216666666666666,"{""clf__C"": 30.0, ""clf__class_weight"": ""balanced"", ""clf__gamma"": 0.0001}",0.27914066770825474,"[[61, 39], [22, 38]]",arousal,0.610705596107056,0.61875,0.6246958637469586,22,0.36666666666666664,,39,0.39,0.2302839116719243,0.8142551169923393,0.2357723226307715,subject_dependent,rbf_svm,0.7349397590361446,0.4935064935064935,0.5537834434417229,0.614223126271319,0.61875,0.6444022844625253,0.6216666666666666,0.61875,0.61875,0.674,61,0.61,38,0.6333333333333333,0.625,0.6190476190476191
0.5,0.52,"{""clf__C"": 10.0, ""clf__class_weight"": ""balanced"", ""clf__gamma"": 0.00030000000000000003}",0.3124119200470262,"[[36, 24], [56, 44]]",arousal,0.4987468671679198,0.5,0.5050125313283209,56,0.56,,24,0.4,0.03614457831325302,0.8742004421403804,0.03917303733717809,subject_dependent,rbf_svm,0.391304347826087,0.6470588235294118,0.6635134737026196,0.5191815856777494,0.5,0.551150895140665,0.52,0.5,0.5,0.5479166666666666,36,0.6,44,0.44,0.5,0.5
0.6,0.5333333333333333,"{""clf__C"": 3.3333333333333335, ""clf__class_weight"": ""balanced"", ""clf__gamma"": 0.0001}",0.24677725677683798,"[[16, 44], [20, 80]]",arousal,0.5238095238095238,0.6,0.5714285714285714,20,0.2,,44,0.7333333333333333,0.07246376811594202,0.6902182873744012,0.07728981596002804,subject_dependent,rbf_svm,0.4444444444444444,0.6451612903225806,0.7418879780957169,0.5448028673835126,0.6,0.5698924731182796,0.5333333333333333,0.6,0.6,0.6092500000000001,16,0.26666666666666666,80,0.8,0.5,0.3333333333333333
0.5125,0.5416666666666666,"{""clf__C"": 3.3333333333333335, ""clf__class_weight"": ""balanced"", ""clf__gamma"": 0.0001}",0.22874966239349334,"[[58, 62], [16, 24]]",arousal,0.4894452626411389,0.5125,0.543691703485518,16,0.4,,62,0.5166666666666667,0.06024096385542166,0.646402298851859,0.07237261868600828,subject_dependent,rbf_svm,0.7837837837837838,0.27906976744186046,0.4120153940612189,0.5314267756128221,0.5125,0.657605279698303,0.5416666666666666,0.5125,0.5125,0.6322916666666667,58,0.48333333333333334,24,0.6,0.5,0.4666666666666667
0.7375,0.7166666666666667,"{""clf__C"": 3.3333333333333335, ""clf__class_weight"": ""balanced"", ""clf__gamma"": 0.0001}",0.1818927639234576,"[[80, 20], [22, 38]]",arousal,0.7180735022654807,0.7375,0.7365749286793086,22,0.36666666666666664,,20,0.2,0.43624161073825507,0.5462085803130631,0.43639889285999545,subject_dependent,rbf_svm,0.7843137254901961,0.6551724137931034,0.6893348402897026,0.7197430696416498,0.7375,0.7358857336037864,0.7166666666666667,0.7375,0.7375,0.7883333333333334,80,0.8,38,0.6333333333333333,0.75,0.6666666666666667
0.40625,0.40625,"{""clf__C"": 3.3333333333333335, ""clf__class_weight"": ""balanced"", ""clf__gamma"": 0.0001}",,"[[65, 95], [0, 0]]",arousal,0.28888888888888886,0.40625,0.5777777777777777,,,,,,0.0,,0.0,subject_dependent,rbf_svm,,,0.0,0.5,0.40625,1.0,0.203125,0.40625,0.40625,nan,,,,,0.25,0.2
0.63125,0.3821428571428572,"{""clf__C"": 3.3333333333333335, ""clf__class_weight"": ""balanced"", ""clf__gamma"": 0.00030000000000000003}",0.30648979091956485,"[[1, 19], [40, 100]]",arousal,0.40249382872333694,0.63125,0.6797740363314134,40,0.2857142857142857,,19,0.95,-0.16256157635467972,0.8723626315575868,-0.17856630449709154,subject_dependent,rbf_svm,0.024390243902439025,0.8403361344537815,0.88626285697744,0.4323631891781103,0.63125,0.7383428981348638,0.3821428571428572,0.63125,0.63125,0.4439285714285715,1,0.05,100,0.7142857142857143,0.625,0.38461538461538464
0.5,0.4583333333333333,"{""clf__C"": 30.0, ""clf__class_weight"": ""balanced"", ""clf__gamma"": 0.00030000000000000003}",0.2926884253846763,"[[15, 25], [55, 65]]",arousal,0.4458874458874459,0.5,0.5324675324675325,55,0.4583333333333333,,25,0.625,-0.06666666666666665,0.7928892639005987,-0.07273929674533079,subject_dependent,rbf_svm,0.21428571428571427,0.7222222222222222,0.7426420351417737,0.46825396825396826,0.5,0.5952380952380952,0.4583333333333333,0.5,0.5,0.4395833333333333,15,0.375,65,0.5416666666666666,0.625,0.5636363636363637
0.55,0.5633333333333334,"{""clf__C"": 30.0, ""clf__class_weight"": ""balanced"", ""clf__gamma"": 0.00030000000000000003}",0.28157261108538983,"[[37, 23], [49, 51]]",arousal,0.5465281058101086,0.55,0.5564478034955125,49,0.49,,23,0.38333333333333336,0.1165644171779141,0.7661423771872713,0.12299087226960537,subject_dependent,rbf_svm,0.43023255813953487,0.6891891891891891,0.7189634292594127,0.559710873664362,0.55,0.5920804525455688,0.5633333333333334,0.55,0.55,0.6305833333333334,37,0.6166666666666667,51,0.51,0.75,0.75
0.475,0.47,"{""clf__C"": 30.0, ""clf__class_weight"": ""balanced"", ""clf__gamma"": 0.00030000000000000003}",0.33002469328677864,"[[27, 33], [51, 49]]",arousal,0.46488294314381273,0.475,0.4832775919732441,51,0.51,,33,0.55,-0.05660377358490565,0.8793932684358857,-0.05811291331695447,subject_dependent,rbf_svm,0.34615384615384615,0.5975609756097561,0.5805964707714654,0.4718574108818011,0.475,0.5032833020637899,0.47,0.475,0.475,0.447,27,0.45,49,0.49,0.5,0.4666666666666667
0.475,0.5,"{""clf__C"": 3.3333333333333335, ""clf__class_weight"": ""balanced"", ""clf__gamma"": 0.00030000000000000003}",0.26908569805587984,"[[54, 66], [18, 22]]",arousal,0.453125,0.475,0.5078125,18,0.45,,66,0.55,0.0,0.7368804928463308,0.0,subject_dependent,rbf_svm,0.75,0.25,0.2483942033585945,0.5,0.475,0.625,0.5,0.475,0.475,0.48510416666666667,54,0.45,22,0.55,0.5,0.4666666666666667
0.375,0.35333333333333333,"{""clf__C"": 3.3333333333333335, ""clf__class_weight"": ""balanced"", ""clf__gamma"": 0.00030000000000000003}",0.3267885308423601,"[[16, 44], [56, 44]]",arousal,0.3552546744036106,0.375,0.38346228239845265,56,0.56,,44,0.7333333333333333,-0.28205128205128216,0.8611306032575816,-0.2854496128592251,subject_dependent,rbf_svm,0.2222222222222222,0.5,0.5281431915614765,0.3611111111111111,0.375,0.3958333333333333,0.35333333333333333,0.375,0.375,0.3340000000000001,16,0.26666666666666666,44,0.44,0.375,0.36507936507936506
0.45625,0.445,"{""clf__C"": 3.3333333333333335, ""clf__class_weight"": ""balanced"", ""clf__gamma"": 0.0001}",0.3818666300385016,"[[24, 36], [51, 49]]",arousal,0.44264264264264264,0.45625,0.46441441441441444,51,0.51,,36,0.6,-0.10476190476190483,1.0521710788879042,-0.10671567501598651,subject_dependent,rbf_svm,0.32,0.5764705882352941,0.5486385620980521,0.44823529411764707,0.45625,0.4802941176470588,0.445,0.45625,0.45625,0.40650000000000003,24,0.4,49,0.49,0.375,0.36507936507936506
0.55,0.55,"{""clf__C"": 3.3333333333333335, ""clf__class_weight"": ""balanced"", ""clf__gamma"": 0.0001}",0.24643434564006522,"[[55, 45], [27, 33]]",arousal,0.5413282369804109,0.55,0.5570950788342093,27,0.45,,45,0.45,0.09433962264150941,0.6842678881515118,0.09685485552825746,subject_dependent,rbf_svm,0.6707317073170732,0.4230769230769231,0.4193822923080779,0.5469043151969981,0.55,0.577861163227017,0.55,0.55,0.55,0.5743333333333334,55,0.55,33,0.55,0.625,0.5636363636363637
0.60625,0.625,"{""clf__C"": 3.3333333333333335, ""clf__class_weight"": ""balanced"", ""clf__gamma"": 0.0001}",0.21718999464306826,"[[55, 45], [18, 42]]",arousal,0.6036333608587944,0.60625,0.6116845582163501,18,0.3,,45,0.45,0.22935779816513757,0.6181442889219394,0.24299345578837186,subject_dependent,rbf_svm,0.7534246575342466,0.4827586206896552,0.491638322043056,0.6180916391119509,0.60625,0.6519248937175248,0.625,0.60625,0.60625,0.6756666666666666,55,0.55,42,0.7,0.625,0.6190476190476191
0.4,0.3666666666666667,"{""clf__C"": 3.3333333333333335, ""clf__class_weight"": ""balanced"", ""clf__gamma"": 0.0001}",0.3721461261018253,"[[14, 46], [50, 50]]",arousal,0.36800526662277816,0.4,0.4035549703752469,50,0.5,,46,0.7666666666666667,-0.26315789473684204,0.9896754017267266,-0.26352313834736496,subject_dependent,rbf_svm,0.21875,0.5208333333333334,0.5218359948204462,0.3697916666666667,0.4,0.40755208333333337,0.3666666666666667,0.4,0.4,0.3421666666666667,14,0.23333333333333334,50,0.5,0.375,0.36507936507936506
0.6625,0.6499999999999999,"{""clf__C"": 3.3333333333333335, ""clf__class_weight"": ""balanced"", ""clf__gamma"": 0.0001}",0.267196496331847,"[[36, 24], [30, 70]]",arousal,0.6465390279823269,0.6625,0.6653166421207658,30,0.3,,24,0.4,0.2941176470588235,0.7312095324452821,0.29502647161824747,subject_dependent,rbf_svm,0.5454545454545454,0.7446808510638298,0.7736301490186126,0.6450676982591876,0.6625,0.669970986460348,0.6499999999999999,0.6625,0.6625,0.6925000000000001,36,0.6,70,0.7,0.625,0.6190476190476191
0.5,0.4666666666666667,"{""clf__C"": 30.0, ""clf__class_weight"": ""balanced"", ""clf__gamma"": 0.00030000000000000003}",0.35730900631326923,"[[16, 24], [56, 64]]",arousal,0.45054945054945056,0.5,0.5329670329670331,56,0.4666666666666667,,24,0.6,-0.05263157894736836,0.9776750396825544,-0.058025885318565944,subject_dependent,rbf_svm,0.2222222222222222,0.7272727272727273,0.7114389832333095,0.47474747474747475,0.5,0.601010101010101,0.4666666666666667,0.5,0.5,0.4420833333333334,16,0.4,64,0.5333333333333333,0.625,0.5636363636363637
0.66875,0.6283333333333334,"{""clf__C"": 10.0, ""clf__class_weight"": ""balanced"", ""clf__gamma"": 0.00030000000000000003}",0.22042683891877873,"[[79, 21], [32, 28]]",arousal,0.6312883168833427,0.66875,0.6606700291317014,32,0.5333333333333333,,21,0.21,0.2664359861591695,0.6478158392669336,0.2695786947677295,subject_dependent,rbf_svm,0.7117117117117117,0.5714285714285714,0.543256741822558,0.6415701415701416,0.66875,0.6591055341055341,0.6283333333333334,0.66875,0.66875,0.6665,79,0.79,28,0.4666666666666667,0.75,0.6666666666666667
0.54375,0.54375,"{""clf__C"": 30.0, ""clf__class_weight"": ""balanced"", ""clf__gamma"": 0.00030000000000000003}",0.31593399054193483,"[[56, 24], [49, 31]]",arousal,0.5323323323323323,0.54375,0.5323323323323323,49,0.6125,,24,0.3,0.08750000000000002,0.8954050721633756,0.09211323729436766,subject_dependent,rbf_svm,0.5333333333333333,0.5636363636363636,0.5556744660283741,0.5484848484848485,0.54375,0.5484848484848485,0.54375,0.54375,0.54375,0.535625,56,0.7,31,0.3875,0.5,0.4666666666666667
0.525,0.525,"{""clf__C"": 3.3333333333333335, ""clf__class_weight"": ""balanced"", ""clf__gamma"": 0.0001}",0.29697589132094954,"[[74, 6], [70, 10]]",arousal,0.43452380952380953,0.525,0.4345238095238095,70,0.875,,6,0.075,0.050000000000000044,0.8148342590228357,0.08333333333333333,subject_dependent,rbf_svm,0.5138888888888888,0.625,0.558767319145521,0.5694444444444444,0.525,0.5694444444444444,0.525,0.525,0.525,0.532734375,74,0.925,10,0.125,0.5,0.3333333333333333
0.3875,0.425,"{""clf__C"": 30.0, ""clf__class_weight"": ""balanced"", ""clf__gamma"": 0.00030000000000000003}",0.356594596965365,"[[42, 78], [20, 20]]",arousal,0.3756967670011149,0.3875,0.41861761426978816,20,0.5,,78,0.65,-0.101123595505618,0.9743257480489875,-0.1333223607510547,subject_dependent,rbf_svm,0.6774193548387096,0.20408163265306123,0.27436491993004763,0.44075049374588543,0.3875,0.5590849242922975,0.425,0.3875,0.3875,0.4337500000000001,42,0.35,20,0.5,0.375,0.36507936507936506
0.48125,0.5375,"{""clf__C"": 10.0, ""clf__class_weight"": ""balanced"", ""clf__gamma"": 0.00030000000000000003}",0.2829876424387239,"[[26, 14], [69, 51]]",arousal,0.4682682682682683,0.48125,0.5098098098098098,69,0.575,,14,0.35,0.05142857142857138,0.7790359370608793,0.06612465225335805,subject_dependent,rbf_svm,0.2736842105263158,0.7846153846153846,0.8304281728197258,0.5291497975708502,0.48125,0.6568825910931173,0.5375,0.48125,0.48125,0.5713541666666666,26,0.65,51,0.425,0.5,0.4666666666666667
0.44375,0.44375000000000003,"{""clf__C"": 10.0, ""clf__class_weight"": ""balanced"", ""clf__gamma"": 0.00030000000000000003}",0.3425309223022115,"[[49, 31], [58, 22]]",arousal,0.4274456193960838,0.44375,0.4274456193960837,58,0.725,,31,0.3875,-0.11250000000000004,0.9423985213734944,-0.11951232239257918,subject_dependent,rbf_svm,0.45794392523364486,0.41509433962264153,0.4584341389320554,0.4365191324281432,0.44375,0.4365191324281431,0.44375000000000003,0.44375,0.44375,0.42117187500000003,49,0.6125,22,0.275,0.5,0.4666666666666667
0.5875,0.5874999999999999,"{""clf__C"": 10.0, ""clf__class_weight"": ""balanced"", ""clf__gamma"": 0.00030000000000000003}",0.25777211660651567,"[[43, 37], [29, 51]]",arousal,0.5864661654135338,0.5875,0.5864661654135338,29,0.3625,,37,0.4625,0.17500000000000004,0.7141991980852112,0.17588161767036212,subject_dependent,rbf_svm,0.5972222222222222,0.5795454545454546,0.6113230820576303,0.5883838383838385,0.5875,0.5883838383838385,0.5874999999999999,0.5875,0.5875,0.60078125,43,0.5375,51,0.6375,0.75,0.75
0.6,0.5800000000000001,"{""clf__C"": 30.0, ""clf__class_weight"": ""balanced"", ""clf__gamma"": 0.0001}",0.27049842668611535,"[[66, 34], [30, 30]]",arousal,0.5786701777485188,0.6,0.6023699802501645,30,0.5,,34,0.34,0.1578947368421053,0.7416077673410059,0.15811388300841897,subject_dependent,rbf_svm,0.6875,0.46875,0.6112155922622586,0.578125,0.6,0.60546875,0.5800000000000001,0.6,0.6,0.6031666666666666,66,0.66,30,0.5,0.75,0.7333333333333334
0.65625,0.6375,"{""clf__C"": 30.0, ""clf__class_weight"": ""balanced"", ""clf__gamma"": 0.00030000000000000003}",0.2211269111149358,"[[24, 16], [39, 81]]",arousal,0.6062815981387857,0.65625,0.6764126884703145,39,0.325,,16,0.4,0.23076923076923073,0.6305806718944919,0.24372336781613027,subject_dependent,rbf_svm,0.38095238095238093,0.8350515463917526,0.8756216597715925,0.6080019636720668,0.65625,0.7215267550319097,0.6375,0.65625,0.65625,0.67125,24,0.6,81,0.675,0.875,0.8545454545454545
0.26875,0.39583333333333337,"{""clf__C"": 3.3333333333333335, ""clf__class_weight"": ""balanced"", ""clf__gamma"": 0.0001}",0.41061469218033714,"[[26, 14], [103, 17]]",arousal,0.2664289353031075,0.26875,0.24579724910850742,103,0.8583333333333333,,14,0.35,-0.11961722488038284,1.0755983128354705,-0.22824626486032365,subject_dependent,rbf_svm,0.20155038759689922,0.5483870967741935,0.6672370704684171,0.3749687421855464,0.26875,0.4616779194798699,0.39583333333333337,0.26875,0.26875,0.3141666666666667,26,0.65,17,0.14166666666666666,0.125,0.1111111111111111
0.46875,0.46875,"{""clf__C"": 3.3333333333333335, ""clf__class_weight"": ""balanced"", ""clf__gamma"": 0.00030000000000000003}",0.2832681630391338,"[[41, 39], [46, 34]]",arousal,0.46773120425815035,0.46875,0.46773120425815035,46,0.575,,39,0.4875,-0.0625,0.7663940857024404,-0.0627406405003835,subject_dependent,rbf_svm,0.47126436781609193,0.4657534246575342,0.5559246139577962,0.4685088962368131,0.46875,0.468508896236813,0.46875,0.46875,0.46875,0.48296875,41,0.5125,34,0.425,0.5,0.5
0.4625,0.4625,"{""clf__C"": 3.3333333333333335, ""clf__class_weight"": ""balanced"", ""clf__gamma"": 0.0001}",0.31494295161732877,"[[69, 11], [75, 5]]",arousal,0.3601190476190476,0.4625,0.36011904761904767,75,0.9375,,11,0.1375,-0.07499999999999996,0.839180009306553,-0.125,subject_dependent,rbf_svm,0.4791666666666667,0.3125,0.4351771726661279,0.39583333333333337,0.4625,0.39583333333333337,0.4625,0.4625,0.4625,0.431875,69,0.8625,5,0.0625,0.5,0.3333333333333333
0.575,0.5750000000000001,"{""clf__C"": 3.3333333333333335, ""clf__class_weight"": ""balanced"", ""clf__gamma"": 0.0001}",0.22617109730214585,"[[79, 1], [67, 13]]",arousal,0.48785539446431936,0.575,0.4878553944643193,67,0.8375,,1,0.0125,0.15000000000000002,0.643542167148998,0.2654243731222853,subject_dependent,rbf_svm,0.541095890410959,0.9285714285714286,0.7086397999802206,0.7348336594911937,0.575,0.7348336594911938,0.5750000000000001,0.575,0.575,0.70703125,79,0.9875,13,0.1625,0.5,0.3333333333333333
0.4625,0.4666666666666667,"{""clf__C"": 30.0, ""clf__class_weight"": ""balanced"", ""clf__gamma"": 0.00030000000000000003}",0.29218590140104383,"[[55, 65], [21, 19]]",arousal,0.4338380513495721,0.4625,0.4975312705727452,21,0.525,,65,0.5416666666666666,-0.04878048780487809,0.7902470756591818,-0.05780733130160799,subject_dependent,rbf_svm,0.7236842105263158,0.2261904761904762,0.24782416429588086,0.474937343358396,0.4625,0.599310776942356,0.4666666666666667,0.4625,0.4625,0.4575,55,0.4583333333333333,19,0.475,0.5,0.4666666666666667
0.64375,0.7083333333333334,"{""clf__C"": 30.0, ""clf__class_weight"": null, ""clf__gamma"": 0.00030000000000000003}",0.258246652659484,"[[58, 2], [55, 45]]",arousal,0.6413825645865283,0.64375,0.6340981479296921,55,0.55,,2,0.03333333333333333,0.3541076487252125,0.8581451543073394,0.44286997000334094,subject_dependent,rbf_svm,0.5132743362831859,0.9574468085106383,0.8611449015986232,0.7353605723969121,0.64375,0.7908821314253436,0.7083333333333334,0.64375,0.64375,0.7416666666666667,58,0.9666666666666667,45,0.45,0.625,0.6190476190476191
0.54375,0.5549999999999999,"{""clf__C"": 30.0, ""clf__class_weight"": null, ""clf__gamma"": 0.0001}",0.30195596569423155,"[[36, 24], [49, 51]]",arousal,0.5397044334975369,0.54375,0.5504926108374384,49,0.49,,24,0.4,0.10153846153846158,1.037122753078685,0.10671567501598651,subject_dependent,rbf_svm,0.4235294117647059,0.68,0.645435976240085,0.5517647058823529,0.54375,0.5838235294117646,0.5549999999999999,0.54375,0.54375,0.5578333333333333,36,0.6,51,0.51,0.625,0.6190476190476191
0.48125,0.5458333333333334,"{""clf__C"": 30.0, ""clf__class_weight"": ""balanced"", ""clf__gamma"": 0.0001}",0.2850592094252177,"[[27, 13], [70, 50]]",arousal,0.47030433568665,0.48125,0.508376211559172,70,0.5833333333333334,,13,0.325,0.062146892655367214,0.7688948082936065,0.08124112260537676,subject_dependent,rbf_svm,0.27835051546391754,0.7936507936507936,0.8336847797698508,0.5360006545573556,0.48125,0.6648257241040746,0.5458333333333334,0.48125,0.48125,0.6272916666666667,27,0.675,50,0.4166666666666667,0.375,0.36507936507936506
0.65,0.725,"{""clf__C"": 30.0, ""clf__class_weight"": ""balanced"", ""clf__gamma"": 0.00030000000000000003}",0.24639397146959824,"[[35, 5], [51, 69]]",arousal,0.6334478808705613,0.65,0.6723940435280642,51,0.425,,5,0.125,0.32530120481927716,0.6953415630350988,0.3908121409044447,subject_dependent,rbf_svm,0.4069767441860465,0.9324324324324325,0.9458544778250653,0.6697045883092395,0.65,0.8010685103708359,0.725,0.65,0.65,0.8466666666666667,35,0.875,69,0.575,0.625,0.6190476190476191
0.5875,0.625,"{""clf__C"": 30.0, ""clf__class_weight"": ""balanced"", ""clf__gamma"": 0.00030000000000000003}",0.3274802901246742,"[[66, 54], [12, 28]]",arousal,0.5628415300546448,0.5875,0.6147540983606558,12,0.3,,54,0.45,0.18518518518518523,1.1888319575156263,0.216574040912105,subject_dependent,rbf_svm,0.8461538461538461,0.34146341463414637,0.34026389272374047,0.5938086303939962,0.5875,0.7199812382739211,0.625,0.5875,0.5875,0.6443749999999999,66,0.55,28,0.7,0.75,0.7333333333333334
0.45625,0.5216666666666667,"{""clf__C"": 10.0, ""clf__class_weight"": null, ""clf__gamma"": 0.00030000000000000003}",0.4009949273016932,"[[26, 74], [13, 47]]",arousal,0.44671886799952304,0.45625,0.42856433085575746,13,0.21666666666666667,,74,0.74,0.03601108033240996,1.4525468469388205,0.048862168171506355,subject_dependent,rbf_svm,0.6666666666666666,0.3884297520661157,0.4210533543496385,0.5275482093663911,0.45625,0.56232782369146,0.5216666666666667,0.45625,0.45625,0.5721666666666667,26,0.26,47,0.7833333333333333,0.375,0.36507936507936506
0.7125,0.7566666666666666,"{""clf__C"": 3.3333333333333335, ""clf__class_weight"": ""balanced"", ""clf__gamma"": 0.0001}",0.17715145058576606,"[[56, 4], [42, 58]]",arousal,0.7124550711048601,0.7125,0.7133536490076574,42,0.42,,4,0.06666666666666667,0.4556213017751479,0.5267933346424554,0.5101127853361851,subject_dependent,rbf_svm,0.5714285714285714,0.9354838709677419,0.9051739541465127,0.7534562211981566,0.7125,0.798963133640553,0.7566666666666666,0.7125,0.7125,0.8160000000000002,56,0.9333333333333333,58,0.58,0.75,0.75
0.35625,0.24642857142857144,"{""clf__C"": 3.3333333333333335, ""clf__class_weight"": null, ""clf__gamma"": 0.0001}",0.4010320466201619,"[[2, 18], [85, 55]]",arousal,0.2769075512263613,0.35625,0.4565508314685622,85,0.6071428571428571,,18,0.9,-0.2082111436950147,1.0806041340293417,-0.3367350103464414,subject_dependent,rbf_svm,0.022988505747126436,0.7534246575342466,0.7694948834025752,0.3882065816406865,0.35625,0.6621201385608566,0.24642857142857144,0.35625,0.35625,0.1882142857142857,2,0.1,55,0.39285714285714285,0.375,0.2727272727272727
0.54375,0.54375,"{""clf__C"": 3.3333333333333335, ""clf__class_weight"": ""balanced"", ""clf__gamma"": 0.0001}",0.2919923723158185,"[[49, 31], [42, 38]]",arousal,0.541583264649319,0.54375,0.541583264649319,42,0.525,,31,0.3875,0.08750000000000002,0.8155786840065773,0.08833906504195109,subject_dependent,rbf_svm,0.5384615384615384,0.5507246376811594,0.5490656148078531,0.544593088071349,0.54375,0.5445930880713489,0.54375,0.54375,0.54375,0.5245312499999999,49,0.6125,38,0.475,0.625,0.6190476190476191
0.76875,0.745,"{""clf__C"": 3.3333333333333335, ""clf__class_weight"": ""balanced"", ""clf__gamma"": 0.0001}",0.18099577081824356,"[[84, 16], [21, 39]]",arousal,0.7488865323435843,0.76875,0.766542948038176,21,0.35,,16,0.16,0.49830508474576274,0.5301033291653413,0.499454247608873,subject_dependent,rbf_svm,0.8,0.7090909090909091,0.8304229770545495,0.7545454545454546,0.76875,0.7659090909090909,0.745,0.76875,0.76875,0.8361666666666666,84,0.84,39,0.65,0.875,0.8545454545454545
0.59375,0.6183333333333334,"{""clf__C"": 30.0, ""clf__class_weight"": ""balanced"", ""clf__gamma"": 0.00030000000000000003}",0.2497299306333333,"[[52, 48], [17, 43]]",arousal,0.5924605196128375,0.59375,0.598191543555782,17,0.2833333333333333,,48,0.48,0.21450151057401812,0.7091346492615334,0.23134892065350224,subject_dependent,rbf_svm,0.7536231884057971,0.4725274725274725,0.5212179330662156,0.6130753304666348,0.59375,0.6482122949514254,0.6183333333333334,0.59375,0.59375,0.6401666666666667,52,0.52,43,0.7166666666666667,0.75,0.75
0.3125,0.2866666666666667,"{""clf__C"": 3.3333333333333335, ""clf__class_weight"": ""balanced"", ""clf__gamma"": 0.0001}",0.4216478904890527,"[[11, 49], [61, 39]]",arousal,0.2907801418439716,0.3125,0.32180851063829785,61,0.61,,49,0.8166666666666667,-0.41025641025641035,1.1628467368075917,-0.4151994368861456,subject_dependent,rbf_svm,0.1527777777777778,0.4431818181818182,0.5368672541566214,0.297979797979798,0.3125,0.33428030303030304,0.2866666666666667,0.3125,0.3125,0.2628333333333333,11,0.18333333333333332,39,0.39,0.25,0.2
0.2625,0.375,"{""clf__C"": 10.0, ""clf__class_weight"": null, ""clf__gamma"": 0.00030000000000000003}",0.47217007850869985,"[[24, 16], [102, 18]]",arousal,0.26146143013612894,0.2625,0.24761383195118136,102,0.85,,16,0.4,-0.14563106796116498,1.364841446960496,-0.26462806201248157,subject_dependent,rbf_svm,0.19047619047619047,0.5294117647058824,0.6652545722099671,0.3599439775910364,0.2625,0.4446778711484594,0.375,0.2625,0.2625,0.39895833333333336,24,0.6,18,0.15,0.125,0.1111111111111111
0.65625,0.7116666666666667,"{""clf__C"": 30.0, ""clf__class_weight"": ""balanced"", ""clf__gamma"": 0.00030000000000000003}",0.21040054670549896,"[[49, 51], [4, 56]]",arousal,0.655590779225862,0.65625,0.6518238033736449,4,0.06666666666666667,,51,0.51,0.3659942363112392,0.6121731870601834,0.4354399463349254,subject_dependent,rbf_svm,0.9245283018867925,0.5233644859813084,0.7038873901916025,0.7239463939340505,0.65625,0.7740918709222359,0.7116666666666667,0.65625,0.65625,0.8103333333333333,49,0.49,56,0.9333333333333333,0.75,0.75
0.6375,0.6033333333333333,"{""clf__C"": 30.0, ""clf__class_weight"": ""balanced"", ""clf__gamma"": 0.0001}",0.2209267189566769,"[[74, 26], [32, 28]]",arousal,0.604837336058593,0.6375,0.6332396525293817,32,0.5333333333333333,,26,0.26,0.2108843537414966,0.6333963979922884,0.2115905402428054,subject_dependent,rbf_svm,0.6981132075471698,0.5185185185185185,0.6245302432970901,0.6083158630328441,0.6375,0.6307651991614256,0.6033333333333333,0.6375,0.6375,0.6333333333333333,74,0.74,28,0.4666666666666667,0.625,0.5636363636363637
0.6,0.6,"{""clf__C"": 30.0, ""clf__class_weight"": ""balanced"", ""clf__gamma"": 0.00030000000000000003}",0.2475557701495906,"[[40, 40], [24, 56]]",arousal,0.595959595959596,0.6,0.5959595959595959,24,0.3,,40,0.5,0.19999999999999996,0.6941610372134275,0.2041241452319315,subject_dependent,rbf_svm,0.625,0.5833333333333334,0.7465427044104134,0.6041666666666667,0.6,0.6041666666666667,0.6,0.6,0.6,0.706875,40,0.5,56,0.7,0.625,0.6190476190476191
0.53125,0.5791666666666667,"{""clf__C"": 10.0, ""clf__class_weight"": ""balanced"", ""clf__gamma"": 0.0001}",0.29181118479726414,"[[27, 13], [62, 58]]",arousal,0.512967247047364,0.53125,0.5601485449896505,62,0.5166666666666667,,13,0.325,0.1124260355029586,0.8400087168419426,0.13799673016608055,subject_dependent,rbf_svm,0.30337078651685395,0.8169014084507042,0.8491001608719064,0.5601360974837791,0.53125,0.6885187529672417,0.5791666666666667,0.53125,0.53125,0.6021874999999999,27,0.675,58,0.48333333333333334,0.625,0.6190476190476191
0.775,0.7214285714285714,"{""clf__C"": 10.0, ""clf__class_weight"": ""balanced"", ""clf__gamma"": 0.00030000000000000003}",0.15734172290025022,"[[13, 7], [29, 111]]",arousal,0.6399099774943736,0.775,0.8053263315828957,29,0.20714285714285716,,7,0.35,0.30097087378640774,0.48448119937669676,0.3328718124012528,subject_dependent,rbf_svm,0.30952380952380953,0.940677966101695,0.9773326436144956,0.6251008878127522,0.775,0.8617836965294593,0.7214285714285714,0.775,0.775,0.8575,13,0.65,111,0.7928571428571428,0.875,0.7948717948717949
0.66875,0.6178571428571429,"{""clf__C"": 30.0, ""clf__class_weight"": ""balanced"", ""clf__gamma"": 0.0001}",0.2243208812071821,"[[11, 9], [44, 96]]",arousal,0.5385034013605442,0.66875,0.7223809523809523,44,0.3142857142857143,,9,0.45,0.13469387755102036,0.6718323722568994,0.16413036132965797,subject_dependent,rbf_svm,0.2,0.9142857142857143,0.8886795384607183,0.5571428571428572,0.66875,0.825,0.6178571428571429,0.66875,0.66875,0.5751785714285714,11,0.55,96,0.6857142857142857,0.625,0.5636363636363637
0.525,0.525,"{""clf__C"": 30.0, ""clf__class_weight"": null, ""clf__gamma"": 0.00030000000000000003}",0.32383004921483033,"[[27, 53], [23, 57]]",arousal,0.5076923076923077,0.525,0.5076923076923077,23,0.2875,,53,0.6625,0.050000000000000044,0.9427199831324259,0.05393598899705936,subject_dependent,rbf_svm,0.54,0.5181818181818182,0.5003967989966587,0.5290909090909091,0.525,0.5290909090909091,0.525,0.525,0.525,0.515,27,0.3375,57,0.7125,0.5,0.4666666666666667
0.525,0.4666666666666667,"{""clf__C"": 10.0, ""clf__class_weight"": ""balanced"", ""clf__gamma"": 0.0001}",0.2347282628102642,"[[14, 26], [50, 70]]",arousal,0.45868945868945865,0.525,0.5534188034188035,50,0.4166666666666667,,26,0.65,-0.05555555555555558,0.6624147964248556,-0.05892556509887896,subject_dependent,rbf_svm,0.21875,0.7291666666666666,0.7202618532409708,0.4739583333333333,0.525,0.6015625,0.4666666666666667,0.525,0.525,0.4364583333333333,14,0.35,70,0.5833333333333334,0.5,0.4666666666666667
0.5875,0.5874999999999999,"{""clf__C"": 3.3333333333333335, ""clf__class_weight"": ""balanced"", ""clf__gamma"": 0.00030000000000000003}",0.2663640431095039,"[[38, 42], [24, 56]]",arousal,0.5822123753758506,0.5875,0.5822123753758506,24,0.3,,42,0.525,0.17500000000000004,0.732809568145212,0.17960530202677488,subject_dependent,rbf_svm,0.6129032258064516,0.5714285714285714,0.5596209180512032,0.5921658986175116,0.5875,0.5921658986175115,0.5874999999999999,0.5875,0.5875,0.5851562499999999,38,0.475,56,0.7,0.875,0.873015873015873
0.48125,0.4116666666666666,"{""clf__C"": 30.0, ""clf__class_weight"": null, ""clf__gamma"": 0.0001}",0.3331683345082597,"[[8, 52], [31, 69]]",arousal,0.3930252753782166,0.48125,0.4508775538187303,31,0.31,,52,0.8666666666666667,-0.1899641577060931,0.9132001442951754,-0.19920730100691053,subject_dependent,rbf_svm,0.20512820512820512,0.5702479338842975,0.5359158253133613,0.38768806950625134,0.48125,0.4333280356007629,0.4116666666666666,0.48125,0.48125,0.3491666666666667,8,0.13333333333333333,69,0.69,0.5,0.3333333333333333
0.56875,0.56875,"{""clf__C"": 3.3333333333333335, ""clf__class_weight"": ""balanced"", ""clf__gamma"": 0.0001}",0.2717920851890375,"[[21, 59], [10, 70]]",arousal,0.524117418854261,0.56875,0.524117418854261,10,0.125,,59,0.7375,0.13749999999999996,0.7425019937152911,0.1739470160453975,subject_dependent,rbf_svm,0.6774193548387096,0.5426356589147286,0.46969712670884467,0.6100275068767191,0.56875,0.6100275068767191,0.56875,0.56875,0.56875,0.4759375,21,0.2625,70,0.875,0.625,0.5636363636363637
0.53125,0.5291666666666667,"{""clf__C"": 3.3333333333333335, ""clf__class_weight"": ""balanced"", ""clf__gamma"": 0.0001}",0.22281009237021737,"[[21, 19], [56, 64]]",arousal,0.4947581154477706,0.53125,0.5626499936844765,56,0.4666666666666667,,19,0.475,0.04458598726114649,0.6384871170854716,0.05055370663435506,subject_dependent,rbf_svm,0.2727272727272727,0.7710843373493976,0.7353543098865765,0.5219058050383352,0.53125,0.6464950711938664,0.5291666666666667,0.53125,0.53125,0.5410416666666666,21,0.525,64,0.5333333333333333,0.625,0.5636363636363637
0.425,0.43666666666666665,"{""clf__C"": 10.0, ""clf__class_weight"": ""balanced"", ""clf__gamma"": 0.00030000000000000003}",0.32861995459437165,"[[29, 31], [61, 39]]",arousal,0.42274509803921567,0.425,0.43176470588235294,61,0.61,,31,0.5166666666666667,-0.11515151515151523,0.8835580808889871,-0.12361400924014754,subject_dependent,rbf_svm,0.32222222222222224,0.5571428571428572,0.6430888666252439,0.4396825396825397,0.425,0.46904761904761905,0.43666666666666665,0.425,0.425,0.39866666666666667,29,0.48333333333333334,39,0.39,0.375,0.36507936507936506
0.64375,0.7124999999999999,"{""clf__C"": 30.0, ""clf__class_weight"": ""balanced"", ""clf__gamma"": 0.00030000000000000003}",0.19166330868502374,"[[34, 6], [51, 69]]",arousal,0.6258461538461539,0.64375,0.6667692307692309,51,0.425,,6,0.15,0.3090909090909091,0.5517273456239348,0.3687817782917155,subject_dependent,rbf_svm,0.4,0.92,0.8853325282121167,0.66,0.64375,0.79,0.7124999999999999,0.64375,0.64375,0.6654166666666665,34,0.85,69,0.575,0.75,0.7333333333333334
0.66875,0.6041666666666666,"{""clf__C"": 30.0, ""clf__class_weight"": ""balanced"", ""clf__gamma"": 0.00030000000000000003}",0.20567983492159608,"[[19, 21], [32, 88]]",arousal,0.5930706847737416,0.66875,0.6808148183694035,32,0.26666666666666666,,21,0.525,0.19083969465648853,0.683529305221631,0.19358916396861742,subject_dependent,rbf_svm,0.37254901960784315,0.8073394495412844,0.7002988484275382,0.5899442345745638,0.66875,0.6986418420579241,0.6041666666666666,0.66875,0.66875,0.5060416666666667,19,0.475,88,0.7333333333333333,0.75,0.6666666666666667
0.6125,0.6125,"{""clf__C"": 10.0, ""clf__class_weight"": ""balanced"", ""clf__gamma"": 0.00030000000000000003}",0.26676357459706745,"[[57, 23], [39, 41]]",arousal,0.6085858585858586,0.6125,0.6085858585858586,39,0.4875,,23,0.2875,0.22499999999999998,0.783488234450881,0.22963966338592295,subject_dependent,rbf_svm,0.59375,0.640625,0.5874083057779568,0.6171875,0.6125,0.6171875,0.6125,0.6125,0.6125,0.639140625,57,0.7125,41,0.5125,0.5,0.4666666666666667
0.53125,0.5983333333333334,"{""clf__C"": 30.0, ""clf__class_weight"": ""balanced"", ""clf__gamma"": 0.00030000000000000003}",0.2386588152425458,"[[52, 8], [67, 33]]",arousal,0.5245453464875788,0.53125,0.5104302864614289,67,0.67,,8,0.13333333333333333,0.1643454038997214,0.6677418604504342,0.21809262163196316,subject_dependent,rbf_svm,0.4369747899159664,0.8048780487804879,0.7511039810657709,0.6209264193482271,0.53125,0.6669143267062922,0.5983333333333334,0.53125,0.53125,0.5981666666666666,52,0.8666666666666667,33,0.33,0.375,0.2727272727272727
0.55,0.5666666666666667,"{""clf__C"": 30.0, ""clf__class_weight"": ""balanced"", ""clf__gamma"": 0.00030000000000000003}",0.2578534426154497,"[[38, 22], [50, 50]]",arousal,0.5474544311753614,0.55,0.5559396605908234,50,0.5,,22,0.36666666666666664,0.12195121951219512,0.717408942491038,0.1297498240269205,subject_dependent,rbf_svm,0.4318181818181818,0.6944444444444444,0.7356411553077127,0.5631313131313131,0.55,0.5959595959595959,0.5666666666666667,0.55,0.55,0.6046666666666668,38,0.6333333333333333,50,0.5,0.75,0.75
0.48125,0.5321428571428571,"{""clf__C"": 10.0, ""clf__class_weight"": ""balanced"", ""clf__gamma"": 0.00030000000000000003}",0.30565094049079666,"[[12, 8], [75, 65]]",arousal,0.4173138519591067,0.48125,0.5620749418630161,75,0.5357142857142857,,8,0.4,0.02639296187683282,0.8398223541798571,0.04268471962137989,subject_dependent,rbf_svm,0.13793103448275862,0.8904109589041096,0.9070111249286567,0.5141709966934341,0.48125,0.7963509683514407,0.5321428571428571,0.48125,0.48125,0.5460714285714285,12,0.6,65,0.4642857142857143,0.625,0.5636363636363637
0.4375,0.4375,"{""clf__C"": 30.0, ""clf__class_weight"": null, ""clf__gamma"": 0.00030000000000000003}",0.3354461732018553,"[[23, 57], [33, 47]]",arousal,0.4245524296675192,0.4375,0.42455242966751927,33,0.4125,,57,0.7125,-0.125,0.9218764537231561,-0.13103560459023977,subject_dependent,rbf_svm,0.4107142857142857,0.4519230769230769,0.4837329323275502,0.43131868131868134,0.4375,0.4313186813186813,0.4375,0.4375,0.4375,0.43437499999999996,23,0.2875,47,0.5875,0.375,0.2727272727272727
0.54375,0.54375,"{""clf__C"": 30.0, ""clf__class_weight"": null, ""clf__gamma"": 0.00030000000000000003}",0.2727463117065988,"[[40, 40], [33, 47]]",arousal,0.5428750342452351,0.54375,0.542875034245235,33,0.4125,,40,0.5,0.08750000000000002,0.7531348591054992,0.0878368967005369,subject_dependent,rbf_svm,0.547945205479452,0.5402298850574713,0.5475779384248907,0.5440875452684617,0.54375,0.5440875452684617,0.54375,0.54375,0.54375,0.5551562499999999,40,0.5,47,0.5875,0.5,0.5
0.575,0.575,"{""clf__C"": 10.0, ""clf__class_weight"": ""balanced"", ""clf__gamma"": 0.00030000000000000003}",0.27440272280727884,"[[39, 41], [27, 53]]",arousal,0.5717209888206582,0.575,0.5717209888206582,27,0.3375,,41,0.5125,0.15000000000000002,0.7723939259385137,0.15235101483570768,subject_dependent,rbf_svm,0.5909090909090909,0.5638297872340425,0.5424043289726277,0.5773694390715667,0.575,0.5773694390715667,0.575,0.575,0.575,0.5684375,39,0.4875,53,0.6625,0.75,0.7333333333333334
0.6375,0.6866666666666666,"{""clf__C"": 3.3333333333333335, ""clf__class_weight"": ""balanced"", ""clf__gamma"": 0.0001}",0.24116713929746014,"[[53, 7], [51, 49]]",arousal,0.6372732958098812,0.6375,0.6350062539086929,51,0.51,,7,0.11666666666666667,0.32558139534883723,0.7251554362213325,0.3789323733725367,subject_dependent,rbf_svm,0.5096153846153846,0.875,0.8437356291101983,0.6923076923076923,0.6375,0.7379807692307692,0.6866666666666666,0.6375,0.6375,0.7295833333333333,53,0.8833333333333333,49,0.49,0.75,0.75
0.75,0.75,"{""clf__C"": 3.3333333333333335, ""clf__class_weight"": null, ""clf__gamma"": 0.0001}",0.14319497159959288,"[[78, 2], [38, 42]]",arousal,0.7366688610928243,0.75,0.7366688610928243,38,0.475,,2,0.025,0.5,0.4464595083439547,0.5598925109558542,subject_dependent,rbf_svm,0.6724137931034483,0.9545454545454546,0.9222911459654878,0.8134796238244515,0.75,0.8134796238244515,0.75,0.75,0.75,0.9203125,78,0.975,42,0.525,0.75,0.7333333333333334
0.825,0.86,"{""clf__C"": 3.3333333333333335, ""clf__class_weight"": ""balanced"", ""clf__gamma"": 0.0001}",0.11349818889311529,"[[60, 0], [28, 72]]",arousal,0.8240100565681961,0.825,0.8273098680075425,28,0.28,,0,0.0,0.6585365853658536,0.3658157606761736,0.7006490497453707,subject_dependent,rbf_svm,0.6818181818181818,1.0,0.9778771799153999,0.8409090909090908,0.825,0.8806818181818181,0.86,0.825,0.825,0.9598333333333333,60,1.0,72,0.72,0.875,0.873015873015873
0.6875,0.6875,"{""clf__C"": 10.0, ""clf__class_weight"": ""balanced"", ""clf__gamma"": 0.00030000000000000003}",0.21100651789608343,"[[65, 15], [35, 45]]",arousal,0.6825396825396826,0.6875,0.6825396825396826,35,0.4375,,15,0.1875,0.375,0.6257860888310337,0.3872983346207417,subject_dependent,rbf_svm,0.65,0.75,0.8139192968999469,0.7,0.6875,0.7,0.6875,0.6875,0.6875,0.75046875,65,0.8125,45,0.5625,0.75,0.7333333333333334
0.59375,0.59375,"{""clf__C"": 3.3333333333333335, ""clf__class_weight"": ""balanced"", ""clf__gamma"": 0.0001}",0.2781384291004437,"[[42, 38], [27, 53]]",arousal,0.5918207150987087,0.59375,0.5918207150987087,27,0.3375,,38,0.475,0.1875,0.8231976319631211,0.18929799651846663,subject_dependent,rbf_svm,0.6086956521739131,0.5824175824175825,0.7210782024413318,0.5955566172957478,0.59375,0.5955566172957478,0.59375,0.59375,0.59375,0.6565624999999999,42,0.525,53,0.6625,0.625,0.6190476190476191
0.64375,0.6416666666666666,"{""clf__C"": 10.0, ""clf__class_weight"": ""balanced"", ""clf__gamma"": 0.0001}",0.20717029021992897,"[[38, 22], [35, 65]]",arousal,0.6333078686019862,0.64375,0.6487776928953399,35,0.35,,22,0.36666666666666664,0.2715654952076677,0.5986105475916765,0.2753925832268214,subject_dependent,rbf_svm,0.5205479452054794,0.7471264367816092,0.7856578782752444,0.6338371909935443,0.64375,0.6621595024405604,0.6416666666666666,0.64375,0.64375,0.7041666666666666,38,0.6333333333333333,65,0.65,0.625,0.6190476190476191
0.60625,0.60625,"{""clf__C"": 3.3333333333333335, ""clf__class_weight"": ""balanced"", ""clf__gamma"": 0.0001}",0.26037242301073277,"[[49, 31], [32, 48]]",arousal,0.6062346185397867,0.60625,0.6062346185397868,32,0.4,,31,0.3875,0.21250000000000002,0.7571095996664641,0.21251660350824894,subject_dependent,rbf_svm,0.6049382716049383,0.6075949367088608,0.5491863166363468,0.6062666041568996,0.60625,0.6062666041568996,0.60625,0.60625,0.60625,0.6178125000000001,49,0.6125,48,0.6,0.75,0.75
0.75,0.6666666666666667,"{""clf__C"": 10.0, ""clf__class_weight"": ""balanced"", ""clf__gamma"": 0.0001}",0.16171245552794225,"[[20, 20], [20, 100]]",arousal,0.6666666666666667,0.75,0.75,20,0.16666666666666666,,20,0.5,0.33333333333333337,0.5004840848399172,0.3333333333333333,subject_dependent,rbf_svm,0.5,0.8333333333333334,0.8576964146431261,0.6666666666666667,0.75,0.75,0.6666666666666667,0.75,0.75,0.7212500000000001,20,0.5,100,0.8333333333333334,0.75,0.6666666666666667
0.6125,0.6125,"{""clf__C"": 3.3333333333333335, ""clf__class_weight"": ""balanced"", ""clf__gamma"": 0.00030000000000000003}",0.2260952322026432,"[[61, 19], [43, 37]]",arousal,0.6035805626598465,0.6125,0.6035805626598465,43,0.5375,,19,0.2375,0.22499999999999998,0.6518748020946544,0.2358640882624316,subject_dependent,rbf_svm,0.5865384615384616,0.6607142857142857,0.7034155779012312,0.6236263736263736,0.6125,0.6236263736263736,0.6125,0.6125,0.6125,0.6976562499999999,61,0.7625,37,0.4625,0.625,0.5636363636363637
0.7,0.67,"{""clf__C"": 10.0, ""clf__class_weight"": ""balanced"", ""clf__gamma"": 0.0001}",0.20273622360351157,"[[33, 27], [21, 79]]",arousal,0.6729688298415943,0.7,0.6964741951967296,21,0.21,,27,0.45,0.34693877551020413,0.606925325917383,0.3481005662059056,subject_dependent,rbf_svm,0.6111111111111112,0.7452830188679245,0.7509293475785486,0.6781970649895178,0.7,0.6949685534591195,0.67,0.7,0.7,0.7055,33,0.55,79,0.79,0.75,0.7333333333333334
0.63125,0.6116666666666666,"{""clf__C"": 3.3333333333333335, ""clf__class_weight"": ""balanced"", ""clf__gamma"": 0.00030000000000000003}",0.23342191571521295,"[[32, 28], [31, 69]]",arousal,0.6104164087326153,0.63125,0.6329392101027609,31,0.31,,28,0.4666666666666667,0.22112211221122113,0.6615167160698838,0.2212957285788937,subject_dependent,rbf_svm,0.5079365079365079,0.711340206185567,0.6945654207668719,0.6096383570610375,0.63125,0.6350638193421698,0.6116666666666666,0.63125,0.63125,0.6200000000000001,32,0.5333333333333333,69,0.69,0.75,0.7333333333333334
0.65,0.6333333333333333,"{""clf__C"": 3.3333333333333335, ""clf__class_weight"": ""balanced"", ""clf__gamma"": 0.0001}",0.2280698064498942,"[[34, 26], [30, 70]]",arousal,0.631336405529954,0.65,0.6520737327188939,30,0.3,,26,0.43333333333333335,0.26315789473684215,0.6473192017788015,0.26352313834736496,subject_dependent,rbf_svm,0.53125,0.7291666666666666,0.763998113603667,0.6302083333333333,0.65,0.6549479166666666,0.6333333333333333,0.65,0.65,0.6409999999999999,34,0.5666666666666667,70,0.7,0.625,0.6190476190476191
0.5375,0.4666666666666667,"{""clf__C"": 3.3333333333333335, ""clf__class_weight"": ""balanced"", ""clf__gamma"": 0.0001}",0.2898826141375689,"[[11, 49], [25, 75]]",arousal,0.44940476190476186,0.5375,0.5044642857142857,25,0.25,,49,0.8166666666666667,-0.07246376811594213,0.7893837554304839,-0.07728981596002804,subject_dependent,rbf_svm,0.3055555555555556,0.6048387096774194,0.5954513062682627,0.4551971326164875,0.5375,0.4926075268817204,0.4666666666666667,0.5375,0.5375,0.4305,11,0.18333333333333332,75,0.75,0.5,0.3333333333333333
0.59375,0.4035714285714286,"{""clf__C"": 30.0, ""clf__class_weight"": null, ""clf__gamma"": 0.00030000000000000003}",0.26693233626047547,"[[3, 17], [48, 92]]",arousal,0.4117314327733469,0.59375,0.6571497256632162,48,0.34285714285714286,,17,0.85,-0.11587982832618016,0.7541300918583044,-0.13687256534545136,subject_dependent,rbf_svm,0.058823529411764705,0.8440366972477065,0.8424360712055037,0.4514301133297356,0.59375,0.7458850512682138,0.4035714285714286,0.59375,0.59375,0.34678571428571436,3,0.15,92,0.6571428571428571,0.625,0.38461538461538464
0.48125,0.39166666666666666,"{""clf__C"": 3.3333333333333335, ""clf__class_weight"": ""balanced"", ""clf__gamma"": 0.0001}",0.31467289562396494,"[[2, 58], [25, 75]]",arousal,0.34487691776429386,0.48125,0.4196018943318041,25,0.25,,58,0.9666666666666667,-0.24344569288389506,0.8457960441909901,-0.2800657651745349,subject_dependent,rbf_svm,0.07407407407407407,0.5639097744360902,0.4514931986334015,0.31899192425508216,0.48125,0.3802213868003342,0.39166666666666666,0.48125,0.48125,0.16383333333333336,2,0.03333333333333333,75,0.75,0.375,0.2727272727272727
0.50625,0.4458333333333333,"{""clf__C"": 3.3333333333333335, ""clf__class_weight"": ""balanced"", ""clf__gamma"": 0.0001}",0.24838681762779258,"[[13, 27], [52, 68]]",arousal,0.44008859357696567,0.50625,0.5363233665559246,52,0.43333333333333335,,27,0.675,-0.08965517241379306,0.7342173555193225,-0.09551338658818385,subject_dependent,rbf_svm,0.2,0.7157894736842105,0.7112343632954454,0.45789473684210524,0.50625,0.5868421052631578,0.4458333333333333,0.50625,0.50625,0.40937500000000004,13,0.325,68,0.5666666666666667,0.625,0.5636363636363637
0.39375,0.39375,"{""clf__C"": 3.3333333333333335, ""clf__class_weight"": ""balanced"", ""clf__gamma"": 0.00030000000000000003}",0.3806340337601025,"[[20, 60], [37, 43]]",arousal,0.3809580790554824,0.39375,0.3809580790554824,37,0.4625,,60,0.75,-0.2124999999999999,1.1595030708858218,-0.22186708691966542,subject_dependent,rbf_svm,0.3508771929824561,0.4174757281553398,0.40510624310739174,0.384176460568898,0.39375,0.3841764605688979,0.39375,0.39375,0.39375,0.356875,20,0.25,43,0.5375,0.375,0.36507936507936506
0.53125,0.5208333333333333,"{""clf__C"": 30.0, ""clf__class_weight"": ""balanced"", ""clf__gamma"": 0.00030000000000000003}",0.27314350953224203,"[[20, 20], [55, 65]]",arousal,0.4909862142099682,0.53125,0.5625662778366914,55,0.4583333333333333,,20,0.5,0.032258064516129004,0.7935365052183248,0.03615507630310936,subject_dependent,rbf_svm,0.26666666666666666,0.7647058823529411,0.7430803064538467,0.5156862745098039,0.53125,0.6401960784313725,0.5208333333333333,0.53125,0.53125,0.4764583333333333,20,0.5,65,0.5416666666666666,0.625,0.5636363636363637
0.5,0.52,"{""clf__C"": 3.3333333333333335, ""clf__class_weight"": ""balanced"", ""clf__gamma"": 0.0001}",0.23588641107756034,"[[36, 24], [56, 44]]",arousal,0.4987468671679198,0.5,0.5050125313283209,56,0.56,,24,0.4,0.03614457831325302,0.6644844620779371,0.03917303733717809,subject_dependent,rbf_svm,0.391304347826087,0.6470588235294118,0.7021370921436483,0.5191815856777494,0.5,0.551150895140665,0.52,0.5,0.5,0.5466666666666667,36,0.6,44,0.44,0.5,0.5
0.54375,0.54375,"{""clf__C"": 10.0, ""clf__class_weight"": ""balanced"", ""clf__gamma"": 0.0001}",0.25961411359053554,"[[54, 26], [47, 33]]",arousal,0.5357526133789101,0.54375,0.5357526133789101,47,0.5875,,26,0.325,0.08750000000000002,0.7137146040217446,0.09067996572520017,subject_dependent,rbf_svm,0.5346534653465347,0.559322033898305,0.6251471594067746,0.5469877496224198,0.54375,0.5469877496224198,0.54375,0.54375,0.54375,0.5718749999999999,54,0.675,33,0.4125,0.625,0.6190476190476191
0.51875,0.5541666666666667,"{""clf__C"": 30.0, ""clf__class_weight"": ""balanced"", ""clf__gamma"": 0.00030000000000000003}",0.3049775532190778,"[[25, 15], [62, 58]]",arousal,0.49736852841581336,0.51875,0.5492023989229325,62,0.5166666666666667,,15,0.375,0.07784431137724546,0.8316335360895458,0.09418064677326747,subject_dependent,rbf_svm,0.28735632183908044,0.7945205479452054,0.7748906920885266,0.5409384348921429,0.51875,0.6677294914186741,0.5541666666666667,0.51875,0.51875,0.574375,25,0.625,58,0.48333333333333334,0.375,0.36507936507936506
0.58125,0.5958333333333333,"{""clf__C"": 10.0, ""clf__class_weight"": ""balanced"", ""clf__gamma"": 0.0001}",0.22565739375356558,"[[25, 15], [52, 68]]",arousal,0.5486505831333417,0.58125,0.6093006610247989,52,0.43333333333333335,,15,0.375,0.14649681528662417,0.6439601535242859,0.1661050360843095,subject_dependent,rbf_svm,0.3246753246753247,0.8192771084337349,0.8350086783184081,0.5719762165545298,0.58125,0.6956266624941324,0.5958333333333333,0.58125,0.58125,0.6597916666666667,25,0.625,68,0.5666666666666667,0.75,0.7333333333333334
0.63125,0.49583333333333335,"{""clf__C"": 3.3333333333333335, ""clf__class_weight"": ""balanced"", ""clf__gamma"": 0.0001}",0.2549156123448456,"[[9, 31], [28, 92]]",arousal,0.49548393992838435,0.63125,0.6263427930094597,28,0.23333333333333334,,31,0.775,-0.008547008547008517,0.70317415204232,-0.00855826943271828,subject_dependent,rbf_svm,0.24324324324324326,0.7479674796747967,0.7460369470961878,0.49560536145902,0.63125,0.6217864205669084,0.49583333333333335,0.63125,0.63125,0.5354166666666668,9,0.225,92,0.7666666666666667,0.75,0.42857142857142855
0.575,0.6000000000000001,"{""clf__C"": 30.0, ""clf__class_weight"": ""balanced"", ""clf__gamma"": 0.00030000000000000003}",0.2568665889446556,"[[66, 54], [14, 26]]",arousal,0.5466666666666666,0.575,0.6033333333333333,14,0.35,,54,0.45,0.15000000000000002,0.7085273401423982,0.17320508075688773,subject_dependent,rbf_svm,0.825,0.325,0.41981786929208464,0.575,0.575,0.7,0.6000000000000001,0.575,0.575,0.6238541666666667,66,0.55,26,0.65,0.625,0.5636363636363637
0.525,0.52,"{""clf__C"": 30.0, ""clf__class_weight"": ""balanced"", ""clf__gamma"": 0.0001}",0.2794191602855771,"[[54, 46], [30, 30]]",arousal,0.5140664961636829,0.525,0.5322890025575447,30,0.5,,46,0.46,0.03797468354430378,0.7620014374039281,0.038778336716474064,subject_dependent,rbf_svm,0.6428571428571429,0.39473684210526316,0.4387258496776155,0.518796992481203,0.525,0.5498120300751881,0.52,0.525,0.525,0.5124166666666666,54,0.54,30,0.5,0.5,0.4666666666666667
0.75,0.5,"{""clf__C"": 3.3333333333333335, ""clf__class_weight"": null, ""clf__gamma"": 0.0001}",0.18529715738358174,"[[0, 40], [0, 120]]",arousal,0.42857142857142855,0.75,0.6428571428571428,0,0.0,,40,1.0,0.0,0.5578492342794524,0.0,subject_dependent,rbf_svm,0.0,0.75,0.8173329817894064,0.375,0.75,0.5625,0.5,0.75,0.75,0.6216666666666666,0,0.0,120,1.0,0.75,0.42857142857142855
0.55,0.54,"{""clf__C"": 30.0, ""clf__class_weight"": ""balanced"", ""clf__gamma"": 0.00030000000000000003}",0.2491594225331097,"[[30, 30], [42, 58]]",arousal,0.5357833655705996,0.55,0.5560928433268859,42,0.42,,30,0.5,0.07692307692307687,0.6968037716537608,0.0778498944161523,subject_dependent,rbf_svm,0.4166666666666667,0.6590909090909091,0.620260266429575,0.5378787878787878,0.55,0.5681818181818181,0.54,0.55,0.55,0.5043333333333333,30,0.5,58,0.58,0.5,0.4666666666666667
1.0,1.0,"{""clf__C"": 3.3333333333333335, ""clf__class_weight"": null, ""clf__gamma"": 0.0001}",,[[160]],arousal,1.0,1.0,1.0,,,,,,nan,,0.0,subject_dependent,rbf_svm,,,0.9999999999999999,1.0,1.0,1.0,1.0,1.0,1.0,nan,,,,,1.0,1.0
0.44375,0.45499999999999996,"{""clf__C"": 30.0, ""clf__class_weight"": ""balanced"", ""clf__gamma"": 0.0001}",0.2925563861089099,"[[41, 59], [30, 30]]",arousal,0.44110836375053963,0.44375,0.45071431374857723,30,0.5,,59,0.59,-0.0820668693009119,0.7847986268060878,-0.08769886180788844,subject_dependent,rbf_svm,0.5774647887323944,0.33707865168539325,0.3460492240566483,0.45727172020889384,0.44375,0.487319987339769,0.45499999999999996,0.44375,0.44375,0.44333333333333336,41,0.41,30,0.5,0.375,0.36507936507936506
0.41875,0.42166666666666663,"{""clf__C"": 3.3333333333333335, ""clf__class_weight"": ""balanced"", ""clf__gamma"": 0.0001}",0.32294420487272724,"[[41, 59], [34, 26]]",arousal,0.4135960591133005,0.41875,0.4273399014778326,34,0.5666666666666667,,59,0.59,-0.1446153846153846,0.8470759080231263,-0.15198899168943533,subject_dependent,rbf_svm,0.5466666666666666,0.3058823529411765,0.3306811783244325,0.42627450980392156,0.41875,0.45637254901960783,0.42166666666666663,0.41875,0.41875,0.3965,41,0.41,26,0.43333333333333335,0.25,0.25
0.45625,0.4041666666666667,"{""clf__C"": 10.0, ""clf__class_weight"": ""balanced"", ""clf__gamma"": 0.0001}",0.3526505899087063,"[[12, 28], [59, 61]]",arousal,0.3999741368162421,0.45625,0.491853097116255,59,0.49166666666666664,,28,0.7,-0.15231788079470188,0.9609331038206663,-0.1670486733589396,subject_dependent,rbf_svm,0.16901408450704225,0.6853932584269663,0.8231271803758115,0.4272036714670043,0.45625,0.5562984649469853,0.4041666666666667,0.45625,0.45625,0.4739583333333333,12,0.3,61,0.5083333333333333,0.5,0.4666666666666667
0.5875,0.5875,"{""clf__C"": 30.0, ""clf__class_weight"": ""balanced"", ""clf__gamma"": 0.00030000000000000003}",0.3084360990851452,"[[30, 50], [16, 64]]",arousal,0.5679921453117329,0.5875,0.5679921453117329,16,0.2,,50,0.625,0.17500000000000004,1.1468102248987573,0.19332886183313763,subject_dependent,rbf_svm,0.6521739130434783,0.5614035087719298,0.6839375283203826,0.606788710907704,0.5875,0.606788710907704,0.5875,0.5875,0.5875,0.6835156249999998,30,0.375,64,0.8,0.625,0.5636363636363637
0.36875,0.46166666666666667,"{""clf__C"": 10.0, ""clf__class_weight"": ""balanced"", ""clf__gamma"": 0.00030000000000000003}",0.4851793155966915,"[[9, 91], [10, 50]]",arousal,0.32438647100631296,0.36875,0.2811049793051549,10,0.16666666666666666,,91,0.91,-0.06036745406824151,1.4568382110820062,-0.11473498142967573,subject_dependent,rbf_svm,0.47368421052631576,0.3546099290780142,0.7015147696500883,0.414147069802165,0.36875,0.42903135498320266,0.46166666666666667,0.36875,0.36875,0.6778333333333333,9,0.09,50,0.8333333333333334,0.375,0.2727272727272727
0.55,0.55,"{""clf__C"": 30.0, ""clf__class_weight"": ""balanced"", ""clf__gamma"": 0.00030000000000000003}",0.34713986646624795,"[[48, 32], [40, 40]]",arousal,0.5488721804511278,0.55,0.5488721804511277,40,0.5,,32,0.4,0.09999999999999998,1.0844248355999162,0.10050378152592121,subject_dependent,rbf_svm,0.5454545454545454,0.5555555555555556,0.5867548323504249,0.5505050505050505,0.55,0.5505050505050505,0.55,0.55,0.55,0.57953125,48,0.6,40,0.5,0.625,0.6190476190476191
0.675,0.75,"{""clf__C"": 30.0, ""clf__class_weight"": ""balanced"", ""clf__gamma"": 0.00030000000000000003}",0.28580909084936884,"[[72, 48], [4, 36]]",arousal,0.6576695194206715,0.675,0.696181698485846,4,0.1,,48,0.4,0.36585365853658536,0.8733914648323721,0.43355498476205995,subject_dependent,rbf_svm,0.9473684210526315,0.42857142857142855,0.7149057308200792,0.68796992481203,0.675,0.8176691729323308,0.75,0.675,0.675,0.8441666666666667,72,0.6,36,0.9,0.75,0.7333333333333334
0.49375,0.49375,"{""clf__C"": 30.0, ""clf__class_weight"": ""balanced"", ""clf__gamma"": 0.00030000000000000003}",0.28466441359113964,"[[39, 41], [40, 40]]",arousal,0.4937302238368686,0.49375,0.49373022383686854,40,0.5,,41,0.5125,-0.012499999999999956,0.7747775220349697,-0.01250097667695582,subject_dependent,rbf_svm,0.4936708860759494,0.49382716049382713,0.49783347593389327,0.49374902328488823,0.49375,0.4937490232848883,0.49375,0.49375,0.49375,0.5134375,39,0.4875,40,0.5,0.5,0.5
0.3875,0.5833333333333334,"{""clf__C"": 3.3333333333333335, ""clf__class_weight"": ""balanced"", ""clf__gamma"": 0.00030000000000000003}",0.3789194783671731,"[[23, 97], [1, 39]]",arousal,0.38131313131313127,0.3875,0.35037878787878785,1,0.025,,97,0.8083333333333333,0.09259259259259256,1.0216672468622792,0.20211302086361083,subject_dependent,rbf_svm,0.9583333333333334,0.2867647058823529,0.3028384832551183,0.6225490196078431,0.3875,0.7904411764705882,0.5833333333333334,0.3875,0.3875,0.62125,23,0.19166666666666668,39,0.975,0.375,0.36507936507936506
0.4,0.41000000000000003,"{""clf__C"": 30.0, ""clf__class_weight"": ""balanced"", ""clf__gamma"": 0.00030000000000000003}",0.33065104463959993,"[[37, 63], [33, 27]]",arousal,0.3976470588235294,0.4,0.40705882352941175,33,0.55,,63,0.63,-0.16363636363636358,0.8898593030392042,-0.17566201313073596,subject_dependent,rbf_svm,0.5285714285714286,0.3,0.319919871927559,0.41428571428571426,0.4,0.4428571428571429,0.41000000000000003,0.4,0.4,0.3720833333333333,37,0.37,27,0.45,0.25,0.25
0.475,0.33333333333333337,"{""clf__C"": 30.0, ""clf__class_weight"": null, ""clf__gamma"": 0.00030000000000000003}",0.3735568681610403,"[[74, 46], [38, 2]]",arousal,0.34169278996865204,0.475,0.48981191222570536,38,0.95,,46,0.38333333333333336,-0.3125,1.0866345410750127,-0.314970394174356,subject_dependent,rbf_svm,0.6607142857142857,0.041666666666666664,0.15919469315155418,0.35119047619047616,0.475,0.5059523809523809,0.33333333333333337,0.475,0.475,0.20354166666666668,74,0.6166666666666667,2,0.05,0.5,0.3333333333333333
0.40625,0.385,"{""clf__C"": 30.0, ""clf__class_weight"": null, ""clf__gamma"": 0.00030000000000000003}",0.33456253212201875,"[[47, 53], [42, 18]]",arousal,0.3860818288299204,0.40625,0.4138999959610647,42,0.7,,53,0.53,-0.22186495176848875,0.9034268360943434,-0.22411931350904823,subject_dependent,rbf_svm,0.5280898876404494,0.2535211267605634,0.3134703763092547,0.3908055072005064,0.40625,0.42512660231049215,0.385,0.40625,0.40625,0.40058333333333335,47,0.47,18,0.3,0.375,0.2727272727272727
0.61875,0.5916666666666667,"{""clf__C"": 3.3333333333333335, ""clf__class_weight"": ""balanced"", ""clf__gamma"": 0.00030000000000000003}",0.24087953046248578,"[[29, 31], [30, 70]]",arousal,0.5919561854592583,0.61875,0.6180964923282746,30,0.3,,31,0.5166666666666667,0.18394648829431437,0.6888283325990174,0.18396295085580744,subject_dependent,rbf_svm,0.4915254237288136,0.693069306930693,0.7387211459503427,0.5922973653297533,0.61875,0.6174903507299883,0.5916666666666667,0.61875,0.61875,0.6109166666666667,29,0.48333333333333334,70,0.7,0.625,0.5636363636363637
0.6375,0.6916666666666667,"{""clf__C"": 3.3333333333333335, ""clf__class_weight"": ""balanced"", ""clf__gamma"": 0.00030000000000000003}",0.1719405796131969,"[[32, 8], [50, 70]]",arousal,0.6158304355025667,0.6375,0.6614505712866368,50,0.4166666666666667,,8,0.2,0.28395061728395066,0.5187398015361022,0.33208019606522765,subject_dependent,rbf_svm,0.3902439024390244,0.8974358974358975,0.9053395879940129,0.6438398999374609,0.6375,0.7706378986866792,0.6916666666666667,0.6375,0.6375,0.7585416666666668,32,0.8,70,0.5833333333333334,0.625,0.6190476190476191
0.6,0.75,"{""clf__C"": 10.0, ""clf__class_weight"": ""balanced"", ""clf__gamma"": 0.0001}",0.1650369312214648,"[[19, 1], [63, 77]]",arousal,0.5394855189782335,0.6,0.6646878935060262,63,0.45,,1,0.05,0.21472392638036808,0.5058507625730873,0.3308223120140613,subject_dependent,rbf_svm,0.23170731707317074,0.9871794871794872,0.9707016871054581,0.609443402126329,0.6,0.8927454659161975,0.75,0.6,0.6,0.8117857142857142,19,0.95,77,0.55,0.625,0.5636363636363637
0.50625,0.505,"{""clf__C"": 30.0, ""clf__class_weight"": ""balanced"", ""clf__gamma"": 0.0001}",0.31757645960796255,"[[51, 49], [30, 30]]",arousal,0.49759529393060137,0.50625,0.5140804483485035,30,0.5,,49,0.49,0.009404388714733591,0.8607828128343566,0.009683214896235446,subject_dependent,rbf_svm,0.6296296296296297,0.379746835443038,0.4269998586606958,0.5046882325363338,0.50625,0.5359235818096577,0.505,0.50625,0.50625,0.4804999999999999,51,0.51,30,0.5,0.625,0.5636363636363637
0.38125,0.38125,"{""clf__C"": 3.3333333333333335, ""clf__class_weight"": ""balanced"", ""clf__gamma"": 0.0001}",0.3259995096049556,"[[37, 43], [56, 24]]",arousal,0.3771381384923912,0.38125,0.37713813849239114,56,0.7,,43,0.5375,-0.23750000000000004,0.8750113336067349,-0.2406992435021357,subject_dependent,rbf_svm,0.3978494623655914,0.3582089552238806,0.3959645909387618,0.378029208794736,0.38125,0.378029208794736,0.38125,0.38125,0.38125,0.317109375,37,0.4625,24,0.3,0.375,0.36507936507936506
0.73125,0.7516666666666667,"{""clf__C"": 3.3333333333333335, ""clf__class_weight"": ""balanced"", ""clf__gamma"": 0.00030000000000000003}",0.16315752536769784,"[[50, 10], [33, 67]]",arousal,0.7281814230966773,0.73125,0.7354016040456719,33,0.33,,10,0.16666666666666666,0.46749226006191946,0.4884233192182412,0.4876934344828287,subject_dependent,rbf_svm,0.6024096385542169,0.8701298701298701,0.8990548751093819,0.7362697543420436,0.73125,0.7697347832890001,0.7516666666666667,0.73125,0.73125,0.8290000000000001,50,0.8333333333333334,67,0.67,0.875,0.873015873015873
0.825,0.85,"{""clf__C"": 30.0, ""clf__class_weight"": ""balanced"", ""clf__gamma"": 0.0001}",0.11527173047384356,"[[57, 3], [25, 75]]",arousal,0.8227567653109669,0.825,0.827741731286596,25,0.25,,3,0.05,0.6521739130434783,0.37416264202177063,0.6779839886978022,subject_dependent,rbf_svm,0.6951219512195121,0.9615384615384616,0.9622283266508702,0.8283302063789868,0.825,0.8616322701688557,0.85,0.825,0.825,0.9331666666666667,57,0.95,75,0.75,0.875,0.873015873015873
0.56875,0.6625,"{""clf__C"": 30.0, ""clf__class_weight"": ""balanced"", ""clf__gamma"": 0.00030000000000000003}",0.43191754745302313,"[[57, 63], [6, 34]]",arousal,0.5596505923178174,0.56875,0.5913007059949743,6,0.15,,63,0.525,0.22033898305084743,1.95793569579617,0.28803670741906306,subject_dependent,rbf_svm,0.9047619047619048,0.35051546391752575,0.4668969651917066,0.6276386843397153,0.56875,0.76620029455081,0.6625,0.56875,0.56875,0.73625,57,0.475,34,0.85,0.625,0.6190476190476191
0.675,0.6799999999999999,"{""clf__C"": 3.3333333333333335, ""clf__class_weight"": ""balanced"", ""clf__gamma"": 0.00030000000000000003}",0.20023822322161305,"[[42, 18], [34, 66]]",arousal,0.6675191815856778,0.675,0.6799872122762148,34,0.34,,18,0.3,0.3417721518987342,0.5851800069682407,0.3490050304482666,subject_dependent,rbf_svm,0.5526315789473685,0.7857142857142857,0.8226084975278689,0.6691729323308271,0.675,0.6983082706766918,0.6799999999999999,0.675,0.675,0.7393333333333333,42,0.7,66,0.66,0.75,0.75
0.56875,0.5283333333333333,"{""clf__C"": 3.3333333333333335, ""clf__class_weight"": ""balanced"", ""clf__gamma"": 0.00030000000000000003}",0.31315956416282753,"[[22, 38], [31, 69]]",arousal,0.528023598820059,0.56875,0.5626843657817109,31,0.31,,38,0.6333333333333333,0.058020477815699634,0.9527363829099531,0.05828723691097426,subject_dependent,rbf_svm,0.41509433962264153,0.6448598130841121,0.705447072777811,0.5299770763533769,0.56875,0.5586977605360606,0.5283333333333333,0.56875,0.56875,0.5638333333333332,22,0.36666666666666664,69,0.69,0.5,0.4666666666666667
0.49375,0.4716666666666667,"{""clf__C"": 30.0, ""clf__class_weight"": ""balanced"", ""clf__gamma"": 0.00030000000000000003}",0.3396945234926124,"[[56, 44], [37, 23]]",arousal,0.47125780261923217,0.49375,0.498521072171678,37,0.6166666666666667,,44,0.44,-0.055374592833876246,1.000650184032827,-0.055606353494682174,subject_dependent,rbf_svm,0.6021505376344086,0.34328358208955223,0.381309790258207,0.4727170598619804,0.49375,0.5050754293050874,0.4716666666666667,0.49375,0.49375,0.46708333333333335,56,0.56,23,0.38333333333333336,0.5,0.4666666666666667
0.575,0.575,"{""clf__C"": 30.0, ""clf__class_weight"": ""balanced"", ""clf__gamma"": 0.0001}",0.28222484316563456,"[[49, 31], [37, 43]]",arousal,0.5744015021123454,0.575,0.5744015021123455,37,0.4625,,31,0.3875,0.15000000000000002,0.7950943228757683,0.15042366316917005,subject_dependent,rbf_svm,0.5697674418604651,0.581081081081081,0.5427367539216312,0.5754242614707731,0.575,0.5754242614707732,0.575,0.575,0.575,0.5778125,49,0.6125,43,0.5375,0.5,0.4666666666666667
0.55,0.47000000000000003,"{""clf__C"": 3.3333333333333335, ""clf__class_weight"": ""balanced"", ""clf__gamma"": 0.0001}",0.28557990607836475,"[[79, 21], [51, 9]]",arousal,0.4434782608695652,0.55,0.5043478260869565,51,0.85,,21,0.21,-0.06666666666666665,0.7884939364999756,-0.07442084075352508,subject_dependent,rbf_svm,0.6076923076923076,0.3,0.3425472047550686,0.4538461538461538,0.55,0.49230769230769234,0.47000000000000003,0.55,0.55,0.48516666666666663,79,0.79,9,0.15,0.5,0.3333333333333333
0.575,0.5433333333333333,"{""clf__C"": 30.0, ""clf__class_weight"": ""balanced"", ""clf__gamma"": 0.00030000000000000003}",0.24107608289574492,"[[67, 33], [35, 25]]",arousal,0.5435475750964927,0.575,0.5735022654807854,35,0.5833333333333334,,33,0.33,0.08724832214765099,0.6747620295317569,0.08727977857199909,subject_dependent,rbf_svm,0.6568627450980392,0.43103448275862066,0.5649320781984049,0.5439486139283299,0.575,0.5721771467207573,0.5433333333333333,0.575,0.575,0.6406666666666667,67,0.67,25,0.4166666666666667,0.75,0.6666666666666667
0.63125,0.63125,"{""clf__C"": 30.0, ""clf__class_weight"": ""balanced"", ""clf__gamma"": 0.00030000000000000003}",0.242369456486604,"[[62, 18], [41, 39]]",arousal,0.6234693470543655,0.63125,0.6234693470543655,41,0.5125,,18,0.225,0.26249999999999996,0.7144251353502469,0.2740711073713514,subject_dependent,rbf_svm,0.6019417475728155,0.6842105263157895,0.7187099818024724,0.6430761369443025,0.63125,0.6430761369443024,0.63125,0.63125,0.63125,0.6709375,62,0.775,39,0.4875,0.625,0.5636363636363637
0.7125,0.6166666666666667,"{""clf__C"": 30.0, ""clf__class_weight"": null, ""clf__gamma"": 0.00030000000000000003}",0.178343419424626,"[[97, 23], [23, 17]]",arousal,0.6166666666666667,0.7125,0.7125,23,0.575,,23,0.19166666666666668,0.23333333333333328,0.5265323572079817,0.23333333333333334,subject_dependent,rbf_svm,0.8083333333333333,0.425,0.5125809490478567,0.6166666666666667,0.7125,0.7125,0.6166666666666667,0.7125,0.7125,0.7458333333333333,97,0.8083333333333333,17,0.425,0.875,0.7948717948717949
0.675,0.7071428571428571,"{""clf__C"": 30.0, ""clf__class_weight"": null, ""clf__gamma"": 0.00030000000000000003}",0.22358819897678134,"[[93, 47], [5, 15]]",arousal,0.5736831317893011,0.675,0.7295552367288378,5,0.25,,47,0.3357142857142857,0.21804511278195493,0.6366544254406731,0.28123546808231126,subject_dependent,rbf_svm,0.9489795918367347,0.24193548387096775,0.2881321686922104,0.5954575378538512,0.675,0.8605990783410139,0.7071428571428571,0.675,0.675,0.7239285714285715,93,0.6642857142857143,15,0.75,0.875,0.7948717948717949
0.775,0.8071428571428572,"{""clf__C"": 30.0, ""clf__class_weight"": ""balanced"", ""clf__gamma"": 0.00030000000000000003}",0.11466379267145474,"[[17, 3], [33, 107]]",arousal,0.6708571428571428,0.775,0.8097142857142858,33,0.2357142857142857,,3,0.15,0.3739130434782608,0.36299056065193486,0.438296584636358,subject_dependent,rbf_svm,0.34,0.9727272727272728,0.979633312034119,0.6563636363636364,0.775,0.8936363636363638,0.8071428571428572,0.775,0.775,0.8646428571428572,17,0.85,107,0.7642857142857142,0.875,0.7948717948717949
0.6125,0.6499999999999999,"{""clf__C"": 30.0, ""clf__class_weight"": ""balanced"", ""clf__gamma"": 0.00030000000000000003}",0.22434262550746525,"[[84, 56], [6, 14]]",arousal,0.5207729468599034,0.6125,0.6780193236714976,6,0.3,,56,0.4,0.1448275862068965,0.6503785230588803,0.2,subject_dependent,rbf_svm,0.9333333333333333,0.2,0.23159304595656965,0.5666666666666667,0.6125,0.8416666666666666,0.6499999999999999,0.6125,0.6125,0.6775000000000001,84,0.6,14,0.7,0.875,0.7948717948717949
0.65625,0.7607142857142857,"{""clf__C"": 30.0, ""clf__class_weight"": ""balanced"", ""clf__gamma"": 0.00030000000000000003}",0.17432455712484812,"[[18, 2], [53, 87]]",arousal,0.5777148615576563,0.65625,0.7142977110226019,53,0.37857142857142856,,2,0.1,0.24914675767918093,0.5174435007742719,0.34709604285638784,subject_dependent,rbf_svm,0.2535211267605634,0.9775280898876404,0.9705312445659349,0.6155246083241019,0.65625,0.8870272194967557,0.7607142857142857,0.65625,0.65625,0.8110714285714286,18,0.9,87,0.6214285714285714,0.875,0.7948717948717949
0.375,0.3666666666666667,"{""clf__C"": 30.0, ""clf__class_weight"": ""balanced"", ""clf__gamma"": 0.0001}",0.3131066966416605,"[[40, 60], [40, 20]]",arousal,0.36507936507936506,0.375,0.3849206349206349,40,0.6666666666666666,,60,0.6,-0.25,0.8297197849021962,-0.25819888974716115,subject_dependent,rbf_svm,0.5,0.25,0.3350802442434033,0.375,0.375,0.40625,0.3666666666666667,0.375,0.375,0.3470833333333333,40,0.4,20,0.3333333333333333,0.125,0.1111111111111111
0.5875,0.59,"{""clf__C"": 30.0, ""clf__class_weight"": ""balanced"", ""clf__gamma"": 0.0001}",0.2471586194728128,"[[58, 42], [24, 36]]",arousal,0.57955088389871,0.5875,0.5940038222646918,24,0.4,,42,0.42,0.16981132075471694,0.6878826390470565,0.1743387399508634,subject_dependent,rbf_svm,0.7073170731707317,0.46153846153846156,0.4190219276660795,0.5844277673545966,0.5875,0.6151500938086304,0.59,0.5875,0.5875,0.6105,58,0.58,36,0.6,0.75,0.7333333333333334
0.43125,0.4216666666666667,"{""clf__C"": 3.3333333333333335, ""clf__class_weight"": ""balanced"", ""clf__gamma"": 0.00030000000000000003}",0.2955483817780884,"[[23, 37], [54, 46]]",arousal,0.4192493318974113,0.43125,0.4401200590323482,54,0.54,,37,0.6166666666666667,-0.1482649842271293,0.7903377037226406,-0.15179861868008576,subject_dependent,rbf_svm,0.2987012987012987,0.5542168674698795,0.5455022285522706,0.4264590830855891,0.43125,0.45839852918166174,0.4216666666666667,0.43125,0.43125,0.3569166666666667,23,0.38333333333333336,46,0.46,0.25,0.2
0.5125,0.53,"{""clf__C"": 10.0, ""clf__class_weight"": ""balanced"", ""clf__gamma"": 0.00030000000000000003}",0.266709640741082,"[[36, 24], [54, 46]]",arousal,0.5105882352941176,0.5125,0.518235294117647,54,0.54,,24,0.4,0.054545454545454564,0.7294178205127815,0.05855400437691199,subject_dependent,rbf_svm,0.4,0.6571428571428571,0.6638413754723522,0.5285714285714286,0.5125,0.5607142857142857,0.53,0.5125,0.5125,0.5183333333333333,36,0.6,46,0.46,0.5,0.4666666666666667
0.39375,0.4116666666666667,"{""clf__C"": 30.0, ""clf__class_weight"": ""balanced"", ""clf__gamma"": 0.00030000000000000003}",0.29760846648960443,"[[29, 31], [66, 34]]",arousal,0.3931573802541545,0.39375,0.39789833822091886,66,0.66,,31,0.5166666666666667,-0.15820895522388057,0.7935496361835345,-0.1741453005251843,subject_dependent,rbf_svm,0.30526315789473685,0.5230769230769231,0.5990967801791862,0.41417004048582995,0.39375,0.44139676113360327,0.4116666666666667,0.39375,0.39375,0.43716666666666665,29,0.48333333333333334,34,0.34,0.25,0.25
0.58125,0.5583333333333333,"{""clf__C"": 30.0, ""clf__class_weight"": ""balanced"", ""clf__gamma"": 0.00030000000000000003}",0.2497883614927475,"[[28, 32], [35, 65]]",arousal,0.5575915150014444,0.58125,0.5831682555404234,35,0.35,,32,0.5333333333333333,0.11551155115511547,0.7249143543606569,0.11560224627255643,subject_dependent,rbf_svm,0.4444444444444444,0.6701030927835051,0.7971820714330695,0.5572737686139748,0.58125,0.5854810996563573,0.5583333333333333,0.58125,0.58125,0.6618333333333334,28,0.4666666666666667,65,0.65,0.5,0.4666666666666667
0.64375,0.64375,"{""clf__C"": 30.0, ""clf__class_weight"": ""balanced"", ""clf__gamma"": 0.00030000000000000003}",0.23190193973598236,"[[63, 17], [40, 40]]",arousal,0.6362330980016753,0.64375,0.6362330980016753,40,0.5,,17,0.2125,0.2875,0.697277258042489,0.3001731175971944,subject_dependent,rbf_svm,0.6116504854368932,0.7017543859649122,0.7281359314032458,0.6567024357009027,0.64375,0.6567024357009027,0.64375,0.64375,0.64375,0.7153125,63,0.7875,40,0.5,0.75,0.7333333333333334
0.55625,0.5107142857142857,"{""clf__C"": 10.0, ""clf__class_weight"": ""balanced"", ""clf__gamma"": 0.0001}",0.22052815259533437,"[[9, 11], [60, 80]]",arousal,0.44744394182596425,0.55625,0.6313415049370106,60,0.42857142857142855,,11,0.55,0.010452961672473893,0.6355631692997233,0.014309583499160951,subject_dependent,rbf_svm,0.13043478260869565,0.8791208791208791,0.8933874827581417,0.5047778308647873,0.55625,0.7855351170568562,0.5107142857142857,0.55625,0.55625,0.4973214285714286,9,0.45,80,0.5714285714285714,0.375,0.2727272727272727
0.75625,0.75625,"{""clf__C"": 30.0, ""clf__class_weight"": null, ""clf__gamma"": 0.00030000000000000003}",0.17383255041901946,"[[56, 24], [15, 65]]",arousal,0.7554763117677026,0.75625,0.7554763117677025,15,0.1875,,24,0.3,0.5125,0.5227815278829542,0.515774277103526,subject_dependent,rbf_svm,0.7887323943661971,0.7303370786516854,0.7810948709683645,0.7595347365089413,0.75625,0.7595347365089413,0.75625,0.75625,0.75625,0.8145312499999999,56,0.7,65,0.8125,1.0,1.0
0.55625,0.5183333333333333,"{""clf__C"": 30.0, ""clf__class_weight"": ""balanced"", ""clf__gamma"": 0.00030000000000000003}",0.2893955847424697,"[[22, 38], [33, 67]]",arousal,0.51813361611877,0.55625,0.552014846235419,33,0.33,,38,0.6333333333333333,0.037288135593220306,0.8214089001832511,0.03737412737209254,subject_dependent,rbf_svm,0.4,0.638095238095238,0.6734825741833508,0.519047619047619,0.55625,0.5488095238095237,0.5183333333333333,0.55625,0.55625,0.5486666666666666,22,0.36666666666666664,67,0.67,0.5,0.4666666666666667
0.50625,0.4375,"{""clf__C"": 30.0, ""clf__class_weight"": ""balanced"", ""clf__gamma"": 0.00030000000000000003}",0.23321203827825818,"[[12, 28], [51, 69]]",arousal,0.4344772045993468,0.50625,0.5352109525300881,51,0.425,,28,0.7,-0.10489510489510478,0.6578326169204884,-0.11078334900733194,subject_dependent,rbf_svm,0.19047619047619047,0.711340206185567,0.7544221412420635,0.45090819833087875,0.50625,0.5811242022582229,0.4375,0.50625,0.50625,0.43770833333333337,12,0.3,69,0.575,0.25,0.2
0.51875,0.4916666666666667,"{""clf__C"": 30.0, ""clf__class_weight"": ""balanced"", ""clf__gamma"": 0.0001}",0.25504229314470034,"[[23, 37], [40, 60]]",arousal,0.49156039783748096,0.51875,0.5209545623375016,40,0.4,,37,0.6166666666666667,-0.01650165016501659,0.7063683854612837,-0.016514606610365204,subject_dependent,rbf_svm,0.36507936507936506,0.6185567010309279,0.6321268078345296,0.4918180330551465,0.51875,0.5235027000490918,0.4916666666666667,0.51875,0.51875,0.4975,23,0.38333333333333336,60,0.6,0.625,0.6190476190476191
0.49375,0.5541666666666667,"{""clf__C"": 10.0, ""clf__class_weight"": ""balanced"", ""clf__gamma"": 0.0001}",0.2212298493894933,"[[27, 13], [68, 52]]",arousal,0.4810810810810811,0.49375,0.5216216216216216,68,0.5666666666666667,,13,0.325,0.07428571428571429,0.6347763305865078,0.09551338658818385,subject_dependent,rbf_svm,0.28421052631578947,0.8,0.7648653183568086,0.5421052631578948,0.49375,0.6710526315789473,0.5541666666666667,0.49375,0.49375,0.5583333333333333,27,0.675,52,0.43333333333333335,0.25,0.25
0.43125,0.38749999999999996,"{""clf__C"": 30.0, ""clf__class_weight"": null, ""clf__gamma"": 0.00030000000000000003}",0.27486729711340163,"[[12, 28], [63, 57]]",arousal,0.38239660657476143,0.43125,0.46924708377518554,63,0.525,,28,0.7,-0.17419354838709666,0.746679109169956,-0.19523741203679054,subject_dependent,rbf_svm,0.16,0.6705882352941176,0.7318707559284354,0.4152941176470588,0.43125,0.5429411764705883,0.38749999999999996,0.43125,0.43125,0.41104166666666664,12,0.3,57,0.475,0.375,0.2727272727272727
0.3875,0.4033333333333333,"{""clf__C"": 3.3333333333333335, ""clf__class_weight"": ""balanced"", ""clf__gamma"": 0.0001}",0.2871012849664919,"[[28, 32], [66, 34]]",arousal,0.38663745892661555,0.3875,0.39238773274917854,66,0.66,,32,0.5333333333333333,-0.17365269461077837,0.7709992558378831,-0.19012817059842615,subject_dependent,rbf_svm,0.2978723404255319,0.5151515151515151,0.5443461025350235,0.4065119277885235,0.3875,0.43367182462927145,0.4033333333333333,0.3875,0.3875,0.3475,28,0.4666666666666667,34,0.34,0.375,0.36507936507936506
0.81875,0.8283333333333334,"{""clf__C"": 10.0, ""clf__class_weight"": ""balanced"", ""clf__gamma"": 0.00030000000000000003}",0.1211612893369975,"[[79, 21], [8, 52]]",arousal,0.8134373366571509,0.81875,0.8213079490169275,8,0.13333333333333333,,21,0.21,0.6293929712460065,0.39171879468294,0.6382628105374568,subject_dependent,rbf_svm,0.9080459770114943,0.7123287671232876,0.8756815002288646,0.8101873720673909,0.81875,0.8346520233034168,0.8283333333333334,0.81875,0.81875,0.916,79,0.79,52,0.8666666666666667,0.875,0.873015873015873
0.6625,0.69,"{""clf__C"": 30.0, ""clf__class_weight"": ""balanced"", ""clf__gamma"": 0.00030000000000000003}",0.22041614381716412,"[[58, 42], [12, 48]]",arousal,0.6611764705882353,0.6625,0.666470588235294,12,0.2,,42,0.42,0.34545454545454546,0.6358470744431901,0.3708420277204426,subject_dependent,rbf_svm,0.8285714285714286,0.5333333333333333,0.6905914949165003,0.680952380952381,0.6625,0.7178571428571429,0.69,0.6625,0.6625,0.7701666666666668,58,0.58,48,0.8,0.875,0.873015873015873
0.6375,0.6375,"{""clf__C"": 10.0, ""clf__class_weight"": null, ""clf__gamma"": 0.00030000000000000003}",0.26476418909841715,"[[43, 37], [21, 59]]",arousal,0.6338383838383839,0.6375,0.6338383838383839,21,0.2625,,37,0.4625,0.275,0.7753109269307974,0.28067069969390585,subject_dependent,rbf_svm,0.671875,0.6145833333333334,0.5484893696996294,0.6432291666666667,0.6375,0.6432291666666667,0.6375,0.6375,0.6375,0.61234375,43,0.5375,59,0.7375,0.625,0.6190476190476191
0.54375,0.5916666666666667,"{""clf__C"": 10.0, ""clf__class_weight"": ""balanced"", ""clf__gamma"": 0.0001}",0.267449421395327,"[[47, 13], [60, 40]]",arousal,0.5428750342452351,0.54375,0.5378752299322923,60,0.6,,13,0.21666666666666667,0.1585014409221902,0.7350979739592512,0.18857635471197556,subject_dependent,rbf_svm,0.4392523364485981,0.7547169811320755,0.748335901366785,0.5969846587903368,0.54375,0.6364177393757715,0.5916666666666667,0.54375,0.54375,0.6363333333333334,47,0.7833333333333333,40,0.4,0.625,0.6190476190476191
0.71875,0.7216666666666667,"{""clf__C"": 10.0, ""clf__class_weight"": ""balanced"", ""clf__gamma"": 0.0001}",0.20016029772341618,"[[44, 16], [29, 71]]",arousal,0.7105062120541996,0.71875,0.7227192312331632,29,0.29,,16,0.26666666666666666,0.4249201277955271,0.5857865832309253,0.43090839493137945,subject_dependent,rbf_svm,0.6027397260273972,0.8160919540229885,0.8496839456218411,0.7094158400251929,0.71875,0.7360848685246417,0.7216666666666667,0.71875,0.71875,0.76375,44,0.7333333333333333,71,0.71,0.875,0.873015873015873
0.75625,0.7958333333333334,"{""clf__C"": 10.0, ""clf__class_weight"": ""balanced"", ""clf__gamma"": 0.00030000000000000003}",0.15046357400239818,"[[35, 5], [34, 86]]",arousal,0.7286838558198183,0.75625,0.7719248662985347,34,0.2833333333333333,,5,0.125,0.47651006711409394,0.4533096427033835,0.5173119131024361,subject_dependent,rbf_svm,0.5072463768115942,0.945054945054945,0.9471440161534397,0.7261506609332696,0.75625,0.8356028029941074,0.7958333333333334,0.75625,0.75625,0.8354166666666666,35,0.875,86,0.7166666666666667,0.75,0.7333333333333334
0.1125,0.12857142857142856,"{""clf__C"": 3.3333333333333335, ""clf__class_weight"": ""balanced"", ""clf__gamma"": 0.00030000000000000003}",0.5070793878595234,"[[3, 17], [125, 15]]",arousal,0.10747957259585167,0.1125,0.157683846637335,125,0.8928571428571429,,17,0.85,-0.22413793103448265,1.5767702379105413,-0.6141922686399942,subject_dependent,rbf_svm,0.0234375,0.46875,0.7162147731428214,0.24609375,0.1125,0.4130859375,0.12857142857142856,0.1125,0.1125,0.04535714285714285,3,0.15,15,0.10714285714285714,0.0,0.0
0.56875,0.6083333333333334,"{""clf__C"": 30.0, ""clf__class_weight"": ""balanced"", ""clf__gamma"": 0.00030000000000000003}",0.3197955758606892,"[[46, 14], [55, 45]]",arousal,0.568733153638814,0.56875,0.5680592991913747,55,0.55,,14,0.23333333333333334,0.19061583577712615,1.0001661745729156,0.21741076010231786,subject_dependent,rbf_svm,0.45544554455445546,0.7627118644067796,0.7962323716888258,0.6090787044806175,0.56875,0.6474869944621581,0.6083333333333334,0.56875,0.56875,0.6463333333333334,46,0.7666666666666667,45,0.45,0.5,0.5
0.65625,0.65625,"{""clf__C"": 30.0, ""clf__class_weight"": ""balanced"", ""clf__gamma"": 0.00030000000000000003}",0.24171364095834277,"[[59, 21], [34, 46]]",arousal,0.6539656324957729,0.65625,0.6539656324957729,34,0.425,,21,0.2625,0.3125,0.6982301735841435,0.3167095309238627,subject_dependent,rbf_svm,0.6344086021505376,0.6865671641791045,0.7705682384130029,0.6604878831648211,0.65625,0.660487883164821,0.65625,0.65625,0.65625,0.7003125,59,0.7375,46,0.575,0.75,0.75
0.63125,0.645,"{""clf__C"": 10.0, ""clf__class_weight"": ""balanced"", ""clf__gamma"": 0.00030000000000000003}",0.2298775602969861,"[[42, 18], [41, 59]]",arousal,0.627039627039627,0.63125,0.6369463869463869,41,0.41,,18,0.3,0.2693498452012384,0.6622604060461159,0.2809889324503715,subject_dependent,rbf_svm,0.5060240963855421,0.7662337662337663,0.8429426163515483,0.6361289313096542,0.63125,0.6686551400406822,0.645,0.63125,0.63125,0.7231666666666668,42,0.7,59,0.59,0.625,0.6190476190476191
0.425,0.45333333333333337,"{""clf__learning_rate"": 0.05, ""clf__max_depth"": 5, ""clf__max_iter"": 400}",0.46597078842258277,"[[34, 26], [66, 34]]",valence,0.425,0.425,0.425,66,0.66,,26,0.43333333333333335,-0.08235294117647052,1.8094472678732594,-0.09333333333333334,subject_dependent,hgb,0.34,0.5666666666666667,0.5881198847356309,0.45333333333333337,0.425,0.48166666666666663,0.45333333333333337,0.425,0.425,0.5071666666666667,34,0.5666666666666667,34,0.34,0.125,0.1111111111111111
0.525,0.525,"{""clf__learning_rate"": 0.1, ""clf__max_depth"": 5, ""clf__max_iter"": 400}",0.430301659908016,"[[59, 21], [55, 25]]",valence,0.5025364097529046,0.525,0.5025364097529046,55,0.6875,,21,0.2625,0.050000000000000044,2.274677113990233,0.05523681766661075,subject_dependent,hgb,0.5175438596491229,0.5434782608695652,0.5410484443564088,0.530511060259344,0.525,0.5305110602593441,0.525,0.525,0.525,0.5343749999999999,59,0.7375,25,0.3125,0.5,0.4666666666666667
0.71875,0.6208333333333333,"{""clf__learning_rate"": 0.05, ""clf__max_depth"": 5, ""clf__max_iter"": 200}",0.18104214950985698,"[[98, 22], [23, 17]]",valence,0.6218288775670991,0.71875,0.7175534429329271,23,0.575,,22,0.18333333333333332,0.24369747899159666,0.5366287143779322,0.2437319044019946,subject_dependent,hgb,0.8099173553719008,0.4358974358974359,0.5409114737257179,0.6229073956346683,0.71875,0.7164123755032845,0.6208333333333333,0.71875,0.71875,0.735,98,0.8166666666666667,17,0.425,0.875,0.7948717948717949
0.66875,0.6583333333333333,"{""clf__learning_rate"": 0.05, ""clf__max_depth"": 3, ""clf__max_iter"": 200}",0.24100486101069835,"[[70, 30], [23, 37]]",valence,0.6540328831953001,0.66875,0.6718718126555424,23,0.38333333333333336,,30,0.3,0.30944625407166126,0.6947479060586408,0.3107413871761651,subject_dependent,hgb,0.7526881720430108,0.5522388059701493,0.542827242282314,0.65246348900658,0.66875,0.6775196597656877,0.6583333333333333,0.66875,0.66875,0.6788333333333333,70,0.7,37,0.6166666666666667,0.75,0.7333333333333334
0.525,0.52,"{""clf__learning_rate"": 0.1, ""clf__max_depth"": null, ""clf__max_iter"": 400}",0.41259082729968555,"[[30, 30], [46, 54]]",valence,0.5140664961636829,0.525,0.5322890025575447,46,0.46,,30,0.5,0.03797468354430378,2.2975865498639645,0.038778336716474064,subject_dependent,hgb,0.39473684210526316,0.6428571428571429,0.6245777615077363,0.518796992481203,0.525,0.5498120300751881,0.52,0.525,0.525,0.5146666666666666,30,0.5,54,0.54,0.375,0.36507936507936506
0.38125,0.3035714285714286,"{""clf__learning_rate"": 0.1, ""clf__max_depth"": null, ""clf__max_iter"": 400}",0.5783797655778752,"[[57, 83], [16, 4]]",valence,0.30498881137291034,0.38125,0.4776556535474529,16,0.8,,83,0.5928571428571429,-0.16129032258064524,4.067871444123571,-0.2608510643528771,subject_dependent,hgb,0.7808219178082192,0.04597701149425287,0.08701990361960292,0.413399464651236,0.38125,0.6889663045189734,0.3035714285714286,0.38125,0.38125,0.2814285714285714,57,0.40714285714285714,4,0.2,0.375,0.2727272727272727
0.6,0.6,"{""clf__learning_rate"": 0.1, ""clf__max_depth"": 5, ""clf__max_iter"": 400}",0.35050375640913417,"[[33, 47], [17, 63]]",valence,0.5854251012145748,0.6,0.5854251012145749,17,0.2125,,47,0.5875,0.19999999999999996,1.856725335092105,0.21574395598823745,subject_dependent,hgb,0.66,0.5727272727272728,0.6417861205940745,0.6163636363636364,0.6,0.6163636363636364,0.6,0.6,0.6,0.62671875,33,0.4125,63,0.7875,0.5,0.4666666666666667
0.75625,0.7708333333333334,"{""clf__learning_rate"": 0.1, ""clf__max_depth"": 5, ""clf__max_iter"": 400}",0.22259811404930124,"[[89, 31], [8, 32]]",valence,0.7208178604984117,0.75625,0.7705471790971321,8,0.2,,31,0.25833333333333336,0.4545454545454546,1.5738605960165495,0.48006117903177176,subject_dependent,hgb,0.9175257731958762,0.5079365079365079,0.48665213117776124,0.712731140566192,0.75625,0.8151284568810342,0.7708333333333334,0.75625,0.75625,0.8020833333333334,89,0.7416666666666667,32,0.8,0.875,0.8545454545454545
0.625,0.625,"{""clf__learning_rate"": 0.1, ""clf__max_depth"": 3, ""clf__max_iter"": 400}",0.27456444340854047,"[[56, 24], [36, 44]]",valence,0.6228786926461345,0.625,0.6228786926461346,36,0.45,,24,0.3,0.25,0.9018839998940408,0.25286086871208685,subject_dependent,hgb,0.6086956521739131,0.6470588235294118,0.7528254959804703,0.6278772378516624,0.625,0.6278772378516624,0.625,0.625,0.625,0.73140625,56,0.7,44,0.55,0.75,0.7333333333333334
0.6875,0.6875,"{""clf__learning_rate"": 0.05, ""clf__max_depth"": 3, ""clf__max_iter"": 400}",0.2138487937912199,"[[48, 32], [18, 62]]",valence,0.685088962368131,0.6875,0.685088962368131,18,0.225,,32,0.4,0.375,0.6243690617424893,0.38087753708926914,subject_dependent,hgb,0.7272727272727273,0.6595744680851063,0.7963604807250861,0.6934235976789168,0.6875,0.6934235976789168,0.6875,0.6875,0.6875,0.78015625,48,0.6,62,0.775,0.75,0.7333333333333334
0.625,0.5266666666666667,"{""clf__learning_rate"": 0.05, ""clf__max_depth"": 3, ""clf__max_iter"": 200}",0.3037531077565302,"[[92, 8], [52, 8]]",valence,0.48231233822260566,0.625,0.5502588438308887,52,0.8666666666666667,,8,0.08,0.0625,1.0519632950205473,0.08606629658238704,subject_dependent,hgb,0.6388888888888888,0.5,0.4351110739760094,0.5694444444444444,0.625,0.5868055555555556,0.5266666666666667,0.625,0.625,0.5211666666666667,92,0.92,8,0.13333333333333333,0.625,0.38461538461538464
0.8125,0.7749999999999999,"{""clf__learning_rate"": 0.1, ""clf__max_depth"": 3, ""clf__max_iter"": 200}",0.15111730046365895,"[[102, 18], [12, 28]]",valence,0.7614788312462731,0.8125,0.8166368515205725,12,0.3,,18,0.15,0.5238095238095238,0.4934679422057677,0.5262013605584338,subject_dependent,hgb,0.8947368421052632,0.6086956521739131,0.6189828577585099,0.7517162471395882,0.8125,0.8232265446224256,0.7749999999999999,0.8125,0.8125,0.7881250000000001,102,0.85,28,0.7,0.875,0.7948717948717949
0.5875,0.6633333333333333,"{""clf__learning_rate"": 0.05, ""clf__max_depth"": 3, ""clf__max_iter"": 200}",0.3233783335861789,"[[58, 2], [64, 36]]",valence,0.57955088389871,0.5875,0.5650979455327281,64,0.64,,2,0.03333333333333333,0.27071823204419887,1.0445799224917436,0.37162826048613024,subject_dependent,hgb,0.47540983606557374,0.9473684210526315,0.8443582213972471,0.7113891285591026,0.5875,0.7703839516824849,0.6633333333333333,0.5875,0.5875,0.7373333333333334,58,0.9666666666666667,36,0.36,0.5,0.4666666666666667
0.44375,0.5449999999999999,"{""clf__learning_rate"": 0.05, ""clf__max_depth"": 3, ""clf__max_iter"": 200}",0.4284262223117759,"[[57, 3], [86, 14]]",valence,0.40044629699802115,0.44375,0.3601637825775757,86,0.86,,3,0.05,0.07049608355091386,1.3610687824157464,0.14139226617092393,subject_dependent,hgb,0.3986013986013986,0.8235294117647058,0.7568649946484445,0.6110654051830522,0.44375,0.6641814068284656,0.5449999999999999,0.44375,0.44375,0.6568333333333333,57,0.95,14,0.14,0.375,0.2727272727272727
0.66875,0.6583333333333333,"{""clf__learning_rate"": 0.1, ""clf__max_depth"": null, ""clf__max_iter"": 200}",0.3015584324479019,"[[70, 30], [23, 37]]",valence,0.6540328831953001,0.66875,0.6718718126555424,23,0.38333333333333336,,30,0.3,0.30944625407166126,1.5854721540593384,0.3107413871761651,subject_dependent,hgb,0.7526881720430108,0.5522388059701493,0.7025944236005284,0.65246348900658,0.66875,0.6775196597656877,0.6583333333333333,0.66875,0.66875,0.6786666666666666,70,0.7,37,0.6166666666666667,0.875,0.8545454545454545
0.4875,0.5333333333333333,"{""clf__learning_rate"": 0.05, ""clf__max_depth"": null, ""clf__max_iter"": 200}",0.3645666564184368,"[[25, 15], [67, 53]]",valence,0.47130883301096066,0.4875,0.5175693101225016,67,0.5583333333333333,,15,0.375,0.046511627906976716,1.1550292006049725,0.058395716247378375,subject_dependent,hgb,0.2717391304347826,0.7794117647058824,0.7810562659296756,0.5255754475703325,0.4875,0.6524936061381075,0.5333333333333333,0.4875,0.4875,0.5327083333333333,25,0.625,53,0.44166666666666665,0.5,0.5
0.5125,0.5366666666666666,"{""clf__learning_rate"": 0.1, ""clf__max_depth"": 3, ""clf__max_iter"": 400}",0.33543777641205164,"[[38, 22], [56, 44]]",valence,0.5118134877171022,0.5125,0.5163902362697543,56,0.56,,22,0.36666666666666664,0.06586826347305386,1.0337794054541747,0.07211758195112716,subject_dependent,hgb,0.40425531914893614,0.6666666666666666,0.6705452898593206,0.5354609929078014,0.5125,0.5682624113475176,0.5366666666666666,0.5125,0.5125,0.5715,38,0.6333333333333333,44,0.44,0.625,0.6190476190476191
0.54375,0.485,"{""clf__learning_rate"": 0.1, ""clf__max_depth"": 3, ""clf__max_iter"": 200}",0.3226311460818597,"[[72, 28], [45, 15]]",valence,0.4774283029842065,0.54375,0.5239698447496757,45,0.75,,28,0.28,-0.03180212014134276,1.0808468879184787,-0.032761948345478034,subject_dependent,hgb,0.6153846153846154,0.3488372093023256,0.37159931161750637,0.4821109123434705,0.54375,0.5154293381037567,0.485,0.54375,0.54375,0.48333333333333334,72,0.72,15,0.25,0.5,0.3333333333333333
0.58125,0.6208333333333333,"{""clf__learning_rate"": 0.05, ""clf__max_depth"": null, ""clf__max_iter"": 200}",0.2947965509939944,"[[65, 55], [12, 28]]",valence,0.5575915150014444,0.58125,0.6087449960794024,12,0.3,,55,0.4583333333333333,0.17791411042944782,0.8670011200014539,0.20943678462804238,subject_dependent,hgb,0.8441558441558441,0.3373493975903614,0.34362351659017165,0.5907526208731028,0.58125,0.7174542325144734,0.6208333333333333,0.58125,0.58125,0.6072916666666667,65,0.5416666666666666,28,0.7,0.625,0.5636363636363637
0.5375,0.5375000000000001,"{""clf__learning_rate"": 0.05, ""clf__max_depth"": 3, ""clf__max_iter"": 200}",0.2768783594164687,"[[44, 36], [38, 42]]",valence,0.5374277230817315,0.5375,0.5374277230817315,38,0.475,,36,0.45,0.07499999999999996,0.7698545312711123,0.07502344849205331,subject_dependent,hgb,0.5365853658536586,0.5384615384615384,0.5666399597652965,0.5375234521575984,0.5375,0.5375234521575984,0.5375000000000001,0.5375,0.5375,0.553125,44,0.55,42,0.525,0.625,0.6190476190476191
0.5125,0.5125,"{""clf__learning_rate"": 0.05, ""clf__max_depth"": null, ""clf__max_iter"": 200}",0.3784909963473978,"[[36, 44], [34, 46]]",valence,0.5105882352941176,0.5125,0.5105882352941176,34,0.425,,44,0.55,0.025000000000000022,1.4442964738272208,0.02519763153394848,subject_dependent,hgb,0.5142857142857142,0.5111111111111111,0.48167248914809807,0.5126984126984127,0.5125,0.5126984126984127,0.5125,0.5125,0.5125,0.5096875,36,0.45,46,0.575,0.5,0.5
0.5625,0.6000000000000001,"{""clf__learning_rate"": 0.05, ""clf__max_depth"": 5, ""clf__max_iter"": 200}",0.32345595434573693,"[[27, 13], [57, 63]]",valence,0.5391705069124424,0.5625,0.5910138248847927,57,0.475,,13,0.325,0.14634146341463417,0.9522041780807612,0.173421993904824,subject_dependent,hgb,0.32142857142857145,0.8289473684210527,0.8160661325853756,0.575187969924812,0.5625,0.7020676691729324,0.6000000000000001,0.5625,0.5625,0.5764583333333334,27,0.675,63,0.525,0.625,0.6190476190476191
0.5375,0.5833333333333334,"{""clf__learning_rate"": 0.05, ""clf__max_depth"": null, ""clf__max_iter"": 200}",0.3326552053613662,"[[40, 60], [14, 46]]",valence,0.5368486934751995,0.5375,0.5325066499765294,14,0.23333333333333334,,60,0.6,0.1445086705202312,1.099634362421469,0.1706375324538753,subject_dependent,hgb,0.7407407407407407,0.4339622641509434,0.4790768565578148,0.587351502445842,0.5375,0.6256988120195668,0.5833333333333334,0.5375,0.5375,0.6378333333333334,40,0.4,46,0.7666666666666667,0.625,0.6190476190476191
0.5375,0.5375,"{""clf__learning_rate"": 0.05, ""clf__max_depth"": 5, ""clf__max_iter"": 200}",0.2775328812532241,"[[46, 34], [40, 40]]",valence,0.5368486934751995,0.5375,0.5368486934751995,40,0.5,,34,0.425,0.07499999999999996,0.7781603170093889,0.07521183158458503,subject_dependent,hgb,0.5348837209302325,0.5405405405405406,0.6342021131303011,0.5377121307353865,0.5375,0.5377121307353866,0.5375,0.5375,0.5375,0.6112500000000001,46,0.575,40,0.5,0.875,0.873015873015873
0.4375,0.43666666666666665,"{""clf__learning_rate"": 0.05, ""clf__max_depth"": 3, ""clf__max_iter"": 200}",0.33334362185083644,"[[26, 34], [56, 44]]",valence,0.43028960278525086,0.4375,0.44631270770691567,56,0.56,,34,0.5666666666666667,-0.11801242236024834,0.9386849431568569,-0.12268281700245945,subject_dependent,hgb,0.3170731707317073,0.5641025641025641,0.6352427625621324,0.44058786741713574,0.4375,0.4714665415884928,0.43666666666666665,0.4375,0.4375,0.4466666666666666,26,0.43333333333333335,44,0.44,0.375,0.36507936507936506
0.45,0.3933333333333333,"{""clf__learning_rate"": 0.1, ""clf__max_depth"": null, ""clf__max_iter"": 200}",0.519434261315688,"[[10, 50], [38, 62]]",valence,0.38504542278127185,0.45,0.4350104821802935,38,0.38,,50,0.8333333333333334,-0.22222222222222232,3.6135650501457546,-0.22537446792760443,subject_dependent,hgb,0.20833333333333334,0.5535714285714286,0.5666400619558875,0.380952380952381,0.45,0.4241071428571429,0.3933333333333333,0.45,0.45,0.36133333333333334,10,0.16666666666666666,62,0.62,0.375,0.2727272727272727
0.65,0.5766666666666667,"{""clf__learning_rate"": 0.05, ""clf__max_depth"": 5, ""clf__max_iter"": 400}",0.24482432078046182,"[[17, 43], [13, 87]]",valence,0.5671497584541063,0.65,0.6144927536231883,13,0.13,,43,0.7166666666666667,0.1703703703703704,0.8080572842002202,0.1901865930367863,subject_dependent,hgb,0.5666666666666667,0.6692307692307692,0.760295785966604,0.617948717948718,0.65,0.6307692307692307,0.5766666666666667,0.65,0.65,0.6803333333333333,17,0.2833333333333333,87,0.87,0.625,0.38461538461538464
0.45,0.45,"{""clf__learning_rate"": 0.05, ""clf__max_depth"": 3, ""clf__max_iter"": 200}",0.3899226621961832,"[[25, 55], [33, 47]]",valence,0.4394011785316133,0.45,0.4394011785316133,33,0.4125,,55,0.6875,-0.10000000000000009,1.210974144532645,-0.10401019349846875,subject_dependent,hgb,0.43103448275862066,0.46078431372549017,0.45878527889538334,0.44590939824205544,0.45,0.4459093982420554,0.45,0.45,0.45,0.41484375,25,0.3125,47,0.5875,0.375,0.2727272727272727
0.63125,0.5549999999999999,"{""clf__learning_rate"": 0.1, ""clf__max_depth"": 3, ""clf__max_iter"": 200}",0.26511679925886106,"[[15, 45], [14, 86]]",valence,0.5408336981370689,0.63125,0.5917724597499878,14,0.14,,45,0.75,0.12267657992565051,0.8016123948410513,0.13823998040419855,subject_dependent,hgb,0.5172413793103449,0.6564885496183206,0.7547476538262488,0.5868649644643327,0.63125,0.6042708607528298,0.5549999999999999,0.63125,0.63125,0.6336666666666667,15,0.25,86,0.86,0.625,0.38461538461538464
0.6875,0.6166666666666667,"{""clf__learning_rate"": 0.1, ""clf__max_depth"": 3, ""clf__max_iter"": 200}",0.21388526460752236,"[[19, 21], [29, 91]]",valence,0.6081504702194357,0.6875,0.6963166144200625,29,0.24166666666666667,,21,0.525,0.21875,0.6387234739082064,0.22047927592204922,subject_dependent,hgb,0.3958333333333333,0.8125,0.8477146082320741,0.6041666666666666,0.6875,0.7083333333333333,0.6166666666666667,0.6875,0.6875,0.654375,19,0.475,91,0.7583333333333333,0.875,0.7948717948717949
0.60625,0.44583333333333336,"{""clf__learning_rate"": 0.1, ""clf__max_depth"": 5, ""clf__max_iter"": 400}",0.3270290542931054,"[[5, 35], [28, 92]]",valence,0.4409627863124619,0.60625,0.5929510287837613,28,0.23333333333333334,,35,0.875,-0.11504424778761058,1.459995030140183,-0.11593749018534948,subject_dependent,hgb,0.15151515151515152,0.7244094488188977,0.763224053388656,0.4379623001670246,0.60625,0.5811858744929611,0.44583333333333336,0.60625,0.60625,0.47708333333333336,5,0.125,92,0.7666666666666667,0.625,0.38461538461538464
0.63125,0.5541666666666667,"{""clf__learning_rate"": 0.1, ""clf__max_depth"": 5, ""clf__max_iter"": 200}",0.27698770547267043,"[[16, 24], [35, 85]]",valence,0.5470032151254859,0.63125,0.6446806468640529,35,0.2916666666666667,,24,0.6,0.0992366412213741,0.917575858807564,0.10066636526368104,subject_dependent,hgb,0.3137254901960784,0.7798165137614679,0.7455961997936892,0.5467710019787732,0.63125,0.6632937578701206,0.5541666666666667,0.63125,0.63125,0.5420833333333333,16,0.4,85,0.7083333333333334,0.875,0.7948717948717949
0.55625,0.5562499999999999,"{""clf__learning_rate"": 0.1, ""clf__max_depth"": 3, ""clf__max_iter"": 200}",0.3233113910105592,"[[23, 57], [14, 66]]",valence,0.5217043492905562,0.55625,0.5217043492905562,14,0.175,,57,0.7125,0.11250000000000004,1.006257545895166,0.1334102173409856,subject_dependent,hgb,0.6216216216216216,0.5365853658536586,0.5402120337542364,0.57910349373764,0.55625,0.57910349373764,0.5562499999999999,0.55625,0.55625,0.5456249999999999,23,0.2875,66,0.825,0.625,0.5636363636363637
0.6375,0.4916666666666667,"{""clf__learning_rate"": 0.05, ""clf__max_depth"": 5, ""clf__max_iter"": 200}",0.24613503804336995,"[[8, 32], [26, 94]]",valence,0.4902219292463195,0.6375,0.6272247857613712,26,0.21666666666666667,,32,0.8,-0.01754385964912286,0.7219103267550377,-0.017641870800832106,subject_dependent,hgb,0.23529411764705882,0.746031746031746,0.7349304074425889,0.49066293183940246,0.6375,0.6183473389355741,0.4916666666666667,0.6375,0.6375,0.47791666666666666,8,0.2,94,0.7833333333333333,0.75,0.42857142857142855
0.66875,0.5916666666666667,"{""clf__learning_rate"": 0.05, ""clf__max_depth"": null, ""clf__max_iter"": 200}",0.264681750709864,"[[17, 43], [10, 90]]",valence,0.5816683932711756,0.66875,0.6293843421636821,10,0.1,,43,0.7166666666666667,0.20599250936329583,0.9608792916899558,0.23697872437845263,subject_dependent,hgb,0.6296296296296297,0.6766917293233082,0.6247131624934518,0.6531606794764689,0.66875,0.6590434419381788,0.5916666666666667,0.66875,0.66875,0.5514999999999999,17,0.2833333333333333,90,0.9,0.75,0.6666666666666667
0.5875,0.6357142857142857,"{""clf__learning_rate"": 0.1, ""clf__max_depth"": null, ""clf__max_iter"": 200}",0.3461039817846454,"[[80, 60], [6, 14]]",valence,0.5029184710977217,0.5875,0.656703069101864,6,0.3,,60,0.42857142857142855,0.1258278145695364,1.484527124827435,0.18004020182986738,subject_dependent,hgb,0.9302325581395349,0.1891891891891892,0.2383865114999128,0.559710873664362,0.5875,0.8376021370207416,0.6357142857142857,0.5875,0.5875,0.6564285714285715,80,0.5714285714285714,14,0.7,0.75,0.6666666666666667
0.54375,0.54375,"{""clf__learning_rate"": 0.05, ""clf__max_depth"": 5, ""clf__max_iter"": 400}",0.37947873949873673,"[[63, 17], [56, 24]]",valence,0.5149300220108808,0.54375,0.5149300220108808,56,0.7,,17,0.2125,0.08750000000000002,1.5317863291303122,0.10021497695896885,subject_dependent,hgb,0.5294117647058824,0.5853658536585366,0.6148175700689242,0.5573888091822095,0.54375,0.5573888091822095,0.54375,0.54375,0.54375,0.5843750000000001,63,0.7875,24,0.3,0.5,0.3333333333333333
0.5625,0.6000000000000001,"{""clf__learning_rate"": 0.1, ""clf__max_depth"": 5, ""clf__max_iter"": 400}",0.37579224371053016,"[[63, 57], [13, 27]]",valence,0.5391705069124424,0.5625,0.5910138248847927,13,0.325,,57,0.475,0.14634146341463417,1.853698310001895,0.173421993904824,subject_dependent,hgb,0.8289473684210527,0.32142857142857145,0.36486270443979796,0.575187969924812,0.5625,0.7020676691729324,0.6000000000000001,0.5625,0.5625,0.6325000000000001,63,0.525,27,0.675,0.625,0.5636363636363637
0.48125,0.48125,"{""clf__learning_rate"": 0.1, ""clf__max_depth"": 3, ""clf__max_iter"": 200}",0.3879904538590067,"[[54, 26], [57, 23]]",valence,0.46101708673241615,0.48125,0.4610170867324161,57,0.7125,,26,0.325,-0.03750000000000009,1.2285981648182556,-0.04067819981796424,subject_dependent,hgb,0.4864864864864865,0.46938775510204084,0.5077880436476282,0.47793712079426365,0.48125,0.47793712079426365,0.48125,0.48125,0.48125,0.4846875,54,0.675,23,0.2875,0.5,0.4666666666666667
0.50625,0.45166666666666666,"{""clf__learning_rate"": 0.1, ""clf__max_depth"": null, ""clf__max_iter"": 400}",0.39778635446931027,"[[67, 33], [46, 14]]",valence,0.44539511210565574,0.50625,0.4913233293844061,46,0.7666666666666667,,33,0.33,-0.10104529616724744,2.0073698918023624,-0.1027458330407751,subject_dependent,hgb,0.5929203539823009,0.2978723404255319,0.4332543748352336,0.4453963472039164,0.50625,0.4822773488985125,0.45166666666666666,0.50625,0.50625,0.4895000000000001,67,0.67,14,0.23333333333333334,0.625,0.38461538461538464
0.6375,0.6375,"{""clf__learning_rate"": 0.05, ""clf__max_depth"": 3, ""clf__max_iter"": 200}",0.2745115437629729,"[[32, 48], [10, 70]]",valence,0.6158304355025667,0.6375,0.6158304355025667,10,0.125,,48,0.6,0.275,0.8397758239456273,0.3125050443499249,subject_dependent,hgb,0.7619047619047619,0.5932203389830508,0.7526394223133208,0.6775625504439063,0.6375,0.6775625504439063,0.6375,0.6375,0.6375,0.73203125,32,0.4,70,0.875,0.5,0.4666666666666667
0.59375,0.7041666666666667,"{""clf__learning_rate"": 0.1, ""clf__max_depth"": null, ""clf__max_iter"": 400}",0.39392084988182513,"[[37, 3], [62, 58]]",valence,0.5866290393099884,0.59375,0.6137565086052705,62,0.5166666666666667,,3,0.075,0.2737430167597765,2.88870829453257,0.3640432122651277,subject_dependent,hgb,0.37373737373737376,0.9508196721311475,0.9006250230298667,0.6622785229342606,0.59375,0.8065490975327041,0.7041666666666667,0.59375,0.59375,0.7335416666666666,37,0.925,58,0.48333333333333334,0.625,0.6190476190476191
0.5875,0.62,"{""clf__learning_rate"": 0.05, ""clf__max_depth"": null, ""clf__max_iter"": 200}",0.3611721213810704,"[[45, 15], [51, 49]]",valence,0.5872420262664164,0.5875,0.5898217636022514,51,0.51,,15,0.25,0.2142857142857143,1.4386732418429158,0.23717082451262847,subject_dependent,hgb,0.46875,0.765625,0.7861488356796195,0.6171875,0.5875,0.654296875,0.62,0.5875,0.5875,0.6118333333333335,45,0.75,49,0.49,0.625,0.6190476190476191
0.5375,0.53,"{""clf__learning_rate"": 0.05, ""clf__max_depth"": 3, ""clf__max_iter"": 200}",0.31035400556093284,"[[30, 30], [44, 56]]",valence,0.5249558658321297,0.5375,0.5442545337826994,44,0.44,,30,0.5,0.0573248407643312,0.8944538912393949,0.058258834232970964,subject_dependent,hgb,0.40540540540540543,0.6511627906976745,0.6860620383281673,0.52828409805154,0.5375,0.5590037712130735,0.53,0.5375,0.5375,0.5513333333333333,30,0.5,56,0.56,0.375,0.36507936507936506
0.6875,0.73,"{""clf__learning_rate"": 0.05, ""clf__max_depth"": null, ""clf__max_iter"": 200}",0.23049483690159275,"[[54, 6], [44, 56]]",valence,0.6874511642444132,0.6875,0.6884278793561494,44,0.44,,6,0.1,0.40828402366863903,0.7753584655648572,0.4571140543921659,subject_dependent,hgb,0.5510204081632653,0.9032258064516129,0.902627607390605,0.7271231073074391,0.6875,0.7711487820934825,0.73,0.6875,0.6875,0.8413333333333334,54,0.9,56,0.56,0.625,0.6190476190476191
0.93125,0.9416666666666667,"{""clf__learning_rate"": 0.05, ""clf__max_depth"": 5, ""clf__max_iter"": 200}",0.05033757577585364,"[[59, 1], [10, 90]]",valence,0.9285685295669467,0.93125,0.9320284914160478,10,0.1,,1,0.016666666666666666,0.8576051779935275,0.1704637673076605,0.863485408072931,subject_dependent,hgb,0.855072463768116,0.989010989010989,0.9929476419643031,0.9220417263895525,0.93125,0.9387840420449116,0.9416666666666667,0.93125,0.93125,0.9875,59,0.9833333333333333,90,0.9,1.0,1.0
0.83125,0.845,"{""clf__learning_rate"": 0.05, ""clf__max_depth"": 5, ""clf__max_iter"": 400}",0.13077899930264342,"[[79, 21], [6, 54]]",valence,0.827027027027027,0.83125,0.8337837837837838,6,0.1,,21,0.21,0.6571428571428571,0.5046510524758552,0.6693983251002791,subject_dependent,hgb,0.9294117647058824,0.72,0.9312797090341803,0.8247058823529412,0.83125,0.8508823529411764,0.845,0.83125,0.83125,0.9513333333333334,79,0.79,54,0.9,1.0,1.0
0.7625,0.7466666666666667,"{""clf__learning_rate"": 0.05, ""clf__max_depth"": null, ""clf__max_iter"": 200}",0.1862523869795871,"[[81, 19], [19, 41]]",valence,0.7466666666666667,0.7625,0.7625,19,0.31666666666666665,,19,0.19,0.4933333333333333,0.6505664280917058,0.49333333333333335,subject_dependent,hgb,0.81,0.6833333333333333,0.7536027804788135,0.7466666666666667,0.7625,0.7625,0.7466666666666667,0.7625,0.7625,0.8328333333333333,81,0.81,41,0.6833333333333333,0.75,0.7333333333333334
0.7375,0.7375,"{""clf__learning_rate"": 0.1, ""clf__max_depth"": 5, ""clf__max_iter"": 400}",0.2322061598539225,"[[80, 0], [42, 38]]",valence,0.7180735022654807,0.7375,0.7180735022654808,42,0.525,,0,0.0,0.475,1.6085247330086894,0.5580998206737444,subject_dependent,hgb,0.6557377049180327,1.0,0.8770405409082884,0.8278688524590163,0.7375,0.8278688524590164,0.7375,0.7375,0.7375,0.8346875,80,1.0,38,0.475,0.75,0.7333333333333334
0.775,0.775,"{""clf__learning_rate"": 0.05, ""clf__max_depth"": 5, ""clf__max_iter"": 200}",0.17269449326835465,"[[62, 18], [18, 62]]",valence,0.775,0.775,0.775,18,0.225,,18,0.225,0.55,0.6038309342368077,0.55,subject_dependent,hgb,0.775,0.775,0.882397921315619,0.775,0.775,0.775,0.775,0.775,0.775,0.8424999999999999,62,0.775,62,0.775,0.875,0.873015873015873
0.44375,0.44375,"{""clf__learning_rate"": 0.1, ""clf__max_depth"": 5, ""clf__max_iter"": 200}",0.4489971567659269,"[[41, 39], [50, 30]]",valence,0.44110836375053963,0.44375,0.4411083637505396,50,0.625,,39,0.4875,-0.11250000000000004,1.7006658197896314,-0.11357879791107997,subject_dependent,hgb,0.45054945054945056,0.43478260869565216,0.4482371107103949,0.44266602962255136,0.44375,0.44266602962255136,0.44375,0.44375,0.44375,0.40046875000000004,41,0.5125,30,0.375,0.5,0.4666666666666667
0.475,0.47500000000000003,"{""clf__learning_rate"": 0.1, ""clf__max_depth"": 5, ""clf__max_iter"": 400}",0.43414288853368976,"[[17, 63], [21, 59]]",valence,0.43614700453096156,0.475,0.4361470045309616,21,0.2625,,63,0.7875,-0.050000000000000044,2.1354831260160476,-0.05874734954460467,subject_dependent,hgb,0.4473684210526316,0.48360655737704916,0.505991789667662,0.4654874892148404,0.475,0.46548748921484046,0.47500000000000003,0.475,0.475,0.49312500000000004,17,0.2125,59,0.7375,0.5,0.3333333333333333
0.6375,0.62,"{""clf__learning_rate"": 0.1, ""clf__max_depth"": 5, ""clf__max_iter"": 200}",0.2738200596921909,"[[33, 27], [31, 69]]",valence,0.6181698485845951,0.6375,0.6396477946017117,31,0.31,,27,0.45,0.23684210526315785,0.8699708511558419,0.23717082451262847,subject_dependent,hgb,0.515625,0.71875,0.7475637193928599,0.6171875,0.6375,0.642578125,0.62,0.6375,0.6375,0.6571666666666667,33,0.55,69,0.69,0.875,0.873015873015873
0.45625,0.43833333333333335,"{""clf__learning_rate"": 0.05, ""clf__max_depth"": 3, ""clf__max_iter"": 400}",0.35791735069471986,"[[51, 49], [38, 22]]",valence,0.43778020113897975,0.45625,0.4632557857748697,38,0.6333333333333333,,49,0.49,-0.11897106109324751,1.043615907393087,-0.12017992173673601,subject_dependent,hgb,0.5730337078651685,0.30985915492957744,0.3687462519615605,0.44144643139737294,0.45625,0.4743432505143218,0.43833333333333335,0.45625,0.45625,0.43549999999999994,51,0.51,22,0.36666666666666664,0.375,0.2727272727272727
0.4875,0.5133333333333333,"{""clf__learning_rate"": 0.05, ""clf__max_depth"": 3, ""clf__max_iter"": 200}",0.3306884941620256,"[[37, 23], [59, 41]]",valence,0.48717948717948717,0.4875,0.4903846153846153,59,0.59,,23,0.38333333333333336,0.023809523809523836,0.9306824908911878,0.026352313834736497,subject_dependent,hgb,0.3854166666666667,0.640625,0.6712117896670198,0.5130208333333334,0.4875,0.544921875,0.5133333333333333,0.4875,0.4875,0.5033333333333334,37,0.6166666666666667,41,0.41,0.5,0.4666666666666667
0.56875,0.43214285714285716,"{""clf__learning_rate"": 0.05, ""clf__max_depth"": null, ""clf__max_iter"": 200}",0.3092437907844563,"[[5, 15], [54, 86]]",valence,0.420137612269552,0.56875,0.6403041126109564,54,0.38571428571428573,,15,0.75,-0.07392996108949412,0.9052703209874746,-0.09302890052836876,subject_dependent,hgb,0.0847457627118644,0.8514851485148515,0.8794958771611879,0.46811545561335793,0.56875,0.7556427252894781,0.43214285714285716,0.56875,0.56875,0.46499999999999997,5,0.25,86,0.6142857142857143,0.375,0.2727272727272727
0.525,0.49,"{""clf__learning_rate"": 0.05, ""clf__max_depth"": 3, ""clf__max_iter"": 400}",0.3344004776478415,"[[21, 39], [37, 63]]",valence,0.48984728981372716,0.525,0.5233260614197013,37,0.37,,39,0.65,-0.020134228187919545,1.0457584611707929,-0.02014148736276902,subject_dependent,hgb,0.3620689655172414,0.6176470588235294,0.7029347489219817,0.4898580121703854,0.525,0.5218052738336715,0.49,0.525,0.525,0.519,21,0.35,63,0.63,0.5,0.4666666666666667
0.48125,0.6821428571428572,"{""clf__learning_rate"": 0.1, ""clf__max_depth"": 5, ""clf__max_iter"": 400}",0.47743542335594097,"[[58, 82], [1, 19]]",valence,0.4484820798205905,0.48125,0.5493064496033888,1,0.05,,82,0.5857142857142857,0.13315926892950392,3.057454276284908,0.24970915404983193,subject_dependent,hgb,0.9830508474576272,0.18811881188118812,0.2492739869586994,0.5855848296694076,0.48125,0.8836843430105722,0.6821428571428572,0.48125,0.48125,0.7389285714285715,58,0.4142857142857143,19,0.95,0.625,0.5636363636363637
0.59375,0.5916666666666667,"{""clf__learning_rate"": 0.1, ""clf__max_depth"": null, ""clf__max_iter"": 200}",0.3324828835298825,"[[60, 40], [25, 35]]",valence,0.5835835835835836,0.59375,0.5998498498498499,25,0.4166666666666667,,40,0.4,0.17460317460317465,1.5733948555067399,0.17785945835997752,subject_dependent,hgb,0.7058823529411765,0.4666666666666667,0.48075014396335386,0.5862745098039216,0.59375,0.6161764705882353,0.5916666666666667,0.59375,0.59375,0.631,60,0.6,35,0.5833333333333334,0.75,0.7333333333333334
0.6625,0.64,"{""clf__learning_rate"": 0.05, ""clf__max_depth"": 3, ""clf__max_iter"": 200}",0.24021050584761344,"[[73, 27], [27, 33]]",valence,0.64,0.6625,0.6625,27,0.45,,27,0.27,0.28,0.6920456498328086,0.28,subject_dependent,hgb,0.73,0.55,0.4994736242577898,0.64,0.6625,0.6625,0.64,0.6625,0.6625,0.6443333333333334,73,0.73,33,0.55,0.875,0.8545454545454545
0.5625,0.5625,"{""clf__learning_rate"": 0.05, ""clf__max_depth"": 5, ""clf__max_iter"": 200}",0.27999658964402696,"[[53, 27], [43, 37]]",valence,0.5580808080808081,0.5625,0.5580808080808082,43,0.5375,,27,0.3375,0.125,0.8050055459720908,0.1275775907699572,subject_dependent,hgb,0.5520833333333334,0.578125,0.6415175657931564,0.5651041666666667,0.5625,0.5651041666666667,0.5625,0.5625,0.5625,0.5934375,53,0.6625,37,0.4625,0.375,0.2727272727272727
0.5625,0.5625,"{""clf__learning_rate"": 0.1, ""clf__max_depth"": 3, ""clf__max_iter"": 400}",0.30076484796508535,"[[50, 30], [40, 40]]",valence,0.5607843137254902,0.5625,0.5607843137254902,40,0.5,,30,0.375,0.125,0.9442801235280289,0.12598815766974242,subject_dependent,hgb,0.5555555555555556,0.5714285714285714,0.6020157613037664,0.5634920634920635,0.5625,0.5634920634920635,0.5625,0.5625,0.5625,0.5999999999999999,50,0.625,40,0.5,0.625,0.6190476190476191
0.39375,0.4116666666666667,"{""clf__learning_rate"": 0.05, ""clf__max_depth"": 3, ""clf__max_iter"": 200}",0.4033578064648774,"[[29, 31], [66, 34]]",valence,0.3931573802541545,0.39375,0.39789833822091886,66,0.66,,31,0.5166666666666667,-0.15820895522388057,1.1474673287939332,-0.1741453005251843,subject_dependent,hgb,0.30526315789473685,0.5230769230769231,0.5155307474068427,0.41417004048582995,0.39375,0.44139676113360327,0.4116666666666667,0.39375,0.39375,0.3448333333333334,29,0.48333333333333334,34,0.34,0.375,0.36507936507936506
0.625,0.6100000000000001,"{""clf__learning_rate"": 0.1, ""clf__max_depth"": 5, ""clf__max_iter"": 200}",0.29113839477587466,"[[67, 33], [27, 33]]",valence,0.60726558664703,0.625,0.6281296023564065,27,0.45,,33,0.33,0.21568627450980393,0.940061443370243,0.21635274585338146,subject_dependent,hgb,0.7127659574468085,0.5,0.48454505758513744,0.6063829787234043,0.625,0.6329787234042553,0.6100000000000001,0.625,0.625,0.603,67,0.67,33,0.55,0.875,0.873015873015873
0.5875,0.5933333333333333,"{""clf__learning_rate"": 0.1, ""clf__max_depth"": 5, ""clf__max_iter"": 400}",0.31607251842887535,"[[57, 43], [23, 37]]",valence,0.5809523809523809,0.5875,0.5940476190476189,23,0.38333333333333336,,43,0.43,0.17500000000000004,1.2017151215839852,0.1807392228230128,subject_dependent,hgb,0.7125,0.4625,0.5455727127177968,0.5875,0.5875,0.61875,0.5933333333333333,0.5875,0.5875,0.662,57,0.57,37,0.6166666666666667,0.75,0.7333333333333334
0.575,0.7083333333333333,"{""clf__learning_rate"": 0.05, ""clf__max_depth"": null, ""clf__max_iter"": 400}",0.38140768392500596,"[[53, 67], [1, 39]]",valence,0.5717209888206582,0.575,0.5904581955597544,1,0.025,,67,0.5583333333333333,0.26881720430107525,2.137281722610048,0.3815571220796917,subject_dependent,hgb,0.9814814814814815,0.36792452830188677,0.6428714993796498,0.6747030048916841,0.575,0.8280922431865829,0.7083333333333333,0.575,0.575,0.8435416666666666,53,0.44166666666666665,39,0.975,0.5,0.5
0.775,0.775,"{""clf__learning_rate"": 0.05, ""clf__max_depth"": null, ""clf__max_iter"": 200}",0.17328988800244854,"[[59, 21], [15, 65]]",valence,0.7746831481771241,0.775,0.7746831481771241,15,0.1875,,21,0.2625,0.55,0.5815455261327637,0.5515534316202901,subject_dependent,hgb,0.7972972972972973,0.7558139534883721,0.8600880687357026,0.7765556253928347,0.775,0.7765556253928347,0.775,0.775,0.775,0.8523437499999998,59,0.7375,65,0.8125,1.0,1.0
0.7375,0.6966666666666667,"{""clf__learning_rate"": 0.05, ""clf__max_depth"": 5, ""clf__max_iter"": 200}",0.20564738988781114,"[[32, 28], [14, 86]]",valence,0.7037559513313348,0.7375,0.7287515429377536,14,0.14,,28,0.4666666666666667,0.4125874125874126,0.7536884656459755,0.42073150734321546,subject_dependent,hgb,0.6956521739130435,0.7543859649122807,0.7782496538440064,0.7250190694126621,0.7375,0.7323607932875668,0.6966666666666667,0.7375,0.7375,0.738,32,0.5333333333333333,86,0.86,0.875,0.8545454545454545
0.61875,0.5625,"{""clf__learning_rate"": 0.1, ""clf__max_depth"": 3, ""clf__max_iter"": 400}",0.32500150119443527,"[[81, 39], [22, 18]]",valence,0.5487957098608478,0.61875,0.6376265544819935,22,0.55,,39,0.325,0.10948905109489049,1.38584334198184,0.1130250197271061,subject_dependent,hgb,0.7864077669902912,0.3157894736842105,0.43331691755856117,0.5510986203372509,0.61875,0.6687531936637712,0.5625,0.61875,0.61875,0.59375,81,0.675,18,0.45,0.75,0.6666666666666667
0.775,0.7833333333333333,"{""clf__learning_rate"": 0.05, ""clf__max_depth"": 5, ""clf__max_iter"": 400}",0.15345478824720188,"[[75, 25], [11, 49]]",valence,0.7688974482426576,0.775,0.7782859894077997,11,0.18333333333333332,,25,0.25,0.5414012738853503,0.48558263304566085,0.5502223233113924,subject_dependent,hgb,0.872093023255814,0.6621621621621622,0.8555977600697247,0.767127592708988,0.775,0.7933689503456944,0.7833333333333333,0.775,0.775,0.8808333333333332,75,0.75,49,0.8166666666666667,1.0,1.0
0.6375,0.6666666666666667,"{""clf__learning_rate"": 0.05, ""clf__max_depth"": null, ""clf__max_iter"": 200}",0.28430428994888796,"[[55, 45], [13, 47]]",valence,0.6365914786967419,0.6375,0.6411340852130326,13,0.21666666666666667,,45,0.45,0.3012048192771084,1.0311820498580093,0.32644197780981743,subject_dependent,hgb,0.8088235294117647,0.5108695652173914,0.49891431852788404,0.659846547314578,0.6375,0.6970907928388748,0.6666666666666667,0.6375,0.6375,0.6848333333333334,55,0.55,47,0.7833333333333333,0.75,0.75
0.69375,0.6958333333333333,"{""clf__learning_rate"": 0.05, ""clf__max_depth"": null, ""clf__max_iter"": 400}",0.25980101766937375,"[[83, 37], [12, 28]]",valence,0.6527131782945736,0.69375,0.7124031007751939,12,0.3,,37,0.30833333333333335,0.32413793103448274,1.176097798627384,0.34531762843420316,subject_dependent,hgb,0.8736842105263158,0.4307692307692308,0.40939431247765423,0.6522267206477733,0.69375,0.7629554655870446,0.6958333333333333,0.69375,0.69375,0.7304166666666666,83,0.6916666666666667,28,0.7,0.75,0.6666666666666667
0.70625,0.5375,"{""clf__learning_rate"": 0.05, ""clf__max_depth"": 3, ""clf__max_iter"": 200}",0.22417445189101085,"[[105, 15], [32, 8]]",valence,0.5355444382681737,0.70625,0.6763325304181335,32,0.8,,15,0.125,0.08737864077669899,0.7299850137098288,0.09256731791813269,subject_dependent,hgb,0.7664233576642335,0.34782608695652173,0.31596744911691826,0.5571247223103777,0.70625,0.6617740399873056,0.5375,0.70625,0.70625,0.591875,105,0.875,8,0.2,0.75,0.42857142857142855
0.75,0.7250000000000001,"{""clf__learning_rate"": 0.1, ""clf__max_depth"": 5, ""clf__max_iter"": 400}",0.21787775934975612,"[[93, 27], [13, 27]]",valence,0.6987384673319526,0.75,0.7608736584447373,13,0.325,,27,0.225,0.4029850746268657,1.2494306095958803,0.4120816918460671,subject_dependent,hgb,0.8773584905660378,0.5,0.609366445969613,0.6886792452830188,0.75,0.7830188679245282,0.7250000000000001,0.75,0.75,0.7702083333333333,93,0.775,27,0.675,1.0,1.0
0.5875,0.5875,"{""clf__learning_rate"": 0.1, ""clf__max_depth"": null, ""clf__max_iter"": 400}",0.3696159438772061,"[[50, 30], [36, 44]]",valence,0.5869191049913942,0.5875,0.5869191049913941,36,0.45,,30,0.375,0.17500000000000004,2.516175115724532,0.17549427369736506,subject_dependent,hgb,0.5813953488372093,0.5945945945945946,0.5843048129962232,0.587994971715902,0.5875,0.587994971715902,0.5875,0.5875,0.5875,0.6234375000000001,50,0.625,44,0.55,0.625,0.6190476190476191
0.41875,0.3683333333333333,"{""clf__learning_rate"": 0.05, ""clf__max_depth"": 3, ""clf__max_iter"": 400}",0.4389364511083267,"[[57, 43], [50, 10]]",valence,0.3638578940618187,0.41875,0.4105745799666539,50,0.8333333333333334,,43,0.43,-0.2696245733788396,1.5648379411053785,-0.27086421858629217,subject_dependent,hgb,0.5327102803738317,0.18867924528301888,0.2869354550310296,0.3606947628284253,0.41875,0.4036986422147769,0.3683333333333333,0.41875,0.41875,0.336,57,0.57,10,0.16666666666666666,0.375,0.2727272727272727
0.4,0.4,"{""clf__learning_rate"": 0.05, ""clf__max_depth"": 5, ""clf__max_iter"": 200}",0.4349992590577448,"[[40, 60], [36, 24]]",valence,0.3939393939393939,0.4,0.40909090909090906,36,0.6,,60,0.6,-0.18518518518518512,1.5301029430305504,-0.19389168358237033,subject_dependent,hgb,0.5263157894736842,0.2857142857142857,0.412211601444769,0.40601503759398494,0.4,0.43609022556390975,0.4,0.4,0.4,0.3756666666666667,40,0.4,24,0.4,0.375,0.36507936507936506
0.53125,0.5416666666666667,"{""clf__learning_rate"": 0.1, ""clf__max_depth"": null, ""clf__max_iter"": 400}",0.42008026151356015,"[[50, 50], [25, 35]]",valence,0.5270935960591133,0.53125,0.5381773399014779,25,0.4166666666666667,,50,0.5,0.07692307692307687,2.249303991295371,0.08084520834544433,subject_dependent,hgb,0.6666666666666666,0.4117647058823529,0.5400292663720736,0.5392156862745098,0.53125,0.571078431372549,0.5416666666666667,0.53125,0.53125,0.5871666666666666,50,0.5,35,0.5833333333333334,0.5,0.5
0.44375,0.44375,"{""clf__learning_rate"": 0.1, ""clf__max_depth"": 5, ""clf__max_iter"": 400}",0.4847311783957113,"[[29, 51], [38, 42]]",valence,0.4400534780386143,0.44375,0.4400534780386143,38,0.475,,51,0.6375,-0.11250000000000004,3.8983140429061196,-0.11401543113259059,subject_dependent,hgb,0.43283582089552236,0.45161290322580644,0.5344878710535838,0.4422243620606644,0.44375,0.44222436206066434,0.44375,0.44375,0.44375,0.45796875000000004,29,0.3625,42,0.525,0.375,0.36507936507936506
0.55,0.55,"{""clf__learning_rate"": 0.1, ""clf__max_depth"": 5, ""clf__max_iter"": 400}",0.38079626886694307,"[[47, 33], [39, 41]]",valence,0.5493662963542482,0.55,0.5493662963542482,39,0.4875,,33,0.4125,0.09999999999999998,1.777182134555978,0.10028244211278003,subject_dependent,hgb,0.5465116279069767,0.5540540540540541,0.6243309493283025,0.5502828409805154,0.55,0.5502828409805154,0.55,0.55,0.55,0.6059374999999999,47,0.5875,41,0.5125,0.5,0.4666666666666667
0.39375,0.39375000000000004,"{""clf__learning_rate"": 0.1, ""clf__max_depth"": 5, ""clf__max_iter"": 200}",0.442843994236339,"[[26, 54], [43, 37]]",valence,0.39087091330115,0.39375,0.39087091330115,43,0.5375,,54,0.675,-0.2124999999999999,1.454099453742712,-0.2145377293875955,subject_dependent,hgb,0.37681159420289856,0.4065934065934066,0.4162827919353995,0.3917025003981526,0.39375,0.3917025003981526,0.39375000000000004,0.39375,0.39375,0.38421875000000005,26,0.325,37,0.4625,0.375,0.36507936507936506
0.525,0.52,"{""clf__learning_rate"": 0.1, ""clf__max_depth"": null, ""clf__max_iter"": 200}",0.3615762591945157,"[[30, 30], [46, 54]]",valence,0.5140664961636829,0.525,0.5322890025575447,46,0.46,,30,0.5,0.03797468354430378,1.2603439677738932,0.038778336716474064,subject_dependent,hgb,0.39473684210526316,0.6428571428571429,0.6432135486664592,0.518796992481203,0.525,0.5498120300751881,0.52,0.525,0.525,0.5291666666666667,30,0.5,54,0.54,0.625,0.6190476190476191
0.38125,0.4041666666666667,"{""clf__learning_rate"": 0.1, ""clf__max_depth"": 3, ""clf__max_iter"": 200}",0.42360383214953645,"[[18, 22], [77, 43]]",valence,0.3657657657657658,0.38125,0.4153153153153154,77,0.6416666666666667,,22,0.55,-0.13142857142857145,1.2231174649756127,-0.16898522242524835,subject_dependent,hgb,0.18947368421052632,0.6615384615384615,0.6546373405072895,0.42550607287449393,0.38125,0.5435222672064778,0.4041666666666667,0.38125,0.38125,0.32125,18,0.45,43,0.35833333333333334,0.125,0.1111111111111111
0.3625,0.41,"{""clf__learning_rate"": 0.05, ""clf__max_depth"": 5, ""clf__max_iter"": 400}",0.51586774749609,"[[36, 24], [78, 22]]",valence,0.35758148323098726,0.3625,0.3435285781766651,78,0.78,,24,0.4,-0.15254237288135597,1.8405491068501285,-0.19253814742825115,subject_dependent,hgb,0.3157894736842105,0.4782608695652174,0.5219243250609366,0.39702517162471396,0.3625,0.41733409610983985,0.41,0.3625,0.3625,0.3683333333333333,36,0.6,22,0.22,0.25,0.2
0.575,0.56,"{""clf__learning_rate"": 0.05, ""clf__max_depth"": null, ""clf__max_iter"": 400}",0.33262402411335523,"[[30, 30], [38, 62]]",valence,0.5572916666666667,0.575,0.5794270833333334,38,0.38,,30,0.5,0.11688311688311692,1.3786890972321215,0.11751911201153427,subject_dependent,hgb,0.4411764705882353,0.6739130434782609,0.6313437141867843,0.5575447570332481,0.575,0.5866368286445013,0.56,0.575,0.575,0.5531666666666668,30,0.5,62,0.62,0.625,0.5636363636363637
0.80625,0.7208333333333334,"{""clf__learning_rate"": 0.05, ""clf__max_depth"": null, ""clf__max_iter"": 200}",0.14010070819600967,"[[22, 18], [13, 107]]",valence,0.7300680272108844,0.80625,0.8017687074829933,13,0.10833333333333334,,18,0.45,0.4608695652173913,0.4238049705661936,0.4626219273003039,subject_dependent,hgb,0.6285714285714286,0.856,0.9585470152501004,0.7422857142857142,0.80625,0.7991428571428572,0.7208333333333334,0.80625,0.80625,0.869375,22,0.55,107,0.8916666666666667,0.875,0.7948717948717949
0.65,0.6633333333333333,"{""clf__learning_rate"": 0.1, ""clf__max_depth"": null, ""clf__max_iter"": 200}",0.3177344847299711,"[[61, 39], [17, 43]]",valence,0.6455135306219338,0.65,0.6554834625731919,17,0.2833333333333333,,39,0.39,0.30434782608695654,2.3762194368627974,0.31639252805897433,subject_dependent,hgb,0.782051282051282,0.524390243902439,0.44700554489298966,0.6532207629768605,0.65,0.685428392745466,0.6633333333333333,0.65,0.65,0.6585,61,0.61,43,0.7166666666666667,0.75,0.75
0.64375,0.585,"{""clf__learning_rate"": 0.05, ""clf__max_depth"": null, ""clf__max_iter"": 200}",0.279064268816419,"[[21, 39], [18, 82]]",valence,0.5831619361031126,0.64375,0.6228918140682846,18,0.18,,39,0.65,0.18279569892473113,0.980902431067339,0.19169004436514034,subject_dependent,hgb,0.5384615384615384,0.6776859504132231,0.8037023493173963,0.6080737444373807,0.64375,0.6254767959313414,0.585,0.64375,0.64375,0.6850000000000002,21,0.35,82,0.82,0.75,0.6666666666666667
0.8125,0.8166666666666667,"{""clf__learning_rate"": 0.05, ""clf__max_depth"": 3, ""clf__max_iter"": 200}",0.138139476181896,"[[50, 10], [20, 80]]",valence,0.8056680161943319,0.8125,0.8147773279352226,20,0.2,,10,0.16666666666666666,0.6129032258064516,0.4345349447558583,0.6180700462007377,subject_dependent,hgb,0.7142857142857143,0.8888888888888888,0.9351799468576812,0.8015873015873016,0.8125,0.8234126984126984,0.8166666666666667,0.8125,0.8125,0.8810000000000001,50,0.8333333333333334,80,0.8,1.0,1.0
0.65625,0.6625000000000001,"{""clf__learning_rate"": 0.05, ""clf__max_depth"": 3, ""clf__max_iter"": 200}",0.22708537628367803,"[[27, 13], [42, 78]]",valence,0.6173746684638463,0.65625,0.6783555806774207,42,0.35,,13,0.325,0.261744966442953,0.6687069684535103,0.2841572480421832,subject_dependent,hgb,0.391304347826087,0.8571428571428571,0.8791662747032349,0.6242236024844721,0.65625,0.7406832298136645,0.6625000000000001,0.65625,0.65625,0.6989583333333333,27,0.675,78,0.65,0.875,0.8545454545454545
0.575,0.575,"{""clf__learning_rate"": 0.05, ""clf__max_depth"": 5, ""clf__max_iter"": 200}",0.2884144273863704,"[[39, 41], [27, 53]]",valence,0.5717209888206582,0.575,0.5717209888206582,27,0.3375,,41,0.5125,0.15000000000000002,0.8272757765185051,0.15235101483570768,subject_dependent,hgb,0.5909090909090909,0.5638297872340425,0.5273601796597853,0.5773694390715667,0.575,0.5773694390715667,0.575,0.575,0.575,0.5775,39,0.4875,53,0.6625,0.5,0.4666666666666667
0.5875,0.6133333333333333,"{""clf__learning_rate"": 0.05, ""clf__max_depth"": 3, ""clf__max_iter"": 200}",0.29488686072596887,"[[51, 49], [17, 43]]",valence,0.5864661654135338,0.5875,0.5916353383458646,17,0.2833333333333333,,49,0.49,0.20481927710843373,0.8485161516967701,0.22198054491067584,subject_dependent,hgb,0.75,0.4673913043478261,0.3839960922860723,0.6086956521739131,0.5875,0.6440217391304348,0.6133333333333333,0.5875,0.5875,0.5645,51,0.51,43,0.7166666666666667,0.75,0.75
0.425,0.48,"{""clf__learning_rate"": 0.1, ""clf__max_depth"": 3, ""clf__max_iter"": 200}",0.3888482541999786,"[[42, 18], [74, 26]]",valence,0.4191919191919192,0.425,0.4046717171717171,74,0.74,,18,0.3,-0.03370786516853941,1.250748914087326,-0.04336908741196555,subject_dependent,hgb,0.3620689655172414,0.5909090909090909,0.6683505946068897,0.4764890282131662,0.425,0.5050940438871473,0.48,0.425,0.425,0.5018333333333334,42,0.7,26,0.26,0.5,0.4666666666666667
0.3375,0.4,"{""clf__learning_rate"": 0.1, ""clf__max_depth"": 5, ""clf__max_iter"": 200}",0.5238192164132679,"[[21, 19], [87, 33]]",valence,0.33375235700817096,0.3375,0.3587366436203646,87,0.725,,19,0.475,-0.12765957446808507,2.0395194219411605,-0.18490006540840973,subject_dependent,hgb,0.19444444444444445,0.6346153846153846,0.7039014090253578,0.4145299145299145,0.3375,0.5245726495726495,0.4,0.3375,0.3375,0.3933333333333333,21,0.525,33,0.275,0.375,0.36507936507936506
0.56875,0.5183333333333333,"{""clf__learning_rate"": 0.05, ""clf__max_depth"": 3, ""clf__max_iter"": 200}",0.26880600506060853,"[[72, 28], [41, 19]]",valence,0.5155982624720284,0.56875,0.5557127813610635,41,0.6833333333333333,,28,0.28,0.0383275261324042,0.7640479284731535,0.038972557360294,subject_dependent,hgb,0.6371681415929203,0.40425531914893614,0.4200135980042442,0.5207117303709282,0.56875,0.5498258331764263,0.5183333333333333,0.56875,0.56875,0.5391666666666667,72,0.72,19,0.31666666666666665,0.75,0.6666666666666667
0.5375,0.5066666666666667,"{""clf__learning_rate"": 0.1, ""clf__max_depth"": 5, ""clf__max_iter"": 400}",0.37264209330829834,"[[63, 37], [37, 23]]",valence,0.5066666666666667,0.5375,0.5375,37,0.6166666666666667,,37,0.37,0.013333333333333308,1.5678635501600788,0.013333333333333334,subject_dependent,hgb,0.63,0.38333333333333336,0.3633297626499912,0.5066666666666667,0.5375,0.5375,0.5066666666666667,0.5375,0.5375,0.49033333333333334,63,0.63,23,0.38333333333333336,0.75,0.6666666666666667
0.5375,0.49333333333333335,"{""clf__learning_rate"": 0.1, ""clf__max_depth"": 3, ""clf__max_iter"": 400}",0.3261635844536503,"[[67, 33], [41, 19]]",valence,0.4917582417582418,0.5375,0.5298763736263737,41,0.6833333333333333,,33,0.33,-0.013698630136986356,1.0328210852061521,-0.013781637176578718,subject_dependent,hgb,0.6203703703703703,0.36538461538461536,0.3759150797376286,0.49287749287749283,0.5375,0.5247507122507122,0.49333333333333335,0.5375,0.5375,0.5066666666666666,67,0.67,19,0.31666666666666665,0.625,0.38461538461538464
0.5375,0.45833333333333337,"{""clf__learning_rate"": 0.05, ""clf__max_depth"": null, ""clf__max_iter"": 200}",0.3255005967942302,"[[74, 46], [28, 12]]",valence,0.45578231292517,0.5375,0.5612244897959184,28,0.7,,46,0.38333333333333336,-0.07246376811594213,0.9885398741204332,-0.0750628915185075,subject_dependent,hgb,0.7254901960784313,0.20689655172413793,0.2174048271939061,0.4661933739012846,0.5375,0.5958417849898581,0.45833333333333337,0.5375,0.5375,0.41125,74,0.6166666666666667,12,0.3,0.625,0.38461538461538464
0.5375,0.4142857142857143,"{""clf__learning_rate"": 0.1, ""clf__max_depth"": 3, ""clf__max_iter"": 400}",0.3188098518209766,"[[81, 59], [15, 5]]",valence,0.40274414850686036,0.5375,0.6155165456012913,15,0.75,,59,0.42142857142857143,-0.08823529411764697,0.9305463933490505,-0.11572751247156894,subject_dependent,hgb,0.84375,0.078125,0.15398957350214948,0.4609375,0.5375,0.748046875,0.4142857142857143,0.5375,0.5375000000000001,0.3735714285714286,81,0.5785714285714286,5,0.25,0.625,0.38461538461538464
0.41875,0.495,"{""clf__learning_rate"": 0.1, ""clf__max_depth"": null, ""clf__max_iter"": 200}",0.5075729826304216,"[[48, 12], [81, 19]]",valence,0.39900642190718527,0.41875,0.3717739003998546,81,0.81,,12,0.2,-0.008130081300812941,2.655630335571323,-0.012248979932114525,subject_dependent,hgb,0.37209302325581395,0.6129032258064516,0.6052933314959468,0.4924981245311328,0.41875,0.5225993998499625,0.495,0.41875,0.41875,0.3903333333333333,48,0.8,19,0.19,0.375,0.2727272727272727
0.4875,0.54,"{""clf__learning_rate"": 0.1, ""clf__max_depth"": null, ""clf__max_iter"": 200}",0.43938435407563753,"[[45, 15], [67, 33]]",valence,0.4846008799497172,0.4875,0.47493714644877444,67,0.67,,15,0.25,0.06818181818181823,1.7047569878724218,0.08451542547285167,subject_dependent,hgb,0.4017857142857143,0.6875,0.6235529788104616,0.5446428571428572,0.4875,0.5803571428571429,0.54,0.4875,0.4875,0.51,45,0.75,33,0.33,0.5,0.4666666666666667
0.4625,0.5033333333333333,"{""clf__learning_rate"": 0.05, ""clf__max_depth"": 5, ""clf__max_iter"": 400}",0.38370566133664946,"[[40, 20], [66, 34]]",valence,0.4617430762009075,0.4625,0.456696917540291,66,0.66,,20,0.3333333333333333,0.005780346820809301,1.1437246502165297,0.006825501298155013,subject_dependent,hgb,0.37735849056603776,0.6296296296296297,0.6215059975072573,0.5034940600978337,0.4625,0.5350279524807827,0.5033333333333333,0.4625,0.4625,0.5131666666666667,40,0.6666666666666666,34,0.34,0.375,0.2727272727272727
0.46875,0.46875,"{""clf__learning_rate"": 0.05, ""clf__max_depth"": 3, ""clf__max_iter"": 400}",0.36624665914160887,"[[30, 50], [35, 45]]",valence,0.464039408866995,0.46875,0.464039408866995,35,0.4375,,50,0.625,-0.0625,1.0431340972422478,-0.06362847629757777,subject_dependent,hgb,0.46153846153846156,0.47368421052631576,0.45241993757291366,0.4676113360323887,0.46875,0.4676113360323887,0.46875,0.46875,0.46875,0.41718750000000004,30,0.375,45,0.5625,0.375,0.36507936507936506
0.48125,0.4875,"{""clf__learning_rate"": 0.05, ""clf__max_depth"": 5, ""clf__max_iter"": 200}",0.3398127528363655,"[[57, 63], [20, 20]]",valence,0.4519417275391028,0.48125,0.515310965292394,20,0.5,,63,0.525,-0.018404907975460016,0.9519852817149053,-0.021665874271866455,subject_dependent,hgb,0.7402597402597403,0.24096385542168675,0.22652280373460987,0.4906117978407135,0.48125,0.615435769050227,0.4875,0.48125,0.48125,0.436875,57,0.475,20,0.5,0.375,0.36507936507936506
0.40625,0.39583333333333337,"{""clf__learning_rate"": 0.05, ""clf__max_depth"": 5, ""clf__max_iter"": 400}",0.4255811168951801,"[[50, 70], [25, 15]]",valence,0.3764102564102564,0.40625,0.4446153846153845,25,0.625,,70,0.5833333333333334,-0.1515151515151516,1.4244169526357209,-0.1807753815155468,subject_dependent,hgb,0.6666666666666666,0.17647058823529413,0.19787611502247276,0.4215686274509804,0.40625,0.5441176470588236,0.39583333333333337,0.40625,0.40625,0.3754166666666667,50,0.4166666666666667,15,0.375,0.25,0.2
0.55,0.55,"{""clf__learning_rate"": 0.05, ""clf__max_depth"": null, ""clf__max_iter"": 200}",0.32771181093776075,"[[32, 48], [24, 56]]",valence,0.5396419437340154,0.55,0.5396419437340153,24,0.3,,48,0.6,0.09999999999999998,1.0303813561314712,0.10482848367219183,subject_dependent,hgb,0.5714285714285714,0.5384615384615384,0.642323657310139,0.554945054945055,0.55,0.554945054945055,0.55,0.55,0.55,0.60984375,32,0.4,56,0.7,0.625,0.6190476190476191
0.50625,0.50625,"{""clf__learning_rate"": 0.1, ""clf__max_depth"": null, ""clf__max_iter"": 200}",0.44815207598954626,"[[35, 45], [34, 46]]",valence,0.5039051768122768,0.50625,0.5039051768122768,34,0.425,,45,0.5625,0.012499999999999956,2.759929719394468,0.01261986643456444,subject_dependent,hgb,0.5072463768115942,0.5054945054945055,0.46822171594557266,0.5063704411530499,0.50625,0.5063704411530499,0.50625,0.50625,0.50625,0.469375,35,0.4375,46,0.575,0.5,0.5
0.575,0.5933333333333333,"{""clf__learning_rate"": 0.05, ""clf__max_depth"": 3, ""clf__max_iter"": 200}",0.26903070596230216,"[[40, 20], [48, 52]]",valence,0.5725958516656191,0.575,0.5806096794468887,48,0.48,,20,0.3333333333333333,0.1707317073170732,0.7632598087480222,0.1816497536376887,subject_dependent,hgb,0.45454545454545453,0.7222222222222222,0.7599679963207817,0.5883838383838383,0.575,0.6218434343434343,0.5933333333333333,0.575,0.575,0.6230000000000001,40,0.6666666666666666,52,0.52,0.75,0.75
0.44375,0.44375,"{""clf__learning_rate"": 0.05, ""clf__max_depth"": 3, ""clf__max_iter"": 400}",0.4184834617143135,"[[13, 67], [22, 58]]",valence,0.39597030752916224,0.44375,0.3959703075291622,22,0.275,,67,0.8375,-0.11250000000000004,1.3885381158141803,-0.1360672102833218,subject_dependent,hgb,0.37142857142857144,0.464,0.41673209734369765,0.4177142857142857,0.44375,0.4177142857142858,0.44375,0.44375,0.44375,0.38171875000000005,13,0.1625,58,0.725,0.375,0.2727272727272727
0.48125,0.465,"{""clf__learning_rate"": 0.1, ""clf__max_depth"": null, ""clf__max_iter"": 200}",0.47728097312910867,"[[24, 36], [47, 53]]",valence,0.46362938729350944,0.48125,0.48793368068177223,47,0.47,,36,0.6,-0.067524115755627,3.4859015215033073,-0.0682102258505799,subject_dependent,hgb,0.3380281690140845,0.5955056179775281,0.5822201423847975,0.4667668934958063,0.48125,0.49895157461623685,0.465,0.48125,0.48125,0.4206666666666667,24,0.4,53,0.53,0.625,0.6190476190476191
0.59375,0.59375,"{""clf__learning_rate"": 0.1, ""clf__max_depth"": 3, ""clf__max_iter"": 400}",0.33575589535914396,"[[36, 44], [21, 59]]",valence,0.5851780942124367,0.59375,0.5851780942124367,21,0.2625,,44,0.55,0.1875,1.191681497129904,0.19576507669382243,subject_dependent,hgb,0.631578947368421,0.5728155339805825,0.5383028194455807,0.6021972406745018,0.59375,0.6021972406745018,0.59375,0.59375,0.59375,0.580625,36,0.45,59,0.7375,0.625,0.5636363636363637
0.55,0.63,"{""clf__learning_rate"": 0.1, ""clf__max_depth"": 5, ""clf__max_iter"": 200}",0.3898714521261004,"[[31, 69], [3, 57]]",valence,0.5377948964853154,0.55,0.5190178141550312,3,0.05,,69,0.69,0.21311475409836067,1.6822211676505012,0.3076976944152481,subject_dependent,hgb,0.9117647058823529,0.4523809523809524,0.4757588314547547,0.6820728291316527,0.55,0.7394957983193277,0.63,0.55,0.55,0.6591666666666667,31,0.31,57,0.95,0.625,0.6190476190476191
0.35,0.4033333333333333,"{""clf__learning_rate"": 0.05, ""clf__max_depth"": 3, ""clf__max_iter"": 200}",0.4676626760817607,"[[19, 81], [23, 37]]",valence,0.3416679854407343,0.35,0.3231523975312549,23,0.38333333333333336,,81,0.81,-0.16201117318435765,1.3709273928223993,-0.2127241099322364,subject_dependent,hgb,0.4523809523809524,0.3135593220338983,0.39282877820562084,0.38297013720742534,0.35,0.4003228410008071,0.4033333333333333,0.35,0.35,0.43583333333333335,19,0.19,37,0.6166666666666667,0.25,0.2
0.55625,0.6041666666666666,"{""clf__learning_rate"": 0.1, ""clf__max_depth"": null, ""clf__max_iter"": 200}",0.3747328370377926,"[[61, 59], [12, 28]]",valence,0.5365346171106851,0.55625,0.5843294847211455,12,0.3,,59,0.49166666666666664,0.14970059880239517,1.7929765032241363,0.18111662841012977,subject_dependent,hgb,0.8356164383561644,0.3218390804597701,0.3281980018976032,0.5787277594079673,0.55625,0.7071720988820658,0.6041666666666666,0.55625,0.55625,0.6595833333333333,61,0.5083333333333333,28,0.7,0.625,0.6190476190476191
0.48125,0.505,"{""clf__learning_rate"": 0.05, ""clf__max_depth"": null, ""clf__max_iter"": 400}",0.441536173020692,"[[36, 24], [59, 41]]",valence,0.4807429130009775,0.48125,0.4847996089931573,59,0.59,,24,0.4,0.008955223880596996,2.1114683860098893,0.009857281161802884,subject_dependent,hgb,0.37894736842105264,0.6307692307692307,0.5942008499353029,0.5048582995951417,0.48125,0.5363360323886639,0.505,0.48125,0.48125,0.5261666666666667,36,0.6,41,0.41,0.5,0.5
0.7,0.7066666666666667,"{""clf__learning_rate"": 0.1, ""clf__max_depth"": null, ""clf__max_iter"": 400}",0.26117044880794404,"[[68, 32], [16, 44]]",valence,0.6930946291560103,0.7,0.7046035805626598,16,0.26666666666666666,,32,0.32,0.3924050632911392,1.231770522340619,0.4007094794035653,subject_dependent,hgb,0.8095238095238095,0.5789473684210527,0.6628738994741828,0.6942355889724311,0.7,0.7230576441102757,0.7066666666666667,0.7,0.7,0.7483333333333334,68,0.68,44,0.7333333333333333,0.75,0.75
0.5625,0.6214285714285714,"{""clf__learning_rate"": 0.1, ""clf__max_depth"": null, ""clf__max_iter"": 400}",0.3920786712909191,"[[76, 64], [6, 14]]",valence,0.4851994851994852,0.5625,0.6348133848133848,6,0.3,,64,0.45714285714285713,0.10828025477707004,1.9916039425820362,0.16068512297825835,subject_dependent,hgb,0.926829268292683,0.1794871794871795,0.17433094287761614,0.5531582238899312,0.5625,0.833411507191995,0.6214285714285714,0.5625,0.5625,0.6410714285714285,76,0.5428571428571428,14,0.7,0.625,0.5636363636363637
0.61875,0.635,"{""clf__learning_rate"": 0.05, ""clf__max_depth"": null, ""clf__max_iter"": 200}",0.27501865464938746,"[[57, 43], [18, 42]]",valence,0.6153694581280789,0.61875,0.6243842364532021,18,0.3,,43,0.43,0.24923076923076926,0.8730633546437796,0.2619384750392396,subject_dependent,hgb,0.76,0.49411764705882355,0.5840443040262202,0.6270588235294118,0.61875,0.6602941176470589,0.635,0.61875,0.61875,0.7043333333333333,57,0.57,42,0.7,0.75,0.75
0.65625,0.7050000000000001,"{""clf__learning_rate"": 0.05, ""clf__max_depth"": 5, ""clf__max_iter"": 200}",0.23708588204926703,"[[54, 6], [49, 51]]",valence,0.6561291078894924,0.65625,0.6545172130827244,49,0.49,,6,0.1,0.358600583090379,0.7161086064415396,0.4144798687196249,subject_dependent,hgb,0.5242718446601942,0.8947368421052632,0.8764957276036467,0.7095043433827286,0.65625,0.7558124680633622,0.7050000000000001,0.65625,0.65625,0.7888333333333333,54,0.9,51,0.51,0.625,0.6190476190476191
0.4625,0.49333333333333335,"{""clf__learning_rate"": 0.1, ""clf__max_depth"": null, ""clf__max_iter"": 200}",0.4703353205729834,"[[37, 23], [63, 37]]",valence,0.4625,0.4625,0.4625,63,0.63,,23,0.38333333333333336,-0.0117647058823529,2.6598225639365607,-0.013333333333333334,subject_dependent,hgb,0.37,0.6166666666666667,0.6072295272027082,0.49333333333333335,0.4625,0.5241666666666667,0.49333333333333335,0.4625,0.4625,0.48383333333333334,37,0.6166666666666667,37,0.37,0.625,0.6190476190476191
0.6125,0.6083333333333334,"{""clf__learning_rate"": 0.1, ""clf__max_depth"": 5, ""clf__max_iter"": 400}",0.34700845082882265,"[[24, 16], [46, 74]]",valence,0.5705627705627706,0.6125,0.6376623376623377,46,0.38333333333333336,,16,0.4,0.17333333333333334,2.087096354127077,0.18912217153786007,subject_dependent,hgb,0.34285714285714286,0.8222222222222222,0.8211687576594411,0.5825396825396825,0.6125,0.7023809523809523,0.6083333333333334,0.6125,0.6125,0.6308333333333334,24,0.6,74,0.6166666666666667,0.5,0.4666666666666667
0.36875,0.355,"{""clf__learning_rate"": 0.05, ""clf__max_depth"": 5, ""clf__max_iter"": 200}",0.4580181527309545,"[[18, 42], [59, 41]]",valence,0.3554305771608631,0.36875,0.37859479079414465,59,0.59,,42,0.7,-0.27444794952681395,1.4367495338114018,-0.2809889324503715,subject_dependent,hgb,0.23376623376623376,0.4939759036144578,0.5456012965310366,0.3638710686903458,0.36875,0.39639727742137376,0.355,0.36875,0.36875,0.31200000000000006,18,0.3,41,0.41,0.25,0.25
0.6375,0.5,"{""clf__learning_rate"": 0.05, ""clf__max_depth"": null, ""clf__max_iter"": 400}",0.311315362822021,"[[9, 31], [27, 93]]",valence,0.49956859361518546,0.6375,0.6309318377911992,27,0.225,,31,0.775,0.0,1.5674376312224054,0.0,subject_dependent,hgb,0.25,0.75,0.7612821422831666,0.5,0.6375,0.625,0.5,0.6375,0.6375,0.49520833333333336,9,0.225,93,0.775,0.625,0.38461538461538464
0.54375,0.4041666666666667,"{""clf__learning_rate"": 0.1, ""clf__max_depth"": 3, ""clf__max_iter"": 200}",0.3252849833691368,"[[5, 35], [38, 82]]",valence,0.40623252503685625,0.54375,0.5491078236998628,38,0.31666666666666665,,35,0.875,-0.1869918699186992,1.0517987827944137,-0.18721474469377666,subject_dependent,hgb,0.11627906976744186,0.7008547008547008,0.6704591690000907,0.4085668853110713,0.54375,0.5547107930828861,0.4041666666666667,0.54375,0.54375,0.3614583333333333,5,0.125,82,0.6833333333333333,0.5,0.3333333333333333
0.60625,0.6892857142857143,"{""clf__learning_rate"": 0.1, ""clf__max_depth"": 3, ""clf__max_iter"": 400}",0.314750861470093,"[[16, 4], [59, 81]]",valence,0.5284210526315789,0.60625,0.6721052631578948,59,0.42142857142857143,,4,0.2,0.17377049180327864,1.2135660084319058,0.25089196621550997,subject_dependent,hgb,0.21333333333333335,0.9529411764705882,0.9457258005511401,0.5831372549019608,0.60625,0.8604901960784315,0.6892857142857143,0.60625,0.6062500000000001,0.6753571428571428,16,0.8,81,0.5785714285714286,0.625,0.5636363636363637
0.55625,0.6375,"{""clf__learning_rate"": 0.1, ""clf__max_depth"": 3, ""clf__max_iter"": 400}",0.34658908597174387,"[[32, 8], [63, 57]]",valence,0.5451451451451452,0.55625,0.5806806806806807,63,0.525,,8,0.2,0.1885714285714286,1.2712317024669626,0.24245705826231284,subject_dependent,hgb,0.3368421052631579,0.8769230769230769,0.8604189795443065,0.6068825910931174,0.55625,0.7419028340080971,0.6375,0.55625,0.55625,0.6197916666666667,32,0.8,57,0.475,0.625,0.6190476190476191
0.6,0.6000000000000001,"{""clf__learning_rate"": 0.1, ""clf__max_depth"": 5, ""clf__max_iter"": 400}",0.3448552323863342,"[[37, 43], [21, 59]]",valence,0.5922917662048097,0.6,0.5922917662048097,21,0.2625,,43,0.5375,0.19999999999999996,1.583920922614393,0.2080203869969375,subject_dependent,hgb,0.6379310344827587,0.5784313725490197,0.6544917781156315,0.6081812035158891,0.6,0.6081812035158892,0.6000000000000001,0.6,0.6,0.6659375,37,0.4625,59,0.7375,0.75,0.7333333333333334
0.4,0.37,"{""clf__learning_rate"": 0.1, ""clf__max_depth"": 5, ""clf__max_iter"": 200}",0.4582459193154098,"[[15, 45], [51, 49]]",valence,0.3716249386352479,0.4,0.4050073637702504,51,0.51,,45,0.75,-0.2549019607843137,1.6371848142513437,-0.2556896087358145,subject_dependent,hgb,0.22727272727272727,0.5212765957446809,0.5611772846144685,0.3742746615087041,0.4,0.41102514506769827,0.37,0.4,0.4,0.36433333333333334,15,0.25,49,0.49,0.25,0.2
0.5375,0.48666666666666664,"{""clf__learning_rate"": 0.05, ""clf__max_depth"": null, ""clf__max_iter"": 200}",0.33407946635761404,"[[17, 43], [31, 69]]",valence,0.48287910552061497,0.5375,0.524895178197065,31,0.31,,43,0.7166666666666667,-0.02777777777777768,1.1098052665763687,-0.028171808490950554,subject_dependent,hgb,0.3541666666666667,0.6160714285714286,0.6285030410214406,0.48511904761904767,0.5375,0.5178571428571429,0.48666666666666664,0.5375,0.5375,0.5125000000000001,17,0.2833333333333333,69,0.69,0.75,0.6666666666666667
0.48125,0.48125,"{""clf__learning_rate"": 0.05, ""clf__max_depth"": 3, ""clf__max_iter"": 200}",0.3281480363162441,"[[20, 60], [23, 57]]",valence,0.4519417275391028,0.48125,0.4519417275391028,23,0.2875,,60,0.75,-0.03750000000000009,0.904746593430405,-0.042295493443781355,subject_dependent,hgb,0.46511627906976744,0.48717948717948717,0.45898320226571,0.4761478831246273,0.48125,0.4761478831246273,0.48125,0.48125,0.48125,0.43890624999999994,20,0.25,57,0.7125,0.625,0.5636363636363637
0.50625,0.42083333333333334,"{""clf__learning_rate"": 0.1, ""clf__max_depth"": 5, ""clf__max_iter"": 200}",0.3927205677568638,"[[71, 49], [30, 10]]",valence,0.4222770693358929,0.50625,0.5324055029937383,30,0.75,,49,0.4083333333333333,-0.13669064748201443,1.4598045173857823,-0.1421039928299224,subject_dependent,hgb,0.7029702970297029,0.1694915254237288,0.2048704786283804,0.43623091122671587,0.50625,0.5696006041282093,0.42083333333333334,0.50625,0.50625,0.41104166666666664,71,0.5916666666666667,10,0.25,0.5,0.3333333333333333
0.59375,0.5625,"{""clf__learning_rate"": 0.1, ""clf__max_depth"": 5, ""clf__max_iter"": 400}",0.3262652167412603,"[[75, 45], [20, 20]]",valence,0.539313399778516,0.59375,0.6184939091915836,20,0.5,,45,0.375,0.10344827586206895,1.4142293828353973,0.11020775375559676,subject_dependent,hgb,0.7894736842105263,0.3076923076923077,0.300946248678994,0.548582995951417,0.59375,0.6690283400809717,0.5625,0.59375,0.59375,0.6064583333333333,75,0.625,20,0.5,0.75,0.6666666666666667
0.66875,0.6208333333333333,"{""clf__learning_rate"": 0.05, ""clf__max_depth"": null, ""clf__max_iter"": 200}",0.2817518828937929,"[[21, 19], [34, 86]]",valence,0.6032748538011696,0.66875,0.6838596491228071,34,0.2833333333333333,,19,0.475,0.2148148148148148,1.0028230645083689,0.22032378115530002,subject_dependent,hgb,0.38181818181818183,0.819047619047619,0.7742765428572085,0.6004329004329004,0.66875,0.7097402597402598,0.6208333333333333,0.66875,0.66875,0.598125,21,0.525,86,0.7166666666666667,0.75,0.6666666666666667
0.60625,0.5791666666666666,"{""clf__learning_rate"": 0.05, ""clf__max_depth"": 3, ""clf__max_iter"": 200}",0.26529329334065593,"[[76, 44], [19, 21]]",valence,0.5534883720930233,0.60625,0.6302325581395348,19,0.475,,44,0.36666666666666664,0.13103448275862073,0.7563216485832208,0.13959648809042255,subject_dependent,hgb,0.8,0.3230769230769231,0.27479253093799627,0.5615384615384615,0.60625,0.6807692307692308,0.5791666666666666,0.60625,0.60625,0.544375,76,0.6333333333333333,21,0.525,0.625,0.5636363636363637
0.49375,0.5458333333333334,"{""clf__learning_rate"": 0.1, ""clf__max_depth"": 3, ""clf__max_iter"": 400}",0.38882448689763854,"[[26, 14], [67, 53]]",valence,0.4789111816975594,0.49375,0.5228780507418278,67,0.5583333333333333,,14,0.35,0.06358381502890176,1.4406123211338568,0.0804550264908774,subject_dependent,hgb,0.27956989247311825,0.7910447761194029,0.7837456827882014,0.5353073342962607,0.49375,0.6631760552078318,0.5458333333333334,0.49375,0.49375,0.5666666666666667,26,0.65,53,0.44166666666666665,0.625,0.6190476190476191
0.36875,0.5291666666666667,"{""clf__learning_rate"": 0.1, ""clf__max_depth"": 3, ""clf__max_iter"": 200}",0.4606073081568189,"[[25, 95], [6, 34]]",valence,0.3667463458599475,0.36875,0.3489360868372585,6,0.15,,95,0.7916666666666666,0.03349282296650713,1.4369789699797515,0.06390895416089062,subject_dependent,hgb,0.8064516129032258,0.26356589147286824,0.2912532335964706,0.535008752188047,0.36875,0.6707301825456364,0.5291666666666667,0.36875,0.36875,0.5279166666666667,25,0.20833333333333334,34,0.85,0.375,0.36507936507936506
0.50625,0.5416666666666667,"{""clf__learning_rate"": 0.05, ""clf__max_depth"": null, ""clf__max_iter"": 200}",0.369511264379385,"[[40, 60], [19, 41]]",valence,0.5062307121371928,0.50625,0.5054591976249072,19,0.31666666666666665,,60,0.6,0.07331378299120239,1.2419450027160424,0.0836195231162761,subject_dependent,hgb,0.6779661016949152,0.40594059405940597,0.3601553840650552,0.5419533478771605,0.50625,0.5759565363315992,0.5416666666666667,0.50625,0.50625,0.5073333333333333,40,0.4,41,0.6833333333333333,0.5,0.5
0.65,0.55,"{""clf__learning_rate"": 0.1, ""clf__max_depth"": null, ""clf__max_iter"": 400}",0.2894961173422656,"[[14, 26], [30, 90]]",valence,0.5480225988700564,0.65,0.655367231638418,30,0.25,,26,0.65,0.09677419354838712,1.2418557296492079,0.09697622757528539,subject_dependent,hgb,0.3181818181818182,0.7758620689655172,0.8102928380382379,0.5470219435736677,0.65,0.6614420062695924,0.55,0.65,0.65,0.5847916666666666,14,0.35,90,0.75,0.75,0.42857142857142855
0.49375,0.5416666666666666,"{""clf__learning_rate"": 0.1, ""clf__max_depth"": 3, ""clf__max_iter"": 400}",0.3952275319195603,"[[35, 65], [16, 44]]",valence,0.49214310905599745,0.49375,0.48500137152709744,16,0.26666666666666666,,65,0.65,0.07163323782234954,1.3970709324796395,0.0865757060682363,subject_dependent,hgb,0.6862745098039216,0.4036697247706422,0.48595010375759723,0.5449721172872819,0.49375,0.5802977154164418,0.5416666666666666,0.49375,0.49375,0.5693333333333335,35,0.35,44,0.7333333333333333,0.5,0.4666666666666667
0.625,0.65,"{""clf__learning_rate"": 0.1, ""clf__max_depth"": 3, ""clf__max_iter"": 200}",0.2612581266222514,"[[45, 15], [45, 55]]",valence,0.6235294117647059,0.625,0.6294117647058823,45,0.45,,15,0.25,0.2727272727272727,0.7531102192278679,0.29277002188455997,subject_dependent,hgb,0.5,0.7857142857142857,0.7572320098530865,0.6428571428571428,0.625,0.6785714285714286,0.65,0.625,0.625,0.6510000000000001,45,0.75,55,0.55,0.75,0.75
0.54375,0.6283333333333333,"{""clf__learning_rate"": 0.1, ""clf__max_depth"": 3, ""clf__max_iter"": 400}",0.3958770923587519,"[[29, 71], [2, 58]]",valence,0.5282523526798336,0.54375,0.5068762874106385,2,0.03333333333333333,,71,0.71,0.20867208672086723,1.9816592385019483,0.3143904849242728,subject_dependent,hgb,0.9354838709677419,0.4496124031007752,0.5886702417461961,0.6925481370342585,0.54375,0.7532820705176294,0.6283333333333333,0.54375,0.54375,0.6971666666666667,29,0.29,58,0.9666666666666667,0.5,0.4666666666666667
0.5375,0.6166666666666667,"{""clf__learning_rate"": 0.1, ""clf__max_depth"": 3, ""clf__max_iter"": 400}",0.38018701039669806,"[[55, 65], [9, 31]]",valence,0.5268542199488491,0.5375,0.5623401534526854,9,0.225,,65,0.5416666666666666,0.15909090909090906,1.49730019440291,0.20623947784607635,subject_dependent,hgb,0.859375,0.3229166666666667,0.4253232780510494,0.5911458333333334,0.5375,0.7252604166666667,0.6166666666666667,0.5375,0.5375,0.6449999999999999,55,0.4583333333333333,31,0.775,0.625,0.6190476190476191
0.54375,0.54375,"{""clf__learning_rate"": 0.1, ""clf__max_depth"": 3, ""clf__max_iter"": 200}",0.35146061343455065,"[[35, 45], [28, 52]]",valence,0.538540555489708,0.54375,0.538540555489708,28,0.35,,45,0.5625,0.08750000000000002,1.1930777970747168,0.0895451149195559,subject_dependent,hgb,0.5555555555555556,0.5360824742268041,0.666675495803114,0.5458190148911799,0.54375,0.5458190148911799,0.54375,0.54375,0.54375,0.58578125,35,0.4375,52,0.65,0.5,0.5
0.39375,0.39375,"{""clf__learning_rate"": 0.1, ""clf__max_depth"": null, ""clf__max_iter"": 200}",0.5162083047200194,"[[43, 37], [60, 20]]",valence,0.3809580790554824,0.39375,0.3809580790554824,60,0.75,,37,0.4625,-0.2124999999999999,2.57060511525897,-0.22186708691966542,subject_dependent,hgb,0.4174757281553398,0.3508771929824561,0.4196567255134793,0.384176460568898,0.39375,0.3841764605688979,0.39375,0.39375,0.39375,0.384375,43,0.5375,20,0.25,0.375,0.36507936507936506
0.60625,0.60625,"{""clf__learning_rate"": 0.05, ""clf__max_depth"": 3, ""clf__max_iter"": 200}",0.24349669566540172,"[[55, 25], [38, 42]]",valence,0.6036333608587944,0.60625,0.6036333608587944,38,0.475,,25,0.3125,0.21250000000000002,0.6877502174281789,0.21536248102822667,subject_dependent,hgb,0.5913978494623656,0.6268656716417911,0.703073278205721,0.6091317605520783,0.60625,0.6091317605520784,0.60625,0.60625,0.60625,0.6414062500000001,55,0.6875,42,0.525,0.625,0.6190476190476191
0.4,0.49333333333333335,"{""clf__learning_rate"": 0.05, ""clf__max_depth"": 3, ""clf__max_iter"": 400}",0.45031911562711596,"[[52, 8], [88, 12]]",valence,0.36,0.4,0.32,88,0.88,,8,0.13333333333333333,-0.010526315789473717,1.4670807991309387,-0.019518001458970664,subject_dependent,hgb,0.37142857142857144,0.6,0.6362990692571187,0.4857142857142857,0.4,0.5142857142857142,0.49333333333333335,0.4,0.4,0.512,52,0.8666666666666667,12,0.12,0.375,0.2727272727272727
0.64375,0.5375,"{""clf__learning_rate"": 0.1, ""clf__max_depth"": 3, ""clf__max_iter"": 200}",0.2528556568963096,"[[90, 30], [27, 13]]",valence,0.5363733414671343,0.64375,0.6479335061766052,27,0.675,,30,0.25,0.07317073170731703,0.7465650432287427,0.07325794357582566,subject_dependent,hgb,0.7692307692307693,0.3023255813953488,0.27164045945885174,0.535778175313059,0.64375,0.6525044722719141,0.5375,0.64375,0.64375,0.515625,90,0.75,13,0.325,0.75,0.42857142857142855
0.625,0.5533333333333333,"{""clf__learning_rate"": 0.05, ""clf__max_depth"": 5, ""clf__max_iter"": 200}",0.25273840440673656,"[[84, 16], [44, 16]]",valence,0.5423340961098397,0.625,0.5909610983981693,44,0.7333333333333333,,16,0.16,0.11764705882352944,0.7387363854091822,0.12909944487358058,subject_dependent,hgb,0.65625,0.5,0.49910471284993174,0.578125,0.625,0.59765625,0.5533333333333333,0.625,0.625,0.5963333333333334,84,0.84,16,0.26666666666666666,0.625,0.38461538461538464
0.375,0.45333333333333337,"{""clf__learning_rate"": 0.1, ""clf__max_depth"": 3, ""clf__max_iter"": 400}",0.5417075889412104,"[[46, 14], [86, 14]]",valence,0.34895833333333337,0.375,0.31640625,86,0.86,,14,0.23333333333333334,-0.07526881720430101,2.338435497267202,-0.11891767800211263,subject_dependent,hgb,0.3484848484848485,0.5,0.555216896933572,0.42424242424242425,0.375,0.4431818181818182,0.45333333333333337,0.375,0.375,0.41933333333333334,46,0.7666666666666667,14,0.14,0.375,0.2727272727272727
0.50625,0.435,"{""clf__learning_rate"": 0.1, ""clf__max_depth"": null, ""clf__max_iter"": 200}",0.4066083459463072,"[[72, 28], [51, 9]]",valence,0.41565346031158984,0.50625,0.47317507281216775,51,0.85,,28,0.28,-0.1407942238267148,2.0144375804723644,-0.1492676033262698,subject_dependent,hgb,0.5853658536585366,0.24324324324324326,0.31610566894771336,0.41430454845088993,0.50625,0.4570698747528016,0.435,0.50625,0.50625,0.4008333333333333,72,0.72,9,0.15,0.5,0.3333333333333333
0.575,0.525,"{""clf__learning_rate"": 0.1, ""clf__max_depth"": 5, ""clf__max_iter"": 200}",0.3690720813142974,"[[17, 23], [45, 75]]",valence,0.5107033639143731,0.575,0.5993883792048929,45,0.375,,23,0.575,0.04225352112676062,1.5010914276584129,0.04444078691701823,subject_dependent,hgb,0.27419354838709675,0.7653061224489796,0.7718553111051307,0.5197498354180381,0.575,0.6425279789335089,0.525,0.575,0.575,0.5020833333333333,17,0.425,75,0.625,0.625,0.5636363636363637
0.6,0.6000000000000001,"{""clf__learning_rate"": 0.1, ""clf__max_depth"": 5, ""clf__max_iter"": 400}",0.3423740218245993,"[[47, 33], [31, 49]]",valence,0.5999374902328489,0.6,0.5999374902328489,31,0.3875,,33,0.4125,0.19999999999999996,1.7552992129998604,0.20006252931214213,subject_dependent,hgb,0.6025641025641025,0.5975609756097561,0.623688083341905,0.6000625390869293,0.6,0.6000625390869294,0.6000000000000001,0.6,0.6,0.64171875,47,0.5875,49,0.6125,0.625,0.6190476190476191
0.6125,0.35,"{""clf__learning_rate"": 0.1, ""clf__max_depth"": 3, ""clf__max_iter"": 400}",0.3094331470656355,"[[0, 20], [42, 98]]",valence,0.3798449612403101,0.6125,0.6647286821705427,42,0.3,,20,1.0,-0.20388349514563098,1.441453358376915,-0.22549380840084865,subject_dependent,hgb,0.0,0.8305084745762712,0.7590365692792043,0.4152542372881356,0.6125,0.7266949152542372,0.35,0.6125,0.6125,0.15678571428571428,0,0.0,98,0.7,0.75,0.42857142857142855
0.5875,0.5875,"{""clf__learning_rate"": 0.05, ""clf__max_depth"": 3, ""clf__max_iter"": 200}",0.28128586778730325,"[[34, 46], [20, 60]]",valence,0.5763119884448724,0.5875,0.5763119884448724,20,0.25,,46,0.575,0.17500000000000004,0.7948050067918818,0.1850453700009003,subject_dependent,hgb,0.6296296296296297,0.5660377358490566,0.6530934725594004,0.5978336827393431,0.5875,0.5978336827393431,0.5875,0.5875,0.5875,0.6321875,34,0.425,60,0.75,0.5,0.4666666666666667
0.63125,0.6283333333333334,"{""clf__learning_rate"": 0.05, ""clf__max_depth"": 3, ""clf__max_iter"": 200}",0.2401586668213027,"[[64, 36], [23, 37]]",valence,0.6204414780266173,0.63125,0.6364541031723693,23,0.38333333333333336,,36,0.36,0.2460063897763578,0.6977306510206918,0.24947328127606178,subject_dependent,hgb,0.735632183908046,0.5068493150684932,0.5866311877881953,0.6212407494882696,0.63125,0.6498386080932137,0.6283333333333334,0.63125,0.63125,0.7321666666666666,64,0.64,37,0.6166666666666667,0.625,0.6190476190476191
0.65,0.6433333333333333,"{""clf__learning_rate"": 0.1, ""clf__max_depth"": null, ""clf__max_iter"": 200}",0.31896494571197004,"[[67, 33], [23, 37]]",valence,0.637246963562753,0.65,0.654251012145749,23,0.38333333333333336,,33,0.33,0.2774193548387097,1.7692461474373797,0.2797580209119128,subject_dependent,hgb,0.7444444444444445,0.5285714285714286,0.4991903606002599,0.6365079365079365,0.65,0.6634920634920635,0.6433333333333333,0.65,0.65,0.692,67,0.67,37,0.6166666666666667,0.625,0.6190476190476191
0.31875,0.4125,"{""clf__learning_rate"": 0.1, ""clf__max_depth"": 5, ""clf__max_iter"": 200}",0.5975335666776204,"[[27, 93], [16, 24]]",valence,0.3185104138173577,0.31875,0.32489937868781993,16,0.4,,93,0.775,-0.10659898477157359,3.200208338324232,-0.17093520167692652,subject_dependent,hgb,0.627906976744186,0.20512820512820512,0.20762566803844162,0.41651759093619556,0.31875,0.5222122838401908,0.4125,0.31875,0.31875,0.3852083333333333,27,0.225,24,0.6,0.25,0.25
0.51875,0.5625,"{""clf__learning_rate"": 0.1, ""clf__max_depth"": 5, ""clf__max_iter"": 200}",0.4291294669673313,"[[57, 63], [14, 26]]",valence,0.4999797069686269,0.51875,0.5484191728560412,14,0.35,,63,0.525,0.08875739644970415,2.12075686547107,0.10894478697322148,subject_dependent,hgb,0.8028169014084507,0.29213483146067415,0.2683882820024822,0.5474758664345625,0.51875,0.6751463839215066,0.5625,0.51875,0.51875,0.529375,57,0.475,26,0.65,0.5,0.5
0.56875,0.56875,"{""clf__learning_rate"": 0.05, ""clf__max_depth"": null, ""clf__max_iter"": 200}",0.34067351549415215,"[[74, 6], [63, 17]]",valence,0.506062368574113,0.56875,0.5060623685741131,63,0.7875,,6,0.075,0.13749999999999996,1.267931892875303,0.1959604750333838,subject_dependent,hgb,0.5401459854014599,0.7391304347826086,0.7204153791915411,0.6396382100920343,0.56875,0.6396382100920343,0.56875,0.56875,0.56875,0.743125,74,0.925,17,0.2125,0.5,0.3333333333333333
0.41875,0.43166666666666664,"{""clf__learning_rate"": 0.05, ""clf__max_depth"": null, ""clf__max_iter"": 200}",0.4594869765466849,"[[29, 31], [62, 38]]",valence,0.4169050511383675,0.41875,0.4251048238567342,62,0.62,,31,0.5166666666666667,-0.1238670694864048,1.799645785283427,-0.13359585558864215,subject_dependent,hgb,0.31868131868131866,0.5507246376811594,0.5794329235990361,0.43470297818123904,0.41875,0.46370839305621914,0.43166666666666664,0.41875,0.41875,0.447,29,0.48333333333333334,38,0.38,0.375,0.36507936507936506
0.66875,0.6283333333333334,"{""clf__learning_rate"": 0.05, ""clf__max_depth"": null, ""clf__max_iter"": 400}",0.3036664987006941,"[[28, 32], [21, 79]]",arousal,0.6312883168833427,0.66875,0.6606700291317014,21,0.21,,32,0.5333333333333333,0.2664359861591695,1.837896879945736,0.2695786947677295,subject_dependent,hgb,0.5714285714285714,0.7117117117117117,0.8213770343814024,0.6415701415701416,0.66875,0.6591055341055341,0.6283333333333334,0.66875,0.66875,0.7031666666666666,28,0.4666666666666667,79,0.79,0.75,0.7333333333333334
0.51875,0.5416666666666666,"{""clf__learning_rate"": 0.1, ""clf__max_depth"": null, ""clf__max_iter"": 200}",0.43594436038763706,"[[38, 22], [55, 45]]",arousal,0.5178270909162068,0.51875,0.5231008571093108,55,0.55,,22,0.36666666666666664,0.07507507507507505,2.791459595121306,0.08177404925688556,subject_dependent,hgb,0.40860215053763443,0.6716417910447762,0.698064941079779,0.5401219707912053,0.51875,0.573001925854598,0.5416666666666666,0.51875,0.51875,0.5206666666666666,38,0.6333333333333333,45,0.45,0.625,0.6190476190476191
0.68125,0.5958333333333333,"{""clf__learning_rate"": 0.05, ""clf__max_depth"": null, ""clf__max_iter"": 400}",0.27961612167483196,"[[17, 23], [28, 92]]",arousal,0.5914893617021277,0.68125,0.6872340425531915,28,0.23333333333333334,,23,0.575,0.18400000000000005,1.412110087210065,0.18459164139817943,subject_dependent,hgb,0.37777777777777777,0.8,0.8162504648644525,0.5888888888888889,0.68125,0.6944444444444444,0.5958333333333333,0.68125,0.68125,0.6070833333333333,17,0.425,92,0.7666666666666667,0.625,0.38461538461538464
0.6625,0.7857142857142857,"{""clf__learning_rate"": 0.05, ""clf__max_depth"": 5, ""clf__max_iter"": 200}",0.25876729680146826,"[[19, 1], [53, 87]]",arousal,0.5881006864988558,0.6625,0.7193935926773456,53,0.37857142857142856,,1,0.05,0.2702702702702703,0.8422750472486115,0.3798685881987931,subject_dependent,hgb,0.2638888888888889,0.9886363636363636,0.9631024833317431,0.6262626262626263,0.6625,0.8980429292929293,0.7857142857142857,0.6625,0.6625,0.7517857142857143,19,0.95,87,0.6214285714285714,0.75,0.6666666666666667
0.55,0.51,"{""clf__learning_rate"": 0.05, ""clf__max_depth"": 3, ""clf__max_iter"": 200}",0.2952167190278962,"[[21, 39], [33, 67]]",arousal,0.5094532447623914,0.55,0.5447112927950946,33,0.33,,39,0.65,0.020408163265306145,0.8753670791252652,0.020476503894465037,subject_dependent,hgb,0.3888888888888889,0.6320754716981132,0.7546607078556904,0.510482180293501,0.55,0.5408805031446541,0.51,0.55,0.55,0.5884999999999999,21,0.35,67,0.67,0.375,0.2727272727272727
0.65,0.65,"{""clf__learning_rate"": 0.1, ""clf__max_depth"": null, ""clf__max_iter"": 400}",0.31404365678704743,"[[37, 43], [13, 67]]",arousal,0.637246963562753,0.65,0.637246963562753,13,0.1625,,43,0.5375,0.30000000000000004,1.782777275939442,0.32361593398235616,subject_dependent,hgb,0.74,0.6090909090909091,0.7572221443298399,0.6745454545454546,0.65,0.6745454545454546,0.65,0.65,0.65,0.7367187500000001,37,0.4625,67,0.8375,0.75,0.7333333333333334
0.64375,0.645,"{""clf__learning_rate"": 0.05, ""clf__max_depth"": 3, ""clf__max_iter"": 400}",0.2314238076372249,"[[39, 21], [36, 64]]",arousal,0.6348348348348348,0.64375,0.649099099099099,36,0.36,,21,0.35,0.2761904761904762,0.7058187209043201,0.28134132504214626,subject_dependent,hgb,0.52,0.7529411764705882,0.8427383027872952,0.6364705882352941,0.64375,0.6655882352941177,0.645,0.64375,0.64375,0.7471666666666666,39,0.65,64,0.64,0.625,0.6190476190476191
0.4875,0.48750000000000004,"{""clf__learning_rate"": 0.05, ""clf__max_depth"": null, ""clf__max_iter"": 200}",0.39008703185619903,"[[42, 38], [44, 36]]",arousal,0.48677828195900485,0.4875,0.48677828195900485,44,0.55,,38,0.475,-0.02499999999999991,1.422578694337237,-0.02507061052819501,subject_dependent,hgb,0.4883720930232558,0.4864864864864865,0.5609849648333972,0.48742928975487115,0.4875,0.48742928975487115,0.48750000000000004,0.4875,0.4875,0.5528125,42,0.525,36,0.45,0.5,0.4666666666666667
0.6125,0.6000000000000001,"{""clf__learning_rate"": 0.05, ""clf__max_depth"": 3, ""clf__max_iter"": 400}",0.3136029987246082,"[[65, 35], [27, 33]]",arousal,0.5963541666666667,0.6125,0.6165364583333334,27,0.45,,35,0.35,0.19480519480519476,1.1116389352142728,0.19586518668589045,subject_dependent,hgb,0.7065217391304348,0.4852941176470588,0.4812054237592102,0.5959079283887468,0.6125,0.6235613810741688,0.6000000000000001,0.6125,0.6125,0.597,65,0.65,33,0.55,0.5,0.4666666666666667
0.48125,0.455,"{""clf__learning_rate"": 0.1, ""clf__max_depth"": 3, ""clf__max_iter"": 400}",0.4242439422529422,"[[21, 39], [44, 56]]",arousal,0.4551794871794872,0.48125,0.4849743589743589,44,0.44,,39,0.65,-0.08852459016393444,1.84145296776317,-0.08871553045622596,subject_dependent,hgb,0.3230769230769231,0.5894736842105263,0.5624621453172756,0.4562753036437247,0.48125,0.4895748987854251,0.455,0.48125,0.48125,0.4255,21,0.35,56,0.56,0.5,0.4666666666666667
0.58125,0.5716666666666667,"{""clf__learning_rate"": 0.05, ""clf__max_depth"": 3, ""clf__max_iter"": 200}",0.2572018270309445,"[[32, 28], [39, 61]]",arousal,0.5670261319116281,0.58125,0.5866452603093825,39,0.39,,28,0.4666666666666667,0.13826366559485526,0.7289051231311154,0.13966855769404457,subject_dependent,hgb,0.4507042253521127,0.6853932584269663,0.7708065834138835,0.5680487418895395,0.58125,0.5973848710238961,0.5716666666666667,0.58125,0.58125,0.6120000000000001,32,0.5333333333333333,61,0.61,0.75,0.7333333333333334
0.65,0.5916666666666667,"{""clf__learning_rate"": 0.1, ""clf__max_depth"": 5, ""clf__max_iter"": 200}",0.2665428349016861,"[[85, 35], [21, 19]]",arousal,0.5782338542647335,0.65,0.6652231218226322,21,0.525,,35,0.2916666666666667,0.16417910447761197,0.9353302858315633,0.16788513371506436,subject_dependent,hgb,0.8018867924528302,0.35185185185185186,0.3736381554088445,0.5768693221523411,0.65,0.6893780573025856,0.5916666666666667,0.65,0.65,0.6454166666666667,85,0.7083333333333334,19,0.475,0.625,0.5636363636363637
0.7,0.6599999999999999,"{""clf__learning_rate"": 0.1, ""clf__max_depth"": 3, ""clf__max_iter"": 400}",0.2407887318544645,"[[82, 18], [30, 30]]",arousal,0.6645702306079665,0.7,0.6918238993710693,30,0.5,,18,0.18,0.33333333333333337,0.8358632698209882,0.33806170189140666,subject_dependent,hgb,0.7321428571428571,0.625,0.6414335834314691,0.6785714285714286,0.7,0.6919642857142857,0.6599999999999999,0.7,0.7,0.7161666666666667,82,0.82,30,0.5,0.75,0.6666666666666667
0.525,0.525,"{""clf__learning_rate"": 0.1, ""clf__max_depth"": null, ""clf__max_iter"": 200}",,"[[84, 76], [0, 0]]",arousal,0.3442622950819672,0.525,0.6885245901639344,,,,,,0.0,,0.0,subject_dependent,hgb,,,0.0,0.5,0.525,1.0,0.2625,0.525,0.525,nan,,,,,0.5,0.3333333333333333
0.44375,0.6178571428571429,"{""clf__learning_rate"": 0.05, ""clf__max_depth"": 5, ""clf__max_iter"": 200}",0.4437600012701094,"[[17, 3], [86, 54]]",arousal,0.4123230572407247,0.44375,0.5142482770005364,86,0.6142857142857143,,3,0.15,0.08483290488431872,1.5286576174939408,0.16278293690162138,subject_dependent,hgb,0.1650485436893204,0.9473684210526315,0.920843430126412,0.556208482370976,0.44375,0.8495784363822176,0.6178571428571429,0.44375,0.44375,0.5585714285714285,17,0.85,54,0.38571428571428573,0.5,0.4666666666666667
0.45625,0.4291666666666667,"{""clf__learning_rate"": 0.1, ""clf__max_depth"": null, ""clf__max_iter"": 400}",0.4515518052804948,"[[15, 25], [62, 58]]",arousal,0.4139194139194139,0.45625,0.4926739926739927,62,0.5166666666666667,,25,0.625,-0.10828025477707004,2.091043148776829,-0.12277328754057658,subject_dependent,hgb,0.19480519480519481,0.6987951807228916,0.7453238199276235,0.4468001877640432,0.45625,0.5727976842434674,0.4291666666666667,0.45625,0.45625,0.4504166666666667,15,0.375,58,0.48333333333333334,0.375,0.36507936507936506
0.49375,0.5416666666666666,"{""clf__learning_rate"": 0.05, ""clf__max_depth"": 5, ""clf__max_iter"": 400}",0.37853833931442366,"[[44, 16], [65, 35]]",arousal,0.49214310905599745,0.49375,0.48500137152709744,65,0.65,,16,0.26666666666666666,0.07163323782234954,1.1653552947600052,0.0865757060682363,subject_dependent,hgb,0.4036697247706422,0.6862745098039216,0.6559352797981322,0.5449721172872819,0.49375,0.5802977154164418,0.5416666666666666,0.49375,0.49375,0.5556666666666666,44,0.7333333333333333,35,0.35,0.5,0.4666666666666667
0.525,0.5700000000000001,"{""clf__learning_rate"": 0.05, ""clf__max_depth"": 5, ""clf__max_iter"": 200}",0.3557200818885313,"[[45, 15], [61, 39]]",arousal,0.5243310905961508,0.525,0.5198716945704897,61,0.61,,15,0.25,0.12138728323699421,1.101406580193572,0.14333552726125526,subject_dependent,hgb,0.42452830188679247,0.7222222222222222,0.6555385199009874,0.5733752620545074,0.525,0.610587002096436,0.5700000000000001,0.525,0.525,0.5496666666666666,45,0.75,39,0.39,0.5,0.4666666666666667
0.55,0.5583333333333333,"{""clf__learning_rate"": 0.1, ""clf__max_depth"": null, ""clf__max_iter"": 400}",0.35329801758649915,"[[65, 55], [17, 23]]",arousal,0.5166974324551099,0.55,0.5801308944453767,17,0.425,,55,0.4583333333333333,0.08860759493670889,1.5573658609203898,0.10106788575898233,subject_dependent,hgb,0.7926829268292683,0.2948717948717949,0.3733253644820467,0.5437773608505316,0.55,0.6682301438399,0.5583333333333333,0.55,0.55,0.6064583333333333,65,0.5416666666666666,23,0.575,0.75,0.7333333333333334
0.375,0.4066666666666667,"{""clf__learning_rate"": 0.1, ""clf__max_depth"": null, ""clf__max_iter"": 200}",0.5075683628314609,"[[32, 28], [72, 28]]",arousal,0.37460913070669166,0.375,0.3707004377736085,72,0.72,,28,0.4666666666666667,-0.16279069767441867,2.2656165309843077,-0.18946618668626836,subject_dependent,hgb,0.3076923076923077,0.5,0.5636272950118586,0.40384615384615385,0.375,0.4278846153846154,0.4066666666666667,0.375,0.375,0.42583333333333334,32,0.5333333333333333,28,0.28,0.25,0.25
0.3875,0.43,"{""clf__learning_rate"": 0.05, ""clf__max_depth"": 3, ""clf__max_iter"": 400}",0.4499802374187773,"[[36, 24], [74, 26]]",arousal,0.3850980392156863,0.3875,0.37549019607843137,74,0.74,,24,0.4,-0.1200000000000001,1.6437693497183041,-0.1462252310027862,subject_dependent,hgb,0.32727272727272727,0.52,0.5947269497642766,0.42363636363636364,0.3875,0.44772727272727275,0.43,0.3875,0.3875,0.4125,36,0.6,26,0.26,0.375,0.36507936507936506
0.4625,0.42,"{""clf__learning_rate"": 0.1, ""clf__max_depth"": null, ""clf__max_iter"": 400}",0.4479345405985454,"[[59, 41], [45, 15]]",arousal,0.4185260311020961,0.4625,0.4585023664638269,45,0.75,,41,0.41,-0.16216216216216206,2.1527097795621444,-0.16239958858823003,subject_dependent,hgb,0.5673076923076923,0.26785714285714285,0.35929103459222655,0.41758241758241754,0.4625,0.4550137362637362,0.42,0.4625,0.4625,0.45599999999999996,59,0.59,15,0.25,0.5,0.3333333333333333
0.55,0.5166666666666667,"{""clf__learning_rate"": 0.05, ""clf__max_depth"": null, ""clf__max_iter"": 200}",0.31357182512106474,"[[65, 35], [37, 23]]",arousal,0.5166974324551099,0.55,0.5484141634502433,37,0.6166666666666667,,35,0.35,0.03355704697986572,1.033930173735954,0.03356914560461503,subject_dependent,hgb,0.6372549019607843,0.39655172413793105,0.42872154279082986,0.5169033130493577,0.55,0.5469912102772143,0.5166666666666667,0.55,0.55,0.5845,65,0.65,23,0.38333333333333336,0.625,0.5636363636363637
0.375,0.39666666666666667,"{""clf__learning_rate"": 0.1, ""clf__max_depth"": null, ""clf__max_iter"": 400}",0.5554568616719087,"[[29, 31], [69, 31]]",arousal,0.3749023284888264,0.375,0.3768557587122988,69,0.69,,31,0.5166666666666667,-0.18343195266272194,3.6442243646263366,-0.20537008240807453,subject_dependent,hgb,0.29591836734693877,0.5,0.5242240164666432,0.3979591836734694,0.375,0.423469387755102,0.39666666666666667,0.375,0.375,0.36383333333333334,29,0.48333333333333334,31,0.31,0.25,0.25
0.48125,0.535,"{""clf__learning_rate"": 0.05, ""clf__max_depth"": null, ""clf__max_iter"": 400}",0.42329873384022243,"[[45, 15], [68, 32]]",arousal,0.4778026817663481,0.48125,0.4671955487397271,68,0.68,,15,0.25,0.059490084985835745,1.771590722940705,0.07440215496056128,subject_dependent,hgb,0.39823008849557523,0.6808510638297872,0.6780143359387297,0.5395405761626813,0.48125,0.5748681980794578,0.535,0.48125,0.48125,0.6186666666666666,45,0.75,32,0.32,0.375,0.2727272727272727
0.35625,0.4541666666666667,"{""clf__learning_rate"": 0.1, ""clf__max_depth"": 5, ""clf__max_iter"": 200}",0.5270481926739923,"[[26, 14], [89, 31]]",arousal,0.3556207233626588,0.35625,0.3656891495601173,89,0.7416666666666667,,14,0.35,-0.05641025641025643,2.085635958459658,-0.08828295892956407,subject_dependent,hgb,0.22608695652173913,0.6888888888888889,0.679533070466394,0.457487922705314,0.35625,0.5731884057971015,0.4541666666666667,0.35625,0.35625,0.37604166666666666,26,0.65,31,0.25833333333333336,0.125,0.1111111111111111
0.61875,0.575,"{""clf__learning_rate"": 0.1, ""clf__max_depth"": 3, ""clf__max_iter"": 400}",0.2858148509432767,"[[75, 25], [36, 24]]",arousal,0.5756337232053568,0.61875,0.6094504108874299,36,0.6,,25,0.25,0.1557093425605537,1.1004874343147164,0.1575459904486731,subject_dependent,hgb,0.6756756756756757,0.4897959183673469,0.4914395191740073,0.5827357970215112,0.61875,0.6059707666850523,0.575,0.61875,0.61875,0.6068333333333333,75,0.75,24,0.4,0.75,0.6666666666666667
0.5125,0.5125,"{""clf__learning_rate"": 0.05, ""clf__max_depth"": null, ""clf__max_iter"": 400}",0.40930484075872026,"[[61, 19], [59, 21]]",arousal,0.48,0.5125,0.48,59,0.7375,,19,0.2375,0.025000000000000022,2.1156978575516114,0.02886751345948129,subject_dependent,hgb,0.5083333333333333,0.525,0.5564456118539451,0.5166666666666666,0.5125,0.5166666666666666,0.5125,0.5125,0.5125,0.56796875,61,0.7625,21,0.2625,0.5,0.3333333333333333
0.475,0.475,"{""clf__learning_rate"": 0.05, ""clf__max_depth"": 3, ""clf__max_iter"": 200}",0.31027712528631807,"[[63, 17], [67, 13]]",arousal,0.41818181818181815,0.475,0.41818181818181815,67,0.8375,,17,0.2125,-0.050000000000000044,0.8622837343275706,-0.06405126152203484,subject_dependent,hgb,0.4846153846153846,0.43333333333333335,0.5106085080892981,0.458974358974359,0.475,0.45897435897435895,0.475,0.475,0.475,0.52359375,63,0.7875,13,0.1625,0.5,0.3333333333333333
0.525,0.5833333333333333,"{""clf__learning_rate"": 0.05, ""clf__max_depth"": 5, ""clf__max_iter"": 200}",0.3465600869075264,"[[56, 64], [12, 28]]",arousal,0.5099935525467441,0.525,0.5528691166989039,12,0.3,,64,0.5333333333333333,0.11627906976744184,1.0251420716364366,0.14598929061844595,subject_dependent,hgb,0.8235294117647058,0.30434782608695654,0.35190865849890607,0.5639386189258312,0.525,0.6937340153452685,0.5833333333333333,0.525,0.525,0.6012500000000001,56,0.4666666666666667,28,0.7,0.625,0.6190476190476191
0.5,0.5166666666666667,"{""clf__learning_rate"": 0.05, ""clf__max_depth"": 3, ""clf__max_iter"": 200}",0.32569956632254227,"[[22, 18], [62, 58]]",arousal,0.47333772218564846,0.5,0.5325872284397629,62,0.5166666666666667,,18,0.45,0.024390243902439046,0.941757314664183,0.028903665650803996,subject_dependent,hgb,0.2619047619047619,0.7631578947368421,0.8246040654403941,0.5125313283208021,0.5,0.6378446115288221,0.5166666666666667,0.5,0.5,0.5516666666666666,22,0.55,58,0.48333333333333334,0.375,0.36507936507936506
0.43125,0.43125,"{""clf__learning_rate"": 0.05, ""clf__max_depth"": 5, ""clf__max_iter"": 400}",0.45760769398174883,"[[34, 46], [45, 35]]",arousal,0.4312277823352475,0.43125,0.4312277823352474,45,0.5625,,46,0.575,-0.13749999999999996,1.9507779792527575,-0.13751074344651404,subject_dependent,hgb,0.43037974683544306,0.43209876543209874,0.4235818548415036,0.4312392561337709,0.43125,0.4312392561337709,0.43125,0.43125,0.43125,0.385,34,0.425,35,0.4375,0.625,0.6190476190476191
0.41875,0.41875,"{""clf__learning_rate"": 0.1, ""clf__max_depth"": 5, ""clf__max_iter"": 200}",0.42577750426553845,"[[27, 53], [40, 40]]",arousal,0.414887342220125,0.41875,0.414887342220125,40,0.5,,53,0.6625,-0.1625000000000001,1.3407835138938424,-0.16468895608040862,subject_dependent,hgb,0.40298507462686567,0.43010752688172044,0.5312164030728198,0.41654630075429305,0.41875,0.41654630075429305,0.41875,0.41875,0.41875,0.42984374999999997,27,0.3375,40,0.5,0.125,0.1111111111111111
0.55,0.59,"{""clf__learning_rate"": 0.05, ""clf__max_depth"": 5, ""clf__max_iter"": 200}",0.29423992270900806,"[[43, 57], [15, 45]]",arousal,0.549929676511955,0.55,0.5485232067510548,15,0.25,,57,0.57,0.1578947368421053,0.8677129256235385,0.18127338626492118,subject_dependent,hgb,0.7413793103448276,0.4411764705882353,0.6105477964776049,0.5912778904665315,0.55,0.6288032454361054,0.59,0.55,0.55,0.6709999999999999,43,0.43,45,0.75,0.5,0.5
0.6625,0.6416666666666666,"{""clf__learning_rate"": 0.1, ""clf__max_depth"": null, ""clf__max_iter"": 400}",0.2819952926543013,"[[24, 16], [38, 82]]",arousal,0.6114409066378845,0.6625,0.681867242309768,38,0.31666666666666665,,16,0.4,0.23943661971830987,1.254061117876748,0.2518311258631033,subject_dependent,hgb,0.3870967741935484,0.8367346938775511,0.8567453957628304,0.6119157340355497,0.6625,0.7243252139565504,0.6416666666666666,0.6625,0.6625,0.6785416666666667,24,0.6,82,0.6833333333333333,0.875,0.8545454545454545
0.28125,0.44583333333333336,"{""clf__learning_rate"": 0.1, ""clf__max_depth"": 3, ""clf__max_iter"": 400}",0.5935193497908641,"[[31, 9], [106, 14]]",arousal,0.273043340839951,0.28125,0.2344237683220734,106,0.8833333333333333,,9,0.225,-0.05990783410138256,2.7194710572560568,-0.13370834810396942,subject_dependent,hgb,0.22627737226277372,0.6086956521739131,0.6769702272401816,0.41748651221834343,0.28125,0.5130910821961282,0.44583333333333336,0.28125,0.28125,0.3597916666666666,31,0.775,14,0.11666666666666667,0.25,0.2
0.33125,0.33125,"{""clf__learning_rate"": 0.1, ""clf__max_depth"": null, ""clf__max_iter"": 200}",0.5471698658358306,"[[29, 51], [56, 24]]",arousal,0.3305962854349951,0.33125,0.3305962854349951,56,0.7,,51,0.6375,-0.3374999999999999,2.3694251718483783,-0.33816111718598074,subject_dependent,hgb,0.3411764705882353,0.32,0.3717551688033385,0.3305882352941176,0.33125,0.3305882352941177,0.33125,0.33125,0.33125,0.26265625,29,0.3625,24,0.3,0.0,0.0
0.50625,0.50625,"{""clf__learning_rate"": 0.05, ""clf__max_depth"": 3, ""clf__max_iter"": 200}",0.3151773068183864,"[[56, 24], [55, 25]]",arousal,0.48699216688989,0.50625,0.48699216688988994,55,0.6875,,24,0.3,0.012499999999999956,0.9045873414084605,0.013559399939321416,subject_dependent,hgb,0.5045045045045045,0.5102040816326531,0.5202795335064766,0.5073542930685788,0.50625,0.5073542930685788,0.50625,0.50625,0.50625,0.50875,56,0.7,25,0.3125,0.5,0.4666666666666667
0.54375,0.54375,"{""clf__learning_rate"": 0.05, ""clf__max_depth"": 5, ""clf__max_iter"": 200}",0.28911293541833266,"[[52, 28], [45, 35]]",arousal,0.538540555489708,0.54375,0.538540555489708,45,0.5625,,28,0.35,0.08750000000000002,0.8221336182109316,0.0895451149195559,subject_dependent,hgb,0.5360824742268041,0.5555555555555556,0.577954649638716,0.5458190148911799,0.54375,0.5458190148911799,0.54375,0.54375,0.54375,0.5754687500000001,52,0.65,35,0.4375,0.625,0.5636363636363637
0.51875,0.48750000000000004,"{""clf__learning_rate"": 0.1, ""clf__max_depth"": null, ""clf__max_iter"": 200}",0.3791263566023761,"[[66, 54], [23, 17]]",arousal,0.46894262683736365,0.51875,0.5502607871028923,23,0.575,,54,0.45,-0.019867549668874274,1.5416128234761446,-0.021788957394644298,subject_dependent,hgb,0.7415730337078652,0.23943661971830985,0.2657485445004101,0.49050482671308754,0.51875,0.6160389302104764,0.48750000000000004,0.51875,0.51875,0.49812500000000004,66,0.55,17,0.425,0.625,0.5636363636363637
0.6875,0.74,"{""clf__learning_rate"": 0.1, ""clf__max_depth"": 3, ""clf__max_iter"": 400}",0.28691210648351895,"[[57, 3], [47, 53]]",arousal,0.6873045653533458,0.6875,0.6853502188868043,47,0.47,,3,0.05,0.41860465116279066,1.9339068362436005,0.48719876576469007,subject_dependent,hgb,0.5480769230769231,0.9464285714285714,0.8734244941194527,0.7472527472527473,0.6875,0.7970467032967032,0.74,0.6875,0.6875,0.7431666666666668,57,0.95,53,0.53,0.75,0.75
0.575,0.5333333333333333,"{""clf__learning_rate"": 0.1, ""clf__max_depth"": null, ""clf__max_iter"": 400}",0.39097788290182206,"[[22, 38], [30, 70]]",arousal,0.532967032967033,0.575,0.5679945054945055,30,0.3,,38,0.6333333333333333,0.06849315068493156,3.3005156007892205,0.06890818588289359,subject_dependent,hgb,0.4230769230769231,0.6481481481481481,0.6373620141382901,0.5356125356125356,0.575,0.5637464387464387,0.5333333333333333,0.575,0.575,0.5098333333333334,22,0.36666666666666664,70,0.7,0.625,0.5636363636363637
0.5875,0.725,"{""clf__learning_rate"": 0.05, ""clf__max_depth"": 3, ""clf__max_iter"": 400}",0.3057623572503531,"[[40, 0], [66, 54]]",arousal,0.5843174303259329,0.5875,0.6025035427491734,66,0.55,,0,0.0,0.29032258064516125,0.9763423721424968,0.4120816918460671,subject_dependent,hgb,0.37735849056603776,1.0,0.963717438879732,0.6886792452830188,0.5875,0.8443396226415094,0.725,0.5875,0.5875,0.8904166666666666,40,1.0,54,0.45,0.375,0.36507936507936506
0.6875,0.7833333333333333,"{""clf__learning_rate"": 0.05, ""clf__max_depth"": null, ""clf__max_iter"": 200}",0.25895014853924775,"[[39, 1], [49, 71]]",arousal,0.6744791666666667,0.6875,0.70703125,49,0.4083333333333333,,1,0.025,0.40476190476190477,0.9292096520762975,0.49322002520781055,subject_dependent,hgb,0.4431818181818182,0.9861111111111112,0.9595097205696214,0.7146464646464646,0.6875,0.8503787878787878,0.7833333333333333,0.6875,0.6875,0.8747916666666669,39,0.975,71,0.5916666666666667,0.75,0.7333333333333334
0.51875,0.6041666666666667,"{""clf__learning_rate"": 0.05, ""clf__max_depth"": null, ""clf__max_iter"": 200}",0.3852874153715238,"[[52, 68], [9, 31]]",arousal,0.510314400413371,0.51875,0.5424500178862435,9,0.225,,68,0.5666666666666667,0.13966480446927376,1.733100077268487,0.18573633278833046,subject_dependent,hgb,0.8524590163934426,0.31313131313131315,0.4118214446440751,0.5827951647623779,0.51875,0.7176270905779102,0.6041666666666667,0.51875,0.51875,0.6839583333333333,52,0.43333333333333335,31,0.775,0.625,0.6190476190476191
0.45625,0.515,"{""clf__learning_rate"": 0.1, ""clf__max_depth"": 3, ""clf__max_iter"": 200}",0.4203784966514794,"[[28, 72], [15, 45]]",arousal,0.45004148393978904,0.45625,0.43543321085693965,15,0.25,,72,0.72,0.025210084033613467,1.700139812223301,0.032761948345478034,subject_dependent,hgb,0.6511627906976745,0.38461538461538464,0.40712096217348365,0.5178890876565295,0.45625,0.5512075134168157,0.515,0.45625,0.45625,0.5356666666666666,28,0.28,45,0.75,0.5,0.5
0.66875,0.6616666666666666,"{""clf__learning_rate"": 0.1, ""clf__max_depth"": null, ""clf__max_iter"": 200}",0.273122902764679,"[[38, 22], [31, 69]]",arousal,0.6558301879134705,0.66875,0.6725009131864118,31,0.31,,22,0.36666666666666664,0.31391585760517804,1.1682755206412,0.3160682437097143,subject_dependent,hgb,0.5507246376811594,0.7582417582417582,0.8267636674261766,0.6544831979614588,0.66875,0.6804228380315337,0.6616666666666666,0.66875,0.66875,0.7261666666666665,38,0.6333333333333333,69,0.69,0.75,0.75
0.425,0.2857142857142857,"{""clf__learning_rate"": 0.1, ""clf__max_depth"": null, ""clf__max_iter"": 400}",0.5263551989160804,"[[2, 18], [74, 66]]",arousal,0.31547619047619047,0.425,0.5208333333333333,74,0.5285714285714286,,18,0.9,-0.19480519480519476,3.6975688488893668,-0.28382836222822366,subject_dependent,hgb,0.02631578947368421,0.7857142857142857,0.7575958386593373,0.40601503759398494,0.425,0.6907894736842105,0.2857142857142857,0.425,0.425,0.13857142857142857,2,0.1,66,0.4714285714285714,0.375,0.2727272727272727
0.53125,0.53125,"{""clf__learning_rate"": 0.05, ""clf__max_depth"": 5, ""clf__max_iter"": 200}",0.3343473211261424,"[[43, 37], [38, 42]]",arousal,0.5312316887378413,0.53125,0.5312316887378413,38,0.475,,37,0.4625,0.0625,1.0584059817887703,0.06250488338477911,subject_dependent,hgb,0.5308641975308642,0.5316455696202531,0.5900375296161441,0.5312548835755586,0.53125,0.5312548835755587,0.53125,0.53125,0.53125,0.56265625,43,0.5375,42,0.525,0.625,0.6190476190476191
0.64375,0.6716666666666666,"{""clf__learning_rate"": 0.1, ""clf__max_depth"": 5, ""clf__max_iter"": 400}",0.32226758503328845,"[[56, 44], [13, 47]]",arousal,0.6426192248912574,0.64375,0.6476448920412242,13,0.21666666666666667,,44,0.44,0.31117824773413894,1.5992481749829703,0.3356188567226864,subject_dependent,hgb,0.8115942028985508,0.5164835164835165,0.6923711400553183,0.6640388596910336,0.64375,0.7009276954929129,0.6716666666666666,0.64375,0.64375,0.7269999999999999,56,0.56,47,0.7833333333333333,0.5,0.5
0.61875,0.6083333333333334,"{""clf__learning_rate"": 0.05, ""clf__max_depth"": 5, ""clf__max_iter"": 200}",0.24995025717971336,"[[65, 35], [26, 34]]",arousal,0.6038800275985228,0.61875,0.6230670887617192,26,0.43333333333333335,,35,0.35,0.21035598705501624,0.7278773541409356,0.21179830764053023,subject_dependent,hgb,0.7142857142857143,0.4927536231884058,0.5756065368001315,0.6035196687370601,0.61875,0.6312111801242236,0.6083333333333334,0.61875,0.61875,0.642,65,0.65,34,0.5666666666666667,0.75,0.7333333333333334
0.3875,0.39666666666666667,"{""clf__learning_rate"": 0.1, ""clf__max_depth"": 5, ""clf__max_iter"": 200}",0.5419500021070816,"[[26, 34], [64, 36]]",arousal,0.3850980392156863,0.3875,0.3947058823529412,64,0.64,,34,0.5666666666666667,-0.18787878787878798,2.5639501533886704,-0.20168601507603018,subject_dependent,hgb,0.28888888888888886,0.5142857142857142,0.5663689452784473,0.40158730158730155,0.3875,0.42976190476190473,0.39666666666666667,0.3875,0.3875,0.33366666666666667,26,0.43333333333333335,36,0.36,0.375,0.36507936507936506
0.3625,0.42500000000000004,"{""clf__learning_rate"": 0.05, ""clf__max_depth"": null, ""clf__max_iter"": 200}",0.5473824155760689,"[[22, 18], [84, 36]]",arousal,0.35758148323098726,0.3625,0.38568729333963153,84,0.7,,18,0.45,-0.09677419354838701,2.334242104016794,-0.13736056394868904,subject_dependent,hgb,0.20754716981132076,0.6666666666666666,0.7134380168515316,0.4371069182389937,0.3625,0.5518867924528302,0.42500000000000004,0.3625,0.3625,0.504375,22,0.55,36,0.3,0.375,0.36507936507936506
0.5875,0.6466666666666666,"{""clf__learning_rate"": 0.1, ""clf__max_depth"": 3, ""clf__max_iter"": 200}",0.30033558611153477,"[[41, 59], [7, 53]]",arousal,0.585166561910748,0.5875,0.5773884349465744,7,0.11666666666666667,,59,0.59,0.25,0.9660028527232096,0.3098898934004561,subject_dependent,hgb,0.8541666666666666,0.4732142857142857,0.5171048312691819,0.6636904761904762,0.5875,0.7113095238095237,0.6466666666666666,0.5875,0.5875,0.69,41,0.41,53,0.8833333333333333,0.5,0.4666666666666667
0.6375,0.5866666666666667,"{""clf__learning_rate"": 0.1, ""clf__max_depth"": null, ""clf__max_iter"": 200}",0.32223396228531775,"[[79, 21], [37, 23]]",arousal,0.586894586894587,0.6375,0.6230413105413105,37,0.6166666666666667,,21,0.21,0.18309859154929575,1.7986067932384717,0.1879327121185174,subject_dependent,hgb,0.6810344827586207,0.5227272727272727,0.5758170619469855,0.6018808777429467,0.6375,0.6216692789968652,0.5866666666666667,0.6375,0.6375,0.5941666666666666,79,0.79,23,0.38333333333333336,0.625,0.5636363636363637
0.5625,0.5625,"{""clf__learning_rate"": 0.1, ""clf__max_depth"": 5, ""clf__max_iter"": 200}",0.32950928075268054,"[[22, 58], [12, 68]]",arousal,0.5230795435189917,0.5625,0.5230795435189917,12,0.15,,58,0.725,0.125,1.1188767004287627,0.1527830828380352,subject_dependent,hgb,0.6470588235294118,0.5396825396825397,0.7254581569846351,0.5933706816059757,0.5625,0.5933706816059757,0.5625,0.5625,0.5625,0.6748437500000001,22,0.275,68,0.85,0.625,0.5636363636363637
0.50625,0.5041666666666667,"{""clf__learning_rate"": 0.1, ""clf__max_depth"": null, ""clf__max_iter"": 200}",0.4149652046324411,"[[20, 20], [59, 61]]",arousal,0.47154981395543294,0.50625,0.5392574940423931,59,0.49166666666666664,,20,0.5,0.0062893081761006275,2.471137564798462,0.007217442249573677,subject_dependent,hgb,0.25316455696202533,0.7530864197530864,0.7947691361706488,0.5031254883575559,0.50625,0.6281059540553211,0.5041666666666667,0.50625,0.50625,0.5314583333333333,20,0.5,61,0.5083333333333333,0.5,0.4666666666666667
0.75625,0.775,"{""clf__learning_rate"": 0.1, ""clf__max_depth"": 5, ""clf__max_iter"": 200}",0.16739380810244175,"[[16, 4], [35, 105]]",arousal,0.6470388596640082,0.75625,0.7942898353979297,35,0.25,,4,0.2,0.33047210300429186,0.5271639934640592,0.39034027894813905,subject_dependent,hgb,0.3137254901960784,0.963302752293578,0.9772800168569986,0.6385141212448282,0.75625,0.8821055945313907,0.775,0.75625,0.75625,0.8635714285714285,16,0.8,105,0.75,0.875,0.7948717948717949
0.5625,0.32142857142857145,"{""clf__learning_rate"": 0.05, ""clf__max_depth"": null, ""clf__max_iter"": 200}",0.3487093939424572,"[[0, 20], [50, 90]]",arousal,0.36,0.5625,0.63,50,0.35714285714285715,,20,1.0,-0.21739130434782616,1.4313784521264161,-0.2548235957188128,subject_dependent,hgb,0.0,0.8181818181818182,0.8275453990460708,0.4090909090909091,0.5625,0.7159090909090909,0.32142857142857145,0.5625,0.5625,0.23678571428571427,0,0.0,90,0.6428571428571429,0.625,0.38461538461538464
0.5125,0.5125,"{""clf__learning_rate"": 0.1, ""clf__max_depth"": 5, ""clf__max_iter"": 400}",0.42252704216204384,"[[27, 53], [25, 55]]",arousal,0.49709864603481624,0.5125,0.4970986460348163,25,0.3125,,53,0.6625,0.025000000000000022,2.194252216540381,0.02668802563418119,subject_dependent,hgb,0.5192307692307693,0.5092592592592593,0.514532939791109,0.5142450142450143,0.5125,0.5142450142450142,0.5125,0.5125,0.5125,0.503125,27,0.3375,55,0.6875,0.5,0.3333333333333333
0.5625,0.5083333333333333,"{""clf__learning_rate"": 0.05, ""clf__max_depth"": 3, ""clf__max_iter"": 400}",0.29414116363409076,"[[16, 24], [46, 74]]",arousal,0.4963122863824429,0.5625,0.5876056844756251,46,0.38333333333333336,,24,0.6,0.014084507042253502,0.8534245926740217,0.014813595639006076,subject_dependent,hgb,0.25806451612903225,0.7551020408163265,0.747953631483411,0.5065832784726794,0.5625,0.6308426596445029,0.5083333333333333,0.5625,0.5625,0.48874999999999996,16,0.4,74,0.6166666666666667,0.625,0.5636363636363637
0.53125,0.53125,"{""clf__learning_rate"": 0.05, ""clf__max_depth"": 3, ""clf__max_iter"": 400}",0.2900335605047437,"[[23, 57], [18, 62]]",arousal,0.5016404335728228,0.53125,0.5016404335728228,18,0.225,,57,0.7125,0.0625,0.8395061641374522,0.07158212639926347,subject_dependent,hgb,0.5609756097560976,0.5210084033613446,0.6171945385137076,0.540992006558721,0.53125,0.540992006558721,0.53125,0.53125,0.53125,0.6106250000000001,23,0.2875,62,0.775,0.5,0.3333333333333333
0.475,0.43333333333333335,"{""clf__learning_rate"": 0.05, ""clf__max_depth"": 3, ""clf__max_iter"": 200}",0.3702047260661161,"[[16, 44], [40, 60]]",arousal,0.43204868154158216,0.475,0.4710953346855984,40,0.4,,44,0.7333333333333333,-0.1351351351351351,1.1078532891485184,-0.13533299049019168,subject_dependent,hgb,0.2857142857142857,0.5769230769230769,0.5195392274088082,0.4313186813186813,0.475,0.4677197802197802,0.43333333333333335,0.475,0.475,0.34750000000000003,16,0.26666666666666666,60,0.6,0.5,0.3333333333333333
0.58125,0.58125,"{""clf__learning_rate"": 0.1, ""clf__max_depth"": null, ""clf__max_iter"": 200}",0.39620662871746376,"[[21, 59], [8, 72]]",arousal,0.5338927779468673,0.58125,0.5338927779468673,8,0.1,,59,0.7375,0.16249999999999998,1.9741693928177575,0.2109156013488336,subject_dependent,hgb,0.7241379310344828,0.549618320610687,0.46848840189662316,0.6368781258225849,0.58125,0.6368781258225849,0.58125,0.58125,0.58125,0.4659375,21,0.2625,72,0.9,0.625,0.5636363636363637
0.625,0.6083333333333334,"{""clf__learning_rate"": 0.1, ""clf__max_depth"": 3, ""clf__max_iter"": 400}",0.27415115199191664,"[[23, 17], [43, 77]]",arousal,0.5767942161876212,0.625,0.6482101922059602,43,0.35833333333333334,,17,0.425,0.17808219178082196,0.8249033482393209,0.19057978209120174,subject_dependent,hgb,0.3484848484848485,0.8191489361702128,0.837520556774066,0.5838168923275306,0.625,0.7014829142488717,0.6083333333333334,0.625,0.625,0.6285416666666667,23,0.575,77,0.6416666666666667,0.75,0.6666666666666667
0.3875,0.3466666666666667,"{""clf__learning_rate"": 0.05, ""clf__max_depth"": 5, ""clf__max_iter"": 200}",0.5139744455727431,"[[11, 49], [49, 51]]",arousal,0.3466666666666667,0.3875,0.3875,49,0.49,,49,0.8166666666666667,-0.30666666666666664,1.9291327340593072,-0.30666666666666664,subject_dependent,hgb,0.18333333333333332,0.51,0.5763038845208195,0.3466666666666667,0.3875,0.3875,0.3466666666666667,0.3875,0.3875,0.3401666666666667,11,0.18333333333333332,51,0.51,0.25,0.2
0.6125,0.48333333333333334,"{""clf__learning_rate"": 0.1, ""clf__max_depth"": 3, ""clf__max_iter"": 200}",0.26349717098180137,"[[9, 31], [31, 89]]",arousal,0.48333333333333334,0.6125,0.6125,31,0.25833333333333336,,31,0.775,-0.03333333333333344,0.8092841061555575,-0.03333333333333333,subject_dependent,hgb,0.225,0.7416666666666667,0.7844347552444413,0.48333333333333334,0.6125,0.6125,0.48333333333333334,0.6125,0.6125,0.5172916666666667,9,0.225,89,0.7416666666666667,0.5,0.3333333333333333
0.5375,0.41666666666666663,"{""clf__learning_rate"": 0.1, ""clf__max_depth"": 5, ""clf__max_iter"": 400}",0.405269966108429,"[[7, 33], [41, 79]]",arousal,0.42006269592476486,0.5375,0.5505485893416927,41,0.3416666666666667,,33,0.825,-0.15625,2.7526885176072198,-0.157485197087178,subject_dependent,hgb,0.14583333333333334,0.7053571428571429,0.6321337387365311,0.42559523809523814,0.5375,0.5654761904761905,0.41666666666666663,0.5375,0.5375,0.3154166666666667,7,0.175,79,0.6583333333333333,0.5,0.3333333333333333
0.43125,0.43125,"{""clf__learning_rate"": 0.05, ""clf__max_depth"": 3, ""clf__max_iter"": 200}",0.39645018278355226,"[[10, 70], [21, 59]]",arousal,0.37238674080779344,0.43125,0.37238674080779344,21,0.2625,,70,0.875,-0.13749999999999996,1.263041301811467,-0.1739470160453975,subject_dependent,hgb,0.3225806451612903,0.4573643410852713,0.42558499421175466,0.3899724931232808,0.43125,0.3899724931232808,0.43125,0.43125,0.43125,0.39359374999999996,10,0.125,59,0.7375,0.5,0.3333333333333333
0.46875,0.42833333333333334,"{""clf__learning_rate"": 0.05, ""clf__max_depth"": null, ""clf__max_iter"": 400}",0.46749702211731287,"[[16, 44], [41, 59]]",arousal,0.4273925308408067,0.46875,0.46586459517494,41,0.41,,44,0.7333333333333333,-0.14478114478114468,2.238799404413368,-0.1448994663003567,subject_dependent,hgb,0.2807017543859649,0.5728155339805825,0.5506450862079839,0.4267586441832737,0.46875,0.46327286663260087,0.42833333333333334,0.46875,0.46875,0.3576666666666667,16,0.26666666666666666,59,0.59,0.5,0.3333333333333333
0.4875,0.5033333333333333,"{""clf__learning_rate"": 0.1, ""clf__max_depth"": 3, ""clf__max_iter"": 200}",0.3663093149788382,"[[34, 26], [56, 44]]",arousal,0.48549019607843136,0.4875,0.4935294117647059,56,0.56,,26,0.43333333333333335,0.0060606060606061,1.0942562462886474,0.006506000486323554,subject_dependent,hgb,0.37777777777777777,0.6285714285714286,0.658132450776613,0.5031746031746032,0.4875,0.5345238095238095,0.5033333333333333,0.4875,0.4875,0.47800000000000004,34,0.5666666666666667,44,0.44,0.5,0.5
0.43125,0.46071428571428574,"{""clf__learning_rate"": 0.05, ""clf__max_depth"": null, ""clf__max_iter"": 400}",0.45914408084709935,"[[10, 10], [81, 59]]",arousal,0.37238674080779344,0.43125,0.5165416612785033,81,0.5785714285714286,,10,0.5,-0.031161473087818692,1.7774285067611046,-0.052468472830256824,subject_dependent,hgb,0.10989010989010989,0.855072463768116,0.8970537542465858,0.48248128682911295,0.43125,0.7619246695333652,0.46071428571428574,0.43125,0.43125,0.5014285714285714,10,0.5,59,0.42142857142857143,0.375,0.36507936507936506
0.44375,0.44375,"{""clf__learning_rate"": 0.1, ""clf__max_depth"": 5, ""clf__max_iter"": 400}",0.4872733360179864,"[[23, 57], [32, 48]]",arousal,0.42982982982982987,0.44375,0.42982982982982987,32,0.4,,57,0.7125,-0.11250000000000004,2.787806726052399,-0.11843130509275841,subject_dependent,hgb,0.41818181818181815,0.45714285714285713,0.5394060961373843,0.43766233766233764,0.44375,0.43766233766233764,0.44375,0.44375,0.44375,0.47359375,23,0.2875,48,0.6,0.25,0.2
0.5125,0.5125,"{""clf__learning_rate"": 0.05, ""clf__max_depth"": 5, ""clf__max_iter"": 200}",0.3333791379594251,"[[47, 33], [45, 35]]",arousal,0.5097423004399748,0.5125,0.5097423004399749,45,0.5625,,33,0.4125,0.025000000000000022,0.9901494513174338,0.02528608687120868,subject_dependent,hgb,0.5108695652173914,0.5147058823529411,0.49730110035126296,0.5127877237851662,0.5125,0.5127877237851662,0.5125,0.5125,0.5125,0.521875,47,0.5875,35,0.4375,0.375,0.36507936507936506
0.45625,0.45625000000000004,"{""clf__learning_rate"": 0.05, ""clf__max_depth"": 3, ""clf__max_iter"": 200}",0.33924284226269974,"[[16, 64], [23, 57]]",arousal,0.41803587106484386,0.45625,0.4180358710648438,23,0.2875,,64,0.8,-0.08749999999999991,0.9837473850606842,-0.10189973423960091,subject_dependent,hgb,0.41025641025641024,0.47107438016528924,0.4685971561985023,0.44066539521084974,0.45625,0.44066539521084974,0.45625000000000004,0.45625,0.45625,0.45,16,0.2,57,0.7125,0.5,0.3333333333333333
0.6125,0.6266666666666667,"{""clf__learning_rate"": 0.1, ""clf__max_depth"": 5, ""clf__max_iter"": 200}",0.35784964206079956,"[[41, 19], [43, 57]]",arousal,0.6085858585858586,0.6125,0.6183712121212122,43,0.43,,19,0.31666666666666665,0.23456790123456794,2.1218268164410516,0.24559613253766907,subject_dependent,hgb,0.4880952380952381,0.75,0.718567116547663,0.6190476190476191,0.6125,0.6517857142857142,0.6266666666666667,0.6125,0.6125,0.6276666666666667,41,0.6833333333333333,57,0.57,0.625,0.6190476190476191
0.775,0.775,"{""clf__learning_rate"": 0.1, ""clf__max_depth"": 3, ""clf__max_iter"": 400}",0.18703501261954428,"[[70, 10], [26, 54]]",arousal,0.7727272727272727,0.775,0.7727272727272727,26,0.325,,10,0.125,0.55,0.7771186822640955,0.5613413993878117,subject_dependent,hgb,0.7291666666666666,0.84375,0.8681788290999146,0.7864583333333333,0.775,0.7864583333333333,0.775,0.775,0.775,0.875625,70,0.875,54,0.675,0.75,0.7333333333333334
0.84375,0.855,"{""clf__learning_rate"": 0.05, ""clf__max_depth"": 3, ""clf__max_iter"": 200}",0.12184331933647688,"[[54, 6], [19, 81]]",arousal,0.8391701178078887,0.84375,0.8459551284628685,19,0.19,,6,0.1,0.6805111821086263,0.39089731045859705,0.6901014144389761,subject_dependent,hgb,0.7397260273972602,0.9310344827586207,0.9549965888340177,0.8353802550779404,0.84375,0.8592938119981104,0.855,0.84375,0.84375,0.9073333333333333,54,0.9,81,0.81,0.875,0.873015873015873
0.68125,0.6812499999999999,"{""clf__learning_rate"": 0.05, ""clf__max_depth"": null, ""clf__max_iter"": 200}",0.26768473600091447,"[[61, 19], [32, 48]]",arousal,0.6791317683142621,0.68125,0.6791317683142621,32,0.4,,19,0.2375,0.36250000000000004,1.108723094101833,0.3673830558716808,subject_dependent,hgb,0.6559139784946236,0.7164179104477612,0.7919636154516188,0.6861659444711924,0.68125,0.6861659444711924,0.6812499999999999,0.68125,0.68125,0.7553124999999999,61,0.7625,48,0.6,0.625,0.6190476190476191
0.60625,0.60625,"{""clf__learning_rate"": 0.05, ""clf__max_depth"": 3, ""clf__max_iter"": 200}",0.3033937936834211,"[[39, 41], [22, 58]]",arousal,0.6006180910495662,0.60625,0.6006180910495662,22,0.275,,41,0.5125,0.21250000000000002,1.006308236803364,0.2187592403366185,subject_dependent,hgb,0.639344262295082,0.5858585858585859,0.7429157680518785,0.6126014240768339,0.60625,0.6126014240768339,0.60625,0.60625,0.60625,0.6917187499999999,39,0.4875,58,0.725,0.625,0.6190476190476191
0.65,0.6066666666666667,"{""clf__learning_rate"": 0.05, ""clf__max_depth"": null, ""clf__max_iter"": 400}",0.2810761858371874,"[[26, 34], [22, 78]]",arousal,0.6086652690426275,0.65,0.640461215932914,22,0.22,,34,0.5666666666666667,0.2222222222222222,1.1251372001469628,0.22537446792760443,subject_dependent,hgb,0.5416666666666666,0.6964285714285714,0.7941847366062422,0.6190476190476191,0.65,0.6383928571428571,0.6066666666666667,0.65,0.65,0.6803333333333335,26,0.43333333333333335,78,0.78,0.875,0.8545454545454545
0.55,0.55,"{""clf__learning_rate"": 0.05, ""clf__max_depth"": 3, ""clf__max_iter"": 200}",0.2829571154249658,"[[30, 50], [22, 58]]",arousal,0.5357833655705996,0.55,0.5357833655705996,22,0.275,,50,0.625,0.09999999999999998,0.8233895230465486,0.10675210253672476,subject_dependent,hgb,0.5769230769230769,0.5370370370370371,0.570461119042903,0.5569800569800569,0.55,0.556980056980057,0.55,0.55,0.55,0.5981249999999999,30,0.375,58,0.725,0.75,0.7333333333333334
0.73125,0.6708333333333334,"{""clf__learning_rate"": 0.1, ""clf__max_depth"": 5, ""clf__max_iter"": 200}",0.21855033092611084,"[[22, 18], [25, 95]]",arousal,0.6605988851068029,0.73125,0.7380247644418134,25,0.20833333333333334,,18,0.45,0.3228346456692913,0.8112760429048332,0.32481425346361026,subject_dependent,hgb,0.46808510638297873,0.8407079646017699,0.8607001890214386,0.6543965354923743,0.73125,0.7475522500470722,0.6708333333333334,0.73125,0.73125,0.6941666666666668,22,0.55,95,0.7916666666666666,0.75,0.6666666666666667
0.575,0.575,"{""clf__learning_rate"": 0.1, ""clf__max_depth"": 5, ""clf__max_iter"": 400}",0.3610624112059203,"[[41, 39], [29, 51]]",arousal,0.5733333333333333,0.575,0.5733333333333334,29,0.3625,,39,0.4875,0.15000000000000002,1.8077555195275117,0.15118578920369088,subject_dependent,hgb,0.5857142857142857,0.5666666666666667,0.6287510481287799,0.5761904761904761,0.575,0.5761904761904761,0.575,0.575,0.575,0.6317187499999999,41,0.5125,51,0.6375,0.625,0.6190476190476191
0.63125,0.5883333333333334,"{""clf__learning_rate"": 0.05, ""clf__max_depth"": 5, ""clf__max_iter"": 400}",0.2822051167348051,"[[25, 35], [24, 76]]",arousal,0.5895473716248533,0.63125,0.6222553154484978,24,0.24,,35,0.5833333333333334,0.18339100346020765,1.0622664953508039,0.18555416652843718,subject_dependent,hgb,0.5102040816326531,0.6846846846846847,0.7356468184163898,0.5974443831586689,0.63125,0.6192544585401729,0.5883333333333334,0.63125,0.63125,0.6348333333333334,25,0.4166666666666667,76,0.76,0.625,0.5636363636363637
0.55,0.5733333333333333,"{""clf__learning_rate"": 0.05, ""clf__max_depth"": 5, ""clf__max_iter"": 200}",0.32695840403868576,"[[40, 20], [52, 48]]",arousal,0.5488721804511278,0.55,0.5545112781954887,52,0.52,,20,0.3333333333333333,0.1325301204819277,0.9682071203614416,0.14363447023631967,subject_dependent,hgb,0.43478260869565216,0.7058823529411765,0.7400234238542737,0.5703324808184144,0.55,0.6042199488491049,0.5733333333333333,0.55,0.55,0.5938333333333333,40,0.6666666666666666,48,0.48,0.625,0.6190476190476191
0.7625,0.7433333333333333,"{""clf__learning_rate"": 0.1, ""clf__max_depth"": null, ""clf__max_iter"": 200}",0.21008834456604508,"[[40, 20], [18, 82]]",arousal,0.7449236449068636,0.7625,0.7616630307098508,18,0.18,,20,0.3333333333333333,0.4899328859060402,0.9809500953132201,0.4901095258273795,subject_dependent,hgb,0.6896551724137931,0.803921568627451,0.801030429454894,0.7467883705206221,0.7625,0.7610716700473292,0.7433333333333333,0.7625,0.7625,0.7656666666666667,40,0.6666666666666666,82,0.82,0.75,0.7333333333333334
0.6125,0.5700000000000001,"{""clf__learning_rate"": 0.1, ""clf__max_depth"": 3, ""clf__max_iter"": 200}",0.26497703261814615,"[[24, 36], [26, 74]]",arousal,0.5705627705627706,0.6125,0.6041125541125542,26,0.26,,36,0.6,0.1448275862068965,0.8401097404940167,0.1462252310027862,subject_dependent,hgb,0.48,0.6727272727272727,0.742869908981225,0.5763636363636364,0.6125,0.6004545454545454,0.5700000000000001,0.6125,0.6125,0.6239999999999999,24,0.4,74,0.74,0.75,0.6666666666666667
0.6375,0.36428571428571427,"{""clf__learning_rate"": 0.1, ""clf__max_depth"": 3, ""clf__max_iter"": 200}",0.2732802255129142,"[[0, 20], [38, 102]]",arousal,0.3893129770992366,0.6375,0.6812977099236641,38,0.2714285714285714,,20,1.0,-0.19587628865979378,0.9090401900070102,-0.21094190460749598,subject_dependent,hgb,0.0,0.8360655737704918,0.8336433497409501,0.4180327868852459,0.6375,0.7315573770491803,0.36428571428571427,0.6375,0.6375,0.3075,0,0.0,102,0.7285714285714285,0.75,0.42857142857142855
0.4375,0.36000000000000004,"{""clf__learning_rate"": 0.05, ""clf__max_depth"": null, ""clf__max_iter"": 200}",0.5155209113660889,"[[3, 57], [33, 67]]",arousal,0.33035714285714285,0.4375,0.39732142857142855,33,0.33,,57,0.95,-0.30434782608695654,2.2416418706367702,-0.32461722703211776,subject_dependent,hgb,0.08333333333333333,0.5403225806451613,0.4817512542672433,0.3118279569892473,0.4375,0.3689516129032258,0.36000000000000004,0.4375,0.4375,0.228,3,0.05,67,0.67,0.375,0.2727272727272727
0.6375,0.4666666666666667,"{""clf__learning_rate"": 0.1, ""clf__max_depth"": 5, ""clf__max_iter"": 400}",0.3125099791022705,"[[5, 35], [23, 97]]",arousal,0.45845004668534084,0.6375,0.6141456582633052,23,0.19166666666666668,,35,0.875,-0.07407407407407418,1.6105044070486318,-0.07597371763975863,subject_dependent,hgb,0.17857142857142858,0.7348484848484849,0.8427502642721784,0.45670995670995673,0.6375,0.5957792207792207,0.4666666666666667,0.6375,0.6375,0.5997916666666667,5,0.125,97,0.8083333333333333,0.625,0.38461538461538464
0.4625,0.4625,"{""clf__learning_rate"": 0.1, ""clf__max_depth"": null, ""clf__max_iter"": 400}",0.5128018127633835,"[[7, 73], [13, 67]]",arousal,0.37454545454545457,0.4625,0.3745454545454546,13,0.1625,,73,0.9125,-0.07499999999999996,3.9011914916588695,-0.11338934190276816,subject_dependent,hgb,0.35,0.4785714285714286,0.4577610937427908,0.41428571428571426,0.4625,0.41428571428571426,0.4625,0.4625,0.4625,0.42390625000000004,7,0.0875,67,0.8375,0.5,0.3333333333333333
0.6625,0.5833333333333334,"{""clf__learning_rate"": 0.1, ""clf__max_depth"": null, ""clf__max_iter"": 200}",0.3037292719480537,"[[17, 23], [31, 89]]",arousal,0.5768025078369906,0.6625,0.6720219435736677,31,0.25833333333333336,,23,0.575,0.15625,1.4127158524538523,0.157485197087178,subject_dependent,hgb,0.3541666666666667,0.7946428571428571,0.8118892684788485,0.5744047619047619,0.6625,0.6845238095238095,0.5833333333333334,0.6625,0.6625,0.5802083333333334,17,0.425,89,0.7416666666666667,0.625,0.5636363636363637
0.50625,0.435,"{""clf__learning_rate"": 0.05, ""clf__max_depth"": null, ""clf__max_iter"": 400}",0.43264038436991414,"[[9, 51], [28, 72]]",arousal,0.41565346031158984,0.50625,0.47317507281216775,28,0.28,,51,0.85,-0.1407942238267148,2.150297123724731,-0.1492676033262698,subject_dependent,hgb,0.24324324324324326,0.5853658536585366,0.6167537983108156,0.41430454845088993,0.50625,0.4570698747528016,0.435,0.50625,0.50625,0.43016666666666664,9,0.15,72,0.72,0.5,0.3333333333333333
0.51875,0.51875,"{""clf__learning_rate"": 0.05, ""clf__max_depth"": null, ""clf__max_iter"": 200}",0.37666355693430387,"[[22, 58], [19, 61]]",arousal,0.48835084513476473,0.51875,0.48835084513476473,19,0.2375,,58,0.725,0.03749999999999998,1.25478451592076,0.04294927583955808,subject_dependent,hgb,0.5365853658536586,0.5126050420168067,0.5493073466326185,0.5245952039352326,0.51875,0.5245952039352326,0.51875,0.51875,0.51875,0.52203125,22,0.275,61,0.7625,0.5,0.3333333333333333
0.46875,0.5291666666666667,"{""clf__learning_rate"": 0.05, ""clf__max_depth"": null, ""clf__max_iter"": 200}",0.39342092109834864,"[[26, 14], [71, 49]]",arousal,0.4575405847393403,0.46875,0.4965298552112003,71,0.5916666666666667,,14,0.35,0.039548022598870025,1.2444078092832742,0.05169889620342157,subject_dependent,hgb,0.26804123711340205,0.7777777777777778,0.7955794571675556,0.52290950744559,0.46875,0.6503436426116839,0.5291666666666667,0.46875,0.46875,0.52125,26,0.65,49,0.4083333333333333,0.375,0.36507936507936506
0.6375,0.6083333333333334,"{""clf__learning_rate"": 0.1, ""clf__max_depth"": 5, ""clf__max_iter"": 200}",0.2623601533343366,"[[22, 18], [40, 80]]",arousal,0.5826587515740241,0.6375,0.6583018528512323,40,0.3333333333333333,,18,0.45,0.18309859154929575,0.8760257026276591,0.19257674330707897,subject_dependent,hgb,0.3548387096774194,0.8163265306122449,0.7993871113595072,0.5855826201448322,0.6375,0.7009545753785386,0.6083333333333334,0.6375,0.6375,0.6222916666666667,22,0.55,80,0.6666666666666666,0.75,0.7333333333333334
0.55625,0.5625,"{""clf__learning_rate"": 0.05, ""clf__max_depth"": 5, ""clf__max_iter"": 400}",0.3036960884306276,"[[23, 17], [54, 66]]",arousal,0.5217043492905562,0.55625,0.5859753273546378,54,0.45,,17,0.425,0.09554140127388533,0.89664620494291,0.10832937135933228,subject_dependent,hgb,0.2987012987012987,0.7951807228915663,0.7999800741212273,0.5469410107964325,0.55625,0.6710608668439993,0.5625,0.55625,0.55625,0.5739583333333335,23,0.575,66,0.55,0.75,0.7333333333333334
0.5375,0.575,"{""clf__learning_rate"": 0.05, ""clf__max_depth"": null, ""clf__max_iter"": 400}",0.354413436874475,"[[60, 60], [14, 26]]",arousal,0.5156275568646702,0.5375,0.567092128947799,14,0.35,,60,0.5,0.10843373493975905,1.3130614315018914,0.1302707136348149,subject_dependent,hgb,0.8108108108108109,0.3023255813953488,0.3758293117905566,0.5565681961030798,0.5375,0.6836895034569453,0.575,0.5375,0.5375,0.6262500000000001,60,0.5,26,0.65,0.625,0.5636363636363637
0.40625,0.41833333333333333,"{""clf__learning_rate"": 0.05, ""clf__max_depth"": 3, ""clf__max_iter"": 400}",0.3815700515421571,"[[37, 63], [32, 28]]",arousal,0.4043653748187625,0.40625,0.4127414867353737,32,0.5333333333333333,,63,0.63,-0.14803625377643503,1.0971309011971833,-0.15966333960593818,subject_dependent,hgb,0.5362318840579711,0.3076923076923077,0.35935779244489213,0.4219620958751394,0.40625,0.45052954292084735,0.41833333333333333,0.40625,0.40625,0.41383333333333333,37,0.37,28,0.4666666666666667,0.25,0.25
0.74375,0.5375,"{""clf__learning_rate"": 0.1, ""clf__max_depth"": 5, ""clf__max_iter"": 400}",0.23211500476680955,"[[5, 35], [6, 114]]",arousal,0.5218310372476128,0.74375,0.6847073401851447,6,0.05,,35,0.875,0.09890109890109888,1.4674736767941305,0.1283489751672352,subject_dependent,hgb,0.45454545454545453,0.7651006711409396,0.781348594455936,0.6098230628431971,0.74375,0.6874618669920685,0.5375,0.74375,0.74375,0.5291666666666667,5,0.125,114,0.95,0.75,0.42857142857142855
0.575,0.5066666666666667,"{""clf__learning_rate"": 0.05, ""clf__max_depth"": 5, ""clf__max_iter"": 400}",0.3010561727423546,"[[14, 46], [22, 78]]",arousal,0.49404761904761907,0.575,0.5446428571428571,22,0.22,,46,0.7666666666666667,0.01449275362318836,0.9602403627782048,0.015457963192005608,subject_dependent,hgb,0.3888888888888889,0.6290322580645161,0.6650939695313229,0.5089605734767025,0.575,0.5389784946236559,0.5066666666666667,0.575,0.575,0.5575,14,0.23333333333333334,78,0.78,0.625,0.38461538461538464
0.875,0.875,"{""clf__learning_rate"": 0.1, ""clf__max_depth"": 3, ""clf__max_iter"": 200}",,"[[0, 0], [20, 140]]",arousal,0.4666666666666667,0.875,0.9333333333333333,,,,,,0.0,,0.0,subject_dependent,hgb,,,1.0,0.5,0.875,1.0,0.4375,0.875,0.875,nan,,,,,1.0,1.0
0.46875,0.5183333333333333,"{""clf__learning_rate"": 0.1, ""clf__max_depth"": 5, ""clf__max_iter"": 200}",0.3840137382029905,"[[32, 68], [17, 43]]",arousal,0.46622708897523446,0.46875,0.4570528670669963,17,0.2833333333333333,,68,0.68,0.031339031339031376,1.2180543243558948,0.038511242109675645,subject_dependent,hgb,0.6530612244897959,0.38738738738738737,0.4276966722442511,0.5202243059385916,0.46875,0.5534335355763927,0.5183333333333333,0.46875,0.46875,0.5326666666666667,32,0.32,43,0.7166666666666667,0.375,0.2727272727272727
0.41875,0.47833333333333333,"{""clf__learning_rate"": 0.05, ""clf__max_depth"": 3, ""clf__max_iter"": 400}",0.4110919344132508,"[[24, 76], [17, 43]]",arousal,0.41043622964459764,0.41875,0.39293355521217166,17,0.2833333333333333,,76,0.76,-0.0362116991643453,1.359777837474096,-0.04805430646128002,subject_dependent,hgb,0.5853658536585366,0.36134453781512604,0.36389407855148875,0.47335519573683127,0.41875,0.5013578602172576,0.47833333333333333,0.41875,0.41875,0.47816666666666674,24,0.24,43,0.7166666666666667,0.25,0.2
0.49375,0.37083333333333335,"{""clf__learning_rate"": 0.1, ""clf__max_depth"": 3, ""clf__max_iter"": 200}",0.4374257213908104,"[[5, 35], [46, 74]]",arousal,0.3780891597485484,0.49375,0.5121886846777677,46,0.38333333333333336,,35,0.875,-0.23664122137404586,1.8273655119445114,-0.24005056332108557,subject_dependent,hgb,0.09803921568627451,0.6788990825688074,0.7602100220344459,0.38846914912754094,0.49375,0.5336841158481741,0.37083333333333335,0.49375,0.49375,0.4166666666666667,5,0.125,74,0.6166666666666667,0.375,0.2727272727272727
0.63125,0.63125,"{""clf__learning_rate"": 0.05, ""clf__max_depth"": null, ""clf__max_iter"": 400}",0.3403753588544733,"[[28, 52], [7, 73]]",arousal,0.599575821845175,0.63125,0.599575821845175,7,0.0875,,52,0.65,0.26249999999999996,2.1258372485319645,0.3174901573277509,subject_dependent,hgb,0.8,0.584,0.6704462776491037,0.692,0.63125,0.692,0.63125,0.63125,0.63125,0.6771875,28,0.35,73,0.9125,0.625,0.5636363636363637
0.33125,0.41833333333333333,"{""clf__learning_rate"": 0.05, ""clf__max_depth"": 3, ""clf__max_iter"": 400}",0.5502403779221993,"[[7, 93], [14, 46]]",arousal,0.2890070185638939,0.33125,0.24568088375763114,14,0.23333333333333334,,93,0.93,-0.12928759894459096,2.122295410958281,-0.23417115769266697,subject_dependent,hgb,0.3333333333333333,0.33093525179856115,0.47434496050250374,0.33213429256594723,0.33125,0.3324340527577937,0.41833333333333333,0.33125,0.33125,0.4998333333333333,7,0.07,46,0.7666666666666667,0.375,0.2727272727272727
0.54375,0.54375,"{""clf__learning_rate"": 0.1, ""clf__max_depth"": 3, ""clf__max_iter"": 400}",0.39391708862644426,"[[34, 46], [27, 53]]",arousal,0.53722413724791,0.54375,0.53722413724791,27,0.3375,,46,0.575,0.08750000000000002,1.852899086486256,0.09007733425625468,subject_dependent,hgb,0.5573770491803278,0.5353535353535354,0.5262663587445262,0.5463652922669315,0.54375,0.5463652922669316,0.54375,0.54375,0.54375,0.53640625,34,0.425,53,0.6625,0.625,0.6190476190476191
0.58125,0.7125,"{""clf__learning_rate"": 0.05, ""clf__max_depth"": null, ""clf__max_iter"": 200}",0.333878496451899,"[[54, 66], [1, 39]]",arousal,0.5775369458128079,0.58125,0.5973399014778324,1,0.025,,66,0.55,0.27567567567567564,1.2317848363662791,0.387465959962769,subject_dependent,hgb,0.9818181818181818,0.37142857142857144,0.587015381108566,0.6766233766233767,0.58125,0.8292207792207792,0.7125,0.58125,0.58125,0.825625,54,0.45,39,0.975,0.625,0.6190476190476191
0.5125,0.5125,"{""clf__learning_rate"": 0.05, ""clf__max_depth"": 3, ""clf__max_iter"": 400}",0.3165826314343986,"[[49, 31], [47, 33]]",arousal,0.5075757575757576,0.5125,0.5075757575757576,47,0.5875,,31,0.3875,0.025000000000000022,0.9149727335681053,0.02551551815399144,subject_dependent,hgb,0.5104166666666666,0.515625,0.48305193595134777,0.5130208333333333,0.5125,0.5130208333333333,0.5125,0.5125,0.5125,0.5157812500000001,49,0.6125,33,0.4125,0.625,0.6190476190476191
0.4375,0.6000000000000001,"{""clf__learning_rate"": 0.05, ""clf__max_depth"": null, ""clf__max_iter"": 200}",0.4410020869800073,"[[33, 87], [3, 37]]",arousal,0.4371482176360225,0.4375,0.4301125703564728,3,0.075,,87,0.725,0.11764705882352944,1.7146190665339538,0.20739033894608505,subject_dependent,hgb,0.9166666666666666,0.29838709677419356,0.2997715339722287,0.6075268817204301,0.4375,0.7620967741935484,0.6000000000000001,0.4375,0.4375,0.588125,33,0.275,37,0.925,0.5,0.5
0.45625,0.445,"{""clf__learning_rate"": 0.05, ""clf__max_depth"": 5, ""clf__max_iter"": 200}",0.35670601771290833,"[[49, 51], [36, 24]]",arousal,0.44264264264264264,0.45625,0.46441441441441444,36,0.6,,51,0.51,-0.10476190476190483,1.0303481476584844,-0.10671567501598651,subject_dependent,hgb,0.5764705882352941,0.32,0.3758972015145422,0.44823529411764707,0.45625,0.4802941176470588,0.445,0.45625,0.45625,0.42183333333333334,49,0.49,24,0.4,0.5,0.4666666666666667
0.41875,0.30416666666666664,"{""clf__learning_rate"": 0.05, ""clf__max_depth"": null, ""clf__max_iter"": 400}",0.5054458603180654,"[[64, 56], [37, 3]]",arousal,0.31989579048402583,0.41875,0.4495406554230084,37,0.925,,56,0.4666666666666667,-0.3381294964028776,2.713362653174822,-0.35152040331612383,subject_dependent,hgb,0.6336633663366337,0.05084745762711865,0.16436080387936589,0.34225541198187615,0.41875,0.4879593891592549,0.30416666666666664,0.41875,0.41875,0.23333333333333334,64,0.5333333333333333,3,0.075,0.5,0.3333333333333333
0.45,0.41,"{""clf__learning_rate"": 0.05, ""clf__max_depth"": null, ""clf__max_iter"": 400}",0.4568677522928972,"[[57, 43], [45, 15]]",arousal,0.40929686188957876,0.45,0.44806175532807513,45,0.75,,43,0.43,-0.18120805369127524,1.882261955550772,-0.18127338626492118,subject_dependent,hgb,0.5588235294117647,0.25862068965517243,0.30126509184610795,0.40872210953346855,0.45,0.4462474645030426,0.41,0.45,0.45,0.3743333333333334,57,0.57,15,0.25,0.5,0.3333333333333333
0.63125,0.545,"{""clf__learning_rate"": 0.05, ""clf__max_depth"": 5, ""clf__max_iter"": 200}",0.27891113556323677,"[[12, 48], [11, 89]]",arousal,0.5201057394133496,0.63125,0.577843017640181,11,0.11,,48,0.8,0.1026615969581749,0.9125567434205244,0.12419208921586741,subject_dependent,hgb,0.5217391304347826,0.6496350364963503,0.6976968952437914,0.5856870834655665,0.63125,0.6016740717232624,0.545,0.63125,0.63125,0.5853333333333333,12,0.2,89,0.89,0.625,0.38461538461538464
0.68125,0.5625,"{""clf__learning_rate"": 0.1, ""clf__max_depth"": 3, ""clf__max_iter"": 400}",0.22888153470001935,"[[13, 27], [24, 96]]",arousal,0.5638928972262305,0.68125,0.6770081770081771,24,0.2,,27,0.675,0.1282051282051282,0.7541979306059468,0.12837404149077422,subject_dependent,hgb,0.35135135135135137,0.7804878048780488,0.8379752684316191,0.5659195781147001,0.68125,0.6732036914963744,0.5625,0.68125,0.68125,0.6360416666666667,13,0.325,96,0.8,0.75,0.42857142857142855
0.725,0.6285714285714286,"{""clf__learning_rate"": 0.05, ""clf__max_depth"": null, ""clf__max_iter"": 200}",0.16412756892103156,"[[10, 10], [34, 106]]",arousal,0.5703125,0.725,0.763671875,34,0.24285714285714285,,10,0.5,0.16981132075471694,0.4778110554123229,0.19045753006071822,subject_dependent,hgb,0.22727272727272727,0.9137931034482759,0.9536490781045525,0.5705329153605015,0.725,0.8279780564263323,0.6285714285714286,0.725,0.725,0.7435714285714285,10,0.5,106,0.7571428571428571,0.875,0.7948717948717949
0.4,0.45,"{""clf__learning_rate"": 0.1, ""clf__max_depth"": null, ""clf__max_iter"": 400}",0.5151420064843728,"[[25, 75], [21, 39]]",arousal,0.39537080774681155,0.4,0.382144544166273,21,0.35,,75,0.75,-0.0847457627118644,2.5777342144913655,-0.10696563746013953,subject_dependent,hgb,0.5434782608695652,0.34210526315789475,0.43042068512851295,0.44279176201372994,0.4,0.4679633867276888,0.45,0.4,0.4,0.49883333333333335,25,0.25,39,0.65,0.375,0.36507936507936506
0.4,0.4,"{""clf__learning_rate"": 0.1, ""clf__max_depth"": 3, ""clf__max_iter"": 200}",0.4345070220167647,"[[11, 69], [27, 53]]",arousal,0.3555965766068132,0.4,0.3555965766068132,27,0.3375,,69,0.8625,-0.19999999999999996,1.3984890317616412,-0.23498939817841868,subject_dependent,hgb,0.2894736842105263,0.4344262295081967,0.4121774785176578,0.3619499568593615,0.4,0.3619499568593615,0.4,0.4,0.4,0.35234375,11,0.1375,53,0.6625,0.375,0.2727272727272727
0.65625,0.6216666666666667,"{""clf__learning_rate"": 0.1, ""clf__max_depth"": null, ""clf__max_iter"": 200}",0.2955305423844034,"[[29, 31], [24, 76]]",arousal,0.6237869265956992,0.65625,0.6514150741738275,24,0.24,,31,0.5166666666666667,0.24914675767918093,1.4633343724277028,0.250292252617713,subject_dependent,hgb,0.5471698113207547,0.7102803738317757,0.7936842105166361,0.6287250925762652,0.65625,0.6491139128901428,0.6216666666666667,0.65625,0.65625,0.7068333333333333,29,0.48333333333333334,76,0.76,0.75,0.6666666666666667
0.71875,0.7283333333333333,"{""clf__learning_rate"": 0.05, ""clf__max_depth"": 3, ""clf__max_iter"": 200}",0.21634683816802774,"[[46, 14], [31, 69]]",arousal,0.7128156036855331,0.71875,0.7231362929280842,31,0.31,,14,0.23333333333333334,0.43217665615141954,0.6750474734888166,0.4424768246632287,subject_dependent,hgb,0.5974025974025974,0.8313253012048193,0.8504802214063782,0.7143639493037084,0.71875,0.7436042872789861,0.7283333333333333,0.71875,0.71875,0.7688333333333334,46,0.7666666666666667,69,0.69,0.625,0.6190476190476191
0.4875,0.6583333333333333,"{""clf__learning_rate"": 0.1, ""clf__max_depth"": 3, ""clf__max_iter"": 400}",0.4826534027259111,"[[38, 82], [0, 40]]",arousal,0.4874199093608376,0.4875,0.48421628379434284,0,0.0,,82,0.6833333333333333,0.18811881188118806,4.340275012796423,0.32221908170066815,subject_dependent,hgb,1.0,0.32786885245901637,0.38823710202020734,0.6639344262295082,0.4875,0.8319672131147542,0.6583333333333333,0.4875,0.4875,0.7516666666666667,38,0.31666666666666665,40,1.0,0.5,0.5
0.7375,0.6733333333333333,"{""clf__learning_rate"": 0.1, ""clf__max_depth"": null, ""clf__max_iter"": 400}",0.23718521532352632,"[[25, 35], [7, 93]]",arousal,0.6796338672768878,0.7375,0.7136727688787186,7,0.07,,35,0.5833333333333334,0.38235294117647056,1.4106883452980674,0.4195731958391368,subject_dependent,hgb,0.78125,0.7265625,0.7869851566008592,0.75390625,0.7375,0.7470703125,0.6733333333333333,0.7375,0.7375,0.7415,25,0.4166666666666667,93,0.93,0.875,0.8545454545454545
0.55,0.44666666666666666,"{""clf__learning_rate"": 0.05, ""clf__max_depth"": null, ""clf__max_iter"": 400}",0.42309258707468206,"[[2, 58], [14, 86]]",arousal,0.37877480586712686,0.55,0.46031061259706646,14,0.14,,58,0.9666666666666667,-0.125,3.4386055410606913,-0.17213259316477408,subject_dependent,hgb,0.125,0.5972222222222222,0.6468077405800614,0.3611111111111111,0.55,0.42013888888888895,0.44666666666666666,0.55,0.55,0.5013333333333333,2,0.03333333333333333,86,0.86,0.5,0.3333333333333333
0.55,0.5166666666666667,"{""clf__learning_rate"": 0.1, ""clf__max_depth"": 3, ""clf__max_iter"": 400}",0.3397003108273616,"[[65, 35], [37, 23]]",arousal,0.5166974324551099,0.55,0.5484141634502433,37,0.6166666666666667,,35,0.35,0.03355704697986572,1.221279158913206,0.03356914560461503,subject_dependent,hgb,0.6372549019607843,0.39655172413793105,0.4542348947787146,0.5169033130493577,0.55,0.5469912102772143,0.5166666666666667,0.55,0.55,0.5310000000000001,65,0.65,23,0.38333333333333336,0.625,0.38461538461538464
0.55625,0.55625,"{""clf__learning_rate"": 0.1, ""clf__max_depth"": 3, ""clf__max_iter"": 400}",0.3228934115763743,"[[49, 31], [40, 40]]",arousal,0.5548414906540224,0.55625,0.5548414906540226,40,0.5,,31,0.3875,0.11250000000000004,1.1129294805376087,0.11321874375443253,subject_dependent,hgb,0.550561797752809,0.5633802816901409,0.5835473188684469,0.5569710397214749,0.55625,0.5569710397214749,0.55625,0.55625,0.55625,0.6064062499999999,49,0.6125,40,0.5,0.625,0.5636363636363637
0.48125,0.455,"{""clf__learning_rate"": 0.1, ""clf__max_depth"": 3, ""clf__max_iter"": 200}",0.3416484506190085,"[[56, 44], [39, 21]]",arousal,0.4551794871794872,0.48125,0.4849743589743589,39,0.65,,44,0.44,-0.08852459016393444,1.0480395725397584,-0.08871553045622596,subject_dependent,hgb,0.5894736842105263,0.3230769230769231,0.34212632061594633,0.4562753036437247,0.48125,0.4895748987854251,0.455,0.48125,0.48125,0.47866666666666663,56,0.56,21,0.35,0.5,0.4666666666666667
0.45625,0.4683333333333334,"{""clf__learning_rate"": 0.05, ""clf__max_depth"": null, ""clf__max_iter"": 200}",0.38851061985619834,"[[42, 58], [29, 31]]",arousal,0.4536677263628871,0.45625,0.463057812316025,29,0.48333333333333334,,58,0.58,-0.05775075987841949,1.2302539179311212,-0.06171401386481039,subject_dependent,hgb,0.5915492957746479,0.34831460674157305,0.5141659608919167,0.4699319512581105,0.45625,0.5003362873872448,0.4683333333333334,0.45625,0.45625,0.5195,42,0.42,31,0.5166666666666667,0.375,0.36507936507936506
0.53125,0.53125,"{""clf__learning_rate"": 0.1, ""clf__max_depth"": 5, ""clf__max_iter"": 400}",0.3738487958024807,"[[47, 33], [42, 38]]",arousal,0.5297621380148125,0.53125,0.5297621380148124,42,0.525,,33,0.4125,0.0625,1.4964237425080622,0.06289930208579585,subject_dependent,hgb,0.5280898876404494,0.5352112676056338,0.5903754823412484,0.5316505776230416,0.53125,0.5316505776230416,0.53125,0.53125,0.53125,0.565,47,0.5875,38,0.475,0.375,0.36507936507936506
0.6875,0.6333333333333333,"{""clf__learning_rate"": 0.1, ""clf__max_depth"": 3, ""clf__max_iter"": 400}",0.22368296266916965,"[[89, 31], [19, 21]]",arousal,0.6186117467581999,0.6875,0.6996567505720823,19,0.475,,31,0.25833333333333336,0.24242424242424243,0.7048889678904475,0.24653342054454627,subject_dependent,hgb,0.8240740740740741,0.40384615384615385,0.43822932258732106,0.613960113960114,0.6875,0.719017094017094,0.6333333333333333,0.6875,0.6875,0.7137499999999999,89,0.7416666666666667,21,0.525,0.875,0.7948717948717949
0.65,0.7357142857142858,"{""clf__learning_rate"": 0.05, ""clf__max_depth"": 3, ""clf__max_iter"": 400}",0.22420996135693763,"[[87, 53], [3, 17]]",arousal,0.5671497584541063,0.65,0.7091787439613526,3,0.15,,53,0.37857142857142856,0.22758620689655173,0.6729006245358758,0.3142857142857143,subject_dependent,hgb,0.9666666666666667,0.24285714285714285,0.3455425625572033,0.6047619047619047,0.65,0.8761904761904763,0.7357142857142858,0.65,0.65,0.8346428571428571,87,0.6214285714285714,17,0.85,0.75,0.6666666666666667
0.80625,0.675,"{""clf__learning_rate"": 0.05, ""clf__max_depth"": 5, ""clf__max_iter"": 200}",0.1376482206295606,"[[10, 10], [21, 119]]",arousal,0.6384576135286828,0.80625,0.8231831766163713,21,0.15,,10,0.5,0.2832369942196532,0.4271215623619182,0.29286762002774425,subject_dependent,hgb,0.3225806451612903,0.9224806201550387,0.9746224321744114,0.6225306326581646,0.80625,0.84749312328082,0.675,0.80625,0.80625,0.8267857142857142,10,0.5,119,0.85,0.875,0.7948717948717949
0.65,0.65,"{""clf__learning_rate"": 0.1, ""clf__max_depth"": 3, ""clf__max_iter"": 200}",0.2545949763283709,"[[91, 49], [7, 13]]",arousal,0.5408895265423243,0.65,0.7087517934002869,7,0.35,,49,0.35,0.1578947368421053,0.7626247682747452,0.2036532699906392,subject_dependent,hgb,0.9285714285714286,0.20967741935483872,0.32500274754764424,0.5691244239631337,0.65,0.8387096774193548,0.65,0.65,0.65,0.7057142857142856,91,0.65,13,0.65,0.875,0.7948717948717949
0.65,0.6285714285714286,"{""clf__learning_rate"": 0.05, ""clf__max_depth"": null, ""clf__max_iter"": 200}",0.26192129731542985,"[[12, 8], [48, 92]]",arousal,0.5333333333333333,0.65,0.7083333333333334,48,0.34285714285714286,,8,0.4,0.1384615384615384,0.9367995107130838,0.17566201313073598,subject_dependent,hgb,0.2,0.92,0.9560069503518084,0.56,0.65,0.8300000000000001,0.6285714285714286,0.65,0.65,0.73,12,0.6,92,0.6571428571428571,0.75,0.6666666666666667
0.35,0.37333333333333335,"{""clf__learning_rate"": 0.1, ""clf__max_depth"": 3, ""clf__max_iter"": 400}",0.4599676214774025,"[[28, 72], [32, 28]]",arousal,0.35,0.35,0.35,32,0.5333333333333333,,72,0.72,-0.22352941176470598,1.5737128978847106,-0.25333333333333335,subject_dependent,hgb,0.4666666666666667,0.28,0.30955927553582907,0.37333333333333335,0.35,0.39666666666666667,0.37333333333333335,0.35,0.35,0.35933333333333334,28,0.28,28,0.4666666666666667,0.0,0.0
0.54375,0.5349999999999999,"{""clf__learning_rate"": 0.05, ""clf__max_depth"": null, ""clf__max_iter"": 400}",0.35293206409268846,"[[57, 43], [30, 30]]",arousal,0.530376743999035,0.54375,0.5501889751115757,30,0.5,,43,0.43,0.06709265175718848,1.3011493678390087,0.06803816762074412,subject_dependent,hgb,0.6551724137931034,0.410958904109589,0.39687988986148737,0.5330656589513463,0.54375,0.5635923476617856,0.5349999999999999,0.54375,0.54375,0.5371666666666667,57,0.57,30,0.5,0.75,0.7333333333333334
0.4125,0.42333333333333334,"{""clf__learning_rate"": 0.05, ""clf__max_depth"": 3, ""clf__max_iter"": 400}",0.37744740759032525,"[[28, 32], [62, 38]]",arousal,0.41019607843137257,0.4125,0.4194117647058824,62,0.62,,32,0.5333333333333333,-0.1393939393939394,1.081846269763601,-0.14963801118544176,subject_dependent,hgb,0.3111111111111111,0.5428571428571428,0.5462123277778973,0.42698412698412697,0.4125,0.45595238095238094,0.42333333333333334,0.4125,0.4125,0.38799999999999996,28,0.4666666666666667,38,0.38,0.25,0.25
0.55,0.5700000000000001,"{""clf__learning_rate"": 0.1, ""clf__max_depth"": 5, ""clf__max_iter"": 400}",0.3495402323209037,"[[39, 21], [51, 49]]",arousal,0.548235294117647,0.55,0.5552941176470588,51,0.51,,21,0.35,0.12727272727272732,1.226121546498338,0.13662601021279464,subject_dependent,hgb,0.43333333333333335,0.7,0.7094724359356513,0.5666666666666667,0.55,0.6,0.5700000000000001,0.55,0.55,0.5728333333333334,39,0.65,49,0.49,0.5,0.4666666666666667
0.40625,0.44499999999999995,"{""clf__learning_rate"": 0.05, ""clf__max_depth"": 3, ""clf__max_iter"": 400}",0.3666840711559709,"[[36, 24], [71, 29]]",arousal,0.40511134593557985,0.40625,0.3986047512817502,71,0.71,,24,0.4,-0.09510086455331401,1.0241149299059267,-0.11314581282718533,subject_dependent,hgb,0.3364485981308411,0.5471698113207547,0.5896162537911436,0.4418092047257979,0.40625,0.4681493563745371,0.44499999999999995,0.40625,0.40625,0.43416666666666676,36,0.6,29,0.29,0.5,0.4666666666666667
0.59375,0.525,"{""clf__learning_rate"": 0.1, ""clf__max_depth"": 3, ""clf__max_iter"": 400}",0.312213191151534,"[[15, 45], [20, 80]]",arousal,0.5134502923976608,0.59375,0.5628654970760234,20,0.2,,45,0.75,0.054545454545454564,1.3311785454541858,0.05855400437691199,subject_dependent,hgb,0.42857142857142855,0.64,0.7206427966120555,0.5342857142857143,0.59375,0.5607142857142857,0.525,0.59375,0.59375,0.596,15,0.25,80,0.8,0.75,0.6666666666666667
0.7,0.7,"{""clf__learning_rate"": 0.05, ""clf__max_depth"": 5, ""clf__max_iter"": 200}",0.21219802974001994,"[[55, 25], [23, 57]]",arousal,0.6999531176746367,0.7,0.6999531176746367,23,0.2875,,25,0.3125,0.4,0.6499888841454599,0.40012505862428427,subject_dependent,hgb,0.7051282051282052,0.6951219512195121,0.7471654879176161,0.7001250781738586,0.7,0.7001250781738587,0.7,0.7,0.7,0.7578125,55,0.6875,57,0.7125,0.75,0.75
0.61875,0.4607142857142857,"{""clf__learning_rate"": 0.05, ""clf__max_depth"": 3, ""clf__max_iter"": 200}",0.24708880621065762,"[[5, 15], [46, 94]]",arousal,0.44793257537191017,0.61875,0.6782482040839414,46,0.32857142857142857,,15,0.75,-0.047210300429184615,0.7369091171599754,-0.0557628969925913,subject_dependent,hgb,0.09803921568627451,0.8623853211009175,0.8996449385117475,0.480212268393596,0.61875,0.7668420579240871,0.4607142857142857,0.61875,0.6187499999999999,0.5417857142857143,5,0.25,94,0.6714285714285714,0.625,0.38461538461538464
0.7,0.7,"{""clf__learning_rate"": 0.05, ""clf__max_depth"": 3, ""clf__max_iter"": 400}",0.22460982220568187,"[[49, 31], [17, 63]]",arousal,0.6976854038734057,0.7,0.6976854038734057,17,0.2125,,31,0.3875,0.4,0.6725676819287264,0.4062693728952204,subject_dependent,hgb,0.7424242424242424,0.6702127659574468,0.6879566787938314,0.7063185041908446,0.7,0.7063185041908446,0.7,0.7,0.7,0.7145312500000001,49,0.6125,63,0.7875,0.75,0.7333333333333334
0.64375,0.6016666666666667,"{""clf__learning_rate"": 0.05, ""clf__max_depth"": 3, ""clf__max_iter"": 200}",0.23399864156675418,"[[26, 34], [23, 77]]",arousal,0.6034610200443498,0.64375,0.6350602200095656,23,0.23,,34,0.5666666666666667,0.2110726643598616,0.6869805093358448,0.21356234260820128,subject_dependent,hgb,0.5306122448979592,0.6936936936936937,0.8114887669347792,0.6121529692958265,0.64375,0.6325381503952933,0.6016666666666667,0.64375,0.64375,0.688,26,0.43333333333333335,77,0.77,0.625,0.5636363636363637
0.59375,0.4625,"{""clf__learning_rate"": 0.1, ""clf__max_depth"": 3, ""clf__max_iter"": 400}",0.30624542027908763,"[[8, 32], [33, 87]]",arousal,0.4627821685004391,0.59375,0.5954078206518932,33,0.275,,32,0.8,-0.07438016528925617,1.0466529610779882,-0.07439032790240505,subject_dependent,hgb,0.1951219512195122,0.7310924369747899,0.7688281324021151,0.46310719409715106,0.59375,0.5970998155359706,0.4625,0.59375,0.59375,0.4660416666666667,8,0.2,87,0.725,0.75,0.42857142857142855
0.48125,0.44166666666666665,"{""clf__learning_rate"": 0.05, ""clf__max_depth"": 5, ""clf__max_iter"": 400}",0.37012197303530414,"[[17, 43], [40, 60]]",arousal,0.4408656477621995,0.48125,0.47843248705317676,40,0.4,,43,0.7166666666666667,-0.11784511784511786,1.1552883611376337,-0.11794142605842986,subject_dependent,hgb,0.2982456140350877,0.5825242718446602,0.6301900827573578,0.44038494293987396,0.48125,0.4759197751660705,0.44166666666666665,0.48125,0.48125,0.4418333333333333,17,0.2833333333333333,60,0.6,0.375,0.2727272727272727
0.58125,0.49583333333333335,"{""clf__learning_rate"": 0.1, ""clf__max_depth"": 3, ""clf__max_iter"": 400}",0.30024907250333116,"[[13, 27], [40, 80]]",arousal,0.49220785372554593,0.58125,0.5985268343517598,40,0.3333333333333333,,27,0.675,-0.007518796992481258,0.9455587055312176,-0.007666719056092548,subject_dependent,hgb,0.24528301886792453,0.7476635514018691,0.7669792106592532,0.49647328513489686,0.58125,0.6220684182683829,0.49583333333333335,0.58125,0.58125,0.50875,13,0.325,80,0.6666666666666666,0.75,0.42857142857142855
0.4625,0.39166666666666666,"{""clf__learning_rate"": 0.05, ""clf__max_depth"": 5, ""clf__max_iter"": 200}",0.32532468941295917,"[[10, 30], [56, 64]]",arousal,0.3934050432022571,0.4625,0.4957679421618762,56,0.4666666666666667,,30,0.75,-0.17808219178082196,0.9161913364598984,-0.19057978209120174,subject_dependent,hgb,0.15151515151515152,0.6808510638297872,0.7765921626455861,0.41618310767246935,0.4625,0.5485170857511283,0.39166666666666666,0.4625,0.4625,0.46625000000000005,10,0.25,64,0.5333333333333333,0.25,0.2
0.46875,0.45833333333333337,"{""clf__learning_rate"": 0.1, ""clf__max_depth"": 5, ""clf__max_iter"": 400}",0.44657785500999764,"[[25, 35], [50, 50]]",arousal,0.45545545545545546,0.46875,0.4767267267267267,50,0.5,,35,0.5833333333333334,-0.0793650793650793,1.9752313391791099,-0.08084520834544433,subject_dependent,hgb,0.3333333333333333,0.5882352941176471,0.608564612123129,0.4607843137254902,0.46875,0.49264705882352944,0.45833333333333337,0.46875,0.46875,0.4241666666666667,25,0.4166666666666667,50,0.5,0.375,0.36507936507936506
0.71875,0.6883333333333334,"{""clf__learning_rate"": 0.05, ""clf__max_depth"": 5, ""clf__max_iter"": 400}",0.1900250757578327,"[[81, 19], [26, 34]]",arousal,0.6921893035782993,0.71875,0.7147941515967681,26,0.43333333333333335,,19,0.19,0.38566552901023887,0.595182341509571,0.3874386924082407,subject_dependent,hgb,0.7570093457943925,0.6415094339622641,0.692352361706871,0.6992593898783284,0.71875,0.7136968788573443,0.6883333333333334,0.71875,0.71875,0.8063333333333332,81,0.81,34,0.5666666666666667,0.875,0.8545454545454545
0.6625,0.6866666666666666,"{""clf__learning_rate"": 0.05, ""clf__max_depth"": null, ""clf__max_iter"": 200}",0.24978486797089644,"[[59, 41], [13, 47]]",arousal,0.660590823381521,0.6625,0.6669547454431175,13,0.21666666666666667,,41,0.41,0.3414634146341463,0.8183214709004643,0.3632995072753774,subject_dependent,hgb,0.8194444444444444,0.5340909090909091,0.6401035677442892,0.6767676767676767,0.6625,0.7124368686868687,0.6866666666666666,0.6625,0.6625,0.7523333333333333,59,0.59,47,0.7833333333333333,0.875,0.873015873015873
0.6,0.6000000000000001,"{""clf__learning_rate"": 0.05, ""clf__max_depth"": 3, ""clf__max_iter"": 200}",0.28827605378696325,"[[42, 38], [26, 54]]",arousal,0.5977372721558768,0.6,0.5977372721558768,26,0.325,,38,0.475,0.19999999999999996,0.8547624136613823,0.20228869496966945,subject_dependent,hgb,0.6176470588235294,0.5869565217391305,0.5159189520068894,0.6023017902813299,0.6,0.6023017902813299,0.6000000000000001,0.6,0.6,0.57,42,0.525,54,0.675,0.625,0.6190476190476191
0.50625,0.5549999999999999,"{""clf__learning_rate"": 0.05, ""clf__max_depth"": 3, ""clf__max_iter"": 200}",0.3247526469257772,"[[45, 15], [64, 36]]",arousal,0.5046827853756025,0.50625,0.49771738704494695,64,0.64,,15,0.25,0.09455587392550147,0.940270928369636,0.1142799320100719,subject_dependent,hgb,0.41284403669724773,0.7058823529411765,0.7523876675094513,0.5593631948192122,0.50625,0.5959929843497032,0.5549999999999999,0.50625,0.50625,0.5903333333333334,45,0.75,36,0.36,0.5,0.4666666666666667
0.51875,0.4816666666666667,"{""clf__learning_rate"": 0.1, ""clf__max_depth"": null, ""clf__max_iter"": 200}",0.3931206706707058,"[[20, 40], [37, 63]]",arousal,0.48128499852637785,0.51875,0.5161361626878869,37,0.37,,40,0.6666666666666666,-0.03703703703703698,1.8403625074972165,-0.03706730533264938,subject_dependent,hgb,0.3508771929824561,0.6116504854368932,0.6883004522240634,0.48126383920967464,0.51875,0.5138605007664793,0.4816666666666667,0.51875,0.51875,0.5463333333333333,20,0.3333333333333333,63,0.63,0.375,0.2727272727272727
0.7375,0.675,"{""clf__learning_rate"": 0.1, ""clf__max_depth"": null, ""clf__max_iter"": 200}",0.22318197591240835,"[[22, 18], [24, 96]]",arousal,0.6660703637447823,0.7375,0.7432915921288015,24,0.2,,18,0.45,0.33333333333333337,1.085889225933318,0.3348554112644579,subject_dependent,hgb,0.4782608695652174,0.8421052631578947,0.937303632338983,0.660183066361556,0.7375,0.7511441647597253,0.675,0.7375,0.7375,0.7937500000000001,22,0.55,96,0.8,0.75,0.6666666666666667
0.21875,0.21071428571428572,"{""clf__learning_rate"": 0.05, ""clf__max_depth"": null, ""clf__max_iter"": 400}",0.7525046101845219,"[[4, 16], [109, 31]]",arousal,0.19585058903944352,0.21875,0.29762574886413895,109,0.7785714285714286,,16,0.8,-0.19331742243436745,7.177421820852741,-0.42009532462405175,subject_dependent,hgb,0.035398230088495575,0.6595744680851063,0.7408624937409702,0.347486349086801,0.21875,0.58155243833553,0.21071428571428572,0.21875,0.21875,0.11785714285714287,4,0.2,31,0.22142857142857142,0.125,0.1111111111111111
0.5875,0.63,"{""clf__learning_rate"": 0.1, ""clf__max_depth"": 3, ""clf__max_iter"": 200}",0.34503952286896544,"[[48, 12], [54, 46]]",arousal,0.5874355368026254,0.5875,0.5861462728551337,54,0.54,,12,0.2,0.22807017543859653,1.4794507025096213,0.26183933571599727,subject_dependent,hgb,0.47058823529411764,0.7931034482758621,0.8130236249548919,0.6318458417849899,0.5875,0.6721602434077079,0.63,0.5875,0.5875,0.6335,48,0.8,46,0.46,0.5,0.5
0.65625,0.65625,"{""clf__learning_rate"": 0.05, ""clf__max_depth"": null, ""clf__max_iter"": 200}",0.25247319775926,"[[42, 38], [17, 63]]",arousal,0.6502245717238364,0.65625,0.6502245717238364,17,0.2125,,38,0.475,0.3125,0.8253379737343762,0.32385702044714343,subject_dependent,hgb,0.711864406779661,0.6237623762376238,0.7975021616317897,0.6678133915086424,0.65625,0.6678133915086424,0.65625,0.65625,0.65625,0.7615625,42,0.525,63,0.7875,0.625,0.6190476190476191
0.60625,0.5716666666666667,"{""clf__learning_rate"": 0.05, ""clf__max_depth"": 3, ""clf__max_iter"": 200}",0.2538091451909589,"[[26, 34], [29, 71]]",arousal,0.5724284199363733,0.60625,0.6024920466595971,29,0.29,,34,0.5666666666666667,0.1457627118644068,0.8135423477010508,0.14609886154545265,subject_dependent,hgb,0.4727272727272727,0.6761904761904762,0.8294077156694963,0.5744588744588744,0.60625,0.5998917748917749,0.5716666666666667,0.60625,0.60625,0.6871666666666667,26,0.43333333333333335,71,0.71,0.625,0.6190476190476191
0.41875,0.45499999999999996,"{""rbf_svm"": {""clf__C"": 10.0, ""clf__class_weight"": null, ""clf__gamma"": 0.00030000000000000003}, ""logreg"": {""clf__C"": 10.0}, ""hgb"": {""clf__learning_rate"": 0.05, ""clf__max_depth"": 5, ""clf__max_iter"": 400}}",0.36737954749083906,"[[36, 24], [69, 31]]",valence,0.4181818181818182,0.41875,0.4136363636363637,69,0.69,,24,0.4,-0.07826086956521738,1.0709514478460291,-0.09173649445877259,subject_dependent,soft_vote,0.34285714285714286,0.5636363636363636,0.6016002075383163,0.45324675324675323,0.41875,0.4808441558441558,0.45499999999999996,0.41875,0.41875,0.4923333333333333,36,0.6,31,0.31,0.125,0.1111111111111111
0.51875,0.51875,"{""rbf_svm"": {""clf__C"": 30.0, ""clf__class_weight"": ""balanced"", ""clf__gamma"": 0.00030000000000000003}, ""logreg"": {""clf__C"": 0.1}, ""hgb"": {""clf__learning_rate"": 0.1, ""clf__max_depth"": 5, ""clf__max_iter"": 400}}",0.35565810762510475,"[[58, 22], [55, 25]]",valence,0.49736852841581336,0.51875,0.4973685284158133,55,0.6875,,22,0.275,0.03749999999999998,1.0676425118518544,0.04116547244059962,subject_dependent,soft_vote,0.5132743362831859,0.5319148936170213,0.5299790739875558,0.5225946149501035,0.51875,0.5225946149501036,0.51875,0.51875,0.51875,0.45046875000000003,58,0.725,25,0.3125,0.5,0.4666666666666667
0.66875,0.5875,"{""rbf_svm"": {""clf__C"": 10.0, ""clf__class_weight"": ""balanced"", ""clf__gamma"": 0.0001}, ""logreg"": {""clf__C"": 1.0}, ""hgb"": {""clf__learning_rate"": 0.05, ""clf__max_depth"": 5, ""clf__max_iter"": 200}}",0.20197262252197742,"[[90, 30], [23, 17]]",valence,0.5816683932711756,0.66875,0.6771002910561885,23,0.575,,30,0.25,0.16535433070866146,0.5879145612378431,0.16636827616428818,subject_dependent,soft_vote,0.7964601769911505,0.3617021276595745,0.476897148631682,0.5790811523253625,0.66875,0.6877706646582565,0.5875,0.66875,0.66875,0.6560416666666666,90,0.75,17,0.425,0.625,0.5636363636363637
0.6,0.5666666666666667,"{""rbf_svm"": {""clf__C"": 30.0, ""clf__class_weight"": ""balanced"", ""clf__gamma"": 0.0001}, ""logreg"": {""clf__C"": 0.1}, ""hgb"": {""clf__learning_rate"": 0.05, ""clf__max_depth"": 3, ""clf__max_iter"": 200}}",0.25477331652749363,"[[70, 30], [34, 26]]",valence,0.5672751859364435,0.6,0.5970250169033131,34,0.5666666666666667,,30,0.3,0.1351351351351351,0.7191899903095419,0.13533299049019168,subject_dependent,soft_vote,0.6730769230769231,0.4642857142857143,0.4316146349452804,0.5686813186813187,0.6,0.5947802197802198,0.5666666666666667,0.6,0.6,0.6025,70,0.7,26,0.43333333333333335,0.625,0.5636363636363637
0.4625,0.4766666666666667,"{""rbf_svm"": {""clf__C"": 30.0, ""clf__class_weight"": null, ""clf__gamma"": 0.00030000000000000003}, ""logreg"": {""clf__C"": 0.1}, ""hgb"": {""clf__learning_rate"": 0.1, ""clf__max_depth"": null, ""clf__max_iter"": 400}}",0.37299131796584506,"[[32, 28], [58, 42]]",valence,0.46039215686274515,0.4625,0.46882352941176475,58,0.58,,28,0.4666666666666667,-0.042424242424242475,1.100188151275734,-0.04554200340426488,subject_dependent,soft_vote,0.35555555555555557,0.6,0.5786803315388046,0.47777777777777775,0.4625,0.5083333333333334,0.4766666666666667,0.4625,0.4625,0.4315,32,0.5333333333333333,42,0.42,0.375,0.36507936507936506
0.39375,0.26785714285714285,"{""rbf_svm"": {""clf__C"": 3.3333333333333335, ""clf__class_weight"": ""balanced"", ""clf__gamma"": 0.0001}, ""logreg"": {""clf__C"": 0.1}, ""hgb"": {""clf__learning_rate"": 0.1, ""clf__max_depth"": null, ""clf__max_iter"": 400}}",0.3769008408414495,"[[61, 79], [18, 2]]",valence,0.29834079298340793,0.39375,0.4923934174239341,18,0.9,,79,0.5642857142857143,-0.20123839009287936,1.1066983526199148,-0.3071201290174061,subject_dependent,soft_vote,0.7721518987341772,0.024691358024691357,0.08408105938506853,0.3984216283794343,0.39375,0.6787193311454914,0.26785714285714285,0.39375,0.39375,0.2578571428571429,61,0.4357142857142857,2,0.1,0.375,0.2727272727272727
0.63125,0.63125,"{""rbf_svm"": {""clf__C"": 3.3333333333333335, ""clf__class_weight"": null, ""clf__gamma"": 0.0001}, ""logreg"": {""clf__C"": 10.0}, ""hgb"": {""clf__learning_rate"": 0.1, ""clf__max_depth"": 5, ""clf__max_iter"": 400}}",0.22218428400268708,"[[33, 47], [12, 68]]",valence,0.6127179487179487,0.63125,0.6127179487179488,12,0.15,,47,0.5875,0.26249999999999996,0.6360128864850367,0.2919201796799047,subject_dependent,soft_vote,0.7333333333333333,0.591304347826087,0.7758171941810387,0.6623188405797101,0.63125,0.6623188405797101,0.63125,0.63125,0.63125,0.7526562499999999,33,0.4125,68,0.85,0.5,0.4666666666666667
0.6875,0.7083333333333333,"{""rbf_svm"": {""clf__C"": 30.0, ""clf__class_weight"": null, ""clf__gamma"": 0.00030000000000000003}, ""logreg"": {""clf__C"": 1.0}, ""hgb"": {""clf__learning_rate"": 0.1, ""clf__max_depth"": 5, ""clf__max_iter"": 400}}",0.24135803739642459,"[[80, 40], [10, 30]]",valence,0.6536796536796536,0.6875,0.7077922077922076,10,0.25,,40,0.3333333333333333,0.33333333333333337,0.9771644130701423,0.363696483726654,subject_dependent,soft_vote,0.8888888888888888,0.42857142857142855,0.44121061046225685,0.6587301587301587,0.6875,0.7738095238095237,0.7083333333333333,0.6875,0.6875,0.7510416666666666,80,0.6666666666666666,30,0.75,0.75,0.6666666666666667
0.675,0.675,"{""rbf_svm"": {""clf__C"": 30.0, ""clf__class_weight"": ""balanced"", ""clf__gamma"": 0.00030000000000000003}, ""logreg"": {""clf__C"": 10.0}, ""hgb"": {""clf__learning_rate"": 0.1, ""clf__max_depth"": 3, ""clf__max_iter"": 400}}",0.23234008948069187,"[[60, 20], [32, 48]]",valence,0.6731615336266499,0.675,0.6731615336266499,32,0.4,,20,0.25,0.35,0.6838799888152121,0.35400521619692155,subject_dependent,soft_vote,0.6521739130434783,0.7058823529411765,0.7602344692050531,0.6790281329923273,0.675,0.6790281329923274,0.675,0.675,0.675,0.72328125,60,0.75,48,0.6,0.75,0.7333333333333334
0.73125,0.73125,"{""rbf_svm"": {""clf__C"": 30.0, ""clf__class_weight"": ""balanced"", ""clf__gamma"": 0.0001}, ""logreg"": {""clf__C"": 0.1}, ""hgb"": {""clf__learning_rate"": 0.05, ""clf__max_depth"": 3, ""clf__max_iter"": 400}}",0.17969118287232666,"[[54, 26], [17, 63]]",valence,0.7303969591284925,0.73125,0.7303969591284926,17,0.2125,,26,0.325,0.4625,0.5279073499285987,0.4654548354348893,subject_dependent,soft_vote,0.7605633802816901,0.7078651685393258,0.8187156773721362,0.734214274410508,0.73125,0.7342142744105079,0.73125,0.73125,0.73125,0.81125,54,0.675,63,0.7875,0.75,0.7333333333333334
0.64375,0.5483333333333333,"{""rbf_svm"": {""clf__C"": 3.3333333333333335, ""clf__class_weight"": ""balanced"", ""clf__gamma"": 0.00030000000000000003}, ""logreg"": {""clf__C"": 0.1}, ""hgb"": {""clf__learning_rate"": 0.05, ""clf__max_depth"": 3, ""clf__max_iter"": 200}}",0.28615427544020866,"[[93, 7], [50, 10]]",valence,0.5125861792528459,0.64375,0.5757976591309923,50,0.8333333333333334,,7,0.07,0.11284046692607008,0.969874997199829,0.15186576736877017,subject_dependent,soft_vote,0.6503496503496503,0.5882352941176471,0.4395671729906211,0.6192924722336487,0.64375,0.6270567667626491,0.5483333333333333,0.64375,0.64375,0.49583333333333335,93,0.93,10,0.16666666666666666,0.625,0.38461538461538464
0.81875,0.7708333333333334,"{""rbf_svm"": {""clf__C"": 3.3333333333333335, ""clf__class_weight"": ""balanced"", ""clf__gamma"": 0.00030000000000000003}, ""logreg"": {""clf__C"": 0.1}, ""hgb"": {""clf__learning_rate"": 0.1, ""clf__max_depth"": 3, ""clf__max_iter"": 200}}",0.14880825864154015,"[[104, 16], [13, 27]]",valence,0.764119770220121,0.81875,0.8208784505109044,13,0.325,,16,0.13333333333333333,0.5284552845528455,0.477351053965282,0.5290851480476297,subject_dependent,soft_vote,0.8888888888888888,0.627906976744186,0.587445887738463,0.7583979328165374,0.81875,0.8236434108527131,0.7708333333333334,0.81875,0.81875,0.7781250000000002,104,0.8666666666666667,27,0.675,0.875,0.7948717948717949
0.58125,0.6583333333333333,"{""rbf_svm"": {""clf__C"": 3.3333333333333335, ""clf__class_weight"": ""balanced"", ""clf__gamma"": 0.0001}, ""logreg"": {""clf__C"": 0.1}, ""hgb"": {""clf__learning_rate"": 0.05, ""clf__max_depth"": 3, ""clf__max_iter"": 200}}",0.28198071224523086,"[[58, 2], [65, 35]]",valence,0.5724143432651271,0.58125,0.5570479837262176,65,0.65,,2,0.03333333333333333,0.26170798898071623,0.8105203268584518,0.3636005722050161,subject_dependent,soft_vote,0.4715447154471545,0.9459459459459459,0.8401888527894413,0.7087453306965502,0.58125,0.7680454845088992,0.6583333333333333,0.58125,0.58125,0.7343333333333334,58,0.9666666666666667,35,0.35,0.5,0.4666666666666667
0.41875,0.5216666666666667,"{""rbf_svm"": {""clf__C"": 3.3333333333333335, ""clf__class_weight"": ""balanced"", ""clf__gamma"": 0.0001}, ""logreg"": {""clf__C"": 0.1}, ""hgb"": {""clf__learning_rate"": 0.05, ""clf__max_depth"": 3, ""clf__max_iter"": 200}}",0.3802240878622117,"[[56, 4], [89, 11]]",valence,0.3688229056203606,0.41875,0.32444326617179214,89,0.89,,4,0.06666666666666667,0.03376623376623378,1.0617264346684232,0.07197274920657465,subject_dependent,soft_vote,0.38620689655172413,0.7333333333333333,0.7379671498043382,0.5597701149425287,0.41875,0.6031609195402299,0.5216666666666667,0.41875,0.41875,0.6703333333333332,56,0.9333333333333333,11,0.11,0.375,0.2727272727272727
0.7,0.6866666666666666,"{""rbf_svm"": {""clf__C"": 30.0, ""clf__class_weight"": null, ""clf__gamma"": 0.0001}, ""logreg"": {""clf__C"": 0.1}, ""hgb"": {""clf__learning_rate"": 0.1, ""clf__max_depth"": null, ""clf__max_iter"": 200}}",0.24916860644102973,"[[74, 26], [22, 38]]",valence,0.6840026333113891,0.7,0.7017774851876235,22,0.36666666666666664,,26,0.26,0.368421052631579,0.8648856077262321,0.3689323936863109,subject_dependent,soft_vote,0.7708333333333334,0.59375,0.6619237505066399,0.6822916666666667,0.7,0.7044270833333334,0.6866666666666666,0.7,0.7,0.6413333333333333,74,0.74,38,0.6333333333333333,0.875,0.8545454545454545
0.5125,0.5583333333333333,"{""rbf_svm"": {""clf__C"": 3.3333333333333335, ""clf__class_weight"": ""balanced"", ""clf__gamma"": 0.00030000000000000003}, ""logreg"": {""clf__C"": 10.0}, ""hgb"": {""clf__learning_rate"": 0.05, ""clf__max_depth"": null, ""clf__max_iter"": 200}}",0.2984563763385101,"[[26, 14], [64, 56]]",valence,0.49473684210526314,0.5125,0.5421052631578946,64,0.5333333333333333,,14,0.35,0.08235294117647063,0.814304607232027,0.10183501544346311,subject_dependent,soft_vote,0.28888888888888886,0.8,0.7892935105480863,0.5444444444444445,0.5125,0.6722222222222223,0.5583333333333333,0.5125,0.5125,0.536875,26,0.65,56,0.4666666666666667,0.375,0.36507936507936506
0.50625,0.5316666666666666,"{""rbf_svm"": {""clf__C"": 10.0, ""clf__class_weight"": ""balanced"", ""clf__gamma"": 0.0001}, ""logreg"": {""clf__C"": 10.0}, ""hgb"": {""clf__learning_rate"": 0.1, ""clf__max_depth"": 3, ""clf__max_iter"": 400}}",0.2687733365452759,"[[38, 22], [57, 43]]",valence,0.5057673509286412,0.50625,0.5096285434995113,57,0.57,,22,0.36666666666666664,0.05671641791044779,0.7394381366357067,0.06242944735808493,subject_dependent,soft_vote,0.4,0.6615384615384615,0.6751458865178183,0.5307692307692308,0.50625,0.5634615384615385,0.5316666666666666,0.50625,0.50625,0.5784999999999999,38,0.6333333333333333,43,0.43,0.5,0.4666666666666667
0.525,0.45666666666666667,"{""rbf_svm"": {""clf__C"": 30.0, ""clf__class_weight"": null, ""clf__gamma"": 0.0001}, ""logreg"": {""clf__C"": 0.1}, ""hgb"": {""clf__learning_rate"": 0.1, ""clf__max_depth"": 3, ""clf__max_iter"": 200}}",0.29244537703834944,"[[73, 27], [49, 11]]",valence,0.44107372678801254,0.525,0.4952197095054238,49,0.8166666666666667,,27,0.27,-0.09352517985611519,0.8387300786923614,-0.09859525278203456,subject_dependent,soft_vote,0.5983606557377049,0.2894736842105263,0.3554701490948682,0.4439171699741156,0.525,0.48252804141501293,0.45666666666666667,0.525,0.525,0.47233333333333327,73,0.73,11,0.18333333333333332,0.5,0.3333333333333333
0.525,0.5583333333333333,"{""rbf_svm"": {""clf__C"": 10.0, ""clf__class_weight"": ""balanced"", ""clf__gamma"": 0.0001}, ""logreg"": {""clf__C"": 1.0}, ""hgb"": {""clf__learning_rate"": 0.05, ""clf__max_depth"": null, ""clf__max_iter"": 200}}",0.2702267541061585,"[[59, 61], [15, 25]]",valence,0.5025364097529046,0.525,0.5553919162166585,15,0.375,,61,0.5083333333333333,0.08433734939759041,0.741734943870597,0.10132166616041159,subject_dependent,soft_vote,0.7972972972972973,0.29069767441860467,0.28340409707878755,0.5439974858579509,0.525,0.6706473915776241,0.5583333333333333,0.525,0.525,0.5777083333333333,59,0.49166666666666664,25,0.625,0.625,0.6190476190476191
0.4625,0.4625,"{""rbf_svm"": {""clf__C"": 30.0, ""clf__class_weight"": ""balanced"", ""clf__gamma"": 0.00030000000000000003}, ""logreg"": {""clf__C"": 10.0}, ""hgb"": {""clf__learning_rate"": 0.05, ""clf__max_depth"": 3, ""clf__max_iter"": 200}}",0.29721633884723053,"[[40, 40], [46, 34]]",valence,0.4617430762009075,0.4625,0.4617430762009075,46,0.575,,40,0.5,-0.07499999999999996,0.8097362787404598,-0.07521183158458503,subject_dependent,soft_vote,0.46511627906976744,0.4594594594594595,0.5414311823336488,0.46228786926461346,0.4625,0.4622878692646134,0.4625,0.4625,0.4625,0.5114062500000001,40,0.5,34,0.425,0.5,0.5
0.51875,0.51875,"{""rbf_svm"": {""clf__C"": 10.0, ""clf__class_weight"": ""balanced"", ""clf__gamma"": 0.0001}, ""logreg"": {""clf__C"": 0.1}, ""hgb"": {""clf__learning_rate"": 0.05, ""clf__max_depth"": null, ""clf__max_iter"": 200}}",0.33085165336697075,"[[37, 43], [34, 46]]",valence,0.5172224616952075,0.51875,0.5172224616952075,34,0.425,,43,0.5375,0.03749999999999998,0.9542205390673384,0.037739581251477514,subject_dependent,soft_vote,0.5211267605633803,0.5168539325842697,0.45807870198245815,0.518990346573825,0.51875,0.5189903465738249,0.51875,0.51875,0.51875,0.48781250000000004,37,0.4625,46,0.575,0.5,0.5
0.4625,0.5416666666666666,"{""rbf_svm"": {""clf__C"": 3.3333333333333335, ""clf__class_weight"": ""balanced"", ""clf__gamma"": 0.00030000000000000003}, ""logreg"": {""clf__C"": 0.1}, ""hgb"": {""clf__learning_rate"": 0.05, ""clf__max_depth"": 5, ""clf__max_iter"": 200}}",0.30290558605821916,"[[28, 12], [74, 46]]",valence,0.45561006488368416,0.4625,0.48623199873397693,74,0.6166666666666667,,12,0.3,0.05494505494505497,0.8339655778405437,0.0750628915185075,subject_dependent,soft_vote,0.27450980392156865,0.7931034482758621,0.817273693801105,0.5338066260987153,0.4625,0.6634550371872888,0.5416666666666666,0.4625,0.4625,0.590625,28,0.7,46,0.38333333333333336,0.5,0.5
0.5,0.55,"{""rbf_svm"": {""clf__C"": 3.3333333333333335, ""clf__class_weight"": ""balanced"", ""clf__gamma"": 0.0001}, ""logreg"": {""clf__C"": 0.1}, ""hgb"": {""clf__learning_rate"": 0.05, ""clf__max_depth"": null, ""clf__max_iter"": 200}}",0.2913836327404549,"[[35, 65], [15, 45]]",valence,0.4980392156862745,0.5,0.4901960784313726,15,0.25,,65,0.65,0.08571428571428574,0.794645587400389,0.1044465935734187,subject_dependent,soft_vote,0.7,0.4090909090909091,0.4523929203083915,0.5545454545454546,0.5,0.5909090909090909,0.55,0.5,0.5,0.5821666666666667,35,0.35,45,0.75,0.625,0.6190476190476191
0.5625,0.5625,"{""rbf_svm"": {""clf__C"": 3.3333333333333335, ""clf__class_weight"": ""balanced"", ""clf__gamma"": 0.0001}, ""logreg"": {""clf__C"": 1.0}, ""hgb"": {""clf__learning_rate"": 0.05, ""clf__max_depth"": 5, ""clf__max_iter"": 200}}",0.24507057306954838,"[[45, 35], [35, 45]]",valence,0.5625,0.5625,0.5625,35,0.4375,,35,0.4375,0.125,0.6833710869780099,0.125,subject_dependent,soft_vote,0.5625,0.5625,0.6383760687308004,0.5625,0.5625,0.5625,0.5625,0.5625,0.5625,0.6117187500000001,45,0.5625,45,0.5625,0.5,0.5
0.40625,0.4083333333333333,"{""rbf_svm"": {""clf__C"": 30.0, ""clf__class_weight"": ""balanced"", ""clf__gamma"": 0.00030000000000000003}, ""logreg"": {""clf__C"": 0.1}, ""hgb"": {""clf__learning_rate"": 0.05, ""clf__max_depth"": 3, ""clf__max_iter"": 200}}",0.33527632063588825,"[[25, 35], [60, 40]]",valence,0.4009852216748768,0.40625,0.4150246305418719,60,0.6,,35,0.5833333333333334,-0.1692307692307693,0.920212236770092,-0.17785945835997752,subject_dependent,soft_vote,0.29411764705882354,0.5333333333333333,0.600220493057624,0.4137254901960784,0.40625,0.4436274509803922,0.4083333333333333,0.40625,0.40625,0.4,25,0.4166666666666667,40,0.4,0.375,0.36507936507936506
0.375,0.33999999999999997,"{""rbf_svm"": {""clf__C"": 10.0, ""clf__class_weight"": ""balanced"", ""clf__gamma"": 0.00030000000000000003}, ""logreg"": {""clf__C"": 1.0}, ""hgb"": {""clf__learning_rate"": 0.1, ""clf__max_depth"": null, ""clf__max_iter"": 200}}",0.46638546282332305,"[[12, 48], [52, 48]]",valence,0.34167215273206053,0.375,0.37870309414088216,52,0.52,,48,0.8,-0.3157894736842106,1.6235845257176407,-0.31622776601683794,subject_dependent,soft_vote,0.1875,0.5,0.5966023901063274,0.34375,0.375,0.3828125,0.33999999999999997,0.375,0.375,0.3433333333333333,12,0.2,48,0.48,0.25,0.2
0.65,0.5833333333333333,"{""rbf_svm"": {""clf__C"": 10.0, ""clf__class_weight"": ""balanced"", ""clf__gamma"": 0.00030000000000000003}, ""logreg"": {""clf__C"": 0.1}, ""hgb"": {""clf__learning_rate"": 0.05, ""clf__max_depth"": 5, ""clf__max_iter"": 400}}",0.23945729158596904,"[[19, 41], [15, 85]]",valence,0.5782338542647335,0.65,0.6217284880436829,15,0.15,,41,0.6833333333333333,0.18248175182481752,0.6869428212349229,0.1972421118046462,subject_dependent,soft_vote,0.5588235294117647,0.6746031746031746,0.7189786634358755,0.6167133520074697,0.65,0.631185807656396,0.5833333333333333,0.65,0.65,0.624,19,0.31666666666666665,85,0.85,0.625,0.38461538461538464
0.375,0.375,"{""rbf_svm"": {""clf__C"": 30.0, ""clf__class_weight"": ""balanced"", ""clf__gamma"": 0.00030000000000000003}, ""logreg"": {""clf__C"": 1.0}, ""hgb"": {""clf__learning_rate"": 0.05, ""clf__max_depth"": 3, ""clf__max_iter"": 200}}",0.41550051922322295,"[[25, 55], [45, 35]]",valence,0.37254901960784315,0.375,0.3725490196078431,45,0.5625,,55,0.6875,-0.25,1.2178620421549016,-0.25197631533948484,subject_dependent,soft_vote,0.35714285714285715,0.3888888888888889,0.4278341129716765,0.373015873015873,0.375,0.373015873015873,0.375,0.375,0.375,0.3434375,25,0.3125,35,0.4375,0.25,0.2
0.5625,0.5033333333333333,"{""rbf_svm"": {""clf__C"": 30.0, ""clf__class_weight"": ""balanced"", ""clf__gamma"": 0.0001}, ""logreg"": {""clf__C"": 1.0}, ""hgb"": {""clf__learning_rate"": 0.1, ""clf__max_depth"": 3, ""clf__max_iter"": 200}}",0.2744071887308054,"[[16, 44], [26, 74]]",valence,0.4963122863824429,0.5625,0.5419589854290341,26,0.26,,44,0.7333333333333333,0.007092198581560294,0.7784845127592648,0.0073353141355943586,subject_dependent,soft_vote,0.38095238095238093,0.6271186440677966,0.6907081010731557,0.5040355125100888,0.5625,0.5348062953995157,0.5033333333333333,0.5625,0.5625,0.5461666666666668,16,0.26666666666666666,74,0.74,0.5,0.3333333333333333
0.66875,0.6041666666666666,"{""rbf_svm"": {""clf__C"": 30.0, ""clf__class_weight"": ""balanced"", ""clf__gamma"": 0.00030000000000000003}, ""logreg"": {""clf__C"": 10.0}, ""hgb"": {""clf__learning_rate"": 0.1, ""clf__max_depth"": 3, ""clf__max_iter"": 200}}",0.21153022474814645,"[[19, 21], [32, 88]]",valence,0.5930706847737416,0.66875,0.6808148183694035,32,0.26666666666666666,,21,0.525,0.19083969465648853,0.6064709063043495,0.19358916396861742,subject_dependent,soft_vote,0.37254901960784315,0.8073394495412844,0.8641556180199805,0.5899442345745638,0.66875,0.6986418420579241,0.6041666666666666,0.66875,0.66875,0.671875,19,0.475,88,0.7333333333333333,0.875,0.7948717948717949
0.6375,0.44999999999999996,"{""rbf_svm"": {""clf__C"": 3.3333333333333335, ""clf__class_weight"": ""balanced"", ""clf__gamma"": 0.0001}, ""logreg"": {""clf__C"": 10.0}, ""hgb"": {""clf__learning_rate"": 0.1, ""clf__max_depth"": 5, ""clf__max_iter"": 400}}",0.24623314678197522,"[[3, 37], [21, 99]]",valence,0.43359375,0.6375,0.603515625,21,0.175,,37,0.925,-0.11538461538461542,0.7022879368333178,-0.12126781251816648,subject_dependent,soft_vote,0.125,0.7279411764705882,0.7604464670918525,0.4264705882352941,0.6375,0.5772058823529411,0.44999999999999996,0.6375,0.6375,0.4627083333333333,3,0.075,99,0.825,0.625,0.38461538461538464
0.55625,0.5458333333333334,"{""rbf_svm"": {""clf__C"": 30.0, ""clf__class_weight"": ""balanced"", ""clf__gamma"": 0.00030000000000000003}, ""logreg"": {""clf__C"": 10.0}, ""hgb"": {""clf__learning_rate"": 0.1, ""clf__max_depth"": 5, ""clf__max_iter"": 200}}",0.2738732572761128,"[[21, 19], [52, 68]]",valence,0.5143431234235389,0.55625,0.5856739771707067,52,0.43333333333333335,,19,0.475,0.07189542483660127,0.7791364756540948,0.07969131650045709,subject_dependent,soft_vote,0.2876712328767123,0.7816091954022989,0.7339782076677518,0.5346402141395056,0.55625,0.6581247047709022,0.5458333333333334,0.55625,0.55625,0.5535416666666666,21,0.525,68,0.5666666666666667,0.625,0.5636363636363637
0.65,0.65,"{""rbf_svm"": {""clf__C"": 10.0, ""clf__class_weight"": ""balanced"", ""clf__gamma"": 0.00030000000000000003}, ""logreg"": {""clf__C"": 10.0}, ""hgb"": {""clf__learning_rate"": 0.1, ""clf__max_depth"": 3, ""clf__max_iter"": 200}}",0.24419398153222147,"[[37, 43], [13, 67]]",valence,0.637246963562753,0.65,0.637246963562753,13,0.1625,,43,0.5375,0.30000000000000004,0.7126890199516558,0.32361593398235616,subject_dependent,soft_vote,0.74,0.6090909090909091,0.6232401038310791,0.6745454545454546,0.65,0.6745454545454546,0.65,0.65,0.65,0.6690625,37,0.4625,67,0.8375,0.75,0.7333333333333334
0.6375,0.4916666666666667,"{""rbf_svm"": {""clf__C"": 10.0, ""clf__class_weight"": ""balanced"", ""clf__gamma"": 0.0001}, ""logreg"": {""clf__C"": 10.0}, ""hgb"": {""clf__learning_rate"": 0.05, ""clf__max_depth"": 5, ""clf__max_iter"": 200}}",0.22790443367653906,"[[8, 32], [26, 94]]",valence,0.4902219292463195,0.6375,0.6272247857613712,26,0.21666666666666667,,32,0.8,-0.01754385964912286,0.6509124634168932,-0.017641870800832106,subject_dependent,soft_vote,0.23529411764705882,0.746031746031746,0.755887879744971,0.49066293183940246,0.6375,0.6183473389355741,0.4916666666666667,0.6375,0.6375,0.49604166666666666,8,0.2,94,0.7833333333333333,0.75,0.42857142857142855
0.6875,0.61,"{""rbf_svm"": {""clf__C"": 3.3333333333333335, ""clf__class_weight"": ""balanced"", ""clf__gamma"": 0.0001}, ""logreg"": {""clf__C"": 10.0}, ""hgb"": {""clf__learning_rate"": 0.05, ""clf__max_depth"": null, ""clf__max_iter"": 200}}",0.21175049039340438,"[[18, 42], [8, 92]]",valence,0.6024647187437885,0.6875,0.648429735639038,8,0.08,,42,0.7,0.24812030075187974,0.6181094035256766,0.288708275647054,subject_dependent,soft_vote,0.6923076923076923,0.6865671641791045,0.754524713547369,0.6894374282433984,0.6875,0.688719862227325,0.61,0.6875,0.6875,0.6805,18,0.3,92,0.92,0.75,0.6666666666666667
0.61875,0.6321428571428571,"{""rbf_svm"": {""clf__C"": 30.0, ""clf__class_weight"": null, ""clf__gamma"": 0.00030000000000000003}, ""logreg"": {""clf__C"": 1.0}, ""hgb"": {""clf__learning_rate"": 0.1, ""clf__max_depth"": null, ""clf__max_iter"": 200}}",0.2637348812219691,"[[86, 54], [7, 13]]",valence,0.5185239998026738,0.61875,0.6832790686201964,7,0.35,,54,0.38571428571428573,0.1316725978647687,0.779134971692318,0.17716332740990326,subject_dependent,soft_vote,0.9247311827956989,0.19402985074626866,0.17930927713700157,0.5593805167709838,0.61875,0.8333935162895202,0.6321428571428571,0.61875,0.61875,0.625,86,0.6142857142857143,13,0.65,0.75,0.6666666666666667
0.53125,0.53125,"{""rbf_svm"": {""clf__C"": 30.0, ""clf__class_weight"": null, ""clf__gamma"": 0.00030000000000000003}, ""logreg"": {""clf__C"": 10.0}, ""hgb"": {""clf__learning_rate"": 0.05, ""clf__max_depth"": 5, ""clf__max_iter"": 400}}",0.33943113206798053,"[[67, 13], [62, 18]]",valence,0.482736324841588,0.53125,0.482736324841588,62,0.775,,13,0.1625,0.0625,1.0532042436464955,0.07906682547518068,subject_dependent,soft_vote,0.5193798449612403,0.5806451612903226,0.5696955679861124,0.5500125031257814,0.53125,0.5500125031257814,0.53125,0.53125,0.53125,0.5621875000000001,67,0.8375,18,0.225,0.5,0.3333333333333333
0.5875,0.6166666666666667,"{""rbf_svm"": {""clf__C"": 3.3333333333333335, ""clf__class_weight"": ""balanced"", ""clf__gamma"": 0.0001}, ""logreg"": {""clf__C"": 0.1}, ""hgb"": {""clf__learning_rate"": 0.1, ""clf__max_depth"": 5, ""clf__max_iter"": 400}}",0.2654921680837437,"[[67, 53], [13, 27]]",valence,0.56,0.5875,0.615,13,0.325,,53,0.44166666666666665,0.17500000000000004,0.7408028826376587,0.20207259421636903,subject_dependent,soft_vote,0.8375,0.3375,0.34439457630824044,0.5875,0.5875,0.7125,0.6166666666666667,0.5875,0.5875,0.6375,67,0.5583333333333333,27,0.675,0.75,0.6666666666666667
0.45,0.44999999999999996,"{""rbf_svm"": {""clf__C"": 30.0, ""clf__class_weight"": ""balanced"", ""clf__gamma"": 0.00030000000000000003}, ""logreg"": {""clf__C"": 1.0}, ""hgb"": {""clf__learning_rate"": 0.1, ""clf__max_depth"": 3, ""clf__max_iter"": 200}}",0.3674652903200312,"[[53, 27], [61, 19]]",valence,0.4239895270823105,0.45,0.4239895270823105,61,0.7625,,27,0.3375,-0.10000000000000009,1.071048085104986,-0.1104736353332215,subject_dependent,soft_vote,0.4649122807017544,0.41304347826086957,0.49079442066842144,0.43897787948131195,0.45,0.438977879481312,0.44999999999999996,0.45,0.45,0.45921875,53,0.6625,19,0.2375,0.5,0.4666666666666667
0.575,0.4966666666666667,"{""rbf_svm"": {""clf__C"": 30.0, ""clf__class_weight"": ""balanced"", ""clf__gamma"": 0.00030000000000000003}, ""logreg"": {""clf__C"": 1.0}, ""hgb"": {""clf__learning_rate"": 0.1, ""clf__max_depth"": null, ""clf__max_iter"": 400}}",0.30161001172480734,"[[81, 19], [49, 11]]",valence,0.4743961352657005,0.575,0.5318840579710146,49,0.8166666666666667,,19,0.19,-0.007407407407407307,0.9168772482483201,-0.00826898230594723,subject_dependent,soft_vote,0.6230769230769231,0.36666666666666664,0.3726339696639055,0.4948717948717949,0.575,0.5269230769230769,0.4966666666666667,0.575,0.575,0.4626666666666666,81,0.81,11,0.18333333333333332,0.625,0.38461538461538464
0.6,0.6000000000000001,"{""rbf_svm"": {""clf__C"": 10.0, ""clf__class_weight"": ""balanced"", ""clf__gamma"": 0.00030000000000000003}, ""logreg"": {""clf__C"": 0.1}, ""hgb"": {""clf__learning_rate"": 0.05, ""clf__max_depth"": 3, ""clf__max_iter"": 200}}",0.2828365419416408,"[[32, 48], [16, 64]]",valence,0.5833333333333333,0.6,0.5833333333333333,16,0.2,,48,0.6,0.19999999999999996,0.8128647450976935,0.2182178902359924,subject_dependent,soft_vote,0.6666666666666666,0.5714285714285714,0.7369992902388764,0.6190476190476191,0.6,0.619047619047619,0.6000000000000001,0.6,0.6,0.67890625,32,0.4,64,0.8,0.5,0.4666666666666667
0.5875,0.6833333333333333,"{""rbf_svm"": {""clf__C"": 3.3333333333333335, ""clf__class_weight"": ""balanced"", ""clf__gamma"": 0.0001}, ""logreg"": {""clf__C"": 0.1}, ""hgb"": {""clf__learning_rate"": 0.1, ""clf__max_depth"": null, ""clf__max_iter"": 400}}",0.2726630204484602,"[[35, 5], [61, 59]]",valence,0.578005115089514,0.5875,0.6096547314578006,61,0.5083333333333333,,5,0.125,0.25,0.776589776611251,0.32409060804383427,subject_dependent,soft_vote,0.3645833333333333,0.921875,0.8988113239464098,0.6432291666666666,0.5875,0.7825520833333333,0.6833333333333333,0.5875,0.5875,0.71125,35,0.875,59,0.49166666666666664,0.625,0.6190476190476191
0.60625,0.6416666666666666,"{""rbf_svm"": {""clf__C"": 3.3333333333333335, ""clf__class_weight"": ""balanced"", ""clf__gamma"": 0.0001}, ""logreg"": {""clf__C"": 0.1}, ""hgb"": {""clf__learning_rate"": 0.05, ""clf__max_depth"": null, ""clf__max_iter"": 200}}",0.23085451482911004,"[[47, 13], [50, 50]]",valence,0.6061115235825094,0.60625,0.6079578758157165,50,0.5,,13,0.21666666666666667,0.2522255192878339,0.6488088367217031,0.28074831237620845,subject_dependent,soft_vote,0.4845360824742268,0.7936507936507936,0.8386601791259363,0.6390934380625102,0.60625,0.6777327769595811,0.6416666666666666,0.60625,0.60625,0.7051666666666666,47,0.7833333333333333,50,0.5,0.625,0.6190476190476191
0.5375,0.53,"{""rbf_svm"": {""clf__C"": 3.3333333333333335, ""clf__class_weight"": null, ""clf__gamma"": 0.0001}, ""logreg"": {""clf__C"": 0.1}, ""hgb"": {""clf__learning_rate"": 0.05, ""clf__max_depth"": 3, ""clf__max_iter"": 200}}",0.2757522465709846,"[[30, 30], [44, 56]]",valence,0.5249558658321297,0.5375,0.5442545337826994,44,0.44,,30,0.5,0.0573248407643312,0.7673067062762919,0.058258834232970964,subject_dependent,soft_vote,0.40540540540540543,0.6511627906976745,0.7565741266760466,0.52828409805154,0.5375,0.5590037712130735,0.53,0.5375,0.5375,0.5833333333333334,30,0.5,56,0.56,0.625,0.6190476190476191
0.70625,0.745,"{""rbf_svm"": {""clf__C"": 10.0, ""clf__class_weight"": ""balanced"", ""clf__gamma"": 0.0001}, ""logreg"": {""clf__C"": 0.1}, ""hgb"": {""clf__learning_rate"": 0.05, ""clf__max_depth"": null, ""clf__max_iter"": 200}}",0.1860105181291445,"[[54, 6], [41, 59]]",valence,0.7059628543499512,0.70625,0.7082600195503421,41,0.41,,6,0.1,0.4388059701492537,0.5514744823244244,0.4830067769283413,subject_dependent,soft_vote,0.5684210526315789,0.9076923076923077,0.9170131488893244,0.7380566801619433,0.70625,0.7804655870445345,0.745,0.70625,0.70625,0.8540000000000001,54,0.9,59,0.59,0.75,0.75
0.975,0.9766666666666666,"{""rbf_svm"": {""clf__C"": 3.3333333333333335, ""clf__class_weight"": ""balanced"", ""clf__gamma"": 0.00030000000000000003}, ""logreg"": {""clf__C"": 0.1}, ""hgb"": {""clf__learning_rate"": 0.05, ""clf__max_depth"": 5, ""clf__max_iter"": 200}}",0.0534138610109718,"[[59, 1], [3, 97]]",valence,0.973505547276039,0.975,0.9750786554065243,3,0.03,,1,0.016666666666666666,0.9470198675496688,0.22337028643428775,0.9473523156243439,subject_dependent,soft_vote,0.9516129032258065,0.9897959183673469,0.9984367103235716,0.9707044107965768,0.975,0.9754772876892692,0.9766666666666666,0.975,0.975,0.9973333333333333,59,0.9833333333333333,97,0.97,1.0,1.0
0.84375,0.8683333333333334,"{""rbf_svm"": {""clf__C"": 3.3333333333333335, ""clf__class_weight"": ""balanced"", ""clf__gamma"": 0.00030000000000000003}, ""logreg"": {""clf__C"": 0.1}, ""hgb"": {""clf__learning_rate"": 0.05, ""clf__max_depth"": 5, ""clf__max_iter"": 400}}",0.12030432337445122,"[[77, 23], [2, 58]]",valence,0.8415151154958596,0.84375,0.8462201355045762,2,0.03333333333333333,,23,0.23,0.6884735202492211,0.39149432169131276,0.7133301640226779,subject_dependent,soft_vote,0.9746835443037974,0.7160493827160493,0.9137377695530874,0.8453664635099234,0.84375,0.8776957337083919,0.8683333333333334,0.84375,0.84375,0.9475,77,0.77,58,0.9666666666666667,0.875,0.873015873015873
0.78125,0.7716666666666667,"{""rbf_svm"": {""clf__C"": 10.0, ""clf__class_weight"": ""balanced"", ""clf__gamma"": 0.0001}, ""logreg"": {""clf__C"": 0.1}, ""hgb"": {""clf__learning_rate"": 0.05, ""clf__max_depth"": null, ""clf__max_iter"": 200}}",0.1500682622225134,"[[81, 19], [16, 44]]",valence,0.7688910899261276,0.78125,0.7822520737897735,16,0.26666666666666666,,19,0.19,0.5379537953795379,0.4684513227766088,0.5383761754979056,subject_dependent,soft_vote,0.8350515463917526,0.6984126984126984,0.7581941302957763,0.7667321224022254,0.78125,0.7838119783996073,0.7716666666666667,0.78125,0.78125,0.8548333333333333,81,0.81,44,0.7333333333333333,0.875,0.873015873015873
0.75,0.75,"{""rbf_svm"": {""clf__C"": 3.3333333333333335, ""clf__class_weight"": null, ""clf__gamma"": 0.0001}, ""logreg"": {""clf__C"": 0.1}, ""hgb"": {""clf__learning_rate"": 0.1, ""clf__max_depth"": 5, ""clf__max_iter"": 400}}",0.18127114913293324,"[[79, 1], [39, 41]]",valence,0.7350554727603908,0.75,0.7350554727603908,39,0.4875,,1,0.0125,0.5,0.559959097322028,0.5681909897271361,subject_dependent,soft_vote,0.6694915254237288,0.9761904761904762,0.8913218172874795,0.8228410008071025,0.75,0.8228410008071025,0.75,0.75,0.75,0.8456249999999998,79,0.9875,41,0.5125,0.75,0.7333333333333334
0.7875,0.7875,"{""rbf_svm"": {""clf__C"": 3.3333333333333335, ""clf__class_weight"": ""balanced"", ""clf__gamma"": 0.00030000000000000003}, ""logreg"": {""clf__C"": 0.1}, ""hgb"": {""clf__learning_rate"": 0.05, ""clf__max_depth"": 5, ""clf__max_iter"": 200}}",0.17210372708319502,"[[66, 14], [20, 60]]",valence,0.7872007510561727,0.7875,0.7872007510561728,20,0.25,,14,0.175,0.575,0.5598204730317052,0.5766240421484852,subject_dependent,soft_vote,0.7674418604651163,0.8108108108108109,0.8538065669653662,0.7891263356379636,0.7875,0.7891263356379635,0.7875,0.7875,0.7875,0.796875,66,0.825,60,0.75,0.875,0.873015873015873
0.50625,0.50625,"{""rbf_svm"": {""clf__C"": 10.0, ""clf__class_weight"": ""balanced"", ""clf__gamma"": 0.0001}, ""logreg"": {""clf__C"": 10.0}, ""hgb"": {""clf__learning_rate"": 0.1, ""clf__max_depth"": 5, ""clf__max_iter"": 200}}",0.323845208114772,"[[52, 28], [51, 29]]",valence,0.49583183758126914,0.50625,0.49583183758126914,51,0.6375,,28,0.35,0.012499999999999956,0.9039101587942662,0.013051005112921494,subject_dependent,soft_vote,0.5048543689320388,0.5087719298245614,0.5014054648810374,0.5068131493783001,0.50625,0.5068131493783001,0.50625,0.50625,0.50625,0.4728125,52,0.65,29,0.3625,0.5,0.4666666666666667
0.49375,0.49375,"{""rbf_svm"": {""clf__C"": 30.0, ""clf__class_weight"": ""balanced"", ""clf__gamma"": 0.00030000000000000003}, ""logreg"": {""clf__C"": 1.0}, ""hgb"": {""clf__learning_rate"": 0.1, ""clf__max_depth"": 5, ""clf__max_iter"": 400}}",0.32398636235393646,"[[22, 58], [23, 57]]",valence,0.4683076923076923,0.49375,0.4683076923076923,23,0.2875,,58,0.725,-0.012499999999999956,0.944408325221765,-0.013900960937138319,subject_dependent,soft_vote,0.4888888888888889,0.4956521739130435,0.5120458002269225,0.4922705314009662,0.49375,0.49227053140096616,0.49375,0.49375,0.49375,0.52234375,22,0.275,57,0.7125,0.5,0.4666666666666667
0.5875,0.5566666666666666,"{""rbf_svm"": {""clf__C"": 30.0, ""clf__class_weight"": ""balanced"", ""clf__gamma"": 0.0001}, ""logreg"": {""clf__C"": 10.0}, ""hgb"": {""clf__learning_rate"": 0.1, ""clf__max_depth"": 5, ""clf__max_iter"": 200}}",0.2512125533402436,"[[26, 34], [32, 68]]",valence,0.5569726464171841,0.5875,0.5860463164960563,32,0.32,,34,0.5666666666666667,0.11409395973154357,0.7050450391157486,0.11413509505569111,subject_dependent,soft_vote,0.4482758620689655,0.6666666666666666,0.7659895331271058,0.5574712643678161,0.5875,0.5847701149425287,0.5566666666666666,0.5875,0.5875,0.6363333333333333,26,0.43333333333333335,68,0.68,0.625,0.5636363636363637
0.5125,0.5266666666666666,"{""rbf_svm"": {""clf__C"": 30.0, ""clf__class_weight"": ""balanced"", ""clf__gamma"": 0.00030000000000000003}, ""logreg"": {""clf__C"": 10.0}, ""hgb"": {""clf__learning_rate"": 0.05, ""clf__max_depth"": 3, ""clf__max_iter"": 400}}",0.2867402196981173,"[[47, 53], [25, 35]]",valence,0.5097423004399748,0.5125,0.5189346323067253,25,0.4166666666666667,,53,0.53,0.04878048780487809,0.8002898138170338,0.0518999296107682,subject_dependent,soft_vote,0.6527777777777778,0.3977272727272727,0.4330338429565704,0.5252525252525253,0.5125,0.5571338383838385,0.5266666666666666,0.5125,0.5125,0.5606666666666666,47,0.47,35,0.5833333333333334,0.5,0.5
0.5,0.5333333333333333,"{""rbf_svm"": {""clf__C"": 3.3333333333333335, ""clf__class_weight"": null, ""clf__gamma"": 0.00030000000000000003}, ""logreg"": {""clf__C"": 0.1}, ""hgb"": {""clf__learning_rate"": 0.05, ""clf__max_depth"": 3, ""clf__max_iter"": 200}}",0.3265588055252824,"[[40, 20], [60, 40]]",valence,0.5,0.5,0.5,60,0.6,,20,0.3333333333333333,0.05882352941176472,0.9083329067156125,0.06666666666666667,subject_dependent,soft_vote,0.4,0.6666666666666666,0.6734570507057838,0.5333333333333333,0.5,0.5666666666666667,0.5333333333333333,0.5,0.5,0.49016666666666664,40,0.6666666666666666,40,0.4,0.625,0.6190476190476191
0.55,0.5071428571428571,"{""rbf_svm"": {""clf__C"": 3.3333333333333335, ""clf__class_weight"": ""balanced"", ""clf__gamma"": 0.00030000000000000003}, ""logreg"": {""clf__C"": 0.1}, ""hgb"": {""clf__learning_rate"": 0.05, ""clf__max_depth"": null, ""clf__max_iter"": 200}}",0.2807538582903517,"[[9, 11], [61, 79]]",valence,0.4434782608695652,0.55,0.6260869565217392,61,0.4357142857142857,,11,0.55,0.006896551724137945,0.7716630236860258,0.009523809523809525,subject_dependent,soft_vote,0.12857142857142856,0.8777777777777778,0.8777648608726809,0.5031746031746032,0.55,0.7841269841269841,0.5071428571428571,0.55,0.55,0.4953571428571429,9,0.45,79,0.5642857142857143,0.375,0.2727272727272727
0.5,0.48000000000000004,"{""rbf_svm"": {""clf__C"": 3.3333333333333335, ""clf__class_weight"": ""balanced"", ""clf__gamma"": 0.0001}, ""logreg"": {""clf__C"": 1.0}, ""hgb"": {""clf__learning_rate"": 0.05, ""clf__max_depth"": 3, ""clf__max_iter"": 400}}",0.29930193777075176,"[[24, 36], [44, 56]]",valence,0.4791666666666667,0.5,0.5052083333333334,44,0.44,,36,0.6,-0.03896103896103886,0.8141246258485619,-0.03917303733717809,subject_dependent,soft_vote,0.35294117647058826,0.6086956521739131,0.7116679739511571,0.4808184143222507,0.5,0.5127877237851663,0.48000000000000004,0.5,0.5,0.49883333333333335,24,0.4,56,0.56,0.5,0.4666666666666667
0.48125,0.6821428571428572,"{""rbf_svm"": {""clf__C"": 30.0, ""clf__class_weight"": null, ""clf__gamma"": 0.00030000000000000003}, ""logreg"": {""clf__C"": 10.0}, ""hgb"": {""clf__learning_rate"": 0.1, ""clf__max_depth"": 5, ""clf__max_iter"": 400}}",0.38213544631544993,"[[58, 82], [1, 19]]",valence,0.4484820798205905,0.48125,0.5493064496033888,1,0.05,,82,0.5857142857142857,0.13315926892950392,1.1354409705607822,0.24970915404983193,subject_dependent,soft_vote,0.9830508474576272,0.18811881188118812,0.21770299228653014,0.5855848296694076,0.48125,0.8836843430105722,0.6821428571428572,0.48125,0.48125,0.7353571428571428,58,0.4142857142857143,19,0.95,0.625,0.5636363636363637
0.58125,0.575,"{""rbf_svm"": {""clf__C"": 30.0, ""clf__class_weight"": ""balanced"", ""clf__gamma"": 0.00030000000000000003}, ""logreg"": {""clf__C"": 0.1}, ""hgb"": {""clf__learning_rate"": 0.1, ""clf__max_depth"": null, ""clf__max_iter"": 200}}",0.28426813508103754,"[[60, 40], [27, 33]]",valence,0.5689759157251417,0.58125,0.5871597442804873,27,0.45,,40,0.4,0.1437699680511182,0.8223552339672631,0.14579607347302312,subject_dependent,soft_vote,0.6896551724137931,0.4520547945205479,0.46993080584768365,0.5708549834671706,0.58125,0.6005550307038262,0.575,0.58125,0.58125,0.5848333333333334,60,0.6,33,0.55,0.75,0.7333333333333334
0.6375,0.6233333333333333,"{""rbf_svm"": {""clf__C"": 3.3333333333333335, ""clf__class_weight"": ""balanced"", ""clf__gamma"": 0.00030000000000000003}, ""logreg"": {""clf__C"": 1.0}, ""hgb"": {""clf__learning_rate"": 0.05, ""clf__max_depth"": 3, ""clf__max_iter"": 200}}",0.2388288776241801,"[[68, 32], [26, 34]]",valence,0.6203567337587956,0.6375,0.6405252822778595,26,0.43333333333333335,,32,0.32,0.24183006535947715,0.6832914110331918,0.2425773211083368,subject_dependent,soft_vote,0.723404255319149,0.5151515151515151,0.4964432119356672,0.619277885235332,0.6375,0.6453094777562863,0.6233333333333333,0.6375,0.6375,0.6316666666666667,68,0.68,34,0.5666666666666667,0.875,0.8545454545454545
0.5875,0.5874999999999999,"{""rbf_svm"": {""clf__C"": 30.0, ""clf__class_weight"": ""balanced"", ""clf__gamma"": 0.00030000000000000003}, ""logreg"": {""clf__C"": 1.0}, ""hgb"": {""clf__learning_rate"": 0.05, ""clf__max_depth"": 5, ""clf__max_iter"": 200}}",0.2572711414764518,"[[53, 27], [39, 41]]",valence,0.585166561910748,0.5875,0.585166561910748,39,0.4875,,27,0.3375,0.17500000000000004,0.7409456939753916,0.17700260809846077,subject_dependent,soft_vote,0.5760869565217391,0.6029411764705882,0.6656854335724429,0.5895140664961637,0.5875,0.5895140664961638,0.5874999999999999,0.5875,0.5875,0.6332812499999999,53,0.6625,41,0.5125,0.625,0.6190476190476191
0.575,0.575,"{""rbf_svm"": {""clf__C"": 30.0, ""clf__class_weight"": ""balanced"", ""clf__gamma"": 0.00030000000000000003}, ""logreg"": {""clf__C"": 1.0}, ""hgb"": {""clf__learning_rate"": 0.1, ""clf__max_depth"": 3, ""clf__max_iter"": 400}}",0.25242023764787486,"[[52, 28], [40, 40]]",valence,0.5725958516656191,0.575,0.5725958516656191,40,0.5,,28,0.35,0.15000000000000002,0.723254948960281,0.1517165212272521,subject_dependent,soft_vote,0.5652173913043478,0.5882352941176471,0.6499762204521028,0.5767263427109974,0.575,0.5767263427109974,0.575,0.575,0.575,0.639375,52,0.65,40,0.5,0.625,0.6190476190476191
0.44375,0.46166666666666667,"{""rbf_svm"": {""clf__C"": 30.0, ""clf__class_weight"": ""balanced"", ""clf__gamma"": 0.00030000000000000003}, ""logreg"": {""clf__C"": 1.0}, ""hgb"": {""clf__learning_rate"": 0.05, ""clf__max_depth"": 3, ""clf__max_iter"": 200}}",0.3390286695061954,"[[32, 28], [61, 39]]",valence,0.44268326092912214,0.44375,0.44877891276270987,61,0.61,,28,0.4666666666666667,-0.06906906906906918,0.9385564440834486,-0.0752321253163347,subject_dependent,soft_vote,0.34408602150537637,0.582089552238806,0.5789792060069614,0.4630877868720912,0.44375,0.4928382282137699,0.46166666666666667,0.44375,0.44375,0.46583333333333327,32,0.5333333333333333,39,0.39,0.375,0.36507936507936506
0.61875,0.6116666666666667,"{""rbf_svm"": {""clf__C"": 30.0, ""clf__class_weight"": ""balanced"", ""clf__gamma"": 0.0001}, ""logreg"": {""clf__C"": 1.0}, ""hgb"": {""clf__learning_rate"": 0.1, ""clf__max_depth"": 5, ""clf__max_iter"": 200}}",0.24069929824868458,"[[64, 36], [25, 35]]",valence,0.6057999111434226,0.61875,0.6236621026697362,25,0.4166666666666667,,36,0.36,0.21543408360128613,0.6950913911132178,0.21762310152327874,subject_dependent,soft_vote,0.7191011235955056,0.49295774647887325,0.5170786578939552,0.6060294350371894,0.61875,0.6342973571767685,0.6116666666666667,0.61875,0.61875,0.651,64,0.64,35,0.5833333333333334,0.75,0.7333333333333334
0.625,0.63,"{""rbf_svm"": {""clf__C"": 30.0, ""clf__class_weight"": ""balanced"", ""clf__gamma"": 0.0001}, ""logreg"": {""clf__C"": 1.0}, ""hgb"": {""clf__learning_rate"": 0.1, ""clf__max_depth"": 5, ""clf__max_iter"": 400}}",0.21194132460093176,"[[61, 39], [21, 39]]",valence,0.617773530817009,0.625,0.6309125656951743,21,0.35,,39,0.39,0.24528301886792447,0.6052571538770037,0.25182262437346936,subject_dependent,soft_vote,0.7439024390243902,0.5,0.6555098612847394,0.6219512195121951,0.625,0.6524390243902439,0.63,0.625,0.625,0.7371666666666666,61,0.61,39,0.65,0.75,0.7333333333333334
0.575,0.7083333333333333,"{""rbf_svm"": {""clf__C"": 30.0, ""clf__class_weight"": null, ""clf__gamma"": 0.0001}, ""logreg"": {""clf__C"": 0.1}, ""hgb"": {""clf__learning_rate"": 0.05, ""clf__max_depth"": null, ""clf__max_iter"": 400}}",0.2731367314309435,"[[53, 67], [1, 39]]",valence,0.5717209888206582,0.575,0.5904581955597544,1,0.025,,67,0.5583333333333333,0.26881720430107525,0.7688941900657442,0.3815571220796917,subject_dependent,soft_vote,0.9814814814814815,0.36792452830188677,0.8664272536447231,0.6747030048916841,0.575,0.8280922431865829,0.7083333333333333,0.575,0.575,0.9475,53,0.44166666666666665,39,0.975,0.5,0.5
0.78125,0.78125,"{""rbf_svm"": {""clf__C"": 10.0, ""clf__class_weight"": null, ""clf__gamma"": 0.00030000000000000003}, ""logreg"": {""clf__C"": 0.1}, ""hgb"": {""clf__learning_rate"": 0.05, ""clf__max_depth"": null, ""clf__max_iter"": 200}}",0.14269457961221435,"[[62, 18], [17, 63]]",valence,0.781241454744326,0.78125,0.7812414547443259,17,0.2125,,18,0.225,0.5625,0.4384656323750047,0.562543950463012,subject_dependent,soft_vote,0.7848101265822784,0.7777777777777778,0.9022000292281703,0.7812939521800282,0.78125,0.7812939521800282,0.78125,0.78125,0.78125,0.87390625,62,0.775,63,0.7875,1.0,1.0
0.7625,0.73,"{""rbf_svm"": {""clf__C"": 10.0, ""clf__class_weight"": ""balanced"", ""clf__gamma"": 0.00030000000000000003}, ""logreg"": {""clf__C"": 1.0}, ""hgb"": {""clf__learning_rate"": 0.05, ""clf__max_depth"": 5, ""clf__max_iter"": 200}}",0.18497372964321873,"[[36, 24], [14, 86]]",valence,0.7367965367965368,0.7625,0.7573593073593073,14,0.14,,24,0.4,0.4758620689655172,0.6071529395894146,0.48045433043772606,subject_dependent,soft_vote,0.72,0.7818181818181819,0.8263189256867363,0.750909090909091,0.7625,0.7586363636363636,0.73,0.7625,0.7625,0.7703333333333333,36,0.6,86,0.86,0.875,0.8545454545454545
0.6375,0.575,"{""rbf_svm"": {""clf__C"": 30.0, ""clf__class_weight"": ""balanced"", ""clf__gamma"": 0.00030000000000000003}, ""logreg"": {""clf__C"": 0.1}, ""hgb"": {""clf__learning_rate"": 0.1, ""clf__max_depth"": 3, ""clf__max_iter"": 400}}",0.2264915424381179,"[[84, 36], [22, 18]]",valence,0.5631707776313313,0.6375,0.6532668047448691,22,0.55,,36,0.3,0.13432835820895528,0.6399044309413051,0.13736056394868904,subject_dependent,soft_vote,0.7924528301886793,0.3333333333333333,0.5017963356337447,0.5628930817610063,0.6375,0.6776729559748428,0.575,0.6375,0.6375,0.6512500000000001,84,0.7,18,0.45,0.75,0.6666666666666667
0.81875,0.8216666666666668,"{""rbf_svm"": {""clf__C"": 10.0, ""clf__class_weight"": ""balanced"", ""clf__gamma"": 0.00030000000000000003}, ""logreg"": {""clf__C"": 0.1}, ""hgb"": {""clf__learning_rate"": 0.05, ""clf__max_depth"": 5, ""clf__max_iter"": 400}}",0.12451419311471859,"[[81, 19], [10, 50]]",valence,0.811680668858314,0.81875,0.8208023864604895,10,0.16666666666666666,,19,0.19,0.6245954692556634,0.3985151619009848,0.6288780519172666,subject_dependent,soft_vote,0.8901098901098901,0.7246376811594203,0.9110976930312223,0.8073737856346552,0.81875,0.8280578117534638,0.8216666666666668,0.81875,0.81875,0.9166666666666667,81,0.81,50,0.8333333333333334,1.0,1.0
0.6,0.6366666666666667,"{""rbf_svm"": {""clf__C"": 30.0, ""clf__class_weight"": ""balanced"", ""clf__gamma"": 0.00030000000000000003}, ""logreg"": {""clf__C"": 0.1}, ""hgb"": {""clf__learning_rate"": 0.05, ""clf__max_depth"": null, ""clf__max_iter"": 200}}",0.2763690988945783,"[[49, 51], [13, 47]]",valence,0.5999374902328489,0.6,0.6011876855758713,13,0.21666666666666667,,51,0.51,0.242603550295858,0.8368426984034691,0.27161849608809857,subject_dependent,soft_vote,0.7903225806451613,0.47959183673469385,0.5110499770496849,0.6349572086899276,0.6,0.6737985516787359,0.6366666666666667,0.6,0.6,0.6846666666666668,49,0.49,47,0.7833333333333333,0.75,0.75
0.75625,0.7458333333333333,"{""rbf_svm"": {""clf__C"": 30.0, ""clf__class_weight"": ""balanced"", ""clf__gamma"": 0.00030000000000000003}, ""logreg"": {""clf__C"": 0.1}, ""hgb"": {""clf__learning_rate"": 0.05, ""clf__max_depth"": null, ""clf__max_iter"": 400}}",0.17402012850401818,"[[92, 28], [11, 29]]",valence,0.7115251259766077,0.75625,0.768318616799963,11,0.275,,28,0.23333333333333334,0.43065693430656937,0.5255712807361246,0.444565077593284,subject_dependent,soft_vote,0.8932038834951457,0.5087719298245614,0.5046483212753158,0.7009879066598536,0.75625,0.7970958950774996,0.7458333333333333,0.75625,0.75625,0.796875,92,0.7666666666666667,29,0.725,0.875,0.7948717948717949
0.7,0.5333333333333333,"{""rbf_svm"": {""clf__C"": 10.0, ""clf__class_weight"": ""balanced"", ""clf__gamma"": 0.0001}, ""logreg"": {""clf__C"": 0.1}, ""hgb"": {""clf__learning_rate"": 0.05, ""clf__max_depth"": 3, ""clf__max_iter"": 200}}",0.2223269982936892,"[[104, 16], [32, 8]]",valence,0.53125,0.7,0.671875,32,0.8,,16,0.13333333333333333,0.07692307692307687,0.6887292076080207,0.08084520834544433,subject_dependent,soft_vote,0.7647058823529411,0.3333333333333333,0.3036596976774456,0.5490196078431372,0.7,0.6568627450980391,0.5333333333333333,0.7,0.7,0.5989583333333333,104,0.8666666666666667,8,0.2,0.75,0.42857142857142855
0.74375,0.7208333333333334,"{""rbf_svm"": {""clf__C"": 30.0, ""clf__class_weight"": null, ""clf__gamma"": 0.00030000000000000003}, ""logreg"": {""clf__C"": 0.1}, ""hgb"": {""clf__learning_rate"": 0.1, ""clf__max_depth"": 5, ""clf__max_iter"": 400}}",0.16617513758144806,"[[92, 28], [13, 27]]",valence,0.6930994152046783,0.74375,0.7554385964912281,13,0.325,,28,0.23333333333333334,0.3925925925925926,0.5125482083852795,0.40266070349072075,subject_dependent,soft_vote,0.8761904761904762,0.4909090909090909,0.6063920465614838,0.6835497835497836,0.74375,0.7798701298701298,0.7208333333333334,0.74375,0.74375,0.8177083333333334,92,0.7666666666666667,27,0.675,0.875,0.8545454545454545
0.58125,0.58125,"{""rbf_svm"": {""clf__C"": 10.0, ""clf__class_weight"": ""balanced"", ""clf__gamma"": 0.00030000000000000003}, ""logreg"": {""clf__C"": 0.1}, ""hgb"": {""clf__learning_rate"": 0.1, ""clf__max_depth"": null, ""clf__max_iter"": 400}}",0.3132690901042167,"[[48, 32], [35, 45]]",valence,0.581102731429018,0.58125,0.581102731429018,35,0.4375,,32,0.4,0.16249999999999998,0.9925968012726866,0.1626143784601789,subject_dependent,soft_vote,0.5783132530120482,0.5844155844155844,0.5982875786190103,0.5813644187138163,0.58125,0.5813644187138163,0.58125,0.58125,0.58125,0.60484375,48,0.6,45,0.5625,0.625,0.6190476190476191
0.4,0.3466666666666667,"{""rbf_svm"": {""clf__C"": 3.3333333333333335, ""clf__class_weight"": ""balanced"", ""clf__gamma"": 0.0001}, ""logreg"": {""clf__C"": 0.1}, ""hgb"": {""clf__learning_rate"": 0.05, ""clf__max_depth"": 3, ""clf__max_iter"": 400}}",0.3906971193965829,"[[56, 44], [52, 8]]",valence,0.34065934065934067,0.4,0.3901098901098901,52,0.8666666666666667,,44,0.44,-0.31506849315068486,1.161482483630056,-0.3169776550613105,subject_dependent,soft_vote,0.5185185185185185,0.15384615384615385,0.2768985163213671,0.33618233618233617,0.4,0.3817663817663818,0.3466666666666667,0.4,0.4,0.31083333333333335,56,0.56,8,0.13333333333333333,0.375,0.2727272727272727
0.425,0.42666666666666664,"{""rbf_svm"": {""clf__C"": 30.0, ""clf__class_weight"": ""balanced"", ""clf__gamma"": 0.00030000000000000003}, ""logreg"": {""clf__C"": 1.0}, ""hgb"": {""clf__learning_rate"": 0.05, ""clf__max_depth"": 5, ""clf__max_iter"": 200}}",0.38784356143529647,"[[42, 58], [34, 26]]",valence,0.4191919191919192,0.425,0.4337121212121212,34,0.5666666666666667,,58,0.58,-0.1358024691358024,1.3219922324273798,-0.14218723462707156,subject_dependent,soft_vote,0.5526315789473685,0.30952380952380953,0.43519572977018284,0.431077694235589,0.425,0.46146616541353386,0.42666666666666664,0.425,0.425,0.4163333333333334,42,0.42,26,0.43333333333333335,0.375,0.36507936507936506
0.5375,0.5566666666666666,"{""rbf_svm"": {""clf__C"": 3.3333333333333335, ""clf__class_weight"": ""balanced"", ""clf__gamma"": 0.0001}, ""logreg"": {""clf__C"": 0.1}, ""hgb"": {""clf__learning_rate"": 0.1, ""clf__max_depth"": null, ""clf__max_iter"": 400}}",0.2509576562238944,"[[48, 52], [22, 38]]",valence,0.5356862745098039,0.5375,0.5429411764705883,22,0.36666666666666664,,52,0.52,0.10303030303030303,0.6870244963001928,0.11060200826750043,subject_dependent,soft_vote,0.6857142857142857,0.4222222222222222,0.7094685256965286,0.553968253968254,0.5375,0.5869047619047618,0.5566666666666666,0.5375,0.5375,0.6948333333333333,48,0.48,38,0.6333333333333333,0.5,0.5
0.4875,0.48750000000000004,"{""rbf_svm"": {""clf__C"": 30.0, ""clf__class_weight"": ""balanced"", ""clf__gamma"": 0.00030000000000000003}, ""logreg"": {""clf__C"": 0.1}, ""hgb"": {""clf__learning_rate"": 0.1, ""clf__max_depth"": 5, ""clf__max_iter"": 400}}",0.3748772061206659,"[[31, 49], [33, 47]]",valence,0.4823232323232323,0.4875,0.4823232323232324,33,0.4125,,49,0.6125,-0.02499999999999991,1.3286621826692016,-0.02551551815399144,subject_dependent,soft_vote,0.484375,0.4895833333333333,0.5743276325616775,0.48697916666666663,0.4875,0.48697916666666663,0.48750000000000004,0.4875,0.4875,0.50015625,31,0.3875,47,0.5875,0.375,0.36507936507936506
0.53125,0.53125,"{""rbf_svm"": {""clf__C"": 3.3333333333333335, ""clf__class_weight"": ""balanced"", ""clf__gamma"": 0.0001}, ""logreg"": {""clf__C"": 10.0}, ""hgb"": {""clf__learning_rate"": 0.1, ""clf__max_depth"": 5, ""clf__max_iter"": 400}}",0.2936400741784536,"[[47, 33], [42, 38]]",valence,0.5297621380148125,0.53125,0.5297621380148124,42,0.525,,33,0.4125,0.0625,0.8240004722088564,0.06289930208579585,subject_dependent,soft_vote,0.5280898876404494,0.5352112676056338,0.6579780864053545,0.5316505776230416,0.53125,0.5316505776230416,0.53125,0.53125,0.53125,0.584375,47,0.5875,38,0.475,0.625,0.6190476190476191
0.38125,0.38125,"{""rbf_svm"": {""clf__C"": 10.0, ""clf__class_weight"": ""balanced"", ""clf__gamma"": 0.00030000000000000003}, ""logreg"": {""clf__C"": 0.1}, ""hgb"": {""clf__learning_rate"": 0.1, ""clf__max_depth"": 5, ""clf__max_iter"": 200}}",0.3552000620526859,"[[25, 55], [44, 36]]",valence,0.3783115506888025,0.38125,0.3783115506888025,44,0.55,,55,0.6875,-0.23750000000000004,0.9544199434944035,-0.2397774622567244,subject_dependent,soft_vote,0.36231884057971014,0.3956043956043956,0.4494413435815646,0.37896161809205287,0.38125,0.37896161809205287,0.38125,0.38125,0.38125,0.38515625000000003,25,0.3125,36,0.45,0.375,0.36507936507936506
0.575,0.5733333333333333,"{""rbf_svm"": {""clf__C"": 10.0, ""clf__class_weight"": ""balanced"", ""clf__gamma"": 0.0001}, ""logreg"": {""clf__C"": 10.0}, ""hgb"": {""clf__learning_rate"": 0.1, ""clf__max_depth"": null, ""clf__max_iter"": 200}}",0.2646541124504284,"[[34, 26], [42, 58]]",valence,0.5652173913043479,0.575,0.5815217391304348,42,0.42,,26,0.43333333333333335,0.1392405063291139,0.7340624881382068,0.14218723462707156,subject_dependent,soft_vote,0.4473684210526316,0.6904761904761905,0.6698788691340971,0.568922305764411,0.575,0.5993107769423559,0.5733333333333333,0.575,0.575,0.5953333333333333,34,0.5666666666666667,58,0.58,0.75,0.75
0.4125,0.39166666666666666,"{""rbf_svm"": {""clf__C"": 3.3333333333333335, ""clf__class_weight"": ""balanced"", ""clf__gamma"": 0.0001}, ""logreg"": {""clf__C"": 1.0}, ""hgb"": {""clf__learning_rate"": 0.1, ""clf__max_depth"": 3, ""clf__max_iter"": 200}}",0.3410193325995364,"[[14, 26], [68, 52]]",valence,0.3773803609869184,0.4125,0.4513164431197218,68,0.5666666666666667,,26,0.65,-0.16049382716049387,0.9152666421860791,-0.18769750212382433,subject_dependent,soft_vote,0.17073170731707318,0.6666666666666666,0.6584742319000123,0.4186991869918699,0.4125,0.5426829268292683,0.39166666666666666,0.4125,0.4125,0.3447916666666667,14,0.35,52,0.43333333333333335,0.25,0.2
0.34375,0.3916666666666667,"{""rbf_svm"": {""clf__C"": 3.3333333333333335, ""clf__class_weight"": ""balanced"", ""clf__gamma"": 0.0001}, ""logreg"": {""clf__C"": 0.1}, ""hgb"": {""clf__learning_rate"": 0.05, ""clf__max_depth"": 5, ""clf__max_iter"": 400}}",0.38448590615220535,"[[35, 25], [80, 20]]",valence,0.33793103448275863,0.34375,0.32241379310344825,80,0.8,,25,0.4166666666666667,-0.18309859154929575,1.0180734725478424,-0.23329882422520506,subject_dependent,soft_vote,0.30434782608695654,0.4444444444444444,0.5424188746811405,0.3743961352657005,0.34375,0.39190821256038644,0.3916666666666667,0.34375,0.34375,0.417,35,0.5833333333333334,20,0.2,0.25,0.2
0.5875,0.5633333333333334,"{""rbf_svm"": {""clf__C"": 3.3333333333333335, ""clf__class_weight"": ""balanced"", ""clf__gamma"": 0.00030000000000000003}, ""logreg"": {""clf__C"": 0.1}, ""hgb"": {""clf__learning_rate"": 0.05, ""clf__max_depth"": null, ""clf__max_iter"": 400}}",0.2598757020083523,"[[28, 32], [34, 66]]",valence,0.5628415300546448,0.5875,0.5887978142076502,34,0.34,,32,0.5333333333333333,0.1258278145695364,0.7319624198819124,0.1258719859920457,subject_dependent,soft_vote,0.45161290322580644,0.673469387755102,0.6440837112843372,0.5625411454904542,0.5875,0.5902732060566162,0.5633333333333334,0.5875,0.5875,0.5676666666666668,28,0.4666666666666667,66,0.66,0.625,0.5636363636363637
0.81875,0.7541666666666667,"{""rbf_svm"": {""clf__C"": 10.0, ""clf__class_weight"": null, ""clf__gamma"": 0.0001}, ""logreg"": {""clf__C"": 0.1}, ""hgb"": {""clf__learning_rate"": 0.05, ""clf__max_depth"": null, ""clf__max_iter"": 200}}",0.13538575604781758,"[[25, 15], [14, 106]]",valence,0.7562897210987972,0.81875,0.8179788854456641,14,0.11666666666666667,,15,0.375,0.5126050420168067,0.4166664341398548,0.5126774540869542,subject_dependent,soft_vote,0.6410256410256411,0.8760330578512396,0.9496104912665138,0.7585293494384404,0.81875,0.81728120364484,0.7541666666666667,0.81875,0.81875,0.854375,25,0.625,106,0.8833333333333333,1.0,1.0
0.65625,0.665,"{""rbf_svm"": {""clf__C"": 3.3333333333333335, ""clf__class_weight"": ""balanced"", ""clf__gamma"": 0.00030000000000000003}, ""logreg"": {""clf__C"": 0.1}, ""hgb"": {""clf__learning_rate"": 0.1, ""clf__max_depth"": null, ""clf__max_iter"": 200}}",0.2712413909550203,"[[63, 37], [18, 42]]",valence,0.6502245717238364,0.65625,0.6617015779641481,18,0.3,,37,0.37,0.31034482758620685,0.9575779375677446,0.31954609157576974,subject_dependent,soft_vote,0.7777777777777778,0.5316455696202531,0.44212987953895255,0.6547116736990155,0.65625,0.685478199718706,0.665,0.65625,0.65625,0.661,63,0.63,42,0.7,0.75,0.75
0.6625,0.6033333333333333,"{""rbf_svm"": {""clf__C"": 3.3333333333333335, ""clf__class_weight"": null, ""clf__gamma"": 0.0001}, ""logreg"": {""clf__C"": 0.1}, ""hgb"": {""clf__learning_rate"": 0.05, ""clf__max_depth"": null, ""clf__max_iter"": 200}}",0.22896615391029096,"[[22, 38], [16, 84]]",valence,0.6028681742967458,0.6625,0.6413403199117484,16,0.16,,38,0.6333333333333333,0.2230215827338129,0.6795385653197984,0.2351117566340824,subject_dependent,soft_vote,0.5789473684210527,0.6885245901639344,0.768591893249959,0.6337359792924935,0.6625,0.6474331320103538,0.6033333333333333,0.6625,0.6625,0.6778333333333333,22,0.36666666666666664,84,0.84,0.75,0.6666666666666667
0.80625,0.8083333333333333,"{""rbf_svm"": {""clf__C"": 3.3333333333333335, ""clf__class_weight"": ""balanced"", ""clf__gamma"": 0.00030000000000000003}, ""logreg"": {""clf__C"": 0.1}, ""hgb"": {""clf__learning_rate"": 0.05, ""clf__max_depth"": 3, ""clf__max_iter"": 200}}",0.13373709530454397,"[[49, 11], [20, 80]]",valence,0.7986931287795771,0.80625,0.8084439303543164,20,0.2,,11,0.18333333333333332,0.598705501618123,0.41767179434320933,0.6028105678999707,subject_dependent,soft_vote,0.7101449275362319,0.8791208791208791,0.9404913989437871,0.7946329033285555,0.80625,0.8157548972766364,0.8083333333333333,0.80625,0.80625,0.8966666666666666,49,0.8166666666666667,80,0.8,1.0,1.0
0.675,0.6416666666666666,"{""rbf_svm"": {""clf__C"": 10.0, ""clf__class_weight"": ""balanced"", ""clf__gamma"": 0.0001}, ""logreg"": {""clf__C"": 1.0}, ""hgb"": {""clf__learning_rate"": 0.05, ""clf__max_depth"": 3, ""clf__max_iter"": 200}}",0.20189209728874866,"[[23, 17], [35, 85]]",valence,0.6175767604339033,0.675,0.6916712630998345,35,0.2916666666666667,,17,0.425,0.24637681159420288,0.5827103319608964,0.25521383116292545,subject_dependent,soft_vote,0.39655172413793105,0.8333333333333334,0.8847378872944527,0.6149425287356323,0.675,0.7241379310344828,0.6416666666666666,0.675,0.675,0.7147916666666666,23,0.575,85,0.7083333333333334,0.875,0.8545454545454545
0.6125,0.6125,"{""rbf_svm"": {""clf__C"": 3.3333333333333335, ""clf__class_weight"": ""balanced"", ""clf__gamma"": 0.0001}, ""logreg"": {""clf__C"": 10.0}, ""hgb"": {""clf__learning_rate"": 0.05, ""clf__max_depth"": 5, ""clf__max_iter"": 200}}",0.22724350729945178,"[[46, 34], [28, 52]]",valence,0.6119543107494915,0.6125,0.6119543107494915,28,0.35,,34,0.425,0.22499999999999998,0.6453160252897507,0.22563549475375508,subject_dependent,soft_vote,0.6216216216216216,0.6046511627906976,0.7144646698323109,0.6131363922061597,0.6125,0.6131363922061597,0.6125,0.6125,0.6125,0.6851562499999999,46,0.575,52,0.65,0.75,0.75
0.6,0.6133333333333333,"{""rbf_svm"": {""clf__C"": 3.3333333333333335, ""clf__class_weight"": null, ""clf__gamma"": 0.0001}, ""logreg"": {""clf__C"": 0.1}, ""hgb"": {""clf__learning_rate"": 0.05, ""clf__max_depth"": 3, ""clf__max_iter"": 200}}",0.2493293176544527,"[[56, 44], [20, 40]]",valence,0.595959595959596,0.6,0.6060606060606061,20,0.3333333333333333,,44,0.44,0.2098765432098766,0.7016183777342364,0.2197439080600197,subject_dependent,soft_vote,0.7368421052631579,0.47619047619047616,0.4760599064447433,0.606516290726817,0.6,0.6390977443609022,0.6133333333333333,0.6,0.6,0.6453333333333333,56,0.56,40,0.6666666666666666,0.625,0.6190476190476191
0.4125,0.47333333333333333,"{""rbf_svm"": {""clf__C"": 30.0, ""clf__class_weight"": null, ""clf__gamma"": 0.00030000000000000003}, ""logreg"": {""clf__C"": 10.0}, ""hgb"": {""clf__learning_rate"": 0.1, ""clf__max_depth"": 3, ""clf__max_iter"": 200}}",0.414837158729088,"[[43, 17], [77, 23]]",valence,0.4031746031746032,0.4125,0.3845238095238095,77,0.77,,17,0.2833333333333333,-0.04444444444444451,1.299884970902135,-0.05962847939999439,subject_dependent,soft_vote,0.35833333333333334,0.575,0.6344481940792324,0.4666666666666667,0.4125,0.49375,0.47333333333333333,0.4125,0.4125,0.48300000000000004,43,0.7166666666666667,23,0.23,0.5,0.4666666666666667
0.35,0.43333333333333335,"{""rbf_svm"": {""clf__C"": 3.3333333333333335, ""clf__class_weight"": ""balanced"", ""clf__gamma"": 0.0001}, ""logreg"": {""clf__C"": 1.0}, ""hgb"": {""clf__learning_rate"": 0.1, ""clf__max_depth"": 5, ""clf__max_iter"": 200}}",0.4143768208669405,"[[24, 16], [88, 32]]",valence,0.3483709273182957,0.35,0.36466165413533835,88,0.7333333333333333,,16,0.4,-0.08333333333333326,1.128652701429328,-0.12598815766974242,subject_dependent,soft_vote,0.21428571428571427,0.6666666666666666,0.6986191135617522,0.44047619047619047,0.35,0.5535714285714286,0.43333333333333335,0.35,0.35,0.33854166666666663,24,0.6,32,0.26666666666666666,0.5,0.5
0.6,0.5466666666666666,"{""rbf_svm"": {""clf__C"": 3.3333333333333335, ""clf__class_weight"": ""balanced"", ""clf__gamma"": 0.0001}, ""logreg"": {""clf__C"": 10.0}, ""hgb"": {""clf__learning_rate"": 0.05, ""clf__max_depth"": 3, ""clf__max_iter"": 200}}",0.252654790729983,"[[76, 24], [40, 20]]",valence,0.5441595441595442,0.6,0.584045584045584,40,0.6666666666666666,,24,0.24,0.09859154929577463,0.7112263672101903,0.10119453729458629,subject_dependent,soft_vote,0.6551724137931034,0.45454545454545453,0.5079516123533947,0.554858934169279,0.6,0.5799373040752351,0.5466666666666666,0.6,0.6,0.5346666666666666,76,0.76,20,0.3333333333333333,0.625,0.5636363636363637
0.55,0.5066666666666667,"{""rbf_svm"": {""clf__C"": 10.0, ""clf__class_weight"": ""balanced"", ""clf__gamma"": 0.0001}, ""logreg"": {""clf__C"": 10.0}, ""hgb"": {""clf__learning_rate"": 0.1, ""clf__max_depth"": 5, ""clf__max_iter"": 400}}",0.264580267179187,"[[68, 32], [40, 20]]",valence,0.5054945054945055,0.55,0.5425824175824177,40,0.6666666666666666,,32,0.32,0.013698630136986356,0.7290858071829633,0.013781637176578718,subject_dependent,soft_vote,0.6296296296296297,0.38461538461538464,0.4324465821165407,0.5071225071225072,0.55,0.5377492877492878,0.5066666666666667,0.55,0.55,0.5393333333333333,68,0.68,20,0.3333333333333333,0.625,0.38461538461538464
0.60625,0.5549999999999999,"{""rbf_svm"": {""clf__C"": 30.0, ""clf__class_weight"": null, ""clf__gamma"": 0.00030000000000000003}, ""logreg"": {""clf__C"": 10.0}, ""hgb"": {""clf__learning_rate"": 0.1, ""clf__max_depth"": 3, ""clf__max_iter"": 400}}",0.2498169417646663,"[[76, 24], [39, 21]]",valence,0.5534883720930233,0.60625,0.5918604651162791,39,0.65,,24,0.24,0.11578947368421055,0.6997883132293998,0.11844401845279641,subject_dependent,soft_vote,0.6608695652173913,0.4666666666666667,0.41372918958104904,0.5637681159420289,0.60625,0.5880434782608696,0.5549999999999999,0.60625,0.60625,0.5701666666666667,76,0.76,21,0.35,0.75,0.6666666666666667
0.51875,0.42083333333333334,"{""rbf_svm"": {""clf__C"": 30.0, ""clf__class_weight"": ""balanced"", ""clf__gamma"": 0.00030000000000000003}, ""logreg"": {""clf__C"": 1.0}, ""hgb"": {""clf__learning_rate"": 0.05, ""clf__max_depth"": null, ""clf__max_iter"": 200}}",0.28164808887354936,"[[74, 46], [31, 9]]",valence,0.42362573099415207,0.51875,0.5407017543859649,31,0.775,,46,0.38333333333333336,-0.14074074074074083,0.7769897432512907,-0.1443500635155414,subject_dependent,soft_vote,0.7047619047619048,0.16363636363636364,0.21370841413614505,0.43419913419913425,0.51875,0.5694805194805196,0.42083333333333334,0.51875,0.51875,0.42208333333333337,74,0.6166666666666667,9,0.225,0.625,0.38461538461538464
0.5875,0.4857142857142857,"{""rbf_svm"": {""clf__C"": 30.0, ""clf__class_weight"": null, ""clf__gamma"": 0.00030000000000000003}, ""logreg"": {""clf__C"": 10.0}, ""hgb"": {""clf__learning_rate"": 0.1, ""clf__max_depth"": 3, ""clf__max_iter"": 400}}",0.2563930386637706,"[[87, 53], [13, 7]]",valence,0.44999999999999996,0.5875,0.65625,13,0.65,,53,0.37857142857142856,-0.01538461538461533,0.7134423235976197,-0.019518001458970664,subject_dependent,soft_vote,0.87,0.11666666666666667,0.13988902525681846,0.49333333333333335,0.5875,0.7758333333333333,0.4857142857142857,0.5875,0.5875,0.43964285714285717,87,0.6214285714285714,7,0.35,0.625,0.38461538461538464
0.44375,0.515,"{""rbf_svm"": {""clf__C"": 30.0, ""clf__class_weight"": ""balanced"", ""clf__gamma"": 0.00030000000000000003}, ""logreg"": {""clf__C"": 1.0}, ""hgb"": {""clf__learning_rate"": 0.1, ""clf__max_depth"": null, ""clf__max_iter"": 200}}",0.3664529505637749,"[[48, 12], [77, 23]]",valence,0.42982982982982987,0.44375,0.4075575575575575,77,0.77,,12,0.2,0.024657534246575352,1.0258315492151755,0.0351324026261472,subject_dependent,soft_vote,0.384,0.6571428571428571,0.6353822954097029,0.5205714285714286,0.44375,0.5547142857142857,0.515,0.44375,0.44375,0.44966666666666666,48,0.8,23,0.23,0.5,0.4666666666666667
0.44375,0.4916666666666667,"{""rbf_svm"": {""clf__C"": 30.0, ""clf__class_weight"": ""balanced"", ""clf__gamma"": 0.00030000000000000003}, ""logreg"": {""clf__C"": 0.1}, ""hgb"": {""clf__learning_rate"": 0.1, ""clf__max_depth"": null, ""clf__max_iter"": 200}}",0.3243597226309681,"[[41, 19], [70, 30]]",valence,0.44110836375053963,0.44375,0.431502413752502,70,0.7,,19,0.31666666666666665,-0.014245014245014342,0.8822444654119227,-0.017505110049852564,subject_dependent,soft_vote,0.36936936936936937,0.6122448979591837,0.6356776812507253,0.49080713366427653,0.44375,0.5211665747380033,0.4916666666666667,0.44375,0.44375,0.5273333333333333,41,0.6833333333333333,30,0.3,0.375,0.2727272727272727
0.4875,0.5133333333333333,"{""rbf_svm"": {""clf__C"": 30.0, ""clf__class_weight"": ""balanced"", ""clf__gamma"": 0.00030000000000000003}, ""logreg"": {""clf__C"": 1.0}, ""hgb"": {""clf__learning_rate"": 0.05, ""clf__max_depth"": 5, ""clf__max_iter"": 400}}",0.31817255232782254,"[[37, 23], [59, 41]]",valence,0.48717948717948717,0.4875,0.4903846153846153,59,0.59,,23,0.38333333333333336,0.023809523809523836,0.8686623813857091,0.026352313834736497,subject_dependent,soft_vote,0.3854166666666667,0.640625,0.608425381618743,0.5130208333333334,0.4875,0.544921875,0.5133333333333333,0.4875,0.4875,0.5081666666666667,37,0.6166666666666667,41,0.41,0.25,0.2
0.45625,0.45625,"{""rbf_svm"": {""clf__C"": 30.0, ""clf__class_weight"": ""balanced"", ""clf__gamma"": 0.00030000000000000003}, ""logreg"": {""clf__C"": 1.0}, ""hgb"": {""clf__learning_rate"": 0.05, ""clf__max_depth"": 3, ""clf__max_iter"": 400}}",0.32219910403893265,"[[28, 52], [35, 45]]",valence,0.45004148393978904,0.45625,0.450041483939789,35,0.4375,,52,0.65,-0.08749999999999991,0.8720550887793376,-0.0895451149195559,subject_dependent,soft_vote,0.4444444444444444,0.4639175257731959,0.451731669728485,0.45418098510882016,0.45625,0.45418098510882016,0.45625,0.45625,0.45625,0.41640625000000003,28,0.35,45,0.5625,0.25,0.2
0.44375,0.45416666666666666,"{""rbf_svm"": {""clf__C"": 10.0, ""clf__class_weight"": ""balanced"", ""clf__gamma"": 0.00030000000000000003}, ""logreg"": {""clf__C"": 0.1}, ""hgb"": {""clf__learning_rate"": 0.05, ""clf__max_depth"": 5, ""clf__max_iter"": 200}}",0.3172875149278326,"[[52, 68], [21, 19]]",valence,0.41903635102606995,0.44375,0.47894822732650655,21,0.525,,68,0.5666666666666667,-0.06586826347305386,0.8610652606030195,-0.07969131650045709,subject_dependent,soft_vote,0.7123287671232876,0.21839080459770116,0.20219867115514176,0.4653597858604944,0.44375,0.5888442764918911,0.45416666666666666,0.44375,0.44375,0.39687500000000003,52,0.43333333333333335,19,0.475,0.375,0.2727272727272727
0.40625,0.38749999999999996,"{""rbf_svm"": {""clf__C"": 30.0, ""clf__class_weight"": ""balanced"", ""clf__gamma"": 0.00030000000000000003}, ""logreg"": {""clf__C"": 0.1}, ""hgb"": {""clf__learning_rate"": 0.05, ""clf__max_depth"": 5, ""clf__max_iter"": 400}}",0.386481383284279,"[[51, 69], [26, 14]]",valence,0.3727043869423466,0.40625,0.44523544220213773,26,0.65,,69,0.575,-0.16564417177914104,1.0914067691833915,-0.19499286844679808,subject_dependent,soft_vote,0.6623376623376623,0.1686746987951807,0.18402541174838105,0.4155061805664215,0.40625,0.5389219214520419,0.38749999999999996,0.40625,0.40625,0.3302083333333334,51,0.425,14,0.35,0.5,0.3333333333333333
0.5875,0.5874999999999999,"{""rbf_svm"": {""clf__C"": 10.0, ""clf__class_weight"": ""balanced"", ""clf__gamma"": 0.0001}, ""logreg"": {""clf__C"": 1.0}, ""hgb"": {""clf__learning_rate"": 0.05, ""clf__max_depth"": null, ""clf__max_iter"": 200}}",0.2727898510855401,"[[38, 42], [24, 56]]",valence,0.5822123753758506,0.5875,0.5822123753758506,24,0.3,,42,0.525,0.17500000000000004,0.765025832940853,0.17960530202677488,subject_dependent,soft_vote,0.6129032258064516,0.5714285714285714,0.5714406237035827,0.5921658986175116,0.5875,0.5921658986175115,0.5874999999999999,0.5875,0.5875,0.5925,38,0.475,56,0.7,0.625,0.6190476190476191
0.475,0.475,"{""rbf_svm"": {""clf__C"": 3.3333333333333335, ""clf__class_weight"": ""balanced"", ""clf__gamma"": 0.0001}, ""logreg"": {""clf__C"": 1.0}, ""hgb"": {""clf__learning_rate"": 0.1, ""clf__max_depth"": null, ""clf__max_iter"": 200}}",0.32700675833072407,"[[29, 51], [33, 47]]",valence,0.46827029593290076,0.475,0.4682702959329008,33,0.4125,,51,0.6375,-0.050000000000000044,0.9093137961414278,-0.051315800579078544,subject_dependent,soft_vote,0.46774193548387094,0.47959183673469385,0.5545263398259511,0.4736668861092824,0.475,0.47366688610928237,0.475,0.475,0.475,0.5135937500000001,29,0.3625,47,0.5875,0.5,0.5
0.56875,0.5783333333333334,"{""rbf_svm"": {""clf__C"": 3.3333333333333335, ""clf__class_weight"": ""balanced"", ""clf__gamma"": 0.0001}, ""logreg"": {""clf__C"": 0.1}, ""hgb"": {""clf__learning_rate"": 0.05, ""clf__max_depth"": 3, ""clf__max_iter"": 200}}",0.2624429190299925,"[[37, 23], [46, 54]]",valence,0.5638260045039707,0.56875,0.5754118762593339,46,0.46,,23,0.38333333333333336,0.1455108359133127,0.7395260041183975,0.15179861868008576,subject_dependent,soft_vote,0.4457831325301205,0.7012987012987013,0.7422527893034494,0.5735409169144109,0.56875,0.6054803630104835,0.5783333333333334,0.56875,0.56875,0.6166666666666667,37,0.6166666666666667,54,0.54,0.625,0.6190476190476191
0.5125,0.5125,"{""rbf_svm"": {""clf__C"": 3.3333333333333335, ""clf__class_weight"": ""balanced"", ""clf__gamma"": 0.0001}, ""logreg"": {""clf__C"": 1.0}, ""hgb"": {""clf__learning_rate"": 0.05, ""clf__max_depth"": 3, ""clf__max_iter"": 400}}",0.3477242724032716,"[[20, 60], [18, 62]]",valence,0.47642221849303573,0.5125,0.47642221849303573,18,0.225,,60,0.75,0.025000000000000022,1.0063843947476847,0.029373674772302336,subject_dependent,soft_vote,0.5263157894736842,0.5081967213114754,0.43208901812244854,0.5172562553925798,0.5125,0.5172562553925798,0.5125,0.5125,0.5125,0.42765624999999996,20,0.25,62,0.775,0.5,0.4666666666666667
0.5,0.4766666666666667,"{""rbf_svm"": {""clf__C"": 3.3333333333333335, ""clf__class_weight"": null, ""clf__gamma"": 0.0001}, ""logreg"": {""clf__C"": 0.1}, ""hgb"": {""clf__learning_rate"": 0.1, ""clf__max_depth"": null, ""clf__max_iter"": 200}}",0.3640290258659598,"[[23, 37], [43, 57]]",valence,0.47635411552937323,0.5,0.5041728031418753,43,0.43,,37,0.6166666666666667,-0.045751633986928164,1.0330587280112131,-0.04589300669617183,subject_dependent,soft_vote,0.3484848484848485,0.6063829787234043,0.5409162011579594,0.4774339136041264,0.5,0.5096711798839458,0.4766666666666667,0.5,0.5,0.3835,23,0.38333333333333336,57,0.57,0.625,0.6190476190476191
0.60625,0.60625,"{""rbf_svm"": {""clf__C"": 3.3333333333333335, ""clf__class_weight"": ""balanced"", ""clf__gamma"": 0.0001}, ""logreg"": {""clf__C"": 10.0}, ""hgb"": {""clf__learning_rate"": 0.1, ""clf__max_depth"": 3, ""clf__max_iter"": 400}}",0.26379893369121304,"[[37, 43], [20, 60]]",valence,0.5979418451597462,0.60625,0.5979418451597462,20,0.25,,43,0.5375,0.21250000000000002,0.746055751003518,0.22186708691966542,subject_dependent,soft_vote,0.6491228070175439,0.5825242718446602,0.5947704125335882,0.615823539431102,0.60625,0.615823539431102,0.60625,0.60625,0.60625,0.63421875,37,0.4625,60,0.75,0.75,0.7333333333333334
0.58125,0.655,"{""rbf_svm"": {""clf__C"": 3.3333333333333335, ""clf__class_weight"": ""balanced"", ""clf__gamma"": 0.00030000000000000003}, ""logreg"": {""clf__C"": 10.0}, ""hgb"": {""clf__learning_rate"": 0.1, ""clf__max_depth"": 5, ""clf__max_iter"": 200}}",0.3255555836283639,"[[36, 64], [3, 57]]",valence,0.5739099328272188,0.58125,0.559928852498112,3,0.05,,64,0.64,0.25761772853185594,0.9802845492450991,0.3495524338423147,subject_dependent,soft_vote,0.9230769230769231,0.47107438016528924,0.5179914379599834,0.6970756516211062,0.58125,0.7535759694850604,0.655,0.58125,0.58125,0.6743333333333333,36,0.36,57,0.95,0.625,0.6190476190476191
0.3125,0.3833333333333333,"{""rbf_svm"": {""clf__C"": 3.3333333333333335, ""clf__class_weight"": null, ""clf__gamma"": 0.00030000000000000003}, ""logreg"": {""clf__C"": 1.0}, ""hgb"": {""clf__learning_rate"": 0.05, ""clf__max_depth"": 3, ""clf__max_iter"": 200}}",0.4367034264273869,"[[10, 90], [20, 40]]",valence,0.2874493927125506,0.3125,0.25404858299595146,20,0.3333333333333333,,90,0.9,-0.18918918918918926,1.2003896062388895,-0.28941438070815306,subject_dependent,soft_vote,0.3333333333333333,0.3076923076923077,0.485083816365769,0.3205128205128205,0.3125,0.32371794871794873,0.3833333333333333,0.3125,0.3125,0.48416666666666663,10,0.1,40,0.6666666666666666,0.25,0.2
0.55625,0.5958333333333334,"{""rbf_svm"": {""clf__C"": 30.0, ""clf__class_weight"": ""balanced"", ""clf__gamma"": 0.0001}, ""logreg"": {""clf__C"": 1.0}, ""hgb"": {""clf__learning_rate"": 0.1, ""clf__max_depth"": null, ""clf__max_iter"": 200}}",0.2826156218725958,"[[62, 58], [13, 27]]",valence,0.5339487179487179,0.55625,0.5849230769230769,13,0.325,,58,0.48333333333333334,0.1393939393939394,0.789526972120371,0.16631335099430306,subject_dependent,soft_vote,0.8266666666666667,0.3176470588235294,0.3950333659479101,0.572156862745098,0.55625,0.6994117647058824,0.5958333333333334,0.55625,0.55625,0.67875,62,0.5166666666666667,27,0.675,0.5,0.4666666666666667
0.51875,0.5316666666666667,"{""rbf_svm"": {""clf__C"": 30.0, ""clf__class_weight"": ""balanced"", ""clf__gamma"": 0.00030000000000000003}, ""logreg"": {""clf__C"": 10.0}, ""hgb"": {""clf__learning_rate"": 0.05, ""clf__max_depth"": null, ""clf__max_iter"": 400}}",0.3382322936759345,"[[35, 25], [52, 48]]",valence,0.5155518854940819,0.51875,0.5253922378199835,52,0.52,,25,0.4166666666666667,0.05810397553516822,0.9894212901764018,0.06155834213305421,subject_dependent,soft_vote,0.40229885057471265,0.6575342465753424,0.6457776463079514,0.5299165485750276,0.51875,0.5618209730751063,0.5316666666666667,0.51875,0.51875,0.5578333333333333,35,0.5833333333333334,48,0.48,0.5,0.5
0.71875,0.725,"{""rbf_svm"": {""clf__C"": 3.3333333333333335, ""clf__class_weight"": ""balanced"", ""clf__gamma"": 0.00030000000000000003}, ""logreg"": {""clf__C"": 0.1}, ""hgb"": {""clf__learning_rate"": 0.1, ""clf__max_depth"": null, ""clf__max_iter"": 400}}",0.190284363786385,"[[70, 30], [15, 45]]",valence,0.7117117117117118,0.71875,0.722972972972973,15,0.25,,30,0.3,0.4285714285714286,0.5645118461063063,0.4365641250653994,subject_dependent,soft_vote,0.8235294117647058,0.6,0.7126880387712838,0.7117647058823529,0.71875,0.7397058823529411,0.725,0.71875,0.71875,0.7793333333333334,70,0.7,45,0.75,0.875,0.873015873015873
0.55625,0.6392857142857142,"{""rbf_svm"": {""clf__C"": 3.3333333333333335, ""clf__class_weight"": ""balanced"", ""clf__gamma"": 0.0001}, ""logreg"": {""clf__C"": 0.1}, ""hgb"": {""clf__learning_rate"": 0.1, ""clf__max_depth"": null, ""clf__max_iter"": 400}}",0.2663425418893156,"[[74, 66], [5, 15]]",valence,0.48641439486414395,0.55625,0.628452913784529,5,0.25,,66,0.4714285714285714,0.1207430340557275,0.7399245569395827,0.18427207741044363,subject_dependent,soft_vote,0.9367088607594937,0.18518518518518517,0.2161457379754798,0.5609470229723394,0.55625,0.842768401312705,0.6392857142857142,0.55625,0.55625,0.6989285714285713,74,0.5285714285714286,15,0.75,0.625,0.5636363636363637
0.625,0.65,"{""rbf_svm"": {""clf__C"": 10.0, ""clf__class_weight"": ""balanced"", ""clf__gamma"": 0.0001}, ""logreg"": {""clf__C"": 0.1}, ""hgb"": {""clf__learning_rate"": 0.05, ""clf__max_depth"": null, ""clf__max_iter"": 200}}",0.22991195742920625,"[[55, 45], [15, 45]]",valence,0.6235294117647059,0.625,0.6294117647058823,15,0.25,,45,0.45,0.2727272727272727,0.6532628630780175,0.29277002188455997,subject_dependent,soft_vote,0.7857142857142857,0.5,0.6240653936783027,0.6428571428571428,0.625,0.6785714285714286,0.65,0.625,0.625,0.7328333333333333,55,0.55,45,0.75,0.75,0.75
0.7,0.7433333333333333,"{""rbf_svm"": {""clf__C"": 3.3333333333333335, ""clf__class_weight"": ""balanced"", ""clf__gamma"": 0.0001}, ""logreg"": {""clf__C"": 0.1}, ""hgb"": {""clf__learning_rate"": 0.05, ""clf__max_depth"": 5, ""clf__max_iter"": 200}}",0.21023580842913692,"[[55, 5], [43, 57]]",valence,0.6999531176746367,0.7,0.7008907641819034,43,0.43,,5,0.08333333333333333,0.4319526627218935,0.6122581095821106,0.4836134198641755,subject_dependent,soft_vote,0.5612244897959183,0.9193548387096774,0.8900111310854456,0.7402896642527979,0.7,0.7850559578670178,0.7433333333333333,0.7,0.7,0.8126666666666668,55,0.9166666666666666,57,0.57,0.75,0.75
0.45625,0.48833333333333334,"{""rbf_svm"": {""clf__C"": 10.0, ""clf__class_weight"": ""balanced"", ""clf__gamma"": 0.0001}, ""logreg"": {""clf__C"": 0.1}, ""hgb"": {""clf__learning_rate"": 0.1, ""clf__max_depth"": null, ""clf__max_iter"": 200}}",0.3828127473327685,"[[37, 23], [64, 36]]",valence,0.45622875893589593,0.45625,0.45537911637173334,64,0.64,,23,0.38333333333333336,-0.02052785923753664,1.149063878080837,-0.02341346647255731,subject_dependent,soft_vote,0.36633663366336633,0.6101694915254238,0.5986656232364953,0.48825306259439505,0.45625,0.5187321698271522,0.48833333333333334,0.45625,0.45625,0.46633333333333327,37,0.6166666666666667,36,0.36,0.5,0.5
0.55625,0.5708333333333333,"{""rbf_svm"": {""clf__C"": 3.3333333333333335, ""clf__class_weight"": ""balanced"", ""clf__gamma"": 0.0001}, ""logreg"": {""clf__C"": 10.0}, ""hgb"": {""clf__learning_rate"": 0.1, ""clf__max_depth"": 5, ""clf__max_iter"": 400}}",0.2782802593213175,"[[24, 16], [55, 65]]",valence,0.525063756846022,0.55625,0.5859149630001255,55,0.4583333333333333,,16,0.4,0.10691823899371067,0.8241318804271384,0.1226965182427525,subject_dependent,soft_vote,0.3037974683544304,0.8024691358024691,0.8075825595740727,0.5531333020784498,0.55625,0.6778012189404595,0.5708333333333333,0.55625,0.55625,0.6135416666666667,24,0.6,65,0.5416666666666666,0.625,0.5636363636363637
0.3875,0.38,"{""rbf_svm"": {""clf__C"": 30.0, ""clf__class_weight"": ""balanced"", ""clf__gamma"": 0.0001}, ""logreg"": {""clf__C"": 0.1}, ""hgb"": {""clf__learning_rate"": 0.05, ""clf__max_depth"": 5, ""clf__max_iter"": 200}}",0.37558061153975775,"[[21, 39], [59, 41]]",valence,0.37777777777777777,0.3875,0.39722222222222225,59,0.59,,39,0.65,-0.2250000000000001,1.06297627821018,-0.23237900077244503,subject_dependent,soft_vote,0.2625,0.5125,0.6048913827138354,0.38749999999999996,0.3875,0.41875,0.38,0.3875,0.3875,0.37550000000000006,21,0.35,41,0.41,0.25,0.25
0.5875,0.44999999999999996,"{""rbf_svm"": {""clf__C"": 30.0, ""clf__class_weight"": ""balanced"", ""clf__gamma"": 0.00030000000000000003}, ""logreg"": {""clf__C"": 1.0}, ""hgb"": {""clf__learning_rate"": 0.05, ""clf__max_depth"": null, ""clf__max_iter"": 400}}",0.30114139465869827,"[[7, 33], [33, 87]]",valence,0.44999999999999996,0.5875,0.5875,33,0.275,,33,0.825,-0.10000000000000009,0.9725024849669339,-0.1,subject_dependent,soft_vote,0.175,0.725,0.7219487048779254,0.44999999999999996,0.5875,0.5875,0.44999999999999996,0.5875,0.5875,0.441875,7,0.175,87,0.725,0.625,0.38461538461538464
0.5625,0.45,"{""rbf_svm"": {""clf__C"": 3.3333333333333335, ""clf__class_weight"": ""balanced"", ""clf__gamma"": 0.0001}, ""logreg"": {""clf__C"": 10.0}, ""hgb"": {""clf__learning_rate"": 0.1, ""clf__max_depth"": 3, ""clf__max_iter"": 200}}",0.254583268996723,"[[9, 31], [39, 81]]",valence,0.45141065830721006,0.5625,0.5748432601880877,39,0.325,,31,0.775,-0.09375,0.7132062508369739,-0.09449111825230681,subject_dependent,soft_vote,0.1875,0.7232142857142857,0.7659689763461077,0.45535714285714285,0.5625,0.5892857142857142,0.45,0.5625,0.5625,0.49020833333333336,9,0.225,81,0.675,0.5,0.3333333333333333
0.61875,0.6107142857142858,"{""rbf_svm"": {""clf__C"": 30.0, ""clf__class_weight"": ""balanced"", ""clf__gamma"": 0.0001}, ""logreg"": {""clf__C"": 10.0}, ""hgb"": {""clf__learning_rate"": 0.1, ""clf__max_depth"": 3, ""clf__max_iter"": 400}}",0.2366156926932049,"[[12, 8], [53, 87]]",valence,0.511389236545682,0.61875,0.6831664580725907,53,0.37857142857142856,,8,0.4,0.11272727272727268,0.7083749280473585,0.14910568177560338,subject_dependent,soft_vote,0.18461538461538463,0.9157894736842105,0.9486046479932336,0.5502024291497976,0.61875,0.8243927125506072,0.6107142857142858,0.61875,0.61875,0.6932142857142858,12,0.6,87,0.6214285714285714,0.625,0.5636363636363637
0.55,0.5833333333333334,"{""rbf_svm"": {""clf__C"": 30.0, ""clf__class_weight"": null, ""clf__gamma"": 0.00030000000000000003}, ""logreg"": {""clf__C"": 10.0}, ""hgb"": {""clf__learning_rate"": 0.1, ""clf__max_depth"": 3, ""clf__max_iter"": 400}}",0.3012187632129396,"[[26, 14], [58, 62]]",valence,0.5260039499670837,0.55,0.5793285055957866,58,0.48333333333333334,,14,0.35,0.12195121951219512,0.909041489728948,0.14451832825401997,subject_dependent,soft_vote,0.30952380952380953,0.8157894736842105,0.8489568120116499,0.56265664160401,0.55,0.6892230576441103,0.5833333333333334,0.55,0.55,0.6002083333333333,26,0.65,62,0.5166666666666667,0.625,0.6190476190476191
0.6375,0.6375,"{""rbf_svm"": {""clf__C"": 30.0, ""clf__class_weight"": null, ""clf__gamma"": 0.00030000000000000003}, ""logreg"": {""clf__C"": 10.0}, ""hgb"": {""clf__learning_rate"": 0.1, ""clf__max_depth"": 5, ""clf__max_iter"": 400}}",0.2634190433219978,"[[38, 42], [16, 64]]",valence,0.6276681110576152,0.6375,0.6276681110576152,16,0.2,,42,0.525,0.275,0.8150742429062543,0.2907855814299862,subject_dependent,soft_vote,0.7037037037037037,0.6037735849056604,0.6725842187315815,0.653738644304682,0.6375,0.653738644304682,0.6375,0.6375,0.6375,0.678125,38,0.475,64,0.8,0.625,0.6190476190476191
0.43125,0.40166666666666667,"{""rbf_svm"": {""clf__C"": 30.0, ""clf__class_weight"": ""balanced"", ""clf__gamma"": 0.00030000000000000003}, ""logreg"": {""clf__C"": 0.1}, ""hgb"": {""clf__learning_rate"": 0.1, ""clf__max_depth"": 5, ""clf__max_iter"": 200}}",0.365914570151856,"[[17, 43], [48, 52]]",valence,0.4026666666666667,0.43125,0.43533333333333335,48,0.48,,43,0.7166666666666667,-0.1934426229508197,1.0485648581517104,-0.19385986284879006,subject_dependent,soft_vote,0.26153846153846155,0.5473684210526316,0.5665612664889138,0.4044534412955466,0.43125,0.44018218623481786,0.40166666666666667,0.43125,0.43125,0.39266666666666666,17,0.2833333333333333,52,0.52,0.375,0.2727272727272727
0.5875,0.54,"{""rbf_svm"": {""clf__C"": 10.0, ""clf__class_weight"": ""balanced"", ""clf__gamma"": 0.0001}, ""logreg"": {""clf__C"": 0.1}, ""hgb"": {""clf__learning_rate"": 0.05, ""clf__max_depth"": null, ""clf__max_iter"": 200}}",0.26321999629186826,"[[21, 39], [27, 73]]",valence,0.5387840670859538,0.5875,0.5762578616352201,27,0.27,,39,0.65,0.08333333333333337,0.7420390737599856,0.08451542547285167,subject_dependent,soft_vote,0.4375,0.6517857142857143,0.7267192786217441,0.5446428571428572,0.5875,0.5714285714285714,0.54,0.5875,0.5875,0.5796666666666667,21,0.35,73,0.73,0.625,0.5636363636363637
0.44375,0.44375000000000003,"{""rbf_svm"": {""clf__C"": 30.0, ""clf__class_weight"": ""balanced"", ""clf__gamma"": 0.0001}, ""logreg"": {""clf__C"": 0.1}, ""hgb"": {""clf__learning_rate"": 0.05, ""clf__max_depth"": 3, ""clf__max_iter"": 200}}",0.3101633676416128,"[[27, 53], [36, 44]]",valence,0.4373987594326577,0.44375,0.4373987594326577,36,0.45,,53,0.6625,-0.11250000000000004,0.8328469915882657,-0.11512943346800043,subject_dependent,soft_vote,0.42857142857142855,0.4536082474226804,0.5752229207671482,0.4410898379970545,0.44375,0.44108983799705453,0.44375000000000003,0.44375,0.44375,0.47078125,27,0.3375,44,0.55,0.25,0.2
0.50625,0.39583333333333337,"{""rbf_svm"": {""clf__C"": 30.0, ""clf__class_weight"": ""balanced"", ""clf__gamma"": 0.00030000000000000003}, ""logreg"": {""clf__C"": 10.0}, ""hgb"": {""clf__learning_rate"": 0.1, ""clf__max_depth"": 5, ""clf__max_iter"": 200}}",0.30955861205929774,"[[74, 46], [33, 7]]",valence,0.4012600066316138,0.50625,0.5266211927431196,33,0.825,,46,0.38333333333333336,-0.18796992481203012,0.8820164247947753,-0.1916679764023137,subject_dependent,soft_vote,0.6915887850467289,0.1320754716981132,0.21369557675125278,0.41183212837242106,0.50625,0.551710456709575,0.39583333333333337,0.50625,0.50625,0.425,74,0.6166666666666667,7,0.175,0.5,0.3333333333333333
0.63125,0.5791666666666666,"{""rbf_svm"": {""clf__C"": 30.0, ""clf__class_weight"": ""balanced"", ""clf__gamma"": 0.00030000000000000003}, ""logreg"": {""clf__C"": 10.0}, ""hgb"": {""clf__learning_rate"": 0.1, ""clf__max_depth"": 5, ""clf__max_iter"": 400}}",0.22922114075341682,"[[82, 38], [21, 19]]",valence,0.5635892931440988,0.63125,0.6495076510563543,21,0.525,,38,0.31666666666666665,0.13868613138686137,0.6619596586009104,0.14316502498766773,subject_dependent,soft_vote,0.7961165048543689,0.3333333333333333,0.379051430885635,0.5647249190938511,0.63125,0.6804207119741099,0.5791666666666666,0.63125,0.63125,0.6729166666666666,82,0.6833333333333333,19,0.475,0.625,0.38461538461538464
0.65,0.625,"{""rbf_svm"": {""clf__C"": 10.0, ""clf__class_weight"": ""balanced"", ""clf__gamma"": 0.00030000000000000003}, ""logreg"": {""clf__C"": 10.0}, ""hgb"": {""clf__learning_rate"": 0.05, ""clf__max_depth"": null, ""clf__max_iter"": 200}}",0.25524721913947,"[[23, 17], [39, 81]]",valence,0.5970498291059543,0.65,0.6700845475805,39,0.325,,17,0.425,0.21126760563380287,0.7517483501325868,0.22220393458509113,subject_dependent,soft_vote,0.3709677419354839,0.826530612244898,0.754607705387727,0.5987491770901909,0.65,0.7126398946675445,0.625,0.65,0.65,0.6047916666666666,23,0.575,81,0.675,0.625,0.5636363636363637
0.66875,0.6625000000000001,"{""rbf_svm"": {""clf__C"": 30.0, ""clf__class_weight"": ""balanced"", ""clf__gamma"": 0.00030000000000000003}, ""logreg"": {""clf__C"": 10.0}, ""hgb"": {""clf__learning_rate"": 0.05, ""clf__max_depth"": 3, ""clf__max_iter"": 200}}",0.223370772481504,"[[81, 39], [14, 26]]",valence,0.6243632336655592,0.66875,0.6889258028792912,14,0.35,,39,0.325,0.2689655172413793,0.6576499818843343,0.28654015976455155,subject_dependent,soft_vote,0.8526315789473684,0.4,0.3677079656410471,0.6263157894736842,0.66875,0.7394736842105263,0.6625000000000001,0.66875,0.66875,0.6720833333333334,81,0.675,26,0.65,0.875,0.8545454545454545
0.475,0.525,"{""rbf_svm"": {""clf__C"": 3.3333333333333335, ""clf__class_weight"": ""balanced"", ""clf__gamma"": 0.00030000000000000003}, ""logreg"": {""clf__C"": 10.0}, ""hgb"": {""clf__learning_rate"": 0.1, ""clf__max_depth"": 3, ""clf__max_iter"": 400}}",0.3328966959215842,"[[25, 15], [69, 51]]",valence,0.4607607125662012,0.475,0.5045739046701974,69,0.575,,15,0.375,0.03448275862068961,0.9240825192219398,0.04397994971335425,subject_dependent,soft_vote,0.26595744680851063,0.7727272727272727,0.7723644695389995,0.5193423597678917,0.475,0.6460348162475822,0.525,0.475,0.475,0.5295833333333333,25,0.625,51,0.425,0.625,0.6190476190476191
0.34375,0.5125,"{""rbf_svm"": {""clf__C"": 3.3333333333333335, ""clf__class_weight"": ""balanced"", ""clf__gamma"": 0.0001}, ""logreg"": {""clf__C"": 10.0}, ""hgb"": {""clf__learning_rate"": 0.1, ""clf__max_depth"": 3, ""clf__max_iter"": 200}}",0.39772670194678095,"[[21, 99], [6, 34]]",valence,0.3393889347646573,0.34375,0.31255161023947153,6,0.15,,99,0.825,0.014084507042253502,1.0872653070665241,0.028903665650804,subject_dependent,soft_vote,0.7777777777777778,0.2556390977443609,0.2978327396101562,0.5167084377610693,0.34375,0.6472431077694235,0.5125,0.34375,0.34375,0.5747916666666666,21,0.175,34,0.85,0.375,0.36507936507936506
0.48125,0.5249999999999999,"{""rbf_svm"": {""clf__C"": 3.3333333333333335, ""clf__class_weight"": ""balanced"", ""clf__gamma"": 0.0001}, ""logreg"": {""clf__C"": 0.1}, ""hgb"": {""clf__learning_rate"": 0.05, ""clf__max_depth"": null, ""clf__max_iter"": 200}}",0.32538726653548494,"[[35, 65], [18, 42]]",valence,0.4802551759226644,0.48125,0.4745704669093186,18,0.3,,65,0.65,0.043227665706051854,0.9017258838263775,0.051429914921447877,subject_dependent,soft_vote,0.660377358490566,0.3925233644859813,0.34438456874380347,0.5264503614882736,0.48125,0.5599321107388467,0.5249999999999999,0.48125,0.48125,0.4776666666666667,35,0.35,42,0.7,0.625,0.6190476190476191
0.64375,0.5541666666666667,"{""rbf_svm"": {""clf__C"": 3.3333333333333335, ""clf__class_weight"": ""balanced"", ""clf__gamma"": 0.0001}, ""logreg"": {""clf__C"": 0.1}, ""hgb"": {""clf__learning_rate"": 0.1, ""clf__max_depth"": null, ""clf__max_iter"": 400}}",0.22019829532677765,"[[15, 25], [32, 88]]",valence,0.5500961965369247,0.64375,0.6527305017019388,32,0.26666666666666666,,25,0.625,0.10236220472440949,0.6293157562148411,0.10298988524455935,subject_dependent,soft_vote,0.3191489361702128,0.7787610619469026,0.8209846493927874,0.5489549990585577,0.64375,0.6638580305027302,0.5541666666666667,0.64375,0.64375,0.5939583333333334,15,0.375,88,0.7333333333333333,0.875,0.7948717948717949
0.45625,0.5116666666666666,"{""rbf_svm"": {""clf__C"": 30.0, ""clf__class_weight"": ""balanced"", ""clf__gamma"": 0.00030000000000000003}, ""logreg"": {""clf__C"": 10.0}, ""hgb"": {""clf__learning_rate"": 0.1, ""clf__max_depth"": 3, ""clf__max_iter"": 400}}",0.3590169862495803,"[[29, 71], [16, 44]]",valence,0.45142857142857146,0.45625,0.4385714285714286,16,0.26666666666666666,,71,0.71,0.019718309859154903,1.0085025199739543,0.025124488762714392,subject_dependent,soft_vote,0.6444444444444445,0.3826086956521739,0.47431354704180495,0.5135265700483091,0.45625,0.546256038647343,0.5116666666666666,0.45625,0.45625,0.5273333333333333,29,0.29,44,0.7333333333333333,0.5,0.4666666666666667
0.5875,0.6133333333333333,"{""rbf_svm"": {""clf__C"": 30.0, ""clf__class_weight"": ""balanced"", ""clf__gamma"": 0.00030000000000000003}, ""logreg"": {""clf__C"": 10.0}, ""hgb"": {""clf__learning_rate"": 0.1, ""clf__max_depth"": 3, ""clf__max_iter"": 200}}",0.24677255384032834,"[[43, 17], [49, 51]]",valence,0.5864661654135338,0.5875,0.5916353383458646,49,0.49,,17,0.2833333333333333,0.20481927710843373,0.69226108628921,0.22198054491067584,subject_dependent,soft_vote,0.4673913043478261,0.75,0.778428200222486,0.6086956521739131,0.5875,0.6440217391304348,0.6133333333333333,0.5875,0.5875,0.6583333333333333,43,0.7166666666666667,51,0.51,0.5,0.5
0.53125,0.625,"{""rbf_svm"": {""clf__C"": 3.3333333333333335, ""clf__class_weight"": ""balanced"", ""clf__gamma"": 0.0001}, ""logreg"": {""clf__C"": 0.1}, ""hgb"": {""clf__learning_rate"": 0.1, ""clf__max_depth"": 3, ""clf__max_iter"": 400}}",0.3241992550066639,"[[25, 75], [0, 60]]",valence,0.5076923076923077,0.53125,0.48076923076923084,0,0.0,,75,0.75,0.19999999999999996,0.9345579266854538,0.3333333333333333,subject_dependent,soft_vote,1.0,0.4444444444444444,0.6895631903755949,0.7222222222222222,0.53125,0.7916666666666666,0.625,0.53125,0.53125,0.7909999999999999,25,0.25,60,1.0,0.5,0.4666666666666667
0.55625,0.6208333333333333,"{""rbf_svm"": {""clf__C"": 30.0, ""clf__class_weight"": null, ""clf__gamma"": 0.00030000000000000003}, ""logreg"": {""clf__C"": 10.0}, ""hgb"": {""clf__learning_rate"": 0.1, ""clf__max_depth"": 3, ""clf__max_iter"": 400}}",0.32486839577014687,"[[59, 61], [10, 30]]",valence,0.5411769457570984,0.55625,0.5827577850478614,10,0.25,,61,0.5083333333333333,0.16959064327485385,1.018132919009165,0.21129641521085415,subject_dependent,soft_vote,0.855072463768116,0.32967032967032966,0.42104427502135566,0.5923713967192228,0.55625,0.7237219302436694,0.6208333333333333,0.55625,0.55625,0.6641666666666667,59,0.49166666666666664,30,0.75,0.625,0.6190476190476191
0.53125,0.53125,"{""rbf_svm"": {""clf__C"": 3.3333333333333335, ""clf__class_weight"": ""balanced"", ""clf__gamma"": 0.0001}, ""logreg"": {""clf__C"": 0.1}, ""hgb"": {""clf__learning_rate"": 0.1, ""clf__max_depth"": 3, ""clf__max_iter"": 200}}",0.28568482152694635,"[[30, 50], [25, 55]]",valence,0.5195195195195195,0.53125,0.5195195195195195,25,0.3125,,50,0.625,0.0625,0.7955707687939141,0.0657951694959769,subject_dependent,soft_vote,0.5454545454545454,0.5238095238095238,0.6708791486862109,0.5346320346320346,0.53125,0.5346320346320346,0.53125,0.53125,0.53125,0.6000000000000001,30,0.375,55,0.6875,0.625,0.6190476190476191
0.425,0.425,"{""rbf_svm"": {""clf__C"": 10.0, ""clf__class_weight"": null, ""clf__gamma"": 0.00030000000000000003}, ""logreg"": {""clf__C"": 0.1}, ""hgb"": {""clf__learning_rate"": 0.1, ""clf__max_depth"": null, ""clf__max_iter"": 200}}",0.37464478496490833,"[[41, 39], [53, 27]]",valence,0.420563690757361,0.425,0.420563690757361,53,0.6625,,39,0.4875,-0.1499999999999999,1.090311336813079,-0.15235101483570768,subject_dependent,soft_vote,0.43617021276595747,0.4090909090909091,0.4330314450836982,0.4226305609284333,0.425,0.4226305609284333,0.425,0.425,0.425,0.43312500000000004,41,0.5125,27,0.3375,0.375,0.36507936507936506
0.63125,0.63125,"{""rbf_svm"": {""clf__C"": 30.0, ""clf__class_weight"": ""balanced"", ""clf__gamma"": 0.0001}, ""logreg"": {""clf__C"": 0.1}, ""hgb"": {""clf__learning_rate"": 0.05, ""clf__max_depth"": 3, ""clf__max_iter"": 200}}",0.22172494166330425,"[[50, 30], [29, 51]]",valence,0.6312355951404351,0.63125,0.6312355951404351,29,0.3625,,30,0.375,0.26249999999999996,0.6302004812669619,0.26252051021607226,subject_dependent,soft_vote,0.6329113924050633,0.6296296296296297,0.7248947586736234,0.6312705110173464,0.63125,0.6312705110173464,0.63125,0.63125,0.63125,0.69375,50,0.625,51,0.6375,0.75,0.75
0.44375,0.5316666666666666,"{""rbf_svm"": {""clf__C"": 3.3333333333333335, ""clf__class_weight"": null, ""clf__gamma"": 0.0001}, ""logreg"": {""clf__C"": 0.1}, ""hgb"": {""clf__learning_rate"": 0.05, ""clf__max_depth"": 3, ""clf__max_iter"": 400}}",0.349243225844424,"[[53, 7], [82, 18]]",valence,0.41579487179487173,0.44375,0.38384615384615384,82,0.82,,7,0.11666666666666667,0.05066666666666664,0.9644808468537839,0.08444444444444445,subject_dependent,soft_vote,0.3925925925925926,0.72,0.7076669179686356,0.5562962962962963,0.44375,0.5972222222222222,0.5316666666666666,0.44375,0.44375,0.585,53,0.8833333333333333,18,0.18,0.5,0.4666666666666667
0.64375,0.5125,"{""rbf_svm"": {""clf__C"": 10.0, ""clf__class_weight"": ""balanced"", ""clf__gamma"": 0.0001}, ""logreg"": {""clf__C"": 10.0}, ""hgb"": {""clf__learning_rate"": 0.1, ""clf__max_depth"": 3, ""clf__max_iter"": 200}}",0.23694701226035414,"[[93, 27], [30, 10]]",valence,0.5125861792528459,0.64375,0.639009139009139,30,0.75,,27,0.225,0.02564102564102566,0.6784327463522514,0.02567480829815484,subject_dependent,soft_vote,0.7560975609756098,0.2702702702702703,0.2658805900007515,0.5131839156229401,0.64375,0.6346407382992749,0.5125,0.64375,0.64375,0.4889583333333333,93,0.775,10,0.25,0.625,0.38461538461538464
0.59375,0.525,"{""rbf_svm"": {""clf__C"": 3.3333333333333335, ""clf__class_weight"": null, ""clf__gamma"": 0.00030000000000000003}, ""logreg"": {""clf__C"": 10.0}, ""hgb"": {""clf__learning_rate"": 0.05, ""clf__max_depth"": 5, ""clf__max_iter"": 200}}",0.2537781067192187,"[[80, 20], [45, 15]]",valence,0.5134502923976608,0.59375,0.5628654970760234,45,0.75,,20,0.2,0.054545454545454564,0.7241300975026321,0.05855400437691199,subject_dependent,soft_vote,0.64,0.42857142857142855,0.42245038740648955,0.5342857142857143,0.59375,0.5607142857142857,0.525,0.59375,0.59375,0.5718333333333334,80,0.8,15,0.25,0.625,0.38461538461538464
0.33125,0.42166666666666663,"{""rbf_svm"": {""clf__C"": 10.0, ""clf__class_weight"": null, ""clf__gamma"": 0.00030000000000000003}, ""logreg"": {""clf__C"": 10.0}, ""hgb"": {""clf__learning_rate"": 0.1, ""clf__max_depth"": 3, ""clf__max_iter"": 400}}",0.4514898459632547,"[[47, 13], [94, 6]]",valence,0.28425101383837115,0.33125,0.23839834441239177,94,0.94,,13,0.21666666666666667,-0.12335958005249337,1.3235475263957368,-0.23445844031281562,subject_dependent,soft_vote,0.3333333333333333,0.3157894736842105,0.5477911209431454,0.32456140350877194,0.33125,0.3223684210526316,0.42166666666666663,0.33125,0.33125,0.40549999999999997,47,0.7833333333333333,6,0.06,0.375,0.2727272727272727
0.5375,0.45666666666666667,"{""rbf_svm"": {""clf__C"": 3.3333333333333335, ""clf__class_weight"": ""balanced"", ""clf__gamma"": 0.0001}, ""logreg"": {""clf__C"": 0.1}, ""hgb"": {""clf__learning_rate"": 0.1, ""clf__max_depth"": null, ""clf__max_iter"": 200}}",0.2850779673819065,"[[78, 22], [52, 8]]",valence,0.4280193236714976,0.5375,0.4905797101449275,52,0.8666666666666667,,22,0.22,-0.09629629629629632,0.790112137389084,-0.107496769977314,subject_dependent,soft_vote,0.6,0.26666666666666666,0.3336615809831933,0.43333333333333335,0.5375,0.475,0.45666666666666667,0.5375,0.5375,0.45000000000000007,78,0.78,8,0.13333333333333333,0.625,0.38461538461538464
0.54375,0.4875,"{""rbf_svm"": {""clf__C"": 3.3333333333333335, ""clf__class_weight"": ""balanced"", ""clf__gamma"": 0.00030000000000000003}, ""logreg"": {""clf__C"": 0.1}, ""hgb"": {""clf__learning_rate"": 0.1, ""clf__max_depth"": 5, ""clf__max_iter"": 200}}",0.32875255694689925,"[[15, 25], [48, 72]]",valence,0.4774283029842065,0.54375,0.5705113865151448,48,0.4,,25,0.625,-0.020979020979021046,0.9574856270162346,-0.022156669801466387,subject_dependent,soft_vote,0.23809523809523808,0.7422680412371134,0.7417745320675706,0.4901816396661758,0.54375,0.6162248404516445,0.4875,0.54375,0.54375,0.43145833333333333,15,0.375,72,0.6,0.625,0.5636363636363637
0.59375,0.59375,"{""rbf_svm"": {""clf__C"": 30.0, ""clf__class_weight"": ""balanced"", ""clf__gamma"": 0.00030000000000000003}, ""logreg"": {""clf__C"": 1.0}, ""hgb"": {""clf__learning_rate"": 0.1, ""clf__max_depth"": 5, ""clf__max_iter"": 400}}",0.2675521252770319,"[[48, 32], [33, 47]]",valence,0.5937341302394625,0.59375,0.5937341302394625,33,0.4125,,32,0.4,0.1875,0.7593329406861017,0.1875146501543373,subject_dependent,soft_vote,0.5925925925925926,0.5949367088607594,0.6474422407997122,0.5937646507266761,0.59375,0.5937646507266761,0.59375,0.59375,0.59375,0.63875,48,0.6,47,0.5875,0.5,0.5
0.65,0.37142857142857144,"{""rbf_svm"": {""clf__C"": 30.0, ""clf__class_weight"": ""balanced"", ""clf__gamma"": 0.00030000000000000003}, ""logreg"": {""clf__C"": 1.0}, ""hgb"": {""clf__learning_rate"": 0.1, ""clf__max_depth"": 3, ""clf__max_iter"": 400}}",0.24823286191659638,"[[0, 20], [36, 104]]",valence,0.3939393939393939,0.65,0.6893939393939393,36,0.2571428571428571,,20,1.0,-0.1914893617021276,0.7770212158300019,-0.2036532699906392,subject_dependent,soft_vote,0.0,0.8387096774193549,0.7897382999782442,0.41935483870967744,0.65,0.7338709677419355,0.37142857142857144,0.65,0.65,0.20607142857142854,0,0.0,104,0.7428571428571429,0.75,0.42857142857142855
0.56875,0.56875,"{""rbf_svm"": {""clf__C"": 3.3333333333333335, ""clf__class_weight"": ""balanced"", ""clf__gamma"": 0.00030000000000000003}, ""logreg"": {""clf__C"": 0.1}, ""hgb"": {""clf__learning_rate"": 0.05, ""clf__max_depth"": 3, ""clf__max_iter"": 200}}",0.27077926060339375,"[[29, 51], [18, 62]]",valence,0.5495899800089755,0.56875,0.5495899800089756,18,0.225,,51,0.6375,0.13749999999999996,0.7521716205323271,0.15094006561553194,subject_dependent,soft_vote,0.6170212765957447,0.5486725663716814,0.5827343680774424,0.5828469214837131,0.56875,0.5828469214837131,0.56875,0.56875,0.56875,0.5965625,29,0.3625,62,0.775,0.5,0.4666666666666667
0.625,0.6266666666666667,"{""rbf_svm"": {""clf__C"": 3.3333333333333335, ""clf__class_weight"": ""balanced"", ""clf__gamma"": 0.00030000000000000003}, ""logreg"": {""clf__C"": 0.1}, ""hgb"": {""clf__learning_rate"": 0.05, ""clf__max_depth"": 3, ""clf__max_iter"": 200}}",0.22942113372792883,"[[62, 38], [22, 38]]",valence,0.6163682864450128,0.625,0.6307544757033249,22,0.36666666666666664,,38,0.38,0.240506329113924,0.6499262213434142,0.24559613253766907,subject_dependent,soft_vote,0.7380952380952381,0.5,0.5565527273384199,0.6190476190476191,0.625,0.6488095238095238,0.6266666666666667,0.625,0.625,0.6911666666666666,62,0.62,38,0.6333333333333333,0.625,0.6190476190476191
0.55625,0.5616666666666668,"{""rbf_svm"": {""clf__C"": 30.0, ""clf__class_weight"": ""balanced"", ""clf__gamma"": 0.00030000000000000003}, ""logreg"": {""clf__C"": 1.0}, ""hgb"": {""clf__learning_rate"": 0.1, ""clf__max_depth"": null, ""clf__max_iter"": 200}}",0.3161985113318753,"[[54, 46], [25, 35]]",valence,0.5499029280082413,0.55625,0.5632651848329966,25,0.4166666666666667,,46,0.46,0.11526479750778817,1.1147187939170269,0.11942631705357051,subject_dependent,soft_vote,0.6835443037974683,0.43209876543209874,0.39419250073389867,0.5578215346147836,0.55625,0.5892522269104548,0.5616666666666668,0.55625,0.55625,0.5703333333333334,54,0.54,35,0.5833333333333334,0.625,0.6190476190476191
0.38125,0.4875,"{""rbf_svm"": {""clf__C"": 30.0, ""clf__class_weight"": ""balanced"", ""clf__gamma"": 0.00030000000000000003}, ""logreg"": {""clf__C"": 1.0}, ""hgb"": {""clf__learning_rate"": 0.1, ""clf__max_depth"": 5, ""clf__max_iter"": 200}}",0.4748128995969939,"[[33, 87], [12, 28]]",valence,0.38064516129032255,0.38125,0.3903225806451613,12,0.3,,87,0.725,-0.01538461538461533,1.5331936258793437,-0.024077170617153837,subject_dependent,soft_vote,0.7333333333333333,0.24347826086956523,0.24735652592183283,0.48840579710144927,0.38125,0.6108695652173913,0.4875,0.38125,0.38125,0.42000000000000004,33,0.275,28,0.7,0.25,0.25
0.4875,0.5333333333333333,"{""rbf_svm"": {""clf__C"": 30.0, ""clf__class_weight"": ""balanced"", ""clf__gamma"": 0.00030000000000000003}, ""logreg"": {""clf__C"": 10.0}, ""hgb"": {""clf__learning_rate"": 0.1, ""clf__max_depth"": 5, ""clf__max_iter"": 200}}",0.37953977018769836,"[[53, 67], [15, 25]]",valence,0.47130883301096066,0.4875,0.5175693101225016,15,0.375,,67,0.5583333333333333,0.046511627906976716,1.1809970809836285,0.058395716247378375,subject_dependent,soft_vote,0.7794117647058824,0.2717391304347826,0.3691700223381347,0.5255754475703325,0.4875,0.6524936061381075,0.5333333333333333,0.4875,0.4875,0.5458333333333334,53,0.44166666666666665,25,0.625,0.5,0.5
0.5875,0.5875,"{""rbf_svm"": {""clf__C"": 30.0, ""clf__class_weight"": ""balanced"", ""clf__gamma"": 0.00030000000000000003}, ""logreg"": {""clf__C"": 10.0}, ""hgb"": {""clf__learning_rate"": 0.05, ""clf__max_depth"": null, ""clf__max_iter"": 200}}",0.31154853000433064,"[[69, 11], [55, 25]]",valence,0.5537525354969575,0.5875,0.5537525354969575,55,0.6875,,11,0.1375,0.17500000000000004,1.0809261591247776,0.20953951903123738,subject_dependent,soft_vote,0.5564516129032258,0.6944444444444444,0.6316948543748315,0.6254480286738351,0.5875,0.6254480286738351,0.5875,0.5875,0.5875,0.6409375,69,0.8625,25,0.3125,0.5,0.3333333333333333
0.4125,0.4166666666666667,"{""rbf_svm"": {""clf__C"": 30.0, ""clf__class_weight"": null, ""clf__gamma"": 0.00030000000000000003}, ""logreg"": {""clf__C"": 10.0}, ""hgb"": {""clf__learning_rate"": 0.05, ""clf__max_depth"": null, ""clf__max_iter"": 200}}",0.43410030100259506,"[[26, 34], [60, 40]]",valence,0.4079672492520863,0.4125,0.42091796567469686,60,0.6,,34,0.5666666666666667,-0.15337423312883436,1.375324241488256,-0.16183009509158602,subject_dependent,soft_vote,0.3023255813953488,0.5405405405405406,0.5545911331219499,0.4214330609679447,0.4125,0.4512099308610937,0.4166666666666667,0.4125,0.4125,0.39583333333333337,26,0.43333333333333335,40,0.4,0.25,0.25
0.6625,0.62,"{""rbf_svm"": {""clf__C"": 30.0, ""clf__class_weight"": ""balanced"", ""clf__gamma"": 0.0001}, ""logreg"": {""clf__C"": 0.1}, ""hgb"": {""clf__learning_rate"": 0.05, ""clf__max_depth"": null, ""clf__max_iter"": 400}}",0.25522066900752466,"[[27, 33], [21, 79]]",arousal,0.6226415094339622,0.6625,0.6533018867924528,21,0.21,,33,0.55,0.25,0.7919383231715589,0.253546276418555,subject_dependent,soft_vote,0.5625,0.7053571428571429,0.7948610417283691,0.6339285714285714,0.6625,0.6517857142857143,0.62,0.6625,0.6625,0.6748333333333333,27,0.45,79,0.79,0.625,0.5636363636363637
0.56875,0.5816666666666667,"{""rbf_svm"": {""clf__C"": 10.0, ""clf__class_weight"": ""balanced"", ""clf__gamma"": 0.00030000000000000003}, ""logreg"": {""clf__C"": 0.1}, ""hgb"": {""clf__learning_rate"": 0.1, ""clf__max_depth"": null, ""clf__max_iter"": 200}}",0.31483940523353926,"[[38, 22], [47, 53]]",arousal,0.5649261083743843,0.56875,0.5751231527093597,47,0.47,,22,0.36666666666666664,0.15076923076923077,1.048208320387818,0.15845660835707087,subject_dependent,soft_vote,0.4470588235294118,0.7066666666666667,0.7526181800897471,0.5768627450980393,0.56875,0.6093137254901961,0.5816666666666667,0.56875,0.56875,0.5956666666666667,38,0.6333333333333333,53,0.53,0.625,0.6190476190476191
0.675,0.6166666666666667,"{""rbf_svm"": {""clf__C"": 30.0, ""clf__class_weight"": ""balanced"", ""clf__gamma"": 0.0001}, ""logreg"": {""clf__C"": 1.0}, ""hgb"": {""clf__learning_rate"": 0.05, ""clf__max_depth"": null, ""clf__max_iter"": 400}}",0.24740580206614213,"[[20, 20], [32, 88]]",arousal,0.6033562166285278,0.675,0.6876430205949656,32,0.26666666666666666,,20,0.5,0.21212121212121215,0.7475020035209765,0.215716742976478,subject_dependent,soft_vote,0.38461538461538464,0.8148148148148148,0.8029124616487266,0.5997150997150997,0.675,0.7072649572649572,0.6166666666666667,0.675,0.675,0.5916666666666667,20,0.5,88,0.7333333333333333,0.75,0.6666666666666667
0.65625,0.7392857142857143,"{""rbf_svm"": {""clf__C"": 30.0, ""clf__class_weight"": ""balanced"", ""clf__gamma"": 0.00030000000000000003}, ""logreg"": {""clf__C"": 10.0}, ""hgb"": {""clf__learning_rate"": 0.05, ""clf__max_depth"": 5, ""clf__max_iter"": 200}}",0.26700587634256595,"[[17, 3], [52, 88]]",arousal,0.5719636169074371,0.65625,0.7144194756554307,52,0.37142857142857144,,3,0.15,0.23344947735191635,0.8432411814603903,0.31958069814792794,subject_dependent,soft_vote,0.2463768115942029,0.967032967032967,0.9590368808877034,0.606704889313585,0.65625,0.8769509476031215,0.7392857142857143,0.65625,0.65625,0.7339285714285715,17,0.85,88,0.6285714285714286,0.75,0.6666666666666667
0.58125,0.5616666666666666,"{""rbf_svm"": {""clf__C"": 30.0, ""clf__class_weight"": ""balanced"", ""clf__gamma"": 0.0001}, ""logreg"": {""clf__C"": 10.0}, ""hgb"": {""clf__learning_rate"": 0.05, ""clf__max_depth"": 3, ""clf__max_iter"": 200}}",0.2863745218015571,"[[29, 31], [36, 64]]",arousal,0.5602051282051282,0.58125,0.5842564102564103,36,0.36,,31,0.5166666666666667,0.12131147540983611,0.8526385322159976,0.12157313432890224,subject_dependent,soft_vote,0.4461538461538462,0.6736842105263158,0.7617464747511336,0.559919028340081,0.58125,0.5883603238866397,0.5616666666666666,0.58125,0.58125,0.5990000000000001,29,0.48333333333333334,64,0.64,0.5,0.4666666666666667
0.625,0.625,"{""rbf_svm"": {""clf__C"": 30.0, ""clf__class_weight"": ""balanced"", ""clf__gamma"": 0.00030000000000000003}, ""logreg"": {""clf__C"": 0.1}, ""hgb"": {""clf__learning_rate"": 0.1, ""clf__max_depth"": null, ""clf__max_iter"": 400}}",0.25555900281858335,"[[39, 41], [19, 61]]",arousal,0.617773530817009,0.625,0.617773530817009,19,0.2375,,41,0.5125,0.25,0.7403597747530307,0.2600254837461719,subject_dependent,soft_vote,0.6724137931034483,0.5980392156862745,0.7427766014775024,0.6352265043948614,0.625,0.6352265043948615,0.625,0.625,0.625,0.7051562499999998,39,0.4875,61,0.7625,0.625,0.6190476190476191
0.6375,0.6166666666666667,"{""rbf_svm"": {""clf__C"": 30.0, ""clf__class_weight"": ""balanced"", ""clf__gamma"": 0.00030000000000000003}, ""logreg"": {""clf__C"": 1.0}, ""hgb"": {""clf__learning_rate"": 0.05, ""clf__max_depth"": 3, ""clf__max_iter"": 400}}",0.23499617145618146,"[[32, 28], [30, 70]]",arousal,0.6158304355025667,0.6375,0.6386405033946019,30,0.3,,28,0.4666666666666667,0.23178807947019864,0.6738688044663682,0.23186944788008415,subject_dependent,soft_vote,0.5161290322580645,0.7142857142857143,0.8125098765052543,0.6152073732718895,0.6375,0.6399769585253456,0.6166666666666667,0.6375,0.6375,0.7066666666666666,32,0.5333333333333333,70,0.7,0.625,0.6190476190476191
0.525,0.525,"{""rbf_svm"": {""clf__C"": 30.0, ""clf__class_weight"": ""balanced"", ""clf__gamma"": 0.00030000000000000003}, ""logreg"": {""clf__C"": 10.0}, ""hgb"": {""clf__learning_rate"": 0.05, ""clf__max_depth"": null, ""clf__max_iter"": 200}}",0.33672109953206353,"[[40, 40], [36, 44]]",arousal,0.5247029393370857,0.525,0.5247029393370857,36,0.45,,40,0.5,0.050000000000000044,1.0818167179879725,0.05006261743217589,subject_dependent,soft_vote,0.5263157894736842,0.5238095238095238,0.5721628492426407,0.525062656641604,0.525,0.525062656641604,0.525,0.525,0.525,0.55359375,40,0.5,44,0.55,0.5,0.5
0.54375,0.5616666666666666,"{""rbf_svm"": {""clf__C"": 30.0, ""clf__class_weight"": ""balanced"", ""clf__gamma"": 0.0001}, ""logreg"": {""clf__C"": 10.0}, ""hgb"": {""clf__learning_rate"": 0.05, ""clf__max_depth"": 3, ""clf__max_iter"": 400}}",0.3168167226977088,"[[49, 51], [22, 38]]",arousal,0.541583264649319,0.54375,0.5494623022881588,22,0.36666666666666664,,51,0.51,0.11246200607902734,0.9666151490398655,0.12017992173673601,subject_dependent,soft_vote,0.6901408450704225,0.42696629213483145,0.49854390497869694,0.558553568602627,0.54375,0.5914503877195759,0.5616666666666666,0.54375,0.54375,0.6071666666666667,49,0.49,38,0.6333333333333333,0.625,0.6190476190476191
0.5375,0.5333333333333334,"{""rbf_svm"": {""clf__C"": 10.0, ""clf__class_weight"": ""balanced"", ""clf__gamma"": 0.00030000000000000003}, ""logreg"": {""clf__C"": 10.0}, ""hgb"": {""clf__learning_rate"": 0.1, ""clf__max_depth"": 3, ""clf__max_iter"": 400}}",0.322227646191691,"[[31, 29], [45, 55]]",arousal,0.5268542199488491,0.5375,0.5445971867007673,45,0.45,,29,0.48333333333333334,0.06329113924050633,0.9511878053856693,0.06463056119412344,subject_dependent,soft_vote,0.40789473684210525,0.6547619047619048,0.6282386205258171,0.531328320802005,0.5375,0.56218671679198,0.5333333333333334,0.5375,0.5375000000000001,0.5216666666666667,31,0.5166666666666667,55,0.55,0.5,0.5
0.625,0.5933333333333333,"{""rbf_svm"": {""clf__C"": 3.3333333333333335, ""clf__class_weight"": ""balanced"", ""clf__gamma"": 0.0001}, ""logreg"": {""clf__C"": 0.1}, ""hgb"": {""clf__learning_rate"": 0.05, ""clf__max_depth"": 3, ""clf__max_iter"": 200}}",0.23480991050644578,"[[28, 32], [28, 72]]",arousal,0.5943204868154158,0.625,0.622210953346856,28,0.28,,32,0.5333333333333333,0.18918918918918914,0.6659564506486294,0.18946618668626836,subject_dependent,soft_vote,0.5,0.6923076923076923,0.7740332755259515,0.5961538461538461,0.625,0.6201923076923077,0.5933333333333333,0.625,0.625,0.6453333333333332,28,0.4666666666666667,72,0.72,0.75,0.7333333333333334
0.6125,0.55,"{""rbf_svm"": {""clf__C"": 3.3333333333333335, ""clf__class_weight"": ""balanced"", ""clf__gamma"": 0.0001}, ""logreg"": {""clf__C"": 1.0}, ""hgb"": {""clf__learning_rate"": 0.1, ""clf__max_depth"": 5, ""clf__max_iter"": 200}}",0.24845401854965427,"[[81, 39], [23, 17]]",arousal,0.5386904761904762,0.6125,0.6309523809523809,23,0.575,,39,0.325,0.08823529411764708,0.707009819863307,0.09078412990032037,subject_dependent,soft_vote,0.7788461538461539,0.30357142857142855,0.34409372039186487,0.5412087912087912,0.6125,0.6600274725274725,0.55,0.6125,0.6125,0.585625,81,0.675,17,0.425,0.75,0.6666666666666667
0.69375,0.6516666666666666,"{""rbf_svm"": {""clf__C"": 3.3333333333333335, ""clf__class_weight"": ""balanced"", ""clf__gamma"": 0.0001}, ""logreg"": {""clf__C"": 10.0}, ""hgb"": {""clf__learning_rate"": 0.1, ""clf__max_depth"": 3, ""clf__max_iter"": 400}}",0.20594304047866757,"[[82, 18], [31, 29]]",arousal,0.6560045632047737,0.69375,0.6844916853143784,31,0.5166666666666667,,18,0.18,0.31707317073170727,0.6024862786714029,0.32240933816243217,subject_dependent,soft_vote,0.7256637168141593,0.6170212765957447,0.6623263780244305,0.6713424967049519,0.69375,0.6849228017322538,0.6516666666666666,0.69375,0.69375,0.722,82,0.82,29,0.48333333333333334,0.75,0.6666666666666667
0.525,0.525,"{""rbf_svm"": {""clf__C"": 3.3333333333333335, ""clf__class_weight"": ""balanced"", ""clf__gamma"": 0.0001}, ""logreg"": {""clf__C"": 0.1}, ""hgb"": {""clf__learning_rate"": 0.1, ""clf__max_depth"": null, ""clf__max_iter"": 200}}",,"[[84, 76], [0, 0]]",arousal,0.3442622950819672,0.525,0.6885245901639344,,,,,,0.0,,0.0,subject_dependent,soft_vote,,,0.0,0.5,0.525,1.0,0.2625,0.525,0.525,nan,,,,,0.5,0.3333333333333333
0.4375,0.55,"{""rbf_svm"": {""clf__C"": 3.3333333333333335, ""clf__class_weight"": ""balanced"", ""clf__gamma"": 0.00030000000000000003}, ""logreg"": {""clf__C"": 0.1}, ""hgb"": {""clf__learning_rate"": 0.05, ""clf__max_depth"": 5, ""clf__max_iter"": 200}}",0.3672167965106269,"[[14, 6], [84, 56]]",arousal,0.39587179056888744,0.4375,0.5148095318006377,84,0.6,,6,0.3,0.03743315508021394,1.0628352224385051,0.06788442333021306,subject_dependent,soft_vote,0.14285714285714285,0.9032258064516129,0.9069840332958765,0.5230414746543779,0.4375,0.808179723502304,0.55,0.4375,0.4375,0.5049999999999999,14,0.7,56,0.4,0.5,0.4666666666666667
0.4625,0.4083333333333333,"{""rbf_svm"": {""clf__C"": 30.0, ""clf__class_weight"": ""balanced"", ""clf__gamma"": 0.00030000000000000003}, ""logreg"": {""clf__C"": 10.0}, ""hgb"": {""clf__learning_rate"": 0.1, ""clf__max_depth"": null, ""clf__max_iter"": 400}}",0.3372253278211176,"[[12, 28], [58, 62]]",arousal,0.4043290043290043,0.4625,0.4974025974025974,58,0.48333333333333334,,28,0.7,-0.14666666666666672,0.9415571680052375,-0.16002645283972775,subject_dependent,soft_vote,0.17142857142857143,0.6888888888888889,0.7216265522349541,0.4301587301587302,0.4625,0.5595238095238095,0.4083333333333333,0.4625,0.4625,0.4141666666666667,12,0.3,62,0.5166666666666667,0.625,0.5636363636363637
0.4875,0.5366666666666666,"{""rbf_svm"": {""clf__C"": 30.0, ""clf__class_weight"": ""balanced"", ""clf__gamma"": 0.00030000000000000003}, ""logreg"": {""clf__C"": 1.0}, ""hgb"": {""clf__learning_rate"": 0.05, ""clf__max_depth"": 5, ""clf__max_iter"": 400}}",0.3132448256894317,"[[44, 16], [66, 34]]",arousal,0.48549019607843136,0.4875,0.47745098039215683,66,0.66,,16,0.26666666666666666,0.06285714285714283,0.8678487184501588,0.07659416862050705,subject_dependent,soft_vote,0.4,0.68,0.7016526699027773,0.54,0.4875,0.575,0.5366666666666666,0.4875,0.4875,0.6061666666666666,44,0.7333333333333333,34,0.34,0.375,0.2727272727272727
0.45625,0.4816666666666667,"{""rbf_svm"": {""clf__C"": 30.0, ""clf__class_weight"": ""balanced"", ""clf__gamma"": 0.00030000000000000003}, ""logreg"": {""clf__C"": 1.0}, ""hgb"": {""clf__learning_rate"": 0.05, ""clf__max_depth"": 5, ""clf__max_iter"": 200}}",0.339095170025779,"[[35, 25], [62, 38]]",arousal,0.4560587706615607,0.45625,0.4586084951740846,62,0.62,,25,0.4166666666666667,-0.03264094955489605,0.9270128757806593,-0.03633213454280345,subject_dependent,soft_vote,0.36082474226804123,0.6031746031746031,0.6205149788901723,0.48199967272132216,0.45625,0.5122934053346425,0.4816666666666667,0.45625,0.45625,0.49083333333333334,35,0.5833333333333334,38,0.38,0.375,0.36507936507936506
0.51875,0.5375,"{""rbf_svm"": {""clf__C"": 3.3333333333333335, ""clf__class_weight"": ""balanced"", ""clf__gamma"": 0.00030000000000000003}, ""logreg"": {""clf__C"": 1.0}, ""hgb"": {""clf__learning_rate"": 0.1, ""clf__max_depth"": null, ""clf__max_iter"": 400}}",0.2934315070031622,"[[60, 60], [17, 23]]",arousal,0.49156039783748096,0.51875,0.5503487268375221,17,0.425,,60,0.5,0.05521472392638038,0.8123059117186615,0.06499762281559937,subject_dependent,soft_vote,0.7792207792207793,0.27710843373493976,0.2604636256230422,0.5281646064778596,0.51875,0.6536926928493194,0.5375,0.51875,0.51875,0.5304166666666668,60,0.5,23,0.575,0.625,0.6190476190476191
0.38125,0.425,"{""rbf_svm"": {""clf__C"": 3.3333333333333335, ""clf__class_weight"": ""balanced"", ""clf__gamma"": 0.00030000000000000003}, ""logreg"": {""clf__C"": 10.0}, ""hgb"": {""clf__learning_rate"": 0.1, ""clf__max_depth"": null, ""clf__max_iter"": 200}}",0.37723369444278865,"[[36, 24], [75, 25]]",arousal,0.3783115506888025,0.38125,0.36762628046626633,75,0.75,,24,0.4,-0.1282051282051282,1.027390727205939,-0.1575459904486731,subject_dependent,soft_vote,0.32432432432432434,0.5102040816326531,0.5689905721821874,0.4172642029784887,0.38125,0.4404991726420298,0.425,0.38125,0.38125,0.42133333333333334,36,0.6,25,0.25,0.375,0.36507936507936506
0.35625,0.40166666666666667,"{""rbf_svm"": {""clf__C"": 3.3333333333333335, ""clf__class_weight"": ""balanced"", ""clf__gamma"": 0.0001}, ""logreg"": {""clf__C"": 0.1}, ""hgb"": {""clf__learning_rate"": 0.05, ""clf__max_depth"": 3, ""clf__max_iter"": 400}}",0.4159114439200614,"[[35, 25], [78, 22]]",arousal,0.35197200267390194,0.35625,0.3388089339782156,78,0.78,,25,0.4166666666666667,-0.16713881019830024,1.2040681870970926,-0.20903462584157692,subject_dependent,soft_vote,0.30973451327433627,0.46808510638297873,0.55371869329476,0.3889098098286575,0.35625,0.40870363396723786,0.40166666666666667,0.35625,0.35625,0.3893333333333333,35,0.5833333333333334,22,0.22,0.375,0.36507936507936506
0.475,0.42666666666666664,"{""rbf_svm"": {""clf__C"": 3.3333333333333335, ""clf__class_weight"": ""balanced"", ""clf__gamma"": 0.0001}, ""logreg"": {""clf__C"": 0.1}, ""hgb"": {""clf__learning_rate"": 0.1, ""clf__max_depth"": null, ""clf__max_iter"": 400}}",0.3164366369654187,"[[62, 38], [46, 14]]",arousal,0.4230769230769231,0.475,0.46634615384615385,46,0.7666666666666667,,38,0.38,-0.15068493150684925,0.8531806471845591,-0.15159800894236589,subject_dependent,soft_vote,0.5740740740740741,0.2692307692307692,0.3467773745082893,0.42165242165242167,0.475,0.4597578347578347,0.42666666666666664,0.475,0.475,0.437,62,0.62,14,0.23333333333333334,0.5,0.3333333333333333
0.56875,0.5316666666666667,"{""rbf_svm"": {""clf__C"": 3.3333333333333335, ""clf__class_weight"": ""balanced"", ""clf__gamma"": 0.0001}, ""logreg"": {""clf__C"": 0.1}, ""hgb"": {""clf__learning_rate"": 0.05, ""clf__max_depth"": null, ""clf__max_iter"": 200}}",0.2531891312148241,"[[68, 32], [37, 23]]",arousal,0.5317073170731708,0.56875,0.5646341463414635,37,0.6166666666666667,,32,0.32,0.06440677966101693,0.7040436066866047,0.06455531091543257,subject_dependent,soft_vote,0.6476190476190476,0.41818181818181815,0.42107896671654477,0.5329004329004329,0.56875,0.5615800865800866,0.5316666666666667,0.56875,0.56875,0.6114999999999999,68,0.68,23,0.38333333333333336,0.625,0.5636363636363637
0.34375,0.36833333333333335,"{""rbf_svm"": {""clf__C"": 3.3333333333333335, ""clf__class_weight"": ""balanced"", ""clf__gamma"": 0.0001}, ""logreg"": {""clf__C"": 0.1}, ""hgb"": {""clf__learning_rate"": 0.1, ""clf__max_depth"": null, ""clf__max_iter"": 400}}",0.4354005476699738,"[[28, 32], [73, 27]]",arousal,0.3437243642329778,0.34375,0.3426989335520919,73,0.73,,32,0.5333333333333333,-0.23167155425219943,1.2256340532774863,-0.2642376930474325,subject_dependent,soft_vote,0.27722772277227725,0.4576271186440678,0.5141058175159098,0.3674274207081725,0.34375,0.38997734519214633,0.36833333333333335,0.34375,0.34375,0.33666666666666667,28,0.4666666666666667,27,0.27,0.25,0.25
0.50625,0.5616666666666666,"{""rbf_svm"": {""clf__C"": 3.3333333333333335, ""clf__class_weight"": ""balanced"", ""clf__gamma"": 0.0001}, ""logreg"": {""clf__C"": 10.0}, ""hgb"": {""clf__learning_rate"": 0.05, ""clf__max_depth"": null, ""clf__max_iter"": 400}}",0.32648897141331934,"[[47, 13], [66, 34]]",arousal,0.5029688175848374,0.50625,0.4928728716920293,66,0.66,,13,0.21666666666666667,0.10481586402266285,0.9031988297589681,0.1310895111209889,subject_dependent,soft_vote,0.415929203539823,0.723404255319149,0.6834021005352631,0.5696667294294859,0.50625,0.6081011109019018,0.5616666666666666,0.50625,0.50625,0.6214999999999999,47,0.7833333333333333,34,0.34,0.375,0.2727272727272727
0.35625,0.4375,"{""rbf_svm"": {""clf__C"": 30.0, ""clf__class_weight"": ""balanced"", ""clf__gamma"": 0.00030000000000000003}, ""logreg"": {""clf__C"": 0.1}, ""hgb"": {""clf__learning_rate"": 0.1, ""clf__max_depth"": 5, ""clf__max_iter"": 200}}",0.4057465793652252,"[[24, 16], [87, 33]]",arousal,0.3542066695403425,0.35625,0.37236960695952037,87,0.725,,16,0.4,-0.07853403141361248,1.145309168142155,-0.1174278480752552,subject_dependent,soft_vote,0.21621621621621623,0.673469387755102,0.6973103502332608,0.4448428019856591,0.35625,0.5591560948703805,0.4375,0.35625,0.35625,0.42458333333333326,24,0.6,33,0.275,0.25,0.25
0.65,0.5933333333333333,"{""rbf_svm"": {""clf__C"": 10.0, ""clf__class_weight"": ""balanced"", ""clf__gamma"": 0.00030000000000000003}, ""logreg"": {""clf__C"": 10.0}, ""hgb"": {""clf__learning_rate"": 0.1, ""clf__max_depth"": 3, ""clf__max_iter"": 400}}",0.24415956037779582,"[[82, 18], [38, 22]]",arousal,0.5927272727272728,0.65,0.6309090909090909,38,0.6333333333333333,,18,0.18,0.19999999999999996,0.7438440903693222,0.20869967789998037,subject_dependent,soft_vote,0.6833333333333333,0.55,0.5022934503319355,0.6166666666666667,0.65,0.6333333333333333,0.5933333333333333,0.65,0.65,0.6266666666666667,82,0.82,22,0.36666666666666664,0.75,0.6666666666666667
0.54375,0.54375,"{""rbf_svm"": {""clf__C"": 30.0, ""clf__class_weight"": ""balanced"", ""clf__gamma"": 0.00030000000000000003}, ""logreg"": {""clf__C"": 0.1}, ""hgb"": {""clf__learning_rate"": 0.05, ""clf__max_depth"": null, ""clf__max_iter"": 400}}",0.3362834931666465,"[[62, 18], [55, 25]]",arousal,0.5179728447030663,0.54375,0.5179728447030663,55,0.6875,,18,0.225,0.08750000000000002,1.0163717967457935,0.09868948470215651,subject_dependent,soft_vote,0.5299145299145299,0.5813953488372093,0.5491876786784411,0.5556549393758696,0.54375,0.5556549393758696,0.54375,0.54375,0.54375,0.5359375,62,0.775,25,0.3125,0.5,0.3333333333333333
0.51875,0.51875,"{""rbf_svm"": {""clf__C"": 3.3333333333333335, ""clf__class_weight"": ""balanced"", ""clf__gamma"": 0.0001}, ""logreg"": {""clf__C"": 10.0}, ""hgb"": {""clf__learning_rate"": 0.05, ""clf__max_depth"": 3, ""clf__max_iter"": 200}}",0.295036012302224,"[[68, 12], [65, 15]]",arousal,0.45943574217893024,0.51875,0.45943574217893024,65,0.8125,,12,0.15,0.03749999999999998,0.8124340050647199,0.05006261743217589,subject_dependent,soft_vote,0.5112781954887218,0.5555555555555556,0.5326382831419322,0.5334168755221387,0.51875,0.5334168755221387,0.51875,0.51875,0.51875,0.56140625,68,0.85,15,0.1875,0.5,0.3333333333333333
0.4125,0.43333333333333335,"{""rbf_svm"": {""clf__C"": 30.0, ""clf__class_weight"": ""balanced"", ""clf__gamma"": 0.00030000000000000003}, ""logreg"": {""clf__C"": 1.0}, ""hgb"": {""clf__learning_rate"": 0.05, ""clf__max_depth"": 5, ""clf__max_iter"": 200}}",0.3642558174259266,"[[47, 73], [21, 19]]",arousal,0.3939393939393939,0.4125,0.44696969696969696,21,0.525,,73,0.6083333333333333,-0.09302325581395343,1.0156627832006673,-0.11679143249475675,subject_dependent,soft_vote,0.6911764705882353,0.20652173913043478,0.2843301773684066,0.44884910485933505,0.4125,0.5700127877237852,0.43333333333333335,0.4125,0.4125,0.4897916666666666,47,0.39166666666666666,19,0.475,0.375,0.36507936507936506
0.49375,0.5208333333333333,"{""rbf_svm"": {""clf__C"": 10.0, ""clf__class_weight"": ""balanced"", ""clf__gamma"": 0.00030000000000000003}, ""logreg"": {""clf__C"": 0.1}, ""hgb"": {""clf__learning_rate"": 0.05, ""clf__max_depth"": 3, ""clf__max_iter"": 200}}",0.29311589527488824,"[[23, 17], [64, 56]]",arousal,0.47125780261923217,0.49375,0.5257843417241238,64,0.5333333333333333,,17,0.425,0.029940119760479056,0.8072447966886382,0.03622332568202595,subject_dependent,soft_vote,0.26436781609195403,0.7671232876712328,0.8284730321500012,0.5157455518815934,0.49375,0.6414344197764132,0.5208333333333333,0.49375,0.49375,0.5656249999999999,23,0.575,56,0.4666666666666667,0.375,0.36507936507936506
0.4375,0.4375,"{""rbf_svm"": {""clf__C"": 10.0, ""clf__class_weight"": ""balanced"", ""clf__gamma"": 0.00030000000000000003}, ""logreg"": {""clf__C"": 10.0}, ""hgb"": {""clf__learning_rate"": 0.05, ""clf__max_depth"": 5, ""clf__max_iter"": 400}}",0.38765037311016626,"[[36, 44], [46, 34]]",arousal,0.43741209563994377,0.4375,0.43741209563994377,46,0.575,,44,0.55,-0.125,1.132041672731391,-0.12503908082008883,subject_dependent,soft_vote,0.43902439024390244,0.4358974358974359,0.4152231628355541,0.43746091307066914,0.4375,0.4374609130706692,0.4375,0.4375,0.4375,0.3767187500000001,36,0.45,34,0.425,0.625,0.6190476190476191
0.45,0.45,"{""rbf_svm"": {""clf__C"": 10.0, ""clf__class_weight"": ""balanced"", ""clf__gamma"": 0.00030000000000000003}, ""logreg"": {""clf__C"": 0.1}, ""hgb"": {""clf__learning_rate"": 0.1, ""clf__max_depth"": 5, ""clf__max_iter"": 200}}",0.2982843921396593,"[[23, 57], [31, 49]]",arousal,0.43508265125982987,0.45,0.43508265125982987,31,0.3875,,57,0.7125,-0.10000000000000009,0.8110300400445272,-0.10574021142908588,subject_dependent,soft_vote,0.42592592592592593,0.46226415094339623,0.549088517184133,0.4440950384346611,0.45,0.444095038434661,0.45,0.45,0.45,0.4926562500000001,23,0.2875,49,0.6125,0.375,0.2727272727272727
0.5,0.5266666666666666,"{""rbf_svm"": {""clf__C"": 30.0, ""clf__class_weight"": ""balanced"", ""clf__gamma"": 0.0001}, ""logreg"": {""clf__C"": 0.1}, ""hgb"": {""clf__learning_rate"": 0.05, ""clf__max_depth"": 5, ""clf__max_iter"": 200}}",0.28099844693571596,"[[42, 58], [22, 38]]",arousal,0.4996873045653534,0.5,0.5028142589118199,22,0.36666666666666664,,58,0.58,0.04761904761904767,0.7726807970769917,0.052704627669472995,subject_dependent,soft_vote,0.65625,0.3958333333333333,0.6089570107418588,0.5260416666666666,0.5,0.55859375,0.5266666666666666,0.5,0.5,0.6168333333333333,42,0.42,38,0.6333333333333333,0.625,0.6190476190476191
0.66875,0.6291666666666667,"{""rbf_svm"": {""clf__C"": 30.0, ""clf__class_weight"": ""balanced"", ""clf__gamma"": 0.00030000000000000003}, ""logreg"": {""clf__C"": 10.0}, ""hgb"": {""clf__learning_rate"": 0.1, ""clf__max_depth"": null, ""clf__max_iter"": 400}}",0.22417004031084353,"[[22, 18], [35, 85]]",arousal,0.6079700429938514,0.66875,0.685150940779437,35,0.2916666666666667,,18,0.45,0.22627737226277367,0.6472207990915934,0.23358504076935263,subject_dependent,soft_vote,0.38596491228070173,0.8252427184466019,0.8806431224782343,0.6056038153636518,0.66875,0.7154232669051269,0.6291666666666667,0.66875,0.66875,0.6922916666666666,22,0.55,85,0.7083333333333334,0.75,0.6666666666666667
0.2625,0.425,"{""rbf_svm"": {""clf__C"": 3.3333333333333335, ""clf__class_weight"": ""balanced"", ""clf__gamma"": 0.0001}, ""logreg"": {""clf__C"": 0.1}, ""hgb"": {""clf__learning_rate"": 0.1, ""clf__max_depth"": 3, ""clf__max_iter"": 400}}",0.4984912518650365,"[[30, 10], [108, 12]]",arousal,0.2530463680962177,0.2625,0.21103022630163001,108,0.9,,10,0.25,-0.08256880733944949,1.3930356423811432,-0.18860838403857946,subject_dependent,soft_vote,0.21739130434782608,0.5454545454545454,0.648207073805223,0.38142292490118573,0.2625,0.4634387351778656,0.425,0.2625,0.2625,0.3120833333333333,30,0.75,12,0.1,0.25,0.2
0.35625,0.35625,"{""rbf_svm"": {""clf__C"": 3.3333333333333335, ""clf__class_weight"": ""balanced"", ""clf__gamma"": 0.00030000000000000003}, ""logreg"": {""clf__C"": 0.1}, ""hgb"": {""clf__learning_rate"": 0.1, ""clf__max_depth"": null, ""clf__max_iter"": 200}}",0.38076352872178576,"[[31, 49], [54, 26]]",arousal,0.3556207233626588,0.35625,0.3556207233626588,54,0.675,,49,0.6125,-0.2875000000000001,1.0138203471465068,-0.2880631738991688,subject_dependent,soft_vote,0.36470588235294116,0.3466666666666667,0.4400291216866463,0.35568627450980395,0.35625,0.3556862745098039,0.35625,0.35625,0.35625,0.3134375,31,0.3875,26,0.325,0.25,0.25
0.44375,0.44375000000000003,"{""rbf_svm"": {""clf__C"": 3.3333333333333335, ""clf__class_weight"": ""balanced"", ""clf__gamma"": 0.0001}, ""logreg"": {""clf__C"": 0.1}, ""hgb"": {""clf__learning_rate"": 0.05, ""clf__max_depth"": 3, ""clf__max_iter"": 200}}",0.3244255344921155,"[[59, 21], [68, 12]]",arousal,0.3912188448548587,0.44375,0.3912188448548587,68,0.85,,21,0.2625,-0.11250000000000004,0.8794705149056246,-0.13902204704056847,subject_dependent,soft_vote,0.4645669291338583,0.36363636363636365,0.454328824016072,0.41410164638511093,0.44375,0.41410164638511093,0.44375000000000003,0.44375,0.44375,0.45859374999999997,59,0.7375,12,0.15,0.5,0.3333333333333333
0.55625,0.55625,"{""rbf_svm"": {""clf__C"": 3.3333333333333335, ""clf__class_weight"": ""balanced"", ""clf__gamma"": 0.0001}, ""logreg"": {""clf__C"": 10.0}, ""hgb"": {""clf__learning_rate"": 0.05, ""clf__max_depth"": 5, ""clf__max_iter"": 200}}",0.2635884339831396,"[[53, 27], [44, 36]]",arousal,0.5511832799968394,0.55625,0.5511832799968394,44,0.55,,27,0.3375,0.11250000000000004,0.725304703121317,0.11512943346800043,subject_dependent,soft_vote,0.5463917525773195,0.5714285714285714,0.595000620278369,0.5589101620029455,0.55625,0.5589101620029455,0.55625,0.55625,0.55625,0.5971875,53,0.6625,36,0.45,0.625,0.6190476190476191
0.45625,0.45416666666666666,"{""rbf_svm"": {""clf__C"": 30.0, ""clf__class_weight"": ""balanced"", ""clf__gamma"": 0.00030000000000000003}, ""logreg"": {""clf__C"": 10.0}, ""hgb"": {""clf__learning_rate"": 0.1, ""clf__max_depth"": null, ""clf__max_iter"": 200}}",0.33817083499194917,"[[55, 65], [22, 18]]",arousal,0.42552928067351736,0.45625,0.49195245759564193,22,0.55,,65,0.5416666666666666,-0.06748466257668717,0.9417357063805953,-0.07944153899684367,subject_dependent,soft_vote,0.7142857142857143,0.21686746987951808,0.23856742324858218,0.4655765920826162,0.45625,0.5899311531841652,0.45416666666666666,0.45625,0.45625,0.4579166666666667,55,0.4583333333333333,18,0.45,0.375,0.36507936507936506
0.625,0.69,"{""rbf_svm"": {""clf__C"": 30.0, ""clf__class_weight"": null, ""clf__gamma"": 0.00030000000000000003}, ""logreg"": {""clf__C"": 10.0}, ""hgb"": {""clf__learning_rate"": 0.1, ""clf__max_depth"": 3, ""clf__max_iter"": 400}}",0.2437831722919664,"[[57, 3], [57, 43]]",arousal,0.6221067548417571,0.625,0.6138403401039206,57,0.57,,3,0.05,0.3220338983050848,0.8211933676807665,0.4064694223485302,subject_dependent,soft_vote,0.5,0.9347826086956522,0.8991303274372983,0.7173913043478262,0.625,0.7717391304347826,0.69,0.625,0.625,0.7995,57,0.95,43,0.43,0.625,0.6190476190476191
0.55,0.5166666666666667,"{""rbf_svm"": {""clf__C"": 30.0, ""clf__class_weight"": null, ""clf__gamma"": 0.0001}, ""logreg"": {""clf__C"": 0.1}, ""hgb"": {""clf__learning_rate"": 0.1, ""clf__max_depth"": null, ""clf__max_iter"": 400}}",0.29415049708280105,"[[23, 37], [35, 65]]",arousal,0.5166974324551099,0.55,0.5484141634502433,35,0.35,,37,0.6166666666666667,0.03355704697986572,0.932684556642473,0.03356914560461503,subject_dependent,soft_vote,0.39655172413793105,0.6372549019607843,0.6715832478877117,0.5169033130493577,0.55,0.5469912102772143,0.5166666666666667,0.55,0.55,0.5521666666666667,23,0.38333333333333336,65,0.65,0.625,0.5636363636363637
0.58125,0.6625,"{""rbf_svm"": {""clf__C"": 30.0, ""clf__class_weight"": ""balanced"", ""clf__gamma"": 0.0001}, ""logreg"": {""clf__C"": 10.0}, ""hgb"": {""clf__learning_rate"": 0.05, ""clf__max_depth"": 3, ""clf__max_iter"": 400}}",0.25862782018760605,"[[33, 7], [60, 60]]",arousal,0.5689759157251417,0.58125,0.6053435728358328,60,0.5,,7,0.175,0.22543352601156075,0.7260199588633025,0.28524963937674713,subject_dependent,soft_vote,0.3548387096774194,0.8955223880597015,0.9131185981466616,0.6251805488685604,0.58125,0.7603514684641309,0.6625,0.58125,0.58125,0.7649999999999999,33,0.825,60,0.5,0.625,0.6190476190476191
0.6375,0.7583333333333333,"{""rbf_svm"": {""clf__C"": 30.0, ""clf__class_weight"": ""balanced"", ""clf__gamma"": 0.00030000000000000003}, ""logreg"": {""clf__C"": 0.1}, ""hgb"": {""clf__learning_rate"": 0.05, ""clf__max_depth"": null, ""clf__max_iter"": 200}}",0.2203313246588321,"[[40, 0], [58, 62]]",arousal,0.6305144131231089,0.6375,0.6559165472208951,58,0.48333333333333334,,0,0.0,0.348314606741573,0.6300511003596503,0.45922146480918835,subject_dependent,soft_vote,0.40816326530612246,1.0,0.9724316434335231,0.7040816326530612,0.6375,0.8520408163265307,0.7583333333333333,0.6375,0.6375,0.9152083333333333,40,1.0,62,0.5166666666666667,0.75,0.7333333333333334
0.54375,0.6458333333333333,"{""rbf_svm"": {""clf__C"": 30.0, ""clf__class_weight"": ""balanced"", ""clf__gamma"": 0.00030000000000000003}, ""logreg"": {""clf__C"": 1.0}, ""hgb"": {""clf__learning_rate"": 0.05, ""clf__max_depth"": null, ""clf__max_iter"": 200}}",0.3197320539534031,"[[53, 67], [6, 34]]",arousal,0.53722413724791,0.54375,0.5647014540988153,6,0.15,,67,0.5583333333333333,0.1933701657458563,1.0578403426857002,0.2617705131077518,subject_dependent,soft_vote,0.8983050847457628,0.33663366336633666,0.40083159367777005,0.6174693740560497,0.54375,0.7578872294009062,0.6458333333333333,0.54375,0.54375,0.6933333333333334,53,0.44166666666666665,34,0.85,0.625,0.6190476190476191
0.48125,0.545,"{""rbf_svm"": {""clf__C"": 10.0, ""clf__class_weight"": null, ""clf__gamma"": 0.00030000000000000003}, ""logreg"": {""clf__C"": 0.1}, ""hgb"": {""clf__learning_rate"": 0.1, ""clf__max_depth"": 3, ""clf__max_iter"": 200}}",0.41074617417009185,"[[29, 71], [12, 48]]",arousal,0.4738301834462538,0.48125,0.4582095170173145,12,0.2,,71,0.71,0.07520891364902504,1.4951543484263357,0.09980509803496619,subject_dependent,soft_vote,0.7073170731707317,0.40336134453781514,0.4102284904853632,0.5553392088542735,0.48125,0.593333674933388,0.545,0.48125,0.48125,0.5413333333333333,29,0.29,48,0.8,0.5,0.5
0.65,0.65,"{""rbf_svm"": {""clf__C"": 3.3333333333333335, ""clf__class_weight"": ""balanced"", ""clf__gamma"": 0.0001}, ""logreg"": {""clf__C"": 1.0}, ""hgb"": {""clf__learning_rate"": 0.1, ""clf__max_depth"": null, ""clf__max_iter"": 200}}",0.20580077893800658,"[[39, 21], [35, 65]]",arousal,0.6405071417108008,0.65,0.6551115390787995,35,0.35,,21,0.35,0.2866242038216561,0.587828117815012,0.29129417116485484,subject_dependent,soft_vote,0.527027027027027,0.7558139534883721,0.8615835644098756,0.6414204902576995,0.65,0.6700188560653676,0.65,0.65,0.65,0.7641666666666667,39,0.65,65,0.65,0.75,0.75
0.40625,0.23214285714285715,"{""rbf_svm"": {""clf__C"": 3.3333333333333335, ""clf__class_weight"": null, ""clf__gamma"": 0.0001}, ""logreg"": {""clf__C"": 0.1}, ""hgb"": {""clf__learning_rate"": 0.1, ""clf__max_depth"": null, ""clf__max_iter"": 400}}",0.4239170152238628,"[[0, 20], [75, 65]]",arousal,0.28888888888888886,0.40625,0.5055555555555555,75,0.5357142857142857,,20,1.0,-0.24590163934426235,1.2230920335434305,-0.35503580124836315,subject_dependent,soft_vote,0.0,0.7647058823529411,0.760578295709604,0.38235294117647056,0.40625,0.6691176470588235,0.23214285714285715,0.40625,0.40625,0.15285714285714286,0,0.0,65,0.4642857142857143,0.375,0.2727272727272727
0.525,0.525,"{""rbf_svm"": {""clf__C"": 3.3333333333333335, ""clf__class_weight"": ""balanced"", ""clf__gamma"": 0.0001}, ""logreg"": {""clf__C"": 0.1}, ""hgb"": {""clf__learning_rate"": 0.05, ""clf__max_depth"": 5, ""clf__max_iter"": 200}}",0.2935053530780211,"[[47, 33], [43, 37]]",arousal,0.5231372549019608,0.525,0.5231372549019608,43,0.5375,,33,0.4125,0.050000000000000044,0.8452013065936871,0.05039526306789696,subject_dependent,soft_vote,0.5222222222222223,0.5285714285714286,0.5569115768369652,0.5253968253968254,0.525,0.5253968253968254,0.525,0.525,0.525,0.56515625,47,0.5875,37,0.4625,0.5,0.4666666666666667
0.6625,0.6833333333333333,"{""rbf_svm"": {""clf__C"": 3.3333333333333335, ""clf__class_weight"": ""balanced"", ""clf__gamma"": 0.0001}, ""logreg"": {""clf__C"": 1.0}, ""hgb"": {""clf__learning_rate"": 0.1, ""clf__max_depth"": 5, ""clf__max_iter"": 400}}",0.21488421348702708,"[[60, 40], [14, 46]]",arousal,0.6598960793575814,0.6625,0.6673358526216344,14,0.23333333333333334,,40,0.4,0.33742331288343563,0.6086106458125925,0.35602620920148925,subject_dependent,soft_vote,0.8108108108108109,0.5348837209302325,0.7734543502312279,0.6728472658705217,0.6625,0.7073381521055939,0.6833333333333333,0.6625,0.6625,0.7946666666666665,60,0.6,46,0.7666666666666667,0.625,0.6190476190476191
0.58125,0.5916666666666667,"{""rbf_svm"": {""clf__C"": 30.0, ""clf__class_weight"": ""balanced"", ""clf__gamma"": 0.00030000000000000003}, ""logreg"": {""clf__C"": 10.0}, ""hgb"": {""clf__learning_rate"": 0.05, ""clf__max_depth"": 5, ""clf__max_iter"": 200}}",0.250670799847001,"[[55, 45], [22, 38]]",arousal,0.5764687290111019,0.58125,0.5877187783967445,22,0.36666666666666664,,45,0.45,0.1702786377708978,0.7194513128314751,0.1776366814341429,subject_dependent,soft_vote,0.7142857142857143,0.4578313253012048,0.551373888959251,0.5860585197934596,0.58125,0.6181153184165232,0.5916666666666667,0.58125,0.58125,0.645,55,0.55,38,0.6333333333333333,0.625,0.6190476190476191
0.38125,0.3883333333333333,"{""rbf_svm"": {""clf__C"": 3.3333333333333335, ""clf__class_weight"": ""balanced"", ""clf__gamma"": 0.0001}, ""logreg"": {""clf__C"": 0.1}, ""hgb"": {""clf__learning_rate"": 0.1, ""clf__max_depth"": 5, ""clf__max_iter"": 200}}",0.46271595402440624,"[[25, 35], [64, 36]]",arousal,0.3783115506888025,0.38125,0.38899682091133875,64,0.64,,35,0.5833333333333334,-0.20364741641337392,1.3921198584414582,-0.21762310152327874,subject_dependent,soft_vote,0.2808988764044944,0.5070422535211268,0.5294503459749302,0.3939705649628106,0.38125,0.42223848710238965,0.3883333333333333,0.38125,0.38125,0.28883333333333333,25,0.4166666666666667,36,0.36,0.375,0.36507936507936506
0.3625,0.43333333333333335,"{""rbf_svm"": {""clf__C"": 10.0, ""clf__class_weight"": null, ""clf__gamma"": 0.00030000000000000003}, ""logreg"": {""clf__C"": 0.1}, ""hgb"": {""clf__learning_rate"": 0.05, ""clf__max_depth"": null, ""clf__max_iter"": 200}}",0.4923789012309143,"[[23, 17], [85, 35]]",arousal,0.35889377749842866,0.3625,0.38293526084223756,85,0.7083333333333334,,17,0.425,-0.0851063829787233,1.5374544731844284,-0.12326671027227314,subject_dependent,soft_vote,0.21296296296296297,0.6730769230769231,0.6698154263992779,0.4430199430199431,0.3625,0.5580484330484331,0.43333333333333335,0.3625,0.3625,0.4139583333333333,23,0.575,35,0.2916666666666667,0.375,0.36507936507936506
0.68125,0.7383333333333333,"{""rbf_svm"": {""clf__C"": 30.0, ""clf__class_weight"": ""balanced"", ""clf__gamma"": 0.00030000000000000003}, ""logreg"": {""clf__C"": 0.1}, ""hgb"": {""clf__learning_rate"": 0.1, ""clf__max_depth"": 3, ""clf__max_iter"": 200}}",0.22686761471086495,"[[51, 49], [2, 58]]",arousal,0.6806387225548902,0.68125,0.6771457085828343,2,0.03333333333333333,,49,0.49,0.41210374639769454,0.6467834505693549,0.49029852225113646,subject_dependent,soft_vote,0.9622641509433962,0.5420560747663551,0.6938862309124747,0.7521601128548756,0.68125,0.8046861223770059,0.7383333333333333,0.68125,0.68125,0.7896666666666666,51,0.51,58,0.9666666666666667,0.625,0.6190476190476191
0.64375,0.5816666666666667,"{""rbf_svm"": {""clf__C"": 30.0, ""clf__class_weight"": ""balanced"", ""clf__gamma"": 0.0001}, ""logreg"": {""clf__C"": 0.1}, ""hgb"": {""clf__learning_rate"": 0.1, ""clf__max_depth"": null, ""clf__max_iter"": 200}}",0.2338745129556691,"[[83, 17], [40, 20]]",arousal,0.5783828764273496,0.64375,0.6198858120290324,40,0.6666666666666666,,17,0.17,0.17689530685920574,0.6816823697992928,0.18754134776890305,subject_dependent,soft_vote,0.6747967479674797,0.5405405405405406,0.610450270237498,0.6076686442540101,0.64375,0.6244506701823775,0.5816666666666667,0.64375,0.64375,0.6115,83,0.83,20,0.3333333333333333,0.625,0.5636363636363637
0.56875,0.56875,"{""rbf_svm"": {""clf__C"": 30.0, ""clf__class_weight"": ""balanced"", ""clf__gamma"": 0.00030000000000000003}, ""logreg"": {""clf__C"": 0.1}, ""hgb"": {""clf__learning_rate"": 0.1, ""clf__max_depth"": 5, ""clf__max_iter"": 200}}",0.2667942587025834,"[[24, 56], [13, 67]]",arousal,0.535177466211949,0.56875,0.5351774662119488,13,0.1625,,56,0.7,0.13749999999999996,0.7524735351072779,0.16305693230564908,subject_dependent,soft_vote,0.6486486486486487,0.5447154471544715,0.7434999901441658,0.5966820479015601,0.56875,0.5966820479015601,0.56875,0.56875,0.56875,0.70265625,24,0.3,67,0.8375,0.625,0.5636363636363637
0.5375,0.525,"{""rbf_svm"": {""clf__C"": 10.0, ""clf__class_weight"": ""balanced"", ""clf__gamma"": 0.0001}, ""logreg"": {""clf__C"": 0.1}, ""hgb"": {""clf__learning_rate"": 0.1, ""clf__max_depth"": null, ""clf__max_iter"": 200}}",0.3178622081586462,"[[20, 20], [54, 66]]",arousal,0.4958269460057912,0.5375,0.5683018225174588,54,0.45,,20,0.5,0.038961038961038974,0.9563215768462211,0.043423571211604964,subject_dependent,soft_vote,0.2702702702702703,0.7674418604651163,0.8355216357952854,0.5188560653676932,0.5375,0.6431489629164048,0.525,0.5375,0.5375,0.5675,20,0.5,66,0.55,0.5,0.4666666666666667
0.7875,0.7714285714285714,"{""rbf_svm"": {""clf__C"": 10.0, ""clf__class_weight"": ""balanced"", ""clf__gamma"": 0.00030000000000000003}, ""logreg"": {""clf__C"": 10.0}, ""hgb"": {""clf__learning_rate"": 0.1, ""clf__max_depth"": 5, ""clf__max_iter"": 200}}",0.1585521456470785,"[[15, 5], [29, 111]]",arousal,0.66796875,0.7875,0.8173828125,29,0.20714285714285716,,5,0.25,0.3584905660377359,0.4806055209069292,0.4020770079059607,subject_dependent,soft_vote,0.3409090909090909,0.9568965517241379,0.972599853857095,0.6489028213166144,0.7875,0.879898119122257,0.7714285714285714,0.7875,0.7875,0.8410714285714286,15,0.75,111,0.7928571428571428,0.875,0.7948717948717949
0.675,0.4928571428571429,"{""rbf_svm"": {""clf__C"": 30.0, ""clf__class_weight"": ""balanced"", ""clf__gamma"": 0.0001}, ""logreg"": {""clf__C"": 0.1}, ""hgb"": {""clf__learning_rate"": 0.05, ""clf__max_depth"": null, ""clf__max_iter"": 200}}",0.24184295954137683,"[[5, 15], [37, 103]]",arousal,0.47986996749187294,0.675,0.7188047011752937,37,0.2642857142857143,,15,0.75,-0.009708737864077666,0.7134411301009199,-0.010737800400040413,subject_dependent,soft_vote,0.11904761904761904,0.8728813559322034,0.8608988772892026,0.49596448748991123,0.675,0.7786521388216303,0.4928571428571429,0.675,0.675,0.45142857142857146,5,0.25,103,0.7357142857142858,0.625,0.38461538461538464
0.50625,0.5062500000000001,"{""rbf_svm"": {""clf__C"": 30.0, ""clf__class_weight"": null, ""clf__gamma"": 0.00030000000000000003}, ""logreg"": {""clf__C"": 0.1}, ""hgb"": {""clf__learning_rate"": 0.1, ""clf__max_depth"": 5, ""clf__max_iter"": 400}}",0.33034508143089786,"[[22, 58], [21, 59]]",arousal,0.4783541744046882,0.50625,0.47835417440468825,21,0.2625,,58,0.725,0.012499999999999956,0.9576651389618676,0.014098497814593786,subject_dependent,soft_vote,0.5116279069767442,0.5042735042735043,0.519137786771697,0.5079507056251242,0.50625,0.5079507056251242,0.5062500000000001,0.50625,0.50625,0.51140625,22,0.275,59,0.7375,0.375,0.2727272727272727
0.5875,0.5,"{""rbf_svm"": {""clf__C"": 10.0, ""clf__class_weight"": ""balanced"", ""clf__gamma"": 0.0001}, ""logreg"": {""clf__C"": 0.1}, ""hgb"": {""clf__learning_rate"": 0.05, ""clf__max_depth"": 3, ""clf__max_iter"": 400}}",0.24895136044194946,"[[13, 27], [39, 81]]",arousal,0.49656750572082375,0.5875,0.6035469107551487,39,0.325,,27,0.675,0.0,0.6986320816717975,0.0,subject_dependent,soft_vote,0.25,0.75,0.7449505131861034,0.5,0.5875,0.625,0.5,0.5875,0.5875,0.4966666666666667,13,0.325,81,0.675,0.625,0.38461538461538464
0.53125,0.53125,"{""rbf_svm"": {""clf__C"": 3.3333333333333335, ""clf__class_weight"": ""balanced"", ""clf__gamma"": 0.00030000000000000003}, ""logreg"": {""clf__C"": 10.0}, ""hgb"": {""clf__learning_rate"": 0.05, ""clf__max_depth"": 3, ""clf__max_iter"": 400}}",0.28456392644829354,"[[22, 58], [17, 63]]",arousal,0.4983067854007275,0.53125,0.4983067854007275,17,0.2125,,58,0.725,0.0625,0.7898804505437431,0.07278552445685779,subject_dependent,soft_vote,0.5641025641025641,0.5206611570247934,0.5597418997899692,0.5423818605636788,0.53125,0.5423818605636788,0.53125,0.53125,0.53125,0.574375,22,0.275,63,0.7875,0.5,0.3333333333333333
0.475,0.42000000000000004,"{""rbf_svm"": {""clf__C"": 30.0, ""clf__class_weight"": null, ""clf__gamma"": 0.0001}, ""logreg"": {""clf__C"": 0.1}, ""hgb"": {""clf__learning_rate"": 0.05, ""clf__max_depth"": 3, ""clf__max_iter"": 200}}",0.35853018895481326,"[[12, 48], [36, 64]]",arousal,0.4129979035639413,0.475,0.460691823899371,36,0.36,,48,0.8,-0.16666666666666674,1.0221084722555696,-0.16903085094570333,subject_dependent,soft_vote,0.25,0.5714285714285714,0.5146975227262214,0.4107142857142857,0.475,0.4508928571428571,0.42000000000000004,0.475,0.475,0.3325,12,0.2,64,0.64,0.5,0.3333333333333333
0.525,0.525,"{""rbf_svm"": {""clf__C"": 3.3333333333333335, ""clf__class_weight"": ""balanced"", ""clf__gamma"": 0.0001}, ""logreg"": {""clf__C"": 10.0}, ""hgb"": {""clf__learning_rate"": 0.1, ""clf__max_depth"": null, ""clf__max_iter"": 200}}",0.3209234489376763,"[[9, 71], [5, 75]]",arousal,0.4276030879307099,0.525,0.4276030879307099,5,0.0625,,71,0.8875,0.050000000000000044,0.8917687813460304,0.08847479104076177,subject_dependent,soft_vote,0.6428571428571429,0.5136986301369864,0.46848697966239766,0.5782778864970646,0.525,0.5782778864970647,0.525,0.525,0.525,0.45859374999999997,9,0.1125,75,0.9375,0.5,0.3333333333333333
0.60625,0.5708333333333333,"{""rbf_svm"": {""clf__C"": 3.3333333333333335, ""clf__class_weight"": ""balanced"", ""clf__gamma"": 0.0001}, ""logreg"": {""clf__C"": 0.1}, ""hgb"": {""clf__learning_rate"": 0.1, ""clf__max_depth"": 3, ""clf__max_iter"": 400}}",0.22672645529222382,"[[20, 20], [43, 77]]",arousal,0.5490134669589728,0.60625,0.6293454431569059,43,0.35833333333333334,,20,0.5,0.11888111888111885,0.6425059396119327,0.12555446220830954,subject_dependent,soft_vote,0.31746031746031744,0.7938144329896907,0.8176799590548434,0.5556373752250041,0.60625,0.6747259041073473,0.5708333333333333,0.60625,0.60625,0.61875,20,0.5,77,0.6416666666666667,0.625,0.5636363636363637
0.39375,0.34500000000000003,"{""rbf_svm"": {""clf__C"": 10.0, ""clf__class_weight"": ""balanced"", ""clf__gamma"": 0.00030000000000000003}, ""logreg"": {""clf__C"": 10.0}, ""hgb"": {""clf__learning_rate"": 0.05, ""clf__max_depth"": 5, ""clf__max_iter"": 200}}",0.39220479839129563,"[[9, 51], [46, 54]]",arousal,0.34167550371155886,0.39375,0.3879639448568399,46,0.46,,51,0.85,-0.3152542372881355,1.1228509232099237,-0.3159812586913278,subject_dependent,soft_vote,0.16363636363636364,0.5142857142857142,0.6272743740801907,0.3389610389610389,0.39375,0.3827922077922078,0.34500000000000003,0.39375,0.39375,0.39116666666666666,9,0.15,54,0.54,0.25,0.2
0.59375,0.4541666666666666,"{""rbf_svm"": {""clf__C"": 30.0, ""clf__class_weight"": ""balanced"", ""clf__gamma"": 0.00030000000000000003}, ""logreg"": {""clf__C"": 10.0}, ""hgb"": {""clf__learning_rate"": 0.1, ""clf__max_depth"": 3, ""clf__max_iter"": 200}}",0.2195654467830029,"[[7, 33], [32, 88]]",arousal,0.45375282315247645,0.59375,0.5920216397920058,32,0.26666666666666666,,33,0.825,-0.09243697478991586,0.6154004108732861,-0.09245003270420485,subject_dependent,soft_vote,0.1794871794871795,0.7272727272727273,0.8476113853785537,0.4533799533799534,0.59375,0.5903263403263403,0.4541666666666666,0.59375,0.59375,0.585,7,0.175,88,0.7333333333333333,0.5,0.3333333333333333
0.68125,0.5208333333333334,"{""rbf_svm"": {""clf__C"": 30.0, ""clf__class_weight"": ""balanced"", ""clf__gamma"": 0.00030000000000000003}, ""logreg"": {""clf__C"": 0.1}, ""hgb"": {""clf__learning_rate"": 0.1, ""clf__max_depth"": 5, ""clf__max_iter"": 400}}",0.23843006384491053,"[[8, 32], [19, 101]]",arousal,0.5186124712406348,0.68125,0.6585157217863253,19,0.15833333333333333,,32,0.8,0.04672897196261683,0.7472727497842555,0.04817277608467333,subject_dependent,soft_vote,0.2962962962962963,0.7593984962406015,0.6968882623999046,0.5278473962684489,0.68125,0.6436229462545252,0.5208333333333334,0.68125,0.68125,0.45395833333333335,8,0.2,101,0.8416666666666667,0.625,0.38461538461538464
0.475,0.475,"{""rbf_svm"": {""clf__C"": 10.0, ""clf__class_weight"": ""balanced"", ""clf__gamma"": 0.00030000000000000003}, ""logreg"": {""clf__C"": 10.0}, ""hgb"": {""clf__learning_rate"": 0.05, ""clf__max_depth"": 3, ""clf__max_iter"": 200}}",0.3227250781853355,"[[15, 65], [19, 61]]",arousal,0.42769545222278993,0.475,0.42769545222279,19,0.2375,,65,0.8125,-0.050000000000000044,0.9237896724918345,-0.061113233135214086,subject_dependent,soft_vote,0.4411764705882353,0.48412698412698413,0.5571666503522291,0.46265172735760973,0.475,0.4626517273576097,0.475,0.475,0.475,0.5421875,15,0.1875,61,0.7625,0.5,0.3333333333333333
0.46875,0.425,"{""rbf_svm"": {""clf__C"": 30.0, ""clf__class_weight"": ""balanced"", ""clf__gamma"": 0.00030000000000000003}, ""logreg"": {""clf__C"": 10.0}, ""hgb"": {""clf__learning_rate"": 0.05, ""clf__max_depth"": null, ""clf__max_iter"": 400}}",0.33183623425176645,"[[15, 45], [40, 60]]",arousal,0.4231177094379639,0.46875,0.4636797454931071,40,0.4,,45,0.75,-0.15254237288135597,0.9168554582189984,-0.15289415743128765,subject_dependent,soft_vote,0.2727272727272727,0.5714285714285714,0.6317663836909544,0.42207792207792205,0.46875,0.4594155844155844,0.425,0.46875,0.46875,0.4326666666666667,15,0.25,60,0.6,0.5,0.3333333333333333
0.5125,0.5233333333333333,"{""rbf_svm"": {""clf__C"": 30.0, ""clf__class_weight"": ""balanced"", ""clf__gamma"": 0.00030000000000000003}, ""logreg"": {""clf__C"": 10.0}, ""hgb"": {""clf__learning_rate"": 0.1, ""clf__max_depth"": 3, ""clf__max_iter"": 200}}",0.29807147503276665,"[[34, 26], [52, 48]]",arousal,0.5087387812942843,0.5125,0.5194851204534718,52,0.52,,26,0.43333333333333335,0.042944785276073594,0.8374023469706298,0.04531242662564408,subject_dependent,soft_vote,0.3953488372093023,0.6486486486486487,0.7285861635679768,0.5219987429289755,0.5125,0.5536612193588939,0.5233333333333333,0.5125,0.5125,0.5668333333333334,34,0.5666666666666667,48,0.48,0.5,0.4666666666666667
0.45,0.4714285714285714,"{""rbf_svm"": {""clf__C"": 10.0, ""clf__class_weight"": ""balanced"", ""clf__gamma"": 0.00030000000000000003}, ""logreg"": {""clf__C"": 0.1}, ""hgb"": {""clf__learning_rate"": 0.05, ""clf__max_depth"": null, ""clf__max_iter"": 400}}",0.333937139195325,"[[10, 10], [78, 62]]",arousal,0.38504542278127185,0.45,0.5349406009783368,78,0.5571428571428572,,10,0.5,-0.023255813953488413,0.9303048909882744,-0.037986858819879316,subject_dependent,soft_vote,0.11363636363636363,0.8611111111111112,0.8983679629932411,0.4873737373737374,0.45,0.7676767676767676,0.4714285714285714,0.45,0.45,0.5060714285714286,10,0.5,62,0.44285714285714284,0.5,0.4666666666666667
0.4375,0.4375,"{""rbf_svm"": {""clf__C"": 30.0, ""clf__class_weight"": null, ""clf__gamma"": 0.00030000000000000003}, ""logreg"": {""clf__C"": 0.1}, ""hgb"": {""clf__learning_rate"": 0.1, ""clf__max_depth"": 5, ""clf__max_iter"": 400}}",0.37010874944921535,"[[22, 58], [32, 48]]",arousal,0.4222436206066442,0.4375,0.4222436206066442,32,0.4,,58,0.725,-0.125,1.0526661050041064,-0.13217526428635734,subject_dependent,soft_vote,0.4074074074074074,0.4528301886792453,0.48883248601613305,0.4301187980433263,0.4375,0.4301187980433263,0.4375,0.4375,0.4375,0.43718750000000006,22,0.275,48,0.6,0.25,0.2
0.49375,0.49375,"{""rbf_svm"": {""clf__C"": 30.0, ""clf__class_weight"": null, ""clf__gamma"": 0.00030000000000000003}, ""logreg"": {""clf__C"": 10.0}, ""hgb"": {""clf__learning_rate"": 0.05, ""clf__max_depth"": 5, ""clf__max_iter"": 200}}",0.29786244765467923,"[[43, 37], [44, 36]]",arousal,0.49277914758717856,0.49375,0.49277914758717856,44,0.55,,37,0.4625,-0.012499999999999956,0.826215928287457,-0.012548128100076699,subject_dependent,soft_vote,0.4942528735632184,0.4931506849315068,0.49935897812809604,0.4937017792473626,0.49375,0.49370177924736264,0.49375,0.49375,0.49375,0.53078125,43,0.5375,36,0.45,0.375,0.36507936507936506
0.51875,0.51875,"{""rbf_svm"": {""clf__C"": 10.0, ""clf__class_weight"": ""balanced"", ""clf__gamma"": 0.00030000000000000003}, ""logreg"": {""clf__C"": 0.1}, ""hgb"": {""clf__learning_rate"": 0.05, ""clf__max_depth"": 3, ""clf__max_iter"": 200}}",0.28862014588872575,"[[19, 61], [16, 64]]",arousal,0.47741251325556733,0.51875,0.4774125132555673,16,0.2,,61,0.7625,0.03749999999999998,0.8102720182767648,0.04535573676110727,subject_dependent,soft_vote,0.5428571428571428,0.512,0.5151122943760388,0.5274285714285714,0.51875,0.5274285714285714,0.51875,0.51875,0.51875,0.5343749999999999,19,0.2375,64,0.8,0.5,0.3333333333333333
0.6375,0.6499999999999999,"{""rbf_svm"": {""clf__C"": 3.3333333333333335, ""clf__class_weight"": ""balanced"", ""clf__gamma"": 0.0001}, ""logreg"": {""clf__C"": 0.1}, ""hgb"": {""clf__learning_rate"": 0.1, ""clf__max_depth"": 5, ""clf__max_iter"": 200}}",0.2643237149502441,"[[42, 18], [40, 60]]",arousal,0.6328532995727172,0.6375,0.6431793005222346,40,0.4,,18,0.3,0.2795031055900621,0.8290636834463486,0.29056456658477237,subject_dependent,soft_vote,0.5121951219512195,0.7692307692307693,0.8103298873396089,0.6407129455909943,0.6375,0.6728424015009382,0.6499999999999999,0.6375,0.6375,0.6741666666666667,42,0.7,60,0.6,0.625,0.6190476190476191
0.79375,0.79375,"{""rbf_svm"": {""clf__C"": 3.3333333333333335, ""clf__class_weight"": null, ""clf__gamma"": 0.0001}, ""logreg"": {""clf__C"": 0.1}, ""hgb"": {""clf__learning_rate"": 0.1, ""clf__max_depth"": 3, ""clf__max_iter"": 400}}",0.14552250923921686,"[[70, 10], [23, 57]]",arousal,0.7923793794974637,0.79375,0.7923793794974637,23,0.2875,,10,0.125,0.5875,0.4434112152947174,0.595413918136862,subject_dependent,soft_vote,0.7526881720430108,0.8507462686567164,0.8986034361597762,0.8017172203498636,0.79375,0.8017172203498635,0.79375,0.79375,0.79375,0.8807812500000001,70,0.875,57,0.7125,0.875,0.873015873015873
0.84375,0.855,"{""rbf_svm"": {""clf__C"": 3.3333333333333335, ""clf__class_weight"": ""balanced"", ""clf__gamma"": 0.0001}, ""logreg"": {""clf__C"": 0.1}, ""hgb"": {""clf__learning_rate"": 0.05, ""clf__max_depth"": 3, ""clf__max_iter"": 200}}",0.1165363181731697,"[[54, 6], [19, 81]]",arousal,0.8391701178078887,0.84375,0.8459551284628685,19,0.19,,6,0.1,0.6805111821086263,0.368668086305511,0.6901014144389761,subject_dependent,soft_vote,0.7397260273972602,0.9310344827586207,0.9613063019062748,0.8353802550779404,0.84375,0.8592938119981104,0.855,0.84375,0.84375,0.9251666666666667,54,0.9,81,0.81,0.875,0.873015873015873
0.68125,0.6812499999999999,"{""rbf_svm"": {""clf__C"": 10.0, ""clf__class_weight"": ""balanced"", ""clf__gamma"": 0.00030000000000000003}, ""logreg"": {""clf__C"": 0.1}, ""hgb"": {""clf__learning_rate"": 0.05, ""clf__max_depth"": null, ""clf__max_iter"": 200}}",0.2307252874132309,"[[61, 19], [32, 48]]",arousal,0.6791317683142621,0.68125,0.6791317683142621,32,0.4,,19,0.2375,0.36250000000000004,0.6991598766891023,0.3673830558716808,subject_dependent,soft_vote,0.6559139784946236,0.7164179104477612,0.8036296057788113,0.6861659444711924,0.68125,0.6861659444711924,0.6812499999999999,0.68125,0.68125,0.7389062500000001,61,0.7625,48,0.6,0.625,0.6190476190476191
0.56875,0.56875,"{""rbf_svm"": {""clf__C"": 3.3333333333333335, ""clf__class_weight"": ""balanced"", ""clf__gamma"": 0.0001}, ""logreg"": {""clf__C"": 0.1}, ""hgb"": {""clf__learning_rate"": 0.05, ""clf__max_depth"": 3, ""clf__max_iter"": 200}}",0.2953866601684486,"[[35, 45], [24, 56]]",arousal,0.5611908263444493,0.56875,0.5611908263444493,24,0.3,,45,0.5625,0.13749999999999996,0.8918861279739104,0.14249708899674313,subject_dependent,soft_vote,0.5932203389830508,0.5544554455445545,0.7332962694870182,0.5738378922638027,0.56875,0.5738378922638028,0.56875,0.56875,0.56875,0.66328125,35,0.4375,56,0.7,0.625,0.6190476190476191
0.675,0.6333333333333333,"{""rbf_svm"": {""clf__C"": 10.0, ""clf__class_weight"": ""balanced"", ""clf__gamma"": 0.0001}, ""logreg"": {""clf__C"": 0.1}, ""hgb"": {""clf__learning_rate"": 0.05, ""clf__max_depth"": null, ""clf__max_iter"": 400}}",0.20860658717706074,"[[28, 32], [20, 80]]",arousal,0.636617749825297,0.675,0.6661425576519917,20,0.2,,32,0.5333333333333333,0.2777777777777778,0.6052219772051413,0.2817180849095055,subject_dependent,soft_vote,0.5833333333333334,0.7142857142857143,0.8054980707619939,0.6488095238095238,0.675,0.6651785714285714,0.6333333333333333,0.675,0.675,0.7149999999999999,28,0.4666666666666667,80,0.8,0.875,0.8545454545454545
0.5625,0.5625,"{""rbf_svm"": {""clf__C"": 3.3333333333333335, ""clf__class_weight"": ""balanced"", ""clf__gamma"": 0.0001}, ""logreg"": {""clf__C"": 0.1}, ""hgb"": {""clf__learning_rate"": 0.05, ""clf__max_depth"": 3, ""clf__max_iter"": 200}}",0.2685862673421993,"[[28, 52], [18, 62]]",arousal,0.5418098510882016,0.5625,0.5418098510882017,18,0.225,,52,0.65,0.125,0.7797692235512115,0.13809204416652687,subject_dependent,soft_vote,0.6086956521739131,0.543859649122807,0.5560646501432719,0.57627765064836,0.5625,0.57627765064836,0.5625,0.5625,0.5625,0.6078125000000001,28,0.35,62,0.775,0.75,0.7333333333333334
0.7375,0.6666666666666667,"{""rbf_svm"": {""clf__C"": 10.0, ""clf__class_weight"": ""balanced"", ""clf__gamma"": 0.0001}, ""logreg"": {""clf__C"": 1.0}, ""hgb"": {""clf__learning_rate"": 0.1, ""clf__max_depth"": 5, ""clf__max_iter"": 200}}",0.1825849028345609,"[[21, 19], [23, 97]]",arousal,0.6610169491525424,0.7375,0.7415254237288136,23,0.19166666666666668,,19,0.475,0.32258064516129037,0.5537606631897292,0.32325409191761795,subject_dependent,soft_vote,0.4772727272727273,0.8362068965517241,0.857055736619348,0.6567398119122256,0.7375,0.7464733542319749,0.6666666666666667,0.7375,0.7375,0.711875,21,0.525,97,0.8083333333333333,0.875,0.7948717948717949
0.6125,0.6125,"{""rbf_svm"": {""clf__C"": 3.3333333333333335, ""clf__class_weight"": ""balanced"", ""clf__gamma"": 0.00030000000000000003}, ""logreg"": {""clf__C"": 0.1}, ""hgb"": {""clf__learning_rate"": 0.1, ""clf__max_depth"": 5, ""clf__max_iter"": 400}}",0.25952300165211856,"[[46, 34], [28, 52]]",arousal,0.6119543107494915,0.6125,0.6119543107494915,28,0.35,,34,0.425,0.22499999999999998,0.7545341788581565,0.22563549475375508,subject_dependent,soft_vote,0.6216216216216216,0.6046511627906976,0.6875449296501341,0.6131363922061597,0.6125,0.6131363922061597,0.6125,0.6125,0.6125,0.66171875,46,0.575,52,0.65,0.875,0.873015873015873
0.65625,0.605,"{""rbf_svm"": {""clf__C"": 10.0, ""clf__class_weight"": ""balanced"", ""clf__gamma"": 0.0001}, ""logreg"": {""clf__C"": 0.1}, ""hgb"": {""clf__learning_rate"": 0.05, ""clf__max_depth"": 5, ""clf__max_iter"": 400}}",0.22848862462942673,"[[24, 36], [19, 81]]",arousal,0.6062815981387857,0.65625,0.6413471433045501,19,0.19,,36,0.6,0.22261484098939932,0.6771945436489828,0.22933363841834625,subject_dependent,soft_vote,0.5581395348837209,0.6923076923076923,0.7388796715036978,0.6252236135957066,0.65625,0.641994633273703,0.605,0.65625,0.65625,0.6626666666666666,24,0.4,81,0.81,0.75,0.6666666666666667
0.5875,0.6000000000000001,"{""rbf_svm"": {""clf__C"": 3.3333333333333335, ""clf__class_weight"": ""balanced"", ""clf__gamma"": 0.00030000000000000003}, ""logreg"": {""clf__C"": 10.0}, ""hgb"": {""clf__learning_rate"": 0.05, ""clf__max_depth"": 5, ""clf__max_iter"": 200}}",0.2679214779535158,"[[39, 21], [45, 55]]",arousal,0.5833333333333333,0.5875,0.59375,45,0.45,,21,0.35,0.18518518518518523,0.7479947270644363,0.19389168358237033,subject_dependent,soft_vote,0.4642857142857143,0.7236842105263158,0.7489830976841051,0.5939849624060151,0.5875,0.6264097744360902,0.6000000000000001,0.5875,0.5875,0.6258333333333334,39,0.65,55,0.55,0.5,0.5
0.7625,0.7433333333333333,"{""rbf_svm"": {""clf__C"": 3.3333333333333335, ""clf__class_weight"": ""balanced"", ""clf__gamma"": 0.0001}, ""logreg"": {""clf__C"": 1.0}, ""hgb"": {""clf__learning_rate"": 0.1, ""clf__max_depth"": null, ""clf__max_iter"": 200}}",0.17423713334071605,"[[40, 20], [18, 82]]",arousal,0.7449236449068636,0.7625,0.7616630307098508,18,0.18,,20,0.3333333333333333,0.4899328859060402,0.5269006498751666,0.4901095258273795,subject_dependent,soft_vote,0.6896551724137931,0.803921568627451,0.8313395049648907,0.7467883705206221,0.7625,0.7610716700473292,0.7433333333333333,0.7625,0.7625,0.7836666666666667,40,0.6666666666666666,82,0.82,0.75,0.7333333333333334
0.575,0.5333333333333333,"{""rbf_svm"": {""clf__C"": 3.3333333333333335, ""clf__class_weight"": ""balanced"", ""clf__gamma"": 0.0001}, ""logreg"": {""clf__C"": 10.0}, ""hgb"": {""clf__learning_rate"": 0.1, ""clf__max_depth"": 3, ""clf__max_iter"": 200}}",0.25710310734850084,"[[22, 38], [30, 70]]",arousal,0.532967032967033,0.575,0.5679945054945055,30,0.3,,38,0.6333333333333333,0.06849315068493156,0.7254713386358072,0.06890818588289359,subject_dependent,soft_vote,0.4230769230769231,0.6481481481481481,0.6806953565969154,0.5356125356125356,0.575,0.5637464387464387,0.5333333333333333,0.575,0.575,0.5523333333333333,22,0.36666666666666664,70,0.7,0.625,0.5636363636363637
0.575,0.37142857142857144,"{""rbf_svm"": {""clf__C"": 30.0, ""clf__class_weight"": null, ""clf__gamma"": 0.00030000000000000003}, ""logreg"": {""clf__C"": 10.0}, ""hgb"": {""clf__learning_rate"": 0.1, ""clf__max_depth"": 3, ""clf__max_iter"": 200}}",0.2792848804260995,"[[2, 18], [50, 90]]",arousal,0.3906810035842294,0.575,0.6420250896057348,50,0.35714285714285715,,18,0.9,-0.15254237288135597,0.8139557783719373,-0.18156825980064073,subject_dependent,soft_vote,0.038461538461538464,0.8333333333333334,0.8344989004874708,0.4358974358974359,0.575,0.733974358974359,0.37142857142857144,0.575,0.575,0.32071428571428573,2,0.1,90,0.6428571428571429,0.5,0.3333333333333333
0.425,0.35000000000000003,"{""rbf_svm"": {""clf__C"": 3.3333333333333335, ""clf__class_weight"": ""balanced"", ""clf__gamma"": 0.0001}, ""logreg"": {""clf__C"": 10.0}, ""hgb"": {""clf__learning_rate"": 0.05, ""clf__max_depth"": null, ""clf__max_iter"": 200}}",0.40267490467801775,"[[3, 57], [35, 65]]",arousal,0.32340503769075196,0.425,0.3889501746644604,35,0.35,,57,0.95,-0.3237410071942446,1.1333314066051554,-0.34129125963011964,subject_dependent,soft_vote,0.07894736842105263,0.5327868852459017,0.4815818411633409,0.30586712683347717,0.425,0.3625970664365833,0.35000000000000003,0.425,0.425,0.25416666666666665,3,0.05,65,0.65,0.375,0.2727272727272727
0.625,0.4666666666666667,"{""rbf_svm"": {""clf__C"": 3.3333333333333335, ""clf__class_weight"": ""balanced"", ""clf__gamma"": 0.0001}, ""logreg"": {""clf__C"": 10.0}, ""hgb"": {""clf__learning_rate"": 0.1, ""clf__max_depth"": 5, ""clf__max_iter"": 400}}",0.24047257143264594,"[[6, 34], [26, 94]]",arousal,0.46236559139784944,0.625,0.6102150537634409,26,0.21666666666666667,,34,0.85,-0.0714285714285714,0.7050518831778437,-0.07216878364870322,subject_dependent,soft_vote,0.1875,0.734375,0.7833205306871336,0.4609375,0.625,0.59765625,0.4666666666666667,0.625,0.625,0.5331250000000001,6,0.15,94,0.7833333333333333,0.625,0.38461538461538464
0.4625,0.46249999999999997,"{""rbf_svm"": {""clf__C"": 3.3333333333333335, ""clf__class_weight"": ""balanced"", ""clf__gamma"": 0.00030000000000000003}, ""logreg"": {""clf__C"": 0.1}, ""hgb"": {""clf__learning_rate"": 0.1, ""clf__max_depth"": null, ""clf__max_iter"": 400}}",0.40822588876735766,"[[6, 74], [12, 68]]",arousal,0.36753079610222467,0.4625,0.36753079610222467,12,0.15,,74,0.925,-0.07499999999999996,1.312722346045687,-0.11867816581938533,subject_dependent,soft_vote,0.3333333333333333,0.4788732394366197,0.4041913674507574,0.4061032863849765,0.4625,0.4061032863849765,0.46249999999999997,0.4625,0.4625,0.35562499999999997,6,0.075,68,0.85,0.5,0.3333333333333333
0.5875,0.5,"{""rbf_svm"": {""clf__C"": 30.0, ""clf__class_weight"": ""balanced"", ""clf__gamma"": 0.00030000000000000003}, ""logreg"": {""clf__C"": 10.0}, ""hgb"": {""clf__learning_rate"": 0.1, ""clf__max_depth"": null, ""clf__max_iter"": 200}}",0.27485901342524316,"[[13, 27], [39, 81]]",arousal,0.49656750572082375,0.5875,0.6035469107551487,39,0.325,,27,0.675,0.0,0.8587659892701216,0.0,subject_dependent,soft_vote,0.25,0.75,0.7610396463346207,0.5,0.5875,0.625,0.5,0.5875,0.5875,0.5116666666666667,13,0.325,81,0.675,0.5,0.3333333333333333
0.5,0.42,"{""rbf_svm"": {""clf__C"": 3.3333333333333335, ""clf__class_weight"": ""balanced"", ""clf__gamma"": 0.0001}, ""logreg"": {""clf__C"": 10.0}, ""hgb"": {""clf__learning_rate"": 0.05, ""clf__max_depth"": null, ""clf__max_iter"": 400}}",0.30728571064168486,"[[6, 54], [26, 74]]",arousal,0.3897787948131198,0.5,0.45461479786422576,26,0.26,,54,0.9,-0.17647058823529416,0.8463608856667137,-0.19364916731037085,subject_dependent,soft_vote,0.1875,0.578125,0.7134298951698301,0.3828125,0.5,0.431640625,0.42,0.5,0.5,0.5088333333333332,6,0.1,74,0.74,0.5,0.3333333333333333
0.6,0.6,"{""rbf_svm"": {""clf__C"": 10.0, ""clf__class_weight"": ""balanced"", ""clf__gamma"": 0.0001}, ""logreg"": {""clf__C"": 10.0}, ""hgb"": {""clf__learning_rate"": 0.05, ""clf__max_depth"": null, ""clf__max_iter"": 200}}",0.2481009045340917,"[[38, 42], [22, 58]]",arousal,0.5936507936507937,0.6,0.5936507936507937,22,0.275,,42,0.525,0.19999999999999996,0.7057548435861533,0.2065591117977289,subject_dependent,soft_vote,0.6333333333333333,0.58,0.6401323021085824,0.6066666666666667,0.6,0.6066666666666667,0.6,0.6,0.6,0.6564062500000001,38,0.475,58,0.725,0.875,0.873015873015873
0.44375,0.5291666666666667,"{""rbf_svm"": {""clf__C"": 30.0, ""clf__class_weight"": ""balanced"", ""clf__gamma"": 0.00030000000000000003}, ""logreg"": {""clf__C"": 0.1}, ""hgb"": {""clf__learning_rate"": 0.05, ""clf__max_depth"": null, ""clf__max_iter"": 200}}",0.32392974303067273,"[[28, 12], [77, 43]]",arousal,0.4388177339901478,0.44375,0.46512315270935967,77,0.6416666666666667,,12,0.3,0.037837837837837784,0.8902208507368965,0.05318160234783104,subject_dependent,soft_vote,0.26666666666666666,0.7818181818181819,0.777274518256134,0.5242424242424243,0.44375,0.6530303030303031,0.5291666666666667,0.44375,0.44375,0.5639583333333333,28,0.7,43,0.35833333333333334,0.375,0.36507936507936506
0.68125,0.6541666666666667,"{""rbf_svm"": {""clf__C"": 10.0, ""clf__class_weight"": ""balanced"", ""clf__gamma"": 0.0001}, ""logreg"": {""clf__C"": 10.0}, ""hgb"": {""clf__learning_rate"": 0.1, ""clf__max_depth"": 5, ""clf__max_iter"": 200}}",0.22179087946231119,"[[24, 16], [35, 85]]",arousal,0.627039627039627,0.68125,0.6981351981351981,35,0.2916666666666667,,16,0.4,0.26618705035971224,0.6468852190270771,0.27672882814248045,subject_dependent,soft_vote,0.4067796610169492,0.8415841584158416,0.7986985494478015,0.6241819097163954,0.68125,0.7328830340661184,0.6541666666666667,0.68125,0.68125,0.6458333333333334,24,0.6,85,0.7083333333333334,0.875,0.8545454545454545
0.56875,0.5541666666666667,"{""rbf_svm"": {""clf__C"": 3.3333333333333335, ""clf__class_weight"": ""balanced"", ""clf__gamma"": 0.0001}, ""logreg"": {""clf__C"": 0.1}, ""hgb"": {""clf__learning_rate"": 0.05, ""clf__max_depth"": 5, ""clf__max_iter"": 400}}",0.2404012434862513,"[[21, 19], [50, 70]]",arousal,0.524117418854261,0.56875,0.5969869390922022,50,0.4166666666666667,,19,0.475,0.08609271523178808,0.6743716387075696,0.09441881537679195,subject_dependent,soft_vote,0.29577464788732394,0.7865168539325843,0.790294903016597,0.5411457509099541,0.56875,0.6638313024212692,0.5541666666666667,0.56875,0.56875,0.588125,21,0.525,70,0.5833333333333334,0.625,0.5636363636363637
0.5375,0.575,"{""rbf_svm"": {""clf__C"": 30.0, ""clf__class_weight"": ""balanced"", ""clf__gamma"": 0.00030000000000000003}, ""logreg"": {""clf__C"": 0.1}, ""hgb"": {""clf__learning_rate"": 0.05, ""clf__max_depth"": null, ""clf__max_iter"": 400}}",0.2750058974597374,"[[60, 60], [14, 26]]",arousal,0.5156275568646702,0.5375,0.567092128947799,14,0.35,,60,0.5,0.10843373493975905,0.7590872218251123,0.1302707136348149,subject_dependent,soft_vote,0.8108108108108109,0.3023255813953488,0.44759760479338395,0.5565681961030798,0.5375,0.6836895034569453,0.575,0.5375,0.5375,0.6297916666666666,60,0.5,26,0.65,0.625,0.5636363636363637
0.46875,0.46499999999999997,"{""rbf_svm"": {""clf__C"": 30.0, ""clf__class_weight"": ""balanced"", ""clf__gamma"": 0.0001}, ""logreg"": {""clf__C"": 0.1}, ""hgb"": {""clf__learning_rate"": 0.05, ""clf__max_depth"": 3, ""clf__max_iter"": 400}}",0.3096099980847956,"[[48, 52], [33, 27]]",arousal,0.4594379744822926,0.46875,0.47717516594459236,33,0.55,,52,0.52,-0.0658307210031348,0.8411320990014826,-0.06778250427364813,subject_dependent,soft_vote,0.5925925925925926,0.34177215189873417,0.4105461851259359,0.4671823722456634,0.46875,0.4985349273323957,0.46499999999999997,0.46875,0.46875,0.4685,48,0.48,27,0.45,0.5,0.4666666666666667
0.76875,0.5708333333333333,"{""rbf_svm"": {""clf__C"": 3.3333333333333335, ""clf__class_weight"": null, ""clf__gamma"": 0.0001}, ""logreg"": {""clf__C"": 0.1}, ""hgb"": {""clf__learning_rate"": 0.1, ""clf__max_depth"": 5, ""clf__max_iter"": 400}}",0.19074853664281752,"[[7, 33], [4, 116]]",arousal,0.5684816677600408,0.76875,0.715467599679277,4,0.03333333333333333,,33,0.825,0.18681318681318682,0.5882477949522278,0.2424369530936665,subject_dependent,soft_vote,0.6363636363636364,0.7785234899328859,0.811512575866281,0.7074435631482612,0.76875,0.7429835265405735,0.5708333333333333,0.76875,0.76875,0.5933333333333333,7,0.175,116,0.9666666666666667,0.75,0.42857142857142855
0.6125,0.5566666666666666,"{""rbf_svm"": {""clf__C"": 30.0, ""clf__class_weight"": ""balanced"", ""clf__gamma"": 0.00030000000000000003}, ""logreg"": {""clf__C"": 10.0}, ""hgb"": {""clf__learning_rate"": 0.05, ""clf__max_depth"": 5, ""clf__max_iter"": 400}}",0.25612232012313213,"[[20, 40], [22, 78]]",arousal,0.5538765965101637,0.6125,0.5943065299514301,22,0.22,,40,0.6666666666666666,0.12056737588652477,0.7277553123997306,0.12470034030510409,subject_dependent,soft_vote,0.47619047619047616,0.6610169491525424,0.6567147632760488,0.5686037126715093,0.6125,0.5917070217917676,0.5566666666666666,0.6125,0.6125,0.5528333333333333,20,0.3333333333333333,78,0.78,0.625,0.38461538461538464
0.85625,0.85625,"{""rbf_svm"": {""clf__C"": 3.3333333333333335, ""clf__class_weight"": null, ""clf__gamma"": 0.0001}, ""logreg"": {""clf__C"": 1.0}, ""hgb"": {""clf__learning_rate"": 0.1, ""clf__max_depth"": 3, ""clf__max_iter"": 200}}",,"[[0, 0], [23, 137]]",arousal,0.4612794612794613,0.85625,0.9225589225589225,,,,,,0.0,,0.0,subject_dependent,soft_vote,,,1.0,0.5,0.85625,1.0,0.428125,0.85625,0.85625,nan,,,,,1.0,1.0
0.43125,0.485,"{""rbf_svm"": {""clf__C"": 30.0, ""clf__class_weight"": ""balanced"", ""clf__gamma"": 0.0001}, ""logreg"": {""clf__C"": 0.1}, ""hgb"": {""clf__learning_rate"": 0.1, ""clf__max_depth"": 5, ""clf__max_iter"": 200}}",0.32380254215124343,"[[27, 73], [18, 42]]",arousal,0.42620689655172417,0.43125,0.41275862068965524,18,0.3,,73,0.73,-0.025352112676056304,0.87581763368993,-0.03230291412348993,subject_dependent,soft_vote,0.6,0.3652173913043478,0.3750895128252131,0.4826086956521739,0.43125,0.5119565217391304,0.485,0.43125,0.43125,0.4861666666666667,27,0.27,42,0.7,0.375,0.2727272727272727
0.40625,0.48833333333333334,"{""rbf_svm"": {""clf__C"": 3.3333333333333335, ""clf__class_weight"": ""balanced"", ""clf__gamma"": 0.0001}, ""logreg"": {""clf__C"": 0.1}, ""hgb"": {""clf__learning_rate"": 0.05, ""clf__max_depth"": 3, ""clf__max_iter"": 400}}",0.3571757152844602,"[[16, 84], [11, 49]]",arousal,0.37987026233119825,0.40625,0.34789482273265065,11,0.18333333333333332,,84,0.84,-0.018766756032171594,0.962127863764928,-0.030160928557257608,subject_dependent,soft_vote,0.5925925925925926,0.3684210526315789,0.36308977163639117,0.48050682261208577,0.40625,0.5085282651072125,0.48833333333333334,0.40625,0.40625,0.467,16,0.16,49,0.8166666666666667,0.375,0.2727272727272727
0.425,0.2916666666666667,"{""rbf_svm"": {""clf__C"": 10.0, ""clf__class_weight"": ""balanced"", ""clf__gamma"": 0.0001}, ""logreg"": {""clf__C"": 1.0}, ""hgb"": {""clf__learning_rate"": 0.1, ""clf__max_depth"": 3, ""clf__max_iter"": 200}}",0.38509504392728705,"[[1, 39], [53, 67]]",arousal,0.3070984748634909,0.425,0.45000941442289594,53,0.44166666666666665,,39,0.975,-0.3731343283582089,1.1117863964010304,-0.3815571220796917,subject_dependent,soft_vote,0.018518518518518517,0.6320754716981132,0.799831712239684,0.32529699510831583,0.425,0.47868623340321453,0.2916666666666667,0.425,0.425,0.42750000000000005,1,0.025,67,0.5583333333333333,0.375,0.2727272727272727
0.6,0.6,"{""rbf_svm"": {""clf__C"": 30.0, ""clf__class_weight"": ""balanced"", ""clf__gamma"": 0.00030000000000000003}, ""logreg"": {""clf__C"": 10.0}, ""hgb"": {""clf__learning_rate"": 0.05, ""clf__max_depth"": null, ""clf__max_iter"": 400}}",0.2820779419867426,"[[25, 55], [9, 71]]",arousal,0.5639584397887923,0.6,0.5639584397887923,9,0.1125,,55,0.6875,0.19999999999999996,1.0599984831007672,0.24445293254085634,subject_dependent,soft_vote,0.7352941176470589,0.5634920634920635,0.6905681499930109,0.6493930905695612,0.6,0.6493930905695612,0.6,0.6,0.6,0.7157812499999999,25,0.3125,71,0.8875,0.625,0.5636363636363637
0.35625,0.45499999999999996,"{""rbf_svm"": {""clf__C"": 10.0, ""clf__class_weight"": ""balanced"", ""clf__gamma"": 0.00030000000000000003}, ""logreg"": {""clf__C"": 1.0}, ""hgb"": {""clf__learning_rate"": 0.05, ""clf__max_depth"": 3, ""clf__max_iter"": 400}}",0.48792065156778114,"[[6, 94], [9, 51]]",arousal,0.3009544008483563,0.35625,0.2518027571580063,9,0.15,,94,0.94,-0.07012987012987004,1.5527869187305818,-0.14948186373673195,subject_dependent,soft_vote,0.4,0.35172413793103446,0.663608679310741,0.3758620689655172,0.35625,0.3818965517241379,0.45499999999999996,0.35625,0.35625,0.6226666666666667,6,0.06,51,0.85,0.375,0.2727272727272727
0.51875,0.51875,"{""rbf_svm"": {""clf__C"": 30.0, ""clf__class_weight"": ""balanced"", ""clf__gamma"": 0.00030000000000000003}, ""logreg"": {""clf__C"": 1.0}, ""hgb"": {""clf__learning_rate"": 0.1, ""clf__max_depth"": 3, ""clf__max_iter"": 400}}",0.33762569750621135,"[[40, 40], [37, 43]]",arousal,0.5185807510452893,0.51875,0.5185807510452893,37,0.4625,,40,0.5,0.03749999999999998,1.0631974922925866,0.037526395029272054,subject_dependent,soft_vote,0.5194805194805194,0.5180722891566265,0.5635626360866978,0.518776404318573,0.51875,0.518776404318573,0.51875,0.51875,0.51875,0.5757812499999999,40,0.5,43,0.5375,0.5,0.5
0.58125,0.6875,"{""rbf_svm"": {""clf__C"": 30.0, ""clf__class_weight"": ""balanced"", ""clf__gamma"": 0.00030000000000000003}, ""logreg"": {""clf__C"": 10.0}, ""hgb"": {""clf__learning_rate"": 0.05, ""clf__max_depth"": null, ""clf__max_iter"": 200}}",0.3054683644454675,"[[57, 63], [4, 36]]",arousal,0.5739099328272188,0.58125,0.6018720934854327,4,0.1,,63,0.525,0.25139664804469275,1.005063887576213,0.33432539901899483,subject_dependent,soft_vote,0.9344262295081968,0.36363636363636365,0.6821369361621608,0.6490312965722802,0.58125,0.7917287630402384,0.6875,0.58125,0.58125,0.83,57,0.475,36,0.9,0.625,0.6190476190476191
0.46875,0.46875,"{""rbf_svm"": {""clf__C"": 30.0, ""clf__class_weight"": ""balanced"", ""clf__gamma"": 0.00030000000000000003}, ""logreg"": {""clf__C"": 10.0}, ""hgb"": {""clf__learning_rate"": 0.05, ""clf__max_depth"": 3, ""clf__max_iter"": 400}}",0.3055068394460817,"[[45, 35], [50, 30]]",arousal,0.464039408866995,0.46875,0.464039408866995,50,0.625,,35,0.4375,-0.0625,0.8370157168550391,-0.06362847629757777,subject_dependent,soft_vote,0.47368421052631576,0.46153846153846156,0.4858710706142556,0.4676113360323887,0.46875,0.4676113360323887,0.46875,0.46875,0.46875,0.4921875,45,0.5625,30,0.375,0.375,0.36507936507936506
0.43125,0.6125,"{""rbf_svm"": {""clf__C"": 3.3333333333333335, ""clf__class_weight"": ""balanced"", ""clf__gamma"": 0.00030000000000000003}, ""logreg"": {""clf__C"": 1.0}, ""hgb"": {""clf__learning_rate"": 0.05, ""clf__max_depth"": null, ""clf__max_iter"": 200}}",0.4031695181764787,"[[30, 90], [1, 39]]",arousal,0.42944472745797246,0.43125,0.41339786041772797,1,0.025,,90,0.75,0.1291866028708134,1.1610631459553786,0.24650596604914954,subject_dependent,soft_vote,0.967741935483871,0.3023255813953488,0.3193128311537293,0.63503375843961,0.43125,0.8013878469617405,0.6125,0.43125,0.43125,0.631875,30,0.25,39,0.975,0.5,0.5
0.41875,0.4016666666666666,"{""rbf_svm"": {""clf__C"": 30.0, ""clf__class_weight"": ""balanced"", ""clf__gamma"": 0.00030000000000000003}, ""logreg"": {""clf__C"": 10.0}, ""hgb"": {""clf__learning_rate"": 0.05, ""clf__max_depth"": 5, ""clf__max_iter"": 200}}",0.3413986735595036,"[[47, 53], [40, 20]]",arousal,0.401712838245346,0.41875,0.4269530778818704,40,0.6666666666666666,,53,0.53,-0.18849840255591044,0.9314669592834812,-0.19115485188685252,subject_dependent,soft_vote,0.5402298850574713,0.273972602739726,0.3438894375650221,0.40710124389859864,0.41875,0.4403834041883168,0.4016666666666666,0.41875,0.41875,0.3891666666666667,47,0.47,20,0.3333333333333333,0.375,0.36507936507936506
0.41875,0.29583333333333334,"{""rbf_svm"": {""clf__C"": 30.0, ""clf__class_weight"": null, ""clf__gamma"": 0.00030000000000000003}, ""logreg"": {""clf__C"": 0.1}, ""hgb"": {""clf__learning_rate"": 0.05, ""clf__max_depth"": null, ""clf__max_iter"": 400}}",0.4054982218097242,"[[65, 55], [38, 2]]",arousal,0.3120983773288336,0.41875,0.44752900929221945,38,0.95,,55,0.4583333333333333,-0.35766423357664223,1.2174352051026127,-0.36921506444187996,subject_dependent,soft_vote,0.6310679611650486,0.03508771929824561,0.15920045412944062,0.3330778402316471,0.41875,0.48207290069834785,0.29583333333333334,0.41875,0.41875,0.2025,65,0.5416666666666666,2,0.05,0.5,0.3333333333333333
0.45,0.41333333333333333,"{""rbf_svm"": {""clf__C"": 30.0, ""clf__class_weight"": null, ""clf__gamma"": 0.00030000000000000003}, ""logreg"": {""clf__C"": 10.0}, ""hgb"": {""clf__learning_rate"": 0.05, ""clf__max_depth"": null, ""clf__max_iter"": 400}}",0.3583709502731526,"[[56, 44], [44, 16]]",arousal,0.41333333333333333,0.45,0.45,44,0.7333333333333333,,44,0.44,-0.17333333333333334,1.0315462245724891,-0.17333333333333334,subject_dependent,soft_vote,0.56,0.26666666666666666,0.3146848328098192,0.41333333333333333,0.45,0.45,0.41333333333333333,0.45,0.45,0.4078333333333333,56,0.56,16,0.26666666666666666,0.375,0.2727272727272727
0.63125,0.5416666666666666,"{""rbf_svm"": {""clf__C"": 3.3333333333333335, ""clf__class_weight"": ""balanced"", ""clf__gamma"": 0.00030000000000000003}, ""logreg"": {""clf__C"": 0.1}, ""hgb"": {""clf__learning_rate"": 0.05, ""clf__max_depth"": 5, ""clf__max_iter"": 200}}",0.25133297499879587,"[[11, 49], [10, 90]]",arousal,0.5123715067927062,0.63125,0.5725631489229814,10,0.1,,49,0.8166666666666667,0.09578544061302685,0.7273911427045503,0.11947508045544233,subject_dependent,soft_vote,0.5238095238095238,0.6474820143884892,0.7374919136402063,0.5856457690990065,0.63125,0.6011048304213772,0.5416666666666666,0.63125,0.63125,0.6043333333333333,11,0.18333333333333332,90,0.9,0.75,0.6666666666666667
0.69375,0.5958333333333333,"{""rbf_svm"": {""clf__C"": 3.3333333333333335, ""clf__class_weight"": ""balanced"", ""clf__gamma"": 0.00030000000000000003}, ""logreg"": {""clf__C"": 1.0}, ""hgb"": {""clf__learning_rate"": 0.1, ""clf__max_depth"": 3, ""clf__max_iter"": 400}}",0.19587432144667488,"[[16, 24], [25, 95]]",arousal,0.5950204039464848,0.69375,0.6949997417221964,25,0.20833333333333334,,24,0.6,0.1900826446280992,0.5717525961560951,0.19010861575059065,subject_dependent,soft_vote,0.3902439024390244,0.7983193277310925,0.8627766254480924,0.5942816150850585,0.69375,0.6963004714080754,0.5958333333333333,0.69375,0.69375,0.66875,16,0.4,95,0.7916666666666666,0.875,0.7948717948717949
0.775,0.7,"{""rbf_svm"": {""clf__C"": 10.0, ""clf__class_weight"": ""balanced"", ""clf__gamma"": 0.0001}, ""logreg"": {""clf__C"": 10.0}, ""hgb"": {""clf__learning_rate"": 0.05, ""clf__max_depth"": null, ""clf__max_iter"": 200}}",0.1587555801342118,"[[12, 8], [28, 112]]",arousal,0.6307692307692307,0.775,0.803846153846154,28,0.2,,8,0.4,0.28,0.47468531996884505,0.30550504633038933,subject_dependent,soft_vote,0.3,0.9333333333333333,0.9602404708194516,0.6166666666666667,0.775,0.8541666666666666,0.7,0.775,0.775,0.7728571428571429,12,0.6,112,0.8,1.0,1.0
0.4,0.45666666666666667,"{""rbf_svm"": {""clf__C"": 30.0, ""clf__class_weight"": ""balanced"", ""clf__gamma"": 0.0001}, ""logreg"": {""clf__C"": 1.0}, ""hgb"": {""clf__learning_rate"": 0.1, ""clf__max_depth"": null, ""clf__max_iter"": 400}}",0.3764990581082571,"[[23, 77], [19, 41]]",arousal,0.3923089096376009,0.4,0.3752175977211584,19,0.31666666666666665,,77,0.77,-0.07262569832402233,1.066526268749321,-0.09535908376272666,subject_dependent,soft_vote,0.5476190476190477,0.3474576271186441,0.4413942140174573,0.44753833736884585,0.4,0.4725585149313963,0.45666666666666667,0.4,0.4,0.5061666666666667,23,0.23,41,0.6833333333333333,0.375,0.36507936507936506
0.3875,0.3875,"{""rbf_svm"": {""clf__C"": 3.3333333333333335, ""clf__class_weight"": ""balanced"", ""clf__gamma"": 0.0001}, ""logreg"": {""clf__C"": 0.1}, ""hgb"": {""clf__learning_rate"": 0.1, ""clf__max_depth"": 3, ""clf__max_iter"": 200}}",0.3628631150516056,"[[8, 72], [26, 54]]",arousal,0.3323113609265883,0.3875,0.3323113609265883,26,0.325,,72,0.9,-0.2250000000000001,0.9933570869945203,-0.27500954910846337,subject_dependent,soft_vote,0.23529411764705882,0.42857142857142855,0.40275133679274566,0.3319327731092437,0.3875,0.3319327731092437,0.3875,0.3875,0.3875,0.33906250000000004,8,0.1,54,0.675,0.375,0.2727272727272727
0.7125,0.6833333333333333,"{""rbf_svm"": {""clf__C"": 3.3333333333333335, ""clf__class_weight"": ""balanced"", ""clf__gamma"": 0.00030000000000000003}, ""logreg"": {""clf__C"": 10.0}, ""hgb"": {""clf__learning_rate"": 0.1, ""clf__max_depth"": null, ""clf__max_iter"": 200}}",0.18643183989681064,"[[34, 26], [20, 80]]",arousal,0.6865951285981945,0.7125,0.7091211037301992,20,0.2,,26,0.43333333333333335,0.37414965986394555,0.5412283414264563,0.3754025713985257,subject_dependent,soft_vote,0.6296296296296297,0.7547169811320755,0.8728273653546417,0.6921733053808525,0.7125,0.7078092243186583,0.6833333333333333,0.7125,0.7125,0.796,34,0.5666666666666667,80,0.8,0.625,0.5636363636363637
0.825,0.81,"{""rbf_svm"": {""clf__C"": 30.0, ""clf__class_weight"": ""balanced"", ""clf__gamma"": 0.0001}, ""logreg"": {""clf__C"": 0.1}, ""hgb"": {""clf__learning_rate"": 0.05, ""clf__max_depth"": 3, ""clf__max_iter"": 200}}",0.12888369206748035,"[[45, 15], [13, 87]]",arousal,0.8120490015103206,0.825,0.8243832857862057,13,0.13,,15,0.25,0.6241610738255033,0.4077402350252573,0.6243861082458396,subject_dependent,soft_vote,0.7758620689655172,0.8529411764705882,0.941110438011595,0.8144016227180527,0.825,0.8240365111561866,0.81,0.825,0.825,0.9025,45,0.75,87,0.87,0.75,0.7333333333333334
0.45625,0.6375,"{""rbf_svm"": {""clf__C"": 30.0, ""clf__class_weight"": ""balanced"", ""clf__gamma"": 0.00030000000000000003}, ""logreg"": {""clf__C"": 10.0}, ""hgb"": {""clf__learning_rate"": 0.1, ""clf__max_depth"": 3, ""clf__max_iter"": 400}}",0.43762712878457116,"[[33, 87], [0, 40]]",arousal,0.45520723259363627,0.45625,0.4432898908066221,0,0.0,,87,0.725,0.1594202898550725,2.2146056096663798,0.29430285970127174,subject_dependent,soft_vote,1.0,0.31496062992125984,0.4352576983063232,0.6574803149606299,0.45625,0.828740157480315,0.6375,0.45625,0.45625,0.7564583333333333,33,0.275,40,1.0,0.375,0.36507936507936506
0.7125,0.65,"{""rbf_svm"": {""clf__C"": 3.3333333333333335, ""clf__class_weight"": ""balanced"", ""clf__gamma"": 0.00030000000000000003}, ""logreg"": {""clf__C"": 0.1}, ""hgb"": {""clf__learning_rate"": 0.1, ""clf__max_depth"": null, ""clf__max_iter"": 400}}",0.19303424236957473,"[[24, 36], [10, 90]]",arousal,0.6535492374317454,0.7125,0.6892769723215967,10,0.1,,36,0.6,0.3284671532846716,0.574760493609034,0.35503580124836315,subject_dependent,soft_vote,0.7058823529411765,0.7142857142857143,0.8259938567806157,0.7100840336134454,0.7125,0.7111344537815126,0.65,0.7125,0.7125,0.7548333333333332,24,0.4,90,0.9,0.875,0.8545454545454545
0.5375,0.4466666666666667,"{""rbf_svm"": {""clf__C"": 3.3333333333333335, ""clf__class_weight"": ""balanced"", ""clf__gamma"": 0.00030000000000000003}, ""logreg"": {""clf__C"": 10.0}, ""hgb"": {""clf__learning_rate"": 0.05, ""clf__max_depth"": null, ""clf__max_iter"": 400}}",0.3547957306986994,"[[5, 55], [19, 81]]",arousal,0.40274414850686036,0.5375,0.4736682808716706,19,0.19,,55,0.9166666666666666,-0.1212121212121211,1.2140702579427036,-0.14462030521243746,subject_dependent,soft_vote,0.20833333333333334,0.5955882352941176,0.6999303037110672,0.4019607843137255,0.5375,0.45036764705882354,0.4466666666666667,0.5375,0.5375,0.5636666666666666,5,0.08333333333333333,81,0.81,0.5,0.3333333333333333
0.45,0.44666666666666666,"{""rbf_svm"": {""clf__C"": 30.0, ""clf__class_weight"": ""balanced"", ""clf__gamma"": 0.00030000000000000003}, ""logreg"": {""clf__C"": 10.0}, ""hgb"": {""clf__learning_rate"": 0.1, ""clf__max_depth"": 3, ""clf__max_iter"": 400}}",0.3326237348382125,"[[46, 54], [34, 26]]",arousal,0.44126984126984126,0.45,0.4587301587301587,34,0.5666666666666667,,54,0.54,-0.10000000000000009,0.9922045055916723,-0.10327955589886445,subject_dependent,soft_vote,0.575,0.325,0.42802728474964424,0.44999999999999996,0.45,0.48125,0.44666666666666666,0.45,0.45,0.47333333333333333,46,0.46,26,0.43333333333333335,0.375,0.36507936507936506
0.5875,0.5875,"{""rbf_svm"": {""clf__C"": 30.0, ""clf__class_weight"": ""balanced"", ""clf__gamma"": 0.0001}, ""logreg"": {""clf__C"": 1.0}, ""hgb"": {""clf__learning_rate"": 0.1, ""clf__max_depth"": 3, ""clf__max_iter"": 400}}",0.26772742294085894,"[[50, 30], [36, 44]]",arousal,0.5869191049913942,0.5875,0.5869191049913941,36,0.45,,30,0.375,0.17500000000000004,0.7841212986641757,0.17549427369736506,subject_dependent,soft_vote,0.5813953488372093,0.5945945945945946,0.617968252369747,0.587994971715902,0.5875,0.587994971715902,0.5875,0.5875,0.5875,0.6265625,50,0.625,44,0.55,0.625,0.6190476190476191
0.50625,0.495,"{""rbf_svm"": {""clf__C"": 3.3333333333333335, ""clf__class_weight"": ""balanced"", ""clf__gamma"": 0.0001}, ""logreg"": {""clf__C"": 0.1}, ""hgb"": {""clf__learning_rate"": 0.1, ""clf__max_depth"": 3, ""clf__max_iter"": 200}}",0.28480558121465893,"[[54, 46], [33, 27]]",arousal,0.4917775722729283,0.50625,0.5132182059426642,33,0.55,,46,0.46,-0.009584664536741228,0.7909523869919741,-0.009719738231534875,subject_dependent,soft_vote,0.6206896551724138,0.3698630136986301,0.35367647141135083,0.495276334435522,0.50625,0.5266296646197449,0.495,0.50625,0.50625,0.5081666666666667,54,0.54,27,0.45,0.5,0.4666666666666667
0.55,0.5466666666666666,"{""rbf_svm"": {""clf__C"": 30.0, ""clf__class_weight"": ""balanced"", ""clf__gamma"": 0.00030000000000000003}, ""logreg"": {""clf__C"": 0.1}, ""hgb"": {""clf__learning_rate"": 0.05, ""clf__max_depth"": null, ""clf__max_iter"": 200}}",0.2578428368993409,"[[56, 44], [28, 32]]",arousal,0.5396419437340154,0.55,0.5569053708439898,28,0.4666666666666667,,44,0.44,0.08860759493670889,0.7209087787244842,0.09048278567177281,subject_dependent,soft_vote,0.6666666666666666,0.42105263157894735,0.5335990429784534,0.5438596491228069,0.55,0.5745614035087719,0.5466666666666666,0.55,0.55,0.6035,56,0.56,32,0.5333333333333333,0.5,0.5
0.60625,0.60625,"{""rbf_svm"": {""clf__C"": 30.0, ""clf__class_weight"": ""balanced"", ""clf__gamma"": 0.00030000000000000003}, ""logreg"": {""clf__C"": 0.1}, ""hgb"": {""clf__learning_rate"": 0.1, ""clf__max_depth"": 5, ""clf__max_iter"": 400}}",0.24994671004848595,"[[60, 20], [43, 37]]",arousal,0.5979418451597462,0.60625,0.5979418451597462,43,0.5375,,20,0.25,0.21250000000000002,0.7415013229263814,0.22186708691966542,subject_dependent,soft_vote,0.5825242718446602,0.6491228070175439,0.7030613153393245,0.615823539431102,0.60625,0.615823539431102,0.60625,0.60625,0.60625,0.648125,60,0.75,37,0.4625,0.625,0.5636363636363637
0.725,0.6666666666666667,"{""rbf_svm"": {""clf__C"": 30.0, ""clf__class_weight"": null, ""clf__gamma"": 0.00030000000000000003}, ""logreg"": {""clf__C"": 10.0}, ""hgb"": {""clf__learning_rate"": 0.1, ""clf__max_depth"": 3, ""clf__max_iter"": 400}}",0.17909416227295596,"[[94, 26], [18, 22]]",arousal,0.6551724137931034,0.725,0.7327586206896551,18,0.45,,26,0.21666666666666667,0.3125,0.521405793579093,0.314970394174356,subject_dependent,soft_vote,0.8392857142857143,0.4583333333333333,0.5180078917077581,0.6488095238095238,0.725,0.7440476190476191,0.6666666666666667,0.725,0.725,0.7560416666666666,94,0.7833333333333333,22,0.55,0.875,0.7948717948717949
0.64375,0.6678571428571428,"{""rbf_svm"": {""clf__C"": 30.0, ""clf__class_weight"": null, ""clf__gamma"": 0.00030000000000000003}, ""logreg"": {""clf__C"": 10.0}, ""hgb"": {""clf__learning_rate"": 0.05, ""clf__max_depth"": 3, ""clf__max_iter"": 400}}",0.21797923342803927,"[[89, 51], [6, 14]]",arousal,0.5434292866082603,0.64375,0.7039424280350438,6,0.3,,51,0.36428571428571427,0.1709090909090909,0.6277847054524355,0.22606345301462447,subject_dependent,soft_vote,0.9368421052631579,0.2153846153846154,0.25724478408229445,0.5761133603238866,0.64375,0.8466599190283401,0.6678571428571428,0.64375,0.64375,0.7296428571428571,89,0.6357142857142857,14,0.7,0.875,0.7948717948717949
0.83125,0.7535714285714286,"{""rbf_svm"": {""clf__C"": 30.0, ""clf__class_weight"": ""balanced"", ""clf__gamma"": 0.00030000000000000003}, ""logreg"": {""clf__C"": 1.0}, ""hgb"": {""clf__learning_rate"": 0.05, ""clf__max_depth"": 5, ""clf__max_iter"": 200}}",0.11219280901374687,"[[13, 7], [20, 120]]",arousal,0.6947212211151155,0.83125,0.8478376086495654,20,0.14285714285714285,,7,0.35,0.3966480446927374,0.35444472164250973,0.41452478077678057,subject_dependent,soft_vote,0.3939393939393939,0.9448818897637795,0.9826933524151291,0.6694106418515867,0.83125,0.8760140777857313,0.7535714285714286,0.83125,0.83125,0.8832142857142857,13,0.65,120,0.8571428571428571,0.875,0.7948717948717949
0.6125,0.6714285714285715,"{""rbf_svm"": {""clf__C"": 30.0, ""clf__class_weight"": ""balanced"", ""clf__gamma"": 0.00030000000000000003}, ""logreg"": {""clf__C"": 10.0}, ""hgb"": {""clf__learning_rate"": 0.1, ""clf__max_depth"": 3, ""clf__max_iter"": 200}}",0.22608988249371942,"[[83, 57], [5, 15]]",arousal,0.5270785659801678,0.6125,0.6778222730739893,5,0.25,,57,0.40714285714285714,0.16216216216216217,0.6558198967321502,0.22792115291927587,subject_dependent,soft_vote,0.9431818181818182,0.20833333333333334,0.3113688768775344,0.5757575757575758,0.6125,0.8513257575757576,0.6714285714285715,0.6125,0.6125,0.7328571428571429,83,0.5928571428571429,15,0.75,0.75,0.6666666666666667
0.69375,0.6964285714285714,"{""rbf_svm"": {""clf__C"": 30.0, ""clf__class_weight"": ""balanced"", ""clf__gamma"": 0.00030000000000000003}, ""logreg"": {""clf__C"": 1.0}, ""hgb"": {""clf__learning_rate"": 0.05, ""clf__max_depth"": null, ""clf__max_iter"": 200}}",0.2017121241835532,"[[14, 6], [43, 97]]",arousal,0.5809951365506921,0.69375,0.7440142162364385,43,0.30714285714285716,,6,0.3,0.21912350597609564,0.5982310672068689,0.27130489483603565,subject_dependent,soft_vote,0.24561403508771928,0.941747572815534,0.964460669786957,0.5936808039516266,0.69375,0.8547308805995572,0.6964285714285714,0.69375,0.69375,0.7821428571428573,14,0.7,97,0.6928571428571428,0.875,0.7948717948717949
0.39375,0.4116666666666667,"{""rbf_svm"": {""clf__C"": 30.0, ""clf__class_weight"": ""balanced"", ""clf__gamma"": 0.0001}, ""logreg"": {""clf__C"": 10.0}, ""hgb"": {""clf__learning_rate"": 0.1, ""clf__max_depth"": 3, ""clf__max_iter"": 400}}",0.3667113453444957,"[[34, 66], [31, 29]]",arousal,0.3931573802541545,0.39375,0.39789833822091886,31,0.5166666666666667,,66,0.66,-0.15820895522388057,0.99553357665653,-0.1741453005251843,subject_dependent,soft_vote,0.5230769230769231,0.30526315789473685,0.3355418912596542,0.41417004048582995,0.39375,0.44139676113360327,0.4116666666666667,0.39375,0.39375,0.372,34,0.34,29,0.48333333333333334,0.375,0.36507936507936506
0.5375,0.5366666666666666,"{""rbf_svm"": {""clf__C"": 30.0, ""clf__class_weight"": ""balanced"", ""clf__gamma"": 0.0001}, ""logreg"": {""clf__C"": 0.1}, ""hgb"": {""clf__learning_rate"": 0.05, ""clf__max_depth"": null, ""clf__max_iter"": 400}}",0.2629803623182176,"[[54, 46], [28, 32]]",arousal,0.5285873546743112,0.5375,0.5447921643573818,28,0.4666666666666667,,46,0.46,0.0691823899371069,0.7285500154037997,0.07102689405405546,subject_dependent,soft_vote,0.6585365853658537,0.41025641025641024,0.39907932012943037,0.534396497811132,0.5375,0.5654315196998124,0.5366666666666666,0.5375,0.5375,0.5706666666666667,54,0.54,32,0.5333333333333333,0.75,0.7333333333333334
0.44375,0.45833333333333337,"{""rbf_svm"": {""clf__C"": 3.3333333333333335, ""clf__class_weight"": ""balanced"", ""clf__gamma"": 0.00030000000000000003}, ""logreg"": {""clf__C"": 10.0}, ""hgb"": {""clf__learning_rate"": 0.05, ""clf__max_depth"": 3, ""clf__max_iter"": 400}}",0.330495599744361,"[[31, 29], [60, 40]]",arousal,0.4419844037775775,0.44375,0.4498314980994553,60,0.6,,29,0.48333333333333334,-0.07552870090634434,0.89773967007694,-0.0814608875540501,subject_dependent,soft_vote,0.34065934065934067,0.5797101449275363,0.5779264743453852,0.46018474279343846,0.44375,0.4900660933269629,0.45833333333333337,0.44375,0.44375,0.41350000000000003,31,0.5166666666666667,40,0.4,0.375,0.36507936507936506
0.55625,0.575,"{""rbf_svm"": {""clf__C"": 10.0, ""clf__class_weight"": ""balanced"", ""clf__gamma"": 0.00030000000000000003}, ""logreg"": {""clf__C"": 0.1}, ""hgb"": {""clf__learning_rate"": 0.1, ""clf__max_depth"": 5, ""clf__max_iter"": 400}}",0.27305836192854144,"[[39, 21], [50, 50]]",arousal,0.5541426272616665,0.55625,0.5618058008556066,50,0.5,,21,0.35,0.13677811550151975,0.7530234185334919,0.14616476967981407,subject_dependent,soft_vote,0.43820224719101125,0.704225352112676,0.6865237571777287,0.5712137996518436,0.55625,0.6044666877670517,0.575,0.55625,0.55625,0.5676666666666667,39,0.65,50,0.5,0.625,0.6190476190476191
0.375,0.42,"{""rbf_svm"": {""clf__C"": 30.0, ""clf__class_weight"": ""balanced"", ""clf__gamma"": 0.00030000000000000003}, ""logreg"": {""clf__C"": 1.0}, ""hgb"": {""clf__learning_rate"": 0.05, ""clf__max_depth"": 3, ""clf__max_iter"": 400}}",0.3297972072794638,"[[36, 24], [76, 24]]",arousal,0.37146448774355756,0.375,0.35967944688874925,76,0.76,,24,0.4,-0.13636363636363646,0.8726849768482321,-0.16903085094570333,subject_dependent,soft_vote,0.32142857142857145,0.5,0.5749754959457448,0.4107142857142857,0.375,0.4330357142857143,0.42,0.375,0.375,0.4165,36,0.6,24,0.24,0.25,0.2
0.6,0.5666666666666667,"{""rbf_svm"": {""clf__C"": 30.0, ""clf__class_weight"": ""balanced"", ""clf__gamma"": 0.00030000000000000003}, ""logreg"": {""clf__C"": 1.0}, ""hgb"": {""clf__learning_rate"": 0.1, ""clf__max_depth"": 3, ""clf__max_iter"": 400}}",0.25768303862526626,"[[26, 34], [30, 70]]",arousal,0.5672751859364435,0.6,0.5970250169033131,30,0.3,,34,0.5666666666666667,0.1351351351351351,0.7628999304437432,0.13533299049019168,subject_dependent,soft_vote,0.4642857142857143,0.6730769230769231,0.7752460130354935,0.5686813186813187,0.6,0.5947802197802198,0.5666666666666667,0.6,0.6,0.6426666666666667,26,0.43333333333333335,70,0.7,0.5,0.4666666666666667
0.7125,0.7124999999999999,"{""rbf_svm"": {""clf__C"": 30.0, ""clf__class_weight"": ""balanced"", ""clf__gamma"": 0.00030000000000000003}, ""logreg"": {""clf__C"": 1.0}, ""hgb"": {""clf__learning_rate"": 0.05, ""clf__max_depth"": 5, ""clf__max_iter"": 200}}",0.21415417014578822,"[[63, 17], [29, 51]]",arousal,0.7108736643620364,0.7125,0.7108736643620365,29,0.3625,,17,0.2125,0.42500000000000004,0.6462861660169008,0.4298634768105476,subject_dependent,soft_vote,0.6847826086956522,0.75,0.7409810253383355,0.7173913043478262,0.7125,0.7173913043478262,0.7124999999999999,0.7125,0.7125,0.7407812500000001,63,0.7875,51,0.6375,0.75,0.7333333333333334
0.65,0.4785714285714286,"{""rbf_svm"": {""clf__C"": 10.0, ""clf__class_weight"": ""balanced"", ""clf__gamma"": 0.0001}, ""logreg"": {""clf__C"": 0.1}, ""hgb"": {""clf__learning_rate"": 0.05, ""clf__max_depth"": 3, ""clf__max_iter"": 200}}",0.22449256749023067,"[[5, 15], [41, 99]]",arousal,0.4655213552851348,0.65,0.7010260081126223,41,0.29285714285714287,,15,0.75,-0.02752293577981657,0.6468475040282209,-0.03131633202010096,subject_dependent,soft_vote,0.10869565217391304,0.868421052631579,0.9113105304252619,0.48855835240274603,0.65,0.7734553775743708,0.4785714285714286,0.65,0.65,0.5492857142857143,5,0.25,99,0.7071428571428572,0.75,0.42857142857142855
0.7125,0.7125,"{""rbf_svm"": {""clf__C"": 30.0, ""clf__class_weight"": null, ""clf__gamma"": 0.00030000000000000003}, ""logreg"": {""clf__C"": 10.0}, ""hgb"": {""clf__learning_rate"": 0.05, ""clf__max_depth"": 3, ""clf__max_iter"": 400}}",0.18187136085711036,"[[52, 28], [18, 62]]",arousal,0.7113725490196079,0.7125,0.7113725490196078,18,0.225,,28,0.35,0.42500000000000004,0.5395950558089802,0.4283597360771242,subject_dependent,soft_vote,0.7428571428571429,0.6888888888888889,0.7886420984086561,0.7158730158730159,0.7125,0.7158730158730159,0.7125,0.7125,0.7125,0.8021874999999999,52,0.65,62,0.775,1.0,1.0
0.6,0.5633333333333334,"{""rbf_svm"": {""clf__C"": 30.0, ""clf__class_weight"": ""balanced"", ""clf__gamma"": 0.00030000000000000003}, ""logreg"": {""clf__C"": 0.1}, ""hgb"": {""clf__learning_rate"": 0.05, ""clf__max_depth"": 3, ""clf__max_iter"": 200}}",0.258661839605259,"[[25, 35], [29, 71]]",arousal,0.5639584397887923,0.6,0.5952989269289729,29,0.29,,35,0.5833333333333334,0.12925170068027214,0.724400203684141,0.12968452466494523,subject_dependent,soft_vote,0.46296296296296297,0.6698113207547169,0.7573979097651159,0.56638714185884,0.6,0.5922431865828092,0.5633333333333334,0.6,0.6,0.6123333333333333,25,0.4166666666666667,71,0.71,0.5,0.4666666666666667
0.5875,0.44999999999999996,"{""rbf_svm"": {""clf__C"": 30.0, ""clf__class_weight"": ""balanced"", ""clf__gamma"": 0.00030000000000000003}, ""logreg"": {""clf__C"": 10.0}, ""hgb"": {""clf__learning_rate"": 0.1, ""clf__max_depth"": 3, ""clf__max_iter"": 400}}",0.2599235252923723,"[[7, 33], [33, 87]]",arousal,0.44999999999999996,0.5875,0.5875,33,0.275,,33,0.825,-0.10000000000000009,0.7343628884810196,-0.1,subject_dependent,soft_vote,0.175,0.725,0.7846910531615048,0.44999999999999996,0.5875,0.5875,0.44999999999999996,0.5875,0.5875,0.4847916666666666,7,0.175,87,0.725,0.75,0.42857142857142855
0.50625,0.4683333333333333,"{""rbf_svm"": {""clf__C"": 30.0, ""clf__class_weight"": ""balanced"", ""clf__gamma"": 0.0001}, ""logreg"": {""clf__C"": 10.0}, ""hgb"": {""clf__learning_rate"": 0.05, ""clf__max_depth"": 5, ""clf__max_iter"": 400}}",0.30143458883055174,"[[19, 41], [38, 62]]",arousal,0.4678118816049851,0.50625,0.5035682708096502,38,0.38,,41,0.6833333333333333,-0.06397306397306401,0.83154063177975,-0.0640253455745762,subject_dependent,soft_vote,0.3333333333333333,0.6019417475728155,0.6441378500291316,0.4676375404530744,0.50625,0.5012135922330098,0.4683333333333333,0.50625,0.50625,0.4756666666666667,19,0.31666666666666665,62,0.62,0.25,0.2
0.625,0.5416666666666667,"{""rbf_svm"": {""clf__C"": 10.0, ""clf__class_weight"": ""balanced"", ""clf__gamma"": 0.0001}, ""logreg"": {""clf__C"": 10.0}, ""hgb"": {""clf__learning_rate"": 0.1, ""clf__max_depth"": 3, ""clf__max_iter"": 400}}",0.25124759130715457,"[[15, 25], [35, 85]]",arousal,0.536231884057971,0.625,0.6376811594202898,35,0.2916666666666667,,25,0.625,0.07692307692307687,0.7071971765576887,0.0778498944161523,subject_dependent,soft_vote,0.3,0.7727272727272727,0.7711237757087042,0.5363636363636364,0.625,0.6545454545454545,0.5416666666666667,0.625,0.625,0.5237499999999999,15,0.375,85,0.7083333333333334,0.75,0.6666666666666667
0.44375,0.3958333333333333,"{""rbf_svm"": {""clf__C"": 30.0, ""clf__class_weight"": null, ""clf__gamma"": 0.00030000000000000003}, ""logreg"": {""clf__C"": 1.0}, ""hgb"": {""clf__learning_rate"": 0.05, ""clf__max_depth"": 5, ""clf__max_iter"": 200}}",0.32158527826814776,"[[12, 28], [61, 59]]",arousal,0.3912188448548587,0.44375,0.48063357701680126,61,0.5083333333333333,,28,0.7,-0.1633986928104576,0.8685179008308914,-0.18111662841012977,subject_dependent,soft_vote,0.1643835616438356,0.6781609195402298,0.7271344485191122,0.4212722405920327,0.44375,0.5497165800661313,0.3958333333333333,0.44375,0.44375,0.39666666666666667,12,0.3,59,0.49166666666666664,0.375,0.2727272727272727
0.475,0.4666666666666667,"{""rbf_svm"": {""clf__C"": 3.3333333333333335, ""clf__class_weight"": ""balanced"", ""clf__gamma"": 0.0001}, ""logreg"": {""clf__C"": 0.1}, ""hgb"": {""clf__learning_rate"": 0.1, ""clf__max_depth"": 5, ""clf__max_iter"": 400}}",0.3080994075420606,"[[26, 34], [50, 50]]",arousal,0.4629156010230179,0.475,0.4830562659846547,50,0.5,,34,0.5666666666666667,-0.06329113924050622,0.829297276231386,-0.06463056119412344,subject_dependent,soft_vote,0.34210526315789475,0.5952380952380952,0.582041552387847,0.468671679197995,0.475,0.5003132832080202,0.4666666666666667,0.475,0.475,0.44016666666666665,26,0.43333333333333335,50,0.5,0.375,0.36507936507936506
0.7625,0.7266666666666667,"{""rbf_svm"": {""clf__C"": 10.0, ""clf__class_weight"": ""balanced"", ""clf__gamma"": 0.00030000000000000003}, ""logreg"": {""clf__C"": 10.0}, ""hgb"": {""clf__learning_rate"": 0.05, ""clf__max_depth"": 5, ""clf__max_iter"": 400}}",0.16113243512108083,"[[87, 13], [25, 35]]",arousal,0.7344514325646401,0.7625,0.7560272536687631,25,0.4166666666666667,,13,0.13,0.4722222222222222,0.470835595594174,0.4789207443461594,subject_dependent,soft_vote,0.7767857142857143,0.7291666666666666,0.7511325010141894,0.7529761904761905,0.7625,0.7589285714285714,0.7266666666666667,0.7625,0.7625,0.8414999999999999,87,0.87,35,0.5833333333333334,0.75,0.6666666666666667
0.675,0.7066666666666667,"{""rbf_svm"": {""clf__C"": 30.0, ""clf__class_weight"": ""balanced"", ""clf__gamma"": 0.00030000000000000003}, ""logreg"": {""clf__C"": 0.1}, ""hgb"": {""clf__learning_rate"": 0.05, ""clf__max_depth"": null, ""clf__max_iter"": 200}}",0.2208528564471429,"[[58, 42], [10, 50]]",arousal,0.6741854636591479,0.675,0.6782581453634086,10,0.16666666666666666,,42,0.42,0.37349397590361444,0.6452108710712073,0.4047880524841736,subject_dependent,soft_vote,0.8529411764705882,0.5434782608695652,0.6858708971449304,0.6982097186700766,0.675,0.7368925831202047,0.7066666666666667,0.675,0.675,0.7759999999999999,58,0.58,50,0.8333333333333334,0.75,0.75
0.6125,0.6125,"{""rbf_svm"": {""clf__C"": 10.0, ""clf__class_weight"": null, ""clf__gamma"": 0.00030000000000000003}, ""logreg"": {""clf__C"": 0.1}, ""hgb"": {""clf__learning_rate"": 0.05, ""clf__max_depth"": 3, ""clf__max_iter"": 200}}",0.274585279338025,"[[40, 40], [22, 58]]",arousal,0.6075328374742839,0.6125,0.607532837474284,22,0.275,,40,0.5,0.22499999999999998,0.7941036886834669,0.23092110260585344,subject_dependent,soft_vote,0.6451612903225806,0.5918367346938775,0.5285441409406386,0.618499012508229,0.6125,0.618499012508229,0.6125,0.6125,0.6125,0.58328125,40,0.5,58,0.725,0.625,0.6190476190476191
0.5625,0.6233333333333333,"{""rbf_svm"": {""clf__C"": 10.0, ""clf__class_weight"": ""balanced"", ""clf__gamma"": 0.0001}, ""logreg"": {""clf__C"": 0.1}, ""hgb"": {""clf__learning_rate"": 0.05, ""clf__max_depth"": 3, ""clf__max_iter"": 200}}",0.28481313726971463,"[[52, 8], [62, 38]]",arousal,0.5591245473153834,0.5625,0.5494803967879074,62,0.62,,8,0.13333333333333333,0.20903954802259883,0.7848495754482119,0.2638485724016775,subject_dependent,soft_vote,0.45614035087719296,0.8260869565217391,0.768107297162118,0.641113653699466,0.5625,0.6873569794050343,0.6233333333333333,0.5625,0.5625,0.6351666666666667,52,0.8666666666666667,38,0.38,0.625,0.6190476190476191
0.59375,0.5683333333333334,"{""rbf_svm"": {""clf__C"": 10.0, ""clf__class_weight"": ""balanced"", ""clf__gamma"": 0.0001}, ""logreg"": {""clf__C"": 0.1}, ""hgb"": {""clf__learning_rate"": 0.1, ""clf__max_depth"": null, ""clf__max_iter"": 200}}",0.24299651463282235,"[[28, 32], [33, 67]]",arousal,0.5680883757631131,0.59375,0.5944079903650483,33,0.33,,32,0.5333333333333333,0.1362126245847176,0.6832808751981114,0.13622465365004346,subject_dependent,soft_vote,0.45901639344262296,0.6767676767676768,0.8025571063696177,0.5678920351051499,0.59375,0.5951109455207816,0.5683333333333334,0.59375,0.59375,0.6656666666666667,28,0.4666666666666667,67,0.67,0.625,0.5636363636363637
0.7375,0.6666666666666667,"{""rbf_svm"": {""clf__C"": 10.0, ""clf__class_weight"": ""balanced"", ""clf__gamma"": 0.00030000000000000003}, ""logreg"": {""clf__C"": 0.1}, ""hgb"": {""clf__learning_rate"": 0.1, ""clf__max_depth"": null, ""clf__max_iter"": 200}}",0.16578211956760974,"[[21, 19], [23, 97]]",arousal,0.6610169491525424,0.7375,0.7415254237288136,23,0.19166666666666668,,19,0.475,0.32258064516129037,0.48913053446467636,0.32325409191761795,subject_dependent,soft_vote,0.4772727272727273,0.8362068965517241,0.9399045232438282,0.6567398119122256,0.7375,0.7464733542319749,0.6666666666666667,0.7375,0.7375,0.8116666666666666,21,0.525,97,0.8083333333333333,0.75,0.6666666666666667
0.325,0.2928571428571428,"{""rbf_svm"": {""clf__C"": 3.3333333333333335, ""clf__class_weight"": ""balanced"", ""clf__gamma"": 0.00030000000000000003}, ""logreg"": {""clf__C"": 10.0}, ""hgb"": {""clf__learning_rate"": 0.05, ""clf__max_depth"": null, ""clf__max_iter"": 400}}",0.5537641460094939,"[[5, 15], [93, 47]]",arousal,0.27504614868266486,0.325,0.41777143816076523,93,0.6642857142857143,,15,0.75,-0.15508021390374327,1.8948212099909292,-0.28123546808231126,subject_dependent,soft_vote,0.05102040816326531,0.7580645161290323,0.7440669043443287,0.40454246214614875,0.325,0.6696840026333113,0.2928571428571428,0.325,0.32499999999999996,0.1432142857142857,5,0.25,47,0.3357142857142857,0.125,0.1111111111111111
0.58125,0.6116666666666666,"{""rbf_svm"": {""clf__C"": 30.0, ""clf__class_weight"": ""balanced"", ""clf__gamma"": 0.00030000000000000003}, ""logreg"": {""clf__C"": 10.0}, ""hgb"": {""clf__learning_rate"": 0.1, ""clf__max_depth"": 3, ""clf__max_iter"": 200}}",0.33194434542116763,"[[44, 16], [51, 49]]",arousal,0.5808406647116324,0.58125,0.5841153470185729,51,0.51,,16,0.26666666666666666,0.19999999999999996,1.1511509620765072,0.22014594594693107,subject_dependent,soft_vote,0.4631578947368421,0.7538461538461538,0.806468363844125,0.608502024291498,0.58125,0.6448380566801619,0.6116666666666666,0.58125,0.58125,0.6451666666666668,44,0.7333333333333333,49,0.49,0.5,0.5
0.64375,0.64375,"{""rbf_svm"": {""clf__C"": 30.0, ""clf__class_weight"": ""balanced"", ""clf__gamma"": 0.00030000000000000003}, ""logreg"": {""clf__C"": 10.0}, ""hgb"": {""clf__learning_rate"": 0.05, ""clf__max_depth"": null, ""clf__max_iter"": 200}}",0.24301504441596747,"[[46, 34], [23, 57]]",arousal,0.6420581655480984,0.64375,0.6420581655480984,23,0.2875,,34,0.425,0.2875,0.7127554686459004,0.29025692799498215,subject_dependent,soft_vote,0.6666666666666666,0.6263736263736264,0.7777335783388919,0.6465201465201464,0.64375,0.6465201465201466,0.64375,0.64375,0.64375,0.7278124999999999,46,0.575,57,0.7125,0.625,0.6190476190476191
0.6375,0.6166666666666667,"{""rbf_svm"": {""clf__C"": 10.0, ""clf__class_weight"": ""balanced"", ""clf__gamma"": 0.00030000000000000003}, ""logreg"": {""clf__C"": 0.1}, ""hgb"": {""clf__learning_rate"": 0.05, ""clf__max_depth"": 3, ""clf__max_iter"": 200}}",0.23438985720506017,"[[32, 28], [30, 70]]",arousal,0.6158304355025667,0.6375,0.6386405033946019,30,0.3,,28,0.4666666666666667,0.23178807947019864,0.650208468179715,0.23186944788008415,subject_dependent,soft_vote,0.5161290322580645,0.7142857142857143,0.8271300605723966,0.6152073732718895,0.6375,0.6399769585253456,0.6166666666666667,0.6375,0.6375,0.6885,32,0.5333333333333333,70,0.7,0.625,0.6190476190476191
