[16:17:56] Wrote reports\roadmap_ceiling\gold_config.json
[16:17:56] Starting quick_w2_s1
[16:18:02] quick_w2_s1 model=rbf_svm dim=valence subject=1 split 1/2
[16:19:08] quick_w2_s1 model=rbf_svm dim=valence subject=1 split 1/2 trial_acc=0.250
[16:19:08] quick_w2_s1 model=rbf_svm dim=valence subject=1 split 2/2
[16:20:26] quick_w2_s1 model=rbf_svm dim=valence subject=1 split 2/2 trial_acc=0.625
[16:20:26] quick_w2_s1 model=rbf_svm dim=valence subject=2 split 1/2
[16:21:26] quick_w2_s1 model=rbf_svm dim=valence subject=2 split 1/2 trial_acc=0.375
[16:21:26] quick_w2_s1 model=rbf_svm dim=valence subject=2 split 2/2
[16:22:28] quick_w2_s1 model=rbf_svm dim=valence subject=2 split 2/2 trial_acc=0.625
[16:22:28] quick_w2_s1 model=rbf_svm dim=valence subject=3 split 1/2
[16:23:24] quick_w2_s1 model=rbf_svm dim=valence subject=3 split 1/2 trial_acc=0.625
[16:23:24] quick_w2_s1 model=rbf_svm dim=valence subject=3 split 2/2
[16:24:25] quick_w2_s1 model=rbf_svm dim=valence subject=3 split 2/2 trial_acc=0.750
[16:24:26] quick_w2_s1 model=rbf_svm dim=valence subject=4 split 1/2
[16:25:38] quick_w2_s1 model=rbf_svm dim=valence subject=4 split 1/2 trial_acc=0.250
[16:25:38] quick_w2_s1 model=rbf_svm dim=valence subject=4 split 2/2
[16:26:52] quick_w2_s1 model=rbf_svm dim=valence subject=4 split 2/2 trial_acc=0.500
[16:26:53] quick_w2_s1 model=rbf_svm dim=valence subject=5 split 1/2
[16:28:01] quick_w2_s1 model=rbf_svm dim=valence subject=5 split 1/2 trial_acc=0.500
[16:28:01] quick_w2_s1 model=rbf_svm dim=valence subject=5 split 2/2
[16:29:12] quick_w2_s1 model=rbf_svm dim=valence subject=5 split 2/2 trial_acc=0.375
[16:29:12] quick_w2_s1 model=rbf_svm dim=valence subject=6 split 1/2
[16:30:13] quick_w2_s1 model=rbf_svm dim=valence subject=6 split 1/2 trial_acc=0.250
[16:30:13] quick_w2_s1 model=rbf_svm dim=valence subject=6 split 2/2
[16:31:18] quick_w2_s1 model=rbf_svm dim=valence subject=6 split 2/2 trial_acc=0.625
[16:31:18] quick_w2_s1 model=rbf_svm dim=valence subject=7 split 1/2
[16:32:22] quick_w2_s1 model=rbf_svm dim=valence subject=7 split 1/2 trial_acc=0.625
[16:32:22] quick_w2_s1 model=rbf_svm dim=valence subject=7 split 2/2
[16:33:27] quick_w2_s1 model=rbf_svm dim=valence subject=7 split 2/2 trial_acc=0.875
[16:33:28] quick_w2_s1 model=rbf_svm dim=valence subject=8 split 1/2
[16:34:31] quick_w2_s1 model=rbf_svm dim=valence subject=8 split 1/2 trial_acc=0.625
[16:34:31] quick_w2_s1 model=rbf_svm dim=valence subject=8 split 2/2
[16:35:32] quick_w2_s1 model=rbf_svm dim=valence subject=8 split 2/2 trial_acc=0.625
[16:35:33] quick_w2_s1 model=rbf_svm dim=valence subject=9 split 1/2
[16:36:28] quick_w2_s1 model=rbf_svm dim=valence subject=9 split 1/2 trial_acc=0.500
[16:36:28] quick_w2_s1 model=rbf_svm dim=valence subject=9 split 2/2
[16:37:25] quick_w2_s1 model=rbf_svm dim=valence subject=9 split 2/2 trial_acc=0.750
[16:37:25] quick_w2_s1 model=rbf_svm dim=valence subject=10 split 1/2
[16:38:25] quick_w2_s1 model=rbf_svm dim=valence subject=10 split 1/2 trial_acc=1.000
[16:38:25] quick_w2_s1 model=rbf_svm dim=valence subject=10 split 2/2
[16:39:23] quick_w2_s1 model=rbf_svm dim=valence subject=10 split 2/2 trial_acc=0.875
[16:39:23] quick_w2_s1 model=rbf_svm dim=valence subject=11 split 1/2
[16:40:27] quick_w2_s1 model=rbf_svm dim=valence subject=11 split 1/2 trial_acc=0.500
[16:40:27] quick_w2_s1 model=rbf_svm dim=valence subject=11 split 2/2
[16:41:31] quick_w2_s1 model=rbf_svm dim=valence subject=11 split 2/2 trial_acc=0.500
[16:41:31] quick_w2_s1 model=rbf_svm dim=valence subject=12 split 1/2
[16:42:36] quick_w2_s1 model=rbf_svm dim=valence subject=12 split 1/2 trial_acc=0.375
[16:42:36] quick_w2_s1 model=rbf_svm dim=valence subject=12 split 2/2
[16:43:41] quick_w2_s1 model=rbf_svm dim=valence subject=12 split 2/2 trial_acc=0.375
[16:43:41] quick_w2_s1 model=rbf_svm dim=arousal subject=1 split 1/2
[16:44:42] quick_w2_s1 model=rbf_svm dim=arousal subject=1 split 1/2 trial_acc=0.500
[16:44:42] quick_w2_s1 model=rbf_svm dim=arousal subject=1 split 2/2
[16:45:42] quick_w2_s1 model=rbf_svm dim=arousal subject=1 split 2/2 trial_acc=0.500
[16:45:42] quick_w2_s1 model=rbf_svm dim=arousal subject=2 split 1/2
[16:46:46] quick_w2_s1 model=rbf_svm dim=arousal subject=2 split 1/2 trial_acc=0.750
[16:46:46] quick_w2_s1 model=rbf_svm dim=arousal subject=2 split 2/2
[16:47:50] quick_w2_s1 model=rbf_svm dim=arousal subject=2 split 2/2 trial_acc=0.750
[16:47:50] quick_w2_s1 model=rbf_svm dim=arousal subject=3 split 1/2
[16:48:51] quick_w2_s1 model=rbf_svm dim=arousal subject=3 split 1/2 trial_acc=0.625
[16:48:51] quick_w2_s1 model=rbf_svm dim=arousal subject=3 split 2/2
[16:49:57] quick_w2_s1 model=rbf_svm dim=arousal subject=3 split 2/2 trial_acc=0.750
[16:49:57] quick_w2_s1 model=rbf_svm dim=arousal subject=4 split 1/2
[16:51:07] quick_w2_s1 model=rbf_svm dim=arousal subject=4 split 1/2 trial_acc=0.500
[16:51:07] quick_w2_s1 model=rbf_svm dim=arousal subject=4 split 2/2
[16:52:15] quick_w2_s1 model=rbf_svm dim=arousal subject=4 split 2/2 trial_acc=0.375
[16:52:15] quick_w2_s1 model=rbf_svm dim=arousal subject=5 split 1/2
[16:53:15] quick_w2_s1 model=rbf_svm dim=arousal subject=5 split 1/2 trial_acc=0.375
[16:53:15] quick_w2_s1 model=rbf_svm dim=arousal subject=5 split 2/2
[16:54:17] quick_w2_s1 model=rbf_svm dim=arousal subject=5 split 2/2 trial_acc=0.625
[16:54:17] quick_w2_s1 model=rbf_svm dim=arousal subject=6 split 1/2
[16:55:23] quick_w2_s1 model=rbf_svm dim=arousal subject=6 split 1/2 trial_acc=0.250
[16:55:23] quick_w2_s1 model=rbf_svm dim=arousal subject=6 split 2/2
[16:56:40] quick_w2_s1 model=rbf_svm dim=arousal subject=6 split 2/2 trial_acc=0.750
[16:56:40] quick_w2_s1 model=rbf_svm dim=arousal subject=7 split 1/2
[16:57:47] quick_w2_s1 model=rbf_svm dim=arousal subject=7 split 1/2 trial_acc=0.500
[16:57:47] quick_w2_s1 model=rbf_svm dim=arousal subject=7 split 2/2
[16:58:51] quick_w2_s1 model=rbf_svm dim=arousal subject=7 split 2/2 trial_acc=0.250
[16:58:51] quick_w2_s1 model=rbf_svm dim=arousal subject=8 split 1/2
[16:59:58] quick_w2_s1 model=rbf_svm dim=arousal subject=8 split 1/2 trial_acc=0.125
[16:59:58] quick_w2_s1 model=rbf_svm dim=arousal subject=8 split 2/2
[17:01:09] quick_w2_s1 model=rbf_svm dim=arousal subject=8 split 2/2 trial_acc=0.500
[17:01:10] quick_w2_s1 model=rbf_svm dim=arousal subject=9 split 1/2
[17:02:13] quick_w2_s1 model=rbf_svm dim=arousal subject=9 split 1/2 trial_acc=0.625
[17:02:13] quick_w2_s1 model=rbf_svm dim=arousal subject=9 split 2/2
[17:03:15] quick_w2_s1 model=rbf_svm dim=arousal subject=9 split 2/2 trial_acc=0.500
[17:03:15] quick_w2_s1 model=rbf_svm dim=arousal subject=10 split 1/2
[17:04:15] quick_w2_s1 model=rbf_svm dim=arousal subject=10 split 1/2 trial_acc=0.500
[17:04:15] quick_w2_s1 model=rbf_svm dim=arousal subject=10 split 2/2
[17:05:18] quick_w2_s1 model=rbf_svm dim=arousal subject=10 split 2/2 trial_acc=0.875
[17:05:18] quick_w2_s1 model=rbf_svm dim=arousal subject=11 split 1/2
[17:06:28] quick_w2_s1 model=rbf_svm dim=arousal subject=11 split 1/2 trial_acc=0.500
[17:06:28] quick_w2_s1 model=rbf_svm dim=arousal subject=11 split 2/2
[17:07:31] quick_w2_s1 model=rbf_svm dim=arousal subject=11 split 2/2 trial_acc=0.375
[17:07:31] quick_w2_s1 model=rbf_svm dim=arousal subject=12 split 1/2
[17:08:35] quick_w2_s1 model=rbf_svm dim=arousal subject=12 split 1/2 trial_acc=0.625
[17:08:35] quick_w2_s1 model=rbf_svm dim=arousal subject=12 split 2/2
[17:09:38] quick_w2_s1 model=rbf_svm dim=arousal subject=12 split 2/2 trial_acc=0.625
[17:09:38] Finished quick_w2_s1 in 51.7 min
[17:09:38] Starting quick_w4_s2
[17:09:43] quick_w4_s2 model=rbf_svm dim=valence subject=1 split 1/2
[17:10:03] quick_w4_s2 model=rbf_svm dim=valence subject=1 split 1/2 trial_acc=0.375
[17:10:03] quick_w4_s2 model=rbf_svm dim=valence subject=1 split 2/2
[17:10:23] quick_w4_s2 model=rbf_svm dim=valence subject=1 split 2/2 trial_acc=0.500
[17:10:24] quick_w4_s2 model=rbf_svm dim=valence subject=2 split 1/2
[17:10:43] quick_w4_s2 model=rbf_svm dim=valence subject=2 split 1/2 trial_acc=0.500
[17:10:43] quick_w4_s2 model=rbf_svm dim=valence subject=2 split 2/2
[17:11:02] quick_w4_s2 model=rbf_svm dim=valence subject=2 split 2/2 trial_acc=0.625
[17:11:03] quick_w4_s2 model=rbf_svm dim=valence subject=3 split 1/2
[17:11:21] quick_w4_s2 model=rbf_svm dim=valence subject=3 split 1/2 trial_acc=0.625
[17:11:21] quick_w4_s2 model=rbf_svm dim=valence subject=3 split 2/2
[17:11:40] quick_w4_s2 model=rbf_svm dim=valence subject=3 split 2/2 trial_acc=0.750
[17:11:40] quick_w4_s2 model=rbf_svm dim=valence subject=4 split 1/2
[17:12:01] quick_w4_s2 model=rbf_svm dim=valence subject=4 split 1/2 trial_acc=0.250
[17:12:01] quick_w4_s2 model=rbf_svm dim=valence subject=4 split 2/2
[17:12:23] quick_w4_s2 model=rbf_svm dim=valence subject=4 split 2/2 trial_acc=0.375
[17:12:23] quick_w4_s2 model=rbf_svm dim=valence subject=5 split 1/2
[17:12:44] quick_w4_s2 model=rbf_svm dim=valence subject=5 split 1/2 trial_acc=0.500
[17:12:44] quick_w4_s2 model=rbf_svm dim=valence subject=5 split 2/2
[17:13:05] quick_w4_s2 model=rbf_svm dim=valence subject=5 split 2/2 trial_acc=0.500
[17:13:06] quick_w4_s2 model=rbf_svm dim=valence subject=6 split 1/2
[17:13:25] quick_w4_s2 model=rbf_svm dim=valence subject=6 split 1/2 trial_acc=0.375
[17:13:25] quick_w4_s2 model=rbf_svm dim=valence subject=6 split 2/2
[17:13:45] quick_w4_s2 model=rbf_svm dim=valence subject=6 split 2/2 trial_acc=0.625
[17:13:46] quick_w4_s2 model=rbf_svm dim=valence subject=7 split 1/2
[17:14:06] quick_w4_s2 model=rbf_svm dim=valence subject=7 split 1/2 trial_acc=0.625
[17:14:06] quick_w4_s2 model=rbf_svm dim=valence subject=7 split 2/2
[17:14:26] quick_w4_s2 model=rbf_svm dim=valence subject=7 split 2/2 trial_acc=0.625
[17:14:27] quick_w4_s2 model=rbf_svm dim=valence subject=8 split 1/2
[17:14:46] quick_w4_s2 model=rbf_svm dim=valence subject=8 split 1/2 trial_acc=0.625
[17:14:46] quick_w4_s2 model=rbf_svm dim=valence subject=8 split 2/2
[17:15:06] quick_w4_s2 model=rbf_svm dim=valence subject=8 split 2/2 trial_acc=0.500
[17:15:06] quick_w4_s2 model=rbf_svm dim=valence subject=9 split 1/2
[17:15:24] quick_w4_s2 model=rbf_svm dim=valence subject=9 split 1/2 trial_acc=0.500
[17:15:24] quick_w4_s2 model=rbf_svm dim=valence subject=9 split 2/2
[17:15:42] quick_w4_s2 model=rbf_svm dim=valence subject=9 split 2/2 trial_acc=0.750
[17:15:43] quick_w4_s2 model=rbf_svm dim=valence subject=10 split 1/2
[17:16:02] quick_w4_s2 model=rbf_svm dim=valence subject=10 split 1/2 trial_acc=1.000
[17:16:02] quick_w4_s2 model=rbf_svm dim=valence subject=10 split 2/2
[17:16:21] quick_w4_s2 model=rbf_svm dim=valence subject=10 split 2/2 trial_acc=0.875
[17:16:21] quick_w4_s2 model=rbf_svm dim=valence subject=11 split 1/2
[17:16:41] quick_w4_s2 model=rbf_svm dim=valence subject=11 split 1/2 trial_acc=0.500
[17:16:41] quick_w4_s2 model=rbf_svm dim=valence subject=11 split 2/2
[17:17:01] quick_w4_s2 model=rbf_svm dim=valence subject=11 split 2/2 trial_acc=0.375
[17:17:01] quick_w4_s2 model=rbf_svm dim=valence subject=12 split 1/2
[17:17:21] quick_w4_s2 model=rbf_svm dim=valence subject=12 split 1/2 trial_acc=0.375
[17:17:21] quick_w4_s2 model=rbf_svm dim=valence subject=12 split 2/2
[17:17:42] quick_w4_s2 model=rbf_svm dim=valence subject=12 split 2/2 trial_acc=0.625
[17:17:42] quick_w4_s2 model=rbf_svm dim=arousal subject=1 split 1/2
[17:18:01] quick_w4_s2 model=rbf_svm dim=arousal subject=1 split 1/2 trial_acc=0.500
[17:18:01] quick_w4_s2 model=rbf_svm dim=arousal subject=1 split 2/2
[17:18:20] quick_w4_s2 model=rbf_svm dim=arousal subject=1 split 2/2 trial_acc=0.500
[17:18:20] quick_w4_s2 model=rbf_svm dim=arousal subject=2 split 1/2
[17:18:40] quick_w4_s2 model=rbf_svm dim=arousal subject=2 split 1/2 trial_acc=0.750
[17:18:40] quick_w4_s2 model=rbf_svm dim=arousal subject=2 split 2/2
[17:19:00] quick_w4_s2 model=rbf_svm dim=arousal subject=2 split 2/2 trial_acc=0.875
[17:19:00] quick_w4_s2 model=rbf_svm dim=arousal subject=3 split 1/2
[17:19:20] quick_w4_s2 model=rbf_svm dim=arousal subject=3 split 1/2 trial_acc=0.625
[17:19:20] quick_w4_s2 model=rbf_svm dim=arousal subject=3 split 2/2
[17:19:39] quick_w4_s2 model=rbf_svm dim=arousal subject=3 split 2/2 trial_acc=0.750
[17:19:39] quick_w4_s2 model=rbf_svm dim=arousal subject=4 split 1/2
[17:20:00] quick_w4_s2 model=rbf_svm dim=arousal subject=4 split 1/2 trial_acc=0.625
[17:20:00] quick_w4_s2 model=rbf_svm dim=arousal subject=4 split 2/2
[17:20:21] quick_w4_s2 model=rbf_svm dim=arousal subject=4 split 2/2 trial_acc=0.375
[17:20:21] quick_w4_s2 model=rbf_svm dim=arousal subject=5 split 1/2
[17:20:40] quick_w4_s2 model=rbf_svm dim=arousal subject=5 split 1/2 trial_acc=0.375
[17:20:40] quick_w4_s2 model=rbf_svm dim=arousal subject=5 split 2/2
[17:21:00] quick_w4_s2 model=rbf_svm dim=arousal subject=5 split 2/2 trial_acc=0.625
[17:21:00] quick_w4_s2 model=rbf_svm dim=arousal subject=6 split 1/2
[17:21:20] quick_w4_s2 model=rbf_svm dim=arousal subject=6 split 1/2 trial_acc=0.250
[17:21:20] quick_w4_s2 model=rbf_svm dim=arousal subject=6 split 2/2
[17:21:41] quick_w4_s2 model=rbf_svm dim=arousal subject=6 split 2/2 trial_acc=0.750
[17:21:41] quick_w4_s2 model=rbf_svm dim=arousal subject=7 split 1/2
[17:22:00] quick_w4_s2 model=rbf_svm dim=arousal subject=7 split 1/2 trial_acc=0.625
[17:22:00] quick_w4_s2 model=rbf_svm dim=arousal subject=7 split 2/2
[17:22:20] quick_w4_s2 model=rbf_svm dim=arousal subject=7 split 2/2 trial_acc=0.375
[17:22:20] quick_w4_s2 model=rbf_svm dim=arousal subject=8 split 1/2
[17:22:39] quick_w4_s2 model=rbf_svm dim=arousal subject=8 split 1/2 trial_acc=0.125
[17:22:39] quick_w4_s2 model=rbf_svm dim=arousal subject=8 split 2/2
[17:23:00] quick_w4_s2 model=rbf_svm dim=arousal subject=8 split 2/2 trial_acc=0.500
[17:23:00] quick_w4_s2 model=rbf_svm dim=arousal subject=9 split 1/2
[17:23:19] quick_w4_s2 model=rbf_svm dim=arousal subject=9 split 1/2 trial_acc=0.500
[17:23:19] quick_w4_s2 model=rbf_svm dim=arousal subject=9 split 2/2
[17:23:38] quick_w4_s2 model=rbf_svm dim=arousal subject=9 split 2/2 trial_acc=0.500
[17:23:38] quick_w4_s2 model=rbf_svm dim=arousal subject=10 split 1/2
[17:23:56] quick_w4_s2 model=rbf_svm dim=arousal subject=10 split 1/2 trial_acc=0.500
[17:23:56] quick_w4_s2 model=rbf_svm dim=arousal subject=10 split 2/2
[17:24:15] quick_w4_s2 model=rbf_svm dim=arousal subject=10 split 2/2 trial_acc=0.875
[17:24:15] quick_w4_s2 model=rbf_svm dim=arousal subject=11 split 1/2
[17:24:35] quick_w4_s2 model=rbf_svm dim=arousal subject=11 split 1/2 trial_acc=0.625
[17:24:35] quick_w4_s2 model=rbf_svm dim=arousal subject=11 split 2/2
[17:24:54] quick_w4_s2 model=rbf_svm dim=arousal subject=11 split 2/2 trial_acc=0.250
[17:24:54] quick_w4_s2 model=rbf_svm dim=arousal subject=12 split 1/2
[17:25:14] quick_w4_s2 model=rbf_svm dim=arousal subject=12 split 1/2 trial_acc=0.750
[17:25:14] quick_w4_s2 model=rbf_svm dim=arousal subject=12 split 2/2
[17:25:34] quick_w4_s2 model=rbf_svm dim=arousal subject=12 split 2/2 trial_acc=0.625
[17:25:34] Finished quick_w4_s2 in 15.9 min
[17:25:34] Starting quick_w6_s3
[17:25:39] quick_w6_s3 model=rbf_svm dim=valence subject=1 split 1/2
[17:25:51] quick_w6_s3 model=rbf_svm dim=valence subject=1 split 1/2 trial_acc=0.500
[17:25:51] quick_w6_s3 model=rbf_svm dim=valence subject=1 split 2/2
[17:26:03] quick_w6_s3 model=rbf_svm dim=valence subject=1 split 2/2 trial_acc=0.500
[17:26:03] quick_w6_s3 model=rbf_svm dim=valence subject=2 split 1/2
[17:26:14] quick_w6_s3 model=rbf_svm dim=valence subject=2 split 1/2 trial_acc=0.375
[17:26:14] quick_w6_s3 model=rbf_svm dim=valence subject=2 split 2/2
[17:26:26] quick_w6_s3 model=rbf_svm dim=valence subject=2 split 2/2 trial_acc=0.625
[17:26:26] quick_w6_s3 model=rbf_svm dim=valence subject=3 split 1/2
[17:26:37] quick_w6_s3 model=rbf_svm dim=valence subject=3 split 1/2 trial_acc=0.625
[17:26:37] quick_w6_s3 model=rbf_svm dim=valence subject=3 split 2/2
[17:26:47] quick_w6_s3 model=rbf_svm dim=valence subject=3 split 2/2 trial_acc=0.750
[17:26:48] quick_w6_s3 model=rbf_svm dim=valence subject=4 split 1/2
[17:26:59] quick_w6_s3 model=rbf_svm dim=valence subject=4 split 1/2 trial_acc=0.375
[17:26:59] quick_w6_s3 model=rbf_svm dim=valence subject=4 split 2/2
[17:27:11] quick_w6_s3 model=rbf_svm dim=valence subject=4 split 2/2 trial_acc=0.625
[17:27:11] quick_w6_s3 model=rbf_svm dim=valence subject=5 split 1/2
[17:27:22] quick_w6_s3 model=rbf_svm dim=valence subject=5 split 1/2 trial_acc=0.500
[17:27:22] quick_w6_s3 model=rbf_svm dim=valence subject=5 split 2/2
[17:27:33] quick_w6_s3 model=rbf_svm dim=valence subject=5 split 2/2 trial_acc=0.500
[17:27:34] quick_w6_s3 model=rbf_svm dim=valence subject=6 split 1/2
[17:27:44] quick_w6_s3 model=rbf_svm dim=valence subject=6 split 1/2 trial_acc=0.375
[17:27:44] quick_w6_s3 model=rbf_svm dim=valence subject=6 split 2/2
[17:27:55] quick_w6_s3 model=rbf_svm dim=valence subject=6 split 2/2 trial_acc=0.625
[17:27:55] quick_w6_s3 model=rbf_svm dim=valence subject=7 split 1/2
[17:28:06] quick_w6_s3 model=rbf_svm dim=valence subject=7 split 1/2 trial_acc=0.625
[17:28:06] quick_w6_s3 model=rbf_svm dim=valence subject=7 split 2/2
[17:28:17] quick_w6_s3 model=rbf_svm dim=valence subject=7 split 2/2 trial_acc=0.375
[17:28:18] quick_w6_s3 model=rbf_svm dim=valence subject=8 split 1/2
[17:28:29] quick_w6_s3 model=rbf_svm dim=valence subject=8 split 1/2 trial_acc=0.500
[17:28:29] quick_w6_s3 model=rbf_svm dim=valence subject=8 split 2/2
[17:28:39] quick_w6_s3 model=rbf_svm dim=valence subject=8 split 2/2 trial_acc=0.500
[17:28:40] quick_w6_s3 model=rbf_svm dim=valence subject=9 split 1/2
[17:28:50] quick_w6_s3 model=rbf_svm dim=valence subject=9 split 1/2 trial_acc=0.500
[17:28:50] quick_w6_s3 model=rbf_svm dim=valence subject=9 split 2/2
[17:29:00] quick_w6_s3 model=rbf_svm dim=valence subject=9 split 2/2 trial_acc=0.750
[17:29:01] quick_w6_s3 model=rbf_svm dim=valence subject=10 split 1/2
[17:29:11] quick_w6_s3 model=rbf_svm dim=valence subject=10 split 1/2 trial_acc=1.000
[17:29:11] quick_w6_s3 model=rbf_svm dim=valence subject=10 split 2/2
[17:29:22] quick_w6_s3 model=rbf_svm dim=valence subject=10 split 2/2 trial_acc=0.875
[17:29:22] quick_w6_s3 model=rbf_svm dim=valence subject=11 split 1/2
[17:29:33] quick_w6_s3 model=rbf_svm dim=valence subject=11 split 1/2 trial_acc=0.500
[17:29:33] quick_w6_s3 model=rbf_svm dim=valence subject=11 split 2/2
[17:29:44] quick_w6_s3 model=rbf_svm dim=valence subject=11 split 2/2 trial_acc=0.500
[17:29:44] quick_w6_s3 model=rbf_svm dim=valence subject=12 split 1/2
[17:29:55] quick_w6_s3 model=rbf_svm dim=valence subject=12 split 1/2 trial_acc=0.250
[17:29:55] quick_w6_s3 model=rbf_svm dim=valence subject=12 split 2/2
[17:30:06] quick_w6_s3 model=rbf_svm dim=valence subject=12 split 2/2 trial_acc=0.375
[17:30:06] quick_w6_s3 model=rbf_svm dim=arousal subject=1 split 1/2
[17:30:16] quick_w6_s3 model=rbf_svm dim=arousal subject=1 split 1/2 trial_acc=0.625
[17:30:16] quick_w6_s3 model=rbf_svm dim=arousal subject=1 split 2/2
[17:30:27] quick_w6_s3 model=rbf_svm dim=arousal subject=1 split 2/2 trial_acc=0.500
[17:30:27] quick_w6_s3 model=rbf_svm dim=arousal subject=2 split 1/2
[17:30:38] quick_w6_s3 model=rbf_svm dim=arousal subject=2 split 1/2 trial_acc=0.625
[17:30:38] quick_w6_s3 model=rbf_svm dim=arousal subject=2 split 2/2
[17:30:49] quick_w6_s3 model=rbf_svm dim=arousal subject=2 split 2/2 trial_acc=0.750
[17:30:49] quick_w6_s3 model=rbf_svm dim=arousal subject=3 split 1/2
[17:31:00] quick_w6_s3 model=rbf_svm dim=arousal subject=3 split 1/2 trial_acc=0.625
[17:31:00] quick_w6_s3 model=rbf_svm dim=arousal subject=3 split 2/2
[17:31:11] quick_w6_s3 model=rbf_svm dim=arousal subject=3 split 2/2 trial_acc=0.750
[17:31:11] quick_w6_s3 model=rbf_svm dim=arousal subject=4 split 1/2
[17:31:22] quick_w6_s3 model=rbf_svm dim=arousal subject=4 split 1/2 trial_acc=0.625
[17:31:22] quick_w6_s3 model=rbf_svm dim=arousal subject=4 split 2/2
[17:31:33] quick_w6_s3 model=rbf_svm dim=arousal subject=4 split 2/2 trial_acc=0.375
[17:31:33] quick_w6_s3 model=rbf_svm dim=arousal subject=5 split 1/2
[17:31:44] quick_w6_s3 model=rbf_svm dim=arousal subject=5 split 1/2 trial_acc=0.375
[17:31:44] quick_w6_s3 model=rbf_svm dim=arousal subject=5 split 2/2
[17:31:55] quick_w6_s3 model=rbf_svm dim=arousal subject=5 split 2/2 trial_acc=0.625
[17:31:55] quick_w6_s3 model=rbf_svm dim=arousal subject=6 split 1/2
[17:32:06] quick_w6_s3 model=rbf_svm dim=arousal subject=6 split 1/2 trial_acc=0.250
[17:32:06] quick_w6_s3 model=rbf_svm dim=arousal subject=6 split 2/2
[17:32:17] quick_w6_s3 model=rbf_svm dim=arousal subject=6 split 2/2 trial_acc=0.750
[17:32:17] quick_w6_s3 model=rbf_svm dim=arousal subject=7 split 1/2
[17:32:28] quick_w6_s3 model=rbf_svm dim=arousal subject=7 split 1/2 trial_acc=0.500
[17:32:28] quick_w6_s3 model=rbf_svm dim=arousal subject=7 split 2/2
[17:32:39] quick_w6_s3 model=rbf_svm dim=arousal subject=7 split 2/2 trial_acc=0.375
[17:32:39] quick_w6_s3 model=rbf_svm dim=arousal subject=8 split 1/2
[17:32:49] quick_w6_s3 model=rbf_svm dim=arousal subject=8 split 1/2 trial_acc=0.250
[17:32:49] quick_w6_s3 model=rbf_svm dim=arousal subject=8 split 2/2
[17:33:00] quick_w6_s3 model=rbf_svm dim=arousal subject=8 split 2/2 trial_acc=0.250
[17:33:00] quick_w6_s3 model=rbf_svm dim=arousal subject=9 split 1/2
[17:33:11] quick_w6_s3 model=rbf_svm dim=arousal subject=9 split 1/2 trial_acc=0.500
[17:33:11] quick_w6_s3 model=rbf_svm dim=arousal subject=9 split 2/2
[17:33:22] quick_w6_s3 model=rbf_svm dim=arousal subject=9 split 2/2 trial_acc=0.625
[17:33:22] quick_w6_s3 model=rbf_svm dim=arousal subject=10 split 1/2
[17:33:32] quick_w6_s3 model=rbf_svm dim=arousal subject=10 split 1/2 trial_acc=0.500
[17:33:32] quick_w6_s3 model=rbf_svm dim=arousal subject=10 split 2/2
[17:33:43] quick_w6_s3 model=rbf_svm dim=arousal subject=10 split 2/2 trial_acc=0.875
[17:33:43] quick_w6_s3 model=rbf_svm dim=arousal subject=11 split 1/2
[17:33:54] quick_w6_s3 model=rbf_svm dim=arousal subject=11 split 1/2 trial_acc=0.625
[17:33:54] quick_w6_s3 model=rbf_svm dim=arousal subject=11 split 2/2
[17:34:04] quick_w6_s3 model=rbf_svm dim=arousal subject=11 split 2/2 trial_acc=0.250
[17:34:04] quick_w6_s3 model=rbf_svm dim=arousal subject=12 split 1/2
[17:34:15] quick_w6_s3 model=rbf_svm dim=arousal subject=12 split 1/2 trial_acc=0.750
[17:34:15] quick_w6_s3 model=rbf_svm dim=arousal subject=12 split 2/2
[17:34:26] quick_w6_s3 model=rbf_svm dim=arousal subject=12 split 2/2 trial_acc=0.625
[17:34:26] Finished quick_w6_s3 in 8.9 min
[17:34:26] Starting quick_w8_s4
[17:34:30] quick_w8_s4 model=rbf_svm dim=valence subject=1 split 1/2
[17:34:38] quick_w8_s4 model=rbf_svm dim=valence subject=1 split 1/2 trial_acc=0.500
[17:34:38] quick_w8_s4 model=rbf_svm dim=valence subject=1 split 2/2
[17:34:46] quick_w8_s4 model=rbf_svm dim=valence subject=1 split 2/2 trial_acc=0.625
[17:34:46] quick_w8_s4 model=rbf_svm dim=valence subject=2 split 1/2
[17:34:54] quick_w8_s4 model=rbf_svm dim=valence subject=2 split 1/2 trial_acc=0.500
[17:34:54] quick_w8_s4 model=rbf_svm dim=valence subject=2 split 2/2
[17:35:01] quick_w8_s4 model=rbf_svm dim=valence subject=2 split 2/2 trial_acc=0.500
[17:35:02] quick_w8_s4 model=rbf_svm dim=valence subject=3 split 1/2
[17:35:09] quick_w8_s4 model=rbf_svm dim=valence subject=3 split 1/2 trial_acc=0.625
[17:35:09] quick_w8_s4 model=rbf_svm dim=valence subject=3 split 2/2
[17:35:17] quick_w8_s4 model=rbf_svm dim=valence subject=3 split 2/2 trial_acc=0.750
[17:35:17] quick_w8_s4 model=rbf_svm dim=valence subject=4 split 1/2
[17:35:25] quick_w8_s4 model=rbf_svm dim=valence subject=4 split 1/2 trial_acc=0.375
[17:35:25] quick_w8_s4 model=rbf_svm dim=valence subject=4 split 2/2
[17:35:33] quick_w8_s4 model=rbf_svm dim=valence subject=4 split 2/2 trial_acc=0.750
[17:35:33] quick_w8_s4 model=rbf_svm dim=valence subject=5 split 1/2
[17:35:41] quick_w8_s4 model=rbf_svm dim=valence subject=5 split 1/2 trial_acc=0.500
[17:35:41] quick_w8_s4 model=rbf_svm dim=valence subject=5 split 2/2
[17:35:49] quick_w8_s4 model=rbf_svm dim=valence subject=5 split 2/2 trial_acc=0.375
[17:35:49] quick_w8_s4 model=rbf_svm dim=valence subject=6 split 1/2
[17:35:57] quick_w8_s4 model=rbf_svm dim=valence subject=6 split 1/2 trial_acc=0.375
[17:35:57] quick_w8_s4 model=rbf_svm dim=valence subject=6 split 2/2
[17:36:05] quick_w8_s4 model=rbf_svm dim=valence subject=6 split 2/2 trial_acc=0.625
[17:36:05] quick_w8_s4 model=rbf_svm dim=valence subject=7 split 1/2
[17:36:13] quick_w8_s4 model=rbf_svm dim=valence subject=7 split 1/2 trial_acc=0.625
[17:36:13] quick_w8_s4 model=rbf_svm dim=valence subject=7 split 2/2
[17:36:21] quick_w8_s4 model=rbf_svm dim=valence subject=7 split 2/2 trial_acc=0.375
[17:36:21] quick_w8_s4 model=rbf_svm dim=valence subject=8 split 1/2
[17:36:29] quick_w8_s4 model=rbf_svm dim=valence subject=8 split 1/2 trial_acc=0.750
[17:36:29] quick_w8_s4 model=rbf_svm dim=valence subject=8 split 2/2
[17:36:36] quick_w8_s4 model=rbf_svm dim=valence subject=8 split 2/2 trial_acc=0.500
[17:36:37] quick_w8_s4 model=rbf_svm dim=valence subject=9 split 1/2
[17:36:44] quick_w8_s4 model=rbf_svm dim=valence subject=9 split 1/2 trial_acc=0.375
[17:36:44] quick_w8_s4 model=rbf_svm dim=valence subject=9 split 2/2
[17:36:52] quick_w8_s4 model=rbf_svm dim=valence subject=9 split 2/2 trial_acc=0.500
[17:36:52] quick_w8_s4 model=rbf_svm dim=valence subject=10 split 1/2
[17:37:00] quick_w8_s4 model=rbf_svm dim=valence subject=10 split 1/2 trial_acc=1.000
[17:37:00] quick_w8_s4 model=rbf_svm dim=valence subject=10 split 2/2
[17:37:07] quick_w8_s4 model=rbf_svm dim=valence subject=10 split 2/2 trial_acc=0.875
[17:37:07] quick_w8_s4 model=rbf_svm dim=valence subject=11 split 1/2
[17:37:15] quick_w8_s4 model=rbf_svm dim=valence subject=11 split 1/2 trial_acc=0.500
[17:37:15] quick_w8_s4 model=rbf_svm dim=valence subject=11 split 2/2
[17:37:23] quick_w8_s4 model=rbf_svm dim=valence subject=11 split 2/2 trial_acc=0.625
[17:37:23] quick_w8_s4 model=rbf_svm dim=valence subject=12 split 1/2
[17:37:31] quick_w8_s4 model=rbf_svm dim=valence subject=12 split 1/2 trial_acc=0.375
[17:37:31] quick_w8_s4 model=rbf_svm dim=valence subject=12 split 2/2
[17:37:39] quick_w8_s4 model=rbf_svm dim=valence subject=12 split 2/2 trial_acc=0.375
[17:37:39] quick_w8_s4 model=rbf_svm dim=arousal subject=1 split 1/2
[17:37:47] quick_w8_s4 model=rbf_svm dim=arousal subject=1 split 1/2 trial_acc=0.625
[17:37:47] quick_w8_s4 model=rbf_svm dim=arousal subject=1 split 2/2
[17:37:54] quick_w8_s4 model=rbf_svm dim=arousal subject=1 split 2/2 trial_acc=0.500
[17:37:54] quick_w8_s4 model=rbf_svm dim=arousal subject=2 split 1/2
[17:38:02] quick_w8_s4 model=rbf_svm dim=arousal subject=2 split 1/2 trial_acc=0.500
[17:38:02] quick_w8_s4 model=rbf_svm dim=arousal subject=2 split 2/2
[17:38:10] quick_w8_s4 model=rbf_svm dim=arousal subject=2 split 2/2 trial_acc=0.750
[17:38:10] quick_w8_s4 model=rbf_svm dim=arousal subject=3 split 1/2
[17:38:18] quick_w8_s4 model=rbf_svm dim=arousal subject=3 split 1/2 trial_acc=0.625
[17:38:18] quick_w8_s4 model=rbf_svm dim=arousal subject=3 split 2/2
[17:38:26] quick_w8_s4 model=rbf_svm dim=arousal subject=3 split 2/2 trial_acc=0.750
[17:38:26] quick_w8_s4 model=rbf_svm dim=arousal subject=4 split 1/2
[17:38:34] quick_w8_s4 model=rbf_svm dim=arousal subject=4 split 1/2 trial_acc=0.500
[17:38:34] quick_w8_s4 model=rbf_svm dim=arousal subject=4 split 2/2
[17:38:42] quick_w8_s4 model=rbf_svm dim=arousal subject=4 split 2/2 trial_acc=0.375
[17:38:42] quick_w8_s4 model=rbf_svm dim=arousal subject=5 split 1/2
[17:38:49] quick_w8_s4 model=rbf_svm dim=arousal subject=5 split 1/2 trial_acc=0.375
[17:38:49] quick_w8_s4 model=rbf_svm dim=arousal subject=5 split 2/2
[17:38:57] quick_w8_s4 model=rbf_svm dim=arousal subject=5 split 2/2 trial_acc=0.500
[17:38:57] quick_w8_s4 model=rbf_svm dim=arousal subject=6 split 1/2
[17:39:05] quick_w8_s4 model=rbf_svm dim=arousal subject=6 split 1/2 trial_acc=0.250
[17:39:05] quick_w8_s4 model=rbf_svm dim=arousal subject=6 split 2/2
[17:39:13] quick_w8_s4 model=rbf_svm dim=arousal subject=6 split 2/2 trial_acc=0.750
[17:39:13] quick_w8_s4 model=rbf_svm dim=arousal subject=7 split 1/2
[17:39:20] quick_w8_s4 model=rbf_svm dim=arousal subject=7 split 1/2 trial_acc=0.625
[17:39:20] quick_w8_s4 model=rbf_svm dim=arousal subject=7 split 2/2
[17:39:28] quick_w8_s4 model=rbf_svm dim=arousal subject=7 split 2/2 trial_acc=0.250
[17:39:28] quick_w8_s4 model=rbf_svm dim=arousal subject=8 split 1/2
[17:39:36] quick_w8_s4 model=rbf_svm dim=arousal subject=8 split 1/2 trial_acc=0.250
[17:39:36] quick_w8_s4 model=rbf_svm dim=arousal subject=8 split 2/2
[17:39:44] quick_w8_s4 model=rbf_svm dim=arousal subject=8 split 2/2 trial_acc=0.375
[17:39:44] quick_w8_s4 model=rbf_svm dim=arousal subject=9 split 1/2
[17:39:52] quick_w8_s4 model=rbf_svm dim=arousal subject=9 split 1/2 trial_acc=0.625
[17:39:52] quick_w8_s4 model=rbf_svm dim=arousal subject=9 split 2/2
[17:39:59] quick_w8_s4 model=rbf_svm dim=arousal subject=9 split 2/2 trial_acc=0.625
[17:39:59] quick_w8_s4 model=rbf_svm dim=arousal subject=10 split 1/2
[17:40:07] quick_w8_s4 model=rbf_svm dim=arousal subject=10 split 1/2 trial_acc=0.500
[17:40:07] quick_w8_s4 model=rbf_svm dim=arousal subject=10 split 2/2
[17:40:15] quick_w8_s4 model=rbf_svm dim=arousal subject=10 split 2/2 trial_acc=0.875
[17:40:15] quick_w8_s4 model=rbf_svm dim=arousal subject=11 split 1/2
[17:40:22] quick_w8_s4 model=rbf_svm dim=arousal subject=11 split 1/2 trial_acc=0.625
[17:40:22] quick_w8_s4 model=rbf_svm dim=arousal subject=11 split 2/2
[17:40:30] quick_w8_s4 model=rbf_svm dim=arousal subject=11 split 2/2 trial_acc=0.250
[17:40:30] quick_w8_s4 model=rbf_svm dim=arousal subject=12 split 1/2
[17:40:38] quick_w8_s4 model=rbf_svm dim=arousal subject=12 split 1/2 trial_acc=0.750
[17:40:38] quick_w8_s4 model=rbf_svm dim=arousal subject=12 split 2/2
[17:40:46] quick_w8_s4 model=rbf_svm dim=arousal subject=12 split 2/2 trial_acc=0.625
[17:40:46] Finished quick_w8_s4 in 6.3 min
[17:40:46] Starting quick_w10_s5
[17:40:50] quick_w10_s5 model=rbf_svm dim=valence subject=1 split 1/2
[17:40:57] quick_w10_s5 model=rbf_svm dim=valence subject=1 split 1/2 trial_acc=0.375
[17:40:57] quick_w10_s5 model=rbf_svm dim=valence subject=1 split 2/2
[17:41:03] quick_w10_s5 model=rbf_svm dim=valence subject=1 split 2/2 trial_acc=0.625
[17:41:04] quick_w10_s5 model=rbf_svm dim=valence subject=2 split 1/2
[17:41:10] quick_w10_s5 model=rbf_svm dim=valence subject=2 split 1/2 trial_acc=0.500
[17:41:10] quick_w10_s5 model=rbf_svm dim=valence subject=2 split 2/2
[17:41:17] quick_w10_s5 model=rbf_svm dim=valence subject=2 split 2/2 trial_acc=0.625
[17:41:17] quick_w10_s5 model=rbf_svm dim=valence subject=3 split 1/2
[17:41:23] quick_w10_s5 model=rbf_svm dim=valence subject=3 split 1/2 trial_acc=0.625
[17:41:23] quick_w10_s5 model=rbf_svm dim=valence subject=3 split 2/2
[17:41:30] quick_w10_s5 model=rbf_svm dim=valence subject=3 split 2/2 trial_acc=0.750
[17:41:30] quick_w10_s5 model=rbf_svm dim=valence subject=4 split 1/2
[17:41:37] quick_w10_s5 model=rbf_svm dim=valence subject=4 split 1/2 trial_acc=0.375
[17:41:37] quick_w10_s5 model=rbf_svm dim=valence subject=4 split 2/2
[17:41:44] quick_w10_s5 model=rbf_svm dim=valence subject=4 split 2/2 trial_acc=0.375
[17:41:44] quick_w10_s5 model=rbf_svm dim=valence subject=5 split 1/2
[17:41:50] quick_w10_s5 model=rbf_svm dim=valence subject=5 split 1/2 trial_acc=0.500
[17:41:50] quick_w10_s5 model=rbf_svm dim=valence subject=5 split 2/2
[17:41:57] quick_w10_s5 model=rbf_svm dim=valence subject=5 split 2/2 trial_acc=0.375
[17:41:57] quick_w10_s5 model=rbf_svm dim=valence subject=6 split 1/2
[17:42:04] quick_w10_s5 model=rbf_svm dim=valence subject=6 split 1/2 trial_acc=0.375
[17:42:04] quick_w10_s5 model=rbf_svm dim=valence subject=6 split 2/2
[17:42:11] quick_w10_s5 model=rbf_svm dim=valence subject=6 split 2/2 trial_acc=0.625
[17:42:11] quick_w10_s5 model=rbf_svm dim=valence subject=7 split 1/2
[17:42:18] quick_w10_s5 model=rbf_svm dim=valence subject=7 split 1/2 trial_acc=0.750
[17:42:18] quick_w10_s5 model=rbf_svm dim=valence subject=7 split 2/2
[17:42:24] quick_w10_s5 model=rbf_svm dim=valence subject=7 split 2/2 trial_acc=0.375
[17:42:25] quick_w10_s5 model=rbf_svm dim=valence subject=8 split 1/2
[17:42:31] quick_w10_s5 model=rbf_svm dim=valence subject=8 split 1/2 trial_acc=0.750
[17:42:31] quick_w10_s5 model=rbf_svm dim=valence subject=8 split 2/2
[17:42:38] quick_w10_s5 model=rbf_svm dim=valence subject=8 split 2/2 trial_acc=0.625
[17:42:38] quick_w10_s5 model=rbf_svm dim=valence subject=9 split 1/2
[17:42:44] quick_w10_s5 model=rbf_svm dim=valence subject=9 split 1/2 trial_acc=0.375
[17:42:44] quick_w10_s5 model=rbf_svm dim=valence subject=9 split 2/2
[17:42:51] quick_w10_s5 model=rbf_svm dim=valence subject=9 split 2/2 trial_acc=0.625
[17:42:51] quick_w10_s5 model=rbf_svm dim=valence subject=10 split 1/2
[17:42:58] quick_w10_s5 model=rbf_svm dim=valence subject=10 split 1/2 trial_acc=1.000
[17:42:58] quick_w10_s5 model=rbf_svm dim=valence subject=10 split 2/2
[17:43:04] quick_w10_s5 model=rbf_svm dim=valence subject=10 split 2/2 trial_acc=0.875
[17:43:04] quick_w10_s5 model=rbf_svm dim=valence subject=11 split 1/2
[17:43:11] quick_w10_s5 model=rbf_svm dim=valence subject=11 split 1/2 trial_acc=0.625
[17:43:11] quick_w10_s5 model=rbf_svm dim=valence subject=11 split 2/2
[17:43:18] quick_w10_s5 model=rbf_svm dim=valence subject=11 split 2/2 trial_acc=0.625
[17:43:18] quick_w10_s5 model=rbf_svm dim=valence subject=12 split 1/2
[17:43:25] quick_w10_s5 model=rbf_svm dim=valence subject=12 split 1/2 trial_acc=0.250
[17:43:25] quick_w10_s5 model=rbf_svm dim=valence subject=12 split 2/2
[17:43:31] quick_w10_s5 model=rbf_svm dim=valence subject=12 split 2/2 trial_acc=0.500
[17:43:31] quick_w10_s5 model=rbf_svm dim=arousal subject=1 split 1/2
[17:43:38] quick_w10_s5 model=rbf_svm dim=arousal subject=1 split 1/2 trial_acc=0.625
[17:43:38] quick_w10_s5 model=rbf_svm dim=arousal subject=1 split 2/2
[17:43:45] quick_w10_s5 model=rbf_svm dim=arousal subject=1 split 2/2 trial_acc=0.500
[17:43:45] quick_w10_s5 model=rbf_svm dim=arousal subject=2 split 1/2
[17:43:51] quick_w10_s5 model=rbf_svm dim=arousal subject=2 split 1/2 trial_acc=0.500
[17:43:51] quick_w10_s5 model=rbf_svm dim=arousal subject=2 split 2/2
[17:43:58] quick_w10_s5 model=rbf_svm dim=arousal subject=2 split 2/2 trial_acc=0.750
[17:43:58] quick_w10_s5 model=rbf_svm dim=arousal subject=3 split 1/2
[17:44:04] quick_w10_s5 model=rbf_svm dim=arousal subject=3 split 1/2 trial_acc=0.625
[17:44:05] quick_w10_s5 model=rbf_svm dim=arousal subject=3 split 2/2
[17:44:11] quick_w10_s5 model=rbf_svm dim=arousal subject=3 split 2/2 trial_acc=0.750
[17:44:11] quick_w10_s5 model=rbf_svm dim=arousal subject=4 split 1/2
[17:44:18] quick_w10_s5 model=rbf_svm dim=arousal subject=4 split 1/2 trial_acc=0.625
[17:44:18] quick_w10_s5 model=rbf_svm dim=arousal subject=4 split 2/2
[17:44:24] quick_w10_s5 model=rbf_svm dim=arousal subject=4 split 2/2 trial_acc=0.375
[17:44:24] quick_w10_s5 model=rbf_svm dim=arousal subject=5 split 1/2
[17:44:31] quick_w10_s5 model=rbf_svm dim=arousal subject=5 split 1/2 trial_acc=0.250
[17:44:31] quick_w10_s5 model=rbf_svm dim=arousal subject=5 split 2/2
[17:44:38] quick_w10_s5 model=rbf_svm dim=arousal subject=5 split 2/2 trial_acc=0.625
[17:44:38] quick_w10_s5 model=rbf_svm dim=arousal subject=6 split 1/2
[17:44:44] quick_w10_s5 model=rbf_svm dim=arousal subject=6 split 1/2 trial_acc=0.375
[17:44:44] quick_w10_s5 model=rbf_svm dim=arousal subject=6 split 2/2
[17:44:51] quick_w10_s5 model=rbf_svm dim=arousal subject=6 split 2/2 trial_acc=0.625
[17:44:51] quick_w10_s5 model=rbf_svm dim=arousal subject=7 split 1/2
[17:44:58] quick_w10_s5 model=rbf_svm dim=arousal subject=7 split 1/2 trial_acc=0.500
[17:44:58] quick_w10_s5 model=rbf_svm dim=arousal subject=7 split 2/2
[17:45:04] quick_w10_s5 model=rbf_svm dim=arousal subject=7 split 2/2 trial_acc=0.250
[17:45:04] quick_w10_s5 model=rbf_svm dim=arousal subject=8 split 1/2
[17:45:11] quick_w10_s5 model=rbf_svm dim=arousal subject=8 split 1/2 trial_acc=0.250
[17:45:11] quick_w10_s5 model=rbf_svm dim=arousal subject=8 split 2/2
[17:45:18] quick_w10_s5 model=rbf_svm dim=arousal subject=8 split 2/2 trial_acc=0.250
[17:45:18] quick_w10_s5 model=rbf_svm dim=arousal subject=9 split 1/2
[17:45:24] quick_w10_s5 model=rbf_svm dim=arousal subject=9 split 1/2 trial_acc=0.375
[17:45:24] quick_w10_s5 model=rbf_svm dim=arousal subject=9 split 2/2
[17:45:31] quick_w10_s5 model=rbf_svm dim=arousal subject=9 split 2/2 trial_acc=0.625
[17:45:31] quick_w10_s5 model=rbf_svm dim=arousal subject=10 split 1/2
[17:45:38] quick_w10_s5 model=rbf_svm dim=arousal subject=10 split 1/2 trial_acc=0.500
[17:45:38] quick_w10_s5 model=rbf_svm dim=arousal subject=10 split 2/2
[17:45:44] quick_w10_s5 model=rbf_svm dim=arousal subject=10 split 2/2 trial_acc=0.750
[17:45:44] quick_w10_s5 model=rbf_svm dim=arousal subject=11 split 1/2
[17:45:51] quick_w10_s5 model=rbf_svm dim=arousal subject=11 split 1/2 trial_acc=0.625
[17:45:51] quick_w10_s5 model=rbf_svm dim=arousal subject=11 split 2/2
[17:45:57] quick_w10_s5 model=rbf_svm dim=arousal subject=11 split 2/2 trial_acc=0.250
[17:45:57] quick_w10_s5 model=rbf_svm dim=arousal subject=12 split 1/2
[17:46:04] quick_w10_s5 model=rbf_svm dim=arousal subject=12 split 1/2 trial_acc=0.750
[17:46:04] quick_w10_s5 model=rbf_svm dim=arousal subject=12 split 2/2
[17:46:11] quick_w10_s5 model=rbf_svm dim=arousal subject=12 split 2/2 trial_acc=0.625
[17:46:11] Finished quick_w10_s5 in 5.4 min
[17:46:11] Starting quick_w12_s6
[17:46:15] quick_w12_s6 model=rbf_svm dim=valence subject=1 split 1/2
[17:46:21] quick_w12_s6 model=rbf_svm dim=valence subject=1 split 1/2 trial_acc=0.500
[17:46:21] quick_w12_s6 model=rbf_svm dim=valence subject=1 split 2/2
[17:46:27] quick_w12_s6 model=rbf_svm dim=valence subject=1 split 2/2 trial_acc=0.500
[17:46:28] quick_w12_s6 model=rbf_svm dim=valence subject=2 split 1/2
[17:46:34] quick_w12_s6 model=rbf_svm dim=valence subject=2 split 1/2 trial_acc=0.250
[17:46:34] quick_w12_s6 model=rbf_svm dim=valence subject=2 split 2/2
[17:46:40] quick_w12_s6 model=rbf_svm dim=valence subject=2 split 2/2 trial_acc=0.500
[17:46:40] quick_w12_s6 model=rbf_svm dim=valence subject=3 split 1/2
[17:46:46] quick_w12_s6 model=rbf_svm dim=valence subject=3 split 1/2 trial_acc=0.625
[17:46:46] quick_w12_s6 model=rbf_svm dim=valence subject=3 split 2/2
[17:46:52] quick_w12_s6 model=rbf_svm dim=valence subject=3 split 2/2 trial_acc=0.750
[17:46:52] quick_w12_s6 model=rbf_svm dim=valence subject=4 split 1/2
[17:46:58] quick_w12_s6 model=rbf_svm dim=valence subject=4 split 1/2 trial_acc=0.625
[17:46:58] quick_w12_s6 model=rbf_svm dim=valence subject=4 split 2/2
[17:47:04] quick_w12_s6 model=rbf_svm dim=valence subject=4 split 2/2 trial_acc=0.750
[17:47:05] quick_w12_s6 model=rbf_svm dim=valence subject=5 split 1/2
[17:47:11] quick_w12_s6 model=rbf_svm dim=valence subject=5 split 1/2 trial_acc=0.500
[17:47:11] quick_w12_s6 model=rbf_svm dim=valence subject=5 split 2/2
[17:47:17] quick_w12_s6 model=rbf_svm dim=valence subject=5 split 2/2 trial_acc=0.500
[17:47:17] quick_w12_s6 model=rbf_svm dim=valence subject=6 split 1/2
[17:47:23] quick_w12_s6 model=rbf_svm dim=valence subject=6 split 1/2 trial_acc=0.250
[17:47:23] quick_w12_s6 model=rbf_svm dim=valence subject=6 split 2/2
[17:47:29] quick_w12_s6 model=rbf_svm dim=valence subject=6 split 2/2 trial_acc=0.625
[17:47:29] quick_w12_s6 model=rbf_svm dim=valence subject=7 split 1/2
[17:47:36] quick_w12_s6 model=rbf_svm dim=valence subject=7 split 1/2 trial_acc=0.625
[17:47:36] quick_w12_s6 model=rbf_svm dim=valence subject=7 split 2/2
[17:47:42] quick_w12_s6 model=rbf_svm dim=valence subject=7 split 2/2 trial_acc=0.500
[17:47:42] quick_w12_s6 model=rbf_svm dim=valence subject=8 split 1/2
[17:47:48] quick_w12_s6 model=rbf_svm dim=valence subject=8 split 1/2 trial_acc=0.750
[17:47:48] quick_w12_s6 model=rbf_svm dim=valence subject=8 split 2/2
[17:47:54] quick_w12_s6 model=rbf_svm dim=valence subject=8 split 2/2 trial_acc=0.375
[17:47:54] quick_w12_s6 model=rbf_svm dim=valence subject=9 split 1/2
[17:48:00] quick_w12_s6 model=rbf_svm dim=valence subject=9 split 1/2 trial_acc=0.375
[17:48:00] quick_w12_s6 model=rbf_svm dim=valence subject=9 split 2/2
[17:48:06] quick_w12_s6 model=rbf_svm dim=valence subject=9 split 2/2 trial_acc=0.625
[17:48:06] quick_w12_s6 model=rbf_svm dim=valence subject=10 split 1/2
[17:48:12] quick_w12_s6 model=rbf_svm dim=valence subject=10 split 1/2 trial_acc=1.000
[17:48:12] quick_w12_s6 model=rbf_svm dim=valence subject=10 split 2/2
[17:48:18] quick_w12_s6 model=rbf_svm dim=valence subject=10 split 2/2 trial_acc=0.750
[17:48:18] quick_w12_s6 model=rbf_svm dim=valence subject=11 split 1/2
[17:48:24] quick_w12_s6 model=rbf_svm dim=valence subject=11 split 1/2 trial_acc=0.625
[17:48:24] quick_w12_s6 model=rbf_svm dim=valence subject=11 split 2/2
[17:48:30] quick_w12_s6 model=rbf_svm dim=valence subject=11 split 2/2 trial_acc=0.500
[17:48:31] quick_w12_s6 model=rbf_svm dim=valence subject=12 split 1/2
[17:48:37] quick_w12_s6 model=rbf_svm dim=valence subject=12 split 1/2 trial_acc=0.375
[17:48:37] quick_w12_s6 model=rbf_svm dim=valence subject=12 split 2/2
[17:48:43] quick_w12_s6 model=rbf_svm dim=valence subject=12 split 2/2 trial_acc=0.500
[17:48:43] quick_w12_s6 model=rbf_svm dim=arousal subject=1 split 1/2
[17:48:49] quick_w12_s6 model=rbf_svm dim=arousal subject=1 split 1/2 trial_acc=0.625
[17:48:49] quick_w12_s6 model=rbf_svm dim=arousal subject=1 split 2/2
[17:48:56] quick_w12_s6 model=rbf_svm dim=arousal subject=1 split 2/2 trial_acc=0.625
[17:48:56] quick_w12_s6 model=rbf_svm dim=arousal subject=2 split 1/2
[17:49:03] quick_w12_s6 model=rbf_svm dim=arousal subject=2 split 1/2 trial_acc=0.625
[17:49:03] quick_w12_s6 model=rbf_svm dim=arousal subject=2 split 2/2
[17:49:09] quick_w12_s6 model=rbf_svm dim=arousal subject=2 split 2/2 trial_acc=0.750
[17:49:09] quick_w12_s6 model=rbf_svm dim=arousal subject=3 split 1/2
[17:49:16] quick_w12_s6 model=rbf_svm dim=arousal subject=3 split 1/2 trial_acc=0.625
[17:49:16] quick_w12_s6 model=rbf_svm dim=arousal subject=3 split 2/2
[17:49:22] quick_w12_s6 model=rbf_svm dim=arousal subject=3 split 2/2 trial_acc=0.750
[17:49:22] quick_w12_s6 model=rbf_svm dim=arousal subject=4 split 1/2
[17:49:28] quick_w12_s6 model=rbf_svm dim=arousal subject=4 split 1/2 trial_acc=0.500
[17:49:28] quick_w12_s6 model=rbf_svm dim=arousal subject=4 split 2/2
[17:49:35] quick_w12_s6 model=rbf_svm dim=arousal subject=4 split 2/2 trial_acc=0.500
[17:49:35] quick_w12_s6 model=rbf_svm dim=arousal subject=5 split 1/2
[17:49:41] quick_w12_s6 model=rbf_svm dim=arousal subject=5 split 1/2 trial_acc=0.250
[17:49:41] quick_w12_s6 model=rbf_svm dim=arousal subject=5 split 2/2
[17:49:47] quick_w12_s6 model=rbf_svm dim=arousal subject=5 split 2/2 trial_acc=0.625
[17:49:48] quick_w12_s6 model=rbf_svm dim=arousal subject=6 split 1/2
[17:49:54] quick_w12_s6 model=rbf_svm dim=arousal subject=6 split 1/2 trial_acc=0.375
[17:49:54] quick_w12_s6 model=rbf_svm dim=arousal subject=6 split 2/2
[17:50:00] quick_w12_s6 model=rbf_svm dim=arousal subject=6 split 2/2 trial_acc=0.625
[17:50:00] quick_w12_s6 model=rbf_svm dim=arousal subject=7 split 1/2
[17:50:07] quick_w12_s6 model=rbf_svm dim=arousal subject=7 split 1/2 trial_acc=0.625
[17:50:07] quick_w12_s6 model=rbf_svm dim=arousal subject=7 split 2/2
[17:50:13] quick_w12_s6 model=rbf_svm dim=arousal subject=7 split 2/2 trial_acc=0.375
[17:50:13] quick_w12_s6 model=rbf_svm dim=arousal subject=8 split 1/2
[17:50:19] quick_w12_s6 model=rbf_svm dim=arousal subject=8 split 1/2 trial_acc=0.250
[17:50:19] quick_w12_s6 model=rbf_svm dim=arousal subject=8 split 2/2
[17:50:26] quick_w12_s6 model=rbf_svm dim=arousal subject=8 split 2/2 trial_acc=0.375
[17:50:26] quick_w12_s6 model=rbf_svm dim=arousal subject=9 split 1/2
[17:50:32] quick_w12_s6 model=rbf_svm dim=arousal subject=9 split 1/2 trial_acc=0.625
[17:50:32] quick_w12_s6 model=rbf_svm dim=arousal subject=9 split 2/2
[17:50:39] quick_w12_s6 model=rbf_svm dim=arousal subject=9 split 2/2 trial_acc=0.625
[17:50:39] quick_w12_s6 model=rbf_svm dim=arousal subject=10 split 1/2
[17:50:45] quick_w12_s6 model=rbf_svm dim=arousal subject=10 split 1/2 trial_acc=0.500
[17:50:45] quick_w12_s6 model=rbf_svm dim=arousal subject=10 split 2/2
[17:50:51] quick_w12_s6 model=rbf_svm dim=arousal subject=10 split 2/2 trial_acc=0.750
[17:50:51] quick_w12_s6 model=rbf_svm dim=arousal subject=11 split 1/2
[17:50:58] quick_w12_s6 model=rbf_svm dim=arousal subject=11 split 1/2 trial_acc=0.500
[17:50:58] quick_w12_s6 model=rbf_svm dim=arousal subject=11 split 2/2
[17:51:04] quick_w12_s6 model=rbf_svm dim=arousal subject=11 split 2/2 trial_acc=0.250
[17:51:04] quick_w12_s6 model=rbf_svm dim=arousal subject=12 split 1/2
[17:51:11] quick_w12_s6 model=rbf_svm dim=arousal subject=12 split 1/2 trial_acc=0.500
[17:51:11] quick_w12_s6 model=rbf_svm dim=arousal subject=12 split 2/2
[17:51:17] quick_w12_s6 model=rbf_svm dim=arousal subject=12 split 2/2 trial_acc=0.500
[17:51:17] Finished quick_w12_s6 in 5.1 min
[17:51:17] Starting quick_w15_s7.5
[17:51:21] quick_w15_s7.5 model=rbf_svm dim=valence subject=1 split 1/2
[17:51:27] quick_w15_s7.5 model=rbf_svm dim=valence subject=1 split 1/2 trial_acc=0.500
[17:51:27] quick_w15_s7.5 model=rbf_svm dim=valence subject=1 split 2/2
[17:51:33] quick_w15_s7.5 model=rbf_svm dim=valence subject=1 split 2/2 trial_acc=0.500
[17:51:33] quick_w15_s7.5 model=rbf_svm dim=valence subject=2 split 1/2
[17:51:39] quick_w15_s7.5 model=rbf_svm dim=valence subject=2 split 1/2 trial_acc=0.500
[17:51:39] quick_w15_s7.5 model=rbf_svm dim=valence subject=2 split 2/2
[17:51:45] quick_w15_s7.5 model=rbf_svm dim=valence subject=2 split 2/2 trial_acc=0.500
[17:51:45] quick_w15_s7.5 model=rbf_svm dim=valence subject=3 split 1/2
[17:51:51] quick_w15_s7.5 model=rbf_svm dim=valence subject=3 split 1/2 trial_acc=0.625
[17:51:51] quick_w15_s7.5 model=rbf_svm dim=valence subject=3 split 2/2
[17:51:57] quick_w15_s7.5 model=rbf_svm dim=valence subject=3 split 2/2 trial_acc=0.750
[17:51:57] quick_w15_s7.5 model=rbf_svm dim=valence subject=4 split 1/2
[17:52:03] quick_w15_s7.5 model=rbf_svm dim=valence subject=4 split 1/2 trial_acc=0.500
[17:52:03] quick_w15_s7.5 model=rbf_svm dim=valence subject=4 split 2/2
[17:52:09] quick_w15_s7.5 model=rbf_svm dim=valence subject=4 split 2/2 trial_acc=0.625
[17:52:09] quick_w15_s7.5 model=rbf_svm dim=valence subject=5 split 1/2
[17:52:15] quick_w15_s7.5 model=rbf_svm dim=valence subject=5 split 1/2 trial_acc=0.500
[17:52:15] quick_w15_s7.5 model=rbf_svm dim=valence subject=5 split 2/2
[17:52:21] quick_w15_s7.5 model=rbf_svm dim=valence subject=5 split 2/2 trial_acc=0.375
[17:52:21] quick_w15_s7.5 model=rbf_svm dim=valence subject=6 split 1/2
[17:52:27] quick_w15_s7.5 model=rbf_svm dim=valence subject=6 split 1/2 trial_acc=0.250
[17:52:27] quick_w15_s7.5 model=rbf_svm dim=valence subject=6 split 2/2
[17:52:33] quick_w15_s7.5 model=rbf_svm dim=valence subject=6 split 2/2 trial_acc=0.500
[17:52:33] quick_w15_s7.5 model=rbf_svm dim=valence subject=7 split 1/2
[17:52:39] quick_w15_s7.5 model=rbf_svm dim=valence subject=7 split 1/2 trial_acc=0.625
[17:52:39] quick_w15_s7.5 model=rbf_svm dim=valence subject=7 split 2/2
[17:52:45] quick_w15_s7.5 model=rbf_svm dim=valence subject=7 split 2/2 trial_acc=0.375
[17:52:45] quick_w15_s7.5 model=rbf_svm dim=valence subject=8 split 1/2
[17:52:51] quick_w15_s7.5 model=rbf_svm dim=valence subject=8 split 1/2 trial_acc=0.625
[17:52:51] quick_w15_s7.5 model=rbf_svm dim=valence subject=8 split 2/2
[17:52:57] quick_w15_s7.5 model=rbf_svm dim=valence subject=8 split 2/2 trial_acc=0.375
[17:52:57] quick_w15_s7.5 model=rbf_svm dim=valence subject=9 split 1/2
[17:53:03] quick_w15_s7.5 model=rbf_svm dim=valence subject=9 split 1/2 trial_acc=0.500
[17:53:03] quick_w15_s7.5 model=rbf_svm dim=valence subject=9 split 2/2
[17:53:08] quick_w15_s7.5 model=rbf_svm dim=valence subject=9 split 2/2 trial_acc=0.625
[17:53:09] quick_w15_s7.5 model=rbf_svm dim=valence subject=10 split 1/2
[17:53:14] quick_w15_s7.5 model=rbf_svm dim=valence subject=10 split 1/2 trial_acc=1.000
[17:53:14] quick_w15_s7.5 model=rbf_svm dim=valence subject=10 split 2/2
[17:53:20] quick_w15_s7.5 model=rbf_svm dim=valence subject=10 split 2/2 trial_acc=0.875
[17:53:21] quick_w15_s7.5 model=rbf_svm dim=valence subject=11 split 1/2
[17:53:26] quick_w15_s7.5 model=rbf_svm dim=valence subject=11 split 1/2 trial_acc=0.625
[17:53:26] quick_w15_s7.5 model=rbf_svm dim=valence subject=11 split 2/2
[17:53:32] quick_w15_s7.5 model=rbf_svm dim=valence subject=11 split 2/2 trial_acc=0.500
[17:53:32] quick_w15_s7.5 model=rbf_svm dim=valence subject=12 split 1/2
[17:53:38] quick_w15_s7.5 model=rbf_svm dim=valence subject=12 split 1/2 trial_acc=0.125
[17:53:38] quick_w15_s7.5 model=rbf_svm dim=valence subject=12 split 2/2
[17:53:44] quick_w15_s7.5 model=rbf_svm dim=valence subject=12 split 2/2 trial_acc=0.375
[17:53:44] quick_w15_s7.5 model=rbf_svm dim=arousal subject=1 split 1/2
[17:53:50] quick_w15_s7.5 model=rbf_svm dim=arousal subject=1 split 1/2 trial_acc=0.750
[17:53:50] quick_w15_s7.5 model=rbf_svm dim=arousal subject=1 split 2/2
[17:53:56] quick_w15_s7.5 model=rbf_svm dim=arousal subject=1 split 2/2 trial_acc=0.625
[17:53:56] quick_w15_s7.5 model=rbf_svm dim=arousal subject=2 split 1/2
[17:54:02] quick_w15_s7.5 model=rbf_svm dim=arousal subject=2 split 1/2 trial_acc=0.625
[17:54:02] quick_w15_s7.5 model=rbf_svm dim=arousal subject=2 split 2/2
[17:54:08] quick_w15_s7.5 model=rbf_svm dim=arousal subject=2 split 2/2 trial_acc=0.625
[17:54:08] quick_w15_s7.5 model=rbf_svm dim=arousal subject=3 split 1/2
[17:54:14] quick_w15_s7.5 model=rbf_svm dim=arousal subject=3 split 1/2 trial_acc=0.625
[17:54:14] quick_w15_s7.5 model=rbf_svm dim=arousal subject=3 split 2/2
[17:54:20] quick_w15_s7.5 model=rbf_svm dim=arousal subject=3 split 2/2 trial_acc=0.750
[17:54:20] quick_w15_s7.5 model=rbf_svm dim=arousal subject=4 split 1/2
[17:54:26] quick_w15_s7.5 model=rbf_svm dim=arousal subject=4 split 1/2 trial_acc=0.625
[17:54:26] quick_w15_s7.5 model=rbf_svm dim=arousal subject=4 split 2/2
[17:54:32] quick_w15_s7.5 model=rbf_svm dim=arousal subject=4 split 2/2 trial_acc=0.750
[17:54:32] quick_w15_s7.5 model=rbf_svm dim=arousal subject=5 split 1/2
[17:54:38] quick_w15_s7.5 model=rbf_svm dim=arousal subject=5 split 1/2 trial_acc=0.250
[17:54:38] quick_w15_s7.5 model=rbf_svm dim=arousal subject=5 split 2/2
[17:54:43] quick_w15_s7.5 model=rbf_svm dim=arousal subject=5 split 2/2 trial_acc=0.625
[17:54:43] quick_w15_s7.5 model=rbf_svm dim=arousal subject=6 split 1/2
[17:54:49] quick_w15_s7.5 model=rbf_svm dim=arousal subject=6 split 1/2 trial_acc=0.375
[17:54:49] quick_w15_s7.5 model=rbf_svm dim=arousal subject=6 split 2/2
[17:54:55] quick_w15_s7.5 model=rbf_svm dim=arousal subject=6 split 2/2 trial_acc=0.625
[17:54:55] quick_w15_s7.5 model=rbf_svm dim=arousal subject=7 split 1/2
[17:55:01] quick_w15_s7.5 model=rbf_svm dim=arousal subject=7 split 1/2 trial_acc=0.500
[17:55:01] quick_w15_s7.5 model=rbf_svm dim=arousal subject=7 split 2/2
[17:55:07] quick_w15_s7.5 model=rbf_svm dim=arousal subject=7 split 2/2 trial_acc=0.375
[17:55:07] quick_w15_s7.5 model=rbf_svm dim=arousal subject=8 split 1/2
[17:55:13] quick_w15_s7.5 model=rbf_svm dim=arousal subject=8 split 1/2 trial_acc=0.250
[17:55:13] quick_w15_s7.5 model=rbf_svm dim=arousal subject=8 split 2/2
[17:55:19] quick_w15_s7.5 model=rbf_svm dim=arousal subject=8 split 2/2 trial_acc=0.625
[17:55:19] quick_w15_s7.5 model=rbf_svm dim=arousal subject=9 split 1/2
[17:55:24] quick_w15_s7.5 model=rbf_svm dim=arousal subject=9 split 1/2 trial_acc=0.625
[17:55:24] quick_w15_s7.5 model=rbf_svm dim=arousal subject=9 split 2/2
[17:55:30] quick_w15_s7.5 model=rbf_svm dim=arousal subject=9 split 2/2 trial_acc=0.625
[17:55:30] quick_w15_s7.5 model=rbf_svm dim=arousal subject=10 split 1/2
[17:55:36] quick_w15_s7.5 model=rbf_svm dim=arousal subject=10 split 1/2 trial_acc=0.500
[17:55:36] quick_w15_s7.5 model=rbf_svm dim=arousal subject=10 split 2/2
[17:55:42] quick_w15_s7.5 model=rbf_svm dim=arousal subject=10 split 2/2 trial_acc=0.750
[17:55:42] quick_w15_s7.5 model=rbf_svm dim=arousal subject=11 split 1/2
[17:55:48] quick_w15_s7.5 model=rbf_svm dim=arousal subject=11 split 1/2 trial_acc=0.500
[17:55:48] quick_w15_s7.5 model=rbf_svm dim=arousal subject=11 split 2/2
[17:55:54] quick_w15_s7.5 model=rbf_svm dim=arousal subject=11 split 2/2 trial_acc=0.250
[17:55:54] quick_w15_s7.5 model=rbf_svm dim=arousal subject=12 split 1/2
[17:56:00] quick_w15_s7.5 model=rbf_svm dim=arousal subject=12 split 1/2 trial_acc=0.625
[17:56:00] quick_w15_s7.5 model=rbf_svm dim=arousal subject=12 split 2/2
[17:56:06] quick_w15_s7.5 model=rbf_svm dim=arousal subject=12 split 2/2 trial_acc=0.500
[17:56:06] Finished quick_w15_s7.5 in 4.8 min
[17:56:06] Wrote reports\roadmap_ceiling\phase1_window_sweep\window_sweep_quick.csv
[17:56:06] Starting full_w2_s1
[17:56:18] full_w2_s1 model=rbf_svm dim=valence subject=1 split 1/3
[17:57:24] full_w2_s1 model=rbf_svm dim=valence subject=1 split 1/3 trial_acc=0.375
[17:57:24] full_w2_s1 model=rbf_svm dim=valence subject=1 split 2/3
[17:58:31] full_w2_s1 model=rbf_svm dim=valence subject=1 split 2/3 trial_acc=0.625
[17:58:31] full_w2_s1 model=rbf_svm dim=valence subject=1 split 3/3
[17:59:39] full_w2_s1 model=rbf_svm dim=valence subject=1 split 3/3 trial_acc=0.625
[17:59:39] full_w2_s1 model=rbf_svm dim=valence subject=2 split 1/3
[18:00:40] full_w2_s1 model=rbf_svm dim=valence subject=2 split 1/3 trial_acc=0.375
[18:00:40] full_w2_s1 model=rbf_svm dim=valence subject=2 split 2/3
[18:01:44] full_w2_s1 model=rbf_svm dim=valence subject=2 split 2/3 trial_acc=0.625
[18:01:44] full_w2_s1 model=rbf_svm dim=valence subject=2 split 3/3
[18:02:46] full_w2_s1 model=rbf_svm dim=valence subject=2 split 3/3 trial_acc=0.750
[18:02:46] full_w2_s1 model=rbf_svm dim=valence subject=3 split 1/3
[18:03:44] full_w2_s1 model=rbf_svm dim=valence subject=3 split 1/3 trial_acc=0.625
[18:03:44] full_w2_s1 model=rbf_svm dim=valence subject=3 split 2/3
[18:04:46] full_w2_s1 model=rbf_svm dim=valence subject=3 split 2/3 trial_acc=0.750
[18:04:46] full_w2_s1 model=rbf_svm dim=valence subject=3 split 3/3
[18:05:46] full_w2_s1 model=rbf_svm dim=valence subject=3 split 3/3 trial_acc=0.500
[18:05:46] full_w2_s1 model=rbf_svm dim=valence subject=4 split 1/3
[18:06:59] full_w2_s1 model=rbf_svm dim=valence subject=4 split 1/3 trial_acc=0.250
[18:06:59] full_w2_s1 model=rbf_svm dim=valence subject=4 split 2/3
[18:08:08] full_w2_s1 model=rbf_svm dim=valence subject=4 split 2/3 trial_acc=0.500
[18:08:08] full_w2_s1 model=rbf_svm dim=valence subject=4 split 3/3
[18:09:23] full_w2_s1 model=rbf_svm dim=valence subject=4 split 3/3 trial_acc=0.625
[18:09:23] full_w2_s1 model=rbf_svm dim=valence subject=5 split 1/3
[18:10:48] full_w2_s1 model=rbf_svm dim=valence subject=5 split 1/3 trial_acc=0.500
[18:10:48] full_w2_s1 model=rbf_svm dim=valence subject=5 split 2/3
[18:12:27] full_w2_s1 model=rbf_svm dim=valence subject=5 split 2/3 trial_acc=0.375
[18:12:27] full_w2_s1 model=rbf_svm dim=valence subject=5 split 3/3
[18:13:45] full_w2_s1 model=rbf_svm dim=valence subject=5 split 3/3 trial_acc=0.375
[18:13:45] full_w2_s1 model=rbf_svm dim=valence subject=6 split 1/3
[18:14:50] full_w2_s1 model=rbf_svm dim=valence subject=6 split 1/3 trial_acc=0.375
[18:14:50] full_w2_s1 model=rbf_svm dim=valence subject=6 split 2/3
[18:15:58] full_w2_s1 model=rbf_svm dim=valence subject=6 split 2/3 trial_acc=0.625
[18:15:58] full_w2_s1 model=rbf_svm dim=valence subject=6 split 3/3
[18:17:06] full_w2_s1 model=rbf_svm dim=valence subject=6 split 3/3 trial_acc=0.250
[18:17:06] full_w2_s1 model=rbf_svm dim=valence subject=7 split 1/3
[18:18:21] full_w2_s1 model=rbf_svm dim=valence subject=7 split 1/3 trial_acc=0.625
[18:18:21] full_w2_s1 model=rbf_svm dim=valence subject=7 split 2/3
[18:19:33] full_w2_s1 model=rbf_svm dim=valence subject=7 split 2/3 trial_acc=0.875
[18:19:33] full_w2_s1 model=rbf_svm dim=valence subject=7 split 3/3
[18:20:42] full_w2_s1 model=rbf_svm dim=valence subject=7 split 3/3 trial_acc=0.750
[18:20:43] full_w2_s1 model=rbf_svm dim=valence subject=8 split 1/3
[18:21:53] full_w2_s1 model=rbf_svm dim=valence subject=8 split 1/3 trial_acc=0.625
[18:21:53] full_w2_s1 model=rbf_svm dim=valence subject=8 split 2/3
[18:23:05] full_w2_s1 model=rbf_svm dim=valence subject=8 split 2/3 trial_acc=0.625
[18:23:05] full_w2_s1 model=rbf_svm dim=valence subject=8 split 3/3
[18:24:31] full_w2_s1 model=rbf_svm dim=valence subject=8 split 3/3 trial_acc=0.250
[18:24:31] full_w2_s1 model=rbf_svm dim=valence subject=9 split 1/3
[18:25:45] full_w2_s1 model=rbf_svm dim=valence subject=9 split 1/3 trial_acc=0.500
[18:25:45] full_w2_s1 model=rbf_svm dim=valence subject=9 split 2/3
[18:26:59] full_w2_s1 model=rbf_svm dim=valence subject=9 split 2/3 trial_acc=0.750
[18:26:59] full_w2_s1 model=rbf_svm dim=valence subject=9 split 3/3
[18:28:12] full_w2_s1 model=rbf_svm dim=valence subject=9 split 3/3 trial_acc=0.625
[18:28:13] full_w2_s1 model=rbf_svm dim=valence subject=10 split 1/3
[18:29:30] full_w2_s1 model=rbf_svm dim=valence subject=10 split 1/3 trial_acc=1.000
[18:29:30] full_w2_s1 model=rbf_svm dim=valence subject=10 split 2/3
[18:30:44] full_w2_s1 model=rbf_svm dim=valence subject=10 split 2/3 trial_acc=0.875
[18:30:44] full_w2_s1 model=rbf_svm dim=valence subject=10 split 3/3
[18:31:57] full_w2_s1 model=rbf_svm dim=valence subject=10 split 3/3 trial_acc=0.875
[18:31:58] full_w2_s1 model=rbf_svm dim=valence subject=11 split 1/3
[18:33:20] full_w2_s1 model=rbf_svm dim=valence subject=11 split 1/3 trial_acc=0.500
[18:33:20] full_w2_s1 model=rbf_svm dim=valence subject=11 split 2/3
[18:34:40] full_w2_s1 model=rbf_svm dim=valence subject=11 split 2/3 trial_acc=0.500
[18:34:40] full_w2_s1 model=rbf_svm dim=valence subject=11 split 3/3
[18:36:03] full_w2_s1 model=rbf_svm dim=valence subject=11 split 3/3 trial_acc=0.500
[18:36:03] full_w2_s1 model=rbf_svm dim=valence subject=12 split 1/3
[18:37:25] full_w2_s1 model=rbf_svm dim=valence subject=12 split 1/3 trial_acc=0.250
[18:37:25] full_w2_s1 model=rbf_svm dim=valence subject=12 split 2/3
[18:38:46] full_w2_s1 model=rbf_svm dim=valence subject=12 split 2/3 trial_acc=0.375
[18:38:46] full_w2_s1 model=rbf_svm dim=valence subject=12 split 3/3
[18:40:09] full_w2_s1 model=rbf_svm dim=valence subject=12 split 3/3 trial_acc=0.500
[18:40:10] full_w2_s1 model=rbf_svm dim=valence subject=13 split 1/3
[18:41:37] full_w2_s1 model=rbf_svm dim=valence subject=13 split 1/3 trial_acc=0.625
[18:41:37] full_w2_s1 model=rbf_svm dim=valence subject=13 split 2/3
[18:43:02] full_w2_s1 model=rbf_svm dim=valence subject=13 split 2/3 trial_acc=0.625
[18:43:02] full_w2_s1 model=rbf_svm dim=valence subject=13 split 3/3
[18:44:27] full_w2_s1 model=rbf_svm dim=valence subject=13 split 3/3 trial_acc=0.375
[18:44:27] full_w2_s1 model=rbf_svm dim=valence subject=14 split 1/3
[18:45:38] full_w2_s1 model=rbf_svm dim=valence subject=14 split 1/3 trial_acc=0.500
[18:45:38] full_w2_s1 model=rbf_svm dim=valence subject=14 split 2/3
[18:46:52] full_w2_s1 model=rbf_svm dim=valence subject=14 split 2/3 trial_acc=1.000
[18:46:52] full_w2_s1 model=rbf_svm dim=valence subject=14 split 3/3
[18:48:04] full_w2_s1 model=rbf_svm dim=valence subject=14 split 3/3 trial_acc=0.875
[18:48:04] full_w2_s1 model=rbf_svm dim=valence subject=15 split 1/3
[18:49:22] full_w2_s1 model=rbf_svm dim=valence subject=15 split 1/3 trial_acc=0.625
[18:49:22] full_w2_s1 model=rbf_svm dim=valence subject=15 split 2/3
[18:50:42] full_w2_s1 model=rbf_svm dim=valence subject=15 split 2/3 trial_acc=1.000
[18:50:42] full_w2_s1 model=rbf_svm dim=valence subject=15 split 3/3
[18:51:58] full_w2_s1 model=rbf_svm dim=valence subject=15 split 3/3 trial_acc=0.750
[18:51:59] full_w2_s1 model=rbf_svm dim=valence subject=16 split 1/3
[18:53:13] full_w2_s1 model=rbf_svm dim=valence subject=16 split 1/3 trial_acc=0.250
[18:53:13] full_w2_s1 model=rbf_svm dim=valence subject=16 split 2/3
[18:54:30] full_w2_s1 model=rbf_svm dim=valence subject=16 split 2/3 trial_acc=0.375
[18:54:30] full_w2_s1 model=rbf_svm dim=valence subject=16 split 3/3
[18:55:51] full_w2_s1 model=rbf_svm dim=valence subject=16 split 3/3 trial_acc=0.625
[18:55:52] full_w2_s1 model=rbf_svm dim=valence subject=17 split 1/3
[18:57:14] full_w2_s1 model=rbf_svm dim=valence subject=17 split 1/3 trial_acc=0.375
[18:57:14] full_w2_s1 model=rbf_svm dim=valence subject=17 split 2/3
[18:58:44] full_w2_s1 model=rbf_svm dim=valence subject=17 split 2/3 trial_acc=0.500
[18:58:44] full_w2_s1 model=rbf_svm dim=valence subject=17 split 3/3
[19:00:08] full_w2_s1 model=rbf_svm dim=valence subject=17 split 3/3 trial_acc=0.375
[19:00:08] full_w2_s1 model=rbf_svm dim=valence subject=18 split 1/3
[19:01:22] full_w2_s1 model=rbf_svm dim=valence subject=18 split 1/3 trial_acc=0.875
[19:01:22] full_w2_s1 model=rbf_svm dim=valence subject=18 split 2/3
[19:02:35] full_w2_s1 model=rbf_svm dim=valence subject=18 split 2/3 trial_acc=0.625
[19:02:35] full_w2_s1 model=rbf_svm dim=valence subject=18 split 3/3
[19:03:47] full_w2_s1 model=rbf_svm dim=valence subject=18 split 3/3 trial_acc=0.750
[19:03:47] full_w2_s1 model=rbf_svm dim=valence subject=19 split 1/3
[19:04:58] full_w2_s1 model=rbf_svm dim=valence subject=19 split 1/3 trial_acc=0.875
[19:04:58] full_w2_s1 model=rbf_svm dim=valence subject=19 split 2/3
[19:06:02] full_w2_s1 model=rbf_svm dim=valence subject=19 split 2/3 trial_acc=0.500
[19:06:02] full_w2_s1 model=rbf_svm dim=valence subject=19 split 3/3
[19:07:07] full_w2_s1 model=rbf_svm dim=valence subject=19 split 3/3 trial_acc=0.500
[19:07:08] full_w2_s1 model=rbf_svm dim=valence subject=20 split 1/3
[19:08:22] full_w2_s1 model=rbf_svm dim=valence subject=20 split 1/3 trial_acc=0.625
[19:08:22] full_w2_s1 model=rbf_svm dim=valence subject=20 split 2/3
[19:09:35] full_w2_s1 model=rbf_svm dim=valence subject=20 split 2/3 trial_acc=0.625
[19:09:35] full_w2_s1 model=rbf_svm dim=valence subject=20 split 3/3
[19:10:51] full_w2_s1 model=rbf_svm dim=valence subject=20 split 3/3 trial_acc=0.750
[19:10:52] full_w2_s1 model=rbf_svm dim=valence subject=21 split 1/3
[19:12:00] full_w2_s1 model=rbf_svm dim=valence subject=21 split 1/3 trial_acc=0.375
[19:12:00] full_w2_s1 model=rbf_svm dim=valence subject=21 split 2/3
[19:13:08] full_w2_s1 model=rbf_svm dim=valence subject=21 split 2/3 trial_acc=0.375
[19:13:08] full_w2_s1 model=rbf_svm dim=valence subject=21 split 3/3
[19:14:17] full_w2_s1 model=rbf_svm dim=valence subject=21 split 3/3 trial_acc=0.500
[19:14:17] full_w2_s1 model=rbf_svm dim=valence subject=22 split 1/3
[19:15:19] full_w2_s1 model=rbf_svm dim=valence subject=22 split 1/3 trial_acc=0.750
[19:15:19] full_w2_s1 model=rbf_svm dim=valence subject=22 split 2/3
[19:16:21] full_w2_s1 model=rbf_svm dim=valence subject=22 split 2/3 trial_acc=0.500
[19:16:21] full_w2_s1 model=rbf_svm dim=valence subject=22 split 3/3
[19:17:20] full_w2_s1 model=rbf_svm dim=valence subject=22 split 3/3 trial_acc=0.625
[19:17:21] full_w2_s1 model=rbf_svm dim=valence subject=23 split 1/3
[19:18:26] full_w2_s1 model=rbf_svm dim=valence subject=23 split 1/3 trial_acc=0.625
[19:18:26] full_w2_s1 model=rbf_svm dim=valence subject=23 split 2/3
[19:19:30] full_w2_s1 model=rbf_svm dim=valence subject=23 split 2/3 trial_acc=0.625
[19:19:30] full_w2_s1 model=rbf_svm dim=valence subject=23 split 3/3
[19:20:31] full_w2_s1 model=rbf_svm dim=valence subject=23 split 3/3 trial_acc=0.250
[19:20:32] full_w2_s1 model=rbf_svm dim=valence subject=24 split 1/3
[19:21:39] full_w2_s1 model=rbf_svm dim=valence subject=24 split 1/3 trial_acc=1.000
[19:21:39] full_w2_s1 model=rbf_svm dim=valence subject=24 split 2/3
[19:22:47] full_w2_s1 model=rbf_svm dim=valence subject=24 split 2/3 trial_acc=0.875
[19:22:47] full_w2_s1 model=rbf_svm dim=valence subject=24 split 3/3
[19:23:54] full_w2_s1 model=rbf_svm dim=valence subject=24 split 3/3 trial_acc=0.625
[19:23:54] full_w2_s1 model=rbf_svm dim=valence subject=25 split 1/3
[19:24:55] full_w2_s1 model=rbf_svm dim=valence subject=25 split 1/3 trial_acc=0.500
[19:24:55] full_w2_s1 model=rbf_svm dim=valence subject=25 split 2/3
[19:25:54] full_w2_s1 model=rbf_svm dim=valence subject=25 split 2/3 trial_acc=0.250
[19:25:54] full_w2_s1 model=rbf_svm dim=valence subject=25 split 3/3
[19:26:55] full_w2_s1 model=rbf_svm dim=valence subject=25 split 3/3 trial_acc=0.500
[19:26:55] full_w2_s1 model=rbf_svm dim=valence subject=26 split 1/3
[19:27:59] full_w2_s1 model=rbf_svm dim=valence subject=26 split 1/3 trial_acc=0.500
[19:27:59] full_w2_s1 model=rbf_svm dim=valence subject=26 split 2/3
[19:29:01] full_w2_s1 model=rbf_svm dim=valence subject=26 split 2/3 trial_acc=0.375
[19:29:01] full_w2_s1 model=rbf_svm dim=valence subject=26 split 3/3
[19:30:02] full_w2_s1 model=rbf_svm dim=valence subject=26 split 3/3 trial_acc=0.375
[19:30:02] full_w2_s1 model=rbf_svm dim=valence subject=27 split 1/3
[19:31:08] full_w2_s1 model=rbf_svm dim=valence subject=27 split 1/3 trial_acc=0.500
[19:31:08] full_w2_s1 model=rbf_svm dim=valence subject=27 split 2/3
[19:32:14] full_w2_s1 model=rbf_svm dim=valence subject=27 split 2/3 trial_acc=0.625
[19:32:14] full_w2_s1 model=rbf_svm dim=valence subject=27 split 3/3
[19:33:20] full_w2_s1 model=rbf_svm dim=valence subject=27 split 3/3 trial_acc=0.625
[19:33:21] full_w2_s1 model=rbf_svm dim=valence subject=28 split 1/3
[19:34:46] full_w2_s1 model=rbf_svm dim=valence subject=28 split 1/3 trial_acc=0.250
[19:34:46] full_w2_s1 model=rbf_svm dim=valence subject=28 split 2/3
[19:35:54] full_w2_s1 model=rbf_svm dim=valence subject=28 split 2/3 trial_acc=0.375
[19:35:54] full_w2_s1 model=rbf_svm dim=valence subject=28 split 3/3
[19:37:00] full_w2_s1 model=rbf_svm dim=valence subject=28 split 3/3 trial_acc=0.750
[19:37:01] full_w2_s1 model=rbf_svm dim=valence subject=29 split 1/3
[19:38:04] full_w2_s1 model=rbf_svm dim=valence subject=29 split 1/3 trial_acc=0.500
[19:38:04] full_w2_s1 model=rbf_svm dim=valence subject=29 split 2/3
[19:39:08] full_w2_s1 model=rbf_svm dim=valence subject=29 split 2/3 trial_acc=0.625
[19:39:08] full_w2_s1 model=rbf_svm dim=valence subject=29 split 3/3
[19:40:10] full_w2_s1 model=rbf_svm dim=valence subject=29 split 3/3 trial_acc=0.500
[19:40:11] full_w2_s1 model=rbf_svm dim=valence subject=30 split 1/3
[19:41:19] full_w2_s1 model=rbf_svm dim=valence subject=30 split 1/3 trial_acc=0.375
[19:41:19] full_w2_s1 model=rbf_svm dim=valence subject=30 split 2/3
[19:42:29] full_w2_s1 model=rbf_svm dim=valence subject=30 split 2/3 trial_acc=0.750
[19:42:29] full_w2_s1 model=rbf_svm dim=valence subject=30 split 3/3
[19:43:39] full_w2_s1 model=rbf_svm dim=valence subject=30 split 3/3 trial_acc=0.625
[19:43:39] full_w2_s1 model=rbf_svm dim=valence subject=31 split 1/3
[19:44:43] full_w2_s1 model=rbf_svm dim=valence subject=31 split 1/3 trial_acc=0.500
[19:44:43] full_w2_s1 model=rbf_svm dim=valence subject=31 split 2/3
[19:45:47] full_w2_s1 model=rbf_svm dim=valence subject=31 split 2/3 trial_acc=0.625
[19:45:47] full_w2_s1 model=rbf_svm dim=valence subject=31 split 3/3
[19:46:49] full_w2_s1 model=rbf_svm dim=valence subject=31 split 3/3 trial_acc=0.875
[19:46:50] full_w2_s1 model=rbf_svm dim=valence subject=32 split 1/3
[19:47:53] full_w2_s1 model=rbf_svm dim=valence subject=32 split 1/3 trial_acc=0.500
[19:47:53] full_w2_s1 model=rbf_svm dim=valence subject=32 split 2/3
[19:48:56] full_w2_s1 model=rbf_svm dim=valence subject=32 split 2/3 trial_acc=0.500
[19:48:56] full_w2_s1 model=rbf_svm dim=valence subject=32 split 3/3
[19:49:56] full_w2_s1 model=rbf_svm dim=valence subject=32 split 3/3 trial_acc=0.500
[19:49:56] full_w2_s1 model=rbf_svm dim=arousal subject=1 split 1/3
[19:50:59] full_w2_s1 model=rbf_svm dim=arousal subject=1 split 1/3 trial_acc=0.500
[19:50:59] full_w2_s1 model=rbf_svm dim=arousal subject=1 split 2/3
[19:52:00] full_w2_s1 model=rbf_svm dim=arousal subject=1 split 2/3 trial_acc=0.500
[19:52:00] full_w2_s1 model=rbf_svm dim=arousal subject=1 split 3/3
[19:53:03] full_w2_s1 model=rbf_svm dim=arousal subject=1 split 3/3 trial_acc=0.750
[19:53:03] full_w2_s1 model=rbf_svm dim=arousal subject=2 split 1/3
[19:54:07] full_w2_s1 model=rbf_svm dim=arousal subject=2 split 1/3 trial_acc=0.750
[19:54:07] full_w2_s1 model=rbf_svm dim=arousal subject=2 split 2/3
[19:55:13] full_w2_s1 model=rbf_svm dim=arousal subject=2 split 2/3 trial_acc=0.750
[19:55:13] full_w2_s1 model=rbf_svm dim=arousal subject=2 split 3/3
[19:56:15] full_w2_s1 model=rbf_svm dim=arousal subject=2 split 3/3 trial_acc=0.625
[19:56:15] full_w2_s1 model=rbf_svm dim=arousal subject=3 split 1/3
[19:57:17] full_w2_s1 model=rbf_svm dim=arousal subject=3 split 1/3 trial_acc=0.625
[19:57:17] full_w2_s1 model=rbf_svm dim=arousal subject=3 split 2/3
[19:58:19] full_w2_s1 model=rbf_svm dim=arousal subject=3 split 2/3 trial_acc=0.750
[19:58:20] full_w2_s1 model=rbf_svm dim=arousal subject=3 split 3/3
[19:59:24] full_w2_s1 model=rbf_svm dim=arousal subject=3 split 3/3 trial_acc=0.750
[19:59:25] full_w2_s1 model=rbf_svm dim=arousal subject=4 split 1/3
[20:00:35] full_w2_s1 model=rbf_svm dim=arousal subject=4 split 1/3 trial_acc=0.500
[20:00:35] full_w2_s1 model=rbf_svm dim=arousal subject=4 split 2/3
[20:01:47] full_w2_s1 model=rbf_svm dim=arousal subject=4 split 2/3 trial_acc=0.375
[20:01:47] full_w2_s1 model=rbf_svm dim=arousal subject=4 split 3/3
[20:02:57] full_w2_s1 model=rbf_svm dim=arousal subject=4 split 3/3 trial_acc=0.375
[20:02:57] full_w2_s1 model=rbf_svm dim=arousal subject=5 split 1/3
[20:04:01] full_w2_s1 model=rbf_svm dim=arousal subject=5 split 1/3 trial_acc=0.375
[20:04:01] full_w2_s1 model=rbf_svm dim=arousal subject=5 split 2/3
[20:05:05] full_w2_s1 model=rbf_svm dim=arousal subject=5 split 2/3 trial_acc=0.625
[20:05:05] full_w2_s1 model=rbf_svm dim=arousal subject=5 split 3/3
[20:06:13] full_w2_s1 model=rbf_svm dim=arousal subject=5 split 3/3 trial_acc=0.500
[20:06:13] full_w2_s1 model=rbf_svm dim=arousal subject=6 split 1/3
[20:07:21] full_w2_s1 model=rbf_svm dim=arousal subject=6 split 1/3 trial_acc=0.250
[20:07:21] full_w2_s1 model=rbf_svm dim=arousal subject=6 split 2/3
[20:08:31] full_w2_s1 model=rbf_svm dim=arousal subject=6 split 2/3 trial_acc=0.750
[20:08:31] full_w2_s1 model=rbf_svm dim=arousal subject=6 split 3/3
[20:09:39] full_w2_s1 model=rbf_svm dim=arousal subject=6 split 3/3 trial_acc=0.500
[20:09:39] full_w2_s1 model=rbf_svm dim=arousal subject=7 split 1/3
[20:10:45] full_w2_s1 model=rbf_svm dim=arousal subject=7 split 1/3 trial_acc=0.500
[20:10:45] full_w2_s1 model=rbf_svm dim=arousal subject=7 split 2/3
[20:11:48] full_w2_s1 model=rbf_svm dim=arousal subject=7 split 2/3 trial_acc=0.250
[20:11:48] full_w2_s1 model=rbf_svm dim=arousal subject=7 split 3/3
[20:12:54] full_w2_s1 model=rbf_svm dim=arousal subject=7 split 3/3 trial_acc=0.500
[20:12:54] full_w2_s1 model=rbf_svm dim=arousal subject=8 split 1/3
[20:13:57] full_w2_s1 model=rbf_svm dim=arousal subject=8 split 1/3 trial_acc=0.125
[20:13:57] full_w2_s1 model=rbf_svm dim=arousal subject=8 split 2/3
[20:15:02] full_w2_s1 model=rbf_svm dim=arousal subject=8 split 2/3 trial_acc=0.500
[20:15:02] full_w2_s1 model=rbf_svm dim=arousal subject=8 split 3/3
[20:16:04] full_w2_s1 model=rbf_svm dim=arousal subject=8 split 3/3 trial_acc=0.500
[20:16:04] full_w2_s1 model=rbf_svm dim=arousal subject=9 split 1/3
[20:17:03] full_w2_s1 model=rbf_svm dim=arousal subject=9 split 1/3 trial_acc=0.625
[20:17:03] full_w2_s1 model=rbf_svm dim=arousal subject=9 split 2/3
[20:18:02] full_w2_s1 model=rbf_svm dim=arousal subject=9 split 2/3 trial_acc=0.500
[20:18:02] full_w2_s1 model=rbf_svm dim=arousal subject=9 split 3/3
[20:19:02] full_w2_s1 model=rbf_svm dim=arousal subject=9 split 3/3 trial_acc=0.750
[20:19:02] full_w2_s1 model=rbf_svm dim=arousal subject=10 split 1/3
[20:20:00] full_w2_s1 model=rbf_svm dim=arousal subject=10 split 1/3 trial_acc=0.500
[20:20:00] full_w2_s1 model=rbf_svm dim=arousal subject=10 split 2/3
[20:21:01] full_w2_s1 model=rbf_svm dim=arousal subject=10 split 2/3 trial_acc=0.875
[20:21:01] full_w2_s1 model=rbf_svm dim=arousal subject=10 split 3/3
[20:21:58] full_w2_s1 model=rbf_svm dim=arousal subject=10 split 3/3 trial_acc=0.375
[20:21:58] full_w2_s1 model=rbf_svm dim=arousal subject=11 split 1/3
[20:23:04] full_w2_s1 model=rbf_svm dim=arousal subject=11 split 1/3 trial_acc=0.500
[20:23:04] full_w2_s1 model=rbf_svm dim=arousal subject=11 split 2/3
[20:24:04] full_w2_s1 model=rbf_svm dim=arousal subject=11 split 2/3 trial_acc=0.375
[20:24:04] full_w2_s1 model=rbf_svm dim=arousal subject=11 split 3/3
[20:25:03] full_w2_s1 model=rbf_svm dim=arousal subject=11 split 3/3 trial_acc=0.125
[20:25:03] full_w2_s1 model=rbf_svm dim=arousal subject=12 split 1/3
[20:26:04] full_w2_s1 model=rbf_svm dim=arousal subject=12 split 1/3 trial_acc=0.625
[20:26:04] full_w2_s1 model=rbf_svm dim=arousal subject=12 split 2/3
[20:27:05] full_w2_s1 model=rbf_svm dim=arousal subject=12 split 2/3 trial_acc=0.625
[20:27:05] full_w2_s1 model=rbf_svm dim=arousal subject=12 split 3/3
[20:28:10] full_w2_s1 model=rbf_svm dim=arousal subject=12 split 3/3 trial_acc=0.875
[20:28:10] full_w2_s1 model=rbf_svm dim=arousal subject=13 split 1/3
[20:29:19] full_w2_s1 model=rbf_svm dim=arousal subject=13 split 1/3 trial_acc=0.750
[20:29:19] full_w2_s1 model=rbf_svm dim=arousal subject=13 split 2/3
[20:30:26] full_w2_s1 model=rbf_svm dim=arousal subject=13 split 2/3 trial_acc=0.500
[20:30:26] full_w2_s1 model=rbf_svm dim=arousal subject=13 split 3/3
[20:31:32] full_w2_s1 model=rbf_svm dim=arousal subject=13 split 3/3 trial_acc=0.500
[20:31:32] full_w2_s1 model=rbf_svm dim=arousal subject=14 split 1/3
[20:32:30] full_w2_s1 model=rbf_svm dim=arousal subject=14 split 1/3 trial_acc=0.625
[20:32:30] full_w2_s1 model=rbf_svm dim=arousal subject=14 split 2/3
[20:33:31] full_w2_s1 model=rbf_svm dim=arousal subject=14 split 2/3 trial_acc=0.625
[20:33:31] full_w2_s1 model=rbf_svm dim=arousal subject=14 split 3/3
[20:34:32] full_w2_s1 model=rbf_svm dim=arousal subject=14 split 3/3 trial_acc=0.625
[20:34:32] full_w2_s1 model=rbf_svm dim=arousal subject=15 split 1/3
[20:35:39] full_w2_s1 model=rbf_svm dim=arousal subject=15 split 1/3 trial_acc=0.625
[20:35:39] full_w2_s1 model=rbf_svm dim=arousal subject=15 split 2/3
[20:36:44] full_w2_s1 model=rbf_svm dim=arousal subject=15 split 2/3 trial_acc=0.375
[20:36:44] full_w2_s1 model=rbf_svm dim=arousal subject=15 split 3/3
[20:37:50] full_w2_s1 model=rbf_svm dim=arousal subject=15 split 3/3 trial_acc=0.500
[20:37:50] full_w2_s1 model=rbf_svm dim=arousal subject=16 split 1/3
[20:38:43] full_w2_s1 model=rbf_svm dim=arousal subject=16 split 1/3 trial_acc=0.750
[20:38:43] full_w2_s1 model=rbf_svm dim=arousal subject=16 split 2/3
[20:39:39] full_w2_s1 model=rbf_svm dim=arousal subject=16 split 2/3 trial_acc=0.750
[20:39:39] full_w2_s1 model=rbf_svm dim=arousal subject=16 split 3/3
[20:40:36] full_w2_s1 model=rbf_svm dim=arousal subject=16 split 3/3 trial_acc=0.875
[20:40:36] full_w2_s1 model=rbf_svm dim=arousal subject=17 split 1/3
[20:41:39] full_w2_s1 model=rbf_svm dim=arousal subject=17 split 1/3 trial_acc=0.875
[20:41:39] full_w2_s1 model=rbf_svm dim=arousal subject=17 split 2/3
[20:42:37] full_w2_s1 model=rbf_svm dim=arousal subject=17 split 2/3 trial_acc=0.625
[20:42:37] full_w2_s1 model=rbf_svm dim=arousal subject=17 split 3/3
[20:43:40] full_w2_s1 model=rbf_svm dim=arousal subject=17 split 3/3 trial_acc=0.750
[20:43:40] full_w2_s1 model=rbf_svm dim=arousal subject=18 split 1/3
[20:44:42] full_w2_s1 model=rbf_svm dim=arousal subject=18 split 1/3 trial_acc=0.500
[20:44:42] full_w2_s1 model=rbf_svm dim=arousal subject=18 split 2/3
[20:45:46] full_w2_s1 model=rbf_svm dim=arousal subject=18 split 2/3 trial_acc=0.625
[20:45:46] full_w2_s1 model=rbf_svm dim=arousal subject=18 split 3/3
[20:46:49] full_w2_s1 model=rbf_svm dim=arousal subject=18 split 3/3 trial_acc=0.625
[20:46:50] full_w2_s1 model=rbf_svm dim=arousal subject=19 split 1/3
[20:47:50] full_w2_s1 model=rbf_svm dim=arousal subject=19 split 1/3 trial_acc=0.625
[20:47:50] full_w2_s1 model=rbf_svm dim=arousal subject=19 split 2/3
[20:48:48] full_w2_s1 model=rbf_svm dim=arousal subject=19 split 2/3 trial_acc=0.500
[20:48:48] full_w2_s1 model=rbf_svm dim=arousal subject=19 split 3/3
[20:49:49] full_w2_s1 model=rbf_svm dim=arousal subject=19 split 3/3 trial_acc=0.625
[20:49:49] full_w2_s1 model=rbf_svm dim=arousal subject=20 split 1/3
[20:50:59] full_w2_s1 model=rbf_svm dim=arousal subject=20 split 1/3 trial_acc=0.375
[20:50:59] full_w2_s1 model=rbf_svm dim=arousal subject=20 split 2/3
[20:52:09] full_w2_s1 model=rbf_svm dim=arousal subject=20 split 2/3 trial_acc=0.750
[20:52:09] full_w2_s1 model=rbf_svm dim=arousal subject=20 split 3/3
[20:53:19] full_w2_s1 model=rbf_svm dim=arousal subject=20 split 3/3 trial_acc=0.625
[20:53:19] full_w2_s1 model=rbf_svm dim=arousal subject=21 split 1/3
[20:54:22] full_w2_s1 model=rbf_svm dim=arousal subject=21 split 1/3 trial_acc=0.750
[20:54:22] full_w2_s1 model=rbf_svm dim=arousal subject=21 split 2/3
[20:55:30] full_w2_s1 model=rbf_svm dim=arousal subject=21 split 2/3 trial_acc=0.625
[20:55:30] full_w2_s1 model=rbf_svm dim=arousal subject=21 split 3/3
[20:56:33] full_w2_s1 model=rbf_svm dim=arousal subject=21 split 3/3 trial_acc=1.000
[20:56:33] full_w2_s1 model=rbf_svm dim=arousal subject=22 split 1/3
[20:57:26] full_w2_s1 model=rbf_svm dim=arousal subject=22 split 1/3 trial_acc=0.375
[20:57:26] full_w2_s1 model=rbf_svm dim=arousal subject=22 split 2/3
[20:58:21] full_w2_s1 model=rbf_svm dim=arousal subject=22 split 2/3 trial_acc=0.625
[20:58:21] full_w2_s1 model=rbf_svm dim=arousal subject=22 split 3/3
[20:59:13] full_w2_s1 model=rbf_svm dim=arousal subject=22 split 3/3 trial_acc=0.375
[20:59:13] full_w2_s1 model=rbf_svm dim=arousal subject=23 split 1/3
[21:00:20] full_w2_s1 model=rbf_svm dim=arousal subject=23 split 1/3 trial_acc=0.625
[21:00:20] full_w2_s1 model=rbf_svm dim=arousal subject=23 split 2/3
[21:01:28] full_w2_s1 model=rbf_svm dim=arousal subject=23 split 2/3 trial_acc=0.500
[21:01:28] full_w2_s1 model=rbf_svm dim=arousal subject=23 split 3/3
[21:02:34] full_w2_s1 model=rbf_svm dim=arousal subject=23 split 3/3 trial_acc=0.625
[21:02:34] full_w2_s1 model=rbf_svm dim=arousal subject=24 split 1/3
[21:03:37] full_w2_s1 model=rbf_svm dim=arousal subject=24 split 1/3 trial_acc=0.625
[21:03:37] full_w2_s1 model=rbf_svm dim=arousal subject=24 split 2/3
[21:04:41] full_w2_s1 model=rbf_svm dim=arousal subject=24 split 2/3 trial_acc=0.750
[21:04:41] full_w2_s1 model=rbf_svm dim=arousal subject=24 split 3/3
[21:05:46] full_w2_s1 model=rbf_svm dim=arousal subject=24 split 3/3 trial_acc=0.875
[21:05:46] full_w2_s1 model=rbf_svm dim=arousal subject=25 split 1/3
[21:06:41] full_w2_s1 model=rbf_svm dim=arousal subject=25 split 1/3 trial_acc=0.875
[21:06:41] full_w2_s1 model=rbf_svm dim=arousal subject=25 split 2/3
[21:07:38] full_w2_s1 model=rbf_svm dim=arousal subject=25 split 2/3 trial_acc=0.750
[21:07:38] full_w2_s1 model=rbf_svm dim=arousal subject=25 split 3/3
[21:08:27] full_w2_s1 model=rbf_svm dim=arousal subject=25 split 3/3 trial_acc=0.500
[21:08:27] full_w2_s1 model=rbf_svm dim=arousal subject=26 split 1/3
[21:09:30] full_w2_s1 model=rbf_svm dim=arousal subject=26 split 1/3 trial_acc=0.500
[21:09:30] full_w2_s1 model=rbf_svm dim=arousal subject=26 split 2/3
[21:10:34] full_w2_s1 model=rbf_svm dim=arousal subject=26 split 2/3 trial_acc=0.500
[21:10:34] full_w2_s1 model=rbf_svm dim=arousal subject=26 split 3/3
[21:11:36] full_w2_s1 model=rbf_svm dim=arousal subject=26 split 3/3 trial_acc=0.500
[21:11:36] full_w2_s1 model=rbf_svm dim=arousal subject=27 split 1/3
[21:12:43] full_w2_s1 model=rbf_svm dim=arousal subject=27 split 1/3 trial_acc=0.875
[21:12:43] full_w2_s1 model=rbf_svm dim=arousal subject=27 split 2/3
[21:13:50] full_w2_s1 model=rbf_svm dim=arousal subject=27 split 2/3 trial_acc=0.875
[21:13:50] full_w2_s1 model=rbf_svm dim=arousal subject=27 split 3/3
[21:14:51] full_w2_s1 model=rbf_svm dim=arousal subject=27 split 3/3 trial_acc=0.750
[21:14:51] full_w2_s1 model=rbf_svm dim=arousal subject=28 split 1/3
[21:16:00] full_w2_s1 model=rbf_svm dim=arousal subject=28 split 1/3 trial_acc=0.375
[21:16:00] full_w2_s1 model=rbf_svm dim=arousal subject=28 split 2/3
[21:17:11] full_w2_s1 model=rbf_svm dim=arousal subject=28 split 2/3 trial_acc=0.500
[21:17:11] full_w2_s1 model=rbf_svm dim=arousal subject=28 split 3/3
[21:18:22] full_w2_s1 model=rbf_svm dim=arousal subject=28 split 3/3 trial_acc=0.500
[21:18:22] full_w2_s1 model=rbf_svm dim=arousal subject=29 split 1/3
[21:19:24] full_w2_s1 model=rbf_svm dim=arousal subject=29 split 1/3 trial_acc=0.625
[21:19:24] full_w2_s1 model=rbf_svm dim=arousal subject=29 split 2/3
[21:20:27] full_w2_s1 model=rbf_svm dim=arousal subject=29 split 2/3 trial_acc=0.750
[21:20:27] full_w2_s1 model=rbf_svm dim=arousal subject=29 split 3/3
[21:21:27] full_w2_s1 model=rbf_svm dim=arousal subject=29 split 3/3 trial_acc=0.625
[21:21:27] full_w2_s1 model=rbf_svm dim=arousal subject=30 split 1/3
[21:22:35] full_w2_s1 model=rbf_svm dim=arousal subject=30 split 1/3 trial_acc=0.750
[21:22:35] full_w2_s1 model=rbf_svm dim=arousal subject=30 split 2/3
[21:23:43] full_w2_s1 model=rbf_svm dim=arousal subject=30 split 2/3 trial_acc=0.375
[21:23:43] full_w2_s1 model=rbf_svm dim=arousal subject=30 split 3/3
[21:24:51] full_w2_s1 model=rbf_svm dim=arousal subject=30 split 3/3 trial_acc=0.750
[21:24:51] full_w2_s1 model=rbf_svm dim=arousal subject=31 split 1/3
[21:25:52] full_w2_s1 model=rbf_svm dim=arousal subject=31 split 1/3 trial_acc=0.750
[21:25:52] full_w2_s1 model=rbf_svm dim=arousal subject=31 split 2/3
[21:26:55] full_w2_s1 model=rbf_svm dim=arousal subject=31 split 2/3 trial_acc=0.875
[21:26:55] full_w2_s1 model=rbf_svm dim=arousal subject=31 split 3/3
[21:27:56] full_w2_s1 model=rbf_svm dim=arousal subject=31 split 3/3 trial_acc=0.625
[21:27:56] full_w2_s1 model=rbf_svm dim=arousal subject=32 split 1/3
[21:28:53] full_w2_s1 model=rbf_svm dim=arousal subject=32 split 1/3 trial_acc=0.625
[21:28:53] full_w2_s1 model=rbf_svm dim=arousal subject=32 split 2/3
[21:29:45] full_w2_s1 model=rbf_svm dim=arousal subject=32 split 2/3 trial_acc=0.125
[21:29:45] full_w2_s1 model=rbf_svm dim=arousal subject=32 split 3/3
[21:30:39] full_w2_s1 model=rbf_svm dim=arousal subject=32 split 3/3 trial_acc=0.625
[21:30:39] Finished full_w2_s1 in 214.6 min
[21:30:39] Starting full_w4_s2
[21:30:51] full_w4_s2 model=rbf_svm dim=valence subject=1 split 1/3
[21:31:10] full_w4_s2 model=rbf_svm dim=valence subject=1 split 1/3 trial_acc=0.375
[21:31:10] full_w4_s2 model=rbf_svm dim=valence subject=1 split 2/3
[21:31:29] full_w4_s2 model=rbf_svm dim=valence subject=1 split 2/3 trial_acc=0.500
[21:31:29] full_w4_s2 model=rbf_svm dim=valence subject=1 split 3/3
[21:31:48] full_w4_s2 model=rbf_svm dim=valence subject=1 split 3/3 trial_acc=0.625
[21:31:48] full_w4_s2 model=rbf_svm dim=valence subject=2 split 1/3
[21:32:05] full_w4_s2 model=rbf_svm dim=valence subject=2 split 1/3 trial_acc=0.500
[21:32:05] full_w4_s2 model=rbf_svm dim=valence subject=2 split 2/3
[21:32:23] full_w4_s2 model=rbf_svm dim=valence subject=2 split 2/3 trial_acc=0.625
[21:32:23] full_w4_s2 model=rbf_svm dim=valence subject=2 split 3/3
[21:32:41] full_w4_s2 model=rbf_svm dim=valence subject=2 split 3/3 trial_acc=0.875
[21:32:41] full_w4_s2 model=rbf_svm dim=valence subject=3 split 1/3
[21:32:58] full_w4_s2 model=rbf_svm dim=valence subject=3 split 1/3 trial_acc=0.625
[21:32:58] full_w4_s2 model=rbf_svm dim=valence subject=3 split 2/3
[21:33:15] full_w4_s2 model=rbf_svm dim=valence subject=3 split 2/3 trial_acc=0.750
[21:33:15] full_w4_s2 model=rbf_svm dim=valence subject=3 split 3/3
[21:33:32] full_w4_s2 model=rbf_svm dim=valence subject=3 split 3/3 trial_acc=0.500
[21:33:32] full_w4_s2 model=rbf_svm dim=valence subject=4 split 1/3
[21:33:52] full_w4_s2 model=rbf_svm dim=valence subject=4 split 1/3 trial_acc=0.250
[21:33:52] full_w4_s2 model=rbf_svm dim=valence subject=4 split 2/3
[21:34:12] full_w4_s2 model=rbf_svm dim=valence subject=4 split 2/3 trial_acc=0.625
[21:34:12] full_w4_s2 model=rbf_svm dim=valence subject=4 split 3/3
[21:34:32] full_w4_s2 model=rbf_svm dim=valence subject=4 split 3/3 trial_acc=0.500
[21:34:32] full_w4_s2 model=rbf_svm dim=valence subject=5 split 1/3
[21:34:52] full_w4_s2 model=rbf_svm dim=valence subject=5 split 1/3 trial_acc=0.500
[21:34:52] full_w4_s2 model=rbf_svm dim=valence subject=5 split 2/3
[21:35:11] full_w4_s2 model=rbf_svm dim=valence subject=5 split 2/3 trial_acc=0.500
[21:35:11] full_w4_s2 model=rbf_svm dim=valence subject=5 split 3/3
[21:35:31] full_w4_s2 model=rbf_svm dim=valence subject=5 split 3/3 trial_acc=0.375
[21:35:31] full_w4_s2 model=rbf_svm dim=valence subject=6 split 1/3
[21:35:50] full_w4_s2 model=rbf_svm dim=valence subject=6 split 1/3 trial_acc=0.375
[21:35:50] full_w4_s2 model=rbf_svm dim=valence subject=6 split 2/3
[21:36:09] full_w4_s2 model=rbf_svm dim=valence subject=6 split 2/3 trial_acc=0.625
[21:36:09] full_w4_s2 model=rbf_svm dim=valence subject=6 split 3/3
[21:36:26] full_w4_s2 model=rbf_svm dim=valence subject=6 split 3/3 trial_acc=0.250
[21:36:27] full_w4_s2 model=rbf_svm dim=valence subject=7 split 1/3
[21:36:46] full_w4_s2 model=rbf_svm dim=valence subject=7 split 1/3 trial_acc=0.625
[21:36:46] full_w4_s2 model=rbf_svm dim=valence subject=7 split 2/3
[21:37:05] full_w4_s2 model=rbf_svm dim=valence subject=7 split 2/3 trial_acc=0.625
[21:37:05] full_w4_s2 model=rbf_svm dim=valence subject=7 split 3/3
[21:37:24] full_w4_s2 model=rbf_svm dim=valence subject=7 split 3/3 trial_acc=0.750
[21:37:24] full_w4_s2 model=rbf_svm dim=valence subject=8 split 1/3
[21:37:42] full_w4_s2 model=rbf_svm dim=valence subject=8 split 1/3 trial_acc=0.625
[21:37:42] full_w4_s2 model=rbf_svm dim=valence subject=8 split 2/3
[21:38:01] full_w4_s2 model=rbf_svm dim=valence subject=8 split 2/3 trial_acc=0.500
[21:38:01] full_w4_s2 model=rbf_svm dim=valence subject=8 split 3/3
[21:38:19] full_w4_s2 model=rbf_svm dim=valence subject=8 split 3/3 trial_acc=0.250
[21:38:19] full_w4_s2 model=rbf_svm dim=valence subject=9 split 1/3
[21:38:37] full_w4_s2 model=rbf_svm dim=valence subject=9 split 1/3 trial_acc=0.500
[21:38:37] full_w4_s2 model=rbf_svm dim=valence subject=9 split 2/3
[21:38:54] full_w4_s2 model=rbf_svm dim=valence subject=9 split 2/3 trial_acc=0.750
[21:38:54] full_w4_s2 model=rbf_svm dim=valence subject=9 split 3/3
[21:39:11] full_w4_s2 model=rbf_svm dim=valence subject=9 split 3/3 trial_acc=0.625
[21:39:11] full_w4_s2 model=rbf_svm dim=valence subject=10 split 1/3
[21:39:29] full_w4_s2 model=rbf_svm dim=valence subject=10 split 1/3 trial_acc=1.000
[21:39:29] full_w4_s2 model=rbf_svm dim=valence subject=10 split 2/3
[21:39:47] full_w4_s2 model=rbf_svm dim=valence subject=10 split 2/3 trial_acc=0.875
[21:39:47] full_w4_s2 model=rbf_svm dim=valence subject=10 split 3/3
[21:40:04] full_w4_s2 model=rbf_svm dim=valence subject=10 split 3/3 trial_acc=0.875
[21:40:04] full_w4_s2 model=rbf_svm dim=valence subject=11 split 1/3
[21:40:22] full_w4_s2 model=rbf_svm dim=valence subject=11 split 1/3 trial_acc=0.500
[21:40:22] full_w4_s2 model=rbf_svm dim=valence subject=11 split 2/3
[21:40:40] full_w4_s2 model=rbf_svm dim=valence subject=11 split 2/3 trial_acc=0.375
[21:40:40] full_w4_s2 model=rbf_svm dim=valence subject=11 split 3/3
[21:40:59] full_w4_s2 model=rbf_svm dim=valence subject=11 split 3/3 trial_acc=0.500
[21:40:59] full_w4_s2 model=rbf_svm dim=valence subject=12 split 1/3
[21:41:18] full_w4_s2 model=rbf_svm dim=valence subject=12 split 1/3 trial_acc=0.375
[21:41:18] full_w4_s2 model=rbf_svm dim=valence subject=12 split 2/3
[21:41:37] full_w4_s2 model=rbf_svm dim=valence subject=12 split 2/3 trial_acc=0.500
[21:41:37] full_w4_s2 model=rbf_svm dim=valence subject=12 split 3/3
[21:41:56] full_w4_s2 model=rbf_svm dim=valence subject=12 split 3/3 trial_acc=0.500
[21:41:56] full_w4_s2 model=rbf_svm dim=valence subject=13 split 1/3
[21:42:16] full_w4_s2 model=rbf_svm dim=valence subject=13 split 1/3 trial_acc=0.500
[21:42:16] full_w4_s2 model=rbf_svm dim=valence subject=13 split 2/3
[21:42:35] full_w4_s2 model=rbf_svm dim=valence subject=13 split 2/3 trial_acc=0.875
[21:42:35] full_w4_s2 model=rbf_svm dim=valence subject=13 split 3/3
[21:42:54] full_w4_s2 model=rbf_svm dim=valence subject=13 split 3/3 trial_acc=0.500
[21:42:54] full_w4_s2 model=rbf_svm dim=valence subject=14 split 1/3
[21:43:11] full_w4_s2 model=rbf_svm dim=valence subject=14 split 1/3 trial_acc=0.500
[21:43:11] full_w4_s2 model=rbf_svm dim=valence subject=14 split 2/3
[21:43:29] full_w4_s2 model=rbf_svm dim=valence subject=14 split 2/3 trial_acc=0.875
[21:43:29] full_w4_s2 model=rbf_svm dim=valence subject=14 split 3/3
[21:43:46] full_w4_s2 model=rbf_svm dim=valence subject=14 split 3/3 trial_acc=0.875
[21:43:47] full_w4_s2 model=rbf_svm dim=valence subject=15 split 1/3
[21:44:05] full_w4_s2 model=rbf_svm dim=valence subject=15 split 1/3 trial_acc=0.625
[21:44:05] full_w4_s2 model=rbf_svm dim=valence subject=15 split 2/3
[21:44:24] full_w4_s2 model=rbf_svm dim=valence subject=15 split 2/3 trial_acc=1.000
[21:44:24] full_w4_s2 model=rbf_svm dim=valence subject=15 split 3/3
[21:44:42] full_w4_s2 model=rbf_svm dim=valence subject=15 split 3/3 trial_acc=0.750
[21:44:42] full_w4_s2 model=rbf_svm dim=valence subject=16 split 1/3
[21:45:00] full_w4_s2 model=rbf_svm dim=valence subject=16 split 1/3 trial_acc=0.250
[21:45:00] full_w4_s2 model=rbf_svm dim=valence subject=16 split 2/3
[21:45:18] full_w4_s2 model=rbf_svm dim=valence subject=16 split 2/3 trial_acc=0.375
[21:45:18] full_w4_s2 model=rbf_svm dim=valence subject=16 split 3/3
[21:45:37] full_w4_s2 model=rbf_svm dim=valence subject=16 split 3/3 trial_acc=0.625
[21:45:38] full_w4_s2 model=rbf_svm dim=valence subject=17 split 1/3
[21:45:57] full_w4_s2 model=rbf_svm dim=valence subject=17 split 1/3 trial_acc=0.375
[21:45:57] full_w4_s2 model=rbf_svm dim=valence subject=17 split 2/3
[21:46:17] full_w4_s2 model=rbf_svm dim=valence subject=17 split 2/3 trial_acc=0.750
[21:46:17] full_w4_s2 model=rbf_svm dim=valence subject=17 split 3/3
[21:46:37] full_w4_s2 model=rbf_svm dim=valence subject=17 split 3/3 trial_acc=0.375
[21:46:37] full_w4_s2 model=rbf_svm dim=valence subject=18 split 1/3
[21:46:55] full_w4_s2 model=rbf_svm dim=valence subject=18 split 1/3 trial_acc=0.875
[21:46:55] full_w4_s2 model=rbf_svm dim=valence subject=18 split 2/3
[21:47:12] full_w4_s2 model=rbf_svm dim=valence subject=18 split 2/3 trial_acc=0.625
[21:47:12] full_w4_s2 model=rbf_svm dim=valence subject=18 split 3/3
[21:47:29] full_w4_s2 model=rbf_svm dim=valence subject=18 split 3/3 trial_acc=0.750
[21:47:29] full_w4_s2 model=rbf_svm dim=valence subject=19 split 1/3
[21:47:48] full_w4_s2 model=rbf_svm dim=valence subject=19 split 1/3 trial_acc=0.750
[21:47:48] full_w4_s2 model=rbf_svm dim=valence subject=19 split 2/3
[21:48:06] full_w4_s2 model=rbf_svm dim=valence subject=19 split 2/3 trial_acc=0.500
[21:48:06] full_w4_s2 model=rbf_svm dim=valence subject=19 split 3/3
[21:48:25] full_w4_s2 model=rbf_svm dim=valence subject=19 split 3/3 trial_acc=0.250
[21:48:25] full_w4_s2 model=rbf_svm dim=valence subject=20 split 1/3
[21:48:46] full_w4_s2 model=rbf_svm dim=valence subject=20 split 1/3 trial_acc=0.625
[21:48:46] full_w4_s2 model=rbf_svm dim=valence subject=20 split 2/3
[21:49:06] full_w4_s2 model=rbf_svm dim=valence subject=20 split 2/3 trial_acc=0.625
[21:49:06] full_w4_s2 model=rbf_svm dim=valence subject=20 split 3/3
[21:49:27] full_w4_s2 model=rbf_svm dim=valence subject=20 split 3/3 trial_acc=0.750
[21:49:27] full_w4_s2 model=rbf_svm dim=valence subject=21 split 1/3
[21:49:47] full_w4_s2 model=rbf_svm dim=valence subject=21 split 1/3 trial_acc=0.375
[21:49:47] full_w4_s2 model=rbf_svm dim=valence subject=21 split 2/3
[21:50:07] full_w4_s2 model=rbf_svm dim=valence subject=21 split 2/3 trial_acc=0.250
[21:50:07] full_w4_s2 model=rbf_svm dim=valence subject=21 split 3/3
[21:50:26] full_w4_s2 model=rbf_svm dim=valence subject=21 split 3/3 trial_acc=0.625
[21:50:27] full_w4_s2 model=rbf_svm dim=valence subject=22 split 1/3
[21:50:45] full_w4_s2 model=rbf_svm dim=valence subject=22 split 1/3 trial_acc=0.750
[21:50:45] full_w4_s2 model=rbf_svm dim=valence subject=22 split 2/3
[21:51:03] full_w4_s2 model=rbf_svm dim=valence subject=22 split 2/3 trial_acc=0.500
[21:51:03] full_w4_s2 model=rbf_svm dim=valence subject=22 split 3/3
[21:51:21] full_w4_s2 model=rbf_svm dim=valence subject=22 split 3/3 trial_acc=0.500
[21:51:21] full_w4_s2 model=rbf_svm dim=valence subject=23 split 1/3
[21:51:41] full_w4_s2 model=rbf_svm dim=valence subject=23 split 1/3 trial_acc=0.625
[21:51:41] full_w4_s2 model=rbf_svm dim=valence subject=23 split 2/3
[21:52:00] full_w4_s2 model=rbf_svm dim=valence subject=23 split 2/3 trial_acc=0.625
[21:52:00] full_w4_s2 model=rbf_svm dim=valence subject=23 split 3/3
[21:52:18] full_w4_s2 model=rbf_svm dim=valence subject=23 split 3/3 trial_acc=0.250
[21:52:18] full_w4_s2 model=rbf_svm dim=valence subject=24 split 1/3
[21:52:37] full_w4_s2 model=rbf_svm dim=valence subject=24 split 1/3 trial_acc=0.875
[21:52:37] full_w4_s2 model=rbf_svm dim=valence subject=24 split 2/3
[21:52:56] full_w4_s2 model=rbf_svm dim=valence subject=24 split 2/3 trial_acc=0.750
[21:52:56] full_w4_s2 model=rbf_svm dim=valence subject=24 split 3/3
[21:53:16] full_w4_s2 model=rbf_svm dim=valence subject=24 split 3/3 trial_acc=0.750
[21:53:16] full_w4_s2 model=rbf_svm dim=valence subject=25 split 1/3
[21:53:35] full_w4_s2 model=rbf_svm dim=valence subject=25 split 1/3 trial_acc=0.625
[21:53:35] full_w4_s2 model=rbf_svm dim=valence subject=25 split 2/3
[21:53:53] full_w4_s2 model=rbf_svm dim=valence subject=25 split 2/3 trial_acc=0.250
[21:53:53] full_w4_s2 model=rbf_svm dim=valence subject=25 split 3/3
[21:54:11] full_w4_s2 model=rbf_svm dim=valence subject=25 split 3/3 trial_acc=0.625
[21:54:12] full_w4_s2 model=rbf_svm dim=valence subject=26 split 1/3
[21:54:31] full_w4_s2 model=rbf_svm dim=valence subject=26 split 1/3 trial_acc=0.625
[21:54:31] full_w4_s2 model=rbf_svm dim=valence subject=26 split 2/3
[21:54:49] full_w4_s2 model=rbf_svm dim=valence subject=26 split 2/3 trial_acc=0.375
[21:54:49] full_w4_s2 model=rbf_svm dim=valence subject=26 split 3/3
[21:55:08] full_w4_s2 model=rbf_svm dim=valence subject=26 split 3/3 trial_acc=0.500
[21:55:08] full_w4_s2 model=rbf_svm dim=valence subject=27 split 1/3
[21:55:27] full_w4_s2 model=rbf_svm dim=valence subject=27 split 1/3 trial_acc=0.625
[21:55:27] full_w4_s2 model=rbf_svm dim=valence subject=27 split 2/3
[21:55:47] full_w4_s2 model=rbf_svm dim=valence subject=27 split 2/3 trial_acc=0.625
[21:55:47] full_w4_s2 model=rbf_svm dim=valence subject=27 split 3/3
[21:56:06] full_w4_s2 model=rbf_svm dim=valence subject=27 split 3/3 trial_acc=0.625
[21:56:06] full_w4_s2 model=rbf_svm dim=valence subject=28 split 1/3
[21:56:25] full_w4_s2 model=rbf_svm dim=valence subject=28 split 1/3 trial_acc=0.250
[21:56:25] full_w4_s2 model=rbf_svm dim=valence subject=28 split 2/3
[21:56:44] full_w4_s2 model=rbf_svm dim=valence subject=28 split 2/3 trial_acc=0.500
[21:56:44] full_w4_s2 model=rbf_svm dim=valence subject=28 split 3/3
[21:57:04] full_w4_s2 model=rbf_svm dim=valence subject=28 split 3/3 trial_acc=0.875
[21:57:04] full_w4_s2 model=rbf_svm dim=valence subject=29 split 1/3
[21:57:23] full_w4_s2 model=rbf_svm dim=valence subject=29 split 1/3 trial_acc=0.500
[21:57:23] full_w4_s2 model=rbf_svm dim=valence subject=29 split 2/3
[21:57:42] full_w4_s2 model=rbf_svm dim=valence subject=29 split 2/3 trial_acc=0.625
[21:57:42] full_w4_s2 model=rbf_svm dim=valence subject=29 split 3/3
[21:58:00] full_w4_s2 model=rbf_svm dim=valence subject=29 split 3/3 trial_acc=0.375
[21:58:00] full_w4_s2 model=rbf_svm dim=valence subject=30 split 1/3
[21:58:20] full_w4_s2 model=rbf_svm dim=valence subject=30 split 1/3 trial_acc=0.375
[21:58:20] full_w4_s2 model=rbf_svm dim=valence subject=30 split 2/3
[21:58:39] full_w4_s2 model=rbf_svm dim=valence subject=30 split 2/3 trial_acc=0.625
[21:58:39] full_w4_s2 model=rbf_svm dim=valence subject=30 split 3/3
[21:58:59] full_w4_s2 model=rbf_svm dim=valence subject=30 split 3/3 trial_acc=0.625
[21:58:59] full_w4_s2 model=rbf_svm dim=valence subject=31 split 1/3
[21:59:18] full_w4_s2 model=rbf_svm dim=valence subject=31 split 1/3 trial_acc=0.500
[21:59:18] full_w4_s2 model=rbf_svm dim=valence subject=31 split 2/3
[21:59:37] full_w4_s2 model=rbf_svm dim=valence subject=31 split 2/3 trial_acc=0.625
[21:59:37] full_w4_s2 model=rbf_svm dim=valence subject=31 split 3/3
[21:59:55] full_w4_s2 model=rbf_svm dim=valence subject=31 split 3/3 trial_acc=0.750
[21:59:55] full_w4_s2 model=rbf_svm dim=valence subject=32 split 1/3
[22:00:13] full_w4_s2 model=rbf_svm dim=valence subject=32 split 1/3 trial_acc=0.500
[22:00:13] full_w4_s2 model=rbf_svm dim=valence subject=32 split 2/3
[22:00:32] full_w4_s2 model=rbf_svm dim=valence subject=32 split 2/3 trial_acc=0.375
[22:00:32] full_w4_s2 model=rbf_svm dim=valence subject=32 split 3/3
[22:00:51] full_w4_s2 model=rbf_svm dim=valence subject=32 split 3/3 trial_acc=0.375
[22:00:51] full_w4_s2 model=rbf_svm dim=arousal subject=1 split 1/3
[22:01:09] full_w4_s2 model=rbf_svm dim=arousal subject=1 split 1/3 trial_acc=0.500
[22:01:09] full_w4_s2 model=rbf_svm dim=arousal subject=1 split 2/3
[22:01:27] full_w4_s2 model=rbf_svm dim=arousal subject=1 split 2/3 trial_acc=0.500
[22:01:27] full_w4_s2 model=rbf_svm dim=arousal subject=1 split 3/3
[22:01:45] full_w4_s2 model=rbf_svm dim=arousal subject=1 split 3/3 trial_acc=0.625
[22:01:46] full_w4_s2 model=rbf_svm dim=arousal subject=2 split 1/3
[22:02:04] full_w4_s2 model=rbf_svm dim=arousal subject=2 split 1/3 trial_acc=0.625
[22:02:04] full_w4_s2 model=rbf_svm dim=arousal subject=2 split 2/3
[22:02:24] full_w4_s2 model=rbf_svm dim=arousal subject=2 split 2/3 trial_acc=0.875
[22:02:24] full_w4_s2 model=rbf_svm dim=arousal subject=2 split 3/3
[22:02:42] full_w4_s2 model=rbf_svm dim=arousal subject=2 split 3/3 trial_acc=0.625
[22:02:42] full_w4_s2 model=rbf_svm dim=arousal subject=3 split 1/3
[22:03:01] full_w4_s2 model=rbf_svm dim=arousal subject=3 split 1/3 trial_acc=0.625
[22:03:01] full_w4_s2 model=rbf_svm dim=arousal subject=3 split 2/3
[22:03:19] full_w4_s2 model=rbf_svm dim=arousal subject=3 split 2/3 trial_acc=0.750
[22:03:19] full_w4_s2 model=rbf_svm dim=arousal subject=3 split 3/3
[22:03:38] full_w4_s2 model=rbf_svm dim=arousal subject=3 split 3/3 trial_acc=0.625
[22:03:38] full_w4_s2 model=rbf_svm dim=arousal subject=4 split 1/3
[22:03:58] full_w4_s2 model=rbf_svm dim=arousal subject=4 split 1/3 trial_acc=0.625
[22:03:58] full_w4_s2 model=rbf_svm dim=arousal subject=4 split 2/3
[22:04:17] full_w4_s2 model=rbf_svm dim=arousal subject=4 split 2/3 trial_acc=0.375
[22:04:17] full_w4_s2 model=rbf_svm dim=arousal subject=4 split 3/3
[22:04:37] full_w4_s2 model=rbf_svm dim=arousal subject=4 split 3/3 trial_acc=0.375
[22:04:37] full_w4_s2 model=rbf_svm dim=arousal subject=5 split 1/3
[22:04:55] full_w4_s2 model=rbf_svm dim=arousal subject=5 split 1/3 trial_acc=0.375
[22:04:55] full_w4_s2 model=rbf_svm dim=arousal subject=5 split 2/3
[22:05:14] full_w4_s2 model=rbf_svm dim=arousal subject=5 split 2/3 trial_acc=0.625
[22:05:14] full_w4_s2 model=rbf_svm dim=arousal subject=5 split 3/3
[22:05:34] full_w4_s2 model=rbf_svm dim=arousal subject=5 split 3/3 trial_acc=0.750
[22:05:34] full_w4_s2 model=rbf_svm dim=arousal subject=6 split 1/3
[22:05:53] full_w4_s2 model=rbf_svm dim=arousal subject=6 split 1/3 trial_acc=0.250
[22:05:53] full_w4_s2 model=rbf_svm dim=arousal subject=6 split 2/3
[22:06:12] full_w4_s2 model=rbf_svm dim=arousal subject=6 split 2/3 trial_acc=0.750
[22:06:12] full_w4_s2 model=rbf_svm dim=arousal subject=6 split 3/3
[22:06:32] full_w4_s2 model=rbf_svm dim=arousal subject=6 split 3/3 trial_acc=0.500
[22:06:32] full_w4_s2 model=rbf_svm dim=arousal subject=7 split 1/3
[22:06:51] full_w4_s2 model=rbf_svm dim=arousal subject=7 split 1/3 trial_acc=0.625
[22:06:51] full_w4_s2 model=rbf_svm dim=arousal subject=7 split 2/3
[22:07:09] full_w4_s2 model=rbf_svm dim=arousal subject=7 split 2/3 trial_acc=0.375
[22:07:09] full_w4_s2 model=rbf_svm dim=arousal subject=7 split 3/3
[22:07:28] full_w4_s2 model=rbf_svm dim=arousal subject=7 split 3/3 trial_acc=0.500
[22:07:28] full_w4_s2 model=rbf_svm dim=arousal subject=8 split 1/3
[22:07:46] full_w4_s2 model=rbf_svm dim=arousal subject=8 split 1/3 trial_acc=0.125
[22:07:46] full_w4_s2 model=rbf_svm dim=arousal subject=8 split 2/3
[22:08:06] full_w4_s2 model=rbf_svm dim=arousal subject=8 split 2/3 trial_acc=0.375
[22:08:06] full_w4_s2 model=rbf_svm dim=arousal subject=8 split 3/3
[22:08:24] full_w4_s2 model=rbf_svm dim=arousal subject=8 split 3/3 trial_acc=0.500
[22:08:24] full_w4_s2 model=rbf_svm dim=arousal subject=9 split 1/3
[22:08:42] full_w4_s2 model=rbf_svm dim=arousal subject=9 split 1/3 trial_acc=0.500
[22:08:42] full_w4_s2 model=rbf_svm dim=arousal subject=9 split 2/3
[22:09:04] full_w4_s2 model=rbf_svm dim=arousal subject=9 split 2/3 trial_acc=0.500
[22:09:04] full_w4_s2 model=rbf_svm dim=arousal subject=9 split 3/3
[22:09:22] full_w4_s2 model=rbf_svm dim=arousal subject=9 split 3/3 trial_acc=0.625
[22:09:22] full_w4_s2 model=rbf_svm dim=arousal subject=10 split 1/3
[22:09:39] full_w4_s2 model=rbf_svm dim=arousal subject=10 split 1/3 trial_acc=0.500
[22:09:39] full_w4_s2 model=rbf_svm dim=arousal subject=10 split 2/3
[22:09:58] full_w4_s2 model=rbf_svm dim=arousal subject=10 split 2/3 trial_acc=0.875
[22:09:58] full_w4_s2 model=rbf_svm dim=arousal subject=10 split 3/3
[22:10:15] full_w4_s2 model=rbf_svm dim=arousal subject=10 split 3/3 trial_acc=0.375
[22:10:15] full_w4_s2 model=rbf_svm dim=arousal subject=11 split 1/3
[22:10:34] full_w4_s2 model=rbf_svm dim=arousal subject=11 split 1/3 trial_acc=0.625
[22:10:34] full_w4_s2 model=rbf_svm dim=arousal subject=11 split 2/3
[22:10:52] full_w4_s2 model=rbf_svm dim=arousal subject=11 split 2/3 trial_acc=0.250
[22:10:52] full_w4_s2 model=rbf_svm dim=arousal subject=11 split 3/3
[22:11:10] full_w4_s2 model=rbf_svm dim=arousal subject=11 split 3/3 trial_acc=0.250
[22:11:10] full_w4_s2 model=rbf_svm dim=arousal subject=12 split 1/3
[22:11:29] full_w4_s2 model=rbf_svm dim=arousal subject=12 split 1/3 trial_acc=0.750
[22:11:29] full_w4_s2 model=rbf_svm dim=arousal subject=12 split 2/3
[22:11:47] full_w4_s2 model=rbf_svm dim=arousal subject=12 split 2/3 trial_acc=0.625
[22:11:47] full_w4_s2 model=rbf_svm dim=arousal subject=12 split 3/3
[22:12:07] full_w4_s2 model=rbf_svm dim=arousal subject=12 split 3/3 trial_acc=0.875
[22:12:07] full_w4_s2 model=rbf_svm dim=arousal subject=13 split 1/3
[22:12:27] full_w4_s2 model=rbf_svm dim=arousal subject=13 split 1/3 trial_acc=0.500
[22:12:27] full_w4_s2 model=rbf_svm dim=arousal subject=13 split 2/3
[22:12:46] full_w4_s2 model=rbf_svm dim=arousal subject=13 split 2/3 trial_acc=0.500
[22:12:46] full_w4_s2 model=rbf_svm dim=arousal subject=13 split 3/3
[22:13:05] full_w4_s2 model=rbf_svm dim=arousal subject=13 split 3/3 trial_acc=0.500
[22:13:05] full_w4_s2 model=rbf_svm dim=arousal subject=14 split 1/3
[22:13:22] full_w4_s2 model=rbf_svm dim=arousal subject=14 split 1/3 trial_acc=0.250
[22:13:22] full_w4_s2 model=rbf_svm dim=arousal subject=14 split 2/3
[22:13:42] full_w4_s2 model=rbf_svm dim=arousal subject=14 split 2/3 trial_acc=0.500
[22:13:42] full_w4_s2 model=rbf_svm dim=arousal subject=14 split 3/3
[22:14:02] full_w4_s2 model=rbf_svm dim=arousal subject=14 split 3/3 trial_acc=0.625
[22:14:02] full_w4_s2 model=rbf_svm dim=arousal subject=15 split 1/3
[22:14:23] full_w4_s2 model=rbf_svm dim=arousal subject=15 split 1/3 trial_acc=0.625
[22:14:23] full_w4_s2 model=rbf_svm dim=arousal subject=15 split 2/3
[22:14:42] full_w4_s2 model=rbf_svm dim=arousal subject=15 split 2/3 trial_acc=0.500
[22:14:42] full_w4_s2 model=rbf_svm dim=arousal subject=15 split 3/3
[22:15:03] full_w4_s2 model=rbf_svm dim=arousal subject=15 split 3/3 trial_acc=0.375
[22:15:03] full_w4_s2 model=rbf_svm dim=arousal subject=16 split 1/3
[22:15:20] full_w4_s2 model=rbf_svm dim=arousal subject=16 split 1/3 trial_acc=0.625
[22:15:20] full_w4_s2 model=rbf_svm dim=arousal subject=16 split 2/3
[22:15:38] full_w4_s2 model=rbf_svm dim=arousal subject=16 split 2/3 trial_acc=0.750
[22:15:38] full_w4_s2 model=rbf_svm dim=arousal subject=16 split 3/3
[22:15:58] full_w4_s2 model=rbf_svm dim=arousal subject=16 split 3/3 trial_acc=0.875
[22:15:58] full_w4_s2 model=rbf_svm dim=arousal subject=17 split 1/3
[22:16:18] full_w4_s2 model=rbf_svm dim=arousal subject=17 split 1/3 trial_acc=0.875
[22:16:18] full_w4_s2 model=rbf_svm dim=arousal subject=17 split 2/3
[22:16:37] full_w4_s2 model=rbf_svm dim=arousal subject=17 split 2/3 trial_acc=0.625
[22:16:37] full_w4_s2 model=rbf_svm dim=arousal subject=17 split 3/3
[22:16:57] full_w4_s2 model=rbf_svm dim=arousal subject=17 split 3/3 trial_acc=0.875
[22:16:57] full_w4_s2 model=rbf_svm dim=arousal subject=18 split 1/3
[22:17:17] full_w4_s2 model=rbf_svm dim=arousal subject=18 split 1/3 trial_acc=0.500
[22:17:17] full_w4_s2 model=rbf_svm dim=arousal subject=18 split 2/3
[22:17:38] full_w4_s2 model=rbf_svm dim=arousal subject=18 split 2/3 trial_acc=0.625
[22:17:38] full_w4_s2 model=rbf_svm dim=arousal subject=18 split 3/3
[22:17:58] full_w4_s2 model=rbf_svm dim=arousal subject=18 split 3/3 trial_acc=0.625
[22:17:58] full_w4_s2 model=rbf_svm dim=arousal subject=19 split 1/3
[22:18:18] full_w4_s2 model=rbf_svm dim=arousal subject=19 split 1/3 trial_acc=0.625
[22:18:18] full_w4_s2 model=rbf_svm dim=arousal subject=19 split 2/3
[22:18:37] full_w4_s2 model=rbf_svm dim=arousal subject=19 split 2/3 trial_acc=0.500
[22:18:37] full_w4_s2 model=rbf_svm dim=arousal subject=19 split 3/3
[22:18:57] full_w4_s2 model=rbf_svm dim=arousal subject=19 split 3/3 trial_acc=0.625
[22:18:57] full_w4_s2 model=rbf_svm dim=arousal subject=20 split 1/3
[22:19:18] full_w4_s2 model=rbf_svm dim=arousal subject=20 split 1/3 trial_acc=0.375
[22:19:18] full_w4_s2 model=rbf_svm dim=arousal subject=20 split 2/3
[22:19:39] full_w4_s2 model=rbf_svm dim=arousal subject=20 split 2/3 trial_acc=0.750
[22:19:39] full_w4_s2 model=rbf_svm dim=arousal subject=20 split 3/3
[22:20:01] full_w4_s2 model=rbf_svm dim=arousal subject=20 split 3/3 trial_acc=0.625
[22:20:01] full_w4_s2 model=rbf_svm dim=arousal subject=21 split 1/3
[22:20:20] full_w4_s2 model=rbf_svm dim=arousal subject=21 split 1/3 trial_acc=0.750
[22:20:20] full_w4_s2 model=rbf_svm dim=arousal subject=21 split 2/3
[22:20:42] full_w4_s2 model=rbf_svm dim=arousal subject=21 split 2/3 trial_acc=0.625
[22:20:42] full_w4_s2 model=rbf_svm dim=arousal subject=21 split 3/3
[22:21:01] full_w4_s2 model=rbf_svm dim=arousal subject=21 split 3/3 trial_acc=1.000
[22:21:01] full_w4_s2 model=rbf_svm dim=arousal subject=22 split 1/3
[22:21:18] full_w4_s2 model=rbf_svm dim=arousal subject=22 split 1/3 trial_acc=0.375
[22:21:18] full_w4_s2 model=rbf_svm dim=arousal subject=22 split 2/3
[22:21:40] full_w4_s2 model=rbf_svm dim=arousal subject=22 split 2/3 trial_acc=0.750
[22:21:40] full_w4_s2 model=rbf_svm dim=arousal subject=22 split 3/3
[22:21:58] full_w4_s2 model=rbf_svm dim=arousal subject=22 split 3/3 trial_acc=0.375
[22:21:58] full_w4_s2 model=rbf_svm dim=arousal subject=23 split 1/3
[22:22:18] full_w4_s2 model=rbf_svm dim=arousal subject=23 split 1/3 trial_acc=0.625
[22:22:18] full_w4_s2 model=rbf_svm dim=arousal subject=23 split 2/3
[22:22:38] full_w4_s2 model=rbf_svm dim=arousal subject=23 split 2/3 trial_acc=0.375
[22:22:38] full_w4_s2 model=rbf_svm dim=arousal subject=23 split 3/3
[22:22:59] full_w4_s2 model=rbf_svm dim=arousal subject=23 split 3/3 trial_acc=0.500
[22:22:59] full_w4_s2 model=rbf_svm dim=arousal subject=24 split 1/3
[22:23:21] full_w4_s2 model=rbf_svm dim=arousal subject=24 split 1/3 trial_acc=0.625
[22:23:21] full_w4_s2 model=rbf_svm dim=arousal subject=24 split 2/3
[22:23:42] full_w4_s2 model=rbf_svm dim=arousal subject=24 split 2/3 trial_acc=0.750
[22:23:42] full_w4_s2 model=rbf_svm dim=arousal subject=24 split 3/3
[22:24:05] full_w4_s2 model=rbf_svm dim=arousal subject=24 split 3/3 trial_acc=0.875
[22:24:05] full_w4_s2 model=rbf_svm dim=arousal subject=25 split 1/3
[22:24:29] full_w4_s2 model=rbf_svm dim=arousal subject=25 split 1/3 trial_acc=0.875
[22:24:29] full_w4_s2 model=rbf_svm dim=arousal subject=25 split 2/3
[22:24:55] full_w4_s2 model=rbf_svm dim=arousal subject=25 split 2/3 trial_acc=0.750
[22:24:55] full_w4_s2 model=rbf_svm dim=arousal subject=25 split 3/3
[22:25:16] full_w4_s2 model=rbf_svm dim=arousal subject=25 split 3/3 trial_acc=0.500
[22:25:16] full_w4_s2 model=rbf_svm dim=arousal subject=26 split 1/3
[22:25:41] full_w4_s2 model=rbf_svm dim=arousal subject=26 split 1/3 trial_acc=0.500
[22:25:41] full_w4_s2 model=rbf_svm dim=arousal subject=26 split 2/3
[22:26:07] full_w4_s2 model=rbf_svm dim=arousal subject=26 split 2/3 trial_acc=0.625
[22:26:07] full_w4_s2 model=rbf_svm dim=arousal subject=26 split 3/3
[22:26:36] full_w4_s2 model=rbf_svm dim=arousal subject=26 split 3/3 trial_acc=0.500
[22:26:36] full_w4_s2 model=rbf_svm dim=arousal subject=27 split 1/3
[22:27:03] full_w4_s2 model=rbf_svm dim=arousal subject=27 split 1/3 trial_acc=0.875
[22:27:03] full_w4_s2 model=rbf_svm dim=arousal subject=27 split 2/3
[22:27:28] full_w4_s2 model=rbf_svm dim=arousal subject=27 split 2/3 trial_acc=1.000
[22:27:28] full_w4_s2 model=rbf_svm dim=arousal subject=27 split 3/3
[22:27:49] full_w4_s2 model=rbf_svm dim=arousal subject=27 split 3/3 trial_acc=0.875
[22:27:49] full_w4_s2 model=rbf_svm dim=arousal subject=28 split 1/3
[22:28:13] full_w4_s2 model=rbf_svm dim=arousal subject=28 split 1/3 trial_acc=0.375
[22:28:13] full_w4_s2 model=rbf_svm dim=arousal subject=28 split 2/3
[22:28:38] full_w4_s2 model=rbf_svm dim=arousal subject=28 split 2/3 trial_acc=0.500
[22:28:38] full_w4_s2 model=rbf_svm dim=arousal subject=28 split 3/3
[22:29:02] full_w4_s2 model=rbf_svm dim=arousal subject=28 split 3/3 trial_acc=0.500
[22:29:02] full_w4_s2 model=rbf_svm dim=arousal subject=29 split 1/3
[22:29:26] full_w4_s2 model=rbf_svm dim=arousal subject=29 split 1/3 trial_acc=0.500
[22:29:26] full_w4_s2 model=rbf_svm dim=arousal subject=29 split 2/3
[22:29:50] full_w4_s2 model=rbf_svm dim=arousal subject=29 split 2/3 trial_acc=0.750
[22:29:50] full_w4_s2 model=rbf_svm dim=arousal subject=29 split 3/3
[22:30:14] full_w4_s2 model=rbf_svm dim=arousal subject=29 split 3/3 trial_acc=0.625
[22:30:14] full_w4_s2 model=rbf_svm dim=arousal subject=30 split 1/3
[22:30:40] full_w4_s2 model=rbf_svm dim=arousal subject=30 split 1/3 trial_acc=0.750
[22:30:40] full_w4_s2 model=rbf_svm dim=arousal subject=30 split 2/3
[22:31:07] full_w4_s2 model=rbf_svm dim=arousal subject=30 split 2/3 trial_acc=0.375
[22:31:07] full_w4_s2 model=rbf_svm dim=arousal subject=30 split 3/3
[22:31:31] full_w4_s2 model=rbf_svm dim=arousal subject=30 split 3/3 trial_acc=0.750
[22:31:31] full_w4_s2 model=rbf_svm dim=arousal subject=31 split 1/3
[22:31:54] full_w4_s2 model=rbf_svm dim=arousal subject=31 split 1/3 trial_acc=1.000
[22:31:54] full_w4_s2 model=rbf_svm dim=arousal subject=31 split 2/3
[22:32:19] full_w4_s2 model=rbf_svm dim=arousal subject=31 split 2/3 trial_acc=0.875
[22:32:19] full_w4_s2 model=rbf_svm dim=arousal subject=31 split 3/3
[22:32:49] full_w4_s2 model=rbf_svm dim=arousal subject=31 split 3/3 trial_acc=0.625
[22:32:49] full_w4_s2 model=rbf_svm dim=arousal subject=32 split 1/3
[22:33:16] full_w4_s2 model=rbf_svm dim=arousal subject=32 split 1/3 trial_acc=0.625
[22:33:16] full_w4_s2 model=rbf_svm dim=arousal subject=32 split 2/3
[22:33:41] full_w4_s2 model=rbf_svm dim=arousal subject=32 split 2/3 trial_acc=0.125
[22:33:41] full_w4_s2 model=rbf_svm dim=arousal subject=32 split 3/3
[22:34:06] full_w4_s2 model=rbf_svm dim=arousal subject=32 split 3/3 trial_acc=0.500
[22:34:06] Finished full_w4_s2 in 63.5 min
[22:34:06] Starting full_w10_s5
[22:34:20] full_w10_s5 model=rbf_svm dim=valence subject=1 split 1/3
[22:34:30] full_w10_s5 model=rbf_svm dim=valence subject=1 split 1/3 trial_acc=0.375
[22:34:30] full_w10_s5 model=rbf_svm dim=valence subject=1 split 2/3
[22:34:40] full_w10_s5 model=rbf_svm dim=valence subject=1 split 2/3 trial_acc=0.625
[22:34:40] full_w10_s5 model=rbf_svm dim=valence subject=1 split 3/3
[22:34:49] full_w10_s5 model=rbf_svm dim=valence subject=1 split 3/3 trial_acc=0.750
[22:34:50] full_w10_s5 model=rbf_svm dim=valence subject=2 split 1/3
[22:34:59] full_w10_s5 model=rbf_svm dim=valence subject=2 split 1/3 trial_acc=0.500
[22:34:59] full_w10_s5 model=rbf_svm dim=valence subject=2 split 2/3
[22:35:09] full_w10_s5 model=rbf_svm dim=valence subject=2 split 2/3 trial_acc=0.625
[22:35:09] full_w10_s5 model=rbf_svm dim=valence subject=2 split 3/3
[22:35:19] full_w10_s5 model=rbf_svm dim=valence subject=2 split 3/3 trial_acc=0.875
[22:35:19] full_w10_s5 model=rbf_svm dim=valence subject=3 split 1/3
[22:35:29] full_w10_s5 model=rbf_svm dim=valence subject=3 split 1/3 trial_acc=0.625
[22:35:29] full_w10_s5 model=rbf_svm dim=valence subject=3 split 2/3
[22:35:39] full_w10_s5 model=rbf_svm dim=valence subject=3 split 2/3 trial_acc=0.750
[22:35:39] full_w10_s5 model=rbf_svm dim=valence subject=3 split 3/3
[22:35:49] full_w10_s5 model=rbf_svm dim=valence subject=3 split 3/3 trial_acc=0.750
[22:35:49] full_w10_s5 model=rbf_svm dim=valence subject=4 split 1/3
[22:36:00] full_w10_s5 model=rbf_svm dim=valence subject=4 split 1/3 trial_acc=0.375
[22:36:00] full_w10_s5 model=rbf_svm dim=valence subject=4 split 2/3
[22:36:10] full_w10_s5 model=rbf_svm dim=valence subject=4 split 2/3 trial_acc=0.375
[22:36:10] full_w10_s5 model=rbf_svm dim=valence subject=4 split 3/3
[22:36:20] full_w10_s5 model=rbf_svm dim=valence subject=4 split 3/3 trial_acc=0.500
[22:36:21] full_w10_s5 model=rbf_svm dim=valence subject=5 split 1/3
[22:36:31] full_w10_s5 model=rbf_svm dim=valence subject=5 split 1/3 trial_acc=0.500
[22:36:31] full_w10_s5 model=rbf_svm dim=valence subject=5 split 2/3
[22:36:42] full_w10_s5 model=rbf_svm dim=valence subject=5 split 2/3 trial_acc=0.250
[22:36:42] full_w10_s5 model=rbf_svm dim=valence subject=5 split 3/3
[22:36:52] full_w10_s5 model=rbf_svm dim=valence subject=5 split 3/3 trial_acc=0.500
[22:36:52] full_w10_s5 model=rbf_svm dim=valence subject=6 split 1/3
[22:37:03] full_w10_s5 model=rbf_svm dim=valence subject=6 split 1/3 trial_acc=0.375
[22:37:03] full_w10_s5 model=rbf_svm dim=valence subject=6 split 2/3
[22:37:13] full_w10_s5 model=rbf_svm dim=valence subject=6 split 2/3 trial_acc=0.625
[22:37:13] full_w10_s5 model=rbf_svm dim=valence subject=6 split 3/3
[22:37:23] full_w10_s5 model=rbf_svm dim=valence subject=6 split 3/3 trial_acc=0.250
[22:37:24] full_w10_s5 model=rbf_svm dim=valence subject=7 split 1/3
[22:37:34] full_w10_s5 model=rbf_svm dim=valence subject=7 split 1/3 trial_acc=0.750
[22:37:34] full_w10_s5 model=rbf_svm dim=valence subject=7 split 2/3
[22:37:44] full_w10_s5 model=rbf_svm dim=valence subject=7 split 2/3 trial_acc=0.375
[22:37:44] full_w10_s5 model=rbf_svm dim=valence subject=7 split 3/3
[22:37:55] full_w10_s5 model=rbf_svm dim=valence subject=7 split 3/3 trial_acc=0.750
[22:37:55] full_w10_s5 model=rbf_svm dim=valence subject=8 split 1/3
[22:38:06] full_w10_s5 model=rbf_svm dim=valence subject=8 split 1/3 trial_acc=0.750
[22:38:06] full_w10_s5 model=rbf_svm dim=valence subject=8 split 2/3
[22:38:16] full_w10_s5 model=rbf_svm dim=valence subject=8 split 2/3 trial_acc=0.625
[22:38:16] full_w10_s5 model=rbf_svm dim=valence subject=8 split 3/3
[22:38:26] full_w10_s5 model=rbf_svm dim=valence subject=8 split 3/3 trial_acc=0.375
[22:38:27] full_w10_s5 model=rbf_svm dim=valence subject=9 split 1/3
[22:38:37] full_w10_s5 model=rbf_svm dim=valence subject=9 split 1/3 trial_acc=0.375
[22:38:37] full_w10_s5 model=rbf_svm dim=valence subject=9 split 2/3
[22:38:47] full_w10_s5 model=rbf_svm dim=valence subject=9 split 2/3 trial_acc=0.625
[22:38:47] full_w10_s5 model=rbf_svm dim=valence subject=9 split 3/3
[22:38:57] full_w10_s5 model=rbf_svm dim=valence subject=9 split 3/3 trial_acc=0.875
[22:38:58] full_w10_s5 model=rbf_svm dim=valence subject=10 split 1/3
[22:39:08] full_w10_s5 model=rbf_svm dim=valence subject=10 split 1/3 trial_acc=1.000
[22:39:08] full_w10_s5 model=rbf_svm dim=valence subject=10 split 2/3
[22:39:18] full_w10_s5 model=rbf_svm dim=valence subject=10 split 2/3 trial_acc=0.875
[22:39:18] full_w10_s5 model=rbf_svm dim=valence subject=10 split 3/3
[22:39:28] full_w10_s5 model=rbf_svm dim=valence subject=10 split 3/3 trial_acc=0.875
[22:39:29] full_w10_s5 model=rbf_svm dim=valence subject=11 split 1/3
[22:39:40] full_w10_s5 model=rbf_svm dim=valence subject=11 split 1/3 trial_acc=0.500
[22:39:40] full_w10_s5 model=rbf_svm dim=valence subject=11 split 2/3
[22:39:50] full_w10_s5 model=rbf_svm dim=valence subject=11 split 2/3 trial_acc=0.625
[22:39:50] full_w10_s5 model=rbf_svm dim=valence subject=11 split 3/3
[22:40:00] full_w10_s5 model=rbf_svm dim=valence subject=11 split 3/3 trial_acc=0.750
[22:40:01] full_w10_s5 model=rbf_svm dim=valence subject=12 split 1/3
[22:40:11] full_w10_s5 model=rbf_svm dim=valence subject=12 split 1/3 trial_acc=0.250
[22:40:11] full_w10_s5 model=rbf_svm dim=valence subject=12 split 2/3
[22:40:21] full_w10_s5 model=rbf_svm dim=valence subject=12 split 2/3 trial_acc=0.500
[22:40:21] full_w10_s5 model=rbf_svm dim=valence subject=12 split 3/3
[22:40:32] full_w10_s5 model=rbf_svm dim=valence subject=12 split 3/3 trial_acc=0.500
[22:40:32] full_w10_s5 model=rbf_svm dim=valence subject=13 split 1/3
[22:40:43] full_w10_s5 model=rbf_svm dim=valence subject=13 split 1/3 trial_acc=0.875
[22:40:43] full_w10_s5 model=rbf_svm dim=valence subject=13 split 2/3
[22:40:53] full_w10_s5 model=rbf_svm dim=valence subject=13 split 2/3 trial_acc=0.750
[22:40:53] full_w10_s5 model=rbf_svm dim=valence subject=13 split 3/3
[22:41:03] full_w10_s5 model=rbf_svm dim=valence subject=13 split 3/3 trial_acc=0.375
[22:41:04] full_w10_s5 model=rbf_svm dim=valence subject=14 split 1/3
[22:41:14] full_w10_s5 model=rbf_svm dim=valence subject=14 split 1/3 trial_acc=0.750
[22:41:14] full_w10_s5 model=rbf_svm dim=valence subject=14 split 2/3
[22:41:23] full_w10_s5 model=rbf_svm dim=valence subject=14 split 2/3 trial_acc=1.000
[22:41:23] full_w10_s5 model=rbf_svm dim=valence subject=14 split 3/3
[22:41:34] full_w10_s5 model=rbf_svm dim=valence subject=14 split 3/3 trial_acc=0.875
[22:41:34] full_w10_s5 model=rbf_svm dim=valence subject=15 split 1/3
[22:41:44] full_w10_s5 model=rbf_svm dim=valence subject=15 split 1/3 trial_acc=0.750
[22:41:44] full_w10_s5 model=rbf_svm dim=valence subject=15 split 2/3
[22:41:55] full_w10_s5 model=rbf_svm dim=valence subject=15 split 2/3 trial_acc=1.000
[22:41:55] full_w10_s5 model=rbf_svm dim=valence subject=15 split 3/3
[22:42:05] full_w10_s5 model=rbf_svm dim=valence subject=15 split 3/3 trial_acc=0.875
[22:42:05] full_w10_s5 model=rbf_svm dim=valence subject=16 split 1/3
[22:42:15] full_w10_s5 model=rbf_svm dim=valence subject=16 split 1/3 trial_acc=0.250
[22:42:15] full_w10_s5 model=rbf_svm dim=valence subject=16 split 2/3
[22:42:25] full_w10_s5 model=rbf_svm dim=valence subject=16 split 2/3 trial_acc=0.375
[22:42:25] full_w10_s5 model=rbf_svm dim=valence subject=16 split 3/3
[22:42:36] full_w10_s5 model=rbf_svm dim=valence subject=16 split 3/3 trial_acc=0.375
[22:42:37] full_w10_s5 model=rbf_svm dim=valence subject=17 split 1/3
[22:42:47] full_w10_s5 model=rbf_svm dim=valence subject=17 split 1/3 trial_acc=0.500
[22:42:47] full_w10_s5 model=rbf_svm dim=valence subject=17 split 2/3
[22:42:58] full_w10_s5 model=rbf_svm dim=valence subject=17 split 2/3 trial_acc=1.000
[22:42:58] full_w10_s5 model=rbf_svm dim=valence subject=17 split 3/3
[22:43:08] full_w10_s5 model=rbf_svm dim=valence subject=17 split 3/3 trial_acc=0.250
[22:43:08] full_w10_s5 model=rbf_svm dim=valence subject=18 split 1/3
[22:43:19] full_w10_s5 model=rbf_svm dim=valence subject=18 split 1/3 trial_acc=0.750
[22:43:19] full_w10_s5 model=rbf_svm dim=valence subject=18 split 2/3
[22:43:29] full_w10_s5 model=rbf_svm dim=valence subject=18 split 2/3 trial_acc=0.625
[22:43:29] full_w10_s5 model=rbf_svm dim=valence subject=18 split 3/3
[22:43:39] full_w10_s5 model=rbf_svm dim=valence subject=18 split 3/3 trial_acc=0.625
[22:43:39] full_w10_s5 model=rbf_svm dim=valence subject=19 split 1/3
[22:43:50] full_w10_s5 model=rbf_svm dim=valence subject=19 split 1/3 trial_acc=0.625
[22:43:50] full_w10_s5 model=rbf_svm dim=valence subject=19 split 2/3
[22:44:00] full_w10_s5 model=rbf_svm dim=valence subject=19 split 2/3 trial_acc=0.500
[22:44:00] full_w10_s5 model=rbf_svm dim=valence subject=19 split 3/3
[22:44:10] full_w10_s5 model=rbf_svm dim=valence subject=19 split 3/3 trial_acc=0.375
[22:44:10] full_w10_s5 model=rbf_svm dim=valence subject=20 split 1/3
[22:44:21] full_w10_s5 model=rbf_svm dim=valence subject=20 split 1/3 trial_acc=0.375
[22:44:21] full_w10_s5 model=rbf_svm dim=valence subject=20 split 2/3
[22:44:32] full_w10_s5 model=rbf_svm dim=valence subject=20 split 2/3 trial_acc=0.625
[22:44:32] full_w10_s5 model=rbf_svm dim=valence subject=20 split 3/3
[22:44:43] full_w10_s5 model=rbf_svm dim=valence subject=20 split 3/3 trial_acc=0.500
[22:44:43] full_w10_s5 model=rbf_svm dim=valence subject=21 split 1/3
[22:44:53] full_w10_s5 model=rbf_svm dim=valence subject=21 split 1/3 trial_acc=0.375
[22:44:53] full_w10_s5 model=rbf_svm dim=valence subject=21 split 2/3
[22:45:04] full_w10_s5 model=rbf_svm dim=valence subject=21 split 2/3 trial_acc=0.250
[22:45:04] full_w10_s5 model=rbf_svm dim=valence subject=21 split 3/3
[22:45:15] full_w10_s5 model=rbf_svm dim=valence subject=21 split 3/3 trial_acc=0.375
[22:45:15] full_w10_s5 model=rbf_svm dim=valence subject=22 split 1/3
[22:45:25] full_w10_s5 model=rbf_svm dim=valence subject=22 split 1/3 trial_acc=0.750
[22:45:25] full_w10_s5 model=rbf_svm dim=valence subject=22 split 2/3
[22:45:36] full_w10_s5 model=rbf_svm dim=valence subject=22 split 2/3 trial_acc=0.375
[22:45:36] full_w10_s5 model=rbf_svm dim=valence subject=22 split 3/3
[22:45:46] full_w10_s5 model=rbf_svm dim=valence subject=22 split 3/3 trial_acc=0.375
[22:45:46] full_w10_s5 model=rbf_svm dim=valence subject=23 split 1/3
[22:45:57] full_w10_s5 model=rbf_svm dim=valence subject=23 split 1/3 trial_acc=0.625
[22:45:57] full_w10_s5 model=rbf_svm dim=valence subject=23 split 2/3
[22:46:07] full_w10_s5 model=rbf_svm dim=valence subject=23 split 2/3 trial_acc=0.625
[22:46:07] full_w10_s5 model=rbf_svm dim=valence subject=23 split 3/3
[22:46:17] full_w10_s5 model=rbf_svm dim=valence subject=23 split 3/3 trial_acc=0.250
[22:46:17] full_w10_s5 model=rbf_svm dim=valence subject=24 split 1/3
[22:46:28] full_w10_s5 model=rbf_svm dim=valence subject=24 split 1/3 trial_acc=1.000
[22:46:28] full_w10_s5 model=rbf_svm dim=valence subject=24 split 2/3
[22:46:38] full_w10_s5 model=rbf_svm dim=valence subject=24 split 2/3 trial_acc=0.875
[22:46:38] full_w10_s5 model=rbf_svm dim=valence subject=24 split 3/3
[22:46:48] full_w10_s5 model=rbf_svm dim=valence subject=24 split 3/3 trial_acc=0.875
[22:46:49] full_w10_s5 model=rbf_svm dim=valence subject=25 split 1/3
[22:46:59] full_w10_s5 model=rbf_svm dim=valence subject=25 split 1/3 trial_acc=0.625
[22:46:59] full_w10_s5 model=rbf_svm dim=valence subject=25 split 2/3
[22:47:09] full_w10_s5 model=rbf_svm dim=valence subject=25 split 2/3 trial_acc=0.375
[22:47:09] full_w10_s5 model=rbf_svm dim=valence subject=25 split 3/3
[22:47:19] full_w10_s5 model=rbf_svm dim=valence subject=25 split 3/3 trial_acc=0.750
[22:47:20] full_w10_s5 model=rbf_svm dim=valence subject=26 split 1/3
[22:47:30] full_w10_s5 model=rbf_svm dim=valence subject=26 split 1/3 trial_acc=0.500
[22:47:30] full_w10_s5 model=rbf_svm dim=valence subject=26 split 2/3
[22:47:40] full_w10_s5 model=rbf_svm dim=valence subject=26 split 2/3 trial_acc=0.500
[22:47:40] full_w10_s5 model=rbf_svm dim=valence subject=26 split 3/3
[22:47:50] full_w10_s5 model=rbf_svm dim=valence subject=26 split 3/3 trial_acc=0.500
[22:47:50] full_w10_s5 model=rbf_svm dim=valence subject=27 split 1/3
[22:48:01] full_w10_s5 model=rbf_svm dim=valence subject=27 split 1/3 trial_acc=0.500
[22:48:01] full_w10_s5 model=rbf_svm dim=valence subject=27 split 2/3
[22:48:11] full_w10_s5 model=rbf_svm dim=valence subject=27 split 2/3 trial_acc=0.750
[22:48:11] full_w10_s5 model=rbf_svm dim=valence subject=27 split 3/3
[22:48:21] full_w10_s5 model=rbf_svm dim=valence subject=27 split 3/3 trial_acc=0.750
[22:48:21] full_w10_s5 model=rbf_svm dim=valence subject=28 split 1/3
[22:48:32] full_w10_s5 model=rbf_svm dim=valence subject=28 split 1/3 trial_acc=0.375
[22:48:32] full_w10_s5 model=rbf_svm dim=valence subject=28 split 2/3
[22:48:43] full_w10_s5 model=rbf_svm dim=valence subject=28 split 2/3 trial_acc=0.625
[22:48:43] full_w10_s5 model=rbf_svm dim=valence subject=28 split 3/3
[22:48:53] full_w10_s5 model=rbf_svm dim=valence subject=28 split 3/3 trial_acc=0.750
[22:48:53] full_w10_s5 model=rbf_svm dim=valence subject=29 split 1/3
[22:49:03] full_w10_s5 model=rbf_svm dim=valence subject=29 split 1/3 trial_acc=0.500
[22:49:03] full_w10_s5 model=rbf_svm dim=valence subject=29 split 2/3
[22:49:14] full_w10_s5 model=rbf_svm dim=valence subject=29 split 2/3 trial_acc=0.625
[22:49:14] full_w10_s5 model=rbf_svm dim=valence subject=29 split 3/3
[22:49:24] full_w10_s5 model=rbf_svm dim=valence subject=29 split 3/3 trial_acc=0.500
[22:49:25] full_w10_s5 model=rbf_svm dim=valence subject=30 split 1/3
[22:49:35] full_w10_s5 model=rbf_svm dim=valence subject=30 split 1/3 trial_acc=0.375
[22:49:35] full_w10_s5 model=rbf_svm dim=valence subject=30 split 2/3
[22:49:45] full_w10_s5 model=rbf_svm dim=valence subject=30 split 2/3 trial_acc=0.625
[22:49:45] full_w10_s5 model=rbf_svm dim=valence subject=30 split 3/3
[22:49:56] full_w10_s5 model=rbf_svm dim=valence subject=30 split 3/3 trial_acc=0.625
[22:49:56] full_w10_s5 model=rbf_svm dim=valence subject=31 split 1/3
[22:50:06] full_w10_s5 model=rbf_svm dim=valence subject=31 split 1/3 trial_acc=0.500
[22:50:06] full_w10_s5 model=rbf_svm dim=valence subject=31 split 2/3
[22:50:17] full_w10_s5 model=rbf_svm dim=valence subject=31 split 2/3 trial_acc=0.500
[22:50:17] full_w10_s5 model=rbf_svm dim=valence subject=31 split 3/3
[22:50:27] full_w10_s5 model=rbf_svm dim=valence subject=31 split 3/3 trial_acc=0.875
[22:50:27] full_w10_s5 model=rbf_svm dim=valence subject=32 split 1/3
[22:50:38] full_w10_s5 model=rbf_svm dim=valence subject=32 split 1/3 trial_acc=0.500
[22:50:38] full_w10_s5 model=rbf_svm dim=valence subject=32 split 2/3
[22:50:48] full_w10_s5 model=rbf_svm dim=valence subject=32 split 2/3 trial_acc=0.500
[22:50:48] full_w10_s5 model=rbf_svm dim=valence subject=32 split 3/3
[22:50:58] full_w10_s5 model=rbf_svm dim=valence subject=32 split 3/3 trial_acc=0.375
[22:50:58] full_w10_s5 model=rbf_svm dim=arousal subject=1 split 1/3
[22:51:08] full_w10_s5 model=rbf_svm dim=arousal subject=1 split 1/3 trial_acc=0.750
[22:51:08] full_w10_s5 model=rbf_svm dim=arousal subject=1 split 2/3
[22:51:19] full_w10_s5 model=rbf_svm dim=arousal subject=1 split 2/3 trial_acc=0.500
[22:51:19] full_w10_s5 model=rbf_svm dim=arousal subject=1 split 3/3
[22:51:29] full_w10_s5 model=rbf_svm dim=arousal subject=1 split 3/3 trial_acc=0.625
[22:51:29] full_w10_s5 model=rbf_svm dim=arousal subject=2 split 1/3
[22:51:40] full_w10_s5 model=rbf_svm dim=arousal subject=2 split 1/3 trial_acc=0.500
[22:51:40] full_w10_s5 model=rbf_svm dim=arousal subject=2 split 2/3
[22:51:51] full_w10_s5 model=rbf_svm dim=arousal subject=2 split 2/3 trial_acc=0.750
[22:51:51] full_w10_s5 model=rbf_svm dim=arousal subject=2 split 3/3
[22:52:01] full_w10_s5 model=rbf_svm dim=arousal subject=2 split 3/3 trial_acc=0.750
[22:52:01] full_w10_s5 model=rbf_svm dim=arousal subject=3 split 1/3
[22:52:11] full_w10_s5 model=rbf_svm dim=arousal subject=3 split 1/3 trial_acc=0.625
[22:52:11] full_w10_s5 model=rbf_svm dim=arousal subject=3 split 2/3
[22:52:21] full_w10_s5 model=rbf_svm dim=arousal subject=3 split 2/3 trial_acc=0.750
[22:52:21] full_w10_s5 model=rbf_svm dim=arousal subject=3 split 3/3
[22:52:32] full_w10_s5 model=rbf_svm dim=arousal subject=3 split 3/3 trial_acc=0.750
[22:52:32] full_w10_s5 model=rbf_svm dim=arousal subject=4 split 1/3
[22:52:43] full_w10_s5 model=rbf_svm dim=arousal subject=4 split 1/3 trial_acc=0.625
[22:52:43] full_w10_s5 model=rbf_svm dim=arousal subject=4 split 2/3
[22:52:53] full_w10_s5 model=rbf_svm dim=arousal subject=4 split 2/3 trial_acc=0.375
[22:52:53] full_w10_s5 model=rbf_svm dim=arousal subject=4 split 3/3
[22:53:04] full_w10_s5 model=rbf_svm dim=arousal subject=4 split 3/3 trial_acc=0.500
[22:53:04] full_w10_s5 model=rbf_svm dim=arousal subject=5 split 1/3
[22:53:14] full_w10_s5 model=rbf_svm dim=arousal subject=5 split 1/3 trial_acc=0.250
[22:53:14] full_w10_s5 model=rbf_svm dim=arousal subject=5 split 2/3
[22:53:24] full_w10_s5 model=rbf_svm dim=arousal subject=5 split 2/3 trial_acc=0.500
[22:53:24] full_w10_s5 model=rbf_svm dim=arousal subject=5 split 3/3
[22:53:35] full_w10_s5 model=rbf_svm dim=arousal subject=5 split 3/3 trial_acc=0.625
[22:53:35] full_w10_s5 model=rbf_svm dim=arousal subject=6 split 1/3
[22:53:45] full_w10_s5 model=rbf_svm dim=arousal subject=6 split 1/3 trial_acc=0.375
[22:53:45] full_w10_s5 model=rbf_svm dim=arousal subject=6 split 2/3
[22:53:55] full_w10_s5 model=rbf_svm dim=arousal subject=6 split 2/3 trial_acc=0.625
[22:53:55] full_w10_s5 model=rbf_svm dim=arousal subject=6 split 3/3
[22:54:06] full_w10_s5 model=rbf_svm dim=arousal subject=6 split 3/3 trial_acc=0.500
[22:54:06] full_w10_s5 model=rbf_svm dim=arousal subject=7 split 1/3
[22:54:16] full_w10_s5 model=rbf_svm dim=arousal subject=7 split 1/3 trial_acc=0.500
[22:54:16] full_w10_s5 model=rbf_svm dim=arousal subject=7 split 2/3
[22:54:26] full_w10_s5 model=rbf_svm dim=arousal subject=7 split 2/3 trial_acc=0.250
[22:54:26] full_w10_s5 model=rbf_svm dim=arousal subject=7 split 3/3
[22:54:37] full_w10_s5 model=rbf_svm dim=arousal subject=7 split 3/3 trial_acc=0.625
[22:54:37] full_w10_s5 model=rbf_svm dim=arousal subject=8 split 1/3
[22:54:47] full_w10_s5 model=rbf_svm dim=arousal subject=8 split 1/3 trial_acc=0.250
[22:54:47] full_w10_s5 model=rbf_svm dim=arousal subject=8 split 2/3
[22:54:58] full_w10_s5 model=rbf_svm dim=arousal subject=8 split 2/3 trial_acc=0.375
[22:54:58] full_w10_s5 model=rbf_svm dim=arousal subject=8 split 3/3
[22:55:08] full_w10_s5 model=rbf_svm dim=arousal subject=8 split 3/3 trial_acc=0.500
[22:55:08] full_w10_s5 model=rbf_svm dim=arousal subject=9 split 1/3
[22:55:19] full_w10_s5 model=rbf_svm dim=arousal subject=9 split 1/3 trial_acc=0.625
[22:55:19] full_w10_s5 model=rbf_svm dim=arousal subject=9 split 2/3
[22:55:29] full_w10_s5 model=rbf_svm dim=arousal subject=9 split 2/3 trial_acc=0.625
[22:55:29] full_w10_s5 model=rbf_svm dim=arousal subject=9 split 3/3
[22:55:39] full_w10_s5 model=rbf_svm dim=arousal subject=9 split 3/3 trial_acc=0.625
[22:55:39] full_w10_s5 model=rbf_svm dim=arousal subject=10 split 1/3
[22:55:48] full_w10_s5 model=rbf_svm dim=arousal subject=10 split 1/3 trial_acc=0.500
[22:55:48] full_w10_s5 model=rbf_svm dim=arousal subject=10 split 2/3
[22:55:58] full_w10_s5 model=rbf_svm dim=arousal subject=10 split 2/3 trial_acc=0.750
[22:55:58] full_w10_s5 model=rbf_svm dim=arousal subject=10 split 3/3
[22:56:07] full_w10_s5 model=rbf_svm dim=arousal subject=10 split 3/3 trial_acc=0.375
[22:56:07] full_w10_s5 model=rbf_svm dim=arousal subject=11 split 1/3
[22:56:17] full_w10_s5 model=rbf_svm dim=arousal subject=11 split 1/3 trial_acc=0.625
[22:56:17] full_w10_s5 model=rbf_svm dim=arousal subject=11 split 2/3
[22:56:26] full_w10_s5 model=rbf_svm dim=arousal subject=11 split 2/3 trial_acc=0.250
[22:56:26] full_w10_s5 model=rbf_svm dim=arousal subject=11 split 3/3
[22:56:36] full_w10_s5 model=rbf_svm dim=arousal subject=11 split 3/3 trial_acc=0.250
[22:56:36] full_w10_s5 model=rbf_svm dim=arousal subject=12 split 1/3
[22:56:46] full_w10_s5 model=rbf_svm dim=arousal subject=12 split 1/3 trial_acc=0.750
[22:56:46] full_w10_s5 model=rbf_svm dim=arousal subject=12 split 2/3
[22:56:56] full_w10_s5 model=rbf_svm dim=arousal subject=12 split 2/3 trial_acc=0.625
[22:56:56] full_w10_s5 model=rbf_svm dim=arousal subject=12 split 3/3
[22:57:06] full_w10_s5 model=rbf_svm dim=arousal subject=12 split 3/3 trial_acc=0.875
[22:57:06] full_w10_s5 model=rbf_svm dim=arousal subject=13 split 1/3
[22:57:15] full_w10_s5 model=rbf_svm dim=arousal subject=13 split 1/3 trial_acc=0.500
[22:57:15] full_w10_s5 model=rbf_svm dim=arousal subject=13 split 2/3
[22:57:24] full_w10_s5 model=rbf_svm dim=arousal subject=13 split 2/3 trial_acc=0.500
[22:57:24] full_w10_s5 model=rbf_svm dim=arousal subject=13 split 3/3
[22:57:33] full_w10_s5 model=rbf_svm dim=arousal subject=13 split 3/3 trial_acc=0.500
[22:57:33] full_w10_s5 model=rbf_svm dim=arousal subject=14 split 1/3
[22:57:42] full_w10_s5 model=rbf_svm dim=arousal subject=14 split 1/3 trial_acc=0.250
[22:57:42] full_w10_s5 model=rbf_svm dim=arousal subject=14 split 2/3
[22:57:51] full_w10_s5 model=rbf_svm dim=arousal subject=14 split 2/3 trial_acc=0.750
[22:57:51] full_w10_s5 model=rbf_svm dim=arousal subject=14 split 3/3
[22:57:59] full_w10_s5 model=rbf_svm dim=arousal subject=14 split 3/3 trial_acc=0.500
[22:57:59] full_w10_s5 model=rbf_svm dim=arousal subject=15 split 1/3
[22:58:08] full_w10_s5 model=rbf_svm dim=arousal subject=15 split 1/3 trial_acc=0.625
[22:58:08] full_w10_s5 model=rbf_svm dim=arousal subject=15 split 2/3
[22:58:17] full_w10_s5 model=rbf_svm dim=arousal subject=15 split 2/3 trial_acc=0.500
[22:58:17] full_w10_s5 model=rbf_svm dim=arousal subject=15 split 3/3
[22:58:26] full_w10_s5 model=rbf_svm dim=arousal subject=15 split 3/3 trial_acc=0.250
[22:58:26] full_w10_s5 model=rbf_svm dim=arousal subject=16 split 1/3
[22:58:35] full_w10_s5 model=rbf_svm dim=arousal subject=16 split 1/3 trial_acc=0.750
[22:58:35] full_w10_s5 model=rbf_svm dim=arousal subject=16 split 2/3
[22:58:44] full_w10_s5 model=rbf_svm dim=arousal subject=16 split 2/3 trial_acc=0.750
[22:58:44] full_w10_s5 model=rbf_svm dim=arousal subject=16 split 3/3
[22:58:53] full_w10_s5 model=rbf_svm dim=arousal subject=16 split 3/3 trial_acc=0.750
[22:58:53] full_w10_s5 model=rbf_svm dim=arousal subject=17 split 1/3
[22:59:02] full_w10_s5 model=rbf_svm dim=arousal subject=17 split 1/3 trial_acc=0.750
[22:59:02] full_w10_s5 model=rbf_svm dim=arousal subject=17 split 2/3
[22:59:11] full_w10_s5 model=rbf_svm dim=arousal subject=17 split 2/3 trial_acc=0.625
[22:59:11] full_w10_s5 model=rbf_svm dim=arousal subject=17 split 3/3
[22:59:20] full_w10_s5 model=rbf_svm dim=arousal subject=17 split 3/3 trial_acc=0.875
[22:59:20] full_w10_s5 model=rbf_svm dim=arousal subject=18 split 1/3
[22:59:29] full_w10_s5 model=rbf_svm dim=arousal subject=18 split 1/3 trial_acc=0.375
[22:59:29] full_w10_s5 model=rbf_svm dim=arousal subject=18 split 2/3
[22:59:37] full_w10_s5 model=rbf_svm dim=arousal subject=18 split 2/3 trial_acc=0.625
[22:59:37] full_w10_s5 model=rbf_svm dim=arousal subject=18 split 3/3
[22:59:45] full_w10_s5 model=rbf_svm dim=arousal subject=18 split 3/3 trial_acc=0.625
[22:59:45] full_w10_s5 model=rbf_svm dim=arousal subject=19 split 1/3
[22:59:53] full_w10_s5 model=rbf_svm dim=arousal subject=19 split 1/3 trial_acc=0.750
[22:59:53] full_w10_s5 model=rbf_svm dim=arousal subject=19 split 2/3
[23:00:00] full_w10_s5 model=rbf_svm dim=arousal subject=19 split 2/3 trial_acc=0.500
[23:00:00] full_w10_s5 model=rbf_svm dim=arousal subject=19 split 3/3
[23:00:08] full_w10_s5 model=rbf_svm dim=arousal subject=19 split 3/3 trial_acc=0.500
[23:00:08] full_w10_s5 model=rbf_svm dim=arousal subject=20 split 1/3
[23:00:15] full_w10_s5 model=rbf_svm dim=arousal subject=20 split 1/3 trial_acc=0.625
[23:00:15] full_w10_s5 model=rbf_svm dim=arousal subject=20 split 2/3
[23:00:23] full_w10_s5 model=rbf_svm dim=arousal subject=20 split 2/3 trial_acc=0.750
[23:00:23] full_w10_s5 model=rbf_svm dim=arousal subject=20 split 3/3
[23:00:30] full_w10_s5 model=rbf_svm dim=arousal subject=20 split 3/3 trial_acc=0.875
[23:00:30] full_w10_s5 model=rbf_svm dim=arousal subject=21 split 1/3
[23:00:38] full_w10_s5 model=rbf_svm dim=arousal subject=21 split 1/3 trial_acc=0.750
[23:00:38] full_w10_s5 model=rbf_svm dim=arousal subject=21 split 2/3
[23:00:45] full_w10_s5 model=rbf_svm dim=arousal subject=21 split 2/3 trial_acc=0.625
[23:00:45] full_w10_s5 model=rbf_svm dim=arousal subject=21 split 3/3
[23:00:53] full_w10_s5 model=rbf_svm dim=arousal subject=21 split 3/3 trial_acc=0.875
[23:00:53] full_w10_s5 model=rbf_svm dim=arousal subject=22 split 1/3
[23:01:00] full_w10_s5 model=rbf_svm dim=arousal subject=22 split 1/3 trial_acc=0.375
[23:01:00] full_w10_s5 model=rbf_svm dim=arousal subject=22 split 2/3
[23:01:07] full_w10_s5 model=rbf_svm dim=arousal subject=22 split 2/3 trial_acc=0.625
[23:01:07] full_w10_s5 model=rbf_svm dim=arousal subject=22 split 3/3
[23:01:14] full_w10_s5 model=rbf_svm dim=arousal subject=22 split 3/3 trial_acc=0.375
[23:01:14] full_w10_s5 model=rbf_svm dim=arousal subject=23 split 1/3
[23:01:22] full_w10_s5 model=rbf_svm dim=arousal subject=23 split 1/3 trial_acc=0.500
[23:01:22] full_w10_s5 model=rbf_svm dim=arousal subject=23 split 2/3
[23:01:30] full_w10_s5 model=rbf_svm dim=arousal subject=23 split 2/3 trial_acc=0.375
[23:01:30] full_w10_s5 model=rbf_svm dim=arousal subject=23 split 3/3
[23:01:38] full_w10_s5 model=rbf_svm dim=arousal subject=23 split 3/3 trial_acc=0.375
[23:01:38] full_w10_s5 model=rbf_svm dim=arousal subject=24 split 1/3
[23:01:45] full_w10_s5 model=rbf_svm dim=arousal subject=24 split 1/3 trial_acc=0.625
[23:01:45] full_w10_s5 model=rbf_svm dim=arousal subject=24 split 2/3
[23:01:53] full_w10_s5 model=rbf_svm dim=arousal subject=24 split 2/3 trial_acc=0.750
[23:01:53] full_w10_s5 model=rbf_svm dim=arousal subject=24 split 3/3
[23:02:01] full_w10_s5 model=rbf_svm dim=arousal subject=24 split 3/3 trial_acc=0.875
[23:02:01] full_w10_s5 model=rbf_svm dim=arousal subject=25 split 1/3
[23:02:08] full_w10_s5 model=rbf_svm dim=arousal subject=25 split 1/3 trial_acc=0.750
[23:02:08] full_w10_s5 model=rbf_svm dim=arousal subject=25 split 2/3
[23:02:16] full_w10_s5 model=rbf_svm dim=arousal subject=25 split 2/3 trial_acc=1.000
[23:02:16] full_w10_s5 model=rbf_svm dim=arousal subject=25 split 3/3
[23:02:23] full_w10_s5 model=rbf_svm dim=arousal subject=25 split 3/3 trial_acc=0.375
[23:02:23] full_w10_s5 model=rbf_svm dim=arousal subject=26 split 1/3
[23:02:31] full_w10_s5 model=rbf_svm dim=arousal subject=26 split 1/3 trial_acc=0.500
[23:02:31] full_w10_s5 model=rbf_svm dim=arousal subject=26 split 2/3
[23:02:38] full_w10_s5 model=rbf_svm dim=arousal subject=26 split 2/3 trial_acc=0.500
[23:02:38] full_w10_s5 model=rbf_svm dim=arousal subject=26 split 3/3
[23:02:46] full_w10_s5 model=rbf_svm dim=arousal subject=26 split 3/3 trial_acc=0.375
[23:02:46] full_w10_s5 model=rbf_svm dim=arousal subject=27 split 1/3
[23:02:54] full_w10_s5 model=rbf_svm dim=arousal subject=27 split 1/3 trial_acc=0.750
[23:02:54] full_w10_s5 model=rbf_svm dim=arousal subject=27 split 2/3
[23:03:01] full_w10_s5 model=rbf_svm dim=arousal subject=27 split 2/3 trial_acc=0.875
[23:03:01] full_w10_s5 model=rbf_svm dim=arousal subject=27 split 3/3
[23:03:09] full_w10_s5 model=rbf_svm dim=arousal subject=27 split 3/3 trial_acc=0.875
[23:03:09] full_w10_s5 model=rbf_svm dim=arousal subject=28 split 1/3
[23:03:17] full_w10_s5 model=rbf_svm dim=arousal subject=28 split 1/3 trial_acc=0.500
[23:03:17] full_w10_s5 model=rbf_svm dim=arousal subject=28 split 2/3
[23:03:25] full_w10_s5 model=rbf_svm dim=arousal subject=28 split 2/3 trial_acc=0.500
[23:03:25] full_w10_s5 model=rbf_svm dim=arousal subject=28 split 3/3
[23:03:33] full_w10_s5 model=rbf_svm dim=arousal subject=28 split 3/3 trial_acc=0.375
[23:03:33] full_w10_s5 model=rbf_svm dim=arousal subject=29 split 1/3
[23:03:41] full_w10_s5 model=rbf_svm dim=arousal subject=29 split 1/3 trial_acc=0.750
[23:03:41] full_w10_s5 model=rbf_svm dim=arousal subject=29 split 2/3
[23:03:48] full_w10_s5 model=rbf_svm dim=arousal subject=29 split 2/3 trial_acc=0.875
[23:03:48] full_w10_s5 model=rbf_svm dim=arousal subject=29 split 3/3
[23:03:56] full_w10_s5 model=rbf_svm dim=arousal subject=29 split 3/3 trial_acc=0.750
[23:03:56] full_w10_s5 model=rbf_svm dim=arousal subject=30 split 1/3
[23:04:03] full_w10_s5 model=rbf_svm dim=arousal subject=30 split 1/3 trial_acc=0.625
[23:04:03] full_w10_s5 model=rbf_svm dim=arousal subject=30 split 2/3
[23:04:11] full_w10_s5 model=rbf_svm dim=arousal subject=30 split 2/3 trial_acc=0.500
[23:04:11] full_w10_s5 model=rbf_svm dim=arousal subject=30 split 3/3
[23:04:18] full_w10_s5 model=rbf_svm dim=arousal subject=30 split 3/3 trial_acc=0.625
[23:04:18] full_w10_s5 model=rbf_svm dim=arousal subject=31 split 1/3
[23:04:26] full_w10_s5 model=rbf_svm dim=arousal subject=31 split 1/3 trial_acc=0.750
[23:04:26] full_w10_s5 model=rbf_svm dim=arousal subject=31 split 2/3
[23:04:33] full_w10_s5 model=rbf_svm dim=arousal subject=31 split 2/3 trial_acc=0.875
[23:04:33] full_w10_s5 model=rbf_svm dim=arousal subject=31 split 3/3
[23:04:41] full_w10_s5 model=rbf_svm dim=arousal subject=31 split 3/3 trial_acc=0.750
[23:04:41] full_w10_s5 model=rbf_svm dim=arousal subject=32 split 1/3
[23:04:48] full_w10_s5 model=rbf_svm dim=arousal subject=32 split 1/3 trial_acc=0.625
[23:04:48] full_w10_s5 model=rbf_svm dim=arousal subject=32 split 2/3
[23:04:56] full_w10_s5 model=rbf_svm dim=arousal subject=32 split 2/3 trial_acc=0.000
[23:04:56] full_w10_s5 model=rbf_svm dim=arousal subject=32 split 3/3
[23:05:03] full_w10_s5 model=rbf_svm dim=arousal subject=32 split 3/3 trial_acc=0.500
[23:05:04] Finished full_w10_s5 in 31.0 min
[23:05:04] Starting full_w15_s7.5
[23:05:16] full_w15_s7.5 model=rbf_svm dim=valence subject=1 split 1/3
[23:05:22] full_w15_s7.5 model=rbf_svm dim=valence subject=1 split 1/3 trial_acc=0.500
[23:05:22] full_w15_s7.5 model=rbf_svm dim=valence subject=1 split 2/3
[23:05:28] full_w15_s7.5 model=rbf_svm dim=valence subject=1 split 2/3 trial_acc=0.375
[23:05:28] full_w15_s7.5 model=rbf_svm dim=valence subject=1 split 3/3
[23:05:34] full_w15_s7.5 model=rbf_svm dim=valence subject=1 split 3/3 trial_acc=0.625
[23:05:35] full_w15_s7.5 model=rbf_svm dim=valence subject=2 split 1/3
[23:05:41] full_w15_s7.5 model=rbf_svm dim=valence subject=2 split 1/3 trial_acc=0.500
[23:05:41] full_w15_s7.5 model=rbf_svm dim=valence subject=2 split 2/3
[23:05:47] full_w15_s7.5 model=rbf_svm dim=valence subject=2 split 2/3 trial_acc=0.500
[23:05:47] full_w15_s7.5 model=rbf_svm dim=valence subject=2 split 3/3
[23:05:54] full_w15_s7.5 model=rbf_svm dim=valence subject=2 split 3/3 trial_acc=0.875
[23:05:54] full_w15_s7.5 model=rbf_svm dim=valence subject=3 split 1/3
[23:06:00] full_w15_s7.5 model=rbf_svm dim=valence subject=3 split 1/3 trial_acc=0.625
[23:06:00] full_w15_s7.5 model=rbf_svm dim=valence subject=3 split 2/3
[23:06:06] full_w15_s7.5 model=rbf_svm dim=valence subject=3 split 2/3 trial_acc=0.750
[23:06:06] full_w15_s7.5 model=rbf_svm dim=valence subject=3 split 3/3
[23:06:12] full_w15_s7.5 model=rbf_svm dim=valence subject=3 split 3/3 trial_acc=0.500
[23:06:12] full_w15_s7.5 model=rbf_svm dim=valence subject=4 split 1/3
[23:06:21] full_w15_s7.5 model=rbf_svm dim=valence subject=4 split 1/3 trial_acc=0.500
[23:06:21] full_w15_s7.5 model=rbf_svm dim=valence subject=4 split 2/3
[23:06:29] full_w15_s7.5 model=rbf_svm dim=valence subject=4 split 2/3 trial_acc=0.625
[23:06:29] full_w15_s7.5 model=rbf_svm dim=valence subject=4 split 3/3
[23:06:36] full_w15_s7.5 model=rbf_svm dim=valence subject=4 split 3/3 trial_acc=0.375
[23:06:36] full_w15_s7.5 model=rbf_svm dim=valence subject=5 split 1/3
[23:06:43] full_w15_s7.5 model=rbf_svm dim=valence subject=5 split 1/3 trial_acc=0.500
[23:06:43] full_w15_s7.5 model=rbf_svm dim=valence subject=5 split 2/3
[23:06:51] full_w15_s7.5 model=rbf_svm dim=valence subject=5 split 2/3 trial_acc=0.250
[23:06:51] full_w15_s7.5 model=rbf_svm dim=valence subject=5 split 3/3
[23:07:00] full_w15_s7.5 model=rbf_svm dim=valence subject=5 split 3/3 trial_acc=0.375
[23:07:00] full_w15_s7.5 model=rbf_svm dim=valence subject=6 split 1/3
[23:07:08] full_w15_s7.5 model=rbf_svm dim=valence subject=6 split 1/3 trial_acc=0.250
[23:07:08] full_w15_s7.5 model=rbf_svm dim=valence subject=6 split 2/3
[23:07:17] full_w15_s7.5 model=rbf_svm dim=valence subject=6 split 2/3 trial_acc=0.500
[23:07:17] full_w15_s7.5 model=rbf_svm dim=valence subject=6 split 3/3
[23:07:26] full_w15_s7.5 model=rbf_svm dim=valence subject=6 split 3/3 trial_acc=0.375
[23:07:26] full_w15_s7.5 model=rbf_svm dim=valence subject=7 split 1/3
[23:07:35] full_w15_s7.5 model=rbf_svm dim=valence subject=7 split 1/3 trial_acc=0.625
[23:07:35] full_w15_s7.5 model=rbf_svm dim=valence subject=7 split 2/3
[23:07:43] full_w15_s7.5 model=rbf_svm dim=valence subject=7 split 2/3 trial_acc=0.375
[23:07:43] full_w15_s7.5 model=rbf_svm dim=valence subject=7 split 3/3
[23:07:51] full_w15_s7.5 model=rbf_svm dim=valence subject=7 split 3/3 trial_acc=0.500
[23:07:51] full_w15_s7.5 model=rbf_svm dim=valence subject=8 split 1/3
[23:07:58] full_w15_s7.5 model=rbf_svm dim=valence subject=8 split 1/3 trial_acc=0.500
[23:07:58] full_w15_s7.5 model=rbf_svm dim=valence subject=8 split 2/3
[23:08:06] full_w15_s7.5 model=rbf_svm dim=valence subject=8 split 2/3 trial_acc=0.375
[23:08:06] full_w15_s7.5 model=rbf_svm dim=valence subject=8 split 3/3
[23:08:15] full_w15_s7.5 model=rbf_svm dim=valence subject=8 split 3/3 trial_acc=0.500
[23:08:15] full_w15_s7.5 model=rbf_svm dim=valence subject=9 split 1/3
[23:08:23] full_w15_s7.5 model=rbf_svm dim=valence subject=9 split 1/3 trial_acc=0.500
[23:08:23] full_w15_s7.5 model=rbf_svm dim=valence subject=9 split 2/3
[23:08:30] full_w15_s7.5 model=rbf_svm dim=valence subject=9 split 2/3 trial_acc=0.625
[23:08:30] full_w15_s7.5 model=rbf_svm dim=valence subject=9 split 3/3
[23:08:38] full_w15_s7.5 model=rbf_svm dim=valence subject=9 split 3/3 trial_acc=0.875
[23:08:38] full_w15_s7.5 model=rbf_svm dim=valence subject=10 split 1/3
[23:08:46] full_w15_s7.5 model=rbf_svm dim=valence subject=10 split 1/3 trial_acc=1.000
[23:08:46] full_w15_s7.5 model=rbf_svm dim=valence subject=10 split 2/3
[23:08:53] full_w15_s7.5 model=rbf_svm dim=valence subject=10 split 2/3 trial_acc=0.750
[23:08:53] full_w15_s7.5 model=rbf_svm dim=valence subject=10 split 3/3
[23:09:00] full_w15_s7.5 model=rbf_svm dim=valence subject=10 split 3/3 trial_acc=0.875
[23:09:01] full_w15_s7.5 model=rbf_svm dim=valence subject=11 split 1/3
[23:09:08] full_w15_s7.5 model=rbf_svm dim=valence subject=11 split 1/3 trial_acc=0.625
[23:09:08] full_w15_s7.5 model=rbf_svm dim=valence subject=11 split 2/3
[23:09:16] full_w15_s7.5 model=rbf_svm dim=valence subject=11 split 2/3 trial_acc=0.500
[23:09:16] full_w15_s7.5 model=rbf_svm dim=valence subject=11 split 3/3
[23:09:24] full_w15_s7.5 model=rbf_svm dim=valence subject=11 split 3/3 trial_acc=0.625
[23:09:24] full_w15_s7.5 model=rbf_svm dim=valence subject=12 split 1/3
[23:09:32] full_w15_s7.5 model=rbf_svm dim=valence subject=12 split 1/3 trial_acc=0.125
[23:09:32] full_w15_s7.5 model=rbf_svm dim=valence subject=12 split 2/3
[23:09:40] full_w15_s7.5 model=rbf_svm dim=valence subject=12 split 2/3 trial_acc=0.375
[23:09:40] full_w15_s7.5 model=rbf_svm dim=valence subject=12 split 3/3
[23:09:47] full_w15_s7.5 model=rbf_svm dim=valence subject=12 split 3/3 trial_acc=0.500
[23:09:48] full_w15_s7.5 model=rbf_svm dim=valence subject=13 split 1/3
[23:09:55] full_w15_s7.5 model=rbf_svm dim=valence subject=13 split 1/3 trial_acc=0.625
[23:09:55] full_w15_s7.5 model=rbf_svm dim=valence subject=13 split 2/3
[23:10:03] full_w15_s7.5 model=rbf_svm dim=valence subject=13 split 2/3 trial_acc=0.625
[23:10:03] full_w15_s7.5 model=rbf_svm dim=valence subject=13 split 3/3
[23:10:11] full_w15_s7.5 model=rbf_svm dim=valence subject=13 split 3/3 trial_acc=0.375
[23:10:11] full_w15_s7.5 model=rbf_svm dim=valence subject=14 split 1/3
[23:10:18] full_w15_s7.5 model=rbf_svm dim=valence subject=14 split 1/3 trial_acc=0.625
[23:10:18] full_w15_s7.5 model=rbf_svm dim=valence subject=14 split 2/3
[23:10:26] full_w15_s7.5 model=rbf_svm dim=valence subject=14 split 2/3 trial_acc=1.000
[23:10:26] full_w15_s7.5 model=rbf_svm dim=valence subject=14 split 3/3
[23:10:34] full_w15_s7.5 model=rbf_svm dim=valence subject=14 split 3/3 trial_acc=0.875
[23:10:34] full_w15_s7.5 model=rbf_svm dim=valence subject=15 split 1/3
[23:10:42] full_w15_s7.5 model=rbf_svm dim=valence subject=15 split 1/3 trial_acc=0.750
[23:10:42] full_w15_s7.5 model=rbf_svm dim=valence subject=15 split 2/3
[23:10:49] full_w15_s7.5 model=rbf_svm dim=valence subject=15 split 2/3 trial_acc=1.000
[23:10:49] full_w15_s7.5 model=rbf_svm dim=valence subject=15 split 3/3
[23:10:57] full_w15_s7.5 model=rbf_svm dim=valence subject=15 split 3/3 trial_acc=0.750
[23:10:57] full_w15_s7.5 model=rbf_svm dim=valence subject=16 split 1/3
[23:11:05] full_w15_s7.5 model=rbf_svm dim=valence subject=16 split 1/3 trial_acc=0.250
[23:11:05] full_w15_s7.5 model=rbf_svm dim=valence subject=16 split 2/3
[23:11:13] full_w15_s7.5 model=rbf_svm dim=valence subject=16 split 2/3 trial_acc=0.375
[23:11:13] full_w15_s7.5 model=rbf_svm dim=valence subject=16 split 3/3
[23:11:20] full_w15_s7.5 model=rbf_svm dim=valence subject=16 split 3/3 trial_acc=0.500
[23:11:20] full_w15_s7.5 model=rbf_svm dim=valence subject=17 split 1/3
[23:11:28] full_w15_s7.5 model=rbf_svm dim=valence subject=17 split 1/3 trial_acc=0.500
[23:11:28] full_w15_s7.5 model=rbf_svm dim=valence subject=17 split 2/3
[23:11:36] full_w15_s7.5 model=rbf_svm dim=valence subject=17 split 2/3 trial_acc=0.625
[23:11:36] full_w15_s7.5 model=rbf_svm dim=valence subject=17 split 3/3
[23:11:43] full_w15_s7.5 model=rbf_svm dim=valence subject=17 split 3/3 trial_acc=0.375
[23:11:44] full_w15_s7.5 model=rbf_svm dim=valence subject=18 split 1/3
[23:11:51] full_w15_s7.5 model=rbf_svm dim=valence subject=18 split 1/3 trial_acc=0.750
[23:11:51] full_w15_s7.5 model=rbf_svm dim=valence subject=18 split 2/3
[23:11:59] full_w15_s7.5 model=rbf_svm dim=valence subject=18 split 2/3 trial_acc=0.875
[23:11:59] full_w15_s7.5 model=rbf_svm dim=valence subject=18 split 3/3
[23:12:07] full_w15_s7.5 model=rbf_svm dim=valence subject=18 split 3/3 trial_acc=0.875
[23:12:07] full_w15_s7.5 model=rbf_svm dim=valence subject=19 split 1/3
[23:12:15] full_w15_s7.5 model=rbf_svm dim=valence subject=19 split 1/3 trial_acc=0.625
[23:12:15] full_w15_s7.5 model=rbf_svm dim=valence subject=19 split 2/3
[23:12:22] full_w15_s7.5 model=rbf_svm dim=valence subject=19 split 2/3 trial_acc=0.625
[23:12:22] full_w15_s7.5 model=rbf_svm dim=valence subject=19 split 3/3
[23:12:30] full_w15_s7.5 model=rbf_svm dim=valence subject=19 split 3/3 trial_acc=0.375
[23:12:30] full_w15_s7.5 model=rbf_svm dim=valence subject=20 split 1/3
[23:12:38] full_w15_s7.5 model=rbf_svm dim=valence subject=20 split 1/3 trial_acc=0.500
[23:12:38] full_w15_s7.5 model=rbf_svm dim=valence subject=20 split 2/3
[23:12:47] full_w15_s7.5 model=rbf_svm dim=valence subject=20 split 2/3 trial_acc=0.625
[23:12:47] full_w15_s7.5 model=rbf_svm dim=valence subject=20 split 3/3
[23:12:54] full_w15_s7.5 model=rbf_svm dim=valence subject=20 split 3/3 trial_acc=0.500
[23:12:54] full_w15_s7.5 model=rbf_svm dim=valence subject=21 split 1/3
[23:13:02] full_w15_s7.5 model=rbf_svm dim=valence subject=21 split 1/3 trial_acc=0.375
[23:13:02] full_w15_s7.5 model=rbf_svm dim=valence subject=21 split 2/3
[23:13:10] full_w15_s7.5 model=rbf_svm dim=valence subject=21 split 2/3 trial_acc=0.375
[23:13:10] full_w15_s7.5 model=rbf_svm dim=valence subject=21 split 3/3
[23:13:18] full_w15_s7.5 model=rbf_svm dim=valence subject=21 split 3/3 trial_acc=0.375
[23:13:18] full_w15_s7.5 model=rbf_svm dim=valence subject=22 split 1/3
[23:13:25] full_w15_s7.5 model=rbf_svm dim=valence subject=22 split 1/3 trial_acc=0.625
[23:13:25] full_w15_s7.5 model=rbf_svm dim=valence subject=22 split 2/3
[23:13:33] full_w15_s7.5 model=rbf_svm dim=valence subject=22 split 2/3 trial_acc=0.500
[23:13:33] full_w15_s7.5 model=rbf_svm dim=valence subject=22 split 3/3
[23:13:41] full_w15_s7.5 model=rbf_svm dim=valence subject=22 split 3/3 trial_acc=0.500
[23:13:41] full_w15_s7.5 model=rbf_svm dim=valence subject=23 split 1/3
[23:13:49] full_w15_s7.5 model=rbf_svm dim=valence subject=23 split 1/3 trial_acc=0.500
[23:13:49] full_w15_s7.5 model=rbf_svm dim=valence subject=23 split 2/3
[23:13:56] full_w15_s7.5 model=rbf_svm dim=valence subject=23 split 2/3 trial_acc=0.250
[23:13:56] full_w15_s7.5 model=rbf_svm dim=valence subject=23 split 3/3
[23:14:04] full_w15_s7.5 model=rbf_svm dim=valence subject=23 split 3/3 trial_acc=0.250
[23:14:04] full_w15_s7.5 model=rbf_svm dim=valence subject=24 split 1/3
[23:14:12] full_w15_s7.5 model=rbf_svm dim=valence subject=24 split 1/3 trial_acc=1.000
[23:14:12] full_w15_s7.5 model=rbf_svm dim=valence subject=24 split 2/3
[23:14:19] full_w15_s7.5 model=rbf_svm dim=valence subject=24 split 2/3 trial_acc=0.750
[23:14:19] full_w15_s7.5 model=rbf_svm dim=valence subject=24 split 3/3
[23:14:27] full_w15_s7.5 model=rbf_svm dim=valence subject=24 split 3/3 trial_acc=0.875
[23:14:27] full_w15_s7.5 model=rbf_svm dim=valence subject=25 split 1/3
[23:14:34] full_w15_s7.5 model=rbf_svm dim=valence subject=25 split 1/3 trial_acc=0.500
[23:14:34] full_w15_s7.5 model=rbf_svm dim=valence subject=25 split 2/3
[23:14:42] full_w15_s7.5 model=rbf_svm dim=valence subject=25 split 2/3 trial_acc=0.375
[23:14:42] full_w15_s7.5 model=rbf_svm dim=valence subject=25 split 3/3
[23:14:49] full_w15_s7.5 model=rbf_svm dim=valence subject=25 split 3/3 trial_acc=0.750
[23:14:49] full_w15_s7.5 model=rbf_svm dim=valence subject=26 split 1/3
[23:14:57] full_w15_s7.5 model=rbf_svm dim=valence subject=26 split 1/3 trial_acc=0.375
[23:14:57] full_w15_s7.5 model=rbf_svm dim=valence subject=26 split 2/3
[23:15:04] full_w15_s7.5 model=rbf_svm dim=valence subject=26 split 2/3 trial_acc=0.625
[23:15:04] full_w15_s7.5 model=rbf_svm dim=valence subject=26 split 3/3
[23:15:12] full_w15_s7.5 model=rbf_svm dim=valence subject=26 split 3/3 trial_acc=0.625
[23:15:12] full_w15_s7.5 model=rbf_svm dim=valence subject=27 split 1/3
[23:15:20] full_w15_s7.5 model=rbf_svm dim=valence subject=27 split 1/3 trial_acc=0.625
[23:15:20] full_w15_s7.5 model=rbf_svm dim=valence subject=27 split 2/3
[23:15:27] full_w15_s7.5 model=rbf_svm dim=valence subject=27 split 2/3 trial_acc=0.875
[23:15:27] full_w15_s7.5 model=rbf_svm dim=valence subject=27 split 3/3
[23:15:35] full_w15_s7.5 model=rbf_svm dim=valence subject=27 split 3/3 trial_acc=0.625
[23:15:35] full_w15_s7.5 model=rbf_svm dim=valence subject=28 split 1/3
[23:15:43] full_w15_s7.5 model=rbf_svm dim=valence subject=28 split 1/3 trial_acc=0.375
[23:15:43] full_w15_s7.5 model=rbf_svm dim=valence subject=28 split 2/3
[23:15:50] full_w15_s7.5 model=rbf_svm dim=valence subject=28 split 2/3 trial_acc=0.500
[23:15:50] full_w15_s7.5 model=rbf_svm dim=valence subject=28 split 3/3
[23:15:57] full_w15_s7.5 model=rbf_svm dim=valence subject=28 split 3/3 trial_acc=0.875
[23:15:57] full_w15_s7.5 model=rbf_svm dim=valence subject=29 split 1/3
[23:16:05] full_w15_s7.5 model=rbf_svm dim=valence subject=29 split 1/3 trial_acc=0.500
[23:16:05] full_w15_s7.5 model=rbf_svm dim=valence subject=29 split 2/3
[23:16:12] full_w15_s7.5 model=rbf_svm dim=valence subject=29 split 2/3 trial_acc=0.625
[23:16:12] full_w15_s7.5 model=rbf_svm dim=valence subject=29 split 3/3
[23:16:20] full_w15_s7.5 model=rbf_svm dim=valence subject=29 split 3/3 trial_acc=0.500
[23:16:20] full_w15_s7.5 model=rbf_svm dim=valence subject=30 split 1/3
[23:16:28] full_w15_s7.5 model=rbf_svm dim=valence subject=30 split 1/3 trial_acc=0.500
[23:16:28] full_w15_s7.5 model=rbf_svm dim=valence subject=30 split 2/3
[23:16:35] full_w15_s7.5 model=rbf_svm dim=valence subject=30 split 2/3 trial_acc=0.625
[23:16:35] full_w15_s7.5 model=rbf_svm dim=valence subject=30 split 3/3
[23:16:43] full_w15_s7.5 model=rbf_svm dim=valence subject=30 split 3/3 trial_acc=0.625
[23:16:44] full_w15_s7.5 model=rbf_svm dim=valence subject=31 split 1/3
[23:16:51] full_w15_s7.5 model=rbf_svm dim=valence subject=31 split 1/3 trial_acc=0.625
[23:16:51] full_w15_s7.5 model=rbf_svm dim=valence subject=31 split 2/3
[23:16:59] full_w15_s7.5 model=rbf_svm dim=valence subject=31 split 2/3 trial_acc=0.500
[23:16:59] full_w15_s7.5 model=rbf_svm dim=valence subject=31 split 3/3
[23:17:06] full_w15_s7.5 model=rbf_svm dim=valence subject=31 split 3/3 trial_acc=0.500
[23:17:06] full_w15_s7.5 model=rbf_svm dim=valence subject=32 split 1/3
[23:17:14] full_w15_s7.5 model=rbf_svm dim=valence subject=32 split 1/3 trial_acc=0.500
[23:17:14] full_w15_s7.5 model=rbf_svm dim=valence subject=32 split 2/3
[23:17:21] full_w15_s7.5 model=rbf_svm dim=valence subject=32 split 2/3 trial_acc=0.250
[23:17:21] full_w15_s7.5 model=rbf_svm dim=valence subject=32 split 3/3
[23:17:28] full_w15_s7.5 model=rbf_svm dim=valence subject=32 split 3/3 trial_acc=0.625
[23:17:28] full_w15_s7.5 model=rbf_svm dim=arousal subject=1 split 1/3
[23:17:36] full_w15_s7.5 model=rbf_svm dim=arousal subject=1 split 1/3 trial_acc=0.750
[23:17:36] full_w15_s7.5 model=rbf_svm dim=arousal subject=1 split 2/3
[23:17:44] full_w15_s7.5 model=rbf_svm dim=arousal subject=1 split 2/3 trial_acc=0.500
[23:17:44] full_w15_s7.5 model=rbf_svm dim=arousal subject=1 split 3/3
[23:17:51] full_w15_s7.5 model=rbf_svm dim=arousal subject=1 split 3/3 trial_acc=0.750
[23:17:51] full_w15_s7.5 model=rbf_svm dim=arousal subject=2 split 1/3
[23:17:59] full_w15_s7.5 model=rbf_svm dim=arousal subject=2 split 1/3 trial_acc=0.625
[23:17:59] full_w15_s7.5 model=rbf_svm dim=arousal subject=2 split 2/3
[23:18:06] full_w15_s7.5 model=rbf_svm dim=arousal subject=2 split 2/3 trial_acc=0.750
[23:18:06] full_w15_s7.5 model=rbf_svm dim=arousal subject=2 split 3/3
[23:18:14] full_w15_s7.5 model=rbf_svm dim=arousal subject=2 split 3/3 trial_acc=0.625
[23:18:14] full_w15_s7.5 model=rbf_svm dim=arousal subject=3 split 1/3
[23:18:21] full_w15_s7.5 model=rbf_svm dim=arousal subject=3 split 1/3 trial_acc=0.750
[23:18:21] full_w15_s7.5 model=rbf_svm dim=arousal subject=3 split 2/3
[23:18:29] full_w15_s7.5 model=rbf_svm dim=arousal subject=3 split 2/3 trial_acc=0.750
[23:18:29] full_w15_s7.5 model=rbf_svm dim=arousal subject=3 split 3/3
[23:18:36] full_w15_s7.5 model=rbf_svm dim=arousal subject=3 split 3/3 trial_acc=0.750
[23:18:36] full_w15_s7.5 model=rbf_svm dim=arousal subject=4 split 1/3
[23:18:44] full_w15_s7.5 model=rbf_svm dim=arousal subject=4 split 1/3 trial_acc=0.625
[23:18:44] full_w15_s7.5 model=rbf_svm dim=arousal subject=4 split 2/3
[23:18:51] full_w15_s7.5 model=rbf_svm dim=arousal subject=4 split 2/3 trial_acc=0.750
[23:18:51] full_w15_s7.5 model=rbf_svm dim=arousal subject=4 split 3/3
[23:18:59] full_w15_s7.5 model=rbf_svm dim=arousal subject=4 split 3/3 trial_acc=0.500
[23:18:59] full_w15_s7.5 model=rbf_svm dim=arousal subject=5 split 1/3
[23:19:06] full_w15_s7.5 model=rbf_svm dim=arousal subject=5 split 1/3 trial_acc=0.250
[23:19:06] full_w15_s7.5 model=rbf_svm dim=arousal subject=5 split 2/3
[23:19:13] full_w15_s7.5 model=rbf_svm dim=arousal subject=5 split 2/3 trial_acc=0.625
[23:19:13] full_w15_s7.5 model=rbf_svm dim=arousal subject=5 split 3/3
[23:19:21] full_w15_s7.5 model=rbf_svm dim=arousal subject=5 split 3/3 trial_acc=0.750
[23:19:21] full_w15_s7.5 model=rbf_svm dim=arousal subject=6 split 1/3
[23:19:29] full_w15_s7.5 model=rbf_svm dim=arousal subject=6 split 1/3 trial_acc=0.375
[23:19:29] full_w15_s7.5 model=rbf_svm dim=arousal subject=6 split 2/3
[23:19:36] full_w15_s7.5 model=rbf_svm dim=arousal subject=6 split 2/3 trial_acc=0.625
[23:19:36] full_w15_s7.5 model=rbf_svm dim=arousal subject=6 split 3/3
[23:19:44] full_w15_s7.5 model=rbf_svm dim=arousal subject=6 split 3/3 trial_acc=0.500
[23:19:44] full_w15_s7.5 model=rbf_svm dim=arousal subject=7 split 1/3
[23:19:51] full_w15_s7.5 model=rbf_svm dim=arousal subject=7 split 1/3 trial_acc=0.500
[23:19:51] full_w15_s7.5 model=rbf_svm dim=arousal subject=7 split 2/3
[23:19:59] full_w15_s7.5 model=rbf_svm dim=arousal subject=7 split 2/3 trial_acc=0.375
[23:19:59] full_w15_s7.5 model=rbf_svm dim=arousal subject=7 split 3/3
[23:20:06] full_w15_s7.5 model=rbf_svm dim=arousal subject=7 split 3/3 trial_acc=0.250
[23:20:06] full_w15_s7.5 model=rbf_svm dim=arousal subject=8 split 1/3
[23:20:14] full_w15_s7.5 model=rbf_svm dim=arousal subject=8 split 1/3 trial_acc=0.250
[23:20:14] full_w15_s7.5 model=rbf_svm dim=arousal subject=8 split 2/3
[23:20:21] full_w15_s7.5 model=rbf_svm dim=arousal subject=8 split 2/3 trial_acc=0.625
[23:20:21] full_w15_s7.5 model=rbf_svm dim=arousal subject=8 split 3/3
[23:20:29] full_w15_s7.5 model=rbf_svm dim=arousal subject=8 split 3/3 trial_acc=0.500
[23:20:29] full_w15_s7.5 model=rbf_svm dim=arousal subject=9 split 1/3
[23:20:37] full_w15_s7.5 model=rbf_svm dim=arousal subject=9 split 1/3 trial_acc=0.625
[23:20:37] full_w15_s7.5 model=rbf_svm dim=arousal subject=9 split 2/3
[23:20:44] full_w15_s7.5 model=rbf_svm dim=arousal subject=9 split 2/3 trial_acc=0.625
[23:20:44] full_w15_s7.5 model=rbf_svm dim=arousal subject=9 split 3/3
[23:20:52] full_w15_s7.5 model=rbf_svm dim=arousal subject=9 split 3/3 trial_acc=0.500
[23:20:52] full_w15_s7.5 model=rbf_svm dim=arousal subject=10 split 1/3
[23:20:59] full_w15_s7.5 model=rbf_svm dim=arousal subject=10 split 1/3 trial_acc=0.500
[23:20:59] full_w15_s7.5 model=rbf_svm dim=arousal subject=10 split 2/3
[23:21:06] full_w15_s7.5 model=rbf_svm dim=arousal subject=10 split 2/3 trial_acc=0.750
[23:21:06] full_w15_s7.5 model=rbf_svm dim=arousal subject=10 split 3/3
[23:21:14] full_w15_s7.5 model=rbf_svm dim=arousal subject=10 split 3/3 trial_acc=0.375
[23:21:14] full_w15_s7.5 model=rbf_svm dim=arousal subject=11 split 1/3
[23:21:21] full_w15_s7.5 model=rbf_svm dim=arousal subject=11 split 1/3 trial_acc=0.500
[23:21:21] full_w15_s7.5 model=rbf_svm dim=arousal subject=11 split 2/3
[23:21:28] full_w15_s7.5 model=rbf_svm dim=arousal subject=11 split 2/3 trial_acc=0.250
[23:21:28] full_w15_s7.5 model=rbf_svm dim=arousal subject=11 split 3/3
[23:21:36] full_w15_s7.5 model=rbf_svm dim=arousal subject=11 split 3/3 trial_acc=0.250
[23:21:36] full_w15_s7.5 model=rbf_svm dim=arousal subject=12 split 1/3
[23:21:43] full_w15_s7.5 model=rbf_svm dim=arousal subject=12 split 1/3 trial_acc=0.750
[23:21:43] full_w15_s7.5 model=rbf_svm dim=arousal subject=12 split 2/3
[23:21:51] full_w15_s7.5 model=rbf_svm dim=arousal subject=12 split 2/3 trial_acc=0.500
[23:21:51] full_w15_s7.5 model=rbf_svm dim=arousal subject=12 split 3/3
[23:21:58] full_w15_s7.5 model=rbf_svm dim=arousal subject=12 split 3/3 trial_acc=1.000
[23:21:58] full_w15_s7.5 model=rbf_svm dim=arousal subject=13 split 1/3
[23:22:05] full_w15_s7.5 model=rbf_svm dim=arousal subject=13 split 1/3 trial_acc=0.500
[23:22:05] full_w15_s7.5 model=rbf_svm dim=arousal subject=13 split 2/3
[23:22:13] full_w15_s7.5 model=rbf_svm dim=arousal subject=13 split 2/3 trial_acc=0.500
[23:22:13] full_w15_s7.5 model=rbf_svm dim=arousal subject=13 split 3/3
[23:22:20] full_w15_s7.5 model=rbf_svm dim=arousal subject=13 split 3/3 trial_acc=0.500
[23:22:20] full_w15_s7.5 model=rbf_svm dim=arousal subject=14 split 1/3
[23:22:28] full_w15_s7.5 model=rbf_svm dim=arousal subject=14 split 1/3 trial_acc=0.250
[23:22:28] full_w15_s7.5 model=rbf_svm dim=arousal subject=14 split 2/3
[23:22:35] full_w15_s7.5 model=rbf_svm dim=arousal subject=14 split 2/3 trial_acc=0.875
[23:22:35] full_w15_s7.5 model=rbf_svm dim=arousal subject=14 split 3/3
[23:22:43] full_w15_s7.5 model=rbf_svm dim=arousal subject=14 split 3/3 trial_acc=0.750
[23:22:43] full_w15_s7.5 model=rbf_svm dim=arousal subject=15 split 1/3
[23:22:50] full_w15_s7.5 model=rbf_svm dim=arousal subject=15 split 1/3 trial_acc=0.625
[23:22:50] full_w15_s7.5 model=rbf_svm dim=arousal subject=15 split 2/3
[23:22:57] full_w15_s7.5 model=rbf_svm dim=arousal subject=15 split 2/3 trial_acc=0.625
[23:22:57] full_w15_s7.5 model=rbf_svm dim=arousal subject=15 split 3/3
[23:23:05] full_w15_s7.5 model=rbf_svm dim=arousal subject=15 split 3/3 trial_acc=0.250
[23:23:05] full_w15_s7.5 model=rbf_svm dim=arousal subject=16 split 1/3
[23:23:13] full_w15_s7.5 model=rbf_svm dim=arousal subject=16 split 1/3 trial_acc=0.625
[23:23:13] full_w15_s7.5 model=rbf_svm dim=arousal subject=16 split 2/3
[23:23:20] full_w15_s7.5 model=rbf_svm dim=arousal subject=16 split 2/3 trial_acc=0.750
[23:23:20] full_w15_s7.5 model=rbf_svm dim=arousal subject=16 split 3/3
[23:23:28] full_w15_s7.5 model=rbf_svm dim=arousal subject=16 split 3/3 trial_acc=0.750
[23:23:28] full_w15_s7.5 model=rbf_svm dim=arousal subject=17 split 1/3
[23:23:35] full_w15_s7.5 model=rbf_svm dim=arousal subject=17 split 1/3 trial_acc=0.750
[23:23:35] full_w15_s7.5 model=rbf_svm dim=arousal subject=17 split 2/3
[23:23:42] full_w15_s7.5 model=rbf_svm dim=arousal subject=17 split 2/3 trial_acc=0.625
[23:23:42] full_w15_s7.5 model=rbf_svm dim=arousal subject=17 split 3/3
[23:23:50] full_w15_s7.5 model=rbf_svm dim=arousal subject=17 split 3/3 trial_acc=0.875
[23:23:50] full_w15_s7.5 model=rbf_svm dim=arousal subject=18 split 1/3
[23:23:58] full_w15_s7.5 model=rbf_svm dim=arousal subject=18 split 1/3 trial_acc=0.500
[23:23:58] full_w15_s7.5 model=rbf_svm dim=arousal subject=18 split 2/3
[23:24:05] full_w15_s7.5 model=rbf_svm dim=arousal subject=18 split 2/3 trial_acc=0.625
[23:24:05] full_w15_s7.5 model=rbf_svm dim=arousal subject=18 split 3/3
[23:24:13] full_w15_s7.5 model=rbf_svm dim=arousal subject=18 split 3/3 trial_acc=0.625
[23:24:13] full_w15_s7.5 model=rbf_svm dim=arousal subject=19 split 1/3
[23:24:20] full_w15_s7.5 model=rbf_svm dim=arousal subject=19 split 1/3 trial_acc=0.625
[23:24:20] full_w15_s7.5 model=rbf_svm dim=arousal subject=19 split 2/3
[23:24:27] full_w15_s7.5 model=rbf_svm dim=arousal subject=19 split 2/3 trial_acc=0.375
[23:24:27] full_w15_s7.5 model=rbf_svm dim=arousal subject=19 split 3/3
[23:24:35] full_w15_s7.5 model=rbf_svm dim=arousal subject=19 split 3/3 trial_acc=0.375
[23:24:35] full_w15_s7.5 model=rbf_svm dim=arousal subject=20 split 1/3
[23:24:42] full_w15_s7.5 model=rbf_svm dim=arousal subject=20 split 1/3 trial_acc=0.375
[23:24:42] full_w15_s7.5 model=rbf_svm dim=arousal subject=20 split 2/3
[23:24:50] full_w15_s7.5 model=rbf_svm dim=arousal subject=20 split 2/3 trial_acc=0.625
[23:24:50] full_w15_s7.5 model=rbf_svm dim=arousal subject=20 split 3/3
[23:24:57] full_w15_s7.5 model=rbf_svm dim=arousal subject=20 split 3/3 trial_acc=0.750
[23:24:58] full_w15_s7.5 model=rbf_svm dim=arousal subject=21 split 1/3
[23:25:05] full_w15_s7.5 model=rbf_svm dim=arousal subject=21 split 1/3 trial_acc=0.750
[23:25:05] full_w15_s7.5 model=rbf_svm dim=arousal subject=21 split 2/3
[23:25:12] full_w15_s7.5 model=rbf_svm dim=arousal subject=21 split 2/3 trial_acc=0.500
[23:25:12] full_w15_s7.5 model=rbf_svm dim=arousal subject=21 split 3/3
[23:25:20] full_w15_s7.5 model=rbf_svm dim=arousal subject=21 split 3/3 trial_acc=0.875
[23:25:20] full_w15_s7.5 model=rbf_svm dim=arousal subject=22 split 1/3
[23:25:27] full_w15_s7.5 model=rbf_svm dim=arousal subject=22 split 1/3 trial_acc=0.500
[23:25:27] full_w15_s7.5 model=rbf_svm dim=arousal subject=22 split 2/3
[23:25:35] full_w15_s7.5 model=rbf_svm dim=arousal subject=22 split 2/3 trial_acc=0.625
[23:25:35] full_w15_s7.5 model=rbf_svm dim=arousal subject=22 split 3/3
[23:25:42] full_w15_s7.5 model=rbf_svm dim=arousal subject=22 split 3/3 trial_acc=0.375
[23:25:42] full_w15_s7.5 model=rbf_svm dim=arousal subject=23 split 1/3
[23:25:50] full_w15_s7.5 model=rbf_svm dim=arousal subject=23 split 1/3 trial_acc=0.625
[23:25:50] full_w15_s7.5 model=rbf_svm dim=arousal subject=23 split 2/3
[23:25:58] full_w15_s7.5 model=rbf_svm dim=arousal subject=23 split 2/3 trial_acc=0.375
[23:25:58] full_w15_s7.5 model=rbf_svm dim=arousal subject=23 split 3/3
[23:26:05] full_w15_s7.5 model=rbf_svm dim=arousal subject=23 split 3/3 trial_acc=0.375
[23:26:05] full_w15_s7.5 model=rbf_svm dim=arousal subject=24 split 1/3
[23:26:13] full_w15_s7.5 model=rbf_svm dim=arousal subject=24 split 1/3 trial_acc=0.625
[23:26:13] full_w15_s7.5 model=rbf_svm dim=arousal subject=24 split 2/3
[23:26:20] full_w15_s7.5 model=rbf_svm dim=arousal subject=24 split 2/3 trial_acc=0.875
[23:26:20] full_w15_s7.5 model=rbf_svm dim=arousal subject=24 split 3/3
[23:26:27] full_w15_s7.5 model=rbf_svm dim=arousal subject=24 split 3/3 trial_acc=1.000
[23:26:28] full_w15_s7.5 model=rbf_svm dim=arousal subject=25 split 1/3
[23:26:35] full_w15_s7.5 model=rbf_svm dim=arousal subject=25 split 1/3 trial_acc=0.750
[23:26:35] full_w15_s7.5 model=rbf_svm dim=arousal subject=25 split 2/3
[23:26:42] full_w15_s7.5 model=rbf_svm dim=arousal subject=25 split 2/3 trial_acc=1.000
[23:26:42] full_w15_s7.5 model=rbf_svm dim=arousal subject=25 split 3/3
[23:26:50] full_w15_s7.5 model=rbf_svm dim=arousal subject=25 split 3/3 trial_acc=0.500
[23:26:50] full_w15_s7.5 model=rbf_svm dim=arousal subject=26 split 1/3
[23:26:57] full_w15_s7.5 model=rbf_svm dim=arousal subject=26 split 1/3 trial_acc=0.500
[23:26:57] full_w15_s7.5 model=rbf_svm dim=arousal subject=26 split 2/3
[23:27:05] full_w15_s7.5 model=rbf_svm dim=arousal subject=26 split 2/3 trial_acc=0.625
[23:27:05] full_w15_s7.5 model=rbf_svm dim=arousal subject=26 split 3/3
[23:27:12] full_w15_s7.5 model=rbf_svm dim=arousal subject=26 split 3/3 trial_acc=0.625
[23:27:12] full_w15_s7.5 model=rbf_svm dim=arousal subject=27 split 1/3
[23:27:19] full_w15_s7.5 model=rbf_svm dim=arousal subject=27 split 1/3 trial_acc=0.750
[23:27:19] full_w15_s7.5 model=rbf_svm dim=arousal subject=27 split 2/3
[23:27:27] full_w15_s7.5 model=rbf_svm dim=arousal subject=27 split 2/3 trial_acc=0.875
[23:27:27] full_w15_s7.5 model=rbf_svm dim=arousal subject=27 split 3/3
[23:27:34] full_w15_s7.5 model=rbf_svm dim=arousal subject=27 split 3/3 trial_acc=0.875
[23:27:34] full_w15_s7.5 model=rbf_svm dim=arousal subject=28 split 1/3
[23:27:42] full_w15_s7.5 model=rbf_svm dim=arousal subject=28 split 1/3 trial_acc=0.375
[23:27:42] full_w15_s7.5 model=rbf_svm dim=arousal subject=28 split 2/3
[23:27:49] full_w15_s7.5 model=rbf_svm dim=arousal subject=28 split 2/3 trial_acc=0.500
[23:27:49] full_w15_s7.5 model=rbf_svm dim=arousal subject=28 split 3/3
[23:27:57] full_w15_s7.5 model=rbf_svm dim=arousal subject=28 split 3/3 trial_acc=0.375
[23:27:57] full_w15_s7.5 model=rbf_svm dim=arousal subject=29 split 1/3
[23:28:04] full_w15_s7.5 model=rbf_svm dim=arousal subject=29 split 1/3 trial_acc=0.625
[23:28:04] full_w15_s7.5 model=rbf_svm dim=arousal subject=29 split 2/3
[23:28:12] full_w15_s7.5 model=rbf_svm dim=arousal subject=29 split 2/3 trial_acc=0.875
[23:28:12] full_w15_s7.5 model=rbf_svm dim=arousal subject=29 split 3/3
[23:28:19] full_w15_s7.5 model=rbf_svm dim=arousal subject=29 split 3/3 trial_acc=0.625
[23:28:19] full_w15_s7.5 model=rbf_svm dim=arousal subject=30 split 1/3
[23:28:27] full_w15_s7.5 model=rbf_svm dim=arousal subject=30 split 1/3 trial_acc=0.625
[23:28:27] full_w15_s7.5 model=rbf_svm dim=arousal subject=30 split 2/3
[23:28:34] full_w15_s7.5 model=rbf_svm dim=arousal subject=30 split 2/3 trial_acc=0.375
[23:28:34] full_w15_s7.5 model=rbf_svm dim=arousal subject=30 split 3/3
[23:28:42] full_w15_s7.5 model=rbf_svm dim=arousal subject=30 split 3/3 trial_acc=0.625
[23:28:42] full_w15_s7.5 model=rbf_svm dim=arousal subject=31 split 1/3
[23:28:49] full_w15_s7.5 model=rbf_svm dim=arousal subject=31 split 1/3 trial_acc=0.875
[23:28:49] full_w15_s7.5 model=rbf_svm dim=arousal subject=31 split 2/3
[23:28:57] full_w15_s7.5 model=rbf_svm dim=arousal subject=31 split 2/3 trial_acc=0.875
[23:28:57] full_w15_s7.5 model=rbf_svm dim=arousal subject=31 split 3/3
[23:29:05] full_w15_s7.5 model=rbf_svm dim=arousal subject=31 split 3/3 trial_acc=0.625
[23:29:05] full_w15_s7.5 model=rbf_svm dim=arousal subject=32 split 1/3
[23:29:12] full_w15_s7.5 model=rbf_svm dim=arousal subject=32 split 1/3 trial_acc=0.750
[23:29:12] full_w15_s7.5 model=rbf_svm dim=arousal subject=32 split 2/3
[23:29:19] full_w15_s7.5 model=rbf_svm dim=arousal subject=32 split 2/3 trial_acc=0.125
[23:29:19] full_w15_s7.5 model=rbf_svm dim=arousal subject=32 split 3/3
[23:29:27] full_w15_s7.5 model=rbf_svm dim=arousal subject=32 split 3/3 trial_acc=0.500
[23:29:27] Finished full_w15_s7.5 in 24.4 min
[23:29:27] Wrote reports\roadmap_ceiling\phase1_window_sweep\window_sweep_full.csv
[23:29:27] Wrote reports\roadmap_ceiling\phase1_window_sweep\window_sweep_summary.csv
[23:29:27] Starting repr_de_only
[23:29:40] repr_de_only model=rbf_svm dim=valence subject=1 split 1/5
[23:30:30] repr_de_only model=rbf_svm dim=valence subject=1 split 1/5 trial_acc=0.500
[23:30:30] repr_de_only model=rbf_svm dim=valence subject=1 split 2/5
[23:31:20] repr_de_only model=rbf_svm dim=valence subject=1 split 2/5 trial_acc=0.500
[23:31:20] repr_de_only model=rbf_svm dim=valence subject=1 split 3/5
[23:32:10] repr_de_only model=rbf_svm dim=valence subject=1 split 3/5 trial_acc=0.750
[23:32:10] repr_de_only model=rbf_svm dim=valence subject=1 split 4/5
[23:33:01] repr_de_only model=rbf_svm dim=valence subject=1 split 4/5 trial_acc=0.625
[23:33:01] repr_de_only model=rbf_svm dim=valence subject=1 split 5/5
[23:33:51] repr_de_only model=rbf_svm dim=valence subject=1 split 5/5 trial_acc=0.500
[23:33:51] repr_de_only model=rbf_svm dim=valence subject=2 split 1/5
[23:34:41] repr_de_only model=rbf_svm dim=valence subject=2 split 1/5 trial_acc=0.500
[23:34:41] repr_de_only model=rbf_svm dim=valence subject=2 split 2/5
[23:35:32] repr_de_only model=rbf_svm dim=valence subject=2 split 2/5 trial_acc=0.375
[23:35:32] repr_de_only model=rbf_svm dim=valence subject=2 split 3/5
[23:36:21] repr_de_only model=rbf_svm dim=valence subject=2 split 3/5 trial_acc=0.750
[23:36:21] repr_de_only model=rbf_svm dim=valence subject=2 split 4/5
[23:37:05] repr_de_only model=rbf_svm dim=valence subject=2 split 4/5 trial_acc=0.750
[23:37:05] repr_de_only model=rbf_svm dim=valence subject=2 split 5/5
[23:37:43] repr_de_only model=rbf_svm dim=valence subject=2 split 5/5 trial_acc=0.625
[23:37:43] repr_de_only model=rbf_svm dim=valence subject=3 split 1/5
[23:38:20] repr_de_only model=rbf_svm dim=valence subject=3 split 1/5 trial_acc=0.625
[23:38:20] repr_de_only model=rbf_svm dim=valence subject=3 split 2/5
[23:38:57] repr_de_only model=rbf_svm dim=valence subject=3 split 2/5 trial_acc=0.750
[23:38:57] repr_de_only model=rbf_svm dim=valence subject=3 split 3/5
[23:39:35] repr_de_only model=rbf_svm dim=valence subject=3 split 3/5 trial_acc=0.750
[23:39:35] repr_de_only model=rbf_svm dim=valence subject=3 split 4/5
[23:40:12] repr_de_only model=rbf_svm dim=valence subject=3 split 4/5 trial_acc=0.375
[23:40:12] repr_de_only model=rbf_svm dim=valence subject=3 split 5/5
[23:40:49] repr_de_only model=rbf_svm dim=valence subject=3 split 5/5 trial_acc=0.875
[23:40:50] repr_de_only model=rbf_svm dim=valence subject=4 split 1/5
[23:41:29] repr_de_only model=rbf_svm dim=valence subject=4 split 1/5 trial_acc=0.375
[23:41:29] repr_de_only model=rbf_svm dim=valence subject=4 split 2/5
[23:42:08] repr_de_only model=rbf_svm dim=valence subject=4 split 2/5 trial_acc=0.625
[23:42:08] repr_de_only model=rbf_svm dim=valence subject=4 split 3/5
[23:42:48] repr_de_only model=rbf_svm dim=valence subject=4 split 3/5 trial_acc=0.375
[23:42:48] repr_de_only model=rbf_svm dim=valence subject=4 split 4/5
[23:43:27] repr_de_only model=rbf_svm dim=valence subject=4 split 4/5 trial_acc=0.375
[23:43:27] repr_de_only model=rbf_svm dim=valence subject=4 split 5/5
[23:44:07] repr_de_only model=rbf_svm dim=valence subject=4 split 5/5 trial_acc=0.500
[23:44:07] repr_de_only model=rbf_svm dim=valence subject=5 split 1/5
[23:44:46] repr_de_only model=rbf_svm dim=valence subject=5 split 1/5 trial_acc=0.500
[23:44:46] repr_de_only model=rbf_svm dim=valence subject=5 split 2/5
[23:45:26] repr_de_only model=rbf_svm dim=valence subject=5 split 2/5 trial_acc=0.375
[23:45:26] repr_de_only model=rbf_svm dim=valence subject=5 split 3/5
[23:46:05] repr_de_only model=rbf_svm dim=valence subject=5 split 3/5 trial_acc=0.375
[23:46:05] repr_de_only model=rbf_svm dim=valence subject=5 split 4/5
[23:46:44] repr_de_only model=rbf_svm dim=valence subject=5 split 4/5 trial_acc=0.750
[23:46:44] repr_de_only model=rbf_svm dim=valence subject=5 split 5/5
[23:47:23] repr_de_only model=rbf_svm dim=valence subject=5 split 5/5 trial_acc=0.500
[23:47:23] repr_de_only model=rbf_svm dim=valence subject=6 split 1/5
[23:48:02] repr_de_only model=rbf_svm dim=valence subject=6 split 1/5 trial_acc=0.250
[23:48:02] repr_de_only model=rbf_svm dim=valence subject=6 split 2/5
[23:48:41] repr_de_only model=rbf_svm dim=valence subject=6 split 2/5 trial_acc=0.625
[23:48:41] repr_de_only model=rbf_svm dim=valence subject=6 split 3/5
[23:49:20] repr_de_only model=rbf_svm dim=valence subject=6 split 3/5 trial_acc=0.375
[23:49:20] repr_de_only model=rbf_svm dim=valence subject=6 split 4/5
[23:49:59] repr_de_only model=rbf_svm dim=valence subject=6 split 4/5 trial_acc=0.500
[23:49:59] repr_de_only model=rbf_svm dim=valence subject=6 split 5/5
[23:50:38] repr_de_only model=rbf_svm dim=valence subject=6 split 5/5 trial_acc=0.625
[23:50:38] repr_de_only model=rbf_svm dim=valence subject=7 split 1/5
[23:51:17] repr_de_only model=rbf_svm dim=valence subject=7 split 1/5 trial_acc=0.625
[23:51:17] repr_de_only model=rbf_svm dim=valence subject=7 split 2/5
[23:51:57] repr_de_only model=rbf_svm dim=valence subject=7 split 2/5 trial_acc=0.375
[23:51:57] repr_de_only model=rbf_svm dim=valence subject=7 split 3/5
[23:52:35] repr_de_only model=rbf_svm dim=valence subject=7 split 3/5 trial_acc=0.750
[23:52:35] repr_de_only model=rbf_svm dim=valence subject=7 split 4/5
[23:53:14] repr_de_only model=rbf_svm dim=valence subject=7 split 4/5 trial_acc=0.625
[23:53:14] repr_de_only model=rbf_svm dim=valence subject=7 split 5/5
[23:53:53] repr_de_only model=rbf_svm dim=valence subject=7 split 5/5 trial_acc=0.500
[23:53:53] repr_de_only model=rbf_svm dim=valence subject=8 split 1/5
[23:54:32] repr_de_only model=rbf_svm dim=valence subject=8 split 1/5 trial_acc=0.875
[23:54:32] repr_de_only model=rbf_svm dim=valence subject=8 split 2/5
[23:55:12] repr_de_only model=rbf_svm dim=valence subject=8 split 2/5 trial_acc=0.500
[23:55:12] repr_de_only model=rbf_svm dim=valence subject=8 split 3/5
[23:55:51] repr_de_only model=rbf_svm dim=valence subject=8 split 3/5 trial_acc=0.750
[23:55:51] repr_de_only model=rbf_svm dim=valence subject=8 split 4/5
[23:56:30] repr_de_only model=rbf_svm dim=valence subject=8 split 4/5 trial_acc=0.500
[23:56:30] repr_de_only model=rbf_svm dim=valence subject=8 split 5/5
[23:57:09] repr_de_only model=rbf_svm dim=valence subject=8 split 5/5 trial_acc=0.625
[23:57:10] repr_de_only model=rbf_svm dim=valence subject=9 split 1/5
[23:57:48] repr_de_only model=rbf_svm dim=valence subject=9 split 1/5 trial_acc=0.500
[23:57:48] repr_de_only model=rbf_svm dim=valence subject=9 split 2/5
[23:58:27] repr_de_only model=rbf_svm dim=valence subject=9 split 2/5 trial_acc=0.625
[23:58:27] repr_de_only model=rbf_svm dim=valence subject=9 split 3/5
[23:59:06] repr_de_only model=rbf_svm dim=valence subject=9 split 3/5 trial_acc=0.750
[23:59:06] repr_de_only model=rbf_svm dim=valence subject=9 split 4/5
[23:59:45] repr_de_only model=rbf_svm dim=valence subject=9 split 4/5 trial_acc=0.625
[23:59:45] repr_de_only model=rbf_svm dim=valence subject=9 split 5/5
[00:00:29] repr_de_only model=rbf_svm dim=valence subject=9 split 5/5 trial_acc=0.875
[00:00:29] repr_de_only model=rbf_svm dim=valence subject=10 split 1/5
[00:01:08] repr_de_only model=rbf_svm dim=valence subject=10 split 1/5 trial_acc=1.000
[00:01:08] repr_de_only model=rbf_svm dim=valence subject=10 split 2/5
[00:01:47] repr_de_only model=rbf_svm dim=valence subject=10 split 2/5 trial_acc=0.875
[00:01:47] repr_de_only model=rbf_svm dim=valence subject=10 split 3/5
[00:02:26] repr_de_only model=rbf_svm dim=valence subject=10 split 3/5 trial_acc=0.875
[00:02:26] repr_de_only model=rbf_svm dim=valence subject=10 split 4/5
[00:03:05] repr_de_only model=rbf_svm dim=valence subject=10 split 4/5 trial_acc=0.875
[00:03:05] repr_de_only model=rbf_svm dim=valence subject=10 split 5/5
[00:03:44] repr_de_only model=rbf_svm dim=valence subject=10 split 5/5 trial_acc=0.875
[00:03:44] repr_de_only model=rbf_svm dim=valence subject=11 split 1/5
[00:04:24] repr_de_only model=rbf_svm dim=valence subject=11 split 1/5 trial_acc=0.375
[00:04:24] repr_de_only model=rbf_svm dim=valence subject=11 split 2/5
[00:05:03] repr_de_only model=rbf_svm dim=valence subject=11 split 2/5 trial_acc=0.625
[00:05:03] repr_de_only model=rbf_svm dim=valence subject=11 split 3/5
[00:05:42] repr_de_only model=rbf_svm dim=valence subject=11 split 3/5 trial_acc=0.750
[00:05:42] repr_de_only model=rbf_svm dim=valence subject=11 split 4/5
[00:06:21] repr_de_only model=rbf_svm dim=valence subject=11 split 4/5 trial_acc=0.750
[00:06:21] repr_de_only model=rbf_svm dim=valence subject=11 split 5/5
[00:07:00] repr_de_only model=rbf_svm dim=valence subject=11 split 5/5 trial_acc=0.375
[00:07:00] repr_de_only model=rbf_svm dim=valence subject=12 split 1/5
[00:07:39] repr_de_only model=rbf_svm dim=valence subject=12 split 1/5 trial_acc=0.375
[00:07:39] repr_de_only model=rbf_svm dim=valence subject=12 split 2/5
[00:08:18] repr_de_only model=rbf_svm dim=valence subject=12 split 2/5 trial_acc=0.500
[00:08:18] repr_de_only model=rbf_svm dim=valence subject=12 split 3/5
[00:08:57] repr_de_only model=rbf_svm dim=valence subject=12 split 3/5 trial_acc=0.625
[00:08:57] repr_de_only model=rbf_svm dim=valence subject=12 split 4/5
[00:09:36] repr_de_only model=rbf_svm dim=valence subject=12 split 4/5 trial_acc=0.500
[00:09:36] repr_de_only model=rbf_svm dim=valence subject=12 split 5/5
[00:10:14] repr_de_only model=rbf_svm dim=valence subject=12 split 5/5 trial_acc=0.750
[00:10:15] repr_de_only model=rbf_svm dim=valence subject=13 split 1/5
[00:10:53] repr_de_only model=rbf_svm dim=valence subject=13 split 1/5 trial_acc=0.875
[00:10:53] repr_de_only model=rbf_svm dim=valence subject=13 split 2/5
[00:11:32] repr_de_only model=rbf_svm dim=valence subject=13 split 2/5 trial_acc=0.625
[00:11:32] repr_de_only model=rbf_svm dim=valence subject=13 split 3/5
[00:12:11] repr_de_only model=rbf_svm dim=valence subject=13 split 3/5 trial_acc=0.500
[00:12:11] repr_de_only model=rbf_svm dim=valence subject=13 split 4/5
[00:12:50] repr_de_only model=rbf_svm dim=valence subject=13 split 4/5 trial_acc=0.875
[00:12:51] repr_de_only model=rbf_svm dim=valence subject=13 split 5/5
[00:13:33] repr_de_only model=rbf_svm dim=valence subject=13 split 5/5 trial_acc=0.875
[00:13:33] repr_de_only model=rbf_svm dim=valence subject=14 split 1/5
[00:14:11] repr_de_only model=rbf_svm dim=valence subject=14 split 1/5 trial_acc=0.750
[00:14:11] repr_de_only model=rbf_svm dim=valence subject=14 split 2/5
[00:14:50] repr_de_only model=rbf_svm dim=valence subject=14 split 2/5 trial_acc=0.625
[00:14:50] repr_de_only model=rbf_svm dim=valence subject=14 split 3/5
[00:15:28] repr_de_only model=rbf_svm dim=valence subject=14 split 3/5 trial_acc=0.875
[00:15:28] repr_de_only model=rbf_svm dim=valence subject=14 split 4/5
[00:16:07] repr_de_only model=rbf_svm dim=valence subject=14 split 4/5 trial_acc=0.750
[00:16:07] repr_de_only model=rbf_svm dim=valence subject=14 split 5/5
[00:16:46] repr_de_only model=rbf_svm dim=valence subject=14 split 5/5 trial_acc=1.000
[00:16:46] repr_de_only model=rbf_svm dim=valence subject=15 split 1/5
[00:17:25] repr_de_only model=rbf_svm dim=valence subject=15 split 1/5 trial_acc=0.750
[00:17:25] repr_de_only model=rbf_svm dim=valence subject=15 split 2/5
[00:18:04] repr_de_only model=rbf_svm dim=valence subject=15 split 2/5 trial_acc=1.000
[00:18:04] repr_de_only model=rbf_svm dim=valence subject=15 split 3/5
[00:18:43] repr_de_only model=rbf_svm dim=valence subject=15 split 3/5 trial_acc=0.750
[00:18:43] repr_de_only model=rbf_svm dim=valence subject=15 split 4/5
[00:19:21] repr_de_only model=rbf_svm dim=valence subject=15 split 4/5 trial_acc=1.000
[00:19:21] repr_de_only model=rbf_svm dim=valence subject=15 split 5/5
[00:20:00] repr_de_only model=rbf_svm dim=valence subject=15 split 5/5 trial_acc=0.625
[00:20:00] repr_de_only model=rbf_svm dim=valence subject=16 split 1/5
[00:20:38] repr_de_only model=rbf_svm dim=valence subject=16 split 1/5 trial_acc=0.375
[00:20:38] repr_de_only model=rbf_svm dim=valence subject=16 split 2/5
[00:21:17] repr_de_only model=rbf_svm dim=valence subject=16 split 2/5 trial_acc=0.375
[00:21:17] repr_de_only model=rbf_svm dim=valence subject=16 split 3/5
[00:21:57] repr_de_only model=rbf_svm dim=valence subject=16 split 3/5 trial_acc=0.375
[00:21:57] repr_de_only model=rbf_svm dim=valence subject=16 split 4/5
[00:22:36] repr_de_only model=rbf_svm dim=valence subject=16 split 4/5 trial_acc=0.500
[00:22:36] repr_de_only model=rbf_svm dim=valence subject=16 split 5/5
[00:23:15] repr_de_only model=rbf_svm dim=valence subject=16 split 5/5 trial_acc=0.500
[00:23:16] repr_de_only model=rbf_svm dim=valence subject=17 split 1/5
[00:23:55] repr_de_only model=rbf_svm dim=valence subject=17 split 1/5 trial_acc=0.500
[00:23:55] repr_de_only model=rbf_svm dim=valence subject=17 split 2/5
[00:24:35] repr_de_only model=rbf_svm dim=valence subject=17 split 2/5 trial_acc=0.250
[00:24:35] repr_de_only model=rbf_svm dim=valence subject=17 split 3/5
[00:25:14] repr_de_only model=rbf_svm dim=valence subject=17 split 3/5 trial_acc=0.375
[00:25:14] repr_de_only model=rbf_svm dim=valence subject=17 split 4/5
[00:25:53] repr_de_only model=rbf_svm dim=valence subject=17 split 4/5 trial_acc=0.250
[00:25:53] repr_de_only model=rbf_svm dim=valence subject=17 split 5/5
[00:26:32] repr_de_only model=rbf_svm dim=valence subject=17 split 5/5 trial_acc=0.625
[00:26:32] repr_de_only model=rbf_svm dim=valence subject=18 split 1/5
[00:27:10] repr_de_only model=rbf_svm dim=valence subject=18 split 1/5 trial_acc=0.875
[00:27:10] repr_de_only model=rbf_svm dim=valence subject=18 split 2/5
[00:27:49] repr_de_only model=rbf_svm dim=valence subject=18 split 2/5 trial_acc=0.625
[00:27:49] repr_de_only model=rbf_svm dim=valence subject=18 split 3/5
[00:28:27] repr_de_only model=rbf_svm dim=valence subject=18 split 3/5 trial_acc=0.750
[00:28:27] repr_de_only model=rbf_svm dim=valence subject=18 split 4/5
[00:29:06] repr_de_only model=rbf_svm dim=valence subject=18 split 4/5 trial_acc=1.000
[00:29:06] repr_de_only model=rbf_svm dim=valence subject=18 split 5/5
[00:29:45] repr_de_only model=rbf_svm dim=valence subject=18 split 5/5 trial_acc=1.000
[00:29:45] repr_de_only model=rbf_svm dim=valence subject=19 split 1/5
[00:30:24] repr_de_only model=rbf_svm dim=valence subject=19 split 1/5 trial_acc=0.500
[00:30:24] repr_de_only model=rbf_svm dim=valence subject=19 split 2/5
[00:31:02] repr_de_only model=rbf_svm dim=valence subject=19 split 2/5 trial_acc=0.625
[00:31:02] repr_de_only model=rbf_svm dim=valence subject=19 split 3/5
[00:31:42] repr_de_only model=rbf_svm dim=valence subject=19 split 3/5 trial_acc=0.375
[00:31:42] repr_de_only model=rbf_svm dim=valence subject=19 split 4/5
[00:32:21] repr_de_only model=rbf_svm dim=valence subject=19 split 4/5 trial_acc=0.250
[00:32:21] repr_de_only model=rbf_svm dim=valence subject=19 split 5/5
[00:32:59] repr_de_only model=rbf_svm dim=valence subject=19 split 5/5 trial_acc=0.625
[00:32:59] repr_de_only model=rbf_svm dim=valence subject=20 split 1/5
[00:33:38] repr_de_only model=rbf_svm dim=valence subject=20 split 1/5 trial_acc=0.625
[00:33:38] repr_de_only model=rbf_svm dim=valence subject=20 split 2/5
[00:34:18] repr_de_only model=rbf_svm dim=valence subject=20 split 2/5 trial_acc=0.500
[00:34:18] repr_de_only model=rbf_svm dim=valence subject=20 split 3/5
[00:34:57] repr_de_only model=rbf_svm dim=valence subject=20 split 3/5 trial_acc=0.500
[00:34:57] repr_de_only model=rbf_svm dim=valence subject=20 split 4/5
[00:35:36] repr_de_only model=rbf_svm dim=valence subject=20 split 4/5 trial_acc=0.500
[00:35:36] repr_de_only model=rbf_svm dim=valence subject=20 split 5/5
[00:36:16] repr_de_only model=rbf_svm dim=valence subject=20 split 5/5 trial_acc=0.500
[00:36:16] repr_de_only model=rbf_svm dim=valence subject=21 split 1/5
[00:36:55] repr_de_only model=rbf_svm dim=valence subject=21 split 1/5 trial_acc=0.375
[00:36:55] repr_de_only model=rbf_svm dim=valence subject=21 split 2/5
[00:37:34] repr_de_only model=rbf_svm dim=valence subject=21 split 2/5 trial_acc=0.250
[00:37:34] repr_de_only model=rbf_svm dim=valence subject=21 split 3/5
[00:38:13] repr_de_only model=rbf_svm dim=valence subject=21 split 3/5 trial_acc=0.375
[00:38:13] repr_de_only model=rbf_svm dim=valence subject=21 split 4/5
[00:38:53] repr_de_only model=rbf_svm dim=valence subject=21 split 4/5 trial_acc=0.375
[00:38:53] repr_de_only model=rbf_svm dim=valence subject=21 split 5/5
[00:39:32] repr_de_only model=rbf_svm dim=valence subject=21 split 5/5 trial_acc=0.375
[00:39:32] repr_de_only model=rbf_svm dim=valence subject=22 split 1/5
[00:40:11] repr_de_only model=rbf_svm dim=valence subject=22 split 1/5 trial_acc=0.500
[00:40:11] repr_de_only model=rbf_svm dim=valence subject=22 split 2/5
[00:40:50] repr_de_only model=rbf_svm dim=valence subject=22 split 2/5 trial_acc=0.375
[00:40:50] repr_de_only model=rbf_svm dim=valence subject=22 split 3/5
[00:41:32] repr_de_only model=rbf_svm dim=valence subject=22 split 3/5 trial_acc=0.625
[00:41:32] repr_de_only model=rbf_svm dim=valence subject=22 split 4/5
[00:42:16] repr_de_only model=rbf_svm dim=valence subject=22 split 4/5 trial_acc=0.250
[00:42:16] repr_de_only model=rbf_svm dim=valence subject=22 split 5/5
[00:42:54] repr_de_only model=rbf_svm dim=valence subject=22 split 5/5 trial_acc=0.500
[00:42:54] repr_de_only model=rbf_svm dim=valence subject=23 split 1/5
[00:43:33] repr_de_only model=rbf_svm dim=valence subject=23 split 1/5 trial_acc=0.500
[00:43:33] repr_de_only model=rbf_svm dim=valence subject=23 split 2/5
[00:44:12] repr_de_only model=rbf_svm dim=valence subject=23 split 2/5 trial_acc=0.625
[00:44:12] repr_de_only model=rbf_svm dim=valence subject=23 split 3/5
[00:44:51] repr_de_only model=rbf_svm dim=valence subject=23 split 3/5 trial_acc=0.250
[00:44:51] repr_de_only model=rbf_svm dim=valence subject=23 split 4/5
[00:45:30] repr_de_only model=rbf_svm dim=valence subject=23 split 4/5 trial_acc=0.625
[00:45:30] repr_de_only model=rbf_svm dim=valence subject=23 split 5/5
[00:46:09] repr_de_only model=rbf_svm dim=valence subject=23 split 5/5 trial_acc=0.250
[00:46:09] repr_de_only model=rbf_svm dim=valence subject=24 split 1/5
[00:46:48] repr_de_only model=rbf_svm dim=valence subject=24 split 1/5 trial_acc=1.000
[00:46:48] repr_de_only model=rbf_svm dim=valence subject=24 split 2/5
[00:47:27] repr_de_only model=rbf_svm dim=valence subject=24 split 2/5 trial_acc=0.625
[00:47:27] repr_de_only model=rbf_svm dim=valence subject=24 split 3/5
[00:48:06] repr_de_only model=rbf_svm dim=valence subject=24 split 3/5 trial_acc=0.625
[00:48:06] repr_de_only model=rbf_svm dim=valence subject=24 split 4/5
[00:48:46] repr_de_only model=rbf_svm dim=valence subject=24 split 4/5 trial_acc=0.750
[00:48:46] repr_de_only model=rbf_svm dim=valence subject=24 split 5/5
[00:49:25] repr_de_only model=rbf_svm dim=valence subject=24 split 5/5 trial_acc=0.625
[00:49:25] repr_de_only model=rbf_svm dim=valence subject=25 split 1/5
[00:50:04] repr_de_only model=rbf_svm dim=valence subject=25 split 1/5 trial_acc=0.625
[00:50:04] repr_de_only model=rbf_svm dim=valence subject=25 split 2/5
[00:50:43] repr_de_only model=rbf_svm dim=valence subject=25 split 2/5 trial_acc=0.375
[00:50:43] repr_de_only model=rbf_svm dim=valence subject=25 split 3/5
[00:51:24] repr_de_only model=rbf_svm dim=valence subject=25 split 3/5 trial_acc=0.750
[00:51:24] repr_de_only model=rbf_svm dim=valence subject=25 split 4/5
[00:52:03] repr_de_only model=rbf_svm dim=valence subject=25 split 4/5 trial_acc=0.625
[00:52:03] repr_de_only model=rbf_svm dim=valence subject=25 split 5/5
[00:52:42] repr_de_only model=rbf_svm dim=valence subject=25 split 5/5 trial_acc=0.750
[00:52:42] repr_de_only model=rbf_svm dim=valence subject=26 split 1/5
[00:53:21] repr_de_only model=rbf_svm dim=valence subject=26 split 1/5 trial_acc=0.625
[00:53:21] repr_de_only model=rbf_svm dim=valence subject=26 split 2/5
[00:54:00] repr_de_only model=rbf_svm dim=valence subject=26 split 2/5 trial_acc=0.750
[00:54:00] repr_de_only model=rbf_svm dim=valence subject=26 split 3/5
[00:54:38] repr_de_only model=rbf_svm dim=valence subject=26 split 3/5 trial_acc=0.500
[00:54:38] repr_de_only model=rbf_svm dim=valence subject=26 split 4/5
[00:55:17] repr_de_only model=rbf_svm dim=valence subject=26 split 4/5 trial_acc=0.500
[00:55:17] repr_de_only model=rbf_svm dim=valence subject=26 split 5/5
[00:55:56] repr_de_only model=rbf_svm dim=valence subject=26 split 5/5 trial_acc=0.375
[00:55:56] repr_de_only model=rbf_svm dim=valence subject=27 split 1/5
[00:56:35] repr_de_only model=rbf_svm dim=valence subject=27 split 1/5 trial_acc=0.500
[00:56:35] repr_de_only model=rbf_svm dim=valence subject=27 split 2/5
[00:57:14] repr_de_only model=rbf_svm dim=valence subject=27 split 2/5 trial_acc=0.750
[00:57:14] repr_de_only model=rbf_svm dim=valence subject=27 split 3/5
[00:57:54] repr_de_only model=rbf_svm dim=valence subject=27 split 3/5 trial_acc=0.625
[00:57:54] repr_de_only model=rbf_svm dim=valence subject=27 split 4/5
[00:58:33] repr_de_only model=rbf_svm dim=valence subject=27 split 4/5 trial_acc=0.750
[00:58:33] repr_de_only model=rbf_svm dim=valence subject=27 split 5/5
[00:59:11] repr_de_only model=rbf_svm dim=valence subject=27 split 5/5 trial_acc=0.375
[00:59:11] repr_de_only model=rbf_svm dim=valence subject=28 split 1/5
[00:59:50] repr_de_only model=rbf_svm dim=valence subject=28 split 1/5 trial_acc=0.375
[00:59:50] repr_de_only model=rbf_svm dim=valence subject=28 split 2/5
[01:00:36] repr_de_only model=rbf_svm dim=valence subject=28 split 2/5 trial_acc=0.500
[01:00:36] repr_de_only model=rbf_svm dim=valence subject=28 split 3/5
[01:01:15] repr_de_only model=rbf_svm dim=valence subject=28 split 3/5 trial_acc=0.375
[01:01:15] repr_de_only model=rbf_svm dim=valence subject=28 split 4/5
[01:01:55] repr_de_only model=rbf_svm dim=valence subject=28 split 4/5 trial_acc=0.500
[01:01:55] repr_de_only model=rbf_svm dim=valence subject=28 split 5/5
[01:02:34] repr_de_only model=rbf_svm dim=valence subject=28 split 5/5 trial_acc=0.500
[01:02:34] repr_de_only model=rbf_svm dim=valence subject=29 split 1/5
[01:03:12] repr_de_only model=rbf_svm dim=valence subject=29 split 1/5 trial_acc=0.500
[01:03:12] repr_de_only model=rbf_svm dim=valence subject=29 split 2/5
[01:03:51] repr_de_only model=rbf_svm dim=valence subject=29 split 2/5 trial_acc=0.625
[01:03:51] repr_de_only model=rbf_svm dim=valence subject=29 split 3/5
[01:04:31] repr_de_only model=rbf_svm dim=valence subject=29 split 3/5 trial_acc=0.500
[01:04:31] repr_de_only model=rbf_svm dim=valence subject=29 split 4/5
[01:05:10] repr_de_only model=rbf_svm dim=valence subject=29 split 4/5 trial_acc=0.500
[01:05:10] repr_de_only model=rbf_svm dim=valence subject=29 split 5/5
[01:05:49] repr_de_only model=rbf_svm dim=valence subject=29 split 5/5 trial_acc=0.625
[01:05:49] repr_de_only model=rbf_svm dim=valence subject=30 split 1/5
[01:06:28] repr_de_only model=rbf_svm dim=valence subject=30 split 1/5 trial_acc=0.375
[01:06:28] repr_de_only model=rbf_svm dim=valence subject=30 split 2/5
[01:07:07] repr_de_only model=rbf_svm dim=valence subject=30 split 2/5 trial_acc=0.625
[01:07:07] repr_de_only model=rbf_svm dim=valence subject=30 split 3/5
[01:07:46] repr_de_only model=rbf_svm dim=valence subject=30 split 3/5 trial_acc=0.625
[01:07:46] repr_de_only model=rbf_svm dim=valence subject=30 split 4/5
[01:08:25] repr_de_only model=rbf_svm dim=valence subject=30 split 4/5 trial_acc=0.375
[01:08:25] repr_de_only model=rbf_svm dim=valence subject=30 split 5/5
[01:09:05] repr_de_only model=rbf_svm dim=valence subject=30 split 5/5 trial_acc=0.500
[01:09:05] repr_de_only model=rbf_svm dim=valence subject=31 split 1/5
[01:09:44] repr_de_only model=rbf_svm dim=valence subject=31 split 1/5 trial_acc=0.375
[01:09:44] repr_de_only model=rbf_svm dim=valence subject=31 split 2/5
[01:10:23] repr_de_only model=rbf_svm dim=valence subject=31 split 2/5 trial_acc=0.375
[01:10:23] repr_de_only model=rbf_svm dim=valence subject=31 split 3/5
[01:11:02] repr_de_only model=rbf_svm dim=valence subject=31 split 3/5 trial_acc=0.500
[01:11:02] repr_de_only model=rbf_svm dim=valence subject=31 split 4/5
[01:11:41] repr_de_only model=rbf_svm dim=valence subject=31 split 4/5 trial_acc=0.500
[01:11:41] repr_de_only model=rbf_svm dim=valence subject=31 split 5/5
[01:12:21] repr_de_only model=rbf_svm dim=valence subject=31 split 5/5 trial_acc=0.625
[01:12:21] repr_de_only model=rbf_svm dim=valence subject=32 split 1/5
[01:13:00] repr_de_only model=rbf_svm dim=valence subject=32 split 1/5 trial_acc=0.500
[01:13:00] repr_de_only model=rbf_svm dim=valence subject=32 split 2/5
[01:13:39] repr_de_only model=rbf_svm dim=valence subject=32 split 2/5 trial_acc=0.375
[01:13:39] repr_de_only model=rbf_svm dim=valence subject=32 split 3/5
[01:14:18] repr_de_only model=rbf_svm dim=valence subject=32 split 3/5 trial_acc=0.500
[01:14:18] repr_de_only model=rbf_svm dim=valence subject=32 split 4/5
[01:14:58] repr_de_only model=rbf_svm dim=valence subject=32 split 4/5 trial_acc=0.375
[01:14:58] repr_de_only model=rbf_svm dim=valence subject=32 split 5/5
[01:15:36] repr_de_only model=rbf_svm dim=valence subject=32 split 5/5 trial_acc=0.250
[01:15:36] repr_de_only model=rbf_svm dim=arousal subject=1 split 1/5
[01:16:15] repr_de_only model=rbf_svm dim=arousal subject=1 split 1/5 trial_acc=0.625
[01:16:15] repr_de_only model=rbf_svm dim=arousal subject=1 split 2/5
[01:16:54] repr_de_only model=rbf_svm dim=arousal subject=1 split 2/5 trial_acc=0.500
[01:16:54] repr_de_only model=rbf_svm dim=arousal subject=1 split 3/5
[01:17:34] repr_de_only model=rbf_svm dim=arousal subject=1 split 3/5 trial_acc=0.625
[01:17:34] repr_de_only model=rbf_svm dim=arousal subject=1 split 4/5
[01:18:13] repr_de_only model=rbf_svm dim=arousal subject=1 split 4/5 trial_acc=0.625
[01:18:13] repr_de_only model=rbf_svm dim=arousal subject=1 split 5/5
[01:18:52] repr_de_only model=rbf_svm dim=arousal subject=1 split 5/5 trial_acc=0.625
[01:18:52] repr_de_only model=rbf_svm dim=arousal subject=2 split 1/5
[01:19:31] repr_de_only model=rbf_svm dim=arousal subject=2 split 1/5 trial_acc=0.500
[01:19:31] repr_de_only model=rbf_svm dim=arousal subject=2 split 2/5
[01:20:10] repr_de_only model=rbf_svm dim=arousal subject=2 split 2/5 trial_acc=0.750
[01:20:10] repr_de_only model=rbf_svm dim=arousal subject=2 split 3/5
[01:20:49] repr_de_only model=rbf_svm dim=arousal subject=2 split 3/5 trial_acc=0.500
[01:20:49] repr_de_only model=rbf_svm dim=arousal subject=2 split 4/5
[01:21:27] repr_de_only model=rbf_svm dim=arousal subject=2 split 4/5 trial_acc=0.625
[01:21:27] repr_de_only model=rbf_svm dim=arousal subject=2 split 5/5
[01:22:06] repr_de_only model=rbf_svm dim=arousal subject=2 split 5/5 trial_acc=0.500
[01:22:06] repr_de_only model=rbf_svm dim=arousal subject=3 split 1/5
[01:22:45] repr_de_only model=rbf_svm dim=arousal subject=3 split 1/5 trial_acc=0.625
[01:22:45] repr_de_only model=rbf_svm dim=arousal subject=3 split 2/5
[01:23:24] repr_de_only model=rbf_svm dim=arousal subject=3 split 2/5 trial_acc=0.750
[01:23:24] repr_de_only model=rbf_svm dim=arousal subject=3 split 3/5
[01:24:03] repr_de_only model=rbf_svm dim=arousal subject=3 split 3/5 trial_acc=0.750
[01:24:03] repr_de_only model=rbf_svm dim=arousal subject=3 split 4/5
[01:24:41] repr_de_only model=rbf_svm dim=arousal subject=3 split 4/5 trial_acc=0.625
[01:24:41] repr_de_only model=rbf_svm dim=arousal subject=3 split 5/5
[01:25:20] repr_de_only model=rbf_svm dim=arousal subject=3 split 5/5 trial_acc=0.625
[01:25:20] repr_de_only model=rbf_svm dim=arousal subject=4 split 1/5
[01:25:59] repr_de_only model=rbf_svm dim=arousal subject=4 split 1/5 trial_acc=0.500
[01:25:59] repr_de_only model=rbf_svm dim=arousal subject=4 split 2/5
[01:26:39] repr_de_only model=rbf_svm dim=arousal subject=4 split 2/5 trial_acc=0.375
[01:26:39] repr_de_only model=rbf_svm dim=arousal subject=4 split 3/5
[01:27:18] repr_de_only model=rbf_svm dim=arousal subject=4 split 3/5 trial_acc=0.375
[01:27:18] repr_de_only model=rbf_svm dim=arousal subject=4 split 4/5
[01:27:57] repr_de_only model=rbf_svm dim=arousal subject=4 split 4/5 trial_acc=0.500
[01:27:57] repr_de_only model=rbf_svm dim=arousal subject=4 split 5/5
[01:28:36] repr_de_only model=rbf_svm dim=arousal subject=4 split 5/5 trial_acc=0.375
[01:28:36] repr_de_only model=rbf_svm dim=arousal subject=5 split 1/5
[01:29:15] repr_de_only model=rbf_svm dim=arousal subject=5 split 1/5 trial_acc=0.250
[01:29:15] repr_de_only model=rbf_svm dim=arousal subject=5 split 2/5
[01:29:55] repr_de_only model=rbf_svm dim=arousal subject=5 split 2/5 trial_acc=0.625
[01:29:55] repr_de_only model=rbf_svm dim=arousal subject=5 split 3/5
[01:30:34] repr_de_only model=rbf_svm dim=arousal subject=5 split 3/5 trial_acc=0.750
[01:30:34] repr_de_only model=rbf_svm dim=arousal subject=5 split 4/5
[01:31:13] repr_de_only model=rbf_svm dim=arousal subject=5 split 4/5 trial_acc=0.250
[01:31:13] repr_de_only model=rbf_svm dim=arousal subject=5 split 5/5
[01:31:53] repr_de_only model=rbf_svm dim=arousal subject=5 split 5/5 trial_acc=0.500
[01:31:53] repr_de_only model=rbf_svm dim=arousal subject=6 split 1/5
[01:32:32] repr_de_only model=rbf_svm dim=arousal subject=6 split 1/5 trial_acc=0.375
[01:32:32] repr_de_only model=rbf_svm dim=arousal subject=6 split 2/5
[01:33:12] repr_de_only model=rbf_svm dim=arousal subject=6 split 2/5 trial_acc=0.750
[01:33:12] repr_de_only model=rbf_svm dim=arousal subject=6 split 3/5
[01:33:51] repr_de_only model=rbf_svm dim=arousal subject=6 split 3/5 trial_acc=0.750
[01:33:51] repr_de_only model=rbf_svm dim=arousal subject=6 split 4/5
[01:34:31] repr_de_only model=rbf_svm dim=arousal subject=6 split 4/5 trial_acc=0.500
[01:34:31] repr_de_only model=rbf_svm dim=arousal subject=6 split 5/5
[01:35:10] repr_de_only model=rbf_svm dim=arousal subject=6 split 5/5 trial_acc=0.375
[01:35:10] repr_de_only model=rbf_svm dim=arousal subject=7 split 1/5
[01:35:49] repr_de_only model=rbf_svm dim=arousal subject=7 split 1/5 trial_acc=0.500
[01:35:49] repr_de_only model=rbf_svm dim=arousal subject=7 split 2/5
[01:36:28] repr_de_only model=rbf_svm dim=arousal subject=7 split 2/5 trial_acc=0.250
[01:36:28] repr_de_only model=rbf_svm dim=arousal subject=7 split 3/5
[01:37:07] repr_de_only model=rbf_svm dim=arousal subject=7 split 3/5 trial_acc=0.625
[01:37:07] repr_de_only model=rbf_svm dim=arousal subject=7 split 4/5
[01:37:46] repr_de_only model=rbf_svm dim=arousal subject=7 split 4/5 trial_acc=0.625
[01:37:46] repr_de_only model=rbf_svm dim=arousal subject=7 split 5/5
[01:38:25] repr_de_only model=rbf_svm dim=arousal subject=7 split 5/5 trial_acc=0.625
[01:38:25] repr_de_only model=rbf_svm dim=arousal subject=8 split 1/5
[01:39:04] repr_de_only model=rbf_svm dim=arousal subject=8 split 1/5 trial_acc=0.250
[01:39:04] repr_de_only model=rbf_svm dim=arousal subject=8 split 2/5
[01:39:43] repr_de_only model=rbf_svm dim=arousal subject=8 split 2/5 trial_acc=0.375
[01:39:43] repr_de_only model=rbf_svm dim=arousal subject=8 split 3/5
[01:40:22] repr_de_only model=rbf_svm dim=arousal subject=8 split 3/5 trial_acc=0.375
[01:40:22] repr_de_only model=rbf_svm dim=arousal subject=8 split 4/5
[01:41:02] repr_de_only model=rbf_svm dim=arousal subject=8 split 4/5 trial_acc=0.625
[01:41:02] repr_de_only model=rbf_svm dim=arousal subject=8 split 5/5
[01:41:41] repr_de_only model=rbf_svm dim=arousal subject=8 split 5/5 trial_acc=0.250
[01:41:41] repr_de_only model=rbf_svm dim=arousal subject=9 split 1/5
[01:42:21] repr_de_only model=rbf_svm dim=arousal subject=9 split 1/5 trial_acc=0.625
[01:42:21] repr_de_only model=rbf_svm dim=arousal subject=9 split 2/5
[01:43:00] repr_de_only model=rbf_svm dim=arousal subject=9 split 2/5 trial_acc=0.500
[01:43:00] repr_de_only model=rbf_svm dim=arousal subject=9 split 3/5
[01:43:39] repr_de_only model=rbf_svm dim=arousal subject=9 split 3/5 trial_acc=0.375
[01:43:39] repr_de_only model=rbf_svm dim=arousal subject=9 split 4/5
[01:44:18] repr_de_only model=rbf_svm dim=arousal subject=9 split 4/5 trial_acc=0.625
[01:44:18] repr_de_only model=rbf_svm dim=arousal subject=9 split 5/5
[01:44:57] repr_de_only model=rbf_svm dim=arousal subject=9 split 5/5 trial_acc=0.500
[01:44:57] repr_de_only model=rbf_svm dim=arousal subject=10 split 1/5
[01:45:36] repr_de_only model=rbf_svm dim=arousal subject=10 split 1/5 trial_acc=0.375
[01:45:36] repr_de_only model=rbf_svm dim=arousal subject=10 split 2/5
[01:46:15] repr_de_only model=rbf_svm dim=arousal subject=10 split 2/5 trial_acc=0.875
[01:46:15] repr_de_only model=rbf_svm dim=arousal subject=10 split 3/5
[01:46:54] repr_de_only model=rbf_svm dim=arousal subject=10 split 3/5 trial_acc=0.375
[01:46:54] repr_de_only model=rbf_svm dim=arousal subject=10 split 4/5
[01:47:32] repr_de_only model=rbf_svm dim=arousal subject=10 split 4/5 trial_acc=0.500
[01:47:32] repr_de_only model=rbf_svm dim=arousal subject=10 split 5/5
[01:48:11] repr_de_only model=rbf_svm dim=arousal subject=10 split 5/5 trial_acc=0.625
[01:48:11] repr_de_only model=rbf_svm dim=arousal subject=11 split 1/5
[01:48:50] repr_de_only model=rbf_svm dim=arousal subject=11 split 1/5 trial_acc=0.500
[01:48:50] repr_de_only model=rbf_svm dim=arousal subject=11 split 2/5
[01:49:29] repr_de_only model=rbf_svm dim=arousal subject=11 split 2/5 trial_acc=0.250
[01:49:29] repr_de_only model=rbf_svm dim=arousal subject=11 split 3/5
[01:50:08] repr_de_only model=rbf_svm dim=arousal subject=11 split 3/5 trial_acc=0.250
[01:50:08] repr_de_only model=rbf_svm dim=arousal subject=11 split 4/5
[01:50:47] repr_de_only model=rbf_svm dim=arousal subject=11 split 4/5 trial_acc=0.625
[01:50:47] repr_de_only model=rbf_svm dim=arousal subject=11 split 5/5
[01:51:26] repr_de_only model=rbf_svm dim=arousal subject=11 split 5/5 trial_acc=0.625
[01:51:26] repr_de_only model=rbf_svm dim=arousal subject=12 split 1/5
[01:52:05] repr_de_only model=rbf_svm dim=arousal subject=12 split 1/5 trial_acc=0.625
[01:52:05] repr_de_only model=rbf_svm dim=arousal subject=12 split 2/5
[01:52:45] repr_de_only model=rbf_svm dim=arousal subject=12 split 2/5 trial_acc=0.750
[01:52:45] repr_de_only model=rbf_svm dim=arousal subject=12 split 3/5
[01:53:24] repr_de_only model=rbf_svm dim=arousal subject=12 split 3/5 trial_acc=0.875
[01:53:24] repr_de_only model=rbf_svm dim=arousal subject=12 split 4/5
[01:54:03] repr_de_only model=rbf_svm dim=arousal subject=12 split 4/5 trial_acc=1.000
[01:54:03] repr_de_only model=rbf_svm dim=arousal subject=12 split 5/5
[01:54:42] repr_de_only model=rbf_svm dim=arousal subject=12 split 5/5 trial_acc=0.500
[01:54:42] repr_de_only model=rbf_svm dim=arousal subject=13 split 1/5
[01:55:21] repr_de_only model=rbf_svm dim=arousal subject=13 split 1/5 trial_acc=0.500
[01:55:21] repr_de_only model=rbf_svm dim=arousal subject=13 split 2/5
[01:56:00] repr_de_only model=rbf_svm dim=arousal subject=13 split 2/5 trial_acc=0.625
[01:56:00] repr_de_only model=rbf_svm dim=arousal subject=13 split 3/5
[01:56:39] repr_de_only model=rbf_svm dim=arousal subject=13 split 3/5 trial_acc=0.500
[01:56:39] repr_de_only model=rbf_svm dim=arousal subject=13 split 4/5
[01:57:19] repr_de_only model=rbf_svm dim=arousal subject=13 split 4/5 trial_acc=0.500
[01:57:19] repr_de_only model=rbf_svm dim=arousal subject=13 split 5/5
[01:57:58] repr_de_only model=rbf_svm dim=arousal subject=13 split 5/5 trial_acc=0.750
[01:57:58] repr_de_only model=rbf_svm dim=arousal subject=14 split 1/5
[01:58:37] repr_de_only model=rbf_svm dim=arousal subject=14 split 1/5 trial_acc=0.375
[01:58:37] repr_de_only model=rbf_svm dim=arousal subject=14 split 2/5
[01:59:16] repr_de_only model=rbf_svm dim=arousal subject=14 split 2/5 trial_acc=0.625
[01:59:16] repr_de_only model=rbf_svm dim=arousal subject=14 split 3/5
[01:59:55] repr_de_only model=rbf_svm dim=arousal subject=14 split 3/5 trial_acc=0.750
[01:59:55] repr_de_only model=rbf_svm dim=arousal subject=14 split 4/5
[02:00:34] repr_de_only model=rbf_svm dim=arousal subject=14 split 4/5 trial_acc=0.375
[02:00:34] repr_de_only model=rbf_svm dim=arousal subject=14 split 5/5
[02:01:13] repr_de_only model=rbf_svm dim=arousal subject=14 split 5/5 trial_acc=0.375
[02:01:13] repr_de_only model=rbf_svm dim=arousal subject=15 split 1/5
[02:01:53] repr_de_only model=rbf_svm dim=arousal subject=15 split 1/5 trial_acc=0.500
[02:01:53] repr_de_only model=rbf_svm dim=arousal subject=15 split 2/5
[02:02:32] repr_de_only model=rbf_svm dim=arousal subject=15 split 2/5 trial_acc=0.375
[02:02:32] repr_de_only model=rbf_svm dim=arousal subject=15 split 3/5
[02:03:11] repr_de_only model=rbf_svm dim=arousal subject=15 split 3/5 trial_acc=0.250
[02:03:11] repr_de_only model=rbf_svm dim=arousal subject=15 split 4/5
[02:03:51] repr_de_only model=rbf_svm dim=arousal subject=15 split 4/5 trial_acc=0.500
[02:03:51] repr_de_only model=rbf_svm dim=arousal subject=15 split 5/5
[02:04:30] repr_de_only model=rbf_svm dim=arousal subject=15 split 5/5 trial_acc=0.500
[02:04:30] repr_de_only model=rbf_svm dim=arousal subject=16 split 1/5
[02:05:09] repr_de_only model=rbf_svm dim=arousal subject=16 split 1/5 trial_acc=0.750
[02:05:09] repr_de_only model=rbf_svm dim=arousal subject=16 split 2/5
[02:05:48] repr_de_only model=rbf_svm dim=arousal subject=16 split 2/5 trial_acc=0.875
[02:05:48] repr_de_only model=rbf_svm dim=arousal subject=16 split 3/5
[02:06:27] repr_de_only model=rbf_svm dim=arousal subject=16 split 3/5 trial_acc=0.875
[02:06:27] repr_de_only model=rbf_svm dim=arousal subject=16 split 4/5
[02:07:06] repr_de_only model=rbf_svm dim=arousal subject=16 split 4/5 trial_acc=0.625
[02:07:06] repr_de_only model=rbf_svm dim=arousal subject=16 split 5/5
[02:07:45] repr_de_only model=rbf_svm dim=arousal subject=16 split 5/5 trial_acc=0.500
[02:07:45] repr_de_only model=rbf_svm dim=arousal subject=17 split 1/5
[02:08:24] repr_de_only model=rbf_svm dim=arousal subject=17 split 1/5 trial_acc=0.750
[02:08:24] repr_de_only model=rbf_svm dim=arousal subject=17 split 2/5
[02:09:03] repr_de_only model=rbf_svm dim=arousal subject=17 split 2/5 trial_acc=0.625
[02:09:03] repr_de_only model=rbf_svm dim=arousal subject=17 split 3/5
[02:09:42] repr_de_only model=rbf_svm dim=arousal subject=17 split 3/5 trial_acc=0.875
[02:09:43] repr_de_only model=rbf_svm dim=arousal subject=17 split 4/5
[02:10:22] repr_de_only model=rbf_svm dim=arousal subject=17 split 4/5 trial_acc=0.875
[02:10:22] repr_de_only model=rbf_svm dim=arousal subject=17 split 5/5
[02:11:02] repr_de_only model=rbf_svm dim=arousal subject=17 split 5/5 trial_acc=0.625
[02:11:02] repr_de_only model=rbf_svm dim=arousal subject=18 split 1/5
[02:11:41] repr_de_only model=rbf_svm dim=arousal subject=18 split 1/5 trial_acc=0.375
[02:11:41] repr_de_only model=rbf_svm dim=arousal subject=18 split 2/5
[02:12:20] repr_de_only model=rbf_svm dim=arousal subject=18 split 2/5 trial_acc=0.625
[02:12:20] repr_de_only model=rbf_svm dim=arousal subject=18 split 3/5
[02:12:59] repr_de_only model=rbf_svm dim=arousal subject=18 split 3/5 trial_acc=0.625
[02:12:59] repr_de_only model=rbf_svm dim=arousal subject=18 split 4/5
[02:13:39] repr_de_only model=rbf_svm dim=arousal subject=18 split 4/5 trial_acc=0.500
[02:13:39] repr_de_only model=rbf_svm dim=arousal subject=18 split 5/5
[02:14:18] repr_de_only model=rbf_svm dim=arousal subject=18 split 5/5 trial_acc=0.375
[02:14:18] repr_de_only model=rbf_svm dim=arousal subject=19 split 1/5
[02:14:58] repr_de_only model=rbf_svm dim=arousal subject=19 split 1/5 trial_acc=0.625
[02:14:58] repr_de_only model=rbf_svm dim=arousal subject=19 split 2/5
[02:15:37] repr_de_only model=rbf_svm dim=arousal subject=19 split 2/5 trial_acc=0.500
[02:15:37] repr_de_only model=rbf_svm dim=arousal subject=19 split 3/5
[02:16:16] repr_de_only model=rbf_svm dim=arousal subject=19 split 3/5 trial_acc=0.375
[02:16:16] repr_de_only model=rbf_svm dim=arousal subject=19 split 4/5
[02:16:55] repr_de_only model=rbf_svm dim=arousal subject=19 split 4/5 trial_acc=0.500
[02:16:55] repr_de_only model=rbf_svm dim=arousal subject=19 split 5/5
[02:17:34] repr_de_only model=rbf_svm dim=arousal subject=19 split 5/5 trial_acc=0.625
[02:17:34] repr_de_only model=rbf_svm dim=arousal subject=20 split 1/5
[02:18:13] repr_de_only model=rbf_svm dim=arousal subject=20 split 1/5 trial_acc=0.375
[02:18:13] repr_de_only model=rbf_svm dim=arousal subject=20 split 2/5
[02:18:52] repr_de_only model=rbf_svm dim=arousal subject=20 split 2/5 trial_acc=0.750
[02:18:52] repr_de_only model=rbf_svm dim=arousal subject=20 split 3/5
[02:19:31] repr_de_only model=rbf_svm dim=arousal subject=20 split 3/5 trial_acc=0.250
[02:19:31] repr_de_only model=rbf_svm dim=arousal subject=20 split 4/5
[02:20:10] repr_de_only model=rbf_svm dim=arousal subject=20 split 4/5 trial_acc=0.625
[02:20:10] repr_de_only model=rbf_svm dim=arousal subject=20 split 5/5
[02:20:49] repr_de_only model=rbf_svm dim=arousal subject=20 split 5/5 trial_acc=0.500
[02:20:49] repr_de_only model=rbf_svm dim=arousal subject=21 split 1/5
[02:21:28] repr_de_only model=rbf_svm dim=arousal subject=21 split 1/5 trial_acc=0.750
[02:21:28] repr_de_only model=rbf_svm dim=arousal subject=21 split 2/5
[02:22:07] repr_de_only model=rbf_svm dim=arousal subject=21 split 2/5 trial_acc=0.625
[02:22:07] repr_de_only model=rbf_svm dim=arousal subject=21 split 3/5
[02:22:46] repr_de_only model=rbf_svm dim=arousal subject=21 split 3/5 trial_acc=1.000
[02:22:46] repr_de_only model=rbf_svm dim=arousal subject=21 split 4/5
[02:23:26] repr_de_only model=rbf_svm dim=arousal subject=21 split 4/5 trial_acc=0.500
[02:23:26] repr_de_only model=rbf_svm dim=arousal subject=21 split 5/5
[02:24:05] repr_de_only model=rbf_svm dim=arousal subject=21 split 5/5 trial_acc=0.250
[02:24:05] repr_de_only model=rbf_svm dim=arousal subject=22 split 1/5
[02:24:44] repr_de_only model=rbf_svm dim=arousal subject=22 split 1/5 trial_acc=0.750
[02:24:44] repr_de_only model=rbf_svm dim=arousal subject=22 split 2/5
[02:25:23] repr_de_only model=rbf_svm dim=arousal subject=22 split 2/5 trial_acc=0.750
[02:25:23] repr_de_only model=rbf_svm dim=arousal subject=22 split 3/5
[02:26:02] repr_de_only model=rbf_svm dim=arousal subject=22 split 3/5 trial_acc=0.375
[02:26:02] repr_de_only model=rbf_svm dim=arousal subject=22 split 4/5
[02:26:41] repr_de_only model=rbf_svm dim=arousal subject=22 split 4/5 trial_acc=0.625
[02:26:41] repr_de_only model=rbf_svm dim=arousal subject=22 split 5/5
[02:27:20] repr_de_only model=rbf_svm dim=arousal subject=22 split 5/5 trial_acc=0.750
[02:27:20] repr_de_only model=rbf_svm dim=arousal subject=23 split 1/5
[02:27:59] repr_de_only model=rbf_svm dim=arousal subject=23 split 1/5 trial_acc=0.375
[02:27:59] repr_de_only model=rbf_svm dim=arousal subject=23 split 2/5
[02:28:39] repr_de_only model=rbf_svm dim=arousal subject=23 split 2/5 trial_acc=0.375
[02:28:39] repr_de_only model=rbf_svm dim=arousal subject=23 split 3/5
[02:29:18] repr_de_only model=rbf_svm dim=arousal subject=23 split 3/5 trial_acc=0.375
[02:29:18] repr_de_only model=rbf_svm dim=arousal subject=23 split 4/5
[02:29:58] repr_de_only model=rbf_svm dim=arousal subject=23 split 4/5 trial_acc=0.500
[02:29:58] repr_de_only model=rbf_svm dim=arousal subject=23 split 5/5
[02:30:37] repr_de_only model=rbf_svm dim=arousal subject=23 split 5/5 trial_acc=0.250
[02:30:37] repr_de_only model=rbf_svm dim=arousal subject=24 split 1/5
[02:31:16] repr_de_only model=rbf_svm dim=arousal subject=24 split 1/5 trial_acc=0.625
[02:31:16] repr_de_only model=rbf_svm dim=arousal subject=24 split 2/5
[02:31:56] repr_de_only model=rbf_svm dim=arousal subject=24 split 2/5 trial_acc=0.750
[02:31:56] repr_de_only model=rbf_svm dim=arousal subject=24 split 3/5
[02:32:35] repr_de_only model=rbf_svm dim=arousal subject=24 split 3/5 trial_acc=0.875
[02:32:35] repr_de_only model=rbf_svm dim=arousal subject=24 split 4/5
[02:33:14] repr_de_only model=rbf_svm dim=arousal subject=24 split 4/5 trial_acc=0.125
[02:33:14] repr_de_only model=rbf_svm dim=arousal subject=24 split 5/5
[02:33:53] repr_de_only model=rbf_svm dim=arousal subject=24 split 5/5 trial_acc=0.375
[02:33:53] repr_de_only model=rbf_svm dim=arousal subject=25 split 1/5
[02:34:31] repr_de_only model=rbf_svm dim=arousal subject=25 split 1/5 trial_acc=0.875
[02:34:31] repr_de_only model=rbf_svm dim=arousal subject=25 split 2/5
[02:35:10] repr_de_only model=rbf_svm dim=arousal subject=25 split 2/5 trial_acc=1.000
[02:35:10] repr_de_only model=rbf_svm dim=arousal subject=25 split 3/5
[02:35:48] repr_de_only model=rbf_svm dim=arousal subject=25 split 3/5 trial_acc=0.250
[02:35:48] repr_de_only model=rbf_svm dim=arousal subject=25 split 4/5
[02:36:27] repr_de_only model=rbf_svm dim=arousal subject=25 split 4/5 trial_acc=0.750
[02:36:27] repr_de_only model=rbf_svm dim=arousal subject=25 split 5/5
[02:37:06] repr_de_only model=rbf_svm dim=arousal subject=25 split 5/5 trial_acc=0.625
[02:37:06] repr_de_only model=rbf_svm dim=arousal subject=26 split 1/5
[02:37:45] repr_de_only model=rbf_svm dim=arousal subject=26 split 1/5 trial_acc=0.375
[02:37:45] repr_de_only model=rbf_svm dim=arousal subject=26 split 2/5
[02:38:25] repr_de_only model=rbf_svm dim=arousal subject=26 split 2/5 trial_acc=0.500
[02:38:25] repr_de_only model=rbf_svm dim=arousal subject=26 split 3/5
[02:39:04] repr_de_only model=rbf_svm dim=arousal subject=26 split 3/5 trial_acc=0.500
[02:39:04] repr_de_only model=rbf_svm dim=arousal subject=26 split 4/5
[02:39:44] repr_de_only model=rbf_svm dim=arousal subject=26 split 4/5 trial_acc=0.625
[02:39:44] repr_de_only model=rbf_svm dim=arousal subject=26 split 5/5
[02:40:23] repr_de_only model=rbf_svm dim=arousal subject=26 split 5/5 trial_acc=0.625
[02:40:23] repr_de_only model=rbf_svm dim=arousal subject=27 split 1/5
[02:41:02] repr_de_only model=rbf_svm dim=arousal subject=27 split 1/5 trial_acc=0.750
[02:41:02] repr_de_only model=rbf_svm dim=arousal subject=27 split 2/5
[02:41:42] repr_de_only model=rbf_svm dim=arousal subject=27 split 2/5 trial_acc=0.875
[02:41:42] repr_de_only model=rbf_svm dim=arousal subject=27 split 3/5
[02:42:21] repr_de_only model=rbf_svm dim=arousal subject=27 split 3/5 trial_acc=0.875
[02:42:21] repr_de_only model=rbf_svm dim=arousal subject=27 split 4/5
[02:43:00] repr_de_only model=rbf_svm dim=arousal subject=27 split 4/5 trial_acc=0.875
[02:43:00] repr_de_only model=rbf_svm dim=arousal subject=27 split 5/5
[02:43:39] repr_de_only model=rbf_svm dim=arousal subject=27 split 5/5 trial_acc=0.875
[02:43:39] repr_de_only model=rbf_svm dim=arousal subject=28 split 1/5
[02:44:18] repr_de_only model=rbf_svm dim=arousal subject=28 split 1/5 trial_acc=0.375
[02:44:18] repr_de_only model=rbf_svm dim=arousal subject=28 split 2/5
[02:44:56] repr_de_only model=rbf_svm dim=arousal subject=28 split 2/5 trial_acc=0.375
[02:44:56] repr_de_only model=rbf_svm dim=arousal subject=28 split 3/5
[02:45:35] repr_de_only model=rbf_svm dim=arousal subject=28 split 3/5 trial_acc=0.500
[02:45:35] repr_de_only model=rbf_svm dim=arousal subject=28 split 4/5
[02:46:14] repr_de_only model=rbf_svm dim=arousal subject=28 split 4/5 trial_acc=0.750
[02:46:14] repr_de_only model=rbf_svm dim=arousal subject=28 split 5/5
[02:46:53] repr_de_only model=rbf_svm dim=arousal subject=28 split 5/5 trial_acc=0.500
[02:46:53] repr_de_only model=rbf_svm dim=arousal subject=29 split 1/5
[02:47:32] repr_de_only model=rbf_svm dim=arousal subject=29 split 1/5 trial_acc=0.625
[02:47:32] repr_de_only model=rbf_svm dim=arousal subject=29 split 2/5
[02:48:11] repr_de_only model=rbf_svm dim=arousal subject=29 split 2/5 trial_acc=0.750
[02:48:11] repr_de_only model=rbf_svm dim=arousal subject=29 split 3/5
[02:48:51] repr_de_only model=rbf_svm dim=arousal subject=29 split 3/5 trial_acc=0.875
[02:48:51] repr_de_only model=rbf_svm dim=arousal subject=29 split 4/5
[02:49:30] repr_de_only model=rbf_svm dim=arousal subject=29 split 4/5 trial_acc=1.000
[02:49:30] repr_de_only model=rbf_svm dim=arousal subject=29 split 5/5
[02:50:09] repr_de_only model=rbf_svm dim=arousal subject=29 split 5/5 trial_acc=0.625
[02:50:09] repr_de_only model=rbf_svm dim=arousal subject=30 split 1/5
[02:50:48] repr_de_only model=rbf_svm dim=arousal subject=30 split 1/5 trial_acc=0.625
[02:50:48] repr_de_only model=rbf_svm dim=arousal subject=30 split 2/5
[02:51:28] repr_de_only model=rbf_svm dim=arousal subject=30 split 2/5 trial_acc=0.625
[02:51:28] repr_de_only model=rbf_svm dim=arousal subject=30 split 3/5
[02:52:07] repr_de_only model=rbf_svm dim=arousal subject=30 split 3/5 trial_acc=0.750
[02:52:07] repr_de_only model=rbf_svm dim=arousal subject=30 split 4/5
[02:52:46] repr_de_only model=rbf_svm dim=arousal subject=30 split 4/5 trial_acc=0.375
[02:52:46] repr_de_only model=rbf_svm dim=arousal subject=30 split 5/5
[02:53:25] repr_de_only model=rbf_svm dim=arousal subject=30 split 5/5 trial_acc=0.375
[02:53:25] repr_de_only model=rbf_svm dim=arousal subject=31 split 1/5
[02:54:04] repr_de_only model=rbf_svm dim=arousal subject=31 split 1/5 trial_acc=1.000
[02:54:04] repr_de_only model=rbf_svm dim=arousal subject=31 split 2/5
[02:54:43] repr_de_only model=rbf_svm dim=arousal subject=31 split 2/5 trial_acc=0.625
[02:54:43] repr_de_only model=rbf_svm dim=arousal subject=31 split 3/5
[02:55:22] repr_de_only model=rbf_svm dim=arousal subject=31 split 3/5 trial_acc=0.750
[02:55:22] repr_de_only model=rbf_svm dim=arousal subject=31 split 4/5
[02:56:02] repr_de_only model=rbf_svm dim=arousal subject=31 split 4/5 trial_acc=0.625
[02:56:02] repr_de_only model=rbf_svm dim=arousal subject=31 split 5/5
[02:56:40] repr_de_only model=rbf_svm dim=arousal subject=31 split 5/5 trial_acc=0.875
[02:56:40] repr_de_only model=rbf_svm dim=arousal subject=32 split 1/5
[02:57:20] repr_de_only model=rbf_svm dim=arousal subject=32 split 1/5 trial_acc=0.625
[02:57:20] repr_de_only model=rbf_svm dim=arousal subject=32 split 2/5
[02:57:59] repr_de_only model=rbf_svm dim=arousal subject=32 split 2/5 trial_acc=0.250
[02:57:59] repr_de_only model=rbf_svm dim=arousal subject=32 split 3/5
[02:58:38] repr_de_only model=rbf_svm dim=arousal subject=32 split 3/5 trial_acc=0.500
[02:58:38] repr_de_only model=rbf_svm dim=arousal subject=32 split 4/5
[02:59:17] repr_de_only model=rbf_svm dim=arousal subject=32 split 4/5 trial_acc=0.750
[02:59:17] repr_de_only model=rbf_svm dim=arousal subject=32 split 5/5
[02:59:56] repr_de_only model=rbf_svm dim=arousal subject=32 split 5/5 trial_acc=0.500
[02:59:56] Finished repr_de_only in 210.5 min
[02:59:56] Starting repr_de_asym
[03:00:08] repr_de_asym model=rbf_svm dim=valence subject=1 split 1/5
[03:01:01] repr_de_asym model=rbf_svm dim=valence subject=1 split 1/5 trial_acc=0.500
[03:01:01] repr_de_asym model=rbf_svm dim=valence subject=1 split 2/5
[03:01:54] repr_de_asym model=rbf_svm dim=valence subject=1 split 2/5 trial_acc=0.625
[03:01:54] repr_de_asym model=rbf_svm dim=valence subject=1 split 3/5
[03:02:47] repr_de_asym model=rbf_svm dim=valence subject=1 split 3/5 trial_acc=0.625
[03:02:47] repr_de_asym model=rbf_svm dim=valence subject=1 split 4/5
[03:03:41] repr_de_asym model=rbf_svm dim=valence subject=1 split 4/5 trial_acc=0.500
[03:03:41] repr_de_asym model=rbf_svm dim=valence subject=1 split 5/5
[03:04:34] repr_de_asym model=rbf_svm dim=valence subject=1 split 5/5 trial_acc=0.375
[03:04:35] repr_de_asym model=rbf_svm dim=valence subject=2 split 1/5
[03:05:28] repr_de_asym model=rbf_svm dim=valence subject=2 split 1/5 trial_acc=0.500
[03:05:28] repr_de_asym model=rbf_svm dim=valence subject=2 split 2/5
[03:06:20] repr_de_asym model=rbf_svm dim=valence subject=2 split 2/5 trial_acc=0.625
[03:06:20] repr_de_asym model=rbf_svm dim=valence subject=2 split 3/5
[03:07:14] repr_de_asym model=rbf_svm dim=valence subject=2 split 3/5 trial_acc=0.625
[03:07:14] repr_de_asym model=rbf_svm dim=valence subject=2 split 4/5
[03:08:06] repr_de_asym model=rbf_svm dim=valence subject=2 split 4/5 trial_acc=0.625
[03:08:06] repr_de_asym model=rbf_svm dim=valence subject=2 split 5/5
[03:08:59] repr_de_asym model=rbf_svm dim=valence subject=2 split 5/5 trial_acc=0.750
[03:09:00] repr_de_asym model=rbf_svm dim=valence subject=3 split 1/5
[03:09:53] repr_de_asym model=rbf_svm dim=valence subject=3 split 1/5 trial_acc=0.625
[03:09:53] repr_de_asym model=rbf_svm dim=valence subject=3 split 2/5
[03:10:46] repr_de_asym model=rbf_svm dim=valence subject=3 split 2/5 trial_acc=0.750
[03:10:46] repr_de_asym model=rbf_svm dim=valence subject=3 split 3/5
[03:11:39] repr_de_asym model=rbf_svm dim=valence subject=3 split 3/5 trial_acc=0.750
[03:11:39] repr_de_asym model=rbf_svm dim=valence subject=3 split 4/5
[03:12:32] repr_de_asym model=rbf_svm dim=valence subject=3 split 4/5 trial_acc=0.375
[03:12:32] repr_de_asym model=rbf_svm dim=valence subject=3 split 5/5
[03:13:25] repr_de_asym model=rbf_svm dim=valence subject=3 split 5/5 trial_acc=0.875
[03:13:26] repr_de_asym model=rbf_svm dim=valence subject=4 split 1/5
[03:14:20] repr_de_asym model=rbf_svm dim=valence subject=4 split 1/5 trial_acc=0.375
[03:14:20] repr_de_asym model=rbf_svm dim=valence subject=4 split 2/5
[03:15:13] repr_de_asym model=rbf_svm dim=valence subject=4 split 2/5 trial_acc=0.625
[03:15:13] repr_de_asym model=rbf_svm dim=valence subject=4 split 3/5
[03:16:07] repr_de_asym model=rbf_svm dim=valence subject=4 split 3/5 trial_acc=0.500
[03:16:07] repr_de_asym model=rbf_svm dim=valence subject=4 split 4/5
[03:17:01] repr_de_asym model=rbf_svm dim=valence subject=4 split 4/5 trial_acc=0.500
[03:17:01] repr_de_asym model=rbf_svm dim=valence subject=4 split 5/5
[03:17:54] repr_de_asym model=rbf_svm dim=valence subject=4 split 5/5 trial_acc=0.500
[03:17:54] repr_de_asym model=rbf_svm dim=valence subject=5 split 1/5
[03:18:48] repr_de_asym model=rbf_svm dim=valence subject=5 split 1/5 trial_acc=0.500
[03:18:48] repr_de_asym model=rbf_svm dim=valence subject=5 split 2/5
[03:19:41] repr_de_asym model=rbf_svm dim=valence subject=5 split 2/5 trial_acc=0.375
[03:19:41] repr_de_asym model=rbf_svm dim=valence subject=5 split 3/5
[03:20:34] repr_de_asym model=rbf_svm dim=valence subject=5 split 3/5 trial_acc=0.375
[03:20:34] repr_de_asym model=rbf_svm dim=valence subject=5 split 4/5
[03:21:27] repr_de_asym model=rbf_svm dim=valence subject=5 split 4/5 trial_acc=0.750
[03:21:27] repr_de_asym model=rbf_svm dim=valence subject=5 split 5/5
[03:22:20] repr_de_asym model=rbf_svm dim=valence subject=5 split 5/5 trial_acc=0.500
[03:22:20] repr_de_asym model=rbf_svm dim=valence subject=6 split 1/5
[03:23:13] repr_de_asym model=rbf_svm dim=valence subject=6 split 1/5 trial_acc=0.250
[03:23:13] repr_de_asym model=rbf_svm dim=valence subject=6 split 2/5
[03:24:06] repr_de_asym model=rbf_svm dim=valence subject=6 split 2/5 trial_acc=0.625
[03:24:06] repr_de_asym model=rbf_svm dim=valence subject=6 split 3/5
[03:24:59] repr_de_asym model=rbf_svm dim=valence subject=6 split 3/5 trial_acc=0.375
[03:24:59] repr_de_asym model=rbf_svm dim=valence subject=6 split 4/5
[03:25:52] repr_de_asym model=rbf_svm dim=valence subject=6 split 4/5 trial_acc=0.500
[03:25:52] repr_de_asym model=rbf_svm dim=valence subject=6 split 5/5
[03:26:45] repr_de_asym model=rbf_svm dim=valence subject=6 split 5/5 trial_acc=0.750
[03:26:45] repr_de_asym model=rbf_svm dim=valence subject=7 split 1/5
[03:27:38] repr_de_asym model=rbf_svm dim=valence subject=7 split 1/5 trial_acc=0.625
[03:27:38] repr_de_asym model=rbf_svm dim=valence subject=7 split 2/5
[03:28:32] repr_de_asym model=rbf_svm dim=valence subject=7 split 2/5 trial_acc=0.375
[03:28:32] repr_de_asym model=rbf_svm dim=valence subject=7 split 3/5
[03:29:26] repr_de_asym model=rbf_svm dim=valence subject=7 split 3/5 trial_acc=0.500
[03:29:26] repr_de_asym model=rbf_svm dim=valence subject=7 split 4/5
[03:30:20] repr_de_asym model=rbf_svm dim=valence subject=7 split 4/5 trial_acc=0.750
[03:30:20] repr_de_asym model=rbf_svm dim=valence subject=7 split 5/5
[03:31:13] repr_de_asym model=rbf_svm dim=valence subject=7 split 5/5 trial_acc=0.625
[03:31:13] repr_de_asym model=rbf_svm dim=valence subject=8 split 1/5
[03:32:07] repr_de_asym model=rbf_svm dim=valence subject=8 split 1/5 trial_acc=0.875
[03:32:07] repr_de_asym model=rbf_svm dim=valence subject=8 split 2/5
[03:33:00] repr_de_asym model=rbf_svm dim=valence subject=8 split 2/5 trial_acc=0.375
[03:33:00] repr_de_asym model=rbf_svm dim=valence subject=8 split 3/5
[03:33:53] repr_de_asym model=rbf_svm dim=valence subject=8 split 3/5 trial_acc=0.375
[03:33:53] repr_de_asym model=rbf_svm dim=valence subject=8 split 4/5
[03:34:46] repr_de_asym model=rbf_svm dim=valence subject=8 split 4/5 trial_acc=0.500
[03:34:46] repr_de_asym model=rbf_svm dim=valence subject=8 split 5/5
[03:35:39] repr_de_asym model=rbf_svm dim=valence subject=8 split 5/5 trial_acc=0.625
[03:35:39] repr_de_asym model=rbf_svm dim=valence subject=9 split 1/5
[03:36:32] repr_de_asym model=rbf_svm dim=valence subject=9 split 1/5 trial_acc=0.375
[03:36:32] repr_de_asym model=rbf_svm dim=valence subject=9 split 2/5
[03:37:25] repr_de_asym model=rbf_svm dim=valence subject=9 split 2/5 trial_acc=0.500
[03:37:25] repr_de_asym model=rbf_svm dim=valence subject=9 split 3/5
[03:38:18] repr_de_asym model=rbf_svm dim=valence subject=9 split 3/5 trial_acc=0.750
[03:38:18] repr_de_asym model=rbf_svm dim=valence subject=9 split 4/5
[03:39:10] repr_de_asym model=rbf_svm dim=valence subject=9 split 4/5 trial_acc=0.625
[03:39:10] repr_de_asym model=rbf_svm dim=valence subject=9 split 5/5
[03:40:03] repr_de_asym model=rbf_svm dim=valence subject=9 split 5/5 trial_acc=0.875
[03:40:03] repr_de_asym model=rbf_svm dim=valence subject=10 split 1/5
[03:40:56] repr_de_asym model=rbf_svm dim=valence subject=10 split 1/5 trial_acc=1.000
[03:40:56] repr_de_asym model=rbf_svm dim=valence subject=10 split 2/5
[03:41:48] repr_de_asym model=rbf_svm dim=valence subject=10 split 2/5 trial_acc=0.875
[03:41:48] repr_de_asym model=rbf_svm dim=valence subject=10 split 3/5
[03:42:41] repr_de_asym model=rbf_svm dim=valence subject=10 split 3/5 trial_acc=0.875
[03:42:41] repr_de_asym model=rbf_svm dim=valence subject=10 split 4/5
[03:43:33] repr_de_asym model=rbf_svm dim=valence subject=10 split 4/5 trial_acc=0.875
[03:43:33] repr_de_asym model=rbf_svm dim=valence subject=10 split 5/5
[03:44:25] repr_de_asym model=rbf_svm dim=valence subject=10 split 5/5 trial_acc=0.875
[03:44:25] repr_de_asym model=rbf_svm dim=valence subject=11 split 1/5
[03:45:18] repr_de_asym model=rbf_svm dim=valence subject=11 split 1/5 trial_acc=0.500
[03:45:18] repr_de_asym model=rbf_svm dim=valence subject=11 split 2/5
[03:46:12] repr_de_asym model=rbf_svm dim=valence subject=11 split 2/5 trial_acc=0.625
[03:46:12] repr_de_asym model=rbf_svm dim=valence subject=11 split 3/5
[03:47:05] repr_de_asym model=rbf_svm dim=valence subject=11 split 3/5 trial_acc=0.500
[03:47:05] repr_de_asym model=rbf_svm dim=valence subject=11 split 4/5
[03:47:59] repr_de_asym model=rbf_svm dim=valence subject=11 split 4/5 trial_acc=0.500
[03:47:59] repr_de_asym model=rbf_svm dim=valence subject=11 split 5/5
[03:48:52] repr_de_asym model=rbf_svm dim=valence subject=11 split 5/5 trial_acc=0.625
[03:48:52] repr_de_asym model=rbf_svm dim=valence subject=12 split 1/5
[03:49:45] repr_de_asym model=rbf_svm dim=valence subject=12 split 1/5 trial_acc=0.500
[03:49:45] repr_de_asym model=rbf_svm dim=valence subject=12 split 2/5
[03:50:38] repr_de_asym model=rbf_svm dim=valence subject=12 split 2/5 trial_acc=0.500
[03:50:38] repr_de_asym model=rbf_svm dim=valence subject=12 split 3/5
[03:51:30] repr_de_asym model=rbf_svm dim=valence subject=12 split 3/5 trial_acc=0.625
[03:51:30] repr_de_asym model=rbf_svm dim=valence subject=12 split 4/5
[03:52:23] repr_de_asym model=rbf_svm dim=valence subject=12 split 4/5 trial_acc=0.500
[03:52:23] repr_de_asym model=rbf_svm dim=valence subject=12 split 5/5
[03:53:15] repr_de_asym model=rbf_svm dim=valence subject=12 split 5/5 trial_acc=0.500
[03:53:15] repr_de_asym model=rbf_svm dim=valence subject=13 split 1/5
[03:54:08] repr_de_asym model=rbf_svm dim=valence subject=13 split 1/5 trial_acc=0.750
[03:54:08] repr_de_asym model=rbf_svm dim=valence subject=13 split 2/5
[03:55:01] repr_de_asym model=rbf_svm dim=valence subject=13 split 2/5 trial_acc=0.750
[03:55:01] repr_de_asym model=rbf_svm dim=valence subject=13 split 3/5
[03:55:55] repr_de_asym model=rbf_svm dim=valence subject=13 split 3/5 trial_acc=0.500
[03:55:55] repr_de_asym model=rbf_svm dim=valence subject=13 split 4/5
[03:56:48] repr_de_asym model=rbf_svm dim=valence subject=13 split 4/5 trial_acc=0.625
[03:56:48] repr_de_asym model=rbf_svm dim=valence subject=13 split 5/5
[03:57:41] repr_de_asym model=rbf_svm dim=valence subject=13 split 5/5 trial_acc=0.875
[03:57:41] repr_de_asym model=rbf_svm dim=valence subject=14 split 1/5
[03:58:34] repr_de_asym model=rbf_svm dim=valence subject=14 split 1/5 trial_acc=0.750
[03:58:34] repr_de_asym model=rbf_svm dim=valence subject=14 split 2/5
[03:59:26] repr_de_asym model=rbf_svm dim=valence subject=14 split 2/5 trial_acc=1.000
[03:59:26] repr_de_asym model=rbf_svm dim=valence subject=14 split 3/5
[04:00:19] repr_de_asym model=rbf_svm dim=valence subject=14 split 3/5 trial_acc=0.625
[04:00:19] repr_de_asym model=rbf_svm dim=valence subject=14 split 4/5
[04:01:12] repr_de_asym model=rbf_svm dim=valence subject=14 split 4/5 trial_acc=0.875
[04:01:12] repr_de_asym model=rbf_svm dim=valence subject=14 split 5/5
[04:02:04] repr_de_asym model=rbf_svm dim=valence subject=14 split 5/5 trial_acc=0.875
[04:02:05] repr_de_asym model=rbf_svm dim=valence subject=15 split 1/5
[04:02:58] repr_de_asym model=rbf_svm dim=valence subject=15 split 1/5 trial_acc=0.625
[04:02:58] repr_de_asym model=rbf_svm dim=valence subject=15 split 2/5
[04:03:51] repr_de_asym model=rbf_svm dim=valence subject=15 split 2/5 trial_acc=1.000
[04:03:51] repr_de_asym model=rbf_svm dim=valence subject=15 split 3/5
[04:04:43] repr_de_asym model=rbf_svm dim=valence subject=15 split 3/5 trial_acc=0.750
[04:04:43] repr_de_asym model=rbf_svm dim=valence subject=15 split 4/5
[04:05:37] repr_de_asym model=rbf_svm dim=valence subject=15 split 4/5 trial_acc=1.000
[04:05:37] repr_de_asym model=rbf_svm dim=valence subject=15 split 5/5
[04:06:30] repr_de_asym model=rbf_svm dim=valence subject=15 split 5/5 trial_acc=0.625
[04:06:30] repr_de_asym model=rbf_svm dim=valence subject=16 split 1/5
[04:07:22] repr_de_asym model=rbf_svm dim=valence subject=16 split 1/5 trial_acc=0.250
[04:07:22] repr_de_asym model=rbf_svm dim=valence subject=16 split 2/5
[04:08:15] repr_de_asym model=rbf_svm dim=valence subject=16 split 2/5 trial_acc=0.375
[04:08:15] repr_de_asym model=rbf_svm dim=valence subject=16 split 3/5
[04:09:11] repr_de_asym model=rbf_svm dim=valence subject=16 split 3/5 trial_acc=0.500
[04:09:11] repr_de_asym model=rbf_svm dim=valence subject=16 split 4/5
[04:10:20] repr_de_asym model=rbf_svm dim=valence subject=16 split 4/5 trial_acc=0.375
[04:10:20] repr_de_asym model=rbf_svm dim=valence subject=16 split 5/5
[04:11:32] repr_de_asym model=rbf_svm dim=valence subject=16 split 5/5 trial_acc=0.500
[04:11:33] repr_de_asym model=rbf_svm dim=valence subject=17 split 1/5
[04:12:45] repr_de_asym model=rbf_svm dim=valence subject=17 split 1/5 trial_acc=0.500
[04:12:45] repr_de_asym model=rbf_svm dim=valence subject=17 split 2/5
[04:13:57] repr_de_asym model=rbf_svm dim=valence subject=17 split 2/5 trial_acc=0.875
[04:13:57] repr_de_asym model=rbf_svm dim=valence subject=17 split 3/5
[04:15:08] repr_de_asym model=rbf_svm dim=valence subject=17 split 3/5 trial_acc=0.375
[04:15:08] repr_de_asym model=rbf_svm dim=valence subject=17 split 4/5
[04:16:19] repr_de_asym model=rbf_svm dim=valence subject=17 split 4/5 trial_acc=0.250
[04:16:19] repr_de_asym model=rbf_svm dim=valence subject=17 split 5/5
[04:17:32] repr_de_asym model=rbf_svm dim=valence subject=17 split 5/5 trial_acc=0.625
[04:17:33] repr_de_asym model=rbf_svm dim=valence subject=18 split 1/5
[04:18:44] repr_de_asym model=rbf_svm dim=valence subject=18 split 1/5 trial_acc=1.000
[04:18:44] repr_de_asym model=rbf_svm dim=valence subject=18 split 2/5
[04:19:55] repr_de_asym model=rbf_svm dim=valence subject=18 split 2/5 trial_acc=0.625
[04:19:55] repr_de_asym model=rbf_svm dim=valence subject=18 split 3/5
[04:21:07] repr_de_asym model=rbf_svm dim=valence subject=18 split 3/5 trial_acc=0.625
[04:21:07] repr_de_asym model=rbf_svm dim=valence subject=18 split 4/5
[04:22:18] repr_de_asym model=rbf_svm dim=valence subject=18 split 4/5 trial_acc=1.000
[04:22:18] repr_de_asym model=rbf_svm dim=valence subject=18 split 5/5
[04:23:28] repr_de_asym model=rbf_svm dim=valence subject=18 split 5/5 trial_acc=1.000
[04:23:29] repr_de_asym model=rbf_svm dim=valence subject=19 split 1/5
[04:24:40] repr_de_asym model=rbf_svm dim=valence subject=19 split 1/5 trial_acc=0.750
[04:24:40] repr_de_asym model=rbf_svm dim=valence subject=19 split 2/5
[04:25:53] repr_de_asym model=rbf_svm dim=valence subject=19 split 2/5 trial_acc=0.625
[04:25:53] repr_de_asym model=rbf_svm dim=valence subject=19 split 3/5
[04:27:00] repr_de_asym model=rbf_svm dim=valence subject=19 split 3/5 trial_acc=0.375
[04:27:00] repr_de_asym model=rbf_svm dim=valence subject=19 split 4/5
[04:28:11] repr_de_asym model=rbf_svm dim=valence subject=19 split 4/5 trial_acc=0.375
[04:28:11] repr_de_asym model=rbf_svm dim=valence subject=19 split 5/5
[04:29:22] repr_de_asym model=rbf_svm dim=valence subject=19 split 5/5 trial_acc=0.750
[04:29:22] repr_de_asym model=rbf_svm dim=valence subject=20 split 1/5
[04:30:34] repr_de_asym model=rbf_svm dim=valence subject=20 split 1/5 trial_acc=0.500
[04:30:34] repr_de_asym model=rbf_svm dim=valence subject=20 split 2/5
[04:31:45] repr_de_asym model=rbf_svm dim=valence subject=20 split 2/5 trial_acc=0.750
[04:31:45] repr_de_asym model=rbf_svm dim=valence subject=20 split 3/5
[04:32:54] repr_de_asym model=rbf_svm dim=valence subject=20 split 3/5 trial_acc=0.625
[04:32:54] repr_de_asym model=rbf_svm dim=valence subject=20 split 4/5
[04:34:03] repr_de_asym model=rbf_svm dim=valence subject=20 split 4/5 trial_acc=0.375
[04:34:03] repr_de_asym model=rbf_svm dim=valence subject=20 split 5/5
[04:35:12] repr_de_asym model=rbf_svm dim=valence subject=20 split 5/5 trial_acc=0.625
[04:35:12] repr_de_asym model=rbf_svm dim=valence subject=21 split 1/5
[04:36:23] repr_de_asym model=rbf_svm dim=valence subject=21 split 1/5 trial_acc=0.375
[04:36:23] repr_de_asym model=rbf_svm dim=valence subject=21 split 2/5
[04:37:35] repr_de_asym model=rbf_svm dim=valence subject=21 split 2/5 trial_acc=0.250
[04:37:35] repr_de_asym model=rbf_svm dim=valence subject=21 split 3/5
[04:38:48] repr_de_asym model=rbf_svm dim=valence subject=21 split 3/5 trial_acc=0.500
[04:38:48] repr_de_asym model=rbf_svm dim=valence subject=21 split 4/5
[04:40:01] repr_de_asym model=rbf_svm dim=valence subject=21 split 4/5 trial_acc=0.000
[04:40:01] repr_de_asym model=rbf_svm dim=valence subject=21 split 5/5
[04:41:14] repr_de_asym model=rbf_svm dim=valence subject=21 split 5/5 trial_acc=0.375
[04:41:14] repr_de_asym model=rbf_svm dim=valence subject=22 split 1/5
[04:42:14] repr_de_asym model=rbf_svm dim=valence subject=22 split 1/5 trial_acc=0.625
[04:42:14] repr_de_asym model=rbf_svm dim=valence subject=22 split 2/5
[04:43:07] repr_de_asym model=rbf_svm dim=valence subject=22 split 2/5 trial_acc=0.375
[04:43:07] repr_de_asym model=rbf_svm dim=valence subject=22 split 3/5
[04:44:00] repr_de_asym model=rbf_svm dim=valence subject=22 split 3/5 trial_acc=0.375
[04:44:00] repr_de_asym model=rbf_svm dim=valence subject=22 split 4/5
[04:44:52] repr_de_asym model=rbf_svm dim=valence subject=22 split 4/5 trial_acc=0.375
[04:44:52] repr_de_asym model=rbf_svm dim=valence subject=22 split 5/5
[04:45:44] repr_de_asym model=rbf_svm dim=valence subject=22 split 5/5 trial_acc=0.500
[04:45:44] repr_de_asym model=rbf_svm dim=valence subject=23 split 1/5
[04:46:37] repr_de_asym model=rbf_svm dim=valence subject=23 split 1/5 trial_acc=0.625
[04:46:37] repr_de_asym model=rbf_svm dim=valence subject=23 split 2/5
[04:47:31] repr_de_asym model=rbf_svm dim=valence subject=23 split 2/5 trial_acc=0.625
[04:47:31] repr_de_asym model=rbf_svm dim=valence subject=23 split 3/5
[04:48:24] repr_de_asym model=rbf_svm dim=valence subject=23 split 3/5 trial_acc=0.250
[04:48:24] repr_de_asym model=rbf_svm dim=valence subject=23 split 4/5
[04:49:17] repr_de_asym model=rbf_svm dim=valence subject=23 split 4/5 trial_acc=0.500
[04:49:17] repr_de_asym model=rbf_svm dim=valence subject=23 split 5/5
[04:50:10] repr_de_asym model=rbf_svm dim=valence subject=23 split 5/5 trial_acc=0.250
[04:50:10] repr_de_asym model=rbf_svm dim=valence subject=24 split 1/5
[04:51:03] repr_de_asym model=rbf_svm dim=valence subject=24 split 1/5 trial_acc=1.000
[04:51:03] repr_de_asym model=rbf_svm dim=valence subject=24 split 2/5
[04:51:57] repr_de_asym model=rbf_svm dim=valence subject=24 split 2/5 trial_acc=0.625
[04:51:57] repr_de_asym model=rbf_svm dim=valence subject=24 split 3/5
[04:52:50] repr_de_asym model=rbf_svm dim=valence subject=24 split 3/5 trial_acc=0.875
[04:52:50] repr_de_asym model=rbf_svm dim=valence subject=24 split 4/5
[04:53:43] repr_de_asym model=rbf_svm dim=valence subject=24 split 4/5 trial_acc=0.750
[04:53:43] repr_de_asym model=rbf_svm dim=valence subject=24 split 5/5
[04:54:36] repr_de_asym model=rbf_svm dim=valence subject=24 split 5/5 trial_acc=0.375
[04:54:36] repr_de_asym model=rbf_svm dim=valence subject=25 split 1/5
[04:55:29] repr_de_asym model=rbf_svm dim=valence subject=25 split 1/5 trial_acc=0.625
[04:55:29] repr_de_asym model=rbf_svm dim=valence subject=25 split 2/5
[04:56:22] repr_de_asym model=rbf_svm dim=valence subject=25 split 2/5 trial_acc=0.375
[04:56:22] repr_de_asym model=rbf_svm dim=valence subject=25 split 3/5
[04:57:15] repr_de_asym model=rbf_svm dim=valence subject=25 split 3/5 trial_acc=0.750
[04:57:15] repr_de_asym model=rbf_svm dim=valence subject=25 split 4/5
[04:58:08] repr_de_asym model=rbf_svm dim=valence subject=25 split 4/5 trial_acc=0.625
[04:58:08] repr_de_asym model=rbf_svm dim=valence subject=25 split 5/5
[04:59:01] repr_de_asym model=rbf_svm dim=valence subject=25 split 5/5 trial_acc=0.750
[04:59:01] repr_de_asym model=rbf_svm dim=valence subject=26 split 1/5
[04:59:53] repr_de_asym model=rbf_svm dim=valence subject=26 split 1/5 trial_acc=0.500
[04:59:53] repr_de_asym model=rbf_svm dim=valence subject=26 split 2/5
[05:00:47] repr_de_asym model=rbf_svm dim=valence subject=26 split 2/5 trial_acc=0.625
[05:00:47] repr_de_asym model=rbf_svm dim=valence subject=26 split 3/5
[05:01:39] repr_de_asym model=rbf_svm dim=valence subject=26 split 3/5 trial_acc=0.500
[05:01:40] repr_de_asym model=rbf_svm dim=valence subject=26 split 4/5
[05:02:33] repr_de_asym model=rbf_svm dim=valence subject=26 split 4/5 trial_acc=0.500
[05:02:33] repr_de_asym model=rbf_svm dim=valence subject=26 split 5/5
[05:03:27] repr_de_asym model=rbf_svm dim=valence subject=26 split 5/5 trial_acc=0.500
[05:03:27] repr_de_asym model=rbf_svm dim=valence subject=27 split 1/5
[05:04:20] repr_de_asym model=rbf_svm dim=valence subject=27 split 1/5 trial_acc=0.625
[05:04:20] repr_de_asym model=rbf_svm dim=valence subject=27 split 2/5
[05:05:13] repr_de_asym model=rbf_svm dim=valence subject=27 split 2/5 trial_acc=0.625
[05:05:13] repr_de_asym model=rbf_svm dim=valence subject=27 split 3/5
[05:06:06] repr_de_asym model=rbf_svm dim=valence subject=27 split 3/5 trial_acc=0.625
[05:06:06] repr_de_asym model=rbf_svm dim=valence subject=27 split 4/5
[05:06:59] repr_de_asym model=rbf_svm dim=valence subject=27 split 4/5 trial_acc=0.875
[05:06:59] repr_de_asym model=rbf_svm dim=valence subject=27 split 5/5
[05:07:51] repr_de_asym model=rbf_svm dim=valence subject=27 split 5/5 trial_acc=0.375
[05:07:52] repr_de_asym model=rbf_svm dim=valence subject=28 split 1/5
[05:08:44] repr_de_asym model=rbf_svm dim=valence subject=28 split 1/5 trial_acc=0.375
[05:08:44] repr_de_asym model=rbf_svm dim=valence subject=28 split 2/5
[05:09:37] repr_de_asym model=rbf_svm dim=valence subject=28 split 2/5 trial_acc=0.500
[05:09:37] repr_de_asym model=rbf_svm dim=valence subject=28 split 3/5
[05:10:30] repr_de_asym model=rbf_svm dim=valence subject=28 split 3/5 trial_acc=0.625
[05:10:30] repr_de_asym model=rbf_svm dim=valence subject=28 split 4/5
[05:11:23] repr_de_asym model=rbf_svm dim=valence subject=28 split 4/5 trial_acc=0.500
[05:11:23] repr_de_asym model=rbf_svm dim=valence subject=28 split 5/5
[05:12:16] repr_de_asym model=rbf_svm dim=valence subject=28 split 5/5 trial_acc=0.500
[05:12:16] repr_de_asym model=rbf_svm dim=valence subject=29 split 1/5
[05:13:09] repr_de_asym model=rbf_svm dim=valence subject=29 split 1/5 trial_acc=0.500
[05:13:09] repr_de_asym model=rbf_svm dim=valence subject=29 split 2/5
[05:14:02] repr_de_asym model=rbf_svm dim=valence subject=29 split 2/5 trial_acc=0.500
[05:14:02] repr_de_asym model=rbf_svm dim=valence subject=29 split 3/5
[05:14:55] repr_de_asym model=rbf_svm dim=valence subject=29 split 3/5 trial_acc=0.500
[05:14:55] repr_de_asym model=rbf_svm dim=valence subject=29 split 4/5
[05:15:47] repr_de_asym model=rbf_svm dim=valence subject=29 split 4/5 trial_acc=0.250
[05:15:47] repr_de_asym model=rbf_svm dim=valence subject=29 split 5/5
[05:16:40] repr_de_asym model=rbf_svm dim=valence subject=29 split 5/5 trial_acc=0.750
[05:16:40] repr_de_asym model=rbf_svm dim=valence subject=30 split 1/5
[05:17:33] repr_de_asym model=rbf_svm dim=valence subject=30 split 1/5 trial_acc=0.375
[05:17:33] repr_de_asym model=rbf_svm dim=valence subject=30 split 2/5
[05:18:27] repr_de_asym model=rbf_svm dim=valence subject=30 split 2/5 trial_acc=0.625
[05:18:27] repr_de_asym model=rbf_svm dim=valence subject=30 split 3/5
[05:19:20] repr_de_asym model=rbf_svm dim=valence subject=30 split 3/5 trial_acc=0.625
[05:19:20] repr_de_asym model=rbf_svm dim=valence subject=30 split 4/5
[05:20:12] repr_de_asym model=rbf_svm dim=valence subject=30 split 4/5 trial_acc=0.375
[05:20:12] repr_de_asym model=rbf_svm dim=valence subject=30 split 5/5
[05:21:05] repr_de_asym model=rbf_svm dim=valence subject=30 split 5/5 trial_acc=0.500
[05:21:06] repr_de_asym model=rbf_svm dim=valence subject=31 split 1/5
[05:21:58] repr_de_asym model=rbf_svm dim=valence subject=31 split 1/5 trial_acc=0.500
[05:21:58] repr_de_asym model=rbf_svm dim=valence subject=31 split 2/5
[05:22:50] repr_de_asym model=rbf_svm dim=valence subject=31 split 2/5 trial_acc=0.375
[05:22:50] repr_de_asym model=rbf_svm dim=valence subject=31 split 3/5
[05:23:42] repr_de_asym model=rbf_svm dim=valence subject=31 split 3/5 trial_acc=0.875
[05:23:42] repr_de_asym model=rbf_svm dim=valence subject=31 split 4/5
[05:24:35] repr_de_asym model=rbf_svm dim=valence subject=31 split 4/5 trial_acc=0.500
[05:24:35] repr_de_asym model=rbf_svm dim=valence subject=31 split 5/5
[05:25:28] repr_de_asym model=rbf_svm dim=valence subject=31 split 5/5 trial_acc=0.500
[05:25:28] repr_de_asym model=rbf_svm dim=valence subject=32 split 1/5
[05:26:21] repr_de_asym model=rbf_svm dim=valence subject=32 split 1/5 trial_acc=0.500
[05:26:21] repr_de_asym model=rbf_svm dim=valence subject=32 split 2/5
[05:27:13] repr_de_asym model=rbf_svm dim=valence subject=32 split 2/5 trial_acc=0.375
[05:27:13] repr_de_asym model=rbf_svm dim=valence subject=32 split 3/5
[05:28:06] repr_de_asym model=rbf_svm dim=valence subject=32 split 3/5 trial_acc=0.375
[05:28:06] repr_de_asym model=rbf_svm dim=valence subject=32 split 4/5
[05:28:59] repr_de_asym model=rbf_svm dim=valence subject=32 split 4/5 trial_acc=0.500
[05:28:59] repr_de_asym model=rbf_svm dim=valence subject=32 split 5/5
[05:29:52] repr_de_asym model=rbf_svm dim=valence subject=32 split 5/5 trial_acc=0.250
[05:29:52] repr_de_asym model=rbf_svm dim=arousal subject=1 split 1/5
[05:30:45] repr_de_asym model=rbf_svm dim=arousal subject=1 split 1/5 trial_acc=0.750
[05:30:45] repr_de_asym model=rbf_svm dim=arousal subject=1 split 2/5
[05:31:38] repr_de_asym model=rbf_svm dim=arousal subject=1 split 2/5 trial_acc=0.500
[05:31:38] repr_de_asym model=rbf_svm dim=arousal subject=1 split 3/5
[05:32:31] repr_de_asym model=rbf_svm dim=arousal subject=1 split 3/5 trial_acc=0.625
[05:32:31] repr_de_asym model=rbf_svm dim=arousal subject=1 split 4/5
[05:33:24] repr_de_asym model=rbf_svm dim=arousal subject=1 split 4/5 trial_acc=0.625
[05:33:24] repr_de_asym model=rbf_svm dim=arousal subject=1 split 5/5
[05:34:17] repr_de_asym model=rbf_svm dim=arousal subject=1 split 5/5 trial_acc=0.625
[05:34:17] repr_de_asym model=rbf_svm dim=arousal subject=2 split 1/5
[05:35:10] repr_de_asym model=rbf_svm dim=arousal subject=2 split 1/5 trial_acc=0.750
[05:35:10] repr_de_asym model=rbf_svm dim=arousal subject=2 split 2/5
[05:36:03] repr_de_asym model=rbf_svm dim=arousal subject=2 split 2/5 trial_acc=0.625
[05:36:03] repr_de_asym model=rbf_svm dim=arousal subject=2 split 3/5
[05:36:55] repr_de_asym model=rbf_svm dim=arousal subject=2 split 3/5 trial_acc=0.500
[05:36:55] repr_de_asym model=rbf_svm dim=arousal subject=2 split 4/5
[05:37:48] repr_de_asym model=rbf_svm dim=arousal subject=2 split 4/5 trial_acc=0.750
[05:37:48] repr_de_asym model=rbf_svm dim=arousal subject=2 split 5/5
[05:38:41] repr_de_asym model=rbf_svm dim=arousal subject=2 split 5/5 trial_acc=0.750
[05:38:41] repr_de_asym model=rbf_svm dim=arousal subject=3 split 1/5
[05:39:33] repr_de_asym model=rbf_svm dim=arousal subject=3 split 1/5 trial_acc=0.625
[05:39:33] repr_de_asym model=rbf_svm dim=arousal subject=3 split 2/5
[05:40:26] repr_de_asym model=rbf_svm dim=arousal subject=3 split 2/5 trial_acc=0.750
[05:40:26] repr_de_asym model=rbf_svm dim=arousal subject=3 split 3/5
[05:41:26] repr_de_asym model=rbf_svm dim=arousal subject=3 split 3/5 trial_acc=0.750
[05:41:26] repr_de_asym model=rbf_svm dim=arousal subject=3 split 4/5
[05:42:37] repr_de_asym model=rbf_svm dim=arousal subject=3 split 4/5 trial_acc=0.500
[05:42:37] repr_de_asym model=rbf_svm dim=arousal subject=3 split 5/5
[05:43:49] repr_de_asym model=rbf_svm dim=arousal subject=3 split 5/5 trial_acc=0.625
[05:43:49] repr_de_asym model=rbf_svm dim=arousal subject=4 split 1/5
[05:44:52] repr_de_asym model=rbf_svm dim=arousal subject=4 split 1/5 trial_acc=0.625
[05:44:52] repr_de_asym model=rbf_svm dim=arousal subject=4 split 2/5
[05:45:46] repr_de_asym model=rbf_svm dim=arousal subject=4 split 2/5 trial_acc=0.500
[05:45:46] repr_de_asym model=rbf_svm dim=arousal subject=4 split 3/5
[05:46:40] repr_de_asym model=rbf_svm dim=arousal subject=4 split 3/5 trial_acc=0.500
[05:46:40] repr_de_asym model=rbf_svm dim=arousal subject=4 split 4/5
[05:47:33] repr_de_asym model=rbf_svm dim=arousal subject=4 split 4/5 trial_acc=0.625
[05:47:33] repr_de_asym model=rbf_svm dim=arousal subject=4 split 5/5
[05:48:26] repr_de_asym model=rbf_svm dim=arousal subject=4 split 5/5 trial_acc=0.375
[05:48:26] repr_de_asym model=rbf_svm dim=arousal subject=5 split 1/5
[05:49:19] repr_de_asym model=rbf_svm dim=arousal subject=5 split 1/5 trial_acc=0.250
[05:49:19] repr_de_asym model=rbf_svm dim=arousal subject=5 split 2/5
[05:50:12] repr_de_asym model=rbf_svm dim=arousal subject=5 split 2/5 trial_acc=0.625
[05:50:12] repr_de_asym model=rbf_svm dim=arousal subject=5 split 3/5
[05:51:04] repr_de_asym model=rbf_svm dim=arousal subject=5 split 3/5 trial_acc=0.625
[05:51:04] repr_de_asym model=rbf_svm dim=arousal subject=5 split 4/5
[05:51:57] repr_de_asym model=rbf_svm dim=arousal subject=5 split 4/5 trial_acc=0.125
[05:51:57] repr_de_asym model=rbf_svm dim=arousal subject=5 split 5/5
[05:52:51] repr_de_asym model=rbf_svm dim=arousal subject=5 split 5/5 trial_acc=0.500
[05:52:51] repr_de_asym model=rbf_svm dim=arousal subject=6 split 1/5
[05:53:44] repr_de_asym model=rbf_svm dim=arousal subject=6 split 1/5 trial_acc=0.375
[05:53:44] repr_de_asym model=rbf_svm dim=arousal subject=6 split 2/5
[05:54:37] repr_de_asym model=rbf_svm dim=arousal subject=6 split 2/5 trial_acc=0.750
[05:54:37] repr_de_asym model=rbf_svm dim=arousal subject=6 split 3/5
[05:55:31] repr_de_asym model=rbf_svm dim=arousal subject=6 split 3/5 trial_acc=0.500
[05:55:31] repr_de_asym model=rbf_svm dim=arousal subject=6 split 4/5
[05:56:24] repr_de_asym model=rbf_svm dim=arousal subject=6 split 4/5 trial_acc=0.500
[05:56:24] repr_de_asym model=rbf_svm dim=arousal subject=6 split 5/5
[05:57:18] repr_de_asym model=rbf_svm dim=arousal subject=6 split 5/5 trial_acc=0.375
[05:57:18] repr_de_asym model=rbf_svm dim=arousal subject=7 split 1/5
[05:58:11] repr_de_asym model=rbf_svm dim=arousal subject=7 split 1/5 trial_acc=0.500
[05:58:11] repr_de_asym model=rbf_svm dim=arousal subject=7 split 2/5
[05:59:04] repr_de_asym model=rbf_svm dim=arousal subject=7 split 2/5 trial_acc=0.375
[05:59:04] repr_de_asym model=rbf_svm dim=arousal subject=7 split 3/5
[05:59:57] repr_de_asym model=rbf_svm dim=arousal subject=7 split 3/5 trial_acc=0.500
[05:59:57] repr_de_asym model=rbf_svm dim=arousal subject=7 split 4/5
[06:00:50] repr_de_asym model=rbf_svm dim=arousal subject=7 split 4/5 trial_acc=0.500
[06:00:50] repr_de_asym model=rbf_svm dim=arousal subject=7 split 5/5
[06:01:47] repr_de_asym model=rbf_svm dim=arousal subject=7 split 5/5 trial_acc=0.500
[06:01:47] repr_de_asym model=rbf_svm dim=arousal subject=8 split 1/5
[06:02:41] repr_de_asym model=rbf_svm dim=arousal subject=8 split 1/5 trial_acc=0.250
[06:02:41] repr_de_asym model=rbf_svm dim=arousal subject=8 split 2/5
[06:03:35] repr_de_asym model=rbf_svm dim=arousal subject=8 split 2/5 trial_acc=0.500
[06:03:35] repr_de_asym model=rbf_svm dim=arousal subject=8 split 3/5
[06:04:31] repr_de_asym model=rbf_svm dim=arousal subject=8 split 3/5 trial_acc=0.375
[06:04:31] repr_de_asym model=rbf_svm dim=arousal subject=8 split 4/5
[06:05:26] repr_de_asym model=rbf_svm dim=arousal subject=8 split 4/5 trial_acc=0.625
[06:05:26] repr_de_asym model=rbf_svm dim=arousal subject=8 split 5/5
[06:06:19] repr_de_asym model=rbf_svm dim=arousal subject=8 split 5/5 trial_acc=0.500
[06:06:19] repr_de_asym model=rbf_svm dim=arousal subject=9 split 1/5
[06:07:13] repr_de_asym model=rbf_svm dim=arousal subject=9 split 1/5 trial_acc=0.625
[06:07:13] repr_de_asym model=rbf_svm dim=arousal subject=9 split 2/5
[06:08:05] repr_de_asym model=rbf_svm dim=arousal subject=9 split 2/5 trial_acc=0.375
[06:08:05] repr_de_asym model=rbf_svm dim=arousal subject=9 split 3/5
[06:08:58] repr_de_asym model=rbf_svm dim=arousal subject=9 split 3/5 trial_acc=0.500
[06:08:58] repr_de_asym model=rbf_svm dim=arousal subject=9 split 4/5
[06:09:50] repr_de_asym model=rbf_svm dim=arousal subject=9 split 4/5 trial_acc=0.750
[06:09:50] repr_de_asym model=rbf_svm dim=arousal subject=9 split 5/5
[06:10:43] repr_de_asym model=rbf_svm dim=arousal subject=9 split 5/5 trial_acc=0.500
[06:10:43] repr_de_asym model=rbf_svm dim=arousal subject=10 split 1/5
[06:11:35] repr_de_asym model=rbf_svm dim=arousal subject=10 split 1/5 trial_acc=0.375
[06:11:35] repr_de_asym model=rbf_svm dim=arousal subject=10 split 2/5
[06:12:28] repr_de_asym model=rbf_svm dim=arousal subject=10 split 2/5 trial_acc=0.750
[06:12:28] repr_de_asym model=rbf_svm dim=arousal subject=10 split 3/5
[06:13:20] repr_de_asym model=rbf_svm dim=arousal subject=10 split 3/5 trial_acc=0.375
[06:13:20] repr_de_asym model=rbf_svm dim=arousal subject=10 split 4/5
[06:14:13] repr_de_asym model=rbf_svm dim=arousal subject=10 split 4/5 trial_acc=0.625
[06:14:13] repr_de_asym model=rbf_svm dim=arousal subject=10 split 5/5
[06:15:06] repr_de_asym model=rbf_svm dim=arousal subject=10 split 5/5 trial_acc=0.625
[06:15:06] repr_de_asym model=rbf_svm dim=arousal subject=11 split 1/5
[06:15:59] repr_de_asym model=rbf_svm dim=arousal subject=11 split 1/5 trial_acc=0.500
[06:15:59] repr_de_asym model=rbf_svm dim=arousal subject=11 split 2/5
[06:16:52] repr_de_asym model=rbf_svm dim=arousal subject=11 split 2/5 trial_acc=0.125
[06:16:52] repr_de_asym model=rbf_svm dim=arousal subject=11 split 3/5
[06:17:44] repr_de_asym model=rbf_svm dim=arousal subject=11 split 3/5 trial_acc=0.375
[06:17:44] repr_de_asym model=rbf_svm dim=arousal subject=11 split 4/5
[06:18:37] repr_de_asym model=rbf_svm dim=arousal subject=11 split 4/5 trial_acc=0.625
[06:18:37] repr_de_asym model=rbf_svm dim=arousal subject=11 split 5/5
[06:19:30] repr_de_asym model=rbf_svm dim=arousal subject=11 split 5/5 trial_acc=0.750
[06:19:30] repr_de_asym model=rbf_svm dim=arousal subject=12 split 1/5
[06:20:23] repr_de_asym model=rbf_svm dim=arousal subject=12 split 1/5 trial_acc=0.750
[06:20:23] repr_de_asym model=rbf_svm dim=arousal subject=12 split 2/5
[06:21:16] repr_de_asym model=rbf_svm dim=arousal subject=12 split 2/5 trial_acc=0.625
[06:21:16] repr_de_asym model=rbf_svm dim=arousal subject=12 split 3/5
[06:22:09] repr_de_asym model=rbf_svm dim=arousal subject=12 split 3/5 trial_acc=1.000
[06:22:09] repr_de_asym model=rbf_svm dim=arousal subject=12 split 4/5
[06:23:01] repr_de_asym model=rbf_svm dim=arousal subject=12 split 4/5 trial_acc=0.750
[06:23:01] repr_de_asym model=rbf_svm dim=arousal subject=12 split 5/5
[06:23:54] repr_de_asym model=rbf_svm dim=arousal subject=12 split 5/5 trial_acc=0.500
[06:23:54] repr_de_asym model=rbf_svm dim=arousal subject=13 split 1/5
[06:24:47] repr_de_asym model=rbf_svm dim=arousal subject=13 split 1/5 trial_acc=0.500
[06:24:47] repr_de_asym model=rbf_svm dim=arousal subject=13 split 2/5
[06:25:39] repr_de_asym model=rbf_svm dim=arousal subject=13 split 2/5 trial_acc=0.500
[06:25:39] repr_de_asym model=rbf_svm dim=arousal subject=13 split 3/5
[06:26:32] repr_de_asym model=rbf_svm dim=arousal subject=13 split 3/5 trial_acc=0.500
[06:26:32] repr_de_asym model=rbf_svm dim=arousal subject=13 split 4/5
[06:27:25] repr_de_asym model=rbf_svm dim=arousal subject=13 split 4/5 trial_acc=0.500
[06:27:25] repr_de_asym model=rbf_svm dim=arousal subject=13 split 5/5
[06:28:18] repr_de_asym model=rbf_svm dim=arousal subject=13 split 5/5 trial_acc=0.750
[06:28:18] repr_de_asym model=rbf_svm dim=arousal subject=14 split 1/5
[06:29:11] repr_de_asym model=rbf_svm dim=arousal subject=14 split 1/5 trial_acc=0.250
[06:29:11] repr_de_asym model=rbf_svm dim=arousal subject=14 split 2/5
[06:30:03] repr_de_asym model=rbf_svm dim=arousal subject=14 split 2/5 trial_acc=0.625
[06:30:03] repr_de_asym model=rbf_svm dim=arousal subject=14 split 3/5
[06:30:56] repr_de_asym model=rbf_svm dim=arousal subject=14 split 3/5 trial_acc=0.500
[06:30:56] repr_de_asym model=rbf_svm dim=arousal subject=14 split 4/5
[06:31:50] repr_de_asym model=rbf_svm dim=arousal subject=14 split 4/5 trial_acc=0.500
[06:31:50] repr_de_asym model=rbf_svm dim=arousal subject=14 split 5/5
[06:32:43] repr_de_asym model=rbf_svm dim=arousal subject=14 split 5/5 trial_acc=0.375
[06:32:43] repr_de_asym model=rbf_svm dim=arousal subject=15 split 1/5
[06:33:38] repr_de_asym model=rbf_svm dim=arousal subject=15 split 1/5 trial_acc=0.500
[06:33:38] repr_de_asym model=rbf_svm dim=arousal subject=15 split 2/5
[06:34:31] repr_de_asym model=rbf_svm dim=arousal subject=15 split 2/5 trial_acc=0.375
[06:34:31] repr_de_asym model=rbf_svm dim=arousal subject=15 split 3/5
[06:35:23] repr_de_asym model=rbf_svm dim=arousal subject=15 split 3/5 trial_acc=0.375
[06:35:23] repr_de_asym model=rbf_svm dim=arousal subject=15 split 4/5
[06:36:16] repr_de_asym model=rbf_svm dim=arousal subject=15 split 4/5 trial_acc=0.500
[06:36:16] repr_de_asym model=rbf_svm dim=arousal subject=15 split 5/5
[06:37:09] repr_de_asym model=rbf_svm dim=arousal subject=15 split 5/5 trial_acc=0.500
[06:37:09] repr_de_asym model=rbf_svm dim=arousal subject=16 split 1/5
[06:38:01] repr_de_asym model=rbf_svm dim=arousal subject=16 split 1/5 trial_acc=0.625
[06:38:01] repr_de_asym model=rbf_svm dim=arousal subject=16 split 2/5
[06:38:54] repr_de_asym model=rbf_svm dim=arousal subject=16 split 2/5 trial_acc=0.875
[06:38:54] repr_de_asym model=rbf_svm dim=arousal subject=16 split 3/5
[06:39:47] repr_de_asym model=rbf_svm dim=arousal subject=16 split 3/5 trial_acc=0.750
[06:39:47] repr_de_asym model=rbf_svm dim=arousal subject=16 split 4/5
[06:40:40] repr_de_asym model=rbf_svm dim=arousal subject=16 split 4/5 trial_acc=0.750
[06:40:40] repr_de_asym model=rbf_svm dim=arousal subject=16 split 5/5
[06:41:32] repr_de_asym model=rbf_svm dim=arousal subject=16 split 5/5 trial_acc=0.375
[06:41:32] repr_de_asym model=rbf_svm dim=arousal subject=17 split 1/5
[06:42:26] repr_de_asym model=rbf_svm dim=arousal subject=17 split 1/5 trial_acc=0.875
[06:42:26] repr_de_asym model=rbf_svm dim=arousal subject=17 split 2/5
[06:43:18] repr_de_asym model=rbf_svm dim=arousal subject=17 split 2/5 trial_acc=0.625
[06:43:18] repr_de_asym model=rbf_svm dim=arousal subject=17 split 3/5
[06:44:11] repr_de_asym model=rbf_svm dim=arousal subject=17 split 3/5 trial_acc=0.875
[06:44:11] repr_de_asym model=rbf_svm dim=arousal subject=17 split 4/5
[06:45:04] repr_de_asym model=rbf_svm dim=arousal subject=17 split 4/5 trial_acc=0.875
[06:45:04] repr_de_asym model=rbf_svm dim=arousal subject=17 split 5/5
[06:45:56] repr_de_asym model=rbf_svm dim=arousal subject=17 split 5/5 trial_acc=0.625
[06:45:56] repr_de_asym model=rbf_svm dim=arousal subject=18 split 1/5
[06:46:50] repr_de_asym model=rbf_svm dim=arousal subject=18 split 1/5 trial_acc=0.500
[06:46:50] repr_de_asym model=rbf_svm dim=arousal subject=18 split 2/5
[06:47:43] repr_de_asym model=rbf_svm dim=arousal subject=18 split 2/5 trial_acc=0.625
[06:47:43] repr_de_asym model=rbf_svm dim=arousal subject=18 split 3/5
[06:48:36] repr_de_asym model=rbf_svm dim=arousal subject=18 split 3/5 trial_acc=0.625
[06:48:36] repr_de_asym model=rbf_svm dim=arousal subject=18 split 4/5
[06:49:30] repr_de_asym model=rbf_svm dim=arousal subject=18 split 4/5 trial_acc=0.625
[06:49:30] repr_de_asym model=rbf_svm dim=arousal subject=18 split 5/5
[06:50:23] repr_de_asym model=rbf_svm dim=arousal subject=18 split 5/5 trial_acc=0.375
[06:50:23] repr_de_asym model=rbf_svm dim=arousal subject=19 split 1/5
[06:51:16] repr_de_asym model=rbf_svm dim=arousal subject=19 split 1/5 trial_acc=0.625
[06:51:16] repr_de_asym model=rbf_svm dim=arousal subject=19 split 2/5
[06:52:08] repr_de_asym model=rbf_svm dim=arousal subject=19 split 2/5 trial_acc=0.500
[06:52:08] repr_de_asym model=rbf_svm dim=arousal subject=19 split 3/5
[06:53:00] repr_de_asym model=rbf_svm dim=arousal subject=19 split 3/5 trial_acc=0.500
[06:53:00] repr_de_asym model=rbf_svm dim=arousal subject=19 split 4/5
[06:53:54] repr_de_asym model=rbf_svm dim=arousal subject=19 split 4/5 trial_acc=0.625
[06:53:54] repr_de_asym model=rbf_svm dim=arousal subject=19 split 5/5
[06:54:47] repr_de_asym model=rbf_svm dim=arousal subject=19 split 5/5 trial_acc=0.625
[06:54:47] repr_de_asym model=rbf_svm dim=arousal subject=20 split 1/5
[06:55:40] repr_de_asym model=rbf_svm dim=arousal subject=20 split 1/5 trial_acc=0.500
[06:55:40] repr_de_asym model=rbf_svm dim=arousal subject=20 split 2/5
[06:56:33] repr_de_asym model=rbf_svm dim=arousal subject=20 split 2/5 trial_acc=0.625
[06:56:33] repr_de_asym model=rbf_svm dim=arousal subject=20 split 3/5
[06:57:26] repr_de_asym model=rbf_svm dim=arousal subject=20 split 3/5 trial_acc=0.250
[06:57:26] repr_de_asym model=rbf_svm dim=arousal subject=20 split 4/5
[06:58:18] repr_de_asym model=rbf_svm dim=arousal subject=20 split 4/5 trial_acc=0.375
[06:58:18] repr_de_asym model=rbf_svm dim=arousal subject=20 split 5/5
[06:59:11] repr_de_asym model=rbf_svm dim=arousal subject=20 split 5/5 trial_acc=0.500
[06:59:11] repr_de_asym model=rbf_svm dim=arousal subject=21 split 1/5
[07:00:04] repr_de_asym model=rbf_svm dim=arousal subject=21 split 1/5 trial_acc=0.750
[07:00:04] repr_de_asym model=rbf_svm dim=arousal subject=21 split 2/5
[07:00:57] repr_de_asym model=rbf_svm dim=arousal subject=21 split 2/5 trial_acc=0.625
[07:00:57] repr_de_asym model=rbf_svm dim=arousal subject=21 split 3/5
[07:01:50] repr_de_asym model=rbf_svm dim=arousal subject=21 split 3/5 trial_acc=1.000
[07:01:50] repr_de_asym model=rbf_svm dim=arousal subject=21 split 4/5
[07:02:42] repr_de_asym model=rbf_svm dim=arousal subject=21 split 4/5 trial_acc=0.375
[07:02:42] repr_de_asym model=rbf_svm dim=arousal subject=21 split 5/5
[07:03:35] repr_de_asym model=rbf_svm dim=arousal subject=21 split 5/5 trial_acc=0.125
[07:03:35] repr_de_asym model=rbf_svm dim=arousal subject=22 split 1/5
[07:04:28] repr_de_asym model=rbf_svm dim=arousal subject=22 split 1/5 trial_acc=0.750
[07:04:28] repr_de_asym model=rbf_svm dim=arousal subject=22 split 2/5
[07:05:21] repr_de_asym model=rbf_svm dim=arousal subject=22 split 2/5 trial_acc=0.625
[07:05:21] repr_de_asym model=rbf_svm dim=arousal subject=22 split 3/5
[07:06:14] repr_de_asym model=rbf_svm dim=arousal subject=22 split 3/5 trial_acc=0.375
[07:06:14] repr_de_asym model=rbf_svm dim=arousal subject=22 split 4/5
[07:07:07] repr_de_asym model=rbf_svm dim=arousal subject=22 split 4/5 trial_acc=0.500
[07:07:07] repr_de_asym model=rbf_svm dim=arousal subject=22 split 5/5
[07:07:59] repr_de_asym model=rbf_svm dim=arousal subject=22 split 5/5 trial_acc=0.750
[07:07:59] repr_de_asym model=rbf_svm dim=arousal subject=23 split 1/5
[07:08:52] repr_de_asym model=rbf_svm dim=arousal subject=23 split 1/5 trial_acc=0.500
[07:08:52] repr_de_asym model=rbf_svm dim=arousal subject=23 split 2/5
[07:09:44] repr_de_asym model=rbf_svm dim=arousal subject=23 split 2/5 trial_acc=0.250
[07:09:44] repr_de_asym model=rbf_svm dim=arousal subject=23 split 3/5
[07:10:37] repr_de_asym model=rbf_svm dim=arousal subject=23 split 3/5 trial_acc=0.375
[07:10:37] repr_de_asym model=rbf_svm dim=arousal subject=23 split 4/5
[07:11:29] repr_de_asym model=rbf_svm dim=arousal subject=23 split 4/5 trial_acc=0.500
[07:11:29] repr_de_asym model=rbf_svm dim=arousal subject=23 split 5/5
[07:12:22] repr_de_asym model=rbf_svm dim=arousal subject=23 split 5/5 trial_acc=0.375
[07:12:22] repr_de_asym model=rbf_svm dim=arousal subject=24 split 1/5
[07:13:16] repr_de_asym model=rbf_svm dim=arousal subject=24 split 1/5 trial_acc=0.625
[07:13:16] repr_de_asym model=rbf_svm dim=arousal subject=24 split 2/5
[07:14:08] repr_de_asym model=rbf_svm dim=arousal subject=24 split 2/5 trial_acc=0.750
[07:14:08] repr_de_asym model=rbf_svm dim=arousal subject=24 split 3/5
[07:15:01] repr_de_asym model=rbf_svm dim=arousal subject=24 split 3/5 trial_acc=1.000
[07:15:01] repr_de_asym model=rbf_svm dim=arousal subject=24 split 4/5
[07:15:54] repr_de_asym model=rbf_svm dim=arousal subject=24 split 4/5 trial_acc=0.125
[07:15:54] repr_de_asym model=rbf_svm dim=arousal subject=24 split 5/5
[07:16:47] repr_de_asym model=rbf_svm dim=arousal subject=24 split 5/5 trial_acc=0.250
[07:16:47] repr_de_asym model=rbf_svm dim=arousal subject=25 split 1/5
[07:17:39] repr_de_asym model=rbf_svm dim=arousal subject=25 split 1/5 trial_acc=0.750
[07:17:39] repr_de_asym model=rbf_svm dim=arousal subject=25 split 2/5
[07:18:32] repr_de_asym model=rbf_svm dim=arousal subject=25 split 2/5 trial_acc=1.000
[07:18:32] repr_de_asym model=rbf_svm dim=arousal subject=25 split 3/5
[07:19:24] repr_de_asym model=rbf_svm dim=arousal subject=25 split 3/5 trial_acc=0.375
[07:19:24] repr_de_asym model=rbf_svm dim=arousal subject=25 split 4/5
[07:20:17] repr_de_asym model=rbf_svm dim=arousal subject=25 split 4/5 trial_acc=0.875
[07:20:17] repr_de_asym model=rbf_svm dim=arousal subject=25 split 5/5
[07:21:09] repr_de_asym model=rbf_svm dim=arousal subject=25 split 5/5 trial_acc=0.500
[07:21:09] repr_de_asym model=rbf_svm dim=arousal subject=26 split 1/5
[07:22:02] repr_de_asym model=rbf_svm dim=arousal subject=26 split 1/5 trial_acc=0.500
[07:22:02] repr_de_asym model=rbf_svm dim=arousal subject=26 split 2/5
[07:22:54] repr_de_asym model=rbf_svm dim=arousal subject=26 split 2/5 trial_acc=0.625
[07:22:54] repr_de_asym model=rbf_svm dim=arousal subject=26 split 3/5
[07:23:47] repr_de_asym model=rbf_svm dim=arousal subject=26 split 3/5 trial_acc=0.500
[07:23:47] repr_de_asym model=rbf_svm dim=arousal subject=26 split 4/5
[07:24:39] repr_de_asym model=rbf_svm dim=arousal subject=26 split 4/5 trial_acc=0.875
[07:24:39] repr_de_asym model=rbf_svm dim=arousal subject=26 split 5/5
[07:25:32] repr_de_asym model=rbf_svm dim=arousal subject=26 split 5/5 trial_acc=0.625
[07:25:32] repr_de_asym model=rbf_svm dim=arousal subject=27 split 1/5
[07:26:24] repr_de_asym model=rbf_svm dim=arousal subject=27 split 1/5 trial_acc=0.625
[07:26:24] repr_de_asym model=rbf_svm dim=arousal subject=27 split 2/5
[07:27:17] repr_de_asym model=rbf_svm dim=arousal subject=27 split 2/5 trial_acc=0.875
[07:27:17] repr_de_asym model=rbf_svm dim=arousal subject=27 split 3/5
[07:28:10] repr_de_asym model=rbf_svm dim=arousal subject=27 split 3/5 trial_acc=0.875
[07:28:10] repr_de_asym model=rbf_svm dim=arousal subject=27 split 4/5
[07:29:03] repr_de_asym model=rbf_svm dim=arousal subject=27 split 4/5 trial_acc=0.875
[07:29:03] repr_de_asym model=rbf_svm dim=arousal subject=27 split 5/5
[07:29:55] repr_de_asym model=rbf_svm dim=arousal subject=27 split 5/5 trial_acc=0.875
[07:29:55] repr_de_asym model=rbf_svm dim=arousal subject=28 split 1/5
[07:30:47] repr_de_asym model=rbf_svm dim=arousal subject=28 split 1/5 trial_acc=0.375
[07:30:47] repr_de_asym model=rbf_svm dim=arousal subject=28 split 2/5
[07:31:40] repr_de_asym model=rbf_svm dim=arousal subject=28 split 2/5 trial_acc=0.500
[07:31:40] repr_de_asym model=rbf_svm dim=arousal subject=28 split 3/5
[07:32:33] repr_de_asym model=rbf_svm dim=arousal subject=28 split 3/5 trial_acc=0.500
[07:32:33] repr_de_asym model=rbf_svm dim=arousal subject=28 split 4/5
[07:33:25] repr_de_asym model=rbf_svm dim=arousal subject=28 split 4/5 trial_acc=0.625
[07:33:25] repr_de_asym model=rbf_svm dim=arousal subject=28 split 5/5
[07:34:18] repr_de_asym model=rbf_svm dim=arousal subject=28 split 5/5 trial_acc=0.500
[07:34:18] repr_de_asym model=rbf_svm dim=arousal subject=29 split 1/5
[07:35:10] repr_de_asym model=rbf_svm dim=arousal subject=29 split 1/5 trial_acc=0.625
[07:35:10] repr_de_asym model=rbf_svm dim=arousal subject=29 split 2/5
[07:36:03] repr_de_asym model=rbf_svm dim=arousal subject=29 split 2/5 trial_acc=0.750
[07:36:03] repr_de_asym model=rbf_svm dim=arousal subject=29 split 3/5
[07:36:55] repr_de_asym model=rbf_svm dim=arousal subject=29 split 3/5 trial_acc=0.750
[07:36:55] repr_de_asym model=rbf_svm dim=arousal subject=29 split 4/5
[07:37:48] repr_de_asym model=rbf_svm dim=arousal subject=29 split 4/5 trial_acc=0.875
[07:37:48] repr_de_asym model=rbf_svm dim=arousal subject=29 split 5/5
[07:38:40] repr_de_asym model=rbf_svm dim=arousal subject=29 split 5/5 trial_acc=0.500
[07:38:40] repr_de_asym model=rbf_svm dim=arousal subject=30 split 1/5
[07:39:33] repr_de_asym model=rbf_svm dim=arousal subject=30 split 1/5 trial_acc=0.625
[07:39:33] repr_de_asym model=rbf_svm dim=arousal subject=30 split 2/5
[07:40:26] repr_de_asym model=rbf_svm dim=arousal subject=30 split 2/5 trial_acc=0.625
[07:40:26] repr_de_asym model=rbf_svm dim=arousal subject=30 split 3/5
[07:41:20] repr_de_asym model=rbf_svm dim=arousal subject=30 split 3/5 trial_acc=0.500
[07:41:20] repr_de_asym model=rbf_svm dim=arousal subject=30 split 4/5
[07:42:13] repr_de_asym model=rbf_svm dim=arousal subject=30 split 4/5 trial_acc=0.375
[07:42:13] repr_de_asym model=rbf_svm dim=arousal subject=30 split 5/5
[07:43:06] repr_de_asym model=rbf_svm dim=arousal subject=30 split 5/5 trial_acc=0.500
[07:43:06] repr_de_asym model=rbf_svm dim=arousal subject=31 split 1/5
[07:43:59] repr_de_asym model=rbf_svm dim=arousal subject=31 split 1/5 trial_acc=0.750
[07:43:59] repr_de_asym model=rbf_svm dim=arousal subject=31 split 2/5
[07:44:51] repr_de_asym model=rbf_svm dim=arousal subject=31 split 2/5 trial_acc=0.625
[07:44:51] repr_de_asym model=rbf_svm dim=arousal subject=31 split 3/5
[07:45:44] repr_de_asym model=rbf_svm dim=arousal subject=31 split 3/5 trial_acc=0.750
[07:45:44] repr_de_asym model=rbf_svm dim=arousal subject=31 split 4/5
[07:46:37] repr_de_asym model=rbf_svm dim=arousal subject=31 split 4/5 trial_acc=0.625
[07:46:37] repr_de_asym model=rbf_svm dim=arousal subject=31 split 5/5
[07:47:29] repr_de_asym model=rbf_svm dim=arousal subject=31 split 5/5 trial_acc=0.750
[07:47:29] repr_de_asym model=rbf_svm dim=arousal subject=32 split 1/5
[07:48:22] repr_de_asym model=rbf_svm dim=arousal subject=32 split 1/5 trial_acc=0.750
[07:48:22] repr_de_asym model=rbf_svm dim=arousal subject=32 split 2/5
[07:49:14] repr_de_asym model=rbf_svm dim=arousal subject=32 split 2/5 trial_acc=0.000
[07:49:14] repr_de_asym model=rbf_svm dim=arousal subject=32 split 3/5
[07:50:06] repr_de_asym model=rbf_svm dim=arousal subject=32 split 3/5 trial_acc=0.500
[07:50:06] repr_de_asym model=rbf_svm dim=arousal subject=32 split 4/5
[07:50:59] repr_de_asym model=rbf_svm dim=arousal subject=32 split 4/5 trial_acc=0.625
[07:50:59] repr_de_asym model=rbf_svm dim=arousal subject=32 split 5/5
[07:51:52] repr_de_asym model=rbf_svm dim=arousal subject=32 split 5/5 trial_acc=0.625
[07:51:52] Finished repr_de_asym in 291.9 min
[07:51:52] Starting repr_de_pcc
[07:52:04] repr_de_pcc model=rbf_svm dim=valence subject=1 split 1/5
[07:52:46] repr_de_pcc model=rbf_svm dim=valence subject=1 split 1/5 trial_acc=0.625
[07:52:46] repr_de_pcc model=rbf_svm dim=valence subject=1 split 2/5
[07:53:28] repr_de_pcc model=rbf_svm dim=valence subject=1 split 2/5 trial_acc=0.500
[07:53:28] repr_de_pcc model=rbf_svm dim=valence subject=1 split 3/5
[07:54:10] repr_de_pcc model=rbf_svm dim=valence subject=1 split 3/5 trial_acc=0.750
[07:54:10] repr_de_pcc model=rbf_svm dim=valence subject=1 split 4/5
[07:54:52] repr_de_pcc model=rbf_svm dim=valence subject=1 split 4/5 trial_acc=0.625
[07:54:52] repr_de_pcc model=rbf_svm dim=valence subject=1 split 5/5
[07:55:34] repr_de_pcc model=rbf_svm dim=valence subject=1 split 5/5 trial_acc=0.375
[07:55:35] repr_de_pcc model=rbf_svm dim=valence subject=2 split 1/5
[07:56:16] repr_de_pcc model=rbf_svm dim=valence subject=2 split 1/5 trial_acc=0.500
[07:56:16] repr_de_pcc model=rbf_svm dim=valence subject=2 split 2/5
[07:56:58] repr_de_pcc model=rbf_svm dim=valence subject=2 split 2/5 trial_acc=0.375
[07:56:58] repr_de_pcc model=rbf_svm dim=valence subject=2 split 3/5
[07:57:40] repr_de_pcc model=rbf_svm dim=valence subject=2 split 3/5 trial_acc=0.750
[07:57:40] repr_de_pcc model=rbf_svm dim=valence subject=2 split 4/5
[07:58:22] repr_de_pcc model=rbf_svm dim=valence subject=2 split 4/5 trial_acc=0.750
[07:58:22] repr_de_pcc model=rbf_svm dim=valence subject=2 split 5/5
[07:59:04] repr_de_pcc model=rbf_svm dim=valence subject=2 split 5/5 trial_acc=0.750
[07:59:04] repr_de_pcc model=rbf_svm dim=valence subject=3 split 1/5
[07:59:46] repr_de_pcc model=rbf_svm dim=valence subject=3 split 1/5 trial_acc=0.625
[07:59:46] repr_de_pcc model=rbf_svm dim=valence subject=3 split 2/5
[08:00:28] repr_de_pcc model=rbf_svm dim=valence subject=3 split 2/5 trial_acc=0.750
[08:00:28] repr_de_pcc model=rbf_svm dim=valence subject=3 split 3/5
[08:01:09] repr_de_pcc model=rbf_svm dim=valence subject=3 split 3/5 trial_acc=0.625
[08:01:09] repr_de_pcc model=rbf_svm dim=valence subject=3 split 4/5
[08:01:51] repr_de_pcc model=rbf_svm dim=valence subject=3 split 4/5 trial_acc=0.375
[08:01:51] repr_de_pcc model=rbf_svm dim=valence subject=3 split 5/5
[08:02:33] repr_de_pcc model=rbf_svm dim=valence subject=3 split 5/5 trial_acc=0.875
[08:02:34] repr_de_pcc model=rbf_svm dim=valence subject=4 split 1/5
[08:03:16] repr_de_pcc model=rbf_svm dim=valence subject=4 split 1/5 trial_acc=0.375
[08:03:16] repr_de_pcc model=rbf_svm dim=valence subject=4 split 2/5
[08:03:58] repr_de_pcc model=rbf_svm dim=valence subject=4 split 2/5 trial_acc=0.375
[08:03:58] repr_de_pcc model=rbf_svm dim=valence subject=4 split 3/5
[08:04:40] repr_de_pcc model=rbf_svm dim=valence subject=4 split 3/5 trial_acc=0.375
[08:04:40] repr_de_pcc model=rbf_svm dim=valence subject=4 split 4/5
[08:05:22] repr_de_pcc model=rbf_svm dim=valence subject=4 split 4/5 trial_acc=0.500
[08:05:22] repr_de_pcc model=rbf_svm dim=valence subject=4 split 5/5
[08:06:04] repr_de_pcc model=rbf_svm dim=valence subject=4 split 5/5 trial_acc=0.625
[08:06:05] repr_de_pcc model=rbf_svm dim=valence subject=5 split 1/5
[08:06:47] repr_de_pcc model=rbf_svm dim=valence subject=5 split 1/5 trial_acc=0.500
[08:06:47] repr_de_pcc model=rbf_svm dim=valence subject=5 split 2/5
[08:07:29] repr_de_pcc model=rbf_svm dim=valence subject=5 split 2/5 trial_acc=0.250
[08:07:29] repr_de_pcc model=rbf_svm dim=valence subject=5 split 3/5
[08:08:11] repr_de_pcc model=rbf_svm dim=valence subject=5 split 3/5 trial_acc=0.375
[08:08:11] repr_de_pcc model=rbf_svm dim=valence subject=5 split 4/5
[08:08:53] repr_de_pcc model=rbf_svm dim=valence subject=5 split 4/5 trial_acc=0.625
[08:08:53] repr_de_pcc model=rbf_svm dim=valence subject=5 split 5/5
[08:09:35] repr_de_pcc model=rbf_svm dim=valence subject=5 split 5/5 trial_acc=0.500
[08:09:36] repr_de_pcc model=rbf_svm dim=valence subject=6 split 1/5
[08:10:19] repr_de_pcc model=rbf_svm dim=valence subject=6 split 1/5 trial_acc=0.250
[08:10:19] repr_de_pcc model=rbf_svm dim=valence subject=6 split 2/5
[08:11:01] repr_de_pcc model=rbf_svm dim=valence subject=6 split 2/5 trial_acc=0.625
[08:11:01] repr_de_pcc model=rbf_svm dim=valence subject=6 split 3/5
[08:11:43] repr_de_pcc model=rbf_svm dim=valence subject=6 split 3/5 trial_acc=0.375
[08:11:43] repr_de_pcc model=rbf_svm dim=valence subject=6 split 4/5
[08:12:25] repr_de_pcc model=rbf_svm dim=valence subject=6 split 4/5 trial_acc=0.625
[08:12:25] repr_de_pcc model=rbf_svm dim=valence subject=6 split 5/5
[08:13:07] repr_de_pcc model=rbf_svm dim=valence subject=6 split 5/5 trial_acc=0.625
[08:13:08] repr_de_pcc model=rbf_svm dim=valence subject=7 split 1/5
[08:13:50] repr_de_pcc model=rbf_svm dim=valence subject=7 split 1/5 trial_acc=0.625
[08:13:50] repr_de_pcc model=rbf_svm dim=valence subject=7 split 2/5
[08:14:32] repr_de_pcc model=rbf_svm dim=valence subject=7 split 2/5 trial_acc=0.375
[08:14:32] repr_de_pcc model=rbf_svm dim=valence subject=7 split 3/5
[08:15:14] repr_de_pcc model=rbf_svm dim=valence subject=7 split 3/5 trial_acc=0.750
[08:15:14] repr_de_pcc model=rbf_svm dim=valence subject=7 split 4/5
[08:15:57] repr_de_pcc model=rbf_svm dim=valence subject=7 split 4/5 trial_acc=0.625
[08:15:57] repr_de_pcc model=rbf_svm dim=valence subject=7 split 5/5
[08:16:39] repr_de_pcc model=rbf_svm dim=valence subject=7 split 5/5 trial_acc=0.750
[08:16:40] repr_de_pcc model=rbf_svm dim=valence subject=8 split 1/5
[08:17:22] repr_de_pcc model=rbf_svm dim=valence subject=8 split 1/5 trial_acc=0.750
[08:17:22] repr_de_pcc model=rbf_svm dim=valence subject=8 split 2/5
[08:18:04] repr_de_pcc model=rbf_svm dim=valence subject=8 split 2/5 trial_acc=0.500
[08:18:04] repr_de_pcc model=rbf_svm dim=valence subject=8 split 3/5
[08:18:46] repr_de_pcc model=rbf_svm dim=valence subject=8 split 3/5 trial_acc=0.375
[08:18:46] repr_de_pcc model=rbf_svm dim=valence subject=8 split 4/5
[08:19:28] repr_de_pcc model=rbf_svm dim=valence subject=8 split 4/5 trial_acc=0.375
[08:19:28] repr_de_pcc model=rbf_svm dim=valence subject=8 split 5/5
[08:20:10] repr_de_pcc model=rbf_svm dim=valence subject=8 split 5/5 trial_acc=0.625
[08:20:11] repr_de_pcc model=rbf_svm dim=valence subject=9 split 1/5
[08:20:54] repr_de_pcc model=rbf_svm dim=valence subject=9 split 1/5 trial_acc=0.500
[08:20:54] repr_de_pcc model=rbf_svm dim=valence subject=9 split 2/5
[08:21:35] repr_de_pcc model=rbf_svm dim=valence subject=9 split 2/5 trial_acc=0.625
[08:21:35] repr_de_pcc model=rbf_svm dim=valence subject=9 split 3/5
[08:22:17] repr_de_pcc model=rbf_svm dim=valence subject=9 split 3/5 trial_acc=0.750
[08:22:17] repr_de_pcc model=rbf_svm dim=valence subject=9 split 4/5
[08:22:59] repr_de_pcc model=rbf_svm dim=valence subject=9 split 4/5 trial_acc=0.625
[08:22:59] repr_de_pcc model=rbf_svm dim=valence subject=9 split 5/5
[08:23:41] repr_de_pcc model=rbf_svm dim=valence subject=9 split 5/5 trial_acc=0.875
[08:23:42] repr_de_pcc model=rbf_svm dim=valence subject=10 split 1/5
[08:24:23] repr_de_pcc model=rbf_svm dim=valence subject=10 split 1/5 trial_acc=1.000
[08:24:23] repr_de_pcc model=rbf_svm dim=valence subject=10 split 2/5
[08:25:05] repr_de_pcc model=rbf_svm dim=valence subject=10 split 2/5 trial_acc=0.875
[08:25:05] repr_de_pcc model=rbf_svm dim=valence subject=10 split 3/5
[08:25:46] repr_de_pcc model=rbf_svm dim=valence subject=10 split 3/5 trial_acc=0.875
[08:25:46] repr_de_pcc model=rbf_svm dim=valence subject=10 split 4/5
[08:26:28] repr_de_pcc model=rbf_svm dim=valence subject=10 split 4/5 trial_acc=0.875
[08:26:28] repr_de_pcc model=rbf_svm dim=valence subject=10 split 5/5
[08:27:10] repr_de_pcc model=rbf_svm dim=valence subject=10 split 5/5 trial_acc=0.875
[08:27:11] repr_de_pcc model=rbf_svm dim=valence subject=11 split 1/5
[08:27:53] repr_de_pcc model=rbf_svm dim=valence subject=11 split 1/5 trial_acc=0.375
[08:27:53] repr_de_pcc model=rbf_svm dim=valence subject=11 split 2/5
[08:28:36] repr_de_pcc model=rbf_svm dim=valence subject=11 split 2/5 trial_acc=0.500
[08:28:36] repr_de_pcc model=rbf_svm dim=valence subject=11 split 3/5
[08:29:18] repr_de_pcc model=rbf_svm dim=valence subject=11 split 3/5 trial_acc=0.375
[08:29:18] repr_de_pcc model=rbf_svm dim=valence subject=11 split 4/5
[08:30:01] repr_de_pcc model=rbf_svm dim=valence subject=11 split 4/5 trial_acc=0.750
[08:30:01] repr_de_pcc model=rbf_svm dim=valence subject=11 split 5/5
[08:30:43] repr_de_pcc model=rbf_svm dim=valence subject=11 split 5/5 trial_acc=0.500
[08:30:44] repr_de_pcc model=rbf_svm dim=valence subject=12 split 1/5
[08:31:27] repr_de_pcc model=rbf_svm dim=valence subject=12 split 1/5 trial_acc=0.375
[08:31:27] repr_de_pcc model=rbf_svm dim=valence subject=12 split 2/5
[08:32:14] repr_de_pcc model=rbf_svm dim=valence subject=12 split 2/5 trial_acc=0.500
[08:32:14] repr_de_pcc model=rbf_svm dim=valence subject=12 split 3/5
[08:33:04] repr_de_pcc model=rbf_svm dim=valence subject=12 split 3/5 trial_acc=0.625
[08:33:04] repr_de_pcc model=rbf_svm dim=valence subject=12 split 4/5
[08:33:45] repr_de_pcc model=rbf_svm dim=valence subject=12 split 4/5 trial_acc=0.500
[08:33:45] repr_de_pcc model=rbf_svm dim=valence subject=12 split 5/5
[08:34:27] repr_de_pcc model=rbf_svm dim=valence subject=12 split 5/5 trial_acc=0.375
[08:34:28] repr_de_pcc model=rbf_svm dim=valence subject=13 split 1/5
[08:35:10] repr_de_pcc model=rbf_svm dim=valence subject=13 split 1/5 trial_acc=0.625
[08:35:10] repr_de_pcc model=rbf_svm dim=valence subject=13 split 2/5
[08:35:52] repr_de_pcc model=rbf_svm dim=valence subject=13 split 2/5 trial_acc=0.750
[08:35:52] repr_de_pcc model=rbf_svm dim=valence subject=13 split 3/5
[08:36:34] repr_de_pcc model=rbf_svm dim=valence subject=13 split 3/5 trial_acc=0.500
[08:36:34] repr_de_pcc model=rbf_svm dim=valence subject=13 split 4/5
[08:37:17] repr_de_pcc model=rbf_svm dim=valence subject=13 split 4/5 trial_acc=0.875
[08:37:17] repr_de_pcc model=rbf_svm dim=valence subject=13 split 5/5
[08:38:00] repr_de_pcc model=rbf_svm dim=valence subject=13 split 5/5 trial_acc=0.875
[08:38:01] repr_de_pcc model=rbf_svm dim=valence subject=14 split 1/5
[08:38:43] repr_de_pcc model=rbf_svm dim=valence subject=14 split 1/5 trial_acc=0.625
[08:38:43] repr_de_pcc model=rbf_svm dim=valence subject=14 split 2/5
[08:39:24] repr_de_pcc model=rbf_svm dim=valence subject=14 split 2/5 trial_acc=0.625
[08:39:24] repr_de_pcc model=rbf_svm dim=valence subject=14 split 3/5
[08:40:06] repr_de_pcc model=rbf_svm dim=valence subject=14 split 3/5 trial_acc=0.875
[08:40:06] repr_de_pcc model=rbf_svm dim=valence subject=14 split 4/5
[08:40:48] repr_de_pcc model=rbf_svm dim=valence subject=14 split 4/5 trial_acc=0.875
[08:40:48] repr_de_pcc model=rbf_svm dim=valence subject=14 split 5/5
[08:41:29] repr_de_pcc model=rbf_svm dim=valence subject=14 split 5/5 trial_acc=1.000
[08:41:30] repr_de_pcc model=rbf_svm dim=valence subject=15 split 1/5
[08:42:13] repr_de_pcc model=rbf_svm dim=valence subject=15 split 1/5 trial_acc=0.625
[08:42:13] repr_de_pcc model=rbf_svm dim=valence subject=15 split 2/5
[08:42:54] repr_de_pcc model=rbf_svm dim=valence subject=15 split 2/5 trial_acc=1.000
[08:42:54] repr_de_pcc model=rbf_svm dim=valence subject=15 split 3/5
[08:43:36] repr_de_pcc model=rbf_svm dim=valence subject=15 split 3/5 trial_acc=0.750
[08:43:36] repr_de_pcc model=rbf_svm dim=valence subject=15 split 4/5
[08:44:17] repr_de_pcc model=rbf_svm dim=valence subject=15 split 4/5 trial_acc=0.875
[08:44:17] repr_de_pcc model=rbf_svm dim=valence subject=15 split 5/5
[08:44:59] repr_de_pcc model=rbf_svm dim=valence subject=15 split 5/5 trial_acc=0.625
[08:45:00] repr_de_pcc model=rbf_svm dim=valence subject=16 split 1/5
[08:45:41] repr_de_pcc model=rbf_svm dim=valence subject=16 split 1/5 trial_acc=0.250
[08:45:41] repr_de_pcc model=rbf_svm dim=valence subject=16 split 2/5
[08:46:24] repr_de_pcc model=rbf_svm dim=valence subject=16 split 2/5 trial_acc=0.375
[08:46:24] repr_de_pcc model=rbf_svm dim=valence subject=16 split 3/5
[08:47:06] repr_de_pcc model=rbf_svm dim=valence subject=16 split 3/5 trial_acc=0.625
[08:47:06] repr_de_pcc model=rbf_svm dim=valence subject=16 split 4/5
[08:47:48] repr_de_pcc model=rbf_svm dim=valence subject=16 split 4/5 trial_acc=0.500
[08:47:48] repr_de_pcc model=rbf_svm dim=valence subject=16 split 5/5
[08:48:31] repr_de_pcc model=rbf_svm dim=valence subject=16 split 5/5 trial_acc=0.625
[08:48:31] repr_de_pcc model=rbf_svm dim=valence subject=17 split 1/5
[08:49:14] repr_de_pcc model=rbf_svm dim=valence subject=17 split 1/5 trial_acc=0.375
[08:49:14] repr_de_pcc model=rbf_svm dim=valence subject=17 split 2/5
[08:49:56] repr_de_pcc model=rbf_svm dim=valence subject=17 split 2/5 trial_acc=0.375
[08:49:56] repr_de_pcc model=rbf_svm dim=valence subject=17 split 3/5
[08:50:39] repr_de_pcc model=rbf_svm dim=valence subject=17 split 3/5 trial_acc=0.375
[08:50:39] repr_de_pcc model=rbf_svm dim=valence subject=17 split 4/5
[08:51:22] repr_de_pcc model=rbf_svm dim=valence subject=17 split 4/5 trial_acc=0.375
[08:51:22] repr_de_pcc model=rbf_svm dim=valence subject=17 split 5/5
[08:52:04] repr_de_pcc model=rbf_svm dim=valence subject=17 split 5/5 trial_acc=0.625
[08:52:05] repr_de_pcc model=rbf_svm dim=valence subject=18 split 1/5
[08:52:47] repr_de_pcc model=rbf_svm dim=valence subject=18 split 1/5 trial_acc=0.875
[08:52:47] repr_de_pcc model=rbf_svm dim=valence subject=18 split 2/5
[08:53:29] repr_de_pcc model=rbf_svm dim=valence subject=18 split 2/5 trial_acc=0.625
[08:53:29] repr_de_pcc model=rbf_svm dim=valence subject=18 split 3/5
[08:54:11] repr_de_pcc model=rbf_svm dim=valence subject=18 split 3/5 trial_acc=0.500
[08:54:11] repr_de_pcc model=rbf_svm dim=valence subject=18 split 4/5
[08:54:53] repr_de_pcc model=rbf_svm dim=valence subject=18 split 4/5 trial_acc=0.875
[08:54:53] repr_de_pcc model=rbf_svm dim=valence subject=18 split 5/5
[08:55:35] repr_de_pcc model=rbf_svm dim=valence subject=18 split 5/5 trial_acc=1.000
[08:55:36] repr_de_pcc model=rbf_svm dim=valence subject=19 split 1/5
[08:56:19] repr_de_pcc model=rbf_svm dim=valence subject=19 split 1/5 trial_acc=0.625
[08:56:19] repr_de_pcc model=rbf_svm dim=valence subject=19 split 2/5
[08:57:01] repr_de_pcc model=rbf_svm dim=valence subject=19 split 2/5 trial_acc=0.625
[08:57:01] repr_de_pcc model=rbf_svm dim=valence subject=19 split 3/5
[08:57:44] repr_de_pcc model=rbf_svm dim=valence subject=19 split 3/5 trial_acc=0.500
[08:57:44] repr_de_pcc model=rbf_svm dim=valence subject=19 split 4/5
[08:58:27] repr_de_pcc model=rbf_svm dim=valence subject=19 split 4/5 trial_acc=0.250
[08:58:27] repr_de_pcc model=rbf_svm dim=valence subject=19 split 5/5
[08:59:09] repr_de_pcc model=rbf_svm dim=valence subject=19 split 5/5 trial_acc=0.625
[08:59:10] repr_de_pcc model=rbf_svm dim=valence subject=20 split 1/5
[08:59:52] repr_de_pcc model=rbf_svm dim=valence subject=20 split 1/5 trial_acc=0.625
[08:59:52] repr_de_pcc model=rbf_svm dim=valence subject=20 split 2/5
[09:00:34] repr_de_pcc model=rbf_svm dim=valence subject=20 split 2/5 trial_acc=0.750
[09:00:34] repr_de_pcc model=rbf_svm dim=valence subject=20 split 3/5
[09:01:16] repr_de_pcc model=rbf_svm dim=valence subject=20 split 3/5 trial_acc=0.625
[09:01:16] repr_de_pcc model=rbf_svm dim=valence subject=20 split 4/5
[09:01:59] repr_de_pcc model=rbf_svm dim=valence subject=20 split 4/5 trial_acc=0.375
[09:01:59] repr_de_pcc model=rbf_svm dim=valence subject=20 split 5/5
[09:02:42] repr_de_pcc model=rbf_svm dim=valence subject=20 split 5/5 trial_acc=0.500
[09:02:43] repr_de_pcc model=rbf_svm dim=valence subject=21 split 1/5
[09:03:25] repr_de_pcc model=rbf_svm dim=valence subject=21 split 1/5 trial_acc=0.375
[09:03:25] repr_de_pcc model=rbf_svm dim=valence subject=21 split 2/5
[09:04:08] repr_de_pcc model=rbf_svm dim=valence subject=21 split 2/5 trial_acc=0.375
[09:04:08] repr_de_pcc model=rbf_svm dim=valence subject=21 split 3/5
[09:04:51] repr_de_pcc model=rbf_svm dim=valence subject=21 split 3/5 trial_acc=0.375
[09:04:51] repr_de_pcc model=rbf_svm dim=valence subject=21 split 4/5
[09:05:34] repr_de_pcc model=rbf_svm dim=valence subject=21 split 4/5 trial_acc=0.375
[09:05:34] repr_de_pcc model=rbf_svm dim=valence subject=21 split 5/5
[09:06:16] repr_de_pcc model=rbf_svm dim=valence subject=21 split 5/5 trial_acc=0.375
[09:06:17] repr_de_pcc model=rbf_svm dim=valence subject=22 split 1/5
[09:07:00] repr_de_pcc model=rbf_svm dim=valence subject=22 split 1/5 trial_acc=0.625
[09:07:00] repr_de_pcc model=rbf_svm dim=valence subject=22 split 2/5
[09:07:42] repr_de_pcc model=rbf_svm dim=valence subject=22 split 2/5 trial_acc=0.500
[09:07:42] repr_de_pcc model=rbf_svm dim=valence subject=22 split 3/5
[09:08:24] repr_de_pcc model=rbf_svm dim=valence subject=22 split 3/5 trial_acc=0.500
[09:08:24] repr_de_pcc model=rbf_svm dim=valence subject=22 split 4/5
[09:09:06] repr_de_pcc model=rbf_svm dim=valence subject=22 split 4/5 trial_acc=0.250
[09:09:06] repr_de_pcc model=rbf_svm dim=valence subject=22 split 5/5
[09:09:48] repr_de_pcc model=rbf_svm dim=valence subject=22 split 5/5 trial_acc=0.500
[09:09:49] repr_de_pcc model=rbf_svm dim=valence subject=23 split 1/5
[09:10:32] repr_de_pcc model=rbf_svm dim=valence subject=23 split 1/5 trial_acc=0.625
[09:10:32] repr_de_pcc model=rbf_svm dim=valence subject=23 split 2/5
[09:11:14] repr_de_pcc model=rbf_svm dim=valence subject=23 split 2/5 trial_acc=0.625
[09:11:14] repr_de_pcc model=rbf_svm dim=valence subject=23 split 3/5
[09:11:57] repr_de_pcc model=rbf_svm dim=valence subject=23 split 3/5 trial_acc=0.250
[09:11:57] repr_de_pcc model=rbf_svm dim=valence subject=23 split 4/5
[09:12:39] repr_de_pcc model=rbf_svm dim=valence subject=23 split 4/5 trial_acc=0.625
[09:12:39] repr_de_pcc model=rbf_svm dim=valence subject=23 split 5/5
[09:13:22] repr_de_pcc model=rbf_svm dim=valence subject=23 split 5/5 trial_acc=0.250
[09:13:23] repr_de_pcc model=rbf_svm dim=valence subject=24 split 1/5
[09:14:06] repr_de_pcc model=rbf_svm dim=valence subject=24 split 1/5 trial_acc=0.875
[09:14:06] repr_de_pcc model=rbf_svm dim=valence subject=24 split 2/5
[09:14:48] repr_de_pcc model=rbf_svm dim=valence subject=24 split 2/5 trial_acc=0.500
[09:14:48] repr_de_pcc model=rbf_svm dim=valence subject=24 split 3/5
[09:15:30] repr_de_pcc model=rbf_svm dim=valence subject=24 split 3/5 trial_acc=0.875
[09:15:30] repr_de_pcc model=rbf_svm dim=valence subject=24 split 4/5
[09:16:12] repr_de_pcc model=rbf_svm dim=valence subject=24 split 4/5 trial_acc=0.750
[09:16:12] repr_de_pcc model=rbf_svm dim=valence subject=24 split 5/5
[09:16:55] repr_de_pcc model=rbf_svm dim=valence subject=24 split 5/5 trial_acc=0.625
[09:16:56] repr_de_pcc model=rbf_svm dim=valence subject=25 split 1/5
[09:17:38] repr_de_pcc model=rbf_svm dim=valence subject=25 split 1/5 trial_acc=0.625
[09:17:38] repr_de_pcc model=rbf_svm dim=valence subject=25 split 2/5
[09:18:21] repr_de_pcc model=rbf_svm dim=valence subject=25 split 2/5 trial_acc=0.500
[09:18:21] repr_de_pcc model=rbf_svm dim=valence subject=25 split 3/5
[09:19:03] repr_de_pcc model=rbf_svm dim=valence subject=25 split 3/5 trial_acc=0.750
[09:19:03] repr_de_pcc model=rbf_svm dim=valence subject=25 split 4/5
[09:19:45] repr_de_pcc model=rbf_svm dim=valence subject=25 split 4/5 trial_acc=0.750
[09:19:45] repr_de_pcc model=rbf_svm dim=valence subject=25 split 5/5
[09:20:27] repr_de_pcc model=rbf_svm dim=valence subject=25 split 5/5 trial_acc=0.750
[09:20:28] repr_de_pcc model=rbf_svm dim=valence subject=26 split 1/5
[09:21:11] repr_de_pcc model=rbf_svm dim=valence subject=26 split 1/5 trial_acc=0.625
[09:21:11] repr_de_pcc model=rbf_svm dim=valence subject=26 split 2/5
[09:21:53] repr_de_pcc model=rbf_svm dim=valence subject=26 split 2/5 trial_acc=0.750
[09:21:53] repr_de_pcc model=rbf_svm dim=valence subject=26 split 3/5
[09:22:35] repr_de_pcc model=rbf_svm dim=valence subject=26 split 3/5 trial_acc=0.500
[09:22:35] repr_de_pcc model=rbf_svm dim=valence subject=26 split 4/5
[09:23:17] repr_de_pcc model=rbf_svm dim=valence subject=26 split 4/5 trial_acc=0.375
[09:23:17] repr_de_pcc model=rbf_svm dim=valence subject=26 split 5/5
[09:23:59] repr_de_pcc model=rbf_svm dim=valence subject=26 split 5/5 trial_acc=0.500
[09:24:00] repr_de_pcc model=rbf_svm dim=valence subject=27 split 1/5
[09:24:42] repr_de_pcc model=rbf_svm dim=valence subject=27 split 1/5 trial_acc=0.500
[09:24:42] repr_de_pcc model=rbf_svm dim=valence subject=27 split 2/5
[09:25:24] repr_de_pcc model=rbf_svm dim=valence subject=27 split 2/5 trial_acc=0.875
[09:25:24] repr_de_pcc model=rbf_svm dim=valence subject=27 split 3/5
[09:26:06] repr_de_pcc model=rbf_svm dim=valence subject=27 split 3/5 trial_acc=0.750
[09:26:06] repr_de_pcc model=rbf_svm dim=valence subject=27 split 4/5
[09:26:47] repr_de_pcc model=rbf_svm dim=valence subject=27 split 4/5 trial_acc=0.750
[09:26:47] repr_de_pcc model=rbf_svm dim=valence subject=27 split 5/5
[09:27:29] repr_de_pcc model=rbf_svm dim=valence subject=27 split 5/5 trial_acc=0.625
[09:27:30] repr_de_pcc model=rbf_svm dim=valence subject=28 split 1/5
[09:28:12] repr_de_pcc model=rbf_svm dim=valence subject=28 split 1/5 trial_acc=0.375
[09:28:12] repr_de_pcc model=rbf_svm dim=valence subject=28 split 2/5
[09:28:54] repr_de_pcc model=rbf_svm dim=valence subject=28 split 2/5 trial_acc=0.500
[09:28:54] repr_de_pcc model=rbf_svm dim=valence subject=28 split 3/5
[09:29:36] repr_de_pcc model=rbf_svm dim=valence subject=28 split 3/5 trial_acc=0.625
[09:29:36] repr_de_pcc model=rbf_svm dim=valence subject=28 split 4/5
[09:30:19] repr_de_pcc model=rbf_svm dim=valence subject=28 split 4/5 trial_acc=0.250
[09:30:19] repr_de_pcc model=rbf_svm dim=valence subject=28 split 5/5
[09:31:02] repr_de_pcc model=rbf_svm dim=valence subject=28 split 5/5 trial_acc=0.750
[09:31:03] repr_de_pcc model=rbf_svm dim=valence subject=29 split 1/5
[09:31:45] repr_de_pcc model=rbf_svm dim=valence subject=29 split 1/5 trial_acc=0.500
[09:31:45] repr_de_pcc model=rbf_svm dim=valence subject=29 split 2/5
[09:32:28] repr_de_pcc model=rbf_svm dim=valence subject=29 split 2/5 trial_acc=0.625
[09:32:28] repr_de_pcc model=rbf_svm dim=valence subject=29 split 3/5
[09:33:10] repr_de_pcc model=rbf_svm dim=valence subject=29 split 3/5 trial_acc=0.500
[09:33:10] repr_de_pcc model=rbf_svm dim=valence subject=29 split 4/5
[09:33:53] repr_de_pcc model=rbf_svm dim=valence subject=29 split 4/5 trial_acc=0.500
[09:33:53] repr_de_pcc model=rbf_svm dim=valence subject=29 split 5/5
[09:34:40] repr_de_pcc model=rbf_svm dim=valence subject=29 split 5/5 trial_acc=0.625
[09:34:41] repr_de_pcc model=rbf_svm dim=valence subject=30 split 1/5
[09:35:23] repr_de_pcc model=rbf_svm dim=valence subject=30 split 1/5 trial_acc=0.375
[09:35:23] repr_de_pcc model=rbf_svm dim=valence subject=30 split 2/5
[09:36:05] repr_de_pcc model=rbf_svm dim=valence subject=30 split 2/5 trial_acc=0.625
[09:36:05] repr_de_pcc model=rbf_svm dim=valence subject=30 split 3/5
[09:36:47] repr_de_pcc model=rbf_svm dim=valence subject=30 split 3/5 trial_acc=0.625
[09:36:47] repr_de_pcc model=rbf_svm dim=valence subject=30 split 4/5
[09:37:29] repr_de_pcc model=rbf_svm dim=valence subject=30 split 4/5 trial_acc=0.375
[09:37:29] repr_de_pcc model=rbf_svm dim=valence subject=30 split 5/5
[09:38:12] repr_de_pcc model=rbf_svm dim=valence subject=30 split 5/5 trial_acc=0.625
[09:38:12] repr_de_pcc model=rbf_svm dim=valence subject=31 split 1/5
[09:38:54] repr_de_pcc model=rbf_svm dim=valence subject=31 split 1/5 trial_acc=0.250
[09:38:54] repr_de_pcc model=rbf_svm dim=valence subject=31 split 2/5
[09:39:36] repr_de_pcc model=rbf_svm dim=valence subject=31 split 2/5 trial_acc=0.500
[09:39:36] repr_de_pcc model=rbf_svm dim=valence subject=31 split 3/5
[09:40:18] repr_de_pcc model=rbf_svm dim=valence subject=31 split 3/5 trial_acc=0.750
[09:40:18] repr_de_pcc model=rbf_svm dim=valence subject=31 split 4/5
[09:41:00] repr_de_pcc model=rbf_svm dim=valence subject=31 split 4/5 trial_acc=0.500
[09:41:00] repr_de_pcc model=rbf_svm dim=valence subject=31 split 5/5
[09:41:42] repr_de_pcc model=rbf_svm dim=valence subject=31 split 5/5 trial_acc=0.625
[09:41:43] repr_de_pcc model=rbf_svm dim=valence subject=32 split 1/5
[09:42:26] repr_de_pcc model=rbf_svm dim=valence subject=32 split 1/5 trial_acc=0.500
[09:42:26] repr_de_pcc model=rbf_svm dim=valence subject=32 split 2/5
[09:43:08] repr_de_pcc model=rbf_svm dim=valence subject=32 split 2/5 trial_acc=0.375
[09:43:08] repr_de_pcc model=rbf_svm dim=valence subject=32 split 3/5
[09:43:50] repr_de_pcc model=rbf_svm dim=valence subject=32 split 3/5 trial_acc=0.500
[09:43:50] repr_de_pcc model=rbf_svm dim=valence subject=32 split 4/5
[09:44:32] repr_de_pcc model=rbf_svm dim=valence subject=32 split 4/5 trial_acc=0.375
[09:44:32] repr_de_pcc model=rbf_svm dim=valence subject=32 split 5/5
[09:45:14] repr_de_pcc model=rbf_svm dim=valence subject=32 split 5/5 trial_acc=0.250
[09:45:14] repr_de_pcc model=rbf_svm dim=arousal subject=1 split 1/5
[09:45:56] repr_de_pcc model=rbf_svm dim=arousal subject=1 split 1/5 trial_acc=0.625
[09:45:56] repr_de_pcc model=rbf_svm dim=arousal subject=1 split 2/5
[09:46:39] repr_de_pcc model=rbf_svm dim=arousal subject=1 split 2/5 trial_acc=0.500
[09:46:39] repr_de_pcc model=rbf_svm dim=arousal subject=1 split 3/5
[09:47:22] repr_de_pcc model=rbf_svm dim=arousal subject=1 split 3/5 trial_acc=0.625
[09:47:22] repr_de_pcc model=rbf_svm dim=arousal subject=1 split 4/5
[09:48:04] repr_de_pcc model=rbf_svm dim=arousal subject=1 split 4/5 trial_acc=0.750
[09:48:04] repr_de_pcc model=rbf_svm dim=arousal subject=1 split 5/5
[09:48:46] repr_de_pcc model=rbf_svm dim=arousal subject=1 split 5/5 trial_acc=0.500
[09:48:46] repr_de_pcc model=rbf_svm dim=arousal subject=2 split 1/5
[09:49:28] repr_de_pcc model=rbf_svm dim=arousal subject=2 split 1/5 trial_acc=0.625
[09:49:28] repr_de_pcc model=rbf_svm dim=arousal subject=2 split 2/5
[09:50:10] repr_de_pcc model=rbf_svm dim=arousal subject=2 split 2/5 trial_acc=0.625
[09:50:10] repr_de_pcc model=rbf_svm dim=arousal subject=2 split 3/5
[09:50:52] repr_de_pcc model=rbf_svm dim=arousal subject=2 split 3/5 trial_acc=0.500
[09:50:52] repr_de_pcc model=rbf_svm dim=arousal subject=2 split 4/5
[09:51:34] repr_de_pcc model=rbf_svm dim=arousal subject=2 split 4/5 trial_acc=0.625
[09:51:34] repr_de_pcc model=rbf_svm dim=arousal subject=2 split 5/5
[09:52:16] repr_de_pcc model=rbf_svm dim=arousal subject=2 split 5/5 trial_acc=0.500
[09:52:16] repr_de_pcc model=rbf_svm dim=arousal subject=3 split 1/5
[09:52:58] repr_de_pcc model=rbf_svm dim=arousal subject=3 split 1/5 trial_acc=0.625
[09:52:58] repr_de_pcc model=rbf_svm dim=arousal subject=3 split 2/5
[09:53:40] repr_de_pcc model=rbf_svm dim=arousal subject=3 split 2/5 trial_acc=0.750
[09:53:40] repr_de_pcc model=rbf_svm dim=arousal subject=3 split 3/5
[09:54:22] repr_de_pcc model=rbf_svm dim=arousal subject=3 split 3/5 trial_acc=0.750
[09:54:22] repr_de_pcc model=rbf_svm dim=arousal subject=3 split 4/5
[09:55:04] repr_de_pcc model=rbf_svm dim=arousal subject=3 split 4/5 trial_acc=0.625
[09:55:04] repr_de_pcc model=rbf_svm dim=arousal subject=3 split 5/5
[09:55:47] repr_de_pcc model=rbf_svm dim=arousal subject=3 split 5/5 trial_acc=0.625
[09:55:47] repr_de_pcc model=rbf_svm dim=arousal subject=4 split 1/5
[09:56:29] repr_de_pcc model=rbf_svm dim=arousal subject=4 split 1/5 trial_acc=0.625
[09:56:29] repr_de_pcc model=rbf_svm dim=arousal subject=4 split 2/5
[09:57:12] repr_de_pcc model=rbf_svm dim=arousal subject=4 split 2/5 trial_acc=0.500
[09:57:12] repr_de_pcc model=rbf_svm dim=arousal subject=4 split 3/5
[09:57:55] repr_de_pcc model=rbf_svm dim=arousal subject=4 split 3/5 trial_acc=0.500
[09:57:55] repr_de_pcc model=rbf_svm dim=arousal subject=4 split 4/5
[09:58:37] repr_de_pcc model=rbf_svm dim=arousal subject=4 split 4/5 trial_acc=0.500
[09:58:37] repr_de_pcc model=rbf_svm dim=arousal subject=4 split 5/5
[09:59:20] repr_de_pcc model=rbf_svm dim=arousal subject=4 split 5/5 trial_acc=0.375
[09:59:20] repr_de_pcc model=rbf_svm dim=arousal subject=5 split 1/5
[10:00:03] repr_de_pcc model=rbf_svm dim=arousal subject=5 split 1/5 trial_acc=0.250
[10:00:03] repr_de_pcc model=rbf_svm dim=arousal subject=5 split 2/5
[10:00:45] repr_de_pcc model=rbf_svm dim=arousal subject=5 split 2/5 trial_acc=0.625
[10:00:45] repr_de_pcc model=rbf_svm dim=arousal subject=5 split 3/5
[10:01:28] repr_de_pcc model=rbf_svm dim=arousal subject=5 split 3/5 trial_acc=0.750
[10:01:28] repr_de_pcc model=rbf_svm dim=arousal subject=5 split 4/5
[10:02:10] repr_de_pcc model=rbf_svm dim=arousal subject=5 split 4/5 trial_acc=0.125
[10:02:10] repr_de_pcc model=rbf_svm dim=arousal subject=5 split 5/5
[10:02:53] repr_de_pcc model=rbf_svm dim=arousal subject=5 split 5/5 trial_acc=0.500
[10:02:53] repr_de_pcc model=rbf_svm dim=arousal subject=6 split 1/5
[10:03:35] repr_de_pcc model=rbf_svm dim=arousal subject=6 split 1/5 trial_acc=0.375
[10:03:35] repr_de_pcc model=rbf_svm dim=arousal subject=6 split 2/5
[10:04:17] repr_de_pcc model=rbf_svm dim=arousal subject=6 split 2/5 trial_acc=0.750
[10:04:17] repr_de_pcc model=rbf_svm dim=arousal subject=6 split 3/5
[10:05:00] repr_de_pcc model=rbf_svm dim=arousal subject=6 split 3/5 trial_acc=0.625
[10:05:00] repr_de_pcc model=rbf_svm dim=arousal subject=6 split 4/5
[10:05:43] repr_de_pcc model=rbf_svm dim=arousal subject=6 split 4/5 trial_acc=0.500
[10:05:43] repr_de_pcc model=rbf_svm dim=arousal subject=6 split 5/5
[10:06:25] repr_de_pcc model=rbf_svm dim=arousal subject=6 split 5/5 trial_acc=0.375
[10:06:25] repr_de_pcc model=rbf_svm dim=arousal subject=7 split 1/5
[10:07:08] repr_de_pcc model=rbf_svm dim=arousal subject=7 split 1/5 trial_acc=0.500
[10:07:08] repr_de_pcc model=rbf_svm dim=arousal subject=7 split 2/5
[10:07:50] repr_de_pcc model=rbf_svm dim=arousal subject=7 split 2/5 trial_acc=0.250
[10:07:50] repr_de_pcc model=rbf_svm dim=arousal subject=7 split 3/5
[10:08:31] repr_de_pcc model=rbf_svm dim=arousal subject=7 split 3/5 trial_acc=0.500
[10:08:31] repr_de_pcc model=rbf_svm dim=arousal subject=7 split 4/5
[10:09:13] repr_de_pcc model=rbf_svm dim=arousal subject=7 split 4/5 trial_acc=0.500
[10:09:14] repr_de_pcc model=rbf_svm dim=arousal subject=7 split 5/5
[10:09:56] repr_de_pcc model=rbf_svm dim=arousal subject=7 split 5/5 trial_acc=0.625
[10:09:56] repr_de_pcc model=rbf_svm dim=arousal subject=8 split 1/5
[10:10:38] repr_de_pcc model=rbf_svm dim=arousal subject=8 split 1/5 trial_acc=0.250
[10:10:38] repr_de_pcc model=rbf_svm dim=arousal subject=8 split 2/5
[10:11:21] repr_de_pcc model=rbf_svm dim=arousal subject=8 split 2/5 trial_acc=0.250
[10:11:21] repr_de_pcc model=rbf_svm dim=arousal subject=8 split 3/5
[10:12:03] repr_de_pcc model=rbf_svm dim=arousal subject=8 split 3/5 trial_acc=0.375
[10:12:03] repr_de_pcc model=rbf_svm dim=arousal subject=8 split 4/5
[10:12:45] repr_de_pcc model=rbf_svm dim=arousal subject=8 split 4/5 trial_acc=0.625
[10:12:45] repr_de_pcc model=rbf_svm dim=arousal subject=8 split 5/5
[10:13:27] repr_de_pcc model=rbf_svm dim=arousal subject=8 split 5/5 trial_acc=0.250
[10:13:27] repr_de_pcc model=rbf_svm dim=arousal subject=9 split 1/5
[10:14:09] repr_de_pcc model=rbf_svm dim=arousal subject=9 split 1/5 trial_acc=0.625
[10:14:09] repr_de_pcc model=rbf_svm dim=arousal subject=9 split 2/5
[10:14:50] repr_de_pcc model=rbf_svm dim=arousal subject=9 split 2/5 trial_acc=0.500
[10:14:50] repr_de_pcc model=rbf_svm dim=arousal subject=9 split 3/5
[10:15:32] repr_de_pcc model=rbf_svm dim=arousal subject=9 split 3/5 trial_acc=0.625
[10:15:32] repr_de_pcc model=rbf_svm dim=arousal subject=9 split 4/5
[10:16:15] repr_de_pcc model=rbf_svm dim=arousal subject=9 split 4/5 trial_acc=0.750
[10:16:15] repr_de_pcc model=rbf_svm dim=arousal subject=9 split 5/5
[10:16:57] repr_de_pcc model=rbf_svm dim=arousal subject=9 split 5/5 trial_acc=0.625
[10:16:57] repr_de_pcc model=rbf_svm dim=arousal subject=10 split 1/5
[10:17:40] repr_de_pcc model=rbf_svm dim=arousal subject=10 split 1/5 trial_acc=0.500
[10:17:40] repr_de_pcc model=rbf_svm dim=arousal subject=10 split 2/5
[10:18:22] repr_de_pcc model=rbf_svm dim=arousal subject=10 split 2/5 trial_acc=0.625
[10:18:22] repr_de_pcc model=rbf_svm dim=arousal subject=10 split 3/5
[10:19:04] repr_de_pcc model=rbf_svm dim=arousal subject=10 split 3/5 trial_acc=0.375
[10:19:04] repr_de_pcc model=rbf_svm dim=arousal subject=10 split 4/5
[10:19:45] repr_de_pcc model=rbf_svm dim=arousal subject=10 split 4/5 trial_acc=0.625
[10:19:45] repr_de_pcc model=rbf_svm dim=arousal subject=10 split 5/5
[10:20:27] repr_de_pcc model=rbf_svm dim=arousal subject=10 split 5/5 trial_acc=0.625
[10:20:27] repr_de_pcc model=rbf_svm dim=arousal subject=11 split 1/5
[10:21:09] repr_de_pcc model=rbf_svm dim=arousal subject=11 split 1/5 trial_acc=0.500
[10:21:09] repr_de_pcc model=rbf_svm dim=arousal subject=11 split 2/5
[10:21:51] repr_de_pcc model=rbf_svm dim=arousal subject=11 split 2/5 trial_acc=0.250
[10:21:51] repr_de_pcc model=rbf_svm dim=arousal subject=11 split 3/5
[10:22:33] repr_de_pcc model=rbf_svm dim=arousal subject=11 split 3/5 trial_acc=0.250
[10:22:33] repr_de_pcc model=rbf_svm dim=arousal subject=11 split 4/5
[10:23:15] repr_de_pcc model=rbf_svm dim=arousal subject=11 split 4/5 trial_acc=0.625
[10:23:15] repr_de_pcc model=rbf_svm dim=arousal subject=11 split 5/5
[10:23:57] repr_de_pcc model=rbf_svm dim=arousal subject=11 split 5/5 trial_acc=0.625
[10:23:57] repr_de_pcc model=rbf_svm dim=arousal subject=12 split 1/5
[10:24:39] repr_de_pcc model=rbf_svm dim=arousal subject=12 split 1/5 trial_acc=0.750
[10:24:39] repr_de_pcc model=rbf_svm dim=arousal subject=12 split 2/5
[10:25:22] repr_de_pcc model=rbf_svm dim=arousal subject=12 split 2/5 trial_acc=0.625
[10:25:22] repr_de_pcc model=rbf_svm dim=arousal subject=12 split 3/5
[10:26:05] repr_de_pcc model=rbf_svm dim=arousal subject=12 split 3/5 trial_acc=0.875
[10:26:05] repr_de_pcc model=rbf_svm dim=arousal subject=12 split 4/5
[10:26:47] repr_de_pcc model=rbf_svm dim=arousal subject=12 split 4/5 trial_acc=0.750
[10:26:47] repr_de_pcc model=rbf_svm dim=arousal subject=12 split 5/5
[10:27:30] repr_de_pcc model=rbf_svm dim=arousal subject=12 split 5/5 trial_acc=0.500
[10:27:30] repr_de_pcc model=rbf_svm dim=arousal subject=13 split 1/5
[10:28:13] repr_de_pcc model=rbf_svm dim=arousal subject=13 split 1/5 trial_acc=0.500
[10:28:13] repr_de_pcc model=rbf_svm dim=arousal subject=13 split 2/5
[10:28:55] repr_de_pcc model=rbf_svm dim=arousal subject=13 split 2/5 trial_acc=0.625
[10:28:55] repr_de_pcc model=rbf_svm dim=arousal subject=13 split 3/5
[10:29:37] repr_de_pcc model=rbf_svm dim=arousal subject=13 split 3/5 trial_acc=0.500
[10:29:37] repr_de_pcc model=rbf_svm dim=arousal subject=13 split 4/5
[10:30:20] repr_de_pcc model=rbf_svm dim=arousal subject=13 split 4/5 trial_acc=0.500
[10:30:20] repr_de_pcc model=rbf_svm dim=arousal subject=13 split 5/5
[10:31:02] repr_de_pcc model=rbf_svm dim=arousal subject=13 split 5/5 trial_acc=0.750
[10:31:02] repr_de_pcc model=rbf_svm dim=arousal subject=14 split 1/5
[10:31:44] repr_de_pcc model=rbf_svm dim=arousal subject=14 split 1/5 trial_acc=0.250
[10:31:44] repr_de_pcc model=rbf_svm dim=arousal subject=14 split 2/5
[10:32:26] repr_de_pcc model=rbf_svm dim=arousal subject=14 split 2/5 trial_acc=0.500
[10:32:26] repr_de_pcc model=rbf_svm dim=arousal subject=14 split 3/5
[10:33:08] repr_de_pcc model=rbf_svm dim=arousal subject=14 split 3/5 trial_acc=0.750
[10:33:08] repr_de_pcc model=rbf_svm dim=arousal subject=14 split 4/5
[10:33:50] repr_de_pcc model=rbf_svm dim=arousal subject=14 split 4/5 trial_acc=0.250
[10:33:50] repr_de_pcc model=rbf_svm dim=arousal subject=14 split 5/5
[10:34:32] repr_de_pcc model=rbf_svm dim=arousal subject=14 split 5/5 trial_acc=0.375
[10:34:32] repr_de_pcc model=rbf_svm dim=arousal subject=15 split 1/5
[10:35:14] repr_de_pcc model=rbf_svm dim=arousal subject=15 split 1/5 trial_acc=0.500
[10:35:14] repr_de_pcc model=rbf_svm dim=arousal subject=15 split 2/5
[10:35:57] repr_de_pcc model=rbf_svm dim=arousal subject=15 split 2/5 trial_acc=0.500
[10:35:57] repr_de_pcc model=rbf_svm dim=arousal subject=15 split 3/5
[10:36:38] repr_de_pcc model=rbf_svm dim=arousal subject=15 split 3/5 trial_acc=0.250
[10:36:38] repr_de_pcc model=rbf_svm dim=arousal subject=15 split 4/5
[10:37:20] repr_de_pcc model=rbf_svm dim=arousal subject=15 split 4/5 trial_acc=0.375
[10:37:20] repr_de_pcc model=rbf_svm dim=arousal subject=15 split 5/5
[10:38:02] repr_de_pcc model=rbf_svm dim=arousal subject=15 split 5/5 trial_acc=0.500
[10:38:02] repr_de_pcc model=rbf_svm dim=arousal subject=16 split 1/5
[10:38:43] repr_de_pcc model=rbf_svm dim=arousal subject=16 split 1/5 trial_acc=0.625
[10:38:43] repr_de_pcc model=rbf_svm dim=arousal subject=16 split 2/5
[10:39:25] repr_de_pcc model=rbf_svm dim=arousal subject=16 split 2/5 trial_acc=0.750
[10:39:25] repr_de_pcc model=rbf_svm dim=arousal subject=16 split 3/5
[10:40:07] repr_de_pcc model=rbf_svm dim=arousal subject=16 split 3/5 trial_acc=0.750
[10:40:07] repr_de_pcc model=rbf_svm dim=arousal subject=16 split 4/5
[10:40:49] repr_de_pcc model=rbf_svm dim=arousal subject=16 split 4/5 trial_acc=0.625
[10:40:49] repr_de_pcc model=rbf_svm dim=arousal subject=16 split 5/5
[10:41:31] repr_de_pcc model=rbf_svm dim=arousal subject=16 split 5/5 trial_acc=0.500
[10:41:31] repr_de_pcc model=rbf_svm dim=arousal subject=17 split 1/5
[10:42:20] repr_de_pcc model=rbf_svm dim=arousal subject=17 split 1/5 trial_acc=0.750
[10:42:20] repr_de_pcc model=rbf_svm dim=arousal subject=17 split 2/5
[10:43:02] repr_de_pcc model=rbf_svm dim=arousal subject=17 split 2/5 trial_acc=0.625
[10:43:02] repr_de_pcc model=rbf_svm dim=arousal subject=17 split 3/5
[10:43:45] repr_de_pcc model=rbf_svm dim=arousal subject=17 split 3/5 trial_acc=0.875
[10:43:45] repr_de_pcc model=rbf_svm dim=arousal subject=17 split 4/5
[10:44:28] repr_de_pcc model=rbf_svm dim=arousal subject=17 split 4/5 trial_acc=0.750
[10:44:28] repr_de_pcc model=rbf_svm dim=arousal subject=17 split 5/5
[10:45:10] repr_de_pcc model=rbf_svm dim=arousal subject=17 split 5/5 trial_acc=0.625
[10:45:10] repr_de_pcc model=rbf_svm dim=arousal subject=18 split 1/5
[10:45:52] repr_de_pcc model=rbf_svm dim=arousal subject=18 split 1/5 trial_acc=0.375
[10:45:52] repr_de_pcc model=rbf_svm dim=arousal subject=18 split 2/5
[10:46:34] repr_de_pcc model=rbf_svm dim=arousal subject=18 split 2/5 trial_acc=0.625
[10:46:34] repr_de_pcc model=rbf_svm dim=arousal subject=18 split 3/5
[10:47:16] repr_de_pcc model=rbf_svm dim=arousal subject=18 split 3/5 trial_acc=0.500
[10:47:16] repr_de_pcc model=rbf_svm dim=arousal subject=18 split 4/5
[10:47:59] repr_de_pcc model=rbf_svm dim=arousal subject=18 split 4/5 trial_acc=0.500
[10:47:59] repr_de_pcc model=rbf_svm dim=arousal subject=18 split 5/5
[10:48:41] repr_de_pcc model=rbf_svm dim=arousal subject=18 split 5/5 trial_acc=0.500
[10:48:41] repr_de_pcc model=rbf_svm dim=arousal subject=19 split 1/5
[10:49:23] repr_de_pcc model=rbf_svm dim=arousal subject=19 split 1/5 trial_acc=0.625
[10:49:23] repr_de_pcc model=rbf_svm dim=arousal subject=19 split 2/5
[10:50:06] repr_de_pcc model=rbf_svm dim=arousal subject=19 split 2/5 trial_acc=0.500
[10:50:06] repr_de_pcc model=rbf_svm dim=arousal subject=19 split 3/5
[10:50:49] repr_de_pcc model=rbf_svm dim=arousal subject=19 split 3/5 trial_acc=0.375
[10:50:49] repr_de_pcc model=rbf_svm dim=arousal subject=19 split 4/5
[10:51:31] repr_de_pcc model=rbf_svm dim=arousal subject=19 split 4/5 trial_acc=0.500
[10:51:31] repr_de_pcc model=rbf_svm dim=arousal subject=19 split 5/5
[10:52:13] repr_de_pcc model=rbf_svm dim=arousal subject=19 split 5/5 trial_acc=0.625
[10:52:13] repr_de_pcc model=rbf_svm dim=arousal subject=20 split 1/5
[10:52:55] repr_de_pcc model=rbf_svm dim=arousal subject=20 split 1/5 trial_acc=0.375
[10:52:55] repr_de_pcc model=rbf_svm dim=arousal subject=20 split 2/5
[10:53:37] repr_de_pcc model=rbf_svm dim=arousal subject=20 split 2/5 trial_acc=0.750
[10:53:37] repr_de_pcc model=rbf_svm dim=arousal subject=20 split 3/5
[10:54:19] repr_de_pcc model=rbf_svm dim=arousal subject=20 split 3/5 trial_acc=0.375
[10:54:19] repr_de_pcc model=rbf_svm dim=arousal subject=20 split 4/5
[10:55:02] repr_de_pcc model=rbf_svm dim=arousal subject=20 split 4/5 trial_acc=0.500
[10:55:02] repr_de_pcc model=rbf_svm dim=arousal subject=20 split 5/5
[10:55:46] repr_de_pcc model=rbf_svm dim=arousal subject=20 split 5/5 trial_acc=0.375
[10:55:46] repr_de_pcc model=rbf_svm dim=arousal subject=21 split 1/5
[10:56:28] repr_de_pcc model=rbf_svm dim=arousal subject=21 split 1/5 trial_acc=0.750
[10:56:28] repr_de_pcc model=rbf_svm dim=arousal subject=21 split 2/5
[10:57:12] repr_de_pcc model=rbf_svm dim=arousal subject=21 split 2/5 trial_acc=0.625
[10:57:12] repr_de_pcc model=rbf_svm dim=arousal subject=21 split 3/5
[10:57:54] repr_de_pcc model=rbf_svm dim=arousal subject=21 split 3/5 trial_acc=1.000
[10:57:54] repr_de_pcc model=rbf_svm dim=arousal subject=21 split 4/5
[10:58:37] repr_de_pcc model=rbf_svm dim=arousal subject=21 split 4/5 trial_acc=0.500
[10:58:37] repr_de_pcc model=rbf_svm dim=arousal subject=21 split 5/5
[10:59:20] repr_de_pcc model=rbf_svm dim=arousal subject=21 split 5/5 trial_acc=0.250
[10:59:20] repr_de_pcc model=rbf_svm dim=arousal subject=22 split 1/5
[11:00:02] repr_de_pcc model=rbf_svm dim=arousal subject=22 split 1/5 trial_acc=0.750
[11:00:02] repr_de_pcc model=rbf_svm dim=arousal subject=22 split 2/5
[11:00:46] repr_de_pcc model=rbf_svm dim=arousal subject=22 split 2/5 trial_acc=0.625
[11:00:46] repr_de_pcc model=rbf_svm dim=arousal subject=22 split 3/5
[11:01:29] repr_de_pcc model=rbf_svm dim=arousal subject=22 split 3/5 trial_acc=0.375
[11:01:29] repr_de_pcc model=rbf_svm dim=arousal subject=22 split 4/5
[11:02:12] repr_de_pcc model=rbf_svm dim=arousal subject=22 split 4/5 trial_acc=0.625
[11:02:12] repr_de_pcc model=rbf_svm dim=arousal subject=22 split 5/5
[11:02:54] repr_de_pcc model=rbf_svm dim=arousal subject=22 split 5/5 trial_acc=0.750
[11:02:54] repr_de_pcc model=rbf_svm dim=arousal subject=23 split 1/5
[11:03:37] repr_de_pcc model=rbf_svm dim=arousal subject=23 split 1/5 trial_acc=0.500
[11:03:37] repr_de_pcc model=rbf_svm dim=arousal subject=23 split 2/5
[11:04:20] repr_de_pcc model=rbf_svm dim=arousal subject=23 split 2/5 trial_acc=0.375
[11:04:20] repr_de_pcc model=rbf_svm dim=arousal subject=23 split 3/5
[11:05:03] repr_de_pcc model=rbf_svm dim=arousal subject=23 split 3/5 trial_acc=0.375
[11:05:03] repr_de_pcc model=rbf_svm dim=arousal subject=23 split 4/5
[11:05:46] repr_de_pcc model=rbf_svm dim=arousal subject=23 split 4/5 trial_acc=0.500
[11:05:46] repr_de_pcc model=rbf_svm dim=arousal subject=23 split 5/5
[11:06:29] repr_de_pcc model=rbf_svm dim=arousal subject=23 split 5/5 trial_acc=0.500
[11:06:29] repr_de_pcc model=rbf_svm dim=arousal subject=24 split 1/5
[11:07:12] repr_de_pcc model=rbf_svm dim=arousal subject=24 split 1/5 trial_acc=0.625
[11:07:12] repr_de_pcc model=rbf_svm dim=arousal subject=24 split 2/5
[11:07:55] repr_de_pcc model=rbf_svm dim=arousal subject=24 split 2/5 trial_acc=0.750
[11:07:55] repr_de_pcc model=rbf_svm dim=arousal subject=24 split 3/5
[11:08:39] repr_de_pcc model=rbf_svm dim=arousal subject=24 split 3/5 trial_acc=0.875
[11:08:39] repr_de_pcc model=rbf_svm dim=arousal subject=24 split 4/5
[11:09:22] repr_de_pcc model=rbf_svm dim=arousal subject=24 split 4/5 trial_acc=0.125
[11:09:22] repr_de_pcc model=rbf_svm dim=arousal subject=24 split 5/5
[11:10:05] repr_de_pcc model=rbf_svm dim=arousal subject=24 split 5/5 trial_acc=0.375
[11:10:05] repr_de_pcc model=rbf_svm dim=arousal subject=25 split 1/5
[11:10:47] repr_de_pcc model=rbf_svm dim=arousal subject=25 split 1/5 trial_acc=0.875
[11:10:47] repr_de_pcc model=rbf_svm dim=arousal subject=25 split 2/5
[11:11:30] repr_de_pcc model=rbf_svm dim=arousal subject=25 split 2/5 trial_acc=0.875
[11:11:30] repr_de_pcc model=rbf_svm dim=arousal subject=25 split 3/5
[11:12:12] repr_de_pcc model=rbf_svm dim=arousal subject=25 split 3/5 trial_acc=0.375
[11:12:12] repr_de_pcc model=rbf_svm dim=arousal subject=25 split 4/5
[11:12:54] repr_de_pcc model=rbf_svm dim=arousal subject=25 split 4/5 trial_acc=0.750
[11:12:54] repr_de_pcc model=rbf_svm dim=arousal subject=25 split 5/5
[11:13:35] repr_de_pcc model=rbf_svm dim=arousal subject=25 split 5/5 trial_acc=0.500
[11:13:35] repr_de_pcc model=rbf_svm dim=arousal subject=26 split 1/5
[11:14:18] repr_de_pcc model=rbf_svm dim=arousal subject=26 split 1/5 trial_acc=0.625
[11:14:18] repr_de_pcc model=rbf_svm dim=arousal subject=26 split 2/5
[11:15:00] repr_de_pcc model=rbf_svm dim=arousal subject=26 split 2/5 trial_acc=0.500
[11:15:00] repr_de_pcc model=rbf_svm dim=arousal subject=26 split 3/5
[11:15:42] repr_de_pcc model=rbf_svm dim=arousal subject=26 split 3/5 trial_acc=0.625
[11:15:42] repr_de_pcc model=rbf_svm dim=arousal subject=26 split 4/5
[11:16:25] repr_de_pcc model=rbf_svm dim=arousal subject=26 split 4/5 trial_acc=0.625
[11:16:25] repr_de_pcc model=rbf_svm dim=arousal subject=26 split 5/5
[11:17:07] repr_de_pcc model=rbf_svm dim=arousal subject=26 split 5/5 trial_acc=0.750
[11:17:07] repr_de_pcc model=rbf_svm dim=arousal subject=27 split 1/5
[11:17:49] repr_de_pcc model=rbf_svm dim=arousal subject=27 split 1/5 trial_acc=0.750
[11:17:49] repr_de_pcc model=rbf_svm dim=arousal subject=27 split 2/5
[11:18:31] repr_de_pcc model=rbf_svm dim=arousal subject=27 split 2/5 trial_acc=0.875
[11:18:31] repr_de_pcc model=rbf_svm dim=arousal subject=27 split 3/5
[11:19:14] repr_de_pcc model=rbf_svm dim=arousal subject=27 split 3/5 trial_acc=0.875
[11:19:14] repr_de_pcc model=rbf_svm dim=arousal subject=27 split 4/5
[11:19:56] repr_de_pcc model=rbf_svm dim=arousal subject=27 split 4/5 trial_acc=0.875
[11:19:56] repr_de_pcc model=rbf_svm dim=arousal subject=27 split 5/5
[11:20:38] repr_de_pcc model=rbf_svm dim=arousal subject=27 split 5/5 trial_acc=0.875
[11:20:38] repr_de_pcc model=rbf_svm dim=arousal subject=28 split 1/5
[11:21:21] repr_de_pcc model=rbf_svm dim=arousal subject=28 split 1/5 trial_acc=0.375
[11:21:21] repr_de_pcc model=rbf_svm dim=arousal subject=28 split 2/5
[11:22:04] repr_de_pcc model=rbf_svm dim=arousal subject=28 split 2/5 trial_acc=0.375
[11:22:04] repr_de_pcc model=rbf_svm dim=arousal subject=28 split 3/5
[11:22:47] repr_de_pcc model=rbf_svm dim=arousal subject=28 split 3/5 trial_acc=0.250
[11:22:47] repr_de_pcc model=rbf_svm dim=arousal subject=28 split 4/5
[11:23:30] repr_de_pcc model=rbf_svm dim=arousal subject=28 split 4/5 trial_acc=0.750
[11:23:30] repr_de_pcc model=rbf_svm dim=arousal subject=28 split 5/5
[11:24:18] repr_de_pcc model=rbf_svm dim=arousal subject=28 split 5/5 trial_acc=0.375
[11:24:18] repr_de_pcc model=rbf_svm dim=arousal subject=29 split 1/5
[11:25:05] repr_de_pcc model=rbf_svm dim=arousal subject=29 split 1/5 trial_acc=0.625
[11:25:05] repr_de_pcc model=rbf_svm dim=arousal subject=29 split 2/5
[11:25:50] repr_de_pcc model=rbf_svm dim=arousal subject=29 split 2/5 trial_acc=0.750
[11:25:50] repr_de_pcc model=rbf_svm dim=arousal subject=29 split 3/5
[11:26:35] repr_de_pcc model=rbf_svm dim=arousal subject=29 split 3/5 trial_acc=0.875
[11:26:35] repr_de_pcc model=rbf_svm dim=arousal subject=29 split 4/5
[11:27:20] repr_de_pcc model=rbf_svm dim=arousal subject=29 split 4/5 trial_acc=1.000
[11:27:20] repr_de_pcc model=rbf_svm dim=arousal subject=29 split 5/5
[11:28:05] repr_de_pcc model=rbf_svm dim=arousal subject=29 split 5/5 trial_acc=0.375
[11:28:05] repr_de_pcc model=rbf_svm dim=arousal subject=30 split 1/5
[11:28:50] repr_de_pcc model=rbf_svm dim=arousal subject=30 split 1/5 trial_acc=0.625
[11:28:50] repr_de_pcc model=rbf_svm dim=arousal subject=30 split 2/5
[11:29:36] repr_de_pcc model=rbf_svm dim=arousal subject=30 split 2/5 trial_acc=0.500
[11:29:36] repr_de_pcc model=rbf_svm dim=arousal subject=30 split 3/5
[11:30:23] repr_de_pcc model=rbf_svm dim=arousal subject=30 split 3/5 trial_acc=0.500
[11:30:23] repr_de_pcc model=rbf_svm dim=arousal subject=30 split 4/5
[11:31:08] repr_de_pcc model=rbf_svm dim=arousal subject=30 split 4/5 trial_acc=0.375
[11:31:08] repr_de_pcc model=rbf_svm dim=arousal subject=30 split 5/5
[11:31:54] repr_de_pcc model=rbf_svm dim=arousal subject=30 split 5/5 trial_acc=0.375
[11:31:54] repr_de_pcc model=rbf_svm dim=arousal subject=31 split 1/5
[11:32:39] repr_de_pcc model=rbf_svm dim=arousal subject=31 split 1/5 trial_acc=1.000
[11:32:39] repr_de_pcc model=rbf_svm dim=arousal subject=31 split 2/5
[11:33:24] repr_de_pcc model=rbf_svm dim=arousal subject=31 split 2/5 trial_acc=0.625
[11:33:24] repr_de_pcc model=rbf_svm dim=arousal subject=31 split 3/5
[11:34:09] repr_de_pcc model=rbf_svm dim=arousal subject=31 split 3/5 trial_acc=0.750
[11:34:09] repr_de_pcc model=rbf_svm dim=arousal subject=31 split 4/5
[11:34:54] repr_de_pcc model=rbf_svm dim=arousal subject=31 split 4/5 trial_acc=0.625
[11:34:54] repr_de_pcc model=rbf_svm dim=arousal subject=31 split 5/5
[11:35:39] repr_de_pcc model=rbf_svm dim=arousal subject=31 split 5/5 trial_acc=0.875
[11:35:39] repr_de_pcc model=rbf_svm dim=arousal subject=32 split 1/5
[11:36:24] repr_de_pcc model=rbf_svm dim=arousal subject=32 split 1/5 trial_acc=0.875
[11:36:24] repr_de_pcc model=rbf_svm dim=arousal subject=32 split 2/5
[11:37:08] repr_de_pcc model=rbf_svm dim=arousal subject=32 split 2/5 trial_acc=0.125
[11:37:08] repr_de_pcc model=rbf_svm dim=arousal subject=32 split 3/5
[11:37:55] repr_de_pcc model=rbf_svm dim=arousal subject=32 split 3/5 trial_acc=0.500
[11:37:55] repr_de_pcc model=rbf_svm dim=arousal subject=32 split 4/5
[11:38:40] repr_de_pcc model=rbf_svm dim=arousal subject=32 split 4/5 trial_acc=0.750
[11:38:40] repr_de_pcc model=rbf_svm dim=arousal subject=32 split 5/5
[11:39:25] repr_de_pcc model=rbf_svm dim=arousal subject=32 split 5/5 trial_acc=0.625
[11:39:25] Finished repr_de_pcc in 227.5 min
[11:39:25] Starting repr_de_plv
[11:40:15] repr_de_plv model=rbf_svm dim=valence subject=1 split 1/5
[11:41:01] repr_de_plv model=rbf_svm dim=valence subject=1 split 1/5 trial_acc=0.625
[11:41:01] repr_de_plv model=rbf_svm dim=valence subject=1 split 2/5
[11:41:45] repr_de_plv model=rbf_svm dim=valence subject=1 split 2/5 trial_acc=0.500
[11:41:45] repr_de_plv model=rbf_svm dim=valence subject=1 split 3/5
[11:42:30] repr_de_plv model=rbf_svm dim=valence subject=1 split 3/5 trial_acc=0.750
[11:42:30] repr_de_plv model=rbf_svm dim=valence subject=1 split 4/5
[11:43:13] repr_de_plv model=rbf_svm dim=valence subject=1 split 4/5 trial_acc=0.500
[11:43:13] repr_de_plv model=rbf_svm dim=valence subject=1 split 5/5
[11:43:57] repr_de_plv model=rbf_svm dim=valence subject=1 split 5/5 trial_acc=0.500
[11:44:36] repr_de_plv model=rbf_svm dim=valence subject=2 split 1/5
[11:45:21] repr_de_plv model=rbf_svm dim=valence subject=2 split 1/5 trial_acc=0.500
[11:45:21] repr_de_plv model=rbf_svm dim=valence subject=2 split 2/5
[11:46:05] repr_de_plv model=rbf_svm dim=valence subject=2 split 2/5 trial_acc=0.500
[11:46:05] repr_de_plv model=rbf_svm dim=valence subject=2 split 3/5
[11:46:50] repr_de_plv model=rbf_svm dim=valence subject=2 split 3/5 trial_acc=0.625
[11:46:50] repr_de_plv model=rbf_svm dim=valence subject=2 split 4/5
[11:47:34] repr_de_plv model=rbf_svm dim=valence subject=2 split 4/5 trial_acc=0.625
[11:47:34] repr_de_plv model=rbf_svm dim=valence subject=2 split 5/5
[11:48:20] repr_de_plv model=rbf_svm dim=valence subject=2 split 5/5 trial_acc=0.625
[11:48:59] repr_de_plv model=rbf_svm dim=valence subject=3 split 1/5
[11:49:42] repr_de_plv model=rbf_svm dim=valence subject=3 split 1/5 trial_acc=0.625
[11:49:42] repr_de_plv model=rbf_svm dim=valence subject=3 split 2/5
[11:50:25] repr_de_plv model=rbf_svm dim=valence subject=3 split 2/5 trial_acc=0.750
[11:50:25] repr_de_plv model=rbf_svm dim=valence subject=3 split 3/5
[11:51:08] repr_de_plv model=rbf_svm dim=valence subject=3 split 3/5 trial_acc=0.500
[11:51:08] repr_de_plv model=rbf_svm dim=valence subject=3 split 4/5
[11:51:52] repr_de_plv model=rbf_svm dim=valence subject=3 split 4/5 trial_acc=0.375
[11:51:52] repr_de_plv model=rbf_svm dim=valence subject=3 split 5/5
[11:52:35] repr_de_plv model=rbf_svm dim=valence subject=3 split 5/5 trial_acc=0.875
[11:53:13] repr_de_plv model=rbf_svm dim=valence subject=4 split 1/5
[11:54:05] repr_de_plv model=rbf_svm dim=valence subject=4 split 1/5 trial_acc=0.500
[11:54:05] repr_de_plv model=rbf_svm dim=valence subject=4 split 2/5
[11:55:03] repr_de_plv model=rbf_svm dim=valence subject=4 split 2/5 trial_acc=0.375
[11:55:03] repr_de_plv model=rbf_svm dim=valence subject=4 split 3/5
[11:55:55] repr_de_plv model=rbf_svm dim=valence subject=4 split 3/5 trial_acc=0.375
[11:55:55] repr_de_plv model=rbf_svm dim=valence subject=4 split 4/5
[11:56:52] repr_de_plv model=rbf_svm dim=valence subject=4 split 4/5 trial_acc=0.625
[11:56:52] repr_de_plv model=rbf_svm dim=valence subject=4 split 5/5
[11:57:41] repr_de_plv model=rbf_svm dim=valence subject=4 split 5/5 trial_acc=0.625
[11:58:22] repr_de_plv model=rbf_svm dim=valence subject=5 split 1/5
[11:59:07] repr_de_plv model=rbf_svm dim=valence subject=5 split 1/5 trial_acc=0.500
[11:59:07] repr_de_plv model=rbf_svm dim=valence subject=5 split 2/5
[11:59:55] repr_de_plv model=rbf_svm dim=valence subject=5 split 2/5 trial_acc=0.500
[11:59:55] repr_de_plv model=rbf_svm dim=valence subject=5 split 3/5
[12:00:48] repr_de_plv model=rbf_svm dim=valence subject=5 split 3/5 trial_acc=0.375
[12:00:48] repr_de_plv model=rbf_svm dim=valence subject=5 split 4/5
[12:01:40] repr_de_plv model=rbf_svm dim=valence subject=5 split 4/5 trial_acc=0.500
[12:01:40] repr_de_plv model=rbf_svm dim=valence subject=5 split 5/5
[12:02:33] repr_de_plv model=rbf_svm dim=valence subject=5 split 5/5 trial_acc=0.500
[12:03:21] repr_de_plv model=rbf_svm dim=valence subject=6 split 1/5
[12:04:16] repr_de_plv model=rbf_svm dim=valence subject=6 split 1/5 trial_acc=0.250
[12:04:16] repr_de_plv model=rbf_svm dim=valence subject=6 split 2/5
[12:05:09] repr_de_plv model=rbf_svm dim=valence subject=6 split 2/5 trial_acc=0.625
[12:05:09] repr_de_plv model=rbf_svm dim=valence subject=6 split 3/5
[12:06:02] repr_de_plv model=rbf_svm dim=valence subject=6 split 3/5 trial_acc=0.375
[12:06:02] repr_de_plv model=rbf_svm dim=valence subject=6 split 4/5
[12:06:53] repr_de_plv model=rbf_svm dim=valence subject=6 split 4/5 trial_acc=0.500
[12:06:53] repr_de_plv model=rbf_svm dim=valence subject=6 split 5/5
[12:07:44] repr_de_plv model=rbf_svm dim=valence subject=6 split 5/5 trial_acc=0.625
[12:08:28] repr_de_plv model=rbf_svm dim=valence subject=7 split 1/5
[12:09:18] repr_de_plv model=rbf_svm dim=valence subject=7 split 1/5 trial_acc=0.750
[12:09:18] repr_de_plv model=rbf_svm dim=valence subject=7 split 2/5
[12:10:09] repr_de_plv model=rbf_svm dim=valence subject=7 split 2/5 trial_acc=0.375
[12:10:09] repr_de_plv model=rbf_svm dim=valence subject=7 split 3/5
[12:11:00] repr_de_plv model=rbf_svm dim=valence subject=7 split 3/5 trial_acc=0.750
[12:11:00] repr_de_plv model=rbf_svm dim=valence subject=7 split 4/5
[12:11:50] repr_de_plv model=rbf_svm dim=valence subject=7 split 4/5 trial_acc=0.750
[12:11:50] repr_de_plv model=rbf_svm dim=valence subject=7 split 5/5
[12:12:40] repr_de_plv model=rbf_svm dim=valence subject=7 split 5/5 trial_acc=0.500
[12:13:23] repr_de_plv model=rbf_svm dim=valence subject=8 split 1/5
[12:14:10] repr_de_plv model=rbf_svm dim=valence subject=8 split 1/5 trial_acc=0.750
[12:14:10] repr_de_plv model=rbf_svm dim=valence subject=8 split 2/5
[12:14:56] repr_de_plv model=rbf_svm dim=valence subject=8 split 2/5 trial_acc=0.625
[12:14:56] repr_de_plv model=rbf_svm dim=valence subject=8 split 3/5
[12:15:43] repr_de_plv model=rbf_svm dim=valence subject=8 split 3/5 trial_acc=0.375
[12:15:43] repr_de_plv model=rbf_svm dim=valence subject=8 split 4/5
[12:16:31] repr_de_plv model=rbf_svm dim=valence subject=8 split 4/5 trial_acc=0.500
[12:16:31] repr_de_plv model=rbf_svm dim=valence subject=8 split 5/5
[12:17:19] repr_de_plv model=rbf_svm dim=valence subject=8 split 5/5 trial_acc=0.625
[12:17:58] repr_de_plv model=rbf_svm dim=valence subject=9 split 1/5
[12:18:45] repr_de_plv model=rbf_svm dim=valence subject=9 split 1/5 trial_acc=0.500
[12:18:45] repr_de_plv model=rbf_svm dim=valence subject=9 split 2/5
[12:19:30] repr_de_plv model=rbf_svm dim=valence subject=9 split 2/5 trial_acc=0.500
[12:19:30] repr_de_plv model=rbf_svm dim=valence subject=9 split 3/5
[12:20:20] repr_de_plv model=rbf_svm dim=valence subject=9 split 3/5 trial_acc=0.750
[12:20:20] repr_de_plv model=rbf_svm dim=valence subject=9 split 4/5
[12:21:17] repr_de_plv model=rbf_svm dim=valence subject=9 split 4/5 trial_acc=0.625
[12:21:17] repr_de_plv model=rbf_svm dim=valence subject=9 split 5/5
[12:22:13] repr_de_plv model=rbf_svm dim=valence subject=9 split 5/5 trial_acc=0.875
[12:23:02] repr_de_plv model=rbf_svm dim=valence subject=10 split 1/5
[12:23:57] repr_de_plv model=rbf_svm dim=valence subject=10 split 1/5 trial_acc=1.000
[12:23:57] repr_de_plv model=rbf_svm dim=valence subject=10 split 2/5
[12:24:52] repr_de_plv model=rbf_svm dim=valence subject=10 split 2/5 trial_acc=0.875
[12:24:52] repr_de_plv model=rbf_svm dim=valence subject=10 split 3/5
[12:25:47] repr_de_plv model=rbf_svm dim=valence subject=10 split 3/5 trial_acc=0.875
[12:25:47] repr_de_plv model=rbf_svm dim=valence subject=10 split 4/5
[12:26:44] repr_de_plv model=rbf_svm dim=valence subject=10 split 4/5 trial_acc=0.875
[12:26:44] repr_de_plv model=rbf_svm dim=valence subject=10 split 5/5
[12:27:38] repr_de_plv model=rbf_svm dim=valence subject=10 split 5/5 trial_acc=0.875
[12:28:26] repr_de_plv model=rbf_svm dim=valence subject=11 split 1/5
[12:29:20] repr_de_plv model=rbf_svm dim=valence subject=11 split 1/5 trial_acc=0.500
[12:29:20] repr_de_plv model=rbf_svm dim=valence subject=11 split 2/5
[12:30:14] repr_de_plv model=rbf_svm dim=valence subject=11 split 2/5 trial_acc=0.625
[12:30:14] repr_de_plv model=rbf_svm dim=valence subject=11 split 3/5
[12:31:09] repr_de_plv model=rbf_svm dim=valence subject=11 split 3/5 trial_acc=0.375
[12:31:09] repr_de_plv model=rbf_svm dim=valence subject=11 split 4/5
[12:32:04] repr_de_plv model=rbf_svm dim=valence subject=11 split 4/5 trial_acc=0.625
[12:32:04] repr_de_plv model=rbf_svm dim=valence subject=11 split 5/5
[12:32:58] repr_de_plv model=rbf_svm dim=valence subject=11 split 5/5 trial_acc=0.500
[12:33:47] repr_de_plv model=rbf_svm dim=valence subject=12 split 1/5
[12:34:42] repr_de_plv model=rbf_svm dim=valence subject=12 split 1/5 trial_acc=0.375
[12:34:42] repr_de_plv model=rbf_svm dim=valence subject=12 split 2/5
[12:35:35] repr_de_plv model=rbf_svm dim=valence subject=12 split 2/5 trial_acc=0.375
[12:35:35] repr_de_plv model=rbf_svm dim=valence subject=12 split 3/5
[12:36:30] repr_de_plv model=rbf_svm dim=valence subject=12 split 3/5 trial_acc=0.625
[12:36:30] repr_de_plv model=rbf_svm dim=valence subject=12 split 4/5
[12:37:24] repr_de_plv model=rbf_svm dim=valence subject=12 split 4/5 trial_acc=0.500
[12:37:24] repr_de_plv model=rbf_svm dim=valence subject=12 split 5/5
[12:38:18] repr_de_plv model=rbf_svm dim=valence subject=12 split 5/5 trial_acc=0.750
[12:39:07] repr_de_plv model=rbf_svm dim=valence subject=13 split 1/5
[12:40:02] repr_de_plv model=rbf_svm dim=valence subject=13 split 1/5 trial_acc=0.625
[12:40:02] repr_de_plv model=rbf_svm dim=valence subject=13 split 2/5
[12:40:57] repr_de_plv model=rbf_svm dim=valence subject=13 split 2/5 trial_acc=0.750
[12:40:57] repr_de_plv model=rbf_svm dim=valence subject=13 split 3/5
[12:41:51] repr_de_plv model=rbf_svm dim=valence subject=13 split 3/5 trial_acc=0.500
[12:41:51] repr_de_plv model=rbf_svm dim=valence subject=13 split 4/5
[12:42:46] repr_de_plv model=rbf_svm dim=valence subject=13 split 4/5 trial_acc=0.875
[12:42:46] repr_de_plv model=rbf_svm dim=valence subject=13 split 5/5
[12:43:41] repr_de_plv model=rbf_svm dim=valence subject=13 split 5/5 trial_acc=0.875
[12:44:27] repr_de_plv model=rbf_svm dim=valence subject=14 split 1/5
[12:45:21] repr_de_plv model=rbf_svm dim=valence subject=14 split 1/5 trial_acc=0.750
[12:45:21] repr_de_plv model=rbf_svm dim=valence subject=14 split 2/5
[12:46:15] repr_de_plv model=rbf_svm dim=valence subject=14 split 2/5 trial_acc=0.750
[12:46:15] repr_de_plv model=rbf_svm dim=valence subject=14 split 3/5
[12:47:09] repr_de_plv model=rbf_svm dim=valence subject=14 split 3/5 trial_acc=0.875
[12:47:09] repr_de_plv model=rbf_svm dim=valence subject=14 split 4/5
[12:48:03] repr_de_plv model=rbf_svm dim=valence subject=14 split 4/5 trial_acc=0.750
[12:48:03] repr_de_plv model=rbf_svm dim=valence subject=14 split 5/5
[12:48:57] repr_de_plv model=rbf_svm dim=valence subject=14 split 5/5 trial_acc=1.000
[12:49:44] repr_de_plv model=rbf_svm dim=valence subject=15 split 1/5
[12:50:37] repr_de_plv model=rbf_svm dim=valence subject=15 split 1/5 trial_acc=0.625
[12:50:37] repr_de_plv model=rbf_svm dim=valence subject=15 split 2/5
[12:51:32] repr_de_plv model=rbf_svm dim=valence subject=15 split 2/5 trial_acc=1.000
[12:51:32] repr_de_plv model=rbf_svm dim=valence subject=15 split 3/5
[12:52:25] repr_de_plv model=rbf_svm dim=valence subject=15 split 3/5 trial_acc=0.750
[12:52:25] repr_de_plv model=rbf_svm dim=valence subject=15 split 4/5
[12:53:20] repr_de_plv model=rbf_svm dim=valence subject=15 split 4/5 trial_acc=1.000
[12:53:20] repr_de_plv model=rbf_svm dim=valence subject=15 split 5/5
[12:54:14] repr_de_plv model=rbf_svm dim=valence subject=15 split 5/5 trial_acc=0.625
[12:55:03] repr_de_plv model=rbf_svm dim=valence subject=16 split 1/5
[12:55:57] repr_de_plv model=rbf_svm dim=valence subject=16 split 1/5 trial_acc=0.250
[12:55:57] repr_de_plv model=rbf_svm dim=valence subject=16 split 2/5
[12:56:52] repr_de_plv model=rbf_svm dim=valence subject=16 split 2/5 trial_acc=0.375
[12:56:52] repr_de_plv model=rbf_svm dim=valence subject=16 split 3/5
[12:57:47] repr_de_plv model=rbf_svm dim=valence subject=16 split 3/5 trial_acc=0.625
[12:57:47] repr_de_plv model=rbf_svm dim=valence subject=16 split 4/5
[12:58:44] repr_de_plv model=rbf_svm dim=valence subject=16 split 4/5 trial_acc=0.500
[12:58:44] repr_de_plv model=rbf_svm dim=valence subject=16 split 5/5
[12:59:38] repr_de_plv model=rbf_svm dim=valence subject=16 split 5/5 trial_acc=0.625
[13:00:18] repr_de_plv model=rbf_svm dim=valence subject=17 split 1/5
[13:01:05] repr_de_plv model=rbf_svm dim=valence subject=17 split 1/5 trial_acc=0.500
[13:01:05] repr_de_plv model=rbf_svm dim=valence subject=17 split 2/5
[13:01:51] repr_de_plv model=rbf_svm dim=valence subject=17 split 2/5 trial_acc=1.000
[13:01:51] repr_de_plv model=rbf_svm dim=valence subject=17 split 3/5
[13:02:39] repr_de_plv model=rbf_svm dim=valence subject=17 split 3/5 trial_acc=0.375
[13:02:39] repr_de_plv model=rbf_svm dim=valence subject=17 split 4/5
[13:03:32] repr_de_plv model=rbf_svm dim=valence subject=17 split 4/5 trial_acc=0.250
[13:03:32] repr_de_plv model=rbf_svm dim=valence subject=17 split 5/5
[13:04:25] repr_de_plv model=rbf_svm dim=valence subject=17 split 5/5 trial_acc=0.625
[13:05:12] repr_de_plv model=rbf_svm dim=valence subject=18 split 1/5
[13:06:05] repr_de_plv model=rbf_svm dim=valence subject=18 split 1/5 trial_acc=0.875
[13:06:05] repr_de_plv model=rbf_svm dim=valence subject=18 split 2/5
[13:06:57] repr_de_plv model=rbf_svm dim=valence subject=18 split 2/5 trial_acc=0.625
[13:06:57] repr_de_plv model=rbf_svm dim=valence subject=18 split 3/5
[13:07:49] repr_de_plv model=rbf_svm dim=valence subject=18 split 3/5 trial_acc=0.750
[13:07:49] repr_de_plv model=rbf_svm dim=valence subject=18 split 4/5
[13:08:42] repr_de_plv model=rbf_svm dim=valence subject=18 split 4/5 trial_acc=0.750
[13:08:42] repr_de_plv model=rbf_svm dim=valence subject=18 split 5/5
[13:09:35] repr_de_plv model=rbf_svm dim=valence subject=18 split 5/5 trial_acc=1.000
[13:10:21] repr_de_plv model=rbf_svm dim=valence subject=19 split 1/5
[13:11:16] repr_de_plv model=rbf_svm dim=valence subject=19 split 1/5 trial_acc=0.750
[13:11:16] repr_de_plv model=rbf_svm dim=valence subject=19 split 2/5
[13:12:10] repr_de_plv model=rbf_svm dim=valence subject=19 split 2/5 trial_acc=0.625
[13:12:10] repr_de_plv model=rbf_svm dim=valence subject=19 split 3/5
[13:13:05] repr_de_plv model=rbf_svm dim=valence subject=19 split 3/5 trial_acc=0.500
[13:13:05] repr_de_plv model=rbf_svm dim=valence subject=19 split 4/5
[13:14:01] repr_de_plv model=rbf_svm dim=valence subject=19 split 4/5 trial_acc=0.375
[13:14:01] repr_de_plv model=rbf_svm dim=valence subject=19 split 5/5
[13:14:54] repr_de_plv model=rbf_svm dim=valence subject=19 split 5/5 trial_acc=0.625
[13:15:40] repr_de_plv model=rbf_svm dim=valence subject=20 split 1/5
[13:16:29] repr_de_plv model=rbf_svm dim=valence subject=20 split 1/5 trial_acc=0.500
[13:16:29] repr_de_plv model=rbf_svm dim=valence subject=20 split 2/5
[13:17:18] repr_de_plv model=rbf_svm dim=valence subject=20 split 2/5 trial_acc=0.750
[13:17:18] repr_de_plv model=rbf_svm dim=valence subject=20 split 3/5
[13:18:09] repr_de_plv model=rbf_svm dim=valence subject=20 split 3/5 trial_acc=0.625
[13:18:09] repr_de_plv model=rbf_svm dim=valence subject=20 split 4/5
[13:18:59] repr_de_plv model=rbf_svm dim=valence subject=20 split 4/5 trial_acc=0.375
[13:18:59] repr_de_plv model=rbf_svm dim=valence subject=20 split 5/5
[13:19:48] repr_de_plv model=rbf_svm dim=valence subject=20 split 5/5 trial_acc=0.500
[13:20:32] repr_de_plv model=rbf_svm dim=valence subject=21 split 1/5
[13:21:19] repr_de_plv model=rbf_svm dim=valence subject=21 split 1/5 trial_acc=0.375
[13:21:19] repr_de_plv model=rbf_svm dim=valence subject=21 split 2/5
[13:22:05] repr_de_plv model=rbf_svm dim=valence subject=21 split 2/5 trial_acc=0.250
[13:22:05] repr_de_plv model=rbf_svm dim=valence subject=21 split 3/5
[13:22:52] repr_de_plv model=rbf_svm dim=valence subject=21 split 3/5 trial_acc=0.250
[13:22:52] repr_de_plv model=rbf_svm dim=valence subject=21 split 4/5
[13:23:38] repr_de_plv model=rbf_svm dim=valence subject=21 split 4/5 trial_acc=0.125
[13:23:38] repr_de_plv model=rbf_svm dim=valence subject=21 split 5/5
[13:24:24] repr_de_plv model=rbf_svm dim=valence subject=21 split 5/5 trial_acc=0.375
[13:25:08] repr_de_plv model=rbf_svm dim=valence subject=22 split 1/5
[13:25:59] repr_de_plv model=rbf_svm dim=valence subject=22 split 1/5 trial_acc=0.750
[13:25:59] repr_de_plv model=rbf_svm dim=valence subject=22 split 2/5
[13:26:46] repr_de_plv model=rbf_svm dim=valence subject=22 split 2/5 trial_acc=0.375
[13:26:46] repr_de_plv model=rbf_svm dim=valence subject=22 split 3/5
[13:27:36] repr_de_plv model=rbf_svm dim=valence subject=22 split 3/5 trial_acc=0.500
[13:27:36] repr_de_plv model=rbf_svm dim=valence subject=22 split 4/5
[13:28:23] repr_de_plv model=rbf_svm dim=valence subject=22 split 4/5 trial_acc=0.250
[13:28:23] repr_de_plv model=rbf_svm dim=valence subject=22 split 5/5
[13:29:09] repr_de_plv model=rbf_svm dim=valence subject=22 split 5/5 trial_acc=0.500
[13:29:50] repr_de_plv model=rbf_svm dim=valence subject=23 split 1/5
[13:30:35] repr_de_plv model=rbf_svm dim=valence subject=23 split 1/5 trial_acc=0.625
[13:30:35] repr_de_plv model=rbf_svm dim=valence subject=23 split 2/5
[13:31:33] repr_de_plv model=rbf_svm dim=valence subject=23 split 2/5 trial_acc=0.625
[13:31:33] repr_de_plv model=rbf_svm dim=valence subject=23 split 3/5
[13:32:32] repr_de_plv model=rbf_svm dim=valence subject=23 split 3/5 trial_acc=0.250
[13:32:32] repr_de_plv model=rbf_svm dim=valence subject=23 split 4/5
[13:33:28] repr_de_plv model=rbf_svm dim=valence subject=23 split 4/5 trial_acc=0.750
[13:33:28] repr_de_plv model=rbf_svm dim=valence subject=23 split 5/5
[13:34:24] repr_de_plv model=rbf_svm dim=valence subject=23 split 5/5 trial_acc=0.250
[13:35:13] repr_de_plv model=rbf_svm dim=valence subject=24 split 1/5
[13:36:12] repr_de_plv model=rbf_svm dim=valence subject=24 split 1/5 trial_acc=1.000
[13:36:12] repr_de_plv model=rbf_svm dim=valence subject=24 split 2/5
[13:37:07] repr_de_plv model=rbf_svm dim=valence subject=24 split 2/5 trial_acc=0.625
[13:37:07] repr_de_plv model=rbf_svm dim=valence subject=24 split 3/5
[13:38:07] repr_de_plv model=rbf_svm dim=valence subject=24 split 3/5 trial_acc=0.750
[13:38:07] repr_de_plv model=rbf_svm dim=valence subject=24 split 4/5
[13:39:02] repr_de_plv model=rbf_svm dim=valence subject=24 split 4/5 trial_acc=0.875
[13:39:02] repr_de_plv model=rbf_svm dim=valence subject=24 split 5/5
[13:39:57] repr_de_plv model=rbf_svm dim=valence subject=24 split 5/5 trial_acc=0.625
[13:40:46] repr_de_plv model=rbf_svm dim=valence subject=25 split 1/5
[13:41:41] repr_de_plv model=rbf_svm dim=valence subject=25 split 1/5 trial_acc=0.625
[13:41:41] repr_de_plv model=rbf_svm dim=valence subject=25 split 2/5
[13:42:37] repr_de_plv model=rbf_svm dim=valence subject=25 split 2/5 trial_acc=0.250
[13:42:37] repr_de_plv model=rbf_svm dim=valence subject=25 split 3/5
[13:43:34] repr_de_plv model=rbf_svm dim=valence subject=25 split 3/5 trial_acc=0.625
[13:43:34] repr_de_plv model=rbf_svm dim=valence subject=25 split 4/5
[13:44:28] repr_de_plv model=rbf_svm dim=valence subject=25 split 4/5 trial_acc=0.625
[13:44:28] repr_de_plv model=rbf_svm dim=valence subject=25 split 5/5
[13:45:23] repr_de_plv model=rbf_svm dim=valence subject=25 split 5/5 trial_acc=0.750
[13:46:11] repr_de_plv model=rbf_svm dim=valence subject=26 split 1/5
[13:47:06] repr_de_plv model=rbf_svm dim=valence subject=26 split 1/5 trial_acc=0.625
[13:47:06] repr_de_plv model=rbf_svm dim=valence subject=26 split 2/5
[13:48:01] repr_de_plv model=rbf_svm dim=valence subject=26 split 2/5 trial_acc=0.750
[13:48:01] repr_de_plv model=rbf_svm dim=valence subject=26 split 3/5
[13:48:56] repr_de_plv model=rbf_svm dim=valence subject=26 split 3/5 trial_acc=0.500
[13:48:56] repr_de_plv model=rbf_svm dim=valence subject=26 split 4/5
[13:49:50] repr_de_plv model=rbf_svm dim=valence subject=26 split 4/5 trial_acc=0.500
[13:49:50] repr_de_plv model=rbf_svm dim=valence subject=26 split 5/5
[13:50:45] repr_de_plv model=rbf_svm dim=valence subject=26 split 5/5 trial_acc=0.375
[13:51:34] repr_de_plv model=rbf_svm dim=valence subject=27 split 1/5
[13:52:29] repr_de_plv model=rbf_svm dim=valence subject=27 split 1/5 trial_acc=0.500
[13:52:29] repr_de_plv model=rbf_svm dim=valence subject=27 split 2/5
[13:53:24] repr_de_plv model=rbf_svm dim=valence subject=27 split 2/5 trial_acc=0.750
[13:53:24] repr_de_plv model=rbf_svm dim=valence subject=27 split 3/5
[13:54:19] repr_de_plv model=rbf_svm dim=valence subject=27 split 3/5 trial_acc=0.625
[13:54:19] repr_de_plv model=rbf_svm dim=valence subject=27 split 4/5
[13:55:15] repr_de_plv model=rbf_svm dim=valence subject=27 split 4/5 trial_acc=0.750
[13:55:15] repr_de_plv model=rbf_svm dim=valence subject=27 split 5/5
[13:56:11] repr_de_plv model=rbf_svm dim=valence subject=27 split 5/5 trial_acc=0.250
[13:56:58] repr_de_plv model=rbf_svm dim=valence subject=28 split 1/5
[13:57:53] repr_de_plv model=rbf_svm dim=valence subject=28 split 1/5 trial_acc=0.375
[13:57:53] repr_de_plv model=rbf_svm dim=valence subject=28 split 2/5
[13:58:49] repr_de_plv model=rbf_svm dim=valence subject=28 split 2/5 trial_acc=0.625
[13:58:49] repr_de_plv model=rbf_svm dim=valence subject=28 split 3/5
[13:59:44] repr_de_plv model=rbf_svm dim=valence subject=28 split 3/5 trial_acc=0.750
[13:59:44] repr_de_plv model=rbf_svm dim=valence subject=28 split 4/5
[14:00:38] repr_de_plv model=rbf_svm dim=valence subject=28 split 4/5 trial_acc=0.500
[14:00:38] repr_de_plv model=rbf_svm dim=valence subject=28 split 5/5
[14:01:33] repr_de_plv model=rbf_svm dim=valence subject=28 split 5/5 trial_acc=0.625
[14:02:22] repr_de_plv model=rbf_svm dim=valence subject=29 split 1/5
[14:03:15] repr_de_plv model=rbf_svm dim=valence subject=29 split 1/5 trial_acc=0.500
[14:03:15] repr_de_plv model=rbf_svm dim=valence subject=29 split 2/5
[14:04:04] repr_de_plv model=rbf_svm dim=valence subject=29 split 2/5 trial_acc=0.625
[14:04:04] repr_de_plv model=rbf_svm dim=valence subject=29 split 3/5
[14:04:54] repr_de_plv model=rbf_svm dim=valence subject=29 split 3/5 trial_acc=0.375
[14:04:54] repr_de_plv model=rbf_svm dim=valence subject=29 split 4/5
[14:05:40] repr_de_plv model=rbf_svm dim=valence subject=29 split 4/5 trial_acc=0.500
[14:05:40] repr_de_plv model=rbf_svm dim=valence subject=29 split 5/5
[14:06:26] repr_de_plv model=rbf_svm dim=valence subject=29 split 5/5 trial_acc=0.750
[14:07:06] repr_de_plv model=rbf_svm dim=valence subject=30 split 1/5
[14:07:51] repr_de_plv model=rbf_svm dim=valence subject=30 split 1/5 trial_acc=0.375
[14:07:51] repr_de_plv model=rbf_svm dim=valence subject=30 split 2/5
[14:08:35] repr_de_plv model=rbf_svm dim=valence subject=30 split 2/5 trial_acc=0.625
[14:08:35] repr_de_plv model=rbf_svm dim=valence subject=30 split 3/5
[14:09:21] repr_de_plv model=rbf_svm dim=valence subject=30 split 3/5 trial_acc=0.500
[14:09:21] repr_de_plv model=rbf_svm dim=valence subject=30 split 4/5
[14:10:07] repr_de_plv model=rbf_svm dim=valence subject=30 split 4/5 trial_acc=0.375
[14:10:07] repr_de_plv model=rbf_svm dim=valence subject=30 split 5/5
[14:10:56] repr_de_plv model=rbf_svm dim=valence subject=30 split 5/5 trial_acc=0.500
[14:11:34] repr_de_plv model=rbf_svm dim=valence subject=31 split 1/5
[14:12:22] repr_de_plv model=rbf_svm dim=valence subject=31 split 1/5 trial_acc=0.375
[14:12:22] repr_de_plv model=rbf_svm dim=valence subject=31 split 2/5
[14:13:13] repr_de_plv model=rbf_svm dim=valence subject=31 split 2/5 trial_acc=0.625
[14:13:13] repr_de_plv model=rbf_svm dim=valence subject=31 split 3/5
[14:14:01] repr_de_plv model=rbf_svm dim=valence subject=31 split 3/5 trial_acc=0.875
[14:14:01] repr_de_plv model=rbf_svm dim=valence subject=31 split 4/5
[14:14:49] repr_de_plv model=rbf_svm dim=valence subject=31 split 4/5 trial_acc=0.500
[14:14:49] repr_de_plv model=rbf_svm dim=valence subject=31 split 5/5
[14:15:38] repr_de_plv model=rbf_svm dim=valence subject=31 split 5/5 trial_acc=0.625
[14:16:19] repr_de_plv model=rbf_svm dim=valence subject=32 split 1/5
[14:17:07] repr_de_plv model=rbf_svm dim=valence subject=32 split 1/5 trial_acc=0.500
[14:17:07] repr_de_plv model=rbf_svm dim=valence subject=32 split 2/5
[14:17:52] repr_de_plv model=rbf_svm dim=valence subject=32 split 2/5 trial_acc=0.375
[14:17:52] repr_de_plv model=rbf_svm dim=valence subject=32 split 3/5
[14:18:37] repr_de_plv model=rbf_svm dim=valence subject=32 split 3/5 trial_acc=0.500
[14:18:37] repr_de_plv model=rbf_svm dim=valence subject=32 split 4/5
[14:19:22] repr_de_plv model=rbf_svm dim=valence subject=32 split 4/5 trial_acc=0.375
[14:19:22] repr_de_plv model=rbf_svm dim=valence subject=32 split 5/5
[14:20:07] repr_de_plv model=rbf_svm dim=valence subject=32 split 5/5 trial_acc=0.375
[14:20:08] repr_de_plv model=rbf_svm dim=arousal subject=1 split 1/5
[14:21:02] repr_de_plv model=rbf_svm dim=arousal subject=1 split 1/5 trial_acc=0.625
[14:21:02] repr_de_plv model=rbf_svm dim=arousal subject=1 split 2/5
[14:21:55] repr_de_plv model=rbf_svm dim=arousal subject=1 split 2/5 trial_acc=0.500
[14:21:55] repr_de_plv model=rbf_svm dim=arousal subject=1 split 3/5
[14:22:42] repr_de_plv model=rbf_svm dim=arousal subject=1 split 3/5 trial_acc=0.625
[14:22:42] repr_de_plv model=rbf_svm dim=arousal subject=1 split 4/5
[14:23:29] repr_de_plv model=rbf_svm dim=arousal subject=1 split 4/5 trial_acc=0.750
[14:23:29] repr_de_plv model=rbf_svm dim=arousal subject=1 split 5/5
[14:24:15] repr_de_plv model=rbf_svm dim=arousal subject=1 split 5/5 trial_acc=0.500
[14:24:15] repr_de_plv model=rbf_svm dim=arousal subject=2 split 1/5
[14:25:02] repr_de_plv model=rbf_svm dim=arousal subject=2 split 1/5 trial_acc=0.750
[14:25:02] repr_de_plv model=rbf_svm dim=arousal subject=2 split 2/5
[14:25:46] repr_de_plv model=rbf_svm dim=arousal subject=2 split 2/5 trial_acc=0.625
[14:25:46] repr_de_plv model=rbf_svm dim=arousal subject=2 split 3/5
[14:26:29] repr_de_plv model=rbf_svm dim=arousal subject=2 split 3/5 trial_acc=0.500
[14:26:29] repr_de_plv model=rbf_svm dim=arousal subject=2 split 4/5
[14:27:13] repr_de_plv model=rbf_svm dim=arousal subject=2 split 4/5 trial_acc=0.750
[14:27:13] repr_de_plv model=rbf_svm dim=arousal subject=2 split 5/5
[14:27:58] repr_de_plv model=rbf_svm dim=arousal subject=2 split 5/5 trial_acc=0.500
[14:27:58] repr_de_plv model=rbf_svm dim=arousal subject=3 split 1/5
[14:28:43] repr_de_plv model=rbf_svm dim=arousal subject=3 split 1/5 trial_acc=0.625
[14:28:43] repr_de_plv model=rbf_svm dim=arousal subject=3 split 2/5
[14:29:27] repr_de_plv model=rbf_svm dim=arousal subject=3 split 2/5 trial_acc=0.750
[14:29:27] repr_de_plv model=rbf_svm dim=arousal subject=3 split 3/5
[14:30:11] repr_de_plv model=rbf_svm dim=arousal subject=3 split 3/5 trial_acc=0.750
[14:30:11] repr_de_plv model=rbf_svm dim=arousal subject=3 split 4/5
[14:30:57] repr_de_plv model=rbf_svm dim=arousal subject=3 split 4/5 trial_acc=0.625
[14:30:57] repr_de_plv model=rbf_svm dim=arousal subject=3 split 5/5
[14:31:43] repr_de_plv model=rbf_svm dim=arousal subject=3 split 5/5 trial_acc=0.625
[14:31:43] repr_de_plv model=rbf_svm dim=arousal subject=4 split 1/5
[14:32:29] repr_de_plv model=rbf_svm dim=arousal subject=4 split 1/5 trial_acc=0.500
[14:32:29] repr_de_plv model=rbf_svm dim=arousal subject=4 split 2/5
[14:33:16] repr_de_plv model=rbf_svm dim=arousal subject=4 split 2/5 trial_acc=0.375
[14:33:16] repr_de_plv model=rbf_svm dim=arousal subject=4 split 3/5
[14:34:03] repr_de_plv model=rbf_svm dim=arousal subject=4 split 3/5 trial_acc=0.500
[14:34:03] repr_de_plv model=rbf_svm dim=arousal subject=4 split 4/5
[14:34:47] repr_de_plv model=rbf_svm dim=arousal subject=4 split 4/5 trial_acc=0.500
[14:34:47] repr_de_plv model=rbf_svm dim=arousal subject=4 split 5/5
[14:35:31] repr_de_plv model=rbf_svm dim=arousal subject=4 split 5/5 trial_acc=0.375
[14:35:31] repr_de_plv model=rbf_svm dim=arousal subject=5 split 1/5
[14:36:15] repr_de_plv model=rbf_svm dim=arousal subject=5 split 1/5 trial_acc=0.375
[14:36:15] repr_de_plv model=rbf_svm dim=arousal subject=5 split 2/5
[14:36:59] repr_de_plv model=rbf_svm dim=arousal subject=5 split 2/5 trial_acc=0.625
[14:36:59] repr_de_plv model=rbf_svm dim=arousal subject=5 split 3/5
[14:37:43] repr_de_plv model=rbf_svm dim=arousal subject=5 split 3/5 trial_acc=0.750
[14:37:43] repr_de_plv model=rbf_svm dim=arousal subject=5 split 4/5
[14:38:27] repr_de_plv model=rbf_svm dim=arousal subject=5 split 4/5 trial_acc=0.125
[14:38:27] repr_de_plv model=rbf_svm dim=arousal subject=5 split 5/5
[14:39:12] repr_de_plv model=rbf_svm dim=arousal subject=5 split 5/5 trial_acc=0.500
[14:39:13] repr_de_plv model=rbf_svm dim=arousal subject=6 split 1/5
[14:40:09] repr_de_plv model=rbf_svm dim=arousal subject=6 split 1/5 trial_acc=0.375
[14:40:09] repr_de_plv model=rbf_svm dim=arousal subject=6 split 2/5
[14:40:57] repr_de_plv model=rbf_svm dim=arousal subject=6 split 2/5 trial_acc=0.750
[14:40:57] repr_de_plv model=rbf_svm dim=arousal subject=6 split 3/5
[14:41:54] repr_de_plv model=rbf_svm dim=arousal subject=6 split 3/5 trial_acc=0.750
[14:41:54] repr_de_plv model=rbf_svm dim=arousal subject=6 split 4/5
[14:42:47] repr_de_plv model=rbf_svm dim=arousal subject=6 split 4/5 trial_acc=0.500
[14:42:47] repr_de_plv model=rbf_svm dim=arousal subject=6 split 5/5
[14:43:34] repr_de_plv model=rbf_svm dim=arousal subject=6 split 5/5 trial_acc=0.375
[14:43:34] repr_de_plv model=rbf_svm dim=arousal subject=7 split 1/5
[14:44:23] repr_de_plv model=rbf_svm dim=arousal subject=7 split 1/5 trial_acc=0.500
[14:44:23] repr_de_plv model=rbf_svm dim=arousal subject=7 split 2/5
[14:45:10] repr_de_plv model=rbf_svm dim=arousal subject=7 split 2/5 trial_acc=0.250
[14:45:10] repr_de_plv model=rbf_svm dim=arousal subject=7 split 3/5
[14:45:58] repr_de_plv model=rbf_svm dim=arousal subject=7 split 3/5 trial_acc=0.625
[14:45:58] repr_de_plv model=rbf_svm dim=arousal subject=7 split 4/5
[14:46:49] repr_de_plv model=rbf_svm dim=arousal subject=7 split 4/5 trial_acc=0.625
[14:46:49] repr_de_plv model=rbf_svm dim=arousal subject=7 split 5/5
[14:47:39] repr_de_plv model=rbf_svm dim=arousal subject=7 split 5/5 trial_acc=0.625
[14:47:39] repr_de_plv model=rbf_svm dim=arousal subject=8 split 1/5
[14:48:29] repr_de_plv model=rbf_svm dim=arousal subject=8 split 1/5 trial_acc=0.250
[14:48:29] repr_de_plv model=rbf_svm dim=arousal subject=8 split 2/5
[14:49:19] repr_de_plv model=rbf_svm dim=arousal subject=8 split 2/5 trial_acc=0.500
[14:49:19] repr_de_plv model=rbf_svm dim=arousal subject=8 split 3/5
[14:50:09] repr_de_plv model=rbf_svm dim=arousal subject=8 split 3/5 trial_acc=0.375
[14:50:09] repr_de_plv model=rbf_svm dim=arousal subject=8 split 4/5
[14:51:03] repr_de_plv model=rbf_svm dim=arousal subject=8 split 4/5 trial_acc=0.625
[14:51:03] repr_de_plv model=rbf_svm dim=arousal subject=8 split 5/5
[14:52:00] repr_de_plv model=rbf_svm dim=arousal subject=8 split 5/5 trial_acc=0.375
[14:52:00] repr_de_plv model=rbf_svm dim=arousal subject=9 split 1/5
[14:52:55] repr_de_plv model=rbf_svm dim=arousal subject=9 split 1/5 trial_acc=0.625
[14:52:55] repr_de_plv model=rbf_svm dim=arousal subject=9 split 2/5
[14:53:52] repr_de_plv model=rbf_svm dim=arousal subject=9 split 2/5 trial_acc=0.625
[14:53:52] repr_de_plv model=rbf_svm dim=arousal subject=9 split 3/5
[14:54:47] repr_de_plv model=rbf_svm dim=arousal subject=9 split 3/5 trial_acc=0.500
[14:54:47] repr_de_plv model=rbf_svm dim=arousal subject=9 split 4/5
[14:55:42] repr_de_plv model=rbf_svm dim=arousal subject=9 split 4/5 trial_acc=0.625
[14:55:42] repr_de_plv model=rbf_svm dim=arousal subject=9 split 5/5
[14:56:38] repr_de_plv model=rbf_svm dim=arousal subject=9 split 5/5 trial_acc=0.500
[14:56:38] repr_de_plv model=rbf_svm dim=arousal subject=10 split 1/5
[14:57:32] repr_de_plv model=rbf_svm dim=arousal subject=10 split 1/5 trial_acc=0.375
[14:57:32] repr_de_plv model=rbf_svm dim=arousal subject=10 split 2/5
[14:58:28] repr_de_plv model=rbf_svm dim=arousal subject=10 split 2/5 trial_acc=0.625
[14:58:28] repr_de_plv model=rbf_svm dim=arousal subject=10 split 3/5
[14:59:23] repr_de_plv model=rbf_svm dim=arousal subject=10 split 3/5 trial_acc=0.375
[14:59:23] repr_de_plv model=rbf_svm dim=arousal subject=10 split 4/5
[15:00:18] repr_de_plv model=rbf_svm dim=arousal subject=10 split 4/5 trial_acc=0.500
[15:00:18] repr_de_plv model=rbf_svm dim=arousal subject=10 split 5/5
[15:01:14] repr_de_plv model=rbf_svm dim=arousal subject=10 split 5/5 trial_acc=0.500
[15:01:14] repr_de_plv model=rbf_svm dim=arousal subject=11 split 1/5
[15:02:09] repr_de_plv model=rbf_svm dim=arousal subject=11 split 1/5 trial_acc=0.625
[15:02:09] repr_de_plv model=rbf_svm dim=arousal subject=11 split 2/5
[15:03:03] repr_de_plv model=rbf_svm dim=arousal subject=11 split 2/5 trial_acc=0.250
[15:03:03] repr_de_plv model=rbf_svm dim=arousal subject=11 split 3/5
[15:03:58] repr_de_plv model=rbf_svm dim=arousal subject=11 split 3/5 trial_acc=0.375
[15:03:58] repr_de_plv model=rbf_svm dim=arousal subject=11 split 4/5
[15:04:53] repr_de_plv model=rbf_svm dim=arousal subject=11 split 4/5 trial_acc=0.500
[15:04:53] repr_de_plv model=rbf_svm dim=arousal subject=11 split 5/5
[15:05:48] repr_de_plv model=rbf_svm dim=arousal subject=11 split 5/5 trial_acc=0.750
[15:05:48] repr_de_plv model=rbf_svm dim=arousal subject=12 split 1/5
[15:06:44] repr_de_plv model=rbf_svm dim=arousal subject=12 split 1/5 trial_acc=0.875
[15:06:44] repr_de_plv model=rbf_svm dim=arousal subject=12 split 2/5
[15:07:38] repr_de_plv model=rbf_svm dim=arousal subject=12 split 2/5 trial_acc=0.625
[15:07:38] repr_de_plv model=rbf_svm dim=arousal subject=12 split 3/5
[15:08:33] repr_de_plv model=rbf_svm dim=arousal subject=12 split 3/5 trial_acc=0.875
[15:08:33] repr_de_plv model=rbf_svm dim=arousal subject=12 split 4/5
[15:09:27] repr_de_plv model=rbf_svm dim=arousal subject=12 split 4/5 trial_acc=0.875
[15:09:27] repr_de_plv model=rbf_svm dim=arousal subject=12 split 5/5
[15:10:22] repr_de_plv model=rbf_svm dim=arousal subject=12 split 5/5 trial_acc=0.500
[15:10:22] repr_de_plv model=rbf_svm dim=arousal subject=13 split 1/5
[15:11:18] repr_de_plv model=rbf_svm dim=arousal subject=13 split 1/5 trial_acc=0.500
[15:11:18] repr_de_plv model=rbf_svm dim=arousal subject=13 split 2/5
[15:12:13] repr_de_plv model=rbf_svm dim=arousal subject=13 split 2/5 trial_acc=0.500
[15:12:13] repr_de_plv model=rbf_svm dim=arousal subject=13 split 3/5
[15:13:05] repr_de_plv model=rbf_svm dim=arousal subject=13 split 3/5 trial_acc=0.500
[15:13:05] repr_de_plv model=rbf_svm dim=arousal subject=13 split 4/5
[15:13:53] repr_de_plv model=rbf_svm dim=arousal subject=13 split 4/5 trial_acc=0.500
[15:13:53] repr_de_plv model=rbf_svm dim=arousal subject=13 split 5/5
[15:14:40] repr_de_plv model=rbf_svm dim=arousal subject=13 split 5/5 trial_acc=0.750
[15:14:40] repr_de_plv model=rbf_svm dim=arousal subject=14 split 1/5
[15:15:27] repr_de_plv model=rbf_svm dim=arousal subject=14 split 1/5 trial_acc=0.250
[15:15:27] repr_de_plv model=rbf_svm dim=arousal subject=14 split 2/5
[15:16:13] repr_de_plv model=rbf_svm dim=arousal subject=14 split 2/5 trial_acc=0.500
[15:16:13] repr_de_plv model=rbf_svm dim=arousal subject=14 split 3/5
[15:17:00] repr_de_plv model=rbf_svm dim=arousal subject=14 split 3/5 trial_acc=0.750
[15:17:00] repr_de_plv model=rbf_svm dim=arousal subject=14 split 4/5
[15:17:52] repr_de_plv model=rbf_svm dim=arousal subject=14 split 4/5 trial_acc=0.625
[15:17:52] repr_de_plv model=rbf_svm dim=arousal subject=14 split 5/5
[15:18:43] repr_de_plv model=rbf_svm dim=arousal subject=14 split 5/5 trial_acc=0.375
[15:18:43] repr_de_plv model=rbf_svm dim=arousal subject=15 split 1/5
[15:19:34] repr_de_plv model=rbf_svm dim=arousal subject=15 split 1/5 trial_acc=0.500
[15:19:34] repr_de_plv model=rbf_svm dim=arousal subject=15 split 2/5
[15:20:20] repr_de_plv model=rbf_svm dim=arousal subject=15 split 2/5 trial_acc=0.625
[15:20:20] repr_de_plv model=rbf_svm dim=arousal subject=15 split 3/5
[15:21:08] repr_de_plv model=rbf_svm dim=arousal subject=15 split 3/5 trial_acc=0.125
[15:21:08] repr_de_plv model=rbf_svm dim=arousal subject=15 split 4/5
[15:21:55] repr_de_plv model=rbf_svm dim=arousal subject=15 split 4/5 trial_acc=0.250
[15:21:55] repr_de_plv model=rbf_svm dim=arousal subject=15 split 5/5
[15:22:41] repr_de_plv model=rbf_svm dim=arousal subject=15 split 5/5 trial_acc=0.625
[15:22:42] repr_de_plv model=rbf_svm dim=arousal subject=16 split 1/5
[15:23:28] repr_de_plv model=rbf_svm dim=arousal subject=16 split 1/5 trial_acc=0.625
[15:23:28] repr_de_plv model=rbf_svm dim=arousal subject=16 split 2/5
[15:24:15] repr_de_plv model=rbf_svm dim=arousal subject=16 split 2/5 trial_acc=0.750
[15:24:15] repr_de_plv model=rbf_svm dim=arousal subject=16 split 3/5
[15:25:02] repr_de_plv model=rbf_svm dim=arousal subject=16 split 3/5 trial_acc=0.750
[15:25:02] repr_de_plv model=rbf_svm dim=arousal subject=16 split 4/5
[15:25:48] repr_de_plv model=rbf_svm dim=arousal subject=16 split 4/5 trial_acc=0.625
[15:25:48] repr_de_plv model=rbf_svm dim=arousal subject=16 split 5/5
[15:26:37] repr_de_plv model=rbf_svm dim=arousal subject=16 split 5/5 trial_acc=0.500
[15:26:37] repr_de_plv model=rbf_svm dim=arousal subject=17 split 1/5
[15:27:34] repr_de_plv model=rbf_svm dim=arousal subject=17 split 1/5 trial_acc=0.750
[15:27:34] repr_de_plv model=rbf_svm dim=arousal subject=17 split 2/5
[15:28:34] repr_de_plv model=rbf_svm dim=arousal subject=17 split 2/5 trial_acc=0.625
[15:28:34] repr_de_plv model=rbf_svm dim=arousal subject=17 split 3/5
[15:29:31] repr_de_plv model=rbf_svm dim=arousal subject=17 split 3/5 trial_acc=0.875
[15:29:31] repr_de_plv model=rbf_svm dim=arousal subject=17 split 4/5
[15:30:27] repr_de_plv model=rbf_svm dim=arousal subject=17 split 4/5 trial_acc=0.750
[15:30:27] repr_de_plv model=rbf_svm dim=arousal subject=17 split 5/5
[15:31:23] repr_de_plv model=rbf_svm dim=arousal subject=17 split 5/5 trial_acc=0.625
[15:31:23] repr_de_plv model=rbf_svm dim=arousal subject=18 split 1/5
[15:32:19] repr_de_plv model=rbf_svm dim=arousal subject=18 split 1/5 trial_acc=0.375
[15:32:19] repr_de_plv model=rbf_svm dim=arousal subject=18 split 2/5
[15:33:16] repr_de_plv model=rbf_svm dim=arousal subject=18 split 2/5 trial_acc=0.625
[15:33:16] repr_de_plv model=rbf_svm dim=arousal subject=18 split 3/5
[15:34:12] repr_de_plv model=rbf_svm dim=arousal subject=18 split 3/5 trial_acc=0.500
[15:34:12] repr_de_plv model=rbf_svm dim=arousal subject=18 split 4/5
[15:35:08] repr_de_plv model=rbf_svm dim=arousal subject=18 split 4/5 trial_acc=0.500
[15:35:08] repr_de_plv model=rbf_svm dim=arousal subject=18 split 5/5
[15:36:03] repr_de_plv model=rbf_svm dim=arousal subject=18 split 5/5 trial_acc=0.500
[15:36:03] repr_de_plv model=rbf_svm dim=arousal subject=19 split 1/5
[15:36:58] repr_de_plv model=rbf_svm dim=arousal subject=19 split 1/5 trial_acc=0.625
[15:36:58] repr_de_plv model=rbf_svm dim=arousal subject=19 split 2/5
[15:37:54] repr_de_plv model=rbf_svm dim=arousal subject=19 split 2/5 trial_acc=0.500
[15:37:54] repr_de_plv model=rbf_svm dim=arousal subject=19 split 3/5
[15:38:49] repr_de_plv model=rbf_svm dim=arousal subject=19 split 3/5 trial_acc=0.500
[15:38:49] repr_de_plv model=rbf_svm dim=arousal subject=19 split 4/5
[15:39:44] repr_de_plv model=rbf_svm dim=arousal subject=19 split 4/5 trial_acc=0.625
[15:39:44] repr_de_plv model=rbf_svm dim=arousal subject=19 split 5/5
[15:40:40] repr_de_plv model=rbf_svm dim=arousal subject=19 split 5/5 trial_acc=0.625
[15:40:40] repr_de_plv model=rbf_svm dim=arousal subject=20 split 1/5
[15:41:35] repr_de_plv model=rbf_svm dim=arousal subject=20 split 1/5 trial_acc=0.500
[15:41:35] repr_de_plv model=rbf_svm dim=arousal subject=20 split 2/5
[15:42:31] repr_de_plv model=rbf_svm dim=arousal subject=20 split 2/5 trial_acc=0.875
[15:42:31] repr_de_plv model=rbf_svm dim=arousal subject=20 split 3/5
[15:43:27] repr_de_plv model=rbf_svm dim=arousal subject=20 split 3/5 trial_acc=0.500
[15:43:27] repr_de_plv model=rbf_svm dim=arousal subject=20 split 4/5
[15:44:21] repr_de_plv model=rbf_svm dim=arousal subject=20 split 4/5 trial_acc=0.625
[15:44:21] repr_de_plv model=rbf_svm dim=arousal subject=20 split 5/5
[15:45:16] repr_de_plv model=rbf_svm dim=arousal subject=20 split 5/5 trial_acc=0.625
[15:45:16] repr_de_plv model=rbf_svm dim=arousal subject=21 split 1/5
[15:46:11] repr_de_plv model=rbf_svm dim=arousal subject=21 split 1/5 trial_acc=0.750
[15:46:11] repr_de_plv model=rbf_svm dim=arousal subject=21 split 2/5
[15:47:07] repr_de_plv model=rbf_svm dim=arousal subject=21 split 2/5 trial_acc=0.625
[15:47:07] repr_de_plv model=rbf_svm dim=arousal subject=21 split 3/5
[15:48:02] repr_de_plv model=rbf_svm dim=arousal subject=21 split 3/5 trial_acc=1.000
[15:48:02] repr_de_plv model=rbf_svm dim=arousal subject=21 split 4/5
[15:48:57] repr_de_plv model=rbf_svm dim=arousal subject=21 split 4/5 trial_acc=0.375
[15:48:57] repr_de_plv model=rbf_svm dim=arousal subject=21 split 5/5
[15:49:52] repr_de_plv model=rbf_svm dim=arousal subject=21 split 5/5 trial_acc=0.250
[15:49:52] repr_de_plv model=rbf_svm dim=arousal subject=22 split 1/5
[15:50:47] repr_de_plv model=rbf_svm dim=arousal subject=22 split 1/5 trial_acc=0.750
[15:50:47] repr_de_plv model=rbf_svm dim=arousal subject=22 split 2/5
[15:51:41] repr_de_plv model=rbf_svm dim=arousal subject=22 split 2/5 trial_acc=0.625
[15:51:41] repr_de_plv model=rbf_svm dim=arousal subject=22 split 3/5
[15:52:33] repr_de_plv model=rbf_svm dim=arousal subject=22 split 3/5 trial_acc=0.375
[15:52:33] repr_de_plv model=rbf_svm dim=arousal subject=22 split 4/5
[15:53:16] repr_de_plv model=rbf_svm dim=arousal subject=22 split 4/5 trial_acc=0.625
[15:53:16] repr_de_plv model=rbf_svm dim=arousal subject=22 split 5/5
[15:53:59] repr_de_plv model=rbf_svm dim=arousal subject=22 split 5/5 trial_acc=0.750
[15:53:59] repr_de_plv model=rbf_svm dim=arousal subject=23 split 1/5
[15:54:42] repr_de_plv model=rbf_svm dim=arousal subject=23 split 1/5 trial_acc=0.750
[15:54:42] repr_de_plv model=rbf_svm dim=arousal subject=23 split 2/5
[15:55:25] repr_de_plv model=rbf_svm dim=arousal subject=23 split 2/5 trial_acc=0.375
[15:55:25] repr_de_plv model=rbf_svm dim=arousal subject=23 split 3/5
[15:56:07] repr_de_plv model=rbf_svm dim=arousal subject=23 split 3/5 trial_acc=0.375
[15:56:07] repr_de_plv model=rbf_svm dim=arousal subject=23 split 4/5
[15:56:50] repr_de_plv model=rbf_svm dim=arousal subject=23 split 4/5 trial_acc=0.500
[15:56:50] repr_de_plv model=rbf_svm dim=arousal subject=23 split 5/5
[15:57:33] repr_de_plv model=rbf_svm dim=arousal subject=23 split 5/5 trial_acc=0.250
[15:57:33] repr_de_plv model=rbf_svm dim=arousal subject=24 split 1/5
[15:58:16] repr_de_plv model=rbf_svm dim=arousal subject=24 split 1/5 trial_acc=0.625
[15:58:16] repr_de_plv model=rbf_svm dim=arousal subject=24 split 2/5
[15:58:59] repr_de_plv model=rbf_svm dim=arousal subject=24 split 2/5 trial_acc=0.750
[15:58:59] repr_de_plv model=rbf_svm dim=arousal subject=24 split 3/5
[15:59:42] repr_de_plv model=rbf_svm dim=arousal subject=24 split 3/5 trial_acc=0.875
[15:59:42] repr_de_plv model=rbf_svm dim=arousal subject=24 split 4/5
[16:00:25] repr_de_plv model=rbf_svm dim=arousal subject=24 split 4/5 trial_acc=0.250
[16:00:25] repr_de_plv model=rbf_svm dim=arousal subject=24 split 5/5
[16:01:09] repr_de_plv model=rbf_svm dim=arousal subject=24 split 5/5 trial_acc=0.125
[16:01:09] repr_de_plv model=rbf_svm dim=arousal subject=25 split 1/5
[16:01:52] repr_de_plv model=rbf_svm dim=arousal subject=25 split 1/5 trial_acc=0.625
[16:01:52] repr_de_plv model=rbf_svm dim=arousal subject=25 split 2/5
[16:02:36] repr_de_plv model=rbf_svm dim=arousal subject=25 split 2/5 trial_acc=0.875
[16:02:36] repr_de_plv model=rbf_svm dim=arousal subject=25 split 3/5
[16:03:17] repr_de_plv model=rbf_svm dim=arousal subject=25 split 3/5 trial_acc=0.375
[16:03:17] repr_de_plv model=rbf_svm dim=arousal subject=25 split 4/5
[16:04:00] repr_de_plv model=rbf_svm dim=arousal subject=25 split 4/5 trial_acc=0.875
[16:04:00] repr_de_plv model=rbf_svm dim=arousal subject=25 split 5/5
[16:04:43] repr_de_plv model=rbf_svm dim=arousal subject=25 split 5/5 trial_acc=0.625
[16:04:43] repr_de_plv model=rbf_svm dim=arousal subject=26 split 1/5
[16:05:26] repr_de_plv model=rbf_svm dim=arousal subject=26 split 1/5 trial_acc=0.500
[16:05:26] repr_de_plv model=rbf_svm dim=arousal subject=26 split 2/5
[16:06:09] repr_de_plv model=rbf_svm dim=arousal subject=26 split 2/5 trial_acc=0.375
[16:06:09] repr_de_plv model=rbf_svm dim=arousal subject=26 split 3/5
[16:06:52] repr_de_plv model=rbf_svm dim=arousal subject=26 split 3/5 trial_acc=0.500
[16:06:52] repr_de_plv model=rbf_svm dim=arousal subject=26 split 4/5
[16:07:36] repr_de_plv model=rbf_svm dim=arousal subject=26 split 4/5 trial_acc=0.625
[16:07:36] repr_de_plv model=rbf_svm dim=arousal subject=26 split 5/5
[16:08:18] repr_de_plv model=rbf_svm dim=arousal subject=26 split 5/5 trial_acc=0.750
[16:08:18] repr_de_plv model=rbf_svm dim=arousal subject=27 split 1/5
[16:09:00] repr_de_plv model=rbf_svm dim=arousal subject=27 split 1/5 trial_acc=0.750
[16:09:00] repr_de_plv model=rbf_svm dim=arousal subject=27 split 2/5
[16:09:42] repr_de_plv model=rbf_svm dim=arousal subject=27 split 2/5 trial_acc=0.875
[16:09:42] repr_de_plv model=rbf_svm dim=arousal subject=27 split 3/5
[16:10:25] repr_de_plv model=rbf_svm dim=arousal subject=27 split 3/5 trial_acc=0.875
[16:10:25] repr_de_plv model=rbf_svm dim=arousal subject=27 split 4/5
[16:11:08] repr_de_plv model=rbf_svm dim=arousal subject=27 split 4/5 trial_acc=0.875
[16:11:08] repr_de_plv model=rbf_svm dim=arousal subject=27 split 5/5
[16:11:50] repr_de_plv model=rbf_svm dim=arousal subject=27 split 5/5 trial_acc=0.875
[16:11:50] repr_de_plv model=rbf_svm dim=arousal subject=28 split 1/5
[16:12:33] repr_de_plv model=rbf_svm dim=arousal subject=28 split 1/5 trial_acc=0.375
[16:12:33] repr_de_plv model=rbf_svm dim=arousal subject=28 split 2/5
[16:13:20] repr_de_plv model=rbf_svm dim=arousal subject=28 split 2/5 trial_acc=0.375
[16:13:20] repr_de_plv model=rbf_svm dim=arousal subject=28 split 3/5
[16:14:06] repr_de_plv model=rbf_svm dim=arousal subject=28 split 3/5 trial_acc=0.375
[16:14:06] repr_de_plv model=rbf_svm dim=arousal subject=28 split 4/5
[16:14:51] repr_de_plv model=rbf_svm dim=arousal subject=28 split 4/5 trial_acc=0.750
[16:14:51] repr_de_plv model=rbf_svm dim=arousal subject=28 split 5/5
[16:15:37] repr_de_plv model=rbf_svm dim=arousal subject=28 split 5/5 trial_acc=0.250
[16:15:37] repr_de_plv model=rbf_svm dim=arousal subject=29 split 1/5
[16:16:22] repr_de_plv model=rbf_svm dim=arousal subject=29 split 1/5 trial_acc=0.625
[16:16:22] repr_de_plv model=rbf_svm dim=arousal subject=29 split 2/5
[16:17:08] repr_de_plv model=rbf_svm dim=arousal subject=29 split 2/5 trial_acc=0.750
[16:17:08] repr_de_plv model=rbf_svm dim=arousal subject=29 split 3/5
[16:17:53] repr_de_plv model=rbf_svm dim=arousal subject=29 split 3/5 trial_acc=0.625
[16:17:53] repr_de_plv model=rbf_svm dim=arousal subject=29 split 4/5
[16:18:39] repr_de_plv model=rbf_svm dim=arousal subject=29 split 4/5 trial_acc=0.875
[16:18:39] repr_de_plv model=rbf_svm dim=arousal subject=29 split 5/5
[16:19:24] repr_de_plv model=rbf_svm dim=arousal subject=29 split 5/5 trial_acc=0.500
[16:19:24] repr_de_plv model=rbf_svm dim=arousal subject=30 split 1/5
[16:20:10] repr_de_plv model=rbf_svm dim=arousal subject=30 split 1/5 trial_acc=0.625
[16:20:10] repr_de_plv model=rbf_svm dim=arousal subject=30 split 2/5
[16:21:06] repr_de_plv model=rbf_svm dim=arousal subject=30 split 2/5 trial_acc=0.500
[16:21:06] repr_de_plv model=rbf_svm dim=arousal subject=30 split 3/5
[16:21:59] repr_de_plv model=rbf_svm dim=arousal subject=30 split 3/5 trial_acc=0.625
[16:21:59] repr_de_plv model=rbf_svm dim=arousal subject=30 split 4/5
[16:22:53] repr_de_plv model=rbf_svm dim=arousal subject=30 split 4/5 trial_acc=0.375
[16:22:53] repr_de_plv model=rbf_svm dim=arousal subject=30 split 5/5
[16:23:48] repr_de_plv model=rbf_svm dim=arousal subject=30 split 5/5 trial_acc=0.500
[16:23:48] repr_de_plv model=rbf_svm dim=arousal subject=31 split 1/5
[16:24:36] repr_de_plv model=rbf_svm dim=arousal subject=31 split 1/5 trial_acc=0.875
[16:24:36] repr_de_plv model=rbf_svm dim=arousal subject=31 split 2/5
[16:25:23] repr_de_plv model=rbf_svm dim=arousal subject=31 split 2/5 trial_acc=0.625
[16:25:23] repr_de_plv model=rbf_svm dim=arousal subject=31 split 3/5
[16:26:11] repr_de_plv model=rbf_svm dim=arousal subject=31 split 3/5 trial_acc=0.750
[16:26:11] repr_de_plv model=rbf_svm dim=arousal subject=31 split 4/5
[16:27:00] repr_de_plv model=rbf_svm dim=arousal subject=31 split 4/5 trial_acc=0.625
[16:27:00] repr_de_plv model=rbf_svm dim=arousal subject=31 split 5/5
[16:27:50] repr_de_plv model=rbf_svm dim=arousal subject=31 split 5/5 trial_acc=0.875
[16:27:51] repr_de_plv model=rbf_svm dim=arousal subject=32 split 1/5
[16:28:53] repr_de_plv model=rbf_svm dim=arousal subject=32 split 1/5 trial_acc=0.625
[16:28:53] repr_de_plv model=rbf_svm dim=arousal subject=32 split 2/5
[16:29:49] repr_de_plv model=rbf_svm dim=arousal subject=32 split 2/5 trial_acc=0.250
[16:29:49] repr_de_plv model=rbf_svm dim=arousal subject=32 split 3/5
[16:30:45] repr_de_plv model=rbf_svm dim=arousal subject=32 split 3/5 trial_acc=0.500
[16:30:45] repr_de_plv model=rbf_svm dim=arousal subject=32 split 4/5
[16:31:39] repr_de_plv model=rbf_svm dim=arousal subject=32 split 4/5 trial_acc=0.750
[16:31:39] repr_de_plv model=rbf_svm dim=arousal subject=32 split 5/5
[16:32:35] repr_de_plv model=rbf_svm dim=arousal subject=32 split 5/5 trial_acc=0.625
[16:32:35] Finished repr_de_plv in 293.2 min
[16:32:35] Starting repr_de_pcc_plv
[16:33:39] repr_de_pcc_plv model=rbf_svm dim=valence subject=1 split 1/5
[16:34:38] repr_de_pcc_plv model=rbf_svm dim=valence subject=1 split 1/5 trial_acc=0.625
[16:34:38] repr_de_pcc_plv model=rbf_svm dim=valence subject=1 split 2/5
[16:35:37] repr_de_pcc_plv model=rbf_svm dim=valence subject=1 split 2/5 trial_acc=0.500
[16:35:37] repr_de_pcc_plv model=rbf_svm dim=valence subject=1 split 3/5
[16:36:34] repr_de_pcc_plv model=rbf_svm dim=valence subject=1 split 3/5 trial_acc=0.750
[16:36:34] repr_de_pcc_plv model=rbf_svm dim=valence subject=1 split 4/5
[16:37:32] repr_de_pcc_plv model=rbf_svm dim=valence subject=1 split 4/5 trial_acc=0.625
[16:37:32] repr_de_pcc_plv model=rbf_svm dim=valence subject=1 split 5/5
[16:38:30] repr_de_pcc_plv model=rbf_svm dim=valence subject=1 split 5/5 trial_acc=0.375
[16:39:19] repr_de_pcc_plv model=rbf_svm dim=valence subject=2 split 1/5
[16:40:17] repr_de_pcc_plv model=rbf_svm dim=valence subject=2 split 1/5 trial_acc=0.500
[16:40:17] repr_de_pcc_plv model=rbf_svm dim=valence subject=2 split 2/5
[16:41:14] repr_de_pcc_plv model=rbf_svm dim=valence subject=2 split 2/5 trial_acc=0.500
[16:41:14] repr_de_pcc_plv model=rbf_svm dim=valence subject=2 split 3/5
[16:42:11] repr_de_pcc_plv model=rbf_svm dim=valence subject=2 split 3/5 trial_acc=0.625
[16:42:11] repr_de_pcc_plv model=rbf_svm dim=valence subject=2 split 4/5
[16:43:17] repr_de_pcc_plv model=rbf_svm dim=valence subject=2 split 4/5 trial_acc=0.625
[16:43:17] repr_de_pcc_plv model=rbf_svm dim=valence subject=2 split 5/5
[16:44:22] repr_de_pcc_plv model=rbf_svm dim=valence subject=2 split 5/5 trial_acc=0.625
[16:45:21] repr_de_pcc_plv model=rbf_svm dim=valence subject=3 split 1/5
[16:46:26] repr_de_pcc_plv model=rbf_svm dim=valence subject=3 split 1/5 trial_acc=0.625
[16:46:26] repr_de_pcc_plv model=rbf_svm dim=valence subject=3 split 2/5
[16:47:31] repr_de_pcc_plv model=rbf_svm dim=valence subject=3 split 2/5 trial_acc=0.750
[16:47:31] repr_de_pcc_plv model=rbf_svm dim=valence subject=3 split 3/5
[16:48:36] repr_de_pcc_plv model=rbf_svm dim=valence subject=3 split 3/5 trial_acc=0.750
[16:48:36] repr_de_pcc_plv model=rbf_svm dim=valence subject=3 split 4/5
[16:49:42] repr_de_pcc_plv model=rbf_svm dim=valence subject=3 split 4/5 trial_acc=0.375
[16:49:42] repr_de_pcc_plv model=rbf_svm dim=valence subject=3 split 5/5
[16:50:47] repr_de_pcc_plv model=rbf_svm dim=valence subject=3 split 5/5 trial_acc=0.875
[16:51:45] repr_de_pcc_plv model=rbf_svm dim=valence subject=4 split 1/5
[16:52:50] repr_de_pcc_plv model=rbf_svm dim=valence subject=4 split 1/5 trial_acc=0.500
[16:52:50] repr_de_pcc_plv model=rbf_svm dim=valence subject=4 split 2/5
[16:53:56] repr_de_pcc_plv model=rbf_svm dim=valence subject=4 split 2/5 trial_acc=0.375
[16:53:56] repr_de_pcc_plv model=rbf_svm dim=valence subject=4 split 3/5
[16:55:03] repr_de_pcc_plv model=rbf_svm dim=valence subject=4 split 3/5 trial_acc=0.375
[16:55:03] repr_de_pcc_plv model=rbf_svm dim=valence subject=4 split 4/5
[16:56:08] repr_de_pcc_plv model=rbf_svm dim=valence subject=4 split 4/5 trial_acc=0.500
[16:56:08] repr_de_pcc_plv model=rbf_svm dim=valence subject=4 split 5/5
[16:57:14] repr_de_pcc_plv model=rbf_svm dim=valence subject=4 split 5/5 trial_acc=0.500
[16:58:12] repr_de_pcc_plv model=rbf_svm dim=valence subject=5 split 1/5
[16:59:18] repr_de_pcc_plv model=rbf_svm dim=valence subject=5 split 1/5 trial_acc=0.500
[16:59:18] repr_de_pcc_plv model=rbf_svm dim=valence subject=5 split 2/5
[17:00:23] repr_de_pcc_plv model=rbf_svm dim=valence subject=5 split 2/5 trial_acc=0.375
[17:00:23] repr_de_pcc_plv model=rbf_svm dim=valence subject=5 split 3/5
[17:01:29] repr_de_pcc_plv model=rbf_svm dim=valence subject=5 split 3/5 trial_acc=0.375
[17:01:29] repr_de_pcc_plv model=rbf_svm dim=valence subject=5 split 4/5
[17:02:28] repr_de_pcc_plv model=rbf_svm dim=valence subject=5 split 4/5 trial_acc=0.500
[17:02:28] repr_de_pcc_plv model=rbf_svm dim=valence subject=5 split 5/5
[17:03:13] repr_de_pcc_plv model=rbf_svm dim=valence subject=5 split 5/5 trial_acc=0.500
[17:03:52] repr_de_pcc_plv model=rbf_svm dim=valence subject=6 split 1/5
[17:04:36] repr_de_pcc_plv model=rbf_svm dim=valence subject=6 split 1/5 trial_acc=0.250
[17:04:36] repr_de_pcc_plv model=rbf_svm dim=valence subject=6 split 2/5
[17:05:21] repr_de_pcc_plv model=rbf_svm dim=valence subject=6 split 2/5 trial_acc=0.750
[17:05:21] repr_de_pcc_plv model=rbf_svm dim=valence subject=6 split 3/5
[17:06:05] repr_de_pcc_plv model=rbf_svm dim=valence subject=6 split 3/5 trial_acc=0.375
[17:06:05] repr_de_pcc_plv model=rbf_svm dim=valence subject=6 split 4/5
[17:07:07] repr_de_pcc_plv model=rbf_svm dim=valence subject=6 split 4/5 trial_acc=0.625
[17:07:07] repr_de_pcc_plv model=rbf_svm dim=valence subject=6 split 5/5
[17:08:07] repr_de_pcc_plv model=rbf_svm dim=valence subject=6 split 5/5 trial_acc=0.750
[17:08:58] repr_de_pcc_plv model=rbf_svm dim=valence subject=7 split 1/5
[17:09:55] repr_de_pcc_plv model=rbf_svm dim=valence subject=7 split 1/5 trial_acc=0.500
[17:09:55] repr_de_pcc_plv model=rbf_svm dim=valence subject=7 split 2/5
[17:10:55] repr_de_pcc_plv model=rbf_svm dim=valence subject=7 split 2/5 trial_acc=0.375
[17:10:55] repr_de_pcc_plv model=rbf_svm dim=valence subject=7 split 3/5
[17:11:52] repr_de_pcc_plv model=rbf_svm dim=valence subject=7 split 3/5 trial_acc=0.500
[17:11:52] repr_de_pcc_plv model=rbf_svm dim=valence subject=7 split 4/5
[17:12:52] repr_de_pcc_plv model=rbf_svm dim=valence subject=7 split 4/5 trial_acc=0.500
[17:12:52] repr_de_pcc_plv model=rbf_svm dim=valence subject=7 split 5/5
[17:13:54] repr_de_pcc_plv model=rbf_svm dim=valence subject=7 split 5/5 trial_acc=0.625
[17:14:51] repr_de_pcc_plv model=rbf_svm dim=valence subject=8 split 1/5
[17:15:53] repr_de_pcc_plv model=rbf_svm dim=valence subject=8 split 1/5 trial_acc=0.750
[17:15:53] repr_de_pcc_plv model=rbf_svm dim=valence subject=8 split 2/5
[17:16:55] repr_de_pcc_plv model=rbf_svm dim=valence subject=8 split 2/5 trial_acc=0.500
[17:16:55] repr_de_pcc_plv model=rbf_svm dim=valence subject=8 split 3/5
[17:17:57] repr_de_pcc_plv model=rbf_svm dim=valence subject=8 split 3/5 trial_acc=0.875
[17:17:57] repr_de_pcc_plv model=rbf_svm dim=valence subject=8 split 4/5
[17:18:55] repr_de_pcc_plv model=rbf_svm dim=valence subject=8 split 4/5 trial_acc=0.250
[17:18:55] repr_de_pcc_plv model=rbf_svm dim=valence subject=8 split 5/5
[17:19:40] repr_de_pcc_plv model=rbf_svm dim=valence subject=8 split 5/5 trial_acc=0.625
[17:20:17] repr_de_pcc_plv model=rbf_svm dim=valence subject=9 split 1/5
[17:21:02] repr_de_pcc_plv model=rbf_svm dim=valence subject=9 split 1/5 trial_acc=0.500
[17:21:02] repr_de_pcc_plv model=rbf_svm dim=valence subject=9 split 2/5
[17:21:47] repr_de_pcc_plv model=rbf_svm dim=valence subject=9 split 2/5 trial_acc=0.625
[17:21:47] repr_de_pcc_plv model=rbf_svm dim=valence subject=9 split 3/5
[17:22:33] repr_de_pcc_plv model=rbf_svm dim=valence subject=9 split 3/5 trial_acc=0.750
[17:22:33] repr_de_pcc_plv model=rbf_svm dim=valence subject=9 split 4/5
[17:23:19] repr_de_pcc_plv model=rbf_svm dim=valence subject=9 split 4/5 trial_acc=0.625
[17:23:19] repr_de_pcc_plv model=rbf_svm dim=valence subject=9 split 5/5
[17:24:04] repr_de_pcc_plv model=rbf_svm dim=valence subject=9 split 5/5 trial_acc=1.000
[17:24:43] repr_de_pcc_plv model=rbf_svm dim=valence subject=10 split 1/5
[17:25:28] repr_de_pcc_plv model=rbf_svm dim=valence subject=10 split 1/5 trial_acc=1.000
[17:25:28] repr_de_pcc_plv model=rbf_svm dim=valence subject=10 split 2/5
[17:26:13] repr_de_pcc_plv model=rbf_svm dim=valence subject=10 split 2/5 trial_acc=0.875
[17:26:13] repr_de_pcc_plv model=rbf_svm dim=valence subject=10 split 3/5
[17:26:58] repr_de_pcc_plv model=rbf_svm dim=valence subject=10 split 3/5 trial_acc=0.875
[17:26:58] repr_de_pcc_plv model=rbf_svm dim=valence subject=10 split 4/5
[17:27:43] repr_de_pcc_plv model=rbf_svm dim=valence subject=10 split 4/5 trial_acc=0.875
[17:27:43] repr_de_pcc_plv model=rbf_svm dim=valence subject=10 split 5/5
[17:28:28] repr_de_pcc_plv model=rbf_svm dim=valence subject=10 split 5/5 trial_acc=0.875
[17:29:06] repr_de_pcc_plv model=rbf_svm dim=valence subject=11 split 1/5
[17:29:51] repr_de_pcc_plv model=rbf_svm dim=valence subject=11 split 1/5 trial_acc=0.625
[17:29:51] repr_de_pcc_plv model=rbf_svm dim=valence subject=11 split 2/5
[17:30:37] repr_de_pcc_plv model=rbf_svm dim=valence subject=11 split 2/5 trial_acc=0.625
[17:30:37] repr_de_pcc_plv model=rbf_svm dim=valence subject=11 split 3/5
[17:31:21] repr_de_pcc_plv model=rbf_svm dim=valence subject=11 split 3/5 trial_acc=0.375
[17:31:21] repr_de_pcc_plv model=rbf_svm dim=valence subject=11 split 4/5
[17:32:06] repr_de_pcc_plv model=rbf_svm dim=valence subject=11 split 4/5 trial_acc=0.750
[17:32:06] repr_de_pcc_plv model=rbf_svm dim=valence subject=11 split 5/5
[17:32:51] repr_de_pcc_plv model=rbf_svm dim=valence subject=11 split 5/5 trial_acc=0.500
[17:33:29] repr_de_pcc_plv model=rbf_svm dim=valence subject=12 split 1/5
[17:34:15] repr_de_pcc_plv model=rbf_svm dim=valence subject=12 split 1/5 trial_acc=0.375
[17:34:15] repr_de_pcc_plv model=rbf_svm dim=valence subject=12 split 2/5
[17:34:59] repr_de_pcc_plv model=rbf_svm dim=valence subject=12 split 2/5 trial_acc=0.375
[17:34:59] repr_de_pcc_plv model=rbf_svm dim=valence subject=12 split 3/5
[17:35:44] repr_de_pcc_plv model=rbf_svm dim=valence subject=12 split 3/5 trial_acc=0.500
[17:35:44] repr_de_pcc_plv model=rbf_svm dim=valence subject=12 split 4/5
[17:36:29] repr_de_pcc_plv model=rbf_svm dim=valence subject=12 split 4/5 trial_acc=0.500
[17:36:29] repr_de_pcc_plv model=rbf_svm dim=valence subject=12 split 5/5
[17:37:13] repr_de_pcc_plv model=rbf_svm dim=valence subject=12 split 5/5 trial_acc=0.500
[17:37:51] repr_de_pcc_plv model=rbf_svm dim=valence subject=13 split 1/5
[17:38:36] repr_de_pcc_plv model=rbf_svm dim=valence subject=13 split 1/5 trial_acc=0.625
[17:38:36] repr_de_pcc_plv model=rbf_svm dim=valence subject=13 split 2/5
[17:39:22] repr_de_pcc_plv model=rbf_svm dim=valence subject=13 split 2/5 trial_acc=0.625
[17:39:22] repr_de_pcc_plv model=rbf_svm dim=valence subject=13 split 3/5
[17:40:08] repr_de_pcc_plv model=rbf_svm dim=valence subject=13 split 3/5 trial_acc=0.500
[17:40:08] repr_de_pcc_plv model=rbf_svm dim=valence subject=13 split 4/5
[17:40:53] repr_de_pcc_plv model=rbf_svm dim=valence subject=13 split 4/5 trial_acc=0.875
[17:40:53] repr_de_pcc_plv model=rbf_svm dim=valence subject=13 split 5/5
[17:41:38] repr_de_pcc_plv model=rbf_svm dim=valence subject=13 split 5/5 trial_acc=0.875
[17:42:16] repr_de_pcc_plv model=rbf_svm dim=valence subject=14 split 1/5
[17:43:01] repr_de_pcc_plv model=rbf_svm dim=valence subject=14 split 1/5 trial_acc=0.750
[17:43:01] repr_de_pcc_plv model=rbf_svm dim=valence subject=14 split 2/5
[17:43:45] repr_de_pcc_plv model=rbf_svm dim=valence subject=14 split 2/5 trial_acc=0.750
[17:43:45] repr_de_pcc_plv model=rbf_svm dim=valence subject=14 split 3/5
[17:44:29] repr_de_pcc_plv model=rbf_svm dim=valence subject=14 split 3/5 trial_acc=0.875
[17:44:29] repr_de_pcc_plv model=rbf_svm dim=valence subject=14 split 4/5
[17:45:13] repr_de_pcc_plv model=rbf_svm dim=valence subject=14 split 4/5 trial_acc=0.750
[17:45:13] repr_de_pcc_plv model=rbf_svm dim=valence subject=14 split 5/5
[17:45:58] repr_de_pcc_plv model=rbf_svm dim=valence subject=14 split 5/5 trial_acc=1.000
[17:46:36] repr_de_pcc_plv model=rbf_svm dim=valence subject=15 split 1/5
[17:47:31] repr_de_pcc_plv model=rbf_svm dim=valence subject=15 split 1/5 trial_acc=0.625
[17:47:31] repr_de_pcc_plv model=rbf_svm dim=valence subject=15 split 2/5
[17:48:22] repr_de_pcc_plv model=rbf_svm dim=valence subject=15 split 2/5 trial_acc=0.875
[17:48:22] repr_de_pcc_plv model=rbf_svm dim=valence subject=15 split 3/5
[17:49:09] repr_de_pcc_plv model=rbf_svm dim=valence subject=15 split 3/5 trial_acc=0.750
[17:49:09] repr_de_pcc_plv model=rbf_svm dim=valence subject=15 split 4/5
[17:49:57] repr_de_pcc_plv model=rbf_svm dim=valence subject=15 split 4/5 trial_acc=1.000
[17:49:57] repr_de_pcc_plv model=rbf_svm dim=valence subject=15 split 5/5
[17:50:44] repr_de_pcc_plv model=rbf_svm dim=valence subject=15 split 5/5 trial_acc=0.625
[17:51:24] repr_de_pcc_plv model=rbf_svm dim=valence subject=16 split 1/5
[17:52:11] repr_de_pcc_plv model=rbf_svm dim=valence subject=16 split 1/5 trial_acc=0.375
[17:52:11] repr_de_pcc_plv model=rbf_svm dim=valence subject=16 split 2/5
[17:52:59] repr_de_pcc_plv model=rbf_svm dim=valence subject=16 split 2/5 trial_acc=0.375
[17:52:59] repr_de_pcc_plv model=rbf_svm dim=valence subject=16 split 3/5
[17:53:48] repr_de_pcc_plv model=rbf_svm dim=valence subject=16 split 3/5 trial_acc=0.625
[17:53:48] repr_de_pcc_plv model=rbf_svm dim=valence subject=16 split 4/5
[17:54:36] repr_de_pcc_plv model=rbf_svm dim=valence subject=16 split 4/5 trial_acc=0.500
[17:54:36] repr_de_pcc_plv model=rbf_svm dim=valence subject=16 split 5/5
[17:55:22] repr_de_pcc_plv model=rbf_svm dim=valence subject=16 split 5/5 trial_acc=0.500
[17:56:01] repr_de_pcc_plv model=rbf_svm dim=valence subject=17 split 1/5
[17:56:48] repr_de_pcc_plv model=rbf_svm dim=valence subject=17 split 1/5 trial_acc=0.500
[17:56:48] repr_de_pcc_plv model=rbf_svm dim=valence subject=17 split 2/5
[17:57:34] repr_de_pcc_plv model=rbf_svm dim=valence subject=17 split 2/5 trial_acc=1.000
[17:57:34] repr_de_pcc_plv model=rbf_svm dim=valence subject=17 split 3/5
[17:58:20] repr_de_pcc_plv model=rbf_svm dim=valence subject=17 split 3/5 trial_acc=0.375
[17:58:20] repr_de_pcc_plv model=rbf_svm dim=valence subject=17 split 4/5
[17:59:05] repr_de_pcc_plv model=rbf_svm dim=valence subject=17 split 4/5 trial_acc=0.250
[17:59:05] repr_de_pcc_plv model=rbf_svm dim=valence subject=17 split 5/5
[17:59:50] repr_de_pcc_plv model=rbf_svm dim=valence subject=17 split 5/5 trial_acc=0.625
[18:00:30] repr_de_pcc_plv model=rbf_svm dim=valence subject=18 split 1/5
[18:01:17] repr_de_pcc_plv model=rbf_svm dim=valence subject=18 split 1/5 trial_acc=0.875
[18:01:17] repr_de_pcc_plv model=rbf_svm dim=valence subject=18 split 2/5
[18:02:04] repr_de_pcc_plv model=rbf_svm dim=valence subject=18 split 2/5 trial_acc=0.625
[18:02:04] repr_de_pcc_plv model=rbf_svm dim=valence subject=18 split 3/5
[18:02:50] repr_de_pcc_plv model=rbf_svm dim=valence subject=18 split 3/5 trial_acc=0.750
[18:02:50] repr_de_pcc_plv model=rbf_svm dim=valence subject=18 split 4/5
[18:03:37] repr_de_pcc_plv model=rbf_svm dim=valence subject=18 split 4/5 trial_acc=0.875
[18:03:37] repr_de_pcc_plv model=rbf_svm dim=valence subject=18 split 5/5
[18:04:23] repr_de_pcc_plv model=rbf_svm dim=valence subject=18 split 5/5 trial_acc=0.875
[18:05:01] repr_de_pcc_plv model=rbf_svm dim=valence subject=19 split 1/5
[18:05:47] repr_de_pcc_plv model=rbf_svm dim=valence subject=19 split 1/5 trial_acc=0.750
[18:05:47] repr_de_pcc_plv model=rbf_svm dim=valence subject=19 split 2/5
[18:06:32] repr_de_pcc_plv model=rbf_svm dim=valence subject=19 split 2/5 trial_acc=0.625
[18:06:32] repr_de_pcc_plv model=rbf_svm dim=valence subject=19 split 3/5
[18:07:18] repr_de_pcc_plv model=rbf_svm dim=valence subject=19 split 3/5 trial_acc=0.375
[18:07:18] repr_de_pcc_plv model=rbf_svm dim=valence subject=19 split 4/5
[18:08:03] repr_de_pcc_plv model=rbf_svm dim=valence subject=19 split 4/5 trial_acc=0.250
[18:08:03] repr_de_pcc_plv model=rbf_svm dim=valence subject=19 split 5/5
[18:08:49] repr_de_pcc_plv model=rbf_svm dim=valence subject=19 split 5/5 trial_acc=0.750
[18:09:27] repr_de_pcc_plv model=rbf_svm dim=valence subject=20 split 1/5
[18:10:12] repr_de_pcc_plv model=rbf_svm dim=valence subject=20 split 1/5 trial_acc=0.625
[18:10:12] repr_de_pcc_plv model=rbf_svm dim=valence subject=20 split 2/5
[18:10:58] repr_de_pcc_plv model=rbf_svm dim=valence subject=20 split 2/5 trial_acc=0.750
[18:10:58] repr_de_pcc_plv model=rbf_svm dim=valence subject=20 split 3/5
[18:11:44] repr_de_pcc_plv model=rbf_svm dim=valence subject=20 split 3/5 trial_acc=0.375
[18:11:44] repr_de_pcc_plv model=rbf_svm dim=valence subject=20 split 4/5
[18:12:30] repr_de_pcc_plv model=rbf_svm dim=valence subject=20 split 4/5 trial_acc=0.375
[18:12:30] repr_de_pcc_plv model=rbf_svm dim=valence subject=20 split 5/5
[18:13:16] repr_de_pcc_plv model=rbf_svm dim=valence subject=20 split 5/5 trial_acc=0.500
[18:13:55] repr_de_pcc_plv model=rbf_svm dim=valence subject=21 split 1/5
[18:14:40] repr_de_pcc_plv model=rbf_svm dim=valence subject=21 split 1/5 trial_acc=0.375
[18:14:40] repr_de_pcc_plv model=rbf_svm dim=valence subject=21 split 2/5
[18:15:26] repr_de_pcc_plv model=rbf_svm dim=valence subject=21 split 2/5 trial_acc=0.250
[18:15:26] repr_de_pcc_plv model=rbf_svm dim=valence subject=21 split 3/5
[18:16:12] repr_de_pcc_plv model=rbf_svm dim=valence subject=21 split 3/5 trial_acc=0.250
[18:16:12] repr_de_pcc_plv model=rbf_svm dim=valence subject=21 split 4/5
[18:16:57] repr_de_pcc_plv model=rbf_svm dim=valence subject=21 split 4/5 trial_acc=0.250
[18:16:57] repr_de_pcc_plv model=rbf_svm dim=valence subject=21 split 5/5
[18:17:43] repr_de_pcc_plv model=rbf_svm dim=valence subject=21 split 5/5 trial_acc=0.500
[18:18:21] repr_de_pcc_plv model=rbf_svm dim=valence subject=22 split 1/5
[18:19:06] repr_de_pcc_plv model=rbf_svm dim=valence subject=22 split 1/5 trial_acc=0.625
[18:19:06] repr_de_pcc_plv model=rbf_svm dim=valence subject=22 split 2/5
[18:19:51] repr_de_pcc_plv model=rbf_svm dim=valence subject=22 split 2/5 trial_acc=0.375
[18:19:51] repr_de_pcc_plv model=rbf_svm dim=valence subject=22 split 3/5
[18:20:36] repr_de_pcc_plv model=rbf_svm dim=valence subject=22 split 3/5 trial_acc=0.500
[18:20:36] repr_de_pcc_plv model=rbf_svm dim=valence subject=22 split 4/5
[18:21:22] repr_de_pcc_plv model=rbf_svm dim=valence subject=22 split 4/5 trial_acc=0.250
[18:21:22] repr_de_pcc_plv model=rbf_svm dim=valence subject=22 split 5/5
[18:22:07] repr_de_pcc_plv model=rbf_svm dim=valence subject=22 split 5/5 trial_acc=0.500
[18:22:45] repr_de_pcc_plv model=rbf_svm dim=valence subject=23 split 1/5
[18:23:30] repr_de_pcc_plv model=rbf_svm dim=valence subject=23 split 1/5 trial_acc=0.625
[18:23:30] repr_de_pcc_plv model=rbf_svm dim=valence subject=23 split 2/5
[18:24:15] repr_de_pcc_plv model=rbf_svm dim=valence subject=23 split 2/5 trial_acc=0.625
[18:24:15] repr_de_pcc_plv model=rbf_svm dim=valence subject=23 split 3/5
[18:25:00] repr_de_pcc_plv model=rbf_svm dim=valence subject=23 split 3/5 trial_acc=0.250
[18:25:00] repr_de_pcc_plv model=rbf_svm dim=valence subject=23 split 4/5
[18:25:45] repr_de_pcc_plv model=rbf_svm dim=valence subject=23 split 4/5 trial_acc=0.750
[18:25:45] repr_de_pcc_plv model=rbf_svm dim=valence subject=23 split 5/5
[18:26:30] repr_de_pcc_plv model=rbf_svm dim=valence subject=23 split 5/5 trial_acc=0.250
[18:27:07] repr_de_pcc_plv model=rbf_svm dim=valence subject=24 split 1/5
[18:27:52] repr_de_pcc_plv model=rbf_svm dim=valence subject=24 split 1/5 trial_acc=1.000
[18:27:52] repr_de_pcc_plv model=rbf_svm dim=valence subject=24 split 2/5
[18:28:37] repr_de_pcc_plv model=rbf_svm dim=valence subject=24 split 2/5 trial_acc=0.625
[18:28:37] repr_de_pcc_plv model=rbf_svm dim=valence subject=24 split 3/5
[18:29:21] repr_de_pcc_plv model=rbf_svm dim=valence subject=24 split 3/5 trial_acc=0.875
[18:29:21] repr_de_pcc_plv model=rbf_svm dim=valence subject=24 split 4/5
[18:30:06] repr_de_pcc_plv model=rbf_svm dim=valence subject=24 split 4/5 trial_acc=0.750
[18:30:06] repr_de_pcc_plv model=rbf_svm dim=valence subject=24 split 5/5
[18:30:51] repr_de_pcc_plv model=rbf_svm dim=valence subject=24 split 5/5 trial_acc=0.625
[18:31:29] repr_de_pcc_plv model=rbf_svm dim=valence subject=25 split 1/5
[18:32:15] repr_de_pcc_plv model=rbf_svm dim=valence subject=25 split 1/5 trial_acc=0.625
[18:32:15] repr_de_pcc_plv model=rbf_svm dim=valence subject=25 split 2/5
[18:33:00] repr_de_pcc_plv model=rbf_svm dim=valence subject=25 split 2/5 trial_acc=0.375
[18:33:00] repr_de_pcc_plv model=rbf_svm dim=valence subject=25 split 3/5
[18:33:45] repr_de_pcc_plv model=rbf_svm dim=valence subject=25 split 3/5 trial_acc=0.625
[18:33:45] repr_de_pcc_plv model=rbf_svm dim=valence subject=25 split 4/5
[18:34:31] repr_de_pcc_plv model=rbf_svm dim=valence subject=25 split 4/5 trial_acc=0.625
[18:34:31] repr_de_pcc_plv model=rbf_svm dim=valence subject=25 split 5/5
[18:35:15] repr_de_pcc_plv model=rbf_svm dim=valence subject=25 split 5/5 trial_acc=0.750
[18:35:54] repr_de_pcc_plv model=rbf_svm dim=valence subject=26 split 1/5
[18:36:39] repr_de_pcc_plv model=rbf_svm dim=valence subject=26 split 1/5 trial_acc=0.625
[18:36:39] repr_de_pcc_plv model=rbf_svm dim=valence subject=26 split 2/5
[18:37:25] repr_de_pcc_plv model=rbf_svm dim=valence subject=26 split 2/5 trial_acc=0.750
[18:37:25] repr_de_pcc_plv model=rbf_svm dim=valence subject=26 split 3/5
[18:38:10] repr_de_pcc_plv model=rbf_svm dim=valence subject=26 split 3/5 trial_acc=0.625
[18:38:10] repr_de_pcc_plv model=rbf_svm dim=valence subject=26 split 4/5
[18:38:56] repr_de_pcc_plv model=rbf_svm dim=valence subject=26 split 4/5 trial_acc=0.500
[18:38:56] repr_de_pcc_plv model=rbf_svm dim=valence subject=26 split 5/5
[18:39:42] repr_de_pcc_plv model=rbf_svm dim=valence subject=26 split 5/5 trial_acc=0.500
[18:40:20] repr_de_pcc_plv model=rbf_svm dim=valence subject=27 split 1/5
[18:41:06] repr_de_pcc_plv model=rbf_svm dim=valence subject=27 split 1/5 trial_acc=0.500
[18:41:06] repr_de_pcc_plv model=rbf_svm dim=valence subject=27 split 2/5
[18:41:52] repr_de_pcc_plv model=rbf_svm dim=valence subject=27 split 2/5 trial_acc=0.750
[18:41:52] repr_de_pcc_plv model=rbf_svm dim=valence subject=27 split 3/5
[18:42:38] repr_de_pcc_plv model=rbf_svm dim=valence subject=27 split 3/5 trial_acc=0.750
[18:42:38] repr_de_pcc_plv model=rbf_svm dim=valence subject=27 split 4/5
[18:43:23] repr_de_pcc_plv model=rbf_svm dim=valence subject=27 split 4/5 trial_acc=0.750
[18:43:23] repr_de_pcc_plv model=rbf_svm dim=valence subject=27 split 5/5
[18:44:08] repr_de_pcc_plv model=rbf_svm dim=valence subject=27 split 5/5 trial_acc=0.375
[18:44:45] repr_de_pcc_plv model=rbf_svm dim=valence subject=28 split 1/5
[18:45:31] repr_de_pcc_plv model=rbf_svm dim=valence subject=28 split 1/5 trial_acc=0.375
[18:45:31] repr_de_pcc_plv model=rbf_svm dim=valence subject=28 split 2/5
[18:46:17] repr_de_pcc_plv model=rbf_svm dim=valence subject=28 split 2/5 trial_acc=0.500
[18:46:17] repr_de_pcc_plv model=rbf_svm dim=valence subject=28 split 3/5
[18:47:03] repr_de_pcc_plv model=rbf_svm dim=valence subject=28 split 3/5 trial_acc=0.750
[18:47:03] repr_de_pcc_plv model=rbf_svm dim=valence subject=28 split 4/5
[18:47:48] repr_de_pcc_plv model=rbf_svm dim=valence subject=28 split 4/5 trial_acc=0.250
[18:47:48] repr_de_pcc_plv model=rbf_svm dim=valence subject=28 split 5/5
[18:48:36] repr_de_pcc_plv model=rbf_svm dim=valence subject=28 split 5/5 trial_acc=0.875
[18:49:17] repr_de_pcc_plv model=rbf_svm dim=valence subject=29 split 1/5
[18:50:03] repr_de_pcc_plv model=rbf_svm dim=valence subject=29 split 1/5 trial_acc=0.500
[18:50:03] repr_de_pcc_plv model=rbf_svm dim=valence subject=29 split 2/5
[18:50:50] repr_de_pcc_plv model=rbf_svm dim=valence subject=29 split 2/5 trial_acc=0.625
[18:50:50] repr_de_pcc_plv model=rbf_svm dim=valence subject=29 split 3/5
[18:51:38] repr_de_pcc_plv model=rbf_svm dim=valence subject=29 split 3/5 trial_acc=0.500
[18:51:38] repr_de_pcc_plv model=rbf_svm dim=valence subject=29 split 4/5
[18:52:27] repr_de_pcc_plv model=rbf_svm dim=valence subject=29 split 4/5 trial_acc=0.500
[18:52:27] repr_de_pcc_plv model=rbf_svm dim=valence subject=29 split 5/5
[18:53:16] repr_de_pcc_plv model=rbf_svm dim=valence subject=29 split 5/5 trial_acc=0.625
[18:53:55] repr_de_pcc_plv model=rbf_svm dim=valence subject=30 split 1/5
[18:54:43] repr_de_pcc_plv model=rbf_svm dim=valence subject=30 split 1/5 trial_acc=0.375
[18:54:43] repr_de_pcc_plv model=rbf_svm dim=valence subject=30 split 2/5
[18:55:31] repr_de_pcc_plv model=rbf_svm dim=valence subject=30 split 2/5 trial_acc=0.625
[18:55:31] repr_de_pcc_plv model=rbf_svm dim=valence subject=30 split 3/5
[18:56:18] repr_de_pcc_plv model=rbf_svm dim=valence subject=30 split 3/5 trial_acc=0.500
[18:56:18] repr_de_pcc_plv model=rbf_svm dim=valence subject=30 split 4/5
[18:57:06] repr_de_pcc_plv model=rbf_svm dim=valence subject=30 split 4/5 trial_acc=0.375
[18:57:06] repr_de_pcc_plv model=rbf_svm dim=valence subject=30 split 5/5
[18:57:55] repr_de_pcc_plv model=rbf_svm dim=valence subject=30 split 5/5 trial_acc=0.500
[18:58:35] repr_de_pcc_plv model=rbf_svm dim=valence subject=31 split 1/5
[18:59:23] repr_de_pcc_plv model=rbf_svm dim=valence subject=31 split 1/5 trial_acc=0.250
[18:59:23] repr_de_pcc_plv model=rbf_svm dim=valence subject=31 split 2/5
[19:00:10] repr_de_pcc_plv model=rbf_svm dim=valence subject=31 split 2/5 trial_acc=0.625
[19:00:10] repr_de_pcc_plv model=rbf_svm dim=valence subject=31 split 3/5
[19:00:58] repr_de_pcc_plv model=rbf_svm dim=valence subject=31 split 3/5 trial_acc=0.750
[19:00:58] repr_de_pcc_plv model=rbf_svm dim=valence subject=31 split 4/5
[19:01:47] repr_de_pcc_plv model=rbf_svm dim=valence subject=31 split 4/5 trial_acc=0.500
[19:01:47] repr_de_pcc_plv model=rbf_svm dim=valence subject=31 split 5/5
[19:02:35] repr_de_pcc_plv model=rbf_svm dim=valence subject=31 split 5/5 trial_acc=0.625
[19:03:14] repr_de_pcc_plv model=rbf_svm dim=valence subject=32 split 1/5
[19:04:03] repr_de_pcc_plv model=rbf_svm dim=valence subject=32 split 1/5 trial_acc=0.500
[19:04:03] repr_de_pcc_plv model=rbf_svm dim=valence subject=32 split 2/5
[19:04:51] repr_de_pcc_plv model=rbf_svm dim=valence subject=32 split 2/5 trial_acc=0.375
[19:04:51] repr_de_pcc_plv model=rbf_svm dim=valence subject=32 split 3/5
[19:05:39] repr_de_pcc_plv model=rbf_svm dim=valence subject=32 split 3/5 trial_acc=0.500
[19:05:39] repr_de_pcc_plv model=rbf_svm dim=valence subject=32 split 4/5
[19:06:25] repr_de_pcc_plv model=rbf_svm dim=valence subject=32 split 4/5 trial_acc=0.375
[19:06:25] repr_de_pcc_plv model=rbf_svm dim=valence subject=32 split 5/5
[19:07:10] repr_de_pcc_plv model=rbf_svm dim=valence subject=32 split 5/5 trial_acc=0.250
[19:07:10] repr_de_pcc_plv model=rbf_svm dim=arousal subject=1 split 1/5
[19:07:56] repr_de_pcc_plv model=rbf_svm dim=arousal subject=1 split 1/5 trial_acc=0.625
[19:07:56] repr_de_pcc_plv model=rbf_svm dim=arousal subject=1 split 2/5
[19:08:42] repr_de_pcc_plv model=rbf_svm dim=arousal subject=1 split 2/5 trial_acc=0.500
[19:08:42] repr_de_pcc_plv model=rbf_svm dim=arousal subject=1 split 3/5
[19:09:28] repr_de_pcc_plv model=rbf_svm dim=arousal subject=1 split 3/5 trial_acc=0.625
[19:09:28] repr_de_pcc_plv model=rbf_svm dim=arousal subject=1 split 4/5
[19:10:14] repr_de_pcc_plv model=rbf_svm dim=arousal subject=1 split 4/5 trial_acc=0.750
[19:10:14] repr_de_pcc_plv model=rbf_svm dim=arousal subject=1 split 5/5
[19:11:01] repr_de_pcc_plv model=rbf_svm dim=arousal subject=1 split 5/5 trial_acc=0.500
[19:11:01] repr_de_pcc_plv model=rbf_svm dim=arousal subject=2 split 1/5
[19:11:48] repr_de_pcc_plv model=rbf_svm dim=arousal subject=2 split 1/5 trial_acc=0.750
[19:11:48] repr_de_pcc_plv model=rbf_svm dim=arousal subject=2 split 2/5
[19:12:35] repr_de_pcc_plv model=rbf_svm dim=arousal subject=2 split 2/5 trial_acc=0.625
[19:12:35] repr_de_pcc_plv model=rbf_svm dim=arousal subject=2 split 3/5
[19:13:23] repr_de_pcc_plv model=rbf_svm dim=arousal subject=2 split 3/5 trial_acc=0.500
[19:13:23] repr_de_pcc_plv model=rbf_svm dim=arousal subject=2 split 4/5
[19:14:11] repr_de_pcc_plv model=rbf_svm dim=arousal subject=2 split 4/5 trial_acc=0.625
[19:14:11] repr_de_pcc_plv model=rbf_svm dim=arousal subject=2 split 5/5
[19:14:59] repr_de_pcc_plv model=rbf_svm dim=arousal subject=2 split 5/5 trial_acc=0.500
[19:14:59] repr_de_pcc_plv model=rbf_svm dim=arousal subject=3 split 1/5
[19:15:47] repr_de_pcc_plv model=rbf_svm dim=arousal subject=3 split 1/5 trial_acc=0.625
[19:15:47] repr_de_pcc_plv model=rbf_svm dim=arousal subject=3 split 2/5
[19:16:36] repr_de_pcc_plv model=rbf_svm dim=arousal subject=3 split 2/5 trial_acc=0.750
[19:16:36] repr_de_pcc_plv model=rbf_svm dim=arousal subject=3 split 3/5
[19:17:24] repr_de_pcc_plv model=rbf_svm dim=arousal subject=3 split 3/5 trial_acc=0.750
[19:17:24] repr_de_pcc_plv model=rbf_svm dim=arousal subject=3 split 4/5
[19:18:12] repr_de_pcc_plv model=rbf_svm dim=arousal subject=3 split 4/5 trial_acc=0.625
[19:18:12] repr_de_pcc_plv model=rbf_svm dim=arousal subject=3 split 5/5
[19:18:59] repr_de_pcc_plv model=rbf_svm dim=arousal subject=3 split 5/5 trial_acc=0.625
[19:18:59] repr_de_pcc_plv model=rbf_svm dim=arousal subject=4 split 1/5
[19:19:48] repr_de_pcc_plv model=rbf_svm dim=arousal subject=4 split 1/5 trial_acc=0.500
[19:19:48] repr_de_pcc_plv model=rbf_svm dim=arousal subject=4 split 2/5
[19:20:36] repr_de_pcc_plv model=rbf_svm dim=arousal subject=4 split 2/5 trial_acc=0.375
[19:20:36] repr_de_pcc_plv model=rbf_svm dim=arousal subject=4 split 3/5
[19:21:25] repr_de_pcc_plv model=rbf_svm dim=arousal subject=4 split 3/5 trial_acc=0.500
[19:21:25] repr_de_pcc_plv model=rbf_svm dim=arousal subject=4 split 4/5
[19:22:14] repr_de_pcc_plv model=rbf_svm dim=arousal subject=4 split 4/5 trial_acc=0.750
[19:22:14] repr_de_pcc_plv model=rbf_svm dim=arousal subject=4 split 5/5
[19:23:03] repr_de_pcc_plv model=rbf_svm dim=arousal subject=4 split 5/5 trial_acc=0.375
[19:23:03] repr_de_pcc_plv model=rbf_svm dim=arousal subject=5 split 1/5
[19:23:53] repr_de_pcc_plv model=rbf_svm dim=arousal subject=5 split 1/5 trial_acc=0.375
[19:23:53] repr_de_pcc_plv model=rbf_svm dim=arousal subject=5 split 2/5
[19:24:42] repr_de_pcc_plv model=rbf_svm dim=arousal subject=5 split 2/5 trial_acc=0.625
[19:24:42] repr_de_pcc_plv model=rbf_svm dim=arousal subject=5 split 3/5
[19:25:31] repr_de_pcc_plv model=rbf_svm dim=arousal subject=5 split 3/5 trial_acc=0.750
[19:25:31] repr_de_pcc_plv model=rbf_svm dim=arousal subject=5 split 4/5
[19:26:19] repr_de_pcc_plv model=rbf_svm dim=arousal subject=5 split 4/5 trial_acc=0.125
[19:26:19] repr_de_pcc_plv model=rbf_svm dim=arousal subject=5 split 5/5
[19:27:08] repr_de_pcc_plv model=rbf_svm dim=arousal subject=5 split 5/5 trial_acc=0.500
[19:27:08] repr_de_pcc_plv model=rbf_svm dim=arousal subject=6 split 1/5
[19:27:56] repr_de_pcc_plv model=rbf_svm dim=arousal subject=6 split 1/5 trial_acc=0.375
[19:27:56] repr_de_pcc_plv model=rbf_svm dim=arousal subject=6 split 2/5
[19:28:45] repr_de_pcc_plv model=rbf_svm dim=arousal subject=6 split 2/5 trial_acc=0.750
[19:28:45] repr_de_pcc_plv model=rbf_svm dim=arousal subject=6 split 3/5
[19:29:34] repr_de_pcc_plv model=rbf_svm dim=arousal subject=6 split 3/5 trial_acc=0.625
[19:29:34] repr_de_pcc_plv model=rbf_svm dim=arousal subject=6 split 4/5
[19:30:22] repr_de_pcc_plv model=rbf_svm dim=arousal subject=6 split 4/5 trial_acc=0.500
[19:30:22] repr_de_pcc_plv model=rbf_svm dim=arousal subject=6 split 5/5
[19:31:11] repr_de_pcc_plv model=rbf_svm dim=arousal subject=6 split 5/5 trial_acc=0.375
[19:31:11] repr_de_pcc_plv model=rbf_svm dim=arousal subject=7 split 1/5
[19:31:58] repr_de_pcc_plv model=rbf_svm dim=arousal subject=7 split 1/5 trial_acc=0.500
[19:31:58] repr_de_pcc_plv model=rbf_svm dim=arousal subject=7 split 2/5
[19:32:46] repr_de_pcc_plv model=rbf_svm dim=arousal subject=7 split 2/5 trial_acc=0.250
[19:32:46] repr_de_pcc_plv model=rbf_svm dim=arousal subject=7 split 3/5
[19:33:33] repr_de_pcc_plv model=rbf_svm dim=arousal subject=7 split 3/5 trial_acc=0.625
[19:33:33] repr_de_pcc_plv model=rbf_svm dim=arousal subject=7 split 4/5
[19:34:23] repr_de_pcc_plv model=rbf_svm dim=arousal subject=7 split 4/5 trial_acc=0.500
[19:34:23] repr_de_pcc_plv model=rbf_svm dim=arousal subject=7 split 5/5
[19:35:11] repr_de_pcc_plv model=rbf_svm dim=arousal subject=7 split 5/5 trial_acc=0.625
[19:35:11] repr_de_pcc_plv model=rbf_svm dim=arousal subject=8 split 1/5
[19:35:59] repr_de_pcc_plv model=rbf_svm dim=arousal subject=8 split 1/5 trial_acc=0.250
[19:35:59] repr_de_pcc_plv model=rbf_svm dim=arousal subject=8 split 2/5
[19:36:46] repr_de_pcc_plv model=rbf_svm dim=arousal subject=8 split 2/5 trial_acc=0.375
[19:36:46] repr_de_pcc_plv model=rbf_svm dim=arousal subject=8 split 3/5
[19:37:34] repr_de_pcc_plv model=rbf_svm dim=arousal subject=8 split 3/5 trial_acc=0.375
[19:37:34] repr_de_pcc_plv model=rbf_svm dim=arousal subject=8 split 4/5
[19:38:21] repr_de_pcc_plv model=rbf_svm dim=arousal subject=8 split 4/5 trial_acc=0.625
[19:38:21] repr_de_pcc_plv model=rbf_svm dim=arousal subject=8 split 5/5
[19:39:09] repr_de_pcc_plv model=rbf_svm dim=arousal subject=8 split 5/5 trial_acc=0.375
[19:39:09] repr_de_pcc_plv model=rbf_svm dim=arousal subject=9 split 1/5
[19:39:56] repr_de_pcc_plv model=rbf_svm dim=arousal subject=9 split 1/5 trial_acc=0.625
[19:39:56] repr_de_pcc_plv model=rbf_svm dim=arousal subject=9 split 2/5
[19:40:43] repr_de_pcc_plv model=rbf_svm dim=arousal subject=9 split 2/5 trial_acc=0.625
[19:40:43] repr_de_pcc_plv model=rbf_svm dim=arousal subject=9 split 3/5
[19:41:30] repr_de_pcc_plv model=rbf_svm dim=arousal subject=9 split 3/5 trial_acc=0.500
[19:41:30] repr_de_pcc_plv model=rbf_svm dim=arousal subject=9 split 4/5
[19:42:19] repr_de_pcc_plv model=rbf_svm dim=arousal subject=9 split 4/5 trial_acc=0.750
[19:42:19] repr_de_pcc_plv model=rbf_svm dim=arousal subject=9 split 5/5
[19:43:06] repr_de_pcc_plv model=rbf_svm dim=arousal subject=9 split 5/5 trial_acc=0.625
[19:43:06] repr_de_pcc_plv model=rbf_svm dim=arousal subject=10 split 1/5
[19:43:53] repr_de_pcc_plv model=rbf_svm dim=arousal subject=10 split 1/5 trial_acc=0.500
[19:43:53] repr_de_pcc_plv model=rbf_svm dim=arousal subject=10 split 2/5
[19:44:40] repr_de_pcc_plv model=rbf_svm dim=arousal subject=10 split 2/5 trial_acc=0.625
[19:44:40] repr_de_pcc_plv model=rbf_svm dim=arousal subject=10 split 3/5
[19:45:27] repr_de_pcc_plv model=rbf_svm dim=arousal subject=10 split 3/5 trial_acc=0.375
[19:45:27] repr_de_pcc_plv model=rbf_svm dim=arousal subject=10 split 4/5
[19:46:15] repr_de_pcc_plv model=rbf_svm dim=arousal subject=10 split 4/5 trial_acc=0.500
[19:46:15] repr_de_pcc_plv model=rbf_svm dim=arousal subject=10 split 5/5
[19:47:03] repr_de_pcc_plv model=rbf_svm dim=arousal subject=10 split 5/5 trial_acc=0.625
[19:47:03] repr_de_pcc_plv model=rbf_svm dim=arousal subject=11 split 1/5
[19:47:50] repr_de_pcc_plv model=rbf_svm dim=arousal subject=11 split 1/5 trial_acc=0.625
[19:47:50] repr_de_pcc_plv model=rbf_svm dim=arousal subject=11 split 2/5
[19:48:37] repr_de_pcc_plv model=rbf_svm dim=arousal subject=11 split 2/5 trial_acc=0.250
[19:48:37] repr_de_pcc_plv model=rbf_svm dim=arousal subject=11 split 3/5
[19:49:22] repr_de_pcc_plv model=rbf_svm dim=arousal subject=11 split 3/5 trial_acc=0.250
[19:49:22] repr_de_pcc_plv model=rbf_svm dim=arousal subject=11 split 4/5
[19:50:08] repr_de_pcc_plv model=rbf_svm dim=arousal subject=11 split 4/5 trial_acc=0.500
[19:50:08] repr_de_pcc_plv model=rbf_svm dim=arousal subject=11 split 5/5
[19:50:56] repr_de_pcc_plv model=rbf_svm dim=arousal subject=11 split 5/5 trial_acc=0.625
[19:50:56] repr_de_pcc_plv model=rbf_svm dim=arousal subject=12 split 1/5
[19:51:43] repr_de_pcc_plv model=rbf_svm dim=arousal subject=12 split 1/5 trial_acc=0.875
[19:51:43] repr_de_pcc_plv model=rbf_svm dim=arousal subject=12 split 2/5
[19:52:30] repr_de_pcc_plv model=rbf_svm dim=arousal subject=12 split 2/5 trial_acc=0.750
[19:52:30] repr_de_pcc_plv model=rbf_svm dim=arousal subject=12 split 3/5
[19:53:18] repr_de_pcc_plv model=rbf_svm dim=arousal subject=12 split 3/5 trial_acc=0.875
[19:53:18] repr_de_pcc_plv model=rbf_svm dim=arousal subject=12 split 4/5
[19:54:05] repr_de_pcc_plv model=rbf_svm dim=arousal subject=12 split 4/5 trial_acc=0.875
[19:54:05] repr_de_pcc_plv model=rbf_svm dim=arousal subject=12 split 5/5
[19:54:53] repr_de_pcc_plv model=rbf_svm dim=arousal subject=12 split 5/5 trial_acc=0.500
[19:54:53] repr_de_pcc_plv model=rbf_svm dim=arousal subject=13 split 1/5
[19:55:41] repr_de_pcc_plv model=rbf_svm dim=arousal subject=13 split 1/5 trial_acc=0.375
[19:55:41] repr_de_pcc_plv model=rbf_svm dim=arousal subject=13 split 2/5
[19:56:27] repr_de_pcc_plv model=rbf_svm dim=arousal subject=13 split 2/5 trial_acc=0.500
[19:56:27] repr_de_pcc_plv model=rbf_svm dim=arousal subject=13 split 3/5
[19:57:16] repr_de_pcc_plv model=rbf_svm dim=arousal subject=13 split 3/5 trial_acc=0.500
[19:57:16] repr_de_pcc_plv model=rbf_svm dim=arousal subject=13 split 4/5
[19:58:03] repr_de_pcc_plv model=rbf_svm dim=arousal subject=13 split 4/5 trial_acc=0.500
[19:58:03] repr_de_pcc_plv model=rbf_svm dim=arousal subject=13 split 5/5
[19:58:50] repr_de_pcc_plv model=rbf_svm dim=arousal subject=13 split 5/5 trial_acc=0.875
[19:58:50] repr_de_pcc_plv model=rbf_svm dim=arousal subject=14 split 1/5
[19:59:37] repr_de_pcc_plv model=rbf_svm dim=arousal subject=14 split 1/5 trial_acc=0.250
[19:59:37] repr_de_pcc_plv model=rbf_svm dim=arousal subject=14 split 2/5
[20:00:25] repr_de_pcc_plv model=rbf_svm dim=arousal subject=14 split 2/5 trial_acc=0.500
[20:00:25] repr_de_pcc_plv model=rbf_svm dim=arousal subject=14 split 3/5
[20:01:13] repr_de_pcc_plv model=rbf_svm dim=arousal subject=14 split 3/5 trial_acc=0.750
[20:01:13] repr_de_pcc_plv model=rbf_svm dim=arousal subject=14 split 4/5
[20:02:01] repr_de_pcc_plv model=rbf_svm dim=arousal subject=14 split 4/5 trial_acc=0.375
[20:02:01] repr_de_pcc_plv model=rbf_svm dim=arousal subject=14 split 5/5
[20:02:48] repr_de_pcc_plv model=rbf_svm dim=arousal subject=14 split 5/5 trial_acc=0.250
[20:02:48] repr_de_pcc_plv model=rbf_svm dim=arousal subject=15 split 1/5
[20:03:36] repr_de_pcc_plv model=rbf_svm dim=arousal subject=15 split 1/5 trial_acc=0.500
[20:03:36] repr_de_pcc_plv model=rbf_svm dim=arousal subject=15 split 2/5
[20:04:23] repr_de_pcc_plv model=rbf_svm dim=arousal subject=15 split 2/5 trial_acc=0.625
[20:04:23] repr_de_pcc_plv model=rbf_svm dim=arousal subject=15 split 3/5
[20:05:10] repr_de_pcc_plv model=rbf_svm dim=arousal subject=15 split 3/5 trial_acc=0.250
[20:05:10] repr_de_pcc_plv model=rbf_svm dim=arousal subject=15 split 4/5
[20:05:58] repr_de_pcc_plv model=rbf_svm dim=arousal subject=15 split 4/5 trial_acc=0.375
[20:05:58] repr_de_pcc_plv model=rbf_svm dim=arousal subject=15 split 5/5
[20:06:45] repr_de_pcc_plv model=rbf_svm dim=arousal subject=15 split 5/5 trial_acc=0.625
[20:06:45] repr_de_pcc_plv model=rbf_svm dim=arousal subject=16 split 1/5
[20:07:32] repr_de_pcc_plv model=rbf_svm dim=arousal subject=16 split 1/5 trial_acc=0.625
[20:07:32] repr_de_pcc_plv model=rbf_svm dim=arousal subject=16 split 2/5
[20:08:20] repr_de_pcc_plv model=rbf_svm dim=arousal subject=16 split 2/5 trial_acc=0.750
[20:08:20] repr_de_pcc_plv model=rbf_svm dim=arousal subject=16 split 3/5
[20:09:07] repr_de_pcc_plv model=rbf_svm dim=arousal subject=16 split 3/5 trial_acc=0.875
[20:09:07] repr_de_pcc_plv model=rbf_svm dim=arousal subject=16 split 4/5
[20:09:55] repr_de_pcc_plv model=rbf_svm dim=arousal subject=16 split 4/5 trial_acc=0.625
[20:09:55] repr_de_pcc_plv model=rbf_svm dim=arousal subject=16 split 5/5
[20:10:42] repr_de_pcc_plv model=rbf_svm dim=arousal subject=16 split 5/5 trial_acc=0.500
[20:10:42] repr_de_pcc_plv model=rbf_svm dim=arousal subject=17 split 1/5
[20:11:30] repr_de_pcc_plv model=rbf_svm dim=arousal subject=17 split 1/5 trial_acc=0.750
[20:11:30] repr_de_pcc_plv model=rbf_svm dim=arousal subject=17 split 2/5
[20:12:17] repr_de_pcc_plv model=rbf_svm dim=arousal subject=17 split 2/5 trial_acc=0.625
[20:12:17] repr_de_pcc_plv model=rbf_svm dim=arousal subject=17 split 3/5
[20:13:04] repr_de_pcc_plv model=rbf_svm dim=arousal subject=17 split 3/5 trial_acc=0.875
[20:13:04] repr_de_pcc_plv model=rbf_svm dim=arousal subject=17 split 4/5
[20:13:51] repr_de_pcc_plv model=rbf_svm dim=arousal subject=17 split 4/5 trial_acc=0.750
[20:13:51] repr_de_pcc_plv model=rbf_svm dim=arousal subject=17 split 5/5
[20:14:39] repr_de_pcc_plv model=rbf_svm dim=arousal subject=17 split 5/5 trial_acc=0.750
[20:14:39] repr_de_pcc_plv model=rbf_svm dim=arousal subject=18 split 1/5
[20:15:26] repr_de_pcc_plv model=rbf_svm dim=arousal subject=18 split 1/5 trial_acc=0.375
[20:15:26] repr_de_pcc_plv model=rbf_svm dim=arousal subject=18 split 2/5
[20:16:15] repr_de_pcc_plv model=rbf_svm dim=arousal subject=18 split 2/5 trial_acc=0.500
[20:16:15] repr_de_pcc_plv model=rbf_svm dim=arousal subject=18 split 3/5
[20:17:02] repr_de_pcc_plv model=rbf_svm dim=arousal subject=18 split 3/5 trial_acc=0.625
[20:17:02] repr_de_pcc_plv model=rbf_svm dim=arousal subject=18 split 4/5
[20:17:48] repr_de_pcc_plv model=rbf_svm dim=arousal subject=18 split 4/5 trial_acc=0.500
[20:17:48] repr_de_pcc_plv model=rbf_svm dim=arousal subject=18 split 5/5
[20:18:35] repr_de_pcc_plv model=rbf_svm dim=arousal subject=18 split 5/5 trial_acc=0.500
[20:18:35] repr_de_pcc_plv model=rbf_svm dim=arousal subject=19 split 1/5
[20:19:21] repr_de_pcc_plv model=rbf_svm dim=arousal subject=19 split 1/5 trial_acc=0.625
[20:19:21] repr_de_pcc_plv model=rbf_svm dim=arousal subject=19 split 2/5
[20:20:08] repr_de_pcc_plv model=rbf_svm dim=arousal subject=19 split 2/5 trial_acc=0.500
[20:20:08] repr_de_pcc_plv model=rbf_svm dim=arousal subject=19 split 3/5
[20:20:55] repr_de_pcc_plv model=rbf_svm dim=arousal subject=19 split 3/5 trial_acc=0.500
[20:20:55] repr_de_pcc_plv model=rbf_svm dim=arousal subject=19 split 4/5
[20:21:42] repr_de_pcc_plv model=rbf_svm dim=arousal subject=19 split 4/5 trial_acc=0.625
[20:21:42] repr_de_pcc_plv model=rbf_svm dim=arousal subject=19 split 5/5
[20:22:29] repr_de_pcc_plv model=rbf_svm dim=arousal subject=19 split 5/5 trial_acc=0.750
[20:22:29] repr_de_pcc_plv model=rbf_svm dim=arousal subject=20 split 1/5
[20:23:16] repr_de_pcc_plv model=rbf_svm dim=arousal subject=20 split 1/5 trial_acc=0.500
[20:23:16] repr_de_pcc_plv model=rbf_svm dim=arousal subject=20 split 2/5
[20:24:02] repr_de_pcc_plv model=rbf_svm dim=arousal subject=20 split 2/5 trial_acc=0.750
[20:24:02] repr_de_pcc_plv model=rbf_svm dim=arousal subject=20 split 3/5
[20:24:49] repr_de_pcc_plv model=rbf_svm dim=arousal subject=20 split 3/5 trial_acc=0.500
[20:24:49] repr_de_pcc_plv model=rbf_svm dim=arousal subject=20 split 4/5
[20:25:36] repr_de_pcc_plv model=rbf_svm dim=arousal subject=20 split 4/5 trial_acc=0.625
[20:25:36] repr_de_pcc_plv model=rbf_svm dim=arousal subject=20 split 5/5
[20:26:23] repr_de_pcc_plv model=rbf_svm dim=arousal subject=20 split 5/5 trial_acc=0.500
[20:26:23] repr_de_pcc_plv model=rbf_svm dim=arousal subject=21 split 1/5
[20:27:10] repr_de_pcc_plv model=rbf_svm dim=arousal subject=21 split 1/5 trial_acc=0.750
[20:27:10] repr_de_pcc_plv model=rbf_svm dim=arousal subject=21 split 2/5
[20:28:00] repr_de_pcc_plv model=rbf_svm dim=arousal subject=21 split 2/5 trial_acc=0.625
[20:28:00] repr_de_pcc_plv model=rbf_svm dim=arousal subject=21 split 3/5
[20:28:48] repr_de_pcc_plv model=rbf_svm dim=arousal subject=21 split 3/5 trial_acc=1.000
[20:28:48] repr_de_pcc_plv model=rbf_svm dim=arousal subject=21 split 4/5
[20:29:35] repr_de_pcc_plv model=rbf_svm dim=arousal subject=21 split 4/5 trial_acc=0.375
[20:29:35] repr_de_pcc_plv model=rbf_svm dim=arousal subject=21 split 5/5
[20:30:20] repr_de_pcc_plv model=rbf_svm dim=arousal subject=21 split 5/5 trial_acc=0.250
[20:30:20] repr_de_pcc_plv model=rbf_svm dim=arousal subject=22 split 1/5
[20:31:05] repr_de_pcc_plv model=rbf_svm dim=arousal subject=22 split 1/5 trial_acc=0.750
[20:31:05] repr_de_pcc_plv model=rbf_svm dim=arousal subject=22 split 2/5
[20:31:51] repr_de_pcc_plv model=rbf_svm dim=arousal subject=22 split 2/5 trial_acc=0.625
[20:31:51] repr_de_pcc_plv model=rbf_svm dim=arousal subject=22 split 3/5
[20:32:36] repr_de_pcc_plv model=rbf_svm dim=arousal subject=22 split 3/5 trial_acc=0.375
[20:32:36] repr_de_pcc_plv model=rbf_svm dim=arousal subject=22 split 4/5
[20:33:22] repr_de_pcc_plv model=rbf_svm dim=arousal subject=22 split 4/5 trial_acc=0.625
[20:33:22] repr_de_pcc_plv model=rbf_svm dim=arousal subject=22 split 5/5
[20:34:08] repr_de_pcc_plv model=rbf_svm dim=arousal subject=22 split 5/5 trial_acc=0.750
[20:34:08] repr_de_pcc_plv model=rbf_svm dim=arousal subject=23 split 1/5
[20:34:53] repr_de_pcc_plv model=rbf_svm dim=arousal subject=23 split 1/5 trial_acc=0.625
[20:34:53] repr_de_pcc_plv model=rbf_svm dim=arousal subject=23 split 2/5
[20:35:39] repr_de_pcc_plv model=rbf_svm dim=arousal subject=23 split 2/5 trial_acc=0.375
[20:35:39] repr_de_pcc_plv model=rbf_svm dim=arousal subject=23 split 3/5
[20:36:25] repr_de_pcc_plv model=rbf_svm dim=arousal subject=23 split 3/5 trial_acc=0.500
[20:36:25] repr_de_pcc_plv model=rbf_svm dim=arousal subject=23 split 4/5
[20:37:11] repr_de_pcc_plv model=rbf_svm dim=arousal subject=23 split 4/5 trial_acc=0.500
[20:37:11] repr_de_pcc_plv model=rbf_svm dim=arousal subject=23 split 5/5
[20:37:57] repr_de_pcc_plv model=rbf_svm dim=arousal subject=23 split 5/5 trial_acc=0.375
[20:37:57] repr_de_pcc_plv model=rbf_svm dim=arousal subject=24 split 1/5
[20:38:43] repr_de_pcc_plv model=rbf_svm dim=arousal subject=24 split 1/5 trial_acc=0.750
[20:38:43] repr_de_pcc_plv model=rbf_svm dim=arousal subject=24 split 2/5
[20:39:28] repr_de_pcc_plv model=rbf_svm dim=arousal subject=24 split 2/5 trial_acc=0.750
[20:39:28] repr_de_pcc_plv model=rbf_svm dim=arousal subject=24 split 3/5
[20:40:13] repr_de_pcc_plv model=rbf_svm dim=arousal subject=24 split 3/5 trial_acc=0.875
[20:40:13] repr_de_pcc_plv model=rbf_svm dim=arousal subject=24 split 4/5
[20:40:59] repr_de_pcc_plv model=rbf_svm dim=arousal subject=24 split 4/5 trial_acc=0.250
[20:40:59] repr_de_pcc_plv model=rbf_svm dim=arousal subject=24 split 5/5
[20:41:44] repr_de_pcc_plv model=rbf_svm dim=arousal subject=24 split 5/5 trial_acc=0.375
[20:41:44] repr_de_pcc_plv model=rbf_svm dim=arousal subject=25 split 1/5
[20:42:29] repr_de_pcc_plv model=rbf_svm dim=arousal subject=25 split 1/5 trial_acc=1.000
[20:42:29] repr_de_pcc_plv model=rbf_svm dim=arousal subject=25 split 2/5
[20:43:14] repr_de_pcc_plv model=rbf_svm dim=arousal subject=25 split 2/5 trial_acc=0.875
[20:43:14] repr_de_pcc_plv model=rbf_svm dim=arousal subject=25 split 3/5
[20:43:58] repr_de_pcc_plv model=rbf_svm dim=arousal subject=25 split 3/5 trial_acc=0.375
[20:43:58] repr_de_pcc_plv model=rbf_svm dim=arousal subject=25 split 4/5
[20:44:43] repr_de_pcc_plv model=rbf_svm dim=arousal subject=25 split 4/5 trial_acc=0.625
[20:44:43] repr_de_pcc_plv model=rbf_svm dim=arousal subject=25 split 5/5
[20:45:27] repr_de_pcc_plv model=rbf_svm dim=arousal subject=25 split 5/5 trial_acc=0.625
[20:45:27] repr_de_pcc_plv model=rbf_svm dim=arousal subject=26 split 1/5
[20:46:13] repr_de_pcc_plv model=rbf_svm dim=arousal subject=26 split 1/5 trial_acc=0.625
[20:46:13] repr_de_pcc_plv model=rbf_svm dim=arousal subject=26 split 2/5
[20:46:58] repr_de_pcc_plv model=rbf_svm dim=arousal subject=26 split 2/5 trial_acc=0.375
[20:46:58] repr_de_pcc_plv model=rbf_svm dim=arousal subject=26 split 3/5
[20:47:43] repr_de_pcc_plv model=rbf_svm dim=arousal subject=26 split 3/5 trial_acc=0.625
[20:47:43] repr_de_pcc_plv model=rbf_svm dim=arousal subject=26 split 4/5
[20:48:28] repr_de_pcc_plv model=rbf_svm dim=arousal subject=26 split 4/5 trial_acc=0.500
[20:48:28] repr_de_pcc_plv model=rbf_svm dim=arousal subject=26 split 5/5
[20:49:13] repr_de_pcc_plv model=rbf_svm dim=arousal subject=26 split 5/5 trial_acc=1.000
[20:49:13] repr_de_pcc_plv model=rbf_svm dim=arousal subject=27 split 1/5
[20:49:58] repr_de_pcc_plv model=rbf_svm dim=arousal subject=27 split 1/5 trial_acc=0.875
[20:49:58] repr_de_pcc_plv model=rbf_svm dim=arousal subject=27 split 2/5
[20:50:44] repr_de_pcc_plv model=rbf_svm dim=arousal subject=27 split 2/5 trial_acc=0.875
[20:50:44] repr_de_pcc_plv model=rbf_svm dim=arousal subject=27 split 3/5
[20:51:29] repr_de_pcc_plv model=rbf_svm dim=arousal subject=27 split 3/5 trial_acc=0.875
[20:51:29] repr_de_pcc_plv model=rbf_svm dim=arousal subject=27 split 4/5
[20:52:14] repr_de_pcc_plv model=rbf_svm dim=arousal subject=27 split 4/5 trial_acc=0.875
[20:52:14] repr_de_pcc_plv model=rbf_svm dim=arousal subject=27 split 5/5
[20:52:59] repr_de_pcc_plv model=rbf_svm dim=arousal subject=27 split 5/5 trial_acc=0.875
[20:52:59] repr_de_pcc_plv model=rbf_svm dim=arousal subject=28 split 1/5
[20:53:44] repr_de_pcc_plv model=rbf_svm dim=arousal subject=28 split 1/5 trial_acc=0.500
[20:53:44] repr_de_pcc_plv model=rbf_svm dim=arousal subject=28 split 2/5
[20:54:29] repr_de_pcc_plv model=rbf_svm dim=arousal subject=28 split 2/5 trial_acc=0.375
[20:54:29] repr_de_pcc_plv model=rbf_svm dim=arousal subject=28 split 3/5
[20:55:14] repr_de_pcc_plv model=rbf_svm dim=arousal subject=28 split 3/5 trial_acc=0.375
[20:55:14] repr_de_pcc_plv model=rbf_svm dim=arousal subject=28 split 4/5
[20:55:59] repr_de_pcc_plv model=rbf_svm dim=arousal subject=28 split 4/5 trial_acc=0.750
[20:55:59] repr_de_pcc_plv model=rbf_svm dim=arousal subject=28 split 5/5
[20:56:44] repr_de_pcc_plv model=rbf_svm dim=arousal subject=28 split 5/5 trial_acc=0.250
[20:56:44] repr_de_pcc_plv model=rbf_svm dim=arousal subject=29 split 1/5
[20:57:30] repr_de_pcc_plv model=rbf_svm dim=arousal subject=29 split 1/5 trial_acc=0.875
[20:57:30] repr_de_pcc_plv model=rbf_svm dim=arousal subject=29 split 2/5
[20:58:15] repr_de_pcc_plv model=rbf_svm dim=arousal subject=29 split 2/5 trial_acc=0.875
[20:58:15] repr_de_pcc_plv model=rbf_svm dim=arousal subject=29 split 3/5
[20:59:01] repr_de_pcc_plv model=rbf_svm dim=arousal subject=29 split 3/5 trial_acc=0.750
[20:59:01] repr_de_pcc_plv model=rbf_svm dim=arousal subject=29 split 4/5
[20:59:46] repr_de_pcc_plv model=rbf_svm dim=arousal subject=29 split 4/5 trial_acc=1.000
[20:59:46] repr_de_pcc_plv model=rbf_svm dim=arousal subject=29 split 5/5
[21:00:32] repr_de_pcc_plv model=rbf_svm dim=arousal subject=29 split 5/5 trial_acc=0.500
[21:00:32] repr_de_pcc_plv model=rbf_svm dim=arousal subject=30 split 1/5
[21:01:18] repr_de_pcc_plv model=rbf_svm dim=arousal subject=30 split 1/5 trial_acc=0.625
[21:01:18] repr_de_pcc_plv model=rbf_svm dim=arousal subject=30 split 2/5
[21:02:04] repr_de_pcc_plv model=rbf_svm dim=arousal subject=30 split 2/5 trial_acc=0.750
[21:02:04] repr_de_pcc_plv model=rbf_svm dim=arousal subject=30 split 3/5
[21:02:50] repr_de_pcc_plv model=rbf_svm dim=arousal subject=30 split 3/5 trial_acc=0.500
[21:02:50] repr_de_pcc_plv model=rbf_svm dim=arousal subject=30 split 4/5
[21:03:35] repr_de_pcc_plv model=rbf_svm dim=arousal subject=30 split 4/5 trial_acc=0.375
[21:03:35] repr_de_pcc_plv model=rbf_svm dim=arousal subject=30 split 5/5
[21:04:21] repr_de_pcc_plv model=rbf_svm dim=arousal subject=30 split 5/5 trial_acc=0.250
[21:04:21] repr_de_pcc_plv model=rbf_svm dim=arousal subject=31 split 1/5
[21:05:07] repr_de_pcc_plv model=rbf_svm dim=arousal subject=31 split 1/5 trial_acc=0.875
[21:05:07] repr_de_pcc_plv model=rbf_svm dim=arousal subject=31 split 2/5
[21:05:53] repr_de_pcc_plv model=rbf_svm dim=arousal subject=31 split 2/5 trial_acc=0.625
[21:05:53] repr_de_pcc_plv model=rbf_svm dim=arousal subject=31 split 3/5
[21:06:38] repr_de_pcc_plv model=rbf_svm dim=arousal subject=31 split 3/5 trial_acc=0.750
[21:06:38] repr_de_pcc_plv model=rbf_svm dim=arousal subject=31 split 4/5
[21:07:24] repr_de_pcc_plv model=rbf_svm dim=arousal subject=31 split 4/5 trial_acc=0.625
[21:07:24] repr_de_pcc_plv model=rbf_svm dim=arousal subject=31 split 5/5
[21:08:10] repr_de_pcc_plv model=rbf_svm dim=arousal subject=31 split 5/5 trial_acc=0.875
[21:08:10] repr_de_pcc_plv model=rbf_svm dim=arousal subject=32 split 1/5
[21:08:55] repr_de_pcc_plv model=rbf_svm dim=arousal subject=32 split 1/5 trial_acc=0.625
[21:08:55] repr_de_pcc_plv model=rbf_svm dim=arousal subject=32 split 2/5
[21:09:40] repr_de_pcc_plv model=rbf_svm dim=arousal subject=32 split 2/5 trial_acc=0.250
[21:09:40] repr_de_pcc_plv model=rbf_svm dim=arousal subject=32 split 3/5
[21:10:25] repr_de_pcc_plv model=rbf_svm dim=arousal subject=32 split 3/5 trial_acc=0.500
[21:10:25] repr_de_pcc_plv model=rbf_svm dim=arousal subject=32 split 4/5
[21:11:11] repr_de_pcc_plv model=rbf_svm dim=arousal subject=32 split 4/5 trial_acc=0.625
[21:11:11] repr_de_pcc_plv model=rbf_svm dim=arousal subject=32 split 5/5
[21:11:56] repr_de_pcc_plv model=rbf_svm dim=arousal subject=32 split 5/5 trial_acc=0.500
[21:11:56] Finished repr_de_pcc_plv in 279.3 min
[21:11:56] Starting repr_riemann
[21:12:07] repr_riemann model=rbf_svm dim=valence subject=1 split 1/5
[21:14:39] repr_riemann model=rbf_svm dim=valence subject=1 split 1/5 trial_acc=0.500
[21:14:39] repr_riemann model=rbf_svm dim=valence subject=1 split 2/5
[21:17:12] repr_riemann model=rbf_svm dim=valence subject=1 split 2/5 trial_acc=0.625
[21:17:12] repr_riemann model=rbf_svm dim=valence subject=1 split 3/5
[21:19:44] repr_riemann model=rbf_svm dim=valence subject=1 split 3/5 trial_acc=0.500
[21:19:44] repr_riemann model=rbf_svm dim=valence subject=1 split 4/5
[21:22:16] repr_riemann model=rbf_svm dim=valence subject=1 split 4/5 trial_acc=0.500
[21:22:16] repr_riemann model=rbf_svm dim=valence subject=1 split 5/5
[21:24:48] repr_riemann model=rbf_svm dim=valence subject=1 split 5/5 trial_acc=0.625
[21:24:48] repr_riemann model=rbf_svm dim=valence subject=2 split 1/5
[21:27:20] repr_riemann model=rbf_svm dim=valence subject=2 split 1/5 trial_acc=0.250
[21:27:20] repr_riemann model=rbf_svm dim=valence subject=2 split 2/5
[21:29:52] repr_riemann model=rbf_svm dim=valence subject=2 split 2/5 trial_acc=0.625
[21:29:52] repr_riemann model=rbf_svm dim=valence subject=2 split 3/5
[21:32:25] repr_riemann model=rbf_svm dim=valence subject=2 split 3/5 trial_acc=0.875
[21:32:25] repr_riemann model=rbf_svm dim=valence subject=2 split 4/5
[21:34:57] repr_riemann model=rbf_svm dim=valence subject=2 split 4/5 trial_acc=0.750
[21:34:57] repr_riemann model=rbf_svm dim=valence subject=2 split 5/5
[21:37:29] repr_riemann model=rbf_svm dim=valence subject=2 split 5/5 trial_acc=0.750
[21:37:29] repr_riemann model=rbf_svm dim=valence subject=3 split 1/5
[21:40:01] repr_riemann model=rbf_svm dim=valence subject=3 split 1/5 trial_acc=0.625
[21:40:01] repr_riemann model=rbf_svm dim=valence subject=3 split 2/5
[21:42:33] repr_riemann model=rbf_svm dim=valence subject=3 split 2/5 trial_acc=1.000
[21:42:33] repr_riemann model=rbf_svm dim=valence subject=3 split 3/5
[21:45:05] repr_riemann model=rbf_svm dim=valence subject=3 split 3/5 trial_acc=0.750
[21:45:05] repr_riemann model=rbf_svm dim=valence subject=3 split 4/5
[21:47:37] repr_riemann model=rbf_svm dim=valence subject=3 split 4/5 trial_acc=0.625
[21:47:37] repr_riemann model=rbf_svm dim=valence subject=3 split 5/5
[21:50:09] repr_riemann model=rbf_svm dim=valence subject=3 split 5/5 trial_acc=0.750
[21:50:09] repr_riemann model=rbf_svm dim=valence subject=4 split 1/5
[21:52:40] repr_riemann model=rbf_svm dim=valence subject=4 split 1/5 trial_acc=0.625
[21:52:40] repr_riemann model=rbf_svm dim=valence subject=4 split 2/5
[21:55:11] repr_riemann model=rbf_svm dim=valence subject=4 split 2/5 trial_acc=0.500
[21:55:11] repr_riemann model=rbf_svm dim=valence subject=4 split 3/5
[21:57:44] repr_riemann model=rbf_svm dim=valence subject=4 split 3/5 trial_acc=0.625
[21:57:44] repr_riemann model=rbf_svm dim=valence subject=4 split 4/5
[22:00:17] repr_riemann model=rbf_svm dim=valence subject=4 split 4/5 trial_acc=0.500
[22:00:17] repr_riemann model=rbf_svm dim=valence subject=4 split 5/5
[22:02:50] repr_riemann model=rbf_svm dim=valence subject=4 split 5/5 trial_acc=0.500
[22:02:50] repr_riemann model=rbf_svm dim=valence subject=5 split 1/5
[22:05:23] repr_riemann model=rbf_svm dim=valence subject=5 split 1/5 trial_acc=0.375
[22:05:23] repr_riemann model=rbf_svm dim=valence subject=5 split 2/5
[22:07:54] repr_riemann model=rbf_svm dim=valence subject=5 split 2/5 trial_acc=0.500
[22:07:54] repr_riemann model=rbf_svm dim=valence subject=5 split 3/5
[22:10:27] repr_riemann model=rbf_svm dim=valence subject=5 split 3/5 trial_acc=0.375
[22:10:27] repr_riemann model=rbf_svm dim=valence subject=5 split 4/5
[22:12:59] repr_riemann model=rbf_svm dim=valence subject=5 split 4/5 trial_acc=0.625
[22:12:59] repr_riemann model=rbf_svm dim=valence subject=5 split 5/5
[22:15:31] repr_riemann model=rbf_svm dim=valence subject=5 split 5/5 trial_acc=0.250
[22:15:31] repr_riemann model=rbf_svm dim=valence subject=6 split 1/5
[22:18:03] repr_riemann model=rbf_svm dim=valence subject=6 split 1/5 trial_acc=0.375
[22:18:03] repr_riemann model=rbf_svm dim=valence subject=6 split 2/5
[22:20:37] repr_riemann model=rbf_svm dim=valence subject=6 split 2/5 trial_acc=0.625
[22:20:37] repr_riemann model=rbf_svm dim=valence subject=6 split 3/5
[22:23:09] repr_riemann model=rbf_svm dim=valence subject=6 split 3/5 trial_acc=0.375
[22:23:09] repr_riemann model=rbf_svm dim=valence subject=6 split 4/5
[22:25:41] repr_riemann model=rbf_svm dim=valence subject=6 split 4/5 trial_acc=0.375
[22:25:41] repr_riemann model=rbf_svm dim=valence subject=6 split 5/5
[22:28:14] repr_riemann model=rbf_svm dim=valence subject=6 split 5/5 trial_acc=0.750
[22:28:14] repr_riemann model=rbf_svm dim=valence subject=7 split 1/5
[22:30:46] repr_riemann model=rbf_svm dim=valence subject=7 split 1/5 trial_acc=0.875
[22:30:46] repr_riemann model=rbf_svm dim=valence subject=7 split 2/5
[22:33:19] repr_riemann model=rbf_svm dim=valence subject=7 split 2/5 trial_acc=0.375
[22:33:19] repr_riemann model=rbf_svm dim=valence subject=7 split 3/5
[22:35:51] repr_riemann model=rbf_svm dim=valence subject=7 split 3/5 trial_acc=0.750
[22:35:51] repr_riemann model=rbf_svm dim=valence subject=7 split 4/5
[22:38:23] repr_riemann model=rbf_svm dim=valence subject=7 split 4/5 trial_acc=0.875
[22:38:23] repr_riemann model=rbf_svm dim=valence subject=7 split 5/5
[22:40:55] repr_riemann model=rbf_svm dim=valence subject=7 split 5/5 trial_acc=0.875
[22:40:56] repr_riemann model=rbf_svm dim=valence subject=8 split 1/5
[22:43:29] repr_riemann model=rbf_svm dim=valence subject=8 split 1/5 trial_acc=0.750
[22:43:29] repr_riemann model=rbf_svm dim=valence subject=8 split 2/5
[22:46:03] repr_riemann model=rbf_svm dim=valence subject=8 split 2/5 trial_acc=0.500
[22:46:03] repr_riemann model=rbf_svm dim=valence subject=8 split 3/5
[22:48:35] repr_riemann model=rbf_svm dim=valence subject=8 split 3/5 trial_acc=0.875
[22:48:35] repr_riemann model=rbf_svm dim=valence subject=8 split 4/5
[22:51:08] repr_riemann model=rbf_svm dim=valence subject=8 split 4/5 trial_acc=0.625
[22:51:08] repr_riemann model=rbf_svm dim=valence subject=8 split 5/5
[22:53:41] repr_riemann model=rbf_svm dim=valence subject=8 split 5/5 trial_acc=0.500
[22:53:42] repr_riemann model=rbf_svm dim=valence subject=9 split 1/5
[22:56:14] repr_riemann model=rbf_svm dim=valence subject=9 split 1/5 trial_acc=0.500
[22:56:14] repr_riemann model=rbf_svm dim=valence subject=9 split 2/5
[22:58:47] repr_riemann model=rbf_svm dim=valence subject=9 split 2/5 trial_acc=0.625
[22:58:47] repr_riemann model=rbf_svm dim=valence subject=9 split 3/5
[23:01:19] repr_riemann model=rbf_svm dim=valence subject=9 split 3/5 trial_acc=0.625
[23:01:19] repr_riemann model=rbf_svm dim=valence subject=9 split 4/5
[23:03:52] repr_riemann model=rbf_svm dim=valence subject=9 split 4/5 trial_acc=0.375
[23:03:52] repr_riemann model=rbf_svm dim=valence subject=9 split 5/5
[23:06:32] repr_riemann model=rbf_svm dim=valence subject=9 split 5/5 trial_acc=0.875
[23:06:32] repr_riemann model=rbf_svm dim=valence subject=10 split 1/5
[23:09:04] repr_riemann model=rbf_svm dim=valence subject=10 split 1/5 trial_acc=1.000
[23:09:04] repr_riemann model=rbf_svm dim=valence subject=10 split 2/5
[23:11:36] repr_riemann model=rbf_svm dim=valence subject=10 split 2/5 trial_acc=1.000
[23:11:36] repr_riemann model=rbf_svm dim=valence subject=10 split 3/5
[23:14:08] repr_riemann model=rbf_svm dim=valence subject=10 split 3/5 trial_acc=0.875
[23:14:08] repr_riemann model=rbf_svm dim=valence subject=10 split 4/5
[23:16:40] repr_riemann model=rbf_svm dim=valence subject=10 split 4/5 trial_acc=0.875
[23:16:40] repr_riemann model=rbf_svm dim=valence subject=10 split 5/5
[23:19:14] repr_riemann model=rbf_svm dim=valence subject=10 split 5/5 trial_acc=0.875
[23:19:14] repr_riemann model=rbf_svm dim=valence subject=11 split 1/5
[23:21:46] repr_riemann model=rbf_svm dim=valence subject=11 split 1/5 trial_acc=0.625
[23:21:46] repr_riemann model=rbf_svm dim=valence subject=11 split 2/5
[23:24:19] repr_riemann model=rbf_svm dim=valence subject=11 split 2/5 trial_acc=0.500
[23:24:19] repr_riemann model=rbf_svm dim=valence subject=11 split 3/5
[23:26:50] repr_riemann model=rbf_svm dim=valence subject=11 split 3/5 trial_acc=0.500
[23:26:50] repr_riemann model=rbf_svm dim=valence subject=11 split 4/5
[23:29:19] repr_riemann model=rbf_svm dim=valence subject=11 split 4/5 trial_acc=0.875
[23:29:19] repr_riemann model=rbf_svm dim=valence subject=11 split 5/5
[23:31:50] repr_riemann model=rbf_svm dim=valence subject=11 split 5/5 trial_acc=0.625
[23:31:50] repr_riemann model=rbf_svm dim=valence subject=12 split 1/5
[23:34:21] repr_riemann model=rbf_svm dim=valence subject=12 split 1/5 trial_acc=0.750
[23:34:21] repr_riemann model=rbf_svm dim=valence subject=12 split 2/5
[23:36:54] repr_riemann model=rbf_svm dim=valence subject=12 split 2/5 trial_acc=0.750
[23:36:54] repr_riemann model=rbf_svm dim=valence subject=12 split 3/5
[23:39:27] repr_riemann model=rbf_svm dim=valence subject=12 split 3/5 trial_acc=0.500
[23:39:27] repr_riemann model=rbf_svm dim=valence subject=12 split 4/5
[23:42:01] repr_riemann model=rbf_svm dim=valence subject=12 split 4/5 trial_acc=0.625
[23:42:01] repr_riemann model=rbf_svm dim=valence subject=12 split 5/5
[23:44:33] repr_riemann model=rbf_svm dim=valence subject=12 split 5/5 trial_acc=0.625
[23:44:33] repr_riemann model=rbf_svm dim=valence subject=13 split 1/5
[23:47:05] repr_riemann model=rbf_svm dim=valence subject=13 split 1/5 trial_acc=0.625
[23:47:05] repr_riemann model=rbf_svm dim=valence subject=13 split 2/5
[23:49:36] repr_riemann model=rbf_svm dim=valence subject=13 split 2/5 trial_acc=0.375
[23:49:36] repr_riemann model=rbf_svm dim=valence subject=13 split 3/5
[23:52:08] repr_riemann model=rbf_svm dim=valence subject=13 split 3/5 trial_acc=0.500
[23:52:08] repr_riemann model=rbf_svm dim=valence subject=13 split 4/5
[23:54:40] repr_riemann model=rbf_svm dim=valence subject=13 split 4/5 trial_acc=0.625
[23:54:40] repr_riemann model=rbf_svm dim=valence subject=13 split 5/5
[23:57:12] repr_riemann model=rbf_svm dim=valence subject=13 split 5/5 trial_acc=0.625
[23:57:13] repr_riemann model=rbf_svm dim=valence subject=14 split 1/5
[23:59:44] repr_riemann model=rbf_svm dim=valence subject=14 split 1/5 trial_acc=0.875
[23:59:44] repr_riemann model=rbf_svm dim=valence subject=14 split 2/5
[00:02:22] repr_riemann model=rbf_svm dim=valence subject=14 split 2/5 trial_acc=1.000
[00:02:22] repr_riemann model=rbf_svm dim=valence subject=14 split 3/5
[00:04:55] repr_riemann model=rbf_svm dim=valence subject=14 split 3/5 trial_acc=0.875
[00:04:55] repr_riemann model=rbf_svm dim=valence subject=14 split 4/5
[00:07:28] repr_riemann model=rbf_svm dim=valence subject=14 split 4/5 trial_acc=0.750
[00:07:28] repr_riemann model=rbf_svm dim=valence subject=14 split 5/5
[00:10:00] repr_riemann model=rbf_svm dim=valence subject=14 split 5/5 trial_acc=0.875
[00:10:00] repr_riemann model=rbf_svm dim=valence subject=15 split 1/5
[00:12:33] repr_riemann model=rbf_svm dim=valence subject=15 split 1/5 trial_acc=0.875
[00:12:33] repr_riemann model=rbf_svm dim=valence subject=15 split 2/5
[00:15:07] repr_riemann model=rbf_svm dim=valence subject=15 split 2/5 trial_acc=1.000
[00:15:07] repr_riemann model=rbf_svm dim=valence subject=15 split 3/5
[00:17:39] repr_riemann model=rbf_svm dim=valence subject=15 split 3/5 trial_acc=0.750
[00:17:39] repr_riemann model=rbf_svm dim=valence subject=15 split 4/5
[00:20:12] repr_riemann model=rbf_svm dim=valence subject=15 split 4/5 trial_acc=0.750
[00:20:12] repr_riemann model=rbf_svm dim=valence subject=15 split 5/5
[00:22:44] repr_riemann model=rbf_svm dim=valence subject=15 split 5/5 trial_acc=0.750
[00:22:44] repr_riemann model=rbf_svm dim=valence subject=16 split 1/5
[00:25:16] repr_riemann model=rbf_svm dim=valence subject=16 split 1/5 trial_acc=0.375
[00:25:16] repr_riemann model=rbf_svm dim=valence subject=16 split 2/5
[00:27:48] repr_riemann model=rbf_svm dim=valence subject=16 split 2/5 trial_acc=0.500
[00:27:48] repr_riemann model=rbf_svm dim=valence subject=16 split 3/5
[00:30:21] repr_riemann model=rbf_svm dim=valence subject=16 split 3/5 trial_acc=0.625
[00:30:21] repr_riemann model=rbf_svm dim=valence subject=16 split 4/5
[00:32:54] repr_riemann model=rbf_svm dim=valence subject=16 split 4/5 trial_acc=0.500
[00:32:54] repr_riemann model=rbf_svm dim=valence subject=16 split 5/5
[00:35:27] repr_riemann model=rbf_svm dim=valence subject=16 split 5/5 trial_acc=0.625
[00:35:27] repr_riemann model=rbf_svm dim=valence subject=17 split 1/5
[00:37:59] repr_riemann model=rbf_svm dim=valence subject=17 split 1/5 trial_acc=0.500
[00:37:59] repr_riemann model=rbf_svm dim=valence subject=17 split 2/5
[00:40:31] repr_riemann model=rbf_svm dim=valence subject=17 split 2/5 trial_acc=0.750
[00:40:31] repr_riemann model=rbf_svm dim=valence subject=17 split 3/5
[00:43:03] repr_riemann model=rbf_svm dim=valence subject=17 split 3/5 trial_acc=0.125
[00:43:03] repr_riemann model=rbf_svm dim=valence subject=17 split 4/5
[00:45:36] repr_riemann model=rbf_svm dim=valence subject=17 split 4/5 trial_acc=0.375
[00:45:36] repr_riemann model=rbf_svm dim=valence subject=17 split 5/5
[00:48:09] repr_riemann model=rbf_svm dim=valence subject=17 split 5/5 trial_acc=0.500
[00:48:09] repr_riemann model=rbf_svm dim=valence subject=18 split 1/5
[00:50:40] repr_riemann model=rbf_svm dim=valence subject=18 split 1/5 trial_acc=0.875
[00:50:40] repr_riemann model=rbf_svm dim=valence subject=18 split 2/5
[00:53:11] repr_riemann model=rbf_svm dim=valence subject=18 split 2/5 trial_acc=0.625
[00:53:11] repr_riemann model=rbf_svm dim=valence subject=18 split 3/5
[00:55:43] repr_riemann model=rbf_svm dim=valence subject=18 split 3/5 trial_acc=0.750
[00:55:43] repr_riemann model=rbf_svm dim=valence subject=18 split 4/5
[00:58:15] repr_riemann model=rbf_svm dim=valence subject=18 split 4/5 trial_acc=0.625
[00:58:15] repr_riemann model=rbf_svm dim=valence subject=18 split 5/5
[01:00:57] repr_riemann model=rbf_svm dim=valence subject=18 split 5/5 trial_acc=0.750
[01:00:57] repr_riemann model=rbf_svm dim=valence subject=19 split 1/5
[01:04:21] repr_riemann model=rbf_svm dim=valence subject=19 split 1/5 trial_acc=0.750
[01:04:21] repr_riemann model=rbf_svm dim=valence subject=19 split 2/5
[01:07:39] repr_riemann model=rbf_svm dim=valence subject=19 split 2/5 trial_acc=0.625
[01:07:39] repr_riemann model=rbf_svm dim=valence subject=19 split 3/5
[01:10:56] repr_riemann model=rbf_svm dim=valence subject=19 split 3/5 trial_acc=0.625
[01:10:56] repr_riemann model=rbf_svm dim=valence subject=19 split 4/5
[01:14:17] repr_riemann model=rbf_svm dim=valence subject=19 split 4/5 trial_acc=0.625
[01:14:17] repr_riemann model=rbf_svm dim=valence subject=19 split 5/5
[01:17:25] repr_riemann model=rbf_svm dim=valence subject=19 split 5/5 trial_acc=0.875
[01:17:25] repr_riemann model=rbf_svm dim=valence subject=20 split 1/5
[01:19:58] repr_riemann model=rbf_svm dim=valence subject=20 split 1/5 trial_acc=0.750
[01:19:58] repr_riemann model=rbf_svm dim=valence subject=20 split 2/5
[01:22:31] repr_riemann model=rbf_svm dim=valence subject=20 split 2/5 trial_acc=0.625
[01:22:31] repr_riemann model=rbf_svm dim=valence subject=20 split 3/5
[01:25:03] repr_riemann model=rbf_svm dim=valence subject=20 split 3/5 trial_acc=0.875
[01:25:03] repr_riemann model=rbf_svm dim=valence subject=20 split 4/5
[01:27:35] repr_riemann model=rbf_svm dim=valence subject=20 split 4/5 trial_acc=0.875
[01:27:35] repr_riemann model=rbf_svm dim=valence subject=20 split 5/5
[01:30:08] repr_riemann model=rbf_svm dim=valence subject=20 split 5/5 trial_acc=0.625
[01:30:09] repr_riemann model=rbf_svm dim=valence subject=21 split 1/5
