[06:09:01] Wrote reports\roadmap_ceiling\gold_config.json
[06:09:01] Loaded existing report for quick_w2_s1
[06:09:01] Loaded existing report for quick_w4_s2
[06:09:01] Loaded existing report for quick_w6_s3
[06:09:01] Loaded existing report for quick_w8_s4
[06:09:01] Loaded existing report for quick_w10_s5
[06:09:01] Loaded existing report for quick_w12_s6
[06:09:01] Loaded existing report for quick_w15_s7.5
[06:09:01] Wrote reports\roadmap_ceiling\phase1_window_sweep\window_sweep_quick.csv
[06:09:01] Loaded existing report for full_w2_s1
[06:09:01] Loaded existing report for full_w4_s2
[06:09:01] Loaded existing report for full_w10_s5
[06:09:01] Loaded existing report for full_w15_s7.5
[06:09:01] Wrote reports\roadmap_ceiling\phase1_window_sweep\window_sweep_full.csv
[06:09:01] Wrote reports\roadmap_ceiling\phase1_window_sweep\window_sweep_summary.csv
[06:09:01] Loaded existing report for repr_de_only
[06:09:02] Loaded existing report for repr_de_asym
[06:09:02] Loaded existing report for repr_de_pcc
[06:09:02] Loaded existing report for repr_de_plv
[06:09:02] Loaded existing report for repr_de_pcc_plv
[06:09:02] Wrote reports\roadmap_ceiling\phase2_representation\representation_leaderboard.csv
[06:09:02] Starting repr_de_plv_pca
[06:09:57] repr_de_plv_pca model=rbf_svm dim=valence subject=1 split 1/5
[06:10:07] repr_de_plv_pca model=rbf_svm dim=valence subject=1 split 1/5 trial_acc=0.625
[06:10:07] repr_de_plv_pca model=rbf_svm dim=valence subject=1 split 2/5
[06:10:18] repr_de_plv_pca model=rbf_svm dim=valence subject=1 split 2/5 trial_acc=0.500
[06:10:18] repr_de_plv_pca model=rbf_svm dim=valence subject=1 split 3/5
[06:10:28] repr_de_plv_pca model=rbf_svm dim=valence subject=1 split 3/5 trial_acc=0.750
[06:10:28] repr_de_plv_pca model=rbf_svm dim=valence subject=1 split 4/5
[06:10:39] repr_de_plv_pca model=rbf_svm dim=valence subject=1 split 4/5 trial_acc=0.500
[06:10:39] repr_de_plv_pca model=rbf_svm dim=valence subject=1 split 5/5
[06:10:49] repr_de_plv_pca model=rbf_svm dim=valence subject=1 split 5/5 trial_acc=0.500
[06:11:28] repr_de_plv_pca model=rbf_svm dim=valence subject=2 split 1/5
[06:11:38] repr_de_plv_pca model=rbf_svm dim=valence subject=2 split 1/5 trial_acc=0.500
[06:11:38] repr_de_plv_pca model=rbf_svm dim=valence subject=2 split 2/5
[06:11:48] repr_de_plv_pca model=rbf_svm dim=valence subject=2 split 2/5 trial_acc=0.500
[06:11:48] repr_de_plv_pca model=rbf_svm dim=valence subject=2 split 3/5
[06:11:58] repr_de_plv_pca model=rbf_svm dim=valence subject=2 split 3/5 trial_acc=0.750
[06:11:58] repr_de_plv_pca model=rbf_svm dim=valence subject=2 split 4/5
[06:12:09] repr_de_plv_pca model=rbf_svm dim=valence subject=2 split 4/5 trial_acc=0.625
[06:12:09] repr_de_plv_pca model=rbf_svm dim=valence subject=2 split 5/5
[06:12:19] repr_de_plv_pca model=rbf_svm dim=valence subject=2 split 5/5 trial_acc=0.625
[06:12:57] repr_de_plv_pca model=rbf_svm dim=valence subject=3 split 1/5
[06:13:07] repr_de_plv_pca model=rbf_svm dim=valence subject=3 split 1/5 trial_acc=0.625
[06:13:07] repr_de_plv_pca model=rbf_svm dim=valence subject=3 split 2/5
[06:13:17] repr_de_plv_pca model=rbf_svm dim=valence subject=3 split 2/5 trial_acc=0.750
[06:13:17] repr_de_plv_pca model=rbf_svm dim=valence subject=3 split 3/5
[06:13:27] repr_de_plv_pca model=rbf_svm dim=valence subject=3 split 3/5 trial_acc=0.500
[06:13:27] repr_de_plv_pca model=rbf_svm dim=valence subject=3 split 4/5
[06:13:37] repr_de_plv_pca model=rbf_svm dim=valence subject=3 split 4/5 trial_acc=0.375
[06:13:37] repr_de_plv_pca model=rbf_svm dim=valence subject=3 split 5/5
[06:13:47] repr_de_plv_pca model=rbf_svm dim=valence subject=3 split 5/5 trial_acc=0.875
[06:14:25] repr_de_plv_pca model=rbf_svm dim=valence subject=4 split 1/5
[06:14:36] repr_de_plv_pca model=rbf_svm dim=valence subject=4 split 1/5 trial_acc=0.500
[06:14:36] repr_de_plv_pca model=rbf_svm dim=valence subject=4 split 2/5
[06:14:46] repr_de_plv_pca model=rbf_svm dim=valence subject=4 split 2/5 trial_acc=0.375
[06:14:46] repr_de_plv_pca model=rbf_svm dim=valence subject=4 split 3/5
[06:14:57] repr_de_plv_pca model=rbf_svm dim=valence subject=4 split 3/5 trial_acc=0.375
[06:14:57] repr_de_plv_pca model=rbf_svm dim=valence subject=4 split 4/5
[06:15:07] repr_de_plv_pca model=rbf_svm dim=valence subject=4 split 4/5 trial_acc=0.500
[06:15:07] repr_de_plv_pca model=rbf_svm dim=valence subject=4 split 5/5
[06:15:18] repr_de_plv_pca model=rbf_svm dim=valence subject=4 split 5/5 trial_acc=0.625
[06:15:56] repr_de_plv_pca model=rbf_svm dim=valence subject=5 split 1/5
[06:16:07] repr_de_plv_pca model=rbf_svm dim=valence subject=5 split 1/5 trial_acc=0.500
[06:16:07] repr_de_plv_pca model=rbf_svm dim=valence subject=5 split 2/5
[06:16:17] repr_de_plv_pca model=rbf_svm dim=valence subject=5 split 2/5 trial_acc=0.500
[06:16:17] repr_de_plv_pca model=rbf_svm dim=valence subject=5 split 3/5
[06:16:28] repr_de_plv_pca model=rbf_svm dim=valence subject=5 split 3/5 trial_acc=0.375
[06:16:28] repr_de_plv_pca model=rbf_svm dim=valence subject=5 split 4/5
[06:16:38] repr_de_plv_pca model=rbf_svm dim=valence subject=5 split 4/5 trial_acc=0.500
[06:16:38] repr_de_plv_pca model=rbf_svm dim=valence subject=5 split 5/5
[06:16:49] repr_de_plv_pca model=rbf_svm dim=valence subject=5 split 5/5 trial_acc=0.500
[06:17:27] repr_de_plv_pca model=rbf_svm dim=valence subject=6 split 1/5
[06:17:37] repr_de_plv_pca model=rbf_svm dim=valence subject=6 split 1/5 trial_acc=0.250
[06:17:37] repr_de_plv_pca model=rbf_svm dim=valence subject=6 split 2/5
[06:17:48] repr_de_plv_pca model=rbf_svm dim=valence subject=6 split 2/5 trial_acc=0.500
[06:17:48] repr_de_plv_pca model=rbf_svm dim=valence subject=6 split 3/5
[06:17:58] repr_de_plv_pca model=rbf_svm dim=valence subject=6 split 3/5 trial_acc=0.250
[06:17:58] repr_de_plv_pca model=rbf_svm dim=valence subject=6 split 4/5
[06:18:08] repr_de_plv_pca model=rbf_svm dim=valence subject=6 split 4/5 trial_acc=0.500
[06:18:08] repr_de_plv_pca model=rbf_svm dim=valence subject=6 split 5/5
[06:18:18] repr_de_plv_pca model=rbf_svm dim=valence subject=6 split 5/5 trial_acc=0.625
[06:18:56] repr_de_plv_pca model=rbf_svm dim=valence subject=7 split 1/5
[06:19:06] repr_de_plv_pca model=rbf_svm dim=valence subject=7 split 1/5 trial_acc=0.750
[06:19:06] repr_de_plv_pca model=rbf_svm dim=valence subject=7 split 2/5
[06:19:17] repr_de_plv_pca model=rbf_svm dim=valence subject=7 split 2/5 trial_acc=0.375
[06:19:17] repr_de_plv_pca model=rbf_svm dim=valence subject=7 split 3/5
[06:19:27] repr_de_plv_pca model=rbf_svm dim=valence subject=7 split 3/5 trial_acc=0.750
[06:19:27] repr_de_plv_pca model=rbf_svm dim=valence subject=7 split 4/5
[06:19:37] repr_de_plv_pca model=rbf_svm dim=valence subject=7 split 4/5 trial_acc=0.750
[06:19:37] repr_de_plv_pca model=rbf_svm dim=valence subject=7 split 5/5
[06:19:47] repr_de_plv_pca model=rbf_svm dim=valence subject=7 split 5/5 trial_acc=0.500
[06:20:25] repr_de_plv_pca model=rbf_svm dim=valence subject=8 split 1/5
[06:20:36] repr_de_plv_pca model=rbf_svm dim=valence subject=8 split 1/5 trial_acc=0.875
[06:20:36] repr_de_plv_pca model=rbf_svm dim=valence subject=8 split 2/5
[06:20:46] repr_de_plv_pca model=rbf_svm dim=valence subject=8 split 2/5 trial_acc=0.625
[06:20:46] repr_de_plv_pca model=rbf_svm dim=valence subject=8 split 3/5
[06:20:56] repr_de_plv_pca model=rbf_svm dim=valence subject=8 split 3/5 trial_acc=0.375
[06:20:56] repr_de_plv_pca model=rbf_svm dim=valence subject=8 split 4/5
[06:21:06] repr_de_plv_pca model=rbf_svm dim=valence subject=8 split 4/5 trial_acc=0.500
[06:21:06] repr_de_plv_pca model=rbf_svm dim=valence subject=8 split 5/5
[06:21:16] repr_de_plv_pca model=rbf_svm dim=valence subject=8 split 5/5 trial_acc=0.625
[06:21:53] repr_de_plv_pca model=rbf_svm dim=valence subject=9 split 1/5
[06:22:03] repr_de_plv_pca model=rbf_svm dim=valence subject=9 split 1/5 trial_acc=0.500
[06:22:03] repr_de_plv_pca model=rbf_svm dim=valence subject=9 split 2/5
[06:22:12] repr_de_plv_pca model=rbf_svm dim=valence subject=9 split 2/5 trial_acc=0.500
[06:22:12] repr_de_plv_pca model=rbf_svm dim=valence subject=9 split 3/5
[06:22:22] repr_de_plv_pca model=rbf_svm dim=valence subject=9 split 3/5 trial_acc=0.750
[06:22:22] repr_de_plv_pca model=rbf_svm dim=valence subject=9 split 4/5
[06:22:32] repr_de_plv_pca model=rbf_svm dim=valence subject=9 split 4/5 trial_acc=0.625
[06:22:32] repr_de_plv_pca model=rbf_svm dim=valence subject=9 split 5/5
[06:22:42] repr_de_plv_pca model=rbf_svm dim=valence subject=9 split 5/5 trial_acc=0.875
[06:23:20] repr_de_plv_pca model=rbf_svm dim=valence subject=10 split 1/5
[06:23:30] repr_de_plv_pca model=rbf_svm dim=valence subject=10 split 1/5 trial_acc=1.000
[06:23:30] repr_de_plv_pca model=rbf_svm dim=valence subject=10 split 2/5
[06:23:39] repr_de_plv_pca model=rbf_svm dim=valence subject=10 split 2/5 trial_acc=0.875
[06:23:39] repr_de_plv_pca model=rbf_svm dim=valence subject=10 split 3/5
[06:23:49] repr_de_plv_pca model=rbf_svm dim=valence subject=10 split 3/5 trial_acc=0.875
[06:23:49] repr_de_plv_pca model=rbf_svm dim=valence subject=10 split 4/5
[06:23:59] repr_de_plv_pca model=rbf_svm dim=valence subject=10 split 4/5 trial_acc=0.875
[06:23:59] repr_de_plv_pca model=rbf_svm dim=valence subject=10 split 5/5
[06:24:09] repr_de_plv_pca model=rbf_svm dim=valence subject=10 split 5/5 trial_acc=0.875
[06:24:46] repr_de_plv_pca model=rbf_svm dim=valence subject=11 split 1/5
[06:24:56] repr_de_plv_pca model=rbf_svm dim=valence subject=11 split 1/5 trial_acc=0.500
[06:24:56] repr_de_plv_pca model=rbf_svm dim=valence subject=11 split 2/5
[06:25:06] repr_de_plv_pca model=rbf_svm dim=valence subject=11 split 2/5 trial_acc=0.500
[06:25:06] repr_de_plv_pca model=rbf_svm dim=valence subject=11 split 3/5
[06:25:16] repr_de_plv_pca model=rbf_svm dim=valence subject=11 split 3/5 trial_acc=0.500
[06:25:16] repr_de_plv_pca model=rbf_svm dim=valence subject=11 split 4/5
[06:25:26] repr_de_plv_pca model=rbf_svm dim=valence subject=11 split 4/5 trial_acc=0.750
[06:25:26] repr_de_plv_pca model=rbf_svm dim=valence subject=11 split 5/5
[06:25:35] repr_de_plv_pca model=rbf_svm dim=valence subject=11 split 5/5 trial_acc=0.500
[06:26:12] repr_de_plv_pca model=rbf_svm dim=valence subject=12 split 1/5
[06:26:21] repr_de_plv_pca model=rbf_svm dim=valence subject=12 split 1/5 trial_acc=0.375
[06:26:21] repr_de_plv_pca model=rbf_svm dim=valence subject=12 split 2/5
[06:26:31] repr_de_plv_pca model=rbf_svm dim=valence subject=12 split 2/5 trial_acc=0.375
[06:26:31] repr_de_plv_pca model=rbf_svm dim=valence subject=12 split 3/5
[06:26:41] repr_de_plv_pca model=rbf_svm dim=valence subject=12 split 3/5 trial_acc=0.625
[06:26:41] repr_de_plv_pca model=rbf_svm dim=valence subject=12 split 4/5
[06:26:50] repr_de_plv_pca model=rbf_svm dim=valence subject=12 split 4/5 trial_acc=0.500
[06:26:50] repr_de_plv_pca model=rbf_svm dim=valence subject=12 split 5/5
[06:27:00] repr_de_plv_pca model=rbf_svm dim=valence subject=12 split 5/5 trial_acc=0.750
[06:27:36] repr_de_plv_pca model=rbf_svm dim=valence subject=13 split 1/5
[06:27:45] repr_de_plv_pca model=rbf_svm dim=valence subject=13 split 1/5 trial_acc=0.625
[06:27:45] repr_de_plv_pca model=rbf_svm dim=valence subject=13 split 2/5
[06:27:55] repr_de_plv_pca model=rbf_svm dim=valence subject=13 split 2/5 trial_acc=0.750
[06:27:55] repr_de_plv_pca model=rbf_svm dim=valence subject=13 split 3/5
[06:28:05] repr_de_plv_pca model=rbf_svm dim=valence subject=13 split 3/5 trial_acc=0.500
[06:28:05] repr_de_plv_pca model=rbf_svm dim=valence subject=13 split 4/5
[06:28:15] repr_de_plv_pca model=rbf_svm dim=valence subject=13 split 4/5 trial_acc=0.875
[06:28:15] repr_de_plv_pca model=rbf_svm dim=valence subject=13 split 5/5
[06:28:24] repr_de_plv_pca model=rbf_svm dim=valence subject=13 split 5/5 trial_acc=0.875
[06:29:00] repr_de_plv_pca model=rbf_svm dim=valence subject=14 split 1/5
[06:29:09] repr_de_plv_pca model=rbf_svm dim=valence subject=14 split 1/5 trial_acc=0.625
[06:29:09] repr_de_plv_pca model=rbf_svm dim=valence subject=14 split 2/5
[06:29:18] repr_de_plv_pca model=rbf_svm dim=valence subject=14 split 2/5 trial_acc=0.750
[06:29:18] repr_de_plv_pca model=rbf_svm dim=valence subject=14 split 3/5
[06:29:28] repr_de_plv_pca model=rbf_svm dim=valence subject=14 split 3/5 trial_acc=0.875
[06:29:28] repr_de_plv_pca model=rbf_svm dim=valence subject=14 split 4/5
[06:29:37] repr_de_plv_pca model=rbf_svm dim=valence subject=14 split 4/5 trial_acc=0.750
[06:29:37] repr_de_plv_pca model=rbf_svm dim=valence subject=14 split 5/5
[06:29:46] repr_de_plv_pca model=rbf_svm dim=valence subject=14 split 5/5 trial_acc=0.875
[06:30:22] repr_de_plv_pca model=rbf_svm dim=valence subject=15 split 1/5
[06:30:31] repr_de_plv_pca model=rbf_svm dim=valence subject=15 split 1/5 trial_acc=0.625
[06:30:31] repr_de_plv_pca model=rbf_svm dim=valence subject=15 split 2/5
[06:30:41] repr_de_plv_pca model=rbf_svm dim=valence subject=15 split 2/5 trial_acc=1.000
[06:30:41] repr_de_plv_pca model=rbf_svm dim=valence subject=15 split 3/5
[06:30:50] repr_de_plv_pca model=rbf_svm dim=valence subject=15 split 3/5 trial_acc=0.750
[06:30:50] repr_de_plv_pca model=rbf_svm dim=valence subject=15 split 4/5
[06:30:59] repr_de_plv_pca model=rbf_svm dim=valence subject=15 split 4/5 trial_acc=1.000
[06:30:59] repr_de_plv_pca model=rbf_svm dim=valence subject=15 split 5/5
[06:31:08] repr_de_plv_pca model=rbf_svm dim=valence subject=15 split 5/5 trial_acc=0.625
[06:31:45] repr_de_plv_pca model=rbf_svm dim=valence subject=16 split 1/5
[06:31:54] repr_de_plv_pca model=rbf_svm dim=valence subject=16 split 1/5 trial_acc=0.250
[06:31:54] repr_de_plv_pca model=rbf_svm dim=valence subject=16 split 2/5
[06:32:03] repr_de_plv_pca model=rbf_svm dim=valence subject=16 split 2/5 trial_acc=0.375
[06:32:03] repr_de_plv_pca model=rbf_svm dim=valence subject=16 split 3/5
[06:32:13] repr_de_plv_pca model=rbf_svm dim=valence subject=16 split 3/5 trial_acc=0.500
[06:32:13] repr_de_plv_pca model=rbf_svm dim=valence subject=16 split 4/5
[06:32:22] repr_de_plv_pca model=rbf_svm dim=valence subject=16 split 4/5 trial_acc=0.500
[06:32:22] repr_de_plv_pca model=rbf_svm dim=valence subject=16 split 5/5
[06:32:32] repr_de_plv_pca model=rbf_svm dim=valence subject=16 split 5/5 trial_acc=0.625
[06:33:08] repr_de_plv_pca model=rbf_svm dim=valence subject=17 split 1/5
[06:33:17] repr_de_plv_pca model=rbf_svm dim=valence subject=17 split 1/5 trial_acc=0.500
[06:33:17] repr_de_plv_pca model=rbf_svm dim=valence subject=17 split 2/5
[06:33:27] repr_de_plv_pca model=rbf_svm dim=valence subject=17 split 2/5 trial_acc=0.875
[06:33:27] repr_de_plv_pca model=rbf_svm dim=valence subject=17 split 3/5
[06:33:37] repr_de_plv_pca model=rbf_svm dim=valence subject=17 split 3/5 trial_acc=0.375
[06:33:37] repr_de_plv_pca model=rbf_svm dim=valence subject=17 split 4/5
[06:33:47] repr_de_plv_pca model=rbf_svm dim=valence subject=17 split 4/5 trial_acc=0.250
[06:33:47] repr_de_plv_pca model=rbf_svm dim=valence subject=17 split 5/5
[06:33:57] repr_de_plv_pca model=rbf_svm dim=valence subject=17 split 5/5 trial_acc=0.750
[06:34:33] repr_de_plv_pca model=rbf_svm dim=valence subject=18 split 1/5
[06:34:42] repr_de_plv_pca model=rbf_svm dim=valence subject=18 split 1/5 trial_acc=0.875
[06:34:42] repr_de_plv_pca model=rbf_svm dim=valence subject=18 split 2/5
[06:34:51] repr_de_plv_pca model=rbf_svm dim=valence subject=18 split 2/5 trial_acc=0.625
[06:34:51] repr_de_plv_pca model=rbf_svm dim=valence subject=18 split 3/5
[06:35:00] repr_de_plv_pca model=rbf_svm dim=valence subject=18 split 3/5 trial_acc=0.750
[06:35:00] repr_de_plv_pca model=rbf_svm dim=valence subject=18 split 4/5
[06:35:10] repr_de_plv_pca model=rbf_svm dim=valence subject=18 split 4/5 trial_acc=0.750
[06:35:10] repr_de_plv_pca model=rbf_svm dim=valence subject=18 split 5/5
[06:35:19] repr_de_plv_pca model=rbf_svm dim=valence subject=18 split 5/5 trial_acc=1.000
[06:35:55] repr_de_plv_pca model=rbf_svm dim=valence subject=19 split 1/5
[06:36:05] repr_de_plv_pca model=rbf_svm dim=valence subject=19 split 1/5 trial_acc=0.750
[06:36:05] repr_de_plv_pca model=rbf_svm dim=valence subject=19 split 2/5
[06:36:14] repr_de_plv_pca model=rbf_svm dim=valence subject=19 split 2/5 trial_acc=0.625
[06:36:14] repr_de_plv_pca model=rbf_svm dim=valence subject=19 split 3/5
[06:36:24] repr_de_plv_pca model=rbf_svm dim=valence subject=19 split 3/5 trial_acc=0.500
[06:36:24] repr_de_plv_pca model=rbf_svm dim=valence subject=19 split 4/5
[06:36:33] repr_de_plv_pca model=rbf_svm dim=valence subject=19 split 4/5 trial_acc=0.250
[06:36:33] repr_de_plv_pca model=rbf_svm dim=valence subject=19 split 5/5
[06:36:43] repr_de_plv_pca model=rbf_svm dim=valence subject=19 split 5/5 trial_acc=0.625
[06:37:18] repr_de_plv_pca model=rbf_svm dim=valence subject=20 split 1/5
[06:37:28] repr_de_plv_pca model=rbf_svm dim=valence subject=20 split 1/5 trial_acc=0.500
[06:37:28] repr_de_plv_pca model=rbf_svm dim=valence subject=20 split 2/5
[06:37:38] repr_de_plv_pca model=rbf_svm dim=valence subject=20 split 2/5 trial_acc=0.750
[06:37:38] repr_de_plv_pca model=rbf_svm dim=valence subject=20 split 3/5
[06:37:47] repr_de_plv_pca model=rbf_svm dim=valence subject=20 split 3/5 trial_acc=0.500
[06:37:47] repr_de_plv_pca model=rbf_svm dim=valence subject=20 split 4/5
[06:37:57] repr_de_plv_pca model=rbf_svm dim=valence subject=20 split 4/5 trial_acc=0.375
[06:37:57] repr_de_plv_pca model=rbf_svm dim=valence subject=20 split 5/5
[06:38:07] repr_de_plv_pca model=rbf_svm dim=valence subject=20 split 5/5 trial_acc=0.500
[06:38:43] repr_de_plv_pca model=rbf_svm dim=valence subject=21 split 1/5
[06:38:53] repr_de_plv_pca model=rbf_svm dim=valence subject=21 split 1/5 trial_acc=0.375
[06:38:53] repr_de_plv_pca model=rbf_svm dim=valence subject=21 split 2/5
[06:39:03] repr_de_plv_pca model=rbf_svm dim=valence subject=21 split 2/5 trial_acc=0.250
[06:39:03] repr_de_plv_pca model=rbf_svm dim=valence subject=21 split 3/5
[06:39:12] repr_de_plv_pca model=rbf_svm dim=valence subject=21 split 3/5 trial_acc=0.250
[06:39:12] repr_de_plv_pca model=rbf_svm dim=valence subject=21 split 4/5
[06:39:22] repr_de_plv_pca model=rbf_svm dim=valence subject=21 split 4/5 trial_acc=0.250
[06:39:22] repr_de_plv_pca model=rbf_svm dim=valence subject=21 split 5/5
[06:39:32] repr_de_plv_pca model=rbf_svm dim=valence subject=21 split 5/5 trial_acc=0.375
[06:40:07] repr_de_plv_pca model=rbf_svm dim=valence subject=22 split 1/5
[06:40:17] repr_de_plv_pca model=rbf_svm dim=valence subject=22 split 1/5 trial_acc=0.750
[06:40:17] repr_de_plv_pca model=rbf_svm dim=valence subject=22 split 2/5
[06:40:26] repr_de_plv_pca model=rbf_svm dim=valence subject=22 split 2/5 trial_acc=0.375
[06:40:26] repr_de_plv_pca model=rbf_svm dim=valence subject=22 split 3/5
[06:40:36] repr_de_plv_pca model=rbf_svm dim=valence subject=22 split 3/5 trial_acc=0.500
[06:40:36] repr_de_plv_pca model=rbf_svm dim=valence subject=22 split 4/5
[06:40:45] repr_de_plv_pca model=rbf_svm dim=valence subject=22 split 4/5 trial_acc=0.250
[06:40:45] repr_de_plv_pca model=rbf_svm dim=valence subject=22 split 5/5
[06:40:55] repr_de_plv_pca model=rbf_svm dim=valence subject=22 split 5/5 trial_acc=0.500
[06:41:31] repr_de_plv_pca model=rbf_svm dim=valence subject=23 split 1/5
[06:41:40] repr_de_plv_pca model=rbf_svm dim=valence subject=23 split 1/5 trial_acc=0.625
[06:41:40] repr_de_plv_pca model=rbf_svm dim=valence subject=23 split 2/5
[06:41:49] repr_de_plv_pca model=rbf_svm dim=valence subject=23 split 2/5 trial_acc=0.625
[06:41:49] repr_de_plv_pca model=rbf_svm dim=valence subject=23 split 3/5
[06:41:58] repr_de_plv_pca model=rbf_svm dim=valence subject=23 split 3/5 trial_acc=0.250
[06:41:58] repr_de_plv_pca model=rbf_svm dim=valence subject=23 split 4/5
[06:42:07] repr_de_plv_pca model=rbf_svm dim=valence subject=23 split 4/5 trial_acc=0.750
[06:42:07] repr_de_plv_pca model=rbf_svm dim=valence subject=23 split 5/5
[06:42:17] repr_de_plv_pca model=rbf_svm dim=valence subject=23 split 5/5 trial_acc=0.250
[06:42:53] repr_de_plv_pca model=rbf_svm dim=valence subject=24 split 1/5
[06:43:02] repr_de_plv_pca model=rbf_svm dim=valence subject=24 split 1/5 trial_acc=1.000
[06:43:02] repr_de_plv_pca model=rbf_svm dim=valence subject=24 split 2/5
[06:43:12] repr_de_plv_pca model=rbf_svm dim=valence subject=24 split 2/5 trial_acc=0.625
[06:43:12] repr_de_plv_pca model=rbf_svm dim=valence subject=24 split 3/5
[06:43:21] repr_de_plv_pca model=rbf_svm dim=valence subject=24 split 3/5 trial_acc=0.875
[06:43:21] repr_de_plv_pca model=rbf_svm dim=valence subject=24 split 4/5
[06:43:30] repr_de_plv_pca model=rbf_svm dim=valence subject=24 split 4/5 trial_acc=0.875
[06:43:30] repr_de_plv_pca model=rbf_svm dim=valence subject=24 split 5/5
[06:43:40] repr_de_plv_pca model=rbf_svm dim=valence subject=24 split 5/5 trial_acc=0.625
[06:44:16] repr_de_plv_pca model=rbf_svm dim=valence subject=25 split 1/5
[06:44:25] repr_de_plv_pca model=rbf_svm dim=valence subject=25 split 1/5 trial_acc=0.625
[06:44:25] repr_de_plv_pca model=rbf_svm dim=valence subject=25 split 2/5
[06:44:35] repr_de_plv_pca model=rbf_svm dim=valence subject=25 split 2/5 trial_acc=0.250
[06:44:35] repr_de_plv_pca model=rbf_svm dim=valence subject=25 split 3/5
[06:44:44] repr_de_plv_pca model=rbf_svm dim=valence subject=25 split 3/5 trial_acc=0.625
[06:44:44] repr_de_plv_pca model=rbf_svm dim=valence subject=25 split 4/5
[06:44:53] repr_de_plv_pca model=rbf_svm dim=valence subject=25 split 4/5 trial_acc=0.625
[06:44:53] repr_de_plv_pca model=rbf_svm dim=valence subject=25 split 5/5
[06:45:03] repr_de_plv_pca model=rbf_svm dim=valence subject=25 split 5/5 trial_acc=0.750
[06:45:39] repr_de_plv_pca model=rbf_svm dim=valence subject=26 split 1/5
[06:45:49] repr_de_plv_pca model=rbf_svm dim=valence subject=26 split 1/5 trial_acc=0.625
[06:45:49] repr_de_plv_pca model=rbf_svm dim=valence subject=26 split 2/5
[06:45:58] repr_de_plv_pca model=rbf_svm dim=valence subject=26 split 2/5 trial_acc=0.750
[06:45:58] repr_de_plv_pca model=rbf_svm dim=valence subject=26 split 3/5
[06:46:07] repr_de_plv_pca model=rbf_svm dim=valence subject=26 split 3/5 trial_acc=0.500
[06:46:07] repr_de_plv_pca model=rbf_svm dim=valence subject=26 split 4/5
[06:46:17] repr_de_plv_pca model=rbf_svm dim=valence subject=26 split 4/5 trial_acc=0.500
[06:46:17] repr_de_plv_pca model=rbf_svm dim=valence subject=26 split 5/5
[06:46:26] repr_de_plv_pca model=rbf_svm dim=valence subject=26 split 5/5 trial_acc=0.375
[06:47:02] repr_de_plv_pca model=rbf_svm dim=valence subject=27 split 1/5
[06:47:12] repr_de_plv_pca model=rbf_svm dim=valence subject=27 split 1/5 trial_acc=0.500
[06:47:12] repr_de_plv_pca model=rbf_svm dim=valence subject=27 split 2/5
[06:47:22] repr_de_plv_pca model=rbf_svm dim=valence subject=27 split 2/5 trial_acc=0.750
[06:47:22] repr_de_plv_pca model=rbf_svm dim=valence subject=27 split 3/5
[06:47:31] repr_de_plv_pca model=rbf_svm dim=valence subject=27 split 3/5 trial_acc=0.625
[06:47:31] repr_de_plv_pca model=rbf_svm dim=valence subject=27 split 4/5
[06:47:40] repr_de_plv_pca model=rbf_svm dim=valence subject=27 split 4/5 trial_acc=0.750
[06:47:40] repr_de_plv_pca model=rbf_svm dim=valence subject=27 split 5/5
[06:47:50] repr_de_plv_pca model=rbf_svm dim=valence subject=27 split 5/5 trial_acc=0.375
[06:48:25] repr_de_plv_pca model=rbf_svm dim=valence subject=28 split 1/5
[06:48:35] repr_de_plv_pca model=rbf_svm dim=valence subject=28 split 1/5 trial_acc=0.375
[06:48:35] repr_de_plv_pca model=rbf_svm dim=valence subject=28 split 2/5
[06:48:44] repr_de_plv_pca model=rbf_svm dim=valence subject=28 split 2/5 trial_acc=0.500
[06:48:44] repr_de_plv_pca model=rbf_svm dim=valence subject=28 split 3/5
[06:48:54] repr_de_plv_pca model=rbf_svm dim=valence subject=28 split 3/5 trial_acc=0.750
[06:48:54] repr_de_plv_pca model=rbf_svm dim=valence subject=28 split 4/5
[06:49:03] repr_de_plv_pca model=rbf_svm dim=valence subject=28 split 4/5 trial_acc=0.500
[06:49:03] repr_de_plv_pca model=rbf_svm dim=valence subject=28 split 5/5
[06:49:12] repr_de_plv_pca model=rbf_svm dim=valence subject=28 split 5/5 trial_acc=0.500
[06:49:48] repr_de_plv_pca model=rbf_svm dim=valence subject=29 split 1/5
[06:49:58] repr_de_plv_pca model=rbf_svm dim=valence subject=29 split 1/5 trial_acc=0.500
[06:49:58] repr_de_plv_pca model=rbf_svm dim=valence subject=29 split 2/5
[06:50:07] repr_de_plv_pca model=rbf_svm dim=valence subject=29 split 2/5 trial_acc=0.625
[06:50:07] repr_de_plv_pca model=rbf_svm dim=valence subject=29 split 3/5
[06:50:17] repr_de_plv_pca model=rbf_svm dim=valence subject=29 split 3/5 trial_acc=0.500
[06:50:17] repr_de_plv_pca model=rbf_svm dim=valence subject=29 split 4/5
[06:50:26] repr_de_plv_pca model=rbf_svm dim=valence subject=29 split 4/5 trial_acc=0.500
[06:50:26] repr_de_plv_pca model=rbf_svm dim=valence subject=29 split 5/5
[06:50:36] repr_de_plv_pca model=rbf_svm dim=valence subject=29 split 5/5 trial_acc=0.750
[06:51:12] repr_de_plv_pca model=rbf_svm dim=valence subject=30 split 1/5
[06:51:21] repr_de_plv_pca model=rbf_svm dim=valence subject=30 split 1/5 trial_acc=0.375
[06:51:21] repr_de_plv_pca model=rbf_svm dim=valence subject=30 split 2/5
[06:51:31] repr_de_plv_pca model=rbf_svm dim=valence subject=30 split 2/5 trial_acc=0.625
[06:51:31] repr_de_plv_pca model=rbf_svm dim=valence subject=30 split 3/5
[06:51:40] repr_de_plv_pca model=rbf_svm dim=valence subject=30 split 3/5 trial_acc=0.500
[06:51:40] repr_de_plv_pca model=rbf_svm dim=valence subject=30 split 4/5
[06:51:50] repr_de_plv_pca model=rbf_svm dim=valence subject=30 split 4/5 trial_acc=0.250
[06:51:50] repr_de_plv_pca model=rbf_svm dim=valence subject=30 split 5/5
[06:51:59] repr_de_plv_pca model=rbf_svm dim=valence subject=30 split 5/5 trial_acc=0.500
[06:52:35] repr_de_plv_pca model=rbf_svm dim=valence subject=31 split 1/5
[06:52:45] repr_de_plv_pca model=rbf_svm dim=valence subject=31 split 1/5 trial_acc=0.375
[06:52:45] repr_de_plv_pca model=rbf_svm dim=valence subject=31 split 2/5
[06:52:54] repr_de_plv_pca model=rbf_svm dim=valence subject=31 split 2/5 trial_acc=0.625
[06:52:54] repr_de_plv_pca model=rbf_svm dim=valence subject=31 split 3/5
[06:53:03] repr_de_plv_pca model=rbf_svm dim=valence subject=31 split 3/5 trial_acc=0.875
[06:53:03] repr_de_plv_pca model=rbf_svm dim=valence subject=31 split 4/5
[06:53:13] repr_de_plv_pca model=rbf_svm dim=valence subject=31 split 4/5 trial_acc=0.500
[06:53:13] repr_de_plv_pca model=rbf_svm dim=valence subject=31 split 5/5
[06:53:22] repr_de_plv_pca model=rbf_svm dim=valence subject=31 split 5/5 trial_acc=0.625
[06:53:58] repr_de_plv_pca model=rbf_svm dim=valence subject=32 split 1/5
[06:54:08] repr_de_plv_pca model=rbf_svm dim=valence subject=32 split 1/5 trial_acc=0.500
[06:54:08] repr_de_plv_pca model=rbf_svm dim=valence subject=32 split 2/5
[06:54:17] repr_de_plv_pca model=rbf_svm dim=valence subject=32 split 2/5 trial_acc=0.375
[06:54:17] repr_de_plv_pca model=rbf_svm dim=valence subject=32 split 3/5
[06:54:27] repr_de_plv_pca model=rbf_svm dim=valence subject=32 split 3/5 trial_acc=0.500
[06:54:27] repr_de_plv_pca model=rbf_svm dim=valence subject=32 split 4/5
[06:54:36] repr_de_plv_pca model=rbf_svm dim=valence subject=32 split 4/5 trial_acc=0.375
[06:54:36] repr_de_plv_pca model=rbf_svm dim=valence subject=32 split 5/5
[06:54:46] repr_de_plv_pca model=rbf_svm dim=valence subject=32 split 5/5 trial_acc=0.375
[06:54:46] repr_de_plv_pca model=rbf_svm dim=arousal subject=1 split 1/5
[06:54:55] repr_de_plv_pca model=rbf_svm dim=arousal subject=1 split 1/5 trial_acc=0.625
[06:54:55] repr_de_plv_pca model=rbf_svm dim=arousal subject=1 split 2/5
[06:55:05] repr_de_plv_pca model=rbf_svm dim=arousal subject=1 split 2/5 trial_acc=0.500
[06:55:05] repr_de_plv_pca model=rbf_svm dim=arousal subject=1 split 3/5
[06:55:14] repr_de_plv_pca model=rbf_svm dim=arousal subject=1 split 3/5 trial_acc=0.625
[06:55:14] repr_de_plv_pca model=rbf_svm dim=arousal subject=1 split 4/5
[06:55:24] repr_de_plv_pca model=rbf_svm dim=arousal subject=1 split 4/5 trial_acc=0.750
[06:55:24] repr_de_plv_pca model=rbf_svm dim=arousal subject=1 split 5/5
[06:55:33] repr_de_plv_pca model=rbf_svm dim=arousal subject=1 split 5/5 trial_acc=0.500
[06:55:33] repr_de_plv_pca model=rbf_svm dim=arousal subject=2 split 1/5
[06:55:43] repr_de_plv_pca model=rbf_svm dim=arousal subject=2 split 1/5 trial_acc=0.750
[06:55:43] repr_de_plv_pca model=rbf_svm dim=arousal subject=2 split 2/5
[06:55:52] repr_de_plv_pca model=rbf_svm dim=arousal subject=2 split 2/5 trial_acc=0.625
[06:55:52] repr_de_plv_pca model=rbf_svm dim=arousal subject=2 split 3/5
[06:56:02] repr_de_plv_pca model=rbf_svm dim=arousal subject=2 split 3/5 trial_acc=0.500
[06:56:02] repr_de_plv_pca model=rbf_svm dim=arousal subject=2 split 4/5
[06:56:11] repr_de_plv_pca model=rbf_svm dim=arousal subject=2 split 4/5 trial_acc=0.750
[06:56:11] repr_de_plv_pca model=rbf_svm dim=arousal subject=2 split 5/5
[06:56:21] repr_de_plv_pca model=rbf_svm dim=arousal subject=2 split 5/5 trial_acc=0.500
[06:56:21] repr_de_plv_pca model=rbf_svm dim=arousal subject=3 split 1/5
[06:56:30] repr_de_plv_pca model=rbf_svm dim=arousal subject=3 split 1/5 trial_acc=0.625
[06:56:30] repr_de_plv_pca model=rbf_svm dim=arousal subject=3 split 2/5
[06:56:40] repr_de_plv_pca model=rbf_svm dim=arousal subject=3 split 2/5 trial_acc=0.750
[06:56:40] repr_de_plv_pca model=rbf_svm dim=arousal subject=3 split 3/5
[06:56:49] repr_de_plv_pca model=rbf_svm dim=arousal subject=3 split 3/5 trial_acc=0.750
[06:56:49] repr_de_plv_pca model=rbf_svm dim=arousal subject=3 split 4/5
[06:56:58] repr_de_plv_pca model=rbf_svm dim=arousal subject=3 split 4/5 trial_acc=0.625
[06:56:58] repr_de_plv_pca model=rbf_svm dim=arousal subject=3 split 5/5
[06:57:08] repr_de_plv_pca model=rbf_svm dim=arousal subject=3 split 5/5 trial_acc=0.625
[06:57:08] repr_de_plv_pca model=rbf_svm dim=arousal subject=4 split 1/5
[06:57:17] repr_de_plv_pca model=rbf_svm dim=arousal subject=4 split 1/5 trial_acc=0.500
[06:57:17] repr_de_plv_pca model=rbf_svm dim=arousal subject=4 split 2/5
[06:57:27] repr_de_plv_pca model=rbf_svm dim=arousal subject=4 split 2/5 trial_acc=0.375
[06:57:27] repr_de_plv_pca model=rbf_svm dim=arousal subject=4 split 3/5
[06:57:37] repr_de_plv_pca model=rbf_svm dim=arousal subject=4 split 3/5 trial_acc=0.500
[06:57:37] repr_de_plv_pca model=rbf_svm dim=arousal subject=4 split 4/5
[06:57:47] repr_de_plv_pca model=rbf_svm dim=arousal subject=4 split 4/5 trial_acc=0.500
[06:57:47] repr_de_plv_pca model=rbf_svm dim=arousal subject=4 split 5/5
[06:57:56] repr_de_plv_pca model=rbf_svm dim=arousal subject=4 split 5/5 trial_acc=0.375
[06:57:56] repr_de_plv_pca model=rbf_svm dim=arousal subject=5 split 1/5
[06:58:06] repr_de_plv_pca model=rbf_svm dim=arousal subject=5 split 1/5 trial_acc=0.375
[06:58:06] repr_de_plv_pca model=rbf_svm dim=arousal subject=5 split 2/5
[06:58:15] repr_de_plv_pca model=rbf_svm dim=arousal subject=5 split 2/5 trial_acc=0.625
[06:58:15] repr_de_plv_pca model=rbf_svm dim=arousal subject=5 split 3/5
[06:58:25] repr_de_plv_pca model=rbf_svm dim=arousal subject=5 split 3/5 trial_acc=0.750
[06:58:25] repr_de_plv_pca model=rbf_svm dim=arousal subject=5 split 4/5
[06:58:34] repr_de_plv_pca model=rbf_svm dim=arousal subject=5 split 4/5 trial_acc=0.125
[06:58:34] repr_de_plv_pca model=rbf_svm dim=arousal subject=5 split 5/5
[06:58:44] repr_de_plv_pca model=rbf_svm dim=arousal subject=5 split 5/5 trial_acc=0.500
[06:58:44] repr_de_plv_pca model=rbf_svm dim=arousal subject=6 split 1/5
[06:58:53] repr_de_plv_pca model=rbf_svm dim=arousal subject=6 split 1/5 trial_acc=0.375
[06:58:53] repr_de_plv_pca model=rbf_svm dim=arousal subject=6 split 2/5
[06:59:03] repr_de_plv_pca model=rbf_svm dim=arousal subject=6 split 2/5 trial_acc=0.750
[06:59:03] repr_de_plv_pca model=rbf_svm dim=arousal subject=6 split 3/5
[06:59:12] repr_de_plv_pca model=rbf_svm dim=arousal subject=6 split 3/5 trial_acc=0.750
[06:59:12] repr_de_plv_pca model=rbf_svm dim=arousal subject=6 split 4/5
[06:59:22] repr_de_plv_pca model=rbf_svm dim=arousal subject=6 split 4/5 trial_acc=0.500
[06:59:22] repr_de_plv_pca model=rbf_svm dim=arousal subject=6 split 5/5
[06:59:32] repr_de_plv_pca model=rbf_svm dim=arousal subject=6 split 5/5 trial_acc=0.500
[06:59:32] repr_de_plv_pca model=rbf_svm dim=arousal subject=7 split 1/5
[06:59:41] repr_de_plv_pca model=rbf_svm dim=arousal subject=7 split 1/5 trial_acc=0.500
[06:59:41] repr_de_plv_pca model=rbf_svm dim=arousal subject=7 split 2/5
[06:59:51] repr_de_plv_pca model=rbf_svm dim=arousal subject=7 split 2/5 trial_acc=0.250
[06:59:51] repr_de_plv_pca model=rbf_svm dim=arousal subject=7 split 3/5
[07:00:00] repr_de_plv_pca model=rbf_svm dim=arousal subject=7 split 3/5 trial_acc=0.625
[07:00:00] repr_de_plv_pca model=rbf_svm dim=arousal subject=7 split 4/5
[07:00:10] repr_de_plv_pca model=rbf_svm dim=arousal subject=7 split 4/5 trial_acc=0.625
[07:00:10] repr_de_plv_pca model=rbf_svm dim=arousal subject=7 split 5/5
[07:00:19] repr_de_plv_pca model=rbf_svm dim=arousal subject=7 split 5/5 trial_acc=0.625
[07:00:19] repr_de_plv_pca model=rbf_svm dim=arousal subject=8 split 1/5
[07:00:28] repr_de_plv_pca model=rbf_svm dim=arousal subject=8 split 1/5 trial_acc=0.250
[07:00:28] repr_de_plv_pca model=rbf_svm dim=arousal subject=8 split 2/5
[07:00:38] repr_de_plv_pca model=rbf_svm dim=arousal subject=8 split 2/5 trial_acc=0.500
[07:00:38] repr_de_plv_pca model=rbf_svm dim=arousal subject=8 split 3/5
[07:00:47] repr_de_plv_pca model=rbf_svm dim=arousal subject=8 split 3/5 trial_acc=0.375
[07:00:47] repr_de_plv_pca model=rbf_svm dim=arousal subject=8 split 4/5
[07:00:57] repr_de_plv_pca model=rbf_svm dim=arousal subject=8 split 4/5 trial_acc=0.625
[07:00:57] repr_de_plv_pca model=rbf_svm dim=arousal subject=8 split 5/5
[07:01:06] repr_de_plv_pca model=rbf_svm dim=arousal subject=8 split 5/5 trial_acc=0.375
[07:01:06] repr_de_plv_pca model=rbf_svm dim=arousal subject=9 split 1/5
[07:01:16] repr_de_plv_pca model=rbf_svm dim=arousal subject=9 split 1/5 trial_acc=0.625
[07:01:16] repr_de_plv_pca model=rbf_svm dim=arousal subject=9 split 2/5
[07:01:25] repr_de_plv_pca model=rbf_svm dim=arousal subject=9 split 2/5 trial_acc=0.625
[07:01:25] repr_de_plv_pca model=rbf_svm dim=arousal subject=9 split 3/5
[07:01:35] repr_de_plv_pca model=rbf_svm dim=arousal subject=9 split 3/5 trial_acc=0.500
[07:01:35] repr_de_plv_pca model=rbf_svm dim=arousal subject=9 split 4/5
[07:01:44] repr_de_plv_pca model=rbf_svm dim=arousal subject=9 split 4/5 trial_acc=0.625
[07:01:44] repr_de_plv_pca model=rbf_svm dim=arousal subject=9 split 5/5
[07:01:54] repr_de_plv_pca model=rbf_svm dim=arousal subject=9 split 5/5 trial_acc=0.500
[07:01:54] repr_de_plv_pca model=rbf_svm dim=arousal subject=10 split 1/5
[07:02:03] repr_de_plv_pca model=rbf_svm dim=arousal subject=10 split 1/5 trial_acc=0.375
[07:02:03] repr_de_plv_pca model=rbf_svm dim=arousal subject=10 split 2/5
[07:02:12] repr_de_plv_pca model=rbf_svm dim=arousal subject=10 split 2/5 trial_acc=0.750
[07:02:12] repr_de_plv_pca model=rbf_svm dim=arousal subject=10 split 3/5
[07:02:21] repr_de_plv_pca model=rbf_svm dim=arousal subject=10 split 3/5 trial_acc=0.375
[07:02:21] repr_de_plv_pca model=rbf_svm dim=arousal subject=10 split 4/5
[07:02:31] repr_de_plv_pca model=rbf_svm dim=arousal subject=10 split 4/5 trial_acc=0.500
[07:02:31] repr_de_plv_pca model=rbf_svm dim=arousal subject=10 split 5/5
[07:02:40] repr_de_plv_pca model=rbf_svm dim=arousal subject=10 split 5/5 trial_acc=0.500
[07:02:40] repr_de_plv_pca model=rbf_svm dim=arousal subject=11 split 1/5
[07:02:50] repr_de_plv_pca model=rbf_svm dim=arousal subject=11 split 1/5 trial_acc=0.625
[07:02:50] repr_de_plv_pca model=rbf_svm dim=arousal subject=11 split 2/5
[07:02:59] repr_de_plv_pca model=rbf_svm dim=arousal subject=11 split 2/5 trial_acc=0.250
[07:02:59] repr_de_plv_pca model=rbf_svm dim=arousal subject=11 split 3/5
[07:03:08] repr_de_plv_pca model=rbf_svm dim=arousal subject=11 split 3/5 trial_acc=0.250
[07:03:08] repr_de_plv_pca model=rbf_svm dim=arousal subject=11 split 4/5
[07:03:18] repr_de_plv_pca model=rbf_svm dim=arousal subject=11 split 4/5 trial_acc=0.625
[07:03:18] repr_de_plv_pca model=rbf_svm dim=arousal subject=11 split 5/5
[07:03:27] repr_de_plv_pca model=rbf_svm dim=arousal subject=11 split 5/5 trial_acc=0.750
[07:03:27] repr_de_plv_pca model=rbf_svm dim=arousal subject=12 split 1/5
[07:03:37] repr_de_plv_pca model=rbf_svm dim=arousal subject=12 split 1/5 trial_acc=0.875
[07:03:37] repr_de_plv_pca model=rbf_svm dim=arousal subject=12 split 2/5
[07:03:46] repr_de_plv_pca model=rbf_svm dim=arousal subject=12 split 2/5 trial_acc=0.625
[07:03:46] repr_de_plv_pca model=rbf_svm dim=arousal subject=12 split 3/5
[07:03:56] repr_de_plv_pca model=rbf_svm dim=arousal subject=12 split 3/5 trial_acc=0.875
[07:03:56] repr_de_plv_pca model=rbf_svm dim=arousal subject=12 split 4/5
[07:04:06] repr_de_plv_pca model=rbf_svm dim=arousal subject=12 split 4/5 trial_acc=0.875
[07:04:06] repr_de_plv_pca model=rbf_svm dim=arousal subject=12 split 5/5
[07:04:15] repr_de_plv_pca model=rbf_svm dim=arousal subject=12 split 5/5 trial_acc=0.500
[07:04:15] repr_de_plv_pca model=rbf_svm dim=arousal subject=13 split 1/5
[07:04:25] repr_de_plv_pca model=rbf_svm dim=arousal subject=13 split 1/5 trial_acc=0.500
[07:04:25] repr_de_plv_pca model=rbf_svm dim=arousal subject=13 split 2/5
[07:04:34] repr_de_plv_pca model=rbf_svm dim=arousal subject=13 split 2/5 trial_acc=0.500
[07:04:34] repr_de_plv_pca model=rbf_svm dim=arousal subject=13 split 3/5
[07:04:43] repr_de_plv_pca model=rbf_svm dim=arousal subject=13 split 3/5 trial_acc=0.500
[07:04:44] repr_de_plv_pca model=rbf_svm dim=arousal subject=13 split 4/5
[07:04:53] repr_de_plv_pca model=rbf_svm dim=arousal subject=13 split 4/5 trial_acc=0.500
[07:04:53] repr_de_plv_pca model=rbf_svm dim=arousal subject=13 split 5/5
[07:05:03] repr_de_plv_pca model=rbf_svm dim=arousal subject=13 split 5/5 trial_acc=0.750
[07:05:03] repr_de_plv_pca model=rbf_svm dim=arousal subject=14 split 1/5
[07:05:12] repr_de_plv_pca model=rbf_svm dim=arousal subject=14 split 1/5 trial_acc=0.250
[07:05:12] repr_de_plv_pca model=rbf_svm dim=arousal subject=14 split 2/5
[07:05:21] repr_de_plv_pca model=rbf_svm dim=arousal subject=14 split 2/5 trial_acc=0.500
[07:05:21] repr_de_plv_pca model=rbf_svm dim=arousal subject=14 split 3/5
[07:05:31] repr_de_plv_pca model=rbf_svm dim=arousal subject=14 split 3/5 trial_acc=0.750
[07:05:31] repr_de_plv_pca model=rbf_svm dim=arousal subject=14 split 4/5
[07:05:40] repr_de_plv_pca model=rbf_svm dim=arousal subject=14 split 4/5 trial_acc=0.500
[07:05:40] repr_de_plv_pca model=rbf_svm dim=arousal subject=14 split 5/5
[07:05:49] repr_de_plv_pca model=rbf_svm dim=arousal subject=14 split 5/5 trial_acc=0.375
[07:05:49] repr_de_plv_pca model=rbf_svm dim=arousal subject=15 split 1/5
[07:05:59] repr_de_plv_pca model=rbf_svm dim=arousal subject=15 split 1/5 trial_acc=0.500
[07:05:59] repr_de_plv_pca model=rbf_svm dim=arousal subject=15 split 2/5
[07:06:08] repr_de_plv_pca model=rbf_svm dim=arousal subject=15 split 2/5 trial_acc=0.625
[07:06:08] repr_de_plv_pca model=rbf_svm dim=arousal subject=15 split 3/5
[07:06:18] repr_de_plv_pca model=rbf_svm dim=arousal subject=15 split 3/5 trial_acc=0.125
[07:06:18] repr_de_plv_pca model=rbf_svm dim=arousal subject=15 split 4/5
[07:06:28] repr_de_plv_pca model=rbf_svm dim=arousal subject=15 split 4/5 trial_acc=0.250
[07:06:28] repr_de_plv_pca model=rbf_svm dim=arousal subject=15 split 5/5
[07:06:37] repr_de_plv_pca model=rbf_svm dim=arousal subject=15 split 5/5 trial_acc=0.625
[07:06:37] repr_de_plv_pca model=rbf_svm dim=arousal subject=16 split 1/5
[07:06:46] repr_de_plv_pca model=rbf_svm dim=arousal subject=16 split 1/5 trial_acc=0.750
[07:06:46] repr_de_plv_pca model=rbf_svm dim=arousal subject=16 split 2/5
[07:06:56] repr_de_plv_pca model=rbf_svm dim=arousal subject=16 split 2/5 trial_acc=0.750
[07:06:56] repr_de_plv_pca model=rbf_svm dim=arousal subject=16 split 3/5
[07:07:05] repr_de_plv_pca model=rbf_svm dim=arousal subject=16 split 3/5 trial_acc=0.750
[07:07:05] repr_de_plv_pca model=rbf_svm dim=arousal subject=16 split 4/5
[07:07:14] repr_de_plv_pca model=rbf_svm dim=arousal subject=16 split 4/5 trial_acc=0.625
[07:07:14] repr_de_plv_pca model=rbf_svm dim=arousal subject=16 split 5/5
[07:07:23] repr_de_plv_pca model=rbf_svm dim=arousal subject=16 split 5/5 trial_acc=0.500
[07:07:23] repr_de_plv_pca model=rbf_svm dim=arousal subject=17 split 1/5
[07:07:33] repr_de_plv_pca model=rbf_svm dim=arousal subject=17 split 1/5 trial_acc=0.750
[07:07:33] repr_de_plv_pca model=rbf_svm dim=arousal subject=17 split 2/5
[07:07:42] repr_de_plv_pca model=rbf_svm dim=arousal subject=17 split 2/5 trial_acc=0.625
[07:07:42] repr_de_plv_pca model=rbf_svm dim=arousal subject=17 split 3/5
[07:07:51] repr_de_plv_pca model=rbf_svm dim=arousal subject=17 split 3/5 trial_acc=0.875
[07:07:51] repr_de_plv_pca model=rbf_svm dim=arousal subject=17 split 4/5
[07:08:01] repr_de_plv_pca model=rbf_svm dim=arousal subject=17 split 4/5 trial_acc=0.750
[07:08:01] repr_de_plv_pca model=rbf_svm dim=arousal subject=17 split 5/5
[07:08:10] repr_de_plv_pca model=rbf_svm dim=arousal subject=17 split 5/5 trial_acc=0.625
[07:08:10] repr_de_plv_pca model=rbf_svm dim=arousal subject=18 split 1/5
[07:08:20] repr_de_plv_pca model=rbf_svm dim=arousal subject=18 split 1/5 trial_acc=0.375
[07:08:20] repr_de_plv_pca model=rbf_svm dim=arousal subject=18 split 2/5
[07:08:29] repr_de_plv_pca model=rbf_svm dim=arousal subject=18 split 2/5 trial_acc=0.625
[07:08:29] repr_de_plv_pca model=rbf_svm dim=arousal subject=18 split 3/5
[07:08:39] repr_de_plv_pca model=rbf_svm dim=arousal subject=18 split 3/5 trial_acc=0.625
[07:08:39] repr_de_plv_pca model=rbf_svm dim=arousal subject=18 split 4/5
[07:08:49] repr_de_plv_pca model=rbf_svm dim=arousal subject=18 split 4/5 trial_acc=0.500
[07:08:49] repr_de_plv_pca model=rbf_svm dim=arousal subject=18 split 5/5
[07:08:58] repr_de_plv_pca model=rbf_svm dim=arousal subject=18 split 5/5 trial_acc=0.500
[07:08:58] repr_de_plv_pca model=rbf_svm dim=arousal subject=19 split 1/5
[07:09:08] repr_de_plv_pca model=rbf_svm dim=arousal subject=19 split 1/5 trial_acc=0.625
[07:09:08] repr_de_plv_pca model=rbf_svm dim=arousal subject=19 split 2/5
[07:09:17] repr_de_plv_pca model=rbf_svm dim=arousal subject=19 split 2/5 trial_acc=0.500
[07:09:17] repr_de_plv_pca model=rbf_svm dim=arousal subject=19 split 3/5
[07:09:26] repr_de_plv_pca model=rbf_svm dim=arousal subject=19 split 3/5 trial_acc=0.500
[07:09:26] repr_de_plv_pca model=rbf_svm dim=arousal subject=19 split 4/5
[07:09:36] repr_de_plv_pca model=rbf_svm dim=arousal subject=19 split 4/5 trial_acc=0.625
[07:09:36] repr_de_plv_pca model=rbf_svm dim=arousal subject=19 split 5/5
[07:09:45] repr_de_plv_pca model=rbf_svm dim=arousal subject=19 split 5/5 trial_acc=0.625
[07:09:45] repr_de_plv_pca model=rbf_svm dim=arousal subject=20 split 1/5
[07:09:55] repr_de_plv_pca model=rbf_svm dim=arousal subject=20 split 1/5 trial_acc=0.625
[07:09:55] repr_de_plv_pca model=rbf_svm dim=arousal subject=20 split 2/5
[07:10:04] repr_de_plv_pca model=rbf_svm dim=arousal subject=20 split 2/5 trial_acc=0.875
[07:10:04] repr_de_plv_pca model=rbf_svm dim=arousal subject=20 split 3/5
[07:10:14] repr_de_plv_pca model=rbf_svm dim=arousal subject=20 split 3/5 trial_acc=0.375
[07:10:14] repr_de_plv_pca model=rbf_svm dim=arousal subject=20 split 4/5
[07:10:23] repr_de_plv_pca model=rbf_svm dim=arousal subject=20 split 4/5 trial_acc=0.625
[07:10:23] repr_de_plv_pca model=rbf_svm dim=arousal subject=20 split 5/5
[07:10:33] repr_de_plv_pca model=rbf_svm dim=arousal subject=20 split 5/5 trial_acc=0.625
[07:10:33] repr_de_plv_pca model=rbf_svm dim=arousal subject=21 split 1/5
[07:10:42] repr_de_plv_pca model=rbf_svm dim=arousal subject=21 split 1/5 trial_acc=0.750
[07:10:42] repr_de_plv_pca model=rbf_svm dim=arousal subject=21 split 2/5
[07:10:52] repr_de_plv_pca model=rbf_svm dim=arousal subject=21 split 2/5 trial_acc=0.625
[07:10:52] repr_de_plv_pca model=rbf_svm dim=arousal subject=21 split 3/5
[07:11:01] repr_de_plv_pca model=rbf_svm dim=arousal subject=21 split 3/5 trial_acc=1.000
[07:11:01] repr_de_plv_pca model=rbf_svm dim=arousal subject=21 split 4/5
[07:11:11] repr_de_plv_pca model=rbf_svm dim=arousal subject=21 split 4/5 trial_acc=0.375
[07:11:11] repr_de_plv_pca model=rbf_svm dim=arousal subject=21 split 5/5
[07:11:21] repr_de_plv_pca model=rbf_svm dim=arousal subject=21 split 5/5 trial_acc=0.250
[07:11:21] repr_de_plv_pca model=rbf_svm dim=arousal subject=22 split 1/5
[07:11:30] repr_de_plv_pca model=rbf_svm dim=arousal subject=22 split 1/5 trial_acc=0.750
[07:11:30] repr_de_plv_pca model=rbf_svm dim=arousal subject=22 split 2/5
[07:11:39] repr_de_plv_pca model=rbf_svm dim=arousal subject=22 split 2/5 trial_acc=0.625
[07:11:40] repr_de_plv_pca model=rbf_svm dim=arousal subject=22 split 3/5
[07:11:49] repr_de_plv_pca model=rbf_svm dim=arousal subject=22 split 3/5 trial_acc=0.375
[07:11:49] repr_de_plv_pca model=rbf_svm dim=arousal subject=22 split 4/5
[07:11:58] repr_de_plv_pca model=rbf_svm dim=arousal subject=22 split 4/5 trial_acc=0.625
[07:11:58] repr_de_plv_pca model=rbf_svm dim=arousal subject=22 split 5/5
[07:12:08] repr_de_plv_pca model=rbf_svm dim=arousal subject=22 split 5/5 trial_acc=0.750
[07:12:08] repr_de_plv_pca model=rbf_svm dim=arousal subject=23 split 1/5
[07:12:17] repr_de_plv_pca model=rbf_svm dim=arousal subject=23 split 1/5 trial_acc=0.750
[07:12:17] repr_de_plv_pca model=rbf_svm dim=arousal subject=23 split 2/5
[07:12:27] repr_de_plv_pca model=rbf_svm dim=arousal subject=23 split 2/5 trial_acc=0.375
[07:12:27] repr_de_plv_pca model=rbf_svm dim=arousal subject=23 split 3/5
[07:12:36] repr_de_plv_pca model=rbf_svm dim=arousal subject=23 split 3/5 trial_acc=0.500
[07:12:36] repr_de_plv_pca model=rbf_svm dim=arousal subject=23 split 4/5
[07:12:46] repr_de_plv_pca model=rbf_svm dim=arousal subject=23 split 4/5 trial_acc=0.500
[07:12:46] repr_de_plv_pca model=rbf_svm dim=arousal subject=23 split 5/5
[07:12:56] repr_de_plv_pca model=rbf_svm dim=arousal subject=23 split 5/5 trial_acc=0.250
[07:12:56] repr_de_plv_pca model=rbf_svm dim=arousal subject=24 split 1/5
[07:13:05] repr_de_plv_pca model=rbf_svm dim=arousal subject=24 split 1/5 trial_acc=0.625
[07:13:05] repr_de_plv_pca model=rbf_svm dim=arousal subject=24 split 2/5
[07:13:15] repr_de_plv_pca model=rbf_svm dim=arousal subject=24 split 2/5 trial_acc=0.750
[07:13:15] repr_de_plv_pca model=rbf_svm dim=arousal subject=24 split 3/5
[07:13:24] repr_de_plv_pca model=rbf_svm dim=arousal subject=24 split 3/5 trial_acc=0.875
[07:13:24] repr_de_plv_pca model=rbf_svm dim=arousal subject=24 split 4/5
[07:13:34] repr_de_plv_pca model=rbf_svm dim=arousal subject=24 split 4/5 trial_acc=0.125
[07:13:34] repr_de_plv_pca model=rbf_svm dim=arousal subject=24 split 5/5
[07:13:43] repr_de_plv_pca model=rbf_svm dim=arousal subject=24 split 5/5 trial_acc=0.500
[07:13:44] repr_de_plv_pca model=rbf_svm dim=arousal subject=25 split 1/5
[07:13:53] repr_de_plv_pca model=rbf_svm dim=arousal subject=25 split 1/5 trial_acc=0.625
[07:13:53] repr_de_plv_pca model=rbf_svm dim=arousal subject=25 split 2/5
[07:14:02] repr_de_plv_pca model=rbf_svm dim=arousal subject=25 split 2/5 trial_acc=0.875
[07:14:02] repr_de_plv_pca model=rbf_svm dim=arousal subject=25 split 3/5
[07:14:11] repr_de_plv_pca model=rbf_svm dim=arousal subject=25 split 3/5 trial_acc=0.375
[07:14:11] repr_de_plv_pca model=rbf_svm dim=arousal subject=25 split 4/5
[07:14:20] repr_de_plv_pca model=rbf_svm dim=arousal subject=25 split 4/5 trial_acc=0.875
[07:14:20] repr_de_plv_pca model=rbf_svm dim=arousal subject=25 split 5/5
[07:14:29] repr_de_plv_pca model=rbf_svm dim=arousal subject=25 split 5/5 trial_acc=0.500
[07:14:29] repr_de_plv_pca model=rbf_svm dim=arousal subject=26 split 1/5
[07:14:39] repr_de_plv_pca model=rbf_svm dim=arousal subject=26 split 1/5 trial_acc=0.500
[07:14:39] repr_de_plv_pca model=rbf_svm dim=arousal subject=26 split 2/5
[07:14:48] repr_de_plv_pca model=rbf_svm dim=arousal subject=26 split 2/5 trial_acc=0.375
[07:14:48] repr_de_plv_pca model=rbf_svm dim=arousal subject=26 split 3/5
[07:14:58] repr_de_plv_pca model=rbf_svm dim=arousal subject=26 split 3/5 trial_acc=0.500
[07:14:58] repr_de_plv_pca model=rbf_svm dim=arousal subject=26 split 4/5
[07:15:07] repr_de_plv_pca model=rbf_svm dim=arousal subject=26 split 4/5 trial_acc=0.625
[07:15:07] repr_de_plv_pca model=rbf_svm dim=arousal subject=26 split 5/5
[07:15:17] repr_de_plv_pca model=rbf_svm dim=arousal subject=26 split 5/5 trial_acc=0.750
[07:15:17] repr_de_plv_pca model=rbf_svm dim=arousal subject=27 split 1/5
[07:15:27] repr_de_plv_pca model=rbf_svm dim=arousal subject=27 split 1/5 trial_acc=0.750
[07:15:27] repr_de_plv_pca model=rbf_svm dim=arousal subject=27 split 2/5
[07:15:36] repr_de_plv_pca model=rbf_svm dim=arousal subject=27 split 2/5 trial_acc=0.875
[07:15:36] repr_de_plv_pca model=rbf_svm dim=arousal subject=27 split 3/5
[07:15:45] repr_de_plv_pca model=rbf_svm dim=arousal subject=27 split 3/5 trial_acc=0.875
[07:15:45] repr_de_plv_pca model=rbf_svm dim=arousal subject=27 split 4/5
[07:15:55] repr_de_plv_pca model=rbf_svm dim=arousal subject=27 split 4/5 trial_acc=0.875
[07:15:55] repr_de_plv_pca model=rbf_svm dim=arousal subject=27 split 5/5
[07:16:04] repr_de_plv_pca model=rbf_svm dim=arousal subject=27 split 5/5 trial_acc=0.875
[07:16:04] repr_de_plv_pca model=rbf_svm dim=arousal subject=28 split 1/5
[07:16:14] repr_de_plv_pca model=rbf_svm dim=arousal subject=28 split 1/5 trial_acc=0.375
[07:16:14] repr_de_plv_pca model=rbf_svm dim=arousal subject=28 split 2/5
[07:16:24] repr_de_plv_pca model=rbf_svm dim=arousal subject=28 split 2/5 trial_acc=0.375
[07:16:24] repr_de_plv_pca model=rbf_svm dim=arousal subject=28 split 3/5
[07:16:34] repr_de_plv_pca model=rbf_svm dim=arousal subject=28 split 3/5 trial_acc=0.250
[07:16:34] repr_de_plv_pca model=rbf_svm dim=arousal subject=28 split 4/5
[07:16:43] repr_de_plv_pca model=rbf_svm dim=arousal subject=28 split 4/5 trial_acc=0.750
[07:16:43] repr_de_plv_pca model=rbf_svm dim=arousal subject=28 split 5/5
[07:16:53] repr_de_plv_pca model=rbf_svm dim=arousal subject=28 split 5/5 trial_acc=0.375
[07:16:53] repr_de_plv_pca model=rbf_svm dim=arousal subject=29 split 1/5
[07:17:03] repr_de_plv_pca model=rbf_svm dim=arousal subject=29 split 1/5 trial_acc=0.750
[07:17:03] repr_de_plv_pca model=rbf_svm dim=arousal subject=29 split 2/5
[07:17:12] repr_de_plv_pca model=rbf_svm dim=arousal subject=29 split 2/5 trial_acc=0.750
[07:17:12] repr_de_plv_pca model=rbf_svm dim=arousal subject=29 split 3/5
[07:17:21] repr_de_plv_pca model=rbf_svm dim=arousal subject=29 split 3/5 trial_acc=0.750
[07:17:21] repr_de_plv_pca model=rbf_svm dim=arousal subject=29 split 4/5
[07:17:31] repr_de_plv_pca model=rbf_svm dim=arousal subject=29 split 4/5 trial_acc=0.875
[07:17:31] repr_de_plv_pca model=rbf_svm dim=arousal subject=29 split 5/5
[07:17:41] repr_de_plv_pca model=rbf_svm dim=arousal subject=29 split 5/5 trial_acc=0.500
[07:17:41] repr_de_plv_pca model=rbf_svm dim=arousal subject=30 split 1/5
[07:17:50] repr_de_plv_pca model=rbf_svm dim=arousal subject=30 split 1/5 trial_acc=0.625
[07:17:50] repr_de_plv_pca model=rbf_svm dim=arousal subject=30 split 2/5
[07:18:00] repr_de_plv_pca model=rbf_svm dim=arousal subject=30 split 2/5 trial_acc=0.500
[07:18:00] repr_de_plv_pca model=rbf_svm dim=arousal subject=30 split 3/5
[07:18:09] repr_de_plv_pca model=rbf_svm dim=arousal subject=30 split 3/5 trial_acc=0.500
[07:18:09] repr_de_plv_pca model=rbf_svm dim=arousal subject=30 split 4/5
[07:18:19] repr_de_plv_pca model=rbf_svm dim=arousal subject=30 split 4/5 trial_acc=0.375
[07:18:19] repr_de_plv_pca model=rbf_svm dim=arousal subject=30 split 5/5
[07:18:29] repr_de_plv_pca model=rbf_svm dim=arousal subject=30 split 5/5 trial_acc=0.250
[07:18:29] repr_de_plv_pca model=rbf_svm dim=arousal subject=31 split 1/5
[07:18:38] repr_de_plv_pca model=rbf_svm dim=arousal subject=31 split 1/5 trial_acc=0.875
[07:18:38] repr_de_plv_pca model=rbf_svm dim=arousal subject=31 split 2/5
[07:18:48] repr_de_plv_pca model=rbf_svm dim=arousal subject=31 split 2/5 trial_acc=0.625
[07:18:48] repr_de_plv_pca model=rbf_svm dim=arousal subject=31 split 3/5
[07:18:57] repr_de_plv_pca model=rbf_svm dim=arousal subject=31 split 3/5 trial_acc=0.750
[07:18:57] repr_de_plv_pca model=rbf_svm dim=arousal subject=31 split 4/5
[07:19:06] repr_de_plv_pca model=rbf_svm dim=arousal subject=31 split 4/5 trial_acc=0.625
[07:19:06] repr_de_plv_pca model=rbf_svm dim=arousal subject=31 split 5/5
[07:19:16] repr_de_plv_pca model=rbf_svm dim=arousal subject=31 split 5/5 trial_acc=0.875
[07:19:16] repr_de_plv_pca model=rbf_svm dim=arousal subject=32 split 1/5
[07:19:25] repr_de_plv_pca model=rbf_svm dim=arousal subject=32 split 1/5 trial_acc=0.625
[07:19:25] repr_de_plv_pca model=rbf_svm dim=arousal subject=32 split 2/5
[07:19:34] repr_de_plv_pca model=rbf_svm dim=arousal subject=32 split 2/5 trial_acc=0.125
[07:19:34] repr_de_plv_pca model=rbf_svm dim=arousal subject=32 split 3/5
[07:19:43] repr_de_plv_pca model=rbf_svm dim=arousal subject=32 split 3/5 trial_acc=0.500
[07:19:43] repr_de_plv_pca model=rbf_svm dim=arousal subject=32 split 4/5
[07:19:52] repr_de_plv_pca model=rbf_svm dim=arousal subject=32 split 4/5 trial_acc=0.750
[07:19:52] repr_de_plv_pca model=rbf_svm dim=arousal subject=32 split 5/5
[07:20:02] repr_de_plv_pca model=rbf_svm dim=arousal subject=32 split 5/5 trial_acc=0.500
[07:20:02] Finished repr_de_plv_pca in 71.0 min
[07:20:02] Starting repr_de_plv_mi_k100
[07:20:49] repr_de_plv_mi_k100 model=rbf_svm dim=valence subject=1 split 1/5
[07:21:28] repr_de_plv_mi_k100 model=rbf_svm dim=valence subject=1 split 1/5 trial_acc=0.500
[07:21:28] repr_de_plv_mi_k100 model=rbf_svm dim=valence subject=1 split 2/5
[07:22:07] repr_de_plv_mi_k100 model=rbf_svm dim=valence subject=1 split 2/5 trial_acc=0.500
[07:22:07] repr_de_plv_mi_k100 model=rbf_svm dim=valence subject=1 split 3/5
[07:22:47] repr_de_plv_mi_k100 model=rbf_svm dim=valence subject=1 split 3/5 trial_acc=0.625
[07:22:47] repr_de_plv_mi_k100 model=rbf_svm dim=valence subject=1 split 4/5
[07:23:26] repr_de_plv_mi_k100 model=rbf_svm dim=valence subject=1 split 4/5 trial_acc=0.625
[07:23:26] repr_de_plv_mi_k100 model=rbf_svm dim=valence subject=1 split 5/5
[07:24:06] repr_de_plv_mi_k100 model=rbf_svm dim=valence subject=1 split 5/5 trial_acc=0.250
[07:24:42] repr_de_plv_mi_k100 model=rbf_svm dim=valence subject=2 split 1/5
[07:25:21] repr_de_plv_mi_k100 model=rbf_svm dim=valence subject=2 split 1/5 trial_acc=0.500
[07:25:21] repr_de_plv_mi_k100 model=rbf_svm dim=valence subject=2 split 2/5
[07:26:00] repr_de_plv_mi_k100 model=rbf_svm dim=valence subject=2 split 2/5 trial_acc=0.500
[07:26:00] repr_de_plv_mi_k100 model=rbf_svm dim=valence subject=2 split 3/5
[07:26:39] repr_de_plv_mi_k100 model=rbf_svm dim=valence subject=2 split 3/5 trial_acc=0.750
[07:26:39] repr_de_plv_mi_k100 model=rbf_svm dim=valence subject=2 split 4/5
[07:27:18] repr_de_plv_mi_k100 model=rbf_svm dim=valence subject=2 split 4/5 trial_acc=0.625
[07:27:18] repr_de_plv_mi_k100 model=rbf_svm dim=valence subject=2 split 5/5
[07:27:57] repr_de_plv_mi_k100 model=rbf_svm dim=valence subject=2 split 5/5 trial_acc=0.625
[07:28:33] repr_de_plv_mi_k100 model=rbf_svm dim=valence subject=3 split 1/5
[07:29:13] repr_de_plv_mi_k100 model=rbf_svm dim=valence subject=3 split 1/5 trial_acc=0.625
[07:29:13] repr_de_plv_mi_k100 model=rbf_svm dim=valence subject=3 split 2/5
[07:29:51] repr_de_plv_mi_k100 model=rbf_svm dim=valence subject=3 split 2/5 trial_acc=0.875
[07:29:51] repr_de_plv_mi_k100 model=rbf_svm dim=valence subject=3 split 3/5
[07:30:30] repr_de_plv_mi_k100 model=rbf_svm dim=valence subject=3 split 3/5 trial_acc=0.750
[07:30:30] repr_de_plv_mi_k100 model=rbf_svm dim=valence subject=3 split 4/5
[07:31:09] repr_de_plv_mi_k100 model=rbf_svm dim=valence subject=3 split 4/5 trial_acc=0.375
[07:31:09] repr_de_plv_mi_k100 model=rbf_svm dim=valence subject=3 split 5/5
[07:31:48] repr_de_plv_mi_k100 model=rbf_svm dim=valence subject=3 split 5/5 trial_acc=0.875
[07:32:24] repr_de_plv_mi_k100 model=rbf_svm dim=valence subject=4 split 1/5
[07:33:03] repr_de_plv_mi_k100 model=rbf_svm dim=valence subject=4 split 1/5 trial_acc=0.500
[07:33:03] repr_de_plv_mi_k100 model=rbf_svm dim=valence subject=4 split 2/5
[07:33:43] repr_de_plv_mi_k100 model=rbf_svm dim=valence subject=4 split 2/5 trial_acc=0.625
[07:33:43] repr_de_plv_mi_k100 model=rbf_svm dim=valence subject=4 split 3/5
[07:34:22] repr_de_plv_mi_k100 model=rbf_svm dim=valence subject=4 split 3/5 trial_acc=0.375
[07:34:22] repr_de_plv_mi_k100 model=rbf_svm dim=valence subject=4 split 4/5
[07:35:02] repr_de_plv_mi_k100 model=rbf_svm dim=valence subject=4 split 4/5 trial_acc=0.750
[07:35:02] repr_de_plv_mi_k100 model=rbf_svm dim=valence subject=4 split 5/5
[07:35:41] repr_de_plv_mi_k100 model=rbf_svm dim=valence subject=4 split 5/5 trial_acc=0.375
[07:36:17] repr_de_plv_mi_k100 model=rbf_svm dim=valence subject=5 split 1/5
[07:36:56] repr_de_plv_mi_k100 model=rbf_svm dim=valence subject=5 split 1/5 trial_acc=0.500
[07:36:56] repr_de_plv_mi_k100 model=rbf_svm dim=valence subject=5 split 2/5
[07:37:35] repr_de_plv_mi_k100 model=rbf_svm dim=valence subject=5 split 2/5 trial_acc=0.500
[07:37:35] repr_de_plv_mi_k100 model=rbf_svm dim=valence subject=5 split 3/5
[07:38:14] repr_de_plv_mi_k100 model=rbf_svm dim=valence subject=5 split 3/5 trial_acc=0.375
[07:38:14] repr_de_plv_mi_k100 model=rbf_svm dim=valence subject=5 split 4/5
[07:38:53] repr_de_plv_mi_k100 model=rbf_svm dim=valence subject=5 split 4/5 trial_acc=0.500
[07:38:53] repr_de_plv_mi_k100 model=rbf_svm dim=valence subject=5 split 5/5
[07:39:33] repr_de_plv_mi_k100 model=rbf_svm dim=valence subject=5 split 5/5 trial_acc=0.375
[07:40:09] repr_de_plv_mi_k100 model=rbf_svm dim=valence subject=6 split 1/5
[07:40:47] repr_de_plv_mi_k100 model=rbf_svm dim=valence subject=6 split 1/5 trial_acc=0.250
[07:40:47] repr_de_plv_mi_k100 model=rbf_svm dim=valence subject=6 split 2/5
[07:41:27] repr_de_plv_mi_k100 model=rbf_svm dim=valence subject=6 split 2/5 trial_acc=0.875
[07:41:27] repr_de_plv_mi_k100 model=rbf_svm dim=valence subject=6 split 3/5
[07:42:06] repr_de_plv_mi_k100 model=rbf_svm dim=valence subject=6 split 3/5 trial_acc=0.250
[07:42:06] repr_de_plv_mi_k100 model=rbf_svm dim=valence subject=6 split 4/5
[07:42:45] repr_de_plv_mi_k100 model=rbf_svm dim=valence subject=6 split 4/5 trial_acc=0.625
[07:42:45] repr_de_plv_mi_k100 model=rbf_svm dim=valence subject=6 split 5/5
[07:43:24] repr_de_plv_mi_k100 model=rbf_svm dim=valence subject=6 split 5/5 trial_acc=0.875
[07:43:59] repr_de_plv_mi_k100 model=rbf_svm dim=valence subject=7 split 1/5
[07:44:38] repr_de_plv_mi_k100 model=rbf_svm dim=valence subject=7 split 1/5 trial_acc=0.750
[07:44:38] repr_de_plv_mi_k100 model=rbf_svm dim=valence subject=7 split 2/5
[07:45:18] repr_de_plv_mi_k100 model=rbf_svm dim=valence subject=7 split 2/5 trial_acc=0.375
[07:45:18] repr_de_plv_mi_k100 model=rbf_svm dim=valence subject=7 split 3/5
[07:45:57] repr_de_plv_mi_k100 model=rbf_svm dim=valence subject=7 split 3/5 trial_acc=0.500
[07:45:57] repr_de_plv_mi_k100 model=rbf_svm dim=valence subject=7 split 4/5
[07:46:36] repr_de_plv_mi_k100 model=rbf_svm dim=valence subject=7 split 4/5 trial_acc=0.625
[07:46:36] repr_de_plv_mi_k100 model=rbf_svm dim=valence subject=7 split 5/5
[07:47:16] repr_de_plv_mi_k100 model=rbf_svm dim=valence subject=7 split 5/5 trial_acc=0.750
[07:47:52] repr_de_plv_mi_k100 model=rbf_svm dim=valence subject=8 split 1/5
[07:48:31] repr_de_plv_mi_k100 model=rbf_svm dim=valence subject=8 split 1/5 trial_acc=0.625
[07:48:31] repr_de_plv_mi_k100 model=rbf_svm dim=valence subject=8 split 2/5
[07:49:10] repr_de_plv_mi_k100 model=rbf_svm dim=valence subject=8 split 2/5 trial_acc=0.500
[07:49:10] repr_de_plv_mi_k100 model=rbf_svm dim=valence subject=8 split 3/5
[07:49:49] repr_de_plv_mi_k100 model=rbf_svm dim=valence subject=8 split 3/5 trial_acc=0.375
[07:49:49] repr_de_plv_mi_k100 model=rbf_svm dim=valence subject=8 split 4/5
[07:50:28] repr_de_plv_mi_k100 model=rbf_svm dim=valence subject=8 split 4/5 trial_acc=0.500
[07:50:28] repr_de_plv_mi_k100 model=rbf_svm dim=valence subject=8 split 5/5
[07:51:08] repr_de_plv_mi_k100 model=rbf_svm dim=valence subject=8 split 5/5 trial_acc=0.625
[07:51:43] repr_de_plv_mi_k100 model=rbf_svm dim=valence subject=9 split 1/5
[07:52:22] repr_de_plv_mi_k100 model=rbf_svm dim=valence subject=9 split 1/5 trial_acc=0.500
[07:52:22] repr_de_plv_mi_k100 model=rbf_svm dim=valence subject=9 split 2/5
[07:53:01] repr_de_plv_mi_k100 model=rbf_svm dim=valence subject=9 split 2/5 trial_acc=0.500
[07:53:01] repr_de_plv_mi_k100 model=rbf_svm dim=valence subject=9 split 3/5
[07:53:40] repr_de_plv_mi_k100 model=rbf_svm dim=valence subject=9 split 3/5 trial_acc=0.750
[07:53:40] repr_de_plv_mi_k100 model=rbf_svm dim=valence subject=9 split 4/5
[07:54:18] repr_de_plv_mi_k100 model=rbf_svm dim=valence subject=9 split 4/5 trial_acc=0.625
[07:54:18] repr_de_plv_mi_k100 model=rbf_svm dim=valence subject=9 split 5/5
[07:54:57] repr_de_plv_mi_k100 model=rbf_svm dim=valence subject=9 split 5/5 trial_acc=0.875
[07:55:34] repr_de_plv_mi_k100 model=rbf_svm dim=valence subject=10 split 1/5
[07:56:13] repr_de_plv_mi_k100 model=rbf_svm dim=valence subject=10 split 1/5 trial_acc=1.000
[07:56:13] repr_de_plv_mi_k100 model=rbf_svm dim=valence subject=10 split 2/5
[07:56:51] repr_de_plv_mi_k100 model=rbf_svm dim=valence subject=10 split 2/5 trial_acc=0.875
[07:56:51] repr_de_plv_mi_k100 model=rbf_svm dim=valence subject=10 split 3/5
[07:57:31] repr_de_plv_mi_k100 model=rbf_svm dim=valence subject=10 split 3/5 trial_acc=0.875
[07:57:31] repr_de_plv_mi_k100 model=rbf_svm dim=valence subject=10 split 4/5
[07:58:09] repr_de_plv_mi_k100 model=rbf_svm dim=valence subject=10 split 4/5 trial_acc=0.875
[07:58:10] repr_de_plv_mi_k100 model=rbf_svm dim=valence subject=10 split 5/5
[07:58:48] repr_de_plv_mi_k100 model=rbf_svm dim=valence subject=10 split 5/5 trial_acc=0.875
[07:59:24] repr_de_plv_mi_k100 model=rbf_svm dim=valence subject=11 split 1/5
[08:00:03] repr_de_plv_mi_k100 model=rbf_svm dim=valence subject=11 split 1/5 trial_acc=0.500
[08:00:03] repr_de_plv_mi_k100 model=rbf_svm dim=valence subject=11 split 2/5
[08:00:43] repr_de_plv_mi_k100 model=rbf_svm dim=valence subject=11 split 2/5 trial_acc=0.625
[08:00:43] repr_de_plv_mi_k100 model=rbf_svm dim=valence subject=11 split 3/5
[08:01:22] repr_de_plv_mi_k100 model=rbf_svm dim=valence subject=11 split 3/5 trial_acc=0.750
[08:01:22] repr_de_plv_mi_k100 model=rbf_svm dim=valence subject=11 split 4/5
[08:02:01] repr_de_plv_mi_k100 model=rbf_svm dim=valence subject=11 split 4/5 trial_acc=0.625
[08:02:01] repr_de_plv_mi_k100 model=rbf_svm dim=valence subject=11 split 5/5
[08:02:40] repr_de_plv_mi_k100 model=rbf_svm dim=valence subject=11 split 5/5 trial_acc=0.250
[08:03:16] repr_de_plv_mi_k100 model=rbf_svm dim=valence subject=12 split 1/5
[08:03:55] repr_de_plv_mi_k100 model=rbf_svm dim=valence subject=12 split 1/5 trial_acc=0.500
[08:03:55] repr_de_plv_mi_k100 model=rbf_svm dim=valence subject=12 split 2/5
[08:04:34] repr_de_plv_mi_k100 model=rbf_svm dim=valence subject=12 split 2/5 trial_acc=0.375
[08:04:34] repr_de_plv_mi_k100 model=rbf_svm dim=valence subject=12 split 3/5
[08:05:14] repr_de_plv_mi_k100 model=rbf_svm dim=valence subject=12 split 3/5 trial_acc=0.625
[08:05:14] repr_de_plv_mi_k100 model=rbf_svm dim=valence subject=12 split 4/5
[08:05:53] repr_de_plv_mi_k100 model=rbf_svm dim=valence subject=12 split 4/5 trial_acc=0.625
[08:05:53] repr_de_plv_mi_k100 model=rbf_svm dim=valence subject=12 split 5/5
[08:06:32] repr_de_plv_mi_k100 model=rbf_svm dim=valence subject=12 split 5/5 trial_acc=0.625
[08:07:08] repr_de_plv_mi_k100 model=rbf_svm dim=valence subject=13 split 1/5
[08:07:47] repr_de_plv_mi_k100 model=rbf_svm dim=valence subject=13 split 1/5 trial_acc=0.750
[08:07:47] repr_de_plv_mi_k100 model=rbf_svm dim=valence subject=13 split 2/5
[08:08:27] repr_de_plv_mi_k100 model=rbf_svm dim=valence subject=13 split 2/5 trial_acc=0.625
[08:08:27] repr_de_plv_mi_k100 model=rbf_svm dim=valence subject=13 split 3/5
[08:09:06] repr_de_plv_mi_k100 model=rbf_svm dim=valence subject=13 split 3/5 trial_acc=0.500
[08:09:06] repr_de_plv_mi_k100 model=rbf_svm dim=valence subject=13 split 4/5
[08:09:45] repr_de_plv_mi_k100 model=rbf_svm dim=valence subject=13 split 4/5 trial_acc=0.750
[08:09:45] repr_de_plv_mi_k100 model=rbf_svm dim=valence subject=13 split 5/5
[08:10:24] repr_de_plv_mi_k100 model=rbf_svm dim=valence subject=13 split 5/5 trial_acc=1.000
[08:10:59] repr_de_plv_mi_k100 model=rbf_svm dim=valence subject=14 split 1/5
[08:11:38] repr_de_plv_mi_k100 model=rbf_svm dim=valence subject=14 split 1/5 trial_acc=0.750
[08:11:38] repr_de_plv_mi_k100 model=rbf_svm dim=valence subject=14 split 2/5
[08:12:17] repr_de_plv_mi_k100 model=rbf_svm dim=valence subject=14 split 2/5 trial_acc=1.000
[08:12:17] repr_de_plv_mi_k100 model=rbf_svm dim=valence subject=14 split 3/5
[08:12:56] repr_de_plv_mi_k100 model=rbf_svm dim=valence subject=14 split 3/5 trial_acc=0.875
[08:12:56] repr_de_plv_mi_k100 model=rbf_svm dim=valence subject=14 split 4/5
[08:13:35] repr_de_plv_mi_k100 model=rbf_svm dim=valence subject=14 split 4/5 trial_acc=0.750
[08:13:35] repr_de_plv_mi_k100 model=rbf_svm dim=valence subject=14 split 5/5
[08:14:14] repr_de_plv_mi_k100 model=rbf_svm dim=valence subject=14 split 5/5 trial_acc=1.000
[08:14:50] repr_de_plv_mi_k100 model=rbf_svm dim=valence subject=15 split 1/5
[08:15:28] repr_de_plv_mi_k100 model=rbf_svm dim=valence subject=15 split 1/5 trial_acc=0.625
[08:15:28] repr_de_plv_mi_k100 model=rbf_svm dim=valence subject=15 split 2/5
[08:16:07] repr_de_plv_mi_k100 model=rbf_svm dim=valence subject=15 split 2/5 trial_acc=1.000
[08:16:07] repr_de_plv_mi_k100 model=rbf_svm dim=valence subject=15 split 3/5
[08:16:46] repr_de_plv_mi_k100 model=rbf_svm dim=valence subject=15 split 3/5 trial_acc=0.750
[08:16:46] repr_de_plv_mi_k100 model=rbf_svm dim=valence subject=15 split 4/5
[08:17:26] repr_de_plv_mi_k100 model=rbf_svm dim=valence subject=15 split 4/5 trial_acc=0.875
[08:17:26] repr_de_plv_mi_k100 model=rbf_svm dim=valence subject=15 split 5/5
[08:18:05] repr_de_plv_mi_k100 model=rbf_svm dim=valence subject=15 split 5/5 trial_acc=0.625
[08:18:40] repr_de_plv_mi_k100 model=rbf_svm dim=valence subject=16 split 1/5
[08:19:19] repr_de_plv_mi_k100 model=rbf_svm dim=valence subject=16 split 1/5 trial_acc=0.250
[08:19:19] repr_de_plv_mi_k100 model=rbf_svm dim=valence subject=16 split 2/5
[08:19:59] repr_de_plv_mi_k100 model=rbf_svm dim=valence subject=16 split 2/5 trial_acc=0.375
[08:19:59] repr_de_plv_mi_k100 model=rbf_svm dim=valence subject=16 split 3/5
[08:20:37] repr_de_plv_mi_k100 model=rbf_svm dim=valence subject=16 split 3/5 trial_acc=0.625
[08:20:37] repr_de_plv_mi_k100 model=rbf_svm dim=valence subject=16 split 4/5
[08:21:16] repr_de_plv_mi_k100 model=rbf_svm dim=valence subject=16 split 4/5 trial_acc=0.500
[08:21:16] repr_de_plv_mi_k100 model=rbf_svm dim=valence subject=16 split 5/5
[08:21:56] repr_de_plv_mi_k100 model=rbf_svm dim=valence subject=16 split 5/5 trial_acc=0.625
[08:22:31] repr_de_plv_mi_k100 model=rbf_svm dim=valence subject=17 split 1/5
[08:23:11] repr_de_plv_mi_k100 model=rbf_svm dim=valence subject=17 split 1/5 trial_acc=0.500
[08:23:11] repr_de_plv_mi_k100 model=rbf_svm dim=valence subject=17 split 2/5
[08:23:50] repr_de_plv_mi_k100 model=rbf_svm dim=valence subject=17 split 2/5 trial_acc=0.500
[08:23:50] repr_de_plv_mi_k100 model=rbf_svm dim=valence subject=17 split 3/5
[08:24:30] repr_de_plv_mi_k100 model=rbf_svm dim=valence subject=17 split 3/5 trial_acc=0.375
[08:24:30] repr_de_plv_mi_k100 model=rbf_svm dim=valence subject=17 split 4/5
[08:25:09] repr_de_plv_mi_k100 model=rbf_svm dim=valence subject=17 split 4/5 trial_acc=0.250
[08:25:09] repr_de_plv_mi_k100 model=rbf_svm dim=valence subject=17 split 5/5
[08:25:48] repr_de_plv_mi_k100 model=rbf_svm dim=valence subject=17 split 5/5 trial_acc=0.625
[08:26:24] repr_de_plv_mi_k100 model=rbf_svm dim=valence subject=18 split 1/5
[08:27:03] repr_de_plv_mi_k100 model=rbf_svm dim=valence subject=18 split 1/5 trial_acc=0.875
[08:27:03] repr_de_plv_mi_k100 model=rbf_svm dim=valence subject=18 split 2/5
[08:27:42] repr_de_plv_mi_k100 model=rbf_svm dim=valence subject=18 split 2/5 trial_acc=0.625
[08:27:42] repr_de_plv_mi_k100 model=rbf_svm dim=valence subject=18 split 3/5
[08:28:21] repr_de_plv_mi_k100 model=rbf_svm dim=valence subject=18 split 3/5 trial_acc=0.750
[08:28:21] repr_de_plv_mi_k100 model=rbf_svm dim=valence subject=18 split 4/5
[08:29:00] repr_de_plv_mi_k100 model=rbf_svm dim=valence subject=18 split 4/5 trial_acc=0.875
[08:29:00] repr_de_plv_mi_k100 model=rbf_svm dim=valence subject=18 split 5/5
[08:29:39] repr_de_plv_mi_k100 model=rbf_svm dim=valence subject=18 split 5/5 trial_acc=0.875
[08:30:15] repr_de_plv_mi_k100 model=rbf_svm dim=valence subject=19 split 1/5
[08:30:54] repr_de_plv_mi_k100 model=rbf_svm dim=valence subject=19 split 1/5 trial_acc=0.750
[08:30:54] repr_de_plv_mi_k100 model=rbf_svm dim=valence subject=19 split 2/5
[08:31:33] repr_de_plv_mi_k100 model=rbf_svm dim=valence subject=19 split 2/5 trial_acc=0.625
[08:31:33] repr_de_plv_mi_k100 model=rbf_svm dim=valence subject=19 split 3/5
[08:32:12] repr_de_plv_mi_k100 model=rbf_svm dim=valence subject=19 split 3/5 trial_acc=0.500
[08:32:12] repr_de_plv_mi_k100 model=rbf_svm dim=valence subject=19 split 4/5
[08:32:51] repr_de_plv_mi_k100 model=rbf_svm dim=valence subject=19 split 4/5 trial_acc=0.375
[08:32:51] repr_de_plv_mi_k100 model=rbf_svm dim=valence subject=19 split 5/5
[08:33:30] repr_de_plv_mi_k100 model=rbf_svm dim=valence subject=19 split 5/5 trial_acc=0.625
[08:34:05] repr_de_plv_mi_k100 model=rbf_svm dim=valence subject=20 split 1/5
[08:34:45] repr_de_plv_mi_k100 model=rbf_svm dim=valence subject=20 split 1/5 trial_acc=0.500
[08:34:45] repr_de_plv_mi_k100 model=rbf_svm dim=valence subject=20 split 2/5
[08:35:25] repr_de_plv_mi_k100 model=rbf_svm dim=valence subject=20 split 2/5 trial_acc=0.625
[08:35:25] repr_de_plv_mi_k100 model=rbf_svm dim=valence subject=20 split 3/5
[08:36:04] repr_de_plv_mi_k100 model=rbf_svm dim=valence subject=20 split 3/5 trial_acc=0.500
[08:36:04] repr_de_plv_mi_k100 model=rbf_svm dim=valence subject=20 split 4/5
[08:36:43] repr_de_plv_mi_k100 model=rbf_svm dim=valence subject=20 split 4/5 trial_acc=0.375
[08:36:43] repr_de_plv_mi_k100 model=rbf_svm dim=valence subject=20 split 5/5
[08:37:23] repr_de_plv_mi_k100 model=rbf_svm dim=valence subject=20 split 5/5 trial_acc=0.375
[08:37:59] repr_de_plv_mi_k100 model=rbf_svm dim=valence subject=21 split 1/5
[08:38:38] repr_de_plv_mi_k100 model=rbf_svm dim=valence subject=21 split 1/5 trial_acc=0.375
[08:38:38] repr_de_plv_mi_k100 model=rbf_svm dim=valence subject=21 split 2/5
[08:39:17] repr_de_plv_mi_k100 model=rbf_svm dim=valence subject=21 split 2/5 trial_acc=0.625
[08:39:17] repr_de_plv_mi_k100 model=rbf_svm dim=valence subject=21 split 3/5
[08:39:56] repr_de_plv_mi_k100 model=rbf_svm dim=valence subject=21 split 3/5 trial_acc=0.250
[08:39:56] repr_de_plv_mi_k100 model=rbf_svm dim=valence subject=21 split 4/5
[08:40:38] repr_de_plv_mi_k100 model=rbf_svm dim=valence subject=21 split 4/5 trial_acc=0.375
[08:40:38] repr_de_plv_mi_k100 model=rbf_svm dim=valence subject=21 split 5/5
[08:41:20] repr_de_plv_mi_k100 model=rbf_svm dim=valence subject=21 split 5/5 trial_acc=0.375
[08:41:58] repr_de_plv_mi_k100 model=rbf_svm dim=valence subject=22 split 1/5
[08:42:38] repr_de_plv_mi_k100 model=rbf_svm dim=valence subject=22 split 1/5 trial_acc=0.625
[08:42:38] repr_de_plv_mi_k100 model=rbf_svm dim=valence subject=22 split 2/5
[08:43:19] repr_de_plv_mi_k100 model=rbf_svm dim=valence subject=22 split 2/5 trial_acc=0.500
[08:43:19] repr_de_plv_mi_k100 model=rbf_svm dim=valence subject=22 split 3/5
[08:44:00] repr_de_plv_mi_k100 model=rbf_svm dim=valence subject=22 split 3/5 trial_acc=0.750
[08:44:00] repr_de_plv_mi_k100 model=rbf_svm dim=valence subject=22 split 4/5
[08:44:41] repr_de_plv_mi_k100 model=rbf_svm dim=valence subject=22 split 4/5 trial_acc=0.375
[08:44:41] repr_de_plv_mi_k100 model=rbf_svm dim=valence subject=22 split 5/5
[08:45:23] repr_de_plv_mi_k100 model=rbf_svm dim=valence subject=22 split 5/5 trial_acc=0.500
[08:46:02] repr_de_plv_mi_k100 model=rbf_svm dim=valence subject=23 split 1/5
[08:46:45] repr_de_plv_mi_k100 model=rbf_svm dim=valence subject=23 split 1/5 trial_acc=0.500
[08:46:45] repr_de_plv_mi_k100 model=rbf_svm dim=valence subject=23 split 2/5
[08:47:25] repr_de_plv_mi_k100 model=rbf_svm dim=valence subject=23 split 2/5 trial_acc=0.625
[08:47:25] repr_de_plv_mi_k100 model=rbf_svm dim=valence subject=23 split 3/5
[08:48:09] repr_de_plv_mi_k100 model=rbf_svm dim=valence subject=23 split 3/5 trial_acc=0.250
[08:48:09] repr_de_plv_mi_k100 model=rbf_svm dim=valence subject=23 split 4/5
[08:48:51] repr_de_plv_mi_k100 model=rbf_svm dim=valence subject=23 split 4/5 trial_acc=0.750
[08:48:51] repr_de_plv_mi_k100 model=rbf_svm dim=valence subject=23 split 5/5
[08:49:33] repr_de_plv_mi_k100 model=rbf_svm dim=valence subject=23 split 5/5 trial_acc=0.375
[08:50:11] repr_de_plv_mi_k100 model=rbf_svm dim=valence subject=24 split 1/5
[08:50:52] repr_de_plv_mi_k100 model=rbf_svm dim=valence subject=24 split 1/5 trial_acc=1.000
[08:50:52] repr_de_plv_mi_k100 model=rbf_svm dim=valence subject=24 split 2/5
[08:51:33] repr_de_plv_mi_k100 model=rbf_svm dim=valence subject=24 split 2/5 trial_acc=0.625
[08:51:33] repr_de_plv_mi_k100 model=rbf_svm dim=valence subject=24 split 3/5
[08:52:14] repr_de_plv_mi_k100 model=rbf_svm dim=valence subject=24 split 3/5 trial_acc=0.750
[08:52:14] repr_de_plv_mi_k100 model=rbf_svm dim=valence subject=24 split 4/5
[08:52:55] repr_de_plv_mi_k100 model=rbf_svm dim=valence subject=24 split 4/5 trial_acc=0.750
[08:52:55] repr_de_plv_mi_k100 model=rbf_svm dim=valence subject=24 split 5/5
[08:53:36] repr_de_plv_mi_k100 model=rbf_svm dim=valence subject=24 split 5/5 trial_acc=0.625
[08:54:14] repr_de_plv_mi_k100 model=rbf_svm dim=valence subject=25 split 1/5
[08:54:56] repr_de_plv_mi_k100 model=rbf_svm dim=valence subject=25 split 1/5 trial_acc=0.625
[08:54:56] repr_de_plv_mi_k100 model=rbf_svm dim=valence subject=25 split 2/5
[08:55:37] repr_de_plv_mi_k100 model=rbf_svm dim=valence subject=25 split 2/5 trial_acc=0.250
[08:55:37] repr_de_plv_mi_k100 model=rbf_svm dim=valence subject=25 split 3/5
[08:56:20] repr_de_plv_mi_k100 model=rbf_svm dim=valence subject=25 split 3/5 trial_acc=0.500
[08:56:20] repr_de_plv_mi_k100 model=rbf_svm dim=valence subject=25 split 4/5
[08:57:01] repr_de_plv_mi_k100 model=rbf_svm dim=valence subject=25 split 4/5 trial_acc=0.625
[08:57:01] repr_de_plv_mi_k100 model=rbf_svm dim=valence subject=25 split 5/5
[08:57:43] repr_de_plv_mi_k100 model=rbf_svm dim=valence subject=25 split 5/5 trial_acc=0.750
[08:58:21] repr_de_plv_mi_k100 model=rbf_svm dim=valence subject=26 split 1/5
[08:59:02] repr_de_plv_mi_k100 model=rbf_svm dim=valence subject=26 split 1/5 trial_acc=0.500
[08:59:02] repr_de_plv_mi_k100 model=rbf_svm dim=valence subject=26 split 2/5
[08:59:44] repr_de_plv_mi_k100 model=rbf_svm dim=valence subject=26 split 2/5 trial_acc=0.625
[08:59:44] repr_de_plv_mi_k100 model=rbf_svm dim=valence subject=26 split 3/5
[09:00:25] repr_de_plv_mi_k100 model=rbf_svm dim=valence subject=26 split 3/5 trial_acc=0.625
[09:00:25] repr_de_plv_mi_k100 model=rbf_svm dim=valence subject=26 split 4/5
[09:01:06] repr_de_plv_mi_k100 model=rbf_svm dim=valence subject=26 split 4/5 trial_acc=0.750
[09:01:06] repr_de_plv_mi_k100 model=rbf_svm dim=valence subject=26 split 5/5
[09:01:48] repr_de_plv_mi_k100 model=rbf_svm dim=valence subject=26 split 5/5 trial_acc=0.500
[09:02:26] repr_de_plv_mi_k100 model=rbf_svm dim=valence subject=27 split 1/5
[09:03:07] repr_de_plv_mi_k100 model=rbf_svm dim=valence subject=27 split 1/5 trial_acc=0.500
[09:03:07] repr_de_plv_mi_k100 model=rbf_svm dim=valence subject=27 split 2/5
[09:03:48] repr_de_plv_mi_k100 model=rbf_svm dim=valence subject=27 split 2/5 trial_acc=0.875
[09:03:48] repr_de_plv_mi_k100 model=rbf_svm dim=valence subject=27 split 3/5
[09:04:29] repr_de_plv_mi_k100 model=rbf_svm dim=valence subject=27 split 3/5 trial_acc=0.625
[09:04:29] repr_de_plv_mi_k100 model=rbf_svm dim=valence subject=27 split 4/5
[09:05:11] repr_de_plv_mi_k100 model=rbf_svm dim=valence subject=27 split 4/5 trial_acc=0.750
[09:05:11] repr_de_plv_mi_k100 model=rbf_svm dim=valence subject=27 split 5/5
[09:05:52] repr_de_plv_mi_k100 model=rbf_svm dim=valence subject=27 split 5/5 trial_acc=0.625
[09:06:30] repr_de_plv_mi_k100 model=rbf_svm dim=valence subject=28 split 1/5
[09:07:11] repr_de_plv_mi_k100 model=rbf_svm dim=valence subject=28 split 1/5 trial_acc=0.500
[09:07:11] repr_de_plv_mi_k100 model=rbf_svm dim=valence subject=28 split 2/5
[09:07:53] repr_de_plv_mi_k100 model=rbf_svm dim=valence subject=28 split 2/5 trial_acc=0.750
[09:07:53] repr_de_plv_mi_k100 model=rbf_svm dim=valence subject=28 split 3/5
[09:08:34] repr_de_plv_mi_k100 model=rbf_svm dim=valence subject=28 split 3/5 trial_acc=0.750
[09:08:34] repr_de_plv_mi_k100 model=rbf_svm dim=valence subject=28 split 4/5
[09:09:16] repr_de_plv_mi_k100 model=rbf_svm dim=valence subject=28 split 4/5 trial_acc=0.375
[09:09:16] repr_de_plv_mi_k100 model=rbf_svm dim=valence subject=28 split 5/5
[09:09:57] repr_de_plv_mi_k100 model=rbf_svm dim=valence subject=28 split 5/5 trial_acc=0.750
[09:10:35] repr_de_plv_mi_k100 model=rbf_svm dim=valence subject=29 split 1/5
[09:11:17] repr_de_plv_mi_k100 model=rbf_svm dim=valence subject=29 split 1/5 trial_acc=0.500
[09:11:17] repr_de_plv_mi_k100 model=rbf_svm dim=valence subject=29 split 2/5
[09:11:58] repr_de_plv_mi_k100 model=rbf_svm dim=valence subject=29 split 2/5 trial_acc=0.625
[09:11:58] repr_de_plv_mi_k100 model=rbf_svm dim=valence subject=29 split 3/5
[09:12:40] repr_de_plv_mi_k100 model=rbf_svm dim=valence subject=29 split 3/5 trial_acc=0.375
[09:12:40] repr_de_plv_mi_k100 model=rbf_svm dim=valence subject=29 split 4/5
[09:13:21] repr_de_plv_mi_k100 model=rbf_svm dim=valence subject=29 split 4/5 trial_acc=0.375
[09:13:21] repr_de_plv_mi_k100 model=rbf_svm dim=valence subject=29 split 5/5
[09:14:03] repr_de_plv_mi_k100 model=rbf_svm dim=valence subject=29 split 5/5 trial_acc=0.625
[09:14:41] repr_de_plv_mi_k100 model=rbf_svm dim=valence subject=30 split 1/5
[09:15:22] repr_de_plv_mi_k100 model=rbf_svm dim=valence subject=30 split 1/5 trial_acc=0.375
[09:15:22] repr_de_plv_mi_k100 model=rbf_svm dim=valence subject=30 split 2/5
[09:16:04] repr_de_plv_mi_k100 model=rbf_svm dim=valence subject=30 split 2/5 trial_acc=0.750
[09:16:04] repr_de_plv_mi_k100 model=rbf_svm dim=valence subject=30 split 3/5
[09:16:45] repr_de_plv_mi_k100 model=rbf_svm dim=valence subject=30 split 3/5 trial_acc=0.500
[09:16:45] repr_de_plv_mi_k100 model=rbf_svm dim=valence subject=30 split 4/5
[09:17:26] repr_de_plv_mi_k100 model=rbf_svm dim=valence subject=30 split 4/5 trial_acc=0.375
[09:17:26] repr_de_plv_mi_k100 model=rbf_svm dim=valence subject=30 split 5/5
[09:18:08] repr_de_plv_mi_k100 model=rbf_svm dim=valence subject=30 split 5/5 trial_acc=0.625
[09:18:45] repr_de_plv_mi_k100 model=rbf_svm dim=valence subject=31 split 1/5
[09:19:27] repr_de_plv_mi_k100 model=rbf_svm dim=valence subject=31 split 1/5 trial_acc=0.250
[09:19:27] repr_de_plv_mi_k100 model=rbf_svm dim=valence subject=31 split 2/5
[09:20:08] repr_de_plv_mi_k100 model=rbf_svm dim=valence subject=31 split 2/5 trial_acc=0.500
[09:20:08] repr_de_plv_mi_k100 model=rbf_svm dim=valence subject=31 split 3/5
[09:20:49] repr_de_plv_mi_k100 model=rbf_svm dim=valence subject=31 split 3/5 trial_acc=0.875
[09:20:49] repr_de_plv_mi_k100 model=rbf_svm dim=valence subject=31 split 4/5
[09:21:31] repr_de_plv_mi_k100 model=rbf_svm dim=valence subject=31 split 4/5 trial_acc=0.500
[09:21:31] repr_de_plv_mi_k100 model=rbf_svm dim=valence subject=31 split 5/5
[09:22:12] repr_de_plv_mi_k100 model=rbf_svm dim=valence subject=31 split 5/5 trial_acc=0.500
[09:22:50] repr_de_plv_mi_k100 model=rbf_svm dim=valence subject=32 split 1/5
[09:23:31] repr_de_plv_mi_k100 model=rbf_svm dim=valence subject=32 split 1/5 trial_acc=0.500
[09:23:31] repr_de_plv_mi_k100 model=rbf_svm dim=valence subject=32 split 2/5
[09:24:12] repr_de_plv_mi_k100 model=rbf_svm dim=valence subject=32 split 2/5 trial_acc=0.375
[09:24:12] repr_de_plv_mi_k100 model=rbf_svm dim=valence subject=32 split 3/5
[09:24:53] repr_de_plv_mi_k100 model=rbf_svm dim=valence subject=32 split 3/5 trial_acc=0.500
[09:24:53] repr_de_plv_mi_k100 model=rbf_svm dim=valence subject=32 split 4/5
[09:25:33] repr_de_plv_mi_k100 model=rbf_svm dim=valence subject=32 split 4/5 trial_acc=0.500
[09:25:33] repr_de_plv_mi_k100 model=rbf_svm dim=valence subject=32 split 5/5
[09:26:13] repr_de_plv_mi_k100 model=rbf_svm dim=valence subject=32 split 5/5 trial_acc=0.250
[09:26:13] repr_de_plv_mi_k100 model=rbf_svm dim=arousal subject=1 split 1/5
[09:26:54] repr_de_plv_mi_k100 model=rbf_svm dim=arousal subject=1 split 1/5 trial_acc=0.500
[09:26:54] repr_de_plv_mi_k100 model=rbf_svm dim=arousal subject=1 split 2/5
[09:27:35] repr_de_plv_mi_k100 model=rbf_svm dim=arousal subject=1 split 2/5 trial_acc=0.500
[09:27:35] repr_de_plv_mi_k100 model=rbf_svm dim=arousal subject=1 split 3/5
[09:28:17] repr_de_plv_mi_k100 model=rbf_svm dim=arousal subject=1 split 3/5 trial_acc=0.750
[09:28:18] repr_de_plv_mi_k100 model=rbf_svm dim=arousal subject=1 split 4/5
[09:28:59] repr_de_plv_mi_k100 model=rbf_svm dim=arousal subject=1 split 4/5 trial_acc=0.750
[09:28:59] repr_de_plv_mi_k100 model=rbf_svm dim=arousal subject=1 split 5/5
[09:29:41] repr_de_plv_mi_k100 model=rbf_svm dim=arousal subject=1 split 5/5 trial_acc=0.625
[09:29:41] repr_de_plv_mi_k100 model=rbf_svm dim=arousal subject=2 split 1/5
[09:30:24] repr_de_plv_mi_k100 model=rbf_svm dim=arousal subject=2 split 1/5 trial_acc=0.625
[09:30:24] repr_de_plv_mi_k100 model=rbf_svm dim=arousal subject=2 split 2/5
[09:31:05] repr_de_plv_mi_k100 model=rbf_svm dim=arousal subject=2 split 2/5 trial_acc=0.625
[09:31:05] repr_de_plv_mi_k100 model=rbf_svm dim=arousal subject=2 split 3/5
[09:31:47] repr_de_plv_mi_k100 model=rbf_svm dim=arousal subject=2 split 3/5 trial_acc=0.500
[09:31:47] repr_de_plv_mi_k100 model=rbf_svm dim=arousal subject=2 split 4/5
[09:32:29] repr_de_plv_mi_k100 model=rbf_svm dim=arousal subject=2 split 4/5 trial_acc=0.625
[09:32:29] repr_de_plv_mi_k100 model=rbf_svm dim=arousal subject=2 split 5/5
[09:33:10] repr_de_plv_mi_k100 model=rbf_svm dim=arousal subject=2 split 5/5 trial_acc=0.625
[09:33:10] repr_de_plv_mi_k100 model=rbf_svm dim=arousal subject=3 split 1/5
[09:33:51] repr_de_plv_mi_k100 model=rbf_svm dim=arousal subject=3 split 1/5 trial_acc=0.625
[09:33:51] repr_de_plv_mi_k100 model=rbf_svm dim=arousal subject=3 split 2/5
[09:34:32] repr_de_plv_mi_k100 model=rbf_svm dim=arousal subject=3 split 2/5 trial_acc=0.750
[09:34:32] repr_de_plv_mi_k100 model=rbf_svm dim=arousal subject=3 split 3/5
[09:35:13] repr_de_plv_mi_k100 model=rbf_svm dim=arousal subject=3 split 3/5 trial_acc=0.750
[09:35:13] repr_de_plv_mi_k100 model=rbf_svm dim=arousal subject=3 split 4/5
[09:35:55] repr_de_plv_mi_k100 model=rbf_svm dim=arousal subject=3 split 4/5 trial_acc=0.625
[09:35:55] repr_de_plv_mi_k100 model=rbf_svm dim=arousal subject=3 split 5/5
[09:36:36] repr_de_plv_mi_k100 model=rbf_svm dim=arousal subject=3 split 5/5 trial_acc=0.625
[09:36:36] repr_de_plv_mi_k100 model=rbf_svm dim=arousal subject=4 split 1/5
[09:37:17] repr_de_plv_mi_k100 model=rbf_svm dim=arousal subject=4 split 1/5 trial_acc=0.500
[09:37:17] repr_de_plv_mi_k100 model=rbf_svm dim=arousal subject=4 split 2/5
[09:37:59] repr_de_plv_mi_k100 model=rbf_svm dim=arousal subject=4 split 2/5 trial_acc=0.375
[09:37:59] repr_de_plv_mi_k100 model=rbf_svm dim=arousal subject=4 split 3/5
[09:38:40] repr_de_plv_mi_k100 model=rbf_svm dim=arousal subject=4 split 3/5 trial_acc=0.625
[09:38:40] repr_de_plv_mi_k100 model=rbf_svm dim=arousal subject=4 split 4/5
[09:39:26] repr_de_plv_mi_k100 model=rbf_svm dim=arousal subject=4 split 4/5 trial_acc=0.500
[09:39:26] repr_de_plv_mi_k100 model=rbf_svm dim=arousal subject=4 split 5/5
[09:40:09] repr_de_plv_mi_k100 model=rbf_svm dim=arousal subject=4 split 5/5 trial_acc=0.375
[09:40:09] repr_de_plv_mi_k100 model=rbf_svm dim=arousal subject=5 split 1/5
[09:40:50] repr_de_plv_mi_k100 model=rbf_svm dim=arousal subject=5 split 1/5 trial_acc=0.375
[09:40:50] repr_de_plv_mi_k100 model=rbf_svm dim=arousal subject=5 split 2/5
[09:41:32] repr_de_plv_mi_k100 model=rbf_svm dim=arousal subject=5 split 2/5 trial_acc=0.625
[09:41:32] repr_de_plv_mi_k100 model=rbf_svm dim=arousal subject=5 split 3/5
[09:42:14] repr_de_plv_mi_k100 model=rbf_svm dim=arousal subject=5 split 3/5 trial_acc=0.750
[09:42:14] repr_de_plv_mi_k100 model=rbf_svm dim=arousal subject=5 split 4/5
[09:42:55] repr_de_plv_mi_k100 model=rbf_svm dim=arousal subject=5 split 4/5 trial_acc=0.125
[09:42:55] repr_de_plv_mi_k100 model=rbf_svm dim=arousal subject=5 split 5/5
[09:43:37] repr_de_plv_mi_k100 model=rbf_svm dim=arousal subject=5 split 5/5 trial_acc=0.500
[09:43:37] repr_de_plv_mi_k100 model=rbf_svm dim=arousal subject=6 split 1/5
[09:44:19] repr_de_plv_mi_k100 model=rbf_svm dim=arousal subject=6 split 1/5 trial_acc=0.375
[09:44:19] repr_de_plv_mi_k100 model=rbf_svm dim=arousal subject=6 split 2/5
[09:45:01] repr_de_plv_mi_k100 model=rbf_svm dim=arousal subject=6 split 2/5 trial_acc=0.750
[09:45:01] repr_de_plv_mi_k100 model=rbf_svm dim=arousal subject=6 split 3/5
[09:45:43] repr_de_plv_mi_k100 model=rbf_svm dim=arousal subject=6 split 3/5 trial_acc=0.750
[09:45:43] repr_de_plv_mi_k100 model=rbf_svm dim=arousal subject=6 split 4/5
[09:46:25] repr_de_plv_mi_k100 model=rbf_svm dim=arousal subject=6 split 4/5 trial_acc=0.500
[09:46:25] repr_de_plv_mi_k100 model=rbf_svm dim=arousal subject=6 split 5/5
[09:47:06] repr_de_plv_mi_k100 model=rbf_svm dim=arousal subject=6 split 5/5 trial_acc=0.625
[09:47:06] repr_de_plv_mi_k100 model=rbf_svm dim=arousal subject=7 split 1/5
[09:47:48] repr_de_plv_mi_k100 model=rbf_svm dim=arousal subject=7 split 1/5 trial_acc=0.500
[09:47:48] repr_de_plv_mi_k100 model=rbf_svm dim=arousal subject=7 split 2/5
[09:48:30] repr_de_plv_mi_k100 model=rbf_svm dim=arousal subject=7 split 2/5 trial_acc=0.250
[09:48:30] repr_de_plv_mi_k100 model=rbf_svm dim=arousal subject=7 split 3/5
[09:49:11] repr_de_plv_mi_k100 model=rbf_svm dim=arousal subject=7 split 3/5 trial_acc=0.625
[09:49:11] repr_de_plv_mi_k100 model=rbf_svm dim=arousal subject=7 split 4/5
[09:49:53] repr_de_plv_mi_k100 model=rbf_svm dim=arousal subject=7 split 4/5 trial_acc=0.375
[09:49:53] repr_de_plv_mi_k100 model=rbf_svm dim=arousal subject=7 split 5/5
[09:50:34] repr_de_plv_mi_k100 model=rbf_svm dim=arousal subject=7 split 5/5 trial_acc=0.625
[09:50:34] repr_de_plv_mi_k100 model=rbf_svm dim=arousal subject=8 split 1/5
[09:51:16] repr_de_plv_mi_k100 model=rbf_svm dim=arousal subject=8 split 1/5 trial_acc=0.250
[09:51:16] repr_de_plv_mi_k100 model=rbf_svm dim=arousal subject=8 split 2/5
[09:51:58] repr_de_plv_mi_k100 model=rbf_svm dim=arousal subject=8 split 2/5 trial_acc=0.375
[09:51:58] repr_de_plv_mi_k100 model=rbf_svm dim=arousal subject=8 split 3/5
[09:52:39] repr_de_plv_mi_k100 model=rbf_svm dim=arousal subject=8 split 3/5 trial_acc=0.500
[09:52:39] repr_de_plv_mi_k100 model=rbf_svm dim=arousal subject=8 split 4/5
[09:53:21] repr_de_plv_mi_k100 model=rbf_svm dim=arousal subject=8 split 4/5 trial_acc=0.750
[09:53:21] repr_de_plv_mi_k100 model=rbf_svm dim=arousal subject=8 split 5/5
[09:54:04] repr_de_plv_mi_k100 model=rbf_svm dim=arousal subject=8 split 5/5 trial_acc=0.500
[09:54:04] repr_de_plv_mi_k100 model=rbf_svm dim=arousal subject=9 split 1/5
[09:54:54] repr_de_plv_mi_k100 model=rbf_svm dim=arousal subject=9 split 1/5 trial_acc=0.750
[09:54:54] repr_de_plv_mi_k100 model=rbf_svm dim=arousal subject=9 split 2/5
[09:55:50] repr_de_plv_mi_k100 model=rbf_svm dim=arousal subject=9 split 2/5 trial_acc=0.750
[09:55:50] repr_de_plv_mi_k100 model=rbf_svm dim=arousal subject=9 split 3/5
[09:56:44] repr_de_plv_mi_k100 model=rbf_svm dim=arousal subject=9 split 3/5 trial_acc=0.375
[09:56:44] repr_de_plv_mi_k100 model=rbf_svm dim=arousal subject=9 split 4/5
[09:57:40] repr_de_plv_mi_k100 model=rbf_svm dim=arousal subject=9 split 4/5 trial_acc=0.750
[09:57:40] repr_de_plv_mi_k100 model=rbf_svm dim=arousal subject=9 split 5/5
[09:58:32] repr_de_plv_mi_k100 model=rbf_svm dim=arousal subject=9 split 5/5 trial_acc=0.500
[09:58:32] repr_de_plv_mi_k100 model=rbf_svm dim=arousal subject=10 split 1/5
[09:59:24] repr_de_plv_mi_k100 model=rbf_svm dim=arousal subject=10 split 1/5 trial_acc=0.375
[09:59:24] repr_de_plv_mi_k100 model=rbf_svm dim=arousal subject=10 split 2/5
[10:00:10] repr_de_plv_mi_k100 model=rbf_svm dim=arousal subject=10 split 2/5 trial_acc=0.625
[10:00:10] repr_de_plv_mi_k100 model=rbf_svm dim=arousal subject=10 split 3/5
[10:01:01] repr_de_plv_mi_k100 model=rbf_svm dim=arousal subject=10 split 3/5 trial_acc=0.375
[10:01:01] repr_de_plv_mi_k100 model=rbf_svm dim=arousal subject=10 split 4/5
[10:01:50] repr_de_plv_mi_k100 model=rbf_svm dim=arousal subject=10 split 4/5 trial_acc=0.375
[10:01:50] repr_de_plv_mi_k100 model=rbf_svm dim=arousal subject=10 split 5/5
[10:02:44] repr_de_plv_mi_k100 model=rbf_svm dim=arousal subject=10 split 5/5 trial_acc=0.625
[10:02:44] repr_de_plv_mi_k100 model=rbf_svm dim=arousal subject=11 split 1/5
[10:03:38] repr_de_plv_mi_k100 model=rbf_svm dim=arousal subject=11 split 1/5 trial_acc=0.625
[10:03:38] repr_de_plv_mi_k100 model=rbf_svm dim=arousal subject=11 split 2/5
[10:04:31] repr_de_plv_mi_k100 model=rbf_svm dim=arousal subject=11 split 2/5 trial_acc=0.250
[10:04:31] repr_de_plv_mi_k100 model=rbf_svm dim=arousal subject=11 split 3/5
[10:05:23] repr_de_plv_mi_k100 model=rbf_svm dim=arousal subject=11 split 3/5 trial_acc=0.375
[10:05:23] repr_de_plv_mi_k100 model=rbf_svm dim=arousal subject=11 split 4/5
[10:06:16] repr_de_plv_mi_k100 model=rbf_svm dim=arousal subject=11 split 4/5 trial_acc=0.500
[10:06:16] repr_de_plv_mi_k100 model=rbf_svm dim=arousal subject=11 split 5/5
[10:07:09] repr_de_plv_mi_k100 model=rbf_svm dim=arousal subject=11 split 5/5 trial_acc=0.625
[10:07:09] repr_de_plv_mi_k100 model=rbf_svm dim=arousal subject=12 split 1/5
[10:08:02] repr_de_plv_mi_k100 model=rbf_svm dim=arousal subject=12 split 1/5 trial_acc=0.750
[10:08:02] repr_de_plv_mi_k100 model=rbf_svm dim=arousal subject=12 split 2/5
[10:08:54] repr_de_plv_mi_k100 model=rbf_svm dim=arousal subject=12 split 2/5 trial_acc=0.500
[10:08:54] repr_de_plv_mi_k100 model=rbf_svm dim=arousal subject=12 split 3/5
[10:09:46] repr_de_plv_mi_k100 model=rbf_svm dim=arousal subject=12 split 3/5 trial_acc=0.875
[10:09:46] repr_de_plv_mi_k100 model=rbf_svm dim=arousal subject=12 split 4/5
[10:10:38] repr_de_plv_mi_k100 model=rbf_svm dim=arousal subject=12 split 4/5 trial_acc=0.750
[10:10:38] repr_de_plv_mi_k100 model=rbf_svm dim=arousal subject=12 split 5/5
[10:11:32] repr_de_plv_mi_k100 model=rbf_svm dim=arousal subject=12 split 5/5 trial_acc=0.500
[10:11:32] repr_de_plv_mi_k100 model=rbf_svm dim=arousal subject=13 split 1/5
[10:12:25] repr_de_plv_mi_k100 model=rbf_svm dim=arousal subject=13 split 1/5 trial_acc=0.375
[10:12:25] repr_de_plv_mi_k100 model=rbf_svm dim=arousal subject=13 split 2/5
[10:13:18] repr_de_plv_mi_k100 model=rbf_svm dim=arousal subject=13 split 2/5 trial_acc=0.625
[10:13:18] repr_de_plv_mi_k100 model=rbf_svm dim=arousal subject=13 split 3/5
[10:14:10] repr_de_plv_mi_k100 model=rbf_svm dim=arousal subject=13 split 3/5 trial_acc=0.500
[10:14:10] repr_de_plv_mi_k100 model=rbf_svm dim=arousal subject=13 split 4/5
[10:15:03] repr_de_plv_mi_k100 model=rbf_svm dim=arousal subject=13 split 4/5 trial_acc=0.625
[10:15:03] repr_de_plv_mi_k100 model=rbf_svm dim=arousal subject=13 split 5/5
[10:15:55] repr_de_plv_mi_k100 model=rbf_svm dim=arousal subject=13 split 5/5 trial_acc=0.750
[10:15:55] repr_de_plv_mi_k100 model=rbf_svm dim=arousal subject=14 split 1/5
[10:16:47] repr_de_plv_mi_k100 model=rbf_svm dim=arousal subject=14 split 1/5 trial_acc=0.375
[10:16:47] repr_de_plv_mi_k100 model=rbf_svm dim=arousal subject=14 split 2/5
[10:17:39] repr_de_plv_mi_k100 model=rbf_svm dim=arousal subject=14 split 2/5 trial_acc=0.625
[10:17:39] repr_de_plv_mi_k100 model=rbf_svm dim=arousal subject=14 split 3/5
[10:18:31] repr_de_plv_mi_k100 model=rbf_svm dim=arousal subject=14 split 3/5 trial_acc=0.750
[10:18:31] repr_de_plv_mi_k100 model=rbf_svm dim=arousal subject=14 split 4/5
[10:19:23] repr_de_plv_mi_k100 model=rbf_svm dim=arousal subject=14 split 4/5 trial_acc=0.375
[10:19:23] repr_de_plv_mi_k100 model=rbf_svm dim=arousal subject=14 split 5/5
[10:20:14] repr_de_plv_mi_k100 model=rbf_svm dim=arousal subject=14 split 5/5 trial_acc=0.375
[10:20:14] repr_de_plv_mi_k100 model=rbf_svm dim=arousal subject=15 split 1/5
[10:21:06] repr_de_plv_mi_k100 model=rbf_svm dim=arousal subject=15 split 1/5 trial_acc=0.500
[10:21:06] repr_de_plv_mi_k100 model=rbf_svm dim=arousal subject=15 split 2/5
[10:21:58] repr_de_plv_mi_k100 model=rbf_svm dim=arousal subject=15 split 2/5 trial_acc=0.500
[10:21:58] repr_de_plv_mi_k100 model=rbf_svm dim=arousal subject=15 split 3/5
[10:22:49] repr_de_plv_mi_k100 model=rbf_svm dim=arousal subject=15 split 3/5 trial_acc=0.375
[10:22:49] repr_de_plv_mi_k100 model=rbf_svm dim=arousal subject=15 split 4/5
[10:23:40] repr_de_plv_mi_k100 model=rbf_svm dim=arousal subject=15 split 4/5 trial_acc=0.750
[10:23:40] repr_de_plv_mi_k100 model=rbf_svm dim=arousal subject=15 split 5/5
[10:24:32] repr_de_plv_mi_k100 model=rbf_svm dim=arousal subject=15 split 5/5 trial_acc=0.500
[10:24:32] repr_de_plv_mi_k100 model=rbf_svm dim=arousal subject=16 split 1/5
[10:25:23] repr_de_plv_mi_k100 model=rbf_svm dim=arousal subject=16 split 1/5 trial_acc=0.750
[10:25:23] repr_de_plv_mi_k100 model=rbf_svm dim=arousal subject=16 split 2/5
[10:26:15] repr_de_plv_mi_k100 model=rbf_svm dim=arousal subject=16 split 2/5 trial_acc=0.750
[10:26:15] repr_de_plv_mi_k100 model=rbf_svm dim=arousal subject=16 split 3/5
[10:27:07] repr_de_plv_mi_k100 model=rbf_svm dim=arousal subject=16 split 3/5 trial_acc=0.750
[10:27:07] repr_de_plv_mi_k100 model=rbf_svm dim=arousal subject=16 split 4/5
[10:27:58] repr_de_plv_mi_k100 model=rbf_svm dim=arousal subject=16 split 4/5 trial_acc=0.625
[10:27:58] repr_de_plv_mi_k100 model=rbf_svm dim=arousal subject=16 split 5/5
[10:28:44] repr_de_plv_mi_k100 model=rbf_svm dim=arousal subject=16 split 5/5 trial_acc=0.500
[10:28:44] repr_de_plv_mi_k100 model=rbf_svm dim=arousal subject=17 split 1/5
[10:29:26] repr_de_plv_mi_k100 model=rbf_svm dim=arousal subject=17 split 1/5 trial_acc=0.750
[10:29:26] repr_de_plv_mi_k100 model=rbf_svm dim=arousal subject=17 split 2/5
[10:30:07] repr_de_plv_mi_k100 model=rbf_svm dim=arousal subject=17 split 2/5 trial_acc=0.625
[10:30:07] repr_de_plv_mi_k100 model=rbf_svm dim=arousal subject=17 split 3/5
[10:30:48] repr_de_plv_mi_k100 model=rbf_svm dim=arousal subject=17 split 3/5 trial_acc=0.875
[10:30:48] repr_de_plv_mi_k100 model=rbf_svm dim=arousal subject=17 split 4/5
[10:31:29] repr_de_plv_mi_k100 model=rbf_svm dim=arousal subject=17 split 4/5 trial_acc=0.875
[10:31:29] repr_de_plv_mi_k100 model=rbf_svm dim=arousal subject=17 split 5/5
[10:32:10] repr_de_plv_mi_k100 model=rbf_svm dim=arousal subject=17 split 5/5 trial_acc=0.750
[10:32:10] repr_de_plv_mi_k100 model=rbf_svm dim=arousal subject=18 split 1/5
[10:32:51] repr_de_plv_mi_k100 model=rbf_svm dim=arousal subject=18 split 1/5 trial_acc=0.500
[10:32:51] repr_de_plv_mi_k100 model=rbf_svm dim=arousal subject=18 split 2/5
[10:33:32] repr_de_plv_mi_k100 model=rbf_svm dim=arousal subject=18 split 2/5 trial_acc=0.625
[10:33:32] repr_de_plv_mi_k100 model=rbf_svm dim=arousal subject=18 split 3/5
[10:34:13] repr_de_plv_mi_k100 model=rbf_svm dim=arousal subject=18 split 3/5 trial_acc=0.625
[10:34:13] repr_de_plv_mi_k100 model=rbf_svm dim=arousal subject=18 split 4/5
[10:34:53] repr_de_plv_mi_k100 model=rbf_svm dim=arousal subject=18 split 4/5 trial_acc=0.625
[10:34:53] repr_de_plv_mi_k100 model=rbf_svm dim=arousal subject=18 split 5/5
[10:35:34] repr_de_plv_mi_k100 model=rbf_svm dim=arousal subject=18 split 5/5 trial_acc=0.625
[10:35:34] repr_de_plv_mi_k100 model=rbf_svm dim=arousal subject=19 split 1/5
[10:36:14] repr_de_plv_mi_k100 model=rbf_svm dim=arousal subject=19 split 1/5 trial_acc=0.625
[10:36:14] repr_de_plv_mi_k100 model=rbf_svm dim=arousal subject=19 split 2/5
[10:36:55] repr_de_plv_mi_k100 model=rbf_svm dim=arousal subject=19 split 2/5 trial_acc=0.500
[10:36:55] repr_de_plv_mi_k100 model=rbf_svm dim=arousal subject=19 split 3/5
[10:37:37] repr_de_plv_mi_k100 model=rbf_svm dim=arousal subject=19 split 3/5 trial_acc=0.500
[10:37:37] repr_de_plv_mi_k100 model=rbf_svm dim=arousal subject=19 split 4/5
[10:38:20] repr_de_plv_mi_k100 model=rbf_svm dim=arousal subject=19 split 4/5 trial_acc=0.625
[10:38:20] repr_de_plv_mi_k100 model=rbf_svm dim=arousal subject=19 split 5/5
[10:39:02] repr_de_plv_mi_k100 model=rbf_svm dim=arousal subject=19 split 5/5 trial_acc=0.500
[10:39:02] repr_de_plv_mi_k100 model=rbf_svm dim=arousal subject=20 split 1/5
[10:39:44] repr_de_plv_mi_k100 model=rbf_svm dim=arousal subject=20 split 1/5 trial_acc=0.375
[10:39:44] repr_de_plv_mi_k100 model=rbf_svm dim=arousal subject=20 split 2/5
[10:40:26] repr_de_plv_mi_k100 model=rbf_svm dim=arousal subject=20 split 2/5 trial_acc=0.875
[10:40:26] repr_de_plv_mi_k100 model=rbf_svm dim=arousal subject=20 split 3/5
[10:41:07] repr_de_plv_mi_k100 model=rbf_svm dim=arousal subject=20 split 3/5 trial_acc=0.375
[10:41:07] repr_de_plv_mi_k100 model=rbf_svm dim=arousal subject=20 split 4/5
[10:41:49] repr_de_plv_mi_k100 model=rbf_svm dim=arousal subject=20 split 4/5 trial_acc=0.375
[10:41:49] repr_de_plv_mi_k100 model=rbf_svm dim=arousal subject=20 split 5/5
[10:42:31] repr_de_plv_mi_k100 model=rbf_svm dim=arousal subject=20 split 5/5 trial_acc=0.500
[10:42:31] repr_de_plv_mi_k100 model=rbf_svm dim=arousal subject=21 split 1/5
[10:43:12] repr_de_plv_mi_k100 model=rbf_svm dim=arousal subject=21 split 1/5 trial_acc=0.750
[10:43:13] repr_de_plv_mi_k100 model=rbf_svm dim=arousal subject=21 split 2/5
[10:43:54] repr_de_plv_mi_k100 model=rbf_svm dim=arousal subject=21 split 2/5 trial_acc=0.625
[10:43:54] repr_de_plv_mi_k100 model=rbf_svm dim=arousal subject=21 split 3/5
[10:44:35] repr_de_plv_mi_k100 model=rbf_svm dim=arousal subject=21 split 3/5 trial_acc=1.000
[10:44:35] repr_de_plv_mi_k100 model=rbf_svm dim=arousal subject=21 split 4/5
[10:45:16] repr_de_plv_mi_k100 model=rbf_svm dim=arousal subject=21 split 4/5 trial_acc=0.500
[10:45:16] repr_de_plv_mi_k100 model=rbf_svm dim=arousal subject=21 split 5/5
[10:45:57] repr_de_plv_mi_k100 model=rbf_svm dim=arousal subject=21 split 5/5 trial_acc=0.500
[10:45:57] repr_de_plv_mi_k100 model=rbf_svm dim=arousal subject=22 split 1/5
[10:46:39] repr_de_plv_mi_k100 model=rbf_svm dim=arousal subject=22 split 1/5 trial_acc=0.750
[10:46:39] repr_de_plv_mi_k100 model=rbf_svm dim=arousal subject=22 split 2/5
[10:47:21] repr_de_plv_mi_k100 model=rbf_svm dim=arousal subject=22 split 2/5 trial_acc=0.500
[10:47:21] repr_de_plv_mi_k100 model=rbf_svm dim=arousal subject=22 split 3/5
[10:48:04] repr_de_plv_mi_k100 model=rbf_svm dim=arousal subject=22 split 3/5 trial_acc=0.375
[10:48:04] repr_de_plv_mi_k100 model=rbf_svm dim=arousal subject=22 split 4/5
[10:48:51] repr_de_plv_mi_k100 model=rbf_svm dim=arousal subject=22 split 4/5 trial_acc=0.500
[10:48:51] repr_de_plv_mi_k100 model=rbf_svm dim=arousal subject=22 split 5/5
[10:49:36] repr_de_plv_mi_k100 model=rbf_svm dim=arousal subject=22 split 5/5 trial_acc=0.750
[10:49:36] repr_de_plv_mi_k100 model=rbf_svm dim=arousal subject=23 split 1/5
[10:50:21] repr_de_plv_mi_k100 model=rbf_svm dim=arousal subject=23 split 1/5 trial_acc=0.500
[10:50:21] repr_de_plv_mi_k100 model=rbf_svm dim=arousal subject=23 split 2/5
[10:51:05] repr_de_plv_mi_k100 model=rbf_svm dim=arousal subject=23 split 2/5 trial_acc=0.500
[10:51:05] repr_de_plv_mi_k100 model=rbf_svm dim=arousal subject=23 split 3/5
[10:51:49] repr_de_plv_mi_k100 model=rbf_svm dim=arousal subject=23 split 3/5 trial_acc=0.375
[10:51:49] repr_de_plv_mi_k100 model=rbf_svm dim=arousal subject=23 split 4/5
[10:52:33] repr_de_plv_mi_k100 model=rbf_svm dim=arousal subject=23 split 4/5 trial_acc=0.500
[10:52:33] repr_de_plv_mi_k100 model=rbf_svm dim=arousal subject=23 split 5/5
[10:53:12] repr_de_plv_mi_k100 model=rbf_svm dim=arousal subject=23 split 5/5 trial_acc=0.375
[10:53:12] repr_de_plv_mi_k100 model=rbf_svm dim=arousal subject=24 split 1/5
[10:53:52] repr_de_plv_mi_k100 model=rbf_svm dim=arousal subject=24 split 1/5 trial_acc=0.625
[10:53:52] repr_de_plv_mi_k100 model=rbf_svm dim=arousal subject=24 split 2/5
[10:54:31] repr_de_plv_mi_k100 model=rbf_svm dim=arousal subject=24 split 2/5 trial_acc=0.750
[10:54:31] repr_de_plv_mi_k100 model=rbf_svm dim=arousal subject=24 split 3/5
[10:55:10] repr_de_plv_mi_k100 model=rbf_svm dim=arousal subject=24 split 3/5 trial_acc=0.875
[10:55:10] repr_de_plv_mi_k100 model=rbf_svm dim=arousal subject=24 split 4/5
[10:55:49] repr_de_plv_mi_k100 model=rbf_svm dim=arousal subject=24 split 4/5 trial_acc=0.250
[10:55:49] repr_de_plv_mi_k100 model=rbf_svm dim=arousal subject=24 split 5/5
[10:56:28] repr_de_plv_mi_k100 model=rbf_svm dim=arousal subject=24 split 5/5 trial_acc=0.500
[10:56:28] repr_de_plv_mi_k100 model=rbf_svm dim=arousal subject=25 split 1/5
[10:57:07] repr_de_plv_mi_k100 model=rbf_svm dim=arousal subject=25 split 1/5 trial_acc=0.625
[10:57:07] repr_de_plv_mi_k100 model=rbf_svm dim=arousal subject=25 split 2/5
[10:57:47] repr_de_plv_mi_k100 model=rbf_svm dim=arousal subject=25 split 2/5 trial_acc=0.750
[10:57:47] repr_de_plv_mi_k100 model=rbf_svm dim=arousal subject=25 split 3/5
[10:58:26] repr_de_plv_mi_k100 model=rbf_svm dim=arousal subject=25 split 3/5 trial_acc=0.375
[10:58:26] repr_de_plv_mi_k100 model=rbf_svm dim=arousal subject=25 split 4/5
[10:59:05] repr_de_plv_mi_k100 model=rbf_svm dim=arousal subject=25 split 4/5 trial_acc=0.750
[10:59:05] repr_de_plv_mi_k100 model=rbf_svm dim=arousal subject=25 split 5/5
[10:59:44] repr_de_plv_mi_k100 model=rbf_svm dim=arousal subject=25 split 5/5 trial_acc=0.500
[10:59:44] repr_de_plv_mi_k100 model=rbf_svm dim=arousal subject=26 split 1/5
[11:00:23] repr_de_plv_mi_k100 model=rbf_svm dim=arousal subject=26 split 1/5 trial_acc=0.625
[11:00:23] repr_de_plv_mi_k100 model=rbf_svm dim=arousal subject=26 split 2/5
[11:01:02] repr_de_plv_mi_k100 model=rbf_svm dim=arousal subject=26 split 2/5 trial_acc=0.500
[11:01:02] repr_de_plv_mi_k100 model=rbf_svm dim=arousal subject=26 split 3/5
[11:01:41] repr_de_plv_mi_k100 model=rbf_svm dim=arousal subject=26 split 3/5 trial_acc=0.625
[11:01:41] repr_de_plv_mi_k100 model=rbf_svm dim=arousal subject=26 split 4/5
[11:02:20] repr_de_plv_mi_k100 model=rbf_svm dim=arousal subject=26 split 4/5 trial_acc=0.625
[11:02:20] repr_de_plv_mi_k100 model=rbf_svm dim=arousal subject=26 split 5/5
[11:02:59] repr_de_plv_mi_k100 model=rbf_svm dim=arousal subject=26 split 5/5 trial_acc=0.750
[11:02:59] repr_de_plv_mi_k100 model=rbf_svm dim=arousal subject=27 split 1/5
[11:03:37] repr_de_plv_mi_k100 model=rbf_svm dim=arousal subject=27 split 1/5 trial_acc=0.875
[11:03:37] repr_de_plv_mi_k100 model=rbf_svm dim=arousal subject=27 split 2/5
[11:04:16] repr_de_plv_mi_k100 model=rbf_svm dim=arousal subject=27 split 2/5 trial_acc=0.875
[11:04:16] repr_de_plv_mi_k100 model=rbf_svm dim=arousal subject=27 split 3/5
[11:04:55] repr_de_plv_mi_k100 model=rbf_svm dim=arousal subject=27 split 3/5 trial_acc=0.875
[11:04:55] repr_de_plv_mi_k100 model=rbf_svm dim=arousal subject=27 split 4/5
[11:05:34] repr_de_plv_mi_k100 model=rbf_svm dim=arousal subject=27 split 4/5 trial_acc=0.875
[11:05:34] repr_de_plv_mi_k100 model=rbf_svm dim=arousal subject=27 split 5/5
[11:06:13] repr_de_plv_mi_k100 model=rbf_svm dim=arousal subject=27 split 5/5 trial_acc=0.875
[11:06:13] repr_de_plv_mi_k100 model=rbf_svm dim=arousal subject=28 split 1/5
[11:06:52] repr_de_plv_mi_k100 model=rbf_svm dim=arousal subject=28 split 1/5 trial_acc=0.375
[11:06:52] repr_de_plv_mi_k100 model=rbf_svm dim=arousal subject=28 split 2/5
[11:07:31] repr_de_plv_mi_k100 model=rbf_svm dim=arousal subject=28 split 2/5 trial_acc=0.500
[11:07:31] repr_de_plv_mi_k100 model=rbf_svm dim=arousal subject=28 split 3/5
[11:08:11] repr_de_plv_mi_k100 model=rbf_svm dim=arousal subject=28 split 3/5 trial_acc=0.250
[11:08:11] repr_de_plv_mi_k100 model=rbf_svm dim=arousal subject=28 split 4/5
[11:08:50] repr_de_plv_mi_k100 model=rbf_svm dim=arousal subject=28 split 4/5 trial_acc=0.500
[11:08:50] repr_de_plv_mi_k100 model=rbf_svm dim=arousal subject=28 split 5/5
[11:09:29] repr_de_plv_mi_k100 model=rbf_svm dim=arousal subject=28 split 5/5 trial_acc=0.250
[11:09:29] repr_de_plv_mi_k100 model=rbf_svm dim=arousal subject=29 split 1/5
[11:10:08] repr_de_plv_mi_k100 model=rbf_svm dim=arousal subject=29 split 1/5 trial_acc=0.625
[11:10:08] repr_de_plv_mi_k100 model=rbf_svm dim=arousal subject=29 split 2/5
[11:10:46] repr_de_plv_mi_k100 model=rbf_svm dim=arousal subject=29 split 2/5 trial_acc=0.750
[11:10:46] repr_de_plv_mi_k100 model=rbf_svm dim=arousal subject=29 split 3/5
[11:11:25] repr_de_plv_mi_k100 model=rbf_svm dim=arousal subject=29 split 3/5 trial_acc=0.875
[11:11:25] repr_de_plv_mi_k100 model=rbf_svm dim=arousal subject=29 split 4/5
[11:12:04] repr_de_plv_mi_k100 model=rbf_svm dim=arousal subject=29 split 4/5 trial_acc=0.750
[11:12:04] repr_de_plv_mi_k100 model=rbf_svm dim=arousal subject=29 split 5/5
[11:12:43] repr_de_plv_mi_k100 model=rbf_svm dim=arousal subject=29 split 5/5 trial_acc=0.375
[11:12:43] repr_de_plv_mi_k100 model=rbf_svm dim=arousal subject=30 split 1/5
[11:13:22] repr_de_plv_mi_k100 model=rbf_svm dim=arousal subject=30 split 1/5 trial_acc=0.625
[11:13:22] repr_de_plv_mi_k100 model=rbf_svm dim=arousal subject=30 split 2/5
[11:14:01] repr_de_plv_mi_k100 model=rbf_svm dim=arousal subject=30 split 2/5 trial_acc=0.250
[11:14:01] repr_de_plv_mi_k100 model=rbf_svm dim=arousal subject=30 split 3/5
[11:14:40] repr_de_plv_mi_k100 model=rbf_svm dim=arousal subject=30 split 3/5 trial_acc=0.750
[11:14:40] repr_de_plv_mi_k100 model=rbf_svm dim=arousal subject=30 split 4/5
[11:15:19] repr_de_plv_mi_k100 model=rbf_svm dim=arousal subject=30 split 4/5 trial_acc=0.375
[11:15:19] repr_de_plv_mi_k100 model=rbf_svm dim=arousal subject=30 split 5/5
[11:15:59] repr_de_plv_mi_k100 model=rbf_svm dim=arousal subject=30 split 5/5 trial_acc=0.250
[11:15:59] repr_de_plv_mi_k100 model=rbf_svm dim=arousal subject=31 split 1/5
[11:16:37] repr_de_plv_mi_k100 model=rbf_svm dim=arousal subject=31 split 1/5 trial_acc=0.750
[11:16:37] repr_de_plv_mi_k100 model=rbf_svm dim=arousal subject=31 split 2/5
[11:17:16] repr_de_plv_mi_k100 model=rbf_svm dim=arousal subject=31 split 2/5 trial_acc=0.750
[11:17:16] repr_de_plv_mi_k100 model=rbf_svm dim=arousal subject=31 split 3/5
[11:17:55] repr_de_plv_mi_k100 model=rbf_svm dim=arousal subject=31 split 3/5 trial_acc=0.625
[11:17:55] repr_de_plv_mi_k100 model=rbf_svm dim=arousal subject=31 split 4/5
[11:18:33] repr_de_plv_mi_k100 model=rbf_svm dim=arousal subject=31 split 4/5 trial_acc=0.625
[11:18:33] repr_de_plv_mi_k100 model=rbf_svm dim=arousal subject=31 split 5/5
[11:19:12] repr_de_plv_mi_k100 model=rbf_svm dim=arousal subject=31 split 5/5 trial_acc=0.875
[11:19:12] repr_de_plv_mi_k100 model=rbf_svm dim=arousal subject=32 split 1/5
[11:19:51] repr_de_plv_mi_k100 model=rbf_svm dim=arousal subject=32 split 1/5 trial_acc=0.500
[11:19:51] repr_de_plv_mi_k100 model=rbf_svm dim=arousal subject=32 split 2/5
[11:20:29] repr_de_plv_mi_k100 model=rbf_svm dim=arousal subject=32 split 2/5 trial_acc=0.250
[11:20:29] repr_de_plv_mi_k100 model=rbf_svm dim=arousal subject=32 split 3/5
[11:21:08] repr_de_plv_mi_k100 model=rbf_svm dim=arousal subject=32 split 3/5 trial_acc=0.500
[11:21:08] repr_de_plv_mi_k100 model=rbf_svm dim=arousal subject=32 split 4/5
[11:21:47] repr_de_plv_mi_k100 model=rbf_svm dim=arousal subject=32 split 4/5 trial_acc=0.625
[11:21:47] repr_de_plv_mi_k100 model=rbf_svm dim=arousal subject=32 split 5/5
[11:22:26] repr_de_plv_mi_k100 model=rbf_svm dim=arousal subject=32 split 5/5 trial_acc=0.625
[11:22:26] Finished repr_de_plv_mi_k100 in 242.4 min
[11:22:26] Starting repr_de_plv_mi_k200
[11:23:12] repr_de_plv_mi_k200 model=rbf_svm dim=valence subject=1 split 1/5
[11:23:53] repr_de_plv_mi_k200 model=rbf_svm dim=valence subject=1 split 1/5 trial_acc=0.625
[11:23:53] repr_de_plv_mi_k200 model=rbf_svm dim=valence subject=1 split 2/5
[11:24:34] repr_de_plv_mi_k200 model=rbf_svm dim=valence subject=1 split 2/5 trial_acc=0.500
[11:24:34] repr_de_plv_mi_k200 model=rbf_svm dim=valence subject=1 split 3/5
[11:25:15] repr_de_plv_mi_k200 model=rbf_svm dim=valence subject=1 split 3/5 trial_acc=0.750
[11:25:15] repr_de_plv_mi_k200 model=rbf_svm dim=valence subject=1 split 4/5
[11:25:55] repr_de_plv_mi_k200 model=rbf_svm dim=valence subject=1 split 4/5 trial_acc=0.500
[11:25:55] repr_de_plv_mi_k200 model=rbf_svm dim=valence subject=1 split 5/5
[11:26:36] repr_de_plv_mi_k200 model=rbf_svm dim=valence subject=1 split 5/5 trial_acc=0.500
[11:27:12] repr_de_plv_mi_k200 model=rbf_svm dim=valence subject=2 split 1/5
[11:27:53] repr_de_plv_mi_k200 model=rbf_svm dim=valence subject=2 split 1/5 trial_acc=0.500
[11:27:53] repr_de_plv_mi_k200 model=rbf_svm dim=valence subject=2 split 2/5
[11:28:34] repr_de_plv_mi_k200 model=rbf_svm dim=valence subject=2 split 2/5 trial_acc=0.375
[11:28:34] repr_de_plv_mi_k200 model=rbf_svm dim=valence subject=2 split 3/5
[11:29:15] repr_de_plv_mi_k200 model=rbf_svm dim=valence subject=2 split 3/5 trial_acc=0.625
[11:29:15] repr_de_plv_mi_k200 model=rbf_svm dim=valence subject=2 split 4/5
[11:29:55] repr_de_plv_mi_k200 model=rbf_svm dim=valence subject=2 split 4/5 trial_acc=0.625
[11:29:55] repr_de_plv_mi_k200 model=rbf_svm dim=valence subject=2 split 5/5
[11:30:37] repr_de_plv_mi_k200 model=rbf_svm dim=valence subject=2 split 5/5 trial_acc=0.625
[11:31:13] repr_de_plv_mi_k200 model=rbf_svm dim=valence subject=3 split 1/5
[11:31:53] repr_de_plv_mi_k200 model=rbf_svm dim=valence subject=3 split 1/5 trial_acc=0.625
[11:31:53] repr_de_plv_mi_k200 model=rbf_svm dim=valence subject=3 split 2/5
[11:32:35] repr_de_plv_mi_k200 model=rbf_svm dim=valence subject=3 split 2/5 trial_acc=0.750
[11:32:35] repr_de_plv_mi_k200 model=rbf_svm dim=valence subject=3 split 3/5
[11:33:16] repr_de_plv_mi_k200 model=rbf_svm dim=valence subject=3 split 3/5 trial_acc=0.500
[11:33:16] repr_de_plv_mi_k200 model=rbf_svm dim=valence subject=3 split 4/5
[11:33:57] repr_de_plv_mi_k200 model=rbf_svm dim=valence subject=3 split 4/5 trial_acc=0.375
[11:33:57] repr_de_plv_mi_k200 model=rbf_svm dim=valence subject=3 split 5/5
[11:34:38] repr_de_plv_mi_k200 model=rbf_svm dim=valence subject=3 split 5/5 trial_acc=0.875
[11:35:14] repr_de_plv_mi_k200 model=rbf_svm dim=valence subject=4 split 1/5
[11:35:55] repr_de_plv_mi_k200 model=rbf_svm dim=valence subject=4 split 1/5 trial_acc=0.500
[11:35:55] repr_de_plv_mi_k200 model=rbf_svm dim=valence subject=4 split 2/5
[11:36:36] repr_de_plv_mi_k200 model=rbf_svm dim=valence subject=4 split 2/5 trial_acc=0.625
[11:36:36] repr_de_plv_mi_k200 model=rbf_svm dim=valence subject=4 split 3/5
[11:37:17] repr_de_plv_mi_k200 model=rbf_svm dim=valence subject=4 split 3/5 trial_acc=0.375
[11:37:17] repr_de_plv_mi_k200 model=rbf_svm dim=valence subject=4 split 4/5
[11:37:58] repr_de_plv_mi_k200 model=rbf_svm dim=valence subject=4 split 4/5 trial_acc=0.500
[11:37:58] repr_de_plv_mi_k200 model=rbf_svm dim=valence subject=4 split 5/5
[11:38:39] repr_de_plv_mi_k200 model=rbf_svm dim=valence subject=4 split 5/5 trial_acc=0.625
[11:39:15] repr_de_plv_mi_k200 model=rbf_svm dim=valence subject=5 split 1/5
[11:39:56] repr_de_plv_mi_k200 model=rbf_svm dim=valence subject=5 split 1/5 trial_acc=0.500
[11:39:56] repr_de_plv_mi_k200 model=rbf_svm dim=valence subject=5 split 2/5
[11:40:37] repr_de_plv_mi_k200 model=rbf_svm dim=valence subject=5 split 2/5 trial_acc=0.500
[11:40:37] repr_de_plv_mi_k200 model=rbf_svm dim=valence subject=5 split 3/5
[11:41:18] repr_de_plv_mi_k200 model=rbf_svm dim=valence subject=5 split 3/5 trial_acc=0.375
[11:41:18] repr_de_plv_mi_k200 model=rbf_svm dim=valence subject=5 split 4/5
[11:41:59] repr_de_plv_mi_k200 model=rbf_svm dim=valence subject=5 split 4/5 trial_acc=0.500
[11:41:59] repr_de_plv_mi_k200 model=rbf_svm dim=valence subject=5 split 5/5
[11:42:40] repr_de_plv_mi_k200 model=rbf_svm dim=valence subject=5 split 5/5 trial_acc=0.500
[11:43:16] repr_de_plv_mi_k200 model=rbf_svm dim=valence subject=6 split 1/5
[11:43:57] repr_de_plv_mi_k200 model=rbf_svm dim=valence subject=6 split 1/5 trial_acc=0.250
[11:43:57] repr_de_plv_mi_k200 model=rbf_svm dim=valence subject=6 split 2/5
[11:44:38] repr_de_plv_mi_k200 model=rbf_svm dim=valence subject=6 split 2/5 trial_acc=0.625
[11:44:38] repr_de_plv_mi_k200 model=rbf_svm dim=valence subject=6 split 3/5
[11:45:19] repr_de_plv_mi_k200 model=rbf_svm dim=valence subject=6 split 3/5 trial_acc=0.375
[11:45:19] repr_de_plv_mi_k200 model=rbf_svm dim=valence subject=6 split 4/5
[11:46:01] repr_de_plv_mi_k200 model=rbf_svm dim=valence subject=6 split 4/5 trial_acc=0.500
[11:46:01] repr_de_plv_mi_k200 model=rbf_svm dim=valence subject=6 split 5/5
[11:46:42] repr_de_plv_mi_k200 model=rbf_svm dim=valence subject=6 split 5/5 trial_acc=0.625
[11:47:17] repr_de_plv_mi_k200 model=rbf_svm dim=valence subject=7 split 1/5
[11:47:59] repr_de_plv_mi_k200 model=rbf_svm dim=valence subject=7 split 1/5 trial_acc=0.750
[11:47:59] repr_de_plv_mi_k200 model=rbf_svm dim=valence subject=7 split 2/5
[11:48:40] repr_de_plv_mi_k200 model=rbf_svm dim=valence subject=7 split 2/5 trial_acc=0.375
[11:48:41] repr_de_plv_mi_k200 model=rbf_svm dim=valence subject=7 split 3/5
[11:49:22] repr_de_plv_mi_k200 model=rbf_svm dim=valence subject=7 split 3/5 trial_acc=0.750
[11:49:22] repr_de_plv_mi_k200 model=rbf_svm dim=valence subject=7 split 4/5
[11:50:03] repr_de_plv_mi_k200 model=rbf_svm dim=valence subject=7 split 4/5 trial_acc=0.750
[11:50:03] repr_de_plv_mi_k200 model=rbf_svm dim=valence subject=7 split 5/5
[11:50:44] repr_de_plv_mi_k200 model=rbf_svm dim=valence subject=7 split 5/5 trial_acc=0.500
[11:51:20] repr_de_plv_mi_k200 model=rbf_svm dim=valence subject=8 split 1/5
[11:52:01] repr_de_plv_mi_k200 model=rbf_svm dim=valence subject=8 split 1/5 trial_acc=0.875
[11:52:01] repr_de_plv_mi_k200 model=rbf_svm dim=valence subject=8 split 2/5
[11:52:43] repr_de_plv_mi_k200 model=rbf_svm dim=valence subject=8 split 2/5 trial_acc=0.625
[11:52:43] repr_de_plv_mi_k200 model=rbf_svm dim=valence subject=8 split 3/5
[11:53:24] repr_de_plv_mi_k200 model=rbf_svm dim=valence subject=8 split 3/5 trial_acc=0.375
[11:53:24] repr_de_plv_mi_k200 model=rbf_svm dim=valence subject=8 split 4/5
[11:54:05] repr_de_plv_mi_k200 model=rbf_svm dim=valence subject=8 split 4/5 trial_acc=0.500
[11:54:05] repr_de_plv_mi_k200 model=rbf_svm dim=valence subject=8 split 5/5
[11:54:46] repr_de_plv_mi_k200 model=rbf_svm dim=valence subject=8 split 5/5 trial_acc=0.625
[11:55:22] repr_de_plv_mi_k200 model=rbf_svm dim=valence subject=9 split 1/5
[11:56:02] repr_de_plv_mi_k200 model=rbf_svm dim=valence subject=9 split 1/5 trial_acc=0.500
[11:56:02] repr_de_plv_mi_k200 model=rbf_svm dim=valence subject=9 split 2/5
[11:56:43] repr_de_plv_mi_k200 model=rbf_svm dim=valence subject=9 split 2/5 trial_acc=0.500
[11:56:43] repr_de_plv_mi_k200 model=rbf_svm dim=valence subject=9 split 3/5
[11:57:24] repr_de_plv_mi_k200 model=rbf_svm dim=valence subject=9 split 3/5 trial_acc=0.750
[11:57:24] repr_de_plv_mi_k200 model=rbf_svm dim=valence subject=9 split 4/5
[11:58:04] repr_de_plv_mi_k200 model=rbf_svm dim=valence subject=9 split 4/5 trial_acc=0.625
[11:58:04] repr_de_plv_mi_k200 model=rbf_svm dim=valence subject=9 split 5/5
[11:58:45] repr_de_plv_mi_k200 model=rbf_svm dim=valence subject=9 split 5/5 trial_acc=0.875
[11:59:21] repr_de_plv_mi_k200 model=rbf_svm dim=valence subject=10 split 1/5
[12:00:02] repr_de_plv_mi_k200 model=rbf_svm dim=valence subject=10 split 1/5 trial_acc=1.000
[12:00:02] repr_de_plv_mi_k200 model=rbf_svm dim=valence subject=10 split 2/5
[12:00:43] repr_de_plv_mi_k200 model=rbf_svm dim=valence subject=10 split 2/5 trial_acc=0.875
[12:00:43] repr_de_plv_mi_k200 model=rbf_svm dim=valence subject=10 split 3/5
[12:01:23] repr_de_plv_mi_k200 model=rbf_svm dim=valence subject=10 split 3/5 trial_acc=0.875
[12:01:23] repr_de_plv_mi_k200 model=rbf_svm dim=valence subject=10 split 4/5
[12:02:04] repr_de_plv_mi_k200 model=rbf_svm dim=valence subject=10 split 4/5 trial_acc=0.875
[12:02:04] repr_de_plv_mi_k200 model=rbf_svm dim=valence subject=10 split 5/5
[12:02:45] repr_de_plv_mi_k200 model=rbf_svm dim=valence subject=10 split 5/5 trial_acc=0.875
[12:03:20] repr_de_plv_mi_k200 model=rbf_svm dim=valence subject=11 split 1/5
[12:04:01] repr_de_plv_mi_k200 model=rbf_svm dim=valence subject=11 split 1/5 trial_acc=0.500
[12:04:01] repr_de_plv_mi_k200 model=rbf_svm dim=valence subject=11 split 2/5
[12:04:42] repr_de_plv_mi_k200 model=rbf_svm dim=valence subject=11 split 2/5 trial_acc=0.625
[12:04:42] repr_de_plv_mi_k200 model=rbf_svm dim=valence subject=11 split 3/5
[12:05:23] repr_de_plv_mi_k200 model=rbf_svm dim=valence subject=11 split 3/5 trial_acc=0.375
[12:05:23] repr_de_plv_mi_k200 model=rbf_svm dim=valence subject=11 split 4/5
[12:06:04] repr_de_plv_mi_k200 model=rbf_svm dim=valence subject=11 split 4/5 trial_acc=0.750
[12:06:04] repr_de_plv_mi_k200 model=rbf_svm dim=valence subject=11 split 5/5
[12:06:45] repr_de_plv_mi_k200 model=rbf_svm dim=valence subject=11 split 5/5 trial_acc=0.500
[12:07:20] repr_de_plv_mi_k200 model=rbf_svm dim=valence subject=12 split 1/5
[12:08:01] repr_de_plv_mi_k200 model=rbf_svm dim=valence subject=12 split 1/5 trial_acc=0.375
[12:08:01] repr_de_plv_mi_k200 model=rbf_svm dim=valence subject=12 split 2/5
[12:08:43] repr_de_plv_mi_k200 model=rbf_svm dim=valence subject=12 split 2/5 trial_acc=0.375
[12:08:43] repr_de_plv_mi_k200 model=rbf_svm dim=valence subject=12 split 3/5
[12:09:23] repr_de_plv_mi_k200 model=rbf_svm dim=valence subject=12 split 3/5 trial_acc=0.625
[12:09:23] repr_de_plv_mi_k200 model=rbf_svm dim=valence subject=12 split 4/5
[12:10:04] repr_de_plv_mi_k200 model=rbf_svm dim=valence subject=12 split 4/5 trial_acc=0.500
[12:10:04] repr_de_plv_mi_k200 model=rbf_svm dim=valence subject=12 split 5/5
[12:10:45] repr_de_plv_mi_k200 model=rbf_svm dim=valence subject=12 split 5/5 trial_acc=0.750
[12:11:20] repr_de_plv_mi_k200 model=rbf_svm dim=valence subject=13 split 1/5
[12:12:01] repr_de_plv_mi_k200 model=rbf_svm dim=valence subject=13 split 1/5 trial_acc=0.625
[12:12:01] repr_de_plv_mi_k200 model=rbf_svm dim=valence subject=13 split 2/5
[12:12:42] repr_de_plv_mi_k200 model=rbf_svm dim=valence subject=13 split 2/5 trial_acc=0.750
[12:12:42] repr_de_plv_mi_k200 model=rbf_svm dim=valence subject=13 split 3/5
[12:13:23] repr_de_plv_mi_k200 model=rbf_svm dim=valence subject=13 split 3/5 trial_acc=0.500
[12:13:23] repr_de_plv_mi_k200 model=rbf_svm dim=valence subject=13 split 4/5
[12:14:04] repr_de_plv_mi_k200 model=rbf_svm dim=valence subject=13 split 4/5 trial_acc=0.875
[12:14:04] repr_de_plv_mi_k200 model=rbf_svm dim=valence subject=13 split 5/5
[12:14:45] repr_de_plv_mi_k200 model=rbf_svm dim=valence subject=13 split 5/5 trial_acc=0.875
[12:15:21] repr_de_plv_mi_k200 model=rbf_svm dim=valence subject=14 split 1/5
[12:16:02] repr_de_plv_mi_k200 model=rbf_svm dim=valence subject=14 split 1/5 trial_acc=0.750
[12:16:02] repr_de_plv_mi_k200 model=rbf_svm dim=valence subject=14 split 2/5
[12:16:42] repr_de_plv_mi_k200 model=rbf_svm dim=valence subject=14 split 2/5 trial_acc=0.750
[12:16:42] repr_de_plv_mi_k200 model=rbf_svm dim=valence subject=14 split 3/5
[12:17:23] repr_de_plv_mi_k200 model=rbf_svm dim=valence subject=14 split 3/5 trial_acc=0.875
[12:17:23] repr_de_plv_mi_k200 model=rbf_svm dim=valence subject=14 split 4/5
[12:18:03] repr_de_plv_mi_k200 model=rbf_svm dim=valence subject=14 split 4/5 trial_acc=0.750
[12:18:03] repr_de_plv_mi_k200 model=rbf_svm dim=valence subject=14 split 5/5
[12:18:44] repr_de_plv_mi_k200 model=rbf_svm dim=valence subject=14 split 5/5 trial_acc=1.000
[12:19:19] repr_de_plv_mi_k200 model=rbf_svm dim=valence subject=15 split 1/5
[12:20:00] repr_de_plv_mi_k200 model=rbf_svm dim=valence subject=15 split 1/5 trial_acc=0.625
[12:20:00] repr_de_plv_mi_k200 model=rbf_svm dim=valence subject=15 split 2/5
[12:20:41] repr_de_plv_mi_k200 model=rbf_svm dim=valence subject=15 split 2/5 trial_acc=1.000
[12:20:41] repr_de_plv_mi_k200 model=rbf_svm dim=valence subject=15 split 3/5
[12:21:21] repr_de_plv_mi_k200 model=rbf_svm dim=valence subject=15 split 3/5 trial_acc=0.750
[12:21:21] repr_de_plv_mi_k200 model=rbf_svm dim=valence subject=15 split 4/5
[12:22:02] repr_de_plv_mi_k200 model=rbf_svm dim=valence subject=15 split 4/5 trial_acc=0.875
[12:22:02] repr_de_plv_mi_k200 model=rbf_svm dim=valence subject=15 split 5/5
[12:22:43] repr_de_plv_mi_k200 model=rbf_svm dim=valence subject=15 split 5/5 trial_acc=0.625
[12:23:18] repr_de_plv_mi_k200 model=rbf_svm dim=valence subject=16 split 1/5
[12:23:59] repr_de_plv_mi_k200 model=rbf_svm dim=valence subject=16 split 1/5 trial_acc=0.250
[12:23:59] repr_de_plv_mi_k200 model=rbf_svm dim=valence subject=16 split 2/5
[12:24:40] repr_de_plv_mi_k200 model=rbf_svm dim=valence subject=16 split 2/5 trial_acc=0.375
[12:24:40] repr_de_plv_mi_k200 model=rbf_svm dim=valence subject=16 split 3/5
[12:25:20] repr_de_plv_mi_k200 model=rbf_svm dim=valence subject=16 split 3/5 trial_acc=0.500
[12:25:20] repr_de_plv_mi_k200 model=rbf_svm dim=valence subject=16 split 4/5
[12:26:01] repr_de_plv_mi_k200 model=rbf_svm dim=valence subject=16 split 4/5 trial_acc=0.500
[12:26:01] repr_de_plv_mi_k200 model=rbf_svm dim=valence subject=16 split 5/5
[12:26:42] repr_de_plv_mi_k200 model=rbf_svm dim=valence subject=16 split 5/5 trial_acc=0.625
[12:27:18] repr_de_plv_mi_k200 model=rbf_svm dim=valence subject=17 split 1/5
[12:27:59] repr_de_plv_mi_k200 model=rbf_svm dim=valence subject=17 split 1/5 trial_acc=0.500
[12:27:59] repr_de_plv_mi_k200 model=rbf_svm dim=valence subject=17 split 2/5
[12:28:40] repr_de_plv_mi_k200 model=rbf_svm dim=valence subject=17 split 2/5 trial_acc=1.000
[12:28:40] repr_de_plv_mi_k200 model=rbf_svm dim=valence subject=17 split 3/5
[12:29:21] repr_de_plv_mi_k200 model=rbf_svm dim=valence subject=17 split 3/5 trial_acc=0.000
[12:29:21] repr_de_plv_mi_k200 model=rbf_svm dim=valence subject=17 split 4/5
[12:30:02] repr_de_plv_mi_k200 model=rbf_svm dim=valence subject=17 split 4/5 trial_acc=0.250
[12:30:02] repr_de_plv_mi_k200 model=rbf_svm dim=valence subject=17 split 5/5
[12:30:43] repr_de_plv_mi_k200 model=rbf_svm dim=valence subject=17 split 5/5 trial_acc=0.750
[12:31:19] repr_de_plv_mi_k200 model=rbf_svm dim=valence subject=18 split 1/5
[12:32:00] repr_de_plv_mi_k200 model=rbf_svm dim=valence subject=18 split 1/5 trial_acc=0.875
[12:32:00] repr_de_plv_mi_k200 model=rbf_svm dim=valence subject=18 split 2/5
[12:32:41] repr_de_plv_mi_k200 model=rbf_svm dim=valence subject=18 split 2/5 trial_acc=0.625
[12:32:41] repr_de_plv_mi_k200 model=rbf_svm dim=valence subject=18 split 3/5
[12:33:22] repr_de_plv_mi_k200 model=rbf_svm dim=valence subject=18 split 3/5 trial_acc=0.750
[12:33:22] repr_de_plv_mi_k200 model=rbf_svm dim=valence subject=18 split 4/5
[12:34:03] repr_de_plv_mi_k200 model=rbf_svm dim=valence subject=18 split 4/5 trial_acc=0.750
[12:34:03] repr_de_plv_mi_k200 model=rbf_svm dim=valence subject=18 split 5/5
[12:34:44] repr_de_plv_mi_k200 model=rbf_svm dim=valence subject=18 split 5/5 trial_acc=1.000
[12:35:20] repr_de_plv_mi_k200 model=rbf_svm dim=valence subject=19 split 1/5
[12:36:03] repr_de_plv_mi_k200 model=rbf_svm dim=valence subject=19 split 1/5 trial_acc=0.750
[12:36:03] repr_de_plv_mi_k200 model=rbf_svm dim=valence subject=19 split 2/5
[12:36:49] repr_de_plv_mi_k200 model=rbf_svm dim=valence subject=19 split 2/5 trial_acc=0.625
[12:36:49] repr_de_plv_mi_k200 model=rbf_svm dim=valence subject=19 split 3/5
[12:37:33] repr_de_plv_mi_k200 model=rbf_svm dim=valence subject=19 split 3/5 trial_acc=0.375
[12:37:33] repr_de_plv_mi_k200 model=rbf_svm dim=valence subject=19 split 4/5
[12:38:17] repr_de_plv_mi_k200 model=rbf_svm dim=valence subject=19 split 4/5 trial_acc=0.375
[12:38:17] repr_de_plv_mi_k200 model=rbf_svm dim=valence subject=19 split 5/5
[12:39:00] repr_de_plv_mi_k200 model=rbf_svm dim=valence subject=19 split 5/5 trial_acc=0.625
[12:39:38] repr_de_plv_mi_k200 model=rbf_svm dim=valence subject=20 split 1/5
[12:40:21] repr_de_plv_mi_k200 model=rbf_svm dim=valence subject=20 split 1/5 trial_acc=0.500
[12:40:21] repr_de_plv_mi_k200 model=rbf_svm dim=valence subject=20 split 2/5
[12:41:05] repr_de_plv_mi_k200 model=rbf_svm dim=valence subject=20 split 2/5 trial_acc=0.625
[12:41:05] repr_de_plv_mi_k200 model=rbf_svm dim=valence subject=20 split 3/5
[12:41:49] repr_de_plv_mi_k200 model=rbf_svm dim=valence subject=20 split 3/5 trial_acc=0.500
[12:41:49] repr_de_plv_mi_k200 model=rbf_svm dim=valence subject=20 split 4/5
[12:42:33] repr_de_plv_mi_k200 model=rbf_svm dim=valence subject=20 split 4/5 trial_acc=0.500
[12:42:33] repr_de_plv_mi_k200 model=rbf_svm dim=valence subject=20 split 5/5
[12:43:16] repr_de_plv_mi_k200 model=rbf_svm dim=valence subject=20 split 5/5 trial_acc=0.500
[12:43:54] repr_de_plv_mi_k200 model=rbf_svm dim=valence subject=21 split 1/5
[12:44:40] repr_de_plv_mi_k200 model=rbf_svm dim=valence subject=21 split 1/5 trial_acc=0.375
[12:44:40] repr_de_plv_mi_k200 model=rbf_svm dim=valence subject=21 split 2/5
[12:45:28] repr_de_plv_mi_k200 model=rbf_svm dim=valence subject=21 split 2/5 trial_acc=0.250
[12:45:28] repr_de_plv_mi_k200 model=rbf_svm dim=valence subject=21 split 3/5
[12:46:13] repr_de_plv_mi_k200 model=rbf_svm dim=valence subject=21 split 3/5 trial_acc=0.250
[12:46:13] repr_de_plv_mi_k200 model=rbf_svm dim=valence subject=21 split 4/5
[12:46:58] repr_de_plv_mi_k200 model=rbf_svm dim=valence subject=21 split 4/5 trial_acc=0.375
[12:46:58] repr_de_plv_mi_k200 model=rbf_svm dim=valence subject=21 split 5/5
[12:47:43] repr_de_plv_mi_k200 model=rbf_svm dim=valence subject=21 split 5/5 trial_acc=0.375
[12:48:22] repr_de_plv_mi_k200 model=rbf_svm dim=valence subject=22 split 1/5
[12:49:07] repr_de_plv_mi_k200 model=rbf_svm dim=valence subject=22 split 1/5 trial_acc=0.625
[12:49:07] repr_de_plv_mi_k200 model=rbf_svm dim=valence subject=22 split 2/5
[12:49:52] repr_de_plv_mi_k200 model=rbf_svm dim=valence subject=22 split 2/5 trial_acc=0.375
[12:49:52] repr_de_plv_mi_k200 model=rbf_svm dim=valence subject=22 split 3/5
[12:50:37] repr_de_plv_mi_k200 model=rbf_svm dim=valence subject=22 split 3/5 trial_acc=0.500
[12:50:38] repr_de_plv_mi_k200 model=rbf_svm dim=valence subject=22 split 4/5
[12:51:22] repr_de_plv_mi_k200 model=rbf_svm dim=valence subject=22 split 4/5 trial_acc=0.250
[12:51:22] repr_de_plv_mi_k200 model=rbf_svm dim=valence subject=22 split 5/5
[12:52:08] repr_de_plv_mi_k200 model=rbf_svm dim=valence subject=22 split 5/5 trial_acc=0.500
[12:52:47] repr_de_plv_mi_k200 model=rbf_svm dim=valence subject=23 split 1/5
[12:53:32] repr_de_plv_mi_k200 model=rbf_svm dim=valence subject=23 split 1/5 trial_acc=0.625
[12:53:32] repr_de_plv_mi_k200 model=rbf_svm dim=valence subject=23 split 2/5
[12:54:18] repr_de_plv_mi_k200 model=rbf_svm dim=valence subject=23 split 2/5 trial_acc=0.625
[12:54:18] repr_de_plv_mi_k200 model=rbf_svm dim=valence subject=23 split 3/5
[12:55:03] repr_de_plv_mi_k200 model=rbf_svm dim=valence subject=23 split 3/5 trial_acc=0.250
[12:55:03] repr_de_plv_mi_k200 model=rbf_svm dim=valence subject=23 split 4/5
[12:55:47] repr_de_plv_mi_k200 model=rbf_svm dim=valence subject=23 split 4/5 trial_acc=0.750
[12:55:47] repr_de_plv_mi_k200 model=rbf_svm dim=valence subject=23 split 5/5
[12:56:30] repr_de_plv_mi_k200 model=rbf_svm dim=valence subject=23 split 5/5 trial_acc=0.250
[12:57:08] repr_de_plv_mi_k200 model=rbf_svm dim=valence subject=24 split 1/5
[12:57:51] repr_de_plv_mi_k200 model=rbf_svm dim=valence subject=24 split 1/5 trial_acc=1.000
[12:57:51] repr_de_plv_mi_k200 model=rbf_svm dim=valence subject=24 split 2/5
[12:58:34] repr_de_plv_mi_k200 model=rbf_svm dim=valence subject=24 split 2/5 trial_acc=0.500
[12:58:34] repr_de_plv_mi_k200 model=rbf_svm dim=valence subject=24 split 3/5
[12:59:16] repr_de_plv_mi_k200 model=rbf_svm dim=valence subject=24 split 3/5 trial_acc=0.750
[12:59:16] repr_de_plv_mi_k200 model=rbf_svm dim=valence subject=24 split 4/5
[13:00:00] repr_de_plv_mi_k200 model=rbf_svm dim=valence subject=24 split 4/5 trial_acc=0.875
[13:00:00] repr_de_plv_mi_k200 model=rbf_svm dim=valence subject=24 split 5/5
[13:00:42] repr_de_plv_mi_k200 model=rbf_svm dim=valence subject=24 split 5/5 trial_acc=0.625
[13:01:20] repr_de_plv_mi_k200 model=rbf_svm dim=valence subject=25 split 1/5
[13:02:04] repr_de_plv_mi_k200 model=rbf_svm dim=valence subject=25 split 1/5 trial_acc=0.625
[13:02:04] repr_de_plv_mi_k200 model=rbf_svm dim=valence subject=25 split 2/5
[13:02:52] repr_de_plv_mi_k200 model=rbf_svm dim=valence subject=25 split 2/5 trial_acc=0.250
[13:02:52] repr_de_plv_mi_k200 model=rbf_svm dim=valence subject=25 split 3/5
[13:03:35] repr_de_plv_mi_k200 model=rbf_svm dim=valence subject=25 split 3/5 trial_acc=0.625
[13:03:35] repr_de_plv_mi_k200 model=rbf_svm dim=valence subject=25 split 4/5
[13:04:18] repr_de_plv_mi_k200 model=rbf_svm dim=valence subject=25 split 4/5 trial_acc=0.625
[13:04:18] repr_de_plv_mi_k200 model=rbf_svm dim=valence subject=25 split 5/5
[13:05:00] repr_de_plv_mi_k200 model=rbf_svm dim=valence subject=25 split 5/5 trial_acc=0.750
[13:05:38] repr_de_plv_mi_k200 model=rbf_svm dim=valence subject=26 split 1/5
[13:06:22] repr_de_plv_mi_k200 model=rbf_svm dim=valence subject=26 split 1/5 trial_acc=0.625
[13:06:22] repr_de_plv_mi_k200 model=rbf_svm dim=valence subject=26 split 2/5
[13:07:06] repr_de_plv_mi_k200 model=rbf_svm dim=valence subject=26 split 2/5 trial_acc=0.750
[13:07:06] repr_de_plv_mi_k200 model=rbf_svm dim=valence subject=26 split 3/5
[13:07:51] repr_de_plv_mi_k200 model=rbf_svm dim=valence subject=26 split 3/5 trial_acc=0.500
[13:07:51] repr_de_plv_mi_k200 model=rbf_svm dim=valence subject=26 split 4/5
[13:08:35] repr_de_plv_mi_k200 model=rbf_svm dim=valence subject=26 split 4/5 trial_acc=0.500
[13:08:35] repr_de_plv_mi_k200 model=rbf_svm dim=valence subject=26 split 5/5
[13:09:19] repr_de_plv_mi_k200 model=rbf_svm dim=valence subject=26 split 5/5 trial_acc=0.375
[13:09:55] repr_de_plv_mi_k200 model=rbf_svm dim=valence subject=27 split 1/5
[13:10:36] repr_de_plv_mi_k200 model=rbf_svm dim=valence subject=27 split 1/5 trial_acc=0.500
[13:10:36] repr_de_plv_mi_k200 model=rbf_svm dim=valence subject=27 split 2/5
[13:11:17] repr_de_plv_mi_k200 model=rbf_svm dim=valence subject=27 split 2/5 trial_acc=0.750
[13:11:17] repr_de_plv_mi_k200 model=rbf_svm dim=valence subject=27 split 3/5
[13:11:58] repr_de_plv_mi_k200 model=rbf_svm dim=valence subject=27 split 3/5 trial_acc=0.625
[13:11:58] repr_de_plv_mi_k200 model=rbf_svm dim=valence subject=27 split 4/5
[13:12:39] repr_de_plv_mi_k200 model=rbf_svm dim=valence subject=27 split 4/5 trial_acc=0.750
[13:12:39] repr_de_plv_mi_k200 model=rbf_svm dim=valence subject=27 split 5/5
[13:13:21] repr_de_plv_mi_k200 model=rbf_svm dim=valence subject=27 split 5/5 trial_acc=0.250
[13:13:57] repr_de_plv_mi_k200 model=rbf_svm dim=valence subject=28 split 1/5
[13:14:38] repr_de_plv_mi_k200 model=rbf_svm dim=valence subject=28 split 1/5 trial_acc=0.500
[13:14:38] repr_de_plv_mi_k200 model=rbf_svm dim=valence subject=28 split 2/5
[13:15:19] repr_de_plv_mi_k200 model=rbf_svm dim=valence subject=28 split 2/5 trial_acc=0.625
[13:15:19] repr_de_plv_mi_k200 model=rbf_svm dim=valence subject=28 split 3/5
[13:16:01] repr_de_plv_mi_k200 model=rbf_svm dim=valence subject=28 split 3/5 trial_acc=0.750
[13:16:01] repr_de_plv_mi_k200 model=rbf_svm dim=valence subject=28 split 4/5
[13:16:42] repr_de_plv_mi_k200 model=rbf_svm dim=valence subject=28 split 4/5 trial_acc=0.500
[13:16:42] repr_de_plv_mi_k200 model=rbf_svm dim=valence subject=28 split 5/5
[13:17:23] repr_de_plv_mi_k200 model=rbf_svm dim=valence subject=28 split 5/5 trial_acc=0.625
[13:17:59] repr_de_plv_mi_k200 model=rbf_svm dim=valence subject=29 split 1/5
[13:18:40] repr_de_plv_mi_k200 model=rbf_svm dim=valence subject=29 split 1/5 trial_acc=0.500
[13:18:40] repr_de_plv_mi_k200 model=rbf_svm dim=valence subject=29 split 2/5
[13:19:21] repr_de_plv_mi_k200 model=rbf_svm dim=valence subject=29 split 2/5 trial_acc=0.625
[13:19:21] repr_de_plv_mi_k200 model=rbf_svm dim=valence subject=29 split 3/5
[13:20:02] repr_de_plv_mi_k200 model=rbf_svm dim=valence subject=29 split 3/5 trial_acc=0.375
[13:20:02] repr_de_plv_mi_k200 model=rbf_svm dim=valence subject=29 split 4/5
[13:20:42] repr_de_plv_mi_k200 model=rbf_svm dim=valence subject=29 split 4/5 trial_acc=0.500
[13:20:42] repr_de_plv_mi_k200 model=rbf_svm dim=valence subject=29 split 5/5
[13:21:23] repr_de_plv_mi_k200 model=rbf_svm dim=valence subject=29 split 5/5 trial_acc=0.750
[13:21:59] repr_de_plv_mi_k200 model=rbf_svm dim=valence subject=30 split 1/5
[13:22:41] repr_de_plv_mi_k200 model=rbf_svm dim=valence subject=30 split 1/5 trial_acc=0.375
[13:22:41] repr_de_plv_mi_k200 model=rbf_svm dim=valence subject=30 split 2/5
[13:23:22] repr_de_plv_mi_k200 model=rbf_svm dim=valence subject=30 split 2/5 trial_acc=0.625
[13:23:22] repr_de_plv_mi_k200 model=rbf_svm dim=valence subject=30 split 3/5
[13:24:03] repr_de_plv_mi_k200 model=rbf_svm dim=valence subject=30 split 3/5 trial_acc=0.625
[13:24:03] repr_de_plv_mi_k200 model=rbf_svm dim=valence subject=30 split 4/5
[13:24:44] repr_de_plv_mi_k200 model=rbf_svm dim=valence subject=30 split 4/5 trial_acc=0.375
[13:24:44] repr_de_plv_mi_k200 model=rbf_svm dim=valence subject=30 split 5/5
[13:25:25] repr_de_plv_mi_k200 model=rbf_svm dim=valence subject=30 split 5/5 trial_acc=0.500
[13:26:01] repr_de_plv_mi_k200 model=rbf_svm dim=valence subject=31 split 1/5
[13:26:42] repr_de_plv_mi_k200 model=rbf_svm dim=valence subject=31 split 1/5 trial_acc=0.375
[13:26:42] repr_de_plv_mi_k200 model=rbf_svm dim=valence subject=31 split 2/5
[13:27:23] repr_de_plv_mi_k200 model=rbf_svm dim=valence subject=31 split 2/5 trial_acc=0.625
[13:27:23] repr_de_plv_mi_k200 model=rbf_svm dim=valence subject=31 split 3/5
[13:28:04] repr_de_plv_mi_k200 model=rbf_svm dim=valence subject=31 split 3/5 trial_acc=0.875
[13:28:04] repr_de_plv_mi_k200 model=rbf_svm dim=valence subject=31 split 4/5
[13:28:45] repr_de_plv_mi_k200 model=rbf_svm dim=valence subject=31 split 4/5 trial_acc=0.500
[13:28:45] repr_de_plv_mi_k200 model=rbf_svm dim=valence subject=31 split 5/5
[13:29:26] repr_de_plv_mi_k200 model=rbf_svm dim=valence subject=31 split 5/5 trial_acc=0.625
[13:30:02] repr_de_plv_mi_k200 model=rbf_svm dim=valence subject=32 split 1/5
[13:30:43] repr_de_plv_mi_k200 model=rbf_svm dim=valence subject=32 split 1/5 trial_acc=0.500
[13:30:43] repr_de_plv_mi_k200 model=rbf_svm dim=valence subject=32 split 2/5
[13:31:24] repr_de_plv_mi_k200 model=rbf_svm dim=valence subject=32 split 2/5 trial_acc=0.375
[13:31:24] repr_de_plv_mi_k200 model=rbf_svm dim=valence subject=32 split 3/5
[13:32:05] repr_de_plv_mi_k200 model=rbf_svm dim=valence subject=32 split 3/5 trial_acc=0.500
[13:32:05] repr_de_plv_mi_k200 model=rbf_svm dim=valence subject=32 split 4/5
[13:32:46] repr_de_plv_mi_k200 model=rbf_svm dim=valence subject=32 split 4/5 trial_acc=0.375
[13:32:46] repr_de_plv_mi_k200 model=rbf_svm dim=valence subject=32 split 5/5
[13:33:27] repr_de_plv_mi_k200 model=rbf_svm dim=valence subject=32 split 5/5 trial_acc=0.375
[13:33:27] repr_de_plv_mi_k200 model=rbf_svm dim=arousal subject=1 split 1/5
[13:34:08] repr_de_plv_mi_k200 model=rbf_svm dim=arousal subject=1 split 1/5 trial_acc=0.625
[13:34:08] repr_de_plv_mi_k200 model=rbf_svm dim=arousal subject=1 split 2/5
[13:34:49] repr_de_plv_mi_k200 model=rbf_svm dim=arousal subject=1 split 2/5 trial_acc=0.500
[13:34:49] repr_de_plv_mi_k200 model=rbf_svm dim=arousal subject=1 split 3/5
[13:35:30] repr_de_plv_mi_k200 model=rbf_svm dim=arousal subject=1 split 3/5 trial_acc=0.625
[13:35:30] repr_de_plv_mi_k200 model=rbf_svm dim=arousal subject=1 split 4/5
[13:36:11] repr_de_plv_mi_k200 model=rbf_svm dim=arousal subject=1 split 4/5 trial_acc=0.750
[13:36:11] repr_de_plv_mi_k200 model=rbf_svm dim=arousal subject=1 split 5/5
[13:36:53] repr_de_plv_mi_k200 model=rbf_svm dim=arousal subject=1 split 5/5 trial_acc=0.500
[13:36:53] repr_de_plv_mi_k200 model=rbf_svm dim=arousal subject=2 split 1/5
[13:37:36] repr_de_plv_mi_k200 model=rbf_svm dim=arousal subject=2 split 1/5 trial_acc=0.750
[13:37:36] repr_de_plv_mi_k200 model=rbf_svm dim=arousal subject=2 split 2/5
[13:38:19] repr_de_plv_mi_k200 model=rbf_svm dim=arousal subject=2 split 2/5 trial_acc=0.625
[13:38:19] repr_de_plv_mi_k200 model=rbf_svm dim=arousal subject=2 split 3/5
[13:39:01] repr_de_plv_mi_k200 model=rbf_svm dim=arousal subject=2 split 3/5 trial_acc=0.500
[13:39:01] repr_de_plv_mi_k200 model=rbf_svm dim=arousal subject=2 split 4/5
[13:39:45] repr_de_plv_mi_k200 model=rbf_svm dim=arousal subject=2 split 4/5 trial_acc=0.750
[13:39:45] repr_de_plv_mi_k200 model=rbf_svm dim=arousal subject=2 split 5/5
[13:40:27] repr_de_plv_mi_k200 model=rbf_svm dim=arousal subject=2 split 5/5 trial_acc=0.500
[13:40:27] repr_de_plv_mi_k200 model=rbf_svm dim=arousal subject=3 split 1/5
[13:41:08] repr_de_plv_mi_k200 model=rbf_svm dim=arousal subject=3 split 1/5 trial_acc=0.625
[13:41:08] repr_de_plv_mi_k200 model=rbf_svm dim=arousal subject=3 split 2/5
[13:41:49] repr_de_plv_mi_k200 model=rbf_svm dim=arousal subject=3 split 2/5 trial_acc=0.750
[13:41:49] repr_de_plv_mi_k200 model=rbf_svm dim=arousal subject=3 split 3/5
[13:42:30] repr_de_plv_mi_k200 model=rbf_svm dim=arousal subject=3 split 3/5 trial_acc=0.750
[13:42:30] repr_de_plv_mi_k200 model=rbf_svm dim=arousal subject=3 split 4/5
[13:43:11] repr_de_plv_mi_k200 model=rbf_svm dim=arousal subject=3 split 4/5 trial_acc=0.625
[13:43:11] repr_de_plv_mi_k200 model=rbf_svm dim=arousal subject=3 split 5/5
[13:43:52] repr_de_plv_mi_k200 model=rbf_svm dim=arousal subject=3 split 5/5 trial_acc=0.625
[13:43:52] repr_de_plv_mi_k200 model=rbf_svm dim=arousal subject=4 split 1/5
[13:44:34] repr_de_plv_mi_k200 model=rbf_svm dim=arousal subject=4 split 1/5 trial_acc=0.500
[13:44:34] repr_de_plv_mi_k200 model=rbf_svm dim=arousal subject=4 split 2/5
[13:45:15] repr_de_plv_mi_k200 model=rbf_svm dim=arousal subject=4 split 2/5 trial_acc=0.375
[13:45:15] repr_de_plv_mi_k200 model=rbf_svm dim=arousal subject=4 split 3/5
[13:45:56] repr_de_plv_mi_k200 model=rbf_svm dim=arousal subject=4 split 3/5 trial_acc=0.375
[13:45:56] repr_de_plv_mi_k200 model=rbf_svm dim=arousal subject=4 split 4/5
[13:46:37] repr_de_plv_mi_k200 model=rbf_svm dim=arousal subject=4 split 4/5 trial_acc=0.500
[13:46:37] repr_de_plv_mi_k200 model=rbf_svm dim=arousal subject=4 split 5/5
[13:47:18] repr_de_plv_mi_k200 model=rbf_svm dim=arousal subject=4 split 5/5 trial_acc=0.375
[13:47:18] repr_de_plv_mi_k200 model=rbf_svm dim=arousal subject=5 split 1/5
[13:47:59] repr_de_plv_mi_k200 model=rbf_svm dim=arousal subject=5 split 1/5 trial_acc=0.375
[13:47:59] repr_de_plv_mi_k200 model=rbf_svm dim=arousal subject=5 split 2/5
[13:48:41] repr_de_plv_mi_k200 model=rbf_svm dim=arousal subject=5 split 2/5 trial_acc=0.625
[13:48:41] repr_de_plv_mi_k200 model=rbf_svm dim=arousal subject=5 split 3/5
[13:49:22] repr_de_plv_mi_k200 model=rbf_svm dim=arousal subject=5 split 3/5 trial_acc=0.625
[13:49:22] repr_de_plv_mi_k200 model=rbf_svm dim=arousal subject=5 split 4/5
[13:50:03] repr_de_plv_mi_k200 model=rbf_svm dim=arousal subject=5 split 4/5 trial_acc=0.125
[13:50:03] repr_de_plv_mi_k200 model=rbf_svm dim=arousal subject=5 split 5/5
[13:50:44] repr_de_plv_mi_k200 model=rbf_svm dim=arousal subject=5 split 5/5 trial_acc=0.500
[13:50:44] repr_de_plv_mi_k200 model=rbf_svm dim=arousal subject=6 split 1/5
[13:51:25] repr_de_plv_mi_k200 model=rbf_svm dim=arousal subject=6 split 1/5 trial_acc=0.375
[13:51:25] repr_de_plv_mi_k200 model=rbf_svm dim=arousal subject=6 split 2/5
[13:52:07] repr_de_plv_mi_k200 model=rbf_svm dim=arousal subject=6 split 2/5 trial_acc=0.750
[13:52:07] repr_de_plv_mi_k200 model=rbf_svm dim=arousal subject=6 split 3/5
[13:52:48] repr_de_plv_mi_k200 model=rbf_svm dim=arousal subject=6 split 3/5 trial_acc=0.750
[13:52:48] repr_de_plv_mi_k200 model=rbf_svm dim=arousal subject=6 split 4/5
[13:53:29] repr_de_plv_mi_k200 model=rbf_svm dim=arousal subject=6 split 4/5 trial_acc=0.500
[13:53:29] repr_de_plv_mi_k200 model=rbf_svm dim=arousal subject=6 split 5/5
[13:54:10] repr_de_plv_mi_k200 model=rbf_svm dim=arousal subject=6 split 5/5 trial_acc=0.500
[13:54:10] repr_de_plv_mi_k200 model=rbf_svm dim=arousal subject=7 split 1/5
[13:54:51] repr_de_plv_mi_k200 model=rbf_svm dim=arousal subject=7 split 1/5 trial_acc=0.500
[13:54:51] repr_de_plv_mi_k200 model=rbf_svm dim=arousal subject=7 split 2/5
[13:55:32] repr_de_plv_mi_k200 model=rbf_svm dim=arousal subject=7 split 2/5 trial_acc=0.250
[13:55:32] repr_de_plv_mi_k200 model=rbf_svm dim=arousal subject=7 split 3/5
[13:56:13] repr_de_plv_mi_k200 model=rbf_svm dim=arousal subject=7 split 3/5 trial_acc=0.625
[13:56:13] repr_de_plv_mi_k200 model=rbf_svm dim=arousal subject=7 split 4/5
[13:56:54] repr_de_plv_mi_k200 model=rbf_svm dim=arousal subject=7 split 4/5 trial_acc=0.625
[13:56:54] repr_de_plv_mi_k200 model=rbf_svm dim=arousal subject=7 split 5/5
[13:57:35] repr_de_plv_mi_k200 model=rbf_svm dim=arousal subject=7 split 5/5 trial_acc=0.625
[13:57:35] repr_de_plv_mi_k200 model=rbf_svm dim=arousal subject=8 split 1/5
[13:58:16] repr_de_plv_mi_k200 model=rbf_svm dim=arousal subject=8 split 1/5 trial_acc=0.250
[13:58:16] repr_de_plv_mi_k200 model=rbf_svm dim=arousal subject=8 split 2/5
[13:58:58] repr_de_plv_mi_k200 model=rbf_svm dim=arousal subject=8 split 2/5 trial_acc=0.500
[13:58:58] repr_de_plv_mi_k200 model=rbf_svm dim=arousal subject=8 split 3/5
[13:59:39] repr_de_plv_mi_k200 model=rbf_svm dim=arousal subject=8 split 3/5 trial_acc=0.375
[13:59:39] repr_de_plv_mi_k200 model=rbf_svm dim=arousal subject=8 split 4/5
[14:00:20] repr_de_plv_mi_k200 model=rbf_svm dim=arousal subject=8 split 4/5 trial_acc=0.625
[14:00:20] repr_de_plv_mi_k200 model=rbf_svm dim=arousal subject=8 split 5/5
[14:01:01] repr_de_plv_mi_k200 model=rbf_svm dim=arousal subject=8 split 5/5 trial_acc=0.375
[14:01:01] repr_de_plv_mi_k200 model=rbf_svm dim=arousal subject=9 split 1/5
[14:01:42] repr_de_plv_mi_k200 model=rbf_svm dim=arousal subject=9 split 1/5 trial_acc=0.625
[14:01:42] repr_de_plv_mi_k200 model=rbf_svm dim=arousal subject=9 split 2/5
[14:02:24] repr_de_plv_mi_k200 model=rbf_svm dim=arousal subject=9 split 2/5 trial_acc=0.625
[14:02:24] repr_de_plv_mi_k200 model=rbf_svm dim=arousal subject=9 split 3/5
[14:03:05] repr_de_plv_mi_k200 model=rbf_svm dim=arousal subject=9 split 3/5 trial_acc=0.500
[14:03:05] repr_de_plv_mi_k200 model=rbf_svm dim=arousal subject=9 split 4/5
[14:03:46] repr_de_plv_mi_k200 model=rbf_svm dim=arousal subject=9 split 4/5 trial_acc=0.625
[14:03:46] repr_de_plv_mi_k200 model=rbf_svm dim=arousal subject=9 split 5/5
[14:04:27] repr_de_plv_mi_k200 model=rbf_svm dim=arousal subject=9 split 5/5 trial_acc=0.500
[14:04:27] repr_de_plv_mi_k200 model=rbf_svm dim=arousal subject=10 split 1/5
[14:05:07] repr_de_plv_mi_k200 model=rbf_svm dim=arousal subject=10 split 1/5 trial_acc=0.375
[14:05:07] repr_de_plv_mi_k200 model=rbf_svm dim=arousal subject=10 split 2/5
[14:05:48] repr_de_plv_mi_k200 model=rbf_svm dim=arousal subject=10 split 2/5 trial_acc=0.750
[14:05:48] repr_de_plv_mi_k200 model=rbf_svm dim=arousal subject=10 split 3/5
[14:06:29] repr_de_plv_mi_k200 model=rbf_svm dim=arousal subject=10 split 3/5 trial_acc=0.375
[14:06:29] repr_de_plv_mi_k200 model=rbf_svm dim=arousal subject=10 split 4/5
[14:07:10] repr_de_plv_mi_k200 model=rbf_svm dim=arousal subject=10 split 4/5 trial_acc=0.500
[14:07:10] repr_de_plv_mi_k200 model=rbf_svm dim=arousal subject=10 split 5/5
[14:07:51] repr_de_plv_mi_k200 model=rbf_svm dim=arousal subject=10 split 5/5 trial_acc=0.500
[14:07:51] repr_de_plv_mi_k200 model=rbf_svm dim=arousal subject=11 split 1/5
[14:08:32] repr_de_plv_mi_k200 model=rbf_svm dim=arousal subject=11 split 1/5 trial_acc=0.625
[14:08:32] repr_de_plv_mi_k200 model=rbf_svm dim=arousal subject=11 split 2/5
[14:09:13] repr_de_plv_mi_k200 model=rbf_svm dim=arousal subject=11 split 2/5 trial_acc=0.250
[14:09:13] repr_de_plv_mi_k200 model=rbf_svm dim=arousal subject=11 split 3/5
[14:09:54] repr_de_plv_mi_k200 model=rbf_svm dim=arousal subject=11 split 3/5 trial_acc=0.375
[14:09:54] repr_de_plv_mi_k200 model=rbf_svm dim=arousal subject=11 split 4/5
[14:10:35] repr_de_plv_mi_k200 model=rbf_svm dim=arousal subject=11 split 4/5 trial_acc=0.500
[14:10:35] repr_de_plv_mi_k200 model=rbf_svm dim=arousal subject=11 split 5/5
[14:11:16] repr_de_plv_mi_k200 model=rbf_svm dim=arousal subject=11 split 5/5 trial_acc=0.750
[14:11:16] repr_de_plv_mi_k200 model=rbf_svm dim=arousal subject=12 split 1/5
[14:11:57] repr_de_plv_mi_k200 model=rbf_svm dim=arousal subject=12 split 1/5 trial_acc=0.875
[14:11:57] repr_de_plv_mi_k200 model=rbf_svm dim=arousal subject=12 split 2/5
[14:12:39] repr_de_plv_mi_k200 model=rbf_svm dim=arousal subject=12 split 2/5 trial_acc=0.625
[14:12:39] repr_de_plv_mi_k200 model=rbf_svm dim=arousal subject=12 split 3/5
[14:13:19] repr_de_plv_mi_k200 model=rbf_svm dim=arousal subject=12 split 3/5 trial_acc=0.875
[14:13:19] repr_de_plv_mi_k200 model=rbf_svm dim=arousal subject=12 split 4/5
[14:14:00] repr_de_plv_mi_k200 model=rbf_svm dim=arousal subject=12 split 4/5 trial_acc=0.875
[14:14:00] repr_de_plv_mi_k200 model=rbf_svm dim=arousal subject=12 split 5/5
[14:14:42] repr_de_plv_mi_k200 model=rbf_svm dim=arousal subject=12 split 5/5 trial_acc=0.500
[14:14:42] repr_de_plv_mi_k200 model=rbf_svm dim=arousal subject=13 split 1/5
[14:15:23] repr_de_plv_mi_k200 model=rbf_svm dim=arousal subject=13 split 1/5 trial_acc=0.500
[14:15:23] repr_de_plv_mi_k200 model=rbf_svm dim=arousal subject=13 split 2/5
[14:16:04] repr_de_plv_mi_k200 model=rbf_svm dim=arousal subject=13 split 2/5 trial_acc=0.500
[14:16:04] repr_de_plv_mi_k200 model=rbf_svm dim=arousal subject=13 split 3/5
[14:16:45] repr_de_plv_mi_k200 model=rbf_svm dim=arousal subject=13 split 3/5 trial_acc=0.500
[14:16:45] repr_de_plv_mi_k200 model=rbf_svm dim=arousal subject=13 split 4/5
[14:17:27] repr_de_plv_mi_k200 model=rbf_svm dim=arousal subject=13 split 4/5 trial_acc=0.500
[14:17:27] repr_de_plv_mi_k200 model=rbf_svm dim=arousal subject=13 split 5/5
[14:18:08] repr_de_plv_mi_k200 model=rbf_svm dim=arousal subject=13 split 5/5 trial_acc=0.750
[14:18:08] repr_de_plv_mi_k200 model=rbf_svm dim=arousal subject=14 split 1/5
[14:18:49] repr_de_plv_mi_k200 model=rbf_svm dim=arousal subject=14 split 1/5 trial_acc=0.250
[14:18:49] repr_de_plv_mi_k200 model=rbf_svm dim=arousal subject=14 split 2/5
[14:19:30] repr_de_plv_mi_k200 model=rbf_svm dim=arousal subject=14 split 2/5 trial_acc=0.500
[14:19:30] repr_de_plv_mi_k200 model=rbf_svm dim=arousal subject=14 split 3/5
[14:20:11] repr_de_plv_mi_k200 model=rbf_svm dim=arousal subject=14 split 3/5 trial_acc=0.750
[14:20:11] repr_de_plv_mi_k200 model=rbf_svm dim=arousal subject=14 split 4/5
[14:20:52] repr_de_plv_mi_k200 model=rbf_svm dim=arousal subject=14 split 4/5 trial_acc=0.500
[14:20:52] repr_de_plv_mi_k200 model=rbf_svm dim=arousal subject=14 split 5/5
[14:21:33] repr_de_plv_mi_k200 model=rbf_svm dim=arousal subject=14 split 5/5 trial_acc=0.375
[14:21:33] repr_de_plv_mi_k200 model=rbf_svm dim=arousal subject=15 split 1/5
[14:22:14] repr_de_plv_mi_k200 model=rbf_svm dim=arousal subject=15 split 1/5 trial_acc=0.500
[14:22:14] repr_de_plv_mi_k200 model=rbf_svm dim=arousal subject=15 split 2/5
[14:22:55] repr_de_plv_mi_k200 model=rbf_svm dim=arousal subject=15 split 2/5 trial_acc=0.625
[14:22:55] repr_de_plv_mi_k200 model=rbf_svm dim=arousal subject=15 split 3/5
[14:23:36] repr_de_plv_mi_k200 model=rbf_svm dim=arousal subject=15 split 3/5 trial_acc=0.125
[14:23:36] repr_de_plv_mi_k200 model=rbf_svm dim=arousal subject=15 split 4/5
[14:24:17] repr_de_plv_mi_k200 model=rbf_svm dim=arousal subject=15 split 4/5 trial_acc=0.375
[14:24:17] repr_de_plv_mi_k200 model=rbf_svm dim=arousal subject=15 split 5/5
[14:24:58] repr_de_plv_mi_k200 model=rbf_svm dim=arousal subject=15 split 5/5 trial_acc=0.625
[14:24:58] repr_de_plv_mi_k200 model=rbf_svm dim=arousal subject=16 split 1/5
[14:25:39] repr_de_plv_mi_k200 model=rbf_svm dim=arousal subject=16 split 1/5 trial_acc=0.750
[14:25:39] repr_de_plv_mi_k200 model=rbf_svm dim=arousal subject=16 split 2/5
[14:26:20] repr_de_plv_mi_k200 model=rbf_svm dim=arousal subject=16 split 2/5 trial_acc=0.750
[14:26:20] repr_de_plv_mi_k200 model=rbf_svm dim=arousal subject=16 split 3/5
[14:27:01] repr_de_plv_mi_k200 model=rbf_svm dim=arousal subject=16 split 3/5 trial_acc=0.750
[14:27:01] repr_de_plv_mi_k200 model=rbf_svm dim=arousal subject=16 split 4/5
[14:27:42] repr_de_plv_mi_k200 model=rbf_svm dim=arousal subject=16 split 4/5 trial_acc=0.625
[14:27:42] repr_de_plv_mi_k200 model=rbf_svm dim=arousal subject=16 split 5/5
[14:28:23] repr_de_plv_mi_k200 model=rbf_svm dim=arousal subject=16 split 5/5 trial_acc=0.500
[14:28:23] repr_de_plv_mi_k200 model=rbf_svm dim=arousal subject=17 split 1/5
[14:29:04] repr_de_plv_mi_k200 model=rbf_svm dim=arousal subject=17 split 1/5 trial_acc=0.750
[14:29:04] repr_de_plv_mi_k200 model=rbf_svm dim=arousal subject=17 split 2/5
[14:29:45] repr_de_plv_mi_k200 model=rbf_svm dim=arousal subject=17 split 2/5 trial_acc=0.625
[14:29:45] repr_de_plv_mi_k200 model=rbf_svm dim=arousal subject=17 split 3/5
[14:30:26] repr_de_plv_mi_k200 model=rbf_svm dim=arousal subject=17 split 3/5 trial_acc=0.875
[14:30:26] repr_de_plv_mi_k200 model=rbf_svm dim=arousal subject=17 split 4/5
[14:31:07] repr_de_plv_mi_k200 model=rbf_svm dim=arousal subject=17 split 4/5 trial_acc=0.750
[14:31:07] repr_de_plv_mi_k200 model=rbf_svm dim=arousal subject=17 split 5/5
[14:31:48] repr_de_plv_mi_k200 model=rbf_svm dim=arousal subject=17 split 5/5 trial_acc=0.625
[14:31:48] repr_de_plv_mi_k200 model=rbf_svm dim=arousal subject=18 split 1/5
[14:32:29] repr_de_plv_mi_k200 model=rbf_svm dim=arousal subject=18 split 1/5 trial_acc=0.375
[14:32:29] repr_de_plv_mi_k200 model=rbf_svm dim=arousal subject=18 split 2/5
[14:33:10] repr_de_plv_mi_k200 model=rbf_svm dim=arousal subject=18 split 2/5 trial_acc=0.500
[14:33:10] repr_de_plv_mi_k200 model=rbf_svm dim=arousal subject=18 split 3/5
[14:33:51] repr_de_plv_mi_k200 model=rbf_svm dim=arousal subject=18 split 3/5 trial_acc=0.625
[14:33:51] repr_de_plv_mi_k200 model=rbf_svm dim=arousal subject=18 split 4/5
[14:34:31] repr_de_plv_mi_k200 model=rbf_svm dim=arousal subject=18 split 4/5 trial_acc=0.500
[14:34:31] repr_de_plv_mi_k200 model=rbf_svm dim=arousal subject=18 split 5/5
[14:35:12] repr_de_plv_mi_k200 model=rbf_svm dim=arousal subject=18 split 5/5 trial_acc=0.500
[14:35:12] repr_de_plv_mi_k200 model=rbf_svm dim=arousal subject=19 split 1/5
[14:35:54] repr_de_plv_mi_k200 model=rbf_svm dim=arousal subject=19 split 1/5 trial_acc=0.625
[14:35:54] repr_de_plv_mi_k200 model=rbf_svm dim=arousal subject=19 split 2/5
[14:36:35] repr_de_plv_mi_k200 model=rbf_svm dim=arousal subject=19 split 2/5 trial_acc=0.500
[14:36:35] repr_de_plv_mi_k200 model=rbf_svm dim=arousal subject=19 split 3/5
[14:37:16] repr_de_plv_mi_k200 model=rbf_svm dim=arousal subject=19 split 3/5 trial_acc=0.500
[14:37:16] repr_de_plv_mi_k200 model=rbf_svm dim=arousal subject=19 split 4/5
[14:37:57] repr_de_plv_mi_k200 model=rbf_svm dim=arousal subject=19 split 4/5 trial_acc=0.625
[14:37:57] repr_de_plv_mi_k200 model=rbf_svm dim=arousal subject=19 split 5/5
[14:38:38] repr_de_plv_mi_k200 model=rbf_svm dim=arousal subject=19 split 5/5 trial_acc=0.625
[14:38:38] repr_de_plv_mi_k200 model=rbf_svm dim=arousal subject=20 split 1/5
[14:39:19] repr_de_plv_mi_k200 model=rbf_svm dim=arousal subject=20 split 1/5 trial_acc=0.500
[14:39:19] repr_de_plv_mi_k200 model=rbf_svm dim=arousal subject=20 split 2/5
[14:40:00] repr_de_plv_mi_k200 model=rbf_svm dim=arousal subject=20 split 2/5 trial_acc=0.875
[14:40:00] repr_de_plv_mi_k200 model=rbf_svm dim=arousal subject=20 split 3/5
[14:40:41] repr_de_plv_mi_k200 model=rbf_svm dim=arousal subject=20 split 3/5 trial_acc=0.375
[14:40:41] repr_de_plv_mi_k200 model=rbf_svm dim=arousal subject=20 split 4/5
[14:41:22] repr_de_plv_mi_k200 model=rbf_svm dim=arousal subject=20 split 4/5 trial_acc=0.625
[14:41:22] repr_de_plv_mi_k200 model=rbf_svm dim=arousal subject=20 split 5/5
[14:42:03] repr_de_plv_mi_k200 model=rbf_svm dim=arousal subject=20 split 5/5 trial_acc=0.625
[14:42:03] repr_de_plv_mi_k200 model=rbf_svm dim=arousal subject=21 split 1/5
[14:42:44] repr_de_plv_mi_k200 model=rbf_svm dim=arousal subject=21 split 1/5 trial_acc=0.750
[14:42:44] repr_de_plv_mi_k200 model=rbf_svm dim=arousal subject=21 split 2/5
[14:43:26] repr_de_plv_mi_k200 model=rbf_svm dim=arousal subject=21 split 2/5 trial_acc=0.625
[14:43:26] repr_de_plv_mi_k200 model=rbf_svm dim=arousal subject=21 split 3/5
[14:44:07] repr_de_plv_mi_k200 model=rbf_svm dim=arousal subject=21 split 3/5 trial_acc=1.000
[14:44:07] repr_de_plv_mi_k200 model=rbf_svm dim=arousal subject=21 split 4/5
[14:44:48] repr_de_plv_mi_k200 model=rbf_svm dim=arousal subject=21 split 4/5 trial_acc=0.250
[14:44:48] repr_de_plv_mi_k200 model=rbf_svm dim=arousal subject=21 split 5/5
[14:45:30] repr_de_plv_mi_k200 model=rbf_svm dim=arousal subject=21 split 5/5 trial_acc=0.250
[14:45:30] repr_de_plv_mi_k200 model=rbf_svm dim=arousal subject=22 split 1/5
[14:46:11] repr_de_plv_mi_k200 model=rbf_svm dim=arousal subject=22 split 1/5 trial_acc=0.750
[14:46:11] repr_de_plv_mi_k200 model=rbf_svm dim=arousal subject=22 split 2/5
[14:46:52] repr_de_plv_mi_k200 model=rbf_svm dim=arousal subject=22 split 2/5 trial_acc=0.625
[14:46:52] repr_de_plv_mi_k200 model=rbf_svm dim=arousal subject=22 split 3/5
[14:47:33] repr_de_plv_mi_k200 model=rbf_svm dim=arousal subject=22 split 3/5 trial_acc=0.375
[14:47:33] repr_de_plv_mi_k200 model=rbf_svm dim=arousal subject=22 split 4/5
[14:48:13] repr_de_plv_mi_k200 model=rbf_svm dim=arousal subject=22 split 4/5 trial_acc=0.625
[14:48:13] repr_de_plv_mi_k200 model=rbf_svm dim=arousal subject=22 split 5/5
[14:48:54] repr_de_plv_mi_k200 model=rbf_svm dim=arousal subject=22 split 5/5 trial_acc=0.750
[14:48:54] repr_de_plv_mi_k200 model=rbf_svm dim=arousal subject=23 split 1/5
[14:49:35] repr_de_plv_mi_k200 model=rbf_svm dim=arousal subject=23 split 1/5 trial_acc=0.750
[14:49:35] repr_de_plv_mi_k200 model=rbf_svm dim=arousal subject=23 split 2/5
[14:50:16] repr_de_plv_mi_k200 model=rbf_svm dim=arousal subject=23 split 2/5 trial_acc=0.375
[14:50:16] repr_de_plv_mi_k200 model=rbf_svm dim=arousal subject=23 split 3/5
[14:50:57] repr_de_plv_mi_k200 model=rbf_svm dim=arousal subject=23 split 3/5 trial_acc=0.375
[14:50:57] repr_de_plv_mi_k200 model=rbf_svm dim=arousal subject=23 split 4/5
[14:51:38] repr_de_plv_mi_k200 model=rbf_svm dim=arousal subject=23 split 4/5 trial_acc=0.500
[14:51:38] repr_de_plv_mi_k200 model=rbf_svm dim=arousal subject=23 split 5/5
[14:52:19] repr_de_plv_mi_k200 model=rbf_svm dim=arousal subject=23 split 5/5 trial_acc=0.250
[14:52:19] repr_de_plv_mi_k200 model=rbf_svm dim=arousal subject=24 split 1/5
[14:53:00] repr_de_plv_mi_k200 model=rbf_svm dim=arousal subject=24 split 1/5 trial_acc=0.625
[14:53:00] repr_de_plv_mi_k200 model=rbf_svm dim=arousal subject=24 split 2/5
[14:53:41] repr_de_plv_mi_k200 model=rbf_svm dim=arousal subject=24 split 2/5 trial_acc=0.750
[14:53:41] repr_de_plv_mi_k200 model=rbf_svm dim=arousal subject=24 split 3/5
[14:54:21] repr_de_plv_mi_k200 model=rbf_svm dim=arousal subject=24 split 3/5 trial_acc=0.875
[14:54:21] repr_de_plv_mi_k200 model=rbf_svm dim=arousal subject=24 split 4/5
[14:55:02] repr_de_plv_mi_k200 model=rbf_svm dim=arousal subject=24 split 4/5 trial_acc=0.250
[14:55:02] repr_de_plv_mi_k200 model=rbf_svm dim=arousal subject=24 split 5/5
[14:55:43] repr_de_plv_mi_k200 model=rbf_svm dim=arousal subject=24 split 5/5 trial_acc=0.375
[14:55:43] repr_de_plv_mi_k200 model=rbf_svm dim=arousal subject=25 split 1/5
[14:56:23] repr_de_plv_mi_k200 model=rbf_svm dim=arousal subject=25 split 1/5 trial_acc=0.625
[14:56:23] repr_de_plv_mi_k200 model=rbf_svm dim=arousal subject=25 split 2/5
[14:57:04] repr_de_plv_mi_k200 model=rbf_svm dim=arousal subject=25 split 2/5 trial_acc=0.875
[14:57:04] repr_de_plv_mi_k200 model=rbf_svm dim=arousal subject=25 split 3/5
[14:57:45] repr_de_plv_mi_k200 model=rbf_svm dim=arousal subject=25 split 3/5 trial_acc=0.375
[14:57:45] repr_de_plv_mi_k200 model=rbf_svm dim=arousal subject=25 split 4/5
[14:58:25] repr_de_plv_mi_k200 model=rbf_svm dim=arousal subject=25 split 4/5 trial_acc=0.875
[14:58:25] repr_de_plv_mi_k200 model=rbf_svm dim=arousal subject=25 split 5/5
[14:59:06] repr_de_plv_mi_k200 model=rbf_svm dim=arousal subject=25 split 5/5 trial_acc=0.625
[14:59:06] repr_de_plv_mi_k200 model=rbf_svm dim=arousal subject=26 split 1/5
[14:59:47] repr_de_plv_mi_k200 model=rbf_svm dim=arousal subject=26 split 1/5 trial_acc=0.500
[14:59:47] repr_de_plv_mi_k200 model=rbf_svm dim=arousal subject=26 split 2/5
[15:00:28] repr_de_plv_mi_k200 model=rbf_svm dim=arousal subject=26 split 2/5 trial_acc=0.375
[15:00:28] repr_de_plv_mi_k200 model=rbf_svm dim=arousal subject=26 split 3/5
[15:01:09] repr_de_plv_mi_k200 model=rbf_svm dim=arousal subject=26 split 3/5 trial_acc=0.375
[15:01:09] repr_de_plv_mi_k200 model=rbf_svm dim=arousal subject=26 split 4/5
[15:01:50] repr_de_plv_mi_k200 model=rbf_svm dim=arousal subject=26 split 4/5 trial_acc=0.750
[15:01:50] repr_de_plv_mi_k200 model=rbf_svm dim=arousal subject=26 split 5/5
[15:02:30] repr_de_plv_mi_k200 model=rbf_svm dim=arousal subject=26 split 5/5 trial_acc=0.625
[15:02:30] repr_de_plv_mi_k200 model=rbf_svm dim=arousal subject=27 split 1/5
[15:03:12] repr_de_plv_mi_k200 model=rbf_svm dim=arousal subject=27 split 1/5 trial_acc=0.750
[15:03:12] repr_de_plv_mi_k200 model=rbf_svm dim=arousal subject=27 split 2/5
[15:03:53] repr_de_plv_mi_k200 model=rbf_svm dim=arousal subject=27 split 2/5 trial_acc=0.875
[15:03:53] repr_de_plv_mi_k200 model=rbf_svm dim=arousal subject=27 split 3/5
[15:04:34] repr_de_plv_mi_k200 model=rbf_svm dim=arousal subject=27 split 3/5 trial_acc=0.875
[15:04:34] repr_de_plv_mi_k200 model=rbf_svm dim=arousal subject=27 split 4/5
[15:05:15] repr_de_plv_mi_k200 model=rbf_svm dim=arousal subject=27 split 4/5 trial_acc=0.875
[15:05:15] repr_de_plv_mi_k200 model=rbf_svm dim=arousal subject=27 split 5/5
[15:05:56] repr_de_plv_mi_k200 model=rbf_svm dim=arousal subject=27 split 5/5 trial_acc=0.875
[15:05:56] repr_de_plv_mi_k200 model=rbf_svm dim=arousal subject=28 split 1/5
[15:06:37] repr_de_plv_mi_k200 model=rbf_svm dim=arousal subject=28 split 1/5 trial_acc=0.375
[15:06:37] repr_de_plv_mi_k200 model=rbf_svm dim=arousal subject=28 split 2/5
[15:07:18] repr_de_plv_mi_k200 model=rbf_svm dim=arousal subject=28 split 2/5 trial_acc=0.375
[15:07:18] repr_de_plv_mi_k200 model=rbf_svm dim=arousal subject=28 split 3/5
[15:07:59] repr_de_plv_mi_k200 model=rbf_svm dim=arousal subject=28 split 3/5 trial_acc=0.250
[15:07:59] repr_de_plv_mi_k200 model=rbf_svm dim=arousal subject=28 split 4/5
[15:08:41] repr_de_plv_mi_k200 model=rbf_svm dim=arousal subject=28 split 4/5 trial_acc=0.750
[15:08:41] repr_de_plv_mi_k200 model=rbf_svm dim=arousal subject=28 split 5/5
[15:09:22] repr_de_plv_mi_k200 model=rbf_svm dim=arousal subject=28 split 5/5 trial_acc=0.375
[15:09:22] repr_de_plv_mi_k200 model=rbf_svm dim=arousal subject=29 split 1/5
[15:10:03] repr_de_plv_mi_k200 model=rbf_svm dim=arousal subject=29 split 1/5 trial_acc=0.625
[15:10:03] repr_de_plv_mi_k200 model=rbf_svm dim=arousal subject=29 split 2/5
[15:10:44] repr_de_plv_mi_k200 model=rbf_svm dim=arousal subject=29 split 2/5 trial_acc=0.750
[15:10:44] repr_de_plv_mi_k200 model=rbf_svm dim=arousal subject=29 split 3/5
[15:11:25] repr_de_plv_mi_k200 model=rbf_svm dim=arousal subject=29 split 3/5 trial_acc=0.625
[15:11:25] repr_de_plv_mi_k200 model=rbf_svm dim=arousal subject=29 split 4/5
[15:12:06] repr_de_plv_mi_k200 model=rbf_svm dim=arousal subject=29 split 4/5 trial_acc=0.875
[15:12:06] repr_de_plv_mi_k200 model=rbf_svm dim=arousal subject=29 split 5/5
[15:12:47] repr_de_plv_mi_k200 model=rbf_svm dim=arousal subject=29 split 5/5 trial_acc=0.500
[15:12:47] repr_de_plv_mi_k200 model=rbf_svm dim=arousal subject=30 split 1/5
[15:13:28] repr_de_plv_mi_k200 model=rbf_svm dim=arousal subject=30 split 1/5 trial_acc=0.625
[15:13:28] repr_de_plv_mi_k200 model=rbf_svm dim=arousal subject=30 split 2/5
[15:14:10] repr_de_plv_mi_k200 model=rbf_svm dim=arousal subject=30 split 2/5 trial_acc=0.500
[15:14:10] repr_de_plv_mi_k200 model=rbf_svm dim=arousal subject=30 split 3/5
[15:14:51] repr_de_plv_mi_k200 model=rbf_svm dim=arousal subject=30 split 3/5 trial_acc=0.500
[15:14:51] repr_de_plv_mi_k200 model=rbf_svm dim=arousal subject=30 split 4/5
[15:15:32] repr_de_plv_mi_k200 model=rbf_svm dim=arousal subject=30 split 4/5 trial_acc=0.375
[15:15:32] repr_de_plv_mi_k200 model=rbf_svm dim=arousal subject=30 split 5/5
[15:16:13] repr_de_plv_mi_k200 model=rbf_svm dim=arousal subject=30 split 5/5 trial_acc=0.625
[15:16:13] repr_de_plv_mi_k200 model=rbf_svm dim=arousal subject=31 split 1/5
[15:16:54] repr_de_plv_mi_k200 model=rbf_svm dim=arousal subject=31 split 1/5 trial_acc=0.875
[15:16:54] repr_de_plv_mi_k200 model=rbf_svm dim=arousal subject=31 split 2/5
[15:17:35] repr_de_plv_mi_k200 model=rbf_svm dim=arousal subject=31 split 2/5 trial_acc=0.625
[15:17:35] repr_de_plv_mi_k200 model=rbf_svm dim=arousal subject=31 split 3/5
[15:18:16] repr_de_plv_mi_k200 model=rbf_svm dim=arousal subject=31 split 3/5 trial_acc=0.750
[15:18:16] repr_de_plv_mi_k200 model=rbf_svm dim=arousal subject=31 split 4/5
[15:18:57] repr_de_plv_mi_k200 model=rbf_svm dim=arousal subject=31 split 4/5 trial_acc=0.625
[15:18:57] repr_de_plv_mi_k200 model=rbf_svm dim=arousal subject=31 split 5/5
[15:19:38] repr_de_plv_mi_k200 model=rbf_svm dim=arousal subject=31 split 5/5 trial_acc=0.875
[15:19:38] repr_de_plv_mi_k200 model=rbf_svm dim=arousal subject=32 split 1/5
[15:20:19] repr_de_plv_mi_k200 model=rbf_svm dim=arousal subject=32 split 1/5 trial_acc=0.625
[15:20:19] repr_de_plv_mi_k200 model=rbf_svm dim=arousal subject=32 split 2/5
[15:21:00] repr_de_plv_mi_k200 model=rbf_svm dim=arousal subject=32 split 2/5 trial_acc=0.125
[15:21:00] repr_de_plv_mi_k200 model=rbf_svm dim=arousal subject=32 split 3/5
[15:21:41] repr_de_plv_mi_k200 model=rbf_svm dim=arousal subject=32 split 3/5 trial_acc=0.500
[15:21:41] repr_de_plv_mi_k200 model=rbf_svm dim=arousal subject=32 split 4/5
[15:22:21] repr_de_plv_mi_k200 model=rbf_svm dim=arousal subject=32 split 4/5 trial_acc=0.750
[15:22:21] repr_de_plv_mi_k200 model=rbf_svm dim=arousal subject=32 split 5/5
[15:23:02] repr_de_plv_mi_k200 model=rbf_svm dim=arousal subject=32 split 5/5 trial_acc=0.625
[15:23:02] Finished repr_de_plv_mi_k200 in 240.6 min
[15:23:02] Starting repr_de_plv_mi_k300
[15:23:49] repr_de_plv_mi_k300 model=rbf_svm dim=valence subject=1 split 1/5
[15:24:30] repr_de_plv_mi_k300 model=rbf_svm dim=valence subject=1 split 1/5 trial_acc=0.500
[15:24:30] repr_de_plv_mi_k300 model=rbf_svm dim=valence subject=1 split 2/5
[15:25:11] repr_de_plv_mi_k300 model=rbf_svm dim=valence subject=1 split 2/5 trial_acc=0.500
[15:25:11] repr_de_plv_mi_k300 model=rbf_svm dim=valence subject=1 split 3/5
[15:25:52] repr_de_plv_mi_k300 model=rbf_svm dim=valence subject=1 split 3/5 trial_acc=0.625
[15:25:52] repr_de_plv_mi_k300 model=rbf_svm dim=valence subject=1 split 4/5
[15:26:32] repr_de_plv_mi_k300 model=rbf_svm dim=valence subject=1 split 4/5 trial_acc=0.625
[15:26:32] repr_de_plv_mi_k300 model=rbf_svm dim=valence subject=1 split 5/5
[15:27:13] repr_de_plv_mi_k300 model=rbf_svm dim=valence subject=1 split 5/5 trial_acc=0.500
[15:27:49] repr_de_plv_mi_k300 model=rbf_svm dim=valence subject=2 split 1/5
[15:28:30] repr_de_plv_mi_k300 model=rbf_svm dim=valence subject=2 split 1/5 trial_acc=0.500
[15:28:30] repr_de_plv_mi_k300 model=rbf_svm dim=valence subject=2 split 2/5
[15:29:11] repr_de_plv_mi_k300 model=rbf_svm dim=valence subject=2 split 2/5 trial_acc=0.500
[15:29:11] repr_de_plv_mi_k300 model=rbf_svm dim=valence subject=2 split 3/5
[15:29:52] repr_de_plv_mi_k300 model=rbf_svm dim=valence subject=2 split 3/5 trial_acc=0.750
[15:29:52] repr_de_plv_mi_k300 model=rbf_svm dim=valence subject=2 split 4/5
[15:30:33] repr_de_plv_mi_k300 model=rbf_svm dim=valence subject=2 split 4/5 trial_acc=0.625
[15:30:33] repr_de_plv_mi_k300 model=rbf_svm dim=valence subject=2 split 5/5
[15:31:13] repr_de_plv_mi_k300 model=rbf_svm dim=valence subject=2 split 5/5 trial_acc=0.625
[15:31:49] repr_de_plv_mi_k300 model=rbf_svm dim=valence subject=3 split 1/5
[15:32:30] repr_de_plv_mi_k300 model=rbf_svm dim=valence subject=3 split 1/5 trial_acc=0.625
[15:32:30] repr_de_plv_mi_k300 model=rbf_svm dim=valence subject=3 split 2/5
[15:33:11] repr_de_plv_mi_k300 model=rbf_svm dim=valence subject=3 split 2/5 trial_acc=0.750
[15:33:11] repr_de_plv_mi_k300 model=rbf_svm dim=valence subject=3 split 3/5
[15:33:51] repr_de_plv_mi_k300 model=rbf_svm dim=valence subject=3 split 3/5 trial_acc=0.500
[15:33:51] repr_de_plv_mi_k300 model=rbf_svm dim=valence subject=3 split 4/5
[15:34:32] repr_de_plv_mi_k300 model=rbf_svm dim=valence subject=3 split 4/5 trial_acc=0.375
[15:34:32] repr_de_plv_mi_k300 model=rbf_svm dim=valence subject=3 split 5/5
[15:35:13] repr_de_plv_mi_k300 model=rbf_svm dim=valence subject=3 split 5/5 trial_acc=0.875
[15:35:49] repr_de_plv_mi_k300 model=rbf_svm dim=valence subject=4 split 1/5
[15:36:30] repr_de_plv_mi_k300 model=rbf_svm dim=valence subject=4 split 1/5 trial_acc=0.500
[15:36:30] repr_de_plv_mi_k300 model=rbf_svm dim=valence subject=4 split 2/5
[15:37:11] repr_de_plv_mi_k300 model=rbf_svm dim=valence subject=4 split 2/5 trial_acc=0.375
[15:37:11] repr_de_plv_mi_k300 model=rbf_svm dim=valence subject=4 split 3/5
[15:37:52] repr_de_plv_mi_k300 model=rbf_svm dim=valence subject=4 split 3/5 trial_acc=0.375
[15:37:52] repr_de_plv_mi_k300 model=rbf_svm dim=valence subject=4 split 4/5
[15:38:33] repr_de_plv_mi_k300 model=rbf_svm dim=valence subject=4 split 4/5 trial_acc=0.500
[15:38:33] repr_de_plv_mi_k300 model=rbf_svm dim=valence subject=4 split 5/5
[15:39:14] repr_de_plv_mi_k300 model=rbf_svm dim=valence subject=4 split 5/5 trial_acc=0.625
[15:39:50] repr_de_plv_mi_k300 model=rbf_svm dim=valence subject=5 split 1/5
[15:40:31] repr_de_plv_mi_k300 model=rbf_svm dim=valence subject=5 split 1/5 trial_acc=0.500
[15:40:31] repr_de_plv_mi_k300 model=rbf_svm dim=valence subject=5 split 2/5
[15:41:12] repr_de_plv_mi_k300 model=rbf_svm dim=valence subject=5 split 2/5 trial_acc=0.500
[15:41:12] repr_de_plv_mi_k300 model=rbf_svm dim=valence subject=5 split 3/5
[15:41:53] repr_de_plv_mi_k300 model=rbf_svm dim=valence subject=5 split 3/5 trial_acc=0.375
[15:41:53] repr_de_plv_mi_k300 model=rbf_svm dim=valence subject=5 split 4/5
[15:42:34] repr_de_plv_mi_k300 model=rbf_svm dim=valence subject=5 split 4/5 trial_acc=0.500
[15:42:34] repr_de_plv_mi_k300 model=rbf_svm dim=valence subject=5 split 5/5
[15:43:15] repr_de_plv_mi_k300 model=rbf_svm dim=valence subject=5 split 5/5 trial_acc=0.500
[15:43:51] repr_de_plv_mi_k300 model=rbf_svm dim=valence subject=6 split 1/5
[15:44:32] repr_de_plv_mi_k300 model=rbf_svm dim=valence subject=6 split 1/5 trial_acc=0.250
[15:44:32] repr_de_plv_mi_k300 model=rbf_svm dim=valence subject=6 split 2/5
[15:45:13] repr_de_plv_mi_k300 model=rbf_svm dim=valence subject=6 split 2/5 trial_acc=0.500
[15:45:13] repr_de_plv_mi_k300 model=rbf_svm dim=valence subject=6 split 3/5
[15:45:54] repr_de_plv_mi_k300 model=rbf_svm dim=valence subject=6 split 3/5 trial_acc=0.375
[15:45:54] repr_de_plv_mi_k300 model=rbf_svm dim=valence subject=6 split 4/5
[15:46:35] repr_de_plv_mi_k300 model=rbf_svm dim=valence subject=6 split 4/5 trial_acc=0.500
[15:46:35] repr_de_plv_mi_k300 model=rbf_svm dim=valence subject=6 split 5/5
[15:47:16] repr_de_plv_mi_k300 model=rbf_svm dim=valence subject=6 split 5/5 trial_acc=0.625
[15:47:51] repr_de_plv_mi_k300 model=rbf_svm dim=valence subject=7 split 1/5
[15:48:32] repr_de_plv_mi_k300 model=rbf_svm dim=valence subject=7 split 1/5 trial_acc=0.750
[15:48:32] repr_de_plv_mi_k300 model=rbf_svm dim=valence subject=7 split 2/5
[15:49:14] repr_de_plv_mi_k300 model=rbf_svm dim=valence subject=7 split 2/5 trial_acc=0.375
[15:49:14] repr_de_plv_mi_k300 model=rbf_svm dim=valence subject=7 split 3/5
[15:49:55] repr_de_plv_mi_k300 model=rbf_svm dim=valence subject=7 split 3/5 trial_acc=0.750
[15:49:55] repr_de_plv_mi_k300 model=rbf_svm dim=valence subject=7 split 4/5
[15:50:36] repr_de_plv_mi_k300 model=rbf_svm dim=valence subject=7 split 4/5 trial_acc=0.750
[15:50:36] repr_de_plv_mi_k300 model=rbf_svm dim=valence subject=7 split 5/5
[15:51:17] repr_de_plv_mi_k300 model=rbf_svm dim=valence subject=7 split 5/5 trial_acc=0.500
[15:51:53] repr_de_plv_mi_k300 model=rbf_svm dim=valence subject=8 split 1/5
[15:52:34] repr_de_plv_mi_k300 model=rbf_svm dim=valence subject=8 split 1/5 trial_acc=0.875
[15:52:34] repr_de_plv_mi_k300 model=rbf_svm dim=valence subject=8 split 2/5
[15:53:15] repr_de_plv_mi_k300 model=rbf_svm dim=valence subject=8 split 2/5 trial_acc=0.625
[15:53:15] repr_de_plv_mi_k300 model=rbf_svm dim=valence subject=8 split 3/5
[15:53:56] repr_de_plv_mi_k300 model=rbf_svm dim=valence subject=8 split 3/5 trial_acc=0.375
[15:53:56] repr_de_plv_mi_k300 model=rbf_svm dim=valence subject=8 split 4/5
[15:54:37] repr_de_plv_mi_k300 model=rbf_svm dim=valence subject=8 split 4/5 trial_acc=0.500
[15:54:37] repr_de_plv_mi_k300 model=rbf_svm dim=valence subject=8 split 5/5
[15:55:18] repr_de_plv_mi_k300 model=rbf_svm dim=valence subject=8 split 5/5 trial_acc=0.625
[15:55:54] repr_de_plv_mi_k300 model=rbf_svm dim=valence subject=9 split 1/5
[15:56:35] repr_de_plv_mi_k300 model=rbf_svm dim=valence subject=9 split 1/5 trial_acc=0.500
[15:56:35] repr_de_plv_mi_k300 model=rbf_svm dim=valence subject=9 split 2/5
[15:57:15] repr_de_plv_mi_k300 model=rbf_svm dim=valence subject=9 split 2/5 trial_acc=0.500
[15:57:15] repr_de_plv_mi_k300 model=rbf_svm dim=valence subject=9 split 3/5
[15:57:56] repr_de_plv_mi_k300 model=rbf_svm dim=valence subject=9 split 3/5 trial_acc=0.750
[15:57:56] repr_de_plv_mi_k300 model=rbf_svm dim=valence subject=9 split 4/5
[15:58:37] repr_de_plv_mi_k300 model=rbf_svm dim=valence subject=9 split 4/5 trial_acc=0.625
[15:58:37] repr_de_plv_mi_k300 model=rbf_svm dim=valence subject=9 split 5/5
[15:59:17] repr_de_plv_mi_k300 model=rbf_svm dim=valence subject=9 split 5/5 trial_acc=0.875
[15:59:53] repr_de_plv_mi_k300 model=rbf_svm dim=valence subject=10 split 1/5
[16:00:34] repr_de_plv_mi_k300 model=rbf_svm dim=valence subject=10 split 1/5 trial_acc=1.000
[16:00:34] repr_de_plv_mi_k300 model=rbf_svm dim=valence subject=10 split 2/5
[16:01:15] repr_de_plv_mi_k300 model=rbf_svm dim=valence subject=10 split 2/5 trial_acc=0.875
[16:01:15] repr_de_plv_mi_k300 model=rbf_svm dim=valence subject=10 split 3/5
[16:01:55] repr_de_plv_mi_k300 model=rbf_svm dim=valence subject=10 split 3/5 trial_acc=0.875
[16:01:55] repr_de_plv_mi_k300 model=rbf_svm dim=valence subject=10 split 4/5
[16:02:36] repr_de_plv_mi_k300 model=rbf_svm dim=valence subject=10 split 4/5 trial_acc=0.875
[16:02:36] repr_de_plv_mi_k300 model=rbf_svm dim=valence subject=10 split 5/5
[16:03:17] repr_de_plv_mi_k300 model=rbf_svm dim=valence subject=10 split 5/5 trial_acc=0.875
[16:03:52] repr_de_plv_mi_k300 model=rbf_svm dim=valence subject=11 split 1/5
[16:04:33] repr_de_plv_mi_k300 model=rbf_svm dim=valence subject=11 split 1/5 trial_acc=0.500
[16:04:33] repr_de_plv_mi_k300 model=rbf_svm dim=valence subject=11 split 2/5
[16:05:14] repr_de_plv_mi_k300 model=rbf_svm dim=valence subject=11 split 2/5 trial_acc=0.625
[16:05:14] repr_de_plv_mi_k300 model=rbf_svm dim=valence subject=11 split 3/5
[16:05:55] repr_de_plv_mi_k300 model=rbf_svm dim=valence subject=11 split 3/5 trial_acc=0.500
[16:05:55] repr_de_plv_mi_k300 model=rbf_svm dim=valence subject=11 split 4/5
[16:06:36] repr_de_plv_mi_k300 model=rbf_svm dim=valence subject=11 split 4/5 trial_acc=0.750
[16:06:36] repr_de_plv_mi_k300 model=rbf_svm dim=valence subject=11 split 5/5
[16:07:17] repr_de_plv_mi_k300 model=rbf_svm dim=valence subject=11 split 5/5 trial_acc=0.500
[16:07:53] repr_de_plv_mi_k300 model=rbf_svm dim=valence subject=12 split 1/5
[16:08:34] repr_de_plv_mi_k300 model=rbf_svm dim=valence subject=12 split 1/5 trial_acc=0.375
[16:08:34] repr_de_plv_mi_k300 model=rbf_svm dim=valence subject=12 split 2/5
[16:09:15] repr_de_plv_mi_k300 model=rbf_svm dim=valence subject=12 split 2/5 trial_acc=0.375
[16:09:15] repr_de_plv_mi_k300 model=rbf_svm dim=valence subject=12 split 3/5
[16:09:56] repr_de_plv_mi_k300 model=rbf_svm dim=valence subject=12 split 3/5 trial_acc=0.625
[16:09:56] repr_de_plv_mi_k300 model=rbf_svm dim=valence subject=12 split 4/5
[16:10:37] repr_de_plv_mi_k300 model=rbf_svm dim=valence subject=12 split 4/5 trial_acc=0.500
[16:10:37] repr_de_plv_mi_k300 model=rbf_svm dim=valence subject=12 split 5/5
[16:11:18] repr_de_plv_mi_k300 model=rbf_svm dim=valence subject=12 split 5/5 trial_acc=0.750
[16:11:54] repr_de_plv_mi_k300 model=rbf_svm dim=valence subject=13 split 1/5
[16:12:35] repr_de_plv_mi_k300 model=rbf_svm dim=valence subject=13 split 1/5 trial_acc=0.625
[16:12:35] repr_de_plv_mi_k300 model=rbf_svm dim=valence subject=13 split 2/5
[16:13:16] repr_de_plv_mi_k300 model=rbf_svm dim=valence subject=13 split 2/5 trial_acc=0.750
[16:13:16] repr_de_plv_mi_k300 model=rbf_svm dim=valence subject=13 split 3/5
[16:13:57] repr_de_plv_mi_k300 model=rbf_svm dim=valence subject=13 split 3/5 trial_acc=0.500
[16:13:57] repr_de_plv_mi_k300 model=rbf_svm dim=valence subject=13 split 4/5
[16:14:38] repr_de_plv_mi_k300 model=rbf_svm dim=valence subject=13 split 4/5 trial_acc=0.875
[16:14:38] repr_de_plv_mi_k300 model=rbf_svm dim=valence subject=13 split 5/5
[16:15:19] repr_de_plv_mi_k300 model=rbf_svm dim=valence subject=13 split 5/5 trial_acc=0.875
[16:15:55] repr_de_plv_mi_k300 model=rbf_svm dim=valence subject=14 split 1/5
[16:16:35] repr_de_plv_mi_k300 model=rbf_svm dim=valence subject=14 split 1/5 trial_acc=0.750
[16:16:35] repr_de_plv_mi_k300 model=rbf_svm dim=valence subject=14 split 2/5
[16:17:16] repr_de_plv_mi_k300 model=rbf_svm dim=valence subject=14 split 2/5 trial_acc=0.750
[16:17:16] repr_de_plv_mi_k300 model=rbf_svm dim=valence subject=14 split 3/5
[16:17:57] repr_de_plv_mi_k300 model=rbf_svm dim=valence subject=14 split 3/5 trial_acc=0.875
[16:17:57] repr_de_plv_mi_k300 model=rbf_svm dim=valence subject=14 split 4/5
[16:18:37] repr_de_plv_mi_k300 model=rbf_svm dim=valence subject=14 split 4/5 trial_acc=0.750
[16:18:37] repr_de_plv_mi_k300 model=rbf_svm dim=valence subject=14 split 5/5
[16:19:18] repr_de_plv_mi_k300 model=rbf_svm dim=valence subject=14 split 5/5 trial_acc=1.000
[16:19:54] repr_de_plv_mi_k300 model=rbf_svm dim=valence subject=15 split 1/5
[16:20:35] repr_de_plv_mi_k300 model=rbf_svm dim=valence subject=15 split 1/5 trial_acc=0.625
[16:20:35] repr_de_plv_mi_k300 model=rbf_svm dim=valence subject=15 split 2/5
[16:21:15] repr_de_plv_mi_k300 model=rbf_svm dim=valence subject=15 split 2/5 trial_acc=1.000
[16:21:15] repr_de_plv_mi_k300 model=rbf_svm dim=valence subject=15 split 3/5
[16:21:56] repr_de_plv_mi_k300 model=rbf_svm dim=valence subject=15 split 3/5 trial_acc=0.750
[16:21:56] repr_de_plv_mi_k300 model=rbf_svm dim=valence subject=15 split 4/5
[16:22:37] repr_de_plv_mi_k300 model=rbf_svm dim=valence subject=15 split 4/5 trial_acc=1.000
[16:22:37] repr_de_plv_mi_k300 model=rbf_svm dim=valence subject=15 split 5/5
[16:23:18] repr_de_plv_mi_k300 model=rbf_svm dim=valence subject=15 split 5/5 trial_acc=0.625
[16:23:54] repr_de_plv_mi_k300 model=rbf_svm dim=valence subject=16 split 1/5
[16:24:35] repr_de_plv_mi_k300 model=rbf_svm dim=valence subject=16 split 1/5 trial_acc=0.250
[16:24:35] repr_de_plv_mi_k300 model=rbf_svm dim=valence subject=16 split 2/5
[16:25:16] repr_de_plv_mi_k300 model=rbf_svm dim=valence subject=16 split 2/5 trial_acc=0.375
[16:25:16] repr_de_plv_mi_k300 model=rbf_svm dim=valence subject=16 split 3/5
[16:25:57] repr_de_plv_mi_k300 model=rbf_svm dim=valence subject=16 split 3/5 trial_acc=0.500
[16:25:57] repr_de_plv_mi_k300 model=rbf_svm dim=valence subject=16 split 4/5
[16:26:38] repr_de_plv_mi_k300 model=rbf_svm dim=valence subject=16 split 4/5 trial_acc=0.500
[16:26:38] repr_de_plv_mi_k300 model=rbf_svm dim=valence subject=16 split 5/5
[16:27:20] repr_de_plv_mi_k300 model=rbf_svm dim=valence subject=16 split 5/5 trial_acc=0.625
[16:27:56] repr_de_plv_mi_k300 model=rbf_svm dim=valence subject=17 split 1/5
[16:28:36] repr_de_plv_mi_k300 model=rbf_svm dim=valence subject=17 split 1/5 trial_acc=0.500
[16:28:37] repr_de_plv_mi_k300 model=rbf_svm dim=valence subject=17 split 2/5
[16:29:17] repr_de_plv_mi_k300 model=rbf_svm dim=valence subject=17 split 2/5 trial_acc=1.000
[16:29:17] repr_de_plv_mi_k300 model=rbf_svm dim=valence subject=17 split 3/5
[16:29:58] repr_de_plv_mi_k300 model=rbf_svm dim=valence subject=17 split 3/5 trial_acc=0.375
[16:29:59] repr_de_plv_mi_k300 model=rbf_svm dim=valence subject=17 split 4/5
[16:30:39] repr_de_plv_mi_k300 model=rbf_svm dim=valence subject=17 split 4/5 trial_acc=0.250
[16:30:39] repr_de_plv_mi_k300 model=rbf_svm dim=valence subject=17 split 5/5
[16:31:21] repr_de_plv_mi_k300 model=rbf_svm dim=valence subject=17 split 5/5 trial_acc=0.625
[16:31:57] repr_de_plv_mi_k300 model=rbf_svm dim=valence subject=18 split 1/5
[16:32:37] repr_de_plv_mi_k300 model=rbf_svm dim=valence subject=18 split 1/5 trial_acc=0.875
[16:32:37] repr_de_plv_mi_k300 model=rbf_svm dim=valence subject=18 split 2/5
[16:33:18] repr_de_plv_mi_k300 model=rbf_svm dim=valence subject=18 split 2/5 trial_acc=0.625
[16:33:18] repr_de_plv_mi_k300 model=rbf_svm dim=valence subject=18 split 3/5
[16:33:58] repr_de_plv_mi_k300 model=rbf_svm dim=valence subject=18 split 3/5 trial_acc=0.750
[16:33:58] repr_de_plv_mi_k300 model=rbf_svm dim=valence subject=18 split 4/5
[16:34:39] repr_de_plv_mi_k300 model=rbf_svm dim=valence subject=18 split 4/5 trial_acc=0.750
[16:34:39] repr_de_plv_mi_k300 model=rbf_svm dim=valence subject=18 split 5/5
[16:35:20] repr_de_plv_mi_k300 model=rbf_svm dim=valence subject=18 split 5/5 trial_acc=1.000
[16:35:56] repr_de_plv_mi_k300 model=rbf_svm dim=valence subject=19 split 1/5
[16:36:36] repr_de_plv_mi_k300 model=rbf_svm dim=valence subject=19 split 1/5 trial_acc=0.750
[16:36:36] repr_de_plv_mi_k300 model=rbf_svm dim=valence subject=19 split 2/5
[16:37:17] repr_de_plv_mi_k300 model=rbf_svm dim=valence subject=19 split 2/5 trial_acc=0.625
[16:37:17] repr_de_plv_mi_k300 model=rbf_svm dim=valence subject=19 split 3/5
[16:37:58] repr_de_plv_mi_k300 model=rbf_svm dim=valence subject=19 split 3/5 trial_acc=0.375
[16:37:58] repr_de_plv_mi_k300 model=rbf_svm dim=valence subject=19 split 4/5
[16:38:39] repr_de_plv_mi_k300 model=rbf_svm dim=valence subject=19 split 4/5 trial_acc=0.250
[16:38:39] repr_de_plv_mi_k300 model=rbf_svm dim=valence subject=19 split 5/5
[16:39:20] repr_de_plv_mi_k300 model=rbf_svm dim=valence subject=19 split 5/5 trial_acc=0.625
[16:39:55] repr_de_plv_mi_k300 model=rbf_svm dim=valence subject=20 split 1/5
[16:40:36] repr_de_plv_mi_k300 model=rbf_svm dim=valence subject=20 split 1/5 trial_acc=0.500
[16:40:36] repr_de_plv_mi_k300 model=rbf_svm dim=valence subject=20 split 2/5
[16:41:17] repr_de_plv_mi_k300 model=rbf_svm dim=valence subject=20 split 2/5 trial_acc=0.750
[16:41:17] repr_de_plv_mi_k300 model=rbf_svm dim=valence subject=20 split 3/5
[16:41:58] repr_de_plv_mi_k300 model=rbf_svm dim=valence subject=20 split 3/5 trial_acc=0.500
[16:41:58] repr_de_plv_mi_k300 model=rbf_svm dim=valence subject=20 split 4/5
[16:42:39] repr_de_plv_mi_k300 model=rbf_svm dim=valence subject=20 split 4/5 trial_acc=0.375
[16:42:39] repr_de_plv_mi_k300 model=rbf_svm dim=valence subject=20 split 5/5
[16:43:21] repr_de_plv_mi_k300 model=rbf_svm dim=valence subject=20 split 5/5 trial_acc=0.500
[16:43:57] repr_de_plv_mi_k300 model=rbf_svm dim=valence subject=21 split 1/5
[16:44:38] repr_de_plv_mi_k300 model=rbf_svm dim=valence subject=21 split 1/5 trial_acc=0.375
[16:44:38] repr_de_plv_mi_k300 model=rbf_svm dim=valence subject=21 split 2/5
[16:45:19] repr_de_plv_mi_k300 model=rbf_svm dim=valence subject=21 split 2/5 trial_acc=0.250
[16:45:19] repr_de_plv_mi_k300 model=rbf_svm dim=valence subject=21 split 3/5
[16:46:00] repr_de_plv_mi_k300 model=rbf_svm dim=valence subject=21 split 3/5 trial_acc=0.250
[16:46:00] repr_de_plv_mi_k300 model=rbf_svm dim=valence subject=21 split 4/5
[16:46:41] repr_de_plv_mi_k300 model=rbf_svm dim=valence subject=21 split 4/5 trial_acc=0.250
[16:46:41] repr_de_plv_mi_k300 model=rbf_svm dim=valence subject=21 split 5/5
[16:47:22] repr_de_plv_mi_k300 model=rbf_svm dim=valence subject=21 split 5/5 trial_acc=0.375
[16:47:58] repr_de_plv_mi_k300 model=rbf_svm dim=valence subject=22 split 1/5
[16:48:39] repr_de_plv_mi_k300 model=rbf_svm dim=valence subject=22 split 1/5 trial_acc=0.625
[16:48:39] repr_de_plv_mi_k300 model=rbf_svm dim=valence subject=22 split 2/5
[16:49:19] repr_de_plv_mi_k300 model=rbf_svm dim=valence subject=22 split 2/5 trial_acc=0.375
[16:49:19] repr_de_plv_mi_k300 model=rbf_svm dim=valence subject=22 split 3/5
[16:50:00] repr_de_plv_mi_k300 model=rbf_svm dim=valence subject=22 split 3/5 trial_acc=0.375
[16:50:00] repr_de_plv_mi_k300 model=rbf_svm dim=valence subject=22 split 4/5
[16:50:41] repr_de_plv_mi_k300 model=rbf_svm dim=valence subject=22 split 4/5 trial_acc=0.250
[16:50:41] repr_de_plv_mi_k300 model=rbf_svm dim=valence subject=22 split 5/5
[16:51:22] repr_de_plv_mi_k300 model=rbf_svm dim=valence subject=22 split 5/5 trial_acc=0.500
[16:51:58] repr_de_plv_mi_k300 model=rbf_svm dim=valence subject=23 split 1/5
[16:52:38] repr_de_plv_mi_k300 model=rbf_svm dim=valence subject=23 split 1/5 trial_acc=0.625
[16:52:38] repr_de_plv_mi_k300 model=rbf_svm dim=valence subject=23 split 2/5
[16:53:19] repr_de_plv_mi_k300 model=rbf_svm dim=valence subject=23 split 2/5 trial_acc=0.625
[16:53:19] repr_de_plv_mi_k300 model=rbf_svm dim=valence subject=23 split 3/5
[16:54:00] repr_de_plv_mi_k300 model=rbf_svm dim=valence subject=23 split 3/5 trial_acc=0.250
[16:54:00] repr_de_plv_mi_k300 model=rbf_svm dim=valence subject=23 split 4/5
[16:54:40] repr_de_plv_mi_k300 model=rbf_svm dim=valence subject=23 split 4/5 trial_acc=0.750
[16:54:40] repr_de_plv_mi_k300 model=rbf_svm dim=valence subject=23 split 5/5
[16:55:21] repr_de_plv_mi_k300 model=rbf_svm dim=valence subject=23 split 5/5 trial_acc=0.250
[16:55:57] repr_de_plv_mi_k300 model=rbf_svm dim=valence subject=24 split 1/5
[16:56:38] repr_de_plv_mi_k300 model=rbf_svm dim=valence subject=24 split 1/5 trial_acc=1.000
[16:56:38] repr_de_plv_mi_k300 model=rbf_svm dim=valence subject=24 split 2/5
[16:57:18] repr_de_plv_mi_k300 model=rbf_svm dim=valence subject=24 split 2/5 trial_acc=0.625
[16:57:18] repr_de_plv_mi_k300 model=rbf_svm dim=valence subject=24 split 3/5
[16:57:59] repr_de_plv_mi_k300 model=rbf_svm dim=valence subject=24 split 3/5 trial_acc=0.875
[16:57:59] repr_de_plv_mi_k300 model=rbf_svm dim=valence subject=24 split 4/5
[16:58:40] repr_de_plv_mi_k300 model=rbf_svm dim=valence subject=24 split 4/5 trial_acc=0.875
[16:58:40] repr_de_plv_mi_k300 model=rbf_svm dim=valence subject=24 split 5/5
[16:59:21] repr_de_plv_mi_k300 model=rbf_svm dim=valence subject=24 split 5/5 trial_acc=0.625
[16:59:57] repr_de_plv_mi_k300 model=rbf_svm dim=valence subject=25 split 1/5
[17:00:37] repr_de_plv_mi_k300 model=rbf_svm dim=valence subject=25 split 1/5 trial_acc=0.625
[17:00:37] repr_de_plv_mi_k300 model=rbf_svm dim=valence subject=25 split 2/5
[17:01:18] repr_de_plv_mi_k300 model=rbf_svm dim=valence subject=25 split 2/5 trial_acc=0.250
[17:01:18] repr_de_plv_mi_k300 model=rbf_svm dim=valence subject=25 split 3/5
[17:01:59] repr_de_plv_mi_k300 model=rbf_svm dim=valence subject=25 split 3/5 trial_acc=0.625
[17:01:59] repr_de_plv_mi_k300 model=rbf_svm dim=valence subject=25 split 4/5
[17:02:40] repr_de_plv_mi_k300 model=rbf_svm dim=valence subject=25 split 4/5 trial_acc=0.625
[17:02:40] repr_de_plv_mi_k300 model=rbf_svm dim=valence subject=25 split 5/5
[17:03:21] repr_de_plv_mi_k300 model=rbf_svm dim=valence subject=25 split 5/5 trial_acc=0.750
[17:03:57] repr_de_plv_mi_k300 model=rbf_svm dim=valence subject=26 split 1/5
[17:04:37] repr_de_plv_mi_k300 model=rbf_svm dim=valence subject=26 split 1/5 trial_acc=0.625
[17:04:37] repr_de_plv_mi_k300 model=rbf_svm dim=valence subject=26 split 2/5
[17:05:18] repr_de_plv_mi_k300 model=rbf_svm dim=valence subject=26 split 2/5 trial_acc=0.750
[17:05:18] repr_de_plv_mi_k300 model=rbf_svm dim=valence subject=26 split 3/5
[17:05:59] repr_de_plv_mi_k300 model=rbf_svm dim=valence subject=26 split 3/5 trial_acc=0.500
[17:05:59] repr_de_plv_mi_k300 model=rbf_svm dim=valence subject=26 split 4/5
[17:06:40] repr_de_plv_mi_k300 model=rbf_svm dim=valence subject=26 split 4/5 trial_acc=0.500
[17:06:40] repr_de_plv_mi_k300 model=rbf_svm dim=valence subject=26 split 5/5
[17:07:21] repr_de_plv_mi_k300 model=rbf_svm dim=valence subject=26 split 5/5 trial_acc=0.375
[17:07:57] repr_de_plv_mi_k300 model=rbf_svm dim=valence subject=27 split 1/5
[17:08:38] repr_de_plv_mi_k300 model=rbf_svm dim=valence subject=27 split 1/5 trial_acc=0.500
[17:08:38] repr_de_plv_mi_k300 model=rbf_svm dim=valence subject=27 split 2/5
[17:09:19] repr_de_plv_mi_k300 model=rbf_svm dim=valence subject=27 split 2/5 trial_acc=0.750
[17:09:19] repr_de_plv_mi_k300 model=rbf_svm dim=valence subject=27 split 3/5
[17:09:59] repr_de_plv_mi_k300 model=rbf_svm dim=valence subject=27 split 3/5 trial_acc=0.750
[17:09:59] repr_de_plv_mi_k300 model=rbf_svm dim=valence subject=27 split 4/5
[17:10:40] repr_de_plv_mi_k300 model=rbf_svm dim=valence subject=27 split 4/5 trial_acc=0.750
[17:10:40] repr_de_plv_mi_k300 model=rbf_svm dim=valence subject=27 split 5/5
[17:11:23] repr_de_plv_mi_k300 model=rbf_svm dim=valence subject=27 split 5/5 trial_acc=0.250
[17:12:03] repr_de_plv_mi_k300 model=rbf_svm dim=valence subject=28 split 1/5
[17:12:47] repr_de_plv_mi_k300 model=rbf_svm dim=valence subject=28 split 1/5 trial_acc=0.375
[17:12:47] repr_de_plv_mi_k300 model=rbf_svm dim=valence subject=28 split 2/5
[17:13:43] repr_de_plv_mi_k300 model=rbf_svm dim=valence subject=28 split 2/5 trial_acc=0.625
[17:13:43] repr_de_plv_mi_k300 model=rbf_svm dim=valence subject=28 split 3/5
[17:14:45] repr_de_plv_mi_k300 model=rbf_svm dim=valence subject=28 split 3/5 trial_acc=0.750
[17:14:45] repr_de_plv_mi_k300 model=rbf_svm dim=valence subject=28 split 4/5
