feature_tag,model,dimension,subject_id,split,train_trials_json,test_trials_json,metrics_json,best_params_json,grid_summary_json
A_window_w4_s2,rbf_svm,valence,1,0,"[19, 13, 24, 31, 7, 6, 35, 9, 20, 37, 10, 32, 14, 8, 12, 5, 36, 28, 39, 29, 22, 26, 33, 15, 1, 25, 11, 34, 18, 3, 38, 23]","[30, 2, 27, 17, 16, 21, 0, 4]","{""accuracy"": 0.43333333333333335, ""balanced_accuracy"": 0.45333333333333337, ""precision_macro"": 0.45472837022132795, ""precision_micro"": 0.43333333333333335, ""precision_weighted"": 0.4839034205231388, ""recall_macro"": 0.45333333333333337, ""recall_micro"": 0.43333333333333335, ""recall_weighted"": 0.43333333333333335, ""f1_macro"": 0.43270300333704115, ""f1_micro"": 0.43333333333333335, ""f1_weighted"": 0.43743047830923243, ""mcc"": -0.09192771195538434, ""kappa"": -0.08366533864541825, ""confusion_matrix"": [[48, 42], [94, 56]], ""tp"": 56, ""tn"": 48, ""fp"": 42, ""fn"": 94, ""tpr"": 0.37333333333333335, ""tnr"": 0.5333333333333333, ""fpr"": 0.4666666666666667, ""fnr"": 0.6266666666666667, ""ppv"": 0.5714285714285714, ""npv"": 0.3380281690140845, ""roc_auc"": 0.49540740740740735, ""pr_auc"": 0.6289178588518205, ""log_loss"": 0.9209419059344363, ""brier"": 0.3338609223107672, ""trial_accuracy"": 0.25, ""trial_f1_macro"": 0.25}","{""clf__C"": 10.0, ""clf__class_weight"": ""balanced"", ""clf__gamma"": 0.0001}","{""scores"": {""{'clf__C': 0.1, 'clf__class_weight': None, 'clf__gamma': 0.0001}"": 0.32764705882352946, ""{'clf__C': 0.1, 'clf__class_weight': None, 'clf__gamma': 0.001}"": 0.33809041013441865, ""{'clf__C': 0.1, 'clf__class_weight': None, 'clf__gamma': 0.01}"": 0.361566357330386, ""{'clf__C': 0.1, 'clf__class_weight': None, 'clf__gamma': 0.1}"": 0.31705182072829136, ""{'clf__C': 0.1, 'clf__class_weight': 'balanced', 'clf__gamma': 0.0001}"": 0.32764705882352946, ""{'clf__C': 0.1, 'clf__class_weight': 'balanced', 'clf__gamma': 0.001}"": 0.3801303580806064, ""{'clf__C': 0.1, 'clf__class_weight': 'balanced', 'clf__gamma': 0.01}"": 0.361566357330386, ""{'clf__C': 0.1, 'clf__class_weight': 'balanced', 'clf__gamma': 0.1}"": 0.31705182072829136, ""{'clf__C': 1.0, 'clf__class_weight': None, 'clf__gamma': 0.0001}"": 0.3770591974870374, ""{'clf__C': 1.0, 'clf__class_weight': None, 'clf__gamma': 0.001}"": 0.4879843120472908, ""{'clf__C': 1.0, 'clf__class_weight': None, 'clf__gamma': 0.01}"": 0.4681120747159178, ""{'clf__C': 1.0, 'clf__class_weight': None, 'clf__gamma': 0.1}"": 0.31705182072829136, ""{'clf__C': 1.0, 'clf__class_weight': 'balanced', 'clf__gamma': 0.0001}"": 0.4854928285146167, ""{'clf__C': 1.0, 'clf__class_weight': 'balanced', 'clf__gamma': 0.001}"": 0.516170873914452, ""{'clf__C': 1.0, 'clf__class_weight': 'balanced', 'clf__gamma': 0.01}"": 0.4695561838488878, ""{'clf__C': 1.0, 'clf__class_weight': 'balanced', 'clf__gamma': 0.1}"": 0.31705182072829136, ""{'clf__C': 10.0, 'clf__class_weight': None, 'clf__gamma': 0.0001}"": 0.5065524190921021, ""{'clf__C': 10.0, 'clf__class_weight': None, 'clf__gamma': 0.001}"": 0.4576296579848615, ""{'clf__C': 10.0, 'clf__class_weight': None, 'clf__gamma': 0.01}"": 0.46773502631040503, ""{'clf__C': 10.0, 'clf__class_weight': None, 'clf__gamma': 0.1}"": 0.31705182072829136, ""{'clf__C': 10.0, 'clf__class_weight': 'balanced', 'clf__gamma': 0.0001}"": 0.5189273561333556, ""{'clf__C': 10.0, 'clf__class_weight': 'balanced', 'clf__gamma': 0.001}"": 0.4583495944386864, ""{'clf__C': 10.0, 'clf__class_weight': 'balanced', 'clf__gamma': 0.01}"": 0.46773502631040503, ""{'clf__C': 10.0, 'clf__class_weight': 'balanced', 'clf__gamma': 0.1}"": 0.31705182072829136, ""{'clf__C': 100.0, 'clf__class_weight': None, 'clf__gamma': 0.0001}"": 0.48810973770827865, ""{'clf__C': 100.0, 'clf__class_weight': None, 'clf__gamma': 0.001}"": 0.4542693443555512, ""{'clf__C': 100.0, 'clf__class_weight': None, 'clf__gamma': 0.01}"": 0.46773502631040503, ""{'clf__C': 100.0, 'clf__class_weight': None, 'clf__gamma': 0.1}"": 0.31705182072829136, ""{'clf__C': 100.0, 'clf__class_weight': 'balanced', 'clf__gamma': 0.0001}"": 0.4981965505556957, ""{'clf__C': 100.0, 'clf__class_weight': 'balanced', 'clf__gamma': 0.001}"": 0.4542693443555512, ""{'clf__C': 100.0, 'clf__class_weight': 'balanced', 'clf__gamma': 0.01}"": 0.46773502631040503, ""{'clf__C': 100.0, 'clf__class_weight': 'balanced', 'clf__gamma': 0.1}"": 0.31705182072829136}, ""best_score"": 0.5189273561333556}"
A_window_w4_s2,rbf_svm,valence,1,1,"[31, 15, 1, 24, 16, 9, 30, 0, 39, 11, 23, 5, 4, 28, 12, 13, 17, 6, 35, 18, 36, 14, 2, 19, 22, 37, 7, 33, 27, 10, 8, 38]","[21, 26, 29, 25, 34, 3, 32, 20]","{""accuracy"": 0.49166666666666664, ""balanced_accuracy"": 0.49166666666666664, ""precision_macro"": 0.4905033238366572, ""precision_micro"": 0.49166666666666664, ""precision_weighted"": 0.4905033238366572, ""recall_macro"": 0.49166666666666664, ""recall_micro"": 0.49166666666666664, ""recall_weighted"": 0.49166666666666664, ""f1_macro"": 0.47560713518160325, ""f1_micro"": 0.49166666666666664, ""f1_weighted"": 0.47560713518160325, ""mcc"": -0.01779201708945413, ""kappa"": -0.016666666666666607, ""confusion_matrix"": [[80, 40], [82, 38]], ""tp"": 38, ""tn"": 80, ""fp"": 40, ""fn"": 82, ""tpr"": 0.31666666666666665, ""tnr"": 0.6666666666666666, ""fpr"": 0.3333333333333333, ""fnr"": 0.6833333333333333, ""ppv"": 0.48717948717948717, ""npv"": 0.49382716049382713, ""roc_auc"": 0.46125, ""pr_auc"": 0.523577145538897, ""log_loss"": 0.9375830218155456, ""brier"": 0.3273356864657509, ""trial_accuracy"": 0.5, ""trial_f1_macro"": 0.4666666666666667}","{""clf__C"": 100.0, ""clf__class_weight"": null, ""clf__gamma"": 0.0001}","{""scores"": {""{'clf__C': 0.1, 'clf__class_weight': None, 'clf__gamma': 0.0001}"": 0.34640522875817, ""{'clf__C': 0.1, 'clf__class_weight': None, 'clf__gamma': 0.001}"": 0.34640522875817, ""{'clf__C': 0.1, 'clf__class_weight': None, 'clf__gamma': 0.01}"": 0.34640522875817, ""{'clf__C': 0.1, 'clf__class_weight': None, 'clf__gamma': 0.1}"": 0.34640522875817, ""{'clf__C': 0.1, 'clf__class_weight': 'balanced', 'clf__gamma': 0.0001}"": 0.3194444444444444, ""{'clf__C': 0.1, 'clf__class_weight': 'balanced', 'clf__gamma': 0.001}"": 0.4091741938890718, ""{'clf__C': 0.1, 'clf__class_weight': 'balanced', 'clf__gamma': 0.01}"": 0.3194444444444444, ""{'clf__C': 0.1, 'clf__class_weight': 'balanced', 'clf__gamma': 0.1}"": 0.3194444444444444, ""{'clf__C': 1.0, 'clf__class_weight': None, 'clf__gamma': 0.0001}"": 0.3466102316356865, ""{'clf__C': 1.0, 'clf__class_weight': None, 'clf__gamma': 0.001}"": 0.5037351910684774, ""{'clf__C': 1.0, 'clf__class_weight': None, 'clf__gamma': 0.01}"": 0.505938318941896, ""{'clf__C': 1.0, 'clf__class_weight': None, 'clf__gamma': 0.1}"": 0.34640522875817, ""{'clf__C': 1.0, 'clf__class_weight': 'balanced', 'clf__gamma': 0.0001}"": 0.4767604637879059, ""{'clf__C': 1.0, 'clf__class_weight': 'balanced', 'clf__gamma': 0.001}"": 0.5232010470416987, ""{'clf__C': 1.0, 'clf__class_weight': 'balanced', 'clf__gamma': 0.01}"": 0.509416055842154, ""{'clf__C': 1.0, 'clf__class_weight': 'balanced', 'clf__gamma': 0.1}"": 0.34640522875817, ""{'clf__C': 10.0, 'clf__class_weight': None, 'clf__gamma': 0.0001}"": 0.5194235208335165, ""{'clf__C': 10.0, 'clf__class_weight': None, 'clf__gamma': 0.001}"": 0.5325130315534863, ""{'clf__C': 10.0, 'clf__class_weight': None, 'clf__gamma': 0.01}"": 0.513135557538411, ""{'clf__C': 10.0, 'clf__class_weight': None, 'clf__gamma': 0.1}"": 0.34640522875817, ""{'clf__C': 10.0, 'clf__class_weight': 'balanced', 'clf__gamma': 0.0001}"": 0.5269697502074447, ""{'clf__C': 10.0, 'clf__class_weight': 'balanced', 'clf__gamma': 0.001}"": 0.5337530132043217, ""{'clf__C': 10.0, 'clf__class_weight': 'balanced', 'clf__gamma': 0.01}"": 0.513135557538411, ""{'clf__C': 10.0, 'clf__class_weight': 'balanced', 'clf__gamma': 0.1}"": 0.34640522875817, ""{'clf__C': 100.0, 'clf__class_weight': None, 'clf__gamma': 0.0001}"": 0.5369991966218072, ""{'clf__C': 100.0, 'clf__class_weight': None, 'clf__gamma': 0.001}"": 0.5303774334486543, ""{'clf__C': 100.0, 'clf__class_weight': None, 'clf__gamma': 0.01}"": 0.513135557538411, ""{'clf__C': 100.0, 'clf__class_weight': None, 'clf__gamma': 0.1}"": 0.34640522875817, ""{'clf__C': 100.0, 'clf__class_weight': 'balanced', 'clf__gamma': 0.0001}"": 0.5327864462400248, ""{'clf__C': 100.0, 'clf__class_weight': 'balanced', 'clf__gamma': 0.001}"": 0.5303774334486543, ""{'clf__C': 100.0, 'clf__class_weight': 'balanced', 'clf__gamma': 0.01}"": 0.513135557538411, ""{'clf__C': 100.0, 'clf__class_weight': 'balanced', 'clf__gamma': 0.1}"": 0.34640522875817}, ""best_score"": 0.5369991966218072}"
A_window_w4_s2,rbf_svm,valence,2,0,"[36, 5, 11, 38, 19, 15, 27, 17, 31, 26, 16, 12, 8, 2, 9, 18, 10, 0, 33, 29, 14, 1, 24, 4, 21, 13, 6, 28, 30, 7, 34, 25]","[22, 23, 37, 39, 32, 3, 35, 20]","{""accuracy"": 0.35833333333333334, ""balanced_accuracy"": 0.24761904761904763, ""precision_macro"": 0.3888111888111888, ""precision_micro"": 0.35833333333333334, ""precision_weighted"": 0.663111888111888, ""recall_macro"": 0.24761904761904763, ""recall_micro"": 0.35833333333333334, ""recall_weighted"": 0.35833333333333334, ""f1_macro"": 0.278125, ""f1_micro"": 0.35833333333333334, ""f1_weighted"": 0.4585937500000001, ""mcc"": -0.3350339568577374, ""kappa"": -0.2078431372549019, ""confusion_matrix"": [[83, 127], [27, 3]], ""tp"": 3, ""tn"": 83, ""fp"": 127, ""fn"": 27, ""tpr"": 0.1, ""tnr"": 0.3952380952380952, ""fpr"": 0.6047619047619047, ""fnr"": 0.9, ""ppv"": 0.023076923076923078, ""npv"": 0.7545454545454545, ""roc_auc"": 0.24142857142857144, ""pr_auc"": 0.08176197588839404, ""log_loss"": 2.003097426900943, ""brier"": 0.48407961346617345, ""trial_accuracy"": 0.25, ""trial_f1_macro"": 0.2}","{""clf__C"": 10.0, ""clf__class_weight"": null, ""clf__gamma"": 0.01}","{""scores"": {""{'clf__C': 0.1, 'clf__class_weight': None, 'clf__gamma': 0.0001}"": 0.28829365079365077, ""{'clf__C': 0.1, 'clf__class_weight': None, 'clf__gamma': 0.001}"": 0.5087751619117378, ""{'clf__C': 0.1, 'clf__class_weight': None, 'clf__gamma': 0.01}"": 0.28829365079365077, ""{'clf__C': 0.1, 'clf__class_weight': None, 'clf__gamma': 0.1}"": 0.28829365079365077, ""{'clf__C': 0.1, 'clf__class_weight': 'balanced', 'clf__gamma': 0.0001}"": 0.39322425310218484, ""{'clf__C': 0.1, 'clf__class_weight': 'balanced', 'clf__gamma': 0.001}"": 0.602648705381051, ""{'clf__C': 0.1, 'clf__class_weight': 'balanced', 'clf__gamma': 0.01}"": 0.40760497311980387, ""{'clf__C': 0.1, 'clf__class_weight': 'balanced', 'clf__gamma': 0.1}"": 0.37227668845315903, ""{'clf__C': 1.0, 'clf__class_weight': None, 'clf__gamma': 0.0001}"": 0.5998086369816643, ""{'clf__C': 1.0, 'clf__class_weight': None, 'clf__gamma': 0.001}"": 0.619409306202158, ""{'clf__C': 1.0, 'clf__class_weight': None, 'clf__gamma': 0.01}"": 0.6257230384387874, ""{'clf__C': 1.0, 'clf__class_weight': None, 'clf__gamma': 0.1}"": 0.28829365079365077, ""{'clf__C': 1.0, 'clf__class_weight': 'balanced', 'clf__gamma': 0.0001}"": 0.618691173060871, ""{'clf__C': 1.0, 'clf__class_weight': 'balanced', 'clf__gamma': 0.001}"": 0.6089096517177681, ""{'clf__C': 1.0, 'clf__class_weight': 'balanced', 'clf__gamma': 0.01}"": 0.6245719004122939, ""{'clf__C': 1.0, 'clf__class_weight': 'balanced', 'clf__gamma': 0.1}"": 0.28829365079365077, ""{'clf__C': 10.0, 'clf__class_weight': None, 'clf__gamma': 0.0001}"": 0.6216033438674458, ""{'clf__C': 10.0, 'clf__class_weight': None, 'clf__gamma': 0.001}"": 0.6046403291098674, ""{'clf__C': 10.0, 'clf__class_weight': None, 'clf__gamma': 0.01}"": 0.6265334839938743, ""{'clf__C': 10.0, 'clf__class_weight': None, 'clf__gamma': 0.1}"": 0.28829365079365077, ""{'clf__C': 10.0, 'clf__class_weight': 'balanced', 'clf__gamma': 0.0001}"": 0.6139887939607781, ""{'clf__C': 10.0, 'clf__class_weight': 'balanced', 'clf__gamma': 0.001}"": 0.6033936268142549, ""{'clf__C': 10.0, 'clf__class_weight': 'balanced', 'clf__gamma': 0.01}"": 0.6265334839938743, ""{'clf__C': 10.0, 'clf__class_weight': 'balanced', 'clf__gamma': 0.1}"": 0.28829365079365077, ""{'clf__C': 100.0, 'clf__class_weight': None, 'clf__gamma': 0.0001}"": 0.5854826149722349, ""{'clf__C': 100.0, 'clf__class_weight': None, 'clf__gamma': 0.001}"": 0.6113125992147966, ""{'clf__C': 100.0, 'clf__class_weight': None, 'clf__gamma': 0.01}"": 0.6265334839938743, ""{'clf__C': 100.0, 'clf__class_weight': None, 'clf__gamma': 0.1}"": 0.28829365079365077, ""{'clf__C': 100.0, 'clf__class_weight': 'balanced', 'clf__gamma': 0.0001}"": 0.5904084724609485, ""{'clf__C': 100.0, 'clf__class_weight': 'balanced', 'clf__gamma': 0.001}"": 0.6113125992147966, ""{'clf__C': 100.0, 'clf__class_weight': 'balanced', 'clf__gamma': 0.01}"": 0.6265334839938743, ""{'clf__C': 100.0, 'clf__class_weight': 'balanced', 'clf__gamma': 0.1}"": 0.28829365079365077}, ""best_score"": 0.6265334839938743}"
A_window_w4_s2,rbf_svm,valence,2,1,"[7, 25, 26, 27, 14, 16, 5, 23, 3, 0, 30, 37, 39, 38, 22, 15, 19, 31, 18, 34, 13, 36, 21, 6, 20, 10, 33, 4, 32, 8, 17, 24]","[9, 35, 11, 2, 12, 1, 29, 28]","{""accuracy"": 0.6083333333333333, ""balanced_accuracy"": 0.6083333333333334, ""precision_macro"": 0.6310924369747899, ""precision_micro"": 0.6083333333333333, ""precision_weighted"": 0.6310924369747899, ""recall_macro"": 0.6083333333333334, ""recall_micro"": 0.6083333333333333, ""recall_weighted"": 0.6083333333333333, ""f1_macro"": 0.5905626134301271, ""f1_micro"": 0.6083333333333333, ""f1_weighted"": 0.590562613430127, ""mcc"": 0.23834160922733494, ""kappa"": 0.21666666666666667, ""confusion_matrix"": [[48, 72], [22, 98]], ""tp"": 98, ""tn"": 48, ""fp"": 72, ""fn"": 22, ""tpr"": 0.8166666666666667, ""tnr"": 0.4, ""fpr"": 0.6, ""fnr"": 0.18333333333333332, ""ppv"": 0.5764705882352941, ""npv"": 0.6857142857142857, ""roc_auc"": 0.7339930555555556, ""pr_auc"": 0.7863765835064586, ""log_loss"": 0.6312704577373573, ""brier"": 0.22137360192372996, ""trial_accuracy"": 0.625, ""trial_f1_macro"": 0.6190476190476191}","{""clf__C"": 0.1, ""clf__class_weight"": ""balanced"", ""clf__gamma"": 0.001}","{""scores"": {""{'clf__C': 0.1, 'clf__class_weight': None, 'clf__gamma': 0.0001}"": 0.3616374543793899, ""{'clf__C': 0.1, 'clf__class_weight': None, 'clf__gamma': 0.001}"": 0.3505326800443515, ""{'clf__C': 0.1, 'clf__class_weight': None, 'clf__gamma': 0.01}"": 0.35350525533623367, ""{'clf__C': 0.1, 'clf__class_weight': None, 'clf__gamma': 0.1}"": 0.3194444444444444, ""{'clf__C': 0.1, 'clf__class_weight': 'balanced', 'clf__gamma': 0.0001}"": 0.3885982386931153, ""{'clf__C': 0.1, 'clf__class_weight': 'balanced', 'clf__gamma': 0.001}"": 0.5515293611165303, ""{'clf__C': 0.1, 'clf__class_weight': 'balanced', 'clf__gamma': 0.01}"": 0.3804660396499591, ""{'clf__C': 0.1, 'clf__class_weight': 'balanced', 'clf__gamma': 0.1}"": 0.34640522875817, ""{'clf__C': 1.0, 'clf__class_weight': None, 'clf__gamma': 0.0001}"": 0.4185405926955957, ""{'clf__C': 1.0, 'clf__class_weight': None, 'clf__gamma': 0.001}"": 0.46282506706476007, ""{'clf__C': 1.0, 'clf__class_weight': None, 'clf__gamma': 0.01}"": 0.49431554922375814, ""{'clf__C': 1.0, 'clf__class_weight': None, 'clf__gamma': 0.1}"": 0.3194444444444444, ""{'clf__C': 1.0, 'clf__class_weight': 'balanced', 'clf__gamma': 0.0001}"": 0.5113628775318302, ""{'clf__C': 1.0, 'clf__class_weight': 'balanced', 'clf__gamma': 0.001}"": 0.47363429298807896, ""{'clf__C': 1.0, 'clf__class_weight': 'balanced', 'clf__gamma': 0.01}"": 0.4964236360371867, ""{'clf__C': 1.0, 'clf__class_weight': 'balanced', 'clf__gamma': 0.1}"": 0.3194444444444444, ""{'clf__C': 10.0, 'clf__class_weight': None, 'clf__gamma': 0.0001}"": 0.4618397181775291, ""{'clf__C': 10.0, 'clf__class_weight': None, 'clf__gamma': 0.001}"": 0.4855837025712959, ""{'clf__C': 10.0, 'clf__class_weight': None, 'clf__gamma': 0.01}"": 0.49390816863185255, ""{'clf__C': 10.0, 'clf__class_weight': None, 'clf__gamma': 0.1}"": 0.3194444444444444, ""{'clf__C': 10.0, 'clf__class_weight': 'balanced', 'clf__gamma': 0.0001}"": 0.4721584090757254, ""{'clf__C': 10.0, 'clf__class_weight': 'balanced', 'clf__gamma': 0.001}"": 0.48837111035918435, ""{'clf__C': 10.0, 'clf__class_weight': 'balanced', 'clf__gamma': 0.01}"": 0.49390816863185255, ""{'clf__C': 10.0, 'clf__class_weight': 'balanced', 'clf__gamma': 0.1}"": 0.3194444444444444, ""{'clf__C': 100.0, 'clf__class_weight': None, 'clf__gamma': 0.0001}"": 0.49155105731369536, ""{'clf__C': 100.0, 'clf__class_weight': None, 'clf__gamma': 0.001}"": 0.48916297164242056, ""{'clf__C': 100.0, 'clf__class_weight': None, 'clf__gamma': 0.01}"": 0.49390816863185255, ""{'clf__C': 100.0, 'clf__class_weight': None, 'clf__gamma': 0.1}"": 0.3194444444444444, ""{'clf__C': 100.0, 'clf__class_weight': 'balanced', 'clf__gamma': 0.0001}"": 0.49298327164623895, ""{'clf__C': 100.0, 'clf__class_weight': 'balanced', 'clf__gamma': 0.001}"": 0.48916297164242056, ""{'clf__C': 100.0, 'clf__class_weight': 'balanced', 'clf__gamma': 0.01}"": 0.49390816863185255, ""{'clf__C': 100.0, 'clf__class_weight': 'balanced', 'clf__gamma': 0.1}"": 0.3194444444444444}, ""best_score"": 0.5515293611165303}"
A_window_w4_s2,rbf_svm,valence,3,0,"[5, 13, 7, 0, 37, 20, 9, 19, 35, 39, 18, 16, 10, 28, 36, 24, 33, 6, 17, 27, 2, 12, 29, 26, 38, 23, 8, 22, 25, 34, 14, 1]","[15, 4, 21, 31, 32, 3, 30, 11]","{""accuracy"": 0.5916666666666667, ""balanced_accuracy"": 0.5088888888888888, ""precision_macro"": 0.515, ""precision_micro"": 0.5916666666666667, ""precision_weighted"": 0.54375, ""recall_macro"": 0.5088888888888888, ""recall_micro"": 0.5916666666666667, ""recall_weighted"": 0.5916666666666667, ""f1_macro"": 0.48307692307692307, ""f1_micro"": 0.5916666666666667, ""f1_weighted"": 0.5423076923076924, ""mcc"": 0.02309401076758503, ""kappa"": 0.020000000000000018, ""confusion_matrix"": [[126, 24], [74, 16]], ""tp"": 16, ""tn"": 126, ""fp"": 24, ""fn"": 74, ""tpr"": 0.17777777777777778, ""tnr"": 0.84, ""fpr"": 0.16, ""fnr"": 0.8222222222222222, ""ppv"": 0.4, ""npv"": 0.63, ""roc_auc"": 0.447037037037037, ""pr_auc"": 0.390788124895746, ""log_loss"": 1.099895339212548, ""brier"": 0.3141545870917816, ""trial_accuracy"": 0.625, ""trial_f1_macro"": 0.38461538461538464}","{""clf__C"": 1.0, ""clf__class_weight"": ""balanced"", ""clf__gamma"": 0.001}","{""scores"": {""{'clf__C': 0.1, 'clf__class_weight': None, 'clf__gamma': 0.0001}"": 0.369109047127623, ""{'clf__C': 0.1, 'clf__class_weight': None, 'clf__gamma': 0.001}"": 0.5513425126390822, ""{'clf__C': 0.1, 'clf__class_weight': None, 'clf__gamma': 0.01}"": 0.369109047127623, ""{'clf__C': 0.1, 'clf__class_weight': None, 'clf__gamma': 0.1}"": 0.369109047127623, ""{'clf__C': 0.1, 'clf__class_weight': 'balanced', 'clf__gamma': 0.0001}"": 0.30018674136321194, ""{'clf__C': 0.1, 'clf__class_weight': 'balanced', 'clf__gamma': 0.001}"": 0.7206165971841401, ""{'clf__C': 0.1, 'clf__class_weight': 'balanced', 'clf__gamma': 0.01}"": 0.30018674136321194, ""{'clf__C': 0.1, 'clf__class_weight': 'balanced', 'clf__gamma': 0.1}"": 0.30018674136321194, ""{'clf__C': 1.0, 'clf__class_weight': None, 'clf__gamma': 0.0001}"": 0.6377373397081252, ""{'clf__C': 1.0, 'clf__class_weight': None, 'clf__gamma': 0.001}"": 0.7374930077577625, ""{'clf__C': 1.0, 'clf__class_weight': None, 'clf__gamma': 0.01}"": 0.6986946709571916, ""{'clf__C': 1.0, 'clf__class_weight': None, 'clf__gamma': 0.1}"": 0.369109047127623, ""{'clf__C': 1.0, 'clf__class_weight': 'balanced', 'clf__gamma': 0.0001}"": 0.7317733571630721, ""{'clf__C': 1.0, 'clf__class_weight': 'balanced', 'clf__gamma': 0.001}"": 0.7392248140416896, ""{'clf__C': 1.0, 'clf__class_weight': 'balanced', 'clf__gamma': 0.01}"": 0.7067024735260485, ""{'clf__C': 1.0, 'clf__class_weight': 'balanced', 'clf__gamma': 0.1}"": 0.369109047127623, ""{'clf__C': 10.0, 'clf__class_weight': None, 'clf__gamma': 0.0001}"": 0.7225273026498326, ""{'clf__C': 10.0, 'clf__class_weight': None, 'clf__gamma': 0.001}"": 0.7095207108051254, ""{'clf__C': 10.0, 'clf__class_weight': None, 'clf__gamma': 0.01}"": 0.700446324518038, ""{'clf__C': 10.0, 'clf__class_weight': None, 'clf__gamma': 0.1}"": 0.369109047127623, ""{'clf__C': 10.0, 'clf__class_weight': 'balanced', 'clf__gamma': 0.0001}"": 0.7275404217588126, ""{'clf__C': 10.0, 'clf__class_weight': 'balanced', 'clf__gamma': 0.001}"": 0.7150519814464947, ""{'clf__C': 10.0, 'clf__class_weight': 'balanced', 'clf__gamma': 0.01}"": 0.700446324518038, ""{'clf__C': 10.0, 'clf__class_weight': 'balanced', 'clf__gamma': 0.1}"": 0.369109047127623, ""{'clf__C': 100.0, 'clf__class_weight': None, 'clf__gamma': 0.0001}"": 0.7070407341527671, ""{'clf__C': 100.0, 'clf__class_weight': None, 'clf__gamma': 0.001}"": 0.7047812484155624, ""{'clf__C': 100.0, 'clf__class_weight': None, 'clf__gamma': 0.01}"": 0.700446324518038, ""{'clf__C': 100.0, 'clf__class_weight': None, 'clf__gamma': 0.1}"": 0.369109047127623, ""{'clf__C': 100.0, 'clf__class_weight': 'balanced', 'clf__gamma': 0.0001}"": 0.6996405939340161, ""{'clf__C': 100.0, 'clf__class_weight': 'balanced', 'clf__gamma': 0.001}"": 0.7047812484155624, ""{'clf__C': 100.0, 'clf__class_weight': 'balanced', 'clf__gamma': 0.01}"": 0.700446324518038, ""{'clf__C': 100.0, 'clf__class_weight': 'balanced', 'clf__gamma': 0.1}"": 0.369109047127623}, ""best_score"": 0.7392248140416896}"
A_window_w4_s2,rbf_svm,valence,3,1,"[29, 21, 10, 25, 39, 1, 4, 20, 14, 2, 19, 28, 17, 12, 7, 3, 15, 5, 36, 30, 8, 23, 6, 35, 33, 32, 9, 18, 26, 38, 37, 0]","[27, 22, 34, 31, 24, 16, 11, 13]","{""accuracy"": 0.7458333333333333, ""balanced_accuracy"": 0.6194444444444445, ""precision_macro"": 0.647008547008547, ""precision_micro"": 0.7458333333333333, ""precision_weighted"": 0.7260683760683762, ""recall_macro"": 0.6194444444444445, ""recall_micro"": 0.7458333333333333, ""recall_weighted"": 0.7458333333333333, ""f1_macro"": 0.6281904761904762, ""f1_micro"": 0.7458333333333333, ""f1_weighted"": 0.7327619047619047, ""mcc"": 0.26502342708538723, ""kappa"": 0.2606060606060606, ""confusion_matrix"": [[157, 23], [38, 22]], ""tp"": 22, ""tn"": 157, ""fp"": 23, ""fn"": 38, ""tpr"": 0.36666666666666664, ""tnr"": 0.8722222222222222, ""fpr"": 0.12777777777777777, ""fnr"": 0.6333333333333333, ""ppv"": 0.4888888888888889, ""npv"": 0.8051282051282052, ""roc_auc"": 0.7017592592592594, ""pr_auc"": 0.4915277495166616, ""log_loss"": 0.5546845096314329, ""brier"": 0.18414687477277922, ""trial_accuracy"": 0.875, ""trial_f1_macro"": 0.7948717948717949}","{""clf__C"": 0.1, ""clf__class_weight"": ""balanced"", ""clf__gamma"": 0.001}","{""scores"": {""{'clf__C': 0.1, 'clf__class_weight': None, 'clf__gamma': 0.0001}"": 0.28670634920634924, ""{'clf__C': 0.1, 'clf__class_weight': None, 'clf__gamma': 0.001}"": 0.5110809403050943, ""{'clf__C': 0.1, 'clf__class_weight': None, 'clf__gamma': 0.01}"": 0.28670634920634924, ""{'clf__C': 0.1, 'clf__class_weight': None, 'clf__gamma': 0.1}"": 0.28670634920634924, ""{'clf__C': 0.1, 'clf__class_weight': 'balanced', 'clf__gamma': 0.0001}"": 0.3556286549707602, ""{'clf__C': 0.1, 'clf__class_weight': 'balanced', 'clf__gamma': 0.001}"": 0.6745951420324116, ""{'clf__C': 0.1, 'clf__class_weight': 'balanced', 'clf__gamma': 0.01}"": 0.3556286549707602, ""{'clf__C': 0.1, 'clf__class_weight': 'balanced', 'clf__gamma': 0.1}"": 0.3556286549707602, ""{'clf__C': 1.0, 'clf__class_weight': None, 'clf__gamma': 0.0001}"": 0.5987407103731464, ""{'clf__C': 1.0, 'clf__class_weight': None, 'clf__gamma': 0.001}"": 0.6562822817766468, ""{'clf__C': 1.0, 'clf__class_weight': None, 'clf__gamma': 0.01}"": 0.6533565063188247, ""{'clf__C': 1.0, 'clf__class_weight': None, 'clf__gamma': 0.1}"": 0.28670634920634924, ""{'clf__C': 1.0, 'clf__class_weight': 'balanced', 'clf__gamma': 0.0001}"": 0.6720684906282107, ""{'clf__C': 1.0, 'clf__class_weight': 'balanced', 'clf__gamma': 0.001}"": 0.6483039859068762, ""{'clf__C': 1.0, 'clf__class_weight': 'balanced', 'clf__gamma': 0.01}"": 0.6630656975100533, ""{'clf__C': 1.0, 'clf__class_weight': 'balanced', 'clf__gamma': 0.1}"": 0.28670634920634924, ""{'clf__C': 10.0, 'clf__class_weight': None, 'clf__gamma': 0.0001}"": 0.6449483190484551, ""{'clf__C': 10.0, 'clf__class_weight': None, 'clf__gamma': 0.001}"": 0.6283829226952988, ""{'clf__C': 10.0, 'clf__class_weight': None, 'clf__gamma': 0.01}"": 0.6525961562021579, ""{'clf__C': 10.0, 'clf__class_weight': None, 'clf__gamma': 0.1}"": 0.28670634920634924, ""{'clf__C': 10.0, 'clf__class_weight': 'balanced', 'clf__gamma': 0.0001}"": 0.6282253050967728, ""{'clf__C': 10.0, 'clf__class_weight': 'balanced', 'clf__gamma': 0.001}"": 0.628044628044628, ""{'clf__C': 10.0, 'clf__class_weight': 'balanced', 'clf__gamma': 0.01}"": 0.6525961562021579, ""{'clf__C': 10.0, 'clf__class_weight': 'balanced', 'clf__gamma': 0.1}"": 0.28670634920634924, ""{'clf__C': 100.0, 'clf__class_weight': None, 'clf__gamma': 0.0001}"": 0.6115004888289999, ""{'clf__C': 100.0, 'clf__class_weight': None, 'clf__gamma': 0.001}"": 0.6312618184547635, ""{'clf__C': 100.0, 'clf__class_weight': None, 'clf__gamma': 0.01}"": 0.6525961562021579, ""{'clf__C': 100.0, 'clf__class_weight': None, 'clf__gamma': 0.1}"": 0.28670634920634924, ""{'clf__C': 100.0, 'clf__class_weight': 'balanced', 'clf__gamma': 0.0001}"": 0.6139452215830108, ""{'clf__C': 100.0, 'clf__class_weight': 'balanced', 'clf__gamma': 0.001}"": 0.6312618184547635, ""{'clf__C': 100.0, 'clf__class_weight': 'balanced', 'clf__gamma': 0.01}"": 0.6525961562021579, ""{'clf__C': 100.0, 'clf__class_weight': 'balanced', 'clf__gamma': 0.1}"": 0.28670634920634924}, ""best_score"": 0.6745951420324116}"
A_window_w4_s2,rbf_svm,valence,4,0,"[3, 38, 6, 4, 17, 10, 9, 39, 7, 30, 26, 13, 14, 1, 12, 20, 21, 35, 36, 24, 33, 31, 28, 37, 25, 34, 15, 32, 22, 23, 0, 8]","[2, 16, 27, 29, 11, 18, 19, 5]","{""accuracy"": 0.4, ""balanced_accuracy"": 0.5333333333333333, ""precision_macro"": 0.5333333333333333, ""precision_micro"": 0.4, ""precision_weighted"": 0.6666666666666666, ""recall_macro"": 0.5333333333333333, ""recall_micro"": 0.4, ""recall_weighted"": 0.4, ""f1_macro"": 0.4, ""f1_micro"": 0.4, ""f1_weighted"": 0.4, ""mcc"": 0.06666666666666667, ""kappa"": 0.040000000000000036, ""confusion_matrix"": [[48, 12], [132, 48]], ""tp"": 48, ""tn"": 48, ""fp"": 12, ""fn"": 132, ""tpr"": 0.26666666666666666, ""tnr"": 0.8, ""fpr"": 0.2, ""fnr"": 0.7333333333333333, ""ppv"": 0.8, ""npv"": 0.26666666666666666, ""roc_auc"": 0.560138888888889, ""pr_auc"": 0.7985784574359065, ""log_loss"": 0.9399297350557116, ""brier"": 0.3372056800209547, ""trial_accuracy"": 0.25, ""trial_f1_macro"": 0.2}","{""clf__C"": 1.0, ""clf__class_weight"": ""balanced"", ""clf__gamma"": 0.01}","{""scores"": {""{'clf__C': 0.1, 'clf__class_weight': None, 'clf__gamma': 0.0001}"": 0.35838779956427014, ""{'clf__C': 0.1, 'clf__class_weight': None, 'clf__gamma': 0.001}"": 0.35838779956427014, ""{'clf__C': 0.1, 'clf__class_weight': None, 'clf__gamma': 0.01}"": 0.35838779956427014, ""{'clf__C': 0.1, 'clf__class_weight': None, 'clf__gamma': 0.1}"": 0.35838779956427014, ""{'clf__C': 0.1, 'clf__class_weight': 'balanced', 'clf__gamma': 0.0001}"": 0.30416666666666664, ""{'clf__C': 0.1, 'clf__class_weight': 'balanced', 'clf__gamma': 0.001}"": 0.3048632880529432, ""{'clf__C': 0.1, 'clf__class_weight': 'balanced', 'clf__gamma': 0.01}"": 0.30416666666666664, ""{'clf__C': 0.1, 'clf__class_weight': 'balanced', 'clf__gamma': 0.1}"": 0.30416666666666664, ""{'clf__C': 1.0, 'clf__class_weight': None, 'clf__gamma': 0.0001}"": 0.35838779956427014, ""{'clf__C': 1.0, 'clf__class_weight': None, 'clf__gamma': 0.001}"": 0.46668137338544935, ""{'clf__C': 1.0, 'clf__class_weight': None, 'clf__gamma': 0.01}"": 0.4745964534077207, ""{'clf__C': 1.0, 'clf__class_weight': None, 'clf__gamma': 0.1}"": 0.35838779956427014, ""{'clf__C': 1.0, 'clf__class_weight': 'balanced', 'clf__gamma': 0.0001}"": 0.4650235787688511, ""{'clf__C': 1.0, 'clf__class_weight': 'balanced', 'clf__gamma': 0.001}"": 0.46938077172985565, ""{'clf__C': 1.0, 'clf__class_weight': 'balanced', 'clf__gamma': 0.01}"": 0.4893966226686071, ""{'clf__C': 1.0, 'clf__class_weight': 'balanced', 'clf__gamma': 0.1}"": 0.35838779956427014, ""{'clf__C': 10.0, 'clf__class_weight': None, 'clf__gamma': 0.0001}"": 0.46071599921868006, ""{'clf__C': 10.0, 'clf__class_weight': None, 'clf__gamma': 0.001}"": 0.47678065551264326, ""{'clf__C': 10.0, 'clf__class_weight': None, 'clf__gamma': 0.01}"": 0.48258226716265534, ""{'clf__C': 10.0, 'clf__class_weight': None, 'clf__gamma': 0.1}"": 0.35838779956427014, ""{'clf__C': 10.0, 'clf__class_weight': 'balanced', 'clf__gamma': 0.0001}"": 0.46441781788398934, ""{'clf__C': 10.0, 'clf__class_weight': 'balanced', 'clf__gamma': 0.001}"": 0.48363245619381695, ""{'clf__C': 10.0, 'clf__class_weight': 'balanced', 'clf__gamma': 0.01}"": 0.48258226716265534, ""{'clf__C': 10.0, 'clf__class_weight': 'balanced', 'clf__gamma': 0.1}"": 0.35838779956427014, ""{'clf__C': 100.0, 'clf__class_weight': None, 'clf__gamma': 0.0001}"": 0.4397418437433445, ""{'clf__C': 100.0, 'clf__class_weight': None, 'clf__gamma': 0.001}"": 0.48456695153647095, ""{'clf__C': 100.0, 'clf__class_weight': None, 'clf__gamma': 0.01}"": 0.48258226716265534, ""{'clf__C': 100.0, 'clf__class_weight': None, 'clf__gamma': 0.1}"": 0.35838779956427014, ""{'clf__C': 100.0, 'clf__class_weight': 'balanced', 'clf__gamma': 0.0001}"": 0.44259386849921317, ""{'clf__C': 100.0, 'clf__class_weight': 'balanced', 'clf__gamma': 0.001}"": 0.48456695153647095, ""{'clf__C': 100.0, 'clf__class_weight': 'balanced', 'clf__gamma': 0.01}"": 0.48258226716265534, ""{'clf__C': 100.0, 'clf__class_weight': 'balanced', 'clf__gamma': 0.1}"": 0.35838779956427014}, ""best_score"": 0.4893966226686071}"
A_window_w4_s2,rbf_svm,valence,4,1,"[1, 32, 37, 8, 23, 13, 10, 19, 11, 24, 28, 35, 34, 38, 21, 2, 27, 17, 20, 6, 25, 5, 14, 33, 4, 3, 31, 36, 15, 9, 29, 26]","[7, 18, 0, 39, 16, 12, 30, 22]","{""accuracy"": 0.5291666666666667, ""balanced_accuracy"": 0.57, ""precision_macro"": 0.5717267552182164, ""precision_micro"": 0.5291666666666667, ""precision_weighted"": 0.6082068311195445, ""recall_macro"": 0.57, ""recall_micro"": 0.5291666666666667, ""recall_weighted"": 0.5291666666666667, ""f1_macro"": 0.5289622231871471, ""f1_micro"": 0.5291666666666667, ""f1_weighted"": 0.5265089014329136, ""mcc"": 0.1417162357004326, ""kappa"": 0.12233009708737863, ""confusion_matrix"": [[66, 24], [89, 61]], ""tp"": 61, ""tn"": 66, ""fp"": 24, ""fn"": 89, ""tpr"": 0.4066666666666667, ""tnr"": 0.7333333333333333, ""fpr"": 0.26666666666666666, ""fnr"": 0.5933333333333334, ""ppv"": 0.7176470588235294, ""npv"": 0.4258064516129032, ""roc_auc"": 0.5644814814814815, ""pr_auc"": 0.6554691462960489, ""log_loss"": 0.8522033587119824, ""brier"": 0.2968748003838805, ""trial_accuracy"": 0.5, ""trial_f1_macro"": 0.4666666666666667}","{""clf__C"": 10.0, ""clf__class_weight"": null, ""clf__gamma"": 0.01}","{""scores"": {""{'clf__C': 0.1, 'clf__class_weight': None, 'clf__gamma': 0.0001}"": 0.34640522875817, ""{'clf__C': 0.1, 'clf__class_weight': None, 'clf__gamma': 0.001}"": 0.34640522875817, ""{'clf__C': 0.1, 'clf__class_weight': None, 'clf__gamma': 0.01}"": 0.34640522875817, ""{'clf__C': 0.1, 'clf__class_weight': None, 'clf__gamma': 0.1}"": 0.34640522875817, ""{'clf__C': 0.1, 'clf__class_weight': 'balanced', 'clf__gamma': 0.0001}"": 0.3194444444444444, ""{'clf__C': 0.1, 'clf__class_weight': 'balanced', 'clf__gamma': 0.001}"": 0.33050417378711944, ""{'clf__C': 0.1, 'clf__class_weight': 'balanced', 'clf__gamma': 0.01}"": 0.3194444444444444, ""{'clf__C': 0.1, 'clf__class_weight': 'balanced', 'clf__gamma': 0.1}"": 0.3194444444444444, ""{'clf__C': 1.0, 'clf__class_weight': None, 'clf__gamma': 0.0001}"": 0.3470803247307653, ""{'clf__C': 1.0, 'clf__class_weight': None, 'clf__gamma': 0.001}"": 0.4403532003334523, ""{'clf__C': 1.0, 'clf__class_weight': None, 'clf__gamma': 0.01}"": 0.4704962657065776, ""{'clf__C': 1.0, 'clf__class_weight': None, 'clf__gamma': 0.1}"": 0.34640522875817, ""{'clf__C': 1.0, 'clf__class_weight': 'balanced', 'clf__gamma': 0.0001}"": 0.44602181785756256, ""{'clf__C': 1.0, 'clf__class_weight': 'balanced', 'clf__gamma': 0.001}"": 0.44802861789123855, ""{'clf__C': 1.0, 'clf__class_weight': 'balanced', 'clf__gamma': 0.01}"": 0.4681158470501683, ""{'clf__C': 1.0, 'clf__class_weight': 'balanced', 'clf__gamma': 0.1}"": 0.34640522875817, ""{'clf__C': 10.0, 'clf__class_weight': None, 'clf__gamma': 0.0001}"": 0.44079856932576233, ""{'clf__C': 10.0, 'clf__class_weight': None, 'clf__gamma': 0.001}"": 0.46871563023564217, ""{'clf__C': 10.0, 'clf__class_weight': None, 'clf__gamma': 0.01}"": 0.4718604308160253, ""{'clf__C': 10.0, 'clf__class_weight': None, 'clf__gamma': 0.1}"": 0.34640522875817, ""{'clf__C': 10.0, 'clf__class_weight': 'balanced', 'clf__gamma': 0.0001}"": 0.4509138557241463, ""{'clf__C': 10.0, 'clf__class_weight': 'balanced', 'clf__gamma': 0.001}"": 0.4651422241940948, ""{'clf__C': 10.0, 'clf__class_weight': 'balanced', 'clf__gamma': 0.01}"": 0.4718604308160253, ""{'clf__C': 10.0, 'clf__class_weight': 'balanced', 'clf__gamma': 0.1}"": 0.34640522875817, ""{'clf__C': 100.0, 'clf__class_weight': None, 'clf__gamma': 0.0001}"": 0.45154926482795404, ""{'clf__C': 100.0, 'clf__class_weight': None, 'clf__gamma': 0.001}"": 0.46087197619907205, ""{'clf__C': 100.0, 'clf__class_weight': None, 'clf__gamma': 0.01}"": 0.4718604308160253, ""{'clf__C': 100.0, 'clf__class_weight': None, 'clf__gamma': 0.1}"": 0.34640522875817, ""{'clf__C': 100.0, 'clf__class_weight': 'balanced', 'clf__gamma': 0.0001}"": 0.4517846866208299, ""{'clf__C': 100.0, 'clf__class_weight': 'balanced', 'clf__gamma': 0.001}"": 0.46087197619907205, ""{'clf__C': 100.0, 'clf__class_weight': 'balanced', 'clf__gamma': 0.01}"": 0.4718604308160253, ""{'clf__C': 100.0, 'clf__class_weight': 'balanced', 'clf__gamma': 0.1}"": 0.34640522875817}, ""best_score"": 0.4718604308160253}"
A_window_w4_s2,rbf_svm,valence,5,0,"[14, 30, 21, 24, 38, 10, 5, 15, 3, 4, 28, 29, 0, 2, 12, 19, 32, 27, 22, 25, 9, 35, 20, 1, 11, 26, 18, 33, 17, 13, 31, 37]","[34, 23, 16, 36, 8, 39, 6, 7]","{""accuracy"": 0.425, ""balanced_accuracy"": 0.425, ""precision_macro"": 0.4246651785714286, ""precision_micro"": 0.425, ""precision_weighted"": 0.4246651785714286, ""recall_macro"": 0.425, ""recall_micro"": 0.425, ""recall_weighted"": 0.425, ""f1_macro"": 0.42436040044493883, ""f1_micro"": 0.425, ""f1_weighted"": 0.4243604004449388, ""mcc"": -0.15033444857573872, ""kappa"": -0.1499999999999999, ""confusion_matrix"": [[55, 65], [73, 47]], ""tp"": 47, ""tn"": 55, ""fp"": 65, ""fn"": 73, ""tpr"": 0.39166666666666666, ""tnr"": 0.4583333333333333, ""fpr"": 0.5416666666666666, ""fnr"": 0.6083333333333333, ""ppv"": 0.41964285714285715, ""npv"": 0.4296875, ""roc_auc"": 0.4245138888888889, ""pr_auc"": 0.4269178180433335, ""log_loss"": 0.9459288213394415, ""brier"": 0.3405827590534409, ""trial_accuracy"": 0.375, ""trial_f1_macro"": 0.36507936507936506}","{""clf__C"": 1.0, ""clf__class_weight"": ""balanced"", ""clf__gamma"": 0.001}","{""scores"": {""{'clf__C': 0.1, 'clf__class_weight': None, 'clf__gamma': 0.0001}"": 0.3587962962962963, ""{'clf__C': 0.1, 'clf__class_weight': None, 'clf__gamma': 0.001}"": 0.3587962962962963, ""{'clf__C': 0.1, 'clf__class_weight': None, 'clf__gamma': 0.01}"": 0.3587962962962963, ""{'clf__C': 0.1, 'clf__class_weight': None, 'clf__gamma': 0.1}"": 0.3587962962962963, ""{'clf__C': 0.1, 'clf__class_weight': 'balanced', 'clf__gamma': 0.0001}"": 0.28829365079365077, ""{'clf__C': 0.1, 'clf__class_weight': 'balanced', 'clf__gamma': 0.001}"": 0.42658784421297796, ""{'clf__C': 0.1, 'clf__class_weight': 'balanced', 'clf__gamma': 0.01}"": 0.28829365079365077, ""{'clf__C': 0.1, 'clf__class_weight': 'balanced', 'clf__gamma': 0.1}"": 0.28829365079365077, ""{'clf__C': 1.0, 'clf__class_weight': None, 'clf__gamma': 0.0001}"": 0.3610548147279174, ""{'clf__C': 1.0, 'clf__class_weight': None, 'clf__gamma': 0.001}"": 0.5368693780043529, ""{'clf__C': 1.0, 'clf__class_weight': None, 'clf__gamma': 0.01}"": 0.5177305226460248, ""{'clf__C': 1.0, 'clf__class_weight': None, 'clf__gamma': 0.1}"": 0.3587962962962963, ""{'clf__C': 1.0, 'clf__class_weight': 'balanced', 'clf__gamma': 0.0001}"": 0.5672729167208695, ""{'clf__C': 1.0, 'clf__class_weight': 'balanced', 'clf__gamma': 0.001}"": 0.5789619068740219, ""{'clf__C': 1.0, 'clf__class_weight': 'balanced', 'clf__gamma': 0.01}"": 0.528708565483726, ""{'clf__C': 1.0, 'clf__class_weight': 'balanced', 'clf__gamma': 0.1}"": 0.3587962962962963, ""{'clf__C': 10.0, 'clf__class_weight': None, 'clf__gamma': 0.0001}"": 0.5473218354119148, ""{'clf__C': 10.0, 'clf__class_weight': None, 'clf__gamma': 0.001}"": 0.5241748272453215, ""{'clf__C': 10.0, 'clf__class_weight': None, 'clf__gamma': 0.01}"": 0.5154440697464352, ""{'clf__C': 10.0, 'clf__class_weight': None, 'clf__gamma': 0.1}"": 0.3587962962962963, ""{'clf__C': 10.0, 'clf__class_weight': 'balanced', 'clf__gamma': 0.0001}"": 0.5665783760360105, ""{'clf__C': 10.0, 'clf__class_weight': 'balanced', 'clf__gamma': 0.001}"": 0.523030496886503, ""{'clf__C': 10.0, 'clf__class_weight': 'balanced', 'clf__gamma': 0.01}"": 0.5154440697464352, ""{'clf__C': 10.0, 'clf__class_weight': 'balanced', 'clf__gamma': 0.1}"": 0.3587962962962963, ""{'clf__C': 100.0, 'clf__class_weight': None, 'clf__gamma': 0.0001}"": 0.5522714142393581, ""{'clf__C': 100.0, 'clf__class_weight': None, 'clf__gamma': 0.001}"": 0.5148716438130091, ""{'clf__C': 100.0, 'clf__class_weight': None, 'clf__gamma': 0.01}"": 0.5154440697464352, ""{'clf__C': 100.0, 'clf__class_weight': None, 'clf__gamma': 0.1}"": 0.3587962962962963, ""{'clf__C': 100.0, 'clf__class_weight': 'balanced', 'clf__gamma': 0.0001}"": 0.5496583341975575, ""{'clf__C': 100.0, 'clf__class_weight': 'balanced', 'clf__gamma': 0.001}"": 0.5148716438130091, ""{'clf__C': 100.0, 'clf__class_weight': 'balanced', 'clf__gamma': 0.01}"": 0.5154440697464352, ""{'clf__C': 100.0, 'clf__class_weight': 'balanced', 'clf__gamma': 0.1}"": 0.3587962962962963}, ""best_score"": 0.5789619068740219}"
A_window_w4_s2,rbf_svm,valence,5,1,"[32, 34, 28, 14, 7, 5, 17, 23, 30, 6, 35, 18, 15, 0, 29, 8, 25, 38, 9, 16, 31, 2, 11, 24, 20, 1, 36, 26, 12, 39, 22, 37]","[3, 4, 13, 10, 19, 21, 27, 33]","{""accuracy"": 0.5083333333333333, ""balanced_accuracy"": 0.6111111111111112, ""precision_macro"": 0.5915750915750916, ""precision_micro"": 0.5083333333333333, ""precision_weighted"": 0.7303113553113554, ""recall_macro"": 0.6111111111111112, ""recall_micro"": 0.5083333333333333, ""recall_weighted"": 0.5083333333333333, ""f1_macro"": 0.5033670033670034, ""f1_micro"": 0.5083333333333333, ""f1_weighted"": 0.5281986531986532, ""mcc"": 0.2017425108896008, ""kappa"": 0.14492753623188404, ""confusion_matrix"": [[49, 11], [107, 73]], ""tp"": 73, ""tn"": 49, ""fp"": 11, ""fn"": 107, ""tpr"": 0.40555555555555556, ""tnr"": 0.8166666666666667, ""fpr"": 0.18333333333333332, ""fnr"": 0.5944444444444444, ""ppv"": 0.8690476190476191, ""npv"": 0.3141025641025641, ""roc_auc"": 0.5837037037037036, ""pr_auc"": 0.8127821685845775, ""log_loss"": 0.8282899896919612, ""brier"": 0.3036233681837387, ""trial_accuracy"": 0.375, ""trial_f1_macro"": 0.36507936507936506}","{""clf__C"": 1.0, ""clf__class_weight"": ""balanced"", ""clf__gamma"": 0.001}","{""scores"": {""{'clf__C': 0.1, 'clf__class_weight': None, 'clf__gamma': 0.0001}"": 0.30357142857142855, ""{'clf__C': 0.1, 'clf__class_weight': None, 'clf__gamma': 0.001}"": 0.30357142857142855, ""{'clf__C': 0.1, 'clf__class_weight': None, 'clf__gamma': 0.01}"": 0.30357142857142855, ""{'clf__C': 0.1, 'clf__class_weight': None, 'clf__gamma': 0.1}"": 0.30357142857142855, ""{'clf__C': 0.1, 'clf__class_weight': 'balanced', 'clf__gamma': 0.0001}"": 0.3602941176470589, ""{'clf__C': 0.1, 'clf__class_weight': 'balanced', 'clf__gamma': 0.001}"": 0.4811935328934976, ""{'clf__C': 0.1, 'clf__class_weight': 'balanced', 'clf__gamma': 0.01}"": 0.3602941176470589, ""{'clf__C': 0.1, 'clf__class_weight': 'balanced', 'clf__gamma': 0.1}"": 0.3602941176470589, ""{'clf__C': 1.0, 'clf__class_weight': None, 'clf__gamma': 0.0001}"": 0.33419977419025665, ""{'clf__C': 1.0, 'clf__class_weight': None, 'clf__gamma': 0.001}"": 0.5517887520870296, ""{'clf__C': 1.0, 'clf__class_weight': None, 'clf__gamma': 0.01}"": 0.5379948492324141, ""{'clf__C': 1.0, 'clf__class_weight': None, 'clf__gamma': 0.1}"": 0.30357142857142855, ""{'clf__C': 1.0, 'clf__class_weight': 'balanced', 'clf__gamma': 0.0001}"": 0.5661392157871588, ""{'clf__C': 1.0, 'clf__class_weight': 'balanced', 'clf__gamma': 0.001}"": 0.5728579720900241, ""{'clf__C': 1.0, 'clf__class_weight': 'balanced', 'clf__gamma': 0.01}"": 0.5361584036962393, ""{'clf__C': 1.0, 'clf__class_weight': 'balanced', 'clf__gamma': 0.1}"": 0.30357142857142855, ""{'clf__C': 10.0, 'clf__class_weight': None, 'clf__gamma': 0.0001}"": 0.5566763355404972, ""{'clf__C': 10.0, 'clf__class_weight': None, 'clf__gamma': 0.001}"": 0.5427791949308404, ""{'clf__C': 10.0, 'clf__class_weight': None, 'clf__gamma': 0.01}"": 0.5368722219933443, ""{'clf__C': 10.0, 'clf__class_weight': None, 'clf__gamma': 0.1}"": 0.30357142857142855, ""{'clf__C': 10.0, 'clf__class_weight': 'balanced', 'clf__gamma': 0.0001}"": 0.5625543565363761, ""{'clf__C': 10.0, 'clf__class_weight': 'balanced', 'clf__gamma': 0.001}"": 0.5480109609888086, ""{'clf__C': 10.0, 'clf__class_weight': 'balanced', 'clf__gamma': 0.01}"": 0.5368722219933443, ""{'clf__C': 10.0, 'clf__class_weight': 'balanced', 'clf__gamma': 0.1}"": 0.30357142857142855, ""{'clf__C': 100.0, 'clf__class_weight': None, 'clf__gamma': 0.0001}"": 0.5613542335979494, ""{'clf__C': 100.0, 'clf__class_weight': None, 'clf__gamma': 0.001}"": 0.5387690593475507, ""{'clf__C': 100.0, 'clf__class_weight': None, 'clf__gamma': 0.01}"": 0.5368722219933443, ""{'clf__C': 100.0, 'clf__class_weight': None, 'clf__gamma': 0.1}"": 0.30357142857142855, ""{'clf__C': 100.0, 'clf__class_weight': 'balanced', 'clf__gamma': 0.0001}"": 0.5686936040267058, ""{'clf__C': 100.0, 'clf__class_weight': 'balanced', 'clf__gamma': 0.001}"": 0.5387690593475507, ""{'clf__C': 100.0, 'clf__class_weight': 'balanced', 'clf__gamma': 0.01}"": 0.5368722219933443, ""{'clf__C': 100.0, 'clf__class_weight': 'balanced', 'clf__gamma': 0.1}"": 0.30357142857142855}, ""best_score"": 0.5728579720900241}"
A_window_w4_s2,rbf_svm,valence,6,0,"[26, 3, 36, 9, 24, 25, 23, 37, 11, 35, 32, 5, 1, 30, 19, 13, 38, 21, 10, 20, 18, 2, 15, 8, 7, 31, 14, 22, 33, 29, 12, 16]","[28, 34, 6, 39, 27, 4, 17, 0]","{""accuracy"": 0.4083333333333333, ""balanced_accuracy"": 0.3933333333333333, ""precision_macro"": 0.3995535714285714, ""precision_micro"": 0.4083333333333333, ""precision_weighted"": 0.4324776785714286, ""recall_macro"": 0.3933333333333333, ""recall_micro"": 0.4083333333333333, ""recall_weighted"": 0.4083333333333333, ""f1_macro"": 0.3931191680319111, ""f1_micro"": 0.4083333333333333, ""f1_weighted"": 0.41714153429731465, ""mcc"": -0.20701966780270625, ""kappa"": -0.20338983050847448, ""confusion_matrix"": [[30, 60], [82, 68]], ""tp"": 68, ""tn"": 30, ""fp"": 60, ""fn"": 82, ""tpr"": 0.4533333333333333, ""tnr"": 0.3333333333333333, ""fpr"": 0.6666666666666666, ""fnr"": 0.5466666666666666, ""ppv"": 0.53125, ""npv"": 0.26785714285714285, ""roc_auc"": 0.3500740740740741, ""pr_auc"": 0.5738240516592596, ""log_loss"": 1.3522955655227757, ""brier"": 0.438369828926742, ""trial_accuracy"": 0.25, ""trial_f1_macro"": 0.2}","{""clf__C"": 100.0, ""clf__class_weight"": ""balanced"", ""clf__gamma"": 0.0001}","{""scores"": {""{'clf__C': 0.1, 'clf__class_weight': None, 'clf__gamma': 0.0001}"": 0.44158012256071805, ""{'clf__C': 0.1, 'clf__class_weight': None, 'clf__gamma': 0.001}"": 0.4400329307350181, ""{'clf__C': 0.1, 'clf__class_weight': None, 'clf__gamma': 0.01}"": 0.43242283628816586, ""{'clf__C': 0.1, 'clf__class_weight': None, 'clf__gamma': 0.1}"": 0.2740740740740741, ""{'clf__C': 0.1, 'clf__class_weight': 'balanced', 'clf__gamma': 0.0001}"": 0.44158012256071805, ""{'clf__C': 0.1, 'clf__class_weight': 'balanced', 'clf__gamma': 0.001}"": 0.5712544980241961, ""{'clf__C': 0.1, 'clf__class_weight': 'balanced', 'clf__gamma': 0.01}"": 0.43242283628816586, ""{'clf__C': 0.1, 'clf__class_weight': 'balanced', 'clf__gamma': 0.1}"": 0.2740740740740741, ""{'clf__C': 1.0, 'clf__class_weight': None, 'clf__gamma': 0.0001}"": 0.4609611154028546, ""{'clf__C': 1.0, 'clf__class_weight': None, 'clf__gamma': 0.001}"": 0.4755495576380064, ""{'clf__C': 1.0, 'clf__class_weight': None, 'clf__gamma': 0.01}"": 0.4813981760868131, ""{'clf__C': 1.0, 'clf__class_weight': None, 'clf__gamma': 0.1}"": 0.2740740740740741, ""{'clf__C': 1.0, 'clf__class_weight': 'balanced', 'clf__gamma': 0.0001}"": 0.6040336122257391, ""{'clf__C': 1.0, 'clf__class_weight': 'balanced', 'clf__gamma': 0.001}"": 0.5959292890417999, ""{'clf__C': 1.0, 'clf__class_weight': 'balanced', 'clf__gamma': 0.01}"": 0.48600338423518136, ""{'clf__C': 1.0, 'clf__class_weight': 'balanced', 'clf__gamma': 0.1}"": 0.2740740740740741, ""{'clf__C': 10.0, 'clf__class_weight': None, 'clf__gamma': 0.0001}"": 0.5355787282551339, ""{'clf__C': 10.0, 'clf__class_weight': None, 'clf__gamma': 0.001}"": 0.5832114839381219, ""{'clf__C': 10.0, 'clf__class_weight': None, 'clf__gamma': 0.01}"": 0.48449822829818795, ""{'clf__C': 10.0, 'clf__class_weight': None, 'clf__gamma': 0.1}"": 0.2740740740740741, ""{'clf__C': 10.0, 'clf__class_weight': 'balanced', 'clf__gamma': 0.0001}"": 0.6003497643674732, ""{'clf__C': 10.0, 'clf__class_weight': 'balanced', 'clf__gamma': 0.001}"": 0.5897094325442113, ""{'clf__C': 10.0, 'clf__class_weight': 'balanced', 'clf__gamma': 0.01}"": 0.48449822829818795, ""{'clf__C': 10.0, 'clf__class_weight': 'balanced', 'clf__gamma': 0.1}"": 0.2740740740740741, ""{'clf__C': 100.0, 'clf__class_weight': None, 'clf__gamma': 0.0001}"": 0.5887759098242312, ""{'clf__C': 100.0, 'clf__class_weight': None, 'clf__gamma': 0.001}"": 0.5750420918053478, ""{'clf__C': 100.0, 'clf__class_weight': None, 'clf__gamma': 0.01}"": 0.48449822829818795, ""{'clf__C': 100.0, 'clf__class_weight': None, 'clf__gamma': 0.1}"": 0.2740740740740741, ""{'clf__C': 100.0, 'clf__class_weight': 'balanced', 'clf__gamma': 0.0001}"": 0.6065238769827788, ""{'clf__C': 100.0, 'clf__class_weight': 'balanced', 'clf__gamma': 0.001}"": 0.5750420918053478, ""{'clf__C': 100.0, 'clf__class_weight': 'balanced', 'clf__gamma': 0.01}"": 0.48449822829818795, ""{'clf__C': 100.0, 'clf__class_weight': 'balanced', 'clf__gamma': 0.1}"": 0.2740740740740741}, ""best_score"": 0.6065238769827788}"
A_window_w4_s2,rbf_svm,valence,6,1,"[9, 20, 16, 37, 23, 8, 24, 4, 35, 26, 5, 30, 12, 32, 27, 10, 18, 25, 1, 13, 19, 14, 6, 31, 17, 38, 34, 39, 29, 15, 28, 11]","[33, 3, 0, 7, 36, 21, 2, 22]","{""accuracy"": 0.5791666666666667, ""balanced_accuracy"": 0.5255555555555556, ""precision_macro"": 0.5297644724355103, ""precision_micro"": 0.5791666666666667, ""precision_weighted"": 0.5577279786040894, ""recall_macro"": 0.5255555555555556, ""recall_micro"": 0.5791666666666667, ""recall_weighted"": 0.5791666666666667, ""f1_macro"": 0.5219971998185798, ""f1_micro"": 0.5791666666666667, ""f1_weighted"": 0.5633245252509318, ""mcc"": 0.05515968197542425, ""kappa"": 0.05386416861826693, ""confusion_matrix"": [[28, 62], [39, 111]], ""tp"": 111, ""tn"": 28, ""fp"": 62, ""fn"": 39, ""tpr"": 0.74, ""tnr"": 0.3111111111111111, ""fpr"": 0.6888888888888889, ""fnr"": 0.26, ""ppv"": 0.6416184971098265, ""npv"": 0.417910447761194, ""roc_auc"": 0.6027407407407408, ""pr_auc"": 0.7399804797993186, ""log_loss"": 0.6812550661354495, ""brier"": 0.2428605407995825, ""trial_accuracy"": 0.5, ""trial_f1_macro"": 0.3333333333333333}","{""clf__C"": 100.0, ""clf__class_weight"": null, ""clf__gamma"": 0.0001}","{""scores"": {""{'clf__C': 0.1, 'clf__class_weight': None, 'clf__gamma': 0.0001}"": 0.37227668845315903, ""{'clf__C': 0.1, 'clf__class_weight': None, 'clf__gamma': 0.001}"": 0.37227668845315903, ""{'clf__C': 0.1, 'clf__class_weight': None, 'clf__gamma': 0.01}"": 0.37227668845315903, ""{'clf__C': 0.1, 'clf__class_weight': None, 'clf__gamma': 0.1}"": 0.37227668845315903, ""{'clf__C': 0.1, 'clf__class_weight': 'balanced', 'clf__gamma': 0.0001}"": 0.3017740429505135, ""{'clf__C': 0.1, 'clf__class_weight': 'balanced', 'clf__gamma': 0.001}"": 0.3223679203118846, ""{'clf__C': 0.1, 'clf__class_weight': 'balanced', 'clf__gamma': 0.01}"": 0.3017740429505135, ""{'clf__C': 0.1, 'clf__class_weight': 'balanced', 'clf__gamma': 0.1}"": 0.3017740429505135, ""{'clf__C': 1.0, 'clf__class_weight': None, 'clf__gamma': 0.0001}"": 0.37227668845315903, ""{'clf__C': 1.0, 'clf__class_weight': None, 'clf__gamma': 0.001}"": 0.42407424174549907, ""{'clf__C': 1.0, 'clf__class_weight': None, 'clf__gamma': 0.01}"": 0.38426280361816917, ""{'clf__C': 1.0, 'clf__class_weight': None, 'clf__gamma': 0.1}"": 0.37227668845315903, ""{'clf__C': 1.0, 'clf__class_weight': 'balanced', 'clf__gamma': 0.0001}"": 0.41495535821724383, ""{'clf__C': 1.0, 'clf__class_weight': 'balanced', 'clf__gamma': 0.001}"": 0.4568425022135217, ""{'clf__C': 1.0, 'clf__class_weight': 'balanced', 'clf__gamma': 0.01}"": 0.4038189471372105, ""{'clf__C': 1.0, 'clf__class_weight': 'balanced', 'clf__gamma': 0.1}"": 0.37227668845315903, ""{'clf__C': 10.0, 'clf__class_weight': None, 'clf__gamma': 0.0001}"": 0.42601788852498174, ""{'clf__C': 10.0, 'clf__class_weight': None, 'clf__gamma': 0.001}"": 0.4342270105608317, ""{'clf__C': 10.0, 'clf__class_weight': None, 'clf__gamma': 0.01}"": 0.3995027923361208, ""{'clf__C': 10.0, 'clf__class_weight': None, 'clf__gamma': 0.1}"": 0.37227668845315903, ""{'clf__C': 10.0, 'clf__class_weight': 'balanced', 'clf__gamma': 0.0001}"": 0.461629184623392, ""{'clf__C': 10.0, 'clf__class_weight': 'balanced', 'clf__gamma': 0.001}"": 0.4464304005425655, ""{'clf__C': 10.0, 'clf__class_weight': 'balanced', 'clf__gamma': 0.01}"": 0.3995027923361208, ""{'clf__C': 10.0, 'clf__class_weight': 'balanced', 'clf__gamma': 0.1}"": 0.37227668845315903, ""{'clf__C': 100.0, 'clf__class_weight': None, 'clf__gamma': 0.0001}"": 0.4644042772266684, ""{'clf__C': 100.0, 'clf__class_weight': None, 'clf__gamma': 0.001}"": 0.42310766897749735, ""{'clf__C': 100.0, 'clf__class_weight': None, 'clf__gamma': 0.01}"": 0.3995027923361208, ""{'clf__C': 100.0, 'clf__class_weight': None, 'clf__gamma': 0.1}"": 0.37227668845315903, ""{'clf__C': 100.0, 'clf__class_weight': 'balanced', 'clf__gamma': 0.0001}"": 0.4579994850128872, ""{'clf__C': 100.0, 'clf__class_weight': 'balanced', 'clf__gamma': 0.001}"": 0.42310766897749735, ""{'clf__C': 100.0, 'clf__class_weight': 'balanced', 'clf__gamma': 0.01}"": 0.3995027923361208, ""{'clf__C': 100.0, 'clf__class_weight': 'balanced', 'clf__gamma': 0.1}"": 0.37227668845315903}, ""best_score"": 0.4644042772266684}"
A_window_w4_s2,rbf_svm,valence,7,0,"[25, 21, 0, 14, 23, 16, 2, 19, 10, 17, 33, 11, 28, 29, 13, 22, 7, 37, 20, 35, 30, 9, 24, 3, 8, 34, 15, 4, 31, 1, 27, 6]","[26, 36, 32, 39, 18, 38, 5, 12]","{""accuracy"": 0.6, ""balanced_accuracy"": 0.5111111111111111, ""precision_macro"": 0.5096277278562259, ""precision_micro"": 0.6, ""precision_weighted"": 0.6328626444159178, ""recall_macro"": 0.5111111111111111, ""recall_micro"": 0.6, ""recall_weighted"": 0.6, ""f1_macro"": 0.5075239398084815, ""f1_micro"": 0.6, ""f1_weighted"": 0.6142270861833106, ""mcc"": 0.02068572009460303, ""kappa"": 0.020408163265306145, ""confusion_matrix"": [[20, 40], [56, 124]], ""tp"": 124, ""tn"": 20, ""fp"": 40, ""fn"": 56, ""tpr"": 0.6888888888888889, ""tnr"": 0.3333333333333333, ""fpr"": 0.6666666666666666, ""fnr"": 0.3111111111111111, ""ppv"": 0.7560975609756098, ""npv"": 0.2631578947368421, ""roc_auc"": 0.520462962962963, ""pr_auc"": 0.781062887353879, ""log_loss"": 0.7691315151385034, ""brier"": 0.26223505241611167, ""trial_accuracy"": 0.75, ""trial_f1_macro"": 0.42857142857142855}","{""clf__C"": 100.0, ""clf__class_weight"": null, ""clf__gamma"": 0.001}","{""scores"": {""{'clf__C': 0.1, 'clf__class_weight': None, 'clf__gamma': 0.0001}"": 0.36951754385964913, ""{'clf__C': 0.1, 'clf__class_weight': None, 'clf__gamma': 0.001}"": 0.44232777456461664, ""{'clf__C': 0.1, 'clf__class_weight': None, 'clf__gamma': 0.01}"": 0.36951754385964913, ""{'clf__C': 0.1, 'clf__class_weight': None, 'clf__gamma': 0.1}"": 0.36951754385964913, ""{'clf__C': 0.1, 'clf__class_weight': 'balanced', 'clf__gamma': 0.0001}"": 0.27994440700808626, ""{'clf__C': 0.1, 'clf__class_weight': 'balanced', 'clf__gamma': 0.001}"": 0.480746226560508, ""{'clf__C': 0.1, 'clf__class_weight': 'balanced', 'clf__gamma': 0.01}"": 0.30897675661234303, ""{'clf__C': 0.1, 'clf__class_weight': 'balanced', 'clf__gamma': 0.1}"": 0.2708333333333333, ""{'clf__C': 1.0, 'clf__class_weight': None, 'clf__gamma': 0.0001}"": 0.43814599483204136, ""{'clf__C': 1.0, 'clf__class_weight': None, 'clf__gamma': 0.001}"": 0.5273720218994745, ""{'clf__C': 1.0, 'clf__class_weight': None, 'clf__gamma': 0.01}"": 0.47946336267442735, ""{'clf__C': 1.0, 'clf__class_weight': None, 'clf__gamma': 0.1}"": 0.36951754385964913, ""{'clf__C': 1.0, 'clf__class_weight': 'balanced', 'clf__gamma': 0.0001}"": 0.4611203940911078, ""{'clf__C': 1.0, 'clf__class_weight': 'balanced', 'clf__gamma': 0.001}"": 0.4549341378810978, ""{'clf__C': 1.0, 'clf__class_weight': 'balanced', 'clf__gamma': 0.01}"": 0.4833635167676225, ""{'clf__C': 1.0, 'clf__class_weight': 'balanced', 'clf__gamma': 0.1}"": 0.36951754385964913, ""{'clf__C': 10.0, 'clf__class_weight': None, 'clf__gamma': 0.0001}"": 0.5190457022026665, ""{'clf__C': 10.0, 'clf__class_weight': None, 'clf__gamma': 0.001}"": 0.5040443772312196, ""{'clf__C': 10.0, 'clf__class_weight': None, 'clf__gamma': 0.01}"": 0.4881793058518453, ""{'clf__C': 10.0, 'clf__class_weight': None, 'clf__gamma': 0.1}"": 0.36951754385964913, ""{'clf__C': 10.0, 'clf__class_weight': 'balanced', 'clf__gamma': 0.0001}"": 0.4663269547653188, ""{'clf__C': 10.0, 'clf__class_weight': 'balanced', 'clf__gamma': 0.001}"": 0.5011685602946695, ""{'clf__C': 10.0, 'clf__class_weight': 'balanced', 'clf__gamma': 0.01}"": 0.4881793058518453, ""{'clf__C': 10.0, 'clf__class_weight': 'balanced', 'clf__gamma': 0.1}"": 0.36951754385964913, ""{'clf__C': 100.0, 'clf__class_weight': None, 'clf__gamma': 0.0001}"": 0.49453725136178095, ""{'clf__C': 100.0, 'clf__class_weight': None, 'clf__gamma': 0.001}"": 0.5336220688421467, ""{'clf__C': 100.0, 'clf__class_weight': None, 'clf__gamma': 0.01}"": 0.4881793058518453, ""{'clf__C': 100.0, 'clf__class_weight': None, 'clf__gamma': 0.1}"": 0.36951754385964913, ""{'clf__C': 100.0, 'clf__class_weight': 'balanced', 'clf__gamma': 0.0001}"": 0.5094896630693576, ""{'clf__C': 100.0, 'clf__class_weight': 'balanced', 'clf__gamma': 0.001}"": 0.5313289217863352, ""{'clf__C': 100.0, 'clf__class_weight': 'balanced', 'clf__gamma': 0.01}"": 0.4881793058518453, ""{'clf__C': 100.0, 'clf__class_weight': 'balanced', 'clf__gamma': 0.1}"": 0.36951754385964913}, ""best_score"": 0.5336220688421467}"
A_window_w4_s2,rbf_svm,valence,7,1,"[25, 18, 21, 9, 31, 16, 22, 0, 24, 23, 13, 37, 11, 39, 1, 38, 19, 15, 12, 20, 10, 30, 28, 29, 6, 4, 14, 17, 33, 36, 34, 26]","[35, 7, 2, 3, 5, 8, 27, 32]","{""accuracy"": 0.5166666666666667, ""balanced_accuracy"": 0.49444444444444446, ""precision_macro"": 0.4958041958041958, ""precision_micro"": 0.5166666666666667, ""precision_weighted"": 0.620979020979021, ""recall_macro"": 0.49444444444444446, ""recall_micro"": 0.5166666666666667, ""recall_weighted"": 0.5166666666666667, ""f1_macro"": 0.47172675521821633, ""f1_micro"": 0.5166666666666667, ""f1_weighted"": 0.5487666034155598, ""mcc"": -0.00965609099170535, ""kappa"": -0.008695652173912993, ""confusion_matrix"": [[27, 33], [83, 97]], ""tp"": 97, ""tn"": 27, ""fp"": 33, ""fn"": 83, ""tpr"": 0.5388888888888889, ""tnr"": 0.45, ""fpr"": 0.55, ""fnr"": 0.46111111111111114, ""ppv"": 0.7461538461538462, ""npv"": 0.24545454545454545, ""roc_auc"": 0.45601851851851855, ""pr_auc"": 0.7085899922585139, ""log_loss"": 0.9257343665714288, ""brier"": 0.31570916683019873, ""trial_accuracy"": 0.625, ""trial_f1_macro"": 0.5636363636363637}","{""clf__C"": 100.0, ""clf__class_weight"": null, ""clf__gamma"": 0.001}","{""scores"": {""{'clf__C': 0.1, 'clf__class_weight': None, 'clf__gamma': 0.0001}"": 0.369109047127623, ""{'clf__C': 0.1, 'clf__class_weight': None, 'clf__gamma': 0.001}"": 0.3529660279828028, ""{'clf__C': 0.1, 'clf__class_weight': None, 'clf__gamma': 0.01}"": 0.369109047127623, ""{'clf__C': 0.1, 'clf__class_weight': None, 'clf__gamma': 0.1}"": 0.369109047127623, ""{'clf__C': 0.1, 'clf__class_weight': 'balanced', 'clf__gamma': 0.0001}"": 0.30018674136321194, ""{'clf__C': 0.1, 'clf__class_weight': 'balanced', 'clf__gamma': 0.001}"": 0.330047238425768, ""{'clf__C': 0.1, 'clf__class_weight': 'balanced', 'clf__gamma': 0.01}"": 0.30018674136321194, ""{'clf__C': 0.1, 'clf__class_weight': 'balanced', 'clf__gamma': 0.1}"": 0.30018674136321194, ""{'clf__C': 1.0, 'clf__class_weight': None, 'clf__gamma': 0.0001}"": 0.32685776647314047, ""{'clf__C': 1.0, 'clf__class_weight': None, 'clf__gamma': 0.001}"": 0.3589051889129052, ""{'clf__C': 1.0, 'clf__class_weight': None, 'clf__gamma': 0.01}"": 0.40686313876174834, ""{'clf__C': 1.0, 'clf__class_weight': None, 'clf__gamma': 0.1}"": 0.369109047127623, ""{'clf__C': 1.0, 'clf__class_weight': 'balanced', 'clf__gamma': 0.0001}"": 0.3293349862644328, ""{'clf__C': 1.0, 'clf__class_weight': 'balanced', 'clf__gamma': 0.001}"": 0.37392114851444846, ""{'clf__C': 1.0, 'clf__class_weight': 'balanced', 'clf__gamma': 0.01}"": 0.42449756267921623, ""{'clf__C': 1.0, 'clf__class_weight': 'balanced', 'clf__gamma': 0.1}"": 0.369109047127623, ""{'clf__C': 10.0, 'clf__class_weight': None, 'clf__gamma': 0.0001}"": 0.3510101745865944, ""{'clf__C': 10.0, 'clf__class_weight': None, 'clf__gamma': 0.001}"": 0.43592296194254027, ""{'clf__C': 10.0, 'clf__class_weight': None, 'clf__gamma': 0.01}"": 0.42562830442398814, ""{'clf__C': 10.0, 'clf__class_weight': None, 'clf__gamma': 0.1}"": 0.369109047127623, ""{'clf__C': 10.0, 'clf__class_weight': 'balanced', 'clf__gamma': 0.0001}"": 0.36956731101658785, ""{'clf__C': 10.0, 'clf__class_weight': 'balanced', 'clf__gamma': 0.001}"": 0.4424997200685507, ""{'clf__C': 10.0, 'clf__class_weight': 'balanced', 'clf__gamma': 0.01}"": 0.42562830442398814, ""{'clf__C': 10.0, 'clf__class_weight': 'balanced', 'clf__gamma': 0.1}"": 0.369109047127623, ""{'clf__C': 100.0, 'clf__class_weight': None, 'clf__gamma': 0.0001}"": 0.41074726195670436, ""{'clf__C': 100.0, 'clf__class_weight': None, 'clf__gamma': 0.001}"": 0.45778406358364837, ""{'clf__C': 100.0, 'clf__class_weight': None, 'clf__gamma': 0.01}"": 0.42562830442398814, ""{'clf__C': 100.0, 'clf__class_weight': None, 'clf__gamma': 0.1}"": 0.369109047127623, ""{'clf__C': 100.0, 'clf__class_weight': 'balanced', 'clf__gamma': 0.0001}"": 0.4309039213764696, ""{'clf__C': 100.0, 'clf__class_weight': 'balanced', 'clf__gamma': 0.001}"": 0.455710372130085, ""{'clf__C': 100.0, 'clf__class_weight': 'balanced', 'clf__gamma': 0.01}"": 0.42562830442398814, ""{'clf__C': 100.0, 'clf__class_weight': 'balanced', 'clf__gamma': 0.1}"": 0.369109047127623}, ""best_score"": 0.45778406358364837}"
A_window_w4_s2,rbf_svm,valence,8,0,"[31, 1, 36, 16, 27, 8, 25, 28, 18, 12, 19, 29, 23, 39, 21, 24, 0, 9, 10, 17, 38, 20, 37, 3, 14, 35, 15, 7, 26, 2, 5, 13]","[22, 34, 6, 4, 30, 33, 11, 32]","{""accuracy"": 0.49583333333333335, ""balanced_accuracy"": 0.48333333333333334, ""precision_macro"": 0.4927078269324259, ""precision_micro"": 0.49583333333333335, ""precision_weighted"": 0.7740034030140982, ""recall_macro"": 0.48333333333333334, ""recall_micro"": 0.49583333333333335, ""recall_weighted"": 0.49583333333333335, ""f1_macro"": 0.4111802753502707, ""f1_micro"": 0.49583333333333335, ""f1_weighted"": 0.5786258845475375, ""mcc"": -0.022048693185121176, ""kappa"": -0.01467505241090139, ""confusion_matrix"": [[105, 105], [16, 14]], ""tp"": 14, ""tn"": 105, ""fp"": 105, ""fn"": 16, ""tpr"": 0.4666666666666667, ""tnr"": 0.5, ""fpr"": 0.5, ""fnr"": 0.5333333333333333, ""ppv"": 0.11764705882352941, ""npv"": 0.8677685950413223, ""roc_auc"": 0.5117460317460317, ""pr_auc"": 0.12923918954263502, ""log_loss"": 1.10287998763161, ""brier"": 0.3367306126403134, ""trial_accuracy"": 0.375, ""trial_f1_macro"": 0.2727272727272727}","{""clf__C"": 100.0, ""clf__class_weight"": null, ""clf__gamma"": 0.001}","{""scores"": {""{'clf__C': 0.1, 'clf__class_weight': None, 'clf__gamma': 0.0001}"": 0.3544973544973545, ""{'clf__C': 0.1, 'clf__class_weight': None, 'clf__gamma': 0.001}"": 0.3566901045440356, ""{'clf__C': 0.1, 'clf__class_weight': None, 'clf__gamma': 0.01}"": 0.3544973544973545, ""{'clf__C': 0.1, 'clf__class_weight': None, 'clf__gamma': 0.1}"": 0.3544973544973545, ""{'clf__C': 0.1, 'clf__class_weight': 'balanced', 'clf__gamma': 0.0001}"": 0.30277777777777776, ""{'clf__C': 0.1, 'clf__class_weight': 'balanced', 'clf__gamma': 0.001}"": 0.49655006193091084, ""{'clf__C': 0.1, 'clf__class_weight': 'balanced', 'clf__gamma': 0.01}"": 0.30277777777777776, ""{'clf__C': 0.1, 'clf__class_weight': 'balanced', 'clf__gamma': 0.1}"": 0.30277777777777776, ""{'clf__C': 1.0, 'clf__class_weight': None, 'clf__gamma': 0.0001}"": 0.37538556856738675, ""{'clf__C': 1.0, 'clf__class_weight': None, 'clf__gamma': 0.001}"": 0.5360633984051398, ""{'clf__C': 1.0, 'clf__class_weight': None, 'clf__gamma': 0.01}"": 0.5292005185870989, ""{'clf__C': 1.0, 'clf__class_weight': None, 'clf__gamma': 0.1}"": 0.3544973544973545, ""{'clf__C': 1.0, 'clf__class_weight': 'balanced', 'clf__gamma': 0.0001}"": 0.5332477089068018, ""{'clf__C': 1.0, 'clf__class_weight': 'balanced', 'clf__gamma': 0.001}"": 0.5121366175392011, ""{'clf__C': 1.0, 'clf__class_weight': 'balanced', 'clf__gamma': 0.01}"": 0.5313766989655673, ""{'clf__C': 1.0, 'clf__class_weight': 'balanced', 'clf__gamma': 0.1}"": 0.3544973544973545, ""{'clf__C': 10.0, 'clf__class_weight': None, 'clf__gamma': 0.0001}"": 0.535465214745802, ""{'clf__C': 10.0, 'clf__class_weight': None, 'clf__gamma': 0.001}"": 0.5318531875417281, ""{'clf__C': 10.0, 'clf__class_weight': None, 'clf__gamma': 0.01}"": 0.5326916028109756, ""{'clf__C': 10.0, 'clf__class_weight': None, 'clf__gamma': 0.1}"": 0.3544973544973545, ""{'clf__C': 10.0, 'clf__class_weight': 'balanced', 'clf__gamma': 0.0001}"": 0.5292196289126203, ""{'clf__C': 10.0, 'clf__class_weight': 'balanced', 'clf__gamma': 0.001}"": 0.5444235760637229, ""{'clf__C': 10.0, 'clf__class_weight': 'balanced', 'clf__gamma': 0.01}"": 0.5326916028109756, ""{'clf__C': 10.0, 'clf__class_weight': 'balanced', 'clf__gamma': 0.1}"": 0.3544973544973545, ""{'clf__C': 100.0, 'clf__class_weight': None, 'clf__gamma': 0.0001}"": 0.5382684167060726, ""{'clf__C': 100.0, 'clf__class_weight': None, 'clf__gamma': 0.001}"": 0.5454046018219684, ""{'clf__C': 100.0, 'clf__class_weight': None, 'clf__gamma': 0.01}"": 0.5326916028109756, ""{'clf__C': 100.0, 'clf__class_weight': None, 'clf__gamma': 0.1}"": 0.3544973544973545, ""{'clf__C': 100.0, 'clf__class_weight': 'balanced', 'clf__gamma': 0.0001}"": 0.5364737149488121, ""{'clf__C': 100.0, 'clf__class_weight': 'balanced', 'clf__gamma': 0.001}"": 0.5454046018219684, ""{'clf__C': 100.0, 'clf__class_weight': 'balanced', 'clf__gamma': 0.01}"": 0.5326916028109756, ""{'clf__C': 100.0, 'clf__class_weight': 'balanced', 'clf__gamma': 0.1}"": 0.3544973544973545}, ""best_score"": 0.5454046018219684}"
A_window_w4_s2,rbf_svm,valence,8,1,"[31, 8, 16, 39, 12, 6, 38, 3, 28, 27, 5, 20, 22, 15, 9, 17, 1, 18, 25, 21, 32, 33, 23, 4, 35, 13, 14, 24, 19, 7, 26, 34]","[11, 37, 30, 36, 29, 0, 10, 2]","{""accuracy"": 0.5166666666666667, ""balanced_accuracy"": 0.5166666666666666, ""precision_macro"": 0.5431344356578001, ""precision_micro"": 0.5166666666666667, ""precision_weighted"": 0.5431344356578002, ""recall_macro"": 0.5166666666666666, ""recall_micro"": 0.5166666666666667, ""recall_weighted"": 0.5166666666666667, ""f1_macro"": 0.42908703141661886, ""f1_micro"": 0.5166666666666667, ""f1_weighted"": 0.4290870314166188, ""mcc"": 0.05362489201717186, ""kappa"": 0.033333333333333326, ""confusion_matrix"": [[109, 11], [105, 15]], ""tp"": 15, ""tn"": 109, ""fp"": 11, ""fn"": 105, ""tpr"": 0.125, ""tnr"": 0.9083333333333333, ""fpr"": 0.09166666666666666, ""fnr"": 0.875, ""ppv"": 0.5769230769230769, ""npv"": 0.5093457943925234, ""roc_auc"": 0.5059027777777778, ""pr_auc"": 0.5280592051240955, ""log_loss"": 0.9111016805808733, ""brier"": 0.32069417823087193, ""trial_accuracy"": 0.5, ""trial_f1_macro"": 0.3333333333333333}","{""clf__C"": 1.0, ""clf__class_weight"": null, ""clf__gamma"": 0.001}","{""scores"": {""{'clf__C': 0.1, 'clf__class_weight': None, 'clf__gamma': 0.0001}"": 0.3954248366013072, ""{'clf__C': 0.1, 'clf__class_weight': None, 'clf__gamma': 0.001}"": 0.3954248366013072, ""{'clf__C': 0.1, 'clf__class_weight': None, 'clf__gamma': 0.01}"": 0.3954248366013072, ""{'clf__C': 0.1, 'clf__class_weight': None, 'clf__gamma': 0.1}"": 0.3954248366013072, ""{'clf__C': 0.1, 'clf__class_weight': 'balanced', 'clf__gamma': 0.0001}"": 0.3015115022659546, ""{'clf__C': 0.1, 'clf__class_weight': 'balanced', 'clf__gamma': 0.001}"": 0.4677882093506967, ""{'clf__C': 0.1, 'clf__class_weight': 'balanced', 'clf__gamma': 0.01}"": 0.346267576509512, ""{'clf__C': 0.1, 'clf__class_weight': 'balanced', 'clf__gamma': 0.1}"": 0.2893518518518518, ""{'clf__C': 1.0, 'clf__class_weight': None, 'clf__gamma': 0.0001}"": 0.39299276099849995, ""{'clf__C': 1.0, 'clf__class_weight': None, 'clf__gamma': 0.001}"": 0.5145765173067804, ""{'clf__C': 1.0, 'clf__class_weight': None, 'clf__gamma': 0.01}"": 0.4809582014522957, ""{'clf__C': 1.0, 'clf__class_weight': None, 'clf__gamma': 0.1}"": 0.3954248366013072, ""{'clf__C': 1.0, 'clf__class_weight': 'balanced', 'clf__gamma': 0.0001}"": 0.4776711395410354, ""{'clf__C': 1.0, 'clf__class_weight': 'balanced', 'clf__gamma': 0.001}"": 0.49243854322369945, ""{'clf__C': 1.0, 'clf__class_weight': 'balanced', 'clf__gamma': 0.01}"": 0.4840837007584242, ""{'clf__C': 1.0, 'clf__class_weight': 'balanced', 'clf__gamma': 0.1}"": 0.3954248366013072, ""{'clf__C': 10.0, 'clf__class_weight': None, 'clf__gamma': 0.0001}"": 0.5138369511438773, ""{'clf__C': 10.0, 'clf__class_weight': None, 'clf__gamma': 0.001}"": 0.5007168777612244, ""{'clf__C': 10.0, 'clf__class_weight': None, 'clf__gamma': 0.01}"": 0.48388883276776323, ""{'clf__C': 10.0, 'clf__class_weight': None, 'clf__gamma': 0.1}"": 0.3954248366013072, ""{'clf__C': 10.0, 'clf__class_weight': 'balanced', 'clf__gamma': 0.0001}"": 0.5036891400017325, ""{'clf__C': 10.0, 'clf__class_weight': 'balanced', 'clf__gamma': 0.001}"": 0.4957703355080743, ""{'clf__C': 10.0, 'clf__class_weight': 'balanced', 'clf__gamma': 0.01}"": 0.48388883276776323, ""{'clf__C': 10.0, 'clf__class_weight': 'balanced', 'clf__gamma': 0.1}"": 0.3954248366013072, ""{'clf__C': 100.0, 'clf__class_weight': None, 'clf__gamma': 0.0001}"": 0.500292038533663, ""{'clf__C': 100.0, 'clf__class_weight': None, 'clf__gamma': 0.001}"": 0.4992394075004194, ""{'clf__C': 100.0, 'clf__class_weight': None, 'clf__gamma': 0.01}"": 0.48388883276776323, ""{'clf__C': 100.0, 'clf__class_weight': None, 'clf__gamma': 0.1}"": 0.3954248366013072, ""{'clf__C': 100.0, 'clf__class_weight': 'balanced', 'clf__gamma': 0.0001}"": 0.5036459131482113, ""{'clf__C': 100.0, 'clf__class_weight': 'balanced', 'clf__gamma': 0.001}"": 0.4992394075004194, ""{'clf__C': 100.0, 'clf__class_weight': 'balanced', 'clf__gamma': 0.01}"": 0.48388883276776323, ""{'clf__C': 100.0, 'clf__class_weight': 'balanced', 'clf__gamma': 0.1}"": 0.3954248366013072}, ""best_score"": 0.5145765173067804}"
A_window_w4_s2,rbf_svm,valence,9,0,"[17, 15, 34, 11, 0, 22, 23, 18, 14, 19, 31, 2, 39, 36, 12, 29, 24, 8, 35, 7, 13, 1, 26, 25, 38, 10, 6, 27, 3, 4, 20, 28]","[33, 30, 21, 16, 5, 9, 32, 37]","{""accuracy"": 0.5916666666666667, ""balanced_accuracy"": 0.5916666666666667, ""precision_macro"": 0.5916921367046402, ""precision_micro"": 0.5916666666666667, ""precision_weighted"": 0.5916921367046402, ""recall_macro"": 0.5916666666666667, ""recall_micro"": 0.5916666666666667, ""recall_weighted"": 0.5916666666666667, ""f1_macro"": 0.5916383082158483, ""f1_micro"": 0.5916666666666667, ""f1_weighted"": 0.5916383082158484, ""mcc"": 0.1833588016023085, ""kappa"": 0.18333333333333335, ""confusion_matrix"": [[72, 48], [50, 70]], ""tp"": 70, ""tn"": 72, ""fp"": 48, ""fn"": 50, ""tpr"": 0.5833333333333334, ""tnr"": 0.6, ""fpr"": 0.4, ""fnr"": 0.4166666666666667, ""ppv"": 0.5932203389830508, ""npv"": 0.5901639344262295, ""roc_auc"": 0.6423611111111112, ""pr_auc"": 0.6841772880039196, ""log_loss"": 0.7762782586125762, ""brier"": 0.2741629707773281, ""trial_accuracy"": 0.5, ""trial_f1_macro"": 0.5}","{""clf__C"": 1.0, ""clf__class_weight"": ""balanced"", ""clf__gamma"": 0.0001}","{""scores"": {""{'clf__C': 0.1, 'clf__class_weight': None, 'clf__gamma': 0.0001}"": 0.35838779956427014, ""{'clf__C': 0.1, 'clf__class_weight': None, 'clf__gamma': 0.001}"": 0.5663870516928479, ""{'clf__C': 0.1, 'clf__class_weight': None, 'clf__gamma': 0.01}"": 0.5123206121957993, ""{'clf__C': 0.1, 'clf__class_weight': None, 'clf__gamma': 0.1}"": 0.35838779956427014, ""{'clf__C': 0.1, 'clf__class_weight': 'balanced', 'clf__gamma': 0.0001}"": 0.3902978058796999, ""{'clf__C': 0.1, 'clf__class_weight': 'balanced', 'clf__gamma': 0.001}"": 0.6816155592806902, ""{'clf__C': 0.1, 'clf__class_weight': 'balanced', 'clf__gamma': 0.01}"": 0.648335017069851, ""{'clf__C': 0.1, 'clf__class_weight': 'balanced', 'clf__gamma': 0.1}"": 0.30416666666666664, ""{'clf__C': 1.0, 'clf__class_weight': None, 'clf__gamma': 0.0001}"": 0.5895376440401489, ""{'clf__C': 1.0, 'clf__class_weight': None, 'clf__gamma': 0.001}"": 0.6812236205377428, ""{'clf__C': 1.0, 'clf__class_weight': None, 'clf__gamma': 0.01}"": 0.6396806826619531, ""{'clf__C': 1.0, 'clf__class_weight': None, 'clf__gamma': 0.1}"": 0.35838779956427014, ""{'clf__C': 1.0, 'clf__class_weight': 'balanced', 'clf__gamma': 0.0001}"": 0.6957104332717221, ""{'clf__C': 1.0, 'clf__class_weight': 'balanced', 'clf__gamma': 0.001}"": 0.674977616432297, ""{'clf__C': 1.0, 'clf__class_weight': 'balanced', 'clf__gamma': 0.01}"": 0.6542704771468335, ""{'clf__C': 1.0, 'clf__class_weight': 'balanced', 'clf__gamma': 0.1}"": 0.35838779956427014, ""{'clf__C': 10.0, 'clf__class_weight': None, 'clf__gamma': 0.0001}"": 0.6708413002428575, ""{'clf__C': 10.0, 'clf__class_weight': None, 'clf__gamma': 0.001}"": 0.6096454339578105, ""{'clf__C': 10.0, 'clf__class_weight': None, 'clf__gamma': 0.01}"": 0.6304249912645806, ""{'clf__C': 10.0, 'clf__class_weight': None, 'clf__gamma': 0.1}"": 0.35838779956427014, ""{'clf__C': 10.0, 'clf__class_weight': 'balanced', 'clf__gamma': 0.0001}"": 0.6946383227907056, ""{'clf__C': 10.0, 'clf__class_weight': 'balanced', 'clf__gamma': 0.001}"": 0.6123273119169294, ""{'clf__C': 10.0, 'clf__class_weight': 'balanced', 'clf__gamma': 0.01}"": 0.6304249912645806, ""{'clf__C': 10.0, 'clf__class_weight': 'balanced', 'clf__gamma': 0.1}"": 0.35838779956427014, ""{'clf__C': 100.0, 'clf__class_weight': None, 'clf__gamma': 0.0001}"": 0.6162123411567239, ""{'clf__C': 100.0, 'clf__class_weight': None, 'clf__gamma': 0.001}"": 0.6029244787799849, ""{'clf__C': 100.0, 'clf__class_weight': None, 'clf__gamma': 0.01}"": 0.6304249912645806, ""{'clf__C': 100.0, 'clf__class_weight': None, 'clf__gamma': 0.1}"": 0.35838779956427014, ""{'clf__C': 100.0, 'clf__class_weight': 'balanced', 'clf__gamma': 0.0001}"": 0.6213474038950734, ""{'clf__C': 100.0, 'clf__class_weight': 'balanced', 'clf__gamma': 0.001}"": 0.6041314777308003, ""{'clf__C': 100.0, 'clf__class_weight': 'balanced', 'clf__gamma': 0.01}"": 0.6304249912645806, ""{'clf__C': 100.0, 'clf__class_weight': 'balanced', 'clf__gamma': 0.1}"": 0.35838779956427014}, ""best_score"": 0.6957104332717221}"
A_window_w4_s2,rbf_svm,valence,9,1,"[37, 36, 15, 0, 12, 10, 29, 26, 31, 6, 11, 4, 33, 28, 7, 21, 18, 14, 16, 24, 19, 25, 32, 9, 20, 30, 2, 34, 27, 22, 38, 39]","[1, 35, 23, 5, 13, 8, 3, 17]","{""accuracy"": 0.6875, ""balanced_accuracy"": 0.6916666666666667, ""precision_macro"": 0.6482914248871696, ""precision_micro"": 0.6875, ""precision_weighted"": 0.7603159252095424, ""recall_macro"": 0.6916666666666667, ""recall_micro"": 0.6875, ""recall_weighted"": 0.6875, ""f1_macro"": 0.6473285134896843, ""f1_micro"": 0.6875, ""f1_weighted"": 0.7068418268383001, ""mcc"": 0.33717961446904926, ""kappa"": 0.31506849315068497, ""confusion_matrix"": [[42, 18], [57, 123]], ""tp"": 123, ""tn"": 42, ""fp"": 18, ""fn"": 57, ""tpr"": 0.6833333333333333, ""tnr"": 0.7, ""fpr"": 0.3, ""fnr"": 0.31666666666666665, ""ppv"": 0.8723404255319149, ""npv"": 0.42424242424242425, ""roc_auc"": 0.7532407407407408, ""pr_auc"": 0.9046884368039861, ""log_loss"": 0.5485970452060969, ""brier"": 0.18704665648334048, ""trial_accuracy"": 0.75, ""trial_f1_macro"": 0.7333333333333334}","{""clf__C"": 0.1, ""clf__class_weight"": ""balanced"", ""clf__gamma"": 0.001}","{""scores"": {""{'clf__C': 0.1, 'clf__class_weight': None, 'clf__gamma': 0.0001}"": 0.3010989010989011, ""{'clf__C': 0.1, 'clf__class_weight': None, 'clf__gamma': 0.001}"": 0.46210457931950416, ""{'clf__C': 0.1, 'clf__class_weight': None, 'clf__gamma': 0.01}"": 0.4850642181010079, ""{'clf__C': 0.1, 'clf__class_weight': None, 'clf__gamma': 0.1}"": 0.28067560087024807, ""{'clf__C': 0.1, 'clf__class_weight': 'balanced', 'clf__gamma': 0.0001}"": 0.39263064116283597, ""{'clf__C': 0.1, 'clf__class_weight': 'balanced', 'clf__gamma': 0.001}"": 0.5873123056544394, ""{'clf__C': 0.1, 'clf__class_weight': 'balanced', 'clf__gamma': 0.01}"": 0.5710308453029955, ""{'clf__C': 0.1, 'clf__class_weight': 'balanced', 'clf__gamma': 0.1}"": 0.3214163416109888, ""{'clf__C': 1.0, 'clf__class_weight': None, 'clf__gamma': 0.0001}"": 0.4553154902532335, ""{'clf__C': 1.0, 'clf__class_weight': None, 'clf__gamma': 0.001}"": 0.5225011069891887, ""{'clf__C': 1.0, 'clf__class_weight': None, 'clf__gamma': 0.01}"": 0.5618952710036955, ""{'clf__C': 1.0, 'clf__class_weight': None, 'clf__gamma': 0.1}"": 0.312533185289575, ""{'clf__C': 1.0, 'clf__class_weight': 'balanced', 'clf__gamma': 0.0001}"": 0.5809655683760432, ""{'clf__C': 1.0, 'clf__class_weight': 'balanced', 'clf__gamma': 0.001}"": 0.5401032431285456, ""{'clf__C': 1.0, 'clf__class_weight': 'balanced', 'clf__gamma': 0.01}"": 0.5715159057255577, ""{'clf__C': 1.0, 'clf__class_weight': 'balanced', 'clf__gamma': 0.1}"": 0.312533185289575, ""{'clf__C': 10.0, 'clf__class_weight': None, 'clf__gamma': 0.0001}"": 0.53564692381618, ""{'clf__C': 10.0, 'clf__class_weight': None, 'clf__gamma': 0.001}"": 0.5568822905089249, ""{'clf__C': 10.0, 'clf__class_weight': None, 'clf__gamma': 0.01}"": 0.5462559498645484, ""{'clf__C': 10.0, 'clf__class_weight': None, 'clf__gamma': 0.1}"": 0.3154589371980676, ""{'clf__C': 10.0, 'clf__class_weight': 'balanced', 'clf__gamma': 0.0001}"": 0.5463615253536231, ""{'clf__C': 10.0, 'clf__class_weight': 'balanced', 'clf__gamma': 0.001}"": 0.5685949756191037, ""{'clf__C': 10.0, 'clf__class_weight': 'balanced', 'clf__gamma': 0.01}"": 0.5462559498645484, ""{'clf__C': 10.0, 'clf__class_weight': 'balanced', 'clf__gamma': 0.1}"": 0.3154589371980676, ""{'clf__C': 100.0, 'clf__class_weight': None, 'clf__gamma': 0.0001}"": 0.5428522457208717, ""{'clf__C': 100.0, 'clf__class_weight': None, 'clf__gamma': 0.001}"": 0.5372566313680496, ""{'clf__C': 100.0, 'clf__class_weight': None, 'clf__gamma': 0.01}"": 0.5462559498645484, ""{'clf__C': 100.0, 'clf__class_weight': None, 'clf__gamma': 0.1}"": 0.3154589371980676, ""{'clf__C': 100.0, 'clf__class_weight': 'balanced', 'clf__gamma': 0.0001}"": 0.5552259612244804, ""{'clf__C': 100.0, 'clf__class_weight': 'balanced', 'clf__gamma': 0.001}"": 0.5341889960572764, ""{'clf__C': 100.0, 'clf__class_weight': 'balanced', 'clf__gamma': 0.01}"": 0.5462559498645484, ""{'clf__C': 100.0, 'clf__class_weight': 'balanced', 'clf__gamma': 0.1}"": 0.3154589371980676}, ""best_score"": 0.5873123056544394}"
A_window_w4_s2,rbf_svm,valence,10,0,"[36, 8, 0, 35, 24, 2, 18, 19, 21, 4, 9, 7, 12, 6, 15, 37, 31, 14, 20, 30, 16, 17, 33, 25, 34, 1, 29, 3, 26, 27, 38, 10]","[5, 32, 39, 22, 23, 13, 11, 28]","{""accuracy"": 0.925, ""balanced_accuracy"": 0.9288888888888889, ""precision_macro"": 0.9160678355849382, ""precision_micro"": 0.925, ""precision_weighted"": 0.9282480597872952, ""recall_macro"": 0.9288888888888889, ""recall_micro"": 0.925, ""recall_weighted"": 0.925, ""f1_macro"": 0.9213057417662489, ""f1_micro"": 0.925, ""f1_weighted"": 0.9255683474205773, ""mcc"": 0.8448594479709133, ""kappa"": 0.8427947598253275, ""confusion_matrix"": [[85, 5], [13, 137]], ""tp"": 137, ""tn"": 85, ""fp"": 5, ""fn"": 13, ""tpr"": 0.9133333333333333, ""tnr"": 0.9444444444444444, ""fpr"": 0.05555555555555555, ""fnr"": 0.08666666666666667, ""ppv"": 0.9647887323943662, ""npv"": 0.8673469387755102, ""roc_auc"": 0.9872592592592593, ""pr_auc"": 0.992346782864699, ""log_loss"": 0.23892985135024383, ""brier"": 0.06202468387878176, ""trial_accuracy"": 1.0, ""trial_f1_macro"": 1.0}","{""clf__C"": 1.0, ""clf__class_weight"": null, ""clf__gamma"": 0.001}","{""scores"": {""{'clf__C': 0.1, 'clf__class_weight': None, 'clf__gamma': 0.0001}"": 0.34640522875817, ""{'clf__C': 0.1, 'clf__class_weight': None, 'clf__gamma': 0.001}"": 0.5078733630684292, ""{'clf__C': 0.1, 'clf__class_weight': None, 'clf__gamma': 0.01}"": 0.34640522875817, ""{'clf__C': 0.1, 'clf__class_weight': None, 'clf__gamma': 0.1}"": 0.34640522875817, ""{'clf__C': 0.1, 'clf__class_weight': 'balanced', 'clf__gamma': 0.0001}"": 0.3194444444444444, ""{'clf__C': 0.1, 'clf__class_weight': 'balanced', 'clf__gamma': 0.001}"": 0.6204067462123376, ""{'clf__C': 0.1, 'clf__class_weight': 'balanced', 'clf__gamma': 0.01}"": 0.3194444444444444, ""{'clf__C': 0.1, 'clf__class_weight': 'balanced', 'clf__gamma': 0.1}"": 0.3194444444444444, ""{'clf__C': 1.0, 'clf__class_weight': None, 'clf__gamma': 0.0001}"": 0.5986368320880912, ""{'clf__C': 1.0, 'clf__class_weight': None, 'clf__gamma': 0.001}"": 0.6404240792349746, ""{'clf__C': 1.0, 'clf__class_weight': None, 'clf__gamma': 0.01}"": 0.6221891158436631, ""{'clf__C': 1.0, 'clf__class_weight': None, 'clf__gamma': 0.1}"": 0.34640522875817, ""{'clf__C': 1.0, 'clf__class_weight': 'balanced', 'clf__gamma': 0.0001}"": 0.6365522527293052, ""{'clf__C': 1.0, 'clf__class_weight': 'balanced', 'clf__gamma': 0.001}"": 0.6326758348449629, ""{'clf__C': 1.0, 'clf__class_weight': 'balanced', 'clf__gamma': 0.01}"": 0.620450855383329, ""{'clf__C': 1.0, 'clf__class_weight': 'balanced', 'clf__gamma': 0.1}"": 0.34640522875817, ""{'clf__C': 10.0, 'clf__class_weight': None, 'clf__gamma': 0.0001}"": 0.6328066514436326, ""{'clf__C': 10.0, 'clf__class_weight': None, 'clf__gamma': 0.001}"": 0.604515230788483, ""{'clf__C': 10.0, 'clf__class_weight': None, 'clf__gamma': 0.01}"": 0.6228534512311893, ""{'clf__C': 10.0, 'clf__class_weight': None, 'clf__gamma': 0.1}"": 0.34640522875817, ""{'clf__C': 10.0, 'clf__class_weight': 'balanced', 'clf__gamma': 0.0001}"": 0.6247470827393231, ""{'clf__C': 10.0, 'clf__class_weight': 'balanced', 'clf__gamma': 0.001}"": 0.6020814706563761, ""{'clf__C': 10.0, 'clf__class_weight': 'balanced', 'clf__gamma': 0.01}"": 0.6228534512311893, ""{'clf__C': 10.0, 'clf__class_weight': 'balanced', 'clf__gamma': 0.1}"": 0.34640522875817, ""{'clf__C': 100.0, 'clf__class_weight': None, 'clf__gamma': 0.0001}"": 0.5885142273285986, ""{'clf__C': 100.0, 'clf__class_weight': None, 'clf__gamma': 0.001}"": 0.5916084114361395, ""{'clf__C': 100.0, 'clf__class_weight': None, 'clf__gamma': 0.01}"": 0.6228534512311893, ""{'clf__C': 100.0, 'clf__class_weight': None, 'clf__gamma': 0.1}"": 0.34640522875817, ""{'clf__C': 100.0, 'clf__class_weight': 'balanced', 'clf__gamma': 0.0001}"": 0.5885260019895707, ""{'clf__C': 100.0, 'clf__class_weight': 'balanced', 'clf__gamma': 0.001}"": 0.5916084114361395, ""{'clf__C': 100.0, 'clf__class_weight': 'balanced', 'clf__gamma': 0.01}"": 0.6228534512311893, ""{'clf__C': 100.0, 'clf__class_weight': 'balanced', 'clf__gamma': 0.1}"": 0.34640522875817}, ""best_score"": 0.6404240792349746}"
A_window_w4_s2,rbf_svm,valence,10,1,"[2, 33, 16, 5, 3, 7, 36, 27, 28, 30, 19, 32, 4, 12, 8, 11, 14, 38, 13, 20, 10, 23, 34, 9, 17, 24, 35, 29, 39, 26, 21, 31]","[15, 22, 25, 6, 18, 37, 1, 0]","{""accuracy"": 0.8333333333333334, ""balanced_accuracy"": 0.8555555555555556, ""precision_macro"": 0.8333333333333334, ""precision_micro"": 0.8333333333333334, ""precision_weighted"": 0.8645833333333334, ""recall_macro"": 0.8555555555555556, ""recall_micro"": 0.8333333333333334, ""recall_weighted"": 0.8333333333333334, ""f1_macro"": 0.8306878306878307, ""f1_micro"": 0.8333333333333334, ""f1_weighted"": 0.835978835978836, ""mcc"": 0.6885303726590963, ""kappa"": 0.6666666666666667, ""confusion_matrix"": [[115, 35], [5, 85]], ""tp"": 85, ""tn"": 115, ""fp"": 35, ""fn"": 5, ""tpr"": 0.9444444444444444, ""tnr"": 0.7666666666666667, ""fpr"": 0.23333333333333334, ""fnr"": 0.05555555555555555, ""ppv"": 0.7083333333333334, ""npv"": 0.9583333333333334, ""roc_auc"": 0.9294814814814816, ""pr_auc"": 0.8602904442454071, ""log_loss"": 0.4385126275727259, ""brier"": 0.13570764373045688, ""trial_accuracy"": 0.875, ""trial_f1_macro"": 0.873015873015873}","{""clf__C"": 1.0, ""clf__class_weight"": null, ""clf__gamma"": 0.001}","{""scores"": {""{'clf__C': 0.1, 'clf__class_weight': None, 'clf__gamma': 0.0001}"": 0.423566605957936, ""{'clf__C': 0.1, 'clf__class_weight': None, 'clf__gamma': 0.001}"": 0.558376809739779, ""{'clf__C': 0.1, 'clf__class_weight': None, 'clf__gamma': 0.01}"": 0.3459684708491924, ""{'clf__C': 0.1, 'clf__class_weight': None, 'clf__gamma': 0.1}"": 0.3468137254901961, ""{'clf__C': 0.1, 'clf__class_weight': 'balanced', 'clf__gamma': 0.0001}"": 0.423566605957936, ""{'clf__C': 0.1, 'clf__class_weight': 'balanced', 'clf__gamma': 0.001}"": 0.6239809189737914, ""{'clf__C': 0.1, 'clf__class_weight': 'balanced', 'clf__gamma': 0.01}"": 0.3459684708491924, ""{'clf__C': 0.1, 'clf__class_weight': 'balanced', 'clf__gamma': 0.1}"": 0.3468137254901961, ""{'clf__C': 1.0, 'clf__class_weight': None, 'clf__gamma': 0.0001}"": 0.6465158821463027, ""{'clf__C': 1.0, 'clf__class_weight': None, 'clf__gamma': 0.001}"": 0.691436148122463, ""{'clf__C': 1.0, 'clf__class_weight': None, 'clf__gamma': 0.01}"": 0.6556741811387528, ""{'clf__C': 1.0, 'clf__class_weight': None, 'clf__gamma': 0.1}"": 0.3468137254901961, ""{'clf__C': 1.0, 'clf__class_weight': 'balanced', 'clf__gamma': 0.0001}"": 0.659198544931906, ""{'clf__C': 1.0, 'clf__class_weight': 'balanced', 'clf__gamma': 0.001}"": 0.6904858820074179, ""{'clf__C': 1.0, 'clf__class_weight': 'balanced', 'clf__gamma': 0.01}"": 0.6587012352980203, ""{'clf__C': 1.0, 'clf__class_weight': 'balanced', 'clf__gamma': 0.1}"": 0.3468137254901961, ""{'clf__C': 10.0, 'clf__class_weight': None, 'clf__gamma': 0.0001}"": 0.676325442097727, ""{'clf__C': 10.0, 'clf__class_weight': None, 'clf__gamma': 0.001}"": 0.6444504703698986, ""{'clf__C': 10.0, 'clf__class_weight': None, 'clf__gamma': 0.01}"": 0.6551421256947559, ""{'clf__C': 10.0, 'clf__class_weight': None, 'clf__gamma': 0.1}"": 0.3468137254901961, ""{'clf__C': 10.0, 'clf__class_weight': 'balanced', 'clf__gamma': 0.0001}"": 0.6814869950690712, ""{'clf__C': 10.0, 'clf__class_weight': 'balanced', 'clf__gamma': 0.001}"": 0.6422108571890414, ""{'clf__C': 10.0, 'clf__class_weight': 'balanced', 'clf__gamma': 0.01}"": 0.6551421256947559, ""{'clf__C': 10.0, 'clf__class_weight': 'balanced', 'clf__gamma': 0.1}"": 0.3468137254901961, ""{'clf__C': 100.0, 'clf__class_weight': None, 'clf__gamma': 0.0001}"": 0.6501815028249481, ""{'clf__C': 100.0, 'clf__class_weight': None, 'clf__gamma': 0.001}"": 0.6368661359073974, ""{'clf__C': 100.0, 'clf__class_weight': None, 'clf__gamma': 0.01}"": 0.6551421256947559, ""{'clf__C': 100.0, 'clf__class_weight': None, 'clf__gamma': 0.1}"": 0.3468137254901961, ""{'clf__C': 100.0, 'clf__class_weight': 'balanced', 'clf__gamma': 0.0001}"": 0.6517665013280398, ""{'clf__C': 100.0, 'clf__class_weight': 'balanced', 'clf__gamma': 0.001}"": 0.6368661359073974, ""{'clf__C': 100.0, 'clf__class_weight': 'balanced', 'clf__gamma': 0.01}"": 0.6551421256947559, ""{'clf__C': 100.0, 'clf__class_weight': 'balanced', 'clf__gamma': 0.1}"": 0.3468137254901961}, ""best_score"": 0.691436148122463}"
A_window_w4_s2,rbf_svm,arousal,1,0,"[19, 13, 24, 31, 7, 6, 35, 9, 20, 37, 10, 32, 14, 8, 12, 5, 36, 28, 39, 29, 22, 26, 33, 15, 1, 25, 11, 34, 18, 3, 38, 23]","[30, 2, 27, 17, 16, 21, 0, 4]","{""accuracy"": 0.625, ""balanced_accuracy"": 0.6066666666666667, ""precision_macro"": 0.6041666666666667, ""precision_micro"": 0.625, ""precision_weighted"": 0.6302083333333334, ""recall_macro"": 0.6066666666666667, ""recall_micro"": 0.625, ""recall_weighted"": 0.625, ""f1_macro"": 0.6050032916392363, ""f1_micro"": 0.625, ""f1_weighted"": 0.6272218564845293, ""mcc"": 0.21081851067789195, ""kappa"": 0.21052631578947367, ""confusion_matrix"": [[48, 42], [48, 102]], ""tp"": 102, ""tn"": 48, ""fp"": 42, ""fn"": 48, ""tpr"": 0.68, ""tnr"": 0.5333333333333333, ""fpr"": 0.4666666666666667, ""fnr"": 0.32, ""ppv"": 0.7083333333333334, ""npv"": 0.5, ""roc_auc"": 0.6658888888888889, ""pr_auc"": 0.7988490819767802, ""log_loss"": 0.7206053021742346, ""brier"": 0.2480078852312269, ""trial_accuracy"": 0.75, ""trial_f1_macro"": 0.7333333333333334}","{""clf__C"": 10.0, ""clf__class_weight"": ""balanced"", ""clf__gamma"": 0.0001}","{""scores"": {""{'clf__C': 0.1, 'clf__class_weight': None, 'clf__gamma': 0.0001}"": 0.37254901960784315, ""{'clf__C': 0.1, 'clf__class_weight': None, 'clf__gamma': 0.001}"": 0.3670145477545857, ""{'clf__C': 0.1, 'clf__class_weight': None, 'clf__gamma': 0.01}"": 0.37254901960784315, ""{'clf__C': 0.1, 'clf__class_weight': None, 'clf__gamma': 0.1}"": 0.37254901960784315, ""{'clf__C': 0.1, 'clf__class_weight': 'balanced', 'clf__gamma': 0.0001}"": 0.31221719457013575, ""{'clf__C': 0.1, 'clf__class_weight': 'balanced', 'clf__gamma': 0.001}"": 0.5675182886081195, ""{'clf__C': 0.1, 'clf__class_weight': 'balanced', 'clf__gamma': 0.01}"": 0.31221719457013575, ""{'clf__C': 0.1, 'clf__class_weight': 'balanced', 'clf__gamma': 0.1}"": 0.31221719457013575, ""{'clf__C': 1.0, 'clf__class_weight': None, 'clf__gamma': 0.0001}"": 0.39171280924851576, ""{'clf__C': 1.0, 'clf__class_weight': None, 'clf__gamma': 0.001}"": 0.6034793375796975, ""{'clf__C': 1.0, 'clf__class_weight': None, 'clf__gamma': 0.01}"": 0.48885567272660957, ""{'clf__C': 1.0, 'clf__class_weight': None, 'clf__gamma': 0.1}"": 0.37254901960784315, ""{'clf__C': 1.0, 'clf__class_weight': 'balanced', 'clf__gamma': 0.0001}"": 0.5924601926817027, ""{'clf__C': 1.0, 'clf__class_weight': 'balanced', 'clf__gamma': 0.001}"": 0.6363793470802467, ""{'clf__C': 1.0, 'clf__class_weight': 'balanced', 'clf__gamma': 0.01}"": 0.4962581254089993, ""{'clf__C': 1.0, 'clf__class_weight': 'balanced', 'clf__gamma': 0.1}"": 0.37254901960784315, ""{'clf__C': 10.0, 'clf__class_weight': None, 'clf__gamma': 0.0001}"": 0.6275738349174231, ""{'clf__C': 10.0, 'clf__class_weight': None, 'clf__gamma': 0.001}"": 0.5704554382782356, ""{'clf__C': 10.0, 'clf__class_weight': None, 'clf__gamma': 0.01}"": 0.49351103441653904, ""{'clf__C': 10.0, 'clf__class_weight': None, 'clf__gamma': 0.1}"": 0.37254901960784315, ""{'clf__C': 10.0, 'clf__class_weight': 'balanced', 'clf__gamma': 0.0001}"": 0.6443041164722815, ""{'clf__C': 10.0, 'clf__class_weight': 'balanced', 'clf__gamma': 0.001}"": 0.5773719988950315, ""{'clf__C': 10.0, 'clf__class_weight': 'balanced', 'clf__gamma': 0.01}"": 0.49351103441653904, ""{'clf__C': 10.0, 'clf__class_weight': 'balanced', 'clf__gamma': 0.1}"": 0.37254901960784315, ""{'clf__C': 100.0, 'clf__class_weight': None, 'clf__gamma': 0.0001}"": 0.5856035482385016, ""{'clf__C': 100.0, 'clf__class_weight': None, 'clf__gamma': 0.001}"": 0.5817680869999969, ""{'clf__C': 100.0, 'clf__class_weight': None, 'clf__gamma': 0.01}"": 0.49351103441653904, ""{'clf__C': 100.0, 'clf__class_weight': None, 'clf__gamma': 0.1}"": 0.37254901960784315, ""{'clf__C': 100.0, 'clf__class_weight': 'balanced', 'clf__gamma': 0.0001}"": 0.5892861971235029, ""{'clf__C': 100.0, 'clf__class_weight': 'balanced', 'clf__gamma': 0.001}"": 0.5817680869999969, ""{'clf__C': 100.0, 'clf__class_weight': 'balanced', 'clf__gamma': 0.01}"": 0.49351103441653904, ""{'clf__C': 100.0, 'clf__class_weight': 'balanced', 'clf__gamma': 0.1}"": 0.37254901960784315}, ""best_score"": 0.6443041164722815}"
A_window_w4_s2,rbf_svm,arousal,1,1,"[31, 15, 1, 24, 16, 9, 30, 0, 39, 11, 23, 5, 4, 28, 12, 13, 17, 6, 35, 18, 36, 14, 2, 19, 22, 37, 7, 33, 27, 10, 8, 38]","[21, 26, 29, 25, 34, 3, 32, 20]","{""accuracy"": 0.6041666666666666, ""balanced_accuracy"": 0.6166666666666667, ""precision_macro"": 0.6095652173913043, ""precision_micro"": 0.6041666666666666, ""precision_weighted"": 0.6419565217391304, ""recall_macro"": 0.6166666666666667, ""recall_micro"": 0.6041666666666666, ""recall_weighted"": 0.6041666666666666, ""f1_macro"": 0.5998244844229925, ""f1_micro"": 0.6041666666666666, ""f1_weighted"": 0.6102457218078104, ""mcc"": 0.2261203988644295, ""kappa"": 0.21649484536082475, ""confusion_matrix"": [[60, 30], [65, 85]], ""tp"": 85, ""tn"": 60, ""fp"": 30, ""fn"": 65, ""tpr"": 0.5666666666666667, ""tnr"": 0.6666666666666666, ""fpr"": 0.3333333333333333, ""fnr"": 0.43333333333333335, ""ppv"": 0.7391304347826086, ""npv"": 0.48, ""roc_auc"": 0.6380740740740741, ""pr_auc"": 0.7646945151214685, ""log_loss"": 0.8436242846893514, ""brier"": 0.27599993309304305, ""trial_accuracy"": 0.75, ""trial_f1_macro"": 0.75}","{""clf__C"": 10.0, ""clf__class_weight"": ""balanced"", ""clf__gamma"": 0.0001}","{""scores"": {""{'clf__C': 0.1, 'clf__class_weight': None, 'clf__gamma': 0.0001}"": 0.37227668845315903, ""{'clf__C': 0.1, 'clf__class_weight': None, 'clf__gamma': 0.001}"": 0.4050411718491878, ""{'clf__C': 0.1, 'clf__class_weight': None, 'clf__gamma': 0.01}"": 0.37227668845315903, ""{'clf__C': 0.1, 'clf__class_weight': None, 'clf__gamma': 0.1}"": 0.37227668845315903, ""{'clf__C': 0.1, 'clf__class_weight': 'balanced', 'clf__gamma': 0.0001}"": 0.3017740429505135, ""{'clf__C': 0.1, 'clf__class_weight': 'balanced', 'clf__gamma': 0.001}"": 0.5657563827980162, ""{'clf__C': 0.1, 'clf__class_weight': 'balanced', 'clf__gamma': 0.01}"": 0.3017740429505135, ""{'clf__C': 0.1, 'clf__class_weight': 'balanced', 'clf__gamma': 0.1}"": 0.3017740429505135, ""{'clf__C': 1.0, 'clf__class_weight': None, 'clf__gamma': 0.0001}"": 0.3951778349361899, ""{'clf__C': 1.0, 'clf__class_weight': None, 'clf__gamma': 0.001}"": 0.5448505567765726, ""{'clf__C': 1.0, 'clf__class_weight': None, 'clf__gamma': 0.01}"": 0.4845174594917925, ""{'clf__C': 1.0, 'clf__class_weight': None, 'clf__gamma': 0.1}"": 0.37227668845315903, ""{'clf__C': 1.0, 'clf__class_weight': 'balanced', 'clf__gamma': 0.0001}"": 0.5845866816932549, ""{'clf__C': 1.0, 'clf__class_weight': 'balanced', 'clf__gamma': 0.001}"": 0.6009814533742192, ""{'clf__C': 1.0, 'clf__class_weight': 'balanced', 'clf__gamma': 0.01}"": 0.5084281857592091, ""{'clf__C': 1.0, 'clf__class_weight': 'balanced', 'clf__gamma': 0.1}"": 0.37227668845315903, ""{'clf__C': 10.0, 'clf__class_weight': None, 'clf__gamma': 0.0001}"": 0.5653370034830628, ""{'clf__C': 10.0, 'clf__class_weight': None, 'clf__gamma': 0.001}"": 0.55787805147114, ""{'clf__C': 10.0, 'clf__class_weight': None, 'clf__gamma': 0.01}"": 0.49349576209274604, ""{'clf__C': 10.0, 'clf__class_weight': None, 'clf__gamma': 0.1}"": 0.37227668845315903, ""{'clf__C': 10.0, 'clf__class_weight': 'balanced', 'clf__gamma': 0.0001}"": 0.6118076926754332, ""{'clf__C': 10.0, 'clf__class_weight': 'balanced', 'clf__gamma': 0.001}"": 0.5578081123892045, ""{'clf__C': 10.0, 'clf__class_weight': 'balanced', 'clf__gamma': 0.01}"": 0.49349576209274604, ""{'clf__C': 10.0, 'clf__class_weight': 'balanced', 'clf__gamma': 0.1}"": 0.37227668845315903, ""{'clf__C': 100.0, 'clf__class_weight': None, 'clf__gamma': 0.0001}"": 0.5655994469356682, ""{'clf__C': 100.0, 'clf__class_weight': None, 'clf__gamma': 0.001}"": 0.5654119274092059, ""{'clf__C': 100.0, 'clf__class_weight': None, 'clf__gamma': 0.01}"": 0.49349576209274604, ""{'clf__C': 100.0, 'clf__class_weight': None, 'clf__gamma': 0.1}"": 0.37227668845315903, ""{'clf__C': 100.0, 'clf__class_weight': 'balanced', 'clf__gamma': 0.0001}"": 0.5830371659700505, ""{'clf__C': 100.0, 'clf__class_weight': 'balanced', 'clf__gamma': 0.001}"": 0.5654119274092059, ""{'clf__C': 100.0, 'clf__class_weight': 'balanced', 'clf__gamma': 0.01}"": 0.49349576209274604, ""{'clf__C': 100.0, 'clf__class_weight': 'balanced', 'clf__gamma': 0.1}"": 0.37227668845315903}, ""best_score"": 0.6118076926754332}"
A_window_w4_s2,rbf_svm,arousal,2,0,"[36, 5, 11, 38, 19, 15, 27, 17, 31, 26, 16, 12, 8, 2, 9, 18, 10, 0, 33, 29, 14, 1, 24, 4, 21, 13, 6, 28, 30, 7, 34, 25]","[22, 23, 37, 39, 32, 3, 35, 20]","{""accuracy"": 0.6875, ""balanced_accuracy"": 0.6875, ""precision_macro"": 0.7028397565922921, ""precision_micro"": 0.6875, ""precision_weighted"": 0.702839756592292, ""recall_macro"": 0.6875, ""recall_micro"": 0.6875, ""recall_weighted"": 0.6875, ""f1_macro"": 0.6814779423475075, ""f1_micro"": 0.6875, ""f1_weighted"": 0.6814779423475076, ""mcc"": 0.39003822561925783, ""kappa"": 0.375, ""confusion_matrix"": [[66, 54], [21, 99]], ""tp"": 99, ""tn"": 66, ""fp"": 54, ""fn"": 21, ""tpr"": 0.825, ""tnr"": 0.55, ""fpr"": 0.45, ""fnr"": 0.175, ""ppv"": 0.6470588235294118, ""npv"": 0.7586206896551724, ""roc_auc"": 0.8100694444444444, ""pr_auc"": 0.8368299818174922, ""log_loss"": 0.7243428404112756, ""brier"": 0.2284509393120988, ""trial_accuracy"": 0.875, ""trial_f1_macro"": 0.873015873015873}","{""clf__C"": 100.0, ""clf__class_weight"": null, ""clf__gamma"": 0.001}","{""scores"": {""{'clf__C': 0.1, 'clf__class_weight': None, 'clf__gamma': 0.0001}"": 0.3017740429505135, ""{'clf__C': 0.1, 'clf__class_weight': None, 'clf__gamma': 0.001}"": 0.37691118192904965, ""{'clf__C': 0.1, 'clf__class_weight': None, 'clf__gamma': 0.01}"": 0.3017740429505135, ""{'clf__C': 0.1, 'clf__class_weight': None, 'clf__gamma': 0.1}"": 0.3017740429505135, ""{'clf__C': 0.1, 'clf__class_weight': 'balanced', 'clf__gamma': 0.0001}"": 0.3587962962962963, ""{'clf__C': 0.1, 'clf__class_weight': 'balanced', 'clf__gamma': 0.001}"": 0.48847897900780507, ""{'clf__C': 0.1, 'clf__class_weight': 'balanced', 'clf__gamma': 0.01}"": 0.3587962962962963, ""{'clf__C': 0.1, 'clf__class_weight': 'balanced', 'clf__gamma': 0.1}"": 0.3587962962962963, ""{'clf__C': 1.0, 'clf__class_weight': None, 'clf__gamma': 0.0001}"": 0.4170409198044873, ""{'clf__C': 1.0, 'clf__class_weight': None, 'clf__gamma': 0.001}"": 0.5015465264762694, ""{'clf__C': 1.0, 'clf__class_weight': None, 'clf__gamma': 0.01}"": 0.5133778625583123, ""{'clf__C': 1.0, 'clf__class_weight': None, 'clf__gamma': 0.1}"": 0.3017740429505135, ""{'clf__C': 1.0, 'clf__class_weight': 'balanced', 'clf__gamma': 0.0001}"": 0.49045154448188505, ""{'clf__C': 1.0, 'clf__class_weight': 'balanced', 'clf__gamma': 0.001}"": 0.4909482213268157, ""{'clf__C': 1.0, 'clf__class_weight': 'balanced', 'clf__gamma': 0.01}"": 0.5205710139268035, ""{'clf__C': 1.0, 'clf__class_weight': 'balanced', 'clf__gamma': 0.1}"": 0.3017740429505135, ""{'clf__C': 10.0, 'clf__class_weight': None, 'clf__gamma': 0.0001}"": 0.5070478018466237, ""{'clf__C': 10.0, 'clf__class_weight': None, 'clf__gamma': 0.001}"": 0.5212961174069771, ""{'clf__C': 10.0, 'clf__class_weight': None, 'clf__gamma': 0.01}"": 0.5235394027021406, ""{'clf__C': 10.0, 'clf__class_weight': None, 'clf__gamma': 0.1}"": 0.3017740429505135, ""{'clf__C': 10.0, 'clf__class_weight': 'balanced', 'clf__gamma': 0.0001}"": 0.5011506098640816, ""{'clf__C': 10.0, 'clf__class_weight': 'balanced', 'clf__gamma': 0.001}"": 0.5200302121275087, ""{'clf__C': 10.0, 'clf__class_weight': 'balanced', 'clf__gamma': 0.01}"": 0.5235394027021406, ""{'clf__C': 10.0, 'clf__class_weight': 'balanced', 'clf__gamma': 0.1}"": 0.3017740429505135, ""{'clf__C': 100.0, 'clf__class_weight': None, 'clf__gamma': 0.0001}"": 0.5187959308292287, ""{'clf__C': 100.0, 'clf__class_weight': None, 'clf__gamma': 0.001}"": 0.5325541180010206, ""{'clf__C': 100.0, 'clf__class_weight': None, 'clf__gamma': 0.01}"": 0.5235394027021406, ""{'clf__C': 100.0, 'clf__class_weight': None, 'clf__gamma': 0.1}"": 0.3017740429505135, ""{'clf__C': 100.0, 'clf__class_weight': 'balanced', 'clf__gamma': 0.0001}"": 0.5057472787434946, ""{'clf__C': 100.0, 'clf__class_weight': 'balanced', 'clf__gamma': 0.001}"": 0.5325541180010206, ""{'clf__C': 100.0, 'clf__class_weight': 'balanced', 'clf__gamma': 0.01}"": 0.5235394027021406, ""{'clf__C': 100.0, 'clf__class_weight': 'balanced', 'clf__gamma': 0.1}"": 0.3017740429505135}, ""best_score"": 0.5325541180010206}"
A_window_w4_s2,rbf_svm,arousal,2,1,"[7, 25, 26, 27, 14, 16, 5, 23, 3, 0, 30, 37, 39, 38, 22, 15, 19, 31, 18, 34, 13, 36, 21, 6, 20, 10, 33, 4, 32, 8, 17, 24]","[9, 35, 11, 2, 12, 1, 29, 28]","{""accuracy"": 0.675, ""balanced_accuracy"": 0.6511111111111112, ""precision_macro"": 0.652511961722488, ""precision_micro"": 0.675, ""precision_weighted"": 0.6735944976076556, ""recall_macro"": 0.6511111111111112, ""recall_micro"": 0.675, ""recall_weighted"": 0.675, ""f1_macro"": 0.6517598035568123, ""f1_micro"": 0.675, ""f1_weighted"": 0.6742503162437682, ""mcc"": 0.3036198412068646, ""kappa"": 0.3035714285714286, ""confusion_matrix"": [[50, 40], [38, 112]], ""tp"": 112, ""tn"": 50, ""fp"": 40, ""fn"": 38, ""tpr"": 0.7466666666666667, ""tnr"": 0.5555555555555556, ""fpr"": 0.4444444444444444, ""fnr"": 0.25333333333333335, ""ppv"": 0.7368421052631579, ""npv"": 0.5681818181818182, ""roc_auc"": 0.7191111111111111, ""pr_auc"": 0.8168160492119935, ""log_loss"": 0.7941097967451021, ""brier"": 0.23855638269667173, ""trial_accuracy"": 0.875, ""trial_f1_macro"": 0.8545454545454545}","{""clf__C"": 100.0, ""clf__class_weight"": null, ""clf__gamma"": 0.001}","{""scores"": {""{'clf__C': 0.1, 'clf__class_weight': None, 'clf__gamma': 0.0001}"": 0.30357142857142855, ""{'clf__C': 0.1, 'clf__class_weight': None, 'clf__gamma': 0.001}"": 0.3522105765447776, ""{'clf__C': 0.1, 'clf__class_weight': None, 'clf__gamma': 0.01}"": 0.30357142857142855, ""{'clf__C': 0.1, 'clf__class_weight': None, 'clf__gamma': 0.1}"": 0.30357142857142855, ""{'clf__C': 0.1, 'clf__class_weight': 'balanced', 'clf__gamma': 0.0001}"": 0.3602941176470589, ""{'clf__C': 0.1, 'clf__class_weight': 'balanced', 'clf__gamma': 0.001}"": 0.4995250455896167, ""{'clf__C': 0.1, 'clf__class_weight': 'balanced', 'clf__gamma': 0.01}"": 0.3602941176470589, ""{'clf__C': 0.1, 'clf__class_weight': 'balanced', 'clf__gamma': 0.1}"": 0.3602941176470589, ""{'clf__C': 1.0, 'clf__class_weight': None, 'clf__gamma': 0.0001}"": 0.41798404676196194, ""{'clf__C': 1.0, 'clf__class_weight': None, 'clf__gamma': 0.001}"": 0.567467039278676, ""{'clf__C': 1.0, 'clf__class_weight': None, 'clf__gamma': 0.01}"": 0.561121771446389, ""{'clf__C': 1.0, 'clf__class_weight': None, 'clf__gamma': 0.1}"": 0.30357142857142855, ""{'clf__C': 1.0, 'clf__class_weight': 'balanced', 'clf__gamma': 0.0001}"": 0.5143877624601859, ""{'clf__C': 1.0, 'clf__class_weight': 'balanced', 'clf__gamma': 0.001}"": 0.573200832604421, ""{'clf__C': 1.0, 'clf__class_weight': 'balanced', 'clf__gamma': 0.01}"": 0.560219562903464, ""{'clf__C': 1.0, 'clf__class_weight': 'balanced', 'clf__gamma': 0.1}"": 0.30357142857142855, ""{'clf__C': 10.0, 'clf__class_weight': None, 'clf__gamma': 0.0001}"": 0.5708478842472697, ""{'clf__C': 10.0, 'clf__class_weight': None, 'clf__gamma': 0.001}"": 0.606559423433188, ""{'clf__C': 10.0, 'clf__class_weight': None, 'clf__gamma': 0.01}"": 0.560330402267014, ""{'clf__C': 10.0, 'clf__class_weight': None, 'clf__gamma': 0.1}"": 0.30357142857142855, ""{'clf__C': 10.0, 'clf__class_weight': 'balanced', 'clf__gamma': 0.0001}"": 0.561495345587274, ""{'clf__C': 10.0, 'clf__class_weight': 'balanced', 'clf__gamma': 0.001}"": 0.6069757438386346, ""{'clf__C': 10.0, 'clf__class_weight': 'balanced', 'clf__gamma': 0.01}"": 0.560330402267014, ""{'clf__C': 10.0, 'clf__class_weight': 'balanced', 'clf__gamma': 0.1}"": 0.30357142857142855, ""{'clf__C': 100.0, 'clf__class_weight': None, 'clf__gamma': 0.0001}"": 0.5724555832725323, ""{'clf__C': 100.0, 'clf__class_weight': None, 'clf__gamma': 0.001}"": 0.6111232617431894, ""{'clf__C': 100.0, 'clf__class_weight': None, 'clf__gamma': 0.01}"": 0.560330402267014, ""{'clf__C': 100.0, 'clf__class_weight': None, 'clf__gamma': 0.1}"": 0.30357142857142855, ""{'clf__C': 100.0, 'clf__class_weight': 'balanced', 'clf__gamma': 0.0001}"": 0.5787462324915662, ""{'clf__C': 100.0, 'clf__class_weight': 'balanced', 'clf__gamma': 0.001}"": 0.6111232617431894, ""{'clf__C': 100.0, 'clf__class_weight': 'balanced', 'clf__gamma': 0.01}"": 0.560330402267014, ""{'clf__C': 100.0, 'clf__class_weight': 'balanced', 'clf__gamma': 0.1}"": 0.30357142857142855}, ""best_score"": 0.6111232617431894}"
A_window_w4_s2,rbf_svm,arousal,3,0,"[5, 13, 7, 0, 37, 20, 9, 19, 35, 39, 18, 16, 10, 28, 36, 24, 33, 6, 17, 27, 2, 12, 29, 26, 38, 23, 8, 22, 25, 34, 14, 1]","[15, 4, 21, 31, 32, 3, 30, 11]","{""accuracy"": 0.5791666666666667, ""balanced_accuracy"": 0.4922222222222222, ""precision_macro"": 0.4860205032618826, ""precision_micro"": 0.5791666666666667, ""precision_weighted"": 0.5196877912395155, ""recall_macro"": 0.4922222222222222, ""recall_micro"": 0.5791666666666667, ""recall_weighted"": 0.5791666666666667, ""f1_macro"": 0.45930271463942357, ""f1_micro"": 0.5791666666666667, ""f1_weighted"": 0.5229472909370748, ""mcc"": -0.020854679961509515, ""kappa"": -0.017632241813602123, ""confusion_matrix"": [[13, 77], [24, 126]], ""tp"": 126, ""tn"": 13, ""fp"": 77, ""fn"": 24, ""tpr"": 0.84, ""tnr"": 0.14444444444444443, ""fpr"": 0.8555555555555555, ""fnr"": 0.16, ""ppv"": 0.6206896551724138, ""npv"": 0.35135135135135137, ""roc_auc"": 0.5940000000000001, ""pr_auc"": 0.7187912276380175, ""log_loss"": 0.6977202148860937, ""brier"": 0.24921823586621178, ""trial_accuracy"": 0.625, ""trial_f1_macro"": 0.38461538461538464}","{""clf__C"": 0.1, ""clf__class_weight"": ""balanced"", ""clf__gamma"": 0.001}","{""scores"": {""{'clf__C': 0.1, 'clf__class_weight': None, 'clf__gamma': 0.0001}"": 0.2853174603174603, ""{'clf__C': 0.1, 'clf__class_weight': None, 'clf__gamma': 0.001}"": 0.3558011541119317, ""{'clf__C': 0.1, 'clf__class_weight': None, 'clf__gamma': 0.01}"": 0.2853174603174603, ""{'clf__C': 0.1, 'clf__class_weight': None, 'clf__gamma': 0.1}"": 0.2853174603174603, ""{'clf__C': 0.1, 'clf__class_weight': 'balanced', 'clf__gamma': 0.0001}"": 0.3871608985121699, ""{'clf__C': 0.1, 'clf__class_weight': 'balanced', 'clf__gamma': 0.001}"": 0.6266858989665415, ""{'clf__C': 0.1, 'clf__class_weight': 'balanced', 'clf__gamma': 0.01}"": 0.3442711957458792, ""{'clf__C': 0.1, 'clf__class_weight': 'balanced', 'clf__gamma': 0.1}"": 0.32447786131996653, ""{'clf__C': 1.0, 'clf__class_weight': None, 'clf__gamma': 0.0001}"": 0.49372656539254883, ""{'clf__C': 1.0, 'clf__class_weight': None, 'clf__gamma': 0.001}"": 0.5642344716946154, ""{'clf__C': 1.0, 'clf__class_weight': None, 'clf__gamma': 0.01}"": 0.5181903492841707, ""{'clf__C': 1.0, 'clf__class_weight': None, 'clf__gamma': 0.1}"": 0.2853174603174603, ""{'clf__C': 1.0, 'clf__class_weight': 'balanced', 'clf__gamma': 0.0001}"": 0.6181478686421856, ""{'clf__C': 1.0, 'clf__class_weight': 'balanced', 'clf__gamma': 0.001}"": 0.5787983899298422, ""{'clf__C': 1.0, 'clf__class_weight': 'balanced', 'clf__gamma': 0.01}"": 0.5391105152900112, ""{'clf__C': 1.0, 'clf__class_weight': 'balanced', 'clf__gamma': 0.1}"": 0.2853174603174603, ""{'clf__C': 10.0, 'clf__class_weight': None, 'clf__gamma': 0.0001}"": 0.5554437515007513, ""{'clf__C': 10.0, 'clf__class_weight': None, 'clf__gamma': 0.001}"": 0.5269944444620148, ""{'clf__C': 10.0, 'clf__class_weight': None, 'clf__gamma': 0.01}"": 0.5240344044477675, ""{'clf__C': 10.0, 'clf__class_weight': None, 'clf__gamma': 0.1}"": 0.2853174603174603, ""{'clf__C': 10.0, 'clf__class_weight': 'balanced', 'clf__gamma': 0.0001}"": 0.5712105157147206, ""{'clf__C': 10.0, 'clf__class_weight': 'balanced', 'clf__gamma': 0.001}"": 0.5262204074717145, ""{'clf__C': 10.0, 'clf__class_weight': 'balanced', 'clf__gamma': 0.01}"": 0.5240344044477675, ""{'clf__C': 10.0, 'clf__class_weight': 'balanced', 'clf__gamma': 0.1}"": 0.2853174603174603, ""{'clf__C': 100.0, 'clf__class_weight': None, 'clf__gamma': 0.0001}"": 0.5080738015116063, ""{'clf__C': 100.0, 'clf__class_weight': None, 'clf__gamma': 0.001}"": 0.5188705113221364, ""{'clf__C': 100.0, 'clf__class_weight': None, 'clf__gamma': 0.01}"": 0.5240344044477675, ""{'clf__C': 100.0, 'clf__class_weight': None, 'clf__gamma': 0.1}"": 0.2853174603174603, ""{'clf__C': 100.0, 'clf__class_weight': 'balanced', 'clf__gamma': 0.0001}"": 0.5001164483713777, ""{'clf__C': 100.0, 'clf__class_weight': 'balanced', 'clf__gamma': 0.001}"": 0.5188705113221364, ""{'clf__C': 100.0, 'clf__class_weight': 'balanced', 'clf__gamma': 0.01}"": 0.5240344044477675, ""{'clf__C': 100.0, 'clf__class_weight': 'balanced', 'clf__gamma': 0.1}"": 0.2853174603174603}, ""best_score"": 0.6266858989665415}"
A_window_w4_s2,rbf_svm,arousal,3,1,"[29, 21, 10, 25, 39, 1, 4, 20, 14, 2, 19, 28, 17, 12, 7, 3, 15, 5, 36, 30, 8, 23, 6, 35, 33, 32, 9, 18, 26, 38, 37, 0]","[27, 22, 34, 31, 24, 16, 11, 13]","{""accuracy"": 0.5083333333333333, ""balanced_accuracy"": 0.5777777777777777, ""precision_macro"": 0.5607638888888888, ""precision_micro"": 0.5083333333333333, ""precision_weighted"": 0.6918402777777778, ""recall_macro"": 0.5777777777777777, ""recall_micro"": 0.5083333333333333, ""recall_weighted"": 0.5083333333333333, ""f1_macro"": 0.4970161977834612, ""f1_micro"": 0.5083333333333333, ""f1_weighted"": 0.5347399829497016, ""mcc"": 0.13749298523071757, ""kappa"": 0.10606060606060608, ""confusion_matrix"": [[79, 101], [17, 43]], ""tp"": 43, ""tn"": 79, ""fp"": 101, ""fn"": 17, ""tpr"": 0.7166666666666667, ""tnr"": 0.4388888888888889, ""fpr"": 0.5611111111111111, ""fnr"": 0.2833333333333333, ""ppv"": 0.2986111111111111, ""npv"": 0.8229166666666666, ""roc_auc"": 0.6214814814814815, ""pr_auc"": 0.3871499674185984, ""log_loss"": 0.6495322290548894, ""brier"": 0.2306382950563541, ""trial_accuracy"": 0.625, ""trial_f1_macro"": 0.6190476190476191}","{""clf__C"": 0.1, ""clf__class_weight"": ""balanced"", ""clf__gamma"": 0.001}","{""scores"": {""{'clf__C': 0.1, 'clf__class_weight': None, 'clf__gamma': 0.0001}"": 0.429083396674144, ""{'clf__C': 0.1, 'clf__class_weight': None, 'clf__gamma': 0.001}"": 0.42612379976574793, ""{'clf__C': 0.1, 'clf__class_weight': None, 'clf__gamma': 0.01}"": 0.4173218212248046, ""{'clf__C': 0.1, 'clf__class_weight': None, 'clf__gamma': 0.1}"": 0.29873680241327305, ""{'clf__C': 0.1, 'clf__class_weight': 'balanced', 'clf__gamma': 0.0001}"": 0.4156030045172812, ""{'clf__C': 0.1, 'clf__class_weight': 'balanced', 'clf__gamma': 0.001}"": 0.6033947695341186, ""{'clf__C': 0.1, 'clf__class_weight': 'balanced', 'clf__gamma': 0.01}"": 0.4038414290679418, ""{'clf__C': 0.1, 'clf__class_weight': 'balanced', 'clf__gamma': 0.1}"": 0.2852564102564103, ""{'clf__C': 1.0, 'clf__class_weight': None, 'clf__gamma': 0.0001}"": 0.4321498002990512, ""{'clf__C': 1.0, 'clf__class_weight': None, 'clf__gamma': 0.001}"": 0.5941121403465173, ""{'clf__C': 1.0, 'clf__class_weight': None, 'clf__gamma': 0.01}"": 0.5612222015636816, ""{'clf__C': 1.0, 'clf__class_weight': None, 'clf__gamma': 0.1}"": 0.29873680241327305, ""{'clf__C': 1.0, 'clf__class_weight': 'balanced', 'clf__gamma': 0.0001}"": 0.6022913918262899, ""{'clf__C': 1.0, 'clf__class_weight': 'balanced', 'clf__gamma': 0.001}"": 0.6009391457647898, ""{'clf__C': 1.0, 'clf__class_weight': 'balanced', 'clf__gamma': 0.01}"": 0.5719245850314901, ""{'clf__C': 1.0, 'clf__class_weight': 'balanced', 'clf__gamma': 0.1}"": 0.29873680241327305, ""{'clf__C': 10.0, 'clf__class_weight': None, 'clf__gamma': 0.0001}"": 0.5882367829885393, ""{'clf__C': 10.0, 'clf__class_weight': None, 'clf__gamma': 0.001}"": 0.57528230131194, ""{'clf__C': 10.0, 'clf__class_weight': None, 'clf__gamma': 0.01}"": 0.5578157486549679, ""{'clf__C': 10.0, 'clf__class_weight': None, 'clf__gamma': 0.1}"": 0.29873680241327305, ""{'clf__C': 10.0, 'clf__class_weight': 'balanced', 'clf__gamma': 0.0001}"": 0.5987671897498553, ""{'clf__C': 10.0, 'clf__class_weight': 'balanced', 'clf__gamma': 0.001}"": 0.5723219457172829, ""{'clf__C': 10.0, 'clf__class_weight': 'balanced', 'clf__gamma': 0.01}"": 0.5578157486549679, ""{'clf__C': 10.0, 'clf__class_weight': 'balanced', 'clf__gamma': 0.1}"": 0.29873680241327305, ""{'clf__C': 100.0, 'clf__class_weight': None, 'clf__gamma': 0.0001}"": 0.576550089254788, ""{'clf__C': 100.0, 'clf__class_weight': None, 'clf__gamma': 0.001}"": 0.5777351423242333, ""{'clf__C': 100.0, 'clf__class_weight': None, 'clf__gamma': 0.01}"": 0.5578157486549679, ""{'clf__C': 100.0, 'clf__class_weight': None, 'clf__gamma': 0.1}"": 0.29873680241327305, ""{'clf__C': 100.0, 'clf__class_weight': 'balanced', 'clf__gamma': 0.0001}"": 0.574716709577716, ""{'clf__C': 100.0, 'clf__class_weight': 'balanced', 'clf__gamma': 0.001}"": 0.5777351423242333, ""{'clf__C': 100.0, 'clf__class_weight': 'balanced', 'clf__gamma': 0.01}"": 0.5578157486549679, ""{'clf__C': 100.0, 'clf__class_weight': 'balanced', 'clf__gamma': 0.1}"": 0.29873680241327305}, ""best_score"": 0.6033947695341186}"
A_window_w4_s2,rbf_svm,arousal,4,0,"[3, 38, 6, 4, 17, 10, 9, 39, 7, 30, 26, 13, 14, 1, 12, 20, 21, 35, 36, 24, 33, 31, 28, 37, 25, 34, 15, 32, 22, 23, 0, 8]","[2, 16, 27, 29, 11, 18, 19, 5]","{""accuracy"": 0.5291666666666667, ""balanced_accuracy"": 0.49722222222222223, ""precision_macro"": 0.4978835978835979, ""precision_micro"": 0.5291666666666667, ""precision_weighted"": 0.623015873015873, ""recall_macro"": 0.49722222222222223, ""recall_micro"": 0.5291666666666667, ""recall_weighted"": 0.5291666666666667, ""f1_macro"": 0.4782106782106782, ""f1_micro"": 0.5291666666666667, ""f1_weighted"": 0.5597402597402598, ""mcc"": -0.004849286449688719, ""kappa"": -0.004444444444444473, ""confusion_matrix"": [[26, 34], [79, 101]], ""tp"": 101, ""tn"": 26, ""fp"": 34, ""fn"": 79, ""tpr"": 0.5611111111111111, ""tnr"": 0.43333333333333335, ""fpr"": 0.5666666666666667, ""fnr"": 0.4388888888888889, ""ppv"": 0.7481481481481481, ""npv"": 0.24761904761904763, ""roc_auc"": 0.5066203703703703, ""pr_auc"": 0.7642701793699722, ""log_loss"": 0.7328636792490439, ""brier"": 0.26693233466850724, ""trial_accuracy"": 0.625, ""trial_f1_macro"": 0.5636363636363637}","{""clf__C"": 1.0, ""clf__class_weight"": ""balanced"", ""clf__gamma"": 0.001}","{""scores"": {""{'clf__C': 0.1, 'clf__class_weight': None, 'clf__gamma': 0.0001}"": 0.252518315018315, ""{'clf__C': 0.1, 'clf__class_weight': None, 'clf__gamma': 0.001}"": 0.252518315018315, ""{'clf__C': 0.1, 'clf__class_weight': None, 'clf__gamma': 0.01}"": 0.252518315018315, ""{'clf__C': 0.1, 'clf__class_weight': None, 'clf__gamma': 0.1}"": 0.252518315018315, ""{'clf__C': 0.1, 'clf__class_weight': 'balanced', 'clf__gamma': 0.0001}"": 0.32633053221288516, ""{'clf__C': 0.1, 'clf__class_weight': 'balanced', 'clf__gamma': 0.001}"": 0.3447648072809908, ""{'clf__C': 0.1, 'clf__class_weight': 'balanced', 'clf__gamma': 0.01}"": 0.32633053221288516, ""{'clf__C': 0.1, 'clf__class_weight': 'balanced', 'clf__gamma': 0.1}"": 0.32633053221288516, ""{'clf__C': 1.0, 'clf__class_weight': None, 'clf__gamma': 0.0001}"": 0.252518315018315, ""{'clf__C': 1.0, 'clf__class_weight': None, 'clf__gamma': 0.001}"": 0.4012491802184526, ""{'clf__C': 1.0, 'clf__class_weight': None, 'clf__gamma': 0.01}"": 0.38917762036171344, ""{'clf__C': 1.0, 'clf__class_weight': None, 'clf__gamma': 0.1}"": 0.252518315018315, ""{'clf__C': 1.0, 'clf__class_weight': 'balanced', 'clf__gamma': 0.0001}"": 0.479317276958712, ""{'clf__C': 1.0, 'clf__class_weight': 'balanced', 'clf__gamma': 0.001}"": 0.5144388111228483, ""{'clf__C': 1.0, 'clf__class_weight': 'balanced', 'clf__gamma': 0.01}"": 0.4185204878193865, ""{'clf__C': 1.0, 'clf__class_weight': 'balanced', 'clf__gamma': 0.1}"": 0.252518315018315, ""{'clf__C': 10.0, 'clf__class_weight': None, 'clf__gamma': 0.0001}"": 0.4258515006937606, ""{'clf__C': 10.0, 'clf__class_weight': None, 'clf__gamma': 0.001}"": 0.4887450382286103, ""{'clf__C': 10.0, 'clf__class_weight': None, 'clf__gamma': 0.01}"": 0.4024246945158844, ""{'clf__C': 10.0, 'clf__class_weight': None, 'clf__gamma': 0.1}"": 0.252518315018315, ""{'clf__C': 10.0, 'clf__class_weight': 'balanced', 'clf__gamma': 0.0001}"": 0.5069032194770896, ""{'clf__C': 10.0, 'clf__class_weight': 'balanced', 'clf__gamma': 0.001}"": 0.5021028721033742, ""{'clf__C': 10.0, 'clf__class_weight': 'balanced', 'clf__gamma': 0.01}"": 0.4024246945158844, ""{'clf__C': 10.0, 'clf__class_weight': 'balanced', 'clf__gamma': 0.1}"": 0.252518315018315, ""{'clf__C': 100.0, 'clf__class_weight': None, 'clf__gamma': 0.0001}"": 0.4718978426636465, ""{'clf__C': 100.0, 'clf__class_weight': None, 'clf__gamma': 0.001}"": 0.48730660711991164, ""{'clf__C': 100.0, 'clf__class_weight': None, 'clf__gamma': 0.01}"": 0.4024246945158844, ""{'clf__C': 100.0, 'clf__class_weight': None, 'clf__gamma': 0.1}"": 0.252518315018315, ""{'clf__C': 100.0, 'clf__class_weight': 'balanced', 'clf__gamma': 0.0001}"": 0.5100984956275606, ""{'clf__C': 100.0, 'clf__class_weight': 'balanced', 'clf__gamma': 0.001}"": 0.48730660711991164, ""{'clf__C': 100.0, 'clf__class_weight': 'balanced', 'clf__gamma': 0.01}"": 0.4024246945158844, ""{'clf__C': 100.0, 'clf__class_weight': 'balanced', 'clf__gamma': 0.1}"": 0.252518315018315}, ""best_score"": 0.5144388111228483}"
A_window_w4_s2,rbf_svm,arousal,4,1,"[1, 32, 37, 8, 23, 13, 10, 19, 11, 24, 28, 35, 34, 38, 21, 2, 27, 17, 20, 6, 25, 5, 14, 33, 4, 3, 31, 36, 15, 9, 29, 26]","[7, 18, 0, 39, 16, 12, 30, 22]","{""accuracy"": 0.5083333333333333, ""balanced_accuracy"": 0.5577777777777777, ""precision_macro"": 0.5625802310654685, ""precision_micro"": 0.5083333333333333, ""precision_weighted"": 0.5995667522464697, ""recall_macro"": 0.5577777777777777, ""recall_micro"": 0.5083333333333333, ""recall_weighted"": 0.5083333333333333, ""f1_macro"": 0.506654588530416, ""f1_micro"": 0.5083333333333333, ""f1_weighted"": 0.49945996794648456, ""mcc"": 0.12026215836717097, ""kappa"": 0.0992366412213741, ""confusion_matrix"": [[68, 22], [96, 54]], ""tp"": 54, ""tn"": 68, ""fp"": 22, ""fn"": 96, ""tpr"": 0.36, ""tnr"": 0.7555555555555555, ""fpr"": 0.24444444444444444, ""fnr"": 0.64, ""ppv"": 0.7105263157894737, ""npv"": 0.4146341463414634, ""roc_auc"": 0.5893703703703704, ""pr_auc"": 0.6918819905489215, ""log_loss"": 0.9420607172938343, ""brier"": 0.32752126590640135, ""trial_accuracy"": 0.375, ""trial_f1_macro"": 0.2727272727272727}","{""clf__C"": 100.0, ""clf__class_weight"": null, ""clf__gamma"": 0.001}","{""scores"": {""{'clf__C': 0.1, 'clf__class_weight': None, 'clf__gamma': 0.0001}"": 0.369109047127623, ""{'clf__C': 0.1, 'clf__class_weight': None, 'clf__gamma': 0.001}"": 0.369109047127623, ""{'clf__C': 0.1, 'clf__class_weight': None, 'clf__gamma': 0.01}"": 0.369109047127623, ""{'clf__C': 0.1, 'clf__class_weight': None, 'clf__gamma': 0.1}"": 0.369109047127623, ""{'clf__C': 0.1, 'clf__class_weight': 'balanced', 'clf__gamma': 0.0001}"": 0.30018674136321194, ""{'clf__C': 0.1, 'clf__class_weight': 'balanced', 'clf__gamma': 0.001}"": 0.34610483656362495, ""{'clf__C': 0.1, 'clf__class_weight': 'balanced', 'clf__gamma': 0.01}"": 0.30018674136321194, ""{'clf__C': 0.1, 'clf__class_weight': 'balanced', 'clf__gamma': 0.1}"": 0.30018674136321194, ""{'clf__C': 1.0, 'clf__class_weight': None, 'clf__gamma': 0.0001}"": 0.36740123778124817, ""{'clf__C': 1.0, 'clf__class_weight': None, 'clf__gamma': 0.001}"": 0.3911489269662698, ""{'clf__C': 1.0, 'clf__class_weight': None, 'clf__gamma': 0.01}"": 0.4211261890099474, ""{'clf__C': 1.0, 'clf__class_weight': None, 'clf__gamma': 0.1}"": 0.369109047127623, ""{'clf__C': 1.0, 'clf__class_weight': 'balanced', 'clf__gamma': 0.0001}"": 0.47630722526553787, ""{'clf__C': 1.0, 'clf__class_weight': 'balanced', 'clf__gamma': 0.001}"": 0.49723068295833955, ""{'clf__C': 1.0, 'clf__class_weight': 'balanced', 'clf__gamma': 0.01}"": 0.44126418051019406, ""{'clf__C': 1.0, 'clf__class_weight': 'balanced', 'clf__gamma': 0.1}"": 0.369109047127623, ""{'clf__C': 10.0, 'clf__class_weight': None, 'clf__gamma': 0.0001}"": 0.40871862531967834, ""{'clf__C': 10.0, 'clf__class_weight': None, 'clf__gamma': 0.001}"": 0.5157960887694758, ""{'clf__C': 10.0, 'clf__class_weight': None, 'clf__gamma': 0.01}"": 0.44067878519341486, ""{'clf__C': 10.0, 'clf__class_weight': None, 'clf__gamma': 0.1}"": 0.369109047127623, ""{'clf__C': 10.0, 'clf__class_weight': 'balanced', 'clf__gamma': 0.0001}"": 0.4881268015253198, ""{'clf__C': 10.0, 'clf__class_weight': 'balanced', 'clf__gamma': 0.001}"": 0.5276959746271961, ""{'clf__C': 10.0, 'clf__class_weight': 'balanced', 'clf__gamma': 0.01}"": 0.44067878519341486, ""{'clf__C': 10.0, 'clf__class_weight': 'balanced', 'clf__gamma': 0.1}"": 0.369109047127623, ""{'clf__C': 100.0, 'clf__class_weight': None, 'clf__gamma': 0.0001}"": 0.5117412754563017, ""{'clf__C': 100.0, 'clf__class_weight': None, 'clf__gamma': 0.001}"": 0.5441622931638268, ""{'clf__C': 100.0, 'clf__class_weight': None, 'clf__gamma': 0.01}"": 0.44067878519341486, ""{'clf__C': 100.0, 'clf__class_weight': None, 'clf__gamma': 0.1}"": 0.369109047127623, ""{'clf__C': 100.0, 'clf__class_weight': 'balanced', 'clf__gamma': 0.0001}"": 0.49197038977599644, ""{'clf__C': 100.0, 'clf__class_weight': 'balanced', 'clf__gamma': 0.001}"": 0.5441622931638268, ""{'clf__C': 100.0, 'clf__class_weight': 'balanced', 'clf__gamma': 0.01}"": 0.44067878519341486, ""{'clf__C': 100.0, 'clf__class_weight': 'balanced', 'clf__gamma': 0.1}"": 0.369109047127623}, ""best_score"": 0.5441622931638268}"
A_window_w4_s2,rbf_svm,arousal,5,0,"[14, 30, 21, 24, 38, 10, 5, 15, 3, 4, 28, 29, 0, 2, 12, 19, 32, 27, 22, 25, 9, 35, 20, 1, 11, 26, 18, 33, 17, 13, 31, 37]","[34, 23, 16, 36, 8, 39, 6, 7]","{""accuracy"": 0.44583333333333336, ""balanced_accuracy"": 0.4388888888888889, ""precision_macro"": 0.4426725036481134, ""precision_micro"": 0.44583333333333336, ""precision_weighted"": 0.4742808005003127, ""recall_macro"": 0.4388888888888889, ""recall_micro"": 0.44583333333333336, ""recall_weighted"": 0.44583333333333336, ""f1_macro"": 0.4351542177629134, ""f1_micro"": 0.44583333333333336, ""f1_weighted"": 0.4545707915273133, ""mcc"": -0.11837815675675911, ""kappa"": -0.11530398322851143, ""confusion_matrix"": [[37, 53], [80, 70]], ""tp"": 70, ""tn"": 37, ""fp"": 53, ""fn"": 80, ""tpr"": 0.4666666666666667, ""tnr"": 0.4111111111111111, ""fpr"": 0.5888888888888889, ""fnr"": 0.5333333333333333, ""ppv"": 0.5691056910569106, ""npv"": 0.3162393162393162, ""roc_auc"": 0.40325925925925926, ""pr_auc"": 0.5466176033538173, ""log_loss"": 1.0306803393800312, ""brier"": 0.3794342356824142, ""trial_accuracy"": 0.375, ""trial_f1_macro"": 0.36507936507936506}","{""clf__C"": 1.0, ""clf__class_weight"": ""balanced"", ""clf__gamma"": 0.0001}","{""scores"": {""{'clf__C': 0.1, 'clf__class_weight': None, 'clf__gamma': 0.0001}"": 0.39498050682261204, ""{'clf__C': 0.1, 'clf__class_weight': None, 'clf__gamma': 0.001}"": 0.39498050682261204, ""{'clf__C': 0.1, 'clf__class_weight': None, 'clf__gamma': 0.01}"": 0.39498050682261204, ""{'clf__C': 0.1, 'clf__class_weight': None, 'clf__gamma': 0.1}"": 0.39498050682261204, ""{'clf__C': 0.1, 'clf__class_weight': 'balanced', 'clf__gamma': 0.0001}"": 0.4172616046379767, ""{'clf__C': 0.1, 'clf__class_weight': 'balanced', 'clf__gamma': 0.001}"": 0.5995960441718954, ""{'clf__C': 0.1, 'clf__class_weight': 'balanced', 'clf__gamma': 0.01}"": 0.4389845859956525, ""{'clf__C': 0.1, 'clf__class_weight': 'balanced', 'clf__gamma': 0.1}"": 0.39498050682261204, ""{'clf__C': 1.0, 'clf__class_weight': None, 'clf__gamma': 0.0001}"": 0.39460257787325453, ""{'clf__C': 1.0, 'clf__class_weight': None, 'clf__gamma': 0.001}"": 0.4742853211009002, ""{'clf__C': 1.0, 'clf__class_weight': None, 'clf__gamma': 0.01}"": 0.4560366645934586, ""{'clf__C': 1.0, 'clf__class_weight': None, 'clf__gamma': 0.1}"": 0.39498050682261204, ""{'clf__C': 1.0, 'clf__class_weight': 'balanced', 'clf__gamma': 0.0001}"": 0.6087818421313874, ""{'clf__C': 1.0, 'clf__class_weight': 'balanced', 'clf__gamma': 0.001}"": 0.5656160805098313, ""{'clf__C': 1.0, 'clf__class_weight': 'balanced', 'clf__gamma': 0.01}"": 0.4827759129933344, ""{'clf__C': 1.0, 'clf__class_weight': 'balanced', 'clf__gamma': 0.1}"": 0.39498050682261204, ""{'clf__C': 10.0, 'clf__class_weight': None, 'clf__gamma': 0.0001}"": 0.4838001934002671, ""{'clf__C': 10.0, 'clf__class_weight': None, 'clf__gamma': 0.001}"": 0.45954800481772007, ""{'clf__C': 10.0, 'clf__class_weight': None, 'clf__gamma': 0.01}"": 0.4597052625083302, ""{'clf__C': 10.0, 'clf__class_weight': None, 'clf__gamma': 0.1}"": 0.39498050682261204, ""{'clf__C': 10.0, 'clf__class_weight': 'balanced', 'clf__gamma': 0.0001}"": 0.5478285422984336, ""{'clf__C': 10.0, 'clf__class_weight': 'balanced', 'clf__gamma': 0.001}"": 0.46257026642506127, ""{'clf__C': 10.0, 'clf__class_weight': 'balanced', 'clf__gamma': 0.01}"": 0.4597052625083302, ""{'clf__C': 10.0, 'clf__class_weight': 'balanced', 'clf__gamma': 0.1}"": 0.39498050682261204, ""{'clf__C': 100.0, 'clf__class_weight': None, 'clf__gamma': 0.0001}"": 0.4656532593993961, ""{'clf__C': 100.0, 'clf__class_weight': None, 'clf__gamma': 0.001}"": 0.46321372687866846, ""{'clf__C': 100.0, 'clf__class_weight': None, 'clf__gamma': 0.01}"": 0.4597052625083302, ""{'clf__C': 100.0, 'clf__class_weight': None, 'clf__gamma': 0.1}"": 0.39498050682261204, ""{'clf__C': 100.0, 'clf__class_weight': 'balanced', 'clf__gamma': 0.0001}"": 0.48787878130511464, ""{'clf__C': 100.0, 'clf__class_weight': 'balanced', 'clf__gamma': 0.001}"": 0.46321372687866846, ""{'clf__C': 100.0, 'clf__class_weight': 'balanced', 'clf__gamma': 0.01}"": 0.4597052625083302, ""{'clf__C': 100.0, 'clf__class_weight': 'balanced', 'clf__gamma': 0.1}"": 0.39498050682261204}, ""best_score"": 0.6087818421313874}"
A_window_w4_s2,rbf_svm,arousal,5,1,"[32, 34, 28, 14, 7, 5, 17, 23, 30, 6, 35, 18, 15, 0, 29, 8, 25, 38, 9, 16, 31, 2, 11, 24, 20, 1, 36, 26, 12, 39, 22, 37]","[3, 4, 13, 10, 19, 21, 27, 33]","{""accuracy"": 0.5458333333333333, ""balanced_accuracy"": 0.5477777777777778, ""precision_macro"": 0.5447947774150983, ""precision_micro"": 0.5458333333333333, ""precision_weighted"": 0.5759514549621502, ""recall_macro"": 0.5477777777777778, ""recall_micro"": 0.5458333333333333, ""recall_weighted"": 0.5458333333333333, ""f1_macro"": 0.5381274386906548, ""f1_micro"": 0.5458333333333333, ""f1_weighted"": 0.5530420734829359, ""mcc"": 0.09252448153745221, ""kappa"": 0.08977035490605423, ""confusion_matrix"": [[81, 69], [40, 50]], ""tp"": 50, ""tn"": 81, ""fp"": 69, ""fn"": 40, ""tpr"": 0.5555555555555556, ""tnr"": 0.54, ""fpr"": 0.46, ""fnr"": 0.4444444444444444, ""ppv"": 0.42016806722689076, ""npv"": 0.6694214876033058, ""roc_auc"": 0.5425925925925926, ""pr_auc"": 0.3971581783722852, ""log_loss"": 0.7082842959868327, ""brier"": 0.256643555289904, ""trial_accuracy"": 0.625, ""trial_f1_macro"": 0.5636363636363637}","{""clf__C"": 1.0, ""clf__class_weight"": ""balanced"", ""clf__gamma"": 0.0001}","{""scores"": {""{'clf__C': 0.1, 'clf__class_weight': None, 'clf__gamma': 0.0001}"": 0.25996552467140704, ""{'clf__C': 0.1, 'clf__class_weight': None, 'clf__gamma': 0.001}"": 0.2905391664862666, ""{'clf__C': 0.1, 'clf__class_weight': None, 'clf__gamma': 0.01}"": 0.25996552467140704, ""{'clf__C': 0.1, 'clf__class_weight': None, 'clf__gamma': 0.1}"": 0.25996552467140704, ""{'clf__C': 0.1, 'clf__class_weight': 'balanced', 'clf__gamma': 0.0001}"": 0.29835164835164835, ""{'clf__C': 0.1, 'clf__class_weight': 'balanced', 'clf__gamma': 0.001}"": 0.5597655422993122, ""{'clf__C': 0.1, 'clf__class_weight': 'balanced', 'clf__gamma': 0.01}"": 0.29835164835164835, ""{'clf__C': 0.1, 'clf__class_weight': 'balanced', 'clf__gamma': 0.1}"": 0.29835164835164835, ""{'clf__C': 1.0, 'clf__class_weight': None, 'clf__gamma': 0.0001}"": 0.34651210701161, ""{'clf__C': 1.0, 'clf__class_weight': None, 'clf__gamma': 0.001}"": 0.4356245833623566, ""{'clf__C': 1.0, 'clf__class_weight': None, 'clf__gamma': 0.01}"": 0.4326814588891936, ""{'clf__C': 1.0, 'clf__class_weight': None, 'clf__gamma': 0.1}"": 0.25996552467140704, ""{'clf__C': 1.0, 'clf__class_weight': 'balanced', 'clf__gamma': 0.0001}"": 0.5687226898733317, ""{'clf__C': 1.0, 'clf__class_weight': 'balanced', 'clf__gamma': 0.001}"": 0.5077928032329851, ""{'clf__C': 1.0, 'clf__class_weight': 'balanced', 'clf__gamma': 0.01}"": 0.4365384366465968, ""{'clf__C': 1.0, 'clf__class_weight': 'balanced', 'clf__gamma': 0.1}"": 0.25996552467140704, ""{'clf__C': 10.0, 'clf__class_weight': None, 'clf__gamma': 0.0001}"": 0.4388473717361445, ""{'clf__C': 10.0, 'clf__class_weight': None, 'clf__gamma': 0.001}"": 0.4444143663217786, ""{'clf__C': 10.0, 'clf__class_weight': None, 'clf__gamma': 0.01}"": 0.4363121786779655, ""{'clf__C': 10.0, 'clf__class_weight': None, 'clf__gamma': 0.1}"": 0.25996552467140704, ""{'clf__C': 10.0, 'clf__class_weight': 'balanced', 'clf__gamma': 0.0001}"": 0.5036080176988454, ""{'clf__C': 10.0, 'clf__class_weight': 'balanced', 'clf__gamma': 0.001}"": 0.4556701927601405, ""{'clf__C': 10.0, 'clf__class_weight': 'balanced', 'clf__gamma': 0.01}"": 0.4363121786779655, ""{'clf__C': 10.0, 'clf__class_weight': 'balanced', 'clf__gamma': 0.1}"": 0.25996552467140704, ""{'clf__C': 100.0, 'clf__class_weight': None, 'clf__gamma': 0.0001}"": 0.46780459235425137, ""{'clf__C': 100.0, 'clf__class_weight': None, 'clf__gamma': 0.001}"": 0.44647388010923245, ""{'clf__C': 100.0, 'clf__class_weight': None, 'clf__gamma': 0.01}"": 0.4363121786779655, ""{'clf__C': 100.0, 'clf__class_weight': None, 'clf__gamma': 0.1}"": 0.25996552467140704, ""{'clf__C': 100.0, 'clf__class_weight': 'balanced', 'clf__gamma': 0.0001}"": 0.48594639790833744, ""{'clf__C': 100.0, 'clf__class_weight': 'balanced', 'clf__gamma': 0.001}"": 0.44647388010923245, ""{'clf__C': 100.0, 'clf__class_weight': 'balanced', 'clf__gamma': 0.01}"": 0.4363121786779655, ""{'clf__C': 100.0, 'clf__class_weight': 'balanced', 'clf__gamma': 0.1}"": 0.25996552467140704}, ""best_score"": 0.5687226898733317}"
A_window_w4_s2,rbf_svm,arousal,6,0,"[26, 3, 36, 9, 24, 25, 23, 37, 11, 35, 32, 5, 1, 30, 19, 13, 38, 21, 10, 20, 18, 2, 15, 8, 7, 31, 14, 22, 33, 29, 12, 16]","[28, 34, 6, 39, 27, 4, 17, 0]","{""accuracy"": 0.475, ""balanced_accuracy"": 0.4388888888888889, ""precision_macro"": 0.4538461538461539, ""precision_micro"": 0.475, ""precision_weighted"": 0.5807692307692308, ""recall_macro"": 0.4388888888888889, ""recall_micro"": 0.475, ""recall_weighted"": 0.475, ""f1_macro"": 0.4261859582542694, ""f1_micro"": 0.475, ""f1_weighted"": 0.5098671726755218, ""mcc"": -0.10621700090875887, ""kappa"": -0.09565217391304337, ""confusion_matrix"": [[22, 38], [88, 92]], ""tp"": 92, ""tn"": 22, ""fp"": 38, ""fn"": 88, ""tpr"": 0.5111111111111111, ""tnr"": 0.36666666666666664, ""fpr"": 0.6333333333333333, ""fnr"": 0.4888888888888889, ""ppv"": 0.7076923076923077, ""npv"": 0.2, ""roc_auc"": 0.412175925925926, ""pr_auc"": 0.690740484165268, ""log_loss"": 0.98504466411875, ""brier"": 0.3625279984694248, ""trial_accuracy"": 0.5, ""trial_f1_macro"": 0.4666666666666667}","{""clf__C"": 100.0, ""clf__class_weight"": ""balanced"", ""clf__gamma"": 0.0001}","{""scores"": {""{'clf__C': 0.1, 'clf__class_weight': None, 'clf__gamma': 0.0001}"": 0.38109161793372315, ""{'clf__C': 0.1, 'clf__class_weight': None, 'clf__gamma': 0.001}"": 0.38109161793372315, ""{'clf__C': 0.1, 'clf__class_weight': None, 'clf__gamma': 0.01}"": 0.38109161793372315, ""{'clf__C': 0.1, 'clf__class_weight': None, 'clf__gamma': 0.1}"": 0.38109161793372315, ""{'clf__C': 0.1, 'clf__class_weight': 'balanced', 'clf__gamma': 0.0001}"": 0.31216931216931215, ""{'clf__C': 0.1, 'clf__class_weight': 'balanced', 'clf__gamma': 0.001}"": 0.31079931972789115, ""{'clf__C': 0.1, 'clf__class_weight': 'balanced', 'clf__gamma': 0.01}"": 0.31216931216931215, ""{'clf__C': 0.1, 'clf__class_weight': 'balanced', 'clf__gamma': 0.1}"": 0.31216931216931215, ""{'clf__C': 1.0, 'clf__class_weight': None, 'clf__gamma': 0.0001}"": 0.38109161793372315, ""{'clf__C': 1.0, 'clf__class_weight': None, 'clf__gamma': 0.001}"": 0.38739142686294126, ""{'clf__C': 1.0, 'clf__class_weight': None, 'clf__gamma': 0.01}"": 0.3874588145236452, ""{'clf__C': 1.0, 'clf__class_weight': None, 'clf__gamma': 0.1}"": 0.38109161793372315, ""{'clf__C': 1.0, 'clf__class_weight': 'balanced', 'clf__gamma': 0.0001}"": 0.3894025416277076, ""{'clf__C': 1.0, 'clf__class_weight': 'balanced', 'clf__gamma': 0.001}"": 0.4464206088495432, ""{'clf__C': 1.0, 'clf__class_weight': 'balanced', 'clf__gamma': 0.01}"": 0.38516411810635703, ""{'clf__C': 1.0, 'clf__class_weight': 'balanced', 'clf__gamma': 0.1}"": 0.38109161793372315, ""{'clf__C': 10.0, 'clf__class_weight': None, 'clf__gamma': 0.0001}"": 0.41069617634894007, ""{'clf__C': 10.0, 'clf__class_weight': None, 'clf__gamma': 0.001}"": 0.4598413371975947, ""{'clf__C': 10.0, 'clf__class_weight': None, 'clf__gamma': 0.01}"": 0.38307827577686443, ""{'clf__C': 10.0, 'clf__class_weight': None, 'clf__gamma': 0.1}"": 0.38109161793372315, ""{'clf__C': 10.0, 'clf__class_weight': 'balanced', 'clf__gamma': 0.0001}"": 0.45042276424653743, ""{'clf__C': 10.0, 'clf__class_weight': 'balanced', 'clf__gamma': 0.001}"": 0.449035221008873, ""{'clf__C': 10.0, 'clf__class_weight': 'balanced', 'clf__gamma': 0.01}"": 0.38307827577686443, ""{'clf__C': 10.0, 'clf__class_weight': 'balanced', 'clf__gamma': 0.1}"": 0.38109161793372315, ""{'clf__C': 100.0, 'clf__class_weight': None, 'clf__gamma': 0.0001}"": 0.44672291958420046, ""{'clf__C': 100.0, 'clf__class_weight': None, 'clf__gamma': 0.001}"": 0.45676293645995014, ""{'clf__C': 100.0, 'clf__class_weight': None, 'clf__gamma': 0.01}"": 0.38307827577686443, ""{'clf__C': 100.0, 'clf__class_weight': None, 'clf__gamma': 0.1}"": 0.38109161793372315, ""{'clf__C': 100.0, 'clf__class_weight': 'balanced', 'clf__gamma': 0.0001}"": 0.4747548697713273, ""{'clf__C': 100.0, 'clf__class_weight': 'balanced', 'clf__gamma': 0.001}"": 0.45676293645995014, ""{'clf__C': 100.0, 'clf__class_weight': 'balanced', 'clf__gamma': 0.01}"": 0.38307827577686443, ""{'clf__C': 100.0, 'clf__class_weight': 'balanced', 'clf__gamma': 0.1}"": 0.38109161793372315}, ""best_score"": 0.4747548697713273}"
A_window_w4_s2,rbf_svm,arousal,6,1,"[9, 20, 16, 37, 23, 8, 24, 4, 35, 26, 5, 30, 12, 32, 27, 10, 18, 25, 1, 13, 19, 14, 6, 31, 17, 38, 34, 39, 29, 15, 28, 11]","[33, 3, 0, 7, 36, 21, 2, 22]","{""accuracy"": 0.6375, ""balanced_accuracy"": 0.6055555555555555, ""precision_macro"": 0.6093546159158929, ""precision_micro"": 0.6375, ""precision_weighted"": 0.6321751976057094, ""recall_macro"": 0.6055555555555555, ""recall_micro"": 0.6375, ""recall_weighted"": 0.6375, ""f1_macro"": 0.6068611022198791, ""f1_micro"": 0.6375, ""f1_weighted"": 0.63429892112745, ""mcc"": 0.21487659002847628, ""kappa"": 0.21444695259593682, ""confusion_matrix"": [[110, 40], [47, 43]], ""tp"": 43, ""tn"": 110, ""fp"": 40, ""fn"": 47, ""tpr"": 0.4777777777777778, ""tnr"": 0.7333333333333333, ""fpr"": 0.26666666666666666, ""fnr"": 0.5222222222222223, ""ppv"": 0.5180722891566265, ""npv"": 0.7006369426751592, ""roc_auc"": 0.6191111111111113, ""pr_auc"": 0.47527939616516895, ""log_loss"": 0.6734241393578977, ""brier"": 0.2348295097536862, ""trial_accuracy"": 0.75, ""trial_f1_macro"": 0.6666666666666667}","{""clf__C"": 10.0, ""clf__class_weight"": ""balanced"", ""clf__gamma"": 0.0001}","{""scores"": {""{'clf__C': 0.1, 'clf__class_weight': None, 'clf__gamma': 0.0001}"": 0.3602941176470589, ""{'clf__C': 0.1, 'clf__class_weight': None, 'clf__gamma': 0.001}"": 0.3602941176470589, ""{'clf__C': 0.1, 'clf__class_weight': None, 'clf__gamma': 0.01}"": 0.3602941176470589, ""{'clf__C': 0.1, 'clf__class_weight': None, 'clf__gamma': 0.1}"": 0.3602941176470589, ""{'clf__C': 0.1, 'clf__class_weight': 'balanced', 'clf__gamma': 0.0001}"": 0.30357142857142855, ""{'clf__C': 0.1, 'clf__class_weight': 'balanced', 'clf__gamma': 0.001}"": 0.3967560649671955, ""{'clf__C': 0.1, 'clf__class_weight': 'balanced', 'clf__gamma': 0.01}"": 0.30357142857142855, ""{'clf__C': 0.1, 'clf__class_weight': 'balanced', 'clf__gamma': 0.1}"": 0.30357142857142855, ""{'clf__C': 1.0, 'clf__class_weight': None, 'clf__gamma': 0.0001}"": 0.3602941176470589, ""{'clf__C': 1.0, 'clf__class_weight': None, 'clf__gamma': 0.001}"": 0.47872318110188816, ""{'clf__C': 1.0, 'clf__class_weight': None, 'clf__gamma': 0.01}"": 0.42612501219099036, ""{'clf__C': 1.0, 'clf__class_weight': None, 'clf__gamma': 0.1}"": 0.3602941176470589, ""{'clf__C': 1.0, 'clf__class_weight': 'balanced', 'clf__gamma': 0.0001}"": 0.47854792844106303, ""{'clf__C': 1.0, 'clf__class_weight': 'balanced', 'clf__gamma': 0.001}"": 0.4765891885891886, ""{'clf__C': 1.0, 'clf__class_weight': 'balanced', 'clf__gamma': 0.01}"": 0.42833039364654013, ""{'clf__C': 1.0, 'clf__class_weight': 'balanced', 'clf__gamma': 0.1}"": 0.3602941176470589, ""{'clf__C': 10.0, 'clf__class_weight': None, 'clf__gamma': 0.0001}"": 0.48184644508609725, ""{'clf__C': 10.0, 'clf__class_weight': None, 'clf__gamma': 0.001}"": 0.4732873692422666, ""{'clf__C': 10.0, 'clf__class_weight': None, 'clf__gamma': 0.01}"": 0.4274542546030496, ""{'clf__C': 10.0, 'clf__class_weight': None, 'clf__gamma': 0.1}"": 0.3602941176470589, ""{'clf__C': 10.0, 'clf__class_weight': 'balanced', 'clf__gamma': 0.0001}"": 0.48556577244457855, ""{'clf__C': 10.0, 'clf__class_weight': 'balanced', 'clf__gamma': 0.001}"": 0.4688339546761147, ""{'clf__C': 10.0, 'clf__class_weight': 'balanced', 'clf__gamma': 0.01}"": 0.4274542546030496, ""{'clf__C': 10.0, 'clf__class_weight': 'balanced', 'clf__gamma': 0.1}"": 0.3602941176470589, ""{'clf__C': 100.0, 'clf__class_weight': None, 'clf__gamma': 0.0001}"": 0.4774623242997815, ""{'clf__C': 100.0, 'clf__class_weight': None, 'clf__gamma': 0.001}"": 0.47236217218650506, ""{'clf__C': 100.0, 'clf__class_weight': None, 'clf__gamma': 0.01}"": 0.4274542546030496, ""{'clf__C': 100.0, 'clf__class_weight': None, 'clf__gamma': 0.1}"": 0.3602941176470589, ""{'clf__C': 100.0, 'clf__class_weight': 'balanced', 'clf__gamma': 0.0001}"": 0.4779598639943829, ""{'clf__C': 100.0, 'clf__class_weight': 'balanced', 'clf__gamma': 0.001}"": 0.47236217218650506, ""{'clf__C': 100.0, 'clf__class_weight': 'balanced', 'clf__gamma': 0.01}"": 0.4274542546030496, ""{'clf__C': 100.0, 'clf__class_weight': 'balanced', 'clf__gamma': 0.1}"": 0.3602941176470589}, ""best_score"": 0.48556577244457855}"
A_window_w4_s2,rbf_svm,arousal,7,0,"[25, 21, 0, 14, 23, 16, 2, 19, 10, 17, 33, 11, 28, 29, 13, 22, 7, 37, 20, 35, 30, 9, 24, 3, 8, 34, 15, 4, 31, 1, 27, 6]","[26, 36, 32, 39, 18, 38, 5, 12]","{""accuracy"": 0.5041666666666667, ""balanced_accuracy"": 0.5583333333333333, ""precision_macro"": 0.5448749910962319, ""precision_micro"": 0.5041666666666667, ""precision_weighted"": 0.673427594558017, ""recall_macro"": 0.5583333333333333, ""recall_micro"": 0.5041666666666667, ""recall_weighted"": 0.5041666666666667, ""f1_macro"": 0.4892612528836353, ""f1_micro"": 0.5041666666666667, ""f1_weighted"": 0.5328868541998247, ""mcc"": 0.10232707977748338, ""kappa"": 0.08108108108108103, ""confusion_matrix"": [[40, 20], [99, 81]], ""tp"": 81, ""tn"": 40, ""fp"": 20, ""fn"": 99, ""tpr"": 0.45, ""tnr"": 0.6666666666666666, ""fpr"": 0.3333333333333333, ""fnr"": 0.55, ""ppv"": 0.801980198019802, ""npv"": 0.28776978417266186, ""roc_auc"": 0.5539814814814815, ""pr_auc"": 0.7998250959792688, ""log_loss"": 1.1754650182876134, ""brier"": 0.36305074719803454, ""trial_accuracy"": 0.625, ""trial_f1_macro"": 0.6190476190476191}","{""clf__C"": 100.0, ""clf__class_weight"": null, ""clf__gamma"": 0.001}","{""scores"": {""{'clf__C': 0.1, 'clf__class_weight': None, 'clf__gamma': 0.0001}"": 0.28829365079365077, ""{'clf__C': 0.1, 'clf__class_weight': None, 'clf__gamma': 0.001}"": 0.3474596270105492, ""{'clf__C': 0.1, 'clf__class_weight': None, 'clf__gamma': 0.01}"": 0.28829365079365077, ""{'clf__C': 0.1, 'clf__class_weight': None, 'clf__gamma': 0.1}"": 0.28829365079365077, ""{'clf__C': 0.1, 'clf__class_weight': 'balanced', 'clf__gamma': 0.0001}"": 0.37227668845315903, ""{'clf__C': 0.1, 'clf__class_weight': 'balanced', 'clf__gamma': 0.001}"": 0.5138909289943773, ""{'clf__C': 0.1, 'clf__class_weight': 'balanced', 'clf__gamma': 0.01}"": 0.38825546384550874, ""{'clf__C': 0.1, 'clf__class_weight': 'balanced', 'clf__gamma': 0.1}"": 0.37227668845315903, ""{'clf__C': 1.0, 'clf__class_weight': None, 'clf__gamma': 0.0001}"": 0.39384920634920634, ""{'clf__C': 1.0, 'clf__class_weight': None, 'clf__gamma': 0.001}"": 0.5145143317308648, ""{'clf__C': 1.0, 'clf__class_weight': None, 'clf__gamma': 0.01}"": 0.4800649525501329, ""{'clf__C': 1.0, 'clf__class_weight': None, 'clf__gamma': 0.1}"": 0.28829365079365077, ""{'clf__C': 1.0, 'clf__class_weight': 'balanced', 'clf__gamma': 0.0001}"": 0.5179098617741992, ""{'clf__C': 1.0, 'clf__class_weight': 'balanced', 'clf__gamma': 0.001}"": 0.5322624514717517, ""{'clf__C': 1.0, 'clf__class_weight': 'balanced', 'clf__gamma': 0.01}"": 0.5097051001715479, ""{'clf__C': 1.0, 'clf__class_weight': 'balanced', 'clf__gamma': 0.1}"": 0.28829365079365077, ""{'clf__C': 10.0, 'clf__class_weight': None, 'clf__gamma': 0.0001}"": 0.508383749111291, ""{'clf__C': 10.0, 'clf__class_weight': None, 'clf__gamma': 0.001}"": 0.5270222805770653, ""{'clf__C': 10.0, 'clf__class_weight': None, 'clf__gamma': 0.01}"": 0.4962656460815702, ""{'clf__C': 10.0, 'clf__class_weight': None, 'clf__gamma': 0.1}"": 0.28829365079365077, ""{'clf__C': 10.0, 'clf__class_weight': 'balanced', 'clf__gamma': 0.0001}"": 0.5320735723956175, ""{'clf__C': 10.0, 'clf__class_weight': 'balanced', 'clf__gamma': 0.001}"": 0.5247988110899353, ""{'clf__C': 10.0, 'clf__class_weight': 'balanced', 'clf__gamma': 0.01}"": 0.4962656460815702, ""{'clf__C': 10.0, 'clf__class_weight': 'balanced', 'clf__gamma': 0.1}"": 0.28829365079365077, ""{'clf__C': 100.0, 'clf__class_weight': None, 'clf__gamma': 0.0001}"": 0.5218010113114796, ""{'clf__C': 100.0, 'clf__class_weight': None, 'clf__gamma': 0.001}"": 0.5351628386019721, ""{'clf__C': 100.0, 'clf__class_weight': None, 'clf__gamma': 0.01}"": 0.4962656460815702, ""{'clf__C': 100.0, 'clf__class_weight': None, 'clf__gamma': 0.1}"": 0.28829365079365077, ""{'clf__C': 100.0, 'clf__class_weight': 'balanced', 'clf__gamma': 0.0001}"": 0.5342561341693827, ""{'clf__C': 100.0, 'clf__class_weight': 'balanced', 'clf__gamma': 0.001}"": 0.5351628386019721, ""{'clf__C': 100.0, 'clf__class_weight': 'balanced', 'clf__gamma': 0.01}"": 0.4962656460815702, ""{'clf__C': 100.0, 'clf__class_weight': 'balanced', 'clf__gamma': 0.1}"": 0.28829365079365077}, ""best_score"": 0.5351628386019721}"
A_window_w4_s2,rbf_svm,arousal,7,1,"[25, 18, 21, 9, 31, 16, 22, 0, 24, 23, 13, 37, 11, 39, 1, 38, 19, 15, 12, 20, 10, 30, 28, 29, 6, 4, 14, 17, 33, 36, 34, 26]","[35, 7, 2, 3, 5, 8, 27, 32]","{""accuracy"": 0.42083333333333334, ""balanced_accuracy"": 0.42083333333333334, ""precision_macro"": 0.41724137931034483, ""precision_micro"": 0.42083333333333334, ""precision_weighted"": 0.41724137931034483, ""recall_macro"": 0.42083333333333334, ""recall_micro"": 0.42083333333333334, ""recall_weighted"": 0.42083333333333334, ""f1_macro"": 0.4144800351031154, ""f1_micro"": 0.42083333333333334, ""f1_weighted"": 0.4144800351031154, ""mcc"": -0.16188544268007588, ""kappa"": -0.15833333333333344, ""confusion_matrix"": [[63, 57], [82, 38]], ""tp"": 38, ""tn"": 63, ""fp"": 57, ""fn"": 82, ""tpr"": 0.31666666666666665, ""tnr"": 0.525, ""fpr"": 0.475, ""fnr"": 0.6833333333333333, ""ppv"": 0.4, ""npv"": 0.43448275862068964, ""roc_auc"": 0.3713888888888889, ""pr_auc"": 0.4094429294522487, ""log_loss"": 1.1843775899885485, ""brier"": 0.3886564502700328, ""trial_accuracy"": 0.5, ""trial_f1_macro"": 0.4666666666666667}","{""clf__C"": 100.0, ""clf__class_weight"": ""balanced"", ""clf__gamma"": 0.0001}","{""scores"": {""{'clf__C': 0.1, 'clf__class_weight': None, 'clf__gamma': 0.0001}"": 0.3602941176470589, ""{'clf__C': 0.1, 'clf__class_weight': None, 'clf__gamma': 0.001}"": 0.4019271074766541, ""{'clf__C': 0.1, 'clf__class_weight': None, 'clf__gamma': 0.01}"": 0.3602941176470589, ""{'clf__C': 0.1, 'clf__class_weight': None, 'clf__gamma': 0.1}"": 0.3602941176470589, ""{'clf__C': 0.1, 'clf__class_weight': 'balanced', 'clf__gamma': 0.0001}"": 0.30357142857142855, ""{'clf__C': 0.1, 'clf__class_weight': 'balanced', 'clf__gamma': 0.001}"": 0.44339259129705527, ""{'clf__C': 0.1, 'clf__class_weight': 'balanced', 'clf__gamma': 0.01}"": 0.30357142857142855, ""{'clf__C': 0.1, 'clf__class_weight': 'balanced', 'clf__gamma': 0.1}"": 0.30357142857142855, ""{'clf__C': 1.0, 'clf__class_weight': None, 'clf__gamma': 0.0001}"": 0.3988027461725667, ""{'clf__C': 1.0, 'clf__class_weight': None, 'clf__gamma': 0.001}"": 0.5321101124582092, ""{'clf__C': 1.0, 'clf__class_weight': None, 'clf__gamma': 0.01}"": 0.5045337926267561, ""{'clf__C': 1.0, 'clf__class_weight': None, 'clf__gamma': 0.1}"": 0.3602941176470589, ""{'clf__C': 1.0, 'clf__class_weight': 'balanced', 'clf__gamma': 0.0001}"": 0.5263574570150085, ""{'clf__C': 1.0, 'clf__class_weight': 'balanced', 'clf__gamma': 0.001}"": 0.5858336691934849, ""{'clf__C': 1.0, 'clf__class_weight': 'balanced', 'clf__gamma': 0.01}"": 0.5207302638334188, ""{'clf__C': 1.0, 'clf__class_weight': 'balanced', 'clf__gamma': 0.1}"": 0.3602941176470589, ""{'clf__C': 10.0, 'clf__class_weight': None, 'clf__gamma': 0.0001}"": 0.5514311222964633, ""{'clf__C': 10.0, 'clf__class_weight': None, 'clf__gamma': 0.001}"": 0.6047369538100491, ""{'clf__C': 10.0, 'clf__class_weight': None, 'clf__gamma': 0.01}"": 0.5198963301174836, ""{'clf__C': 10.0, 'clf__class_weight': None, 'clf__gamma': 0.1}"": 0.3602941176470589, ""{'clf__C': 10.0, 'clf__class_weight': 'balanced', 'clf__gamma': 0.0001}"": 0.5848372613176672, ""{'clf__C': 10.0, 'clf__class_weight': 'balanced', 'clf__gamma': 0.001}"": 0.6084844530683103, ""{'clf__C': 10.0, 'clf__class_weight': 'balanced', 'clf__gamma': 0.01}"": 0.5198963301174836, ""{'clf__C': 10.0, 'clf__class_weight': 'balanced', 'clf__gamma': 0.1}"": 0.3602941176470589, ""{'clf__C': 100.0, 'clf__class_weight': None, 'clf__gamma': 0.0001}"": 0.6111172966516092, ""{'clf__C': 100.0, 'clf__class_weight': None, 'clf__gamma': 0.001}"": 0.5814522033567322, ""{'clf__C': 100.0, 'clf__class_weight': None, 'clf__gamma': 0.01}"": 0.5198963301174836, ""{'clf__C': 100.0, 'clf__class_weight': None, 'clf__gamma': 0.1}"": 0.3602941176470589, ""{'clf__C': 100.0, 'clf__class_weight': 'balanced', 'clf__gamma': 0.0001}"": 0.6157371040991731, ""{'clf__C': 100.0, 'clf__class_weight': 'balanced', 'clf__gamma': 0.001}"": 0.5793937238245684, ""{'clf__C': 100.0, 'clf__class_weight': 'balanced', 'clf__gamma': 0.01}"": 0.5198963301174836, ""{'clf__C': 100.0, 'clf__class_weight': 'balanced', 'clf__gamma': 0.1}"": 0.3602941176470589}, ""best_score"": 0.6157371040991731}"
A_window_w4_s2,rbf_svm,arousal,8,0,"[31, 1, 36, 16, 27, 8, 25, 28, 18, 12, 19, 29, 23, 39, 21, 24, 0, 9, 10, 17, 38, 20, 37, 3, 14, 35, 15, 7, 26, 2, 5, 13]","[22, 34, 6, 4, 30, 33, 11, 32]","{""accuracy"": 0.29583333333333334, ""balanced_accuracy"": 0.4027777777777778, ""precision_macro"": 0.3993385102099511, ""precision_micro"": 0.29583333333333334, ""precision_weighted"": 0.4979148691400633, ""recall_macro"": 0.4027777777777778, ""recall_micro"": 0.29583333333333334, ""recall_weighted"": 0.29583333333333334, ""f1_macro"": 0.29572329009741105, ""f1_micro"": 0.29583333333333334, ""f1_weighted"": 0.29132156066051984, ""mcc"": -0.1978538220969015, ""kappa"": -0.11551155115511547, ""confusion_matrix"": [[37, 23], [146, 34]], ""tp"": 34, ""tn"": 37, ""fp"": 23, ""fn"": 146, ""tpr"": 0.18888888888888888, ""tnr"": 0.6166666666666667, ""fpr"": 0.38333333333333336, ""fnr"": 0.8111111111111111, ""ppv"": 0.5964912280701754, ""npv"": 0.20218579234972678, ""roc_auc"": 0.3106481481481482, ""pr_auc"": 0.6519619141188335, ""log_loss"": 1.1043811795093184, ""brier"": 0.4220667306482481, ""trial_accuracy"": 0.125, ""trial_f1_macro"": 0.1111111111111111}","{""clf__C"": 1.0, ""clf__class_weight"": ""balanced"", ""clf__gamma"": 0.0001}","{""scores"": {""{'clf__C': 0.1, 'clf__class_weight': None, 'clf__gamma': 0.0001}"": 0.37916666666666665, ""{'clf__C': 0.1, 'clf__class_weight': None, 'clf__gamma': 0.001}"": 0.3880770053610531, ""{'clf__C': 0.1, 'clf__class_weight': None, 'clf__gamma': 0.01}"": 0.37916666666666665, ""{'clf__C': 0.1, 'clf__class_weight': None, 'clf__gamma': 0.1}"": 0.37916666666666665, ""{'clf__C': 0.1, 'clf__class_weight': 'balanced', 'clf__gamma': 0.0001}"": 0.26416720534367594, ""{'clf__C': 0.1, 'clf__class_weight': 'balanced', 'clf__gamma': 0.001}"": 0.5424961977593558, ""{'clf__C': 0.1, 'clf__class_weight': 'balanced', 'clf__gamma': 0.01}"": 0.26416720534367594, ""{'clf__C': 0.1, 'clf__class_weight': 'balanced', 'clf__gamma': 0.1}"": 0.26416720534367594, ""{'clf__C': 1.0, 'clf__class_weight': None, 'clf__gamma': 0.0001}"": 0.39452279202279206, ""{'clf__C': 1.0, 'clf__class_weight': None, 'clf__gamma': 0.001}"": 0.447189017109725, ""{'clf__C': 1.0, 'clf__class_weight': None, 'clf__gamma': 0.01}"": 0.44673307838495924, ""{'clf__C': 1.0, 'clf__class_weight': None, 'clf__gamma': 0.1}"": 0.37916666666666665, ""{'clf__C': 1.0, 'clf__class_weight': 'balanced', 'clf__gamma': 0.0001}"": 0.5623229418312177, ""{'clf__C': 1.0, 'clf__class_weight': 'balanced', 'clf__gamma': 0.001}"": 0.5342159582274648, ""{'clf__C': 1.0, 'clf__class_weight': 'balanced', 'clf__gamma': 0.01}"": 0.4621263642618508, ""{'clf__C': 1.0, 'clf__class_weight': 'balanced', 'clf__gamma': 0.1}"": 0.37916666666666665, ""{'clf__C': 10.0, 'clf__class_weight': None, 'clf__gamma': 0.0001}"": 0.4680962157777626, ""{'clf__C': 10.0, 'clf__class_weight': None, 'clf__gamma': 0.001}"": 0.5098938749734223, ""{'clf__C': 10.0, 'clf__class_weight': None, 'clf__gamma': 0.01}"": 0.4586149901558112, ""{'clf__C': 10.0, 'clf__class_weight': None, 'clf__gamma': 0.1}"": 0.37916666666666665, ""{'clf__C': 10.0, 'clf__class_weight': 'balanced', 'clf__gamma': 0.0001}"": 0.5441382389226962, ""{'clf__C': 10.0, 'clf__class_weight': 'balanced', 'clf__gamma': 0.001}"": 0.5209459692442896, ""{'clf__C': 10.0, 'clf__class_weight': 'balanced', 'clf__gamma': 0.01}"": 0.4586149901558112, ""{'clf__C': 10.0, 'clf__class_weight': 'balanced', 'clf__gamma': 0.1}"": 0.37916666666666665, ""{'clf__C': 100.0, 'clf__class_weight': None, 'clf__gamma': 0.0001}"": 0.5093848523218175, ""{'clf__C': 100.0, 'clf__class_weight': None, 'clf__gamma': 0.001}"": 0.5078446810298999, ""{'clf__C': 100.0, 'clf__class_weight': None, 'clf__gamma': 0.01}"": 0.4586149901558112, ""{'clf__C': 100.0, 'clf__class_weight': None, 'clf__gamma': 0.1}"": 0.37916666666666665, ""{'clf__C': 100.0, 'clf__class_weight': 'balanced', 'clf__gamma': 0.0001}"": 0.5311120816378768, ""{'clf__C': 100.0, 'clf__class_weight': 'balanced', 'clf__gamma': 0.001}"": 0.5078446810298999, ""{'clf__C': 100.0, 'clf__class_weight': 'balanced', 'clf__gamma': 0.01}"": 0.4586149901558112, ""{'clf__C': 100.0, 'clf__class_weight': 'balanced', 'clf__gamma': 0.1}"": 0.37916666666666665}, ""best_score"": 0.5623229418312177}"
A_window_w4_s2,rbf_svm,arousal,8,1,"[31, 8, 16, 39, 12, 6, 38, 3, 28, 27, 5, 20, 22, 15, 9, 17, 1, 18, 25, 21, 32, 33, 23, 4, 35, 13, 14, 24, 19, 7, 26, 34]","[11, 37, 30, 36, 29, 0, 10, 2]","{""accuracy"": 0.4, ""balanced_accuracy"": 0.4, ""precision_macro"": 0.39997221450402887, ""precision_micro"": 0.4, ""precision_weighted"": 0.39997221450402887, ""recall_macro"": 0.4, ""recall_micro"": 0.4, ""recall_weighted"": 0.4, ""f1_macro"": 0.3999583304396138, ""f1_micro"": 0.4, ""f1_weighted"": 0.3999583304396139, ""mcc"": -0.20002778356615475, ""kappa"": -0.19999999999999996, ""confusion_matrix"": [[47, 73], [71, 49]], ""tp"": 49, ""tn"": 47, ""fp"": 73, ""fn"": 71, ""tpr"": 0.4083333333333333, ""tnr"": 0.39166666666666666, ""fpr"": 0.6083333333333333, ""fnr"": 0.5916666666666667, ""ppv"": 0.4016393442622951, ""npv"": 0.3983050847457627, ""roc_auc"": 0.4190277777777778, ""pr_auc"": 0.4870607825846035, ""log_loss"": 0.8887129848850945, ""brier"": 0.3294864875224291, ""trial_accuracy"": 0.5, ""trial_f1_macro"": 0.5}","{""clf__C"": 10.0, ""clf__class_weight"": ""balanced"", ""clf__gamma"": 0.0001}","{""scores"": {""{'clf__C': 0.1, 'clf__class_weight': None, 'clf__gamma': 0.0001}"": 0.3544973544973545, ""{'clf__C': 0.1, 'clf__class_weight': None, 'clf__gamma': 0.001}"": 0.37137163498339437, ""{'clf__C': 0.1, 'clf__class_weight': None, 'clf__gamma': 0.01}"": 0.3544973544973545, ""{'clf__C': 0.1, 'clf__class_weight': None, 'clf__gamma': 0.1}"": 0.3544973544973545, ""{'clf__C': 0.1, 'clf__class_weight': 'balanced', 'clf__gamma': 0.0001}"": 0.30277777777777776, ""{'clf__C': 0.1, 'clf__class_weight': 'balanced', 'clf__gamma': 0.001}"": 0.47017636331911156, ""{'clf__C': 0.1, 'clf__class_weight': 'balanced', 'clf__gamma': 0.01}"": 0.30277777777777776, ""{'clf__C': 0.1, 'clf__class_weight': 'balanced', 'clf__gamma': 0.1}"": 0.30277777777777776, ""{'clf__C': 1.0, 'clf__class_weight': None, 'clf__gamma': 0.0001}"": 0.3955398137216319, ""{'clf__C': 1.0, 'clf__class_weight': None, 'clf__gamma': 0.001}"": 0.49121197384560095, ""{'clf__C': 1.0, 'clf__class_weight': None, 'clf__gamma': 0.01}"": 0.4304920412435494, ""{'clf__C': 1.0, 'clf__class_weight': None, 'clf__gamma': 0.1}"": 0.3544973544973545, ""{'clf__C': 1.0, 'clf__class_weight': 'balanced', 'clf__gamma': 0.0001}"": 0.495490725489242, ""{'clf__C': 1.0, 'clf__class_weight': 'balanced', 'clf__gamma': 0.001}"": 0.5169802144836079, ""{'clf__C': 1.0, 'clf__class_weight': 'balanced', 'clf__gamma': 0.01}"": 0.4387018364618129, ""{'clf__C': 1.0, 'clf__class_weight': 'balanced', 'clf__gamma': 0.1}"": 0.3544973544973545, ""{'clf__C': 10.0, 'clf__class_weight': None, 'clf__gamma': 0.0001}"": 0.49105032047840314, ""{'clf__C': 10.0, 'clf__class_weight': None, 'clf__gamma': 0.001}"": 0.46811433455251383, ""{'clf__C': 10.0, 'clf__class_weight': None, 'clf__gamma': 0.01}"": 0.43941360863627305, ""{'clf__C': 10.0, 'clf__class_weight': None, 'clf__gamma': 0.1}"": 0.3544973544973545, ""{'clf__C': 10.0, 'clf__class_weight': 'balanced', 'clf__gamma': 0.0001}"": 0.5210803875898964, ""{'clf__C': 10.0, 'clf__class_weight': 'balanced', 'clf__gamma': 0.001}"": 0.4714750566851651, ""{'clf__C': 10.0, 'clf__class_weight': 'balanced', 'clf__gamma': 0.01}"": 0.43941360863627305, ""{'clf__C': 10.0, 'clf__class_weight': 'balanced', 'clf__gamma': 0.1}"": 0.3544973544973545, ""{'clf__C': 100.0, 'clf__class_weight': None, 'clf__gamma': 0.0001}"": 0.4759568392442352, ""{'clf__C': 100.0, 'clf__class_weight': None, 'clf__gamma': 0.001}"": 0.47996120398166875, ""{'clf__C': 100.0, 'clf__class_weight': None, 'clf__gamma': 0.01}"": 0.43941360863627305, ""{'clf__C': 100.0, 'clf__class_weight': None, 'clf__gamma': 0.1}"": 0.3544973544973545, ""{'clf__C': 100.0, 'clf__class_weight': 'balanced', 'clf__gamma': 0.0001}"": 0.4906023131861608, ""{'clf__C': 100.0, 'clf__class_weight': 'balanced', 'clf__gamma': 0.001}"": 0.47996120398166875, ""{'clf__C': 100.0, 'clf__class_weight': 'balanced', 'clf__gamma': 0.01}"": 0.43941360863627305, ""{'clf__C': 100.0, 'clf__class_weight': 'balanced', 'clf__gamma': 0.1}"": 0.3544973544973545}, ""best_score"": 0.5210803875898964}"
A_window_w4_s2,rbf_svm,arousal,9,0,"[17, 15, 34, 11, 0, 22, 23, 18, 14, 19, 31, 2, 39, 36, 12, 29, 24, 8, 35, 7, 13, 1, 26, 25, 38, 10, 6, 27, 3, 4, 20, 28]","[33, 30, 21, 16, 5, 9, 32, 37]","{""accuracy"": 0.5125, ""balanced_accuracy"": 0.5811111111111111, ""precision_macro"": 0.6025376907950183, ""precision_micro"": 0.5125, ""precision_weighted"": 0.6468185223335519, ""recall_macro"": 0.5811111111111111, ""recall_micro"": 0.5125, ""recall_weighted"": 0.5125, ""f1_macro"": 0.5042285351083176, ""f1_micro"": 0.5125, ""f1_weighted"": 0.48821924822119034, ""mcc"": 0.18239458359448596, ""kappa"": 0.1349353049907579, ""confusion_matrix"": [[77, 13], [104, 46]], ""tp"": 46, ""tn"": 77, ""fp"": 13, ""fn"": 104, ""tpr"": 0.30666666666666664, ""tnr"": 0.8555555555555555, ""fpr"": 0.14444444444444443, ""fnr"": 0.6933333333333334, ""ppv"": 0.7796610169491526, ""npv"": 0.425414364640884, ""roc_auc"": 0.6202222222222223, ""pr_auc"": 0.7634152643333109, ""log_loss"": 0.9840030009787633, ""brier"": 0.3303037905443375, ""trial_accuracy"": 0.375, ""trial_f1_macro"": 0.2727272727272727}","{""clf__C"": 1.0, ""clf__class_weight"": ""balanced"", ""clf__gamma"": 0.01}","{""scores"": {""{'clf__C': 0.1, 'clf__class_weight': None, 'clf__gamma': 0.0001}"": 0.3017740429505135, ""{'clf__C': 0.1, 'clf__class_weight': None, 'clf__gamma': 0.001}"": 0.2924530243141388, ""{'clf__C': 0.1, 'clf__class_weight': None, 'clf__gamma': 0.01}"": 0.3037584951550046, ""{'clf__C': 0.1, 'clf__class_weight': None, 'clf__gamma': 0.1}"": 0.3017740429505135, ""{'clf__C': 0.1, 'clf__class_weight': 'balanced', 'clf__gamma': 0.0001}"": 0.3587962962962963, ""{'clf__C': 0.1, 'clf__class_weight': 'balanced', 'clf__gamma': 0.001}"": 0.3819575992122028, ""{'clf__C': 0.1, 'clf__class_weight': 'balanced', 'clf__gamma': 0.01}"": 0.42489053040861213, ""{'clf__C': 0.1, 'clf__class_weight': 'balanced', 'clf__gamma': 0.1}"": 0.3587962962962963, ""{'clf__C': 1.0, 'clf__class_weight': None, 'clf__gamma': 0.0001}"": 0.2903443098621921, ""{'clf__C': 1.0, 'clf__class_weight': None, 'clf__gamma': 0.001}"": 0.3814875751075076, ""{'clf__C': 1.0, 'clf__class_weight': None, 'clf__gamma': 0.01}"": 0.4434883890710856, ""{'clf__C': 1.0, 'clf__class_weight': None, 'clf__gamma': 0.1}"": 0.3017740429505135, ""{'clf__C': 1.0, 'clf__class_weight': 'balanced', 'clf__gamma': 0.0001}"": 0.38296235067815704, ""{'clf__C': 1.0, 'clf__class_weight': 'balanced', 'clf__gamma': 0.001}"": 0.4120957925557116, ""{'clf__C': 1.0, 'clf__class_weight': 'balanced', 'clf__gamma': 0.01}"": 0.44905012317576354, ""{'clf__C': 1.0, 'clf__class_weight': 'balanced', 'clf__gamma': 0.1}"": 0.3017740429505135, ""{'clf__C': 10.0, 'clf__class_weight': None, 'clf__gamma': 0.0001}"": 0.3551821334199127, ""{'clf__C': 10.0, 'clf__class_weight': None, 'clf__gamma': 0.001}"": 0.4027047300682722, ""{'clf__C': 10.0, 'clf__class_weight': None, 'clf__gamma': 0.01}"": 0.4354159285100501, ""{'clf__C': 10.0, 'clf__class_weight': None, 'clf__gamma': 0.1}"": 0.3017740429505135, ""{'clf__C': 10.0, 'clf__class_weight': 'balanced', 'clf__gamma': 0.0001}"": 0.3801265002673415, ""{'clf__C': 10.0, 'clf__class_weight': 'balanced', 'clf__gamma': 0.001}"": 0.40370996013228466, ""{'clf__C': 10.0, 'clf__class_weight': 'balanced', 'clf__gamma': 0.01}"": 0.4354159285100501, ""{'clf__C': 10.0, 'clf__class_weight': 'balanced', 'clf__gamma': 0.1}"": 0.3017740429505135, ""{'clf__C': 100.0, 'clf__class_weight': None, 'clf__gamma': 0.0001}"": 0.38095963443070846, ""{'clf__C': 100.0, 'clf__class_weight': None, 'clf__gamma': 0.001}"": 0.4109283050460537, ""{'clf__C': 100.0, 'clf__class_weight': None, 'clf__gamma': 0.01}"": 0.4354159285100501, ""{'clf__C': 100.0, 'clf__class_weight': None, 'clf__gamma': 0.1}"": 0.3017740429505135, ""{'clf__C': 100.0, 'clf__class_weight': 'balanced', 'clf__gamma': 0.0001}"": 0.3768121660894439, ""{'clf__C': 100.0, 'clf__class_weight': 'balanced', 'clf__gamma': 0.001}"": 0.4135384688612989, ""{'clf__C': 100.0, 'clf__class_weight': 'balanced', 'clf__gamma': 0.01}"": 0.4354159285100501, ""{'clf__C': 100.0, 'clf__class_weight': 'balanced', 'clf__gamma': 0.1}"": 0.3017740429505135}, ""best_score"": 0.44905012317576354}"
A_window_w4_s2,rbf_svm,arousal,9,1,"[37, 36, 15, 0, 12, 10, 29, 26, 31, 6, 11, 4, 33, 28, 7, 21, 18, 14, 16, 24, 19, 25, 32, 9, 20, 30, 2, 34, 27, 22, 38, 39]","[1, 35, 23, 5, 13, 8, 3, 17]","{""accuracy"": 0.5125, ""balanced_accuracy"": 0.4766666666666667, ""precision_macro"": 0.47633536173089924, ""precision_micro"": 0.5125, ""precision_weighted"": 0.5092123056118999, ""recall_macro"": 0.4766666666666667, ""recall_micro"": 0.5125, ""recall_weighted"": 0.5125, ""f1_macro"": 0.47642221849303573, ""f1_micro"": 0.5125, ""f1_weighted"": 0.5107820104044303, ""mcc"": -0.04699680384646105, ""kappa"": -0.046979865771812124, ""confusion_matrix"": [[30, 60], [57, 93]], ""tp"": 93, ""tn"": 30, ""fp"": 60, ""fn"": 57, ""tpr"": 0.62, ""tnr"": 0.3333333333333333, ""fpr"": 0.6666666666666666, ""fnr"": 0.38, ""ppv"": 0.6078431372549019, ""npv"": 0.3448275862068966, ""roc_auc"": 0.45166666666666666, ""pr_auc"": 0.5900065997724724, ""log_loss"": 1.9024498480610996, ""brier"": 0.41457316316786874, ""trial_accuracy"": 0.5, ""trial_f1_macro"": 0.3333333333333333}","{""clf__C"": 100.0, ""clf__class_weight"": ""balanced"", ""clf__gamma"": 0.0001}","{""scores"": {""{'clf__C': 0.1, 'clf__class_weight': None, 'clf__gamma': 0.0001}"": 0.3035517925807843, ""{'clf__C': 0.1, 'clf__class_weight': None, 'clf__gamma': 0.001}"": 0.3640899165911316, ""{'clf__C': 0.1, 'clf__class_weight': None, 'clf__gamma': 0.01}"": 0.3017740429505135, ""{'clf__C': 0.1, 'clf__class_weight': None, 'clf__gamma': 0.1}"": 0.3017740429505135, ""{'clf__C': 0.1, 'clf__class_weight': 'balanced', 'clf__gamma': 0.0001}"": 0.4044756089570331, ""{'clf__C': 0.1, 'clf__class_weight': 'balanced', 'clf__gamma': 0.001}"": 0.5021313894319475, ""{'clf__C': 0.1, 'clf__class_weight': 'balanced', 'clf__gamma': 0.01}"": 0.4852250469718154, ""{'clf__C': 0.1, 'clf__class_weight': 'balanced', 'clf__gamma': 0.1}"": 0.3587962962962963, ""{'clf__C': 1.0, 'clf__class_weight': None, 'clf__gamma': 0.0001}"": 0.4208684262895868, ""{'clf__C': 1.0, 'clf__class_weight': None, 'clf__gamma': 0.001}"": 0.5385450605217649, ""{'clf__C': 1.0, 'clf__class_weight': None, 'clf__gamma': 0.01}"": 0.5299595081215004, ""{'clf__C': 1.0, 'clf__class_weight': None, 'clf__gamma': 0.1}"": 0.3017740429505135, ""{'clf__C': 1.0, 'clf__class_weight': 'balanced', 'clf__gamma': 0.0001}"": 0.5337983837309376, ""{'clf__C': 1.0, 'clf__class_weight': 'balanced', 'clf__gamma': 0.001}"": 0.5795347460994406, ""{'clf__C': 1.0, 'clf__class_weight': 'balanced', 'clf__gamma': 0.01}"": 0.5405945378289889, ""{'clf__C': 1.0, 'clf__class_weight': 'balanced', 'clf__gamma': 0.1}"": 0.3017740429505135, ""{'clf__C': 10.0, 'clf__class_weight': None, 'clf__gamma': 0.0001}"": 0.5843761414332126, ""{'clf__C': 10.0, 'clf__class_weight': None, 'clf__gamma': 0.001}"": 0.5914416020365493, ""{'clf__C': 10.0, 'clf__class_weight': None, 'clf__gamma': 0.01}"": 0.529295796880262, ""{'clf__C': 10.0, 'clf__class_weight': None, 'clf__gamma': 0.1}"": 0.3017740429505135, ""{'clf__C': 10.0, 'clf__class_weight': 'balanced', 'clf__gamma': 0.0001}"": 0.6083479446555136, ""{'clf__C': 10.0, 'clf__class_weight': 'balanced', 'clf__gamma': 0.001}"": 0.5992471601048992, ""{'clf__C': 10.0, 'clf__class_weight': 'balanced', 'clf__gamma': 0.01}"": 0.529295796880262, ""{'clf__C': 10.0, 'clf__class_weight': 'balanced', 'clf__gamma': 0.1}"": 0.3017740429505135, ""{'clf__C': 100.0, 'clf__class_weight': None, 'clf__gamma': 0.0001}"": 0.6233397312767014, ""{'clf__C': 100.0, 'clf__class_weight': None, 'clf__gamma': 0.001}"": 0.5703124028269458, ""{'clf__C': 100.0, 'clf__class_weight': None, 'clf__gamma': 0.01}"": 0.529295796880262, ""{'clf__C': 100.0, 'clf__class_weight': None, 'clf__gamma': 0.1}"": 0.3017740429505135, ""{'clf__C': 100.0, 'clf__class_weight': 'balanced', 'clf__gamma': 0.0001}"": 0.6326405898067025, ""{'clf__C': 100.0, 'clf__class_weight': 'balanced', 'clf__gamma': 0.001}"": 0.5703124028269458, ""{'clf__C': 100.0, 'clf__class_weight': 'balanced', 'clf__gamma': 0.01}"": 0.529295796880262, ""{'clf__C': 100.0, 'clf__class_weight': 'balanced', 'clf__gamma': 0.1}"": 0.3017740429505135}, ""best_score"": 0.6326405898067025}"
A_window_w4_s2,rbf_svm,arousal,10,0,"[36, 8, 0, 35, 24, 2, 18, 19, 21, 4, 9, 7, 12, 6, 15, 37, 31, 14, 20, 30, 16, 17, 33, 25, 34, 1, 29, 3, 26, 27, 38, 10]","[5, 32, 39, 22, 23, 13, 11, 28]","{""accuracy"": 0.49166666666666664, ""balanced_accuracy"": 0.5377777777777778, ""precision_macro"": 0.540360873694207, ""precision_micro"": 0.49166666666666664, ""precision_weighted"": 0.5751424501424502, ""recall_macro"": 0.5377777777777778, ""recall_micro"": 0.49166666666666664, ""recall_weighted"": 0.49166666666666664, ""f1_macro"": 0.49039264828738516, ""f1_micro"": 0.49166666666666664, ""f1_weighted"": 0.48402255639097747, ""mcc"": 0.07809594400061273, ""kappa"": 0.06513409961685823, ""confusion_matrix"": [[53, 97], [25, 65]], ""tp"": 65, ""tn"": 53, ""fp"": 97, ""fn"": 25, ""tpr"": 0.7222222222222222, ""tnr"": 0.35333333333333333, ""fpr"": 0.6466666666666666, ""fnr"": 0.2777777777777778, ""ppv"": 0.4012345679012346, ""npv"": 0.6794871794871795, ""roc_auc"": 0.5693333333333334, ""pr_auc"": 0.41458853739062745, ""log_loss"": 1.315018833787821, ""brier"": 0.38410522503586186, ""trial_accuracy"": 0.625, ""trial_f1_macro"": 0.6190476190476191}","{""clf__C"": 10.0, ""clf__class_weight"": ""balanced"", ""clf__gamma"": 0.0001}","{""scores"": {""{'clf__C': 0.1, 'clf__class_weight': None, 'clf__gamma': 0.0001}"": 0.37227668845315903, ""{'clf__C': 0.1, 'clf__class_weight': None, 'clf__gamma': 0.001}"": 0.41171192416618574, ""{'clf__C': 0.1, 'clf__class_weight': None, 'clf__gamma': 0.01}"": 0.37227668845315903, ""{'clf__C': 0.1, 'clf__class_weight': None, 'clf__gamma': 0.1}"": 0.37227668845315903, ""{'clf__C': 0.1, 'clf__class_weight': 'balanced', 'clf__gamma': 0.0001}"": 0.3017740429505135, ""{'clf__C': 0.1, 'clf__class_weight': 'balanced', 'clf__gamma': 0.001}"": 0.6810244233099235, ""{'clf__C': 0.1, 'clf__class_weight': 'balanced', 'clf__gamma': 0.01}"": 0.3017740429505135, ""{'clf__C': 0.1, 'clf__class_weight': 'balanced', 'clf__gamma': 0.1}"": 0.3017740429505135, ""{'clf__C': 1.0, 'clf__class_weight': None, 'clf__gamma': 0.0001}"": 0.5535746520759082, ""{'clf__C': 1.0, 'clf__class_weight': None, 'clf__gamma': 0.001}"": 0.6644713061004528, ""{'clf__C': 1.0, 'clf__class_weight': None, 'clf__gamma': 0.01}"": 0.6479460041345942, ""{'clf__C': 1.0, 'clf__class_weight': None, 'clf__gamma': 0.1}"": 0.37227668845315903, ""{'clf__C': 1.0, 'clf__class_weight': 'balanced', 'clf__gamma': 0.0001}"": 0.6724793561176563, ""{'clf__C': 1.0, 'clf__class_weight': 'balanced', 'clf__gamma': 0.001}"": 0.6794246715349468, ""{'clf__C': 1.0, 'clf__class_weight': 'balanced', 'clf__gamma': 0.01}"": 0.6548088330307712, ""{'clf__C': 1.0, 'clf__class_weight': 'balanced', 'clf__gamma': 0.1}"": 0.37227668845315903, ""{'clf__C': 10.0, 'clf__class_weight': None, 'clf__gamma': 0.0001}"": 0.6710538542567758, ""{'clf__C': 10.0, 'clf__class_weight': None, 'clf__gamma': 0.001}"": 0.6537463988541922, ""{'clf__C': 10.0, 'clf__class_weight': None, 'clf__gamma': 0.01}"": 0.65067867502928, ""{'clf__C': 10.0, 'clf__class_weight': None, 'clf__gamma': 0.1}"": 0.37227668845315903, ""{'clf__C': 10.0, 'clf__class_weight': 'balanced', 'clf__gamma': 0.0001}"": 0.6878114201608417, ""{'clf__C': 10.0, 'clf__class_weight': 'balanced', 'clf__gamma': 0.001}"": 0.6577058954788375, ""{'clf__C': 10.0, 'clf__class_weight': 'balanced', 'clf__gamma': 0.01}"": 0.65067867502928, ""{'clf__C': 10.0, 'clf__class_weight': 'balanced', 'clf__gamma': 0.1}"": 0.37227668845315903, ""{'clf__C': 100.0, 'clf__class_weight': None, 'clf__gamma': 0.0001}"": 0.6642018677524387, ""{'clf__C': 100.0, 'clf__class_weight': None, 'clf__gamma': 0.001}"": 0.6445101652423193, ""{'clf__C': 100.0, 'clf__class_weight': None, 'clf__gamma': 0.01}"": 0.65067867502928, ""{'clf__C': 100.0, 'clf__class_weight': None, 'clf__gamma': 0.1}"": 0.37227668845315903, ""{'clf__C': 100.0, 'clf__class_weight': 'balanced', 'clf__gamma': 0.0001}"": 0.6669384744089606, ""{'clf__C': 100.0, 'clf__class_weight': 'balanced', 'clf__gamma': 0.001}"": 0.6445101652423193, ""{'clf__C': 100.0, 'clf__class_weight': 'balanced', 'clf__gamma': 0.01}"": 0.65067867502928, ""{'clf__C': 100.0, 'clf__class_weight': 'balanced', 'clf__gamma': 0.1}"": 0.37227668845315903}, ""best_score"": 0.6878114201608417}"
A_window_w4_s2,rbf_svm,arousal,10,1,"[2, 33, 16, 5, 3, 7, 36, 27, 28, 30, 19, 32, 4, 12, 8, 11, 14, 38, 13, 20, 10, 23, 34, 9, 17, 24, 35, 29, 39, 26, 21, 31]","[15, 22, 25, 6, 18, 37, 1, 0]","{""accuracy"": 0.6833333333333333, ""balanced_accuracy"": 0.7244444444444444, ""precision_macro"": 0.7207811133780239, ""precision_micro"": 0.6833333333333333, ""precision_weighted"": 0.7639900903526669, ""recall_macro"": 0.7244444444444444, ""recall_micro"": 0.6833333333333333, ""recall_weighted"": 0.6833333333333333, ""f1_macro"": 0.6832453459294248, ""f1_micro"": 0.6833333333333333, ""f1_weighted"": 0.6845651569880522, ""mcc"": 0.4452104865609366, ""kappa"": 0.39920948616600793, ""confusion_matrix"": [[80, 10], [66, 84]], ""tp"": 84, ""tn"": 80, ""fp"": 10, ""fn"": 66, ""tpr"": 0.56, ""tnr"": 0.8888888888888888, ""fpr"": 0.1111111111111111, ""fnr"": 0.44, ""ppv"": 0.8936170212765957, ""npv"": 0.547945205479452, ""roc_auc"": 0.7989629629629629, ""pr_auc"": 0.8882010587072868, ""log_loss"": 0.5469117591234648, ""brier"": 0.18498589297844698, ""trial_accuracy"": 0.75, ""trial_f1_macro"": 0.75}","{""clf__C"": 1.0, ""clf__class_weight"": ""balanced"", ""clf__gamma"": 0.0001}","{""scores"": {""{'clf__C': 0.1, 'clf__class_weight': None, 'clf__gamma': 0.0001}"": 0.35838779956427014, ""{'clf__C': 0.1, 'clf__class_weight': None, 'clf__gamma': 0.001}"": 0.4092107755051706, ""{'clf__C': 0.1, 'clf__class_weight': None, 'clf__gamma': 0.01}"": 0.35838779956427014, ""{'clf__C': 0.1, 'clf__class_weight': None, 'clf__gamma': 0.1}"": 0.35838779956427014, ""{'clf__C': 0.1, 'clf__class_weight': 'balanced', 'clf__gamma': 0.0001}"": 0.30416666666666664, ""{'clf__C': 0.1, 'clf__class_weight': 'balanced', 'clf__gamma': 0.001}"": 0.5381692607516668, ""{'clf__C': 0.1, 'clf__class_weight': 'balanced', 'clf__gamma': 0.01}"": 0.30416666666666664, ""{'clf__C': 0.1, 'clf__class_weight': 'balanced', 'clf__gamma': 0.1}"": 0.30416666666666664, ""{'clf__C': 1.0, 'clf__class_weight': None, 'clf__gamma': 0.0001}"": 0.423387861202412, ""{'clf__C': 1.0, 'clf__class_weight': None, 'clf__gamma': 0.001}"": 0.5157580233790018, ""{'clf__C': 1.0, 'clf__class_weight': None, 'clf__gamma': 0.01}"": 0.4868114443868907, ""{'clf__C': 1.0, 'clf__class_weight': None, 'clf__gamma': 0.1}"": 0.35838779956427014, ""{'clf__C': 1.0, 'clf__class_weight': 'balanced', 'clf__gamma': 0.0001}"": 0.5427447244562746, ""{'clf__C': 1.0, 'clf__class_weight': 'balanced', 'clf__gamma': 0.001}"": 0.5285626344394682, ""{'clf__C': 1.0, 'clf__class_weight': 'balanced', 'clf__gamma': 0.01}"": 0.4920530266371179, ""{'clf__C': 1.0, 'clf__class_weight': 'balanced', 'clf__gamma': 0.1}"": 0.35838779956427014, ""{'clf__C': 10.0, 'clf__class_weight': None, 'clf__gamma': 0.0001}"": 0.5116124478705715, ""{'clf__C': 10.0, 'clf__class_weight': None, 'clf__gamma': 0.001}"": 0.49902549205528396, ""{'clf__C': 10.0, 'clf__class_weight': None, 'clf__gamma': 0.01}"": 0.48163241718170696, ""{'clf__C': 10.0, 'clf__class_weight': None, 'clf__gamma': 0.1}"": 0.35838779956427014, ""{'clf__C': 10.0, 'clf__class_weight': 'balanced', 'clf__gamma': 0.0001}"": 0.5214872206172113, ""{'clf__C': 10.0, 'clf__class_weight': 'balanced', 'clf__gamma': 0.001}"": 0.4905020414923465, ""{'clf__C': 10.0, 'clf__class_weight': 'balanced', 'clf__gamma': 0.01}"": 0.48163241718170696, ""{'clf__C': 10.0, 'clf__class_weight': 'balanced', 'clf__gamma': 0.1}"": 0.35838779956427014, ""{'clf__C': 100.0, 'clf__class_weight': None, 'clf__gamma': 0.0001}"": 0.5152562338223409, ""{'clf__C': 100.0, 'clf__class_weight': None, 'clf__gamma': 0.001}"": 0.4706097283537729, ""{'clf__C': 100.0, 'clf__class_weight': None, 'clf__gamma': 0.01}"": 0.48163241718170696, ""{'clf__C': 100.0, 'clf__class_weight': None, 'clf__gamma': 0.1}"": 0.35838779956427014, ""{'clf__C': 100.0, 'clf__class_weight': 'balanced', 'clf__gamma': 0.0001}"": 0.5140391103261389, ""{'clf__C': 100.0, 'clf__class_weight': 'balanced', 'clf__gamma': 0.001}"": 0.4706097283537729, ""{'clf__C': 100.0, 'clf__class_weight': 'balanced', 'clf__gamma': 0.01}"": 0.48163241718170696, ""{'clf__C': 100.0, 'clf__class_weight': 'balanced', 'clf__gamma': 0.1}"": 0.35838779956427014}, ""best_score"": 0.5427447244562746}"
